ITEM_CODE,ITEM_NAME,DEPT,VALUE
02396,"BEL  COLA DRINK 350ML  16",SUPERMARKET,23.73
00377,"CERES RED GRAPE JUICE 200ML 24",SUPERMARKET,811.44
01551,"RAID MIK INSECTICIDE SPRAY 300ML  24 26339",SUPERMARKET,389.9
06483,"ARDO  MIXED VEGETABLES 400G 15",SUPERMARKET,27.99
06576,"BRAIN BOOSTER ACTIVITIES 610 EB0492",STATIONERY,262.9
06582,"INFLUENTIAL PEOPLE AROUND THE WORLD BOOK EB0494",STATIONERY,427.9
04641,"SERVING BOWL MELAMINE 8 INCHES ZHN C09885","HOUSEWARE & KITCHENWARE",12.9
08339,"EMBORG PEAS  CARROTS 900G 12",SUPERMARKET,171.98
08818,"WC NET INTENSE GEL  OCEAN FRESH   750ML  12",SUPERMARKET,647.88
08833,"FAULTLESS SPRAY STARCH MTLAVENDER 567G 12",SUPERMARKET,419.93
09134,"TASTY TOM TOMATO PASTE 2200G 6",SUPERMARKET,497.94
09226,"ALWAYS EXTRA LONG ULTRA THIN 7PADS X 16",SUPERMARKET,1391.42
100530,"DINNER PLATE MELAMINE 8 INCHES ZHN FP9108","HOUSEWARE & KITCHENWARE",9.9
100959,"SHISHA W12M PIPE HKM1 MIX COLOR YWU","HOUSEWARE & KITCHENWARE",99
102968,"BELAIR AIR FRESHENER VANILLA 150ML  36",SUPERMARKET,203.83
102330,"YOMI YOGHURT ORIGINAL WITH WHEAT  2L 1",SUPERMARKET,225.98
102518,"MOMEASY WIDE NECK FEEDING BOTTLE 8OZ WHANDLE","TOYS AND ENTERTAINMENT",117
102823,"AQUALIS EXFOLIATING BEAUTY SOAP 120G   60",SUPERMARKET,42.45
105244,"MARILAN WAFERS  LIME 115G  24",SUPERMARKET,142.66
107239,"BAUDUCCO COOKIES MAXI CHOCOLATE BASE 96G 42",SUPERMARKET,1049.3
106823,"SHINE VINYL GLOVES MEDIUM 100PCS  10",SUPERMARKET,275.96
107790,"GREENWORLD ECO CLEAN AFRESHNER DELLILLY500ML 12",SUPERMARKET,404.91
108983,"FESTIVA  EVAPORATED MILK 170G 48",SUPERMARKET,232.19
109329,"ROMAR AUTOM AIRFRESH REFILL ANTI TOBACCO 250ML  8",SUPERMARKET,97.98
119307,"REXONA ROLL ON  BIORYTHM 50ML  6",SUPERMARKET,233.91
119338,"KERRYGOLD CHEDDAR CHEESE RED SLICES 150G  10",SUPERMARKET,45.99
119593,"FARAGELLO GOLD  GUAVA NECTAR BOTTLE 250ML 24",SUPERMARKET,683.43
117188,"DOMS MY 1ST PENCIL KIT WERASERSHARPNERRULE 7140",STATIONERY,9.8
117208,"DOMS CRAYON SET 14PCS PLASTIC IN TIN 7120",STATIONERY,62.7
118560,"AIRWICK FRESH N UP FRESH WATER 375ML  12",SUPERMARKET,125.97
118732,"DEEP SOUP PLATE 8 IMPERIAL BLUE PRIMROSE C2115318","HOUSEWARE & KITCHENWARE",9.8
110232,"HEX DUMBBELL HD20KG","SPORTS & FITNESS",2916
112793,"DOVE SPRAY  INVISIBLE CARE 250ML 24",SUPERMARKET,44.99
114714,"LETS SPELL 5 LETTER6 LETTER WORDS BOOK EB  844",STATIONERY,90.3
110732,"LA VONCE TOMATO MIX SACHET 400G  24",SUPERMARKET,134.9
115165,"VOLTPLUS EXTENSION SOCKET 3WAY 2M VPEC3W2M1S","ELECTRICAL APPLIANCES",238
111376,"ENCHANTED FAIRY TALES BOOK W10TITLES ED770",STATIONERY,1112.4
111397,"LEVEL ACTIVITY BOOK 7 W5TITLES ED790",STATIONERY,1220.1
116622,"SAIDA MAJOR FRAISE STRAWBERRY BISCUIT 160G  20",SUPERMARKET,311.74
111535,"BOWL 3PCS SET GLASS TW6PE","HOUSEWARE & KITCHENWARE",792
124936,"DARINA ORANGE 750G  20",SUPERMARKET,844.87
124965,"DARINA LEMONADE 750G  20",SUPERMARKET,909.86
128782,"BALL PEN INKGLIDE 07MM LUXOR 5PC BLU 166025CELLO",STATIONERY,118.8
127342,"EXETER CHICKEN HOT DOG 400G 12",SUPERMARKET,927.68
128810,"STATIONARY SET STUDENTS 12YR LUXOR 6PCS 13016BC",STATIONERY,19.9
125151,"AHMAD TEA SLIM LEMON MATEGREENTEA 30G 20X15G 6",SUPERMARKET,44.49
125265,"ROMAR FABRIC SOFTENER CONC BABY POWDER  2L  6",SUPERMARKET,509.94
127739,"PAPER CUP DOLLIES MIX COLOUR 1000PCS 95CM YWU","HOUSEWARE & KITCHENWARE",267.3
127758,"PAPER PACK DOLLIES 100PCS 215CM YWU","HOUSEWARE & KITCHENWARE",4.9
128926,"PAPER PUNCH NOPERFO30 170752ELP",STATIONERY,948
125283,"DZIRE TV BRACKET WTILT 32 65 TB3265TP1103","ELECTRONICS & TELECOM",149
125486,"TUMBLER HOLDER ZINC ALLOY DOUBLE 50752 RK","HOUSEWARE & KITCHENWARE",9.9
126800,"APPLE ROYAL GALA KG",SUPERMARKET,134.98065
120385,"BELPAK TABLE NAPKIN 1X15 PKTS  15",SUPERMARKET,109.35
122224,"PARIDOX SKIN ACTIVE BODY WASH 450ML  20",SUPERMARKET,489.86
122488,"DIVINE DINNER SET 12PCS EMPEROR C6168312","HOUSEWARE & KITCHENWARE",99
124073,"CAKE CAPSULE PAPER 90PC BURGPWDERBLU MINI BG352","HOUSEWARE & KITCHENWARE",362.9
121315,"VARTA BATTERY LONGLIFE POWER AAA BLISTER 2","ELECTRICAL APPLIANCES",684
122734,"UNIMAX TRIO BALLPEN GREEN 10MM FBTIOGN23",STATIONERY,147.63
134823,"PAMPER OCEAN FISH 85G  36",SUPERMARKET,575.64
136136,"PEAR IMPORT FRESH PACK",SUPERMARKET,179.96
136139,"WATERMELON  KG",SUPERMARKET,575.95555
134096,"PRIVATE MAXI  NORMAL 8X18",SUPERMARKET,91.92
136715,"PHILIPS BATTERY M ULTRA ALKALINE 1X24 C LR14","ELECTRICAL APPLIANCES",49
134148,"MY FIRST FUN ACTIVITY BOOKS 3",STATIONERY,1191.3
137006,"PEAK GREEN EVAPORATED TIN MILK 390G  24",SUPERMARKET,779.61
135347,"PERLA LUXURY MOIST SOAP GLYCERINE WHITE  100G  36",SUPERMARKET,16.47
138808,"BUMBLE BABY WET WIPES 100 PCS MEDITERRANEAN  12",SUPERMARKET,80.97
138921,"GEISHA ROSE  HONEY SOAP 250G  36",SUPERMARKET,797.58
134397,"PLEDGE ENHANCING POLISH SPRAY LAVENDER 250ML 6",SUPERMARKET,49.99
135884,"FABER CASTELL TEXTLINER YELLOW HIGHLIGHTER 154807",STATIONERY,69.9
135888,"FABER CASTELL TEXTLINER BLUE HIGHLIGHTER 154851",STATIONERY,48.93
135894,"FABER CASTELL COLOUR PENCIL TRIANGULAR 12P 118012",STATIONERY,240.9
134597,"BEENO SHAPES  STEAK FLAVOUR 120GMS  20",SUPERMARKET,527.84
13936,"CADBURY MILK CARAMEL 120G 16",SUPERMARKET,42.99
131070,"ROMAR REFILL AUTOM AIR FRESH TROP FRESH 250ML  6",SUPERMARKET,489.9
133190,"NEAT BLEACH 5L  4",SUPERMARKET,289.47
132705,"DZIRE HOT PLATE SINGLE 1000W HPSS10006122A","ELECTRICAL APPLIANCES",129
130132,"AWAKE MELCOM WATER 500ML  16",SUPERMARKET,11.94
130193,"TOREN CLASSIC COMPOUND CHOCOLATE WHITE 52G 144",SUPERMARKET,17.96
131648,"CAKE EMBOSSER B99304","HOUSEWARE & KITCHENWARE",5.7
131796,"APPLES TOP RED  KG",SUPERMARKET,-47.99
14654,"SABA DETERGENT POWDER 400 G   12",SUPERMARKET,130.41
148542,"VASE GOLD SILVER MIX","HOME DECOR & TEXTILES",65
148547,"PERLA MINERAL WATER 750ML 16",SUPERMARKET,46.54
148603,"FLOWER POT MEDIUM  GOLDSLIVER","HOME DECOR & TEXTILES",466.2
147103,"DOVE MENCARE ROLLON EXTRA FRESH 50ML  6",SUPERMARKET,597.77
148799,"HAPPY BIRTHDAY BANNER MIX 2COLOR","TOYS AND ENTERTAINMENT",150
139871,"MRS BECTORS SHORTBREAD FINGERS 85GM 48",SUPERMARKET,39.96
139876,"MRS BECTORS CREAM VANILLA 92GM 24",SUPERMARKET,6.99
139906,"CARROT LOCALTFM BIG PACK",SUPERMARKET,188.91
144907,"IRONING BOARD BLANCA 38X120CM 2053","HOUSEWARE & KITCHENWARE",-798
14317,"MARILAN  WAFER VANILLA BISCUIT 115G  24",SUPERMARKET,40.76
145734,"5 STAR COCKTAIL KIDS JUICE 200ML 20",SUPERMARKET,5.98
157639,"BOWL 3PCS SET CERAMIC RED T86002","HOUSEWARE & KITCHENWARE",792
155802,"RAZNUTS COATED PEANUTS WITH CHOCOLATE 120G",SUPERMARKET,313.39
154901,"WATER BOTTLE INSULATED PP 900 PURO ICETRON","HOUSEWARE & KITCHENWARE",59.8
154099,"BOWL 3PCS SET WLID CERAMIC DESIGNER T137013","HOUSEWARE & KITCHENWARE",623
157346,"ZEST MANGONADE JUICE DRINK 300ML 10",SUPERMARKET,27.98
157454,"WALL CLOCK 16 406X406X8CM INF6721","HOME DECOR & TEXTILES",139
155667,"VASELINE DEO SPRAY ACTIVE DRY 250ML 6",SUPERMARKET,41.99
149292,"CERES NECTAR MANGOORANGE JUICE DRINK  200ML 24",SUPERMARKET,29.97
151874,"CORNER RACK CHROME 5TIER 350X350X1500 CJC1317",FURNITURE,1070
151875,"RACK WIRE 5TIER BLACK 300X300X1121 CJC1623",FURNITURE,535
152114,"SHORT HAND NOTE BOOK ABB",STATIONERY,8.9
150543,"KANGARO STAPLE REMOVER SRL45",STATIONERY,171
152144,"SINARLINE JUMBO PAD BLOCK COLOR WGLUE VISTA",STATIONERY,115.96
152161,"FILE TRAY MESH 3TIER ABB",STATIONERY,159
152172,"CLIP HOLDING FROG MKR197351","TOYS AND ENTERTAINMENT",29.4
152190,"DESTELLO UPHOLSTERY  CARPETS CLEANER 500ML 6",SUPERMARKET,215.96
162826,"CURTAIN JACQUARD 54X90 BLACK 272","HOME DECOR & TEXTILES",1533
164124,"HARIBO HAPPY COLA 100G  30",SUPERMARKET,21.99
164193,"ENAPA MACKREL IN TOMATO SAUCE EASY OPEN 200G  48",SUPERMARKET,792.39
165121,"UNIBIC ORANGE MILK COOKIES 60GMS  96",SUPERMARKET,4.99
160811,"WINDOW SHADE BLACKOUT ROLLER 45WHITE200X200CM","HOME DECOR & TEXTILES",1836
161863,"DECORATION STONE 350G","HOME DECOR & TEXTILES",8.9
160830,"WINDOW SHADE BLACKOUT ROLLER 452120X180CM","HOME DECOR & TEXTILES",2232
159745,"MUNCHEE GINGER BISCUITS 65G  48",SUPERMARKET,229.92
159786,"DIARY 100SHEET A5 80G 145X21",STATIONERY,25.9
159853,"STICKY NOTE 100SHEETS 76X51MM",STATIONERY,78
159888,"NOTEBOOK 48SHEETS 70GSM 16K",STATIONERY,23.8
159995,"SPICE SHAKER 2PCS SET 95CC GL SSPD 122020582","HOUSEWARE & KITCHENWARE",640.7
160156,"MUSICAL MAT PEVA 86X52CM DW8024","TOYS AND ENTERTAINMENT",297
162599,"FOOTBALL PREMIER 14018","SPORTS & FITNESS",378
160308,"PYREX CASSEROLE OVAL GLASS 41L 459A0007643","HOUSEWARE & KITCHENWARE",438
175480,"FRESH VEGGIES IRISH POTATO  TAG",SUPERMARKET,-.2
172960,"ARIEL HIGH STUD FLORAL 35KG 4",SUPERMARKET,561.98
174451,"GIFT WRAP PAPER 70X100 BZZ0002M","TOYS AND ENTERTAINMENT",6.9
171643,"KALYON WET WIPES LAVANDER 100WIPES 12",SUPERMARKET,143.94
172645,"COFRUTOS SUGARFREE APPLE PACK6X4 200ML  24",SUPERMARKET,7.99
167797,"SHOWER CURTAIN ROD 110X200CM","HOME DECOR & TEXTILES",236
167853,"BROOM PLASTIC WWOODEN HANDLE B501B RJK","HOUSEWARE & KITCHENWARE",815.9
168865,"KNIFE SET FRUIT 6PCS 35 HT201706 RJK","HOUSEWARE & KITCHENWARE",298.5
168976,"NUTRISNAX NUTRIBAR 20 OATS 24G 72",SUPERMARKET,8.33
169239,"TULIP CHICHEN LUNCHEON 340G  24",SUPERMARKET,593.89
169240,"TULIP CHICHEN SAUSAGE HOT DOG 200G  24",SUPERMARKET,346.41
16839,"NIVEA MALE ROLLON DRY IMPACT PLUS 50MLX3081610",SUPERMARKET,419.88
169517,"EXCELO EYOO CREM CHOC COOOKIES 26G  60",SUPERMARKET,9.57
169570,"ADRIANA TUNA FLAKES IN VEGETABLE OIL 160G  48",SUPERMARKET,755.64
169571,"ADRIANA TUNA FLAKES IN VEGETABLE OIL 80G 48",SUPERMARKET,237.83
179386,"NIGHTSTAND W1 DRAWER WHITE 114531490",FURNITURE,690
179585,"TEXTURED SAND PAINTING 20X20",STATIONERY,140
179599,"CLAMP BINDER 25MM 8PCSBOX",STATIONERY,70.8
179713,"CUCUMBER FM  PACK",SUPERMARKET,-13.99
180095,"DOVE STICK 40ML ULTIMATE REPAIR 6",SUPERMARKET,247.45
180098,"DOVE STICK 40ML CUCUMBER 6",SUPERMARKET,49.49
178683,"CURTAIN EMBO GROMT BEIGE 52X90 02PA7149A","HOME DECOR & TEXTILES",198
177895,"EXCELO COOKIES BE COOKY CHOCO 66G  24",SUPERMARKET,9.29
177951,"COLOURING BOOK CREATIVE ABCFVTOYS 22X28CM",STATIONERY,59.6
177952,"COPY COLOURING BOOK SERIES ALPHANUMB 16PG 22X28CM",STATIONERY,252.8
178065,"WATER BOTTLE 700ML PLASTIC KIDS  YWU","HOUSEWARE & KITCHENWARE",69.8
178502,"LINC PENTONIC BALLPEN BLUE BRT DISPENSER 50",STATIONERY,772.8
179305,"KIDS RIDE ON CAR WMUSICLIGHT YBC8332P RWY","TOYS AND ENTERTAINMENT",449
187744,"CERAMIC MUG 82X103CM 350ML 4DESIGN MIX YWU","HOUSEWARE & KITCHENWARE",128.7
185434,"BATHMAT PUFF MF 50X80CM BELLE BROWN 01MA0616B","HOME DECOR & TEXTILES",1264
185435,"BATHMAT PUFF MF 50X80CM BELLE NAVY 01MA0616C","HOME DECOR & TEXTILES",316
186095,"GLASS SET 12PCS 125ML CLEAR 4143505BB RJK","HOUSEWARE & KITCHENWARE",1290
186096,"GLASS SET 12PCS 125ML CLEAR 4143505BC RJK","HOUSEWARE & KITCHENWARE",903
187016,"FRIDGE BOTTLE 1300ML PLASTIC YWU","HOUSEWARE & KITCHENWARE",12.9
188014,"NESTLE DAMAK CHOCOLATE BAR 30G 12",SUPERMARKET,23.99
187142,"SCHOOL BAG",LUGGAGE,3206
187226,"WARDROBE 6DOOR W2DRWR WHTBRN 23487298",FURNITURE,2690
186836,"SKETCH BOOK A3 BIG SIZE PREMIUM",STATIONERY,808.2
18772,"KI CREAMY YOGHURT ASSORTED LOLIPOP 368G G  20",SUPERMARKET,1161.86
183349,"CLOTHES DRYING STAND 60107CM78809 YWU","HOUSEWARE & KITCHENWARE",537
184110,"CERAMIC MUG EMBOSSED 330ML EBCM4330 RJK","HOUSEWARE & KITCHENWARE",12.9
184111,"CERAMIC MUG EMBOSSED 330ML EBCM5330 RJK","HOUSEWARE & KITCHENWARE",25.8
185177,"KINGSBITE CHOCOLATE 2020 20GM 400",SUPERMARKET,13.98
185198,"SOFTGENTLE ROLL ON FRESH BLOSSOM 50ML 6",SUPERMARKET,129.95
185209,"DINNER PLATE 105 SLDP105 RJK","HOUSEWARE & KITCHENWARE",39.8
184460,"CONTAINER 3PCS SET RND PTD 123L PLASTIC HL70001TCP","HOUSEWARE & KITCHENWARE",89.7
185324,"BATHMAT NAVY 50X80CM MP 1600GSM TR3090","HOME DECOR & TEXTILES",109
193259,"BLIZZ GOLD BALL PEN BLUE 2640112BOX",STATIONERY,29.9
193263,"LX MAX NEEDLE TIP PEN 1108012BOX",STATIONERY,154.8
193273,"PAINT MARKER FINE TIP WATER BASED 630206BOX",STATIONERY,59.4
194702,"CASSEROLE WLID AND SIDE HANDLE 9INCHES CH011","HOUSEWARE & KITCHENWARE",690
192534,"AMERICAN GOURMET YELLOW MUSTARD 8OZ  12",SUPERMARKET,417.89
193348,"THE MERCHANT OF VENICE POCKET CLASSIC",STATIONERY,79.6
193402,"SIDDHARTHA AN INDIAN TALE POCKET CLASSIC",STATIONERY,114.5
193428,"LITTLE MASTERMINDS BOOKS 22X28CM",STATIONERY,143.97
193432,"FACTOPEDIA BOOKS 22X28CM",STATIONERY,383.92
192661,"GIFT BAG MEDIUM 210G 26X32X125 KRH9686M14","TOYS AND ENTERTAINMENT",59.94
192822,"MELAMINE PLATE 10INCH 161052","HOUSEWARE & KITCHENWARE",14.9
194171,"COLGATE TB OPTIC WHITE 360 CHARCOAL VALUE PACK 12",SUPERMARKET,695.76
194923,"LADLE SOUP SPOON SILICONE ZHN HR510","HOUSEWARE & KITCHENWARE",9.9
192944,"BOUNCY BALL WLIGHT  HCL S9254","TOYS AND ENTERTAINMENT",16.99
192353,"BINDER CLIPS BLACK 51MM 2PCS MP51796",STATIONERY,94.8
192358,"ERASER MP74269",STATIONERY,154.8
192365,"STICKY NOTES WNOTEPAD SET MF995432",STATIONERY,696
188730,"GLASS STORAGE CONTAINERS 12 PCS SET LDS2062025","HOUSEWARE & KITCHENWARE",838
190081,"LAMP PORTABLE MULTIFUNCTION","ELECTRICAL APPLIANCES",109
191980,"DINNER FORK 34G0325 ZHN","HOUSEWARE & KITCHENWARE",181.3
191351,"VASELINE COCONUT RESTORE BODY OIL 200ML 18",SUPERMARKET,126.99
189318,"HOME APP  MOBILE PH PROTECTION PLAN 2002000",MISCELLANEOUS,-1457
190553,"FLIP CHART BOARD 70X100 S104T70100",STATIONERY,729
192311,"BLACK BINDER CLIPS 12PCS MP58494",STATIONERY,154.8
190615,"PHOTO PROPS","TOYS AND ENTERTAINMENT",44.7
190650,"EDUCATIONAL DESK WLIGHTMUSIC","TOYS AND ENTERTAINMENT",219
200294,"HH MACKEREL IN TOMATO SAUCE 155G 50",SUPERMARKET,1234.97
200329,"HH DELICIOUS ALL PURPOSE MARGARINE 250G 60",SUPERMARKET,789.21
198394,"ENA PA MACKEREL IN TOMATO SAUCE 100G  50",SUPERMARKET,129.8
198551,"CUCUMBER PACK OCL",SUPERMARKET,20.99
201906,"PEEVA LEMON RHUM ALC  DRINK 350ML 12",SUPERMARKET,5.29
196184,"SENSATION DRIED COCONUT FLAKES 100G  24",SUPERMARKET,115.92
196274,"SAMSUNG LED TV 32 SAT SMART UA32H5000","ELECTRONICS & TELECOM",3989
197297,"BEETROOT PACK PNA",SUPERMARKET,32.99
40236,"MYYO VANNILA YOGHURT CEREALS 360ML  12",SUPERMARKET,84
48890,"MRS BECTORS MALT N MILK  BISCUIT 35G   48",SUPERMARKET,89.5
36051,"BARILLA PENNE RIGATE PASTA 500G  12",SUPERMARKET,52.99
22458,"SERVING BOWL MELAMINE 9 INCHES ZHN C0129","HOUSEWARE & KITCHENWARE",14.9
22638,"DOVE DEO WOMEN INVISIBLE DRY SPRAY 250ML 24",SUPERMARKET,44.99
23130,"ENA PA MACKEREL IN TOMATO SAUCE  EO  425G  24",SUPERMARKET,988.57
31701,"SARA BEEF LUNCHEON MEAT 340G  24",SUPERMARKET,482.77
37884,"GEURTS PINEAPPLE JAM 450G 12",SUPERMARKET,563.88
38043,"PARIDOX ALATA SAMINA BS GEL ALOE VERA 450ML 20",SUPERMARKET,377.91
25757,"SAKURA CLOCK W DESIGN 30CM","HOME DECOR & TEXTILES",69
202556,"FROSTED BOWL 55 G3201155M","HOUSEWARE & KITCHENWARE",7.9
204405,"MCPHILIX PLANTAIN CHIPS RIPENED 200G  40",SUPERMARKET,1295.64
74900,"VOLTPLUS UNIVERSAL ADAPTOR WBS PLUG VPUA134","ELECTRICAL APPLIANCES",109
79603,"SHINE ALUMINIUM FOIL 200SQFT 63MX30CM  12",SUPERMARKET,-84.99
79999,"SHARPENER 2HOLE  CONTAINER MP58315",STATIONERY,31.6
87991,"JUVER SELECCION RED GRAPE BOTTLE JUICE  850ML  12",SUPERMARKET,297.43
75807,"DOLAIT VANILLA YOGHURT 500G",SUPERMARKET,71.98
81326,"TASTY TOM TOMATO MIX SACHET 380G  24",SUPERMARKET,101.94
85201,"AKAI WALL FAN 18 75W EF075A1606W","ELECTRICAL APPLIANCES",515
76704,"BELAQUA SPARKLING WATER BOTTLE  330ML 12",SUPERMARKET,299.85
77038,"KIDS BOARD BOOKS OTHER TITLES ASSRTED EB 0001 ",STATIONERY,722.8
77044,"ACTIVITY BOOKS 365 W4PRINTS EB 0004",STATIONERY,69.8
77056,"SERVING BOWL MELAMINE 9 INCHES ZHN H220099","HOUSEWARE & KITCHENWARE",955.2
64105,"DOLAIT VANILLA  YOGURT 70G 10",SUPERMARKET,14.97
64480,"CELLO FRIDGE BOTTLE VEGAS 1LTR","HOUSEWARE & KITCHENWARE",119.9
64842,"FACEPOP  BUBBLE GUM WHISTLE POP  450G   20",SUPERMARKET,195.96
58733,"AKAI BLENDER WMILL 18L 430W BD018IDA309","ELECTRICAL APPLIANCES",619
60594,"GLADE SENSATIONS AIRFRESHNER REFILL LINEN   12",SUPERMARKET,839.76
60597,"GLADE SENSATIONS AIRFRESHNER REFILL I LOVE YOU  12",SUPERMARKET,28.99
60653,"MILKANA SPREADABLE CHEESE 8 PORTION 104G 24",SUPERMARKET,764.66
60783,"NIVEA COCOA BUTTER LOTION  400ML   12",SUPERMARKET,79.99
52717,"CUSSONS BABY OIL SOFT  SMOOTH 100ML  48",SUPERMARKET,137.39
52962,"GOODYS SPICY SHITO HOT BEEF MILD430G  12",SUPERMARKET,1079.88
71348,"DOLAIT APRICOT YOGHURT 200ML 10",SUPERMARKET,39.96
71755,"PARIDOX ALATA SAMINA BSGEL HONEY 450ML 20",SUPERMARKET,629.85
71756,"PARIDOX ALATA SAMINA BSGEL MORINGA 450ML 20",SUPERMARKET,587.86
67519,"SHINE JUMBO ROLL ULTRA SOFT 2PLY   12",SUPERMARKET,321.86
67581,"HELEMENS SPECIAL EGGS 12PCS PACK",SUPERMARKET,127.47
72072,"FA ROLL ON BRIGHTENING  CARE 50ML   24",SUPERMARKET,383.84
72786,"HEAVEN INSECTICIDES SPRAY 300ML 24",SUPERMARKET,503.86
X653,"VOLTIC MINERAL WATER 15L 6",SUPERMARKET,94.24
CL567,"CONTAINER RND TRANSPARENT 3 PCS SET 11L 55L 2L","HOUSEWARE & KITCHENWARE",59
CL766,"CONTAINER SQUARE 2900ML 16CMX16CMX14CM","HOUSEWARE & KITCHENWARE",104.3
N758,"MEDISOFT REPELLENT LEMON GREEN LOTION 100ML 72",SUPERMARKET,594.09
X038,"CAMEL ANTISEPTIC SOAP LF 175G 36",SUPERMARKET,644.57
93439,"DRY FLOWER 14M 2PCS","HOME DECOR & TEXTILES",29.9
90608,"CURTAIN ROD SINGLE 120210 11051210PC","HOME DECOR & TEXTILES",1190
90629,"CURTAIN ROD EXTANDABLE SIZE 110210CM 11062210MB","HOME DECOR & TEXTILES",75
96091,"READI COCONUT CHIPS 30G  120",SUPERMARKET,162.88
90636,"CURTAIN ROD EXTANDABLE SIZE 210300 11051300DG","HOME DECOR & TEXTILES",855
94668,"ROMA  INSECTICIDE SPRAY 300ML  24",SUPERMARKET,229.95
91536,"DETTOL SOAP BEST EVER COOL  155G    48",SUPERMARKET,1165.47
94946,"PEPSODENT TOOTHBRUSH JUNIOR 713YRS 1X60PC",SUPERMARKET,139.04
99574,"KREMELA CREAMER 200G  25",SUPERMARKET,622.44
99664,"STYLE UP ROLL ON FRESH 50ML  6",SUPERMARKET,169.83
02390,"PRINGLES EMMENTAL  175G 19",SUPERMARKET,749.85
02397,"BEL  SQUEEZE DRINK 350ML  16",SUPERMARKET,28.71
00380,"CERES MANGO JUICE 200ML 24",SUPERMARKET,604.45
03487,"WELCHS 100 APPLE JUICE  473ML  12",SUPERMARKET,89.98
08765,"COUNTRE MILK STRAWBERRY 500ML 18",SUPERMARKET,35.99
09239,"SANKOFA PLANTAIN CHIPS SPICY SWEET CHILI 50G  25",SUPERMARKET,329.78
101384,"MUNCH IT CRUNCHY SNACKS CEESY STIX 25G  144",SUPERMARKET,47.92
100958,"SHISHA W12M PIPE MIX COLOR YWU","HOUSEWARE & KITCHENWARE",198
102246,"DOVE FM ROLL ON  CLEAN COMFORT 50ML  6",SUPERMARKET,311.88
102328,"YOMI YOGHURT STRAWBERRY FLAVOUR 2L 1",SUPERMARKET,-112.99
103895,"BLING TOILET BOWL CLEANER 5L  4",SUPERMARKET,359.96
105006,"YUKI MATON INSECTICIDE DOUBLE ACTION 300ML  24",SUPERMARKET,739.8
105040,"LORENZ NATURALS BALSAMIC VINEGAR 100G  12",SUPERMARKET,656.37
108227,"PARIDOX ALCOHOL WIPES 100SHEETS",SUPERMARKET,657.86
108229,"GREEN WORLD  EXTRA KILLER INSECTICIDE 400ML  24",SUPERMARKET,1434.65
108816,"FANTASIA PICO BELLOS CHIPS 55G 12",SUPERMARKET,287.82
108888,"MARILAN MAGIC TOAST CRIPBREADS ORIGINAL 110G 24",SUPERMARKET,351.78
108891,"MARILAN CHOCOLATE WAFER 80G  24",SUPERMARKET,102.06
117875,"MANILA PAPERLINELEFT WINDOW ENVELOPE 50PCS PACK",STATIONERY,224.91
119309,"REXONA ROLL ON  COBALT 50ML  24",SUPERMARKET,474.81
119316,"REXONA SPRAY  INVISIBLE ICE FRESH 200ML  6",SUPERMARKET,257.94
117021,"ONION   PURPLE IMPORT  KG",SUPERMARKET,46.27685
117110,"SERVING BOWL MELAMINE 10 INCHES ZHN C62010","HOUSEWARE & KITCHENWARE",855.7
117150,"MSEAL CONTAINER RECT GLASS 700ML FRC N1040610","HOUSEWARE & KITCHENWARE",417
117338,"LOTUS BISCOFF SPREAD SMOOTH 400G 6",SUPERMARKET,260.97
112086,"KIVO TOMATO MIX SUP 200G   24",SUPERMARKET,215.76
110059,"ARTIFICIAL SMALL SUNFLOWER 3BUNCH 90CM 20200916","HOME DECOR & TEXTILES",32.9
110063,"ARTIFICIAL CHRYSANTHEMUM FLWER 5BNH 88CM 20200924","HOME DECOR & TEXTILES",18.9
110193,"SERVING TRAY MELAMINE 15 INCHES ZHN 318155","HOUSEWARE & KITCHENWARE",747
110228,"HEX DUMBBELL HD10KG","SPORTS & FITNESS",1795
112792,"DOVE SPRAY  APPLE  WHITE TEA  250ML 24",SUPERMARKET,44.99
110739,"WETTOL ANTISEPTIC 2L  6",SUPERMARKET,341.96
116167,"BOWL 10X5CM PORCELAIN S136 RJK","HOUSEWARE & KITCHENWARE",40.6
115169,"VOLTPLUS EXTENSION SOCKET 4W2M SWUSB VPEC4W2MMSU","ELECTRICAL APPLIANCES",189
115330,"LA SALUD CONCENTRATED SOFTNER  ROSE 135L  9",SUPERMARKET,46.99
115787,"GLADE AEROSOL INVIGORATE OCEAN ADVENTURE 300ML  12",SUPERMARKET,34.99
124779,"PHILIPS BLENDER WMILL 2L 600W PLASTIC HR219120","ELECTRICAL APPLIANCES",1299
124784,"SUPER COOK FRYPAN 26CM CHN B4590584 B1430585","HOUSEWARE & KITCHENWARE",179
127180,"TRAVELLING BAG PVC REXINE 19X125X6 MYQ91774",LUGGAGE,69
127230,"JAYKAY PRIMARY SERIES 20L WCOVER A1",STATIONERY,195
126028,"ERASER WHITE 30 PCS DOMS 7255",STATIONERY,15.9
128809,"COLOR PEN WBOOK LUXOR COLBYNUMBER 6108FUNBOOK",STATIONERY,26.9
126200,"AIRPRO MICMAN AIRREFRSHENER OCEAN ESCAPE 35G   6",SUPERMARKET,399.95
126205,"AIRPRO HANGING BOTTLE AFRESHNER D OFF COOL 10ML 12",SUPERMARKET,503.86
126223,"AIRPRO AIRFRESHNER ORGANIC CAN BLACKCRYSTAL 42G 24",SUPERMARKET,1239.69
128897,"FINGER TIP MOISTENER 212513ELP",STATIONERY,23.7
128940,"TAPE BROWN 48MMX45Y 1X6 264925",STATIONERY,520
125624,"MCVITIES DIGESTIVE CARAMEL 250G 12",SUPERMARKET,53.99
125769,"TUMBLER IMPERATOR 6PCS SET 310ML DXB N1288","HOUSEWARE & KITCHENWARE",99
120847,"CUSSONS BABY WIPES SOFT  SMOOTH 80 SHEETS  24",SUPERMARKET,575.76
123741,"CASSEROLE 1800ML GLASS TEMPERED G27002","HOUSEWARE & KITCHENWARE",1188
123838,"BLANKET TEDDY BEAR 200X220CM ASTD","HOME DECOR & TEXTILES",956
124447,"ORANGE IMPORT KG",SUPERMARKET,841.9048
122446,"MUG CERAMIC GRAPHIC 475ML M32012","HOUSEWARE & KITCHENWARE",14.9
124094,"CLEANING BRUSH 1909641","HOUSEWARE & KITCHENWARE",108.9
121052,"LITTLE FARM PLAY SET 136PCS 3YRS 57021","TOYS AND ENTERTAINMENT",199
122735,"UNIMAX TRIO DC BALLPEN BLUE 10MM FBTDCBL53",STATIONERY,303.24
124484,"IRISH POTATOES  KG",SUPERMARKET,403.43818
121681,"CURTAIN 52X90 BLKOUT EMB BROWN 02PA6436B","HOME DECOR & TEXTILES",47.9
138235,"ROSSWOOD PREM ROASTED CASHEW NUTS SPICED 168G  24",SUPERMARKET,1341.78
134090,"SANITA EASY LOCK  STORAGE BAG MEDIUM 50X20",SUPERMARKET,179.95
138447,"KELLOGGS FROSTIES UK 470G 8",SUPERMARKET,89.99
138585,"HAYHAY 10G 12 X 48 COCOA  576",SUPERMARKET,3.78
138587,"HAYHAY CARAMEL 12 X 48  10G  576",SUPERMARKET,7.16
137008,"PEAK EVAPORATED TIN MILK 390G  24",SUPERMARKET,1504.57
138809,"BUMBLE BABY WET WIPES 120 PCS BABY SCENTED  12",SUPERMARKET,223.93
134325,"FRESHDAYS NORMAL SCENTED 72 X 6",SUPERMARKET,359.94
134465,"ENERGIZER FLASHLIGHT 3AAA METAL MLHH32","ELECTRICAL APPLIANCES",89
135875,"FABER CASTELL CRAYON WAX REGULAR 6PCS 75MM 120006",STATIONERY,8.9
137558,"MR BOSTON BLENDED WHISKY 1L 12",SUPERMARKET,2759.88
134596,"BEENO SHAPES  CHICKEN 120GMS 20",SUPERMARKET,139.95
13373,"YAZZ SANITARY PAD GREEN 24",SUPERMARKET,425.27
129669,"COLOURING BOOK XMAS PLAY PACK 2895XMPP",STATIONERY,29.98
130946,"CURTAIN JACQURD TUFT BLUE EMILY 02PA6535C","HOME DECOR & TEXTILES",79
130987,"PHILIPS LED SENSOR BULB 860W E27 WH 929002058519","ELECTRICAL APPLIANCES",149
131045,"BREF WC BLOCK POWERACTIVE OCEAN DUO 10",SUPERMARKET,527.92
132408,"GIFT WRAP PAPER WHITEPINKBLACK 53X75CM SXX2341","TOYS AND ENTERTAINMENT",109.89
131313,"CROWNSTAR COOKWARE 7PCS SET MC21804 RK","HOUSEWARE & KITCHENWARE",499
132925,"SERVING BOWL MELAMINE 7 INCHES FEILU 32107","HOUSEWARE & KITCHENWARE",29.7
132947,"CUSHION 43X43","HOME DECOR & TEXTILES",276
131795,"APPLES PINK LADY  KG",SUPERMARKET,941.70375
149044,"SANKOFA PLANTAIN CHIPS LIGHTLY SALTED 140G  10",SUPERMARKET,377.91
146407,"HARPIC BLOCK POWER POWER PLUS 35G  6",SUPERMARKET,339.9
146492,"PILLOW BED N BATH 50X70CM BBPP5070","HOME DECOR & TEXTILES",159
148545,"PERLA MINERAL WATER 500ML 15",SUPERMARKET,14.31
148625,"HOOKS 5UNITS OVER THE DOOR SSTEEL YWU","HOUSEWARE & KITCHENWARE",119.5
148701,"MEDAL GOLDSILVERCOPPER","SPORTS & FITNESS",63.6
148802,"WASHING MACHINE RACK SAILBOAT METAL YWU","HOUSEWARE & KITCHENWARE",398
148832,"CAKE BOARD SQUARE 2MM  35CM OWN USE",SUPERMARKET,699.93
148973,"NOURA SOAP  BIG 275G  36",SUPERMARKET,31.16
139777,"MUG 330ML CERAMIC POLKA DOTS YWU","HOUSEWARE & KITCHENWARE",19.8
144772,"MOP W METAL STICK HEAVY DUTY P8442","HOUSEWARE & KITCHENWARE",34.9
14503,"FLORA WRAPPED TROLL 2PLY 1 X 10 X 7",SUPERMARKET,614.85
145673,"PRETTY COTTON PLEATS 80G    12",SUPERMARKET,323.88
155750,"REXONA DEO SPRAY MEN 72H  ANTIBACT PRO 200ML 12",SUPERMARKET,42.99
154638,"MILLIONAIRE FASTLANE BOOK MJ DEMARCO",STATIONERY,59
156612,"ARTIFICIAL FLOWER 5  4 COLOUR MIX","HOME DECOR & TEXTILES",22.9
154169,"B  FORMULAS FACIALWIPES  MICELLAR FACE 25S 12",SUPERMARKET,20.49
155119,"DEW DKLE LAVENDER ALCOHOL WIPES  20   50",SUPERMARKET,45.98
157202,"SERVING TRAY MELAMINE 12 INCHES ZHN A012","HOUSEWARE & KITCHENWARE",116.1
157221,"FRUTAS TREASURE FRESH GRAPE JUICE 100 JUICE 300ML",SUPERMARKET,628.83
151590,"GALAXY PLUS XPOSE DEO SPRAY  WHITE 200ML 12",SUPERMARKET,31.99
149219,"AIRPRO NAPHTALENE BALLS COLOURED WHITE 300G  60",SUPERMARKET,516.78
153240,"FRUTAS TREASURE FRESH GRAPE JUICE 100 JUICE 500ML",SUPERMARKET,1273.74
149372,"NASCO FRIDGE DD 158L NASF218FL","ELECTRICAL APPLIANCES",3599
153306,"THANK YOU GOD FAMILY",STATIONERY,119.4
152103,"PAPER GLUE FINE 100ML ABB",STATIONERY,8.9
152126,"STICKY NOTE 100SHEETS ABB",STATIONERY,89.1
150593,"LINC PENTONIC BALL PEN AST 50 PC IN DISPENSR 07MM",STATIONERY,440.7
152261,"MCBERRY PURE DELIGHT BITE MILK CREAM WAFER 13G 72",SUPERMARKET,85.14
151022,"PAMPER MINCE CHICKEN 85GMS  36",SUPERMARKET,31.98
151029,"BIGOO COLA DRINK 350ML 20",SUPERMARKET,125.58
151038,"BIGOO GRAPES DRINK 350ML 20",SUPERMARKET,104.65
152777,"YOGLAIT YOGHURT BANANA 200ML 1",SUPERMARKET,47.45
164027,"JOLLY BASKET SMALL  PLASTIC 50360","HOUSEWARE & KITCHENWARE",25.8
164204,"MAZBIT TASTY TREATS GROUNDNUTS CAKE  60G  40",SUPERMARKET,38.28
165820,"ENOS PALM NUT PULPTURKEY BERRY  PREKESE 1KG 20",SUPERMARKET,176.97
163167,"MISSION FOODS TORTILLA CHIPS ORIGINAL 200G  10",SUPERMARKET,171.96
164760,"CAULIFLOWER SMALL TGO",SUPERMARKET,259.87
163454,"PHILIPS LED BULB 9W B22 6500K 929002308413","ELECTRICAL APPLIANCES",25.9
164919,"FINE FACIAL FLUFFY 350X2 PLY 18",SUPERMARKET,382.33
161832,"FRESH IMPORT CLEMENTINE JUICE 250ML",SUPERMARKET,279.93
159600,"GALAXY PLUS CONCEPT SPRAY SENSE 200ML 12",SUPERMARKET,223.93
160801,"WINDOW SHADE BLACKOUT ROLLER 45WHITE100X120CM","HOME DECOR & TEXTILES",1791
160819,"WINDOW SHADE BLACKOUT ROLLER 451140X180CM","HOME DECOR & TEXTILES",1974
159696,"JUKI NUTS CHILI ROASTED CASHEWS 150G  30",SUPERMARKET,1325.74
160834,"WINDOW SHADE BLACKOUT ROLLER 452160X180CM","HOME DECOR & TEXTILES",2274
160838,"WINDOW SHADE BLACKOUT ROLLER 452200X200CM","HOME DECOR & TEXTILES",3672
159752,"PENCIL CASE A5 WITH ZIPPER",STATIONERY,32.9
159861,"PIN SMALL 40PCS",STATIONERY,4.9
161313,"SOUP MUG CERAMIC LINE EMBOSSED 1359 SSPD YWU","HOUSEWARE & KITCHENWARE",22.9
162444,"SABA MULTIPURPOSE SOAP FRUITY GRAPES 250G  36",SUPERMARKET,8.99
162593,"MULTIFUNCTIONAL BENCH ECO CSB13 28804","SPORTS & FITNESS",3199
160317,"PYREX ROASTER WLID RECT GLASS 26L 243A0008044","HOUSEWARE & KITCHENWARE",1116
172957,"ARIEL HIGH STUD DETERGENT LAVENDER 35KG 4",SUPERMARKET,749.98
172967,"ARIEL HIGH STUD LAVENDER 1KG  12",SUPERMARKET,239.97
172969,"ARIEL HIGH STUD DOWNY 1KG  12",SUPERMARKET,639.92
174419,"DISCOVERING DELIGHTS FLAP DINOSAUROCEAN LIFE",STATIONERY,156
174510,"DOMS ERASER PEPCILS DUSTFREE 2PCS 80182",STATIONERY,-3.9
173749,"KIVO 100 NATURAL ROSEMARY POWDER 5G 240",SUPERMARKET,18.69
175022,"DRAWING BOOK STEPS TO SKILLFUL DRAWING EB1368",STATIONERY,512.3
171741,"CUP AND SAUCER SET LDSSTK010","HOUSEWARE & KITCHENWARE",5.8
171990,"TOTAL LITHIUMION IMPACT DRILL TIDLI201452","HARDWARE & BUILDING MATERIAL",1599
175180,"WALLS FEAST MAX CHOCOLATE 65ML 42",SUPERMARKET,15.98
175196,"SEARA CUT GREEN BEANS 400G 20",SUPERMARKET,719.76
166703,"CAMPA RED GRAPE JUICE 750ML 6",SUPERMARKET,494.89
168859,"UTILITY KNIFE 45 HCH147 RJK","HOUSEWARE & KITCHENWARE",-14.9
166876,"FLYCIP FLYING INSECTS INSECTICIDE 750ML  15",SUPERMARKET,601.93
169955,"TRUESMILE TOOTHPASTE  BRUSH PROPURPLE 100ML  12",SUPERMARKET,80.97
169963,"SANTAY SHITO HOT CHILLI SAUCE 290G  6",SUPERMARKET,463.92
167068,"NASCO GAS COOKER 4B 60X60 SIL NASGCSNIPER60S","GAS COOKER & ACCESSORIES",3299
167145,"BEAUTY FORMULAS TEA TREE FACIAL WASH 150ML  12",SUPERMARKET,32.99
167239,"COWBELL MILK PWDER VITARICH SACHET 23G  120",SUPERMARKET,686.28
167241,"COWBELL MILK POWDER VITARICH  SACHET 14G  240",SUPERMARKET,234.33
170391,"CHUPA CHUPS COLA STIX 6X150X10G",SUPERMARKET,5.98
168602,"FABER CASTELL COLOUR PENCIL SET 36PCS 118036",STATIONERY,69
179590,"LEBANESE CUCUMBER PK FM",SUPERMARKET,83.97
181855,"FABER CASTEL TRIFLOW BALL PEN 07MM 50P BLU 340750",STATIONERY,118.9
181937,"COFFEE TABLE UP OAKWHITE 4565",FURNITURE,799
181970,"JUG W6PCS TUMBLER 1500300ML MYQ9318","HOUSEWARE & KITCHENWARE",207
181997,"FABER CASTELL ROLLER PEN BLUE 1BOX 548601",STATIONERY,25.8
180096,"DOVE STICK 40ML POWDER SOFT 6",SUPERMARKET,49.49
180205,"PRINCESS POWDER SS 200GR  4",SUPERMARKET,104.93
180240,"SOLDIER MENTHOLATED BAR SOAP 125G  36",SUPERMARKET,337.74
180258,"SOLDIER MENTHOLATED OIL 125ML 2DZ  6",SUPERMARKET,767.76
17878,"REXONA RON WOMEN ALOE VERA 50ML 6 8354898",SUPERMARKET,25.99
178039,"BOWL EMBOSSED 7 SW007EB RJK","HOUSEWARE & KITCHENWARE",89.4
178178,"SHOWER HEAD W15M  SJT143","HOME DECOR & TEXTILES",198
178193,"BATH GLOVES COTTON AND LINEN YWU","HOUSEWARE & KITCHENWARE",273.9
179203,"DIARY 25X175CM B5 80GSM YW",STATIONERY,20.9
179339,"ADDME GROUNDNUT PASTE 350G  12",SUPERMARKET,65.98
186093,"GLASS SET 6PCS 125ML CLEAR 41436D RJK","HOUSEWARE & KITCHENWARE",708
186097,"GLASS SET 12PCS 125ML CLEAR 4143505BD RJK","HOUSEWARE & KITCHENWARE",1290
186963,"LUNCH BOX  1350ML KIDS PLASTIC D3115B027 YWU","HOUSEWARE & KITCHENWARE",59
187091,"SERVING TRAY WHANDLE 35X32X5CM ACRYLIC 1882M","HOUSEWARE & KITCHENWARE",39.9
187170,"UTILITY KNIFE 5INCHES IDA823KD0010","HOUSEWARE & KITCHENWARE",79.6
186369,"FINI STRAWBERRY TONGUE DRUMLID KG",SUPERMARKET,499.98
186373,"FINI HALAL FIZZY CHERRY 90G 12",SUPERMARKET,131.94
186374,"FINI SOUR STRAWBERRY STIXS PACK 90G 12",SUPERMARKET,21.99
186375,"FINI PECTIN FILLED STRAWBERRY LANCES SPACK 85G 12",SUPERMARKET,21.99
187297,"CURTAIN ROD MATT BLACK 3BRAKET 160300CM A15300MB","HOME DECOR & TEXTILES",693
187311,"CURTAIN ROD POLIS CROM 2BRAKET 120210CM A06210PC","HOME DECOR & TEXTILES",1032
187711,"BATH MAT PLASTIC 39X100CM 4COLOR MIX","HOME DECOR & TEXTILES",190
183187,"GLADE AUTOMATIC SPRAY REFILL OCEAN ESCAPE 269ML 6",SUPERMARKET,129.98
183406,"LUCKY STAR PILCHARDS IN CHILLI SAUCE 155G  24",SUPERMARKET,10.99
185193,"AKAI BOX FAN 12 EF127A1207B","ELECTRICAL APPLIANCES",349
184476,"CUP TRANSPARENT WLID 625ML PLASTIC HL0039TLC96","HOUSEWARE & KITCHENWARE",4.9
193256,"NOX BALL PEN BLUE 2260112BOX",STATIONERY,26.28
193257,"NOX BALL PEN BLACK 2260212BOX",STATIONERY,26.28
193289,"KIDS FIRE FIGHTING VEHICLE TOY OPP HCL","TOYS AND ENTERTAINMENT",520
194648,"POM POM B 3DESIGNS HCL O51020","TOYS AND ENTERTAINMENT",83.96
194665,"CASSEROLE WLID GLASS BW003","HOUSEWARE & KITCHENWARE",332.1
192523,"TISSUE HOLDER SILVER SS HFXJ001","HOUSEWARE & KITCHENWARE",258
192359,"STAPLES 246 MP59607",STATIONERY,27.93
192360,"STAPLES266 MP59608",STATIONERY,20.94
189658,"3PCS KITCHEN TOWEL SET 43X68CM CP ASSORT MYQ91900","HOME DECOR & TEXTILES",75.8
189736,"PERLA ACTIVE APPLE DRINK  500ML 12",SUPERMARKET,3.49
191723,"MYBISCUIT YOGURT WAFER 130G 24",SUPERMARKET,239.94
191084,"FOGG SCENT EDP CZAR 30ML 72",SUPERMARKET,375.92
191835,"BUTCHERS DELICIOUS DINNERS JUMBO PACK 100G 40",SUPERMARKET,84.95
189314,"HOME APP  MOBILE PH PROTECTION PLAN 500110000",MISCELLANEOUS,-555
190558,"BLACK BOARD ASTAND 52X50X82CM CB5250",STATIONERY,1158
189395,"DANO UHT FULLCREAM MILK 35 FAT 200ML 24",SUPERMARKET,10.49
200955,"HOLY INSECTICIDE SPRAY 600ML  24",SUPERMARKET,328.41
196134,"BMW RC CAR TOY HG4107","TOYS AND ENTERTAINMENT",996
197986,"MCBERRY PURE DELIGHT MILK COOKIES BISCUITS 54G 144",SUPERMARKET,288.55
197116,"MCBERRY DUBAI CHOCOLATE ORIGINAL WAFER 20G 144",SUPERMARKET,156.96
195764,"WESTINGHOUSE TUMBLER STAINLESS STEEL WCBL0059","HOUSEWARE & KITCHENWARE",169
19820,"ENERGIZER BATTERY ALKALINE AAA MAX42 1X12PK","ELECTRICAL APPLIANCES",77.9
35805,"ROYAL DADDY BROWN SUGAR 1KG  20",SUPERMARKET,629.82
29393,"PEPSODENT CAVITY FIGHTER  200G  36",SUPERMARKET,206.91
42928,"RITTER WORLD EXTRA FINE MILK CHOCOLATE 100G  12",SUPERMARKET,46.99
42962,"MAXIM ZONE 1 THICK BLEACH 45L 5",SUPERMARKET,517.93
21720,"SHINE BLACK GLOVES MEDIUM 100PCS  10",SUPERMARKET,144.98
37062,"HARPIC ACTIVE FRESH MOUNTAIN PINE  725ML   12",SUPERMARKET,428.89
22635,"SANKOFA SWEET PLANTAIN CHIPS CINNAMON FLAV 50G 25",SUPERMARKET,299.8
24852,"MYSTIC ORCHARD AUTO REFILL  JASMINE  12",SUPERMARKET,350.91
48388,"5 STAR ENERGY DRINK 350ML  12",SUPERMARKET,4.59
202576,"FROSTED OBLIQUE BOWL 75 C6089M","HOUSEWARE & KITCHENWARE",405.6
204061,"NASCO CHEST FREEZER SD 288L NAS400FLG","ELECTRICAL APPLIANCES",4299
204407,"MCPHILIX PLANTAIN CHIPS RIPENED KELEWELE 200G  40",SUPERMARKET,1151.68
202846,"SERVING POT 2L CRYSTAL BW2200LJ","HOUSEWARE & KITCHENWARE",472
206226,"KIVO COCONUT 4 IN 1 GARI SOAKING MIX 60G  40",SUPERMARKET,8.37
87622,"SENAC SPARKLING COCKTAIL YELLOW  375ML 12",SUPERMARKET,-57.98
74971,"MEANNAN FINEST QUALITY PLANTAIN FUFU 750G 12",SUPERMARKET,54.99
87987,"JUVER SELECCION ORANGE BOTTLE JUICE  850ML  12",SUPERMARKET,552.37
75560,"FIZZ BLUEBERRY CIDER ALC 40 DRINK 500ML 24",SUPERMARKET,29.49
84828,"PARIDOX BLACK SOAP MIXTURE 500G  20",SUPERMARKET,719.82
75776,"SERVING BOWL MELAMINE 12 INCHES ZHN F00912","HOUSEWARE & KITCHENWARE",34.9
88403,"SAUCE BOTTLE 2PCS SET D8878813A YWU","HOUSEWARE & KITCHENWARE",108.9
76009,"DALGETY GREEN TEA  GINGER 40G 36",SUPERMARKET,45.99
81505,"DOLAIT NATURAL PLAIN YOGHURT 200G 1",SUPERMARKET,46.47
85671,"ALUMINIUM FOIL 20PCS CONTAINER WITH LID 6422 RJK","HOUSEWARE & KITCHENWARE",59.8
89083,"WOODEN CLIP BOARD",STATIONERY,13.9
86133,"JAMAA CLASSIC LAUNDRY SOAP 800G   16",SUPERMARKET,699.72
77586,"5 STAR KAESAR COCKTAIL DRINK 350ML  16",SUPERMARKET,8.67
56622,"TRADITION FACIAL TISSUE  2PLY  150TISSUES   36",SUPERMARKET,367.68
56679,"CAMEL ANTISEPTIC LIME FRESH  1L  12",SUPERMARKET,94.99
64548,"DOLAIT VANILLA DRINKING YOGHURT 200ML  10",SUPERMARKET,59.94
49718,"FA ROLLON AQUA FRESH 50ML  24",SUPERMARKET,167.93
49726,"FA ROLLON PINK PASSION 50ML  24",SUPERMARKET,446.31
49728,"FA  ROLLON CARRIBEAN LEMON 50ML  24",SUPERMARKET,375.84
65159,"LORENZ CRUNCHIPS SALT VINEGAR 100GMS  12",SUPERMARKET,454.87
50998,"SERVING TRAY MELAMINE 15 INCHES ZHN A32015","HOUSEWARE & KITCHENWARE",362.7
67041,"PRESIDENT UNSALTED BUTTER 200G 40",SUPERMARKET,159.98
71757,"PARIDOX ALATA SAMINA BSGEL NONI 450ML  20",SUPERMARKET,209.95
62260,"5 STAR KAESAR APPLE DRINK 350ML 16",SUPERMARKET,5.78
72787,"HEAVEN NAPHTHALENE BALL CANFA 150G  120",SUPERMARKET,263.76
64003,"NIVEA MEN DEO ROLL ON FRESH ACTIVE 50ML 30",SUPERMARKET,759.8
69353,"MYSTIC ORCHARD AUTO REFILL  CASHMERE  48",SUPERMARKET,79.98
X472,"IDEAL ORIGINAL EVAPORATED MILK 370G 24",SUPERMARKET,2348.13
X582,"PEAK FULL CREAM EVAPORATED MILK 160G  48",SUPERMARKET,335.79
A993,"CERES RED GRAPE BOTTLE 275ML 24",SUPERMARKET,799.68
CL613,"BASIN WITH LID 6LTR 32CMX15CM","HOUSEWARE & KITCHENWARE",396.9
X989,"MEDISOFT SOAP PINK 90G 72",SUPERMARKET,279.6
CL627,"QUEEN OF CASSEROLE 2PCS SET PLASTIC 1800ML2500ML","HOUSEWARE & KITCHENWARE",483
D504,"PRIMA LIQUID SOAP LEMON 25L 10",SUPERMARKET,479.9
TH043,"THERMOS COOLER 3PCS SET 55L 4L 3L SSPD","HOUSEWARE & KITCHENWARE",649
90609,"CURTAIN ROD SINGLE 120210 11062210PG","HOME DECOR & TEXTILES",595
93866,"DUMBBELL RACK OWN USE LRK106","SPORTS & FITNESS",2299
96184,"GREEN WORLD MACHINE REFILL LAVENDERCHAMOMILE  24",SUPERMARKET,286.93
98264,"LAYS POTATO CHIPSSPRING ONIONCHEESE 23G  30",SUPERMARKET,35.96
96458,"VISTA EXERCISE BOOK CHIP BOARD BOND",STATIONERY,39.2
96461,"NIVEA COOL KICK APERSP DEO SPRAY MEN  250ML  6",SUPERMARKET,141.98
91452,"POPULAR FILLED EVAPORATED MILK 150G 24",SUPERMARKET,39.45
91460,"NUTELLA WITH BREADSTICKS TO GO 52G 24",SUPERMARKET,30.99
98541,"GETTOL ANTISEPTIC LEMON 500ML  24",SUPERMARKET,377.88
91532,"DETTOL SOAP EVEN TONE  160G  48",SUPERMARKET,571.74
91548,"DETTOL SOAP SKINCARE  110G  72",SUPERMARKET,1144.71
91549,"DETTOL SOAP BEST EVER COOL 105G 72",SUPERMARKET,695.52
94806,"IRISH POTATOES BAGKG",SUPERMARKET,59.97
96972,"STATIONERY SET QY30",STATIONERY,12.9
94968,"HERMAN MUSTARD SAUCE PET BOTTLE  226ML  12",SUPERMARKET,74.97
95010,"DOUX CHICKEN SAUSAGES 340G 24",SUPERMARKET,45.98
97249,"SAIRO ROLL ON  MEN STRESS CARE 50ML   12",SUPERMARKET,95.96
97314,"DRAWING BOOK 4 TITLES EB692",STATIONERY,151.9
97352,"SAIKIRPA NAPHTHALENE BALLS WHITE 300G  60",SUPERMARKET,815.66
92310,"AMERICAN GOURMET COCONUT MILK 400ML 24",SUPERMARKET,404.85
99427,"RITTER SPORT MILK CHOCO WITH  HAZELNUTS 100GRX 12",SUPERMARKET,46.99
99663,"STYLE UP ROLL ON SPICE 50ML  6",SUPERMARKET,159.84
99665,"STYLE UP ROLL ON ACTIVE 50ML  6",SUPERMARKET,129.87
06571,"MEANNAN GROUNDED GINGER 200G 12",SUPERMARKET,373.41
08490,"SANKOFA SWEET PLANTAIN CHIPS CHILI BEEF 50G 25",SUPERMARKET,329.78
08736,"GOODYS SPICY SHITO HOT BEEF 845G 12",SUPERMARKET,2174.85
08340,"EMBORG PEAS  CARROTS 450G 24",SUPERMARKET,131.97
09935,"KINDER CHOCOLATE T4 50G X 20",SUPERMARKET,860.59
100059,"STORAGE RACK WWHEELS 4 LAYER PLASTIC 7073 YWU","HOUSEWARE & KITCHENWARE",199
101058,"N0 8 SEAFOODS RINGS CHIPS 20G  60",SUPERMARKET,99.71
102103,"SURE APA WOMEN PINK BLUSH 250ML  6",SUPERMARKET,257.94
102203,"BEAUTY FORMULAS INTIMATE FEMININE WIPES 20S  24",SUPERMARKET,471.27
103492,"AMALFI SHOWER GEL MINERAL CREAM 750ML  16",SUPERMARKET,29.99
104796,"GULLON SUGAR FREE ZERO CHOCOLATE WAFER 180G  12",SUPERMARKET,187.96
104561,"TOILET TISSUE 48 ROLLS   1",SUPERMARKET,309.98
104955,"DESTELLO  MULTIPURPOSE CLEANER SPRAY 1L  12",SUPERMARKET,332.91
106000,"KRIS PERFUMED BODY LOTION COCOA BUTTER 200ML  36",SUPERMARKET,293.72
107789,"GREENWORLD ECO CLEAN AFRESHNER LAVENDER 500ML 12",SUPERMARKET,494.89
109739,"CUSHION VELVET POPPOM 43X43CM 400G SDF01","HOME DECOR & TEXTILES",445
117610,"PLUNGER PLASTIC UR3016","HOUSEWARE & KITCHENWARE",16.9
117671,"TOILET BRUSH PLASTIC UR3267","HOUSEWARE & KITCHENWARE",24.9
117692,"TOLSEN PADLOCK 40MM BRASS WLONG SHACKLE 55109","HARDWARE & BUILDING MATERIAL",69
118445,"SHINE PAPER CUPS 12OZ 50PCS  20",SUPERMARKET,831.74
118517,"TOREN CLASSIC CHOCOLATE RED 100G 72",SUPERMARKET,22.98
118521,"TOREN TAMAM MILK CHOCOLATE 42G 144",SUPERMARKET,84.37
118561,"AIRWICK FRESH N UP WILD BERRIES 375ML  12",SUPERMARKET,251.94
112083,"KIVO TOMATO MIX SUP 1KG  12",SUPERMARKET,725.78
114440,"EMBORG RASPBERRIES VEGETABLES  300GM 20",SUPERMARKET,699.93
110144,"BLUE BAND SPREAD FOR  BREAD 12G 10 X 25",SUPERMARKET,151.84
112554,"SLOTTED LADLE WOODENNYLON LX165619B YWU","HOUSEWARE & KITCHENWARE",257.4
114520,"SERVICE SET 2MM BURGPOWDBLUGREY PEARL BG249","HOUSEWARE & KITCHENWARE",20.3
110226,"HEX DUMBBELL HD5KG","SPORTS & FITNESS",1432
112791,"DOVE SPRAY  COCONUT AND JASMINE 250ML 24",SUPERMARKET,134.97
113090,"MR MUSCLE TOILET CLEANER CITRUS 750ML  12",SUPERMARKET,66.99
115166,"VOLTPLUS EXTENSION SOCKET 5WAY 2M VPEC5W2M1S","ELECTRICAL APPLIANCES",139
110776,"MEANNAN COATED PEANUTS 300G 12",SUPERMARKET,395.88
113184,"MIKSI COFFEE  3 IN 1 SACHET 35G 120",SUPERMARKET,699.73
110935,"YOGLAIT  YOGHURT PLAIN 500G 1",SUPERMARKET,73.98
113532,"DZIRE KETTLE 18L 1800W BLCK SS18184BEKSS18184B","ELECTRICAL APPLIANCES",195
116649,"PRINCE CHOCOLATE 130G   20",SUPERMARKET,350.73
129586,"FARAGELLO GOLD COCKTAIL NECTAR TETRAPACK 250ML  27",SUPERMARKET,271.66
126906,"PENCIL CASE ASSORTED COLOR PRINT 5030",STATIONERY,18.9
128776,"TEXTLIGHTER 12YRS LUXOR 2PCS 40112BC",STATIONERY,41.7
126224,"AIRPRO NAPHTALENE BALLS WHITE SMALL 120G   120",SUPERMARKET,1643.07
126288,"CASA DE CAMPO PEELED PLUM TOMATOES 25KG  6",SUPERMARKET,1079.91
125246,"ROMAR AIR REFRESHENER SPRAY OCEANIC 300ML  8",SUPERMARKET,439.89
127732,"PAPER BOARD ROUND CAKE 45CM YWU","HOUSEWARE & KITCHENWARE",4.9
127747,"PAPER BOX CAKE DOUBLE TIER 8 26X26X24CM YWU","HOUSEWARE & KITCHENWARE",14.9
128902,"BINDER CLIP E111 25MM 264888ELP",STATIONERY,138
128907,"PAPER CLIP TRIANGULAR NO1 31MM 172565ELP",STATIONERY,35
128913,"STAPLES NO2310H TITANIA 146849ELP",STATIONERY,23.8
126472,"JUVER DISFRUTA 10 F  10V DRINK 330ML 18",SUPERMARKET,260.82
125479,"TUMBLER HOLDER ZINC ALLOY 445X28X36CM 7538 RJK","HOUSEWARE & KITCHENWARE",9.9
126683,"WALL CLOCK SAKURA 305X305X4 30018","HOME DECOR & TEXTILES",89
124747,"MY COLOURING BOOK SERIES 4TITLES W80PAGES 48YRS",STATIONERY,15.9
122151,"BRINOX GRILL PAN 24CM COPPER EBONY 7190473","HOUSEWARE & KITCHENWARE",139
120921,"AWAKE MINERAL WATER 330ML 15",SUPERMARKET,105.61
124427,"LEMON IMPORT  KG",SUPERMARKET,651.11975
124452,"PEAR  KG",SUPERMARKET,209.6534
124458,"CLEMENTINE IMP KG",SUPERMARKET,909.7264
122463,"AIRWICK REED DIFFUSER  SPRING 25ML  5",SUPERMARKET,652.41
122491,"MCVITIES DARK COOKIE CREAMS 26G  24",SUPERMARKET,45.48
122499,"DIVINE DINNER SET 18PCS AMBER GOLD C6164318","HOUSEWARE & KITCHENWARE",99
121173,"KIRKLAND BUTTER POPCORN  935G   44",SUPERMARKET,83.94
122727,"UNIMAX JOYMATE BALLPEN BLUE 10MM FBJYMBL13",STATIONERY,65.78
122733,"UNIMAX TRIO BALLPEN RED 10MM FBTIORD27",STATIONERY,993.51
122736,"UNIMAX TRIO DC BALLPEN BLACK 10MM FBTDCBK35",STATIONERY,231.42
134094,"PRIVATE XTHIN SUPER  8X18",SUPERMARKET,142.89
138463,"HOLY INSECTICIDE SPRAY 400ML  24",SUPERMARKET,539.8
134150,"UNICORN COPY COLORING BOOKS 0",STATIONERY,17.9
134155,"WORLDS GREATEST BIOGRAPHIES 8",STATIONERY,188.3
138595,"HAYHAY 24 X 8 BOXES STRAWBERRY 24 X 8  30G 192",SUPERMARKET,5.19
135870,"FABER CASTELL PAINT BRUSH TRIGRIP FLAT 4P 116402",STATIONERY,20.9
13594,"DOVE  ROLLON GO FRESH GRAPE FRUITLGRASS 50ML  6",SUPERMARKET,545.79
137493,"BUMBLE BABY WET WIPES 120 PCS LA BELLA  12",SUPERMARKET,383.88
134607,"BOBM CONDITIONING SHAMPOO TEA TREE OIL D 200ML 6",SUPERMARKET,219.96
129599,"KIWI IMPORT  KG",SUPERMARKET,628.14765
129615,"COLOURING BOOK SAVE THE PLANET CRAYOLA 3022CYSA",STATIONERY,351.78
132191,"BRUHM GAS COOKER 4B 50X50 SILVER BGC 5540IF","GAS COOKER & ACCESSORIES",1899
131080,"ROMAR REFILL AUTOM AIR FRESH CLEAN CLTH 250ML  6",SUPERMARKET,538.89
131082,"ROMAR REFILL AUTOM AIR FRESH LOVE DCL 250ML  6",SUPERMARKET,636.87
131112,"BEST MOTHER EVAPORATED MILK 160G 24",SUPERMARKET,27.96
146302,"5 STAR STRAWBERRY KIDS JUICE 200ML 20",SUPERMARKET,2.99
146616,"WATERMELON JUICE 500ML",SUPERMARKET,79.96
146775,"RECLINER WROCKERSWIVEL AIRLEATHER BRW MLM110075",FURNITURE,5030
147617,"PERK MILK SHORTCAKE 38G 48",SUPERMARKET,11.95
139776,"MUG 330ML CERAMIC SQUARE YWU","HOUSEWARE & KITCHENWARE",9.9
144814,"PENCIL CASE HITECH 212X97X4CM P  8464",STATIONERY,62.7
144909,"IRONING BOARD MOONLIFE 42X123CM 1640","HOUSEWARE & KITCHENWARE",399
14315,"MARILAN  WAFER STRAWBERRY BISCUIT 115G   24",SUPERMARKET,205.8
140596,"NIVEA ROLLON PEARL  BEAUTY 50ML  30",SUPERMARKET,3229.15
155782,"DISPENSER  WSTAND 5L GLASS SSPD 137706001","HOUSEWARE & KITCHENWARE",139
157089,"DAINESS BAKING POWDER 450G 24",SUPERMARKET,1214.55
157182,"SERVING TRAY MELAMINE 14 INCHES ZHN B27014","HOUSEWARE & KITCHENWARE",1136.2
155379,"SERVING TRAY MELAMINE 11 INCHES ZHN T8029","HOUSEWARE & KITCHENWARE",654.5
155668,"VASELINE DEO SPRAY ACTIVE FRESH 250ML 6",SUPERMARKET,44.99
149287,"CERES NECTAR MANGORG TWST JUICE DRINK 1L 12",SUPERMARKET,45.99
149291,"CERES NECTAR TROP BLAST JUICE DRINK 200ML 24",SUPERMARKET,339.66
153232,"MITT SET 4PCS REDBLACK GG220905C","HOME DECOR & TEXTILES",396
152080,"AIRWICK REED DIFF SNOWPLACE LIKE HOME 25ML  5",SUPERMARKET,72.49
152104,"RECEIPT BOOK CARBONLESS ABB",STATIONERY,31.8
152117,"BUSINESS CARD HOLDER ABB",STATIONERY,92.7
150545,"KANGARO PAPER PUNCH 55 SHEETS MOD60PP",STATIONERY,1194
152127,"CORRECTION PEN",STATIONERY,151.8
149582,"DOVE BAR SOAP GO FRESH CUCUMBER 4PK  12",SUPERMARKET,679.9
151121,"GARLAND 2PCS 2M","HOME DECOR & TEXTILES",207.1
163560,"MINT PACK DNF",SUPERMARKET,13.99
165327,"COPY COLOURING BOOK",STATIONERY,105
160714,"COOKING POT WLID 8PCS SET STEEL 1MM FCS0101","HOUSEWARE & KITCHENWARE",599
160814,"WINDOW SHADE BLACKOUT ROLLER 451100X120CM","HOME DECOR & TEXTILES",199
159690,"JUKI NUTS  UNSALTED ROASTED CASHEWS 150G  30",SUPERMARKET,1427.72
159695,"JUKI NUTS CHILI ROASTED CASHEWS 50G  30",SUPERMARKET,269.85
160845,"WINDOW SHADE BLACKOUT ROLLER 453120X180CM","HOME DECOR & TEXTILES",558
162120,"SERVING TURNER NYLON SSPD AP9435","HOUSEWARE & KITCHENWARE",19.8
159855,"PAPER NOTE WITH CONTAINER 100X5500SHEETS 76X76MM",STATIONERY,152.1
159857,"STICK NOTE SET 25SHEETS WITH 6 SHAPE LARGE",STATIONERY,169
159858,"STICK NOTE SET 90SHEETS20 SHEETS",STATIONERY,39.5
160264,"MULTIPURPOSE BOWL GLASS 3100ML PYREX 181B0008046","HOUSEWARE & KITCHENWARE",534
159304,"DOCUMENT BAG A5",STATIONERY,13.8
172958,"ARIEL HIGH STUD SPRING 35KG 4",SUPERMARKET,845.97
174439,"PAPER BAG HOLOGRAPHIC 26X32X125CM KR2450M16","TOYS AND ENTERTAINMENT",154.8
174519,"DOMS BALL PEN INXIFY SOFTY RED 5PCS 80301",STATIONERY,13.98
174524,"DOMS SPEEDZ KIT 80473",STATIONERY,104
171374,"DR TEALS DEODORANT STICK LAVENDER 75G   6",SUPERMARKET,647.94
174620,"BINE XONIX BED BUGS ERADICATOR 500ML  12",SUPERMARKET,1424.85
173701,"KIVO 4IN1 GARI SOAKING MIX 50G 80",SUPERMARKET,43.78
173712,"KIVO 4IN1 LOW SUGAR GARI SOAKINGMIX 125G 40",SUPERMARKET,14.97
171673,"FANTASTIC BEASTS AND WHERE TO FIND THEM",STATIONERY,954
175045,"ENGLISH GRAMMER PRACTICE BOOK 3 L243 EB1361",STATIONERY,989.67
174245,"UNIMAX GELTRON GEL PEN SET 5PC BLK 07MM FGGLTBK21",STATIONERY,15.9
172647,"COFRUTOS SUGARFREE PINEAPPLE PACK6X4 200ML  24",SUPERMARKET,15.98
167130,"BEAUTY FORMULAS CHARCOAL DETOX CLEANSER 150ML 12",SUPERMARKET,447.86
167138,"BODY FANTASY MIST JAPANESE CHERRY BLOSSOM 8OZ 12",SUPERMARKET,78.49
167238,"COWBELL MILK POWDER PREMIUM SACHET  23G 210",SUPERMARKET,154.69
170274,"KIDS SPINNING GYRO WLIGHT","TOYS AND ENTERTAINMENT",71.4
168411,"MUG 320ML 17252 RJK","HOUSEWARE & KITCHENWARE",7.9
169367,"CUTY BOOK SERIES 20PAGES EB11252",STATIONERY,116.1
180280,"SOLID TURNER WROSEWOOD HANDLE RH2003","HOUSEWARE & KITCHENWARE",975.1
179428,"FOUNTAIN 29X21X22CM 1241637L","HOME DECOR & TEXTILES",379
180103,"DOVE BAR SOAP 90G MEN CLEAN COMFORT 48",SUPERMARKET,985.42
180242,"STYLE UP MENTHOLATED BAR SOAP 125G  36",SUPERMARKET,467.64
176031,"BROOM WSTICK COBRA GBB23","HOUSEWARE & KITCHENWARE",29.9
178675,"CURTAIN BLACKOUT IVORY 54X90 02PA7118A","HOME DECOR & TEXTILES",159
179024,"TOYS KITCHENWARE SET  3YEARS 108D3 OPP YW","TOYS AND ENTERTAINMENT",139.6
179121,"HOME APP  MOBILE PH PROTECTION PLAN 2002000",MISCELLANEOUS,-4725
179129,"BALL INFLATION 22CM 10PC","TOYS AND ENTERTAINMENT",229
179253,"ENVELOPE A3 50PCS 324X4005CM BROWN YW",STATIONERY,198
186943,"CLOTHES PEGS 16PCS SET PLASTIC 5016 YWU","HOUSEWARE & KITCHENWARE",12.9
185441,"BATHMAT 50X80CM JANICE TAUPE 01MA0627D","HOME DECOR & TEXTILES",49
186090,"GLASS SET 6PCS 125ML CLEAR 41436A RJK","HOUSEWARE & KITCHENWARE",531
187279,"DUMBBELL 9KG SFMANCROM20LB","SPORTS & FITNESS",798
185641,"BREAD KNIFE 10 CPQT0110BR RJK","HOUSEWARE & KITCHENWARE",199.2
183991,"CERAMIC BOWL GRAPHIC 5 ZBG442 RJK","HOUSEWARE & KITCHENWARE",14.9
184071,"COOKWARE 15PCS SET  FALU ZHNBLY 18082","HOUSEWARE & KITCHENWARE",1279
184351,"CUTLERY HOLDER 11X13CM SS 60060147","HOUSEWARE & KITCHENWARE",249
185197,"SOFT  GENTLE ROLL ON COTTON TOUCH 50ML 6",SUPERMARKET,337.87
185313,"BATHMAT GRAY 50X80CM MP 1600GSM TR3888","HOME DECOR & TEXTILES",109
184602,"SOUP BOWL 6 CERAMIC STKLT SK01 RJK","HOUSEWARE & KITCHENWARE",29.8
193253,"YAP BALL PEN BLUE 2230112BOX",STATIONERY,23.88
194630,"FOOTBALL PLAYER MINIATURE DOLL 15 ASST O51010","TOYS AND ENTERTAINMENT",340
193350,"OTHELLO POCKET CLASSIC",STATIONERY,99.5
193351,"MACBETH POCKET CLASSIC",STATIONERY,68.7
193364,"FRANKENSTEIN POCKET CLASSIC",STATIONERY,99.5
192558,"GIFT BAG 18X23X10 9101","TOYS AND ENTERTAINMENT",6.99
193433,"PIXEL STICKER ACTIVITY BOOKS 22X28CM",STATIONERY,307.93
193450,"SOLO ID CARD HOLDER  LANYARD LANDSCAPE IDCL1",STATIONERY,89.91
192918,"GS HUNGRY COCONUT BREAD 350GMS 1",SUPERMARKET,79.98
193035,"FOOD COVER25CM ZHN KM025","HOUSEWARE & KITCHENWARE",8.9
193157,"PLUSH TOY 45CM","TOYS AND ENTERTAINMENT",219
192337,"FILE A4 014MM MF0903",STATIONERY,58.8
192357,"STAPLER 246266 MF03131",STATIONERY,87
189529,"GLADE SCENTED MIST AQUA 400ML 6",SUPERMARKET,363.93
189544,"KIDS PARAGYA TRICYCLE 14X8CM 6955172988882","TOYS AND ENTERTAINMENT",19.9
189562,"MARKER PEN ACRYLIC WHITE COL YW",STATIONERY,112.7
189655,"4PCS KITCHEN TOWEL SET 45X70CM CP ASSORT MYQ91899","HOME DECOR & TEXTILES",134.7
188742,"COFRUTOS DELIGHT ORANGE 15L 6",SUPERMARKET,146.97
191052,"REALMAN DEO ROLL ON PURE WOOD 50ML 48",SUPERMARKET,111.96
191054,"REALMAN DEO ROLL ON PURE ORIENTAL 50ML 48",SUPERMARKET,524.75
191824,"DIARY A7 100PAGES 105X73CM",STATIONERY,27.9
191132,"FOGG SCENT EDP  INTENSE ORIENTAL 100ML 30",SUPERMARKET,189.99
189997,"BENJI CAPPUCCINO SHAKE DRINK 250ML 1",SUPERMARKET,21.87
189110,"GLOBE MAGNETIC LEVITATING WLIGHT EB3",STATIONERY,998
189316,"HOME APP  MOBILE PH PROTECTION PLAN 20015000",MISCELLANEOUS,-736
192229,"MARBELLA FOOD STORAGE CONTAINER 3PCS SET HL7010DCT","HOUSEWARE & KITCHENWARE",458
189439,"BARBIE DOLL MINI BARBIELAND HYF28978A","TOYS AND ENTERTAINMENT",49
200317,"HH BEEF LUNCHEON MEAT 340G  24",SUPERMARKET,967.78
200322,"HH FUNO POWER BISCUIT 1212 50G 144",SUPERMARKET,4.49
27202,"SENAC SPARKLING PEACH 750ML  6",SUPERMARKET,97.98
40617,"DEVA HAND SANITIZER 75ML  24",SUPERMARKET,8.49
36728,"FLORA POCKET TISSUE  1X10X30",SUPERMARKET,447.68
22623,"CRATE FOR CLUB LAGER 625ML 21697",SUPERMARKET,56.97
45407,"CDI ABSORBENT COTTON WOOL 200GMS X 50",SUPERMARKET,202.93
32787,"EASY MOUZOO GUAVA TETRAPACK DRINK 200ML 27",SUPERMARKET,269.01
39192,"KINDER BUENO CHOCOLATE 43G 120",SUPERMARKET,230.89
32791,"EASY MOUZOO ORANGE TETRAPACK  200ML 27",SUPERMARKET,236.07
39778,"MYYO STRAWBERRY YOGHURT CEREALS 360ML  12",SUPERMARKET,-462
39955,"PRAN PREMIUM ORANGE JUICE TETRA PACK 1L  12",SUPERMARKET,275.88
48424,"LILY TOILET ROLL 2PLY X 10 BIG ROLLS PCS SET 7",SUPERMARKET,657.86
33941,"SERVING BOWL MELAMINE 12 INCHES ZHN C08212","HOUSEWARE & KITCHENWARE",996.3
204967,"CREEKSIDE FARM WOOD SMOKED BACK BACON 200G 20",SUPERMARKET,1074.75
204059,"NASCO CHEST FREEZER SD 150L NAS200FLG","ELECTRICAL APPLIANCES",2399
202841,"CERAMIC PLATE RECT 27CM P43003","HOUSEWARE & KITCHENWARE",447
206085,"SPRING ONION PACK SLV",SUPERMARKET,-34.47
204556,"MARILAN BISC TEENS SNACK CHOCOLATE 80G  64",SUPERMARKET,287.64
204557,"MARILAN BISC AGUA E SAL 300G  24",SUPERMARKET,314.82
206145,"HASS AVOCADO KG IMPORT",SUPERMARKET,11.2485
88061,"PEAK  FULL CREAM UHT MILK  500ML 12",SUPERMARKET,57.98
89256,"SERVING TRAY 32X23CM PLASTIC BLACK RANGE JB692 YWU","HOUSEWARE & KITCHENWARE",22.9
89302,"8PCS STATIONERY SET  WS 1701",STATIONERY,10.9
86095,"BED SPREAD 3 PCS SET BC 001","HOME DECOR & TEXTILES",89
78433,"TETLEY GREEN TEA LEMON 20S  4",SUPERMARKET,211.96
73835,"NIVEA ANTIPERS INV BLK  WHT ROLL ON  50ML  30",SUPERMARKET,503.88
58188,"COLGATE TOOTHBRUSH KIDS VALUE EXTRA SOFT    72",SUPERMARKET,863.28
69993,"DOLAIT YOGHURT STRAWBERRY 500G 1",SUPERMARKET,35.99
65359,"MULIK STRAWBERRY MILK DRINK 500ML 18",SUPERMARKET,443.88
65360,"MULIK BANANA MILK DRINK 500ML 18",SUPERMARKET,554.85
70581,"VISTALINE SKETCH PAD 20PAGES",STATIONERY,69.95
65469,"ZENOS GREEK STYLE YOGHURT 500ML 1",SUPERMARKET,-113.98
51422,"CLUB SHANDY BOSOE 330ML 24",SUPERMARKET,24.98
70853,"LION ALUMINIUM BELLIED POT BP3","HOUSEWARE & KITCHENWARE",209
70854,"LION ALUMINIUM STRAIGHT POT SP3","HOUSEWARE & KITCHENWARE",219
60853,"INKUNIM FOODS NATURAL HONEY 660G 12",SUPERMARKET,679.92
55372,"DEVA AIR FRESHNER MELON  500ML  12",SUPERMARKET,221.94
63992,"MYSTIC ORCHARD AUTO REFILL  OCEAN  12",SUPERMARKET,194.95
X745,"COWBELL COFFEE  35G 10X12  120",SUPERMARKET,377.37
CL127,"PLATE ENAMPA 21CMX3CM","HOUSEWARE & KITCHENWARE",78.3
CL715,"SPICE CONTAINER 750ML 126CMX126CMX102CM","HOUSEWARE & KITCHENWARE",27.6
D807,"BINE  BLEACH 25L  6",SUPERMARKET,231.92
S597,"PEAK FULL CREAM UHT MILK 1L 12",SUPERMARKET,224.94
T0001,TEST,MISCELLANEOUS,-6.4
99720,"SOLDIER MENTHOLATED POWDER 80G   6",SUPERMARKET,59.94
95823,"AMALFI  DEO ROLLON  MEN STRESS CARE 50ML  12",SUPERMARKET,79.96
90576,"VICKS BLUE CANDY 90G  24",SUPERMARKET,14.99
90620,"TRIDENT WATERMELON TWIST 12X14 STICKS  12",SUPERMARKET,36.98
90626,"CURTAIN ROD EXTANDABLE SIZE 110210CM 11032210DG","HOME DECOR & TEXTILES",975
91103,"CLERE BODY CREAM COCOA BUTTER 500ML  24",SUPERMARKET,53.49
94237,"MADAR DETERGENT BAR BLUE 115G  48",SUPERMARKET,4.19
94309,"VINUT SOURSOP JUICE DRINK 330ML  24",SUPERMARKET,179.88
91550,"DETTOL SOAP ORIGINAL 110G   72",SUPERMARKET,246.33
98583,"FANICE STRAWBERRY ICE CREAM 250ML  12",SUPERMARKET,41.97
95109,"FRUTAIL PINEAPPLE JUICE 1L  12",SUPERMARKET,73.98
97351,"SAIKIRPA NAPHTHALENE BALLS JUMBO WHITE 300G  60",SUPERMARKET,1127.53
92204,"JUVER SELECCION  RED GRAPE UVA TINTA 200ML 24",SUPERMARKET,175.89
03902,"TWINING SPICY CHAI 20S  4",SUPERMARKET,359.96
08576,"HARPIC  CITRUS GEL 725ML   12",SUPERMARKET,77.98
07020,"YAZZ SANITARY PAD HEAVY FLOW PINK 24",SUPERMARKET,467.74
07781,"MYDIBEL STRAIGHT CUT GRADE A 99 25KG 4",SUPERMARKET,1349.91
08353,"VITAMILK DOUBLE  CHOCO SHAKE SOYMILK 300ML 24",SUPERMARKET,407.76
09523,"BADIA CINNAMON POWDER 1134G  6",SUPERMARKET,479.94
100048,"DOVE BABY WIPES RICH MOISTURE 50S  12",SUPERMARKET,29.99
09140,"ROYAL AROMA VIETNAM  RICE 5KG 5",SUPERMARKET,99.99
101020,"CURTAIN POLYESTER 52X84  WHANGER DRXH180142","HOME DECOR & TEXTILES",981
101999,"CUTLERY TRAY 34X27X5CM PP452007","HOUSEWARE & KITCHENWARE",9.9
102197,"BEAUTY FORMULA  MAKE UP REMOVER WIPES ALOE VERA 12",SUPERMARKET,245.88
102257,"BODYCOLOGY MIST CUCUMBER MELON 236ML 12",SUPERMARKET,155.98
102539,"AHMAD TEA DARJEELING TEA 100G 12",SUPERMARKET,734.93
103363,"AMBROSIA POT CUSTARD BANANA 150G  12",SUPERMARKET,28.99
105513,"STORAGE RACK WWHEELS 3 LAYER 73X30X45CM METAL YWU","HOUSEWARE & KITCHENWARE",249
105825,"ULTAMAX BODY LOTION 450ML  36",SUPERMARKET,72.98
106825,"SHINE VINYL GLOVES EXTRA LARGE  100PCS  10",SUPERMARKET,137.98
109890,"JUMBO CARTOON COLOURING BOOK",STATIONERY,174.3
120302,"MARILAN CREAM CRACKERS 350G  27",SUPERMARKET,717.15
120364,"BOWL 3PCS SET BOROSILICATE  HBG301","HOUSEWARE & KITCHENWARE",834
119666,"KELLOGGS CORNFLAKES 45G  100",SUPERMARKET,19.47
117271,"DOMS Q SCALE 15CM POUCH 1PC 3434",STATIONERY,49
118565,"BALENCIA PURE PRT  OLIVE OIL  1L  12",SUPERMARKET,164.99
110061,"ARTIFICIAL FLOWER 9BRANCH 65CM 20200919","HOME DECOR & TEXTILES",11.9
110227,"HEX DUMBBELL HD75KG","SPORTS & FITNESS",1076
112794,"DOVE SPRAY GRAPEFRUIT  250ML  24",SUPERMARKET,134.97
110746,"SANITA CLUB TRASH BAGS  8GALONSX30PCS   20",SUPERMARKET,21.99
110748,"SANITA CLUB TRASH BAGS 20GALLONS X15   20",SUPERMARKET,1324.75
111399,"PICTORIAL WORD SEARCH BOOK W4TITLE ED792",STATIONERY,399.9
111408,"151 STORIES AROUND THE WORLD BOOK W17TITLE ED801",STATIONERY,405.9
115662,"LED CHANDELIER 7XG9 3W IRONGLASWOOD NT WP211437","HOME DECOR & TEXTILES",1499
113956,"BELGINGERALE CAN DRINK 330ML 24",SUPERMARKET,8.49
126912,"JOHN WEST CHUNKS IN BRINE 100G 48",SUPERMARKET,1055.67
128544,"CUP GLASS ICE CREAM DELIGHT 6PCS SET INV 002","HOUSEWARE & KITCHENWARE",49.5
127221,"CASSEROLE SOUP POT 3PCS SET  CERAMIC GGK T103077","HOUSEWARE & KITCHENWARE",1752
126039,"WATER COLOUR CAKE MINI DOMS 15MM 15 SHADES 7939",STATIONERY,71.1
128770,"MARKER WHITEBOARD 120 12YRS LUXOR 4PCS 36404BC",STATIONERY,101.4
128775,"HIGHLIGHTER 12YRS LUXOR 5PCS 41405BC",STATIONERY,135.2
128793,"FELT TIP PEN ICONIC LUXOR 3PCS 158003BC",STATIONERY,264.6
126201,"AIRPRO MICMAN AIRREFRSHENER VELVET MASK 35G  6",SUPERMARKET,580.93
126208,"AIRPRO  AIRFRESHENER GEL PINA COLADA 128G 24",SUPERMARKET,474.81
126209,"AIRPRO  AIRFRESHENER GEL  LAVENDER 128G  24",SUPERMARKET,759.19
128925,"PAPER PUNCH NOPERFO40 170776ELP",STATIONERY,340
128941,"TAPE CLEAR 48MMX45Y 1X6 264932",STATIONERY,260
126466,"JUVER  DISFRUTA  TROPICAL DRINK 330ML 18",SUPERMARKET,28.98
128172,"YOGLAIT  CHOCOLATE YOGHURT 500G 1",SUPERMARKET,73.98
129198,"TOY CARD MACHINE 1611P","TOYS AND ENTERTAINMENT",66.9
126802,"APPLE GRANNY SMITH KG",SUPERMARKET,667.87655
129342,"SANKOFA PLANTAIN CHIPS SWEET CHILLI JOLLOF 50G",SUPERMARKET,149.9
129390,"PAPER STRAW SILVER 25PCS SET 6X197MM","TOYS AND ENTERTAINMENT",27.6
122579,"PLATE SOUP GLASS IMPERIAL 8 DEEP CRAZY DOTS","HOUSEWARE & KITCHENWARE",14.7
122616,"FRESH CUT YAM CHIPS 1KG 12",SUPERMARKET,319.96
121769,"ROSALINDA MACKEREL 425G  24",SUPERMARKET,681.69
136080,"GOODFEEL COTTON BUDS   100 PCS 12",SUPERMARKET,7.49
133891,"KARCHER VACUUM CLEANER 12L 1629761016280000","HARDWARE & BUILDING MATERIAL",12943
138193,"NUTZY PEANUT BUTTER EXTRA CRUNCY 227G  12",SUPERMARKET,174.93
138236,"ROSSWOOD PREM ROASTED CASHEW NUTS SALTED 168G  24",SUPERMARKET,1402.77
136725,"EVERPACK PARTY TIME FLEX STRAW WRAPPED 6MM   50",SUPERMARKET,402.04
138725,"SANITA MR SERVU 150M SECO  6",SUPERMARKET,395.94
137074,"DR TEALS EUCALYPTUS SPEARMINT  LOTION 532ML  12",SUPERMARKET,1487.88
135891,"FABER CASTELL MARKER MULTI SUPER FINE RED 152321",STATIONERY,103.5
139303,"DAUCY CHOPPED SPINACH 1KG 10",SUPERMARKET,169.98
134590,"BEENO MEDIUM BISCUITS MARROWBONE FLAVOUR 800G 12",SUPERMARKET,1462.81
132027,"DINNER SPOON 6PCS 21CM 45G DYC1 YWU","HOUSEWARE & KITCHENWARE",-69.8
131154,"BEDSHEET FITTED COTTON CANNON 60X80 BS 1312C","HOME DECOR & TEXTILES",34.9
131236,"TEETHER EVA WATER FILLED 45507","TOYS AND ENTERTAINMENT",94.5
13333,"DOVE APA MEN CARE COOL FRESH 250ML X 24",SUPERMARKET,44.99
130178,"TOREN COCO CRUNCHY CHOCOLATE COCONUT BAR 32G 144",SUPERMARKET,8.98
131669,"CAKE TOPPER S892","HOUSEWARE & KITCHENWARE",461.7
148116,"CURTAIN WGROMET EMB JACQ TOURM 02PA6801B","HOME DECOR & TEXTILES",149
146618,"PINEAPPLE GINGER JUICE 500ML",SUPERMARKET,91.96
146900,"VOLTIC NATURAL MINERAL WATER PREMIUM PET 750ML 12",SUPERMARKET,258.84
148538,"VASE MIX COLOR","HOME DECOR & TEXTILES",85
147798,"DOMS A4 DRAWING BOOK COLOR SOFT COVER 36PAGES 7998",STATIONERY,23.7
147431,"CARROT LOCAL PACK APL",SUPERMARKET,160.93
140776,"ACTIVITY BOOK SERIES LEARN EVERYDAY 46X30X15CM",STATIONERY,38.99
144335,"AIRPRO AUTOMATIC REFILL LAVENDER 250ML  12",SUPERMARKET,593.82
140977,"KIKI SUPASTAR MULTIFRUIT DRINK 250ML 24",SUPERMARKET,100.56
13991,"LELE CORNED BEEF 340G 12",SUPERMARKET,1507.71
140032,"AVOCADO  KG",SUPERMARKET,283.4433
154730,"VILEDA MOP HEAD REFILL SUPERMOCIO 3ACTION 167967","HOUSEWARE & KITCHENWARE",207
156770,"CHOPPING BOARD 40X26X12CM BAMBOO YWU","HOUSEWARE & KITCHENWARE",24.9
153849,"MOSAIC STICKERS 1500",STATIONERY,144.5
154900,"WATER BOTTLE INSULATED PP 600 PURO ICETRON","HOUSEWARE & KITCHENWARE",24.9
157279,"DEAR BODY FRAG MIST  MIZ LV UNAGING 250ML 12",SUPERMARKET,99.98
157348,"ZEST TROPICAL ZINGER JUICE DRINK  300ML 10",SUPERMARKET,13.99
155685,"B  FORMULAS FACIAL SCRUB  HONEY ALMD 150ML 12",SUPERMARKET,107.96
151489,"SANTAY SHITO WITH SHRIMP 290G 6",SUPERMARKET,515.92
149295,"CERES NECTAR MFRUIT FUS JUICE DRINK 200ML 24",SUPERMARKET,16.98
152116,"INVOICE BOOK CARBONLESS ABB",STATIONERY,79.6
150588,"LINC PENTONIC BALL PEN AST BRT",STATIONERY,7.9
149577,"DOVE ROLL ON SA WOMEN  EVEN SENSITIVE 50ML  6",SUPERMARKET,285.89
149579,"DOVE BAR SOAP  CLEAN COMFORT 4PK  12",SUPERMARKET,1903.72
150833,"HEAVEN INSECTICIDE SPRAY 600ML  24",SUPERMARKET,1679.72
151235,"CONFORT PIZZA CUTTER FRC K1291114 K0690314","HOUSEWARE & KITCHENWARE",316
165636,"NESTLE CARNATION TEA CREAMER 370G  24",SUPERMARKET,455.81
165732,"CELLO TAPE PLAIN 48MIC 45CMX160M",STATIONERY,232.7
163140,"AFRIWARA SUPA GINSENG TOFFEE 450G  30",SUPERMARKET,323.82
159629,"FREEDOM T ROLL 9S  LEMON 5",SUPERMARKET,50.99
161959,"KIDS WATER BOTTLE 400ML PLASTIC SSPD L00500","HOUSEWARE & KITCHENWARE",29.9
162015,"DOOR MAT COIR PVC 15MM ASSORTED 45X75CM","HOME DECOR & TEXTILES",85
158734,"DOMS FIXY FIX GLUE STICK 15G 3476",STATIONERY,357
160148,"OLD SPICE DEO STICK CAPTAIN 50ML  6",SUPERMARKET,242.97
161336,"FOUNTAIN 31X23X40CM 1232362L","HOME DECOR & TEXTILES",449
160225,"ULTRA COMPACT MEN BODY MIST BRAVE 100ML 48",SUPERMARKET,25.99
160253,"PERLA MINERAL WATER JAR 6L 1",SUPERMARKET,85.33
160268,"ROASTER RECTANGULAR  GLASS 3L PYREX 408B0008046","HOUSEWARE & KITCHENWARE",396
162645,"SERVING BOWL MELAMINE 9 INCHES FEILU 1379","HOUSEWARE & KITCHENWARE",984.5
159216,"BIRTHDAY CANDLE","TOYS AND ENTERTAINMENT",17.98
174402,"WAX CRAYONS EXTRA LONG JUMBO 2372",STATIONERY,104.3
174418,"DISCOVERING DELIGHTS FLAP INSECTSREPTILES",STATIONERY,73.8
174442,"PAPER BAG HOLOGRAPHIC 26X32X125CM KR10731M14","TOYS AND ENTERTAINMENT",12.9
171519,"DR TEALS BODY WASH  PREBIOTIC LEMON  710ML  4",SUPERMARKET,239.98
171558,"YALONG COLOR PENCIL SET 12PCS WBRUSH YL21102512",STATIONERY,98.7
171584,"ELEANOR OLIPHANT IS COMPLETELY FINE",STATIONERY,534
171587,"A GOOD GIRLS GUIDE TO MURDER",STATIONERY,297
174894,"DERBY SHAVING CREAM OCEAN BREEZE 100ML  12",SUPERMARKET,797.79
174123,"TECNO MOBILE POP9 KL4 3GB64GB SMART","ELECTRONICS & TELECOM",1279
174264,"BRISKFARM TOMATO MIX 1KG  12",SUPERMARKET,129.95
175788,"SOFY ULTRA DEEP ABSORB LONG 29CM SINGLE 8X16  16",SUPERMARKET,98.97
167042,"LADLE SKIMMER   XJ7147","HOUSEWARE & KITCHENWARE",498
170022,"DAUCY EXTRA FINE GREEN BEANS 750G 10",SUPERMARKET,89.99
167108,"BEAUTY FORMULAS RETINOL MOISTURIZER 100ML 12",SUPERMARKET,37.99
169350,"STATIONERY SET WCLAMSHELL 5PCS SWEET DREAM",STATIONERY,45
169469,"FORTUNE SPREAD FOR BREAD  10 12G    25",SUPERMARKET,89.88
182338,"PINEAPPLE PCS OSE",SUPERMARKET,29.97
179577,"DIY HAIRBALL PICTURE CRAFT 22X22CM WSTAND ASST DE",STATIONERY,119.6
180084,"CONDOMS   DUREX    INVISIBLE 3PCS 24",SUPERMARKET,38.99
180099,"DOVE BAR SOAP  RESTORING 4PK  12",SUPERMARKET,747.89
180100,"DOVE BAR SOAP  REJUVENATING 4PK  12",SUPERMARKET,428.94
177695,"WESTINGHOUSE COFFEE GLASS DUAL 100ML WCGW009502","HOUSEWARE & KITCHENWARE",828
177810,"NICHE MILK ORANGE CHOCOLATE 90G 10",SUPERMARKET,37.99
177812,"NICHE DARK CHOCOLATE 90G  10",SUPERMARKET,40.99
177916,"FRESH POPS CARAMEL 35G  15",SUPERMARKET,82.9
178218,"BALLOON PUMP","TOYS AND ENTERTAINMENT",26.9
178223,"BATH SPONGE NYLON YWU","HOME DECOR & TEXTILES",154.8
179126,"NONELEC APP  MOBILE PH PROTECT PLAN 500110000",MISCELLANEOUS,-120
179128,"NONELEC APP  MOBILE PH PROTECT PLAN 2002000",MISCELLANEOUS,-120
179155,"FOOTBALL PLAYER MINIATURE DOLL 15 ASSTD DESIGN YW","TOYS AND ENTERTAINMENT",170
177355,"POPPINS CHOCO BUMPS 350G  16",SUPERMARKET,567.84
179251,"ENVELOPE 162X229CM A5 50PCS 80GSM A5 YW",STATIONERY,848.7
179254,"ENVELOPE A4 50PCS 229X324CM 80 GSM BROWN YW",STATIONERY,118
177432,"OUTLIER  THE STORY OF SUCCESS REVELATORY",STATIONERY,59
187985,"COCA COLA CLASSIC GLASS BOTTLE 250ML 24",SUPERMARKET,10.99
187245,"POTOSKY ENGLISH LANGUAGE BASIC 5",STATIONERY,158
187254,"POTOSKY MATHEMATICS BASIC 6",STATIONERY,316
187308,"CURTAIN ROD ANTIQ BRAS 2BRAKET 120210CM M05210AB","HOME DECOR & TEXTILES",1161
185792,"STAEDTLER BALLPOINT PEN 50PCS WCUP 4320 MKP50",STATIONERY,230.3
185838,"CREED YELLOW GOLDEN ENERGY DRINK350ML 12",SUPERMARKET,44.85
183355,"CLOTHES DRYING STAND 60X103CM 78807 YWU","HOUSEWARE & KITCHENWARE",357
183402,"LUCKY STAR PILCHARDS IN TOMATO SAUCE 155G  24",SUPERMARKET,120.89
184336,"BAR SET 9PCS SS 52060","HOUSEWARE & KITCHENWARE",1071
183508,"ICE CHEST 45LTR PROXON SPORTS SERIES TPX2062","HOUSEWARE & KITCHENWARE",1698
184369,"NERO PRIME WATER 500ML  15",SUPERMARKET,206.01
185125,"SAIRO ROLLON ALO VERA 50ML 12",SUPERMARKET,436.81
185196,"SOFT  GENTLE ROLL ON CITRUS TWIST 50ML 6",SUPERMARKET,311.88
185199,"SOFT  GENTLE ROLL ON MAGNOLIA HUG 50ML 6",SUPERMARKET,103.96
184486,"LAUNDRY BASKET PLASTIC HL0042C  36","HOUSEWARE & KITCHENWARE",232.2
194621,"KIDS ABACUS TOY HCL O51001","TOYS AND ENTERTAINMENT",139.3
193291,"KIDS AMBULANCE TOY CAR OPP HCL","TOYS AND ENTERTAINMENT",69.99
192572,"GIFT BAG 18X23X10 7104","TOYS AND ENTERTAINMENT",87.89
193427,"FUTURE INNOVATORSTHE INTERNET OF THINGS 22X28CM",STATIONERY,479.9
193449,"SOLO ID CARD HOLDER  LANYARD PORTRAIT IDCP1",STATIONERY,119.88
193496,"GLASS STORAGE CONTAINER 1520ML DELICIOUS","HOUSEWARE & KITCHENWARE",279.3
190663,"PUFFY HIPPO 15CM 198G","TOYS AND ENTERTAINMENT",643.86
189702,"FANTA COCKTAIL PET 450ML  12",SUPERMARKET,8.99
190991,"3PCS BEDSHEET SET QN PR 230X230CM  ASTD","HOME DECOR & TEXTILES",1946
188860,"BATHMAT 50X80CM BM244 BEIGE CP","HOME DECOR & TEXTILES",59
189847,"GOLDEN PENNY NOODLES JOLLOF CHICKEN FLAVOUR 70G 40",SUPERMARKET,33.48
189852,"DOVE BABY BAR SOAP SENSITIVE MOISTURE 90G 48",SUPERMARKET,560.67
191119,"REALMAN SCENT EDP PURE ORIENTAL  100ML 30",SUPERMARKET,1154.93
189106,"GLOBE MAGNETIC LEVITATING WLIGHT 6 UFO DESIGN",STATIONERY,2198
200699,"COOKWARE 6PCS SET SSTEEL ZHNHROLAND HR1921","HOUSEWARE & KITCHENWARE",469
201901,"PEEVA COLA CARBONATED SOFT DRINK 350ML 20",SUPERMARKET,19.53
195595,"FOOD COVER METAL  605030","HOUSEWARE & KITCHENWARE",169
197860,"HEADPHONES DISNEY STITCH DY9955ST","ELECTRONICS & TELECOM",477
198239,"TCL WASHING MACHINE TT 101KG F211TT","ELECTRICAL APPLIANCES",2549
33964,"SERVING BOWL MELAMINE 10 INCHES ZHN C08210","HOUSEWARE & KITCHENWARE",231.2
40549,"HAPPY DELIGHT TROPICAL JUICE 200ML 24",SUPERMARKET,126.96
35250,"HERO APRICOT JAM 350G 12",SUPERMARKET,799.84
35880,"SNAPPLE APPLE 473ML  12",SUPERMARKET,41.99
35954,"MAXIM NEW LIQUID SOAP  45L  5",SUPERMARKET,200.97
207818,"EXERCISE BOOK NOTE 1 40SHEET 80PAGES",STATIONERY,13.47
29079,"PRIVATE MISS TEEN PAD  10X18 18",SUPERMARKET,34.98
42836,"DOVE SOAP BAR ORIGINAL 4X90GMS  12",SUPERMARKET,271.96
30927,"EASY MOUZOO COCKTAIL TETRAPACK JUICE 200ML 27",SUPERMARKET,565.47
43907,"MILKANA DAIRY DESSERT APRICOT 100G 4 PACK X 6",SUPERMARKET,-42.99
43908,"MILKANA DAIRY DESSERT MIXED BERRIES 100G 4PACK X 6",SUPERMARKET,257.94
23063,"CUSSONS BABY OIL MILDGENT 100ML 48",SUPERMARKET,424.66
37883,"GEURTS CHERRY JAM 450G 12",SUPERMARKET,751.84
24023,"VASELINE PJ BLUE SEAL ALOE VERA 250ML 36",SUPERMARKET,2807.46
39193,"KINDER BUENO WHITE CHOCOLATE 43G 120",SUPERMARKET,62.97
202560,"FROSTED HIGH BOWL 8 G207HM","HOUSEWARE & KITCHENWARE",568.8
206225,"KIVO STRAWBERRY 4 IN 1 GARI SOAKING MIX 60G  40",SUPERMARKET,8.37
74243,"TAMPICO MANGO FRUIT JUICE  300ML  12",SUPERMARKET,12.98
84874,"PAINTING 3D 60X120CM","HOME DECOR & TEXTILES",399
81329,"TASTY TOM TOMATO MIX SACHET 105KG  12",SUPERMARKET,434.39
76063,"SKIPPING ROPES 290M WITH HANDLES RP 01","SPORTS & FITNESS",17.99
76926,"FRESHDAYS NORMAL SCENTED PANTY LINER 24 LINERS  12",SUPERMARKET,458.83
89852,"SHINE  DISPOCUP 200CC  MIX COLORS 60SX50PCS  60",SUPERMARKET,263.67
86440,"WATER BOTTLE CELLO PURO GLISS 900ML","HOUSEWARE & KITCHENWARE",39.9
78275,"NASCO GAS COOKER 4B 60X55 WOVEN SNP 60SNAS60GRL","GAS COOKER & ACCESSORIES",-4889
64096,"YAZZ DUCHESS TOOTHBRUSH HARD BRISTLES  72",SUPERMARKET,172.89
57039,"GREENWORLD MOSQUITO COIL NONSMOKE   60",SUPERMARKET,851.29
69794,"CERES APPLE  200ML  24",SUPERMARKET,623.52
65115,"EXERCISE BOOK NOTE 3 96PAGES HARDCOVER",STATIONERY,20.99
52733,"CLOROX BLEACH  357L  3",SUPERMARKET,254.99
71448,"SERVING TRAY MELAMINE 16 INCHES ZHN B27016","HOUSEWARE & KITCHENWARE",798
71449,"DINNER PLATE MELAMINE 8 INCHES ZHN B27018","HOUSEWARE & KITCHENWARE",853.1
54533,"EVERPACK EVERGREEN TROLL FAMILY PACK 1X24    1",SUPERMARKET,143.98
54713,"SNAPPLE VARIETY PACK 591ML 24",SUPERMARKET,181.93
72670,"DEVA WC GEL LIME FRESH 750ML  18",SUPERMARKET,531.81
73055,"SURE WOMEN APA INVISIBLE AQUA SPRAY 250ML  6",SUPERMARKET,85.98
64089,"YAZZ MONARCH TOOTHBRUSH MEDUIM BRISTLE   72",SUPERMARKET,128.82
A794,"VOLTIC MINERAL WATER 750ML 12",SUPERMARKET,56.49
A797,"RAID CRAWLING INSECT KILLER SPRAY 300ML 24",SUPERMARKET,988.77
CL710,"TAKE AWAY CONTAINER 1000ML 195CMX132CMX75CM","HOUSEWARE & KITCHENWARE",46.8
S949,"KRIS HANDBODY LOTION ELEGANT YELLOW 100ML 72",SUPERMARKET,272.58
93389,"SIGN LOVE 21X10CM","HOME DECOR & TEXTILES",75.8
90619,"TRIDENT TROPICAL TWIST GUM 12 X 14 STICKS 12",SUPERMARKET,166.41
96183,"GREEN WORLD MACHINE REFILL STRAWBERRYBLUEBERRY 24",SUPERMARKET,472.89
96188,"PARIDOX ALATA SAMINA GEL SKIN TONER 500ML 20",SUPERMARKET,539.88
98428,"SERVING TRAY MELAMINE 17 INCHES ZHN 298175","HOUSEWARE & KITCHENWARE",986.7
94259,"NOURA SOAP  150G  48",SUPERMARKET,8.58
91457,"DON SIMON  ORANGE JUICE DRINK 500ML 12",SUPERMARKET,24.49
91534,"DETTOL SOAP SKINCARE  160G   48",SUPERMARKET,879.6
91538,"DETTOL SOAP ORIGINAL 160G   48",SUPERMARKET,1033.53
92203,"JUVER SELECCION  MANGO 200ML 24",SUPERMARKET,28.98
97596,"PASCUAL FLAVOURED YOGURT PINEAPPLE 125G 6",SUPERMARKET,99.98
99644,"PRINCESS ROLL ON ROSE 50ML  6",SUPERMARKET,179.82
92867,"TOYS BUBBLE GUN SET LX0305646","TOYS AND ENTERTAINMENT",85
02387,"PICCADILLY GEM BISCUITS 250G  15",SUPERMARKET,95.94
00361,"ZWAN CHICKEN LUNCHEON MEAT 340G 12",SUPERMARKET,727.86
00362,"ZWAN BEEF LUNCHEON MEAT 200G 12",SUPERMARKET,110.97
00365,"ZWAN CHICKEN HOTDOGS CAN 400G 12",SUPERMARKET,422.91
03486,"WELCHS 100 GRAPE  JUICE  473ML  12",SUPERMARKET,719.84
07208,"PRIMA LIQUID WASHING DETERGENT 45L 6",SUPERMARKET,599.94
09991,"GLUE RAT TRAP BOARD 16X215CM LY8802","HARDWARE & BUILDING MATERIAL",11.99
08835,"FAULTLESS HEAVY SPRAY STARCH LEMON 567G 12",SUPERMARKET,779.87
102311,"PEAK MILK POWDER  GREEN SACHET 350G 6",SUPERMARKET,143.97
102833,"AQUALIS GLYCERIN SOFTNESS BEAUTY SOAP 200G   36",SUPERMARKET,11.99
103889,"BLING DISINFECTANT GARDENIA 5L  4",SUPERMARKET,-57.99
104543,"FONTISSUE TOILET TISSUE 48 ROLLS  1",SUPERMARKET,174.99
105234,"MARILAN ROSQUINHAS RING BISCUITS COCONUT 300G 32",SUPERMARKET,30.98
107793,"GREEN WORLD AIR SPRAY AFRESHNER LAVENDER 300ML 24",SUPERMARKET,29.99
108131,"CURTAIN 52X84  W8GROMMET J2020828","HOME DECOR & TEXTILES",1668
108892,"MARILAN STRAWBERRY WAFER 80G  24",SUPERMARKET,65.61
108719,"XTRA JUICE  ROSE WATER 250ML  24",SUPERMARKET,47.45
109882,"LEARN WITH PHONICS BOOK",STATIONERY,377.1
117876,"MANILA A4 BROWN ENVELPOE 50PCS PACK",STATIONERY,325
118089,"BOWL 3PCS SET WLID CERAMIC T151002","HOUSEWARE & KITCHENWARE",916
119648,"MUTLU BIG ELBOW 400G  20",SUPERMARKET,129.9
117262,"DOMS COLOURED ERASERS 20PCS 7246",STATIONERY,165.6
110062,"ARTIFICIAL CHINESE ENKIANTHUS FLWER 88CM 20200923","HOME DECOR & TEXTILES",8.9
110194,"SERVING TRAY MELAMINE 20 INCHES ZHN A318205","HOUSEWARE & KITCHENWARE",598.5
110231,"HEX DUMBBELL HD15KG","SPORTS & FITNESS",1098
114611,"SPICE SET 4X210CC BURGPOWDBLUGREY CORN M208","HOUSEWARE & KITCHENWARE",29.7
110614,"SOUP PLATE 8 CAMBER BLACK IMPERIAL C2038318","HOUSEWARE & KITCHENWARE",4.9
115058,"SARA CORNED MEAT 400G 24",SUPERMARKET,1147.72
110730,"LA VONCE TOMATO MIX SACHET 70G  100",SUPERMARKET,107.31
113315,"BENNY BEEF SEASONING 17G 42",SUPERMARKET,9.95
111275,"TWININGS JASMINE GREEN TEA 20S  4",SUPERMARKET,135.98
111391,"MAGIC BOOK 2IN1 W10TITLES ED784",STATIONERY,126.4
111402,"EDUCATIONAL CHART W15TITLE HARD LAMINATED ED795",STATIONERY,1531.2
116647,"PRINCE VANILLA BISCUITS 130G  20",SUPERMARKET,246.81
115522,"KIDS DIY BLOCK STORAGE TABLE 58PCS MKM515542","TOYS AND ENTERTAINMENT",459
111844,"AKAI LED TV 65 SMART SAT UHD WBT LT6504T2S2SMT","ELECTRONICS & TELECOM",9599
125898,"LAV TUMBLER 6PCS SET LVLAL304F","HOUSEWARE & KITCHENWARE",79.8
128762,"MARKER FABRIC 12YRS LUXOR 4PCS 333004BC",STATIONERY,74.5
128792,"BALL PEN FOCUS ICY 07MM LUXOR 9PCS 17609BC",STATIONERY,118.8
128816,"STATIONARY SET HOMEOFFICE PACK LUXOR 8PC 13548CS",STATIONERY,438.9
126193,"ZOFLORA COUNTRY GARDEN 120ML  12",SUPERMARKET,1057.77
128896,"STAMP PAD REFILL 271695124083124090ELP",STATIONERY,97.5
126316,"HARIBO HAPPY COLA 154G  12",SUPERMARKET,119.96
128899,"BINDER CLIP E112 19MM 264871ELP",STATIONERY,44.1
128920,"STAPLE REMOVER NOSR45T 170790ELP",STATIONERY,1161.3
126467,"JUVER DISFRUTA PINEAPPLE DRINK 330ML 18",SUPERMARKET,14.49
128008,"DOMS METALLIC BRUSH PEN TRAVEL KIT 10 SHADES 8436",STATIONERY,438
128014,"DOMS REFILO LOP LCK PERMANENT MARKER PEN BLUE 8324",STATIONERY,2.9
126661,"LA SALUD  BLEACH WITH DETERGENT  PINE 5L 3",SUPERMARKET,232.47
122472,"AIRWICK REED DIFFUS WINTER BERRY WONDERLAND 33ML 5",SUPERMARKET,144.98
120995,"LITTLE HOUSE FLOWER STOVE TOY 04854","TOYS AND ENTERTAINMENT",459
124067,"LEMON PRESS PS CARINA BURGPOWDERBLUE 2MM  BG334","HOUSEWARE & KITCHENWARE",49.8
12418,"LACTASOY PLAIN SOYA MILK 500ML 12",SUPERMARKET,74.97
121683,"CURTAIN 52X90 BLKOUT EMB PINK 02PA6436C","HOME DECOR & TEXTILES",119
137773,"KIRKLAND 30 5PKS X 6PCS BATH TISSUE  5",SUPERMARKET,1070.93
138162,"CUSHION FILLER 45X45CM 450G","HOME DECOR & TEXTILES",99.8
138464,"HOLY INSECTICIDE SPRAY 750ML  24",SUPERMARKET,1274.7
134159,"KNOWLEDGE ENCYCLOPEDIA ANIMALS PACKET SET",STATIONERY,821.7
138605,"HAYHAY HEYO 162 24",SUPERMARKET,24.49
138606,"GOFRET WATER HAZELNUT 33G  24 X 6  144",SUPERMARKET,441.32
138789,"COLOUR PENCIL HALF SIZE 12SHADTIN PACKDOMS 8721",STATIONERY,14.9
135396,"APPLE GRANNY SMITH  TRAY 4 COUNT",SUPERMARKET,44.99
134398,"PLEDGE MULTISURFACE CLEANER SPRAY CLASSIC 250ML 6",SUPERMARKET,149.97
139265,"FLAMINGO EXTRA KLEEN VIRGIN TROLL 1X10 7",SUPERMARKET,46.99
135896,"FABER CASTELL BICOLOUR PENCIL SET OF 6 118106 FC",STATIONERY,14.9
139339,"ONIONTFM BAG",SUPERMARKET,594.83
130528,"CASSEROLE 3PCS SET CERAMIC GGK T90042","HOUSEWARE & KITCHENWARE",1832
130918,"COLGATE TOOTHBRUSH DOUBLE ACTION CHARCOAL VP  72",SUPERMARKET,1247.22
131071,"ROMAR REFILL AUTOM AIR FRESH CHERRY 250ML  6",SUPERMARKET,832.83
132409,"GIFT WRAP PAPER WHITEREDBEIGE 53X75CM SXX2351","TOYS AND ENTERTAINMENT",59.94
133194,"SHINE FACIAL TISSUE ECO 150PCS  36",SUPERMARKET,62.45
131359,"ACTIVITY BOOK EB 1011",STATIONERY,206.1
131467,"OBA EVAPORATED MILK 160G 48",SUPERMARKET,190.67
131642,"CAKE FONDANT CUTTER 3PCS SET A8113","HOUSEWARE & KITCHENWARE",34.2
146378,"UNIMAX TRIO DC RED PEN FBTDCRD32",STATIONERY,43.7
147026,"AIRWICK REFILL MED SUN  250ML 4",SUPERMARKET,111.98
147050,"CARNATION TEA CREAMER 18X10X29G 18",SUPERMARKET,1781.34
148829,"CAKE BOARD SQUARE 2MM 25CM OWN USE",SUPERMARKET,445
143205,"PARING KNIFE LEEZAMASTERCHEF 78  KR4","HOUSEWARE & KITCHENWARE",9.8
154612,"HOW TO WIN FRIENDS  INFLUENCE PEOPLE",STATIONERY,877.8
154771,"ASEDA BROWN RICE 2KG 10",SUPERMARKET,92.99
153850,"ACTIVITY BOOKS I CAN SOLVE",STATIONERY,1205.9
156882,"THE 7 HABITS OF HIGHLY EFFECTIVE PEOPLE",STATIONERY,245
156958,"BATH MAT YELLOW 50X80CM BM549","HOME DECOR & TEXTILES",149.7
154105,"BOWL 3PCS SET WLID CERAMIC DESIGNER T86011","HOUSEWARE & KITCHENWARE",693
157493,"MARSHAL MATH SET ABB",STATIONERY,16.9
149218,"AIRPRO NAPHTALENE BALLS COLOURED BIG 300G  60",SUPERMARKET,528.77
152113,"PETTY CASH VOUCHER",STATIONERY,47.6
149435,"WESTINGHOUSE GLASS STORAGE SET 3P RECT WCFC003506A","HOUSEWARE & KITCHENWARE",297
149440," LAV STEMWARE 3PCS SET LVMIS535A","HOUSEWARE & KITCHENWARE",648.7
150576,"LINC PENTONIC BALL PEN AST 3PCS SET BRT",STATIONERY,350
152138,"SINARLINE JUMBO PAD BLOCK WHITE WGLUE PD08652",STATIONERY,86.97
151036,"BIGOO APPLE DRINK 350ML 20",SUPERMARKET,244.11
149956,"PENCIL CASE SILICONE 19X7X5",STATIONERY,25.9
163119,"VIBE BODY LOTION CARROT 500ML 12",SUPERMARKET,79.98
166004,"SO FRESH MANGO FRUIT JUICE 1L 6",SUPERMARKET,158.94
165313,"PENTONIC FROST GEL PEN IN DISPENSER AST 100P 07MM",STATIONERY,23.4
160462,"CASSEROLE SOUP POT 3PCS SET  CERAMIC GGK T103013","HOUSEWARE & KITCHENWARE",1752
158034,"APPLE PINK LADY FRESH PACK",SUPERMARKET,-54.99
161840,"SOAP DISPENSER SET 3PCS GLASS YWU","HOUSEWARE & KITCHENWARE",349.3
159692,"JUKI NUTS  UNSALTED ROASTED CASHEWS 50G  30",SUPERMARKET,287.84
159744,"MUNCHEE MSC STRAWBERRY MILK BISCUITS 35G  72",SUPERMARKET,163.18
159806,"KIDS FLYING TOY TOP 818","TOYS AND ENTERTAINMENT",55
161043,"COLGATE TP CHARCOAL GENTLE CLEAN 210G 4X12  48",SUPERMARKET,419.88
158513,"FESTIVAL FROM CUVEE 0 VANILLA WINE DRINK 750ML 6",SUPERMARKET,50.99
159854,"STICKY NOTE 100X5 500SHEET ASSORTED COL 76X76MM",STATIONERY,183.2
160105,"MOTHER EVAPORATED MILK 400G 24",SUPERMARKET,231.48
16242,"GREENWORLD ECO CLEAN AFRESH ANTI TOBACC 500ML 12",SUPERMARKET,791.82
160374,"HELEMENS SPECIAL EGGS 15PCS PACK",SUPERMARKET,197.96
174420,"LETS CARRY ALONG MULTICOLOUR",STATIONERY,51.6
174462,"SALSALITO NACHO CREAMY CHEESE 80G 40",SUPERMARKET,758.77
174526,"BEL 7 STAR ENERGY DRINK 330ML 16",SUPERMARKET,12.76
171580,"MURDER ON THE ORIENT EXPRESS",STATIONERY,158
171639,"LAST SECRET OF THE SECRET ANNEX",STATIONERY,695
175016,"KIDS MORAL TALES 1 AESOPS FABLES 12 EB1366",STATIONERY,601.57
175130,"PEGS HEAVY DUTY 10PCS SET PLASTIC EVERPACK H328","HOUSEWARE & KITCHENWARE",159.9
175190,"SEARA CUT GREEN BEANS 800G 14",SUPERMARKET,854.81
175209,"SEARA FRENCH FRIES SHOESTRING 77MM  25KG 4",SUPERMARKET,124.99
174262,"BRISKFARM TOMATO MIX 56G  50",SUPERMARKET,91.54
166738,"COLOURING BOOKS",STATIONERY,8.9
166809,"ARIZONA CAN ENERGY HERBAL TONIC 650ML 24",SUPERMARKET,143.94
168211,"AKAI FRIDGE DD 303L RF075AC46D","ELECTRICAL APPLIANCES",6199
167120,"BEAUTY FORMULAS BLACKHEAD FACIAL SCRUB 150ML 12",SUPERMARKET,109.47
167128,"BEAUTY FORMULAS HONEY AND ALMOND FACIAL 150ML 12",SUPERMARKET,35.99
170084,"CLASSIC JAR CUBA NECK 800ML 80903","HOUSEWARE & KITCHENWARE",12.9
168417,"MUG 390ML 175923 RJK","HOUSEWARE & KITCHENWARE",17.7
170310,"KALYON POWDER DETERGENT LAVENDERMAGNOLIA 750GM 20",SUPERMARKET,459.8
170313,"KALYON POWDER DETERGENT LOVELY 750GM 20",SUPERMARKET,390.83
170314,"KALYON POWDER DETERGENT LOVELY 3KG 6",SUPERMARKET,664.93
180265,"SLOTTED TURNER PEAR WOOD HANDLE AA2138","HOUSEWARE & KITCHENWARE",1326.2
181859,"FABER CASTEL TRIFLOW BALL PEN 07MM 50P RED 340720",STATIONERY,113.1
177658,"LOWICZ UHT WHOLE MILK 35 1L 12",SUPERMARKET,69.98
178676,"CURTAIN BLACKOUT BEIGE 54X90 02PA7118B","HOME DECOR & TEXTILES",477
177993,"CHAIR WHITE PLASTIC 55X43X87CM PP126W",FURNITURE,339
179151,"KIDS GUITAR MUSIC TOY WLIGHT","TOYS AND ENTERTAINMENT",900
178318,"DZIRE PROJECTOR SCREEN ELECTRIC 84X84 PES84","ELECTRONICS & TELECOM",1899
179226,"SCHOOL NAME STICKER 175X25CM 10 OPP YW",STATIONERY,545.1
179252,"ENVELOPE A4 50PCS 229X324CM 80GSM WHITE COL YW",STATIONERY,472
185437,"BATHMAT PUFF MF 50X80CM BELLE BEIGE 01MA0616E","HOME DECOR & TEXTILES",948
186062,"WRITING TABLET LCD 85 8520A","TOYS AND ENTERTAINMENT",990
188001,"LAUNDRY BASKET WLID PLASTIC HL0073LC","HOUSEWARE & KITCHENWARE",49.9
187167,"CHEF KNIFE 8INCHES RJK IDA823KD0001","HOUSEWARE & KITCHENWARE",34.9
187247,"POTOSKY MATHEMATICS BASIC 1",STATIONERY,316
187281,"WEIGHT DISC 1133KG SFDISC25LB","SPORTS & FITNESS",798
187288,"CURTAIN ROD MATT BLACK 2BRAKET 120210CM A15210MB","HOME DECOR & TEXTILES",158
187314,"CURTAIN ROD POLIS CROM 2BRAKET 120210CM A07210PC","HOME DECOR & TEXTILES",903
186689,"NIVEA DEO SPRAY BLACKWHITE POWER MALE 200ML 12",SUPERMARKET,137.98
186692,"NIVEA DEO SPRAY DRY IMPACT MALE 200ML 12",SUPERMARKET,169.98
185821,"MCVITIES CHOCOLATE SHORTBREAD 100G  24",SUPERMARKET,335.88
185909,"STAEDTLER COLOUR PENCIL SET NORIS 12PC 185 MD12 02",STATIONERY,1045
185412,"CURTAIN BKT GROM COFF 2P 54X90 02PA7215D","HOME DECOR & TEXTILES",199
183303,"MEASURING JUG 250ML PLASTIC BG670","HOUSEWARE & KITCHENWARE",9.9
183981,"CERAMIC BOWL 6 ZBG31 RJK","HOUSEWARE & KITCHENWARE",245.1
183327,"ICECREAM LOLLY MOULD CACTUS PLASTIC BG692","HOUSEWARE & KITCHENWARE",38.7
184044,"BATH TOWEL 70X135CM","HOME DECOR & TEXTILES",49.9
184069,"COMFORT BLUE ULTRA  FABRIC CONDITIONER 20ML 30",SUPERMARKET,21.49
183432,"STRAINER ZHN 0938","HOUSEWARE & KITCHENWARE",38.7
183514,"WATER BOTTLE PULSE 850ML PHYM1005","HOUSEWARE & KITCHENWARE",14.9
183524,"WATER BOTTLE PICCOLO 1000ML PHY G1030","HOUSEWARE & KITCHENWARE",3312
183606,"CERAMIC COUPE DINNER PLATE 95 FLW95INCH RJK","HOUSEWARE & KITCHENWARE",179.1
184477,"LUNCH BOX PLASTIC HL0048C36","HOUSEWARE & KITCHENWARE",9.9
185328,"BATHMAT BLACK 50X80CM MP 1600GSM TR1967","HOME DECOR & TEXTILES",654
184603,"SOUP BOWL 7 CERAMIC STKLT SK02 RJK","HOUSEWARE & KITCHENWARE",37.8
182926,"SWIZZELS MIGHTY MIX 2X3KG",SUPERMARKET,999.96
193258,"NOX BALL PEN RED 2260312BOX",STATIONERY,26.28
193260,"BLIZZ GOLD BALL PEN BLACK 2640212BOX",STATIONERY,35.88
193270,"METALLIC PAINT MARKER 150306BOX",STATIONERY,77.4
194629,"SPRING TOY RAINBOW HCL O51009","TOYS AND ENTERTAINMENT",64.8
194659,"CERAMIC MUG 500ML MB342","HOUSEWARE & KITCHENWARE",51.6
194697,"FUFU BOWL CERAMIC 9INCHES 24BSH056","HOUSEWARE & KITCHENWARE",39.8
193365,"SENSE  SENSIBILITY POCKET CLASSIC",STATIONERY,39.8
193430,"INVENTORS AND DREAMERS ACTIVITY BOOK 22X28CM",STATIONERY,175.96
193431,"INFLUENCERS WHO CHANGED THE WORLD 22X28CM",STATIONERY,431.91
193458,"SOLO FLIP NOTE 222X1440CM 160 PAGES FN033",STATIONERY,24.99
193463,"SOLO DESK ORGANIZER DL102",STATIONERY,128.97
193477,"DOOR MAT RUBBER PP 16MM ASTD 50X80CM","HOME DECOR & TEXTILES",325
193006,"CAN OPENER ZHN B15A","HOUSEWARE & KITCHENWARE",24.9
195227,"BOUNCY BALL 6CM ASSTD DESIGN HCL O51053","TOYS AND ENTERTAINMENT",63.6
192343,"RULER 30CM MF20103",STATIONERY,196
189897,"DOVES ADVANCE CARE ROLL ON ORIGINAL 72HRS 50ML 6",SUPERMARKET,647.73
191059,"REALMAN DEO ROLL ON PURE NEROLI 50ML 48",SUPERMARKET,251.88
190608,"HAPPY BIRTHDAY HANGING","TOYS AND ENTERTAINMENT",178.5
19939,"ORANCO 50G 10TABSBOX X 20   200",SUPERMARKET,50.97
200306,"HH HOT DOG 10 SAUSAGES 425G 24",SUPERMARKET,620.77
200358,"INGLISH DELUX BLADE DISPOBLE  RAZOR 5 60POUCH",SUPERMARKET,8.79
200392,"REXONA DEO STICK ANTIBACTERIAL 40ML 6",SUPERMARKET,89.98
200781,"COOKWARE SET  14PCS FALU ZHNBAROLY 180823","HOUSEWARE & KITCHENWARE",-1299
196031,"SOFT BALL OCTOPUS HAIRBALL SLL22","TOYS AND ENTERTAINMENT",16.9
195415,"BOOST ENERGY LEMON AND LIME CAN 250ML 24",SUPERMARKET,142.89
40546,"HAPPY DELIGHT MULTI FRUIT JUICE 150ML 24",SUPERMARKET,102.96
21153,"EVERPACK PARTY TIME PLASTIC CUPS 200CC100PCS  30",SUPERMARKET,12.49
21300,"FAULTLESS HEAVY SPRAY STARCH ORIGINAL  567G 12",SUPERMARKET,707.88
30034,"MR MUSCLE  TOILET POWER 750ML  12",SUPERMARKET,74.99
30632,"SANKOFA PLANTAIN CHIPS LIGHTLY SALTED 50G  25",SUPERMARKET,179.88
36985,"IRISH SPRING ORIGINAL SOAP 1063G 18X3PACK 18",SUPERMARKET,863.84
22068,"MENTOS CHEWY DRAGEES FRUIT 14 PCS 24 ROLLS X 8 192",SUPERMARKET,41.96
37659,"DEVA POWER BLEACH  5L 4",SUPERMARKET,95.49
22339,"YOMI YOGHURT VANILLA FLAVOUR 360ML 12",SUPERMARKET,105
24026,"VASELINE PJ BLUE SEAL ORIGINAL 100ML 12",SUPERMARKET,224.91
45986,"WATER BOTTLE  600ML PLASTIC YWU","HOUSEWARE & KITCHENWARE",9.9
46602,"PARIDOX FRESH ALATA SAMINA SOAP LEMON 500G  20",SUPERMARKET,747.83
25199,"MRS BECTORS DIGESTIVE COOKIES 250G 12",SUPERMARKET,19.99
32786,"EASY MOUZOO MANGO TETRAPACK 200ML 27",SUPERMARKET,153.72
46884,"SERVING BOWL MELAMINE 10 INCHES ZHN C03510","HOUSEWARE & KITCHENWARE",824.4
33502,"MYSTIC ORCHARD AUTO REFILL  LAVENDER   12",SUPERMARKET,119.97
40092,"7UP SUGARFREE CARBONATED DRINK 330ML 24",SUPERMARKET,155.88
202510,"MONTY MOON CHIPS TOMATO 25G  50",SUPERMARKET,119.6
202555,"FROSTED GRILL PLATE 12 F019105M","HOUSEWARE & KITCHENWARE",872
202627,"PLATE 10 G3300610","HOUSEWARE & KITCHENWARE",928.8
204275,"SIGMA WASHING MACHINE TT 15KG WMS150TT","ELECTRICAL APPLIANCES",3199
205529,"MILKY MIST SWEETEND CONDENSED MILK 200G  48",SUPERMARKET,1221.53
204558,"MARILAN BISC AGUA E SAL 140G  40",SUPERMARKET,232.12
79293,"CADELMONTE EXTRA VIRGIN OLIVE OIL 500ML 12",SUPERMARKET,119.99
80160,"TOOTHBRUSH CUP RACK  SUCTION R5030 RJK","HOUSEWARE & KITCHENWARE",239.4
87989,"JUVER SELECCION PEAR BOTTLE JUICE  850ML  12",SUPERMARKET,679.84
75457,"BUTCHERS CHICKEN  IN JELLY DOG FOOD 400G  24",SUPERMARKET,287.92
80841,"RINGS FOR CURTAIN ROD METAL Q00128","HOME DECOR & TEXTILES",34.2
88922,"AKAI CEILING FAN 56 EF082AC5610WS","ELECTRICAL APPLIANCES",1197
81498,"DOLAIT PINEAPPLE YOGHURT 125G 10",SUPERMARKET,99.9
81667,"ARIZONA LEMONADE FRUIT COCKTAIL 650ML CAN  24",SUPERMARKET,71.97
90117,"HAND MIRROR WHANDLE YWU","HOUSEWARE & KITCHENWARE",29.9
49382,"DELTA  FACIAL TISSUE 1X150X36",SUPERMARKET,356.19
59153,"SAKURA WALL CLOCK  ZX6385","HOME DECOR & TEXTILES",798
65156,"LORENZ CRUNCHIPS PAPRIKA 100GMS  12",SUPERMARKET,22.99
69992,"DOLAIT YOGHURT NATURE 500G 1",SUPERMARKET,35.99
71350,"DOLAIT PINEAPPLE YOGHURT 70G 10",SUPERMARKET,289.42
71811,"TITOS SARDINES IN VEGETABLE OIL 125G   50",SUPERMARKET,131.88
61535,"PARLE G ORIGINAL GLUCO BISCUITS 21GM  72",SUPERMARKET,68.67
53791,"ORO AIR FRESHNER BABY COLOGNE AUTOMATIC 335ML  6",SUPERMARKET,389.94
72354,"BEST IN PINEAPPLE EXTRA JAM 454G  6",SUPERMARKET,-74.99
72784,"HEAVEN INSECTICIDES  SPRAY 750ML 12",SUPERMARKET,813.89
72785,"HEAVEN INSECTICIDE  SPRAY 400ML 24",SUPERMARKET,1049.79
72788,"HEAVEN MOSQUITO COILS 60 PACKETS",SUPERMARKET,539.73
68487,"CAL Y CANTO DRY WHITE  750ML 6",SUPERMARKET,84.99
63870,"CAMEL ANTI SOAP COOLING MENTHOL 175G 36",SUPERMARKET,449.7
69225,"HI5 CHOCO MALT  DRINK  500ML   12",SUPERMARKET,42.45
X937,"EVEN FULL CREAM UHT MILK 1L 12",SUPERMARKET,2483.54
I007,"LINOLEUM PVC FOAM THCK 12MM X 70 X 30YDS BC","HOME DECOR & TEXTILES",11472.85
CL760,"CRISPER CONTAINER RND 3750ML 20CMX17CM","HOUSEWARE & KITCHENWARE",141.9
N114,"GILLETTE BLUE 2 PLUS TWIN BLADE 5PC IN POUCH  24",SUPERMARKET,515.88
N157,"KINGSBITE CHOCOLATE 50G 10TABSBOX  X 20  200",SUPERMARKET,339.8
N243,"LACTASOY PLAIN SOYA MILK 250ML 36",SUPERMARKET,83.94
D241,"CERES ORANGE 200ML 24",SUPERMARKET,549.5
N565,"AKWABA FACIAL TISSUES 150 SHEETS  36",SUPERMARKET,10.99
N857,"CUSSONS BABY SOAP MILD GENTLE 70G 96",SUPERMARKET,353.41
90621,"WRIGLEY 5 SPEARMINT RAIN GUM 15PCS  10",SUPERMARKET,87.98
94243,"MADAR DETERGENT POWDER 400G  12",SUPERMARKET,135.92
96468,"JOHNWEST TUNA CHUNKS IN SUNFLOWER OIL 125G 12",SUPERMARKET,1719.57
96475,"PASCUAL GREEK YOGURT VANILLA 125G  4 X 6",SUPERMARKET,66.99
97250,"SAIRO  ROLL ON  UNISEX DERMO 50ML   12",SUPERMARKET,206.91
92195,"JUVER SELECCION CRANBERRY BOTTLE JUICE 850ML 12",SUPERMARKET,212.45
92266,"KLEESOFT 3IN1 ANTIBACT ESSENCE SOAP BLUE 110G  48",SUPERMARKET,4.29
00364,"ZWAN CHICKEN COCKTAIL 120G 24",SUPERMARKET,799.75
03887,"OREO DOUBLE STUFF COOKIES 157G  16",SUPERMARKET,34.99
04162,"ARIZONA ICED TEA LEMON FLAVOUR 650ML 24",SUPERMARKET,71.97
06527,"CADBURY FRUIT AND NUT BAR 49G 48",SUPERMARKET,1121.49
09480,"BADIA GROUND BLACK PEPPER 567G  8",SUPERMARKET,415.92
102099,"DOVE BODY WASH SOOTHING ALMOND 720ML  12",SUPERMARKET,845.91
102524,"MOMEASY STANDARD FEEDING BOTTLE 8OZ 44614","TOYS AND ENTERTAINMENT",154.5
103812,"GIVERS ROZONE 5L  4",SUPERMARKET,419.94
104346,"NON WOVEN STORAGE RACK 63X53X255CM 99X1663GD RJK","HOUSEWARE & KITCHENWARE",9.9
105449,"RAYNERS VANILLA FLAVOUR  28ML 12 X 12",SUPERMARKET,2158.56
105538,"FLOWER POT ROUND 31X24 PLASTIC 1905","HOME DECOR & TEXTILES",530.1
105257,"MARILAN  TRADITIONAL SHORTBREAD 131G  28",SUPERMARKET,50.94
106892,"PARLE GINGER SNAP COOKIES 52G  48",SUPERMARKET,2.29
109866,"COPY COLOUR BOOKS",STATIONERY,662.49
109287,"FESTIVA PRAWN CRACKERS 227G  60",SUPERMARKET,611.49
119311,"REXONA ROLL ON  SHOWER FRESH  50ML  6",SUPERMARKET,436.81
117149,"MSEAL CONTAINER RECT GLASS 2000ML FRC N1041110","HOUSEWARE & KITCHENWARE",458
117260,"DOMS DUST FREE ERASER BOX 20PCS 3420",STATIONERY,699.6
117263,"DOMS SPORTS COLLECTABLE CAR ERASER DISPLAY 7285",STATIONERY,11.7
110068,"ARTIFICIAL FLOWER 3 BUNCH 78CM 20200932","HOME DECOR & TEXTILES",37.8
114487,"SOUP BOWL 2PCS SET  CERAMIC T103021","HOUSEWARE & KITCHENWARE",438
114771,"FANICE VANILLA  CHOCOLATE DOUBLE TREAT 1L 1",SUPERMARKET,93.98
114781,"NIVEA MEN DEEP ESPRESSO ROLL ON 50ML  30",SUPERMARKET,113.97
110733,"LA VONCE TOMATO PASTE TIN 22KG  6",SUPERMARKET,521.91
110734,"LA VONCE TOMATO MIX SACHET  11KG  12",SUPERMARKET,256.41
110745,"SANITA CLUB TRASH BAGS 5GALLONSX30    24",SUPERMARKET,731.76
110931,"YOGLAIT DRINKING YOGHURT RASPBERRY 200ML 1",SUPERMARKET,559.44
115334,"LA SALUD CONCENTRATED SOFTNER  BLUE 135L  9",SUPERMARKET,46.99
115371,"TROLLEY WWHEEL 3LAYER RECT 49X32X68CM PP506005","HOUSEWARE & KITCHENWARE",298
111401,"MATHS WORK AND ACTIVITY BOOK W4TITLES ED794",STATIONERY,478.8
116651,"PRINCE VANILLE 60G  35",SUPERMARKET,287.52
113927,"BRINOX QUICHE PAN 24CM NONSTICK BAKEWARE 1460106","HOUSEWARE & KITCHENWARE",1221.8
124793,"BATH TOWEL 70X135CM ASTD STRS12","HOME DECOR & TEXTILES",118
127339,"EXETER CHICKEN LUNCHEON MEAT 320G 24",SUPERMARKET,1187.64
128772,"MARKER WHITEBOARD 650 12YRS LUXOR 4PCS 33004BC",STATIONERY,131.4
128788,"BALL PEN INKGLIDE 07MM LUXOR 10P BL 1660110CELLO",STATIONERY,17.9
128827,"TASTY TOM JOLLOF MIX 11KG  12",SUPERMARKET,664.86
125251,"BUMBLE BABY DIAPERS TWIN N4 MAXI  36PCS  5",SUPERMARKET,567.96
128905,"BINDER CLIP E108 25MM 264918ELP",STATIONERY,696
125386,"OKF BEAUTY COLLAGEN ZERO SUGAR 500ML 20",SUPERMARKET,134.95
125458,"WALL LAMP OUTDOOR 14X20X32CM BLCKGLASS ML213291W","HOME DECOR & TEXTILES",299
129142,"TOY DIY PAINTING KIDZ HD2615","TOYS AND ENTERTAINMENT",199.2
122140,"BRINOX WOK WLID 28CM RED ALU SAFFRON 7201162","HOUSEWARE & KITCHENWARE",99
124424,"APPLE GOLDEN DELICIOUS  KG",SUPERMARKET,347.99765
124438,GRAPEFRUITKG,SUPERMARKET,65.786
12404,"BINE MULTI PURPOSE LIQUID SOAP 25L 6",SUPERMARKET,44.99
124050,"HOOK APPLE PLASTIC 6X1 BG255","HOUSEWARE & KITCHENWARE",119.4
124066,"DART BOARD 45CM W6PCS DARTS  BL18012","SPORTS & FITNESS",199
121308,"ONE YOGO VANILLA YOGHURT 2L 1",SUPERMARKET,229.98
122702,"INCENSE STICK SMALL  LAXMI DHOOP AG 06",SUPERMARKET,1611
124473,"BUTTERNUT SQUASH  KG",SUPERMARKET,236.00556
121623,"PICK  MIX CANDIES KG",SUPERMARKET,18028.02885
134290,"FLOOR WIPER WHANDLE PAREX 55CM 1909893","HOUSEWARE & KITCHENWARE",708
139017,"NESTLE KITKAT 4 FINGERS  415G X 24",SUPERMARKET,21.99
135861,"FABER CASTELL STRETCHED CANVAS 3X3 890303",STATIONERY,16.9
135866,"FABER CASTELL PAINT TEMPERA 10ML 6PC SET 144106 FC",STATIONERY,193.7
137276,"TORENTOREN WAFERS COCOA CREAM D FC COCO W 55G 144",SUPERMARKET,37.74
135903,"MOP WSPIN BUCKET 14L PLASTIC UP606017","HOUSEWARE & KITCHENWARE",99
134693,"HUSKY HOMESTYLE CHICKEN 385G 12",SUPERMARKET,32.99
129607,"OPENER SINGAPORE DESIGN YWU","HOUSEWARE & KITCHENWARE",9.9
129613," COLORING BOOK BFLY CRAYOLA 2904CYCB1",STATIONERY,159.9
129614,"ACTIVITY BOOK DOT TO DOT CRAYOLA 2965CYDD",STATIONERY,645.3
133210,"WIPE LIQUID HANDDISHWASH SOAP ASSORTED 500ML  25",SUPERMARKET,19.99
131311,"CROWNSTAR COOKWARE 6PCS SET MC22028 RK","HOUSEWARE & KITCHENWARE",449
130131,"AWAKE MELCOM WATER 750ML 16",SUPERMARKET,80.15
146229,"WINDOW SHADE YE3140X180 SILVER","HOME DECOR & TEXTILES",858
146233,"WINDOW SHADE YE3140X180 L BROWN","HOME DECOR & TEXTILES",399
14827,"DEVA SOFTENER  LAVENDER 2L  6",SUPERMARKET,497.94
148981,"LG FRIDGE SBS 519L SILVER GCFB507PQAM","ELECTRICAL APPLIANCES",22599
139567,"ORANGE IMPORT FRESH PACK",SUPERMARKET,263.92
140754,"SPORTSGAMES MY JUMBO BOOK 46X30X10CM",STATIONERY,398.4
141051,"BOWL 3PCS SET WLID CERAMIC GYC891001","HOUSEWARE & KITCHENWARE",876
153766,"FABER CASTELL PLASTIC RULER 12 171220",STATIONERY,5.9
155917,"ROSSWOOD RAW CASHEW 500G  12",SUPERMARKET,291.98
153521,"ELLEVIRE MARQUIS SALTED 80 FAT 200G  20",SUPERMARKET,1084.69
151592,"SOFT  GENTLE DEO  MAGNOLIA HUG  250ML 6",SUPERMARKET,173.96
153265,"LAV STEMWARE 3PCS SET LVMIS560","HOUSEWARE & KITCHENWARE",59
149433,"WESTINGHOUSE GLASS CONTAINER SET 3PCS WCFC003306A","HOUSEWARE & KITCHENWARE",716
149434,"WESTINGHOUSE GLASS CONTAINER WLID 6PC WCFC003412A","HOUSEWARE & KITCHENWARE",438
150554,"PIN  CLIP DISPENSER MPDR50",STATIONERY,375
150584,"GINO MAGIC PEPPE  ONION 200G  24",SUPERMARKET,175.84
150598,"LINC PENTONIC MULTIPURPOSE GUMSTICK 12PC DISPENSER",STATIONERY,79
152174,"ROUND STRIPED BABY GIRL 17 MKR197603","TOYS AND ENTERTAINMENT",498.8
152209,"CLAPPERS BABY WET WIPES 120PCS AURA  GREEN  12",SUPERMARKET,26.99
149756,"BAKING MOULD WHIRL SILICONE ILB BD600KB0468 RK","HOUSEWARE & KITCHENWARE",14.9
153404,"PAPAYA KG APL",SUPERMARKET,1.3993
164367,"BABY STROLLER 90X49X65CM JB8004","TOYS AND ENTERTAINMENT",849
164849,"CHOPPING BOARD WITH KNIFE SILVER","HOUSEWARE & KITCHENWARE",558
164926,"KIDS RIDEON CAR ELECTRIC RED JE1618 6V LEXUS","TOYS AND ENTERTAINMENT",3099
159533,"B  FORMULAS FACIAL WIPES SENSITIVE 30S 12",SUPERMARKET,143.43
161828,"MIRROR 50X50CM","HOME DECOR & TEXTILES",199
159693,"JUKI NUTS SEA SALT ROASTED CASHEWS 50G  30",SUPERMARKET,143.92
160849,"WINDOW SHADE BLACKOUT ROLLER 453180X200CM","HOME DECOR & TEXTILES",3003
161896,"FLOWER POT 9X86CM HY10372","HOME DECOR & TEXTILES",22.9
162011,"DOOR MAT COIR PANAMA 8MM ASSORTED 45X75CM","HOME DECOR & TEXTILES",552
159862,"PIN LARGE 10PCS",STATIONERY,70.8
159864,"U PIN 80PCS 28MM",STATIONERY,39.2
161314,"BELPAK JUMBO TROLL  12",SUPERMARKET,14.99
160163,"MUSICAL NUMERIC MAT PEVA 110X36CM YQ8123","TOYS AND ENTERTAINMENT",597
160233,"AIRPUREFRESH TRIGGER SPRAY CITRUS ZING 250ML  24",SUPERMARKET,275.94
160262,"MIXING BOWL WHANDLE GLASS 28L PYREX 404B0008046","HOUSEWARE & KITCHENWARE",445
161477,"CURTAIN SHEER 54X90  BEIGE","HOME DECOR & TEXTILES",89
160307,"PYREX CASSEROLE ROUND GLASS 51L 118A0007643","HOUSEWARE & KITCHENWARE",747
160310,"PYREX CASSEROLE RECTANGLE 45L 465A0007644","HOUSEWARE & KITCHENWARE",657
159197,"FLOWER CANDLE PLASTIC","TOYS AND ENTERTAINMENT",38
174434,"PAPER BAG 18X23X8CM KF14063M14","TOYS AND ENTERTAINMENT",10.9
174523,"DOMS OIL PASTELS 12SHADE 80391",STATIONERY,117.3
171581,"GUEST LIST THE",STATIONERY,79
171630,"THEY BOTH DIE AT THE END",STATIONERY,158
171663,"HEIR OF FIRE",STATIONERY,756
175042,"HOW TO WIN FRIENDS INFLUENCE PEOPLE S077 EB1353",STATIONERY,479.7
175222,"COLGATE TB DOUBLE ACTION CHARCOAL 4PCS  24",SUPERMARKET,433.86
167001,"UNLIMITED WRITE WIPE PRACTICE BORAD 2TITLES",STATIONERY,556.2
169992,"MRS BECTORS BOURBON CREAM 120G 40",SUPERMARKET,7.99
167087,"NATURA WOKPAN 28CM WLID CHN B2269295","HOUSEWARE & KITCHENWARE",349
167155,"ACTIVE TOOTHBRUSH CONTROL ACTION 3IN1 12",SUPERMARKET,25.99
169362,"PAINTING SET PAW PATROL",STATIONERY,51.8
179414,"BEEQUENCH SOBOLO HIBISCUS HOT  SPICY  DRINK 1L 1",SUPERMARKET,187.96
181533,"FACE TOWEL 4PCS SET RLFT412X12RUST","HOME DECOR & TEXTILES",34.9
179854,"AKAI BLENDER WMILL 18L 500W BD078A92M","ELECTRICAL APPLIANCES",359
181995,"FABER CASTELL FINGER PAINT SET 6PCS 30ML 122761",STATIONERY,550.8
179981,"WINDOW CURTAIN YD PL GROMT SLBL 54X90 24EHM002","HOME DECOR & TEXTILES",169
180102,"DOVE BAR SOAP 90G PINK 48",SUPERMARKET,-16.99
180959,"SEARA STRAWBERRY 400G 20",SUPERMARKET,24.99
178643,"PLACEMAT SET 6PCS PVC 12X18 04PL0171","HOME DECOR & TEXTILES",69
177811,"NICHE COCONUT CHOCOLATE 90G  10",SUPERMARKET,37.99
177947,"FAIRY TALE UNCLE MOON BOOK SERIES 16PGS 22X28CM",STATIONERY,311.5
179034,"KITCHEN SET TOY PLAYSET 2DESIGN MIX 3YRS OPP YW","TOYS AND ENTERTAINMENT",24.9
179035,"FISHING TOY PLAYSET 3YRS OPP YW","TOYS AND ENTERTAINMENT",56.7
179127,"NONELEC APP  MOBILE PH PROTECT PLAN 20015000",MISCELLANEOUS,-60
179149,"KIDS GUITAR 23","TOYS AND ENTERTAINMENT",1780
176433,"KIDS HULK WSKATE TOY","TOYS AND ENTERTAINMENT",35.99
179231,"CASH RECEIPT 215X145CM",STATIONERY,41.7
179255,"ENVELOPE DL GIFTING 4PCS ENVELOPE 22X11CM ASST COL",STATIONERY,21.98
179336,"DIARY HARD BOUND 21X145CM 80GSM A5 YW",STATIONERY,23.9
179337,"SCHOOL STICKER 175X25CM OPP YW",STATIONERY,86.9
178546,"SAIRO SHAVING FOAM SPRAY 250ML  6",SUPERMARKET,257.94
178549,"VACUUM MUG WSTRAW 900ML SSTEEL STAN TYPE YWU","HOUSEWARE & KITCHENWARE",445
185431,"CURTAIN BKT GROM BURG 2P 54X90 02PA7214E","HOME DECOR & TEXTILES",995
187010,"BATHROOM 6PCS SET PLASTIC 8033 YWU","HOUSEWARE & KITCHENWARE",398
186398,"KLETS SPEARMINT SUGAR FREE CHEWING GUM 200PCS PK",SUPERMARKET,62.58
187246,"POTOSKY ENGLISH LANGUAGE BASIC 6",STATIONERY,316
187272,"WORKOUT BENCH SFABSDUMB2X15KG","SPORTS & FITNESS",999
187300,"CURTAIN ROD MATT BLACK 3BRAKET 160300CM M16300MB","HOME DECOR & TEXTILES",891
187313,"CURTAIN ROD POLIS GOLD 2BRAKET 120210CM A07210PG","HOME DECOR & TEXTILES",903
186684,"NIVEA DEO SPRAY DRY COMFORT FEMALE 200ML 12",SUPERMARKET,68.99
186915,"BATHMAT 50X80CM D2 MP ASTD 6COLORS JBT52202","HOME DECOR & TEXTILES",495
183096,"APPLE FLASH GALA KG",SUPERMARKET,700.60985
183986,"CERAMIC BOWL 6 ZBG119 RJK","HOUSEWARE & KITCHENWARE",129
183353,"CLOTHES DRYING STAND MAYSA 150521 2065","HOUSEWARE & KITCHENWARE",349
184381,"CLOTHES HANGER 10PCS SET 40CM METAL XZ32658141 YWU","HOUSEWARE & KITCHENWARE",39.9
185195,"AKAI WALL FAN 18 EF129A1802W","ELECTRICAL APPLIANCES",589
183574,"COLGATE TP HERBAL SALT  6X12 70G  72",SUPERMARKET,389.7
183617,"DINNER SPOON 6PCS 2920DS","HOUSEWARE & KITCHENWARE",24.9
182903,"CHERELLE 40 MILK CHOCOLATE 90G 16",SUPERMARKET,489.86
185326,"BATHMAT BLACK 50X80CM MP 1600GSM TR2875","HOME DECOR & TEXTILES",1090
193255,"YAP BALL PEN BLUE 2230312BOX",STATIONERY,21.89
194650,"POM POM A 3DESIGNS HCL O51021","TOYS AND ENTERTAINMENT",153.93
194664,"KIDS CLEANING SET WDOLL FUNNY MKI847142 O51030","TOYS AND ENTERTAINMENT",59
194709,"SIDE PLATE CERAMIC 8INCHES QW003","HOUSEWARE & KITCHENWARE",9.9
193434,"JUNIOR GENIUS",STATIONERY,239.95
193441,"SOLO PUNCHLESS FILE LEVER CLIP PL301",STATIONERY,559.8
193459,"SOLO ECO FRIENDLY NOTEBOOK A5 160PAGES RNA505",STATIONERY,83.97
193497,"GLASS STORAGE CONTAINER 2PCS SET 1040ML DELICIOUS","HOUSEWARE & KITCHENWARE",375
195080,"BURCUBON BUTTER MILK 350G 10",SUPERMARKET,337.87
192354,"CANVAS 20X20X16CM DY06120",STATIONERY,415.8
192362,"PEN CASE 208X70X26MM SN002302",STATIONERY,423.3
192364,"STICKY NOTES SET 148X65MM MF995379",STATIONERY,268.2
189591,"DOVE GO FRESH ROLL ON 72H POMEGRANATE 50ML 6",SUPERMARKET,103.96
190722,"SCISSORS 3PCS SET YWU","HOUSEWARE & KITCHENWARE",44.7
191053,"REALMAN DEO ROLL ON PURE SPICY 50ML 48",SUPERMARKET,398.81
191060,"REALMAN DEO ROLL ON PURE COLOGNE 50ML 48",SUPERMARKET,188.93
191129,"FOGG SCENT EDP  MIDNIGHT PURPLE 100ML 30",SUPERMARKET,189.99
192057,"CUTTING TOOLS SET WITH CHOPPING BOARD LDS3082025F","HOUSEWARE & KITCHENWARE",1156
189402,"KENWOOD WATER DISPENSER WFRIDGE GLASS WDG10000BK","ELECTRICAL APPLIANCES",2649
192306,"FOLDING CHAIR BLACK VS1311BLK",FURNITURE,249
200315,"HH BEEF LUNCHEON MEAT 198G 24",SUPERMARKET,417.81
198397,"WALL CLOCK 506X506X45 2071B","HOME DECOR & TEXTILES",716
198446,"DINNER PLATE SQ 8INCHES CERAMIC EMBOSSED YWU","HOUSEWARE & KITCHENWARE",645.6
201913,"RED CHILLI PEPPER PACK DGL",SUPERMARKET,119.94
196077,"MERCEDESBENZ INERTIA BIGG DD2819","TOYS AND ENTERTAINMENT",49.8
196912,"TOREN XMAS DEL MILK COMPOUND CHOC  DRAGEES 50G 144",SUPERMARKET,25.96
196866,"SARA BEEF PATE 400G 24",SUPERMARKET,319.8
49190,"POMO TOMATO PASTE  PILLOW PACK 380G   24",SUPERMARKET,390.77
40548,"HAPPY DELIGHT TROPICAL JUICE 1L  6",SUPERMARKET,82.47
40605,"RITTER WHITE WHOLE HAZELNUTS PERFECTIN 100G X 10",SUPERMARKET,317.94
27200,"SENAC SPARKLING APPLE  750ML  6",SUPERMARKET,48.99
21699,"CLUB LAGER PREMIUM MINI BEER 330ML 24",SUPERMARKET,1273.02
22636,"SANKOFA PLANTAIN CHIPS CHICKEN WITH GINGER 50G  25",SUPERMARKET,284.81
37831,"KALYON KITCHEN CLEANER LEMON 750ML 12",SUPERMARKET,329.89
38044,"PARIDOX ALATA SAMINA BS GEL LEMON 450ML 20",SUPERMARKET,545.87
32788,"EASY MOUZOO APPLE JUICE TETRA PK 200ML  27",SUPERMARKET,186.66
32790,"EASY MOUZOO PINEAPPLE TETRA PACK  200ML 27",SUPERMARKET,411.75
26295,"DOVE MEN CARE EXTRA FRESH SPRAY 250ML 24",SUPERMARKET,-44.99
202580,"FROSTED SMALL DISH 34 C06531M","HOUSEWARE & KITCHENWARE",382.2
202850,"DINNER PLATE 10INCHES GREY CERAMIC P60054","HOUSEWARE & KITCHENWARE",12.9
204563,"MARILAN BISC MARIA 300G  24",SUPERMARKET,305.82
74479,"UMBRELLA AUTO 70CM 10 RIBS","HOME DECOR & TEXTILES",1416
87493,"MYDIBEL PREMIUM CRUNCH  FRIES 1010 25KG 4",SUPERMARKET,1039.92
87807,"HEAVEN  MULTI  PURPOSE MARGARINE 250G 60",SUPERMARKET,654.81
87990,"JUVER SELECCION PEACH BOTTLE JUICE  850ML  12",SUPERMARKET,382.41
84807,"ZWAN 8 CHICKEN HOTDOGS IN BOTTLE  320G  12",SUPERMARKET,419.95
85041,"POOL TABLE WOODENPVC 8FT GREEN KBL7901G","SPORTS & FITNESS",8499
85046,"SOCCER TABLE WOODENPVC 48X24X32 KBL8023","SPORTS & FITNESS",2099
81728,"DOVE SHEA BUTTER SOAP 4X90G 12",SUPERMARKET,1019.85
85987,"COLGATE TP SENSITIVE REPAIRPREVENT 75ML   48",SUPERMARKET,207.96
77655,"PARIDOX AFRICAN  BLACK SOAP HONEY BATG GEL500G  20",SUPERMARKET,263.94
90091,"STUDDS CREST ECO FULL FACE MB HELMET MEDIUM 57CM","HARDWARE & BUILDING MATERIAL",269
64158,"SASSO INSECTICIDE SPRAY LEMON SCENTED 750ML  12",SUPERMARKET,1727.82
49705,"FA  ROLLON ATTRACTION FORCE 50ML  24",SUPERMARKET,479.8
69543,"PARIDOX NATURAL SKIN TONER GEL 450ML  20",SUPERMARKET,899.8
69713,"PARLE MILK SHORTCAKE BISCUIT 455G 48",SUPERMARKET,109.92
65116,"TEACHERS NOTE BOOK 192PAGES",STATIONERY,81.98
71327,"FLORA TISSUE PAPER 2PLY MELCOM BRAND 165SHEETS  36",SUPERMARKET,402.15
61259,"ROMAR AUTOM AIRFRESH REFILL MERMAID NO 4 250ML  6",SUPERMARKET,97.98
72125,"SENAC SPARKLING BLACKBERRY 750ML  6",SUPERMARKET,48.99
72127,"SENAC SPARKLING CHOCOLATE  750ML  6",SUPERMARKET,48.99
67793,"IRISH SPRING ALOE SOAP 1063G 18X3PACK  18",SUPERMARKET,1025.81
63888,"SABA DETERGENT POWDER 150G  40",SUPERMARKET,4.99
69059,"AMERICAN COLA CAN 330ML  24",SUPERMARKET,8.99
69154,"AWAKE MINERAL WATER 500ML  16",SUPERMARKET,11.94
X890,"DETTOL ANTISEPTIC LIQUID 500ML   24",SUPERMARKET,3149.65
X953,"CERES SECRET OF THE VALLEY 1L 12",SUPERMARKET,89.98
D243,"CERES SECRECT OF THE VALLEY JUICE 200ML  24",SUPERMARKET,506.61
N566,"AKWAABA TISSUE  SMALL SIZE 76SHEETS 36",SUPERMARKET,167.76
D711,"GEISHA MACKEREL 425G 24 12225",SUPERMARKET,935.64
D903,"ROYAL LATHER SOAP 150G 48",SUPERMARKET,9.29
90485,"EMBORG U GO RASPBERRY 100G 20",SUPERMARKET,10.99
90614,"CURTAIN ROD SINGLE 160310 11032300AC","HOME DECOR & TEXTILES",42.9
90633,"CURTAIN ROD EXTANDABLE SIZE 210300CM 11032300MB","HOME DECOR & TEXTILES",95
94233,"EVEREADY BATTERY SUPER HEAVY DUTY  1X20 AAA4","ELECTRICAL APPLIANCES",68
94430,"LELE KETCHUP 340G   24",SUPERMARKET,13.99
98525,"GREEN WORLD MACHINE REFILL AFTER RAIN FRESHNES  24",SUPERMARKET,257.94
98547,"GETTOL ANTISEPTIC LEMON 125ML  48",SUPERMARKET,116.28
94775,"COLOURED PEPPERS IMPORT  KG",SUPERMARKET,14.3994
94793,"GRAPE RED SEEDLESS LARGE  PACK",SUPERMARKET,49.99
98980,"CAKE CARRIER WLID 23CM ROUND PLASTIC J50570030 YWU","HOUSEWARE & KITCHENWARE",32.9
97353,"SAIKIRPA NAPHTHALENE BALLS WHITE 150G  120",SUPERMARKET,371.69
99647,"PRINCESS ROLL ON LILAC 50ML  6",SUPERMARKET,209.79
00363,"ZWAN CHICKEN LUNCHEON MEAT 200G 12",SUPERMARKET,303.92
01700,"DEEMAH NEO VANI CREAM CHOCO SANDW BISCUIT 68G  24",SUPERMARKET,33.87
03749,"DOVE APA PEAR ALOE VERA 250ML  24",SUPERMARKET,44.99
06581,"UNIQUE GRAMMER  COMPOSITIONANSWER SHEET EB0046",STATIONERY,641.7
08763,"COUNTRE MILK BANANA 500ML 18",SUPERMARKET,35.99
06975,"MAGGI SHRIMP TAB  6010G 24",SUPERMARKET,713.83
07246,"AIRPRO SCENTED OIL TEA TREE REFILL  24",SUPERMARKET,579.9
100340,"GAS PRO BURNER FOR 6KG CYLINDER","GAS COOKER & ACCESSORIES",39
102105,"AIRWICKER AUTO MACHINEREFILL ASSORTED 250ML  24",SUPERMARKET,859.95
102969,"BELAIR AIR FRESHENER BAKHOUR 150ML  36",SUPERMARKET,503.58
102970,"BELAIR AIR FRESHENER ORIENTAL 150ML  36",SUPERMARKET,287.76
103197,"AVSAR FLAV WATER BMULBERRYCURRANT 200ML  24",SUPERMARKET,10.99
102314,"TOILET BRUSH W HOLDER SUNNY P 8037","HOUSEWARE & KITCHENWARE",19.9
103892,"BLING BLEACH 5L  4",SUPERMARKET,319.96
103898,"BLING FLOOR CLEANER GARDENIA 5L  4",SUPERMARKET,129.98
104700,"DISH RACK WIT TRAY PLASTIC YWU","HOUSEWARE & KITCHENWARE",79
104028,"VINYL MEDICAL DISPOSABLE GLOVES LS BLACK 100PCS 10",SUPERMARKET,49.99
104520,"FRUTAIL CRANBERRY DRINK 1L  12",SUPERMARKET,113.97
105005,"YUKI MATON INSECTICIDE DOUBLE ACTION 750ML  24",SUPERMARKET,714.89
105259,"MARILAN SHORTBREAD MILK 131G  28",SUPERMARKET,33.96
105905,"KI SUPER CHUNKY LOLLIPOPS 20PCS 340G 10",SUPERMARKET,580.93
107821,"DANO COOL COW FILLED MILK POWDER 22G 10X16",SUPERMARKET,100.47
108893,"MARILAN LIME WAFER 80G  24",SUPERMARKET,44.94
109786,"CONTAINER SET 4PCS LOCKFIT PLASTIC  M1069","HOUSEWARE & KITCHENWARE",109
117114,"SERVING BOWL MELAMINE 12 INCHES ZHN C62212","HOUSEWARE & KITCHENWARE",1675.2
112170,"DELRON STANDING FAN 18 DSF185","ELECTRICAL APPLIANCES",469
114184,"SKYFALLS DISPENSING MINERAL WATER 17L 1",SUPERMARKET,39.99
114485,"CASSEROLE 2800ML GLASS TEMPERED G27003","HOUSEWARE & KITCHENWARE",1190
114686,"TABLE CLOTH 52X72 COTTON CLASSIC DESIGN TC 467","HOME DECOR & TEXTILES",51.8
113100,"TROPICAL SUN COCONUT MILK 400ML  12",SUPERMARKET,399.9
111395,"LEVEL ACTIVITY BOOK 5 W5TITLES ED788",STATIONERY,473.1
111396,"LEVEL ACTIVITY BOOK 6 W5TITLES ED789",STATIONERY,597.6
116629,"ENAPA EVAPORATED MILK 160G 24",SUPERMARKET,279.65
113729,"SERVING BOWL MELAMINE 10 INCHES FEILU 17810","HOUSEWARE & KITCHENWARE",29.9
126036,"DOMS CORRECTION PEN WHITENER 7ML 7273",STATIONERY,8.9
127337,"EXETER LUNCHEON MEAT WITH BEEF 320G 24",SUPERMARKET,1495.56
125165,"COOKWARE  DESSINI 10PCS SET 12","HOUSEWARE & KITCHENWARE",899
128841,"BOROSILICATE POT 2200ML GLASS JYW007","HOUSEWARE & KITCHENWARE",59
127609,"MARILAN TARLETTE BISCUITS STRAWBERRY 140G  36",SUPERMARKET,199.31
128951,"SCISSORS 147341147334147358147365",STATIONERY,90
128956,"BLADE BOX NO 1830 18MM 159597",STATIONERY,154.7
125405,"OKF SMOOTHIEMIX BERRY 500ML 20",SUPERMARKET,134.95
125406,"OKF SMOOTHIE TROPICAL 500ML 20",SUPERMARKET,674.75
129174,"RAID MULTIPURPOSE INSECT KILLER 750ML  12",SUPERMARKET,1244.85
125654,"HIGHLIGHTER PACK 10PCS 97925",STATIONERY,298.8
124746,"MY COLOURING PAD SERIES 6TITLES W32PAGES 48YRS",STATIONERY,1465.1
120648,"JK A4 PAPER 80 GSM",STATIONERY,159.98
120672,"PEDIASURE VANILLA DRINK 237ML 24",SUPERMARKET,89.98
122435,"MISSION WRAPS ORIGINAL 320G  12",SUPERMARKET,199.95
122732,"UNIMAX TRIO BALLPEN BLACK 10MM FBTIOBK29",STATIONERY,570.57
124492,"PUMPKIN  KG",SUPERMARKET,75.02495
136051,"ICE FACTORY THE PERFECT ICE CUBE LET PARTY 26KG 1",SUPERMARKET,347.76
133968,"BANANA  KG MC",SUPERMARKET,-.7992
134138,"SUPER ACTIVITY BOOKS 3",STATIONERY,105
136738,"PHILIPS M LITHIUM BATTERY 3V 1X50 CR123A","ELECTRICAL APPLIANCES",295
134157,"KNOWLEDGE ENCYCLOPEDIA HUMAN BODY 8",STATIONERY,834.3
137080,"DR TEALS ROSE SUGAR SCRUB  538G  12",SUPERMARKET,2195.88
134328,"FRESHDAYS LONG SCENTED 24 X 12",SUPERMARKET,34.99
135746,"SAMYANG CHICKEN RAMEN ORIGINAL BAG 140G 40",SUPERMARKET,839.6
135853,"FABER CASTELL FABRIC COLOUR 6METALLIC SET 574406",STATIONERY,287.1
137482,"BUMBLE DIAPERS JUMBO N1 NEWBORN 86PCS  4",SUPERMARKET,439.98
134557,"BUTTER DISH 69X37 SUG229G","HOUSEWARE & KITCHENWARE",29.7
134585,"BEENO L BISCUITS DUO BACONCHEESE FLAVOUR 800G 12",SUPERMARKET,461.94
137595,"BATH SCRUBBER PLASTIC 65X12CM MYQ91797","HOUSEWARE & KITCHENWARE",19.8
130948,"CURTAIN JACQRD TUFT TAUPE EMILY 02PA6535D","HOME DECOR & TEXTILES",79
133205,"SHINE ALUMINIUM ROUND PANS 9INCH 12PCS  17",SUPERMARKET,849.83
130094,"PHILIPS DOWNLIGHT CONDUIT 9W 65K 4 WH 915005747","ELECTRICAL APPLIANCES",715
131641,"CAKE FONDANT CUTTER 3PCS SET A8111","HOUSEWARE & KITCHENWARE",68.4
148022,"PHOTO FRAME GOLD FRAME 5X7","HOME DECOR & TEXTILES",79.8
146373,"UNIMAX TRIO RED PEN FBTIORD27",STATIONERY,117.41
14655,"SABA DETERGENT POWDER 800G 10",SUPERMARKET,643.77
148301,"BBQ GRILL CHARCOAL 22 2800224","HOUSEWARE & KITCHENWARE",799
147606,"CARROT BOTTOMS IMPORT FRESH PACK",SUPERMARKET,129.87
145840,"CURTAIN LINEN GROMMET 54X90 02PA6612","HOME DECOR & TEXTILES",79
145894,"MYDIBEL CLASSIC FRIES A  99 1KG 10",SUPERMARKET,749.85
144276,"ROMAR AUTOM AIRFRESH REFILL  LAVIE FANTAST 250ML 6",SUPERMARKET,587.88
13990,"LELE CORNED BEEF 198G 12",SUPERMARKET,2267.37
144908,"IRONING BOARD CARACAS 35X113CM 1700","HOUSEWARE & KITCHENWARE",379
141416,"WINE BUCKET W HANDLESTAND 54X205CM 52055WB","HOUSEWARE & KITCHENWARE",676
14314,"MARILAN WAFER CHOCOLATE  BISCUIT 115G  24",SUPERMARKET,339.15
144983,"MUG EMBOSSED AVIOS 1213OZ EMBC1213 RJK","HOUSEWARE & KITCHENWARE",1029.6
155737,"DEW DKLE CANISTER WIPES  12",SUPERMARKET,199.98
155803,"SANITA PAPER CUPS 40Z 50X20  20",SUPERMARKET,215.88
154641,"THE SCIENCE OF GETTING RICH BOOK",STATIONERY,117
156604,"FOOLSCAP NOTEBOOK EXTRA LARGE ABB",STATIONERY,99
154898,"WATER BOTTLE INSULATED PP 600 PURO WAVE","HOUSEWARE & KITCHENWARE",32.9
157065,"BOSS BAKER BISCUIT ORIGINAL 18G  48",SUPERMARKET,23.63
155184,"MSTA TEMPERA COLOUR 3ML 195038",STATIONERY,218.9
154248,"LADIES HANDBAG  HANDBAG MUSTARD BMWHA0125MD",LUGGAGE,129
157347,"ZEST FRUITY BLAST JUIC DRINK  300ML 10",SUPERMARKET,27.98
155589,"ROSALINDA TUNA CHUNKS 160G  24",SUPERMARKET,887.63
155590,"ROSALINDA TUNA FLAKES 160G  24",SUPERMARKET,376.74
156228,"CASSEROLE OVAL TEMPERED GLASS 1800ML G27002 LTREND","HOUSEWARE & KITCHENWARE",-158
151490,"SANTAY SHITO HOT CHILLI SAUCE 420ML 4",SUPERMARKET,631.92
153115,"SERVING TRAY MELAMINE 16 INCHES ZHN A31016","HOUSEWARE & KITCHENWARE",568.1
149431,"WESTINGHOUSE GLASS STORAGE WLID 5PCS WCFC003110A","HOUSEWARE & KITCHENWARE",338
150541,"KANGARO STAPLER HP45",STATIONERY,712
149576,"DOVE ROLL ON SA WOMEN  SKIN RENEW 50ML  6",SUPERMARKET,-25.99
149580,"DOVE BAR SOAP  COCONUT 4PK  12",SUPERMARKET,1019.85
149581,"DOVE BAR SOAP  EXTRA FRESH 4PK  12",SUPERMARKET,815.88
165462,"HARPIC RIM BERRY 35G  6",SUPERMARKET,32.99
163168,"MISSION FOODS WRAPS 25 CM 378G 14",SUPERMARKET,44.99
164410,"WATER BOTTLE INSULATED 065 KOOL KID","HOUSEWARE & KITCHENWARE",119.6
162768,"SHOE HORN PLASTIC 18INCHES SHN1 YWU","HOUSEWARE & KITCHENWARE",166.6
160803,"WINDOW SHADE BLACKOUT ROLLER 45WHITE120X180CM","HOME DECOR & TEXTILES",1953
160805,"WINDOW SHADE BLACKOUT ROLLER 45WHITE140X180CM","HOME DECOR & TEXTILES",987
160808,"WINDOW SHADE BLACKOUT ROLLER 45WHITE160X180CM","HOME DECOR & TEXTILES",3411
159686,"JUKI NUTS SEA SALT ROASTED CASHEWS 150G  30",SUPERMARKET,1172.77
160848,"WINDOW SHADE BLACKOUT ROLLER 453160X180CM","HOME DECOR & TEXTILES",1516
161920,"JAR WRING LID MEDIUM 660ML GLASS C00115","HOUSEWARE & KITCHENWARE",59.7
159856,"STICK NOTE SET 25SHEETS WITH 4 SHAPE SMALL",STATIONERY,76.3
161123,"FILLED CUSHION VELVET 45X45CMWHITE DC231","HOME DECOR & TEXTILES",414
160295,"PYREX ROASTER RECTANGLE GLASS 37L 239B0008046","HOUSEWARE & KITCHENWARE",1419
160319,"PYREX CONTAINER WLID 17L 217P0007645","HOUSEWARE & KITCHENWARE",903
159213,"COLOUR PEN SET OPP YW",STATIONERY,270.9
159278,"WHITE BOARD MARKER SET 3PCS",STATIONERY,25.8
174338,"FAMILY BOARD GAMES 50 IN 1","TOYS AND ENTERTAINMENT",297
174344,"AIRPRO MICMAN STARTER WILD NORTH  6",SUPERMARKET,84.99
171216,"BUMBLE SURFACE CLEANING TOWEL 50PCS  12",SUPERMARKET,323.92
171574,"WE SHOULD ALL BE FEMINISTS",STATIONERY,59
171638,"IT STARTS WITH US",STATIONERY,695
174886,"DOMS NOTE BOOK A4 WCOLOURED COVER 200PAGES 7855",STATIONERY,19.9
166966,"BASIC MATHS SKILLS WORKBOOK",STATIONERY,1076
169022,"TORABICA CAPPUCCI 2IN1 SUGAR FREE 20X125G 250G 12",SUPERMARKET,29.98
170018,"FRY PAN 20CM FALU ZHNBLY 1808320","HOUSEWARE & KITCHENWARE",198
16842,"NIVEA FEMALE ROLLON DRY 50MLX30 81611",SUPERMARKET,4064.93
169364,"OLYMPIAD SCIENCE CHALLENGER BOOK EB 11221",STATIONERY,558
167332,"GOLDEN PENNY INS NOODLES JOLL HOT HOT FLAV 70G 40",SUPERMARKET,2.79
169513,"EXCELO TOP COOKIES ORIGINAL 28G  60",SUPERMARKET,3.19
180513,"BEL MOOO CHOCOLATE FLAVOURED MILK DRINK 225ML 12",SUPERMARKET,116.87
180516,"BEL MOOO BANANA FLAVOURED MILK DRINK 225ML 12",SUPERMARKET,8.99
180086,"CONDOMS  DUREX AIR 3PCS 27",SUPERMARKET,77.98
180241,"PRINCESS BAR SOAP MILK AND HONEY 125G  36",SUPERMARKET,337.74
175869,"AUBERGINE PACK DGL",SUPERMARKET,22.49
178225,"BATH SCRUBBER FIBER YWU","HOUSEWARE & KITCHENWARE",38.7
179119,"HOME APP  MOBILE PH PROTECTION PLAN 500110000",MISCELLANEOUS,-2700
179132,"BOUNCY BALL 6CM ASSTD COLDESIGN OPP YW","TOYS AND ENTERTAINMENT",15.9
179185,"REFLECTIVE TAPE 5CMX5M  ASSTD COL YW",STATIONERY,143.4
176491,"BUKBEEK CHICKEN BREAST BONELESS SKINLESS 2KG 6",SUPERMARKET,359.98
177523,"MAKE YOUR BED  ADMIRAL WILLIAM MCRAVEN",STATIONERY,159.6
185433,"BATHMAT PUFF MF 50X80CM BELLE GRAY 01MA0616A","HOME DECOR & TEXTILES",316
186981,"PARTY CANDLES MIX COLOR 12PCSPACK","TOYS AND ENTERTAINMENT",270.9
187077,"GOLDMAN PARANI COCOACINNAMON POWDER 200G 12",SUPERMARKET,459.9
185837,"CREED BLUE PASSION ENERGY DRINK 350ML 12",SUPERMARKET,17.94
185919,"STAEDTLER BALLPOINT PEN WCUP 50PCS 430 MSCP503",STATIONERY,131.78
187740,"CERAMIC MUG 9X86CM YWU","HOUSEWARE & KITCHENWARE",128.7
183333,"JOYFUL COLORED LUNCH BOX PLASTIC BG765C","HOUSEWARE & KITCHENWARE",236.6
184303,"STORAGE CONTAINER 3 PCS SET SQUARE PLASTIC UR3434","HOUSEWARE & KITCHENWARE",238.8
185200,"SOFTGENTLE ROLL ON ORCHID DESIRE 50ML 6",SUPERMARKET,181.93
185207,"BOWL EMBOSSED 55 BPC55 RJK","HOUSEWARE & KITCHENWARE",1049.4
185317,"BATHMAT PINK 50X80CM MP 1600GSM TR2670Y","HOME DECOR & TEXTILES",1635
193261,"BLIZZ GOLD BALL PEN RED 2640312BOX",STATIONERY,35.88
194684,"CASSEROLE WLID GLASS 1000ML ZT018","HOUSEWARE & KITCHENWARE",516.6
194700,"CASSEROLE WLIDSIDE HANDLES  2 WINE GLASS RB059","HOUSEWARE & KITCHENWARE",552
193359,"HAMLET POCKET CLASSIC",STATIONERY,79.6
193438,"CREATE A FACE STICKER FUN BOOKSCREATE 22X28CM",STATIONERY,49.99
193443,"SOLO DOCUMENT ENVELOPE WBUTTON CH107",STATIONERY,26.97
193505,"STEMWARE 3 PCS SET SLEEVE PACK LVFAM523A","HOUSEWARE & KITCHENWARE",349.3
194182,"MEXICANA WRAP TORTILLAS 12 INCH 10 PCS 880G 1",SUPERMARKET,95.99
193007,"CORK OPENER ZHN KB252","HOUSEWARE & KITCHENWARE",22.9
189567,"KENWOOD STANDING FAN 18 IFP18000BK","ELECTRICAL APPLIANCES",699
189590,"3PCS KITCHEN TOWEL SET 50X70CM CP ASSORT MYQ91898","HOME DECOR & TEXTILES",65.8
189896,"DOVE BAR SOAP RELAXING COCONUT 135G 48",SUPERMARKET,769.65
191134,"FOGG SCENT EDP  INTENSE AROMATIC 100ML 30",SUPERMARKET,189.99
190129,"DZIRE MOSQUITO SWATTER WUV LAMP MRLF958PP","ELECTRICAL APPLIANCES",2079
192193,"CHUPA CHUPS SOUR BELT TUTTI FRUITY 84G 16 X48PCS",SUPERMARKET,129.48
192308,"POSTER PAINT AT58808P",STATIONERY,143.1
190613,"BIRTHDAY CANDLE 12PCS","TOYS AND ENTERTAINMENT",117.3
189415,"DELICE MILKANA LOLLIPOP CHEESE 20G 90",SUPERMARKET,21.98
200337,"SIGMA GAS CYLINDER 125 KG","GAS COOKER & ACCESSORIES",485
200527,"FILO FLAVOUR MILK STRAWBERRY 500ML 12",SUPERMARKET,22.98
200705,"COOKING  CUTTING TOOL 19PCS SET ZHN 18001","HOUSEWARE & KITCHENWARE",318
198797,"DINNER SPOON 6PCS SET DESIGNER SSTEEL  50G YWU","HOUSEWARE & KITCHENWARE",944
200276,"HH EASY EVAPORATED MILK 3 PROTEIN 170G  48",SUPERMARKET,629.3
195780,"FON VFOLD HAND TOWEL FW 150 SHEETS  1 PLY 20",SUPERMARKET,269.8
49146,"ACQUA PANNA NATURAL MINERAL WATER 250ML  24",SUPERMARKET,143.92
40722,"EVERPACK TROLL FLUFFY 1 X 10",SUPERMARKET,272.93
27948,"LELE MACKEREL IN TOMATO SAUCE OMEGA 3 425G 24",SUPERMARKET,224.91
42441,"SWAN CUBES WHITE SUGAR 500G 50",SUPERMARKET,899.5
29084,"PRIVATE EXRATHIN NORMAL 10PAD   18",SUPERMARKET,333.27
36406,"KALYON DISHWASHING LIQUIDE APPLE 730ML 12",SUPERMARKET,374.85
31704,"SARA CHICKEN LUNCHEON MEAT 350G  24",SUPERMARKET,350.82
25362,"EMBORG SKIMMED UHT MILK 1L 12",SUPERMARKET,328.93
32475,"FRESHDAYS STRING PANTYLINERS 24 LINERS  12",SUPERMARKET,239.9
202628,"BOWL 9 H220099","HOUSEWARE & KITCHENWARE",388.7
205402,"FRUTAS TREASURE 100 NAT CAR RAS APPJUICE 330ML 15",SUPERMARKET,207.92
204415,"MCPHILIX PLANTAIN CHIPS RIPENED KELEWELE 40G  40",SUPERMARKET,5.99
205582,"SIGMA LED TV 55 SAT SMART UHD STVKU55V6S","ELECTRONICS & TELECOM",4799
83619,"EUTHYMOL ORIGINAL TOOTHPASTE 75ML  48",SUPERMARKET,55.99
74491,"EVA RAINCOAT C1030","HOME DECOR & TEXTILES",27.9
81504,"DOLAIT NATURAL YOGHURT STRAWBERRY 200G 1",SUPERMARKET,15.49
89154,"PLUS TOY BEAR 20CM","TOYS AND ENTERTAINMENT",30.9
76947,"PALMOLIVE HANDWASH HYGIENE PLUS ALOE 300ML  6",SUPERMARKET,189.95
89576,"MENTOS ICE GUM SPEARMINT  24DB12BL 8PCS 288",SUPERMARKET,1342.6
90147,"FOOD COVER 28CM METAL YWU","HOUSEWARE & KITCHENWARE",103.2
57921,"KIDDY BABY DIAPERS 2 SMALL 36KG 404",SUPERMARKET,169.99
50906,"HAPPIES PANTS MEDIUM S3 611 KG 31PANTS  4",SUPERMARKET,149.99
51043,"DORITOS SUPREME CHEESE  30G  30",SUPERMARKET,33.96
60632,"PLUMS IMPORT KG",SUPERMARKET,12.499
71550,"GLUE RAT TRAP BOARD 155X21CM LY7802","HARDWARE & BUILDING MATERIAL",71.91
67579,"HELEMENS SPECIAL EGGS 6PCS PACK",SUPERMARKET,99.95
72477,"STEMWARE 6PCS SET WINDSOR 71280200760413","HOUSEWARE & KITCHENWARE",69
63512,"MEDISOFT DEODORANT PREMIUM SOAP PINK 175G  48",SUPERMARKET,436.77
63513,"MEDISOFT DEODORANT PREMIUM SOAP WHITE 175G  48",SUPERMARKET,94.95
63930,"LELE TUNA FLAKES IN SOYA BEAN OIL 80G 48",SUPERMARKET,299.7
X483,"EVERPACK BLACK NITRILE GLOVES MED SIZES 100 10",SUPERMARKET,875.88
A795,"RAID AEROSOL FLYING INSECT KILLER SPRAY 300ML 24",SUPERMARKET,988.77
CL767,"CONTAINER 2PCS SET SQUARE 1300 2900 L","HOUSEWARE & KITCHENWARE",183.2
D136,"LUNCH NAPKINS PLAIN 100SHTS 15",SUPERMARKET,297.28
D718,"JAGO SWEETENED CONDENSED MILK 1KG 24",SUPERMARKET,683.88
99721,"SOLDIER MENTHOLATED BALM 60ML  6",SUPERMARKET,108.43
90483,"EMBORG U GO PEACHPASSION 100G 20",SUPERMARKET,11.99
95821,"AMALFI  DEO ROLLON  INFINITI 50ML  12",SUPERMARKET,319.84
90564,"LELE TUNA CHUNKS IN SOYA BEAN OIL  80G  48",SUPERMARKET,637.98
93895,"AVIOS BAKING TRAY RECTANGLE 10L AVSBT1 RJK","HOUSEWARE & KITCHENWARE",279.3
98155,"VERNA MINERAL WATER  750ML 16",SUPERMARKET,79.38
94165,"SATNAM PERFUMED INSECT REPELLANT BALLS 100GMS 120",SUPERMARKET,875.27
94700,"FA MEN ROLL ON DRY PROTECT 50ML  24",SUPERMARKET,431.82
99666,"STYLE UP ROLL ON SPORT 50ML  6",SUPERMARKET,179.82
95690,"AMALFI  BATH  SHOWER GEL LOVE  750ML  16",SUPERMARKET,389.87
04193,"BUTCHERS DINNERS CHICKENTURKEY IN JELLY 4X100G 8",SUPERMARKET,524.93
06507,"MEANNAN GROUNDED PEPPER 80G 24",SUPERMARKET,474.75
100333,"CROWNSTAR KETTLE 18L 1500W SS MCK1729","ELECTRICAL APPLIANCES",159
08934,"ORO INSECTICIDE 405 DOUBLE ACTION 300ML 24",SUPERMARKET,92.97
09224,"ALWAYS ULTRA THIN LONG WITH WINGS 8PADS X 16",SUPERMARKET,1871.22
101206,"PUNCHING BAG FREE STANDING LPB1701","SPORTS & FITNESS",1899
101997,"RAINBOW CONTAINER 7PCS SET SQ PP123177","HOUSEWARE & KITCHENWARE",69
103888,"BLING MULTIPURPOSE LIQUID CLEANER LEMON 5L  4",SUPERMARKET,319.96
104866,"PRIMA BLEACH 45L  6",SUPERMARKET,143.98
103931,"TELON TEA LEMON  GINGER FLAV 60G 255PCS   12",SUPERMARKET,539.82
107646,"JUVER  SELECCION  TOMATO TOMATE JUICE  200ML 24",SUPERMARKET,57.96
107785,"GREEN WORLD  EXTRA KILLER INSECTICIDE 750ML  12",SUPERMARKET,64.99
108890,"MARILAN MAGIC TOAST MULTICREALS CRISPBREAD 110G 24",SUPERMARKET,271.83
108526,"CHTOURA CONSERVES GARDEN EGGPLANT DIP 370G  24",SUPERMARKET,1307.76
109893,"GHANA MAP 48CMX73CM",STATIONERY,279
109765,"AMERICAN GOURMET BAKING POWDER 100G 48",SUPERMARKET,713.58
120275,"MARILAN  MARIE FINGER BISCUITS 350G  24",SUPERMARKET,479.8
119288,"DOMS PLASTIC CRAYON SET 28SHADES WTIN 7122",STATIONERY,35.9
119595,"FARAGELLO GOLD COCKTAIL GLASS BOTTLE 250ML  24",SUPERMARKET,431.64
118515,"TOREN CLASSIC CHOCOLATE RED 50G 144",SUPERMARKET,35.92
118516,"TOREN WONDERFUL CHOCOLATE 25G 144",SUPERMARKET,12.95
120023,"SERVING BOWL MELAMINE 12 INCHES ZHN C60212","HOUSEWARE & KITCHENWARE",1145.4
110060,"ARTIFICIAL RIME FLOWER 90CM 20200918","HOME DECOR & TEXTILES",34.9
115945,"PRIVATE EXTRA THIN NIGHT PAD  7PCS  18",SUPERMARKET,256.31
115046,"HERO NATURAL HONEY 365G 12",SUPERMARKET,399.95
115146,"OCEAN SPRAY CRANBERRY GRAPE JUICE 295ML 24",SUPERMARKET,59.98
110762,"WALL CLOCK 305X305X4CM ALUMINUM XC1705","HOME DECOR & TEXTILES",159
110934,"YOGLAIT  YOGHURT VANILLA 500G 1",SUPERMARKET,73.98
113396,"HP PRINTER DESKJET 2320 SCANCOPYPRINT","ELECTRONICS & TELECOM",1638
116621,"SAIDA MAJOR CHOCOLAT BISCUIT 160G  20",SUPERMARKET,311.74
125850,"ABENA BEEF PATE 400G 24",SUPERMARKET,797.62
126928,"JOHN WEST TUNA CHUNKS IN SPRING WATER 125G 48",SUPERMARKET,639.8
126041,"CHALK HOLDER POUCH DOMS 3461",STATIONERY,4.9
127274,"PLACEMAT FABRIC MULTI STRIPER PK 6PCS 33X48CM ASST","HOME DECOR & TEXTILES",79
128765,"MARKER TWIN 150 12YRS LUXOR 2PCS 30102BC",STATIONERY,107.1
128873,"LEVER ARCH FILES 120F 1853527018",STATIONERY,128.7
126219,"AIRPRO AIRFRESHNER ORGANIC CAN WARM VANILLA 42G 24",SUPERMARKET,599.85
128889,"PEN 3ML SPARK 199920ELP",STATIONERY,29.4
128906,"PAPER CLIP ROUND NO1 33MM 172558ELP",STATIONERY,70.2
128924,"PAPER PUNCH NODP600 80556ELP",STATIONERY,219.5
128943,"TAPE DISPENSER S03 ASSORTED 281137",STATIONERY,320.6
127926,"SANTEX MEDICATED SOAP  RED 80G  72",SUPERMARKET,37.74
125404,"OKF FRUIT DRINK WALOE LEMON GINGER 500ML 20",SUPERMARKET,944.65
120957,"DINING SET 14 WGLASS TOP TABLE SILVIA 14",FURNITURE,2490
122581,"PLATE SOUP GLASS IMPERIAL 8 DEEP MONARCH C2008318","HOUSEWARE & KITCHENWARE",4.9
122608,"PLATE SOUP GLASS DEEP IMPERIAL 8 LUSH FIESTA","HOUSEWARE & KITCHENWARE",73.5
122728,"UNIMAX JOYMATE BALLPEN BLACK 10MM FBJYMBK10",STATIONERY,4.47
122731,"UNIMAX TRIO BALLPEN BLUE 10MM FBTIOBL55",STATIONERY,187.53
122867,"SERVING BOWL MELAMINE 8 INCHES FEILU 6508","HOUSEWARE & KITCHENWARE",498.4
13599,"SURE WOMEN APA COTTON DRY SPRAY  250ML  6",SUPERMARKET,42.99
137817,"HAY HAYCOCOA COATED BISCUIT WITH CREAM 20G  24",SUPERMARKET,27.81
138232,"ROSSWOOD PREM ROASTED CASHEW NUTS NO SALT 168G  24",SUPERMARKET,1219.8
135108,"CHARM STARCH SPRAY 330ML  12",SUPERMARKET,143.96
135112,"SOKLIN SMART LIQDET PINK 30ML 156",SUPERMARKET,2.19
136722,"PHILIPS BATTERY M POWER LIFE C 1X24 LR14","ELECTRICAL APPLIANCES",315
138467,"SWEET POTATOWHITE FLESH MTPACK",SUPERMARKET,23.99
134205,"TOPCAFE CREAMY WHITE 30G  120",SUPERMARKET,5.58
135284,"DOVE BAR SOAP  FRESH CUCUMBER 90G   48",SUPERMARKET,1053.38
135285,"DOVE BAR SOAP BEAUTY BAR  90G  48",SUPERMARKET,67.96
134208,"CEBON SWEETENED CONDENSED FILLED MILK 1KG  24",SUPERMARKET,998.73
134242,"LISTERINE  MOUTHWASH ZERO MILD MNT 250ML  6",SUPERMARKET,44.99
135323,"PACIFIER M FLOW ORTHODONTIC 45548","TOYS AND ENTERTAINMENT",661.3
135327,"MADAR POWDER 27KG  6",SUPERMARKET,499.95
138810,"BUMBLE BABY WET WIPES 120 PCS HONEYSUCKLE  12",SUPERMARKET,159.95
134327,"FRESHDAYS LONG 72 X 6",SUPERMARKET,909.87
137104,"MANGO LOCAL KG",SUPERMARKET,874.1814
135845," FAIRAFRIC MELCOM 43 MILK CHO HAZELNUT 80G 1610",SUPERMARKET,242.83
135887,"FABER CASTELL TEXTLINER GREEN HIGHLIGHTER 154863",STATIONERY,62.91
13597,"SURE MEN APA SENSITIVE SPRAY  250ML 6",SUPERMARKET,42.99
137579,"PRINGLES TEXAS BBQ SAUCE CHIPS 165G X 19",SUPERMARKET,549.89
129703,"COLOURING SET UNICORNS 3044UNCS2",STATIONERY,15.99
131029,"FLOOR LAMP LUX LAMBADER GOLD 9011004","HOME DECOR & TEXTILES",499
131068,"SAIRO ROLL ON ANTIWHITE MARKS 50ML  12",SUPERMARKET,22.99
131073,"ROMAR REFILL AIR FRESHENER PURE 250ML 6",SUPERMARKET,391.92
131076,"ROMAR REFILL AUTOM AIR FRESH SEA BREEZE 250ML  6",SUPERMARKET,587.88
132589,"SHREDDED PAPER POSTER 30G A","TOYS AND ENTERTAINMENT",213.9
133457,"COLOURING BOOK JUNGLE CRAYOLA 2968CYCB3",STATIONERY,335.79
131650,"CAKE EMBOSSER B993011","HOUSEWARE & KITCHENWARE",26.6
131695,"CAKE MOULD GOLD SMALL","HOUSEWARE & KITCHENWARE",68.6
146175,"TUMBLER WLIDSTRAW PLAIN 660ML PLASTIC 161747170","HOUSEWARE & KITCHENWARE",24.9
148046,"PUZZLE EVA MAT KIDS PK26","TOYS AND ENTERTAINMENT",259
146406,"HARPIC BLOCK POWER ACTIVE LIME FRESH 35G  6",SUPERMARKET,32.99
146644,"FANICE AMERICAN VANILLA ICE CREAM 900ML 1",SUPERMARKET,1059.8
147054,"WHOLE TUNA NATURAL IN SUNFOIL PETIT NAVIR 160G 48",SUPERMARKET,764.85
147633,"NUTELLA BISCUITS 12PC 166G X  20",SUPERMARKET,125.98
147319,"CURTAIN WGROMMET TAUPE 54X90 02PA6642A","HOME DECOR & TEXTILES",198
144311,"ROMAR AUTOM AIRFRESH REFILL UNICORN 250ML  6",SUPERMARKET,97.98
144337,"AIRPRO AUTOMATIC REFILL VANILLA 250ML  12",SUPERMARKET,362.89
144369,"HAAGENDAZS  SALTED CARAMEL  STICK BAR 80ML 24",SUPERMARKET,73.98
144504,"MUG 310ML CERAMIC COLOURED YWU","HOUSEWARE & KITCHENWARE",9.9
14555,"EMBORG GARDEN PEAS 900G 12",SUPERMARKET,98.99
140569,"MEANNAN PLANTAIN CHIPS  PEANUTS 100G  12",SUPERMARKET,249.8
155859,"CUP WSTRAW 450ML PLASTIC L00900","HOUSEWARE & KITCHENWARE",12.9
155933,"ORS OLIVE OIL GIRLS NOLYE KIT82 TOUCH UP  4",SUPERMARKET,147.99
153843,"KIDS VELVET ART SET PACK ASSRT DESIGN",STATIONERY,792
155045,"FINE TOILET COMFORT ROLL 066 16",SUPERMARKET,149.94
157192,"SERVING TRAY MELAMINE 18 INCHES ZHN 8065","HOUSEWARE & KITCHENWARE",558.4
155215,"MSTA DRAWING BOOK 100G 10S D212 107819",STATIONERY,32.7
157316,"MY DEAR BODY FRAG MIST 250ML WILD AT KISS 12",SUPERMARKET,49.99
155544,"HOOK APPLE 3 X SET OF 2 PLASTIC BG257","HOUSEWARE & KITCHENWARE",99.5
156262,"TOO MIGNON BABY KIT BLUE   6",SUPERMARKET,96.99
156287,"AKAI WATER DISPENSER WFRIDGE WD030AR107","ELECTRICAL APPLIANCES",1699
157488,"LOCAL CARROT PACK TGO",SUPERMARKET,419.65
153251,"LA TEQUILITA GOLD TEQUILA 900ML 6",SUPERMARKET,1469.9
149456,"LAV TUMBLER SET OF 3PCS LVVLR374AX","HOUSEWARE & KITCHENWARE",798.4
150544,"KANGARO PAPER PUNCH MOD10PP",STATIONERY,328.5
149650,"KIDS BIKE REDBLUEWHITE BLK518","TOYS AND ENTERTAINMENT",1098
149835,"VOLTPLUS EXTENSION SOCKET 4W5M VPEC4W5M1S","ELECTRICAL APPLIANCES",189
153482,"GEM CLIP 28MM SAYA 75 PCS SYPC11",STATIONERY,11.8
165477,"DOMS CORRECTION PEN WHITENER 3ML 7727",STATIONERY,5.8
165569,"APPLE BIG BUCKS KG",SUPERMARKET,383.17335
164244,"RUG HANDLOOM 50X8040X60CM RG4613","HOME DECOR & TEXTILES",436
163127,"VIBE SHOWER GEL GOAT MILK ORIGINAL 11L 12",SUPERMARKET,515.88
164614,"BATHROOM RACK  HANGING METAL ORSA 926","HOUSEWARE & KITCHENWARE",267
166066,"AQUAFRESH ACTIVE WHITE TOOTHPASTE 100ML  12",SUPERMARKET,31.99
163364,"LOVE CASE 30CM RED 171S","TOYS AND ENTERTAINMENT",119
164805,"SPORTS BOTTLE PLASTIC 2000ML HW2362","HOUSEWARE & KITCHENWARE",39.9
165068,"GLASS JUG WLID 1860ML GJW18 RJK","HOUSEWARE & KITCHENWARE",119.7
163777,"BRICKS SET 36PCS TY 766","TOYS AND ENTERTAINMENT",49.99
159307,"DOCUMENT BAG A4",STATIONERY,7.9
159628,"FREEDOM T ROLL 9S  WHITE 5",SUPERMARKET,50.99
15803,"MEDISOFT REPELLENT LOTION ROSEMARY PINK 100ML 72",SUPERMARKET,463.68
161842,"SOAP DISPENSER SET 3PCS GLASS YWU","HOUSEWARE & KITCHENWARE",199.6
160880,"PATERSONS SHORTBREAD FINGERS  300G  14",SUPERMARKET,39.99
161902,"BOWL WRING LID SMALL 100ML PLASTIC L00880","HOUSEWARE & KITCHENWARE",23.7
162113,"ULTRA SOFT TOILET TISSUE 10S  7",SUPERMARKET,89.97
159859,"STICK NOTE SET 90 SHEETS20 SHEETS",STATIONERY,69.3
160125,"BEST  ONE MIXED VEG 300G  12",SUPERMARKET,38.99
160144,"ULTRA COMPACT MEN FACE DAILY FACE WASH 150ML  24",SUPERMARKET,45.49
160305,"PYREX CASSEROLE ROUND GLASS 208A0007743","HOUSEWARE & KITCHENWARE",298
162723,"CASSEROLE  1500ML CRYSTAL  FBW15LJ","HOUSEWARE & KITCHENWARE",708
174415,"SNIPER GUN MULTICOLOUR","TOYS AND ENTERTAINMENT",715
174465,"SALSALITO NACHO MEXICAN CHILLI  80G 40",SUPERMARKET,362.89
171387,"MINT LEMONADE JUICE 500ML",SUPERMARKET,29.99
175179,"WALLS FEAST DOUBLE VANILLA 75ML 42",SUPERMARKET,59.94
175193,"SEARA MIXED VEGETABLES 4 WAY CUT 400G 28",SUPERMARKET,867.69
172696,"ROMAR AIR REFRESHNER SPCASHVANILLA 400ML  12",SUPERMARKET,46.49
175450,"AIRWICK REED DIFF MANDARINGINGER 33ML  5",SUPERMARKET,419.94
167800,"SHOWER CURTAIN ROD 2PCS 80X80CM","HOME DECOR & TEXTILES",75
166736,"PAINTING BOOKS 16PAGES",STATIONERY,917.7
166740,"PLAY WITH CRAYONS",STATIONERY,8.9
167829,"SLOTTED TURNER WSILICONE HANDLE YWU","HOUSEWARE & KITCHENWARE",45.8
166805,"ARIZONA CAN WATERMELON JUICE COCKTAIL 650ML 24",SUPERMARKET,47.98
168077,"THREE DRAWER STORAGE DRESSER 46X30X987 22303L 4",FURNITURE,1199
169138,"CEREALITALIA CORN FLAKES 500G 16",SUPERMARKET,359.94
179412,"DOLAIT OLE STRAWBERRY DRINKING YOGHURT 320ML 12",SUPERMARKET,16.99
179584,"SPRING ONIONS PACK FM",SUPERMARKET,13.98
179711,"RNS WATER COLOUR PAD R102 200G 104597",STATIONERY,110
179749,"BOWL OVAL 2700ML ACRYLIC 1137","HOUSEWARE & KITCHENWARE",39.9
181857,"FABER CASTEL TRIFLOW BALL PEN 07MM 50P BLK 340798",STATIONERY,145
182001,"FABER CASTELL ROUNDER KIT COL AND STN SET 141063",STATIONERY,218.9
182003,"FABER CASTELL TRIFLOW BALL PEN 07MM 50PCS GREEN",STATIONERY,121.8
178755,"PEPSODENT CAVITY FIGHTER TWIN 36X2X175G   36",SUPERMARKET,122.97
177944,"FIRST PADDED BOARD BOOK 12X17CM",STATIONERY,35.7
177949,"CHARACTER BUILDING SERIES 24PAGES 22X28CM",STATIONERY,319.84
178094,"CUP AND SAUCER 12PCS SET CERAMIC EMBOSSED  YWU","HOUSEWARE & KITCHENWARE",298
178113,"SKEWERS METAL 6PCS SET YWU","HOUSEWARE & KITCHENWARE",270.4
179116,"HOME APP  MOBILE PH PROTECTION PLAN 1000120000",MISCELLANEOUS,-1820
179120,"HOME APP  MOBILE PH PROTECTION PLAN 20015000",MISCELLANEOUS,-3075
179150,"AKAI WATER DISPENSER 2TAP BOTTOMLOAD WD032A1108BL","ELECTRICAL APPLIANCES",2099
179168,"PLAYING CARD 88X59CM","TOYS AND ENTERTAINMENT",5.99
179221,"RULER METAL 30CM",STATIONERY,11.9
179235,"SALES ORDER BOOK 165X12CM",STATIONERY,47.6
178488,"LINC PENTONIC BALLPEN SWITCH BLUE 07MM TUB 100",STATIONERY,35.1
186091,"GLASS SET 6PCS 125ML CLEAR 41436B RJK","HOUSEWARE & KITCHENWARE",649
187256,"POTOSKY MATHEMATICS COMBINED BASIC 7  8  9",STATIONERY,507
185913,"STAEDTLER COLOUR PENCIL SET NORIS 24PC 185 MD24 02",STATIONERY,903
185411,"CURTAIN BKT GROM GRAY 2P 54X90 02PA7215C","HOME DECOR & TEXTILES",597
184041,"BATH TOWEL SMALL 50X95CM","HOME DECOR & TEXTILES",74.7
182518,"CONTAINER 2PCS SET 1700ML RECT CLEAR  PP66100","HOUSEWARE & KITCHENWARE",49.9
185281,"COWBELL EVAPORATED FILLED MILK 100ML  24",SUPERMARKET,191.18
184497,"MOP BUCKET 16L PLASTIC HL0046C6","HOUSEWARE & KITCHENWARE",59
182952,"COOKWARE 9PCS SET PALU ZHNBLY YELLOW 810792","HOUSEWARE & KITCHENWARE",1149
193254,"YAP BALL PEN BLACK 2230212BOX",STATIONERY,23.88
19385,"RAID MULTI PURPOSE INSECT KILLER 500ML 12",SUPERMARKET,1104.83
193285,"JULIUS CAESAR POCKET CLASSIC",STATIONERY,22.9
193311,"THE COMEDY OF ERRORS POCKET CLASSIC",STATIONERY,91.6
194674,"CASSEROLE WLID GLASS BW002","HOUSEWARE & KITCHENWARE",36.9
193400,"THE PROPHET POCKET CLASSIC",STATIONERY,99.5
193455,"SOLO PREMIUM NOTE BOOK A5 160PAGES SQUARE NB551",STATIONERY,47.98
194955,"LADLE SOUP SPOON SILICONE ZHN HR711","HOUSEWARE & KITCHENWARE",33.8
192946,"SNAKE TOY SILICON 123G HCL S9256","TOYS AND ENTERTAINMENT",241.89
193037,"FOOD COVER 33CM ZHN KM033","HOUSEWARE & KITCHENWARE",51.6
194456,"CAR MAT SET 4PCS HARD RUBBER 67X48","HARDWARE & BUILDING MATERIAL",458
191678,"SARA BEEF COCKTAIL SAUSAGE 405G  24",SUPERMARKET,245.88
188861,"BATHMAT 50X80CM BM244 SKY BLUE CP","HOME DECOR & TEXTILES",649
191136,"FOGG SCENT EDP  IMPRESSIO 100ML 30",SUPERMARKET,379.98
189108,"GLOBE MAGNETIC LEVITATING WLIGHT C3",STATIONERY,798
189312,"HOME APP  MOBILE PH PROTECTION PLAN 2000135000",MISCELLANEOUS,-555
192201,"MOGU MOGU COCONUT DRINK 320ML 24",SUPERMARKET,1529.49
189375,"SIDE CABINET BIFLV04S",FURNITURE,579
198433,"WATER BOTTLE 800ML PLASTIC FROSTED Y607 YWU","HOUSEWARE & KITCHENWARE",177
200387,"REXONA DEO STICK COTTON DRY 40ML 6",SUPERMARKET,49.99
200394,"REXONA DEO STICK SHOWER FRESH 40ML 6",SUPERMARKET,149.97
200528,"FILO FLAVOUR MILK WHEAT 500ML 12",SUPERMARKET,91.92
198550,"HABANERO PEPPER PACK OCL",SUPERMARKET,13.99
198632,"ACRYLIC STAND CARD A4 HCL O51040",STATIONERY,840
201900,"PEEVA COCKTAIL CARBONATED SOFT DRINK 350ML 20",SUPERMARKET,13.95
19643,"MARS CHOCOLATE SINGLE  51GMS 48",SUPERMARKET,39.98
197120,"SILBEST GREEK YOGHURT WITH LEMON 500ML 1",SUPERMARKET,127.98
40547,"HAPPY DELIGHT MULTIFRUIT JUICE 200ML 24",SUPERMARKET,222.18
40889,"GEURTS MIXED FRUIT JAM 450GMS  12",SUPERMARKET,422.91
36064,"BARILLA BASILICO TOMATO SAUCE 400G  6",SUPERMARKET,79.99
43026,"PASCUAL YOGURT FRUIT SALAD FLAVOUR  4125G  6",SUPERMARKET,49.99
37058,"MYSTIC ORCHARD AUTO REFILL  GREEN APPLE  12",SUPERMARKET,194.95
37237,"SHINE CLING FILM 300X45  6",SUPERMARKET,451.98
23131,"ENA PA MACKEREL IN TOMATO SAUCE 200G 48",SUPERMARKET,350.73
31594,"FERRERO ROCHER GIFT TRAY 24PCS 300GMS 6",SUPERMARKET,1879.92
31702,"SARA BEEF LUNCHEON MEAT 190G 24",SUPERMARKET,349.75
38042,"PARIDOX ALATA SAMINA BSGEL COCOA 450ML 20",SUPERMARKET,923.78
39376,"GEURTS APRICOT JAM 450G 12",SUPERMARKET,549.89
33437,"OREO CHOCOLATE CREME COOKIES276G X 9PCS X 12",SUPERMARKET,64.87
202282,"KOHLRABI PACK WFA",SUPERMARKET,16.99
202842,"DINNER SET 16PCS CERAMIC BLACK T12091","HOUSEWARE & KITCHENWARE",169
202843,"SERVING POT 1L CRYSTAL BW003J","HOUSEWARE & KITCHENWARE",453.7
204560,"MARILAN BISC CREAM CRACKER 140G  40",SUPERMARKET,197.78
87945,"COLGATE TP NATURAL EXTRACTS LEMON OIL 75ML  48",SUPERMARKET,38.99
87985,"JUVER SELECCION PINEAPPLE BOTTLE JUICE  850ML  12",SUPERMARKET,40.99
85677,"PLASTIC REUSABLE 20PCS CONTAINERS  SL115 RJK","HOUSEWARE & KITCHENWARE",59.8
85917,"YAZZ SANITARY PAD EXTRA LONG 9PADS   24",SUPERMARKET,431.76
89440,"MAXFACTOR TREADMILL 3HP USB ET1801B","SPORTS & FITNESS",27998
77658,"PARIDOX ALATA SAMINA TABLET SOAPALOE VERA 150G  40",SUPERMARKET,188.91
86437,"CELLO WATER BOTTLE PURO SPORTS 900 ML","HOUSEWARE & KITCHENWARE",119.7
90003,"TV RACK BURITIOFF WHITE TITAN AEGON 8000200018473",FURNITURE,1999
78424,"SERVING TRAY MELAMINE 8 INCHES ZHN A32485","HOUSEWARE & KITCHENWARE",442.4
69544,"ROMAR AUTOM AIRFRESH REFILL ROSES 250ML  6",SUPERMARKET,293.94
58187,"COLGATE TOOTHPASTE HERBAL 70ML  72",SUPERMARKET,11.99
69962,"ULTAMAX HAIR MOISTURIZER 9 SECRETS HERBS 200ML  30",SUPERMARKET,461.93
70315,"ZWAN BEEF LUNCHEON MEAT 340G 12",SUPERMARKET,51.99
71619,"GULLON SUGAR FREE ZERO FIBRE BISCUITS 170G 16",SUPERMARKET,29.99
71621,"GULLON SUGAR FREE ZERO DIGESTIVE BISCUITS 400G  15",SUPERMARKET,99.98
61258,"ROMAR AUTOM AIRFRESH REFILL MOUNTAIN AIR 250ML  6",SUPERMARKET,538.89
67792,"IRISH SPRING ICY BLAST SOAP 1063G 18X3PACK  18",SUPERMARKET,1727.68
54965,"RAFFAELLO T15 CANDY 150G   6",SUPERMARKET,2159.82
73047,"SURE MEN APA ANTIBACTERIAL ODOUR PROTEC 250ML  6",SUPERMARKET,214.95
55689,"AFRIWARA AKONO GINGER 10X125G 10",SUPERMARKET,22.58
X539,"VEGA CONDENSED MILK 1KG  24",SUPERMARKET,1399.65
X679,"MAGGI AROME 250ML 24",SUPERMARKET,737.25
X688,"GILLETTE SHAVING FOAM REGULAR 200ML 6",SUPERMARKET,49.99
X936,"LAUGHING COW LAVACHE QUIRIT CHEESE  8PCS 112G 36",SUPERMARKET,2174.25
CL713,"SPICE CONTAINER 400ML 126CMX126CMX55CM","HOUSEWARE & KITCHENWARE",44.1
D998,"BINE  BLEACH 5L  4",SUPERMARKET,164.97
S973,"CAMEL ANTISEPTIC SOAP ALOE VERA 175G 36",SUPERMARKET,494.67
95817,"AMALFI  DEO ROLLON DERMO PROTECTIVE 50ML  12",SUPERMARKET,59.97
90601,"CURTAIN ROD SINGLE 120 TO 210 11009210AB","HOME DECOR & TEXTILES",476
90634,"CURTAIN ROD EXTANDABLE SIZE 210300 11032300DG","HOME DECOR & TEXTILES",285
98134,"BAYARA CORIANDER POWDER 120G   12",SUPERMARKET,489.86
98299,"ROMAR AUTOM AIRFRESH REFILL DOLCE BLUE   250ML  6",SUPERMARKET,440.91
98300,"ROMAR AUTOM AIRFRESH REFILL LOVE 250ML 6",SUPERMARKET,293.94
96459,"NIVEA BLACKWHITE ORIG APERSP DEO SPRAY 250ML  6",SUPERMARKET,851.88
91459,"GOLDEN PENNY INSTANT NOODLES CHICKEN  FLAV 70G 40",SUPERMARKET,145.08
98557,"MADAR WASHING POWDER 150G  40",SUPERMARKET,251.58
94846,"NIVEA MEN DEEP ANTIPERSPIRANT ROLL ON 50ML  30",SUPERMARKET,119.97
94947,"PEPSODENT TOOTHBRUSH KIDS 26YRS 1X60",SUPERMARKET,417.12
94998,"HERMAN TOMATO KETCHUP PET BOTTLE 567G  12",SUPERMARKET,53.99
95078,"COOKWARE SET 9PLID 1820242626 FRYPAN MK6205","HOUSEWARE & KITCHENWARE",1698
97342,"SATNAM INSECT REPELLENT HOOK WHITE 100G  120",SUPERMARKET,-22.58
97343,"CHALLENGE INSECT REPELLENT HOOK 100G  120",SUPERMARKET,76.93
97344,"SATNAM INSECT REPELLENT HOOK COLOURED 100G  120",SUPERMARKET,124.19
92257,"SOFTCARE PREMIUM SOFT  BABY DIAPERS S 15PCS   10",SUPERMARKET,209.94
92674,"CAKE BOARD ROUND 12CM THICKNESS 35CM YWU","HOUSEWARE & KITCHENWARE",480.9
