ITEM_CODE,ITEM_NAME,PRICE,AUDIT_QTY,ERP_QTY,DIFF,"DIFF VALUE",DATE,USER,RACK
00365,"ZWAN CHICKEN HOTDOGS CAN 400G 12",46.99,9,9,0,0,26-APR-026,"EMMANUEL MENSAH",124
104824,"KERRYGOLD FULL CREAM MILK POWDER TIN 900G 6",189.99,15,53,-38,-7219.62,25-APR-026,"DAVID BRUNO",80
105486,"DZIRE BLENDER WMILL 15L 350W BLP202W350",299,1,1,0,0,25-APR-026,PRINCE,224
108397,"PARLE SIMPLY GOOD DIGESTIVE HONEY  OATS 72G  36",5.49,64,101,-37,-203.13,25-APR-026,DERRICK,96
115828,"BOWL 3 PCS SET CERAMIC T103030",219,1,6,-5,-1095,26-APR-026,VICTORIA,432
128894,"BRUHM LED TV 43 SMART VIDAA FHD BTF43V",5699,1,1,0,0,25-APR-026,LESTER,250
149386,"STARFRESH PUMP SPRAY VANILLA  ORCHIDS 200ML 36",12.29,16,23,-7,-86.03,25-APR-026,ABASS,2
163852,"SWING BIN 50L PLASTIC PRINCE 4550",129,10,11,-1,-129,25-APR-026,HAYFORD,455
157739,"MIMI KISS ROSE WINE 750ML6",107.99,1,1,0,0,25-APR-026,APPIAH,113
159528,"TENNIS SET CHILDREN 315245",41.9,5,7,-2,-83.8,25-APR-026,"GEORGE PUPLAMPU",467
167626,"CANDLE WAROMATHERAPY SET",159,11,13,-2,-318,25-APR-026,HAYFORD,458
169159,"ROMAR AIR REFRESHNER ROSES 750ML   6",68.99,3,4,-1,-68.99,25-APR-026,ABASS,2
167157,"ACTIVE TOOTHBRUSH MULTI ACTION 3IN1  12",25.99,7,7,0,0,25-APR-026,"BOADI STEPHEN",53
179912,"WALL CLOCK 402X402X45 1612F",149,1,1,0,0,25-APR-026,GAD,472
180247,"BO16 STYLING GEL BLACK 150G  6",11.59,14,27,-13,-150.67,26-APR-026,"BENEDICT ABBEY",38
177697,"WESTINGHOUSE COFFEE GLASS DUAL 200ML WCGW009702",89,12,12,0,0,26-APR-026,SYLVIA,428
17694,"SUPER TEA 25BAGS 80",9.49,60,61,-1,-9.49,25-APR-026,AKORFA,57
185434,"BATHMAT PUFF MF 50X80CM BELLE BROWN 01MA0616B",79,17,16,1,79,26-APR-026,VINOLIA,444
186067,"FLAT PLATE GOLDEN RIMMED 105 GR105FP RJK",24.9,18,18,0,0,25-APR-026,SOMUAH,412
192737,"CURTAIN SHEER WHITE 54X90 PL Y2151",99,12,16,-4,-396,25-APR-026,GIFTY,492
194158,"SAMSUNG GALAXY MOBILE A17 LTE 4GB128GB",2599,1,1,0,0,25-APR-026,NYARKO,178
192942,"POMPOM ANIMAL SILICON TOY WLIGHT HCL S9252",54.99,6,39,-33,-1814.67,25-APR-026,HANNAH,275
191056,"KOYO NONDIARY CREAMER 200G  26",13.49,17,18,-1,-13.49,25-APR-026,"DAVID BRUNO",80
190605,"POPPER ASSORETD 1300G",109,1,2,-1,-109,25-APR-026,HERBERT,280
60929,"BINATONE HOT PLATE SINGLE ELECTRIC COOKING ECP110",445,10,10,0,0,25-APR-026,JUSTICE,184
N119,"BADIA CURRY POWDER 1985G 12",93.99,7,20,-13,-1221.87,25-APR-026,GIDEON,67
91085,"SHOWER  SHOWER DEO FRESH DAWN 150ML 6",57.99,13,29,-16,-927.84,25-APR-026,ELLA,34
94543,"MARA PEELED TOMATOES IN TOMATO JUICE 400G  24",32.99,18,18,0,0,26-APR-026,GIFTY,63
91552,"COLGATE MOUTH WASH PLAX PEPPERMINT 250ML  24",51.99,18,22,-4,-207.96,25-APR-026,"BOADI STEPHEN",53
97028,"PLUSH TOY 28CM",79,7,9,-2,-158,25-APR-026,HANNAH,276
102312,"PEAK MILK POWDER GREEN SACHET 10 12 20G  12",26.99,24,66,-42,-1133.58,26-APR-026,EMMANUEL,127
118310,"PURDEYS REPLENISH RASPBERRY AND ROSE 330ML  12",19.99,8,7,1,19.99,25-APR-026,DELIGHT,85
125360,"ROMAR FABRIC SOFTENER SPA 750ML  15",36.99,1,11,-10,-369.9,25-APR-026,JIMOH,1
138231,"ONE YOGO PARFAIT MIX CASHEW GRANULA 200G 12",45.99,7,9,-2,-91.98,25-APR-026,"KINGSLEY OP",91
14282,"CAMEL STANDARD LIQUID 125ML 48",16.99,27,27,0,0,26-APR-026,QUEENCILLA,42
157182,"SERVING TRAY MELAMINE 14 INCHES ZHN B27014",29.9,38,38,0,0,26-APR-026,QUEENCILLA,379
149433,"WESTINGHOUSE GLASS CONTAINER SET 3PCS WCFC003306A",179,4,4,0,0,26-APR-026,GLADYS,430
163427,"ICE QUEEN TRISTEN LEMON  STRAWBERRY 90ML 40",7.99,1,3,-2,-15.98,26-APR-026,EMMANUEL,135
159541,"DOLL 4DESIGN MIX 2098",42.9,8,8,0,0,25-APR-026,HERBERT,278
162716,"DINNER PLATE MELAMINE 9 INCHES FEILU 6039",14.9,32,94,-62,-923.8,25-APR-026,REGINA,389
179745,"JAR SQ 1200ML PLASTIC 1209",39.9,13,13,0,0,25-APR-026,"NANA ADJEI ",327
179952,"FILLED CUSHION LN 45X45CM CHACO EHAMKCUSHION143",99,18,11,7,693,25-APR-026,"GIDEON GBLOGAH",507
190545,"BULLETIN BOARD 90X150CM A01FB90150S",359,2,2,0,0,25-APR-026,"GEORGE PUPLAMPU",467
198355,"TUMBLER SET 7PCS LANCIERVICTORIA X1023",109,1,2,-1,-109,25-APR-026,"STEPHEN ACQUAH",424
23698,"MR MUSCLEGLADE ALL PURPOSE LAVENDER FIELDS 1L 12",54.99,3,3,0,0,25-APR-026,"ADIATOR MOSES ",8
202149,"SWING BIN HIPPO WLID 50 LT GREY GREEN UP237WE212",349,8,9,-1,-349,25-APR-026,HAYFORD,454
202760,"PROFA HAUSA KOKO 400G  30",37.49,27,27,0,0,26-APR-026,SOLOMON,78
74475,"UMBRELLA AUTO 70CM  16 RIBS",89,5,5,0,0,25-APR-026,"FELIX BOADU",151
86710,"CARPET SHAGGY 160X230CM ASSORTED 34441",999,2,2,0,0,25-APR-026,"GIDEON GBLOGAH",508
52743,"LELE EVAPORATED MILK 170G 48",8.49,139,156,-17,-144.33,26-APR-026,"NANA ADJEI",81
X554,"SAVANNA DRY CIDER  330ML 24",24.99,27,83,-56,-1399.44,25-APR-026,APPIAH,110
N308,"CAMEL STANDARD LIQUID 250ML 24",29.99,9,24,-15,-449.85,26-APR-026,QUEENCILLA,42
98800,"IDEAL ORIGINAL EVAPORATED MILK 29G  10 X 18",32.99,25,107,-82,-2705.18,26-APR-026,"DAVID BRUNO",80
102276,"PEPSODENT TOOTHPASTE CHARCOAL WHITE  130G  72",24.49,4,79,-75,-1836.75,26-APR-026,NTUMY,162
117097,"KENWOOD MICROWAVEOVEN 30L GRILLDGT BLK MWM30000BK",3439,1,3,-2,-6878,25-APR-026,WONDER,261
128882,"PAPER FILE 50PCSPF999 259228259235259242259259E",99,1,1,0,0,25-APR-026,DANIEL,XMAS
129198,"TOY CARD MACHINE 1611P",66.9,1,1,0,0,26-APR-026,GIDEON,294
122227,"AIRPRO AIRFRSHNER GEL  TUTTI FRUTTI MANIA 128G  24",24.99,33,32,1,24.99,26-APR-026,ABIGAIL,5
137272,"TORENTOREN WAFERS HAZELNUT D FLAVOUR C W 55G 144",6.29,80,83,-3,-18.87,26-APR-026,ATITOGO,160
132408,"GIFT WRAP PAPER WHITEPINKBLACK 53X75CM SXX2341",9.99,10,11,-1,-9.99,26-APR-026,OTHNIEL,137
155736,"DEW DKLE ANTIBACTERIAL MSURFACE WIPES  24",60.99,28,28,0,0,26-APR-026,"BENEDICT ABBEY",39
153243,"EASY DRINK MOJITO RTD COCKTAIL DRINK 500ML 12",37.99,6,7,-1,-37.99,25-APR-026,APPIAH,109
152717,"GREENWORLD AIRFRESHENER JASMCOT FLOWER 400ML  48",34.99,17,17,0,0,25-APR-026,ABASS,2
166543,"WATER BOTTLE 1700ML PNP3311",19.9,8,7,1,19.9,26-APR-026,"MICHAEL DADZIE",310
163124,"VIBE SHOWER GEL GOAT MILK ALOE 11L  12",42.99,4,4,0,0,25-APR-026,"ANANE KOJO",21
157772,"SHINE RIPPLE CUPS 80Z 25PCS  20",37.49,10,12,-2,-74.98,25-APR-026,"ARTHUR JONADAB",25
172892,"TAMPICO GRAPE PUNCH  JUICE 500ML 12",7.99,4,51,-47,-375.53,25-APR-026,EMMANUEL,135
166734,"HANDWRITING BOOK",14.99,29,30,-1,-14.99,25-APR-026,"JERUSHA ",284
181607,"CHOPPING BOARD BAMBOO COAT 342X230X10MM 161075000",34.9,18,18,0,0,25-APR-026,"PAUL OWUSU",353
181837,"DELICIOUS DRINKING GLASS 3PCS SET LDS010",26.9,20,20,0,0,25-APR-026,"STEPHEN ACQUAH",419
187113,"GOLDMAN PARANI EKWEGBEMI BOX 650G 12",38.99,10,10,0,0,25-APR-026,SOLOMON,77
187697,"HUMIDIFI CANDOR 2L",199,2,2,0,0,25-APR-026,KWAFO,173
200348,"BALENCIA SLICED MUSHROOM CAN 425G 24",17.99,7,25,-18,-323.82,26-APR-026,GLADYS,71
37640,"DEVA SURFACE CLEANER LEMON 1L   12",30.99,12,12,0,0,25-APR-026,"ADIATOR MOSES ",7
202146,"SWING BIN HIPPO WLID 50 LT GREY GREEN UP237W212",299,12,11,1,299,25-APR-026,HAYFORD,456
89094,"PAINTING 50X60CM FLOWERS  SCENERIES",149,1,2,-1,-149,25-APR-026,SHADRACK,532
51039,"ENERGIZER BATTERY LITHIUM 3V ECR2032LITHIUM",25,48,56,-8,-200,25-APR-026,NTUMY,161
CL740,"BUCKET 5LTR OPAQUE 21CMX23CM",14.9,16,17,-1,-14.9,25-APR-026,MORGAN,323
106845,"STAR FRESH GEL CARD STRAWBERRY FRESH 8ML  12",18.49,24,26,-2,-36.98,25-APR-026,ABASS,3
107643,"JUVER  100  MULTIFRUIT  JUICE 1L  12",39.99,7,23,-16,-639.84,25-APR-026,KWAFO,103
109711,"FIESTA YELLOW COCKTAIL NON ALC WINE  750ML  6",41.99,10,10,0,0,25-APR-026,"EDDIE MENSAH",107
112741,"AKAI AIRPOT 20L BLACKSS EK035A3013P",1099,1,1,0,0,25-APR-026,"COLLINS HAMMOND",235
116366,"MASTERCHEF CAKE TURNER STAINLESS STEEL MCC41",4.9,41,42,-1,-4.9,25-APR-026,"NANA KOJO",367
132397,"GIFT WRAP PAPER BEIGEGRENRED 3P 53X75CM SXX2233",10.99,14,14,0,0,26-APR-026,AKORFA,55
132891,"SERVING BOWL MELAMINE 9 INCHES FEILU 30096",13.9,7,57,-50,-695,25-APR-026,ROBIN,392
146640,"ELTRUT VEGETABLE SAMOSA 8PCS  380G 1",50.99,15,17,-2,-101.98,25-APR-026,EVELYN,141
165085,"AIRWICK 6IN1 AEROSAL SPAR CITRUS 280ML  12",52.99,4,4,0,0,25-APR-026,ABASS,2
162691,"DINNER PLATE MELAMINE 10 INCHES FEILU 781051",16.9,82,83,-1,-16.9,25-APR-026,REGINA,390
181964,"CHIPSER 2IN 1 MYQ9307",39.9,13,13,0,0,25-APR-026,PHILEMON,356
17900,"REXONA WOMEN MS BIORYTHM SPRAY 72H 200ML 12",42.99,7,8,-1,-42.99,25-APR-026,ELLA,34
176317,"LA CAVE STEM 360ML FRC J9397",59,30,24,6,354,25-APR-026,SYLVIA,426
185436,"BATHMAT PUFF MF 50X80CM BELLE TAUPE 01MA0616D",79,4,5,-1,-79,25-APR-026,DANIEL,XMAS
187944,"DECORATIVE ACCESSORY",149,1,1,0,0,26-APR-026,HAYFORD,461
183598,"CERAMIC SIDE PLATE 8 24FDL020 RJK",19.9,22,39,-17,-338.3,25-APR-026,BLESSING,410
184616,"SIDE PLATE 8 CERAMIC STKLT FP01 RJK",9.9,11,12,-1,-9.9,26-APR-026,BLESSING,410
193447,"SOLO BOOK COVER SHEET 180X240MM SELF ADHESIVE BC01",3.99,20,20,0,0,25-APR-026,MARIAM,290
192926,"MIGLIO SMOKED CHICKEN FRANKS 340G X 32",19.99,64,428,-364,-7276.36,25-APR-026,NYARKO,182
204557,"MARILAN BISC AGUA E SAL 300G  24",17.49,18,18,0,0,26-APR-026,"KINGSLEY OP",94
206531,"CAKE PIPPING BAG CASE DELICIOUS BB7706",22.9,8,8,0,0,25-APR-026,"ALHASSAN RANDY",384
84828,"PARIDOX BLACK SOAP MIXTURE 500G  20",39.99,18,18,0,0,26-APR-026,ALVIN,18
70249,"INDOMIE HUNGRY MAN CHICKEN FLAVOR 180G  26",11.29,96,173,-77,-869.33,25-APR-026,SOLOMON,76
67534,"SHINE FAMILY DISPOSABLE CUP 500CC 20S X50PCS  20",27.99,21,21,0,0,25-APR-026,"ARTHUR JONADAB",25
98507,"AMALFI BODY MILK OLIVE 500ML  15",28.99,20,20,0,0,25-APR-026,"BENEDICT ABBEY",37
95111,"FRUTAIL RED GRAPE NECTAR 1L  12",34.99,2,28,-26,-909.74,25-APR-026,EMMANUEL,135
92195,"JUVER SELECCION CRANBERRY BOTTLE JUICE 850ML 12",42.49,6,5,1,42.49,26-APR-026,DELIGHT,88
92868,"TOYS BUBBLE GUN SET LX0146019",65,1,5,-4,-260,25-APR-026,HANNAH,274
102949,"FRES SOAP ROSE 75G   72",4.99,48,49,-1,-4.99,25-APR-026,"ANANE KOJO",20
103383,"AMALFI HAIR DYE DARK RED  654  12",54.99,9,3,6,329.94,26-APR-026,"PAUL OWUSU",38
106821,"SHINE PAPER PLATE RECTANGULAR 18 X14CM 25PCS  20",19.99,2,2,0,0,26-APR-026,DORIS,24
115047,"DAPHNIS MUSHROOM WHOLE 400G 12",21.99,19,20,-1,-21.99,26-APR-026,GIDEON,71
111736,"OLD EL PASO PICKLED JALAPENO SLICES 215G12OZ  4",54.99,6,6,0,0,25-APR-026,GLADYS,71
132350,"PRAN ALOE VERA DRINK ORIGINAL 500ML 24",14.99,28,33,-5,-74.95,26-APR-026,DELIGHT,88
148003,"OCEAN GAS COOKER 4B 60X60 GRIL BLK MGCO 6640 NMXCZ",3979,1,2,-1,-3979,25-APR-026,AKAYIRI,205
141051,"BOWL 3PCS SET WLID CERAMIC GYC891001",219,11,4,7,1533,26-APR-026,SOMUAH,430
154615,"48 LAWS OF POWER  BIG SIZE ROBERT GREENE",99,1,1,0,0,26-APR-026,"JERUSHA ",288
150543,"KANGARO STAPLE REMOVER SRL45",9,19,19,0,0,26-APR-026,GILBERT,294
167244,"MIKSI STRAWBERRY SACHET 35G  120",3.29,151,149,2,6.58,25-APR-026,"DAVID BRUNO",79
194194,"NIVEA LIPBALM STRAWBERRY 1PK  12",40.99,1,1,0,0,25-APR-026,"BENEDICT ABBEY",37
195089,"DOLCE TOFFEE COLA 350G 10",34.99,9,9,0,0,26-APR-026,"EDDIE MENSAH",90
192332,"DUSTPAN  BRUSH SET PLASTIC C130013",19.9,33,33,0,0,25-APR-026,WISE,450
42962,"MAXIM ZONE 1 THICK BLEACH 45L 5",73.99,7,7,0,0,26-APR-026,"GIDEON GBLOGAH",12
38690,"BORGGREVE CHOCOLATE SHORTBREAD 200GR 16",38.99,18,23,-5,-194.95,25-APR-026,DORIS,97
26327,"BELPAK FUN NAPKIN  15",5.99,14,18,-4,-23.96,26-APR-026,"COLLINS HAMMOND",30
202838,"CHAMPAGNE GLASS 6PCS SET 6323",99,1,7,-6,-594,25-APR-026,SYLVIA,426
57878,"CUSSONS MORNING FRESH DWASH ZESTY LEMON 450ML  18",26.99,40,22,18,485.82,25-APR-026,ALVIN,14
64715,"PARLE RIK RAK CHOCOLATE FILLED WAFER 18G 72",1.09,64,66,-2,-2.18,26-APR-026,DERRICK,96
62696,"FRISCHLI FULL CREAM UHT MILK 35 1L  12",34.99,45,237,-192,-6718.08,25-APR-026,AKORFA,56
95900,"AMALFI  BODY SPRAY COOL SEA  150ML  8",30.99,9,9,0,0,25-APR-026,ELLA,33
96815,"NO 8 CHOCOLATE SNACK 30G  72",.69,12,14,-2,-1.38,25-APR-026,"EMMANUEL MENSAH",121
04229,"HARIBO HAPPY COLA BOTTLES 140G  12",29.99,6,6,0,0,25-APR-026,ABIGAIL,156
07020,"YAZZ SANITARY PAD HEAVY FLOW PINK 24",17.99,28,26,2,35.98,26-APR-026,"BOADI STEPHEN",51
107994,"TABLE LAMP 55CM MEL5",279,1,7,-6,-1674,25-APR-026,KWAFO,171
117262,"DOMS COLOURED ERASERS 20PCS 7246",6.9,23,24,-1,-6.9,26-APR-026,MARIAM,295
115194,"DOMINIO VALOR RED WINE 750ML 6",59.99,4,4,0,0,25-APR-026,APPIAH,111
128812,"STATIONARY KIT STUDENTS LUXOR 12PCS 135212BC",28.9,2,9,-7,-202.3,26-APR-026,MARIAM,291
126195,"ZOFLORA LINEN FRESH   120ML  12",45.99,47,24,23,1057.77,25-APR-026,"ADIATOR MOSES ",8
124249,"BINATONE BLENDER WMILL 300W GREY BLG412",579,3,4,-1,-579,25-APR-026,PRINCE,228
137062,"BODMAN MOST WANTED 236ML  12",77.99,6,17,-11,-857.89,26-APR-026,ELLA,35
134388,"MCBERRY FRENCH DONUTS 35G  144",2.49,10,172,-162,-403.38,25-APR-026,"FELIX BOADU",154
132029,"DINNER FORK 6PCS 21CM 40G DYC2 YWU",39.9,17,16,1,39.9,25-APR-026,OWUSU,370
148478,"ARTIFICIAL FLOWER MIX COLOR 12",18.9,32,35,-3,-56.7,26-APR-026,AKAYIRI,267
147574,"MOMEASY TODDLER TOILET TRAINING SEAT 46807",99,3,3,0,0,25-APR-026,VICTORIA,438
148840,"CAKE BOARD ROUND 10PCS GOLDSILVER 2MM 30CM YWU",39.9,1,1,0,0,25-APR-026,"ALHASSAN RANDY",382
154124,"SOUP PLATE 7INCHES CERAMIC P184001",8.9,41,41,0,0,26-APR-026,BLESSING,408
149579,"DOVE BAR SOAP  CLEAN COMFORT 4PK  12",67.99,16,28,-12,-815.88,26-APR-026,NIBOI,18
16297,"BINE DISINFECTANT 25L 6",54.99,6,6,0,0,26-APR-026,"ADIATOR MOSES ",8
164202,"MAZBIT TASTY TREATS ORIGINAL CAKE 60G  40",2.89,23,23,0,0,25-APR-026,"FELIX BOADU",154
159782,"PAPER LARGE BAG 250G 43X55X15CM",21.99,10,9,1,21.99,25-APR-026,"MICHAEL BOYE",302
162238,"CHEST OF DRAWER 4DRW CEDAR 2343682",1182,1,1,0,0,26-APR-026,SHADRACK,521
168856,"BREAD KNIFE 75 CPQT018BR RJK",16.9,8,9,-1,-16.9,25-APR-026,"NANA KOJO",365
168973,"SUNNY GOLD BROWN SUGAR CUBES 350G  24",19.99,7,7,0,0,25-APR-026,"EMMANUEL MENSAH",122
177991,"CHAIR WHITE PLASTIC WCUSHION 55X43X87CM PP126AW",429,6,6,0,0,25-APR-026,SHADRACK,509
187679,"BLANKET POLYESTER 1040G 2X23M 4COLOR MIX",189,11,11,0,0,25-APR-026,GILBERT,499
184614,"SOUP PLATE 8INCH CERAMIC STKLT SK13 RJK",9.9,22,69,-47,-465.3,26-APR-026,BLESSING,408
194678,"CERAMIC BOWL 875 INCHES RB001",19.9,31,31,0,0,26-APR-026,BLESSING,408
200955,"HOLY INSECTICIDE SPRAY 600ML  24",36.49,7,9,-2,-72.98,26-APR-026,"BOADI STEPHEN",9
56622,"TRADITION FACIAL TISSUE  2PLY  150TISSUES   36",11.49,30,32,-2,-22.98,26-APR-026,BISMARCK,29
X466,"BIC RAZOR PURE 3 CLASSIC POUCH 4PCS  20",62.99,15,15,0,0,26-APR-026,AKORFA,55
D997,"MALTA GUINNESS CAN 330ML 24",12.99,144,485,-341,-4429.59,26-APR-026,DANIEL,165
03825,"BLUE BAND SPREAD FOR BREAD 250G 24",16.99,18,21,-3,-50.97,26-APR-026,"PAUL OWUSU",64
101066,"BINATONE KITCHEN MACHINE 4L 1000W KM1000",2049,1,1,0,0,25-APR-026,PRINCE,227
103821,"HYSON DIABEX TEA 15S  24",43.99,24,27,-3,-131.97,25-APR-026,AKORFA,58
104378,"DESTELLO FLOOR CLEANER LEMONLIME 1500ML  12",29.99,9,9,0,0,25-APR-026,"ADIATOR MOSES ",7
106954,"LION DOR BRANDY 1L 6",140.99,3,3,0,0,25-APR-026,MAHAMA,115
108235,"DARLING CELLARS CLASSIC SWEET RED 750ML  6",109.99,2,2,0,0,25-APR-026,APPIAH,112
116540,"HEINZ CHOCOLATE PUDDING BABY FOOD 120GM 4X6",134.99,5,5,0,0,26-APR-026,"EMMANUEL MENSAH",124
115661,"LED CHANDELIER 7XG9 3W IRONGLASWOOD WP211447",1499,1,1,0,0,25-APR-026,KWAFO,531
111660,"CANDLE WHAPPY BIRTHDAY DESIGN GOLD",7.9,19,175,-156,-1232.4,26-APR-026,HADASSAH,269
122225,"GREENWORLD BAMBU AFRESHNER  SWEET 100ML 12",81.49,14,14,0,0,26-APR-026,ABASS,4
135814,"SERVING BOWL MELAMINE 11 INCHES FEILU 508117",16.9,3,3,0,0,25-APR-026,REGINA,386
135825,"DINNER PLATE MELAMINE 10 INCHES FEILU 83105",18.9,38,39,-1,-18.9,25-APR-026,REGINA,390
135907,"FABER CASTELL TIP PEN 45FIBRE WALLET 6P SET 155106",14.9,4,2,2,29.8,26-APR-026,MARIAM,292
131069,"ROMAR REFILL AUTOM AIR FRESH COCONUT 250ML  6",48.99,5,5,0,0,26-APR-026,ABIGAIL,5
132382,"GIFT WRAP PAPER LBLUWHTBLU 2P 70X100CM LXX3112",11.99,4,13,-9,-107.91,25-APR-026,JOSEPH,178
14723,"EASY MOUZOO GUAVA JUICE GLASS BOTTLE 250ML  24",10.99,35,38,-3,-32.97,26-APR-026,KWAFO,83
155805,"BEBE BABY WIPES 72SHEETS  12",22.99,8,8,0,0,26-APR-026,PHILEMON,10
149220,"AIRPRO NAPHTALENE BALLS COLOURED SMALL 150G   120",11.49,67,108,-41,-471.09,26-APR-026,"ADIATOR MOSES ",9
164221,"MOLINERA RED GRAPE BOTTLE JUICE 1L   6",47.99,2,2,0,0,25-APR-026,EMMANUEL,135
159464,"PLUSH TOY DOG 57CM",249,4,22,-18,-4482,26-APR-026,HANNAH,276
168135,"KENWOOD KITCHEN MACHINE BLEND 5L 1400W KHH01120SI",3299,1,1,0,0,25-APR-026,PRINCE,226
183280,"BEER MUG 6PCS SET 400ML WEISH PJ 10914 RJK",79,1,1,0,0,25-APR-026,SOMUAH,415
193344,"WHISKEY GLAS TRAZE PS HI BALL 350ML 3P0366406X0001",229,4,5,-1,-229,25-APR-026,"STEPHEN ACQUAH",421
192943,"SQUEEZE SILICON TOYS 4COLOR HCL S9253",12.99,38,38,0,0,25-APR-026,HANNAH,275
191976,"DINNER FORK 38G1155 ZHN",23.9,63,63,0,0,25-APR-026,OWUSU,370
191352,"VASELINE ADVANCED REPAIR 400ML 48",64.99,17,35,-18,-1169.82,25-APR-026,"BENEDICT ABBEY",37
190617,"BALLON ELECTRIC PIMP",159,6,6,0,0,25-APR-026,HANNAH,272
198900,"WATER BOTTLE METAL 420ML CN241014A1",59,17,19,-2,-118,25-APR-026,"MICHAEL DADZIE",308
23132,"ENA PA MACKEREL IN TOMATO SAUCE HO 155G 50",11.99,74,67,7,83.93,26-APR-026,"EMMANUEL MENSAH",124
76012,"MYDIBEL SHOESTRING FRIES GRADE A 77  25KG  4",119.99,4,16,-12,-1439.88,25-APR-026,EVELYN,141
C0173,"SWING BIN 10LTR 24CMX18CMX40CM",34.9,9,19,-10,-349,25-APR-026,HAYFORD,455
94211,"UNIBIC SCOTCH FINGER COOKIES 100G  24",24.99,24,27,-3,-74.97,25-APR-026,DORIS,98
137498,"BUMBLE BABY WET WIPES HONEYSUCKLE 72PCS   12",22.99,13,13,0,0,26-APR-026,"BENEDICT ABBEY",39
148013,"PAINTING WHITEGOLD 30X40CM  A588 C460 C698",79,1,2,-1,-79,26-APR-026,FRANCIS,525
148448,"MUG 350ML CERAMIC DESIGNER YWU",14.9,15,24,-9,-134.1,25-APR-026,"SAMUEL ADDO",398
148450,"MUG 350ML CERAMIC YWU",9.9,17,17,0,0,25-APR-026,"SAMUEL ADDO",398
155089,"BIRCH FRAGRANCE AROMA OIL 30ML",32.9,10,20,-10,-329,26-APR-026,ABASS,4
163409,"ICE QUEEN FLORENCE CHOCOLATE 1200ML 6",89.99,1,10,-9,-809.91,25-APR-026,DANIEL,XMAS
162785,"SERVING BOWL MELAMINE 10 INCHES FEILU 343106",18.9,35,33,2,37.8,25-APR-026,ROBIN,392
160318,"PYREX CONTAINER WLEAKPROOF LID 19L 282PG007645",179,4,3,1,179,26-APR-026,SYLVIA,428
169808,"NASCO AIR PURIFIER AP2202AGS",549,1,1,0,0,25-APR-026,JUSTICE,186
168852,"CLARENDELLE BORDEAUX WHITE WINE V2021 750ML 6",375.99,6,6,0,0,25-APR-026,APPIAH,113
170074,"JAR SPIN LOCK 1000ML 107A 18661",12.9,9,9,0,0,25-APR-026,"NANA ADJEI ",327
179604,"CARPET 140X200CM IVORY PL WITF1432140X200",769,2,2,0,0,26-APR-026,GAD,474
186695,"RAINBOW CONTAINER 7PCS SET RECT PLASTIC 80187",59,8,8,0,0,25-APR-026,NASHIBA,332
193298,"ALICE IN WONDERLAND POCKET CLASSIC",19.9,2,2,0,0,25-APR-026,JERUSHA,287
192854,"MELAMINE TRAY 16INCH 5016",19.99,33,33,0,0,25-APR-026,ROBIN,392
190095,"TABLE LAMP 220V",109,4,19,-15,-1635,25-APR-026,KWAFO,170
197591,"PLATINUM CRYSTAL SUGAR 1KG 10",24.99,33,33,0,0,25-APR-026,"EMMANUEL MENSAH",123
40514,"BELAQUA PREMIUM STILL WATER BOTTLE 750ML  12",24.99,22,48,-26,-649.74,25-APR-026,DELIGHT,85
23131,"ENA PA MACKEREL IN TOMATO SAUCE 200G 48",12.99,27,27,0,0,26-APR-026,"EMMANUEL MENSAH",124
76414,"VOLTPLUS AVS  FRIDGE GUARD 5A VPFGAVS5FVPAVS5",165,10,12,-2,-330,25-APR-026,DANIEL,255
85663,"NAN 2 COMFORT 400G  12",156.99,11,11,0,0,26-APR-026,"EMMANUEL MENSAH",124
82390,"BINATONE AVR 2KVA DVS2000",1159,6,7,-1,-1159,25-APR-026,DANIEL,256
70100,"SUNLIGHT DISH WASHING LIQUID LEMON 750ML 15",45.99,15,33,-18,-827.82,25-APR-026,ALVIN,13
51278,"ZESTA LEMON GREEN TEA 576G  12",23.99,11,11,0,0,25-APR-026,AKORFA,59
65877,"OTA MAGIC METHANOL CHAFING FUEL",19.9,24,61,-37,-736.3,25-APR-026,"JOSEPH PATRICK ",195
60951,"BINATONE RICE COOKER 22L RCSG220322042205",729,3,5,-2,-1458,25-APR-026,"COLLINS HAMMOND",237
99922,"WINDOW SHADE YE3 180X200 BROWN",549,8,9,-1,-549,25-APR-026,"GERALD SACK ",479
D750,"CERES MEDLEY JUICE 1L 12",44.99,46,57,-11,-494.89,25-APR-026,KWAFO,100
91234,"SAIRO BATHSHOWER GEL MARINE EXCLUSIVE 750ML 8",51.99,3,3,0,0,25-APR-026,"ANANE KOJO",22
97380,"EVERPACK BAKING PAPER 50MX30CM  6",92.99,2,2,0,0,25-APR-026,"ARTHUR JONADAB",27
102203,"BEAUTY FORMULAS INTIMATE FEMININE WIPES 20S  24",20.49,23,23,0,0,26-APR-026,"BENEDICT ABBEY",39
114228,"BLING CITRUS KITCHEN CLEANER 5L  4",79.49,2,2,0,0,26-APR-026,"ADIATOR MOSES ",8
116471,"CLOSEUP REDHOT EVERFRESH TOOTHPASTE 60G  72",9.49,40,44,-4,-37.96,25-APR-026,"BOADI STEPHEN",54
122219,"AIRPRO AIRFRSHNER ORG CAN CHERRY LUCIOUS 42G 24",39.99,16,22,-6,-239.94,26-APR-026,LESTER,5
121651,"BLUE DIAMOND ALMOND BREEZE BARISTA BLEND 1L 6",85.99,7,7,0,0,25-APR-026,CHRIS,61
134922,"LE COQ ALC TEQUILA SUNRISE BOTTLE DRINK 330ML 24",30.99,9,6,3,92.97,25-APR-026,APPIAH,109
138926,"GEISHA SHEA BUTTER  HONEY V1 180G  36",15.49,11,18,-7,-108.43,25-APR-026,"ANANE KOJO",20
134398,"PLEDGE MULTISURFACE CLEANER SPRAY CLASSIC 250ML 6",49.99,2,3,-1,-49.99,26-APR-026,ABASS,3
137566,"MR BOSTON PEACH SCHNAPPS 750ML 12",184.99,12,12,0,0,25-APR-026,MAHAMA,116
148386,"SHOPPING BASKET IRONWOOD HANDY F10015 RJK",79,6,6,0,0,25-APR-026,OTHNIEL,340
139701,"MCBERRY PURE DELIGHT VANILLA CAKE SLICES 27G 144",2.99,16,65,-49,-146.51,25-APR-026,"FELIX BOADU",154
144401,"SAUCEPAN WLID DEEP KADAI HA 12 SL 3MM 10086",79,1,1,0,0,25-APR-026,QUEENCILLA,376
162849,"CURTAIN JACQUARD 54X90 PINK 331",199,12,12,0,0,25-APR-026,"GERALD SACK ",481
164235,"BATH MAT 70X110CM BM3835",89,5,5,0,0,26-APR-026,"SAMUEL ADDO",402
159881,"DRAWING CANVAS 15X20CM",13.9,2,16,-14,-194.6,26-APR-026,GIDEON,294
179754,"LIPICE STRAWBERRY TOUCH LIP BALM SINGLE PK12",19.49,3,6,-3,-58.47,26-APR-026,AKORFA,55
179037,"MOTOCYCLE DIE CAST TOYS ASST DESIGN OPP YW",59,2,1,1,59,25-APR-026,HERBERT,281
187381,"WESTINGHOUSE TUMBLER DOUBLE WALL SS 25OZ WCBL0066",149,2,3,-1,-149,25-APR-026,"MICHAEL DADZIE",309
193254,"YAP BALL PEN BLACK 2230212BOX",1.99,4,12,-8,-15.92,26-APR-026,GIDEON,294
192556,"GIFT BAG 26X32X10 9100",10.99,10,9,1,10.99,25-APR-026,MORGAN,324
192352,"BINDER CLIPS 25MM 8PCS MF910018",11.9,11,11,0,0,26-APR-026,MARIAM,291
190669,"DIY BLOCKS",65,1,3,-2,-130,25-APR-026,JUSTICE,270
200708,"KNIFE SET WSCISSOR 6PCS ZHN KS068",99,21,21,0,0,25-APR-026,PHILEMON,357
20639,"FARAGELLO APPLE NECTAR TETRA PACK 1L 12 BLUE",24.99,16,32,-16,-399.84,25-APR-026,KWAFO,103
70868,"STARKIST TUNA FLAKES FISH WITH PEPPER 160G  24",38.99,2,32,-30,-1169.7,26-APR-026,"EDDIE MENSAH",90
69380,"TEASHOP BOURBON CREAMS BISCUIT 70GM  48",7.49,11,10,1,7.49,26-APR-026,DERRICK,96
CL152,"BUCKET WITH LID 25LTR 38CMX39CM",52.9,13,14,-1,-52.9,25-APR-026,MORGAN,322
CL615,"JUMBO BOX WFLAT LID TRANSPARENT 45LTR 54X38X31CM",99,15,15,0,0,25-APR-026,"MORGAN ONGOH",320
N259,"BADIA GROUND NUTMEG 567G  8",74.99,3,3,0,0,25-APR-026,BISMARCK,45
02390,"PRINGLES EMMENTAL  175G 19",49.99,15,15,0,0,26-APR-026,NASHIBA,89
112507,"HANGER SET 10PCS 42CM METAL LMSS1172 RJK",49.9,10,10,0,0,25-APR-026,VICTORIA,436
115802,"DZIRE GAS STOVE 2B GLASS TGGP2BBW2201",449,2,2,0,0,25-APR-026,"JOSEPH PATRICK",199
122218,"AIRPRO  AIRREFRSHENER GEL RIO TROPICA 128G  24",24.99,7,18,-11,-274.89,26-APR-026,ABIGAIL,5
137008,"PEAK EVAPORATED TIN MILK 390G  24",34.99,28,43,-15,-524.85,26-APR-026,"NANA ADJEI",81
132409,"GIFT WRAP PAPER WHITEREDBEIGE 53X75CM SXX2351",9.99,7,6,1,9.99,26-APR-026,OTHNIEL,137
132948,"DINNER PLATE MELAMINE 10 INCHES FEILU 490106",16.9,72,72,0,0,25-APR-026,REGINA,390
157384,"CASAL GARCIA FRUITZY STRAWBERRY WINE 750ML 6",116.99,8,8,0,0,25-APR-026,APPIAH,113
165579,"BEDSHEET SET 3PC 235X275CM 145GSM COZYKBEDDING3",199,9,9,0,0,25-APR-026,GILBERT,497
159892,"SUPER2 BISCUIT COOKIES CHOCOLATE 600G  24",64.99,8,28,-20,-1299.8,25-APR-026,DORIS,98
170310,"KALYON POWDER DETERGENT LAVENDERMAGNOLIA 750GM 20",22.99,22,20,2,45.98,26-APR-026,ALVIN,17
179600,"CLAMP BINDER 19MM 12PCSBOX YW",5.9,29,11,18,106.2,25-APR-026,MARIAM,291
180217,"PRINCESS MICELLAR  ROSE WATER 250ML  36",18.99,4,2,2,37.98,25-APR-026,"BOADI STEPHEN",53
180225,"PRINCESS HAND SOAP ANTIBACT MILK  HONEY 500ML  24",22.99,10,14,-4,-91.96,25-APR-026,BISMARCK,43
178989,"LAS CAMELIAS FROZEN CHICKEN BREAST GRADE A 2KG",149.99,18,21,-3,-449.97,26-APR-026,NYARKO,182
183273,"GARLIC 1KG PACK IMP",36.99,5,5,0,0,25-APR-026,JIMOH,134
183365,"LG LED TV 70 SAT SMART UHD 70UT80006LA",20489,1,1,0,0,25-APR-026,LESTER,250
195594,"FOOD COVER METAL  605028",14.9,28,11,17,253.3,25-APR-026,OTHNIEL,342
195596,"FOOD COVER METAL  605035",19.9,15,15,0,0,25-APR-026,OTHNIEL,342
27948,"LELE MACKEREL IN TOMATO SAUCE OMEGA 3 425G 24",24.99,9,9,0,0,26-APR-026,"EMMANUEL MENSAH",124
36985,"IRISH SPRING ORIGINAL SOAP 1063G 18X3PACK 18",53.99,10,16,-6,-323.94,26-APR-026,NIBOI,18
25362,"EMBORG SKIMMED UHT MILK 1L 12",46.99,5,7,-2,-93.98,26-APR-026,"GEORGE PUPLAMPU ",82
39717,"KALYON ULTRA THICK BLEACH SNOW WHITE 750ML 12",26.99,19,17,2,53.98,26-APR-026,"GIDEON GBLOGAH",12
69959,"ULTAMAX 9 SECRETS HERBS HAIR POMADE 300G  36",37.99,14,14,0,0,26-APR-026,"BENEDICT ABBEY",38
91433,"BECKY QUEEN GRAFIK  TIMES 250G  12",30.99,23,23,0,0,25-APR-026,"FELIX BOADU",66
117100,"KENWOOD MICROWAVE OVEN 22L DGT BLACK MWM22000BK",2039,2,4,-2,-4078,25-APR-026,WONDER,261
153267,"LAV STEMWARE 3PCS SET LVEMP548A",59,7,7,0,0,25-APR-026,SOMUAH,414
149370,"NASCO FRIDGE DD COMBI 116L NASD214FL",3289,1,2,-1,-3289,25-APR-026,NYARKO,176
149435,"WESTINGHOUSE GLASS STORAGE SET 3P RECT WCFC003506A",99,1,3,-2,-198,26-APR-026,GLADYS,430
159761,"MUNCHEE ANYTIME CRACKER BISCUITS 46G  48",2.49,24,81,-57,-141.93,25-APR-026,DORIS,98
161699,"MRS BECTORS DIGESTIVE SUGAR FREE 250GM 12",20.99,22,29,-7,-146.93,25-APR-026,DORIS,97
162704,"DINNER PLATE MELAMINE 9 INCHES FEILU 226092",9.9,75,75,0,0,25-APR-026,REGINA,390
174944,"MCBERRY CHOCOLATE CEREAL BISCUITS 30G  72",1.39,24,121,-97,-134.83,25-APR-026,"EDDIE MENSAH",108
167404,"DINNER PLATE PORCELAIN 1025 PDP1025 RJK",9.9,9,19,-10,-99,25-APR-026,SOMUAH,412
18153,"POMO TOMATO PASTE 60G SACH 50",3.29,100,137,-37,-121.73,26-APR-026,EMMANUEL,127
192974,"CHOPPING BOARD MEDIUM PLASTIC ZHN ZH026",49.9,23,22,1,49.9,25-APR-026,"PAUL OWUSU",353
200701,"COOKING TOOLS 19PCS SET NYLON ZHN  191",129,8,8,0,0,25-APR-026,"NANA KOJO",362
198912,"CUTLERY TRAY CN250717G",109,13,18,-5,-545,26-APR-026,OTHNIEL,339
30345,"RENDEZ VOUS NON ALC SPARK WINE PINK 75CL 6",40.99,11,11,0,0,25-APR-026,"EDDIE MENSAH",106
69676,"BOWL 3PCS SET 6INCH7INCH8INCH CERAMIC T86002",89,5,1,4,356,26-APR-026,SOMUAH,430
CL738,"BUCKET 5LTR TRANSPARENT 21CMX23CM",14.9,22,22,0,0,25-APR-026,MORGAN,323
95897,"AMALFI  BODY SPRAY EMERALD SKY 150ML  8",30.99,11,11,0,0,25-APR-026,ELLA,33
91550,"DETTOL SOAP ORIGINAL 110G   72",14.49,4,17,-13,-188.37,26-APR-026,ALVIN,18
08336,"EMBORG GARDEN PEAS 450G 24",51.99,11,11,0,0,25-APR-026,EVELYN,141
100987,"CURTAIN 3D POLYESTER 52X84  WHANGER FRBB 6240",129,5,15,-10,-1290,25-APR-026,GLADYS,501
104498,"3TOL ANTISEPTIC LIQUID 25L  6",103.99,5,5,0,0,25-APR-026,QUEENCILLA,42
105818,"DOVE BODY WASH SHEA BUTTER  720ML  12",91.49,12,18,-6,-548.94,26-APR-026,"ANANE KOJO",20
117146,"ENJOY WHISK PP BEIGE FRC K0060614",49.9,6,6,0,0,25-APR-026,"NANA KOJO",367
112812,"BESTONE GARDEN PEAS IN WATER 560G  12",49.99,11,11,0,0,25-APR-026,GLADYS,71
126667,"WALL CLOCK SAKURA 305X305X43 2738",75,3,3,0,0,25-APR-026,"GAD ",471
124507,"DOOR MAT SOFT 0609 WELCOME 2COLOR JOINT 38X58",49.9,24,24,0,0,25-APR-026,"SAMUEL ADDO",400
135975,"HAAGEN DAZS VANILLA AND CREAM 95ML 24",38.49,29,28,1,38.49,25-APR-026,EMMANUEL,135
145418,"ARTIFICIAL PLANT 18 STICK 18 LEAF 16M BSY109",779,2,3,-1,-779,26-APR-026,HAYFORD,462
154847,"WALL LAMP METAL CHROMEWARM GREY E14 40W SK7871B",199,2,3,-1,-199,25-APR-026,KWAFO,168
153245,"EASY DRINK COSMOPOLITA RTD COCKTAIL DRINK 500ML 12",37.99,2,11,-9,-341.91,25-APR-026,EMMANUEL,135
164636,"STIR FRY PAN 28CM 29MM FGDDALU PEDRINI02PE1505 RK",199,5,5,0,0,25-APR-026,PHILEMON,358
162723,"CASSEROLE  1500ML CRYSTAL  FBW15LJ",59,12,12,0,0,26-APR-026,GLADYS,430
167012,"BIN SET WFLAT LID BLK FINISH RND 20L 20YPG RJK",249,3,8,-5,-1245,26-APR-026,AKAYIRI,462
177351,"POPPINS CHOCO POPS 350G  16",35.49,14,17,-3,-106.47,26-APR-026,"KINGSLEY OP",91
185889,"STAEDTLER COLOUR PENCIL TINT 12PCS 14610T C12",79,20,10,10,790,26-APR-026,MARIAM,291
192834,"MELAMINE PLATE 11INCH 220117",19.9,45,47,-2,-39.8,26-APR-026,ROBIN,392
194967,"LADLE SLOTTED TURNER SILICONE ZHN HR22PC19DS",8.9,54,54,0,0,25-APR-026,PATIENCE,347
190051,"BEER GLASS 500ML 2PCS SET  YWU",24.9,7,7,0,0,25-APR-026,"STEPHEN ACQUAH",418
37883,"GEURTS CHERRY JAM 450G 12",46.99,16,16,0,0,26-APR-026,"PAUL OWUSU",63
48377,"FESTIVAL SPARKLING WINE PINK 750ML  12",34.99,5,5,0,0,25-APR-026,"EDDIE MENSAH",106
202565,"FROSTED FLAT PLATE 10 G330037M",6.9,107,170,-63,-434.7,26-APR-026,ROBIN,392
204098,"NASCO FRIDGE DD 207L NASF230207",3999,1,1,0,0,25-APR-026,NYARKO,174
49334,"DINNER PLATE MELAMINE 11 INCHES ZHN B00211",19.9,46,46,0,0,25-APR-026,REGINA,388
49718,"FA ROLLON AQUA FRESH 50ML  24",23.99,7,7,0,0,26-APR-026,ELLA,36
53791,"ORO AIR FRESHNER BABY COLOGNE AUTOMATIC 335ML  6",64.99,6,6,0,0,26-APR-026,ABASS,3
CL698,"KIDS BOWL WITH LID 15CMX5CM",6.9,14,17,-3,-20.7,25-APR-026,NASHIBA,333
92694,"LADLE SPOON CX18195 YWU",16.9,10,34,-24,-405.6,25-APR-026,"NANA KOJO",367
104499,"3TOL ANTISEPTIC LIQUID 5L  4",184.99,2,4,-2,-369.98,25-APR-026,QUEENCILLA,42
106924,"DESTELLO WC GEL BLEACH LEMON FRESHNESS 750ML  16",35.99,12,12,0,0,25-APR-026,ALVIN,13
119793,"SABA MULTIPURPOSE LIQUID 400ML  12",14.49,22,22,0,0,25-APR-026,ALVIN,14
110718,"BORGES APPLE CIDER VINEGAR 250ML  12",50.99,1,1,0,0,25-APR-026,SOLOMON,74
12141,"ROMAR WASHING GEL COLOUR CLOTH 15L 9",64.99,4,4,0,0,26-APR-026,ALVIN,16
132402,"GIFT WRAP PAPER SILVERGOLD 2PCS 53X75CM SXX2282",11.99,8,8,0,0,26-APR-026,AKORFA,55
133211,"WIPE SHOWER GEL ASSORTED 500ML  24",21.99,3,1,2,43.98,26-APR-026,JIMOH,1
148978,"LIDO DISHWAHING LIQUID 540ML  12",15.49,12,12,0,0,25-APR-026,ALVIN,14
150382,"AKAI CHEST FREEZER SD 380L CF049AC380",6299,1,1,0,0,25-APR-026,"JOSEPH PATRICK",204
160122,"PARLE SIMPLY GOOD CEREAL BISCUITS 25G  72",1.09,42,143,-101,-110.09,25-APR-026,DERRICK,96
162679,"DINNER PLATE MELAMINE 10 INCHES FEILU 135102",16.9,57,76,-19,-321.1,26-APR-026,"SAMUEL ADDO",404
171217,"AFRIWARA SWEET ORIGINAL PECTO 120G  24",9.99,20,22,-2,-19.98,26-APR-026,"EDDIE MENSAH",90
171517,"DR TEALS BODY WASH EPSOM SALT AVOCADO  710ML  4",119.99,2,2,0,0,25-APR-026,"ANANE KOJO",22
168747,"CURTAIN P VELVET EMBOSSED 54X84 GREEN 25YB8",169,1,1,0,0,25-APR-026,ESINAM,485
166999,"THE GHOST STORIES BY CHARLES DICKENS",20.9,1,1,0,0,25-APR-026,HERBERT,282
167040,"TURNER   XJ7145",24.9,13,13,0,0,25-APR-026,OWUSU,368
178273,"ARTIFICIAL FLOWER 7BRANCH 7PCS 30CM",29.9,0,51,-51,-1524.9,26-APR-026,HAYFORD,162
186918,"BATHMAT 50X80CM D2 CT ASTD 4COLORS JBT52205",49,37,37,0,0,25-APR-026,"SAMUEL ADDO",402
185163,"AKAI GAS COOKER 4B 50X50 GRILL SS GC069A5050R",2699,1,1,0,0,25-APR-026,AKAYIRI,205
194698,"BOWL 4PCS SET W2SPOONS AND LIDS PLASTIC RB004",59.9,22,22,0,0,25-APR-026,"NANA ADJEI ",328
192743,"CURTAIN PR BLACK 54X90 PL 2501Y",109,2,2,0,0,25-APR-026,GIFTY,492
193155,"PLUSH TOY 30CM",119,3,3,0,0,25-APR-026,HANNAH,276
188631,"WALL LIGHT DARK DESIGN ZF178",209,1,2,-1,-209,25-APR-026,KWAFO,166
189897,"DOVES ADVANCE CARE ROLL ON ORIGINAL 72HRS 50ML 6",23.99,24,27,-3,-71.97,26-APR-026,ELLA,36
190077,"FAN DESKTOP RECHARGABLE 3 IN 1",29,37,37,0,0,25-APR-026,JUSTICE,183
200343,"AMERICAN CHEF WHITE VINEGAR PET 473ML 24",13.49,27,28,-1,-13.49,25-APR-026,SOLOMON,74
204146,"MINT PACK APL",13.99,5,5,0,0,25-APR-026,JIMOH,134
66377,"LION ALUMINIUM FRYING PAN FP25CM",79,16,16,0,0,25-APR-026,QUEENCILLA,375
X819,"LISTERINE COOLMINT MOUTHWASH 250ML  6",47.99,6,6,0,0,26-APR-026,"BOADI STEPHEN",53
93300,"DZIRE STANDING FAN 18 SF18054",519,1,3,-2,-1038,25-APR-026,RICHMOND,253
95090,"AFRIWARA SANTOS  MINT GUM 150G 20",10.29,13,13,0,0,26-APR-026,"EDDIE MENSAH",90
107241,"BAUDUCCO WHOLE WHEAT TOAST 142G  36",14.99,5,26,-21,-314.79,25-APR-026,DERRICK,96
111728,"POST MARSHMALLOW FRUITY PEBBLES 11OZ  12",69.99,12,12,0,0,25-APR-026,"KINGSLEY OP",91
124058,"FOOTBALL STAR DESIGN SIZE5 WHITE",69,12,12,0,0,25-APR-026,CHARLES,465
138812,"BUMBLE BABY WET WIPES 72 PCS LA BELLA 12",22.99,9,9,0,0,26-APR-026,"BENEDICT ABBEY",39
130920,"CLE ASSORTED SHOWER GEL 100 NATURAL 750ML 12",23.99,3,4,-1,-23.99,25-APR-026,"ANANE KOJO",21
146620,"HARPIC POWERPLUS 1L  12",91.99,8,11,-3,-275.97,25-APR-026,ALVIN,13
146959,"TUBE MIRROR WHITE MRT081",499,1,1,0,0,26-APR-026,FRANCIS,526
153010,"AKAI WAFFLE MAKER 1200W SM023A8601",299,6,5,1,299,25-APR-026,"COLLINS HAMMOND",234
160872,"DINNER PLATE MELAMINE 10 INCHES FEILU 216105",18.9,65,92,-27,-510.3,25-APR-026,REGINA,388
160233,"AIRPUREFRESH TRIGGER SPRAY CITRUS ZING 250ML  24",45.99,7,6,1,45.99,26-APR-026,ABASS,3
162737,"FUFU BOWL 8INCHES CERAMIC B60055",16.9,20,24,-4,-67.6,25-APR-026,BLESSING,407
171645,"KALYON WET WIPES PINK ROSE  100WIPES 12",23.99,12,12,0,0,26-APR-026,PHILEMON,10
167651,"MUG 450ML CERAMIC EMBOSSED YWU",14.9,27,24,3,44.7,25-APR-026,ROBIN,392
179942,"FILLED CUSHION LN 45X45CM PEACH EHAMKCUSHION143",99,8,4,4,396,25-APR-026,"GIDEON GBLOGAH",507
180232,"STYLE UP SHOWER GEL FOCUS 1050ML  20",42.99,15,16,-1,-42.99,25-APR-026,"ANANE KOJO",22
177861,"TCL WASHING MACHINE FL 105KG INV  P211FLG",10199,1,1,0,0,25-APR-026,AKAYIRI,203
186062,"WRITING TABLET LCD 85 8520A",99,8,10,-2,-198,26-APR-026,HERBERT,283
198400,"WALL CLOCK 305X305X44 1213H",75,9,9,0,0,25-APR-026,"GAD ",471
21722,"SAIRO HAND SOAP SEL MARINE 500ML  12",28.99,11,10,1,28.99,25-APR-026,BISMARCK,43
38465,"BORGGREVE GOLDRINGE SHORTBREAD 400GR 18",48.99,11,11,0,0,25-APR-026,DERRICK,96
205406,"FRUTAS TREASURE 100 NAT CAR STR APPJUICE 750ML 12",45.99,12,12,0,0,25-APR-026,DORIS,99
87572,"LETS MAKECOLOURING BOOK EB161",5,5,5,0,0,25-APR-026,"JERUSHA ",284
66683,"EVP COLORED DISPO 2LAYER CUPS 500CC50PX20  20",36.99,20,4,16,591.84,25-APR-026,"ARTHUR JONADAB",25
68570,"FOGG FRAGRANCE BODY SPRAYEXTREME  120ML   72",52.99,28,66,-38,-2013.62,25-APR-026,ELLA,34
63999,"NIVEA DEO ROLL ON FEMALE INVISIBLE  50ML  30",37.99,29,87,-58,-2203.42,26-APR-026,ELLA,36
X539,"VEGA CONDENSED MILK 1KG  24",39.99,34,35,-1,-39.99,26-APR-026,"NANA ADJEI",81
95801,"WRAPPING PAPER 53X75CM 3PCS",10.99,13,13,0,0,25-APR-026,HADASSAH,266
95383,"WALL LIGHT 20W 0011530",79,1,2,-1,-79,25-APR-026,KWAFO,168
119333,"KERRYGOLD BUTTER SALTED 200G  40",67.99,101,109,-8,-543.92,26-APR-026,EMMANUEL,136
119592,"FARAGELLO GOLD COCKTAIL NECTAR GLASS BOTTLE 1L  6",33.99,21,17,4,135.96,25-APR-026,DORIS,99
113078,"SHINE CRYSTAL KNIVES 50PCS  40",14.99,15,16,-1,-14.99,25-APR-026,"ARTHUR JONADAB ",26
113460,"BLING MAGIC LEMON MULTIPURPOSE LIQUID 200ML  24",6.99,30,29,1,6.99,25-APR-026,ALVIN,14
127726,"ROUND PASTRY BOARD 100PCS OWN USE",79,11,11,0,0,25-APR-026,"RANDY ALHASSAN",385
133981,"BACKPACK PVC 29CM KL11462",49,3,1,2,98,25-APR-026,MORGAN,324
132293,"CONTAINER EASY FIT RECTANGLE 6PCS SET 51466",49.9,5,5,0,0,25-APR-026,"NANA ADJEI",330
148006,"PAINTING ALUMINUM ALLOY FRAME 60X60CM",289,1,8,-7,-2023,26-APR-026,SHADRACK,521
148618,"CURTAIN TIEBACK 2PCS SET 5COLOUR",69,14,24,-10,-690,25-APR-026,GIFTY,491
156425,"SERVING TRAY MELAMINE 16 INCHES ZHN 803616",24.9,21,21,0,0,25-APR-026,ROBIN,392
157202,"SERVING TRAY MELAMINE 12 INCHES ZHN A012",12.9,9,9,0,0,26-APR-026,QUEENCILLA,379
156224,"CASTILLO DE LANDA ROSE SWEET WINE 11VOL 750ML 12",79.99,1,1,0,0,25-APR-026,APPIAH,113
153220,"GINGER PACKTGO",19.99,3,3,0,0,25-APR-026,JIMOH,134
166544,"WATER BOTTLE 1790ML PNP3443",9.9,15,15,0,0,26-APR-026,"MICHAEL DADZIE",310
164665,"AKAI STEAM IRON 20002400W EI052A610S",279,4,5,-1,-279,25-APR-026,"KINGSLEY OP",220
159763,"MUNCHEE DIGESTIVE BISCUITS 65G  48",3.59,24,77,-53,-190.27,26-APR-026,"KINGSLEY OP",94
169249,"DUSTPAN WBRUSH TWINS GBB22",34.9,6,11,-5,-174.5,25-APR-026,WISE,451
169249,"DUSTPAN WBRUSH TWINS GBB22",34.9,1,11,-10,-349,25-APR-026,DANIEL,XMAS
187955,"DECORATIVE ACCESSORY",89,3,3,0,0,26-APR-026,HAYFORD,461
184782,"DISH RACK DELICIOUS",179,4,7,-3,-537,25-APR-026,"NANA KOJO",364
185200,"SOFTGENTLE ROLL ON ORCHID DESIRE 50ML 6",25.99,7,7,0,0,26-APR-026,ELLA,36
36417,"KALYON STAIN REMOVER 750ML 12",54.99,9,9,0,0,26-APR-026,"GIDEON GBLOGAH",12
37356,"KELLOGGS RICE KRISPIES 450G 10",69.99,13,13,0,0,26-APR-026,"KINGSLEY OP",91
204392,"MCPHILIX PLANTAIN CHIPS UNRIPENED 350G  20",70.99,15,15,0,0,26-APR-026,MAHAMA,119
204544,"BOTTLE INSULATED DWALL 1000ML HCVB1789",79,35,34,1,79,26-APR-026,"MICHAEL BOYE",307
89272,"TRAY 42X29CM BLACK PLASTIC JB18 YWU",29.9,7,8,-1,-29.9,26-APR-026,NASHINA,337
89829,"CONDOR PEAK NATURALLY SWEET WHITE WINE 750ML 12",79.99,16,16,0,0,25-APR-026,APPIAH,113
77584,"DR MIGHTY WC POWER BALLS GREEN LEMON 5 IN 1  24",24.99,11,32,-21,-524.79,25-APR-026,ABASS,3
83148,"SAMSUNG LED TV 32 SATELLITE UA32M5000UA32N5000",3489,1,2,-1,-3489,25-APR-026,LESTER,250
49381,"DELTA XMAS FACIAL TISSUE ASSORTED COLOUR 150S  36",11.49,8,38,-30,-344.7,25-APR-026,NTUMY,163
71822,"COOL BREEZE HANGING AIRFRESH FROST FRUIT 11ML 24",19.49,50,52,-2,-38.98,26-APR-026,ABASS,3
N113,"GILLETTE 2 BLADE  5PC IN  POUCH  24",35.99,24,26,-2,-71.98,26-APR-026,AKORFA,55
97704,"AMALFI HAIR CONDITIONER NORMAL HAIR 1000ML  8",50.99,1,1,0,0,26-APR-026,"PAUL OWUSU",38
100405,"KAREES NATURAL BROWN SUGAR BOTTLE 800G 12",33.99,19,19,0,0,25-APR-026,"EMMANUEL MENSAH",122
120077,"CASA DE CAMPO BAKED BEANS IN TOMATO 400G  12",18.99,1,1,0,0,25-APR-026,GLADYS,71
120165,"EVEREADY BATTERY AAA RED BP4",11,40,40,0,0,25-APR-026,NTUMY,161
113960,"TOM CAKE MINI BUTTER MADELEINES 160G  15",49.99,10,10,0,0,25-APR-026,EMMANUEL,130
128225,"BOTTLE WATER PET 1000 OZONE",9.9,1,1,0,0,26-APR-026,GILBERT,311
137273,"TORENTOREN WAFERS COCOA CREAM D FLAVOUR CW 55G144",6.29,89,64,25,157.25,25-APR-026,"EDDIE MENSAH",108
131659,"CAKE MOULD CROWN DESIGN",1.9,24,24,0,0,25-APR-026,"RANDY ALHASSAN",385
156982,"BATH MAT RED 50X80CM BM239",69,1,1,0,0,25-APR-026,"SAMUEL ADDO",402
152124,"BACKPACK WATER GUN MKR186893",79,2,2,0,0,25-APR-026,HANNAH,274
159063,"TOOTH BRUSH HOLDER PP F1350 RJK",29.9,14,14,0,0,25-APR-026,VINOLIA,439
172099,"SKYVEST LED TV 32 SATELLITE 32S ORV",1739,1,2,-1,-1739,25-APR-026,WONDER,251
169309,"CURTAIN YARN DYED GROMET CHAR EHAYD078CH",179,12,12,0,0,25-APR-026,GILBERT,500
187525,"PROMESS FLAVOURED DRINK STRAWBERRY 500ML 12",18.49,12,13,-1,-18.49,25-APR-026,CHRIS,61
186914,"BATHMAT 50X80CM MP ASTD 6COLORS JBT52201",99,5,16,-11,-1089,26-APR-026,VINOLIA,444
184647,"JUTE MAT FRESH 4 ASSORTED 60CMS",59,34,35,-1,-59,26-APR-026,VINOLIA,444
184353,"TISSUE HOLDER D SHAPE SS 62080208",14.9,19,19,0,0,25-APR-026,"PAUL OWUSU",355
183630,"DINNER KNIFE 6PCS 957KN",29.9,3,4,-1,-29.9,25-APR-026,PHILEMON,358
192560,"GIFT BAG 30X415X12 9101",12.99,9,11,-2,-25.98,25-APR-026,MORGAN,324
189609,"TOREN MRBITE WHOMP CRI WAFER W COCO CREAM 22G 144",6.49,60,66,-6,-38.94,25-APR-026,ATITOGO,160
191093,"OSSUM FRAGRANCE BODY SPRAY DESIRE 120ML 72",52.99,40,59,-19,-1006.81,25-APR-026,ELLA,33
192196,"MOGU MOGU STRAWBERRY DRINK 320ML 24",29.99,30,50,-20,-599.8,26-APR-026,PATIENCE,84
200463,"COOKING POT WLID 26CM FALU ZHNBLY 811201T26",299,1,2,-1,-299,25-APR-026,QUEENCILLA,375
26940,"HEINEKEN LAGER BEER BTL 330ML 24",29.99,24,59,-35,-1049.65,25-APR-026,APPIAH,110
40514,"BELAQUA PREMIUM STILL WATER BOTTLE 750ML  12",24.99,36,48,-12,-299.88,25-APR-026,EZEKIEL,149
36782,"COLGATE MAX FRESH TOOTHPASTE 130ML 72",27.99,12,43,-31,-867.69,25-APR-026,NTUMY,163
37389,"DOVE ESSENTIALCARE BODY  LOTION 400ML 18",77.99,17,31,-14,-1091.86,25-APR-026,"BENEDICT ABBEY",37
32825,"BANETTI SMALL ELBOWS 500G  20",14.99,58,41,17,254.83,25-APR-026,SOLOMON,74
202845,"DINNER SET 12PCS GGK T11029",209,1,2,-1,-209,26-APR-026,SOMUAH,430
206732,"MIDEA MICROWAVE OVEN 42L WGRILL BLACK EM034A2MOB",2149,1,2,-1,-2149,25-APR-026,MABEL,262
78838,"CUP 4PCS 120G 8125CM YWU",9.9,2,4,-2,-19.8,25-APR-026,"MICHAEL DADZIE",310
67522,"SHINE KINGSIZE JUMBO ROLL ULTRA SOFT 2PLY   6",42.99,4,12,-8,-343.92,26-APR-026,"ANANE KOJO",23
73149,"GINO TOMATO MIX SACHET 60G  50",3.29,2,138,-136,-447.44,26-APR-026,TITUS,21
09486,"BADIA LEMON  PEPPER SEASONING 1843G  6",84.99,9,9,0,0,25-APR-026,BISMARCK,45
102538,"AHMAD TEA ENGLISH TEA NO 1 200G 12",95.99,9,10,-1,-95.99,25-APR-026,AKORFA,58
110067,"ARTIFICIAL 2 LEAF FLOWER 68CM 20200931",10.9,15,16,-1,-10.9,26-APR-026,ESINAM,462
121936,"3PCS BEDSHEET SET SL QN 150X20030CM ASRTD",139,17,20,-3,-417,25-APR-026,GILBERT,498
134208,"CEBON SWEETENED CONDENSED FILLED MILK 1KG  24",36.99,22,27,-5,-184.95,26-APR-026,"NANA ADJEI",81
138925,"GEISHA LEMON  HONEY V1 180G  36",15.49,46,44,2,30.98,25-APR-026,"ANANE KOJO",20
148233,"CABINET OFFICE W4DRAWERS STEELNARROW WHT YJH79",3290,1,1,0,0,25-APR-026,FRANCIS,527
148768,"BIRTHDAY PARTY SET 7PCS 6 DESIGN",49,18,26,-8,-392,25-APR-026,DANIEL,XMAS
143194,"BOWL SOUP WSPOONFORK LEEZA 600ML MB1",39.9,14,13,1,39.9,25-APR-026,NIBOI,315
145421,"ARTIFICIAL PLANT 18STICK 18LEAF BSY141",529,3,3,0,0,25-APR-026,WISE,446
145813,"BELPAK DISPENSER KITCHEN TOWEL NON PERFORATED  6",41.99,1,1,0,0,26-APR-026,"ANANE KOJO",23
157053,"CURTAIN GROMMET BURGUNDY 55X90 EHA23BU",169,4,4,0,0,25-APR-026,"GERALD SACK ",481
157391,"AMALFI MOISTURING CREAM OLIVE  200 ML 12",26.49,12,15,-3,-79.47,26-APR-026,"PAUL OWUSU",38
149958,"PENCIL CASE BEAR SILICON YWU",49,3,4,-1,-49,25-APR-026,MARIAM,290
158427,"DZIRE INDUSTRIAL STANDING FAN 24 80W IFS24DCFG60",1839,1,1,0,0,25-APR-026,AKAYIRI,207
158952,"GUN MASSAGER WHITE WUSB SLC5038",549,10,10,0,0,25-APR-026,CHARLES,466
168974,"SUNNY GOLD WHITE SUGAR CUBES 700G  12",35.99,12,12,0,0,25-APR-026,"EMMANUEL MENSAH",123
186974,"WATER BALLOONS 74PCSBAG",14.9,9,9,0,0,25-APR-026,HADASSAH,269
184646,"JUTE MAT FRESH 3 ASSORTED 40CMS",29.9,6,50,-44,-1315.6,25-APR-026,"SAMUEL ADDO",399
184367,"DEEP COLANDER WSIDE HANDLE 34CM SS 62270144",59,11,11,0,0,25-APR-026,"PAUL OWUSU",352
194651,"WINE GLASS 3PCS SET RB062",49.9,13,13,0,0,25-APR-026,SOMUAH,416
193395,"ANIMAL FARM DELUXE HARDBOUND EDITION",69,4,4,0,0,26-APR-026,"JERUSHA ",288
192931,"AKAI QLED TV 43 2K SMART LT4309T2S2QSMT",3499,1,2,-1,-3499,25-APR-026,WONDER,242
194969,"LADLE SLOTTED TURNER SILICONE ZHN HR22PC4DS",12.9,11,18,-7,-90.3,25-APR-026,PATIENCE,348
193042,"PEELER 6PCS SET ZHN KB1688",14.9,17,27,-10,-149,25-APR-026,"NANA KOJO",367
190578,"OFFICE DESK W1 DOOR BRNWHT TECH 14",1549,1,1,0,0,25-APR-026,FRANCIS,527
26770,"DILMAH LEMON TEA  BAG 20 X 2G  30G 12",28.99,3,3,0,0,25-APR-026,AKORFA,59
202593,"MIND SNACKS GRANOLA GHANOLA 750G  12",181.99,6,6,0,0,25-APR-026,"KINGSLEY OP",91
202602,"PERK CHOCO BUTTER COOKIES 70G  36",10.99,27,27,0,0,25-APR-026,DERRICK,96
206551,"CAMPA GOLD BOOST ENERGY DRINK 250ML 24",9.99,23,23,0,0,25-APR-026,DELIGHT,85
88925,"AKAI CEILING FAN 56 EF085AC5662WG",449,1,1,0,0,25-APR-026,"KINGSLEY OP",211
L010,"LIPTON YELLOW LABEL TEA BAGS 25 X 2G  24",19.49,62,61,1,19.49,25-APR-026,AKORFA,57
91547,"DETTOL SOAP EVEN TONE  105GG  72",14.49,72,148,-76,-1101.24,26-APR-026,TITUS,21
92104,"DISH RACK S SHAPE 2LAYER METAL HSWJTS2201 YWU",139,1,1,0,0,26-APR-026,BLESSING,409
104836,"MCVITIES ALL BUTTER SHORTBREAD 40GM  48",10.99,2,21,-19,-208.81,26-APR-026,SHADRACK,158
104625,"TRAY MELAMINE 15INCH TY0122 YWU",22.9,1,1,0,0,25-APR-026,ROBIN,392
107632,"JUVER  EXOTIC CRANBERRY JUICE 1L  10",36.99,17,17,0,0,25-APR-026,DORIS,102
115925,"STINGRAY BENCH PRESS SFWORKOUTB",899,1,2,-1,-899,26-APR-026,"GEORGE PUPLAMPU ",467
113720,"SERVING BOWL MELAMINE 9 INCHES FEILU 1589",12.9,9,9,0,0,25-APR-026,REGINA,386
111748,"POST FRUITY PEBBLES 15OZ  12",72.99,10,10,0,0,26-APR-026,"KINGSLEY OP",91
126657,"LA SALUD BLEACH WITH DETERGENT LEMON  2L 6",29.99,4,1,3,89.97,26-APR-026,"GIDEON GBLOGAH",12
124096,"TOILET BRUSH 1909992",44.9,1,1,0,0,25-APR-026,VICTORIA,437
14828,"DEVA SOFTENER  SENSITIVE 2L  6",82.99,6,6,0,0,26-APR-026,ALVIN,15
157595,"COOL BREEZE AIR FRESHENER FORGET ME NOT 300ML  24",25.99,38,39,-1,-25.99,25-APR-026,ABASS,2
156290,"ASEDA LOCAL WHITE RICE 2KG 10",65.99,18,17,1,65.99,25-APR-026,GIDEON,68
151025,"PAMPER ROYAL FISH BISC ORIGINAL 250GMS  12",54.99,8,8,0,0,25-APR-026,ABASS,1
166002,"SO FRESH APPLE FRUIT JUICE 1L 6",26.99,3,15,-12,-323.88,25-APR-026,KWAFO,103
160864,"SERVING BOWL WLID MELAMINE 11 INCHES FEILU 117115",32.9,17,17,0,0,25-APR-026,REGINA,388
161335,"FOUNTAIN 215X215X28CM 1237211L",359,3,5,-2,-718,25-APR-026,HAYFORD,457
170080,"CONTAINER CLICK AND LOCK 550ML 304 17341",26.9,24,24,0,0,26-APR-026,NIBOI,317
168419,"SOUP PLATE 85 FDL018 RJK",16.9,6,29,-23,-388.7,25-APR-026,SHADRACK,510
169499,"CUSHION EMBROIDERY 380G FILLING 45X45CM EHAMK005",149,1,8,-7,-1043,26-APR-026,SHADRACK,521
180724,"AKAI AC SPLIT 2HP R410A AC065A18KBTU",6149,1,1,0,0,25-APR-026,"KINGSLEY OP",212
179236,"ACRYLIC SIGN HOLDER 21X297CM A4",34.9,1,10,-9,-314.1,25-APR-026,WONDER,241
182964,"FRYING PAN 24CM FALU ZHNBLY 600424",99,8,15,-7,-693,25-APR-026,PHILEMON,360
184315,"JUICE SQUEEZER W GRATER 3IN1 PLASTIC UR3449",29.9,3,3,0,0,25-APR-026,PHILEMON,356
192869,"MELAMINE TRAY 17INCH 82517",29.9,7,7,0,0,25-APR-026,ROBIN,392
194960,"LADLE SOUP SPOON SILICONE ZHN HR22PC2DS",14.9,6,4,2,29.8,25-APR-026,PATIENCE,347
191054,"REALMAN DEO ROLL ON PURE ORIENTAL 50ML 48",20.99,24,25,-1,-20.99,26-APR-026,ELLA,36
191846,"MUNCHEE OAT BREEZE DIGESTIVE BISCUITS 84G  36",8.99,43,45,-2,-17.98,25-APR-026,DERRICK,95
192289,"LED CHANDELIER VB271",549,1,1,0,0,25-APR-026,KWAFO,168
198355,"TUMBLER SET 7PCS LANCIERVICTORIA X1023",109,1,2,-1,-109,26-APR-026,"STEPHEN ACQUAH",424
198716,"MUG 330ML CERAMIC COFFEE TIME YWU",19.9,28,28,0,0,25-APR-026,ROBIN,392
197770,"MCBERRY BIG DADDY CHOCO WAFER 39G 144",1.99,5,20,-15,-29.85,25-APR-026,DERRICK,96
37493,"BRUT DEO AERO MUSK 8763725 200ML 6",38.99,2,3,-1,-38.99,25-APR-026,ELLA,34
45430,"PEPSODENT HERBAL SALTMINT 130G  72",18.99,13,86,-73,-1386.27,25-APR-026,NTUMY,163
81308,"PAVOLLI CARAMEL BAG 750G  10",99.99,16,19,-3,-299.97,26-APR-026,"EDDIE MENSAH",90
64806,"GOMETS  FRUIT WORMS  100G   30",13.99,19,19,0,0,25-APR-026,ABIGAIL,156
64090,"YAZZ DUKE TOOTHBRUSH MEDIUM BRISTLE  72",3.39,102,87,15,50.85,25-APR-026,"BOADI STEPHEN",53
X955,"CERES MANGO FRUIT JUICE 1L 12",44.99,44,67,-23,-1034.77,25-APR-026,KWAFO,100
94241,"MADAR RENZO MPURPOSE LEMON LIQUID SOAP 750ML  12",24.19,15,29,-14,-338.66,25-APR-026,ALVIN,13
91879,"BINATONE MICROWAVE OVEN 20L 700W BLACK MWO2018",1559,1,4,-3,-4677,25-APR-026,DANIEL,263
92308,"ENA PA SUPERIOR DARK SOY SAUCE 500ML  12",25.99,22,22,0,0,25-APR-026,GLADYS,72
04565,"MANUAL INFLATOR PUMP",24.9,3,-1,4,99.6,26-APR-026,"GEORGE PUPLAMPU",467
08357,"VITAMILK CHAMP SOURCE OF PROTEIN TETRA PACK 125ML",5.59,91,102,-11,-61.49,25-APR-026,CHRIS,61
115179,"BABY WALKER WMUSIC ORANGEBLUEGREEN YW608",259,1,7,-6,-1554,25-APR-026,HADASSAH,266
116358,"MASTERCHEF CAKE TURNER STAINLESS STEEL MCC50",2.9,8,1,7,20.3,25-APR-026,"NANA KOJO",365
113933,"CHILDREN HEALTH EDUCATION BOOK 1",24.9,17,18,-1,-24.9,25-APR-026,JERUSHA,287
125255,"AIRPRO HANGING BOT AF CHANEL 5 LA FEMME 10ML 12",36.99,18,9,9,332.91,25-APR-026,ABASS,3
131644,"CAKE FONDANT CUTTER 3PCS SET A8115",1.9,48,48,0,0,26-APR-026,"ALHASSAN RANDY",384
146645,"FANICE AMERICAN VANILLA ICE CREAM 500ML 1",31.99,18,15,3,95.97,25-APR-026,EMMANUEL,135
164236,"BATH MAT 70X110CM BM3968",89,5,5,0,0,26-APR-026,"SAMUEL ADDO",402
162328,"MASON JAR 480ML GLASS YWU",9.9,11,24,-13,-128.7,25-APR-026,SYLVIA,426
162610,"PHILIPS LED BULB 3250W GU10 865 929002057507",26,19,21,-2,-52,25-APR-026,KWAFO,170
172892,"TAMPICO GRAPE PUNCH  JUICE 500ML 12",7.99,24,51,-27,-215.73,26-APR-026,DANIEL,165
168226,"BEDSHEET SET MICRO PEACH 2PCS 90GSM 03BT0795S",69,4,20,-16,-1104,25-APR-026,GILBERT,499
169251,"KITCHEN CABINET COMPACT PEQUIM BLKWHT MP21830004",2990,1,1,0,0,25-APR-026,SHADRACK,510
179182,"DESKTOP VACCUM ROCKET BALL TOY 45X65CM OPP YW",18.9,19,19,0,0,25-APR-026,HANNAH,275
186937,"LAUNDRY BASKET PERFORATED 14L PLASTIC YF0024 YWU",49.9,2,2,0,0,25-APR-026,HAYFORD,455
187418,"SAMSUNG LED TV 43 SAT SMART UA43F6000",6739,1,1,0,0,25-APR-026,LESTER,250
198912,"CUTLERY TRAY CN250717G",109,5,18,-13,-1417,25-APR-026,OTHNIEL,339
202158,"MOP BUCKET 20 LT RED RED UP610004",119,1,5,-4,-476,25-APR-026,DANIEL,XMAS
202576,"FROSTED OBLIQUE BOWL 75 C6089M",16.9,2,24,-22,-371.8,26-APR-026,"SAMUEL ADDO",404
87300,"BINATONE BLENDER 15L WSTIR STICK 350W BLK BLG 403",659,1,2,-1,-659,25-APR-026,PRINCE,229
49327,"SERVING BOWL MELAMINE 10 INCHES ZHN C04310",22.9,48,48,0,0,25-APR-026,SOMUAH,412
64664,"COLGATE TOOTHPASTE TRIPLE ACTION  MINT 140G  72",19.99,25,19,6,119.94,25-APR-026,"BOADI STEPHEN",54
CL621,"FRIDGE BOTTLE SQUARE 650ML 7CMX18CM",7.9,19,22,-3,-23.7,25-APR-026,GILBERT,313
103112,"KLEANZ BODY WASH STRAWBERRY 750ML  20",31.49,2,5,-3,-94.47,25-APR-026,"ANANE KOJO",21
115547,"FLOWER WPOT 13X8X8 GOLDWHITE TA168810",69,1,3,-2,-138,26-APR-026,FRANCIS,525
121950,"BLANKET POPCORN 200X220CM ASTD",229,6,2,4,916,25-APR-026,ESINAM,487
139248,"PARIN NECTAR NATURAL HONEY 650G 9",74.99,9,9,0,0,26-APR-026,GIFTY,63
148532,"ARTIFICIAL PLANT 90CM",679,1,3,-2,-1358,25-APR-026,RANDY,33
147137,"PLATINUM SUNFLOWER OIL 3L X 6",124.99,9,30,-21,-2624.79,26-APR-026,GIDEON,69
162848,"CURTAIN JACQUARD 54X90 NAVY 331",219,9,9,0,0,25-APR-026,"GERALD SACK ",481
186043,"GLASS JUG WCUP 7PCS SET 1800165ML 19167DDE RJK",149,2,4,-2,-298,25-APR-026,"STEPHEN ACQUAH",424
187025,"RAINBOW CONTAINER 4PCS SET RND PLASTIC RY17885 YWU",44.9,14,14,0,0,25-APR-026,"NANA ADJEI",329
190691,"CARPET  DPRINTED 140X210CM ASSORTED MYQ9 1922",199,12,13,-1,-199,25-APR-026,GILBERT,495
189620,"TOREN MRBITE GROAN PIST CREAM COAT W CHOC 32G 144",8.49,54,54,0,0,25-APR-026,ATITOGO,160
32469,"BAY AFRICA CREAM LIQUOR 700ML 6",94.99,18,18,0,0,25-APR-026,MAHAMA,116
204925,"CERAMIC BOWL RIBBED WLID 10INCH LL17",69,20,38,-18,-1242,25-APR-026,SOMUAH,412
64389,"TIC TAC  SPEAR MINT 102GM  60",6.99,35,59,-24,-167.76,25-APR-026,ABIGAIL,155
X765,"STARKIST TUNA FLAKES IN SUNFLOWER VEG OIL 160G 24",36.99,36,69,-33,-1220.67,26-APR-026,"EMMANUEL MENSAH",124
93627,"VAETTEL NATURAL MINERAL WATER 50CL  16",1.69,192,203,-11,-18.59,26-APR-026,EZEKIEL,150
99605,"PRINCESS BODY MIST JASMINE 50ML  48",8.49,60,66,-6,-50.94,25-APR-026,ELLA,34
09912,"GINO TOMATO PASTE 22KG 6",69.99,2,14,-12,-839.88,26-APR-026,CHRIS,60
104785,"MCVITIES HOBNOBS OATY BISCUITS 78G  24",11.99,38,34,4,47.96,25-APR-026,DORIS,97
128776,"TEXTLIGHTER 12YRS LUXOR 2PCS 40112BC",13.9,3,3,0,0,26-APR-026,GILBERT,294
135108,"CHARM STARCH SPRAY 330ML  12",35.99,2,4,-2,-71.98,26-APR-026,ABASS,3
146183,"BOWL 12CM SSPD 414000001",9.9,24,24,0,0,25-APR-026,SYLVIA,426
156692,"GRATER SINGLE SIDE WBAT HANDLE SSTEEL YWU",14.9,27,27,0,0,25-APR-026,"NANA KOJO",365
163120,"VIBE BODY LOTION COCOA BUTTER 500ML 12",44.49,17,17,0,0,25-APR-026,"BENEDICT ABBEY",37
171976,"WALL LIGHT 210031BG",229,1,2,-1,-229,25-APR-026,KWAFO,166
168862,"KNIFE FRUIT 6PCS 325 SILHMJ6FK RJK",19.9,5,13,-8,-159.2,25-APR-026,DANIEL,KITCHEN
16899,"PLATINUM MACKEREL IN TOMATO SAUCE 425G 24",22.99,6,18,-12,-275.88,26-APR-026,"EDDIE MENSAH",90
168194,"PEPSODENT TP CHARCOAL LEMON 90G  72",14.99,59,77,-18,-269.82,25-APR-026,"BOADI STEPHEN",54
179431,"FOUNTAIN 121X21X26CM 1243678SL",299,2,2,0,0,25-APR-026,HAYFORD,458
179140,"MAGNETIC DRAWING BOARD GAME 26X24X2",79,6,6,0,0,25-APR-026,JUSTICE,270
192772,"CURTAIN VL WHITE 54X90 PL 2581CV",129,12,12,0,0,25-APR-026,GLADYS,502
193137,"PLUSH TOY 48CM",189,4,16,-12,-2268,25-APR-026,HANNAH,276
191748,"COFFEE TABLE GLASS TOP METAL BASE GOLD BRCT246",1199,1,1,0,0,25-APR-026,FRANCIS,523
191977,"TEA SPOON 21G1155 ZHN",17.9,71,86,-15,-268.5,25-APR-026,"PAUL OWUSU",350
197527,"VASELINE LOTION SOOTHING HYDRATION 725ML12",105.99,6,23,-17,-1801.83,26-APR-026,TITUS,21
35902,"MAXIM SHOWER GEL 1L  16",43.99,16,16,0,0,25-APR-026,"ANANE KOJO",21
79583,"SHINE CLING FILM 100SQFT 306MX30CM  24",17.99,18,18,0,0,25-APR-026,"ARTHUR JONADAB",27
85590,"PLAY  LEARN BLOCKS SETS P1287",12.99,1,2,-1,-12.99,25-APR-026,JUSTICE,270
82389,"BINATONE AVR 1K DVS1000",799,3,4,-1,-799,25-APR-026,DANIEL,256
72393,"ALPRO ALMOND UNSWEETENED DRINK 1LT  8",60.49,40,41,-1,-60.49,25-APR-026,CHRIS,61
64060,"BINATONE CEILING FAN 24 CF2450CF2472CF2476",579,10,11,-1,-579,25-APR-026,AKAYIRI,207
CL677,"PET JAR ROUND 1500ML 105CMX155CM",4.9,2,19,-17,-83.3,25-APR-026,"NANA ADJEI",329
96074,"NASCO CHEST FREEZER SD 200L NAS250FL",3149,1,1,0,0,25-APR-026,"JOSEPH PATRICK",204
91084,"SHOWER  SHOWER DEO FRESH POWDER 150ML 6",57.99,67,69,-2,-115.98,25-APR-026,ELLA,34
102965,"BELAIR AIR FRESHENER LAVENDAR 150ML  36",11.99,21,35,-14,-167.86,26-APR-026,ABIGAIL,5
106816,"SHINE GARBAGE BAGS 220L  5   12",37.49,4,4,0,0,25-APR-026,"ARTHUR JONADAB",26
118287,"FARAGELLO GOLD GRAPE NECTAR BOTTLE 250ML  24",11.99,2,41,-39,-467.61,25-APR-026,EMMANUEL,135
115956,"PRIVATE EXTRA THIN SUPER PAD  12",22.99,11,11,0,0,26-APR-026,"BOADI STEPHEN",51
115052,"TOY CROCODILE WUSBRC WATERPROOF SE0909788",249,4,4,0,0,25-APR-026,HANNAH,274
110741,"SANITA  CLUB TRASH BAGS  30 GALLONSX20   10",39.99,5,5,0,0,25-APR-026,"ARTHUR JONADAB",27
113667,"DINNER PLATE MELAMINE 10 INCHES FEILU 83105",17.9,113,118,-5,-89.5,25-APR-026,BLESSING,407
125267,"SAIRO GOLD HAND WASH 500ML  12",28.99,10,6,4,115.96,25-APR-026,BISMARCK,43
126895,"BETIS GLASS OLIVE OIL 250ML  24",99.99,16,16,0,0,26-APR-026,TITUS,21
138364,"DALGETY GOOD NIGHT SLEEP 40G  36",59.99,16,16,0,0,25-APR-026,AKORFA,58
155959,"YUMS WHOLE MUSHROOM 400G  24",27.99,34,26,8,223.92,26-APR-026,GLADYS,71
163132,"AKAI STEAM IRON 1600W EI050A278D",209,6,6,0,0,25-APR-026,"KINGSLEY OP",220
158857,"BOOKCASE ALUMINUM DOOR 80X40X200CM BIF2DB",2190,1,1,0,0,26-APR-026,FRANCIS,526
160235,"AIRPUREFRESH TRIGGER SPRAY TRUE ROMANCE 250ML 24",34.99,8,36,-28,-979.72,25-APR-026,HAYFORD,457
180300,"BEER GLAS 2PCS SET 0753CL2F1000212 12020110",49.9,8,9,-1,-49.9,25-APR-026,"STEPHEN ACQUAH",421
184357,"ICE BUCKET WKNOB 14CM SS 60910263",19.9,15,15,0,0,25-APR-026,"PAUL OWUSU",350
185316,"BATHMAT TAUPE 50X80CM MP 1600GSM TR2871",109,7,7,0,0,25-APR-026,WISE,446
18459,"FOUR SPECIAL SWEET RED WINE 750ML 6",60.99,4,35,-31,-1890.69,25-APR-026,APPIAH,112
184621,"DINNER PLATE 12 CERAMIC STKLT FP06 RJK",42.9,3,3,0,0,25-APR-026,SOMUAH,412
194665,"CASSEROLE WLID GLASS BW003",36.9,5,9,-4,-147.6,26-APR-026,GLADYS,430
194066,"PUZZLE SILK TOUCH 500PCS SP500P",49,29,29,0,0,25-APR-026,HERBERT,280
44018,"MADAR ANTIBACTERIAL HANDWASH ASSOTED 300ML 24",14.49,25,26,-1,-14.49,25-APR-026,BISMARCK,43
48799,"BLUE SKIES MANGO  PASSION FRUIT ICE CREAM 450ML 6",51.99,1,2,-1,-51.99,25-APR-026,EMMANUEL,135
91774,"INDOMIE ONION CHICKEN BELLE FU NOODLES 280G 18",18.59,91,126,-35,-650.65,25-APR-026,SOLOMON,76
97353,"SAIKIRPA NAPHTHALENE BALLS WHITE 150G  120",11.99,32,31,1,11.99,26-APR-026,"ADIATOR MOSES ",9
06588,"CARTOON COLOURING BOOK CHILDREN PART 25 EB0429",6.99,77,77,0,0,25-APR-026,"JERUSHA ",284
104890,"FANMILK FANICE CHOCOLATE ICE CREAM 500ML 6",25.99,38,39,-1,-25.99,25-APR-026,EMMANUEL,135
126095,"HAPPY FULL FRUITS 70G  48",9.99,39,40,-1,-9.99,26-APR-026,"ABIGAIL YEVUGAH",158
125276,"AIRPRO MINI CLIP AREFRSHNER VIOLET BLAST 25ML 6",20.49,6,22,-16,-327.84,25-APR-026,ABASS,3
135968,"HAAGEN DAZS VANILLA AND CREAM 460ML 8",133.99,5,9,-4,-535.96,25-APR-026,EMMANUEL,135
134694,"HUSKY LAMB  BEEF 85GMS  SMOKEY JOE 36",12.99,36,37,-1,-12.99,25-APR-026,ABASS,1
146658,"PLANTER 20X8X9CM 221131",55,2,2,0,0,25-APR-026,HAYFORD,460
167000,"WRITE WIPE TAKE ALONG 5TITLES",27.9,3,3,0,0,25-APR-026,"JERUSHA ",284
169372,"LED TORCH KIDS 12PCS PAW PATROL",45.9,3,4,-1,-45.9,26-APR-026,"ABIGAIL YEVUGAH",158
169394,"HEAD KIDS SCOOTER NONELE 64X215X455 MM SR120 BL",749,2,1,1,749,25-APR-026,"GEORGE PUPLAMPU",467
169553,"KID MOULD COLOURING ART SET",65,3,3,0,0,25-APR-026,HERBERT,278
188630,"WALL LIGHT PLAINGOLD DESIGN ZF171",219,1,2,-1,-219,25-APR-026,KWAFO,168
190030,"DOOR BELL WPLUG 2COLOR",109,17,26,-9,-981,25-APR-026,RICHMOND,253
190036,"CEILING BRUSH 17M PLASTIC YWU",16.9,2,30,-28,-473.2,25-APR-026,WISE,448
200299,"HH SEASONING GOAT 12X50 10G  50",15.99,31,39,-8,-127.92,25-APR-026,GIDEON,67
200452,"COOKING POT WLID 28CM FALU ZHNBLY 119628",249,4,4,0,0,25-APR-026,OWUSU,371
198559,"BBQ UNIT CHARCOL 010B",2499,1,1,0,0,25-APR-026,PHILEMON,357
43017,"SHINE CLING FILM 300X30   6",145.99,11,11,0,0,25-APR-026,"ARTHUR JONADAB",27
76084,"TOP CHOCO CHOCOLATE SPREAD 500G  12",44.99,10,10,0,0,26-APR-026,"PAUL OWUSU",64
64794,"GOMETS GUMDROPS 100G  30",13.99,30,29,1,13.99,26-APR-026,"ABIGAIL YEVUGAH",158
54069,"AKAI GAS STOVE 3B GC019A8302",409,6,6,0,0,25-APR-026,"JOSEPH PATRICK",196
CL703,"TIARA BOWL WITH LID 3PCS SET 1000ML 1700ML 2800ML",49.9,8,5,3,149.7,25-APR-026,NASHIBA,333
S897,"CERES RED GRAPE JUICE 1L 12",44.99,44,44,0,0,25-APR-026,KWAFO,100
96091,"READI COCONUT CHIPS 30G  120",5.09,31,32,-1,-5.09,26-APR-026,MAHAMA,120
92361,"FILLED CUSHION 50X50CM FUR  ASTD5",65,1,2,-1,-65,25-APR-026,GLADYS,506
92931,"FUFU BOWL 9INCH CERAMIC WHITE H88004 YWU",24.9,25,28,-3,-74.7,25-APR-026,BLESSING,407
06432,"PINK COCKTAIL SPARKLING WINE 750 ML 12",49.99,12,12,0,0,25-APR-026,"EDDIE MENSAH",106
103486,"PRIMA 80 PERFUMED DISINFECTANT 45L  6",134.99,1,27,-26,-3509.74,25-APR-026,"ADIATOR MOSES ",7
114752,"FRICTION MOTOR TOY 120 RED MT489941",85,11,11,0,0,25-APR-026,HERBERT,281
115182,"BABY WALKER ROCKABLE WMUSICLIGHT YW889C",499,1,3,-2,-998,25-APR-026,HADASSAH,266
123666,"TUMBLER GLASS 6PCS SET 280ML ASTER TNV 099",9.9,2,2,0,0,25-APR-026,"STEPHEN ACQUAH",422
122737,"UNIMAX TRIO DC BALLPEN RED 10MM FBTDCRD32",3.99,36,1,35,139.65,26-APR-026,"ABIGAIL YEVUGAH",158
146180,"BOTTLE SPORTS WHANGER FPLAYERS 750CC 161407073",19.9,5,10,-5,-99.5,26-APR-026,GILBERT,313
148526,"FLOWER SET DRY 5PCS",85,4,5,-1,-85,26-APR-026,AKAYIRI,462
149373,"NASCO FRIDGE DD 138L NASF216FL",2449,1,1,0,0,25-APR-026,NYARKO,176
160809,"WINDOW SHADE BLACKOUT ROLLER 45WHITE180X200CM",429,1,11,-10,-4290,25-APR-026,"GERALD SACK ",477
16842,"NIVEA FEMALE ROLLON DRY 50MLX30 81611",37.99,10,107,-97,-3685.03,26-APR-026,ELLA,36
167514,"XMAS TREE 15M 510T",629,5,5,0,0,25-APR-026,DANIEL,XMAS
177918,"FRESH POPS CHOCO 35G  15",8.29,8,15,-7,-58.03,25-APR-026,"EMMANUEL MENSAH",121
178071,"WATER BOTTLE 1000ML PLASTIC YWU",44.9,17,17,0,0,26-APR-026,GILBERT,312
187999,"WATER BOTTLE 10 PLASTIC HL0187TLC",14.9,6,7,-1,-14.9,26-APR-026,GILBERT,312
185888,"STAEDTLER COLOUR PENCIL PASTEL 12PCS 146 C12 PA02",65,16,6,10,650,25-APR-026,MARIAM,291
186914,"BATHMAT 50X80CM MP ASTD 6COLORS JBT52201",99,6,16,-10,-990,25-APR-026,"SAMUEL ADDO",399
183297,"AKAI SANDWICH MAKER 2SLICE 750W SM024A8011",209,6,7,-1,-209,25-APR-026,"COLLINS HAMMOND",234
183628,"DINNER KNIFE 6PCS 1806KN",29.9,7,5,2,59.8,25-APR-026,PHILEMON,358
191065,"OSSUM DEO ROLL ON CHERISH 50ML 48",20.99,7,32,-25,-524.75,26-APR-026,ELLA,35
189074,"SAMSUNG LED TV 50 SAT SMART UHD UA50U8000",11699,2,2,0,0,25-APR-026,LESTER,250
198904,"SLEMFIT MINERAL WATER 500ML 16",1.69,6,245,-239,-403.91,25-APR-026,EZEKIEL,147
30033,"VEGA THAI HOM MALI JASMINE RICE 5KG  5",249.99,54,160,-106,-26498.94,25-APR-026,GIDEON,68
CL584,"PEDAL BIN OVAL 11LTR 30CMX24CMX34CM",44.9,5,13,-8,-359.2,25-APR-026,HAYFORD,453
98735,"SIBLOU WHITE TUNA IN OIL 170G  48",41.99,29,29,0,0,26-APR-026,APPIAH,126
94969,"HERMAN HOT SAUCE GLASS BOTTLE 88ML  36",8.49,2,3,-1,-8.49,25-APR-026,GLADYS,72
03471,"COKE ZERO PET 1L  4",15.99,64,96,-32,-511.68,25-APR-026,NTUMY,163
09484,"BADIA POULTRY SEASONING BLEND 1559G  6",74.99,5,5,0,0,25-APR-026,BISMARCK,45
102350,"ROSALINDA BAKED BEANS IN TOMATO SAUCE 420G  12",16.99,17,18,-1,-16.99,25-APR-026,GLADYS,71
103405,"AKAI MICROWAVE OVEN 20L GRILL MW063A720MSMW072A",1399,1,3,-2,-2798,25-APR-026,RICHMOND,264
107986,"AKAI CEILING FAN 36 EF104A3658WS",349,-14,6,-20,-6980,26-APR-026,AKAYIRI,207
110882,"NATURAL FIELDS PURE HONEY 650G  12",55.99,17,17,0,0,26-APR-026,GIFTY,63
115828,"BOWL 3 PCS SET CERAMIC T103030",219,2,6,-4,-876,25-APR-026,VICTORIA,432
128880,"FOLDER PLASTIC 12PCS405A4 265656265663265670265",17.9,1,1,0,0,25-APR-026,MARIAM,290
129718,"STORAGE RACK WWHEELS 3LAYER PLASTIC 6067 YWU",189,1,6,-5,-945,26-APR-026,NASHINA,337
130145,"STEM GLASS SERENA LINES 35CL F4 C9256V9909",259,1,1,0,0,26-APR-026,SOMUAH,416
130187,"STEM GLASS SAVOIE 35CL L583150463",349,1,14,-13,-4537,25-APR-026,SOMUAH,415
139701,"MCBERRY PURE DELIGHT VANILLA CAKE SLICES 27G 144",2.99,24,65,-41,-122.59,25-APR-026,EMMANUEL,127
141391,"TONG UTILITY VINYL COATED 30CM 59024A",24.9,6,8,-2,-49.8,25-APR-026,OWUSU,368
141391,"TONG UTILITY VINYL COATED 30CM 59024A",24.9,2,8,-6,-149.4,25-APR-026,OWUSU,369
159585,"GALAXY PLUS CONCEPT SPRAY DELIGHT 200ML 12",31.99,5,7,-2,-63.98,26-APR-026,ELLA,35
162292,"GRATER SS WWOODEN HANDLE MC73029 RJK",19.9,24,35,-11,-218.9,25-APR-026,DANIEL,KITCHEN
160299,"PYREX BOWL GLASS 200ML 169B0007740",42.9,4,4,0,0,25-APR-026,SYLVIA,426
171648,"THE WOMAN IN ME",199,6,6,0,0,26-APR-026,"JERUSHA ",288
168209,"AKAI FRIDGE DD 197L FF RF133AC197LN",4299,1,1,0,0,25-APR-026,NYARKO,175
170316,"KALYON POWDER DETERGENT MOUNTAIN BREEZE 750GM 20",22.99,1,21,-20,-459.8,25-APR-026,AKAYIRI,203
186962,"WATER BOTTLE 350ML KIDS PLASTIC D3155X316 YWU",69,36,17,19,1311,25-APR-026,"MICHAEL DADZIE",308
192603,"FRUIT KNIFE WBLACK HANDLE HFDJTZ238 430SS PP",12.9,44,45,-1,-12.9,25-APR-026,"NANA KOJO",365
194927,"LADLE SLOTTED SPOON SILICONE ZHN HR56",9.9,24,24,0,0,25-APR-026,PATIENCE,347
192942,"POMPOM ANIMAL SILICON TOY WLIGHT HCL S9252",54.99,36,39,-3,-164.97,25-APR-026,JUSTICE,270
192307,"SHARPENER MP55664",7.9,17,17,0,0,26-APR-026,MARIAM,291
198764,"DINNER PLATE 14INCHES RECT CERAMIC GGK YWU",79,23,24,-1,-79,25-APR-026,BLESSING,410
202622,"FROSTED PLATE 145 B158145M",14.9,53,53,0,0,26-APR-026,OTHNIEL,338
87610,"ALIFE LUXURY SOAP DELICATE COCONUT 200G  18",10.29,4,4,0,0,25-APR-026,"ANANE KOJO",20
88659,"KNIFE AND WCHOPPING BOARD 5PCS SET  718 YWU",59,17,17,0,0,25-APR-026,"PAUL OWUSU",353
CL608,"BUCKET WITH LID 15LTR 32CMX32CM",29.9,30,57,-27,-807.3,25-APR-026,"MORGAN ONGOH",321
N572,"PAPER NAPKINKITCHEN TOWEL LS EVERPACK  6",22.99,2,8,-6,-137.94,25-APR-026,ELLA,31
102254,"BODYCOLOGY MIST TOASTED SUGAR 237ML  12",77.99,10,10,0,0,26-APR-026,ELLA,35
105905,"KI SUPER CHUNKY LOLLIPOPS 20PCS 340G 10",82.99,6,7,-1,-82.99,26-APR-026,"EDDIE MENSAH",90
115948,"ROMAR AIR REFRESHNER COCONUT 300ML  8",39.99,13,13,0,0,25-APR-026,ABASS,2
110413,"AREA RUGS CUT SHUTTLE  70X140",45,17,17,0,0,26-APR-026,GAD,474
130922,"CURTAIN JACQURD TUFT BURG ALICE 02PA6531A",69,1,1,0,0,25-APR-026,ESINAM,485
14702,"LION ALUMINIUM FUFU BOWL  FB35C",79,5,5,0,0,25-APR-026,OWUSU,374
143774,"ROMAR  AIRFRESHNER ROSES 300ML  8",39.99,9,9,0,0,25-APR-026,ABASS,2
154031,"INFINITY SOLUTIONS DISHWASH FRESH BLUE 650ML  12",29.99,6,6,0,0,25-APR-026,ALVIN,14
154105,"BOWL 3PCS SET WLID CERAMIC DESIGNER T86011",99,9,7,2,198,26-APR-026,SOMUAH,430
151570,"GALAXY CONCEPT SPRAY  ONLY ONE 200ML 12",31.99,18,18,0,0,26-APR-026,ELLA,35
152117,"BUSINESS CARD HOLDER ABB",30.9,3,3,0,0,26-APR-026,GIDEON,294
158515,"FESTIVAL FROM CUVEE 0 MUSCATEL WINE DRINK 750ML 6",50.99,2,2,0,0,25-APR-026,"EDDIE MENSAH",107
175532,"DOWN ALTENATIVE PILLOW 50X75CM",329,2,16,-14,-4606,25-APR-026,SHADRACK,511
172967,"ARIEL HIGH STUD LAVENDER 1KG  12",79.99,10,3,7,559.93,26-APR-026,ALVIN,17
181601,"STORAGE CANISTER PLASTIC 1350ML 161317000",19.9,11,12,-1,-19.9,25-APR-026,"NANA ADJEI ",327
179959,"CURTAIN YD PL GROMT SLBL 54X90 24EHM001",169,10,10,0,0,25-APR-026,GLADYS,502
179088,"BILLIARDS TOY SET 34X25CM",49.9,10,10,0,0,25-APR-026,HERBERT,280
186976,"BENGODALSPECIAL EGGS  12 PACK 1",39.99,11,17,-6,-239.94,25-APR-026,EMMANUEL,133
184618,"DINNER PLATE 10 CERAMIC STKLT FP03 RJK",19.9,29,29,0,0,25-APR-026,SOMUAH,412
194900,"COOKING TOOL 12PCS SET SILICONE ZHN MM12PC",59,16,13,3,177,25-APR-026,"NANA KOJO",362
195058,"ICE FACTORY REUSABLE DICE ICE CUBE 525G 1",72.99,6,6,0,0,25-APR-026,EMMANUEL,135
188756,"CARLTON TROLLEYCASE WWHEEL 8W BOSTON MD",699,1,1,0,0,25-APR-026,MARYLAND,296
192017,"TCL FRIDGE DD 165L SILVER F216TMS",3899,1,2,-1,-3899,25-APR-026,WOMDERT,252
206075,"CABBAGE PC SLV",34.99,28,27,1,34.99,25-APR-026,JIMOH,134
85566,"WHITE HILLS RESERVE WHISKY 428 750ML  12",79.99,12,10,2,159.98,25-APR-026,MAHAMA,118
52717,"CUSSONS BABY OIL SOFT  SMOOTH 100ML  48",12.49,4,11,-7,-87.43,26-APR-026,LESTER,50
CL616,"BASKET WITH LID FLORA 31CMX17CM",14.9,16,13,3,44.7,25-APR-026,OTHNIEL,340
X939,"EVEN NO CREAM UHT MILK 1L 12",53.99,56,74,-18,-971.82,26-APR-026,"GEORGE PUPLAMPU ",82
CL773,"CONTAINER 300ML TRANSPARENT 26CMX18CMX10CM",19.9,16,18,-2,-39.8,25-APR-026,NIBOI,316
93048,"CAR MAT SET 4PCS RL4008",189,5,3,2,378,26-APR-026,LESTER,254
96174,"GREENWORLD BAMBU AFRESHNER CASHMIRE LOUNGE75ML 12",64.99,1,1,0,0,26-APR-026,ABASS,3
92697,"TONG 12CM SSTEEL LX09090 YWU",14.9,8,17,-9,-134.1,25-APR-026,OWUSU,369
100048,"DOVE BABY WIPES RICH MOISTURE 50S  12",29.99,1,1,0,0,26-APR-026,PHILEMON,10
117039,"ICE CUBE TRAY SET 2PCS ICE AGE MYQ91703",32.9,32,32,0,0,25-APR-026,OTHNIEL,343
128920,"STAPLE REMOVER NOSR45T 170790ELP",7.9,144,147,-3,-23.7,26-APR-026,GILBERT,294
123171,"OCEANWINE GLASS SET 2PC 425ML MADI 3015R1502G0003",79,3,6,-3,-237,25-APR-026,SYLVIA,465
139998,"BEETROOTAPL PACK",27.99,1,1,0,0,25-APR-026,JIMOH,134
151526,"GALAXY  CONCEPT MIST SURPRISE 250ML 12",45.99,14,14,0,0,25-APR-026,ELLA,35
152080,"AIRWICK REED DIFF SNOWPLACE LIKE HOME 25ML  5",72.49,1,1,0,0,26-APR-026,ABASS,3
149441,"LAV TUMBLER 3PCS SET LVGAI369A",39.9,12,12,0,0,25-APR-026,SOMUAH,414
150841,"PURELINE SOAP DEEP CLEAN 175G X 36PCS  BLUE",12.49,0,49,-49,-612.01,26-APR-026,ALVIN,18
164193,"ENAPA MACKREL IN TOMATO SAUCE EASY OPEN 200G  48",12.99,40,61,-21,-272.79,26-APR-026,"EMMANUEL MENSAH",124
162114,"FONTISSUE WRAPPED TOILET TISSUE 10S  7",50.99,6,6,0,0,25-APR-026,BISMARCK,44
161333,"FOUNTAIN 21X21X23CM 7233192L",329,1,1,0,0,25-APR-026,"FELIX BOADU",151
169096,"EASY COOK FRYPAN SET BLUE 2PCS FRC B4229153",449,5,5,0,0,25-APR-026,PHILEMON,358
168368,"ARTIFICIAL PLANT 4 COLOR MIX",99,5,5,0,0,25-APR-026,HAYFORD,460
179010,"CONSTRUCTIONS VEHICLE TOY OPP YW",65,23,23,0,0,25-APR-026,HERBERT,281
185442,"BATHMAT 50X80CM JANICE BEIGE 01MA0627E",49,4,4,0,0,25-APR-026,"SAMUEL ADDO",402
187053,"GOLDMAN PARANI NATURAL COCOA POWDER 200G 12",38.99,7,6,1,38.99,25-APR-026,AKORFA,59
193270,"METALLIC PAINT MARKER 150306BOX",12.9,1,6,-5,-64.5,26-APR-026,GIDEON,294
26950,"VOLTPLUS AVR 2KVA W110V ASSIST OUTPUT AVR6022",779,1,5,-4,-3116,25-APR-026,DANIEL,257
202579,"FROSTED WAVE BOWL 45 SB B1",4.9,49,50,-1,-4.9,25-APR-026,QUEENCILLA,379
88239,"BINATONE BLENDER 15L 350W WHITE BLG 450 MK2",669,1,3,-2,-1338,25-APR-026,PRINCE,228
64838,"YOGURT STRAWBERRY FILLED CHEWY CANDY 100G   36",12.99,24,28,-4,-51.96,26-APR-026,"EDDIE MENSAH",90
66940,"PINHO BRIL LAVENDER DISINFECTANT  1L  12",32.99,7,7,0,0,25-APR-026,"ADIATOR MOSES ",8
X889,"DETTOL ANTISEPTIC LIQUID ORIGINAL 250ML  36",44.99,12,40,-28,-1259.72,25-APR-026,TITUS,21
90420,"WC NET GEL CRYSTAL NEW BLUE FRESH  750ML  12",53.99,13,12,1,53.99,25-APR-026,ALVIN,13
100987,"CURTAIN 3D POLYESTER 52X84  WHANGER FRBB 6240",129,10,15,-5,-645,25-APR-026,"GERALD SACK ",481
101011,"CURTAIN POLYESTER 52X84 WHANGER BLK56",119,12,14,-2,-238,25-APR-026,ESINAM,486
119590,"FARAGELLO GOLD MANGO NECTAR  BOTTLE 1L  6",33.99,9,23,-14,-475.86,25-APR-026,DORIS,99
113663,"DINNER PLATE MELAMINE 10 INCHES FEILU 81105",17.9,68,99,-31,-554.9,26-APR-026,BLESSING,407
127215,"FRY PAN 22CM FALU ZHNBLY 852122",149,3,3,0,0,25-APR-026,QUEENCILLA,378
126625,"FLOOR LAMP BLACKGOLD 16M E27",899,1,2,-1,-899,25-APR-026,KWAFO,166
138194,"NUTZY PEANUT BUTTER CREAMY SMOOTH 227G  12",24.99,6,6,0,0,26-APR-026,"FELIX BOADU",65
13013,"EVEN BUTTER SALTED 200G 40",93.99,12,13,-1,-93.99,26-APR-026,EMMANUEL,136
153229,"FABRIC SOFTNER MON BIJOU LIQUIDPROTECTION 5L  4",114.99,2,2,0,0,25-APR-026,ALVIN,15
178106,"CURTAIN TIE BACK 2PCS SET 6COLOR MIX",47.9,6,61,-55,-2634.5,25-APR-026,FRANCIS,523
188098,"SUITCASE DGRAYSILVER GRAY ABS 24 K36",749,1,1,0,0,25-APR-026,MARYLAND,296
185839,"CREED GREEN DREAM ENERGY DRINK 350ML 12",2.99,5,5,0,0,26-APR-026,JIMOH,1
192804,"MELAMINE BOWL 10INCH 10810",19.9,60,60,0,0,26-APR-026,BLESSING,409
36178,"KALAHARI BITTERS 750ML 12",53.99,18,54,-36,-1943.64,25-APR-026,MAHAMA,115
82060,"RIGHT GUARD  TOTAL DFENCE ORIGINAL 250ML 6",38.99,4,4,0,0,25-APR-026,ELLA,34
89788,"SPRITE ZERO PET 450ML  12",8.99,6,38,-32,-287.68,25-APR-026,EMMANUEL,135
91194,"VOLTIC MINERAL WATER 500ML 15",2.19,3,162,-159,-348.21,25-APR-026,EMMANUEL,135
98372,"ENA PA BAKED BEANS IN TOMATO SAUCE 420G  12",14.99,19,47,-28,-419.72,26-APR-026,GLADYS,71
95483,"GARLAND 2MX10CM 91803",17.9,8,4,4,71.6,25-APR-026,DANIEL,XMAS
103823,"TELON TEA STRAWBERRY FLAV 60G 255PCS  12",29.99,6,6,0,0,25-APR-026,AKORFA,59
105821,"MAXIM FABRIC SOFTENER 2L  8",54.99,6,6,0,0,26-APR-026,ALVIN,16
125850,"ABENA BEEF PATE 400G 24",20.99,20,38,-18,-377.82,26-APR-026,OTHNIEL,126
128174,"YOGLAIT  IRISH CREAM YOGHURT 500G 1",36.99,1,1,0,0,25-APR-026,DANIEL,XMAS
135999,"CALIFORNIA SCENT CAN AIR REFRESHNER ASSORTED  24",53.49,24,110,-86,-4600.14,25-APR-026,NTUMY,163
148427,"COASTER 4PCS SET CERAMIC EVIL EYE YWU",14.9,10,10,0,0,25-APR-026,"PAUL OWUSU",355
14714,"EASY MOUZOO APPLE  TETRAPACK JUICE 1L 12",23.99,18,33,-15,-359.85,26-APR-026,DORIS,102
157261,"TEICHENNE TEQUILA BLANCO 38 700ML 6",187.99,1,1,0,0,25-APR-026,MAHAMA,116
160290,"STICKY HOOKS 9PCS PLASTIC P31 YWU",9.9,1,49,-48,-475.2,25-APR-026,WISE,448
188008,"BUCKET WLID PLASTIC 10 HL0063CP",22.9,9,9,0,0,25-APR-026,MORGAN,323
185176,"DINNER PLATE 10INCHES CERAMIC WHITE BCJ105 RJK",12.9,19,40,-21,-270.9,25-APR-026,SOMUAH,412
192665,"GIFT BAG SMALL 210G 18X23X10 KRB13683S14",6.99,2,13,-11,-76.89,25-APR-026,MARYLAND,301
189621,"TOREN MRBITE GROAN MILKY CREAM COAT W CHO 35G 144",8.49,7,11,-4,-33.96,25-APR-026,ATITOGO,160
197991,"MCBERRY DUBAI STRAWBERRY CHOCOLATE WAFER 20G  144",.89,77,79,-2,-1.78,25-APR-026,"ABIGAIL YEVUGAH",157
202621,"FROSTED PLATE 10 B15810M",8.9,59,79,-20,-178,26-APR-026,OTHNIEL,338
57554,"SABA DETERGENT  POWDER BUCKET 3KG  1",139.99,1,2,-1,-139.99,26-APR-026,"ARTHUR JONADAB",28
N789,"JOHNNIE WALKER BLACK LABEL WHISKY 1L  12",649.99,3,9,-6,-3899.94,25-APR-026,EMMANUEL,129
108602,"CURTAIN 52X84 W8GROMMET BLACKOUT DESIGN 5",129,6,1,5,645,26-APR-026,"GERALD SACK ",478
109712,"FIESTA ROSE GRAPE  NON ALC WINE  750ML  6",41.99,3,3,0,0,25-APR-026,"EDDIE MENSAH",107
123535,"BODY SCULPTURE BACK SUPPORT WTCLOTH SXBNS520EB",209,11,11,0,0,26-APR-026,CHARLES,466
135952,"BADIA CURRY POWDER 1134G  6",65.99,3,3,0,0,25-APR-026,BISMARCK,45
148809,"CLOTHES HANGER 2LAYER MULTIPURPOSE METAL YWU",199,3,4,-1,-199,25-APR-026,FRANCIS,527
153045,"ENERGIZER BATTERY MAX AAABP8",115,26,26,0,0,25-APR-026,NTUMY,161
149390,"STARFRESH PUMP SPRAY DELUXE MIST 200ML 36",12.29,14,33,-19,-233.51,26-APR-026,ABASS,3
162389,"X NATURAL MINERAL WATER 750ML 15",2.39,12,374,-362,-865.18,25-APR-026,EMMANUEL,135
160317,"PYREX ROASTER WLID RECT GLASS 26L 243A0008044",279,4,4,0,0,26-APR-026,SYLVIA,429
172953,"ARIEL HIGH STUD FLORAL 500G 24",39.99,24,34,-10,-399.9,26-APR-026,TITUS,21
171987,"KIDS GUN TOYS WLIGHTSOUND 16CM",30.9,3,3,0,0,25-APR-026,HANNAH,275
182097,"FARAGELLO GOLD ORANGE NECTAR TETRAPACK 1L 12",29.99,3,24,-21,-629.79,25-APR-026,EMMANUEL,135
184093,"DEEP PAN 26CM FALU ZHNBLY 852826",249,1,12,-11,-2739,25-APR-026,QUEENCILLA,375
184093,"DEEP PAN 26CM FALU ZHNBLY 852826",249,9,12,-3,-747,25-APR-026,"ALHASSAN RANDY",381
19387,"HUGGIES BABY WIPES NATURAL CARE ALOE VERA 48S 10",24.99,4,15,-11,-274.89,26-APR-026,PHILEMON,10
194665,"CASSEROLE WLID GLASS BW003",36.9,4,9,-5,-184.5,26-APR-026,VICTORIA,432
191070,"FOGG DEO ROLL ON BOLD 50ML 48",20.99,39,41,-2,-41.98,26-APR-026,ELLA,35
191889,"FLOOR MAT 40X60CM",44.9,9,16,-7,-314.3,25-APR-026,WISE,446
32790,"EASY MOUZOO PINEAPPLE TETRA PACK  200ML 27",5.49,40,75,-35,-192.15,26-APR-026,"PAUL OWUSU",84
204488,"ROYAL CIRCLE PREMIUM WHISKY 750ML 12",156.99,10,11,-1,-156.99,25-APR-026,MAHAMA,118
75277,"BINATONE KETTLE 17L 2200W WHITE  CEJ 1750",395,10,10,0,0,25-APR-026,LESTER,248
104519,"MJS SOY SAUCE 1L  12",50.99,4,16,-12,-611.88,26-APR-026,GIDEON,72
109329,"ROMAR AUTOM AIRFRESH REFILL ANTI TOBACCO 250ML  8",48.99,2,2,0,0,26-APR-026,ABIGAIL,5
118150,"RACK 3LAYER KITCHEN PLASTIC 01040000",179,1,2,-1,-179,25-APR-026,"PAUL OWUSU",354
116610,"BLING HANDWASH SHEA COCOA 500ML  12",15.49,12,18,-6,-92.94,25-APR-026,TITUS,21
125895,"LAV WINE GLASS LVNEV539A",59,14,14,0,0,25-APR-026,SOMUAH,414
120753,"CERAMIC MUG 350ML SOLID WHITE LUXTREND M32007",8.9,2,4,-2,-17.8,25-APR-026,ROBIN,392
135927,"YOGA VANILLA WHEAT MIX YOGHURT 2L 1",109.99,2,2,0,0,25-APR-026,EMMANUEL,133
132592,"SHREDDED PAPER 30G C",9.99,90,60,30,299.7,25-APR-026,JUSTICE,270
148791,"CAKE TOPPER HAPPY BIRTHDAY MIX COLOR",6.9,14,14,0,0,25-APR-026,HADASSAH,269
154921,"TV STAND OFF WHITEPINE 75 VERONA",1999,1,1,0,0,25-APR-026,FRANCIS,527
164593,"ROCKING HORSE SILICONE TEETHER 45558",59,9,8,1,59,26-APR-026,AKAYIRI,267
164368,"BABY STROLLER 95X49X63CM JB329F",1029,2,2,0,0,26-APR-026,MARIAM,293
159763,"MUNCHEE DIGESTIVE BISCUITS 65G  48",3.59,11,77,-66,-236.94,26-APR-026,TITUS,21
177636,"AFRICAN SECRET MARULA CREAM LIQUEUR 750ML 6",184.99,6,6,0,0,25-APR-026,MAHAMA,116
187213,"NASCO AC STANDING 25HP INV ROUND NASTFSI24N1",12999,-1,3,-4,-51996,26-APR-026,SHADRACK,521
188630,"WALL LIGHT PLAINGOLD DESIGN ZF171",219,1,2,-1,-219,25-APR-026,KWAFO,166
37820,"KALYON WINDOW CLEANER APPLE 750ML 12",17.99,15,15,0,0,25-APR-026,ABIGAIL,6
50456,"TOP CHOCO BREAD SPREAD 650G  12",53.99,14,14,0,0,26-APR-026,"PAUL OWUSU",64
66316,"LELE LEMON FLAVOURED TEA 375GMS 12",17.99,10,15,-5,-89.95,25-APR-026,AKORFA,59
60653,"MILKANA SPREADABLE CHEESE 8 PORTION 104G 24",22.49,32,34,-2,-44.98,26-APR-026,"FELIX BOADU",65
CL749,"CONDIMENT PET JAR ROUND 3PCS SET 500ML",16.9,12,21,-9,-152.1,25-APR-026,"NANA ADJEI ",328
N069,"KRIS HANDBODY LOTION ELEGANT YELLOW 200ML 36",10.49,18,6,12,125.88,26-APR-026,TITUS,21
95817,"AMALFI  DEO ROLLON DERMO PROTECTIVE 50ML  12",19.99,3,3,0,0,26-APR-026,ELLA,36
98489,"AMALFI BODY SPRAY  MEN 75ML  10",18.49,15,15,0,0,25-APR-026,ELLA,34
99412,"CLIMB MACHINE 25HP YKCM1802",14999,1,1,0,0,25-APR-026,"GEORGE PUPLAMPU",467
97744,"BINATONE BLENDER WSMOOTHIE MAKER BLS 360",715,2,7,-5,-3575,25-APR-026,PRINCE,227
107630,"JUVER  DISFRUTA  PEAR PNEAPPLE JUICE 2L 6",62.99,4,5,-1,-62.99,25-APR-026,KWAFO,103
131467,"OBA EVAPORATED MILK 160G 48",8.29,24,23,1,8.29,26-APR-026,"NANA ADJEI",81
148584,"FLOWER POT LARGE GREENWHITEBROWN",199,1,1,0,0,25-APR-026,HAYFORD,458
148808,"MULTIPURPOSE CLOTHES HANGER STAND METAL YWU",139,2,5,-3,-417,25-APR-026,FRANCIS,523
149291,"CERES NECTAR TROP BLAST JUICE DRINK 200ML 24",9.99,34,34,0,0,26-APR-026,"PAUL OWUSU",84
150676,"SANITA OVEN BAG MEDIUM 8BAGS   48",11.99,11,8,3,35.97,25-APR-026,"ARTHUR JONADAB",27
158740,"CARPET 140X200CM BROWNBLUE HAVANA B14X20M",899,1,2,-1,-899,25-APR-026,"GIDEON GBLOGAH",508
170296,"KALYON EXTRA DISHWASHING LIQUID LEMON  735ML 12",25.49,11,11,0,0,25-APR-026,ALVIN,13
169371,"LUNCH BOX WBOTTLE SET 500ML PAW PATROL",99,18,17,1,99,25-APR-026,"MICHAEL BOYE",306
179192,"DUCT TAPE 48CMX20Y YW",22.9,4,3,1,22.9,26-APR-026,RICHMOND,253
188394,"TCL QDLED TV 65 SAT SMART 4K 65C6K",15799,1,1,0,0,25-APR-026,"KINGSLEY OP",213
189568,"KIVO 4 IN 1 GARI SOAKING MIX COCONUT 120G  40",4.99,40,42,-2,-9.98,25-APR-026,"FELIX BOADU",66
87296,"BINATONE BLENDER 15L 500W BLG 620621",909,4,4,0,0,25-APR-026,PRINCE,227
85653,"EASY MOUZOO APPLE JUICE GLASS BOTTLE 250ML  24",10.99,48,58,-10,-109.9,25-APR-026,KWAFO,103
82710,"BRUT DEO SPRAY ATTRACTION 200ML  6",39.99,1,2,-1,-39.99,26-APR-026,ELLA,35
67793,"IRISH SPRING ALOE SOAP 1063G 18X3PACK  18",53.99,20,19,1,53.99,26-APR-026,ALVIN,18
X435,"NAN 1 OPTIPRO 400G 12",139.99,13,13,0,0,25-APR-026,"EMMANUEL MENSAH",124
92212,"BINATONE CEILING FAN 56 WDECO  CF5676",679,1,3,-2,-1358,25-APR-026,"KINGSLEY OP",218
102542,"AHMAD TEA LEMON  GINGER 40G  5",44.49,7,7,0,0,25-APR-026,AKORFA,58
119595,"FARAGELLO GOLD COCKTAIL GLASS BOTTLE 250ML  24",11.99,44,36,8,95.92,26-APR-026,KWAFO,83
115168,"VOLTPLUS EXTENSION SOCKET 4W2M ISWIT VPEC4W2MMS",149,1,2,-1,-149,25-APR-026,DANIEL,255
124985,"DOMO BAKING POWDER 400G  12",89.99,8,20,-12,-1079.88,26-APR-026,"FELIX BOADU",65
126214,"AIRPRO MINI CLIP AIRREFRSHENER  NEW CAR  25ML 6",20.49,17,20,-3,-61.47,26-APR-026,ABASS,3
138236,"ROSSWOOD PREM ROASTED CASHEW NUTS SALTED 168G  24",60.99,23,23,0,0,26-APR-026,MAHAMA,119
130187,"STEM GLASS SAVOIE 35CL L583150463",349,1,14,-13,-4537,26-APR-026,SOMUAH,414
144274,"AIRPRO TOILET BLOCK CLEANER BLUE 2IN1  12",20.49,18,16,2,40.98,25-APR-026,ABASS,3
164613,"BATHROOM RACK  METAL ORSA 992",109,5,2,3,327,25-APR-026,VINOLIA,439
171516,"DR TEALS BODY WASH  COCONUT OIL  710ML  4",119.99,3,3,0,0,25-APR-026,"ANANE KOJO",22
179299,"MAGNETIC CLASP 30MM 6PCSBOX ASST COL YW",9.9,13,14,-1,-9.9,26-APR-026,MARIAM,291
187250,"POTOSKY MATHEMATICS BASIC 3",79,1,1,0,0,26-APR-026,HERBERT,283
183438,"TUMBLER GLASS EMBOSSED 454ML 3PCS SET 3GS04 RJK",34.9,12,10,2,69.8,25-APR-026,"STEPHEN ACQUAH",419
192975,"CHOPPING BOARD LARGE PLASTIC ZHN DH026",69,6,6,0,0,25-APR-026,"PAUL OWUSU",353
188730,"GLASS STORAGE CONTAINERS 12 PCS SET LDS2062025",419,2,2,0,0,26-APR-026,GLADYS,430
189182,"XMAS BALL 8CM 3PCS",29.9,4,4,0,0,25-APR-026,DANIEL,XMAS
197910,"VIP TROLLEYCASE WWHEEL 8W TOURAGE CB TOURTW8LPL",379,1,2,-1,-379,25-APR-026,MARYLAND,297
26352,"SAIRO MELON HAND WASH 500ML 12",28.99,4,4,0,0,25-APR-026,BISMARCK,43
76483,"AQUAFRESH MOUTHWASH FRESHMINTY 500ML 8",42.99,9,9,0,0,25-APR-026,"BOADI STEPHEN",53
81497,"DOLAIT VANILLA YOGHURT 125G 10",9.99,1,37,-36,-359.64,25-APR-026,DANIEL,XMAS
88955,"DINNER PLATE MELAMINE 10 INCHES ZHN B081105",18.9,9,67,-58,-1096.2,26-APR-026,ROBIN,392
91554,"GREEN WORLD BAMBU LILLY AIRFRESHNER  170ML  12",105.99,1,9,-8,-847.92,26-APR-026,ABASS,3
98609,"PARLE CHOCO RINGS BISCUITS 24G  72",1.09,12,72,-60,-65.4,25-APR-026,DORIS,98
07985,"JOHNSON BABY OIL 500ML 24",69.99,2,9,-7,-489.93,26-APR-026,RICHMOND,50
102528,"MOMEASY EVA GEL FILLED TEETHER 45504",19.9,5,1,4,79.6,26-APR-026,AKAYIRI,267
105685,"AKAI CEILING FAN 56 WREMOTE BLACK EF101A5675",749,1,1,0,0,25-APR-026,AKAYIRI,207
119654,"KIVO PEPPER POWDER 400G  12",43.99,13,12,1,43.99,25-APR-026,GIDEON,67
117587,"BEATER PLASTIC URVE UR3004",4.9,19,11,8,39.2,25-APR-026,OWUSU,369
112467,"LUNCH BOX PLASTIC RECT SLIM SMALL 437X3ML L3705X3M",29.9,5,1,4,119.6,25-APR-026,"MICHAEL BOYE",305
148439,"DESSERT PLATE 8INCHES CERAMIC GGK YWU",34.9,21,21,0,0,25-APR-026,SOMUAH,412
148849,"CUP CAKE STAND 5TIER GOLDSILVER YWU",14.9,4,5,-1,-14.9,25-APR-026,"ALHASAN RANDY",383
151562,"GALAXY CONCEPT SPRAY  INVICT  200ML 12",31.99,10,11,-1,-31.99,26-APR-026,ELLA,35
160143,"ULTRA COMPACT MEN AFTER SHAVING COOL TONER 100G 48",21.99,11,12,-1,-21.99,25-APR-026,"BOADI STEPHEN",53
182372,"COOKING SPOON LADLE 2743912",24.9,13,9,4,99.6,25-APR-026,PHILEMON,358
182301,"CHIGO FRIDGE DD COMBI 128L REFCRB15C8",3799,1,2,-1,-3799,25-APR-026,NYARKO,175
188197,"LIME PACK APL",13.99,2,2,0,0,25-APR-026,JIMOH,134
36939,"JACK DANIELS TENNESSEE FIRE 70CL 6",469.99,2,2,0,0,25-APR-026,EMMANUEL,129
90070,"YOGA MAT 173X61CM",119,4,4,0,0,25-APR-026,CHARLES,463
57039,"GREENWORLD MOSQUITO COIL NONSMOKE   60",11.99,71,71,0,0,26-APR-026,"ADIATOR MOSES ",9
98592,"EVERYDAY PIG FEET NKWANDE 800G 20",47.99,7,26,-19,-911.81,26-APR-026,NYARKO,182
101971,"BOWL SET 3PCS CLICKNSEAL 59653",59,10,10,0,0,25-APR-026,NIBOI,317
121946,"3PCS BEDSPREAD SET PR KG 220X240CM ASRTD",279,16,16,0,0,25-APR-026,GIFTY,489
121629,"BLUE DIAMOND ALMOND BREEZE CHOCOLATE SWEETE 1L 6",85.99,7,7,0,0,25-APR-026,JIMOH,1
148451,"FLOWER POT 2PCS",99,5,5,0,0,25-APR-026,HAYFORD,459
142120,"GREENWORLD AIRFRESHENER LAVCHAM 400ML   48",36.99,26,26,0,0,25-APR-026,ABASS,2
155264,"ROSALINDA SWEET CORN 12340G  12",19.49,20,20,0,0,26-APR-026,GIDEON,71
164619,"CORNER SHELF 2TIER METAL ORSA 910",109,2,2,0,0,25-APR-026,VICTORIA,438
174374,"ULTRA COMPACT NAIL POLISH REMOVER APPLE 125ML  48",19.99,26,26,0,0,26-APR-026,MABEL,36
167509,"XMAS TREE 12M 350T",499,3,3,0,0,25-APR-026,DANIEL,XMAS
180221,"KLEANZ HAND SOAP STRAWBERRY ANTIBACTERIAL 500ML 4",22.99,12,30,-18,-413.82,25-APR-026,TITUS,21
187050,"SPORTS BOTTLE 850ML PLASTIC YY279 YWU",59,4,4,0,0,26-APR-026,GILBERT,312
183362,"WESTINGHOUSE WATER DISPENSER WFRIDGE WKWDB105",2239,1,1,0,0,26-APR-026,AKAYIRI,207
183421,"PHILIPS LED TRACK LIGHT TRACK WHITE 2M 91140189128",299,1,3,-2,-598,25-APR-026,KWAFO,167
192972,"CHOPPING BOARD PLASTIC ZHN RR9025",49.9,27,27,0,0,25-APR-026,"PAUL OWUSU",354
200348,"BALENCIA SLICED MUSHROOM CAN 425G 24",17.99,18,25,-7,-125.93,25-APR-026,GLADYS,71
202762,"PROFA EKWEGBEMI MAIZE GRITS 500G  30",17.99,44,42,2,35.98,26-APR-026,SOLOMON,78
84715,"BALLOON STICK SET 12PCS",7.9,24,40,-16,-126.4,25-APR-026,HADASSAH,269
63930,"LELE TUNA FLAKES IN SOYA BEAN OIL 80G 48",9.99,25,30,-5,-49.95,26-APR-026,"EMMANUEL MENSAH",124
X390,"CAMEL STANDARD  ORIGINAL LIQUID 500ML 24",56.99,34,22,12,683.88,26-APR-026,QUEENCILLA,42
92386,"DARLING LEMON FLAVOR ALCOHOLIC DRINK 330ML  12",6.29,3,3,0,0,25-APR-026,EMMANUEL,135
102950,"FRES LIQUID SOAP ALOEVERA 350ML  24",17.99,4,27,-23,-413.77,26-APR-026,QUEENCILLA,42
107854,"AMERICAN GOURMET THOUSAND ISLAND DRESSING 237ML 12",39.99,5,5,0,0,25-APR-026,GLADYS,72
108371,"AL WAZEER OLIVE OIL 750ML  6",192.99,6,6,0,0,26-APR-026,"NANA ADJEI",48
119336,"KERRYGOLD WHITE CHEDDAR 200G  12",59.99,30,31,-1,-59.99,26-APR-026,EMMANUEL,136
128384,"MERRY GO ROUND TOY BABY 555",49,1,1,0,0,25-APR-026,HADASSAH,267
131658,"ROLLING PIN A606",4.9,22,34,-12,-58.8,25-APR-026,"ALHASAN RANDY",383
148494,"ARTIFICIAL FLOWER W5BRANCH 30CM MIX COLOR",18.9,3,1,2,37.8,26-APR-026,ESINAM,462
156568,"SPORTS BOTTLE 1000ML PLASTIC YWU",59,3,3,0,0,26-APR-026,GILBERT,311
150416,"CURTAIN W8 GROMENT COFFEE 54X90 BLK5",109,1,1,0,0,25-APR-026,ESINAM,483
151026,"PAMPER ROYAL FISH BISC SALMON 250GMS12",54.99,6,6,0,0,25-APR-026,ABASS,1
164282,"MCBERRY KREAMBIS COOKIES WITH CHOCOLATE 42G 144",2.49,120,1,119,296.31,25-APR-026,EMMANUEL,127
160868,"SERVING BOWL WLID MELAMINE 10 INCHES FEILU 79010",26.9,16,42,-26,-699.4,25-APR-026,REGINA,388
172946,"ARIEL HIGH STUD LAVENDER 500G  24",39.99,2,30,-28,-1119.72,25-APR-026,AKAYIRI,203
175346,"MENTOS CHEWY DRAGEES GRAPE FLAV 8DB24RL14PCS 192",10.49,179,183,-4,-41.96,25-APR-026,ABIGAIL,155
168082,"FILLED CUSHION P EMBD 30X50CMCIRCLE DC252",119,1,16,-15,-1785,25-APR-026,SHADRACK,519
180302,"CHAMPAGNE GLASS 3PCS  5479CL3F1000308 11007345",69,13,14,-1,-69,25-APR-026,"STEPHEN ACQUAH",420
179988,"CURTAIN YD PL GROMT BLUE 54X90 24EHM004",169,10,10,0,0,25-APR-026,GLADYS,502
182228,"NASCO FRIDGE DD 280L NASF228FL",4789,1,1,0,0,25-APR-026,"JOSEPH PATRICK",205
184373,"NERO EXOTICA DRINK 350ML  12",6.19,52,48,4,24.76,25-APR-026,JIMOH,1
183596,"CERAMIC PASTA PLATE 10 25FDL004 RJK",19.9,20,22,-2,-39.8,26-APR-026,BLESSING,408
198907,"CUTLERY TRAY CN250717C",99,7,9,-2,-198,25-APR-026,OTHNIEL,339
200226,"HH CANNED MUSHROOM PIECES 400G  12",18.99,10,29,-19,-360.81,25-APR-026,GLADYS,71
90559,"BLACK AND WHITE WHISKY 750ML  12",199.99,1,1,0,0,25-APR-026,MAHAMA,117
96431,"NIDO ESSENTIA NUTRIPAK 14G 10PCS X 26",24.99,52,72,-20,-499.8,26-APR-026,"DAVID BRUNO",80
127682,"BEDSHEET SET DOUBLE STRIPE 3P 90X100BS1306",59,3,3,0,0,25-APR-026,SHADRACK,520
121667,"OFFICE DESK NOGAL TREND 51015",1049,1,1,0,0,26-APR-026,FRANCIS,521
138363,"DALGETY STRONG TURMERIC  GINGER 40G 36",51.99,28,36,-8,-415.92,25-APR-026,AKORFA,58
146641,"ELTRUT POTATO SAMOSA 8PCS  380G 1",50.99,3,19,-16,-815.84,25-APR-026,EVELYN,140
144972,"DZIRE HIFI SPEAKER 15D 150W RECH HIFI15DRA1502K",3499,1,1,0,0,25-APR-026,JUSTICE,184
157576,"RECEPTION DESK 180X60X105CM BIF220218M",2890,1,1,0,0,26-APR-026,SHADRACK,521
171190,"LUXURYS REED DIFFUSER MIXED BERRIES 120ML   12",95.99,8,24,-16,-1535.84,25-APR-026,HAYFORD,457
174128,"SOFT TOYS TEDDY BEAR 80CM ASSORTED COLOR VT",549,1,2,-1,-549,26-APR-026,MARIAM,293
168225,"BEDSHEET SET KG MICRO PEACH 3PC 90GSM 03BT0940PK",99,16,24,-8,-792,26-APR-026,GAD,474
168525,"MIRROR2COLOR MIX 3PCS SET 5020",99,1,4,-3,-297,25-APR-026,GAD,472
179954,"FILLED CUSHION LN 45X45CM WHITE EHAMKCUSHION143",99,1,10,-9,-891,26-APR-026,FRANCIS,521
178694,"CURTAIN EMBO GROMT COFFE 52X90 02PA7150F",99,6,6,0,0,25-APR-026,GILBERT,500
178067,"BATHROOM SET 4PCS BLACKWHITEGRAY YWU",149,6,7,-1,-149,26-APR-026,VINOLIA,442
186710,"LUNCH BOX SET 4PCS W3COMPARTMENT PLAST RJK 80114",69,18,18,0,0,25-APR-026,"MICHAEL BOYE",304
184487,"LAUNDRY BASKET WLID PLASTIC HL0061CC",34.9,3,3,0,0,25-APR-026,HAYFORD,456
192915,"GS HUNGRY CLASSIC VANILLA BREAD 350GMS 1",39.99,11,11,0,0,25-APR-026,EMMANUEL,129
194968,"LADLE SOUP SPOON SILICONE ZHN HR22PC13DS",9.9,25,32,-7,-69.3,25-APR-026,PATIENCE,348
190736,"BURGLARY SAFE 250X350X250MM 20ET2040",699,1,1,0,0,25-APR-026,WOMDERT,252
191734,"SAMSUNG GALAXY MOBILE A07 4GB 64GB",1559,1,2,-1,-1559,25-APR-026,NYARKO,177
188876,"BATHMAT 50X80CM BM279 GREEN CP",59,2,3,-1,-59,26-APR-026,VINOLIA,444
98539,"GETTOL ANTISEPTIC LEMON 250ML  24",17.99,11,11,0,0,26-APR-026,QUEENCILLA,42
104642,"MAGNIFIC BONNY ASETAT YELLOWGOLD 288GM 12",79.99,11,11,0,0,25-APR-026,DORIS,98
113669,"DINNER PLATE MELAMINE 10 INCHES FEILU 4979",14.9,29,31,-2,-29.8,25-APR-026,REGINA,389
128600,"BATHTIME TOY SET MT5365030201498",44.9,7,7,0,0,25-APR-026,HADASSAH,267
15885,"BINE DISINFECTANT 1L 12",29.99,17,17,0,0,26-APR-026,"ADIATOR MOSES ",8
162389,"X NATURAL MINERAL WATER 750ML 15",2.39,45,374,-329,-786.31,26-APR-026,EZEKIEL,150
162747,"CASSEROLE 3PCS SET OPAL YGG3 G55001 LTREND",189,1,1,0,0,25-APR-026,RANDY,33
171367,"TOMATO PACK 500G TGO",34.99,5,5,0,0,25-APR-026,JIMOH,134
172642,"COFRUTOS SUGARFREE MANGO JUICE 1L  12",31.99,9,9,0,0,25-APR-026,KWAFO,103
169006,"TWO KEYS HONEY WHISKY 1L 12",109.99,6,6,0,0,25-APR-026,MAHAMA,118
184093,"DEEP PAN 26CM FALU ZHNBLY 852826",249,1,12,-11,-2739,25-APR-026,QUEENCILLA,376
189604,"TOREN MRBITE WHOMP CRI WAFER W MILK CREAM 22G 144",6.49,66,67,-1,-6.49,25-APR-026,ATITOGO,160
204558,"MARILAN BISC AGUA E SAL 140G  40",8.29,28,28,0,0,26-APR-026,"KINGSLEY OP",94
73657,"NASCO CHEST FREEZER SD 200L NAS210",3349,1,2,-1,-3349,25-APR-026,JUSTICE,188
49422,"JAGERMEISTER BITTERS 1L  6",414.99,11,11,0,0,25-APR-026,MAHAMA,115
108890,"MARILAN MAGIC TOAST MULTICREALS CRISPBREAD 110G 24",15.99,17,17,0,0,26-APR-026,"KINGSLEY OP",94
126097,"HAPPY FULL CUBIES 70G  48",9.99,34,33,1,9.99,26-APR-026,"ABIGAIL YEVUGAH",158
130796,"TOREN MB MILK CHOCOCOAT WAF COCONUT CREAM 38G 144",6.29,24,121,-97,-610.13,25-APR-026,"ABIGAIL YEVUGAH",157
145118,"DUSTBIN FALA BRN SWING 30L 35X29X 54CM PP60806",129,1,1,0,0,25-APR-026,HAYFORD,454
189347,"CANTINA MEXICANA 6 XTRA LARGE TORTILLA 360G 12",42.99,21,21,0,0,25-APR-026,EMMANUEL,130
198582,"SERVING TRAY 40X28X5CM PLASTIC YWU",149,22,22,0,0,25-APR-026,NIBOI,314
198739,"SALT  PEPPER CRUET GLASS YWU",12.9,8,12,-4,-51.6,26-APR-026,SYLVIA,426
198798,"DINNER FORK 6PCS SET DESIGNER SSTEEL 35G YWU",59,21,6,15,885,25-APR-026,OWUSU,370
195674,"ROMAR LAUNDRY DETERGENT FLOWER SENSATION 2L 4",88.99,4,4,0,0,26-APR-026,ALVIN,16
41609,"CDI ABSORBENT COTTON WOOL 500GMS 25",70.99,10,21,-11,-780.89,26-APR-026,"BENEDICT ABBEY",39
41609,"CDI ABSORBENT COTTON WOOL 500GMS 25",70.99,11,21,-10,-709.9,26-APR-026,TITUS,21
63990,"NIVEA MEN BODY LOTION MAXIMUM HYDRATION 400ML  12",127.99,12,14,-2,-255.98,25-APR-026,"BENEDICT ABBEY",37
X602,"KRIS HANDBODY LOTION CASUAL GREEN 100ML 72",6.49,44,67,-23,-149.27,26-APR-026,MABEL,36
D476,"BARON DE SENAC ROSE WINE 750ML 6",81.99,7,7,0,0,25-APR-026,APPIAH,113
96821,"DOVE MEN ROLL ON COOL FRESH 50ML 6",23.99,12,27,-15,-359.85,26-APR-026,ELLA,36
100846,"NOTE BOOK WBALL PEN 4DESIGN MIX",19.99,9,10,-1,-19.99,26-APR-026,"JERUSHA ",288
102946,"FRES SOAP  ROSE 175G   48",11.49,41,41,0,0,25-APR-026,"ANANE KOJO",20
109328,"ROMAR AUTOM AIRFRESH REFILL TALC 250ML  6",46.99,1,4,-3,-140.97,26-APR-026,RICHMOND,5
116633,"SAIDA FRAISE STRAWBERRY WAFER  65G   28",5.99,17,17,0,0,25-APR-026,"EDDIE MENSAH",108
128896,"STAMP PAD REFILL 271695124083124090ELP",3.9,28,25,3,11.7,26-APR-026,GILBERT,294
146730,"BRUHM GAS COOKER 4B 50X50 BLACK BGC 5540IB",1799,1,1,0,0,25-APR-026,AKAYIRI,205
156807,"FILLED CUSHION PR 45X45CM ASTD",55,8,17,-9,-495,25-APR-026,"GIDEON GBLOGAH",507
155259,"YOMI STRAWBERRY YOGHURT  CEREALS 250ML 12",15.99,6,-4,10,159.9,25-APR-026,EMMANUEL,133
158102,"BASKET PERFORATED 12L 35X26X13CM PP64000",29.9,15,15,0,0,25-APR-026,OTHNIEL,341
158740,"CARPET 140X200CM BROWNBLUE HAVANA B14X20M",899,1,2,-1,-899,26-APR-026,GAD,474
169524,"TOREN  WAFERS BLACK  WHITE CREAM  OREO  55G 144",6.29,74,101,-27,-169.83,25-APR-026,"EDDIE MENSAH",108
177918,"FRESH POPS CHOCO 35G  15",8.29,10,15,-5,-41.45,25-APR-026,"FELIX BOADU",153
187006,"MUG 3PCS SET 360ML CERAMIC SOLID COLOR YWU",59,10,22,-12,-708,25-APR-026,"STEPHEN ACQUAH",424
198508,"BEVERAGE DISPENSER GLASS 10L WITH BAMBOO STAND",399,2,6,-4,-1596,26-APR-026,SOMUAH,416
198164,"WATER BOTTLE 1000ML PLASTIC YY158 YWU",79,1,1,0,0,26-APR-026,GILBERT,312
44387,"AKAI GAS STOVE 2B GC018A8201",349,1,2,-1,-349,25-APR-026,AKAYIRI,205
24852,"MYSTIC ORCHARD AUTO REFILL  JASMINE  12",38.99,8,9,-1,-38.99,26-APR-026,ABASS,3
84807,"ZWAN 8 CHICKEN HOTDOGS IN BOTTLE  320G  12",83.99,5,5,0,0,26-APR-026,"EMMANUEL MENSAH",124
64390,"TIC TAC  STRAWBERRY MIX 102GM 60",6.99,5,19,-14,-97.86,26-APR-026,ATITOGO,160
68335,"PANGASIUS WHITE FISH FILLET 1KG 10",72.99,19,19,0,0,26-APR-026,NYARKO,182
73149,"GINO TOMATO MIX SACHET 60G  50",3.29,88,138,-50,-164.5,26-APR-026,CHRIS,60
04114,"SPARLETTA SODA 350ML 12",5.69,7,100,-93,-529.17,25-APR-026,EMMANUEL,135
101386,"TASTY TOM JELLOF MIX 60G  50",3.79,11,91,-80,-303.2,26-APR-026,CHRIS,61
126209,"AIRPRO  AIRFRESHENER GEL  LAVENDER 128G  24",24.49,31,31,0,0,26-APR-026,ABIGAIL,5
122311,"DON SIMON PINE COCO JUICE DRINK 500ML 12",24.49,3,4,-1,-24.49,25-APR-026,DORIS,102
136920,"GALAXY SPARKLING WINE WHITE GRAPE DRINK 750ML 12",46.49,14,14,0,0,25-APR-026,"EDDIE MENSAH",106
131581,"ZENO GREEK STYLE YOGHURT UNSWEETENED 160ML 1",19.49,2,-2,4,77.96,25-APR-026,EMMANUEL,133
139702,"MCBERRY PURE DELIGHT MARBLE CAKE SLICES 27G 144",2.89,120,126,-6,-17.34,25-APR-026,EMMANUEL,127
156569,"WATER BOTTLE 650ML PLASTIC YWU",69,10,10,0,0,26-APR-026,GILBERT,311
158495,"X NATURAL MINERAL WATER 500ML 16",2.09,16,85,-69,-144.21,25-APR-026,EZEKIEL,149
171515,"DR TEALS BODY WASH DETOX  710ML  4",119.99,3,3,0,0,25-APR-026,"ANANE KOJO",22
173683,"SOFA BED 3SEATER BLUE MLM504750",4990,2,1,1,4990,25-APR-026,"GERALD SACK ",478
169243,"BROOM WSTICK NAPOLI GBB24",34.9,8,17,-9,-314.1,25-APR-026,WISE,451
168622,"NASCO WASHING MACHINE FL 6KG NASFLJ6KGS",4499,1,1,0,0,25-APR-026,AKAYIRI,203
179255,"ENVELOPE DL GIFTING 4PCS ENVELOPE 22X11CM ASST COL",10.99,2,2,0,0,26-APR-026,MARIAM,295
188624,"TAMASHI GAS COOKER 4B 50X50 DARK GREY NG5540G",1699,1,1,0,0,25-APR-026,AKAYIRI,202
184773,"FRYING PAN 24CM FALU 3184",179,2,2,0,0,25-APR-026,PHILEMON,360
183511,"ICE CHEST 4PCS SET ESKIMO 35L11L4L1L TPX6009L",599,1,1,0,0,25-APR-026,"MORGAN ",325
185189,"AKAI STANDING FAN 16 EF124A1639S",445,2,3,-1,-445,25-APR-026,JUSTICE,188
194933,"LADLE SLOTTED SPOON SILICONE ZHN HR53",9.9,27,45,-18,-178.2,25-APR-026,PATIENCE,347
190555,"NOTICE BOARD 90X120 A12FLDB9012060",849,1,2,-1,-849,25-APR-026,"GEORGE PUPLAMPU",467
190638,"POOL SEAT",79,5,5,0,0,25-APR-026,CHARLES,465
198764,"DINNER PLATE 14INCHES RECT CERAMIC GGK YWU",79,1,24,-23,-1817,25-APR-026,SOMUAH,412
198801,"TEA SPOON 6PCS SET DESIGNER SSTEEL  15G",49.9,21,21,0,0,25-APR-026,OWUSU,370
201908,"IMPULSE SEALER FS400 40CM",299,1,10,-9,-2691,25-APR-026,WOMDERT,252
197592,"PLATINUM CUBE SUGAR 500G 24",17.99,68,71,-3,-53.97,25-APR-026,"EMMANUEL MENSAH",123
89856,"SHINE DISPO CUP 500CC DELUXE  16S X 50PCS  20",28.99,23,19,4,115.96,25-APR-026,"ARTHUR JONADAB",25
78054,"10   MATTRESS KING SIZE HD IMP 180X200CM SL1622K",5790,1,1,0,0,25-APR-026,FRANCIS,529
73551,"MAGIC MOMENT VODKA RASPBERRY 1LTR 12",84.99,10,9,1,84.99,25-APR-026,MAHAMA,117
CL607,"BUCKET WITH LID 10LTR 28CMX28CM",24.9,8,8,0,0,25-APR-026,"MORGAN ONGOH",320
95858,"ARTIFICIAL TREE 12M 3 BUNCH",949,1,1,0,0,26-APR-026,HAYFORD,461
119267,"DOMS PENCIL SET 12PCS FUSION XTRA SUPER DARK 7675",28.9,8,8,0,0,25-APR-026,ABIGAIL,155
116622,"SAIDA MAJOR FRAISE STRAWBERRY BISCUIT 160G  20",11.99,26,26,0,0,26-APR-026,DERRICK,96
122914,"SERVING TRAY MELAMINE 21 INCHES FEILU 25521",59,11,11,0,0,25-APR-026,ROBIN,392
132387,"GIFT WRAP PAPER GOLDRED 70X100CM LXX3161",16.99,17,17,0,0,25-APR-026,CHARLES,463
148831,"CAKE BOARD SQUARE 2MM THICKNESS 30CM YWU",59,11,10,1,59,25-APR-026,DANIEL,KITCHEN
144045,"MAXIM HAIR GAIN OIL 110ML  40",37.99,27,49,-22,-835.78,26-APR-026,"BENEDICT ABBEY",38
149870,"MONIN SIROP COCONUT 700ML 6",132.99,2,2,0,0,25-APR-026,"EDDIE MENSAH",106
165578,"BEDSHEET SET 4PC 235X250CM 145GSM COZYQBEDDING4",279,8,16,-8,-2232,25-APR-026,FRANCIS,523
161820,"MIRROR 53X60CM",349,6,7,-1,-349,25-APR-026,GAD,472
160223,"ULTRA COMPACT MEN BODY MIST DYNAMIC 100ML 48",25.99,8,11,-3,-77.97,26-APR-026,ELLA,35
171654,"DEATH OF A SALESMAN",79,8,8,0,0,26-APR-026,JERUSHA,284
174264,"BRISKFARM TOMATO MIX 1KG  12",25.99,10,5,5,129.95,26-APR-026,CHRIS,60
168917,"BABY WALKER WMUSICLIGHT 6067039",499,1,5,-4,-1996,25-APR-026,HADASSAH,266
168435,"ARTIFICIAL FLOWER 5 COLOR MIX 50CM",11.9,14,14,0,0,26-APR-026,ESINAM,462
188269,"KIDS VACUUM CLEANER PLAYSET HANDHELD I1808244",249,2,1,1,249,25-APR-026,HANNAH,276
184049,"SALSALITO MEXIKANA W WHEAT WROAP TOETILLA 348G 20",60.99,12,14,-2,-121.98,25-APR-026,EMMANUEL,130
193449,"SOLO ID CARD HOLDER  LANYARD PORTRAIT IDCP1",9.99,6,12,-6,-59.94,26-APR-026,GILBERT,294
200703,"COOKING TOOLS 7PCS SET NYLON ZHN 701",129,5,8,-3,-387,25-APR-026,PHILEMON,357
196184,"SENSATION DRIED COCONUT FLAKES 100G  24",14.49,8,8,0,0,26-APR-026,MAHAMA,120
197092,"MCBERRY LETTER MIX 19G 100",1.99,3,54,-51,-101.49,25-APR-026,"KINGSLEY OP",91
99662,"STYLE UP ROLL ON SENSITIVE 50ML  6",9.99,18,53,-35,-349.65,26-APR-026,"PAUL OWUSU",38
08277,"NESCAFE COFFEE GOLD BLEND 190G  6",234.99,5,5,0,0,25-APR-026,AKORFA,59
100993,"CURTAIN POLYESTER 52X84  WHANGER  FRBB6421",129,12,13,-1,-129,25-APR-026,GLADYS,501
110144,"BLUE BAND SPREAD FOR  BREAD 12G 10 X 25",9.49,15,16,-1,-9.49,26-APR-026,"PAUL OWUSU",64
111400,"ENGLISH WORK AND ACTIVITY BOOK W4TITLE ED793",39.9,4,4,0,0,25-APR-026,"JERUSHA ",284
130951,"CURTAIN JACQ TUFT FLORA LTGREY 02PA6536B",79,1,1,0,0,25-APR-026,GLADYS,502
147436,"TOMATO PACK APL",39.99,3,3,0,0,25-APR-026,JIMOH,134
145125,"DUSTBIN QUATRO BLKSLR SWING 28L 36X29X49CM PP65804",139,2,2,0,0,25-APR-026,WISE,452
155621,"SERVING BOWL WLID MELAMINE 9 INCHES FEILU 1059",27.99,44,44,0,0,25-APR-026,REGINA,389
166384,"COLANDER WSIDE HANDLES 315CM SSTEEL XY2315",44.9,19,79,-60,-2694,25-APR-026,"PAUL OWUSU ",350
163847,"ICE CHEST 3PCS SET PLASTIC PRINCE 3478C1",1299,1,1,0,0,25-APR-026,"MORGAN ",325
180291,"BEER MUG 2PCS SET DAKOTA 0210CLF1000212 10025246",69,2,12,-10,-690,25-APR-026,SOMUAH,415
181971,"JUG 1500ML MYQ9319",42.9,14,11,3,128.7,25-APR-026,"MICHAEL DADZIE",309
177777,"AKAI STANDING FAN 18RECHARGEABLE LIT EF122A1813R",949,1,1,0,0,25-APR-026,AKAYIRI,207
179022,"POMPOM ASSTD ANIMAL SILICON TOY WLIGHT OPP YW",44.99,21,18,3,134.97,25-APR-026,HANNAH,274
176377,"VINETIS STEM F4 400ML FRC V7579",249,1,4,-3,-747,26-APR-026,SOMUAH,414
185435,"BATHMAT PUFF MF 50X80CM BELLE NAVY 01MA0616C",79,6,4,2,158,26-APR-026,VINOLIA,445
186713,"COOKWARE SET 6PCS SSTEEL HROLAND HR1692",699,2,3,-1,-699,25-APR-026,OWUSU,374
185317,"BATHMAT PINK 50X80CM MP 1600GSM TR2670Y",109,15,15,0,0,26-APR-026,VINOLIA,445
188870,"BATHMAT 50X80CM BM278 BEIGE CP",59,8,8,0,0,25-APR-026,"SAMUEL ADDO",400
40566,"CADELMONTE POMACE OLIVE OIL IN  5LT 2",599.99,1,1,0,0,26-APR-026,"NANA ADJEI",48
29084,"PRIVATE EXRATHIN NORMAL 10PAD   18",14.49,23,23,0,0,26-APR-026,DANIEL,51
204383,"MCPHILIX PLANTAIN CHIPS UNRIPENED 500G  6",99.99,1,1,0,0,26-APR-026,MAHAMA,119
58151,"TOP CHOCO PURE COCOA POWDER 400G  6",99.99,14,14,0,0,26-APR-026,SOLOMON,78
62703,"FRISCHLI SKIMMED UHT MILK 01 1L 12",34.99,36,61,-25,-874.75,25-APR-026,EZEKIEL,148
72799,"ENA PA LIGHT MEAT TUNA IN SOYA OIL FLAKES 160G  24",15.99,27,34,-7,-111.93,26-APR-026,APPIAH,126
CL755,"CONDIMENT PET JAR SQUARE 3PCS SET 500ML",14.9,8,8,0,0,25-APR-026,"NANA ADJEI ",328
107275,"HAPPYFLAKES WHITE OATS BOX 500G  12",24.99,23,55,-32,-799.68,25-APR-026,SOLOMON,77
118574,"ZOFLORA DISINFECTANT 500ML  12",155.99,4,4,0,0,25-APR-026,"ADIATOR MOSES ",8
115504,"COOKWARE 10PCS SET ZH10PCS",699,2,3,-1,-699,25-APR-026,"NANA ADJEI",355
116651,"PRINCE VANILLE 60G  35",5.99,48,48,0,0,26-APR-026,DERRICK,96
121950,"BLANKET POPCORN 200X220CM ASTD",229,-3,2,-5,-1145,26-APR-026,ESINAM,487
134097,"PRIVATE MAXI SUPER ECO 18X16",31.99,6,6,0,0,26-APR-026,"BOADI STEPHEN",51
137596,"BATH BRUSH PLASTIC 12X65X55CM MYQ91798",9.9,11,11,0,0,25-APR-026,VINOLIA,440
146100,"GRINDER SSPD 181002001",14.9,3,3,0,0,25-APR-026,"NANA ADJEI",355
148546,"VASE BLACK",65,3,15,-12,-780,25-APR-026,ESINAM,461
145591,"JP CHENET DIVINE BLACK SPARKLING  WINE 750ML 6",194.99,7,7,0,0,25-APR-026,APPIAH,113
153685,"ECOLINK LED SPOTLIGHT GU10 50W 6500K 929003038721",26,9,8,1,26,25-APR-026,KWAFO,170
153253,"FREE AFRIKA VANILLA LIQUOR 900ML 12",145.99,11,11,0,0,25-APR-026,MAHAMA,116
160297,"PYREX ROASTER OVAL GLASS 42L 347B0008044",129,2,2,0,0,26-APR-026,SYLVIA,428
178127,"CUTLERY TRAY W4PARTITION 21X33X4CM BAMBOO  YWU",79,5,5,0,0,25-APR-026,ROBIN,392
184361,"SOUP STRAINER WHANDLE 16CM SS 60910238 57013",14.9,22,22,0,0,25-APR-026,"PAUL OWUSU",352
194951,"LADLE SPATULA SILICONE ZHN ZC1A",6.9,21,20,1,6.9,25-APR-026,PATIENCE,348
188858,"BATHMAT 50X80CM BM244 ROYAL BLUE CP",59,19,6,13,767,25-APR-026,"SAMUEL ADDO",401
191066,"OSSUM DEO ROLL ON DESIRE 50ML 48",20.99,29,35,-6,-125.94,26-APR-026,ELLA,35
195693,"STORAGE CONTAINER RND 3PCS SET  HL7044CT",19.9,16,16,0,0,25-APR-026,NASHIBA,333
75626,"WHYTEHALL HONEY WHISKY  1L  12",117.99,8,8,0,0,25-APR-026,MAHAMA,118
03616,"BOUNTY PAPER TOWEL 2PLY SHEETS   12",70.99,4,4,0,0,26-APR-026,"ANANE KOJO",23
100969,"CURTAIN POLYESTER 52X84  WHANGER DRTH194",129,10,10,0,0,25-APR-026,GLADYS,501
102508,"MOMEASY ORTHODONTIC PACIFIER MEDIUM FLOW WCLIP",31.9,15,1,14,446.6,26-APR-026,AKAYIRI,267
108456,"BLUE SKIES SALTED CARAMEL  ICE CREAM 125ML 1",16.99,1,11,-10,-169.9,26-APR-026,EMMANUEL,135
125477,"ROBE HOOK ZINC ALLOY DOUBLE 395X23X395CM 7535 RJK",9.9,17,17,0,0,25-APR-026,VINOLIA,439
121319,"VARTA BATTERY SUPERLIFE AA BLISTER 4",42,12,12,0,0,25-APR-026,NTUMY,161
139682,"MCBERRY ALPHA CRACKER BISCUIT 47G  48",2.49,39,101,-62,-154.38,25-APR-026,DERRICK,96
153225,"BINATONE WALL FAN 18 120W WF1802",949,1,2,-1,-949,25-APR-026,AKAYIRI,207
153336,"EXERCISSE BOOK NOTE 1 BOND 40L WMELCOM COVER",4.9,28,26,2,9.8,26-APR-026,"JERUSHA ",288
149731,"CHEESE PLANER BLACK ILC ICC777KA0038 RK",9.9,8,32,-24,-237.6,25-APR-026,"NANA KOJO",365
161845,HUMIDIFIER,179,3,3,0,0,25-APR-026,KWAFO,173
171277,"OFFICE CHAIR HIGH BACK MESH BLACKGRAY HT326A",1349,1,2,-1,-1349,26-APR-026,FRANCIS,521
171575,"THE GIVER FILM TIE IN",69,8,8,0,0,26-APR-026,JERUSHA,284
169389,"MOGU MOGU MELON DRINK 320ML 24",29.99,72,60,12,359.88,26-APR-026,PATIENCE,84
168565,"MCBERRY MAXI CHOCO COOKIE BAR 17G  72",1.29,107,116,-9,-11.61,25-APR-026,"ABIGAIL YEVUGAH",157
195084,"KAMILA TRUFFLES ASSORTED PINK 750G  8",94.99,10,15,-5,-474.95,25-APR-026,ATITOGO,159
189505,"SPARLETTA QUININE TONIC WATER GLASBOTTLE  250ML 24",10.99,15,15,0,0,25-APR-026,DELIGHT,85
196675,"CERES MEDLRY 500ML 10",23.99,7,6,1,23.99,25-APR-026,KWAFO,100
89309,"KIDS WRITING BOARD 25185CM   9812",19.9,19,18,1,19.9,25-APR-026,JUSTICE,270
77041,"CHILDREN STORY BOOKS ASSRTED EB 00011",24.9,13,30,-17,-423.3,26-APR-026,HERBERT,282
72476,"STEMWARE 6PCS SET WINDSOR 78280200760552",79,2,2,0,0,25-APR-026,"STEPHEN ACQUAH",420
100977,"CURTAIN POLYESTER 54X84  WHANGER DRTH182",229,1,1,0,0,25-APR-026,GLADYS,502
101961,"CONTAINER RECTANGULAR SET OF 6PCS PLASTIC 58066",69,6,6,0,0,25-APR-026,NASHIBA,332
102269,"TASTY TOM JELLOF MIX SACHT 210G  24",11.99,32,53,-21,-251.79,26-APR-026,CHRIS,60
107241,"BAUDUCCO WHOLE WHEAT TOAST 142G  36",14.99,19,26,-7,-104.93,25-APR-026,"EDDIE MENSAH",108
109703,"UNCLE T RED WINE 750ML 6",142.99,5,5,0,0,25-APR-026,APPIAH,111
123674,"BATHMAT COTTON PRINTED 40X60CM MYQ91757",24.9,33,23,10,249,26-APR-026,"STEPHEN ACQUAH",424
139161,"KIRKLAND ORGANIC DICED TOMATO 411G 8",41.99,1,1,0,0,26-APR-026,GIFTY,63
137567,"MR BOSTON AMARETTO 1L 12",184.99,12,12,0,0,25-APR-026,MAHAMA,118
130072,"GLASS MARKER GOLDPINK HEN PARTY ROSE 8P 9909894",29.9,15,14,1,29.9,25-APR-026,HADASSAH,267
155984,"PEPSODENT KIDS TPASTE STRAWBERRY 45GMS 120",9.99,42,117,-75,-749.25,25-APR-026,"BOADI STEPHEN",54
151523,"GALAXY  CONCEPT MIST ETERNAL 250ML 12",47.99,8,9,-1,-47.99,26-APR-026,ELLA,35
160235,"AIRPUREFRESH TRIGGER SPRAY TRUE ROMANCE 250ML 24",34.99,16,36,-20,-699.8,26-APR-026,ABASS,3
168122,"FILLED CUSHION P EMBD 45X45CMGEOMETRY5 DC257",139,1,12,-11,-1529,25-APR-026,GLADYS,505
180462,"SAMSUNG LED TV 65 4K SMART UHD UA65DU7010UXGH",16799,1,1,0,0,25-APR-026,LESTER,250
179252,"ENVELOPE A4 50PCS 229X324CM 80GSM WHITE COL YW",59,8,8,0,0,26-APR-026,"MICHAEL DADZIE",295
185363,"OFFICE DESK 1200X600X750MM CARGRY ST051206 RIGHT",1390,1,1,0,0,25-APR-026,FRANCIS,527
195109,"KAMILA CHOCOLATE TRUFFLE CRISPY 500G 8",72.99,8,14,-6,-437.94,25-APR-026,ATITOGO,160
30927,"EASY MOUZOO COCKTAIL TETRAPACK JUICE 200ML 27",5.49,80,103,-23,-126.27,26-APR-026,"PAUL OWUSU",84
202846,"SERVING POT 2L CRYSTAL BW2200LJ",59,8,8,0,0,26-APR-026,GLADYS,430
205674,"FRUTAS TREASURE RED GRAPE SPARKLING JUICE 750ML 6",105.99,9,9,0,0,25-APR-026,"EDDIE MENSAH",107
57746,"FANTA ORANGE PET 1L  4",15.99,12,41,-29,-463.71,26-APR-026,TITUS,21
100970,"CURTAIN POLYESTER 52X84 STOCK JACQUARD LEAF",159,6,7,-1,-159,26-APR-026,"GERALD SACK ",478
112461,"CONTAINER TALL PLASTIC 5677",22.9,2,4,-2,-45.8,25-APR-026,"NANA ADJEI",326
124736,"MY BIG BOARD BOOK SERIES 6TITLES W8PAGES 36YRS",13.9,30,27,3,41.7,25-APR-026,"JERUSHA ",284
14555,"EMBORG GARDEN PEAS 900G 12",98.99,3,1,2,197.98,26-APR-026,EVELYN,143
155622,"DINNER PLATE MELAMINE 10 INCHES FEILU 6710",14.9,34,41,-7,-104.3,26-APR-026,REGINA,391
149285,"LETTUCE PACK APL",19.99,2,2,0,0,25-APR-026,JIMOH,134
150598,"LINC PENTONIC MULTIPURPOSE GUMSTICK 12PC DISPENSER",7.9,11,10,1,7.9,26-APR-026,ATITOGO,160
152173,"FLAME MAN MKR197360",5,72,72,0,0,26-APR-026,HADASSAH,269
162536,"ABOVE DEO SPRAY NEYMAR JRTEENBOY 150ML   24",38.99,4,10,-6,-233.94,25-APR-026,ELLA,34
20129,"PRINGLES SOUR CREAM  ONION 165G  19",49.99,18,19,-1,-49.99,26-APR-026,NASHIBA,89
200735,"CHOPPING BOARD SET NYLON ZHN SK9769",44.9,24,24,0,0,25-APR-026,"PAUL OWUSU",354
36309,"MARTINI BIANCO WHITE 15 ALC VOL 1L 6",231.99,8,8,0,0,25-APR-026,MAHAMA,117
32411,"ZESTA LEMON TEA BAG 576G 12",23.99,9,9,0,0,25-APR-026,AKORFA,59
X736,"HEINZ BAKED BEANS 415G 24",24.99,32,85,-53,-1324.47,26-APR-026,GLADYS,71
N861,"CAMEL ZESTY LIME FRESH LIQUID 250ML 24",29.99,23,23,0,0,26-APR-026,QUEENCILLA,42
07715,"FANICE CUP VANILLA 140ML 12",7.49,18,21,-3,-22.47,25-APR-026,EMMANUEL,135
117307,"CHRISTMAS TREE 12M 300TIPS ELEGANT",119,1,1,0,0,25-APR-026,DANIEL,XMAS
112885,"SHINE PAPER CUPS 80Z 50PCS  20",28.99,2,29,-27,-782.73,26-APR-026,DORIS,24
126807,"JUVER DISFRUTA 10 FRUITS  10 VITAMINS 200ML 30",7.99,17,17,0,0,26-APR-026,KWAFO,83
122737,"UNIMAX TRIO DC BALLPEN RED 10MM FBTDCRD32",3.99,100,1,99,395.01,26-APR-026,MARIAM,295
139079,"PALMOLIVE LIQUID HAND SOAP ACQUARIUM 300ML  6",37.99,7,7,0,0,25-APR-026,BISMARCK,43
131043,"BREF WC BLOCK POWERACTIVE LEMON DUO 10",65.99,1,1,0,0,25-APR-026,ABASS,3
14712,"EASY MOUZOO MANGO  TETRAPACK JUICE 1L 12",23.99,1,24,-23,-551.77,25-APR-026,EMMANUEL,135
164666,"VARTA BATTERY RECHARGABLE AAA2",129,7,7,0,0,25-APR-026,NTUMY,161
158860,"BOOKCASE ALUMINUM DOOR 80X40X200CM BIF80682D",2290,1,1,0,0,26-APR-026,FRANCIS,526
172056,"BOOST ENERGY SOUR CHERRY 250ML 24",12.99,34,32,2,25.98,25-APR-026,DELIGHT,85
180212,"PRINCESS PREMIUM CARROT 400ML  4",26.99,7,7,0,0,25-APR-026,"BENEDICT ABBEY",37
187097,"WATER BOTTLE 800ML PLASTIC 2475 YWU",34.9,5,5,0,0,26-APR-026,GILBERT,311
183297,"AKAI SANDWICH MAKER 2SLICE 750W SM024A8011",209,1,7,-6,-1254,25-APR-026,"COLLINS HAMMOND",233
193428,"LITTLE MASTERMINDS BOOKS 22X28CM",47.99,3,3,0,0,26-APR-026,HERBERT,283
192849,"CURTAIN JQ BEIGE 54X90 PL 226",119,1,1,0,0,25-APR-026,GIFTY,492
200464,"COOKING POT WLID 28CM FALU ZHNBLY 811201T28",349,1,1,0,0,25-APR-026,QUEENCILLA,375
198916,"CUTLERY TRAY CN250717L",49.9,10,13,-3,-149.7,25-APR-026,OTHNIEL,338
24026,"VASELINE PJ BLUE SEAL ORIGINAL 100ML 12",24.99,22,9,13,324.87,26-APR-026,LESTER,50
86539,"SAMSUNG WASHING MACHINE TL 8KG WA80CG4240BWNQ",6989,1,1,0,0,25-APR-026,AKAYIRI,203
65877,"OTA MAGIC METHANOL CHAFING FUEL",19.9,37,61,-24,-477.6,25-APR-026,OWUSU,371
72798,"ENA PA MACKEREL IN TOMATO SAUCE EO 155G  50",11.99,54,57,-3,-35.97,26-APR-026,"EMMANUEL MENSAH",124
CL785,"MOP BUCKET MR CLEAN",44.9,22,22,0,0,25-APR-026,WISE,450
94344,"CHAIRPAD 45X45CM VELVET  ASTD5",37.9,14,15,-1,-37.9,25-APR-026,GLADYS,506
97241,"ROMAR SOFTENER CONC DELICATE 2L  6",82.99,5,5,0,0,26-APR-026,ALVIN,16
03561,"UMBRELLA 68CM",45.9,8,8,0,0,25-APR-026,"FELIX BOADU",151
110686,"MEANNAN SHITO PEPPER SAUCE 650G 12",84.99,13,13,0,0,26-APR-026,GIFTY,63
125184,"TOLSEN JIGSAW BLADES HCS 5PCS SET 100MM 76806",24.9,13,13,0,0,26-APR-026,LESTER,254
139494,"HELLMANNS SQUEEZY REAL MAYONNAISE 750ML  6",142.99,6,6,0,0,25-APR-026,SOLOMON,73
133209,"SHINE DISPOSABLE CUP 250CC 50PCS  30",15.99,37,34,3,47.97,25-APR-026,"ARTHUR JONADAB",25
133212,"NEAT HAND WASH LIQUID  SOAP ASSORTED 500ML  24",15.49,13,23,-10,-154.9,25-APR-026,TITUS,21
149577,"DOVE ROLL ON SA WOMEN  EVEN SENSITIVE 50ML  6",25.99,13,11,2,51.98,26-APR-026,ELLA,36
164667,"AKAI STEAM IRON 18002200W CORDLESS EI053A622S",499,1,2,-1,-499,25-APR-026,"KINGSLEY OP",219
164678,"TWISTER AND STEPPER WADJUSTABLE HGHT HSMTB06",1599,1,1,0,0,26-APR-026,"GEORGE PUPLAMPU",467
162524,"ABOVE DEO SPRAY TEENBOY 150ML 24",28.99,6,10,-4,-115.96,25-APR-026,"FELIX BOADU",153
161582,"DZIRE CEILING FAN 56 DARK BROWN CF 56 BHOB",379,1,5,-4,-1516,25-APR-026,AKAYIRI,207
175450,"AIRWICK REED DIFF MANDARINGINGER 33ML  5",69.99,6,6,0,0,26-APR-026,ABIGAIL,5
193405,"ALICES ADVENTURES IN WONDERLAND DELUX HARDBOUD ED",69,3,3,0,0,26-APR-026,"JERUSHA ",288
192930,"AKAI QLED TV 32 SMART LT3234T2S2QSMT",1999,2,3,-1,-1999,25-APR-026,LESTER,250
201772,"BAR FOR DUMBELLS 14 SFBAR14PULG",79,4,4,0,0,25-APR-026,"GEORGE PUPLAMPU ",467
86741,"MOULINEX BLENDER  WMILL 2L 600W LM422127",799,1,1,0,0,25-APR-026,PRINCE,223
67037,"TOM MILK NATURAL SF DAIRY DESSERT 125G 4PCS X 6PKS",48.99,3,3,0,0,25-APR-026,CHRIS,61
68484,"ALTAS CUMBRES VINO TINTO 750ML  6",66.99,6,11,-5,-334.95,26-APR-026,TITUS,21
68484,"ALTAS CUMBRES VINO TINTO 750ML  6",66.99,5,11,-6,-401.94,25-APR-026,APPIAH,111
94959,"DR MIGHTY WC POWER BALLS BELLFLOWER  5 IN 1 24",24.99,2,16,-14,-349.86,26-APR-026,ALVIN,17
95646,"DLUCIO VENDIMIA TEMPRANA ROSE WINE  750ML 6",127.99,1,1,0,0,25-APR-026,APPIAH,113
08791,"SMA INFANT FORMULA MILK GOLD 400G 12",175.99,12,12,0,0,25-APR-026,"EMMANUEL MENSAH",124
117651,"GLASSES DECORATED PP SSPD UR3192",9.9,68,68,0,0,26-APR-026,"MICHAEL DADZIE",310
115180,"PICCADILLY CHOCO COOKIES  1X12X6  30G 72",1.19,70,130,-60,-71.4,26-APR-026,DERRICK,96
124658,"AMALFI SHOWER GEL SPA   750ML  16",29.99,10,34,-24,-719.76,26-APR-026,TITUS,21
138922,"GEISHA ALOE VERA  HONEY V1 180G  36",15.49,4,7,-3,-46.47,25-APR-026,"ANANE KOJO",20
131724,"KIWI PACK IMP",29.99,7,7,0,0,25-APR-026,JIMOH,134
157480,"PEELED GARLIC PACK TGO",7.99,11,11,0,0,25-APR-026,JIMOH,134
150452,"CURTAIN W8 GROMENT GOLD 54X90 BLK12",109,12,12,0,0,25-APR-026,ESINAM,483
149434,"WESTINGHOUSE GLASS CONTAINER WLID 6PC WCFC003412A",219,2,2,0,0,26-APR-026,GLADYS,430
150592,"LINC PENTONIC BALL PEN BLUE 50 PCS DISPENSER 07MM",3.9,4,89,-85,-331.5,26-APR-026,ATITOGO,160
160865,"PICON CHEESE 16 PORTIONS 240G",76.99,3,3,0,0,25-APR-026,EMMANUEL,133
159760,"MUNCHEE ANYTIME CRACKER BISCUITS 65G  48",3.49,60,67,-7,-24.43,25-APR-026,DERRICK,95
166809,"ARIZONA CAN ENERGY HERBAL TONIC 650ML 24",23.99,6,6,0,0,26-APR-026,"MORGAN ONGOH",84
179488,"SEESAW 180X71X38CM CDSS02",799,2,2,0,0,25-APR-026,"GEORGE PUPLAMPU",467
179587,"GREEN PEPPER BIG  PACK FM",24.99,4,4,0,0,25-APR-026,JIMOH,134
186979,"HAPPY BIRTHDAY SHOULDER STRAP 2PCS",24.9,12,12,0,0,26-APR-026,HADASSAH,269
183661,"WESTINGHOUSE CUTLERY SET 20PCS WCCL0027020",179,4,4,0,0,25-APR-026,OWUSU,371
43873,"COLGATE EXTRA CLEAN TOOTHBRUSH   120",14.99,12,66,-54,-809.46,26-APR-026,"BOADI STEPHEN",53
39954,"PRAN MANGO JUICE TETRA PACK 1L  12",22.99,16,45,-29,-666.71,25-APR-026,KWAFO,103
75250,"TUMBLER WILLY 380ML DXB L4698N7794",7.9,7,29,-22,-173.8,25-APR-026,"STEPHEN ACQUAH",422
87968,"ENA PA NONDAIRY CREAMER 225G  50",13.99,100,72,28,391.72,26-APR-026,EMMANUEL,127
64800,"YOGURTE 100 ORIGINAL CHEWY CANDY  100G   36",13.99,18,14,4,55.96,26-APR-026,"EDDIE MENSAH",90
98638,"APTAMIL 2 FIRST INFANT MILK 612  MONTHS  800G 6",354.99,1,4,-3,-1064.97,26-APR-026,TITUS,21
04816,"ORKIDE SUNFLOWER OIL 3L 6",199.99,3,12,-9,-1799.91,26-APR-026,"NANA ADJEI",48
104866,"PRIMA BLEACH 45L  6",71.99,2,2,0,0,26-APR-026,"GIDEON GBLOGAH",12
112355,"CLOVER SUPER M CHOCOLATE FLAV MED FAT MILK 1L  6",47.99,6,6,0,0,25-APR-026,CHRIS,61
128793,"FELT TIP PEN ICONIC LUXOR 3PCS 158003BC",18.9,13,14,-1,-18.9,26-APR-026,GILBERT,294
125166,"COOKWARE 10PCS SET 14 JIO J1910 J9210",1369,1,4,-3,-4107,25-APR-026,"PAUL OWUSU ",350
125196,"PLATINUM SUNFLOWER OIL  45L  4",199.99,9,9,0,0,26-APR-026,BISMARCK,46
156289,"ASEDA BROWN RICE 5KG  5",228.99,4,4,0,0,25-APR-026,GIDEON,68
151591,"SOFT  GENTLE DEO  ORCHID DESIRE  250ML 6",43.49,10,6,4,173.96,25-APR-026,ELLA,34
160866,"SERVING BOWL WLID MELAMINE 11 INCHES FEILU 79011",29.9,20,41,-21,-627.9,25-APR-026,REGINA,389
159740,"MUNCHEE MSC CHOCO MILK BISCUITS 45G  48",3.29,34,49,-15,-49.35,26-APR-026,DERRICK,96
159764,"MUNCHEE DIGESTIVE BISCUITS 52G  48",3.99,37,56,-19,-75.81,25-APR-026,DERRICK,96
162114,"FONTISSUE WRAPPED TOILET TISSUE 10S  7",50.99,2,6,-4,-203.96,26-APR-026,"COLLINS HAMMOND",30
162121,"SERVING LADLE NYLON AP9436",9.9,1,1,0,0,25-APR-026,OWUSU,368
162588,"PALM SUPPORTER 28080",85,5,5,0,0,26-APR-026,CHARLES,466
159213,"COLOUR PEN SET OPP YW",12.9,20,21,-1,-12.9,26-APR-026,GIDEON,294
194647,"WINE GLASS 3PCS SET RB063",39.9,21,21,0,0,25-APR-026,SYLVIA,426
188647,"WALL LIGHT WHITE ZF297",259,1,2,-1,-259,25-APR-026,KWAFO,168
36420,"KALYON CREAM CLEANER LEMON 500ML 12",21.99,7,7,0,0,26-APR-026,"ADIATOR MOSES ",8
205566,"SIGMA LED TV 32 SATELLITE STVK32V6",1499,1,1,0,0,25-APR-026,LESTER,250
87620,"BINATONE KETTLE 20L 2200W DW BLACK CEJ2005",369,1,1,0,0,25-APR-026,LESTER,248
49448,"TALL HORSE PINOTAGE 750ML 6",84.99,8,7,1,84.99,25-APR-026,APPIAH,111
70813,"DOMESTOS BLEACH PINK POWER 750ML  9",31.99,2,4,-2,-63.98,26-APR-026,"GIDEON GBLOGAH",12
61533,"PARLE MILK AND MALT 27G  72",1.09,47,53,-6,-6.54,26-APR-026,DERRICK,96
96181,"PAPILION BABY COTTON BUDS 60PCS   144",15.99,6,56,-50,-799.5,26-APR-026,LESTER,50
96844,"MAGNIFIC CHOCOLATE  WHITE 750G  8",92.99,5,10,-5,-464.95,25-APR-026,ATITOGO,160
109713,"FIESTA GREEN COCKTAIL NON ALC WINE  750ML  6",41.99,8,7,1,41.99,25-APR-026,"EDDIE MENSAH",107
134435,"KRACKS CHIPS CHEESE 160G  14",42.99,9,9,0,0,25-APR-026,APPIAH,114
14302,"MARILAN PIT STOP ORIGINAL CRACKER MULTIPAC 137G 36",14.49,16,16,0,0,26-APR-026,TITUS,21
144507,"MUG 320ML CERAMIC COLOURED YWU",9.9,6,5,1,9.9,25-APR-026,ROBIN,392
141370,"WINE BUCKET WSHAKER 750ML SET 4PCS PLAIN 52035",119,4,4,0,0,25-APR-026,QUEENCILLA,376
153296,"PHILIPS BLENDER WMILL 2L 550W HR214190",879,1,1,0,0,25-APR-026,PRINCE,226
159795,"RUBBER BAND 100G COLOR MIX",9.9,4,16,-12,-118.8,25-APR-026,"ARTHUR JONADAB ",26
168088,"FILLED CUSHION P EMBD 30X50CMSQUARE DC252",119,2,2,0,0,25-APR-026,"GIDEON GBLOGAH",508
168473,"DAPHNIS WHOLE PEELED TOMATOES 2550G  6",105.99,2,2,0,0,26-APR-026,GIFTY,63
180716,"UNITY TUNA FLAKES IN VEGETABLE OIL 185G 48",20.99,74,73,1,20.99,26-APR-026,APPIAH,126
178210,"PARTY CUP  PLATE 30PCS SET 79",44.9,5,6,-1,-44.9,25-APR-026,HADASSAH,268
187971,"JOJONAVI SOURSOP FRUIT CAN JUICE DRINK 330ML 24",13.49,41,45,-4,-53.96,25-APR-026,DELIGHT,86
192232,"BELLORA FOOD STORAGE BOWL 3PCS SET HL7012DC",22.9,9,19,-10,-229,25-APR-026,NIBOI,317
09498,"BADIA GINGER GROUND 12OZ  6",199.99,4,4,0,0,25-APR-026,GIDEON,67
100420,"KAREES NATURAL WHITE SUGAR  BOTTLE 400G 20",19.99,14,14,0,0,25-APR-026,"EMMANUEL MENSAH",123
119478,"WESTINGHOUSE DISH RACK WCKM0086",129,8,10,-2,-258,25-APR-026,"NANA KOJO",364
117078,"VOLTPLUS MULTI ADAPTOR 13A WUSB SLOT VPAD13AU",79,88,94,-6,-474,25-APR-026,DANIEL,255
134958,"CHANDELIER GLASS 3LIGHT BLACKGOLD 2022183",479,1,2,-1,-479,25-APR-026,KWAFO,168
134609,"BOBM PUPPY DRY FOOD  CHICKEN  RICE 15KGS  6",103.99,1,1,0,0,25-APR-026,ABASS,1
145733,"5 STAR PINEAPPLE KIDS JUICE 200ML 20",2.99,100,116,-16,-47.84,26-APR-026,DANIEL,165
163851,"SWING BIN 25L PLASTIC PRINCE 4525",79,1,20,-19,-1501,25-APR-026,WISE,452
163851,"SWING BIN 25L PLASTIC PRINCE 4525",79,19,20,-1,-79,25-APR-026,HAYFORD,453
161584,"DZIRE CEILING FAN 36 WHITE CF 36 WHOB",349,9,10,-1,-349,25-APR-026,"KINGSLEY OP",211
174979,"NERO COLA CARBONATED PET DRINK 350ML 20",3.19,12,74,-62,-197.78,25-APR-026,DELIGHT,87
168696,"CAMRY GLASS ELECTRONIC SCALE LCD EB1614HF013 RJK",149,2,2,0,0,25-APR-026,VICTORIA,435
186690,"RAINBOW CONTAINER 5PC SET ROUND PLASTIC RJK 21665",59,1,11,-10,-590,25-APR-026,NASHIBA,332
187444,"TV STAND W2DRWR TAUARIOFF WHITE DUBAI 18",1790,1,1,0,0,25-APR-026,FRANCIS,527
183652,"WESTINGHOUSE WHISKY GLASS WCGW0110",59,1,1,0,0,26-APR-026,SOMUAH,416
194700,"CASSEROLE WLIDSIDE HANDLES  2 WINE GLASS RB059",69,1,8,-7,-483,26-APR-026,SOMUAH,431
202813,"NASCO WASHING MACHINE TL 12KG NASTLB120FL",4299,1,1,0,0,25-APR-026,AKAYIRI,203
81324,"KAMILA CHOCOLATE GOLD 300G  12",79.99,19,21,-2,-159.98,25-APR-026,DORIS,98
85651,"EASY MOUZOO APPLE JUICE GLASS BOTTLE 1L  6",32.99,1,40,-39,-1286.61,25-APR-026,EMMANUEL,135
77057,"SERVING BOWL MELAMINE 9 INCHES ZHN 50099",18.9,42,42,0,0,25-APR-026,ROBIN,392
89803,"JIK BLEACH ORIGINAL 475ML   24",20.99,10,9,1,20.99,26-APR-026,"GIDEON GBLOGAH",12
86484,"10MATTRESS KING 180X200X30 BMT001180",4490,1,2,-1,-4490,25-APR-026,FRANCIS,527
09224,"ALWAYS ULTRA THIN LONG WITH WINGS 8PADS X 16",23.99,91,78,13,311.87,26-APR-026,DANIEL,51
102266,"ACTIVE MOUTHWASH  EXTRA STRENGTH COOLMINT 500ML 12",35.99,10,10,0,0,25-APR-026,"BOADI STEPHEN",53
116239,"AKAI WATER HEATER INSTANT 3L 4500W WH006A45",1149,2,2,0,0,25-APR-026,DANIEL,257
128772,"MARKER WHITEBOARD 650 12YRS LUXOR 4PCS 33004BC",21.9,6,6,0,0,26-APR-026,GILBERT,294
130646,"TENNIS BALL YELLOW ALL COURT 11004",59,11,11,0,0,25-APR-026,CHARLES,465
153772,"FABER CASTELL ACRYLIC COLOUR 120ML CADM YEL 378305",38.9,15,15,0,0,26-APR-026,MARIAM,292
158107,"COLANDER WLONG HANDLE  35X24X13CM PP53200",19.9,7,7,0,0,25-APR-026,OTHNIEL,343
159742,"MUNCHEE MSC STRAWBERRY MILK BISCUIT 65G  48",4.19,24,79,-55,-230.45,25-APR-026,DORIS,98
171366,"BEAUTY FORMULAS  TONER 30PADS  NIACINAMIDE 12",27.99,15,18,-3,-83.97,26-APR-026,"BOADI STEPHEN",53
168808,"BEER STEM 6PCS SET WINDSOR 330ML 77280200760464",69,1,1,0,0,25-APR-026,"STEPHEN ACQUAH",420
180100,"DOVE BAR SOAP  REJUVENATING 4PK  12",71.49,6,6,0,0,26-APR-026,ALVIN,18
180258,"SOLDIER MENTHOLATED OIL 125ML 2DZ  6",31.99,2,24,-22,-703.78,26-APR-026,ELLA,36
193468,"SOLO NOTEBOOK PREMIUM A5 HARDBOUD BLKGREY LPNB2",69,12,12,0,0,26-APR-026,"JERUSHA ",288
200696,"COOKWARE 12PCS SET SSTEEL ZHNHROLAND HR1088",699,2,2,0,0,25-APR-026,"PAUL OWUSU",351
197773,"MCBERRY BIG DADDY MILK WAFER 39G 144",1.99,51,80,-29,-57.71,25-APR-026,DERRICK,96
55494,"HENNESSY VS COGNAC 35CL  12",314.99,5,5,0,0,25-APR-026,EMMANUEL,129
93896,"AVIOS BAKING TRAY RECTANGLE 22L AVSBT22 RJK",59,2,3,-1,-59,26-APR-026,SYLVIA,428
08026,"OMO AUTO WASH  2KG  9",172.99,16,25,-9,-1556.91,26-APR-026,ALVIN,17
10759,"KELLOGGS FROSTIES 414G  10",69.99,19,15,4,279.96,26-APR-026,"KINGSLEY OP",91
112251,"SHOWER CURTAIN 180X180 WRINGS 006",36.9,1,1,0,0,25-APR-026,VICTORIA,435
123172,"OCEANWINE GLASS SET 2PC 350ML MADISON W1202G0002",79,1,4,-3,-237,25-APR-026,"SYLVIA ",425
122287,"COOKWARE SET 3PCS DELICIOUS",649,1,2,-1,-649,25-APR-026,"NANA KOJO",363
135395,"APPLE PINK LADY 4 TRAY",44.99,9,8,1,44.99,25-APR-026,JIMOH,134
132382,"GIFT WRAP PAPER LBLUWHTBLU 2P 70X100CM LXX3112",11.99,6,13,-7,-83.93,25-APR-026,HADASSAH,266
131638,"CAKE FONDANT CUTTER 3PCS SET A8108",1.9,48,48,0,0,26-APR-026,"ALHASSAN RANDY",384
166371,"COLANDER WSIDE HANDLES 375CM SSTEEL XY2309",69,10,23,-13,-897,25-APR-026,"PAUL OWUSU",352
159181,"CAKE STAND PAPER YWU",9.9,45,46,-1,-9.9,25-APR-026,"ALHASAN RANDY",383
174325,"PREMIER CHESS MULTICOLOUR",55,5,5,0,0,25-APR-026,HERBERT,280
180279,"RICE SPOON WROSEWOOD LONG HANDLE RH2002",19.9,11,45,-34,-676.6,25-APR-026,OWUSU,368
178130,"PAPER DOILIES 20PCS 105 YWU",8.9,7,7,0,0,26-APR-026,HADASSAH,269
187021,"TABLE LAMP 21CM",69,1,2,-1,-69,25-APR-026,KWAFO,172
196860,"MYBISCUIT DIGESTIVES RAISIN BISCUIT 250G 24",30.99,17,17,0,0,25-APR-026,DORIS,97
99614,"STYLE UP ROLL ON ORIGINAL 50ML  48",9.99,6,55,-49,-489.51,26-APR-026,"PAUL OWUSU",38
110273,"SHELVES WALL DECOR ZZY011",529,1,1,0,0,26-APR-026,FRANCIS,524
116098,"BATHROOM SCALE WBATTERIES CHN PP1400V0",169,2,2,0,0,25-APR-026,VICTORIA,434
138233,"ROSSWOOD PREM ROASTED CASHEW NUTS CHOCO 150G  24",57.49,4,26,-22,-1264.78,25-APR-026,JIMOH,1
156772,"LAUNDRY BASKET 39X70CM FOLDABLE FABRIC MESH YWU",22.9,1,2,-1,-22.9,25-APR-026,WISE,446
159467,"CARPET SHAGGY 200X300CM ASSORTED",1699,1,2,-1,-1699,25-APR-026,"GIDEON GBLOGAH",508
193634,"GAS PIPE 3YD2CLIP ZGP3Y",49.9,10,10,0,0,25-APR-026,DANIEL,258
191075,"REALMAN MANLY FRAGRANCE FRESH MOOD 150ML 72",50.99,1,9,-8,-407.92,25-APR-026,ELLA,33
189403,"KENWOOD WATER DISPENSER WFRIDGE SILVR WDM20000SI",2249,1,1,0,0,25-APR-026,AKAYIRI,202
30033,"VEGA THAI HOM MALI JASMINE RICE 5KG  5",249.99,100,160,-60,-14999.4,25-APR-026,NTUMY,163
206076,"LETTUCE PACK SLV",8.49,32,32,0,0,25-APR-026,JIMOH,134
76008,"DALGETY CHAI  MASALA TEA 72G 36",45.99,11,19,-8,-367.92,26-APR-026,DANIEL,58
96327,"SPRITE ZERO 1 5 L PET  6",23.99,12,17,-5,-119.95,26-APR-026,NTUMY,164
02252,"BAKER EET SUM MOR SHORTBREAD BISCUITS 200G  12",45.99,7,8,-1,-45.99,25-APR-026,DORIS,97
103165,"ALIFE CARE ANTIBACTERIAL SOAP 200G 18",9.99,14,14,0,0,25-APR-026,"ANANE KOJO",20
119479,"WESTINGHOUSE DISH RACK WCKM0084",319,2,3,-1,-319,25-APR-026,"NANA KOJO",364
128852,"BRUHM AC SPLIT 15HP R410 BAS12RCEW",5499,1,1,0,0,25-APR-026,"KINGSLEY OP",212
143779,"SAIRO HAIR SPRAY NORMAL  400ML  8",53.99,3,3,0,0,26-APR-026,"BENEDICT ABBEY",38
153560,"PARK JET SET PLUM 104801C82",399,1,1,0,0,25-APR-026,CHARLES,465
149814,"PHILIPS LED SPOTLIGHT 50W 6500K 36D 929001218302",26,1,1,0,0,25-APR-026,KWAFO,170
165371,"SANEX BODY WASH  MOISTURISING 720ML  6",135.99,6,6,0,0,25-APR-026,"ANANE KOJO",21
158109,"DISH RACK WTRAY  38X29X10CM PP54600",69,1,1,0,0,26-APR-026,BLESSING,409
161249,"DZIRE HOME THEATRE 51CH 110W TB HT514T1S505TH",1999,1,2,-1,-1999,25-APR-026,AKAYIRI,205
162705,"DINNER PLATE MELAMINE 10 INCHES FEILU 226102",12.9,120,120,0,0,26-APR-026,BLESSING,409
166960,"MYSTIC PENCIL DRAWING BOOK 8TITLES",7.9,1,3,-2,-15.8,25-APR-026,JERUSHA,287
187691,"LETTER ORNAMENTS 20X9CM",17.9,12,12,0,0,25-APR-026,GAD,472
192356,"CANVAS 30X30X16CM DY06121",29,1,13,-12,-348,25-APR-026,HERBERT,280
191061,"REALMAN DEO ROLL ON PURE AQUA 50ML 48",20.99,5,32,-27,-566.73,26-APR-026,ELLA,36
198805,"DINNER FORK 6PCS SET DESIGNER SSTEEL  35G",59,20,19,1,59,25-APR-026,OWUSU,370
197122,"SILBEST GREEK YOGHURT 250ML 1",28.49,1,1,0,0,25-APR-026,DANIEL,XMAS
48384,"5 STAR VANDA COOL DRINK 350ML  16",2.89,8,18,-10,-28.9,25-APR-026,DELIGHT,87
82055,"CASTILLO REAL TINTO WINE 1L  12",47.99,9,9,0,0,25-APR-026,APPIAH,112
51970,"BIFOOD BIFRUKTI FLAKES WITH APPLES  RAISINS 375G",52.99,4,8,-4,-211.96,25-APR-026,"KINGSLEY OP",91
62668,"ROBB LEMON MENTHOL SWEETS  30PCS  110G  24",11.49,11,11,0,0,26-APR-026,"EDDIE MENSAH",90
119082,"HAPPYFLAKES CORNFLAKES SUGARFREE 270G  12",32.99,11,11,0,0,26-APR-026,"KINGSLEY OP",91
116649,"PRINCE CHOCOLATE 130G   20",12.99,28,27,1,12.99,26-APR-026,DERRICK,96
115707,"MAGGI SEASONING POWDER SHRIMP FLAV 100G  80",10.89,21,21,0,0,25-APR-026,GIDEON,67
114160,"GETTOL ANTISEPTIC CLASSIC 500ML  24",32.49,28,28,0,0,26-APR-026,QUEENCILLA,42
121324,"VARTA BATTERY LITHIUM CR1632 BLISTER 1",42,8,8,0,0,25-APR-026,NTUMY,161
149374,"NASCO FRIDGE DD 112L NASF213FL",2789,1,2,-1,-2789,25-APR-026,NYARKO,174
167649,"PIGGY BANK",159,1,1,0,0,26-APR-026,HADASSAH,268
166986,"DR JEKYLL AND MR HYDE",16.9,3,3,0,0,25-APR-026,HERBERT,282
186382,"FINI HALAL FIZZY COLA BOTTLE 90G 12",21.99,11,17,-6,-131.94,25-APR-026,"ABIGAIL YEVUGAH",157
192701,"GIFT BAG 125X125X165 TXHZ1110567",39.99,5,5,0,0,25-APR-026,MARYLAND,301
189518,"SMIRNOFF ICE PINEAPPLE PUNCH CAN 330ML  6",16.99,48,144,-96,-1631.04,25-APR-026,EMMANUEL,128
189662,"BATHMAT SHAGGY 40X60CM CT ASSORTED MYQ91902",29.9,1,35,-34,-1016.6,26-APR-026,"STEPHEN ACQUAH",424
190163,"TCL QLED TV 50 SMART 2K 50S5K",5199,1,1,0,0,25-APR-026,LESTER,250
40289,"SHINE TOILET ROLL 4 ROLL  6",19.99,4,10,-6,-119.94,25-APR-026,ELLA,31
90319,"JOHNNIE WALKER AGED 18 YEARS 750ML 6",1669.99,2,6,-4,-6679.96,25-APR-026,MAHAMA,117
88170,"FONTISSUE NEW TROLL 2PLY 4ROLLS   10",17.99,6,9,-3,-53.97,25-APR-026,ELLA,31
71755,"PARIDOX ALATA SAMINA BSGEL HONEY 450ML 20",41.99,12,15,-3,-125.97,26-APR-026,NIBOI,18
106654,"BLING TOILET BOWL CLEANER 750ML  12",21.99,5,6,-1,-21.99,25-APR-026,ALVIN,13
107637,"JUVER MANGO ORANGE CARROT  JUICE 1L  10",36.99,17,18,-1,-36.99,25-APR-026,JIMOH,1
108889,"MARILAN MAGIC TOAST WHOLEGRAIN CRISPBREAD 110G 24",15.99,10,29,-19,-303.81,26-APR-026,DERRICK,96
114717,"GRAMMAR BOOK WITH VOCAB  COMPOSITION EB849",79,22,22,0,0,25-APR-026,JERUSHA,287
115235,"STORAGE STOOL 35X43CM B36669 13968541999 YWU",399,1,2,-1,-399,25-APR-026,SHADRACK,514
115827,"COOKING TOOLS 5PCS SET SSTEEL S85005",69,48,48,0,0,25-APR-026,PHILEMON,361
133927,"PROFA TOM BROWN 400G  30",25.99,34,27,7,181.93,26-APR-026,SOLOMON,78
137089,"DR TEALS BODY WASH ROSE MILK 710ML 4",119.99,5,6,-1,-119.99,25-APR-026,"ANANE KOJO",22
131662,"CAKE CHOCOLATE MOULD",4.9,19,20,-1,-4.9,25-APR-026,"RANDY ALHASSAN",385
146802,"SANITA INTERFOLD TOWEL ECO 1PLY 33G  200SHT  18",29.49,9,22,-13,-383.37,25-APR-026,TITUS,21
152221,"DERBY SHAVING STICK  SAMURAI 3 POLYBAG X 5 14",31.99,17,27,-10,-319.9,25-APR-026,"BOADI STEPHEN",54
161150,"FILLED CUSHION JAQUARD 45X45CMBLUE DC236",179,1,3,-2,-358,25-APR-026,GLADYS,505
162402,"CLERE TRIPLE GLYCERINE ENRICHED RICH MUSK400ML X36",43.99,11,11,0,0,25-APR-026,"BENEDICT ABBEY",37
159212,"BALLOON INFLATER PUMP YW",6.99,8,8,0,0,26-APR-026,HADASSAH,269
159302,"LAMINATION MACHINE A4 SIZE PLASTIC SL299",379,2,2,0,0,25-APR-026,JUSTICE,184
167749,"COOKING 6PCS SET 2MM STEEL HROLAND HR1091 RJK",599,1,1,0,0,25-APR-026,OWUSU,374
167319,"GARLAND 2MX11CM",10.9,46,46,0,0,25-APR-026,DANIEL,XMAS
179736,"AKAI RICE COOKER DELUXE 28L 900W CK026A28LD",699,1,6,-5,-3495,25-APR-026,PRINCE,226
182088,"COMPUTER DESK METAL FRAME 100X50CM CTN2408",1049,1,1,0,0,26-APR-026,FRANCIS,521
180221,"KLEANZ HAND SOAP STRAWBERRY ANTIBACTERIAL 500ML 4",22.99,14,30,-16,-367.84,25-APR-026,BISMARCK,43
178100,"ARTIFICIAL FLOWER 5PCS 29CM",29.665,24,22,2,59.33,26-APR-026,ESINAM,462
185437,"BATHMAT PUFF MF 50X80CM BELLE BEIGE 01MA0616E",79,12,12,0,0,26-APR-026,VINOLIA,444
193414,"BEYOND GOOD AND EVIL DELUXE HARDBOUND EDITION",75,3,3,0,0,26-APR-026,"JERUSHA ",288
23291,"TICTAC MINT 102G 60",6.99,2,6,-4,-27.96,26-APR-026,SHADRACK,158
26351,"SAIRO INTENSE HAND WASH 500ML 12",29.49,9,8,1,29.49,25-APR-026,BISMARCK,43
202351,"INDUS TRADITIONAL INDIAN CLASSIC BLACK TEA 200G 12",33.99,10,10,0,0,25-APR-026,AKORFA,59
96719,"2IN1 MAGIC DRAWING BOARD B1058296",199,5,5,0,0,25-APR-026,JUSTICE,270
99289,"BALLANTINES FINEST BLENDED SCOTCH WHISKY 750ML  12",354.99,8,3,5,1774.95,25-APR-026,MAHAMA,117
114177,"DOVE HANDWASH DEEPLY NOURISHING  250ML 12",35.99,7,17,-10,-359.9,25-APR-026,BISMARCK,43
112509,"3TOL ANTISEPTIC LIQUID LIME FRESH 500ML 24",28.49,12,12,0,0,26-APR-026,QUEENCILLA,42
110751,"HALA TRASH GARBAGE BIODEGRADABLE 5GALLONSX96   12",62.99,5,5,0,0,25-APR-026,"ARTHUR JONADAB",26
115645,"AKAI JUICER 12L 350W SSBLACK JC006A619",649,1,1,0,0,25-APR-026,"COLLINS HAMMOND",232
128638,"VACUUM TIFFIN SS 16L MCVFA1710",259,4,4,0,0,25-APR-026,NIBOI,315
125258,"SAIRO FAMILY SHOWER GEL SPA 750ML  12",31.99,3,14,-11,-351.89,26-APR-026,VINOLIA,441
122389,"INFINITI FOREVER WALL CLOCK 708X708X5 INF6663",399,3,2,1,399,25-APR-026,GAD,472
135975,"HAAGEN DAZS VANILLA AND CREAM 95ML 24",38.49,3,28,-25,-962.25,25-APR-026,DANIEL,XMAS
157593,"COOL BREEZE AIR FRESHENER ROYAL LAVENDER 300ML  24",23.99,30,35,-5,-119.95,25-APR-026,ABASS,2
166545,"WATER BOTTLE 1380ML PNP3315",9.9,29,29,0,0,26-APR-026,"MICHAEL DADZIE",310
160868,"SERVING BOWL WLID MELAMINE 10 INCHES FEILU 79010",26.9,17,42,-25,-672.5,25-APR-026,REGINA,389
158506,"LA CACCIATORA CHIANTI CARAFE WINE 750ML 12",230.99,8,9,-1,-230.99,25-APR-026,APPIAH,112
174443,"PAPER BAG HOLOGRAPHIC 18X23X10CM KR10731S14",10.9,12,12,0,0,25-APR-026,MARYLAND,301
166979,"PRIDE AND PREJUDICE",20.9,5,5,0,0,25-APR-026,HERBERT,282
168686,"SPOON LADLE SS WWOOD HANDLE 8MM ROSEWOOD AA1812",35,17,54,-37,-1295,25-APR-026,OWUSU,368
181596,"STORAGE CANISTER PLASTIC 770ML 161316000",16.9,25,25,0,0,25-APR-026,"NANA ADJEI ",327
179735,"AKAI RICE COOKER DELUXE 18L 700W CK025A18LD",549,1,4,-3,-1647,25-APR-026,"COLLINS HAMMOND",235
177836,"PHILIPS AIR FRYER 62L 1500W DIGITAL NA33209",2899,1,1,0,0,25-APR-026,"COLLINS HAMMOND",240
186066,"SOUP PLATE GOLDEN RIMMED 8 GR8SP RJK",16.9,1,92,-91,-1537.9,26-APR-026,BLESSING,409
185181,"NIVEA DEO DEEP BLACK CARBON 250ML 6",70.99,6,7,-1,-70.99,25-APR-026,ELLA,34
192875,"MELAMINE TRAY 18INCH 88118",29.9,26,25,1,29.9,25-APR-026,ROBIN,392
197721,"DINNER SET PORCELAIN WHITE 24PCS SW024W",199,2,2,0,0,25-APR-026,BLESSING,405
I007,"LINOLEUM PVC FOAM THCK 12MM X 70 X 30YDS BC",26.9,415,426.5,-11,-295.9,26-APR-026,GAD,474
95666,"AMALFI  HAND SOAP ROSE 500ML  12",25.99,12,12,0,0,25-APR-026,BISMARCK,43
92676,"CAKE BOARD ROUND 12CM THICKNESS  30CM YWU",16.9,16,17,-1,-16.9,25-APR-026,"ALHASSAN RANDY",382
97990,"COOKWARE SET 9PCS PALU CROWNSTAR MC3995 RJK",949,1,1,0,0,25-APR-026,QUEENCILLA,375
101062,"N0 8  BANANA FINGERS CHIPS 20G  60",1.69,72,90,-18,-30.42,25-APR-026,"EMMANUEL MENSAH",121
100798,"ZOMBA RED COCKTAIL 0 ALC 750ML 6",42.49,7,7,0,0,25-APR-026,"EDDIE MENSAH",106
126383,"TONITTO LINEA ICE CREAM WITH SWEETENERS 500ML  8",79.99,7,8,-1,-79.99,25-APR-026,EMMANUEL,135
125428,"VIRGINIA GREENGARDEN WORCESTERSHIRE SAUCE 250ML 12",57.99,15,15,0,0,25-APR-026,GLADYS,72
124656,"AMALFI SHOWER GEL CANDY  750ML  16",29.99,1,11,-10,-299.9,25-APR-026,VINOLIA,441
135815,"SERVING BOWL MELAMINE 12 INCHES FEILU 508127",24.9,18,30,-12,-298.8,25-APR-026,ROBIN,392
131397,"LISTERINE  COOL MINT MOUTHWASH 500ML  6",79.99,5,8,-3,-239.97,25-APR-026,"BOADI STEPHEN",53
14505,"MARINA LUNCH NAPKIN 100X15",7.59,15,16,-1,-7.59,26-APR-026,"COLLINS HAMMOND",30
150381,"AKAI CHEST FREEZER SD 200L CF039AC200",3299,1,1,0,0,25-APR-026,"JOSEPH PATRICK",204
164331,"SUGAR POT WSHUTTER LID 420ML GLASS KC302",12.9,2,2,0,0,25-APR-026,SYLVIA,426
159296,"BOOK MONEY SAFE BOX MEDIUM",89,4,4,0,0,26-APR-026,HADASSAH,268
186272,"COFFEE TABLE 12 BIF358WHITE MARBLE",1190,1,1,0,0,25-APR-026,FRANCIS,523
187301,"CURTAIN ROD DARK GRAY 3BRAKET 160300CM M16300DG",99,1,1,0,0,26-APR-026,GAD,474
183287,"BEER MUG 6PCS SET 410ML ROSE PJ 4914 RJK",69,1,6,-5,-345,26-APR-026,SOMUAH,414
184364,"SOUP STRAINER WHANDLE 22CM SS 60910240",24.9,23,23,0,0,25-APR-026,"PAUL OWUSU",352
197850,"HEADPHONES BLUETOOTH DISNEY FROZEN DY9955FRA",169,3,2,1,169,25-APR-026,NYARKO,178
42442,"SWAN CUBES PURE BROWN SUGAR 500G  50",19.99,15,58,-43,-859.57,25-APR-026,"EMMANUEL MENSAH",123
CL612,"ROYALE CASSEROLE 2PCS SET 1000ML 1500ML  SSI",79,7,6,1,79,25-APR-026,PATIENCE,345
90623,"CURTAIN ROD EXTANDABLE SIZE 110210CM 11009210MB",75,1,1,0,0,26-APR-026,FRANCIS,525
00380,"CERES MANGO JUICE 200ML 24",10.99,24,55,-31,-340.69,26-APR-026,EMMANUEL,127
01607,"BADIA CINNAMON STIICKS 354G  8",50.99,8,9,-1,-50.99,25-APR-026,BISMARCK,45
124738,"MY FIRST BOOK SERIES 10TITLES W16PAGES 36YRS",19,93,86,7,133,25-APR-026,JERUSHA,284
134323,"PRIVATE MAXI SUPER 9 X 12",16.49,14,14,0,0,26-APR-026,"BOADI STEPHEN",51
154915,"END TABLE WHITE 300X615X400MM OLIVIA",629,1,1,0,0,25-APR-026,SHADRACK,514
166017,"CLOTHES DRYER 3TIER WOODEN WS4054H3B RK",329,2,3,-1,-329,26-APR-026,"SAMUEL ADDO",402
169868,"SERVING SPOON LADLE WWOOD HANDLE  HUALI AB2773",19.9,6,11,-5,-99.5,25-APR-026,OWUSU,368
168918,"BABY WALKER WTOY RACK 6258001",249,4,5,-1,-249,25-APR-026,DANIEL,XMAS
186671,"LUNCH BOX SQUARE 1200ML PLASTIC RJK YH329",44.9,12,12,0,0,25-APR-026,"MICHAEL BOYE",304
185416,"CURTAIN BKT GROM GOLD 2P 54X90 02PA7216B",199,15,16,-1,-199,25-APR-026,ESINAM,487
184258,"SHELF 5TIER 36X33X140CM LA2320",849,1,2,-1,-849,25-APR-026,FRANCIS,528
184614,"SOUP PLATE 8INCH CERAMIC STKLT SK13 RJK",9.9,3,69,-66,-653.4,25-APR-026,SOMUAH,412
190700,SLIME,23.9,10,11,-1,-23.9,26-APR-026,"NANA KOJO",271
189605,"DOVE PAMPERING SHEA  LOTION 400ML18",77.99,9,8,1,77.99,25-APR-026,"BENEDICT ABBEY",37
188845,"NOTICE BOARD WALUMINUM FRAME 70X90CM WB5101",259,4,8,-4,-1036,26-APR-026,"NANA KOJO",271
190626,"GIFT BAG 30X42CM",11.9,8,9,-1,-11.9,25-APR-026,MARYLAND,301
197979,"HH GARI CUP SOAKING MIX SOYA 70G  24",4.29,3,3,0,0,25-APR-026,"FELIX BOADU",66
32477,"FRESHDAYS 2 IN 1 PANTYLINERS 24 LINERS 12",20.99,4,10,-6,-125.94,26-APR-026,"BOADI STEPHEN",51
65526,"TAMPICO CITRUS PUNCH 1L 6",15.49,10,22,-12,-185.88,26-APR-026,DELIGHT,88
CL673,"JUMBO BOX WFLIP LID TRANSPARENT 18LTR 43X29X21CM",59,13,13,0,0,25-APR-026,"MORGAN ONGOH",320
115950,"SANITA MULTIPURPOSE ALUMINIUM FOIL 10MX40CM  32",28.99,2,3,-1,-28.99,25-APR-026,"ARTHUR JONADAB",27
135968,"HAAGEN DAZS VANILLA AND CREAM 460ML 8",133.99,4,9,-5,-669.95,26-APR-026,TITUS,21
14826,"DEVA SOFTENER FLORAL 2L   6",85.49,6,10,-4,-341.96,26-APR-026,ALVIN,15
159693,"JUKI NUTS SEA SALT ROASTED CASHEWS 50G  30",17.99,8,8,0,0,26-APR-026,MAHAMA,119
159767,"MUNCHEE MILK CRUNCH BISCUITS 47G  48",2.59,48,77,-29,-75.11,25-APR-026,DORIS,98
186270,"DINING CHAIR 52X50XH85CM BIF06BLACK",429,2,2,0,0,25-APR-026,SHADRACK,509
185885,"STAEDTLER COLOUR PENCIL NORIS 144 10NC1213",59,7,7,0,0,26-APR-026,MARIAM,291
184368,"NERO PRIME WATER 750ML  15",2.19,120,291,-171,-374.49,25-APR-026,EZEKIEL,146
189734,"PERLA STILL MINERAL WATER 330ML 12",16.99,8,8,0,0,25-APR-026,DELIGHT,85
190015,"KENWOOD GAS COOKER 5B 60X76 GRILLL SS CGG76000SS",5299,1,1,0,0,25-APR-026,AKAYIRI,202
22071,"ALPENLIEBE STRAWBERRY 32G X 16 BARS X 24",6.99,17,19,-2,-13.98,25-APR-026,"ABIGAIL YEVUGAH",157
78798,"CHOPPING BOARD 22X32X13CM BAMBOO YWU",29.9,4,4,0,0,25-APR-026,"PAUL OWUSU",353
67505,"SHINE TOILET ROLL ULTRA SOFT 2PLY 12 PACK  1",54.99,2,9,-7,-384.93,25-APR-026,ELLA,31
61347,"ORIJIN BITTERS WITH HERBAL EXTRACTS 750ML  12",53.99,9,9,0,0,25-APR-026,MAHAMA,115
N479,"NUTELLA CHOCOLATE SPREAD 350G 15",95.99,10,10,0,0,26-APR-026,"PAUL OWUSU",64
00364,"ZWAN CHICKEN COCKTAIL 120G 24",31.99,8,25,-17,-543.83,26-APR-026,"EMMANUEL MENSAH",124
100898,"FRUTAIL MANGO NECTAR JUICE 1L  12",34.99,10,8,2,69.98,25-APR-026,KWAFO,103
101993,"CONTAINER OVAL TALL 4200ML 27X12X26CM PP13181",4.9,1,1,0,0,25-APR-026,NASHIBA,334
117876,"MANILA A4 BROWN ENVELPOE 50PCS PACK",65,5,5,0,0,26-APR-026,"MICHAEL DADZIE",295
117258,"DOMS POSTER COLOURS 6 SHADES 7100",29.9,5,1,4,119.6,26-APR-026,GIDEON,294
129070,"MSEAL CONTAINER RECT GLASS 1300ML FRC N1041010",179,1,3,-2,-358,26-APR-026,SOMUAH,416
141371,"WINE BUCKET WSHAKER SET 5PCS 500ML 52058",139,2,2,0,0,25-APR-026,QUEENCILLA,376
155116,"DEW DKLE LITTLE DROPS DIAPERS 11PCS  LARGE  20",42.99,11,11,0,0,25-APR-026,QUEENCILLA,42
157459,"WALL CLOCK 20 508X508X57CM INF6672",229,2,2,0,0,25-APR-026,GAD,472
151359,"CUSHION 500G FILLING ONE SIDE 43X43CM",129,1,1,0,0,25-APR-026,"GIDEON GBLOGAH",508
187046,"LUGGAGE SET 12PCS",22.9,13,14,-1,-22.9,25-APR-026,MARYLAND,301
192693,"GIFT BAG 17X185X8 KS1205814",8.99,12,12,0,0,25-APR-026,"MICHAEL BOYE",302
191049," OSSUM ULTRA MOISTURISING B LOTION CARROT 400ML 24",50.99,17,26,-9,-458.91,25-APR-026,"BENEDICT ABBEY",37
189433,"AKAI WATER PUMP CONTROLLER 16A WPC001A31",399,1,2,-1,-399,25-APR-026,DANIEL,257
37645,"BILY WC BLOCK OCEAN    24",20.99,4,9,-5,-104.95,26-APR-026,ALVIN,16
44417,"DINNER PLATE MELAMINE 10 INCHES ZHN G3300610",19.9,20,68,-48,-955.2,26-APR-026,REGINA,391
202793,"ST ANNS WHITE SUGAR BOTTLE 18KG  6",63.49,3,3,0,0,25-APR-026,"EMMANUEL MENSAH",123
104538,"ADEPA MEDIUM MULTIPURPOSE TOWEL SINGLE ROLL  12",17.99,11,11,0,0,25-APR-026,ELLA,32
110749,"HALA GARBAGE BAGS BIODEGRADABLE 30GALLONSX12   14",34.99,18,18,0,0,25-APR-026,"ARTHUR JONADAB",26
111377,"MINI COPY TO COLOUR ACTIVITY BOOK W16TITLE ED771",5.9,59,63,-4,-23.6,25-APR-026,JERUSHA,287
126093,"HAPPY FULL SPIDER 70G  48",9.99,1,61,-60,-599.4,26-APR-026,SHADRACK,158
125517,"DE CECCO PESTO ALLA GENOVESE   190G 12",79.49,6,6,0,0,25-APR-026,GLADYS,72
120743,"DELIKASS TURKEY SLICE  200G 20",72.99,22,7,15,1094.85,25-APR-026,EVELYN,142
134825,"PAMPER PATE CHICKEN LIVER 75G 36",14.49,25,25,0,0,25-APR-026,ABASS,1
137007,"PEPSODENT TOOTHPASTE CAVITY FIGHTER 110G 72",12.99,72,123,-51,-662.49,26-APR-026,TITUS,21
132924,"SERVING BOWL MELAMINE 10 INCHES FEILU 63106",13.9,50,50,0,0,25-APR-026,REGINA,386
131794,"APPLES GOLDEN DELICIOUS TRAY 4",36.99,5,5,0,0,25-APR-026,JIMOH,134
155550,"BOWL WLID MICROWAVE 950ML PLASTIC BG490",16.9,5,5,0,0,25-APR-026,NASHIBA,333
157493,"MARSHAL MATH SET ABB",16.9,1,1,0,0,26-APR-026,GIDEON,294
164918,"FINE FACIAL FLUFFY 200X2 PLY 24",11.49,24,24,0,0,25-APR-026,ELLA,31
162292,"GRATER SS WWOODEN HANDLE MC73029 RJK",19.9,12,35,-23,-457.7,25-APR-026,"NANA KOJO",365
166632,"MAESTRELLA MOZZARELLA CHEESE BLOCK 249 KG",524.99,3,3,0,0,25-APR-026,EMMANUEL,133
167083,"MOULINEX BLENDER 28L 600W LM458127",899,2,2,0,0,25-APR-026,PRINCE,223
186071,"WHISKEY GLASS SET 6PCS 330ML GRAY L35056 RJK",59,1,10,-9,-531,26-APR-026,SOMUAH,417
183456,"HARMONY PILLOW 50X7035CM 3DF 850GM",129,5,6,-1,-129,25-APR-026,GILBERT,495
189733,"PERLA STILL MINERAL WATER 1L 12",18.99,12,17,-5,-94.95,25-APR-026,EZEKIEL,149
190083,"LAMP SOLAR LAWN ENERGY",159,17,17,0,0,25-APR-026,NYARKO,179
200458,"FRYING PAN WLID 28CM FALU ZHNBLY 81120G28",209,1,7,-6,-1254,25-APR-026,QUEENCILLA,376
198493,"BATH SPONGE YWU",9.9,78,117,-39,-386.1,25-APR-026,VINOLIA,440
200750,"COOKING POT WLID 24CM FALU ZHNBAROLY 114224",279,5,5,0,0,25-APR-026,QUEENCILLA,376
21314,"MOULINEX SANDWICH MAKER 2 SLICE SM154042",429,4,4,0,0,25-APR-026,"COLLINS HAMMOND",233
26305,"PRINGLES SALTVINEGAR 165G  19",49.99,33,52,-19,-949.81,26-APR-026,NASHIBA,89
96186,"GREEN WORLD AUTO MACHINE COMPLETE 1REFILL  24",162.99,3,20,-17,-2770.83,25-APR-026,HAYFORD,457
02258,"BAKERS CREAM CRACKERS CRISP CRACKERS 200G  12",33.99,11,11,0,0,25-APR-026,DERRICK,96
102835,"AQUALIS BEAUTY SOAP BLUE 200G  36",11.99,12,12,0,0,25-APR-026,"ANANE KOJO",20
119849,"AMERICAN GOURMET PANCAKE SYRUP  24OZ   12",79.99,3,13,-10,-799.9,25-APR-026,"FELIX BOADU",66
122877,"SERVING BOWL MELAMINE 9 INCHES FEILU 72209",14.9,45,45,0,0,25-APR-026,REGINA,386
133912,"KERRYGOLD IRISH BUTTER UNSALTED 100G X 20",29.99,53,55,-2,-59.98,25-APR-026,EMMANUEL,133
134327,"FRESHDAYS LONG 72 X 6",69.99,12,13,-1,-69.99,26-APR-026,DANIEL,51
140593,"STRAINER FINE MESH 650ML PLASTIC L00840",39.9,24,24,0,0,25-APR-026,OTHNIEL,342
155623,"DINNER PLATE MELAMINE 9 INCHES FEILU 6709",9.9,68,68,0,0,26-APR-026,REGINA,391
151545,"GALAXY CONCEPT SPRAY   PASSIONE 200ML 12",31.99,19,18,1,31.99,26-APR-026,ELLA,35
149365,"MONT NATURAL MINERAL WATER 330ML 20",1.65,180,255,-75,-123.75,25-APR-026,EZEKIEL,149
150631,"PAPER FOLDING LX0429281",75,18,19,-1,-75,26-APR-026,"JERUSHA ",288
150693,"GOLDMAN PARANI COCOACINNAMON POWDER 400G  6",80.99,10,10,0,0,25-APR-026,AKORFA,59
150833,"HEAVEN INSECTICIDE SPRAY 600ML  24",59.99,19,28,-9,-539.91,26-APR-026,DANIEL,9
164394,"SIDE PLATE EMBOSSED 75 WK24002 RJK",14.9,26,26,0,0,25-APR-026,SOMUAH,412
161588,"DZIRE CEILING FAN 24 WHITE CF 24 WHOB",349,4,10,-6,-2094,25-APR-026,AKAYIRI,207
168858,"CHEF KNIFE 75 S2510 RJK",16.9,16,17,-1,-16.9,25-APR-026,"NANA KOJO",365
187650,"AROMA THERAPY 4",99,12,13,-1,-99,25-APR-026,HAYFORD,458
183650,"WESTINGHOUSE WHISKY GLASS WCGW0108",44.9,3,4,-1,-44.9,26-APR-026,SOMUAH,416
193040,"PEELER 5PCS SET ZHN HD131",16.9,43,64,-21,-354.9,25-APR-026,"NANA KOJO",367
193040,"PEELER 5PCS SET ZHN HD131",16.9,22,64,-42,-709.8,25-APR-026,"NANA KOJO",366
190657,"WALKER WPIANO RACK",299,1,1,0,0,25-APR-026,HADASSAH,266
191983,"DINNER SPOON 51G0359 ZHN",27.9,43,42,1,27.9,25-APR-026,OWUSU,370
200346,"AMERICAN CHEF KETCHUP PET 340G 24",16.99,35,35,0,0,25-APR-026,GLADYS,72
198440,"DINNER PLATE SQ 10INCH CERAMIC EMBOSSED YWU",39.9,11,11,0,0,26-APR-026,BLESSING,408
200439,"GOODYS LOVELY SHITOR VEGETARIAN 165G 12",61.99,2,2,0,0,26-APR-026,GIFTY,63
198730,"MUG WTEDDY 350ML CERAMIC YWU",44.9,24,24,0,0,25-APR-026,ROBIN,392
80581,"SINGLE PEELER",2.9,30,42,-12,-34.8,25-APR-026,DANIEL,KITCHEN
58207,"PILLOW TICK FILLED 48X74CM",129,2,2,0,0,25-APR-026,SHADRACK,513
65363,"TAMPICO CITRUS PUNCH DRINK 500ML 12",7.99,28,50,-22,-175.78,26-APR-026,DELIGHT,88
52767,"KALYON EXTRA SOFTENER LILIUM  LITMUS  750ML 12",43.99,8,8,0,0,25-APR-026,ALVIN,15
CL718,"CONTAINER 4900ML TRANSPARENT 30CMX21CMX12CM",29.9,19,18,1,29.9,25-APR-026,NIBOI,316
97320,"GULLON DIGESTIVE 33 REDUCED FAT 400G  15",37.99,12,12,0,0,25-APR-026,DORIS,97
97336,"WC NET CRYSTAL RIM BLOCK PINK FLOWERS  12",44.99,1,1,0,0,25-APR-026,ABASS,3
117316,"CHRISTMAS TREE 12M 300TIPS ELEGANT H16H",229,1,1,0,0,25-APR-026,DANIEL,XMAS
113454,"WATER BOTTLE PINEAPPLE 800ML PLASTIC L00758",22.9,2,3,-1,-22.9,26-APR-026,GILBERT,311
111403,"LITTLE FRIENDS MORAL STORY BOOK LEVEL 1 ED796",11.9,76,72,4,47.6,25-APR-026,HERBERT,282
14721,"EASY MOUZOO COCKTAIL JUICE GLASS BOTTLE  1L  6",32.99,9,13,-4,-131.96,25-APR-026,DORIS,99
145875,"SIDE PLATE EMBOSSED CERAMIC ESPSP01 RJK",9.9,166,176,-10,-99,25-APR-026,SOMUAH,411
153079,"SERVING TRAY MELAMINE 8 INCHES ZHN A0218",7.9,45,38,7,55.3,26-APR-026,ROBIN,392
164850,"CHOPPING BOARD WITH KNIFE",179,9,13,-4,-716,25-APR-026,"PAUL OWUSU",354
161931,"KIDS CUP BEAR WSTRAW 250ML GLASS SSPD C00521",14.9,4,4,0,0,25-APR-026,SYLVIA,426
159778,"PAPER BAG LARGE 250G 43X55X15CM",21.99,19,20,-1,-21.99,25-APR-026,"MICHAEL BOYE",302
181967,"LUNCH BOX PLASTIC WSPOON 750ML MYQ9311",42.9,35,35,0,0,25-APR-026,"MICHAEL BOYE",306
178099,"ARTIFICIAL FLOWER 5 BRANCH 30CM",24.9,2,60,-58,-1444.2,26-APR-026,ESINAM,462
193369,"THE LITTLE PRINCE",34.9,2,3,-1,-34.9,25-APR-026,HERBERT,282
194973,"TONG SILICONE ZHN HR22PC12DS",12.9,7,8,-1,-12.9,25-APR-026,PATIENCE,347
199887,"NASCO LED TV 43 SAT NASB43FBFL",2899,2,2,0,0,25-APR-026,LESTER,250
36651,"EVERYDAY PEPERONI BEEF SAUSAGE 500G 20",39.99,12,33,-21,-839.79,26-APR-026,NYARKO,182
42961,"KOTEX MAXI SANITARY PAD SUPER16",59.99,7,10,-3,-179.97,26-APR-026,"BOADI STEPHEN",51
202146,"SWING BIN HIPPO WLID 50 LT GREY GREEN UP237W212",299,0,11,-11,-3289,25-APR-026,HAYFORD,455
204405,"MCPHILIX PLANTAIN CHIPS RIPENED 200G  40",35.99,35,36,-1,-35.99,26-APR-026,MAHAMA,119
65358,"MULIK CHOCOLATE MILK DRINK 500ML 18",34.99,18,21,-3,-104.97,25-APR-026,CHRIS,61
51660,"EVERPACK TROLL  FLUFFY JASMIN  ALOE VERA 10X7 7",44.99,11,11,0,0,25-APR-026,BISMARCK,44
67502,"SHINE TOILET ROLL ULTRA SOFT 2PLY 10 ROLLS  7",47.99,2,14,-12,-575.88,26-APR-026,LESTER,50
96221,"DANO MILK  UHT SKIMMED  03 FAT 1L 12",31.99,16,35,-19,-607.81,26-APR-026,"GEORGE PUPLAMPU ",82
109966,"CASA DE CAMPO PEELED PLUM TOMATOES 400G 12",29.99,21,23,-2,-59.98,26-APR-026,GIFTY,63
136056,"JOHNNIE WALKER BLACK ICONS WHISKY 700ML 12",469.99,1,1,0,0,25-APR-026,EMMANUEL,129
131522,"GOODYS SPICY HOT SHITO  800G 12",149.99,10,-1,11,1649.89,26-APR-026,GIFTY,63
148794,"CLOTHES RACK 1 LAYER YWU",189,3,5,-2,-378,25-APR-026,FRANCIS,527
148794,"CLOTHES RACK 1 LAYER YWU",189,3,5,-2,-378,25-APR-026,FRANCIS,528
155142,"FLORA SMILE FRUBBER TISSUE 180X36  36",11.99,2,20,-18,-215.82,26-APR-026,"COLLINS HAMMOND",30
150588,"LINC PENTONIC BALL PEN AST BRT",7.9,40,1,39,308.1,26-APR-026,GIDEON,294
180265,"SLOTTED TURNER PEAR WOOD HANDLE AA2138",34.9,36,38,-2,-69.8,26-APR-026,PATIENCE,349
184108,"CERAMIC MUG EMBOSSED 330ML EBCM2330 RJK",12.9,20,20,0,0,25-APR-026,ROBIN,392
183623,"SOUP SPOON 6PCS 2954SS",24.9,1,1,0,0,25-APR-026,PHILEMON,358
195075,"KAMILA CHOCOLATE TRUFFLES MANGO 750G 8",94.99,13,14,-1,-94.99,26-APR-026,"EDDIE MENSAH",90
190666,"SOFA THROW 125X150CM ASSORTED MYQ9 1912",69,7,15,-8,-552,25-APR-026,ESINAM,487
200644,"TCL AC SPLIT 15HP INVERTER R32 TAC12CSDXA73I",4399,1,1,0,0,25-APR-026,"KINGSLEY OP",212
34901,"HABIBA COCOA BUTTER POMADE BS  250ML 6",27.99,5,7,-2,-55.98,25-APR-026,"BENEDICT ABBEY",37
36408,"2000 WIHTE SUGAR 1KG  10",37.99,5,5,0,0,25-APR-026,"EMMANUEL MENSAH",123
48454,"GINO TOMATO PASTE  MIX SACHET 200G  24",10.99,3,85,-82,-901.18,26-APR-026,CHRIS,60
87942,"COLGATETOOTHPASTE NAT EXT CHARCOALMINT 75ML 48",38.99,24,86,-62,-2417.38,25-APR-026,NTUMY,163
87942,"COLGATETOOTHPASTE NAT EXT CHARCOALMINT 75ML 48",38.99,70,86,-16,-623.84,25-APR-026,"BOADI STEPHEN",54
58208,"KINDER JOY FOR BOYS 20G 144",19.99,21,44,-23,-459.77,25-APR-026,"ABIGAIL YEVUGAH",158
53665,"MR MUSCLE KITCHEN CLEANERREFILL ORANGE 500ML  12",54.99,8,8,0,0,25-APR-026,"ADIATOR MOSES ",8
D641,"PURE HEAVEN PINEAPPLECOCONUT JUICE 1L 8",35.99,1,47,-46,-1655.54,25-APR-026,EMMANUEL,135
92749,"STICKY HOOK 3PC PLASTIC 022 YWU",6.9,103,116,-13,-89.7,25-APR-026,WISE,446
102613,"CERES SEASONS TREASURES JUICE 1L 12",44.99,5,8,-3,-134.97,25-APR-026,KWAFO,100
103406,"AKAI MICROWAVE OVEN 23L GRILL MW064A823MSMW073A",1599,1,3,-2,-3198,25-APR-026,WONDER,261
106894,"PARLE GINGER SNAP COOKIES 24G  72",1.09,60,100,-40,-43.6,26-APR-026,"KINGSLEY OP",94
110730,"LA VONCE TOMATO MIX SACHET 70G  100",2.19,49,49,0,0,26-APR-026,CHRIS,60
148449,"MUG 350ML CERAMIC GGK YWU",19.9,33,33,0,0,25-APR-026,"SAMUEL ADDO",398
149391,"STARFRESH PUMP SPRAY JUICE LEMON 200ML 36",13.99,3,44,-41,-573.59,25-APR-026,ABASS,2
161284,"CANVAS PAINTING BEACH 40X40CM PC233006",55,20,20,0,0,25-APR-026,GAD,472
171976,"WALL LIGHT 210031BG",229,1,2,-1,-229,25-APR-026,KWAFO,168
169705,"MOULINEX BLENDER WMILL 15L 450W BLACK LM2B2828",679,2,2,0,0,25-APR-026,PRINCE,230
183519,"WATER BOTTLE GRANDE 2000ML PHYL1020",79,1,3,-2,-158,26-APR-026,GILBERT,311
183754,"LG AC SPLIT 15HP R410 S12ATC",5899,1,1,0,0,25-APR-026,"KINGSLEY OP",212
194627,"WATER GUN 23CM ASST COL HCL O51007",12.99,8,8,0,0,25-APR-026,HANNAH,274
191721,"MYBISCUIT DIGESTIVES WHOLEMEAL BISCUIT 400G  6",89.99,2,2,0,0,25-APR-026,APPIAH,114
198725,"MUG 350ML CERAMIC LOVE YWU",34.9,18,24,-6,-209.4,25-APR-026,ROBIN,392
87297,"BINATONE SANDWICH MAKER 2 SLICE ST801",445,1,6,-5,-2225,25-APR-026,"COLLINS HAMMOND",233
89093,"PAINTING 60X60CM GEOMETRICAL AND FLOWERS",139,1,2,-1,-139,25-APR-026,SHADRACK,532
57745,"COKE PET 1L 6",14.99,1,97,-96,-1439.04,26-APR-026,ATITOGO,160
57745,"COKE PET 1L 6",14.99,84,97,-13,-194.87,26-APR-026,NTUMY,164
CL701,"PLATE SQUARE SMALL 20CMX20CMX3CM",4.9,43,43,0,0,25-APR-026,NASHIBA,334
N570,"EVERPACK TOILET ROLL FLUFFY 4ROLLS 6",17.99,2,8,-6,-107.94,25-APR-026,ELLA,31
D853,"BINE STAIN REMOVER 0 5L  20",22.99,19,20,-1,-22.99,25-APR-026,"ADIATOR MOSES ",8
N862,"CAMEL ZESTY LIME FRESH LIQUID 500ML 24",56.99,18,25,-7,-398.93,26-APR-026,QUEENCILLA,42
93420,"BAUDUCCO WAFER WITH CHOCO FLAV FILLING 30G 168",3.49,118,179,-61,-212.89,25-APR-026,ATITOGO,160
94183,"FILLED CUSHION 65X65CM FUR  ASTD5",85,4,5,-1,-85,25-APR-026,GLADYS,506
08571,"STUTE SUPERIOR TROPICAL JUICE  15L  6",51.49,9,9,0,0,25-APR-026,KWAFO,103
108469,"FIZZY SODA WATER 350ML 16",3.19,13,79,-66,-210.54,25-APR-026,DELIGHT,87
129710,"DISH RACK 2LAYER 42CMX34CMX37cm PLASTIC YWU",229,1,1,0,0,25-APR-026,NASHIBA,336
132410,"GIFT WRAP PAPER REDBLUEDGREEN 53X75CM SXX2361",9.99,5,8,-3,-29.97,26-APR-026,OTHNIEL,137
147575,"MOMEASY BRUSH WCOMB SET 45903",38.9,2,2,0,0,25-APR-026,HADASSAH,267
153470,"CLIP FILE PUNCHLESS CLASSIC A4 SAYA SY101A",25,34,36,-2,-50,25-APR-026,MARIAM,290
157664,"DUSTBIN MATT SWING WHT 5L 19X19Xh30CM PP50601",59,9,9,0,0,25-APR-026,SOMUAH,413
157757,"MORPHEUS BLUE XO PREMIUM BRANDY 750ML 12",219.99,4,4,0,0,25-APR-026,MAHAMA,115
179795,"DESKTOP SWING BIN STUDENT 1500ML PLASTIC 3063",29.9,9,9,0,0,25-APR-026,SOMUAH,413
185887,"STAEDTLER COLOUR PENCIL WBRUSH 36PCS 144 10ND360",179,4,4,0,0,26-APR-026,MARIAM,291
184556,"SERVING TRAY MELAMINE 14 INCHES ZHN F01814",14.9,50,50,0,0,25-APR-026,ROBIN,392
184614,"SOUP PLATE 8INCH CERAMIC STKLT SK13 RJK",9.9,44,69,-25,-247.5,26-APR-026,BLESSING,410
190994,"3PCS BEDSHEET SET KG SL 240X270CM  WHITE",159,14,22,-8,-1272,25-APR-026,SHADRACK,510
191057,"KIVO 4 IN 1 GARI SOAKING MIX  IN CUP 125G  12",10.99,40,47,-7,-76.93,25-APR-026,"FELIX BOADU",66
36357,"DEVA WC GEL MOUNTAIN FRESH 750ML 18",27.99,28,13,15,419.85,25-APR-026,ALVIN,13
22279,"KOPIKO COFFEE CANDY 175G  150G  24",23.99,11,10,1,23.99,26-APR-026,"EDDIE MENSAH",90
37639,"DEVA SURFACE CLEANER PINE 1L   12",30.99,15,15,0,0,25-APR-026,"ADIATOR MOSES ",7
25978,"UMBRELLA LADYS FOLDABLE",45.9,16,16,0,0,25-APR-026,RANDY,33
205401,"FRUTAS TREASURE 100 NAT CAR STR APPJUICE 330ML 15",25.99,1,12,-11,-285.89,25-APR-026,EMMANUEL,135
71248,"COOL BREEZE HANGING AIR FRESHNER VANILLA 11G  24",18.99,21,21,0,0,25-APR-026,ABASS,3
60785,"NIVEA COCOA BUTTER LOTION  250ML   12",61.99,6,19,-13,-805.87,26-APR-026,ELLA,36
CL623,"PET JAR SQUARE 500ML 85CMX85CMX10CM",3.7,48,48,0,0,25-APR-026,"NANA ADJEI ",328
N115,"GEISHA MACKEREL 155G 50",12.99,51,59,-8,-103.92,26-APR-026,"EMMANUEL MENSAH",124
95402,"COKE PET 300ML 12",6.49,108,123,-15,-97.35,26-APR-026,DANIEL,165
00634,"SERVING BOWL MELAMINE 9 INCHES ZHN C0459",22.9,15,15,0,0,25-APR-026,REGINA,387
105812,"DOVE SHOWER GEL PISTACHIO 500ML 20",70.99,12,23,-11,-780.89,25-APR-026,"ANANE KOJO",22
127339,"EXETER CHICKEN LUNCHEON MEAT 320G 24",32.99,35,36,-1,-32.99,26-APR-026,APPIAH,126
135968,"HAAGEN DAZS VANILLA AND CREAM 460ML 8",133.99,4,9,-5,-669.95,25-APR-026,DANIEL,XMAS
133384,"PARLE MALTY BISCUITS 45GG 48",2.29,56,54,2,4.58,26-APR-026,DERRICK,96
147568,"MOMEASY TRAINING CUP 450ML 46509",39.9,1,2,-1,-39.9,25-APR-026,GILBERT,313
155910,"ROSSWOOD CASHEW NO ADDED SALT 40G  48",21.99,51,36,15,329.85,25-APR-026,"FELIX BOADU",154
153266,"LAV STEMWARE 3PCS LVEMP568A",59,11,11,0,0,25-APR-026,SOMUAH,414
149389,"STARFRESH PUMP SPRAY APPLE NECTAR 200ML 36",13.99,1,23,-22,-307.78,26-APR-026,ABASS,3
149429,"KODAK PORTABLE WIRELESS SPEAKER PWS2245",365,4,5,-1,-365,25-APR-026,NYARKO,178
151234,"LONG SPATULA PL FRC 2744112",29.9,5,5,0,0,25-APR-026,"NANA KOJO",367
159464,"PLUSH TOY DOG 57CM",249,25,22,3,747,25-APR-026,HANNAH,276
162310,"BOTTLE OPENER SS WOOD HANDLE ILC MC73054 RJK",9.9,18,18,0,0,25-APR-026,OWUSU,370
175460,"NASCO LED TV 50 SAT NASJ50FBFL",5639,1,1,0,0,26-APR-026,LESTER,250
173725,"KIVO 100 NATURAL CURRY PLUS POWDER 50G 80",5.49,50,50,0,0,25-APR-026,GIDEON,67
181131,"BELL PEPPER PACK DG",55.99,3,2,1,55.99,25-APR-026,JIMOH,134
187007,"MUG 3PCS SET 360ML CERAMIC DESIGNER YWU",49.9,25,25,0,0,25-APR-026,"SAMUEL ADDO",398
188277,"GINO JOLLOF TOMATO MIX 380G  24",16.99,24,30,-6,-101.94,26-APR-026,EMMANUEL,127
188277,"GINO JOLLOF TOMATO MIX 380G  24",16.99,18,30,-12,-203.88,26-APR-026,CHRIS,60
186917,"BATHMAT 50X80CM D4 CT ASTD 4COLORS JBT52204",49,29,37,-8,-392,25-APR-026,"SAMUEL ADDO",401
184037,"STASOFT FABRIC SOFT OCEAN FRESH STP121220ML 12",27.99,0,21,-21,-587.79,26-APR-026,"ARTHUR JONADAB",27
184390,"CLOTHES HANGER 3PCS SET 44CM WOODEN M2302 YWU",29.9,6,4,2,59.8,25-APR-026,VICTORIA,436
193358,"ROMEO AND JULIET POCKET CLASSIC",19.9,3,4,-1,-19.9,26-APR-026,JERUSHA,284
192831,"MELAMINE PLATE 10INCH 49410",16.9,39,39,0,0,25-APR-026,REGINA,388
19645,"LELE TUNA SLICES IN VEGETABLE OIL 125G  24",28.99,9,9,0,0,26-APR-026,"EMMANUEL MENSAH",124
202517,"MONTY MOON CHIPS BANANA 25G  50",2.99,25,64,-39,-116.61,25-APR-026,"EMMANUEL MENSAH",121
202595,"MIND SNACKS GRANOLA GHANOLA 200G  20",50.99,16,17,-1,-50.99,25-APR-026,"KINGSLEY OP",91
65905,"SUNNY GOLD WHITE SUGAR STICKS 500G 24",38.99,36,35,1,38.99,25-APR-026,"EMMANUEL MENSAH",123
61348,"ORIJIN SPIRIT MIXED DRINK 300ML 24",13.99,15,274,-259,-3623.41,25-APR-026,EMMANUEL,135
68568,"FOGG FRAGRANCE BODY SPRAYDYNAMIC  120ML   72",52.99,18,54,-36,-1907.64,26-APR-026,ELLA,35
CL675,"PET JAR ROUND 500ML 85CMX125CM",3.5,35,20,15,52.5,25-APR-026,"NANA ADJEI ",328
H0550,"LARTISAN MAPLE PECAN COOKIES",29.99,1,1,0,0,25-APR-026,EMMANUEL,132
CL759,"CRISPER CONTAINER RND 2000ML 16CMX14CM",7.9,21,21,0,0,25-APR-026,NASHIBA,334
96821,"DOVE MEN ROLL ON COOL FRESH 50ML 6",23.99,12,27,-15,-359.85,26-APR-026,ELLA,35
07498,"EMBOSSED BOWL 6 INCHES SW006E RJK",12.9,8,9,-1,-12.9,26-APR-026,BLESSING,408
129307,"KIDS BOTTLE WSTRAW 400ML PLASTIC L00756",19.9,10,10,0,0,25-APR-026,GILBERT,313
120846,"CUSSONS BABY WIPES MILD  GENTLE 80 SHEETS  24",23.99,24,24,0,0,26-APR-026,PHILEMON,10
124706,"AYIKOO NAPKIN 100PCS   15",6.49,2,2,0,0,26-APR-026,"COLLINS HAMMOND",30
134631,"FELIGHT CAT LITTER ANTIBACTE CRYST LEMON 18KGS 4",134.99,6,6,0,0,25-APR-026,ABASS,1
141380,"BAR TOOL SET 6PCS 52059",89,12,12,0,0,25-APR-026,PHILEMON,356
149499,"BAYARA CORIANDER POWDER 330ML 120G",26.99,10,-1,11,296.89,25-APR-026,BISMARCK,45
164756,"LOCAL CUCUMBER 300G PACK  TGO",9.99,3,3,0,0,25-APR-026,JIMOH,134
159466,"PLUSH TOY DOG 72CM",299,2,11,-9,-2691,25-APR-026,HANNAH,276
161504,"CURTAIN FOILED 54X90 CAMEL",129,12,12,0,0,25-APR-026,GILBERT,500
183440,"STRAINER ZHN 0945",9.9,2,2,0,0,25-APR-026,OTHNIEL,343
193529,"STEMWARE 3 PCS SET SLEEVE PACK LVNEV570A",69,6,6,0,0,25-APR-026,SOMUAH,414
194965,"LADLE SLOTTED TURNER SILICONE ZHN HR22PC15DS",9.9,43,43,0,0,25-APR-026,PATIENCE,347
198904,"SLEMFIT MINERAL WATER 500ML 16",1.69,128,245,-117,-197.73,25-APR-026,EZEKIEL,146
36384,"ALPRO SOYA UNSWEETENED 1L 8",56.99,25,29,-4,-227.96,25-APR-026,CHRIS,61
44417,"DINNER PLATE MELAMINE 10 INCHES ZHN G3300610",19.9,68,68,0,0,25-APR-026,BLESSING,407
202592,"FROSTED PLATE 14 B16214",14.9,47,45,2,29.8,25-APR-026,OTHNIEL,338
79119,"KASAPREKO BLACK ROCK HONEY WHISKY 750ML 12",46.99,12,28,-16,-751.84,26-APR-026,EMMANUEL,127
60898,"ANDRE  BRUT SPARKLING WINE 750ML  12",124.99,8,8,0,0,25-APR-026,APPIAH,111
53984,"8 MATTRESS 180X200CM HD KS LAT",2699,1,5,-4,-10796,25-APR-026,SHADRACK,520
98508,"AMALFI BODY MILK WILD ROSE 500ML  15",28.99,9,9,0,0,25-APR-026,"BENEDICT ABBEY",37
103896,"BLING DISHWASH GEL 5L  4",79.99,7,4,3,239.97,26-APR-026,"ARTHUR JONADAB",28
104888,"FANMILK YAOURT NATURE SKIMMED YOGHURT 125G 24",10.49,8,9,-1,-10.49,26-APR-026,TITUS,21
109771,"DUSTBIN WLID WHIRLPOOL DESIGN 11L PLASTIC M133",69,4,4,0,0,25-APR-026,DANIEL,XMAS
120231,"FLASK 10L COOL TRAVELLER 3583",179,1,1,0,0,25-APR-026,"MORGAN ",325
110110,"HORNBILL PURE  COCONUT OIL 500ML 24",63.99,13,13,0,0,26-APR-026,"NANA ADJEI",48
116122,"LED CHANDELIER 4COLOR 3032",849,1,2,-1,-849,25-APR-026,KWAFO,531
113183,"MIKSI CHOCO  3 IN 1 SACHET 35G  120",4.19,30,58,-28,-117.32,25-APR-026,"DAVID BRUNO",79
125781,"ICE CREAM CUP QUDRO 6PCS SET 250ML DXB N3056",89,1,1,0,0,25-APR-026,"STEPHEN ACQUAH",418
127775,"PARMALAT DAIRY SNACK PINEAPPLE YOGURT  100G 12",39.99,14,14,0,0,25-APR-026,CHRIS,61
120808,"JAMAA DETERGENT 850G  10",23.99,5,25,-20,-479.8,26-APR-026,ALVIN,17
121313,"VARTA BATTERY LONGLIFE POWER AA BLISTER 2",36,3,31,-28,-1008,26-APR-026,"ABIGAIL YEVUGAH",158
122728,"UNIMAX JOYMATE BALLPEN BLACK 10MM FBJYMBK10",1.49,50,3,47,70.03,26-APR-026,MARIAM,295
122733,"UNIMAX TRIO BALLPEN RED 10MM FBTIORD27",3.99,408,249,159,634.41,26-APR-026,MARIAM,295
130187,"STEM GLASS SAVOIE 35CL L583150463",349,11,14,-3,-1047,25-APR-026,"STEPHEN ACQUAH",420
146225,"WINDOW SHADE YE3160X180 BEIGE",429,2,2,0,0,25-APR-026,"GERALD SACK ",479
148838,"LUNCH BOX WTRANSPARENT LID PLASTIC YWU",49.9,4,4,0,0,25-APR-026,"MICHAEL BOYE",305
153252,"LA TEQUILITA SILVER TEQUILA 900ML 6",146.99,17,7,10,1469.9,25-APR-026,MAHAMA,116
151278,"ATMOSPHERE LIGHT",159,6,6,0,0,25-APR-026,KWAFO,172
163444,"BRUHM LED TV 55 SAT SMART UHD BTF55V",9499,1,1,0,0,25-APR-026,LESTER,250
157869,"LEMONS IMPORT PACK 500G",26.99,8,9,-1,-26.99,25-APR-026,JIMOH,134
162254,"WALL LIGHT WW 6068BK",109,1,1,0,0,25-APR-026,KWAFO,166
172981,"KIDS TRICYCLE WMUSIC JTS701",329,-4,1,-5,-1645,26-APR-026,"GEORGE PUPLAMPU",467
174518,"DOMS BALL PEN INXIFY SOFTY BLACK 5PCS 80300",6.9,1,1,0,0,26-APR-026,GILBERT,294
168369,"DINNER PLATE W2MM GOLD RIM 105 FBD55C2013F RJK",19.9,1,3,-2,-39.8,26-APR-026,BLESSING,409
180282,"SKIMMER WROSEWOOD HANDLE RH2005",22.9,28,59,-31,-709.9,26-APR-026,PATIENCE,349
178117,"SHOWER CURTAIN WPLASTIC HOOK 70X72",55,1,1,0,0,25-APR-026,VICTORIA,434
186990,"WOODEN PUZZLE AZ 26PCS",29.9,3,3,0,0,25-APR-026,JUSTICE,270
187968,"JOJONAVI PINK GUAVA FRUIT CAN JUICE DRINK 330ML 24",13.49,45,51,-6,-80.94,25-APR-026,DELIGHT,86
184404,"NASCO COFFEE MAKER 1200W CAFECM7000GS",599,3,3,0,0,25-APR-026,LESTER,249
193354,"AS YOU LIKE IT POCKET CLASSIC",19.9,5,3,2,39.8,25-APR-026,JERUSHA,287
192850,"CURTAIN JQ LT GREY 54X90 PL 226",119,5,6,-1,-119,25-APR-026,GIFTY,492
192258,"PENDANT LIGHT NET DESIGN 3BULBS S24953",429,1,1,0,0,25-APR-026,KWAFO,167
38487,"FRYTOL VEGETABLE COOKING OIL 18L 6",76.99,12,10,2,153.98,26-APR-026,"RANDY ALHASSAN",47
32101,"EVERPACK TRASH BAG LARGE 55L  6",53.99,26,22,4,215.96,25-APR-026,"ARTHUR JONADAB",26
25979,"UMBRELLA MANS FOLDABLE",35.9,33,32,1,35.9,25-APR-026,RANDY,33
26305,"PRINGLES SALTVINEGAR 165G  19",49.99,19,52,-33,-1649.67,26-APR-026,DERRICK,96
202338,"GOLDEN VICTORIA CLOVES BLACK TEA 60G 24",17.99,24,26,-2,-35.98,25-APR-026,AKORFA,57
78431,"TETLEY GREEN TEA PURE  20S  4",52.99,1,1,0,0,25-APR-026,AKORFA,58
64711,"SUNRISE CREEK RED DRY WINE  11 VOL  750ML",74.99,15,15,0,0,25-APR-026,APPIAH,112
90634,"CURTAIN ROD EXTANDABLE SIZE 210300 11032300DG",95,3,3,0,0,26-APR-026,GAD,474
96186,"GREEN WORLD AUTO MACHINE COMPLETE 1REFILL  24",162.99,17,20,-3,-488.97,26-APR-026,ABASS,3
95409,"SPRITE ZERO PET 300ML 12",6.49,18,98,-80,-519.2,25-APR-026,DELIGHT,87
127331,"SAMSUNG LED TV 43 SATELLITE UA43N5000AUXGH",6399,1,2,-1,-6399,25-APR-026,LESTER,250
126220,"AIRPRO  AIRREFRSHNER ORGANIC CAN  NEW CAR 42G 24",39.99,20,22,-2,-79.98,26-APR-026,ABIGAIL,5
148406,"PLACEMAT ROUND GOLDSILVER 6PCS",79,8,8,0,0,25-APR-026,GIFTY,490
165919,"HYSON ASSORTED FIESTA COLLEC BLACK TEA 20S 40G 24",42.99,29,29,0,0,25-APR-026,AKORFA,58
159560,"GALAXY PLUS CONCEPT SPRAY AQUA  200ML 12",31.99,14,16,-2,-63.98,26-APR-026,ELLA,35
162286,"PIZZA CUTTER SS WOOD HANDLE ILC MC7300965 RJK",19.9,11,20,-9,-179.1,25-APR-026,OWUSU,370
161583,"DZIRE CEILING FAN 56 SMOKE BROWN CF 56 BDEC POLO",419,11,11,0,0,25-APR-026,AKAYIRI,207
179133,"SUNFLOWER WINDMILL TOYS 31CM",13.9,8,8,0,0,25-APR-026,HADASSAH,269
186038,"GLASS JUG WCUP 7PCS SET 1680260ML 19117DDE RJK",149,1,5,-4,-596,25-APR-026,"SYLVIA ",425
186040,"GLASS JUG WCUP 7PCS SET 1800210ML 19137DDE RJK",149,1,4,-3,-447,25-APR-026,"SYLVIA ",425
186717,"COOKWARE SET 12PCS SSTEEL HROLAND HR1721",799,1,1,0,0,25-APR-026,"PAUL OWUSU",351
192659,"GIFT BAG SMALL 210G 18X23X10 KRB2169S14",6.99,11,11,0,0,25-APR-026,"MICHAEL BOYE",302
190714,"WESTINGHOUSE FRY PAN WGLASS LID 28CM WCCC206528",219,5,5,0,0,25-APR-026,OWUSU,371
198581,"SERVING TRAY 40X28X4CM PLASTIC YWU",139,23,23,0,0,25-APR-026,NIBOI,314
207252,"COOKWARE SET 7PCS SSTEEL 3PLY KSKSETA",1899,1,2,-1,-1899,25-APR-026,OWUSU,374
29832,"MEGA CLEAR DRAIN CLEANER CHOKE FREE 1L 12",59.49,11,11,0,0,25-APR-026,"ADIATOR MOSES ",8
21721,"SHINE BAGASSE 10INCH 3SEC ROUND PLATES 25PCS  20",83.49,1,25,-24,-2003.76,25-APR-026,HADASSAH,268
202342,"TECNO MOBILE POP 20 4GB128GB KN3",1629,1,3,-2,-3258,25-APR-026,NYARKO,177
202601,"PERK CHOCOFILLED COOKIES 70G  36",10.99,20,20,0,0,25-APR-026,DERRICK,96
87987,"JUVER SELECCION ORANGE BOTTLE JUICE  850ML  12",42.49,13,13,0,0,26-APR-026,DELIGHT,88
91551,"COLGATE MOUTH WASH PLAX PEPPERMINT 500ML 12",82.99,19,18,1,82.99,25-APR-026,"BOADI STEPHEN",53
08497,"PASCUAL YOGHURT TC APRICOT  MANGO 125GX4 6",64.99,4,4,0,0,25-APR-026,CHRIS,61
101897,"KITCHEN TOWELS SET 3PCS WOVEN CHECK 16X24 DC652",24.9,4,5,-1,-24.9,25-APR-026,ELLA,31
106770,"PROXON ICE CHEST SET 4PCS WESKIMOPLATIN TPX2061",1099,2,2,0,0,26-APR-026,OTHNIEL,338
107898,"ELTRUT CHICKEN SAMOSA 8PCS  380G 1",50.99,4,14,-10,-509.9,25-APR-026,EVELYN,141
117097,"KENWOOD MICROWAVEOVEN 30L GRILLDGT BLK MWM30000BK",3439,2,3,-1,-3439,25-APR-026,RICHMOND,264
118278,"EASY MOUZOO GRAPE NECTAR GLASS BOTTLE 1L  6",32.99,6,21,-15,-494.85,26-APR-026,EMMANUEL,127
115208,"CUP 450ML WSTRAW DOUBLE LAYER CS003 YWU",49.9,18,17,1,49.9,25-APR-026,"MICHAEL DADZIE",308
113933,"CHILDREN HEALTH EDUCATION BOOK 1",24.9,8,18,-10,-249,26-APR-026,HERBERT,283
121037,"MEMORY CARD GAME  ANIMALS 3YRS 50765",38.9,2,2,0,0,25-APR-026,HERBERT,279
132949,"DINNER PLATE MELAMINE 11 INCHES FEILU 500116",14.9,72,72,0,0,26-APR-026,BLESSING,409
141779,"JAGERMEISTER 40ML 96",35.49,15,16,-1,-35.49,25-APR-026,EMMANUEL,129
145534,"SKEWER WWOODEN HANDLE SS 1956 A",9.9,9,9,0,0,25-APR-026,"NANA KOJO",366
157687,"DUSTBIN MATT SWING SLR 5L 19X19Xh30CM PP50605",59,12,12,0,0,25-APR-026,SOMUAH,413
175100,"WALL MIRROR IRON 60X88X26CM BLACK M40275",599,1,1,0,0,25-APR-026,FRANCIS,527
168371,"ARTIFICIAL PLANT 4 COLOR MIX",99,2,6,-4,-396,26-APR-026,FRANCIS,525
194626,"WATER GUN 24CM ASST COL  HCL O51006",16.99,5,6,-1,-16.99,25-APR-026,HANNAH,274
195071,"GEOTOX AGAINST CRAWLING INSECTS 200G 50",50.99,24,35,-11,-560.89,26-APR-026,TITUS,21
192318,"MOP BUCKET WWHEELS AND MOP W2 REFILS 8L T130029",409,3,3,0,0,25-APR-026,WISE,451
190618,"GIFT BAG 18X23CM",6.9,7,7,0,0,25-APR-026,"MICHAEL BOYE",302
200294,"HH MACKEREL IN TOMATO SAUCE 155G 50",11.99,103,103,0,0,26-APR-026,"EMMANUEL MENSAH",124
197908,"VIP TROLLEYCASE WWHEEL 8W RETREAT MD RETRTW8LGN",599,1,1,0,0,25-APR-026,MARYLAND,296
29838,"MEGA CLEAR URINEX URINELIMESCALE REMOVER 1L 12",54.99,14,14,0,0,25-APR-026,ALVIN,13
76415,"VOLTPLUS AVS TV GUARD 5A AVS5ABVPTGAVS5T",165,8,13,-5,-825,25-APR-026,WONDER,243
X815,"PRIMA MULTIPURPOSE CLEANER 45L 6",79.99,2,4,-2,-159.98,26-APR-026,"GIDEON GBLOGAH",12
CL695,"TIARA BOWL WLID 1000ML 18CMX16CMX7CM",12.9,4,4,0,0,25-APR-026,NASHIBA,333
D483,"INALCA BEEF PATE 400G  24",26.99,21,23,-2,-53.98,26-APR-026,APPIAH,126
N857,"CUSSONS BABY SOAP MILD GENTLE 70G 96",5.99,71,59,12,71.88,26-APR-026,LESTER,50
97361,"GRAPE WHITE SEEDLESS SMALL  PACK",29.99,1,1,0,0,25-APR-026,JIMOH,134
109724,"ICE CREAM MOULD PAN HEAVY DUTY 5L SS WH1312 RJK",179,4,20,-16,-2864,25-APR-026,"ALHASAN RANDY",383
109776,"LOCK  FIT CONTAINER SET OF 4PCS PLASTIC M1369",109,10,9,1,109,25-APR-026,"NANA ADJEI",329
110116,"KENWOOD BLENDER WMILL 2L 1000W BLM45240SS",1179,3,3,0,0,25-APR-026,PRINCE,224
110193,"SERVING TRAY MELAMINE 15 INCHES ZHN 318155",24.9,23,30,-7,-174.3,26-APR-026,QUEENCILLA,379
110663,"MEANNAN FINEST QUALITY GARI 2K 6",49.99,18,13,5,249.95,25-APR-026,"FELIX BOADU",66
124068,"DART BOARD 43CM W6PCS DARTS BL17115",109,1,1,0,0,26-APR-026,"GEORGE PUPLAMPU ",467
130172,"GLASS STEM EQUIP HOME  24CL  FRC J1101",32.9,24,24,0,0,25-APR-026,SYLVIA,426
157392,"AMALFI MOISTURING CREAM ROSEHIP  200 ML 12",26.49,4,5,-1,-26.49,26-APR-026,"PAUL OWUSU",38
149813,"PHILIPS LED GU10 SPTL 4650W 830 36D 3000K",29,24,23,1,29,25-APR-026,KWAFO,170
149836,"VOLTPLUS EXTENSION SOCKET 3W2M USB VPEC3W2M1SUC",169,13,13,0,0,26-APR-026,LESTER,254
164218,"COFRUTOS APPLE BOTTLE JUICE 1L  6",48.99,11,11,0,0,25-APR-026,DORIS,99
174892,"DERBY SHAVING CREAM FRESHNERS  OF NATURE 100ML  12",37.99,29,5,24,911.76,25-APR-026,"BOADI STEPHEN",53
171658,"THE ASSASSINS BLADE",129,3,3,0,0,26-APR-026,JERUSHA,284
175034,"ALL TIME FAVOURITE JATAKA TALES EB1272",24.9,22,22,0,0,26-APR-026,HERBERT,282
168063,"THREE DRAWER STORAGE CABINET 64X35X725CM 231001",1299,1,1,0,0,26-APR-026,SHADRACK,521
166976,"THE PICTURE OF DORIAN GRAY",22.9,2,2,0,0,25-APR-026,HERBERT,282
168561,"HH RICH TEA CREAMS STRAWBERRY 32G  72",1.39,12,83,-71,-98.69,25-APR-026,"EDDIE MENSAH",108
168686,"SPOON LADLE SS WWOOD HANDLE 8MM ROSEWOOD AA1812",35,9,54,-45,-1575,26-APR-026,PATIENCE,348
183598,"CERAMIC SIDE PLATE 8 24FDL020 RJK",19.9,19,39,-20,-398,26-APR-026,BLESSING,410
185288,"ONGA CHICKEN SEASONING 50G  80",4.69,31,32,-1,-4.69,25-APR-026,GIDEON,67
193122,"TEFAL LADLE K0060212",34.9,5,5,0,0,25-APR-026,OWUSU,368
190023,"AKAI LED LIGHT RECHARGEABLE 60SMD LS032A883",169,23,23,0,0,25-APR-026,NYARKO,178
197723,"DINNER SET PORCELAIN WHITE 36PCS SW036W",299,1,1,0,0,25-APR-026,BLESSING,405
44080,"VITAMILK SOYMILK 250ML  36",11.29,63,63,0,0,25-APR-026,CHRIS,61
204058,"NASCO CHEST FREEZER SD 100L NAS150FLG",2099,1,1,0,0,25-APR-026,"JOSEPH PATRICK",204
206077,"GREEN PEPPER PACK SLV",25.99,1,-2,3,77.97,25-APR-026,JIMOH,134
206084,"CUCUMBER PACK SLV",13.99,16,17,-1,-13.99,25-APR-026,JIMOH,134
65361,"MULIK VANILLA MILK DRINK 500ML 18",36.99,9,16,-7,-258.93,25-APR-026,CHRIS,61
54507,"FANTA COCKTAIL PET 15L 6",23.99,6,6,0,0,25-APR-026,NTUMY,163
A805,"KAISER SCHNAPPS 750ML 12",120.99,5,5,0,0,25-APR-026,MAHAMA,116
X722,"PRINGLES PAPRIKA 40G   12",19.99,19,19,0,0,26-APR-026,NASHIBA,89
108468,"FIZZY COLA DRINK 350ML 20",3.19,80,109,-29,-92.51,26-APR-026,NTUMY,164
111639,"BLOSSOM HILL CRISP  FRUITY  ROSE 5WINE 750ML 6",84.99,3,3,0,0,25-APR-026,APPIAH,113
14314,"MARILAN WAFER CHOCOLATE  BISCUIT 115G  24",9.69,19,35,-16,-155.04,26-APR-026,"KINGSLEY OP",94
155771,"BOTTLE MUSTARD 660CC PLASTIC 161322002",19.9,12,12,0,0,25-APR-026,"NANA ADJEI",355
156580,"ARTIFICIAL FLOWER",79,4,5,-1,-79,26-APR-026,ESINAM,462
154753,"XBLOCK HAIR WAX GREEN 150ML 48",32.99,10,12,-2,-65.98,26-APR-026,"PAUL OWUSU",38
150777,"SPRITE ZERO PET 1L 4",15.99,4,62,-58,-927.42,26-APR-026,NTUMY,164
149811,"PHILIPS LED SPOTLIGHT BLACK 2X50W 230V 92900325321",159,1,1,0,0,25-APR-026,KWAFO,168
151040,"BIGOO COCONUT DRINK 350ML 20",2.99,80,124,-44,-131.56,26-APR-026,NTUMY,164
164570,"ALCOBREW SINGLEOAK SELECT GRAIN WHISKY MC 750ML 12",99.99,5,5,0,0,26-APR-026,MAHAMA,118
16828,"NIVEA NOURISHING MILK LOTION 400ML 1280203",69.99,22,24,-2,-139.98,25-APR-026,"BENEDICT ABBEY",37
179510,"AKAI SOUND BAR WSUBWOOFER 180W SB005A013",1399,1,1,0,0,25-APR-026,JUSTICE,194
180216,"PRINCESS MICELLAR  WATER HYG PLUS 250ML  36",18.99,6,7,-1,-18.99,26-APR-026,"BOADI STEPHEN",53
185374,"3PCS BEDSHEET SET K 270X250CM PRINT ASS 03BT1029",119,23,33,-10,-1190,26-APR-026,GAD,474
184251,"SAMSUNG WASHING MACHINE FL 11KG7KG WD11DB7B85GBNQ",17489,1,1,0,0,25-APR-026,AKAYIRI,203
185191,"AKAI STANDING FAN 18 EF126A1839S",599,1,1,0,0,25-APR-026,AKAYIRI,207
194950,"COOKING BRUSH SILICONE ZHN ZC2A",6.9,20,20,0,0,25-APR-026,PATIENCE,348
193131,"PLUSH TOY 50CM",199,2,2,0,0,25-APR-026,HANNAH,276
200329,"HH DELICIOUS ALL PURPOSE MARGARINE 250G 60",9.99,79,79,0,0,26-APR-026,PRINCE,64
200799,"FRYING PAN 20CM FALU ZHNBAROLY 2608G20",139,7,7,0,0,25-APR-026,QUEENCILLA,379
195711,"SWING BIN PLASTIC 8L HL0184CCC",26.9,12,12,0,0,25-APR-026,SOMUAH,413
19577,"CHTAURA FIELDS HOMMOS TAHINA 400GR 24",14.99,2,2,0,0,25-APR-026,GLADYS,71
42649,"SUNNY BROWN SUGAR CUBES 700G  12",36.99,23,23,0,0,25-APR-026,"EMMANUEL MENSAH",122
204559,"MARILAN BISC MARIE COCONUT 300G  24",16.99,12,32,-20,-339.8,25-APR-026,EMMANUEL,127
202999,"BEL SQUEEZE COCKTAIL SUGAR FREE PET 350ML 20",2.79,16,1,15,41.85,25-APR-026,DELIGHT,87
87583,"JAFK ROASTED GROUNDNUT 220G  24",24.99,20,20,0,0,25-APR-026,"FELIX BOADU",66
56619,"AFRICA FACIAL TISSUE 2PLY 150TISSUES   36",11.49,10,29,-19,-218.31,26-APR-026,BISMARCK,29
106994,"AQUALIS LUXURY BATH SOAP WITH MILK 300G  24",17.99,24,34,-10,-179.9,25-APR-026,"ANANE KOJO",20
118046,"NIVEA FACE Q10 DAY CARE 50ML  12",198.99,1,2,-1,-198.99,25-APR-026,"BOADI STEPHEN",53
110230,"HEX DUMBBELL HD125KG",459,1,2,-1,-459,26-APR-026,"GEORGE PUPLAMPU",467
122457,"AIRWICK REED DIFFUSER PUMPKIN SPICE 25ML 5",72.49,2,2,0,0,26-APR-026,ABIGAIL,5
13476,"LELE THAI RICE 5KG 5",210.99,30,63,-33,-6962.67,26-APR-026,GIDEON,69
137073,"DR TEALS COCONUT LOTION 532ML  12",120.99,5,5,0,0,25-APR-026,"BENEDICT ABBEY",37
129610,"OPENER 125X4 YWU",4.9,2,3,-1,-4.9,25-APR-026,OWUSU,368
129919,"LAYS THAI SWEET CHILLI 23G  30",8.99,3,9,-6,-53.94,25-APR-026,"EMMANUEL MENSAH",121
131241,"BABY BIB COTTON  46077",24.9,125,121,4,99.6,25-APR-026,HADASSAH,267
148790,"YOGA MAT 61173CM 3MM MIX COLOR 1",59,4,4,0,0,25-APR-026,CHARLES,464
141440,"TONG SPAGHETTI PIPE HANDLE 9  59056",9.9,14,14,0,0,25-APR-026,OWUSU,369
149806,"KIDS KNOCKING PIANO AK613292",95,3,3,0,0,25-APR-026,HANNAH,272
164213,"SAIRO MOUTHWASH SENSITIVE 500ML  16",27.49,6,14,-8,-219.92,25-APR-026,"BOADI STEPHEN",53
161339,"FOUNTAIN 365X365X80CM 2220036",2399,1,1,0,0,25-APR-026,"FELIX BOADU",151
162700,"DINNER PLATE MELAMINE 11 INCHES FEILU 22311",16.9,72,72,0,0,26-APR-026,BLESSING,409
175129,"PEGS 12PCS SET PLASTIC EVERPACK H338B",4.9,53,53,0,0,25-APR-026,VINOLIA,439
169003,"LEGACY AC SPLIT 15HP WHITE LGY15",4689,1,2,-1,-4689,25-APR-026,"KINGSLEY OP",212
180777,"QUEEN BED 1500X2000MM 1117",4190,1,1,0,0,25-APR-026,SHADRACK,511
187172,"KITCHEN TOOLS 5PCS SET NYLON RJK AGC973BA1201",129,2,2,0,0,25-APR-026,"NANA KOJO",362
185373,"3PCS BEDSHEET SET Q 230X250CM PRINT ASS 03BT1028",99,11,15,-4,-396,25-APR-026,GILBERT,498
185202,"TRUESMILE TPASTE KIDS BUBBLEGUM 75ML 12",23.99,17,19,-2,-47.98,25-APR-026,"BOADI STEPHEN",54
193437,"NEON COLOUR AND STICKER DOTS BOOKS 22X28CM",43.99,38,33,5,219.95,25-APR-026,"JERUSHA ",284
190690,"LAUNDRY BASKET 40X30X55CM ASSORTED MYQ9 1921",99,7,8,-1,-99,26-APR-026,VINOLIA,445
190627,"GIFT BAG 40X56CM",24.9,5,6,-1,-24.9,25-APR-026,"MICHAEL BOYE",302
200340,"AMERICAN CHEF MAYONNAISE  GLASS JAR 473ML 12",39.99,6,6,0,0,25-APR-026,SOLOMON,73
200472,"ROASTING PAN RECTANGULAR  PALU ZHNBLY 811201FS",229,3,3,0,0,25-APR-026,"ALHASAN RANDY",383
198011,"NASCO GAS COOKER 4B 50X50 SILVER NASGC50X50SCTZ",1699,1,1,0,0,25-APR-026,AKAYIRI,205
202535,"ICE CHEST 2PCS SET 16QT60QT IM CBL",999,2,2,0,0,25-APR-026,MORGAN,324
53438,"COLGATE TP LIQUID CALCIUM 230G VALUE PACK  48",27.99,60,52,8,223.92,25-APR-026,"BOADI STEPHEN",54
71823,"COOL BREEZE HANGING AIR FRESHNER CRANBERRY 11ML 24",18.99,30,57,-27,-512.73,25-APR-026,ABASS,3
68458,"PRINGLES PAPRIKA 165G  19",49.99,23,24,-1,-49.99,26-APR-026,NASHIBA,89
68570,"FOGG FRAGRANCE BODY SPRAYEXTREME  120ML   72",52.99,20,66,-46,-2437.54,25-APR-026,ELLA,33
99880,"CHIVAS XV 6 WHISKY 750ML 6",1199.99,4,4,0,0,26-APR-026,MAHAMA,118
99035,"PAINTING 45X90CM",329,1,4,-3,-987,25-APR-026,SHADRACK,519
09501,"BADIA CURRY POWDER 4536G 6",189.99,1,1,0,0,25-APR-026,GIDEON,67
103068,"VIP BLACK SHOWER GEL 500ML  24",25.49,14,15,-1,-25.49,25-APR-026,"ANANE KOJO",21
119482,"WESTINGHOUSE DINNER FORK SET 6PCS WCCL00076DF",99,19,19,0,0,25-APR-026,OWUSU,370
110777,"SUNNY BROWN SUGAR BOTTLE 18KG 6",81.99,10,10,0,0,25-APR-026,"EMMANUEL MENSAH",122
127342,"EXETER CHICKEN HOT DOG 400G 12",28.99,31,32,-1,-28.99,26-APR-026,"EMMANUEL MENSAH",124
127465,"PRESIDENT TRADICIO BRANDY 900ML 6",120.99,2,2,0,0,25-APR-026,MAHAMA,115
138345,"PRESIDENT SEMISKIMMED UHT MILK 15 1L  6",37.99,18,21,-3,-113.97,26-APR-026,"NANA ADJEI ",82
137564,"MR BOSTON BLUE CURACAO 1L 12",184.99,8,8,0,0,25-APR-026,MAHAMA,116
14713,"EASY MOUZOO GUAVA TETRAPACK JUICE 1L 12",23.99,14,14,0,0,25-APR-026,DORIS,102
145960,"CLEMENTINE IMPORT FRESH PACK",46.99,4,4,0,0,25-APR-026,JIMOH,134
140038,"SWEET CORNAPL PACK",11.49,1,2,-1,-11.49,25-APR-026,JIMOH,134
152103,"PAPER GLUE FINE 100ML ABB",8.9,1,1,0,0,26-APR-026,GIDEON,294
159763,"MUNCHEE DIGESTIVE BISCUITS 65G  48",3.59,12,77,-65,-233.35,25-APR-026,DERRICK,95
159767,"MUNCHEE MILK CRUNCH BISCUITS 47G  48",2.59,29,77,-48,-124.32,26-APR-026,DERRICK,96
161282,"CANVAS PAINTING AFRICAN 40X40CM PC233004",55,1,1,0,0,26-APR-026,FRANCIS,525
166998,"THE WOMAN IN WHITE",20.9,1,1,0,0,25-APR-026,HERBERT,282
169469,"FORTUNE SPREAD FOR BREAD  10 12G    25",7.49,12,12,0,0,26-APR-026,"PAUL OWUSU",64
186108,"2PCS NEOPRENE MITTEN SET 14X18CM ASS OVM02",39.9,19,48,-29,-1157.1,25-APR-026,GIFTY,491
185385,"COFFEE TABLE 120X60 GLASS TOP 5835",1590,1,1,0,0,25-APR-026,FRANCIS,523
184341,"SALAD BOWL W2PCS SERVER 24CM 10 SS 51046",69,8,8,0,0,25-APR-026,"PAUL OWUSU",350
33895,"JUMBO KITCHEN TOWEL 1 X 12ROLLS",21.99,3,3,0,0,25-APR-026,ELLA,32
79031,"A4 DOCUMENT FRAME 2COLORS MIX",23.9,3,3,0,0,25-APR-026,HAYFORD,457
80284,"AKAI GAS STOVE 2B INFRARED GC032A8518",659,1,2,-1,-659,25-APR-026,AKAYIRI,200
66316,"LELE LEMON FLAVOURED TEA 375GMS 12",17.99,5,15,-10,-179.9,26-APR-026,DANIEL,58
91876,"BINATONE DRY IRON 1100W HEAVY DI12651266",315,1,9,-8,-2520,25-APR-026,"KINGSLEY OP",218
08490,"SANKOFA SWEET PLANTAIN CHIPS CHILI BEEF 50G 25",14.99,20,22,-2,-29.98,26-APR-026,MAHAMA,120
101899,"3PCS KITCHEN TOWELS SET 45X70 COTTON ASSORTED",24.9,18,21,-3,-74.7,25-APR-026,GIFTY,490
117256,"DOMS TEMPERA COLOURS 6 SHADES 3454",3.9,8,22,-14,-54.6,25-APR-026,MARIAM,291
119995,"SWEETARTS GIANT CHEWY 15OZ   36",19.99,276,359,-83,-1659.17,25-APR-026,"ABIGAIL YEVUGAH",158
116678,"LU MINI TUC CLASSIC BISCUIT 30G  30",3.49,15,16,-1,-3.49,25-APR-026,ABIGAIL,156
126655,"LA SALUD BLEACH WITH DETERGENT MARINE 2L 6",29.99,6,4,2,59.98,26-APR-026,"GIDEON GBLOGAH",12
124732,"STORAGE BOX 57L PLASTIC SSPD BSF00853",59,6,6,0,0,26-APR-026,NIBOI,319
134173,"BEBE IMPROVED BABY DIAPERS SMALL 40",79.99,6,6,0,0,26-APR-026,WISE,41
132927,"SERVING BOWL MELAMINE 8 INCHES FEILU 7248",16.9,9,9,0,0,25-APR-026,REGINA,386
146643,"ELTRUT CHICKEN  VEG SPRING ROLL 8PCS 380G 1",50.99,4,12,-8,-407.92,25-APR-026,EVELYN,140
140987,"PALMOLIVE SG NATURALS MILK  OLIVE 500ML 12",76.99,13,13,0,0,25-APR-026,"ANANE KOJO",22
150843,"PURELINE SOAP GENTLE CLEAN 175G X 36PCS  RED",12.49,20,22,-2,-24.98,25-APR-026,"ANANE KOJO",20
172100,"SKYVEST LED TV 43 SATELLITE 43S ORV",3049,1,2,-1,-3049,25-APR-026,LESTER,250
180219,"KLEANZ HAND SOAP ORIGINAL ANTIBACTERIAL 500ML  4",22.99,16,23,-7,-160.93,25-APR-026,TITUS,21
194644,"NOTEBOOK A6 200PAGES 95X175CM HCL O51018",26.9,5,9,-4,-107.6,26-APR-026,"JERUSHA ",288
192720,"GIFT WRAPPING PAPER 50X730MM",18.9,9,9,0,0,25-APR-026,MARYLAND,301
189818,"WESTINGHOUSE HAND MIXER WBOWL WKHMB35EU",469,3,3,0,0,25-APR-026,PRINCE,226
190095,"TABLE LAMP 220V",109,7,19,-12,-1308,25-APR-026,KWAFO,171
191982,"DINNER KNIFE 85G0359 ZHN",42.9,14,14,0,0,25-APR-026,OWUSU,370
198393,"ENA PA MAYONNAISE 250ML  12",25.49,15,15,0,0,25-APR-026,SOLOMON,73
23063,"CUSSONS BABY OIL MILDGENT 100ML 48",12.49,23,34,-11,-137.39,26-APR-026,RICHMOND,50
204484,"ROYAL CIRCLE HONEY WHISKY GIFT PACK 1L 12",177.99,11,11,0,0,25-APR-026,MAHAMA,118
96862,"EATCLEAN GRANOLA 400G  12",74.99,5,5,0,0,25-APR-026,"KINGSLEY OP",91
92200,"JUVER SELECCION  PEACH 200ML 24",15.99,26,28,-2,-31.98,26-APR-026,KWAFO,83
07022,"YAZZ  TISSUE NAPKINS",6.99,18,18,0,0,26-APR-026,"COLLINS HAMMOND",30
100990,"CURTAIN POLYESTER 52X84  WHANGER DRTH016",149,11,13,-2,-298,25-APR-026,SHADRACK,515
102105,"AIRWICKER AUTO MACHINEREFILL ASSORTED 250ML  24",171.99,5,5,0,0,26-APR-026,ABASS,3
102742,"SPARTAN SOFT FABRIC SOFTNER LAVENDAR  1L  12",76.49,2,2,0,0,25-APR-026,ALVIN,15
104879,"BARILLA LINGUINE SPAGHETTI  500GM 24",47.99,19,20,-1,-47.99,25-APR-026,SOLOMON,74
106822,"SHINE TOILET PAPER PREMIUM 10PCS  1",48.99,4,11,-7,-342.93,25-APR-026,BISMARCK,44
117082,"BLING DISHWASH GEL MAGIC LEMON 750ML  12",14.99,19,19,0,0,25-APR-026,ALVIN,14
122472,"AIRWICK REED DIFFUS WINTER BERRY WONDERLAND 33ML 5",72.49,2,2,0,0,26-APR-026,RICHMOND,5
133961,"DALGETY PURE MORINGA 100 NATURAL 40G  36",50.99,3,9,-6,-305.94,25-APR-026,AKORFA,58
157456,"WALL CLOCK 16 405X405X44CM INF6716",119,5,5,0,0,25-APR-026,"GAD ",471
151569,"GALAXY CONCEPT SPRAY  NOIR 200ML 12",31.99,7,7,0,0,26-APR-026,ELLA,35
152185,"TCL WASHING MACHINE TL 9KG F709TL",3999,1,1,0,0,25-APR-026,AKAYIRI,203
164667,"AKAI STEAM IRON 18002200W CORDLESS EI053A622S",499,1,2,-1,-499,25-APR-026,"KINGSLEY OP",220
166379,"COLANDER WSIDE HANDLES 255CM SSTEEL XY2313",34.9,11,11,0,0,25-APR-026,"PAUL OWUSU",351
172981,"KIDS TRICYCLE WMUSIC JTS701",329,2,1,1,329,26-APR-026,CHARLES,466
172981,"KIDS TRICYCLE WMUSIC JTS701",329,4,1,3,987,25-APR-026,"GEORGE PUPLAMPU",467
174146,"PAPER BAG BLINGS 21X255X10CM HB10415S123",10.9,5,5,0,0,25-APR-026,MARYLAND,301
178682,"CURTAIN BLACKOUT BLUE 54X90 02PA7118H",159,3,3,0,0,25-APR-026,"GERALD SACK ",481
184359,"CHAMPAGNE BUCKET DOUBLE WALL 22CM SS 60060345",189,2,2,0,0,25-APR-026,PHILEMON,356
201905,"THE GAME ENERGY BASED  DRINK 350ML 16",3.29,12,13,-1,-3.29,25-APR-026,DELIGHT,85
204938,"MUGS CERAMIC 14OZ LOVE SERIES B419",14.9,62,63,-1,-14.9,25-APR-026,ROBIN,392
81253,"BIFA DADEY SANDWICH BISCUIT 216G  12",33.99,1,13,-12,-407.88,25-APR-026,DERRICK,96
70868,"STARKIST TUNA FLAKES FISH WITH PEPPER 160G  24",38.99,32,32,0,0,26-APR-026,APPIAH,126
N636,"PAPER NAPKIN  KITCHEN TOWEL EVERPACK MS  6",16.49,6,7,-1,-16.49,25-APR-026,TITUS,21
00522,"AKAI AVR 3KVA AVR006A  3000VA",1499,4,4,0,0,25-APR-026,DANIEL,256
125866,"POPIZZ SPARKLING RED GRAPE 750ML  6",49.99,8,9,-1,-49.99,25-APR-026,"EDDIE MENSAH",106
125358,"ROMAR FABRIC SOFTENER FLORAL 750ML  15",36.99,8,9,-1,-36.99,26-APR-026,ALVIN,16
121320,"VARTA BATTERY SUPERLIFE AAA BLISTER 4",42,23,23,0,0,25-APR-026,NTUMY,161
138173,"QUILT EMBOSSED PRINTED 220X240CM 03CO0376",169,5,9,-4,-676,25-APR-026,GILBERT,495
132388,"GIFT WRAP PAPER REDGOLD HEART 70X100CM LXX3171",15.99,7,7,0,0,25-APR-026,CHARLES,463
146981,"VARTA BATTERY MAX POWER AA BLISTER 4",67,10,20,-10,-670,25-APR-026,NTUMY,161
151030,"BIGOO ORANGE DRINK 350ML 20",2.99,2,102,-100,-299,25-APR-026,EMMANUEL,135
151357,"CUSHION 500G FILLING ONE SIDE 43X43CM",129,2,2,0,0,25-APR-026,"GIDEON GBLOGAH",508
167211,"MIDEA MICROWAVE 20L BLACK MM7P012MZB",1249,1,1,0,0,25-APR-026,DANIEL,263
180205,"PRINCESS POWDER SS 200GR  4",14.99,7,7,0,0,26-APR-026,LESTER,50
177900,"TOREN WAFERS BUBBLE GUM CREAM  55G  144",6.29,15,14,1,6.29,25-APR-026,ATITOGO,160
178036,"SOUP PLATE EMBOSSED 9 SB009EP RJK",16.9,24,24,0,0,25-APR-026,BLESSING,410
186094,"GLASS SET 12PCS 125ML CLEAR 4143505BA RJK",129,36,9,27,3483,26-APR-026,"SAMUEL ADDO",402
186680,"FOOD STORAGE 5100ML PLASTIC RJK YH3099",49.9,4,5,-1,-49.9,26-APR-026,NIBOI,319
186838,"MY FIRST 1000 WORDS",29,2,2,0,0,25-APR-026,"JERUSHA ",284
193124,"TEFAL LONG SPATULA K0060512",32.9,10,10,0,0,25-APR-026,OWUSU,368
191727,"MYMELK  COFFEE BISCUIT 350G  20",52.99,3,24,-21,-1112.79,26-APR-026,NASHIBA,89
188989,"PLATINUM BEEF PATE 400G X 20",27.99,20,27,-7,-195.93,25-APR-026,APPIAH,126
189274,"XMAS ORNAMENT 8PCS 18X18X15 257625005",55,10,10,0,0,25-APR-026,DANIEL,XMAS
21721,"SHINE BAGASSE 10INCH 3SEC ROUND PLATES 25PCS  20",83.49,10,25,-15,-1252.35,26-APR-026,DORIS,24
204487,"ROYAL CIRCLE PREMIUM WHISKY  1L 12",162.99,5,8,-3,-488.97,25-APR-026,MAHAMA,118
101901,"MATA GREEN PEAS IN BRINE EO 400G  24",15.99,2,14,-12,-191.88,26-APR-026,GLADYS,71
104540,"FONTISSUE TOILET TISSUE 8 ROLLS  5",33.99,5,5,0,0,25-APR-026,ELLA,32
107210,"DZIRE BLUETOOTH SPEAKER WUSBFMTF CARD PS396",119,11,17,-6,-714,25-APR-026,JUSTICE,191
129407,"CAKE PAPER MINI 80PCS SET L00301",2.9,13,13,0,0,25-APR-026,"RANDY ALHASSAN",385
133206,"NEAT GLASS CLEANER  750ML  12",20.99,9,9,0,0,25-APR-026,ABIGAIL,6
148007,"PAINTING FLOWER WALUMINUM ALLOY FRAME 50X50CM",209,1,8,-7,-1463,25-APR-026,SHADRACK,532
146773,"YUMS MAYONNAISE 235ML  12",21.99,20,20,0,0,25-APR-026,SOLOMON,73
150627,"DRAWING BOARD 3D MAGIC DINOSAUR LX0538931",115,2,2,0,0,25-APR-026,HERBERT,279
164851,"DINNER SET 20 PCS SET",329,1,2,-1,-329,25-APR-026,BLESSING,405
160322,"PYREX ROASTER RECTANGLE 29L DM32RR63046",89,2,2,0,0,25-APR-026,"ALHASAN RANDY",383
168226,"BEDSHEET SET MICRO PEACH 2PCS 90GSM 03BT0795S",69,16,20,-4,-276,26-APR-026,GAD,474
177910,"FRESH POPS CARAMEL 6X6 20G  24",4.39,14,15,-1,-4.39,25-APR-026,"EMMANUEL MENSAH",121
186934,"SKY LANTERN",6.9,19,19,0,0,26-APR-026,HADASSAH,269
185325,"BATHMAT GRAY 50X80CM MP 1600GSM TR3092",109,3,3,0,0,25-APR-026,WISE,446
190101,"FAN LED WLIGHT 1800",229,4,4,0,0,25-APR-026,NYARKO,181
191974,"DINNER KNIFE 56G1155 ZHN",32.9,17,17,0,0,25-APR-026,OWUSU,370
28106,"TUMBLER STERLING 6PCS SET 330ML DXB N0769",79,2,6,-4,-316,25-APR-026,"STEPHEN ACQUAH",419
45326,"SERVING TRAY MELAMINE 17 INCHES ZHN A32317",29.9,13,13,0,0,25-APR-026,ROBIN,392
77579,"DR MIGHTY WC POWER BALLS LAVENDER 5 IN 1  24",24.99,1,17,-16,-399.84,25-APR-026,ABIGAIL,6
90052,"STUDDS JADE FULL FACE MB HELMET LARGE 58CM",399,1,4,-3,-1197,26-APR-026,"GEORGE PUPLAMPU ",467
64819,"GOMETS SOUR FRUIT RINGS  100G   30",13.99,1,36,-35,-489.65,25-APR-026,"ABIGAIL YEVUGAH",157
65079,"GOOD MORNING WHITE OATS 500G  12",38.99,28,32,-4,-155.96,26-APR-026,SOLOMON,77
93632,"FIESTA PINK COCKTAIL NON ALCOHOLIC WINE  750ML  6",41.99,5,5,0,0,25-APR-026,"EDDIE MENSAH",107
94667,"FEKKO SPRAY STRACH 550ML  12",54.99,6,15,-9,-494.91,26-APR-026,ABIGAIL,6
97315,"PAINTING BOOK 4 TITLES EB693",4.9,11,11,0,0,25-APR-026,"JERUSHA ",284
02572,"PURE HEAVEN APPLE JUICE 1L 8",35.99,9,9,0,0,25-APR-026,KWAFO,103
101475,"PASCUAL YOGI KIDS YOGURT PEACH 125G 6",58.99,11,10,1,58.99,25-APR-026,CHRIS,61
107099,"NIVEA SHOWER CREAM COCONUT  JOJOBA OIL 500ML  12",69.99,8,8,0,0,25-APR-026,"ANANE KOJO",22
111381,"BIBLE STORY NEW TESTAMENT BOOK W12TITLE ED775",12.9,25,24,1,12.9,26-APR-026,HERBERT,282
124899,"NAPKIN HOLDER TITIZ METALABSTPE TABLESTAR TP255",14.9,5,5,0,0,25-APR-026,ELLA,31
148835,"CAKE BOARD ROUND 10PCS GOLDSILVER 3MM 30CM YWU",39.9,5,5,0,0,25-APR-026,"ALHASSAN RANDY",382
156961,"BATH MAT BURGANDY 50X80CM BM549",59,1,1,0,0,26-APR-026,"SAMUEL ADDO",402
155333,"SAN BENEDETTO SPARKLING WATER 250ML 24",19.49,23,22,1,19.49,25-APR-026,DELIGHT,85
151577,"GALAXY CONCEPT SPRAY  TERE  200ML 12",31.99,10,11,-1,-31.99,26-APR-026,ELLA,35
152215,"DERBY SHAVING STICK  SINGLEBLADE POLYBAG X 5  14",18.99,3,3,0,0,25-APR-026,"BOADI STEPHEN",54
153471,"CLIP FILE SPRING TRANSFER VIBRANT A4 SAYA SY303A",25,24,20,4,100,25-APR-026,MARIAM,290
170019,"FRY PAN 22CM FALU ZHNBLY 1808322",109,5,3,2,218,25-APR-026,PHILEMON,360
183422,"PHILIPS LED TRACK LIGHT 4000K WHITE COL  911401833",259,1,4,-3,-777,25-APR-026,KWAFO,166
184478,"LUNCH BOX PLASTIC HL0048TL36",9.9,3,6,-3,-29.7,25-APR-026,"MICHAEL BOYE",306
194624,"MOTOCYCLE DIE CAST TOY ASST DESIGN HCL O51004",69.99,18,8,10,699.9,25-APR-026,HERBERT,281
194690,"KIDS MOTORCYCLE TOY 14X11CM HCL O51051",49,4,4,0,0,25-APR-026,HERBERT,281
188762,"VIP TROLLEYCASE WWHEEL 8W GATEWAY CB GATEWATWHT",399,1,1,0,0,25-APR-026,MARYLAND,296
191067,"OSSUM DEO ROLL ON APPEAL 50ML 48",20.99,26,36,-10,-209.9,26-APR-026,ELLA,35
39985,"PRAN PINEAPPLE JUICE TETRA PACK 1L  12",22.99,12,36,-24,-551.76,26-APR-026,EMMANUEL,127
204555,"MARILAN BISC TEENS SNACK CHOCOLATE 30G  80",2.99,72,158,-86,-257.14,26-APR-026,MAHAMA,120
204556,"MARILAN BISC TEENS SNACK CHOCOLATE 80G  64",7.99,36,36,0,0,26-APR-026,MAHAMA,120
76894,"UNOLI SUNFLOWER OIL 18L 6",96.99,8,8,0,0,26-APR-026,"RANDY ALHASSAN",47
83236,"FORTUNE CHAKKI FRESH ATTA 5KG X 4",114.99,2,2,0,0,26-APR-026,"FELIX BOADU",65
CL714,"SPICE CONTAINER 600ML 126CMX126CMX8CM",5.9,16,6,10,59,25-APR-026,NIBOI,316
91102,"CLERE HAND  BODY LOTIONCOCO BUTTER 400ML 36",39.99,17,35,-18,-719.82,25-APR-026,"BENEDICT ABBEY",37
98372,"ENA PA BAKED BEANS IN TOMATO SAUCE 420G  12",14.99,24,47,-23,-344.77,26-APR-026,GIDEON,71
92749,"STICKY HOOK 3PC PLASTIC 022 YWU",6.9,3,116,-113,-779.7,25-APR-026,WISE,447
109448,"CONTAINER ROUND SET OF 3PCS PLASTIC 5642",12.9,10,12,-2,-25.8,25-APR-026,"NANA ADJEI ",327
134091,"SANITA EASY LOCK  STORAGE BAG LARGE 20X25",22.99,5,5,0,0,25-APR-026,"ARTHUR JONADAB",27
132494,"PHILIPS AIR FRYER 62L HD927090",2299,1,1,0,0,25-APR-026,"COLLINS HAMMOND",238
149449,"LAV TUMBLER SET OF 3PCS LVLAL376A",39.9,2,2,0,0,25-APR-026,SOMUAH,415
179958,"CURTAIN YD PL GROMT BLUE 54X90 24EHM001",169,3,3,0,0,25-APR-026,GLADYS,501
186678,"FOOD STORAGE 5300ML PLASTIC RJK YH390A",55,16,16,0,0,26-APR-026,NIBOI,319
184608,"SOUP BOWL 6 CERAMIC STKLT SK07 RJK",9.9,25,83,-58,-574.2,26-APR-026,BLESSING,410
193325,"WHISKEY GLASS MADISON BORDEAU 600ML 3015A2102G0003",89,3,5,-2,-178,25-APR-026,"SYLVIA ",425
190688,"BATHMAT 40X60CM ASSORTED MYQ9 1919",24.9,10,15,-5,-124.5,26-APR-026,"STEPHEN ACQUAH",424
198802,"DINNER SPOON 6PCS SET DESIGNER SSTEEL  45G",59,5,14,-9,-531,25-APR-026,PHILEMON,357
204262,"BINATONE STANDING FAN 16 65W VS1658RC",619,2,2,0,0,25-APR-026,AKAYIRI,207
82845,"TUMBLER ISLAND 6PCS SET 330ML DXB N1318",79,2,5,-3,-237,25-APR-026,"STEPHEN ACQUAH",418
X471,"NESTLE CERELAC 3FRUITS TIN 400G 12",53.99,9,20,-11,-593.89,26-APR-026,"EMMANUEL MENSAH",124
A993,"CERES RED GRAPE BOTTLE 275ML 24",24.99,33,32,1,24.99,26-APR-026,DELIGHT,88
X777,"NESTLE CERELAC MAIZE TIN 400G 12",48.99,19,34,-15,-734.85,26-APR-026,"EMMANUEL MENSAH",124
91373,"HOTFRO OIL MIXWITH COCONUT SHEA BUTTER 250ML  24",36.99,1,2,-1,-36.99,26-APR-026,"PAUL OWUSU",38
00313,"HERMAN MAYONNAISE 16OZ  12",44.99,14,14,0,0,25-APR-026,SOLOMON,73
03486,"WELCHS 100 GRAPE  JUICE  473ML  12",44.99,15,16,-1,-44.99,26-APR-026,DELIGHT,88
101110,"ZOMBA BLUE COCKTAIL 0 ALC 750ML 6",42.49,5,5,0,0,25-APR-026,"EDDIE MENSAH",106
109395,"DAPHNIS EXTRA VIRGIN OLIVE OIL 250ML 24",90.99,21,21,0,0,26-APR-026,"NANA ADJEI",48
124079,"WIPER WINDOW PAREX PLASTIC 1909966",14.9,9,9,0,0,25-APR-026,WISE,448
134094,"PRIVATE XTHIN SUPER  8X18",12.99,13,11,2,25.98,26-APR-026,"BOADI STEPHEN",51
137491,"BUMBLE BABY WET WIPES 100 PCS BABY SCENTED  12",26.99,6,8,-2,-53.98,26-APR-026,"BENEDICT ABBEY",39
146056,"WATER BOTTLE PC 750ML PLASTIC 161407161",34.9,27,28,-1,-34.9,26-APR-026,GILBERT,312
140619,"BATH SPONGE ADULTS",34.99,14,13,1,34.99,25-APR-026,VINOLIA,440
152899,"ESSENTIAL AROMA OIL 10ML ASTD8 PE1",12.9,3,27,-24,-309.6,26-APR-026,ABASS,3
151239,"MASTERSEAL CONTAINER RND PP 850ML FRC K3022312",59,4,4,0,0,25-APR-026,"NANA ADJEI",329
164244,"RUG HANDLOOM 50X8040X60CM RG4613",109,5,4,1,109,26-APR-026,VINOLIA,444
159414,"LENOR FABRIC COND 26W GOLD ORCHID 858ML 12",64.99,7,7,0,0,25-APR-026,ALVIN,15
179019,"PAPER U CLIP 50MM 25PCSBOX ASST COL YW",5.9,10,10,0,0,26-APR-026,MARIAM,291
186696,"RAINBOW CONTAINER 5PCS SET RECT PLASTIC RJK 20185",34.9,16,16,0,0,25-APR-026,NASHIBA,332
191099,"FOGG FRAGRANCE BODY SPRAY MONARCH 120ML 72",52.99,16,51,-35,-1854.65,25-APR-026,ELLA,34
23627,"CONDOR PEAK ROSE WINE 750ML  12",79.99,9,9,0,0,25-APR-026,APPIAH,113
202340,"GOLDEN VICTORIA MINT BLACK TEA 60G 24",17.99,24,24,0,0,25-APR-026,AKORFA,57
69713,"PARLE MILK SHORTCAKE BISCUIT 455G 48",2.29,47,48,-1,-2.29,26-APR-026,DERRICK,96
113959,"COLGATE TB OPTIC WHITE 360   72",23.99,14,34,-20,-479.8,26-APR-026,"BOADI STEPHEN",53
150282,"EIGHT PILLARS OF PROSPERITY",22.9,1,1,0,0,25-APR-026,HERBERT,282
168971,"TIME WAFER MASTER GOFRETTE CHOCO 20G  288",2.99,24,35,-11,-32.89,26-APR-026,GIFTY,89
179997,"CURTAIN YD PL GROMT SLBL 54X90 24EHM006",179,7,7,0,0,25-APR-026,ESINAM,485
180185,"SKIN SOFT GLYCERINE 40ML  96",6.49,96,95,1,6.49,25-APR-026,NTUMY,163
186108,"2PCS NEOPRENE MITTEN SET 14X18CM ASS OVM02",39.9,30,48,-18,-718.2,25-APR-026,FRANCIS,523
182526,"CONTAINER 2PCS SET 2900ML RECT CLEAR  PP66200",69,6,7,-1,-69,25-APR-026,"NANA ADJEI",330
190062,"LORENZ CRUNCHIPS SOUR 100G  12",45.99,23,31,-8,-367.92,26-APR-026,MAHAMA,120
198579,"WHISKEY ICE BALL TRAY 8 BALLSPLASTIC YWU",39.9,39,41,-2,-79.8,25-APR-026,OTHNIEL,343
42944,"ULTAMAX COCOSHEA NATURAL HAIR CONDITIONER 450ML 24",40.99,5,9,-4,-163.96,26-APR-026,"BENEDICT ABBEY",38
83748,"BINATONE STANDING FAN 18 HIGH SPEED TS1880MK2",959,1,3,-2,-1918,25-APR-026,WOMDERT,252
C0173,"SWING BIN 10LTR 24CMX18CMX40CM",34.9,3,19,-16,-558.4,25-APR-026,HAYFORD,454
95752,"AMALFI  SHAMPOO  FAMILIAR ANTI DANDRUFF 750ML  16",32.99,8,8,0,0,26-APR-026,"PAUL OWUSU",38
90679,"ODEX BLEACH PINK 1200ML  12",27.99,7,7,0,0,26-APR-026,"GIDEON GBLOGAH",12
96184,"GREEN WORLD MACHINE REFILL LAVENDERCHAMOMILE  24",40.99,7,7,0,0,26-APR-026,ABIGAIL,5
115417,"MRS BECTORS BUTTER COOKIES TINS 340G  12",69.99,3,3,0,0,25-APR-026,DERRICK,96
116677,"LU TUC CLASSIC BISCUIT 65G  24",6.99,34,32,2,13.98,26-APR-026,DERRICK,96
128617,"TROLLEY BAR WGLASS TOP AFFT0105",2190,1,1,0,0,26-APR-026,FRANCIS,524
123160,"OCEAN GLASS SET 6PC 425ML TANGO 3B1331506G0001",129,7,7,0,0,25-APR-026,"STEPHEN ACQUAH",422
13204,"KONKORD IODIZED SALT 1000G 25",8.89,46,46,0,0,26-APR-026,JUSTICE,49
146159,"WATER BOTTLE PC 750ML PLASTIC 161407160",39.9,5,4,1,39.9,26-APR-026,GILBERT,312
146180,"BOTTLE SPORTS WHANGER FPLAYERS 750CC 161407073",19.9,5,10,-5,-99.5,25-APR-026,GILBERT,313
159990,"DUSTBIN 44 LITRE METAL BLACK WIRE 29X34CM YWU",36.9,1,9,-8,-295.2,26-APR-026,OTHNIEL,137
160187,"WHITE BOARD WWEEKLY PLANNER METAL 25X25CM WB5091Y",59,23,23,0,0,26-APR-026,"NANA KOJO",271
162650,"SERVING BOWL MELAMINE 9 INCHES FEILU 29291",14.9,20,20,0,0,25-APR-026,ROBIN,392
171374,"DR TEALS DEODORANT STICK LAVENDER 75G   6",107.99,4,6,-2,-215.98,26-APR-026,ELLA,36
168134,"PILLOW PROTECT WP PJERSEY 50X75CM 117015P5075",47.9,10,10,0,0,25-APR-026,GILBERT,499
179011,"FIRE FIGHTING VEHICLE TOY  OPP YW",59,10,10,0,0,25-APR-026,HERBERT,281
183276,"WHISKEY 6PCS SET 475ML TUSCANY BW 8217 RJK",49.9,5,6,-1,-49.9,26-APR-026,SOMUAH,417
184921,"DINING TABLE MARBLE TOP ROUND 120X72 CM C903",1699,1,1,0,0,25-APR-026,SHADRACK,510
198724,"MUG WTEDDY 350ML CERAMIC YWU",44.9,24,24,0,0,25-APR-026,ROBIN,392
19816,"ENERGIZER BATTERY ALKALINE AA MAXAA 1X12 BP31",59.9,4,39,-35,-2096.5,26-APR-026,"ABIGAIL YEVUGAH",158
43198,"JUVER DISFRUTA NECTAR PEACH JUICE 1L  12",32.99,15,15,0,0,26-APR-026,DORIS,102
24021,"VASELINE PJ BLUE SEAL ORIGINAL 250ML  36",51.99,11,46,-35,-1819.65,26-APR-026,LESTER,50
205480,"RHODES 100 APPLE JUICE DRINK 1L 12",45.99,12,12,0,0,25-APR-026,DORIS,102
84390,"BEVERAGE DISPENSER 9L SJD08A RJK",599,1,1,0,0,25-APR-026,SOMUAH,414
CL246,"PLATE ENAMBA PRINTED 21CMX3CM",2.9,67,43,24,69.6,25-APR-026,NASHIBA,334
91549,"DETTOL SOAP BEST EVER COOL 105G 72",14.49,48,48,0,0,26-APR-026,ALVIN,18
109592,"TURNER 12  BLACK NYLON SC0152",1.9,1,1,0,0,25-APR-026,OWUSU,369
118303,"MYST NATURAL MINERAL WATER 500ML 15",2.69,360,405,-45,-121.05,25-APR-026,EZEKIEL,147
131357,"STORY BOOK EB 1005",12.99,21,21,0,0,26-APR-026,HERBERT,282
146235,"WINDOW SHADE YE3140X180 BROWN",399,7,7,0,0,25-APR-026,"GERALD SACK ",480
142898,"AIRPRO AIRFRESHENER ESSENTIALS DREAMY LAV 9ML  96",24.99,24,22,2,49.98,25-APR-026,ABASS,3
164397,"BOWL EMBOSSED 55 WK24003 RJK",24.9,2,2,0,0,25-APR-026,SHADRACK,510
159532,"BASEBALL SET",85,10,10,0,0,25-APR-026,"GEORGE PUPLAMPU",467
158127,"STORAGE BOX WHANDLE CLEAR 6L 24X23X18CM PP63400",89,2,2,0,0,25-APR-026,"NANA ADJEI",326
160152,"OLD SPICE DEO STICK DEEP SEA 50ML  6",80.99,1,1,0,0,26-APR-026,WONDER,36
168552,"MCBERRY TIGER NUT BISCUITS 30G  72",1.39,61,100,-39,-54.21,25-APR-026,DERRICK,96
168706,"CAMRY SCALE LCD DISPLAY EB5645HS562 RJK",129,1,1,0,0,25-APR-026,VICTORIA,435
181857,"FABER CASTEL TRIFLOW BALL PEN 07MM 50P BLK 340798",2.9,50,50,0,0,26-APR-026,MARIAM,295
192874,"MELAMINE TRAY 18INCH 81918",39.9,21,21,0,0,25-APR-026,ROBIN,392
189169,"XMAS ORNAMENT",8.9,3,3,0,0,25-APR-026,DANIEL,XMAS
200458,"FRYING PAN WLID 28CM FALU ZHNBLY 81120G28",209,6,7,-1,-209,25-APR-026,"NANA KOJO",364
200461,"COOKING POT WLID 22CM FALU ZHNBLY 811201T22",239,2,3,-1,-239,25-APR-026,QUEENCILLA,376
207125,"FRESH COCONUT PCS",7.99,17,17,0,0,25-APR-026,JIMOH,134
49650,"HEINZ TOMATO KETCHUP TOP DOWN 570G X 10",54.99,10,10,0,0,25-APR-026,GLADYS,72
60940,"BINATONE DRY IRON 1200W 1255MK2",235,7,8,-1,-235,25-APR-026,"KINGSLEY OP",219
CL573,"CONTAINERS FANCY WITH LID 1500ML 22CMX14CMX6CM",9.9,29,26,3,29.7,25-APR-026,NIBOI,316
CL626,"PET JAR SQUARE 2000ML 125CMX125CMX18CM",5.9,10,77,-67,-395.3,25-APR-026,"NANA ADJEI",326
D423,"LACTASOY CHOCOLATE SOYA MILK 1L  12",41.99,5,28,-23,-965.77,26-APR-026,DANIEL,56
98502,"AMALFI  BODY MILK ARGAN 500ML 15",28.99,10,10,0,0,25-APR-026,"BENEDICT ABBEY",37
00360,"EXETER CORNED BEEF 198G 24",49.99,10,13,-3,-149.97,26-APR-026,APPIAH,126
07671,"GRANORO MEZZE PENNE RIGATE NO 106  1026A 500G 24",21.99,11,11,0,0,25-APR-026,SOLOMON,75
103051,"DAY BY DAY SHOWER GEL HONEY 750ML  12",31.99,7,4,3,95.97,25-APR-026,"ANANE KOJO",21
105779,"BLACK HEXAGONAL DUMBBELL HD10KG",359,8,5,3,1077,25-APR-026,"GEORGE PUPLAMPU",467
121020,"BINGO BOARD GAME 7YRS W75CARDSSTONES 52909",89,1,1,0,0,25-APR-026,HERBERT,279
135389,"AKAI MICROWAVE OVEN 20L MW075A020MS",999,1,2,-1,-999,25-APR-026,RICHMOND,264
150592,"LINC PENTONIC BALL PEN BLUE 50 PCS DISPENSER 07MM",3.9,2,89,-87,-339.3,26-APR-026,"ABIGAIL YEVUGAH",158
150688,"AKAI STANDING FAN 18 WREMOTE EF111A1803S",749,4,3,1,749,25-APR-026,AKAYIRI,207
164794,"AKAI HAIR DRYER 900W HD007A3535",139,13,13,0,0,25-APR-026,"KINGSLEY OP",218
160457,"CASSEROLE SOUP POT 3PCS SET  CERAMIC GGK T90062",226.8,2,8,-6,-1360.8,26-APR-026,VICTORIA,432
159551,"KIDS TENT 102X65X65CM",169,3,4,-1,-169,25-APR-026,HERBERT,278
159760,"MUNCHEE ANYTIME CRACKER BISCUITS 65G  48",3.49,36,67,-31,-108.19,25-APR-026,DORIS,98
161579,"DZIRE CEILING FAN 56 WHITE CF 56 WHOB",379,1,7,-6,-2274,25-APR-026,"KINGSLEY OP",211
182039,"CASSEROLE GOLDEN CREST DLX IDEAL 2PCS 10001600ML",179,12,12,0,0,25-APR-026,PATIENCE,345
187141,"SCHOOL BAG",169,8,29,-21,-3549,25-APR-026,MORGAN,324
185792,"STAEDTLER BALLPOINT PEN 50PCS WCUP 4320 MKP50",4.9,50,47,3,14.7,26-APR-026,MARIAM,295
186835,"SKETCH BOOK A4 PREMIUM",29,5,11,-6,-174,25-APR-026,"JERUSHA ",288
184342,"CAKE STAND WSERVER 32CM SS 62080214 56043A",129,6,8,-2,-258,25-APR-026,"ALHASSAN RANDY",382
192238,"DRAINA COLANDER 8 HL0136DC",4.9,20,21,-1,-4.9,25-APR-026,OTHNIEL,343
189406,"TOM MILK STRAWBERRY CREAMY DAIRY DESSERT 100G 20",13.99,32,31,1,13.99,25-APR-026,CHRIS,61
200341,"AMERICAN CHEF MAYONNAISE PET SQUEEZE 500ML 12",39.99,11,12,-1,-39.99,25-APR-026,SOLOMON,73
198483,"LUNCH BOX WSPOON PLASTIC 6918 YWU",49.9,18,18,0,0,25-APR-026,"MICHAEL BOYE",305
59220,"JOHNNIE WALKER BLACK LABEL 750ML  12",559.99,8,19,-11,-6159.89,25-APR-026,EMMANUEL,128
CL588,"QUEEN OF CASSROLE 1350ML 24CMX19CMX12CM",24.9,5,3,2,49.8,25-APR-026,PATIENCE,345
98453,"WC NET GEL CRYSTAL TOILET CLEANER CITRUS 750ML  12",57.99,12,1,11,637.89,25-APR-026,ALVIN,13
117637,"GRATER 230X120MM PLASTIC ASST COLOR UR3118",2.9,19,19,0,0,25-APR-026,PHILEMON,356
126219,"AIRPRO AIRFRESHNER ORGANIC CAN WARM VANILLA 42G 24",39.99,13,15,-2,-79.98,26-APR-026,LESTER,5
124119,"CLEANING CLOTH MICROFIBRE 4PCS SET 1909447",59,9,9,0,0,25-APR-026,GIFTY,491
134080,"VARTA ALKALINE BATTERY V27A BLISTER 1",42,11,12,-1,-42,25-APR-026,NTUMY,161
135951,"BADIA FRIED RICE SEASONING  6 OZ",78.99,4,5,-1,-78.99,25-APR-026,BISMARCK,45
132887,"SERVING BOWL MELAMINE 9 INCHES FEILU 17993",12.9,10,11,-1,-12.9,25-APR-026,ROBIN,392
143279,"CHOPPING BOARD MEDIUM LEEZAMASTERCHEF 6MM CHB2",24.9,9,9,0,0,25-APR-026,"PAUL OWUSU",354
156398,"HAPPY FULL RINGS 70G",9.99,52,56,-4,-39.96,26-APR-026,"ABIGAIL YEVUGAH",158
149665,"DZIRE CHEST FREEZER SD 200L SILVER CFSSH200A",3199,1,1,0,0,25-APR-026,"JOSEPH PATRICK",205
151039,"BIGOO COCKTAIL DRINK 350ML 20",2.99,56,112,-56,-167.44,25-APR-026,DELIGHT,87
160045,"BOTTLE WINFUSER 750CC PLASTIC 161558002",29.9,19,19,0,0,26-APR-026,GILBERT,311
161524,"CELLO CASSEROLE 2PCS SET 10001500 RIPPLE",99,1,1,0,0,25-APR-026,PATIENCE,345
175198,"SEARA GARDEN PEAS 400G 28",29.99,62,36,26,779.74,26-APR-026,EVELYN,143
174203,"PAPER BAG 155X37X10CM KR14038J124",13.9,12,12,0,0,25-APR-026,MARYLAND,301
180250,"BO16 HAIR MIST ASSORTED 125ML   6",42.99,15,12,3,128.97,26-APR-026,"BENEDICT ABBEY",38
187965,"JOJONAVI FRUIT MANGO CAN JUICE DRINK  330ML 24",13.49,2,18,-16,-215.84,26-APR-026,"JOSEPH PATRICK",135
187309,"CURTAIN ROD ANTIQ COPP 2BRAKET 120210CM M05210AC",129,7,7,0,0,26-APR-026,GAD,474
194686,"CASSEROLE WLID AND SIDE HANDLE 2000ML 268",65,10,11,-1,-65,25-APR-026,QUEENCILLA,379
192742,"CURTAIN SHEER PEACH 54X90 PL Y2151",99,8,8,0,0,25-APR-026,GIFTY,492
37058,"MYSTIC ORCHARD AUTO REFILL  GREEN APPLE  12",38.99,5,5,0,0,26-APR-026,ABASS,3
89094,"PAINTING 50X60CM FLOWERS  SCENERIES",149,1,2,-1,-149,26-APR-026,FRANCIS,525
77037,"WORLD FAMOUS FAIRY TALES BOOK",12.9,1,5,-4,-51.6,25-APR-026,HERBERT,282
65159,"LORENZ CRUNCHIPS SALT VINEGAR 100GMS  12",34.99,11,13,-2,-69.98,26-APR-026,MAHAMA,120
99644,"PRINCESS ROLL ON ROSE 50ML  6",9.99,11,18,-7,-69.93,26-APR-026,MABEL,36
08370,"HEINZ CHILI SAUCE 12OZ340G",74.99,24,24,0,0,25-APR-026,GLADYS,72
100812,"LA SALUD ORIGINAL BLUE  DETERGENT 4L  4",139.99,4,4,0,0,26-APR-026,ALVIN,15
104959,"ROMAR WASHING GEL WHITE CLOTHE 3L  4",136.99,7,4,3,410.97,26-APR-026,ALVIN,16
106808,"SHINE GARBAGE BAGS 10L  30   12",21.99,12,15,-3,-65.97,25-APR-026,"ARTHUR JONADAB",25
109212,"PILLOW VACUUM 810 GM",85,1,2,-1,-85,25-APR-026,SHADRACK,517
120166,"EVEREADY LED PLASTIC TORCH LIGHT C2D",35,2,8,-6,-210,25-APR-026,KWAFO,170
126206,"AIRPRO HANGING BOTTLE AFRESHNER DIOR FHEIT 10ML12",35.99,3,3,0,0,25-APR-026,ABASS,3
145347,"DOVE BODY WASH RELAXING 500ML  20",70.99,14,19,-5,-354.95,25-APR-026,"ANANE KOJO",22
156699,"CAN OPENER SSTEEL YWU",42.9,14,14,0,0,25-APR-026,OWUSU,370
149514,"ICE BALL MAKER 2 UNITS SILICONE BRBG286 YWU",14.9,3,3,0,0,25-APR-026,"PAUL OWUSU",355
166018,"CLOTHES DRYER 4TIER WOODEN WS4054XLH1B RJK",439,1,4,-3,-1317,25-APR-026,SOMUAH,411
192684,"GIFT BAG LARGE 210G 32X42X115 KR1070L13",17.99,11,11,0,0,25-APR-026,MORGAN,324
190636,"SWIMMING POOL RAINBOW DESIGN 130CM",179,3,3,0,0,25-APR-026,CHARLES,465
86483,"10 MATTRESS QUEEN 150X200X30 BMT001150",3790,1,3,-2,-7580,25-APR-026,SHADRACK,511
64661,"IRISH SPRING BODY WASH ORIGINAL 591ML  4",119.99,9,11,-2,-239.98,25-APR-026,"ANANE KOJO",22
66048,"JP CHENET ICE EDITION PINK SPARKLING WINE 75CL 6",114.99,8,8,0,0,25-APR-026,APPIAH,113
93627,"VAETTEL NATURAL MINERAL WATER 50CL  16",1.69,8,203,-195,-329.55,25-APR-026,EMMANUEL,135
91243,"SAIRO BABY SHAMPOO 750ML  16",28.99,10,10,0,0,26-APR-026,RICHMOND,50
92228,"PANACHE 1 BEER 25CL  20",13.99,40,113,-73,-1021.27,25-APR-026,EMMANUEL,128
108532,"CHTOURA GARDEN CONSERVE FAVA BEANS  CHICK PEAS",14.99,1,1,0,0,25-APR-026,GLADYS,71
120167,"EVEREADY LED PLASTIC TORCH LIGHT 2AA",26,1,9,-8,-208,25-APR-026,KWAFO,170
120167,"EVEREADY LED PLASTIC TORCH LIGHT 2AA",26,10,9,1,26,25-APR-026,NTUMY,161
120253,"MUSCADOR ROSE SWEET SPARKLING WINE 750ML 6",99.99,5,5,0,0,25-APR-026,APPIAH,113
124072,"MOPBUCKET SET PAREX TWISTER PLASTIC 21073582",329,1,1,0,0,25-APR-026,WISE,446
137060,"PINEAPPLE PC MGF",9.99,28,27,1,9.99,25-APR-026,JIMOH,134
156949,"BATH MAT WHITE 50X80CM BM238",59,1,1,0,0,26-APR-026,"SAMUEL ADDO",402
160224,"ULTRA COMPACT MEN BODY MIST CREATIVE 100ML  48",28.99,25,26,-1,-28.99,25-APR-026,ELLA,35
171669,"KINGDOM OF ASH",169,5,5,0,0,26-APR-026,"JERUSHA ",288
179980,"CURTAIN YD PL GROMT BLUE 54X90 24EHM002",169,1,1,0,0,25-APR-026,ESINAM,485
179303,"KIDS TRICYCLE BLUEGREENPINK YTS826",399,2,2,0,0,25-APR-026,RICHMOND,265
186908,"FOOD CONTAINER 3PCS SET ROUND PLASTIC 6603 YWU",129,10,10,0,0,25-APR-026,"NANA ADJEI",329
183594,"CERAMIC DINNER PLATE 105 25FDL002 RJK",24.9,13,12,1,24.9,25-APR-026,SOMUAH,412
192842,"CURTAIN JQ BLUE 54X90 PL 225",119,7,7,0,0,25-APR-026,ESINAM,485
198437,"STOOL 28X32CM FABRIC AND WOOD WU",179,1,1,0,0,25-APR-026,SHADRACK,514
202599,"GREY ZUCCHINI PACK PNA",44.99,3,1,2,89.98,25-APR-026,JIMOH,134
202838,"CHAMPAGNE GLASS 6PCS SET 6323",99,6,7,-1,-99,25-APR-026,SYLVIA,425
77041,"CHILDREN STORY BOOKS ASSRTED EB 00011",24.9,17,30,-13,-323.7,26-APR-026,HERBERT,283
X585,"CAN FANTA ORANGE 330ML 24",9.49,64,66,-2,-18.98,25-APR-026,DELIGHT,86
10035,"BAILEYS IRISH CREAM 200ML 24",123.99,9,18,-9,-1115.91,25-APR-026,EMMANUEL,129
105077,"VITAMILK STRAWBERRY 300ML 24",16.99,64,60,4,67.96,25-APR-026,CHRIS,61
120146,"LED CHANDELIER CRYSTALS G1801",599,1,2,-1,-599,25-APR-026,KWAFO,167
128812,"STATIONARY KIT STUDENTS LUXOR 12PCS 135212BC",28.9,7,9,-2,-57.8,25-APR-026,MARIAM,291
147136,"OBA SUNFLOWER OIL 850ML X 12",39.99,25,6,19,759.81,26-APR-026,BISMARCK,46
150678,"SANITA OVEN BAG XTRA LARGE 5BAGS   48",17.49,29,30,-1,-17.49,25-APR-026,"ARTHUR JONADAB",27
164679,"FOOT MASSAGER WTRMT CONTROL 30W FM200",1129,1,1,0,0,25-APR-026,"GEORGE PUPLAMPU",467
165083,"AIRWICK 6IN1 AEROSAL SUMMER ROMANCE 280ML 12",52.99,3,3,0,0,25-APR-026,JIMOH,1
158492,"ONE YOGO GREEK HONEY YOGHURT 250G 12",39.99,7,7,0,0,25-APR-026,DANIEL,XMAS
175442,"DANCING DRUMMER CAT",14.9,17,22,-5,-74.5,25-APR-026,HANNAH,275
169110,"AKAI GAS COOKER 4B 50X55 BLACK GC066A5110",2199,1,1,0,0,25-APR-026,AKAYIRI,205
178138,"VACCUM MUG WSTRAW 1200ML SSTEEL STAN TYPE YWU",109,2,1,1,109,25-APR-026,"MICHAEL DADZIE",308
179084,"PUZZLE ALPHA NUMERIC WOODEN PUZZLE OPP YW",28.99,38,38,0,0,25-APR-026,JUSTICE,270
192526,"TISSUE HOLDER SILVER SS HFXJ007",16.9,20,20,0,0,26-APR-026,PHILEMON,356
192576,"TABLE MATS SILVER SS HFXJ076",16.9,19,20,-1,-16.9,25-APR-026,"PAUL OWUSU",355
198507,"WINE DECANTER WITH 6PCS TUMBLER",139,8,7,1,139,25-APR-026,"STEPHEN ACQUAH",424
195695,"BASKET STITCH WLID PLASTIC 4700ML HL0181CCL",22.9,14,14,0,0,25-APR-026,OTHNIEL,340
42814,"ALPRO NUTTY ALMOND DRINK 1L  8",63.99,19,18,1,63.99,25-APR-026,CHRIS,61
88238,"BINATONE BLENDER  WMILL 350W BLG 452",669,7,7,0,0,25-APR-026,PRINCE,229
89857,"SHINE BAMBOO SKEWERS 8INCH 100PCS  100",11.59,16,16,0,0,25-APR-026,"NANA KOJO",366
96107,"NIVEA SHOWER GEL DEEP 500ML  12 200585",139.99,16,17,-1,-139.99,25-APR-026,"ANANE KOJO",22
103371,"AMALFI HAIR DYE GOLD BROWN 593  12",58.99,6,9,-3,-176.97,26-APR-026,"PAUL OWUSU",38
107608,"KIWI SHOE POLISH RENEWS BLACK LEATHER 50ML 144",13.99,72,102,-30,-419.7,26-APR-026,TITUS,21
128762,"MARKER FABRIC 12YRS LUXOR 4PCS 333004BC",14.9,5,5,0,0,26-APR-026,GILBERT,294
14821,"DEVA SOFTENER FLORAL 1000ML 12 10501",43.49,3,5,-2,-86.98,25-APR-026,ALVIN,15
156617,"ARTIFICIAL FLOWER 9  6 COLOUR MIX",59,7,9,-2,-118,25-APR-026,ESINAM,461
179751,"BOWL SQ 1200ML ACRYLIC 1498",24.9,6,4,2,49.8,25-APR-026,NASHIBA,334
182060,"CASSEROLE FANCY DLX 4PCS SET 600100015002500ML",329,4,4,0,0,25-APR-026,PATIENCE,345
179257,"LUGGAGE ROPE 15M",8.9,16,15,1,8.9,25-APR-026,"GEORGE PUPLAMPU",467
187222,"WARDROBE 4DOOR W2DRWR BRN 5926295",2490,1,1,0,0,25-APR-026,FRANCIS,527
36024,"VASELINE BODY LOTION COCOGLOW 400ML",49.99,17,45,-28,-1399.72,26-APR-026,NTUMY,163
204966,"CREEKSIDE FARM WOOD SMOKED STREAKY BACON 200G 20",53.99,41,25,16,863.84,25-APR-026,EVELYN,142
67511,"SHINE TOILET ROLL ULTRA SOFT 2PLY 24 ROLLS  1",115.99,1,2,-1,-115.99,26-APR-026,LESTER,50
CL431,"BUCKET WITH LID AND TAP 20LTR 35CMX36CM",59,4,4,0,0,25-APR-026,MORGAN,323
CL776,"FOOD FLASK 1500ML",29.9,4,4,0,0,25-APR-026,"MICHAEL BOYE",305
N484,"MENTOS ICE GUM ORANGE MINT 129G 288",9.49,12,148,-136,-1290.64,25-APR-026,EZEKIEL,148
90527,"JOHNNIE WALKER RED LABEL 200ML 24",111.99,7,11,-4,-447.96,25-APR-026,EMMANUEL,129
101008,"CURTAIN POLYESTER 52X84 DRZGB191",119,1,12,-11,-1309,25-APR-026,ESINAM,484
104692,"BLING PERFUMED DISINFECTANT 1L  12",19.99,2,4,-2,-39.98,25-APR-026,"ADIATOR MOSES ",8
118110,"ACTIONWARE ORANGE JUICER  SQUARE PLASTIC",14.9,3,3,0,0,25-APR-026,PHILEMON,356
118309,"PURDEYS REFOCUS DARK FRUIT 330ML   12",19.99,17,23,-6,-119.94,25-APR-026,DELIGHT,85
114757,"ZOMBA ORANGE COCKTAIL 0 ALC 750ML 6",42.49,4,4,0,0,25-APR-026,"EDDIE MENSAH",106
110734,"LA VONCE TOMATO MIX SACHET  11KG  12",28.49,10,9,1,28.49,26-APR-026,CHRIS,60
128969,"BASKET WHANDLE 26X18X18 PLASTIC 538 YWU",29.9,9,9,0,0,25-APR-026,OTHNIEL,341
139331,"BINATONE STANDING FAN 18 A1810",1009,3,3,0,0,25-APR-026,AKAYIRI,207
130084,"LAYS THAI SWEET CHILLI 105G  20",31.99,12,12,0,0,25-APR-026,"EMMANUEL MENSAH",121
157619,"DUSTBIN QUATRO GREY SWING 28L 36X29X49CM PP61004",159,6,7,-1,-159,25-APR-026,HAYFORD,456
164240,"BATH MAT 50X80CM BM3928",49.9,2,2,0,0,26-APR-026,"SAMUEL ADDO",402
159356,"INFINITY SOLUTIONS DISHWASH YELLOW 3L  6",112.99,0,4,-4,-451.96,26-APR-026,"ARTHUR JONADAB",27
159859,"STICK NOTE SET 90 SHEETS20 SHEETS",9.9,16,7,9,89.1,26-APR-026,"JERUSHA ",289
174950,"KITCHEN TOWEL SET 3PCS 15X24 MYQ9264",24.9,4,4,0,0,25-APR-026,GIFTY,490
166855,"FRY PAN 22CM FALU ZHNBLY Y13022",139,1,1,0,0,25-APR-026,REGINA,387
16842,"NIVEA FEMALE ROLLON DRY 50MLX30 81611",37.99,97,107,-10,-379.9,26-APR-026,WONDER,36
180841,"BED KING 1800X2000MM ML1506K",4590,1,1,0,0,25-APR-026,SHADRACK,517
182127,"PLATINUM SUNFLOWER OIL 15L 8",79.99,5,36,-31,-2479.69,26-APR-026,GIDEON,69
193326,"COCKTAIL GLASS MADISON 285ML 3015C1002G0001",89,3,6,-3,-267,25-APR-026,SYLVIA,425
192196,"MOGU MOGU STRAWBERRY DRINK 320ML 24",29.99,22,50,-28,-839.72,26-APR-026,"MORGAN ONGOH",84
26940,"HEINEKEN LAGER BEER BTL 330ML 24",29.99,7,59,-52,-1559.48,25-APR-026,EMMANUEL,135
X459,"BLUE BAND MARGARINE ORIGINAL 250G 24",23.99,31,28,3,71.97,26-APR-026,"PAUL OWUSU",64
CL728,"CONTAINER KEEP FRESH ROUND 3200 ML 20CMX125CM",12.9,16,19,-3,-38.7,25-APR-026,NASHIBA,334
107986,"AKAI CEILING FAN 36 EF104A3658WS",349,1,6,-5,-1745,25-APR-026,"JOSEPH PATRICK",208
135816,"SERVING BOWL MELAMINE 12 INCHES FEILU 179127",24.9,48,48,0,0,26-APR-026,BLESSING,409
133053,"NUTZY PEANUT CRISPY SNACK 40G  144",2.59,164,35,129,334.11,25-APR-026,"EMMANUEL MENSAH",121
147103,"DOVE MENCARE ROLLON EXTRA FRESH 50ML  6",25.99,24,23,1,25.99,26-APR-026,ELLA,36
152190,"DESTELLO UPHOLSTERY  CARPETS CLEANER 500ML 6",53.99,3,4,-1,-53.99,26-APR-026,ABASS,3
153457,"DISPLAY EXECUTIVE FILE 20POCKET BC A4 SAYA SY120A",25,17,18,-1,-25,25-APR-026,MARIAM,290
164640,"COOKING POT WLID 24CM 29MM ALU PEDRINI 02PE1508 RK",219,2,1,1,219,25-APR-026,QUEENCILLA,375
159814,"WHITE BOARD SHRINK PACK 60X90CM",139,4,4,0,0,25-APR-026,"GEORGE PUPLAMPU",467
15886,"BINE MULTI PURPOSE LIQUID SOAP 1L  12",18.99,14,23,-9,-170.91,25-APR-026,ALVIN,14
174412,"SLIME TIME MULTICOLOUR 91",79,4,5,-1,-79,25-APR-026,HERBERT,279
167644,"AIRPORT CHAIR 3SEAT GREY 1800X635X760MM BU308",3290,1,1,0,0,25-APR-026,FRANCIS,527
169353,"BACKPACK PVC 29CM SWEET DREAM",47.9,8,7,1,47.9,25-APR-026,MORGAN,324
169391,"HEAD KIDS SCOOTER NONELE 64X215X455 MM SR120 PK",749,1,1,0,0,25-APR-026,"GEORGE PUPLAMPU",467
169525,"TOREN MRBITE MILK CHOC COAT WAFER WHAZEL 38G 144",6.29,144,146,-2,-12.58,25-APR-026,EMMANUEL,127
179867,"GREEN BEANS PACK FM",26.99,1,1,0,0,25-APR-026,JIMOH,134
192582,"GIFT WRAPPING PAPER 2PCS 70X100CM",11.99,25,26,-1,-11.99,25-APR-026,HADASSAH,266
193496,"GLASS STORAGE CONTAINER 1520ML DELICIOUS",39.9,5,7,-2,-79.8,26-APR-026,SYLVIA,428
192245,"BLOSSOM JUG SET JUG 4 GLAS HL7042TCC",34.9,2,2,0,0,25-APR-026,"MICHAEL DADZIE",309
197909,"VIP TROLLEYCASE WWHEEL 8W RETREAT LG RETRTW8LGY",749,1,1,0,0,25-APR-026,MARYLAND,297
19818,"ENERGIZER BATTERY ALKALINE AAA MAXAAA BP21X20PK",37.9,106,116,-10,-379,25-APR-026,NTUMY,161
88232,"AKAI HOME THEATRE SYSTEM 21CH SS055AC641",1899,1,1,0,0,25-APR-026,JUSTICE,186
50882,"KISS CIDER PEAR  500ML  24",25.99,5,58,-53,-1377.47,26-APR-026,"JOSEPH PATRICK",135
CL764,"CONTAINER 6PCS 700ML 1250ML 2000ML 3750 ML 6L 9L",89,4,4,0,0,25-APR-026,"NANA ADJEI",326
95761,"AMALFI SHAMPOO KERATIN ANTI DANDRUFF SPA 750ML  16",32.99,9,7,2,65.98,26-APR-026,"PAUL OWUSU",38
90631,"CURTAIN ROD EXTANDABLE SIZE 110210CM 11009300MB",95,7,8,-1,-95,26-APR-026,GAD,474
04116,"SPARLETTA QUININE TONIC 350ML 12",5.99,156,185,-29,-173.71,26-APR-026,DANIEL,165
106923,"DESTELLO WC GEL BLEACH EUCALYPTUS FRESH 750ML  16",35.99,2,2,0,0,25-APR-026,ALVIN,13
107629,"JUVER  DISFRUTA  MANGO APPLE  JUICE 2L 6",62.99,6,6,0,0,25-APR-026,KWAFO,103
118554,"AIRWICK REED DIFFUSER BAHAMAS 25ML 5",70.99,2,2,0,0,26-APR-026,ABIGAIL,5
129377,"PLATE GOLD DISPOSABLE 10PCS SET 23CM",15.9,25,25,0,0,25-APR-026,HADASSAH,268
121769,"ROSALINDA MACKEREL 425G  24",21.99,27,31,-4,-87.96,26-APR-026,"EMMANUEL MENSAH",124
153841,"MORAL STORIES 365",99,3,3,0,0,25-APR-026,HERBERT,282
155147,"PAPYRUS UNWRAPPED TOILET ROLL VIRGIN 12X7  7",37.99,3,3,0,0,25-APR-026,BISMARCK,44
152217,"DERBY SHAVING STICK  2 KROM POLYBAG X 5 14",26.99,18,19,-1,-26.99,25-APR-026,"BOADI STEPHEN",54
153482,"GEM CLIP 28MM SAYA 75 PCS SYPC11",5.9,2,2,0,0,26-APR-026,GILBERT,294
159227,"KNIFE SET 12PCS PLASTIC",9,9,8,1,9,25-APR-026,"ARTHUR JONADAB ",26
179881,"AUBERGINE PACK FM",13.99,4,5,-1,-13.99,25-APR-026,JIMOH,134
182126,"PLATINUM SUNFLOWER OIL 43L 3",179.99,3,16,-13,-2339.87,26-APR-026,GIDEON,69
183298,"AKAI SANDWICH MAKER 4SLICE 1500W SM025A8012",369,6,6,0,0,25-APR-026,"COLLINS HAMMOND",233
190673,"BADMINTON RACKET SET",109,3,3,0,0,25-APR-026,CHARLES,465
197755,"CUP AND SAUCER 220ML CERAMIC WHITE SW001M",16.9,42,42,0,0,25-APR-026,"STEPHEN ACQUAH",424
197904,"VIP TROLLEYCASE WWHEEL 8W TREKK CB TREKTW8LGN",319,1,1,0,0,25-APR-026,MARYLAND,297
29397,"BELAQUA NATURAL MINERAL WATER 500ML 15",2.39,6,68,-62,-148.18,25-APR-026,EMMANUEL,135
202854,"DINNER SET 16PCS BEIGE CERAMIC T45026",199,2,1,1,199,26-APR-026,SOMUAH,430
CL601,"BASIN 6LTR 31CMX12CM",9.9,50,29,21,207.9,25-APR-026,MORGAN,322
96432,"MILO ACTIVGO 20G  10PCS X 30",26.99,22,40,-18,-485.82,25-APR-026,DAVID,BRUNO
02415,"BUTCHERS  CLASSIC TUNA  OCEAN FISH MOUSSE 85G 24",19.99,18,31,-13,-259.87,25-APR-026,ABASS,1
03893,"MEANNAN GROUNDED GARLIC 120G 24",17.49,4,5,-1,-17.49,25-APR-026,BISMARCK,45
09473,"BADIA CINNAMON POWDER 567G  8",50.49,19,12,7,353.43,25-APR-026,BISMARCK,45
101014,"CURTAIN POLYESTER 52X84  WHANGER BLK96",119,5,5,0,0,25-APR-026,ESINAM,485
124858,"CUP PRINTED PLASTIC AP9123",16.9,2,2,0,0,25-APR-026,"MICHAEL DADZIE",309
135822,"SERVING TRAY MELAMINE 16 INCHES FEILU 882165",17.9,44,44,0,0,26-APR-026,NASHINA,337
139343,"SQUASHTFM PACK",13.99,3,3,0,0,25-APR-026,JIMOH,134
140562,"MEANNAN ALL PURPOSE SPICE 200G  12",31.49,30,12,18,566.82,25-APR-026,BISMARCK,45
164619,"CORNER SHELF 2TIER METAL ORSA 910",109,2,2,0,0,25-APR-026,VINOLIA,439
161985,"SAVER BOX AIRTIGHT GREY MEDIUM 800ML L00862",19.9,9,10,-1,-19.9,25-APR-026,NIBOI,317
161094,"FUR HAND SOAP ATLANTIC ROSE 450ML  24",41.99,9,42,-33,-1385.67,25-APR-026,BISMARCK,43
167689,"LUNCH BOX INSULATED 1COMP SSTEEL D2007393 YWU",49.9,10,13,-3,-149.7,25-APR-026,"MICHAEL BOYE",305
167503,"BEVERAGE DISPENSER WRACK 49L 57801 RJK",169,1,2,-1,-169,25-APR-026,SOMUAH,415
178068,"BATHROOM SET 4PCS BLACKWHITEGREY YWU",169,8,6,2,338,26-APR-026,VINOLIA,442
186670,"LUNCH BOX ROUND 1200ML PLASTIC RJK YH330",44.9,12,12,0,0,25-APR-026,"MICHAEL BOYE",304
185832,"MCVITIES SPECULOOS AND GINGER COOKIES 90G  24",13.99,5,8,-3,-41.97,25-APR-026,DORIS,97
187524,"PROMESS FLAVOURED DRINK CHOCOLATE 500ML 12",18.49,9,9,0,0,25-APR-026,CHRIS,61
187665,"LINK UP W3PCS SET 44X25CM",109,4,4,0,0,25-APR-026,GAD,472
189566,"KENWOOD STANDING FAN 16 IFP16000BK",499,1,1,0,0,25-APR-026,AKAYIRI,207
64615,"EVERPACK DISPOSABLE CUP 400CC 20RX50PCS  20",20.99,12,10,2,41.98,25-APR-026,"ARTHUR JONADAB",25
CL606,"MIXING BOWL LARGE 30CMX27CMX14CM",19.9,11,18,-7,-139.3,25-APR-026,OTHNIEL,343
CL774,"CONTAINER 300ML OPAQUE 26CMX18CMX10CM",19.6,5,4,1,19.6,25-APR-026,NIBOI,315
98493,"AMALFI SHOWER GEL GENTLE ROSE 750ML  16",29.99,13,14,-1,-29.99,25-APR-026,"ANANE KOJO",21
99644,"PRINCESS ROLL ON ROSE 50ML  6",9.99,7,18,-11,-109.89,26-APR-026,WONDER,36
128804,"COLORING MARKER 3YRS LUXOR 12PCS 610112WALLET",12.9,8,8,0,0,26-APR-026,MARIAM,292
127740,"PAPER CUP DOLLIES MIX COLOUR 1000PCS 8CM YWU",9.9,20,18,2,19.8,25-APR-026,"ALHASSAN RANDY",384
139340,"CABBAGETFM PC",19.99,4,4,0,0,25-APR-026,JIMOH,134
157380,"SERENGETI MRLOT WINE 750ML 6",118.99,7,7,0,0,25-APR-026,APPIAH,111
156269,"SNAPPLE PINK LEMONADE BOTTLE 473ML  12",41.99,9,9,0,0,26-APR-026,DELIGHT,88
151338,"CLOCK 3D FOOTBALL BASKETBALL",39.9,1,6,-5,-199.5,25-APR-026,GAD,472
159784,"PAPER LARGE BAG 250G 43X55X15CM",21.99,39,44,-5,-109.95,25-APR-026,"MICHAEL BOYE",302
171643,"KALYON WET WIPES LAVANDER 100WIPES 12",23.99,6,6,0,0,26-APR-026,PHILEMON,10
167774,"COOKWARE 7PCS SET 2MM DIE CAST HROLAND HR1281 RJK",1149,2,2,0,0,25-APR-026,"PAUL OWUSU",355
181592,"NASCO FRIDGE DD 118L NASF215S",2399,1,1,0,0,25-APR-026,NYARKO,176
192566,"GIFT BAG 30X415X12 9104",12.99,7,7,0,0,25-APR-026,MARYLAND,301
191984,"DINNER FORK 41G0359 ZHN",27.9,4,5,-1,-27.9,25-APR-026,OWUSU,370
79585,"SHINE CLING FILM 200SQFT 613MX30CM  24",30.49,12,12,0,0,25-APR-026,"ARTHUR JONADAB",27
49527,"NIVEA SHOWER CREAM HAPPY INDULGORANGE 500ML  12",151.99,5,5,0,0,25-APR-026,"ANANE KOJO",22
D641,"PURE HEAVEN PINEAPPLECOCONUT JUICE 1L 8",35.99,8,47,-39,-1403.61,26-APR-026,EMMANUEL,127
95495,"GARLAND 2MX6CM",6.9,2,2,0,0,25-APR-026,DANIEL,XMAS
106700,"NASCO POPCORN MAKER 1200W PC1005ACB",169,2,2,0,0,25-APR-026,"COLLINS HAMMONDN",231
111745,"POST GOLDEN CRISP 148OZ  12",69.99,12,11,1,69.99,26-APR-026,"KINGSLEY OP",91
129341,"CUP WSTRAW 380ML GLASS C00162",14.9,21,21,0,0,25-APR-026,SYLVIA,426
121049,"UNICORN STAMPS SET 6PCS 4YRS 53198",65,4,4,0,0,25-APR-026,HERBERT,279
135824,"DINNER PLATE MELAMINE 10 INCHES FEILU 31088",12.9,17,17,0,0,25-APR-026,REGINA,390
148515,"ARTIFICIAL FLOWER W5BRANCH 35CM MIX COLOR",2.9,30,28,2,5.8,26-APR-026,AKAYIRI,462
151150,"CHRISTMAS LIGHT 10M",59,1,1,0,0,25-APR-026,DANIEL,XMAS
162492,"ABOVE DEO  SPRAY MAX SPORT ENERGY WOMEN 250ML  12",43.49,2,1,1,43.49,25-APR-026,JIMOH,1
180218,"KLEANZ HAND SANITIZER 50ML SPRAY  46",7.29,45,51,-6,-43.74,26-APR-026,QUEENCILLA,42
187695,"HUMIDIFI CANDOR 13L",189,7,7,0,0,25-APR-026,KWAFO,173
183510,"ICE CHEST 5PCSET ESKIMO 57L35L11L4L1ML TPX6009B",1099,1,1,0,0,25-APR-026,"MORGAN ",325
184355,"COCKTAIL SHAKER 500ML SS 60240116",34.9,21,21,0,0,25-APR-026,PHILEMON,356
189607,"DOVE LOTION INVIGORATING CARE 400ML 18",77.99,25,37,-12,-935.88,25-APR-026,"BENEDICT ABBEY",37
198509,"MASON JAR WITH STRAW 680ML GLASS YWU",44.9,17,18,-1,-44.9,25-APR-026,SYLVIA,426
36822,"MAGICTIME CLASSIC YELLOW MUSTARD 14OZ  12",26.99,8,12,-4,-107.96,26-APR-026,"FELIX BOADU",65
33502,"MYSTIC ORCHARD AUTO REFILL  LAVENDER   12",39.99,3,3,0,0,26-APR-026,ABASS,3
80150,"TOOTHBRUSH  PASTE HOLDER SUCTION R5120 RJK",39.9,1,12,-11,-438.9,25-APR-026,VINOLIA,440
89690,"BINATONE DRY IRON 1000W HEAVY DI1275",479,6,7,-1,-479,25-APR-026,DANIEL,256
49365,"UNOLI SOYABEAN COOKING  OIL 2L  4",117.99,8,8,0,0,26-APR-026,"RANDY ALHASSAN",47
68575,"FOGG FRAGRANCE BODY SPRAYROYAL  120ML   72",52.99,18,57,-39,-2066.61,26-APR-026,ELLA,35
N255,"BADIA CINNAMON STICK 851G 12",184.99,17,17,0,0,25-APR-026,GIDEON,67
95764,"AMALFI SHAMPOO KERATIN GREASY HAIR MOJITO 750ML 16",32.99,8,7,1,32.99,25-APR-026,"BENEDICT ABBEY",38
94170,"FLIRT PURE DISTILLED VODKA GAPPLE 375ALC 1L  6",133.99,6,6,0,0,25-APR-026,MAHAMA,117
115949,"BINE ANTIBACTERIAL SOAP 500ML 20",15.99,18,16,2,31.98,25-APR-026,ALVIN,14
115985,"BEVERLY SPARKLING WHITE DRINK 750ML 12",42.99,5,5,0,0,25-APR-026,"EDDIE MENSAH",106
137082,"DR TEALS LAVENDER FACIAL TONER 473ML  12",105.99,9,9,0,0,25-APR-026,JIMOH,1
134388,"MCBERRY FRENCH DONUTS 35G  144",2.49,144,172,-28,-69.72,25-APR-026,EMMANUEL,127
146189,"SALT SHAKER SET WBASE 2PCS 95CC SSPD 122020560",19.9,30,1,29,577.1,26-APR-026,SYLVIA,426
144270,"TOUCH LIQUID SOAP LEMON 750ML  12",13.99,1,1,0,0,25-APR-026,ALVIN,14
156577,"ARTIFICIAL FLOWER",95,1,1,0,0,26-APR-026,ESINAM,462
157134,"CHANDELIER GOLDBLACK 6369750350",1999,1,2,-1,-1999,25-APR-026,KWAFO,530
149390,"STARFRESH PUMP SPRAY DELUXE MIST 200ML 36",12.29,2,33,-31,-380.99,25-APR-026,ABASS,3
149390,"STARFRESH PUMP SPRAY DELUXE MIST 200ML 36",12.29,21,33,-12,-147.48,25-APR-026,ABASS,2
160502,"BABY CARRIAGE WITH NET BLUEPINK 78X46X27CM BC01",729,1,2,-1,-729,25-APR-026,DANIEL,XMAS
159742,"MUNCHEE MSC STRAWBERRY MILK BISCUIT 65G  48",4.19,46,79,-33,-138.27,26-APR-026,DERRICK,96
171112,"DOMESTOS BLOCKS  DUO OCEAN 55G  7",58.99,2,2,0,0,25-APR-026,ABASS,3
169003,"LEGACY AC SPLIT 15HP WHITE LGY15",4689,1,2,-1,-4689,25-APR-026,AKAYIRI,207
181956,"BAR TROLLEY WCASTOR CHERRY 4628",629,1,1,0,0,25-APR-026,FRANCIS,523
180258,"SOLDIER MENTHOLATED OIL 125ML 2DZ  6",31.99,22,24,-2,-63.98,26-APR-026,WONDER,36
185942,"STAEDTLER SKETCH FIBRE TIP WALLET 10PCS 326 C10 10",69,7,7,0,0,26-APR-026,MARIAM,291
185639,"KNIFE SET 5PCS 12MM CPHD02YE5KPVC RJK",179,18,18,0,0,25-APR-026,NASHIBA,335
184350,"CUTLERY HOLDER 10X12CM SS 61030272",19.9,23,22,1,19.9,25-APR-026,PHILEMON,357
192557,"GIFT BAG 30X415X12 9100",12.99,6,6,0,0,25-APR-026,MARYLAND,301
189405,"TOM MILK VANILLA CREAMY DAIRY DESSERT 100G 20",13.99,21,23,-2,-27.98,25-APR-026,CHRIS,61
197973,"MCBERRY SIMA COOKIES BISCUITS 18G  72",1.09,2,2,0,0,25-APR-026,"FELIX BOADU",154
198233,"TOILET BRUSH WSTAND BLKWHT SSTEEL PLASTIC YWU",44.9,9,9,0,0,25-APR-026,VICTORIA,437
35898,"MAXIM CONCENTRATED LIQUID SOAP3X THICK 45L  5",100.99,0,3,-3,-302.97,26-APR-026,"ARTHUR JONADAB",27
87231,"BANANA MICROWAVE OVEN 20L BLACK BMW7201M",879,1,2,-1,-879,25-APR-026,WONDER,261
86438,"CELLO WATER BOTTLES PURO TRENDS 900ML",46.9,11,8,3,140.7,26-APR-026,GILBERT,313
67428,"SUPERTEA VANILLA TEA 2GM25  12",17.99,10,10,0,0,25-APR-026,AKORFA,57
67999,"EVP COFFEE CUP CLEAR 80CC SINGLE LAYER 20X100 20",13.49,12,23,-11,-148.39,25-APR-026,"ARTHUR JONADAB",26
90924,"WALL CLOCK INFINITI INFZX6546",149,1,1,0,0,25-APR-026,GAD,472
105819,"DOVE BODY WASH DEEP NOURISHING 750ML  16",92.99,26,26,0,0,25-APR-026,"ANANE KOJO",22
119624,"CUSHION 45X45 GOLD",169,1,1,0,0,25-APR-026,"GIDEON GBLOGAH",508
113786,"MC BERRY LONDON SHORTBREAD BISCUIT 80G 36",6.29,7,13,-6,-37.74,25-APR-026,DERRICK,96
111614,"LION DADDY CAFE RHUM WITH MONO CARTON 750ML 12",71.99,11,11,0,0,25-APR-026,MAHAMA,115
111660,"CANDLE WHAPPY BIRTHDAY DESIGN GOLD",7.9,156,175,-19,-150.1,25-APR-026,DANIEL,XMAS
125297,"ROMAR  AIRFRESHNER  FLORAL 300ML  8",38.99,4,4,0,0,25-APR-026,ABASS,2
122264,"LAV STEMWARE 6PCS SET LVELL543F",109,1,3,-2,-218,26-APR-026,SOMUAH,417
124655,"AMALFI SHOWER GEL ARGAN OIL  750ML  16",29.99,17,16,1,29.99,25-APR-026,"ANANE KOJO",21
138232,"ROSSWOOD PREM ROASTED CASHEW NUTS NO SALT 168G  24",60.99,20,20,0,0,26-APR-026,MAHAMA,119
132382,"GIFT WRAP PAPER LBLUWHTBLU 2P 70X100CM LXX3112",11.99,3,13,-10,-119.9,25-APR-026,CHARLES,463
14821,"DEVA SOFTENER FLORAL 1000ML 12 10501",43.49,1,5,-4,-173.96,26-APR-026,ALVIN,16
157598,"COOL BREEZE AIRFRESHENER CHERRYMAGNOLIA 300ML 24",25.99,24,36,-12,-311.88,25-APR-026,ABASS,2
165564,"EASEL 170CM YWU",149,2,2,0,0,25-APR-026,"GEORGE PUPLAMPU",467
157741,"MIMI KISS WHITE WINE 750ML 6",104.99,8,8,0,0,25-APR-026,APPIAH,113
159804,"RUBBER BAND YELLOW 500G 3865CM",48.9,1,3,-2,-97.8,25-APR-026,HADASSAH,267
161280,"CANVAS PAINTING MAPS 70X50CM PC233002",109,7,8,-1,-109,25-APR-026,GAD,472
172158,"NESTLE GOLDEN MORN MAIZESOYA PROT 10X45G 450G 10",38.99,2,26,-24,-935.76,26-APR-026,TITUS,21
170555,"MON BIJOU FABRIC SOFTENER PERFUME 17L 6",51.99,5,5,0,0,25-APR-026,ALVIN,15
186162,"CARPET FELT REDBLACK 2X15M SRMRB01",189,14,14,0,0,26-APR-026,GAD,474
184782,"DISH RACK DELICIOUS",179,1,7,-6,-1074,25-APR-026,REGINA,387
192664,"GIFT BAG MEDIUM 210G 26X32X125 KRB13683M14",8.99,12,12,0,0,25-APR-026,"MICHAEL BOYR",302
193237,"AKAI HAND MIXER 250W BD083AHM125",299,4,4,0,0,25-APR-026,PRINCE,226
189664,"JUTE MAT 135CM ASSORTED MYQ91903",279,7,9,-2,-558,26-APR-026,GAD,474
191540,"4PCS BEDSHEET SET SG 150X230CM  WHITE",149,4,4,0,0,25-APR-026,GILBERT,499
206905,"FRYING PAN WLID 26CM SILKY SMOOTH LDS",339,1,6,-5,-1695,25-APR-026,OWUSU,374
36411,"KALYON DISWASHING LIQUID LEMON 730ML 12",25.99,4,16,-12,-311.88,26-APR-026,BLESSING,409
88468,"SERVING TRAY 35CM ROUND PLASTIC YWU",19.9,9,10,-1,-19.9,26-APR-026,NASHINA,337
69055,"DR MALT DARK CAN  330ML  24",8.19,11,101,-90,-737.1,26-APR-026,"JOSEPH PATRICK",135
102968,"BELAIR AIR FRESHENER VANILLA 150ML  36",11.99,12,17,-5,-59.95,26-APR-026,ABASS,3
103323,"AMALFI MOUTHWASH ULTRA FRESH 500ML  16",22.99,2,2,0,0,25-APR-026,"BOADI STEPHEN",53
117208,"DOMS CRAYON SET 14PCS PLASTIC IN TIN 7120",20.9,3,3,0,0,26-APR-026,GIDEON,294
120062,"AKAI FUFU MAKER 6L BLACK SS MG003A6L",699,2,2,0,0,25-APR-026,PRINCE,226
120084,"CASA DE CAMPO RED KIDNEY BEANS 400G  12",17.99,23,24,-1,-17.99,25-APR-026,GLADYS,71
123709,"GOBLET GLASS 3PCS SET 350ML BINGO SNV 009",9.9,16,1,15,148.5,25-APR-026,"STEPHEN ACQUAH",422
135015,"KENWOOD VACUUM CLEANER WETDRY 25L 2200W VDM60000",2199,1,1,0,0,25-APR-026,"JOSEPH PATRICK",196
137495,"BUMBLE BABY WET WIPES MEDITERRANEAN 120PCS   12",31.99,10,10,0,0,26-APR-026,"BENEDICT ABBEY",39
13203,"KONKORD IODIZED SALT 500G 50",4.49,78,142,-64,-287.36,26-APR-026,EMMANUEL,127
156703,"LADLE SLOTTED SSTEEL YWU",29.9,6,6,0,0,25-APR-026,OWUSU,369
155184,"MSTA TEMPERA COLOUR 3ML 195038",19.9,9,11,-2,-39.8,26-APR-026,"MICHAEL DADZIE",295
157216,"GOLD COAST ROASTERS COLD BREW 285G  10",99.99,3,3,0,0,26-APR-026,JIMOH,1
174397,"HONEY LITE BITE ANISE 425G  25",92.99,8,8,0,0,26-APR-026,GIFTY,63
168019,"FILLED CUSHION P VELVET 45X45CMWHITE DC243",109,4,4,0,0,25-APR-026,GLADYS,505
168102,"FILLED CUSHION P JAQUARD 45X45CMBLACK DC254",129,10,10,0,0,25-APR-026,"GIDEON GBLOGAH",508
168704,"CAMRY ELECTRONIC KITCHEN SCALE LCD EK4350 RJK",159,5,8,-3,-477,25-APR-026,"NANA KOJO",363
168704,"CAMRY ELECTRONIC KITCHEN SCALE LCD EK4350 RJK",159,2,8,-6,-954,25-APR-026,OWUSU,372
179746,"LIPICE ORIGINAL FOR MEN LIPBALM SINGLE PK12",19.49,4,9,-5,-97.45,26-APR-026,AKORFA,55
179198,"MAGIC NANO TAPE 3CMX3M YW",29.9,0,30,-30,-897,26-APR-026,GILBERT,294
18751,"NESTLE CERELAC BL 3FRUITS 50G 10X8",7.59,66,72,-6,-45.54,26-APR-026,"EMMANUEL MENSAH",124
183575,"COLGATE TP HERBAL SALT  6X12 140G 72",20.99,25,71,-46,-965.54,25-APR-026,"BOADI STEPHEN",54
192165,"GOLIA ACTIV PLUS HERBAL MINT CANDY 16X295G 24",7.99,16,17,-1,-7.99,25-APR-026,"ABIGAIL YEVUGAH",157
198715,"MUG 330ML CERAMIC SOLID COLOUR YWU",19.9,25,30,-5,-99.5,25-APR-026,"SAMUEL ADDO",398
196866,"SARA BEEF PATE 400G 24",15.99,20,20,0,0,26-APR-026,APPIAH,126
85494,"BANETTI BIG ELBOWS PASTA 500G  20",14.99,18,11,7,104.93,25-APR-026,SOLOMON,74
77658,"PARIDOX ALATA SAMINA TABLET SOAPALOE VERA 150G  40",20.99,4,9,-5,-104.95,26-APR-026,NIBOI,18
78838,"CUP 4PCS 120G 8125CM YWU",9.9,2,4,-2,-19.8,26-APR-026,"MICHAEL DADZIE",310
71232,"COOL BREEZE MEMBRANE AIR FRESHNER CRANBERRY 8ML 12",22.99,41,29,12,275.88,25-APR-026,ABASS,3
X951,"CERES APPLE FRUIT JUICE 1L 12",44.99,36,74,-38,-1709.62,26-APR-026,EMMANUEL,127
98860,"DZIRE CHEST FREEZER DD 420L CFDW430D",11329,1,1,0,0,25-APR-026,AKAYIRI,204
108397,"PARLE SIMPLY GOOD DIGESTIVE HONEY  OATS 72G  36",5.49,36,101,-65,-356.85,25-APR-026,EMMANUEL,127
117291,"WESTINGHOUSE FRYPAN 24CM GRANITE WCFP0070024GGY",259,6,7,-1,-259,25-APR-026,QUEENCILLA,378
111730,"POST WAFFLE CRISP 115OZ  16",69.99,16,16,0,0,26-APR-026,"KINGSLEY OP",91
130158,"WINE STEM GRAND CHAIS 47CL SSPD FRC L6090",59,12,12,0,0,25-APR-026,SYLVIA,426
148125,"CURTAIN WGROMT EMB BLKOUT BURG 02PA6777G",119,12,11,1,119,25-APR-026,ESINAM,484
148304,"BBQ GRILL CHARCOAL PIZZA STYLE 22 22022P",1499,1,1,0,0,25-APR-026,DANIEL,XMAS
148686,"ARTIFICIAL PLANT 80CM",359,2,5,-3,-1077,26-APR-026,HAYFORD,461
163852,"SWING BIN 50L PLASTIC PRINCE 4550",129,1,11,-10,-1290,25-APR-026,HAYFORD,454
160199,"WHITE BOARD WPLASTIC FRAME 279X217CM WB5079",29.99,11,11,0,0,26-APR-026,"NANA KOJO",271
171700,"KALYON COTTON BUDS 200 BUDS 144",18.29,30,54,-24,-438.96,26-APR-026,LESTER,50
175392,"MUNCHEE CHOCO CRUNCH BISCUIT 26G  72",1.39,46,60,-14,-19.46,25-APR-026,DERRICK,96
166854,"FRY PAN 24CM FALU ZHNBLY Y13024",159,7,7,0,0,25-APR-026,PHILEMON,361
16829,"NIVEA LOTION SMOOTH SENSATION  400ML 1288144",102.99,9,13,-4,-411.96,25-APR-026,"BENEDICT ABBEY",37
179575,"LETTUCE  PACK  FM",13.99,3,4,-1,-13.99,25-APR-026,JIMOH,134
179796,"DESKTOP SWING BIN LONDON 1500ML PLASTIC 3062",29.9,12,12,0,0,25-APR-026,SOMUAH,413
200304,"HH SEASONING BEEF 12X50 10G  50",15.99,40,40,0,0,25-APR-026,GIDEON,67
197524,"LUX BAR SOAP ROMANTIC HIBISCUS 170G 48",22.99,45,45,0,0,25-APR-026,"ANANE KOJO ",20
88423,"DECORATION MARBLES 100G",12.9,14,14,0,0,26-APR-026,HAYFORD,461
92202,"JUVER SELECCION  PINEAPPLE 200ML 24",13.99,27,27,0,0,26-APR-026,KWAFO,83
103373,"AMALFI HAIR DYE BLACK 100  12",53.99,19,19,0,0,26-APR-026,"PAUL OWUSU",38
117150,"MSEAL CONTAINER RECT GLASS 700ML FRC N1040610",139,3,3,0,0,26-APR-026,SYLVIA,428
125867,"POPIZZ SPARKLING DRINK BLUE 750ML  6",49.99,4,12,-8,-399.92,25-APR-026,"EDDIE MENSAH",106
135843,"FAIRAFRIC MELCOM 43 MILK  CHOCOLATE PLAIN 80G 10",34.69,10,19,-9,-312.21,25-APR-026,"ABIGAIL YEVUGAH",158
131080,"ROMAR REFILL AUTOM AIR FRESH CLEAN CLTH 250ML  6",48.99,11,11,0,0,26-APR-026,ABIGAIL,5
14828,"DEVA SOFTENER  SENSITIVE 2L  6",82.99,6,6,0,0,25-APR-026,ALVIN,15
14722,"EASY MOUZOO MANGO JUICE GLASS BOTTLE 250ML 24",10.99,2,7,-5,-54.95,25-APR-026,EMMANUEL,135
157455,"WALL CLOCK 16 408X408X7CM INF6701",129,1,5,-4,-516,25-APR-026,GAD,472
152123,"TRANBO DOCUMENT PP COVER WBUTTON  ABB",9.9,7,9,-2,-19.8,25-APR-026,MARIAM,290
161837,"BIRISK FARM TOMATO MIX 2KG  6",52.99,6,9,-3,-158.97,26-APR-026,CHRIS,60
168111,"FILLED CUSHION P PRINTED 45X45CMFLORAL1 DC256",139,1,16,-15,-2085,26-APR-026,FRANCIS,522
184342,"CAKE STAND WSERVER 32CM SS 62080214 56043A",129,2,8,-6,-774,25-APR-026,"ALHASAN RANDY",383
37819,"KALYON DRAIN OPENER 702 140G 24",23.49,17,17,0,0,26-APR-026,"ADIATOR MOSES ",8
39547,"AIRPRO SCENTED OIL OCEAN REFILL  24",57.99,16,8,8,463.92,26-APR-026,ABASS,3
202342,"TECNO MOBILE POP 20 4GB128GB KN3",1629,2,3,-1,-1629,25-APR-026,NYARKO,178
76710,"LORENZ NATURALS ROSEMARY CHIPS 100G  12",50.99,8,11,-3,-152.97,26-APR-026,MAHAMA,120
D502,"PRIMA LIQUID SOAP ORANGE 45L 6",75.99,6,5,1,75.99,26-APR-026,"ARTHUR JONADAB",28
99646,"PRINCESS ROLL ON JASMINE 50ML  48",9.99,25,37,-12,-119.88,26-APR-026,MABEL,36
95706,"AMALFI  SHAMPOO  APPLE 400ML  10",23.99,1,1,0,0,26-APR-026,"PAUL OWUSU",38
119983,"POST RAISIN BRAN 25OZ  12",89.99,8,11,-3,-269.97,25-APR-026,"KINGSLEY OP",91
126677,"WALL CLOCK SAKURA 305X305X43 3311Y",119,8,8,0,0,25-APR-026,"GAD ",471
134710,"SAACON HIBISCUS TEA BAG 44G  22",42.99,1,1,0,0,25-APR-026,AKORFA,59
14654,"SABA DETERGENT POWDER 400 G   12",14.49,9,9,0,0,26-APR-026,ALVIN,17
146802,"SANITA INTERFOLD TOWEL ECO 1PLY 33G  200SHT  18",29.49,13,22,-9,-265.41,25-APR-026,ELLA,31
144202,"TOUCH BLISS SOFTENER  2L  6",42.99,9,9,0,0,25-APR-026,ALVIN,15
151039,"BIGOO COCKTAIL DRINK 350ML 20",2.99,60,112,-52,-155.48,26-APR-026,DANIEL,165
161521,"CURTAIN FOILED 54X90 PURPLE",139,12,12,0,0,25-APR-026,GILBERT,500
171657,"CROWN OF MIDNIGHT",159,2,2,0,0,26-APR-026,"JERUSHA ",288
168371,"ARTIFICIAL PLANT 4 COLOR MIX",99,3,6,-3,-297,25-APR-026,HAYFORD,460
168660,"HEAVEN DARK SOY SAUCE 150ML  48",10.49,7,8,-1,-10.49,25-APR-026,GLADYS,72
175866,"KISS VODKA MIX 18 DRINK 250ML 24",15.29,24,25,-1,-15.29,25-APR-026,APPIAH,109
186969,"HAPPY BIRTHDAY PLATES MIX DESIGN 20PCS SET",29.9,14,14,0,0,25-APR-026,HADASSAH,268
190625,"GIFT BAG 30X42CM",11.9,9,9,0,0,25-APR-026,MARYLAND,301
200471,"WOK 28CM PALU ZHNBLY 811201C28",229,1,7,-6,-1374,25-APR-026,PHILEMON,358
36492,"AIRPRO AIRFRESHENER ESSENTIALS NEW RIDE 9ML  96",25.99,27,35,-8,-207.92,25-APR-026,ABASS,3
202772,"TASTY TOM BEEF SEASONING POWDER 50G 120",5.29,79,80,-1,-5.29,25-APR-026,GIDEON,67
57861,"EVERPACK RIPPLED PAPER CUPS 12OZ 3COLORS20X30 20",57.99,6,20,-14,-811.86,26-APR-026,DORIS,24
98447,"SEARA FROZEN THIGHSBONE IN 900G  12",64.99,34,34,0,0,26-APR-026,NYARKO,182
97335,"WC NET CRYSTAL RIM BLOCK BLUE FRESH  12",44.99,3,1,2,89.98,25-APR-026,ABASS,3
106847,"STAR FRESH GEL CARD LEMON FRESH 8ML  12",18.49,15,17,-2,-36.98,26-APR-026,ABASS,3
109331,"ROMAR  AIRFRESHNERANTI TABACCO 300ML  8",40.99,2,2,0,0,25-APR-026,ABASS,2
114724,"POWER SHOT GAME PLAYPRACTICE 3YRS TY 815",119,2,2,0,0,25-APR-026,HERBERT,279
126912,"JOHN WEST CHUNKS IN BRINE 100G 48",31.99,33,33,0,0,26-APR-026,"EMMANUEL MENSAH",124
131900,"TOUCH LIQUID SOAP LEMON 200ML  12",5.29,1,2,-1,-5.29,25-APR-026,NTUMY,163
153767,"FABER CASTEL VERTEX MATH DRAWING INSTRUMENT 163620",34.9,14,14,0,0,26-APR-026,MARIAM,291
156275,"MOLINERA  SUGARFREE APPLE JUICE 1L  12",31.49,7,7,0,0,25-APR-026,DORIS,102
164594,"WATER BOTTLE SPORTS 800ML 46909",49,2,6,-4,-196,25-APR-026,GILBERT,313
175016,"KIDS MORAL TALES 1 AESOPS FABLES 12 EB1366",13.99,43,43,0,0,26-APR-026,HERBERT,283
174210,"PAPER BAG RIBBON 18X23X10CM KR13053S14",11.9,12,12,0,0,25-APR-026,"MICHAEL BOYE",302
167594,"BINATONE STANDING FAN 18 RECHARGEABLE RCFM 1875",1949,1,1,0,0,25-APR-026,AKAYIRI,207
167693,"LUNCH BOX INSULATED 2COMP SSTEEL D10798222K YWU",109,7,7,0,0,25-APR-026,"MICHAEL BOYE",305
168131,"MATTRESS PROTECT WP PJERSEY 150X200CM 117015P150",139,7,7,0,0,25-APR-026,GILBERT,498
179086,"BUILDING BLOCK 300G",29,36,36,0,0,25-APR-026,JUSTICE,270
183625,"TEA SPOON 6PCS 1806TS",19.9,3,7,-4,-79.6,25-APR-026,PHILEMON,359
194873,"MOP BUCKET WMOP STEEL 0202",209,1,2,-1,-209,25-APR-026,WISE,446
192351,"BINDER CLIP 19MM 20PCS ID04279",15.9,12,12,0,0,26-APR-026,MARIAM,291
188853,"BATHMAT 50X80CM BM102 NAVY BLUE CP",59,17,17,0,0,25-APR-026,"SAMUEL ADDO",400
190013,"BINATONE KETTLE 17L 18502200W SS CEJ1700T",449,1,5,-4,-1796,25-APR-026,WONDER,247
190117,"TV STAND WSLIDING DOOR BLACK 122819740",1199,1,1,0,0,25-APR-026,FRANCIS,527
200763,"COOKING POT WLID 20CM FALU ZHNBAROLY 120120",229,1,2,-1,-229,25-APR-026,QUEENCILLA,375
204925,"CERAMIC BOWL RIBBED WLID 10INCH LL17",69,18,38,-20,-1380,25-APR-026,SOMUAH,411
204057,"NASCO TV BRACKET FULL MOTION 50120 NP800",349,2,2,0,0,25-APR-026,KWAFO,169
96431,"NIDO ESSENTIA NUTRIPAK 14G 10PCS X 26",24.99,26,72,-46,-1149.54,26-APR-026,EMMANUEL,127
92694,"LADLE SPOON CX18195 YWU",16.9,6,34,-28,-473.2,25-APR-026,PHILEMON,361
104889,"FANMILK YAOURT SWEET VANILLA YOGHURT 125G 24",10.49,1,2,-1,-10.49,26-APR-026,TITUS,21
107979,"ONE YOGO STRAWBERRY YOGHURT 330ML 12",20.99,18,20,-2,-41.98,25-APR-026,EMMANUEL,133
110740,"WETTOL ANTISEPTIC 45L   4",166.99,3,2,1,166.99,25-APR-026,QUEENCILLA,42
14317,"MARILAN  WAFER VANILLA BISCUIT 115G  24",10.19,4,4,0,0,26-APR-026,"KINGSLEY OP",94
155732,"DEW DKLE BAMBOO CHARCOAL FACIAL WIPES  24",51.99,1,11,-10,-519.9,26-APR-026,"JOSEPH PATRICK",39
149731,"CHEESE PLANER BLACK ILC ICC777KA0038 RK",9.9,24,32,-8,-79.2,25-APR-026,OWUSU,369
162836,"CURTAIN JACQUARD 54X90 BLACK 268",219,-7,10,-17,-3723,26-APR-026,"GERALD SACK ",481
171642,"THE WAGER",205,2,2,0,0,26-APR-026,"JERUSHA ",288
169712,"AKAI BLENDER WMILL 15L 400W BD074A639M",349,1,1,0,0,25-APR-026,PRINCE,223
169355,"SPORTS BOTTLE SWEET DREAM",16.9,3,4,-1,-16.9,25-APR-026,GILBERT,313
184388,"CLOTHES HANGER 5PCS SET 41CM PLASTIC XZ3166 YWU",29.9,11,22,-11,-328.9,25-APR-026,VICTORIA,437
192914,"GS HUNGRY CHOCOLATE CASHEWNUT BREAD 350GMS 1",39.99,9,8,1,39.99,25-APR-026,EMMANUEL,129
189378,"SIDE CABINET BIFLV08S",579,2,1,1,579,25-APR-026,SHADRACK,514
88162,"NEW TEMPLE TROLL 2PLY  10ROLLS    7",29.99,2,-1,3,89.97,25-APR-026,ELLA,32
66508,"DINNER PLATE MELAMINE 12 INCHES ZHN G3800212",18.9,23,46,-23,-434.7,25-APR-026,REGINA,390
68577,"FOGG FRAGRANCE BODY SPRAYNAPOLEON  120ML  72",52.99,36,61,-25,-1324.75,26-APR-026,ELLA,35
CL362,"BUCKET WITH LID AND TAP 25LTR 38CMX39CM",69,7,11,-4,-276,25-APR-026,"MORGAN ONGOH",321
CL725,"DRUM WITH LID 40LTR 38CMX55CM",99,4,4,0,0,25-APR-026,MORGAN,323
00203,"MCVITIES DIGESTIVE BISCUITS 400G 20",59.99,9,19,-10,-599.9,25-APR-026,DORIS,97
108469,"FIZZY SODA WATER 350ML 16",3.19,1,79,-78,-248.82,25-APR-026,EMMANUEL,133
125260,"SAIRO FAMILY SHOWER GEL  SWEET ESCAPE 750ML  12",29.99,1,13,-12,-359.88,26-APR-026,VINOLIA,441
135113,"SOKLIN SMART LIQDET BLUE 30ML 156",2.19,7,7,0,0,26-APR-026,ALVIN,16
160042,"BOTTLE WINFUSER 650CC PLASTIC 161677000",29.9,7,7,0,0,26-APR-026,GILBERT,311
162400,"CLERE FOR MEN ICE 400ML X36",42.49,1,1,0,0,25-APR-026,"BENEDICT ABBEY",37
160124,"PARLE MULTI VITA MARIE BISCUITS 495G  48",2.29,48,81,-33,-75.57,25-APR-026,DERRICK,95
171977,"WALL LIGHT 210032BG",279,1,2,-1,-279,25-APR-026,KWAFO,166
167292,"XMAS CUSHION W400G FILLING",47.9,2,27,-25,-1197.5,25-APR-026,GLADYS,505
168687,"STIRER LADLE WWOOD HANDLE 8MM ROSEWOOD AA1815",39,13,58,-45,-1755,26-APR-026,PATIENCE,348
185413,"CURTAIN BKT GROM BURG 2P 54X90 02PA7215E",199,7,7,0,0,25-APR-026,ESINAM,485
192561,"GIFT BAG 18X23X10 9102",7.99,12,16,-4,-31.96,25-APR-026,"MICHAEL BOYE",302
192676,"GIFT BAG LARGE 210G 32X42X115 KR16222L912",10.99,12,12,0,0,25-APR-026,"MICHAEL BOYE",302
194964,"LADLE SLOTTED TURNER SILICONE ZHN HR22PC6DS",12.9,19,37,-18,-232.2,25-APR-026,PATIENCE,348
195096,"DOLCE ELEGANCE APPLE 350G 10",37.99,10,10,0,0,26-APR-026,"EDDIE MENSAH",90
197905,"VIP TROLLEYCASE WWHEEL 8W TREKK MD TREKTW8LBL",499,1,1,0,0,25-APR-026,MARYLAND,296
202788,"ST ANNS BROWN SUGAR BOTTLE 450G  12",21.49,10,10,0,0,25-APR-026,"EMMANUEL MENSAH",122
60515,"VASELINE ALOE SOOTHE LOTION  400ML  48",49.99,1,29,-28,-1399.72,26-APR-026,NTUMY,163
66914,"SAPOLIO RADIUM SCOURING POWDER LEMON 300G 36",14.99,18,19,-1,-14.99,25-APR-026,"ADIATOR MOSES ",8
95931,"AMALFI  BODY SPRAY DERMO PROTECTOR 200ML  8",37.99,6,7,-1,-37.99,25-APR-026,ELLA,34
08813,"WC NET INTENSE GEL LAVENDER FRESH 750ML  12",52.99,2,3,-1,-52.99,25-APR-026,ALVIN,13
102980,"BABYMED SHOWER GEL 800ML  12",49.99,4,4,0,0,26-APR-026,LESTER,50
128777,"TEXTLIGHTER 12YRS LUXOR 5PCS 40105WT",30.9,8,8,0,0,26-APR-026,GILBERT,294
125274,"AIRPRO MINI CLIP AREFRSHNER FRESH VANILLA 25ML 6",20.49,11,17,-6,-122.94,26-APR-026,ABASS,3
135825,"DINNER PLATE MELAMINE 10 INCHES FEILU 83105",18.9,20,39,-19,-359.1,25-APR-026,REGINA,388
148511,"ARTIFICIAL FLOWER W5BRANCH 30CM MIX COLOR",12.9,2,1,1,12.9,26-APR-026,ESINAM,462
148512,"ARTIFICIAL FLOWER W5BRANCH 28CM MIX COLOR",14.9,2,6,-4,-59.6,26-APR-026,ESINAM,462
155983,"PEPSODENT KIDS TPASTE ORANGE 45GMS 120",9.99,30,178,-148,-1478.52,26-APR-026,NTUMY,163
151588,"SOFT  GENTLE DEO  COTTON TOUCH  250ML 6",34.99,8,9,-1,-34.99,25-APR-026,ELLA,34
159783,"PAPER LARGE BAG 43X55X15CM 250G",21.99,3,4,-1,-21.99,25-APR-026,"MICHAEL BOYE",302
167857,"DUSTPAN WBRUSH PLASTIC RZS01 RJK",19.9,6,6,0,0,25-APR-026,WISE,450
167506,"XMAS TREE 18M 900T",529,1,1,0,0,25-APR-026,DANIEL,XMAS
182398,"WOK PAN 32CM PALU ZHENAN BLY 102632",179,3,3,0,0,25-APR-026,OWUSU,371
180185,"SKIN SOFT GLYCERINE 40ML  96",6.49,17,95,-78,-506.22,26-APR-026,"BENEDICT ABBEY",38
178565,"FLORA DIAPERS KIDS MINI S4  10",22.99,15,15,0,0,26-APR-026,WISE,41
184150,"REGAL COTTON PILLOW 47X70CM",59,2,4,-2,-118,25-APR-026,SHADRACK,519
193419,"BEFORE YOU START UPHOW TO PREP T MAK YR ST DREAL",39.9,3,3,0,0,26-APR-026,JERUSHA,284
198454,"LELE MAYONNAISE 250G  12",25.99,5,5,0,0,25-APR-026,SOLOMON,73
198803,"DINNER FORK 6PCS SET DESIGNER SSTEEL  35G",59,20,21,-1,-59,25-APR-026,OWUSU,370
71449,"DINNER PLATE MELAMINE 8 INCHES ZHN B27018",44.9,19,19,0,0,26-APR-026,QUEENCILLA,379
99930,"WINDOW SHADE YE3 180X200 BROWN",549,10,10,0,0,25-APR-026,"GERALD SACK ",479
98513,"GREEN WORLD MACHINE REFILLDELICATE LILY  24",42.99,14,16,-2,-85.98,26-APR-026,ABIGAIL,5
99614,"STYLE UP ROLL ON ORIGINAL 50ML  48",9.99,46,55,-9,-89.91,26-APR-026,MABEL,36
101190,"WAIST SUPPORT LBS1404",39,8,8,0,0,26-APR-026,CHARLES,466
105042,"LORENZ MONSTER MUNCH ORIGINAL 75G 25",26.99,1,26,-25,-674.75,26-APR-026,TITUS,21
133207,"NEAT FABRIC SOFTENER 2L  6",66.49,5,8,-3,-199.47,26-APR-026,ALVIN,15
145120,"DUSTBIN FALA BRN SWING 50L 39X33X 65CM PP65506",239,4,4,0,0,25-APR-026,HAYFORD,456
157198,"SERVING TRAY MELAMINE 17 INCHES ZHN T707",34.9,17,17,0,0,25-APR-026,ROBIN,392
152207,"CLAPPERS BABY WET WIPES 100PCS BABY YELLOW 12",22.99,1,1,0,0,26-APR-026,PHILEMON,10
150830,"SHOWER GEL CLAIRMEN 1 L X 12 PCS",47.99,8,8,0,0,25-APR-026,"ANANE KOJO",21
160276,"STICKY HOOKS 4PCS PLASTIC 8401 YWU",6.9,20,25,-5,-34.5,25-APR-026,WISE,447
180103,"DOVE BAR SOAP 90G MEN CLEAN COMFORT 48",16.99,56,58,-2,-33.98,26-APR-026,ALVIN,18
184083,"WOK PAN 30CM FALU ZHNBLY 105730",239,4,4,0,0,25-APR-026,OWUSU,371
184926,"PLUSH BLANKET 200X230CM SOLID 4 COLORS",229,12,12,0,0,25-APR-026,GIFTY,489
65161,"LORENZ CRUNCHIPS NATURAL CLASSIC 100GMS  12",50.99,1,15,-14,-713.86,26-APR-026,TITUS,21
91202,"SAIRO BATHSHOWER GEL VANILLA SENSATION 750M  8",50.99,13,14,-1,-50.99,25-APR-026,"ANANE KOJO",22
94256,"STORAGE DRAWER 4 LAYER PLASTIC 7004 OL YWU",349,1,1,0,0,25-APR-026,NASHIBA,334
106789,"KELLOGGS CORNFLAKES 450G  10 NGR",71.99,12,12,0,0,26-APR-026,"KINGSLEY OP",91
118058,"SIDE PLATE 8INCH CERAMIC P15012",4.9,29,27,2,9.8,25-APR-026,BLESSING,410
128907,"PAPER CLIP TRIANGULAR NO1 31MM 172565ELP",5,26,7,19,95,26-APR-026,GIDEON,294
155548,"BREAKFAST BOX SAPPHIRE 2X100ML PLASTIC BG265",16.9,3,3,0,0,25-APR-026,NASHIBA,333
156226,"CASTILLO DE LANDA SWEET RED WINE 11 VOL 750ML 12",79.99,10,10,0,0,25-APR-026,APPIAH,112
174884,"HARPIC POWER PLUS TOILET TABLET 8S  6",99.99,3,3,0,0,25-APR-026,ABASS,3
167746,"COOKWARE 10PCS SET 2MM DIECAST HROLAND HR1171 RK",1199,2,3,-1,-1199,25-APR-026,"NANA KOJO",364
178208,"PARTY CUP  PLATE 30PCS SET  ASSTD COL YW",49,11,12,-1,-49,25-APR-026,HADASSAH,268
200736,"CHOPPING BOARD SET NYLON ZHN SK9770",59,12,12,0,0,25-APR-026,"PAUL OWUSU",354
198767,"DINNER PLATE 14INCHES RECT CERAMIC GGK YWU",79,24,24,0,0,25-APR-026,BLESSING,410
46735,"HENNESSY VS COGNAC 200ML  24",189.99,15,15,0,0,25-APR-026,EMMANUEL,129
202509,"MONTY MOON CHIPS CLASSIC  25G  50",2.99,8,50,-42,-125.58,26-APR-026,MAHAMA,119
206538,"CLEAVER KNIFE DELICIOUS G752",109,9,9,0,0,25-APR-026,PHILEMON,359
82711,"BRUT DEO SPRAY SPORT STYLE 200ML  6",39.99,1,2,-1,-39.99,25-APR-026,ELLA,34
96111,"NIVEA LIP BALM HUDRO CARE  48G  12",37.99,3,8,-5,-189.95,26-APR-026,ELLA,37
104442,"QUERAY HAND SOAP NATURE 500ML 12",31.49,3,3,0,0,25-APR-026,BISMARCK,43
119309,"REXONA ROLL ON  COBALT 50ML  24",24.99,19,19,0,0,26-APR-026,MABEL,36
128757,"BUBBLE UP TONIC WATER 330ML 24",8.49,24,45,-21,-178.29,26-APR-026,NTUMY,164
128897,"FINGER TIP MOISTENER 212513ELP",7.9,3,3,0,0,26-APR-026,GILBERT,294
137489,"BUMBLE BABY WET WIPES 54PCS BABY SCENTED   6",64.99,32,11,21,1364.79,26-APR-026,"BENEDICT ABBEY",39
154815,"PUZZLE MINI 3DESIGN KIDS SET FT00029",135,12,4,8,1080,25-APR-026,HERBERT,279
157126,"PENDANT LIGHT BLACK WCRYSTALS 10713",499,1,2,-1,-499,25-APR-026,KWAFO,531
171189,"LUXURYS REED DIFFUSER FRUITMIX 120ML 12",95.99,15,17,-2,-191.98,26-APR-026,ABASS,3
170078,"CONTAINER CLICK AND LOCK  150ML 302 17321",14.9,10,10,0,0,26-APR-026,NIBOI,317
180225,"PRINCESS HAND SOAP ANTIBACT MILK  HONEY 500ML  24",22.99,4,14,-10,-229.9,25-APR-026,TITUS,21
18346,"LONG MOUNTAIN PINOTAGE RED WINE 75CL 6",71.99,6,11,-5,-359.95,26-APR-026,TITUS,21
198392,"CELERY PACK APL",9.99,3,3,0,0,25-APR-026,JIMOH,134
40323,"JUVER DISFRUTA NARANJA ORANGE JUICE  1L  12",32.99,8,11,-3,-98.97,25-APR-026,DORIS,102
45987,"WATER BOTTLE  800ML PLASTIC YWU",24.9,8,8,0,0,26-APR-026,GILBERT,313
33929,"DINNER PLATE MELAMINE 10 INCHES ZHN B075105",14.9,14,14,0,0,25-APR-026,REGINA,390
77932,"PARTY POPPER 30CM",13.9,11,11,0,0,25-APR-026,HADASSAH,268
107623,"JUVER DISFRUTA ORANGE  JUICE 2L 6",62.99,6,6,0,0,25-APR-026,KWAFO,103
117961,"MACCAW MANGO JUICE CARTON 1L  8",34.99,2,3,-1,-34.99,25-APR-026,EMMANUEL,135
125166,"COOKWARE 10PCS SET 14 JIO J1910 J9210",1369,1,4,-3,-4107,25-APR-026,QUEENCILLA,375
131646,"CAKE FONDANT CUTTER 3PCS SET A8117",1.9,84,84,0,0,25-APR-026,"ALHASSAN RANDY",384
148698,"TROPHY 57CM 2111A",309,2,4,-2,-618,26-APR-026,CHARLES,466
144124,"AIRPRO AIRFRESHENER ESSENTIALS ARTIC OCEAN 9ML  96",25.99,30,56,-26,-675.74,26-APR-026,ABASS,3
16374,"TALL HORSE SAUVIGNON BLANC 75CL 6",84.99,8,7,1,84.99,25-APR-026,APPIAH,113
171915,"WARDROBE PP 57X33X157CM BIFC717",1590,1,1,0,0,25-APR-026,SHADRACK,514
175267,"WESTINGHOUSE AC SPLIT 2HP R410A WS18PNCS33CG",7999,2,3,-1,-7999,25-APR-026,AKAYIRI,207
167798,"SHOWER CURTAIN ROD 140X260CM",65,12,12,0,0,25-APR-026,DANIEL,XMAS
187088,"STOOL 28X28X40 PLASTIC 229",79,1,11,-10,-790,26-APR-026,SOMUAH,417
188009,"BUCKET WLID PLASTIC 15 HL0064TTCP",34.9,12,12,0,0,25-APR-026,MORGAN,323
188487,"SIGMA WASHING MACHINE TT 7KG SWMTT70",2099,1,1,0,0,25-APR-026,AKAYIRI,203
193286,"THE IMPORTANCE OF BEING EARNEST POCKET CLASSIC",14.9,4,4,0,0,26-APR-026,"JERUSHA ",288
192738,"CURTAIN SHEER BEIGE 54X90 PL Y2151",99,8,10,-2,-198,25-APR-026,ESINAM,483
193002,"CORK OPENER 2PCS SET ZHN KB718",12.9,6,9,-3,-38.7,25-APR-026,OWUSU,370
195071,"GEOTOX AGAINST CRAWLING INSECTS 200G 50",50.99,10,35,-25,-1274.75,26-APR-026,"ADIATOR MOSES ",9
46884,"SERVING BOWL MELAMINE 10 INCHES ZHN C03510",22.9,36,36,0,0,26-APR-026,"SAMUEL ADDO",404
202628,"BOWL 9 H220099",16.9,24,23,1,16.9,26-APR-026,"SAMUEL ADDO",404
81564,"LG MICROWAVE OVEN 42L GRILL MH8265DISMH826542LG",4599,1,1,0,0,25-APR-026,DANIEL,263
CL781,"FOOD FLASK 2500ML",39.9,6,15,-9,-359.1,25-APR-026,"MICHAEL BOYE",304
107275,"HAPPYFLAKES WHITE OATS BOX 500G  12",24.99,32,55,-23,-574.77,26-APR-026,SOLOMON,77
117598,"FLOOR MAT 50X80CM ASTDBW",69,2,16,-14,-966,25-APR-026,"SAMUEL ADDO",399
125513,"DE CECCO FETTUCCINE PASTA 500G 8",62.99,1,1,0,0,25-APR-026,SOLOMON,74
136921,"GALAXY SPARKLING WINE GREEN APPLE DRINK 750ML 12",46.49,8,8,0,0,25-APR-026,"EDDIE MENSAH",106
132393,"GIFT WRAP PAPER PINKBLUE 3PC SET 53X75CM SXX2213",10.99,7,7,0,0,25-APR-026,HADASSAH,266
133051,"BELOXXI CREAM CRACKERS 90G  24",8.49,24,24,0,0,25-APR-026,DORIS,97
156437,"GASTONE LAGO MINI PARTY COCOA WAFER 125G  12",28.99,15,16,-1,-28.99,26-APR-026,MAHAMA,119
152132,"PUMPED SHARK WATER CANNON MKR187019MKR187028",21.99,3,3,0,0,25-APR-026,HANNAH,275
150829,"SHOWER GEL CAROWHITE 500 ML X 24 PCS",26.99,13,13,0,0,25-APR-026,"ANANE KOJO",21
160828,"WINDOW SHADE BLACKOUT ROLLER 452100X120CM",199,1,3,-2,-398,25-APR-026,"GERALD SACK ",479
177705,"WESTINGHOUSE PIZZA STONE 2SIZE RND 12 WAGSPS1201",149,4,6,-2,-298,25-APR-026,"ALHASAN RANDY",383
190504,"POP CORN BATHMAT WLATEX ASSORTED 40X60CM",79,11,11,0,0,26-APR-026,"STEPHEN ACQUAH",424
202552,"FROSTED PLATE 115 B162115M",12.9,26,26,0,0,26-APR-026,NASHINA,337
202598,"MIND SNACKS SUPERFOOD GRANOLA 750G 12",181.99,15,15,0,0,25-APR-026,"KINGSLEY OP",91
84935,"STRAW 100PCS PLASTIC YWU",8.9,40,27,13,115.7,25-APR-026,JUSTICE,270
C0182,"PEDAL BIN 20LTR 28CMX28CMX37CM",64.9,1,2,-1,-64.9,25-APR-026,WISE,452
96520,"MADAR RENZO MULTIPURPOSE LIQUID DETERGENT 400ML 12",14.99,13,25,-12,-179.88,25-APR-026,ALVIN,14
98428,"SERVING TRAY MELAMINE 17 INCHES ZHN 298175",29.9,33,33,0,0,26-APR-026,QUEENCILLA,379
96826,"METAL BUNK BED 1900X9901370CM BB15",2990,1,1,0,0,25-APR-026,FRANCIS,528
09271,"DUREX CLASSIC  EXCITA CONDOMS  3  X 24",34.99,2,3,-1,-34.99,25-APR-026,ABIGAIL,155
106927,"DESTELLO WC  CLEANING GEL PINE  FRESHNESS 750ML 16",32.99,1,1,0,0,25-APR-026,ALVIN,13
118282,"FARAGELLO GOLD APPLE NECTAR  BOTTLE 250ML  24",11.99,1,31,-30,-359.7,25-APR-026,EMMANUEL,135
125871,"POPIZZ SPARKLING WHITE GRAPE 750ML  6",49.99,9,7,2,99.98,25-APR-026,"EDDIE MENSAH",106
121314,"VARTA BATTERY LONGLIFE POWER AAA BLISTER 4",56,5,9,-4,-224,25-APR-026,NTUMY,161
147619,"KING CRACKER DELUXE 21G 72",1.19,74,100,-26,-30.94,25-APR-026,DERRICK,96
141062,"GOLD COAST ROASTERS MEDIUM100G 30",46.49,2,3,-1,-46.49,25-APR-026,AKORFA,59
167996,"FILLED CUSHION P VELVET 45X45CM WHITE DC241",119,1,12,-11,-1309,26-APR-026,FRANCIS,521
166997,"BLEAK HOUSE",16.9,2,1,1,16.9,25-APR-026,HERBERT,282
193119,"TEFAL SPATULA K0060312",29.9,6,7,-1,-29.9,25-APR-026,OWUSU,368
191734,"SAMSUNG GALAXY MOBILE A07 4GB 64GB",1559,1,2,-1,-1559,25-APR-026,NYARKO,178
189070,"GARLAND 13CMX2M",13.9,1,1,0,0,25-APR-026,DANIEL,XMAS
190572,"PARTY POPPER 59CM",59,1,1,0,0,25-APR-026,HADASSAH,268
198979,"WESTINGHOUSE CASSEROLE WGLASS LID 24CM WCCC206524",189,1,8,-7,-1323,25-APR-026,QUEENCILLA,375
99665,"STYLE UP ROLL ON ACTIVE 50ML  6",9.99,26,13,13,129.87,26-APR-026,MABEL,36
101070,"BINATONE WATER DISPENSER WFRIDGE3 TAPS WTD2000",2599,1,2,-1,-2599,25-APR-026,AKAYIRI,203
137062,"BODMAN MOST WANTED 236ML  12",77.99,10,17,-7,-545.93,25-APR-026,ELLA,35
143753,"ROMAR  AIRFRESHNER PINE 300ML  8",40.99,1,1,0,0,25-APR-026,ABASS,2
156362,"ULTRA COMPACT ADULT WIPES 50S  12",40.99,4,16,-12,-491.88,26-APR-026,PHILEMON,10
149388,"STARFRESH PUMP SPRAY STRAWBERRY BLAST 200ML 36",13.99,12,36,-24,-335.76,25-APR-026,ABASS,1
150689,"AKAI WATER PUMP 15HP  WP001A090",799,1,1,0,0,26-APR-026,DANIEL,255
164616,"BATHROOM RACK 2 TIER HANGING METAL ORSA 929",99,2,2,0,0,25-APR-026,VINOLIA,439
162371,"POWEHOUSE ROLL ON TANZANITE FRESH 50ML 24",24.99,7,9,-2,-49.98,26-APR-026,ELLA,35
174145,"PAPER BAG BLINGS 26X32X12CM HB10415M123",11.9,12,12,0,0,25-APR-026,MARYLAND,301
178484,"CURTAIN TIE BACK 2PCS SET 6COLOR MIX",69,8,54,-46,-3174,25-APR-026,GIFTY,491
18721,"EVERPACK JUMBO TOILET ROLL 12",27.99,6,4,2,55.98,25-APR-026,TITUS,21
185188,"AKAI STANDING FAN 16 EF123A1619S",445,1,1,0,0,25-APR-026,AKAYIRI,207
192878,"MELAMINE TRAY 20INCH 5020",34.9,41,41,0,0,25-APR-026,ROBIN,392
37651,"NOVA HANDSOAP  CITRUS 500ML   20",17.49,10,10,0,0,25-APR-026,BISMARCK,43
03058,"TOLSEN CLOTH DUCT TAPE 50281",34.9,5,5,0,0,26-APR-026,WONDER,253
08026,"OMO AUTO WASH  2KG  9",172.99,4,25,-21,-3632.79,25-APR-026,AKAYIRI,203
08934,"ORO INSECTICIDE 405 DOUBLE ACTION 300ML 24",30.99,3,3,0,0,26-APR-026,"BOADI STEPHEN",9
127725,"TRIANGLE PASTRY BOARD  50PCS OWN USE",41.99,23,23,0,0,25-APR-026,"RANDY ALHASSAN",385
122385,"INFINITI FOREVER WALL CLOCK 508X508X55 INF6660",249,1,1,0,0,26-APR-026,ABASS,3
132079,"KEY BAR MULTIPURPOSE 800G  16",30.99,37,86,-49,-1518.51,26-APR-026,ALVIN,17
131547,"YOGA STRAWBERRY WITH WHEAT YOGHURT 330ML 1",19.99,9,8,1,19.99,25-APR-026,EMMANUEL,133
156277,"MOLINERA SUGARFREE MULTIFRUIT JUICE 1L  12",29.99,11,12,-1,-29.99,25-APR-026,DORIS,102
165532,"GLENDY SLICE MUSHROOMS 400G  24",20.99,2,2,0,0,25-APR-026,GLADYS,71
161358,"RED SEEDLESS GRAPE SMALL PACK",29.99,1,1,0,0,25-APR-026,JIMOH,134
166977,"THE BLACK ARROW",20.9,7,7,0,0,25-APR-026,HERBERT,282
176363,"GRANIT DESSERT PLATE19 FRC V2522",44.9,23,24,-1,-44.9,26-APR-026,BLESSING,409
187278,"DUMBBELL 113KG SFMANCROM25LB",499,2,2,0,0,25-APR-026,"GEORGE PUPLAMPU",467
184098,"DEEP PAN 28CM FALU ZHNBLY 852828",299,1,1,0,0,25-APR-026,QUEENCILLA,375
182517,"CONTAINER 3PCS SET 900ML RECT CLEAR  PP66000",49.9,17,17,0,0,25-APR-026,"NANA ADJEI",330
184368,"NERO PRIME WATER 750ML  15",2.19,7,291,-284,-621.96,25-APR-026,EMMANUEL,135
189528,"GLADE SCENTED MIST ROSE 400ML 6",51.99,7,7,0,0,25-APR-026,ABASS,2
196678,"CERES SECRETS OF VALLEY 500ML 10",23.99,3,2,1,23.99,25-APR-026,EMMANUEL,135
92536,"PLASTIC FLUTE 10 COLORS MIX",19.9,32,34,-2,-39.8,25-APR-026,HANNAH,275
07025,"POWER HORSE ENERGY DRINK 250ML 24",20.99,25,24,1,20.99,25-APR-026,DELIGHT,85
102246,"DOVE FM ROLL ON  CLEAN COMFORT 50ML  6",25.99,8,12,-4,-103.96,26-APR-026,ELLA,36
102541,"AHMAD TEA DETOX GINGER TEA 40G 6",44.49,8,9,-1,-44.49,25-APR-026,AKORFA,58
103544,"SANEX SHOWER DERMO KIDS 720ML  6",142.99,3,3,0,0,25-APR-026,"ANANE KOJO",21
104432,"JUVER SELECCION ORANGE CARROTJUICE 200ML 24",13.99,10,12,-2,-27.98,25-APR-026,JIMOH,1
107634,"JUVER  PASSION FRUIT MARACUYA JUICE 1L  10",36.99,9,10,-1,-36.99,25-APR-026,DORIS,102
125484,"ROBE HOOK ZINC ALLOY DOUBLE 395X23X395CM 50735B",89,23,24,-1,-89,25-APR-026,VINOLIA,439
124651,"AMALFI HAND SOAP OLIVE  500ML  12",25.99,9,25,-16,-415.84,25-APR-026,TITUS,21
165321,"BEGINNING WRITING SKILLS BOOK 2YRS",49,1,1,0,0,25-APR-026,"JERUSHA ",284
171518,"DR TEALS BODY WASH  HEMP SEED  710ML  4",119.99,7,7,0,0,25-APR-026,"ANANE KOJO",22
175101,"WALL MIRROR IRON 60X88X26CM METALIC GOLD M40275A",599,1,2,-1,-599,26-APR-026,FRANCIS,524
167692,"LUNCH BOX INSULATED SSTEEL D2007388 YWU",59,1,7,-6,-354,25-APR-026,"MICHAEL BOYE",306
180264,"RICE SPOON WLONG WOOD HANDLE AA2133",34.9,24,55,-31,-1081.9,25-APR-026,QUEENCILLA,379
186998,"TOYS TROLLEY 48CM",27.9,9,10,-1,-27.9,25-APR-026,HANNAH,272
187002,"CUP AND SAUCER 6PCS SET CERAMIC K0061 K0064 YWU",149,3,1,2,298,26-APR-026,"SAMUEL ADDO",402
187183,"SPATULA SILICONE RJK BD600KA0451",24.9,1,1,0,0,25-APR-026,"NANA KOJO",367
184383,"CLOTHES HANGER 10PCS SET 40CM PLAST Y106140CM YWU",59,33,33,0,0,25-APR-026,VICTORIA,436
193361,"THE GREAT GATSBY POCKET CLASSIC",22.9,4,4,0,0,26-APR-026,"JERUSHA ",288
192835,"CURTAIN JQ TAUPE 54X90 PL 253",119,3,3,0,0,25-APR-026,GIFTY,492
190662,"PUFFY BALL 17CM 240G 6PCS",44.99,1,2,-1,-44.99,25-APR-026,HANNAH,274
189428,"MCBERRY SUGAR FREE SODA 25G  216",1.09,97,253,-156,-170.04,26-APR-026,DERRICK,96
36782,"COLGATE MAX FRESH TOOTHPASTE 130ML 72",27.99,31,43,-12,-335.88,25-APR-026,"BOADI STEPHEN",54
51177,"DEEMAH DIGESTIVE BISCUIT 130G  96",11.99,29,76,-47,-563.53,25-APR-026,DERRICK,95
CL630,"PRIME CUP 500ML 11CMX8CMX10CM",2.9,7,19,-12,-34.8,25-APR-026,"MICHAEL DADZIE",310
92696,"LADLE TURNER SLOTTED CX18192 PLASTIC YWU",16.9,8,9,-1,-16.9,25-APR-026,PHILEMON,361
01551,"RAID MIK INSECTICIDE SPRAY 300ML  24 26339",38.99,10,10,0,0,26-APR-026,"BOADI STEPHEN",9
105816,"DOVE BODY WASH DEEP NOURISHING 500ML  20",70.99,22,26,-4,-283.96,25-APR-026,"ANANE KOJO",22
126229,"AIRPRO AIRREFRSHENER UFO MEMBRANE SBERRY 65ML 24",29.99,1,1,0,0,25-APR-026,ABASS,3
124752,"MY FIRST ACTIVITY BOOK SERIES 4TITLE 24PAGE 710YR",8.9,121,132,-11,-97.9,25-APR-026,"JERUSHA ",284
130438,"BARBECUE SET DYNA TRAMONTINA SS 12PCS 22399063",79,1,1,0,0,25-APR-026,"NANA KOJO",362
148467,"CHOPPING BOARD 24X34CM BAMBOO YWU",49.9,1,1,0,0,25-APR-026,"PAUL OWUSU",353
149288,"CERES NECTAR CARRIB CRUSH JUICE DRINK 1L 12",45.99,1,1,0,0,25-APR-026,EMMANUEL,135
180263,"SOLID TURNER PEAR WOOD HANDLE AA2131",34.9,15,58,-43,-1500.7,26-APR-026,PATIENCE,348
184646,"JUTE MAT FRESH 3 ASSORTED 40CMS",29.9,43,50,-7,-209.3,26-APR-026,VINOLIA,444
193413,"LETTERS FROM A STOIC DELUXE HARDBOUND EDITION",75,3,3,0,0,26-APR-026,"JERUSHA ",288
189733,"PERLA STILL MINERAL WATER 1L 12",18.99,5,17,-12,-227.88,25-APR-026,DELIGHT,85
88923,"AKAI CEILING FAN 56 EF083AC5610BG",399,4,3,1,399,25-APR-026,AKAYIRI,207
95079,"COOKWARE SET 7PCS WLID 24262826 FRYPAN MK6206",599,1,5,-4,-2396,25-APR-026,OWUSU,372
119989,"NERDS WATERMELON CHERRY 165OZ49G  36",22.99,22,345,-323,-7425.77,25-APR-026,"ABIGAIL YEVUGAH",158
115070,"S2 PILLOW COVER 50X75CM ASRTD",39.9,1,1,0,0,25-APR-026,"GIDEON GBLOGAH",508
126230,"AIRPRO AFRSHNER UFO MEMBRANE PCOLADA 65ML 24",29.99,10,10,0,0,26-APR-026,ABASS,3
126640,"BLING LAUNDRY DETERGENT LIQWITH SOFTENER 2 5 L 8",54.99,7,7,0,0,26-APR-026,ALVIN,16
135236,"ROLY POLY PEPPA PIG PP17089",99,1,1,0,0,25-APR-026,HANNAH,273
137076,"DR TEALS KIDS BODY LOTION 2278G 12",104.99,1,7,-6,-629.94,25-APR-026,"BENEDICT ABBEY",37
151519,"GALAXY CONCEPT MIST BELLA 250ML 12",46.99,7,8,-1,-46.99,25-APR-026,ELLA,35
149941,"HELLMANNS LIGHT MAYO  250ML   8",58.99,15,15,0,0,25-APR-026,SOLOMON,73
160457,"CASSEROLE SOUP POT 3PCS SET  CERAMIC GGK T90062",226.8,3,8,-5,-1134,26-APR-026,GLADYS,430
161841,"SOAP DISPENSER SET 3PCS GLASS YWU",49.9,18,7,11,548.9,26-APR-026,VINOLIA,442
16839,"NIVEA MALE ROLLON DRY IMPACT PLUS 50MLX3081610",34.99,10,12,-2,-69.98,26-APR-026,ELLA,36
193532,"TUMBLER 6 PCS SET SLEEVE PACK LVMEV220E",89,7,7,0,0,25-APR-026,SOMUAH,415
192365,"STICKY NOTES WNOTEPAD SET MF995432",29,23,24,-1,-29,26-APR-026,"JERUSHA ",289
190115,"MANICURE KIT 12",49.9,15,16,-1,-49.9,25-APR-026,HADASSAH,267
87569,"GAMES HUMAN BODYYOGA SONGK BOOK EB189",4.9,1,4,-3,-14.7,25-APR-026,"JERUSHA ",284
92873,"PUZZLE GAME 3YRS JQ144445A",89,7,7,0,0,25-APR-026,HERBERT,279
138195,"NUTZY PEANUT BUTTER HONEY 227G  12",25.49,1,12,-11,-280.39,25-APR-026,JIMOH,1
155814,"WARDROBE 14DOOR 2DRAWER 5881272",3540,1,1,0,0,25-APR-026,FRANCIS,527
155138,"FLORA KIDS DISPOSABLE HANDKERCHIEF 10X30  30",15.99,11,23,-12,-191.88,25-APR-026,TITUS,21
162824,"CURTAIN JACQUARD 54X90 NAVY 272",219,5,5,0,0,25-APR-026,"GERALD SACK ",481
163201,"AMALFI HAIR DYE BLEACH 12",71.99,13,13,0,0,26-APR-026,"PAUL OWUSU",38
159761,"MUNCHEE ANYTIME CRACKER BISCUITS 46G  48",2.49,51,81,-30,-74.7,25-APR-026,DERRICK,96
160039,"CUP WLIDSTRAW PRINTED 660CC GLASS 111765000",24.9,7,7,0,0,25-APR-026,SYLVIA,426
168742,"CURTAIN P VELVET EMBOSSED 54X84 BEIGE 25YB7",159,1,1,0,0,25-APR-026,ESINAM,484
168606,"BOWL SET 3PCS WLID UR3415",16.9,16,16,0,0,25-APR-026,NASHIBA,333
186969,"HAPPY BIRTHDAY PLATES MIX DESIGN 20PCS SET",29.9,1,14,-13,-388.7,26-APR-026,HADASSAH,269
194954,"LADLE PASTA SILICONE ZHN HR710",16.9,11,19,-8,-135.2,25-APR-026,PATIENCE,347
197907,"VIP TROLLEYCASE WWHEEL 8W RETREAT CB RETRTW8LBL",379,1,1,0,0,25-APR-026,MARYLAND,296
45406,"GREY GOOSE VODKA 40 1L  6",859.99,4,4,0,0,25-APR-026,MAHAMA,117
95823,"AMALFI  DEO ROLLON  MEN STRESS CARE 50ML  12",19.99,8,4,4,79.96,26-APR-026,MABEL,36
98497,"AMALFI  BODY MILK  KARITE  500ML  15",28.99,12,13,-1,-28.99,25-APR-026,"BENEDICT ABBEY",37
100362,"KIDS PUZZLE 60PCS 6DESIGN MIX",19.99,43,43,0,0,25-APR-026,HERBERT,279
106993,"AQUALIS LUXURY BATH SOAP CARROT OIL 300G  24",17.99,14,14,0,0,26-APR-026,"ANANE KOJO",20
113663,"DINNER PLATE MELAMINE 10 INCHES FEILU 81105",17.9,14,99,-85,-1521.5,26-APR-026,REGINA,390
135332,"PERLA LUXURY MOIST SOAP GLYCERINE WHITE 175G  18",9.99,8,8,0,0,25-APR-026,"ANANE KOJO",20
159060,"TOILET BRUSH PP M1580 RJK",69,20,20,0,0,25-APR-026,VICTORIA,437
181811,"MIDEA AIR FRYER 4L 1600W DIGITAL BLK MFCN40E2",689,1,1,0,0,25-APR-026,"COLLINS HAMMOND",238
185944,"STAEDTLER SKETCH PEN FIBRE TIP WALLET 20PC 326 C20",129,4,4,0,0,25-APR-026,MARIAM,291
192565,"GIFT BAG 26X32X10 9104",10.99,14,14,0,0,25-APR-026,"MICHAEL BOYR",302
200749,"COOKING POT WLID 20CM FALU ZHNBAROLY 114220",239,3,3,0,0,25-APR-026,QUEENCILLA,380
29881,"CARLO ROSSI CALIFORNIA RED WINE 750ML 12",84.99,3,15,-12,-1019.88,25-APR-026,APPIAH,112
48755,"ZWAN CHICKEN LUNCHEON MEAT 850G 12",126.99,8,8,0,0,26-APR-026,"EMMANUEL MENSAH",124
D641,"PURE HEAVEN PINEAPPLECOCONUT JUICE 1L 8",35.99,3,47,-44,-1583.56,25-APR-026,DORIS,102
117407,"XMAS GLASS BALL 3CM RED JH2021172",49.9,14,14,0,0,25-APR-026,DANIEL,XMAS
120168,"ENERGIZER LED LANTERN GPLN451",179,2,4,-2,-358,25-APR-026,NTUMY,161
126318,"HARIBO TWIN SNAKES 1SIDE SWEET 1SIDE SOUR 140G  12",29.99,8,9,-1,-29.99,25-APR-026,ABIGAIL,156
127757,"PAPER BOX CAKE DOUBLE TIER 14 385X385X28CM YWU",59,1,9,-8,-472,25-APR-026,"RANDY ALHASSAN",385
130715,"TENNIS RACKET ACTION 2000D 30007",439,8,7,1,439,25-APR-026,"GEORGE PUPLAMPU",467
145816,"BELPAK ECO GREEN NAPKIN   15",5.99,11,42,-31,-185.69,26-APR-026,"COLLINS HAMMOND",30
149391,"STARFRESH PUMP SPRAY JUICE LEMON 200ML 36",13.99,36,44,-8,-111.92,25-APR-026,NTUMY,163
149726,"SKIMMER BLACK ILC ICC777KA0128 RJK",24.9,11,11,0,0,25-APR-026,OWUSU,369
160874,"DINNER PLATE MELAMINE 10 INCHES FEILU 10010",18.9,21,65,-44,-831.6,26-APR-026,"SAMUEL ADDO",404
160290,"STICKY HOOKS 9PCS PLASTIC P31 YWU",9.9,50,49,1,9.9,25-APR-026,WISE,446
171995,"CEILING LIGHT 7016400",229,1,1,0,0,25-APR-026,KWAFO,166
172262,"OMO HAND WASH POWDER EXTRA  FRESH CN WA  900G 10",69.99,2,17,-15,-1049.85,25-APR-026,AKAYIRI,203
167652,"MUG 350 ML CERAMIC DESINGER YWU",9.9,10,10,0,0,25-APR-026,"SAMUEL ADDO",398
170278,"KALYON APPLE DISHWASHING LIQUID SPONG PUMP 1L 10",38.99,8,13,-5,-194.95,25-APR-026,ALVIN,14
178742,"CURTAIN EMB GROMET BLACK 52X90 02PA7148E",99,3,1,2,198,26-APR-026,TITUS,21
183338,"SWAN JUG 1500ML PLASTIC M230",34.9,1,2,-1,-34.9,25-APR-026,SHADRACK,510
183616,"DINNER SPOON 6PCS 1806DS",24.9,3,3,0,0,25-APR-026,PHILEMON,358
198902,"WATER BOTTLE METAL 550ML CN241014A2",69,34,34,0,0,25-APR-026,"MICHAEL DADZIE",308
30617,"COLGATE HERBAL TOOTHPASTE 140G  72",20.99,132,68,64,1343.36,25-APR-026,"BOADI STEPHEN",53
X471,"NESTLE CERELAC 3FRUITS TIN 400G 12",53.99,10,20,-10,-539.9,25-APR-026,"EMMANUEL MENSAH",124
90928,"LG HIFI SPEAKER CJ65CL65",5499,1,1,0,0,25-APR-026,JUSTICE,187
91532,"DETTOL SOAP EVEN TONE  160G  48",21.99,26,26,0,0,26-APR-026,ALVIN,18
95667,"FINE LIQUID DISHWASH BLUE SEA BREEZE 800ML  12",27.99,1,5,-4,-111.96,26-APR-026,BLESSING,409
06576,"BRAIN BOOSTER ACTIVITIES 610 EB0492",23.9,1,11,-10,-239,26-APR-026,JERUSHA,284
102259,"BODYCOLOGY MIST PURE WHITE GARDENIA 236ML 12",78.49,14,15,-1,-78.49,26-APR-026,ELLA,35
107227,"50KG WEIGHT SET PVC BOX YORK FITNESS DWS50KG",2299,1,1,0,0,25-APR-026,"GEORGE PUPLAMPU",467
120275,"MARILAN  MARIE FINGER BISCUITS 350G  24",23.99,19,20,-1,-23.99,26-APR-026,"KINGSLEY OP",94
118785,"PREDATOR ENERGY DRINK 350ML 12",5.99,12,14,-2,-11.98,25-APR-026,DELIGHT,85
110475,"OKF CAFFE MOCHA 240ML  30",13.99,16,16,0,0,26-APR-026,PATIENCE,84
129586,"FARAGELLO GOLD COCKTAIL NECTAR TETRAPACK 250ML  27",7.99,31,34,-3,-23.97,26-APR-026,KWAFO,83
133085,"TABLE LAMP TOUCH CONTROL WUSB CABLE 4 COLOUR",89,1,1,0,0,25-APR-026,KWAFO,172
150415,"CURTAIN W8 GROMENT GREY 54X90 BLK5",109,1,4,-3,-327,25-APR-026,ESINAM,483
160872,"DINNER PLATE MELAMINE 10 INCHES FEILU 216105",18.9,25,92,-67,-1266.3,25-APR-026,REGINA,390
168824,"TUMBLER 6PCS SET BRISA 300ML 7450200770911",49.9,3,4,-1,-49.9,25-APR-026,"STEPHEN ACQUAH",419
169496,"CUSHION EMBROIDERY 380G FILLING 45X45CM EHAMK002",149,1,1,0,0,25-APR-026,SHADRACK,516
178716,"CURTAIN EMB GROMET BURGU 52X90 02PA7144D",99,1,1,0,0,25-APR-026,ESINAM,485
184011,"NASCO WASHING MACHINE FL  10KG NASFLJS10KGS",4999,1,1,0,0,26-APR-026,WOMDERT,252
184294,"LG LED TV 65 SAT SMART UHD 4K 65UT73006LA",15999,1,2,-1,-15999,25-APR-026,LESTER,250
184326,"TCL SOUND BAR 100W S45H",2189,1,1,0,0,25-APR-026,JUSTICE,192
188768,"CARLTON TROLLEYCASE WWHEEL 8W ZULU MD",749,1,1,0,0,25-APR-026,MARYLAND,296
190518,"PVC VENETIAN WINDOW SHADE 80X100 BEIGE",69,1,1,0,0,25-APR-026,SHADRACK,515
28114,"TUMBLER VIGNE 6PCS SET 310ML DXB N1320",69,2,3,-1,-69,25-APR-026,"STEPHEN ACQUAH",418
60514,"VASELINE DRY SKIN REPAIR LOTION  400ML  48",49.99,27,51,-24,-1199.76,25-APR-026,"BENEDICT ABBEY",37
63999,"NIVEA DEO ROLL ON FEMALE INVISIBLE  50ML  30",37.99,24,87,-63,-2393.37,25-APR-026,ELLA,34
X612,"TITUS SARDINES IN VEGETABLE OIL 125G 50",16.99,89,118,-29,-492.71,25-APR-026,APPIAH,126
97664,"MJS  MAYONNAISE 510ML   12",46.99,16,17,-1,-46.99,25-APR-026,SOLOMON,73
104541,"FONTISSUE TOILET TISSUE 12 ROLLS   4",49.99,5,2,3,149.97,25-APR-026,ELLA,31
107021,"CT SHOWER GEL 800ML 12",47.99,11,11,0,0,25-APR-026,"ANANE KOJO",21
111549,"CHIGO FRIDGE DD 132L CRT16C8",2999,1,1,0,0,25-APR-026,NYARKO,175
122206,"GREENWORLD BAMBU AFRESHNER  ORIENTAL  100ML 12",82.99,1,15,-14,-1161.86,26-APR-026,ABASS,3
138345,"PRESIDENT SEMISKIMMED UHT MILK 15 1L  6",37.99,10,21,-11,-417.89,26-APR-026,"GEORGE PUPLAMPU ",82
146224,"WINDOW SHADE YE3140X180 BEIGE",399,1,1,0,0,25-APR-026,SHADRACK,510
147618,"ROYAL KING CRACKER DELUXE 43G  48",2.99,18,19,-1,-2.99,25-APR-026,DERRICK,96
144706,"CONSOLE WMIRROR LINE",12699,1,1,0,0,26-APR-026,FRANCIS,525
156880,"INTELLIGENT INVESTOR  BENJAMIN GRAHAM",59,3,3,0,0,26-APR-026,"JERUSHA ",288
151134,"GREEN BEANS TFM PACK",6.99,1,1,0,0,25-APR-026,JIMOH,134
204144,"HERBS PARSLEY  APL",13.99,5,5,0,0,25-APR-026,JIMOH,134
205538,"DEO DISH WASHING LIQUID SHOP LEMON 450ML 24",11.99,19,19,0,0,25-APR-026,ALVIN,13
71877,"PEAK EVAPORATED FILLED GREEN MILK 160G 48",9.99,20,163,-143,-1428.57,25-APR-026,EZEKIEL,148
X808,"PRIMA LIQUID SOAP LEMON 45L 6",75.99,6,12,-6,-455.94,26-APR-026,"ARTHUR JONADAB",28
93719,"EVERPACK XPRESS PAPER CUP 8OZ 250ML 50PCSX20  20",23.99,20,19,1,23.99,25-APR-026,"ARTHUR JONADAB",25
00364,"ZWAN CHICKEN COCKTAIL 120G 24",31.99,17,25,-8,-255.92,26-APR-026,"EDDIE MENSAH",90
101008,"CURTAIN POLYESTER 52X84 DRZGB191",119,12,12,0,0,25-APR-026,ESINAM,486
101010,"CURTAIN POLYESTER 52X84 WHANGER BLK33",129,8,6,2,258,25-APR-026,GLADYS,501
104692,"BLING PERFUMED DISINFECTANT 1L  12",19.99,2,4,-2,-39.98,26-APR-026,"ADIATOR MOSES ",8
109126,"LED CEILING LAMP 24W SQUARE LD400824W",179,5,5,0,0,25-APR-026,KWAFO,169
117641,"WATER CUP PLASTIC BEAD DESIGN UR3127",8.9,8,6,2,17.8,25-APR-026,"MICHAEL DADZIE",309
117250,"DOMS DUST COLLECTOR SHARPENER BLISTER PCK 1PC 8191",3.9,9,10,-1,-3.9,26-APR-026,SHADRACK,158
125897,"LAV TUMBLER 6PCS SET LVTOK354F",99,6,11,-5,-495,25-APR-026,SOMUAH,416
129048,"DARLING CELLARS RES PYJAMA BUSH SAU BLGEN 750ML",144.99,3,3,0,0,25-APR-026,APPIAH,113
153005,"AKAI DOUGHNUT MAKER 1200W SM022A8601",299,1,3,-2,-598,25-APR-026,"COLLINS HAMMOND",233
159558,"GALAXY PLUS CONCEPT SPRAY 121 SEXY  200ML 12",31.99,4,4,0,0,26-APR-026,ELLA,35
158863,"OFFICE TABLE 160X160X75CM BIF850116M",4190,1,1,0,0,26-APR-026,FRANCIS,521
172099,"SKYVEST LED TV 32 SATELLITE 32S ORV",1739,1,2,-1,-1739,25-APR-026,LESTER,250
179717,"RNS COLOURED PENCIL WATERSOLUBLE 24C 130176",119,3,11,-8,-952,26-APR-026,"NANA KOJO",271
193326,"COCKTAIL GLASS MADISON 285ML 3015C1002G0001",89,3,6,-3,-267,25-APR-026,"SYLVIA ",425
189613,"TOREN MRBITE PIXEL WI MILKHAZELNUT CREAM 30G 144",6.49,80,82,-2,-12.98,25-APR-026,ATITOGO,160
200301,"HH SEASONING CHICKEN 12X50 10G  50",15.99,30,65,-35,-559.65,25-APR-026,GIDEON,67
75020,"UNOLI HUILE SUNFLOWER OIL 3L  6",163.99,8,8,0,0,26-APR-026,BISMARCK,46
92212,"BINATONE CEILING FAN 56 WDECO  CF5676",679,1,3,-2,-1358,25-APR-026,AKAYIRI,207
08284,"LIPTON 2G X 100 BAGSSTRINGS 12",133.99,1,1,0,0,25-APR-026,AKORFA,57
09513,"BADIA GROUND TUMERIC 1984G  12",109.99,12,12,0,0,25-APR-026,GIDEON,67
101386,"TASTY TOM JELLOF MIX 60G  50",3.79,50,91,-41,-155.39,26-APR-026,EMMANUEL,127
118047,"NIVEA FACE Q10 NIGHT CARE 50ML  12",198.99,10,27,-17,-3382.83,25-APR-026,"BOADI STEPHEN",53
112265,"TEA SPOON 6PCS SET SSTEEL 2673 YWU",30.9,12,12,0,0,25-APR-026,OWUSU,370
115798,"SALSIUS COURSE PINK HIMALAYAN SALT BOTTLE 500G  24",43.49,5,5,0,0,26-APR-026,JUSTICE,49
121458,"PLATINUM SUNFLOWER OIL 900ML  12",47.99,46,72,-26,-1247.74,26-APR-026,BISMARCK,46
130784,"TOREN DELISSO MILKY COATED COCOA CREAM WAF 20G 288",2.19,96,236,-140,-306.6,25-APR-026,DORIS,98
131321,"STORM ENERGY DRINK 350ML 12",6.79,14,20,-6,-40.74,25-APR-026,DELIGHT,85
132936,"SERVING BOWL MELAMINE 8 INCHES FEILU 30802",13.9,40,43,-3,-41.7,25-APR-026,ROBIN,392
157192,"SERVING TRAY MELAMINE 18 INCHES ZHN 8065",34.9,16,16,0,0,26-APR-026,QUEENCILLA,379
153206,"SERVING BOWL MELAMINE 9 INCHES FEILU 5090",26.9,15,16,-1,-26.9,25-APR-026,REGINA,387
149453,"LAV TUMBLER 3PCS SET LVVLR374A",39.9,23,5,18,718.2,25-APR-026,SOMUAH,415
164596,"CUP SILICONE SUCTION 45355",32,12,12,0,0,26-APR-026,AKAYIRI,267
160850,"WINDOW SHADE BLACKOUT ROLLER 453200X200CM",459,1,9,-8,-3672,25-APR-026,"GERALD SACK ",477
160100,"YBY PREMIUM SPARKLING CRYSTAL DRY ALC WINE 750ML",124.99,3,3,0,0,25-APR-026,APPIAH,111
171349,"BELPAK TOILET ROLL DELUXE 3PLY  6",40.99,9,10,-1,-40.99,25-APR-026,BISMARCK,44
168118,"FILLED CUSHION P EMBD 45X45CMGEOMETRY1 DC257",139,1,3,-2,-278,25-APR-026,FRANCIS,522
170316,"KALYON POWDER DETERGENT MOUNTAIN BREEZE 750GM 20",22.99,20,21,-1,-22.99,26-APR-026,ALVIN,17
182036,"CASSEROLE NOVA DLX 2PCS SET 10001600ML",149,6,12,-6,-894,25-APR-026,PATIENCE,344
178108,"CURTAIN TIE BACK 2PCS SET 6COLOR MIX",47.9,60,66,-6,-287.4,25-APR-026,GIFTY,491
186099,"ICE CREAM GLASS SET 6PCS 250ML CLEAR P6801I6 RJK",59,10,5,5,295,26-APR-026,SOMUAH,417
187179,"CAKE PAN SILICON RJK BD600KB0239",79,9,20,-11,-869,25-APR-026,"ALHASSAN RANDY",384
184525,"3PCS BEDSPREAD SET PR 86X86 MPBSQ ASTD",229,10,8,2,458,25-APR-026,GIFTY,489
193450,"SOLO ID CARD HOLDER  LANYARD LANDSCAPE IDCL1",9.99,14,9,5,49.95,26-APR-026,GILBERT,294
193522,"TUMBLER 6 PCS SET GIFT PACK LVELG379F",89,8,6,2,178,25-APR-026,SOMUAH,416
198905,"CUTLERY TRAY 7PCS SET PLASTIC CN250717A YWU",79,20,30,-10,-790,25-APR-026,OTHNIEL,340
199094,"WOK WLID SS 34CM ZHN 31F34CM",299,11,13,-2,-598,25-APR-026,OWUSU,374
84805,"ZWAN 8 CHICKEN HOTDOGS IN BOTTLE 180G  12",51.99,6,8,-2,-103.98,26-APR-026,"EMMANUEL MENSAH",124
84805,"ZWAN 8 CHICKEN HOTDOGS IN BOTTLE 180G  12",51.99,2,8,-6,-311.94,26-APR-026,JIMOH,1
76013,"MYDIBEL PREMIUM CRUNCHEXTRA CRISPY FRIES 77 25KG",124.99,2,3,-1,-124.99,25-APR-026,EVELYN,140
64710,"CASTILLO DE LANDA TEMPRANILLO WINE  12 VOL 750ML",79.99,1,1,0,0,25-APR-026,APPIAH,112
91354,"SEARA CHICKEN DRUMSTICKS TRAY 900G 12",69.99,23,23,0,0,26-APR-026,NYARKO,182
100401,"KAREES NATURAL BROWN SUGAR BOTTLE 18K 6",67.99,5,5,0,0,25-APR-026,"EMMANUEL MENSAH",122
101954,"BASKET LAUNDRY WMAT DESIGN PLAST JULIET 1421WLPB",149,11,13,-2,-298,25-APR-026,HAYFORD,456
119332,"COLGATE TOOTHBRUSH DOUBLE ACTION CHARCOAL 120",10.99,70,106,-36,-395.64,25-APR-026,"BOADI STEPHEN",53
119109,"HAPPYFLAKES FRUIT GRANOLA 375G 8",44.99,3,3,0,0,25-APR-026,"KINGSLEY OP",91
125867,"POPIZZ SPARKLING DRINK BLUE 750ML  6",49.99,4,12,-8,-399.92,25-APR-026,JIMOH,1
123446,"CARPET SHAGGY SILK YARN 150D VLCARP 16X23",279,1,1,0,0,26-APR-026,FRANCIS,525
135812,"SERVING BOWL MELAMINE 10 INCHES FEILU 29210",16.9,42,43,-1,-16.9,25-APR-026,ROBIN,392
135829,"SERVING BOWL MELAMINE 9 INCHES FEILU 6109",12.9,65,66,-1,-12.9,25-APR-026,ROBIN,392
147090,"DOVE BATH GEL  FINE SILK 720ML  12",92.99,10,10,0,0,25-APR-026,"ANANE KOJO",22
165582,"BEDSHEET SET 3PCS 145GSM DCALIFORNIAQBEDDING3",189,20,20,0,0,25-APR-026,GILBERT,498
160998,"WALL LIGHT BLACK 615410  RGB",219,1,2,-1,-219,25-APR-026,KWAFO,166
172893,"TAMPICO APPLE PUNCH  JUICE 500ML 12",7.99,1,1,0,0,26-APR-026,TITUS,21
166643,"PHOTO FRAME 50X27X25CM CHAMPAGNE PP ZB32750C",79,5,5,0,0,25-APR-026,HAYFORD,458
168111,"FILLED CUSHION P PRINTED 45X45CMFLORAL1 DC256",139,2,16,-14,-1946,25-APR-026,FRANCIS,523
179401,"AKAI GAS STOVE 3B GLASS TOP GC068A0003B",669,1,2,-1,-669,26-APR-026,AKAYIRI,207
179402,"AKAI GAS STOVE 2B GLASS TOP GC067A0002B",569,0,3,-3,-1707,25-APR-026,"JOSEPH PATRICK",200
184372,"NERO WISKY COLA DRINK 350ML 12",5.99,39,40,-1,-5.99,25-APR-026,APPIAH,109
194963,"LADLE SLOTTED TURNER SILICONE ZHN HR22PC5DS",12.9,54,44,10,129,25-APR-026,PATIENCE,348
190667,"EDUCATION TOYS ALPHABET",59,2,3,-1,-59,25-APR-026,JUSTICE,270
191720,"MYBISCUIT DIGESTIVES CHOCO BISCUIT 600G 12",79.99,13,79,-66,-5279.34,25-APR-026,DERRICK,96
36053,"BARILLA FETTUCCINE PASTA 500G  12",119.99,4,4,0,0,25-APR-026,SOLOMON,74
202554,"FROSTED GRILL PLATE 105 F01912M",12.9,48,54,-6,-77.4,25-APR-026,OTHNIEL,338
78112,"LABEL 5  WHISKY BOX  1L 6",209.99,5,14,-9,-1889.91,25-APR-026,EMMANUEL,129
66605,"EVP EASY TIE TRASH BAG GREEN  MS 30L 20PCS  12",30.99,10,11,-1,-30.99,25-APR-026,"ARTHUR JONADAB",26
S949,"KRIS HANDBODY LOTION ELEGANT YELLOW 100ML 72",6.49,20,42,-22,-142.78,26-APR-026,WONDER,36
92201,"JUVER SELECCION  ORANGE  NARANJA  200ML 24",13.99,8,16,-8,-111.92,26-APR-026,JIMOH,1
95673,"AMALFI BATHSHOWER GEL WILD ROSE 750ML  16",29.99,6,7,-1,-29.99,25-APR-026,"ANANE KOJO",21
114485,"CASSEROLE 2800ML GLASS TEMPERED G27003",119,3,10,-7,-833,26-APR-026,SOMUAH,431
125250,"BUMBLE BABY DIAPERS TWIN N3 MIDI  40PCS  5",139.99,2,7,-5,-699.95,26-APR-026,WISE,40
126674,"WALL CLOCK SAKURA 203X203X38 2989",47.9,10,10,0,0,25-APR-026,GAD,472
121309,"ONE  YOGO SUGAR FREE  YOGHURT 2L 1",114.99,1,2,-1,-114.99,25-APR-026,EMMANUEL,133
138349,"PRESIDENT  WHOLE CREAM UHT MILK 35 1L  6",40.99,4,102,-98,-4017.02,26-APR-026,JIMOH,1
131314,"SILBEST LEMON  GINGER  DRINK 500ML 12",22.99,1,2,-1,-22.99,25-APR-026,DANIEL,XMAS
145758,"TODA LA EL  TUMERIC  PC",6.99,39,20,19,132.81,25-APR-026,JIMOH,134
151522,"GALAXY  CONCEPT MIST PASSION 250ML 12",44.99,15,15,0,0,26-APR-026,ELLA,35
162829,"CURTAIN JACQUARD 54X90 BLUE 272",199,1,1,0,0,25-APR-026,GLADYS,502
159741,"MUNCHEE MSC CHOCO MILK BISCUITS 35G  72",1.99,72,93,-21,-41.79,25-APR-026,EMMANUEL,127
171737,"SIDE PLATE ROUND CERAMIC 8 INCHES LDSSTK6",2.9,40,40,0,0,25-APR-026,SOMUAH,412
180262,"SOUP SPOON PEAR WOOD HANDLE AA2132",34.9,12,42,-30,-1047,26-APR-026,PATIENCE,348
180753,"ARIZONA LITE HALF HALF ICED TEA LEMONADE 650ML 24",23.99,10,16,-6,-143.94,26-APR-026,PATIENCE,84
175866,"KISS VODKA MIX 18 DRINK 250ML 24",15.29,1,25,-24,-366.96,26-APR-026,"JOSEPH PATRICK",135
186988,"WOODEN PUZZLE 26X 72",29.9,1,1,0,0,25-APR-026,JUSTICE,270
187470,"TRASH BIN PLASTIC GREY RJK G2282",369,1,1,0,0,25-APR-026,HAYFORD,455
202581,"FROSTED SMALL DISH 4 B1594M",3.9,47,47,0,0,26-APR-026,REGINA,391
83961,"AKAI AVR 5KVA DIGITAL AVR048AD5KVA",1799,2,2,0,0,25-APR-026,DANIEL,257
50455,"TOP CHOCO BREAD SPREAD 370G 12",31.99,10,10,0,0,26-APR-026,"PAUL OWUSU",64
62703,"FRISCHLI SKIMMED UHT MILK 01 1L 12",34.99,24,61,-37,-1294.63,25-APR-026,AKORFA,56
X989,"MEDISOFT SOAP PINK 90G 72",6.99,34,40,-6,-41.94,26-APR-026,ALVIN,18
X222,"BAILEYS IRISH CREAM 1L 12",429.99,3,5,-2,-859.98,25-APR-026,EMMANUEL,129
96221,"DANO MILK  UHT SKIMMED  03 FAT 1L 12",31.99,32,35,-3,-95.97,26-APR-026,"NANA ADJEI ",82
98501,"AMALFI SHOWER GEL RELAX 750ML   16",29.99,10,10,0,0,25-APR-026,"ANANE KOJO",21
107625,"JUVER DISFRUTA  MANGO JUICE 2L  6",62.99,5,7,-2,-125.98,25-APR-026,KWAFO,103
113224,"DUSTPAN 36CM PLASTIC 145E",16.9,1,1,0,0,25-APR-026,WISE,451
126226,"AIRPRO  TOILET RIM BLOCK LAVENDER 50G  72",24.99,7,69,-62,-1549.38,25-APR-026,ALVIN,13
137496,"BUMBLE BABY WET WIPES ROSE DREAM 120PCS   12",31.99,10,14,-4,-127.96,26-APR-026,"BENEDICT ABBEY",39
148397,"CUP WSTRAW AND DOME LID RAINBOW DESIGN KIDS YWU",59,13,12,1,59,25-APR-026,"MICHAEL DADZIE",308
144275,"AIRPRO TOILET BLOCK CLEANER BLUE 4IN1  144",39.99,9,58,-49,-1959.51,25-APR-026,ALVIN,14
157381,"SERENGETI SWEET RED WINE 750ML 6",118.99,6,6,0,0,25-APR-026,APPIAH,112
159739,"MUNCHEE MILK SHORT CAKE CHOCO BISCUITS 65G  48",4.19,26,70,-44,-184.36,26-APR-026,DERRICK,96
159861,"PIN SMALL 40PCS",4.9,4,1,3,14.7,26-APR-026,GILBERT,294
171195,"DECORATIVE GLASS BOTTLE 8X8X165CM AF17022",44.9,48,49,-1,-44.9,26-APR-026,HAYFORD,461
171917,"WARDROBE PP 57X33X157CM BIFC768",1590,1,1,0,0,25-APR-026,FRANCIS,523
175036,"STORY BOOK CLASSIC BLACK BEAUTY EB1306 12 TITLES",28.9,19,19,0,0,26-APR-026,HERBERT,282
172080,"BUTCHERS ORIGINAL GRAVY TURKEY 400G 24",35.99,24,24,0,0,25-APR-026,ABASS,1
167700,"LUNCH BOX INSULATED 1COMP SSTEEL D125858 YWU",69,4,4,0,0,25-APR-026,"MICHAEL BOYE",305
179733,"AKAI RICE COOKER 18L 700W CK023A18LS",439,3,4,-1,-439,25-APR-026,"COLLINS HAMMOND",236
186066,"SOUP PLATE GOLDEN RIMMED 8 GR8SP RJK",16.9,55,92,-37,-625.3,25-APR-026,SOMUAH,412
184003,"CERAMIC MUG SOLID COLORED 380ML ZHOU16 RJK",9.9,30,30,0,0,25-APR-026,ROBIN,392
184619,"DINNER PLATE 105 CERAMIC STKLT FP04 RJK",19.9,11,11,0,0,25-APR-026,BLESSING,410
193130,"PLUSH TOY 30CM",119,3,3,0,0,25-APR-026,HANNAH,276
22635,"SANKOFA SWEET PLANTAIN CHIPS CINNAMON FLAV 50G 25",14.99,18,20,-2,-29.98,26-APR-026,MAHAMA,120
81728,"DOVE SHEA BUTTER SOAP 4X90G 12",67.99,12,15,-3,-203.97,26-APR-026,PHILEMON,10
59865,"HELEMENS SHITO 400G  24",64.99,10,10,0,0,26-APR-026,JIMOH,1
72672,"DEVA SOFTENER LAVENDER  4L  4",135.99,1,1,0,0,26-APR-026,ALVIN,15
X616,"PRINGLES PIZZA FLAVOUR 165G  19",49.99,10,18,-8,-399.92,26-APR-026,NASHIBA,89
102990,"ZEFIR GLASS CLEANER 850ML  12",18.99,13,13,0,0,25-APR-026,ABIGAIL,6
103969,"8PM HONEY WHISKY 750ML 12",104.99,7,7,0,0,25-APR-026,MAHAMA,117
105563,"MENTOS PURE FRESH STRAWBERRY 18PB 315G  120",36.99,65,78,-13,-480.87,25-APR-026,ABIGAIL,155
109702,"FOOTPRINT SAUVIGNON BLANC WINE 750ML 6",109.99,6,6,0,0,25-APR-026,APPIAH,111
127926,"SANTEX MEDICATED SOAP  RED 80G  72",6.29,6,6,0,0,26-APR-026,ALVIN,18
148992,"AKAI LED TV 43 SAT SMART LT4308T2S2SMT",4679,1,1,0,0,25-APR-026,LESTER,250
146223,"WINDOW SHADE YE3100X120 BEIGE",279,2,2,0,0,25-APR-026,"GERALD SACK ",480
148055,"CURTAIN WGROMET EMB EILEEN GRY 02PA05996A",109,1,1,0,0,25-APR-026,ESINAM,486
157600,"COOL BREEZE AIR FRESHENER FRESH LEMON 300ML  24",25.99,14,30,-16,-415.84,25-APR-026,JIMOH,1
155908,"ROSSWOOD CASHEW NO ADDED SALT 25G  72",9.49,46,72,-26,-246.74,25-APR-026,"FELIX BOADU",154
149604,"TCL LED TV 55 SAT SMART ANDROID 4K 55P735",9849,1,1,0,0,25-APR-026,LESTER,250
159765,"MUNCHEE DIGESTIVE BISCUITS 35G  72",2.19,48,123,-75,-164.25,25-APR-026,DERRICK,96
162620,"COFFEE TABLE VENEER TOP 90X60X40CM CT05",1649,1,1,0,0,25-APR-026,FRANCIS,523
166741,"PLAY WITH DOTS",9.99,9,9,0,0,25-APR-026,"JERUSHA ",284
169001,"NASCO FRIDGE DD 210L DISP NASF2250FLD",4099,1,2,-1,-4099,25-APR-026,WOMDERT,252
180170,"PILLOW 50X70CM CP1030",129,1,2,-1,-129,25-APR-026,SHADRACK,517
194655,"GIFT BAG XL 32X26X10CM HCL O51024",39,19,21,-2,-78,25-APR-026,"MICHAEL BOYE",302
194700,"CASSEROLE WLIDSIDE HANDLES  2 WINE GLASS RB059",69,6,8,-2,-138,26-APR-026,VICTORIA,432
193466,"SOLO NEON COLOUR PAPER 25SHEET CPA425",13.99,8,8,0,0,25-APR-026,MARIAM,290
189563,"KIVO 100 NATURAL HOT SHITTO 225G  24",35.99,38,40,-2,-71.98,26-APR-026,GIFTY,63
190078,"SOLAR LAMP PORTABLE ASSORTED",109,31,31,0,0,25-APR-026,NYARKO,179
198509,"MASON JAR WITH STRAW 680ML GLASS YWU",44.9,1,18,-17,-763.3,26-APR-026,SYLVIA,426
198569,"TEA CANDLE 3H 10G 100PCS",95,39,39,0,0,26-APR-026,HAYFORD,461
21662,"MRS BECTORS DIGESTIVE COOKIES 400G 12",29.99,10,10,0,0,25-APR-026,DORIS,97
37653,"NOVA HAND SOAP ANTISEPTIC 500ML  20",17.49,13,27,-14,-244.86,25-APR-026,BISMARCK,43
48195,"FLORA GIANT MULTI PURPOSE TOWEL 6",44.99,6,13,-7,-314.93,25-APR-026,ELLA,32
26389,"NIVEA MEN SHOWER GEL COOL KICK 500ML 12",151.99,18,19,-1,-151.99,25-APR-026,"ANANE KOJO",22
80150,"TOOTHBRUSH  PASTE HOLDER SUCTION R5120 RJK",39.9,14,12,2,79.8,25-APR-026,VINOLIA,439
82658,"KITCHEN NAPKIN 3PCS SET HONEYCOMBED DC 562",24.9,12,12,0,0,25-APR-026,GIFTY,490
CL671,"COFFEE FLASK PU INSULATED 900ML 122CMX10CMX25CM",19.9,5,7,-2,-39.8,26-APR-026,"MICHAEL BOYE",307
94193,"CUP WSWIRL LID AND STRAW KIDS PLASTIC 42215801 YWU",9.9,4,4,0,0,26-APR-026,"MICHAEL DADZIE",310
00453,"GOANAS WINE 75CL 12",94.99,5,5,0,0,25-APR-026,APPIAH,112
100799,"ZOMBA YELLOW COCKTAIL 0 ALC 750ML 6",42.49,8,8,0,0,25-APR-026,"EDDIE MENSAH",106
102204,"BEAUTY FORMULAS FACIAL WIPES APRICOT 30S  12",20.49,15,12,3,61.47,26-APR-026,"BENEDICT ABBEY",39
106655,"BLING GLASS CLEANER 750ML  15",16.99,38,17,21,356.79,25-APR-026,ABIGAIL,6
105768,"GRANORO SPIRALI GRANDI 10100 500G  24",21.99,13,10,3,65.97,25-APR-026,SOLOMON,75
109728,"SPICE SET TABLETOP 5PCS SET B1605A RJK",99,21,23,-2,-198,26-APR-026,SYLVIA,426
126332,"DRESSING STOOL WOODEN CH9GD148",729,1,2,-1,-729,25-APR-026,SHADRACK,514
128951,"SCISSORS 147341147334147358147365",9,10,10,0,0,26-APR-026,GILBERT,294
13613,"DOVE BODY WASH NOURISHING SILK 500ML  20",70.99,14,33,-19,-1348.81,25-APR-026,"ANANE KOJO",22
131548,"YOGA VANILA WITH WHEAT YOGHURT 330ML 1",19.99,18,20,-2,-39.98,25-APR-026,EMMANUEL,133
144276,"ROMAR AUTOM AIRFRESH REFILL  LAVIE FANTAST 250ML 6",48.99,12,12,0,0,26-APR-026,ABASS,3
153591,"TCL WASHING MACHINE TT 7KG F207TT",2899,1,1,0,0,25-APR-026,DANIEL,KITCHEN
150418,"CURTAIN W8 GROMENT BURGUNDY 54X90 BLK5",109,6,6,0,0,25-APR-026,ESINAM,483
159742,"MUNCHEE MSC STRAWBERRY MILK BISCUIT 65G  48",4.19,96,79,17,71.23,25-APR-026,EMMANUEL,127
160121,"DALGETY SORREL HIBISCUS GINGER HERB TEA 45G  36",45.99,46,46,0,0,25-APR-026,AKORFA,57
175037,"MY FIRST BOOK OF ABC EB1325",16.99,18,20,-2,-33.98,25-APR-026,"JERUSHA ",284
179577,"DIY HAIRBALL PICTURE CRAFT 22X22CM WSTAND ASST DE",29.9,4,4,0,0,26-APR-026,GIDEON,294
176376,"VINETIS STEM F4 500ML FRC V7580",249,2,2,0,0,26-APR-026,SOMUAH,416
183278,"TUMBLER 6PCS SET 560ML PINOT BW 18020 RJK",69,5,6,-1,-69,26-APR-026,SOMUAH,417
185293,"ONGA CLASSIC SEASONING 50G  80",4.59,47,47,0,0,25-APR-026,GIDEON,67
188854,"BATHMAT 50X80CM BM102 DARK GREEN CP",59,11,11,0,0,25-APR-026,"SAMUEL ADDO",401
200044,"SERVING TRAY MELAMINE 24 INCHES ZHN 806024",69,12,12,0,0,25-APR-026,OTHNIEL,338
197899,"BRUTAL FRUITSRUBY APPLE SPRITZER CAN 500ML 24",21.99,16,16,0,0,25-APR-026,"EDDIE MENSAH",105
198077,"WALL CLOCK 305X305X43CM 36239",85,10,10,0,0,25-APR-026,"GAD ",471
202839,"WINE GLASS 6PCS SET 3011",99,5,5,0,0,25-APR-026,"STEPHEN ACQUAH",422
61258,"ROMAR AUTOM AIRFRESH REFILL MOUNTAIN AIR 250ML  6",48.99,11,11,0,0,26-APR-026,RICHMOND,5
68566,"FOGG FRAGRANCE BODY SPRAYABSOLUTE  120ML  72",52.99,53,54,-1,-52.99,25-APR-026,ELLA,33
72918,"SMALL SIZE LEGO BLOCKS",49.99,4,24,-20,-999.8,25-APR-026,JUSTICE,270
CL711,"TAKE AWAY CONTAINER 1250ML 195CMX132CMX95CM",4.5,204,224,-20,-90,26-APR-026,NIBOI,318
CL716,"SPICE CONTAINER 3PCS SET 400ML 600ML 750ML",16.9,44,11,33,557.7,25-APR-026,NIBOI,316
D312,"COKE PET 15L 6",23.99,113,132,-19,-455.81,26-APR-026,NTUMY,164
98562,"TOM CAKE SUGARFREE MINI MUFFINS 160G  15",49.99,25,57,-32,-1599.68,25-APR-026,EMMANUEL,130
00366,"ZWAN CHICKEN 6 BIG FRANKS 560G 12",71.99,3,15,-12,-863.88,26-APR-026,JIMOH,1
103695,"BORGES EXTRA VIRGIN OIL ORIGINAL 500ML 12",196.99,12,12,0,0,26-APR-026,"NANA ADJEI",48
107115,"TELON GREEN TEAMINT  60G  12",29.99,11,12,-1,-29.99,25-APR-026,AKORFA,59
107226,"20KG WEIGHT SET PVC BOX YORK FITNESS DWS20KG",899,2,2,0,0,25-APR-026,"GEORGE PUPLAMPU ",467
106813,"SHINE GARBAGE BAGS 90L   10   12",28.99,6,3,3,86.97,25-APR-026,"ARTHUR JONADAB",26
107791,"GREENWORLD AFRESHNER LIMEORANGE BLOSSOM 400ML 48",34.99,34,34,0,0,25-APR-026,ABASS,2
108888,"MARILAN MAGIC TOAST CRIPBREADS ORIGINAL 110G 24",15.99,19,22,-3,-47.97,26-APR-026,"KINGSLEY OP",94
117670,"TOILET BRUSH WSTAND PLASTIC UR3266",24.9,19,20,-1,-24.9,25-APR-026,VICTORIA,437
117300,"WESTINGHOUSE LED TREE 60CM",89,6,6,0,0,25-APR-026,DANIEL,XMAS
139305,"DAUCY BROCCOLI 1KG 10",129.99,21,19,2,259.98,25-APR-026,EVELYN,141
155800,"TAINERS PLATAIN CHIPS NATURALLY SWEET 75G  24",14.99,11,11,0,0,25-APR-026,"EMMANUEL MENSAH",121
156983,"BATH MAT IVORY 50X80CM BM239",69,-7,8,-15,-1035,26-APR-026,"SAMUEL ADDO",402
161833,"FRESH IMPORT APPLE JUICE 250ML",29.99,2,12,-10,-299.9,25-APR-026,JIMOH,134
161329,"FOUNTAIN 21X175X25CM 22603L",279,6,6,0,0,25-APR-026,HAYFORD,457
175560,"HEADSHOULDERS SHAMPOO SOOTHING SCALP 400ML   6",99.99,5,4,1,99.99,26-APR-026,"BENEDICT ABBEY",38
171738,"SOUP PLATE ROUND CERAMIC 8INCHES LDSSTK7",2.9,31,31,0,0,26-APR-026,BLESSING,409
168870,"KNIFE FRUIT 6PCS 3 CPQT01B3PR6DB RJK",19.9,23,25,-2,-39.8,25-APR-026,OWUSU,370
178155,"PICTURE WFRAME 50X50CM",139,1,8,-7,-973,25-APR-026,FRANCIS,522
179202,"PUSHPIN 30PCSBOX 1CM ASST COL YW",7.9,9,9,0,0,26-APR-026,MARIAM,291
187290,"CURTAIN ROD MATT BLACK 2BRAKET 120210CM M16210MB",79,8,8,0,0,26-APR-026,GAD,474
187658,"LED LIGHT 4PCS",69,4,4,0,0,25-APR-026,KWAFO,171
184074,"COOKING POT 16CM FALU ZHNBLY 104816",139,1,4,-3,-417,25-APR-026,OWUSU,370
193340,"TUMBLER GLASS JUBILEE ROCK 340ML 3B2271206G0001",119,6,7,-1,-119,25-APR-026,"SYLVIA ",425
194067,"PUZZLE 1000PCS SILK TOUCH SP1000P",65,18,18,0,0,25-APR-026,HERBERT,280
196678,"CERES SECRETS OF VALLEY 500ML 10",23.99,8,2,6,143.94,25-APR-026,KWAFO,100
198173,"CUTLERY HOLDER METAL WIRE YWU",24.9,1,17,-16,-398.4,26-APR-026,MARIAM,293
204543,"BOTTLE INSULATED DWALL 800ML HCVB1788",65,24,34,-10,-650,26-APR-026,"MICHAEL BOYE",307
204543,"BOTTLE INSULATED DWALL 800ML HCVB1788",65,10,34,-24,-1560,25-APR-026,"MICHAEL BOYE",307
80146,"TOWEL RACK SUCTION R5040 RJK",69,5,5,0,0,25-APR-026,WISE,447
83148,"SAMSUNG LED TV 32 SATELLITE UA32M5000UA32N5000",3489,2,2,0,0,25-APR-026,WONDER,244
CL704,"QUEEN OF CASSEROLE 2PCS SET PLASTIC 850ML 1350ML",39.9,6,6,0,0,25-APR-026,PATIENCE,345
94236,"MADAR DETERGENT BAR BLUE 195G  36",8.29,28,34,-6,-49.74,25-APR-026,"ANANE KOJO",19
07663,"GRANORO ELICOIDALI NO 23  1023 500GMS 24",21.99,6,8,-2,-43.98,25-APR-026,SOLOMON,75
104651,"JUBES ASSORTED FRUIT JELLIES WGELATIN12X20X48G",5.99,111,114,-3,-17.97,25-APR-026,ATITOGO,159
117110,"SERVING BOWL MELAMINE 10 INCHES ZHN C62010",19.9,36,43,-7,-139.3,26-APR-026,"SAMUEL ADDO",403
117256,"DOMS TEMPERA COLOURS 6 SHADES 3454",3.9,14,22,-8,-31.2,26-APR-026,MARIAM,291
116468,"CLOSEUP REDHOT EVERFRESH TOOTHPASTE 140G  72",19.99,56,53,3,59.97,25-APR-026,"BOADI STEPHEN",54
122210,"GREENWORLD BAMBU AFRESHNER  ELEGANT 100ML 12",82.99,11,18,-7,-580.93,26-APR-026,ABASS,3
121295,"CLAMP FOR CYLINDER",39,4,4,0,0,25-APR-026,DANIEL,258
137006,"PEAK GREEN EVAPORATED TIN MILK 390G  24",19.99,57,39,18,359.82,26-APR-026,"NANA ADJEI",81
13203,"KONKORD IODIZED SALT 500G 50",4.49,65,142,-77,-345.73,26-APR-026,JUSTICE,49
14712,"EASY MOUZOO MANGO  TETRAPACK JUICE 1L 12",23.99,12,24,-12,-287.88,26-APR-026,EMMANUEL,127
148841,"CAKE PLATEGOLDSILVER MIX2131CM",9,96,53,43,387,25-APR-026,"ALHASSAN RANDY",382
148847,"CAKE PLATE GOLDSILVER MIX 33CM",14.9,90,94,-4,-59.6,25-APR-026,"ALHASSAN RANDY",382
140112,"CARPET FUR 120X170CM ASTD",249,1,7,-6,-1494,25-APR-026,"GIDEON GBLOGAH",508
166392,"COOKING POT WGLASS LID 32CM SSTEEL XY2322",99,4,1,3,297,25-APR-026,"NANA KOJO",364
161416,"CURTAIN VELVET EMBOSSED 54X90  PURPLE",119,2,1,1,119,25-APR-026,"GERALD SACK ",481
162510,"NANI MILK PLAIN YOGHURT 500G 1",20.99,9,27,-18,-377.82,25-APR-026,EMMANUEL,133
162646,"SERVING BOWL MELAMINE 10 INCHES FEILU 13710",22.9,59,59,0,0,25-APR-026,REGINA,387
168872,"KNIFE FRUIT 6PCS 4 HTCD015 RJK",19.9,43,43,0,0,25-APR-026,NASHIBA,335
179791,"PEDAL BIN SILVER 37L PLASTIC 3102",259,1,1,0,0,25-APR-026,DANIEL,XMAS
182127,"PLATINUM SUNFLOWER OIL 15L 8",79.99,27,36,-9,-719.91,26-APR-026,BISMARCK,46
178445,"SERVING TRAY MELAMINE XMAS 16INCHES FEILU 50161",22.9,4,4,0,0,25-APR-026,ROBIN,392
186074,"WHISKEY GLASS SET 6PCS 330ML GRAY L35066 RJK",59,13,11,2,118,26-APR-026,SOMUAH,417
186704,"LUNCH BOX 1500ML PLASTIC RJK 2036",59,29,28,1,59,25-APR-026,"MICHAEL BOYE",304
185377,"4PCS BEDSHEET SET Q 230X250CM PRINT ASS 03BT1032",139,4,4,0,0,25-APR-026,GILBERT,498
193408,"THE POWER OF YOUR SUBCONSCIOUS MIND DELUX HARD ED",79,1,1,0,0,26-APR-026,JERUSHA,284
194070,"PUZZLE STICK SP316",75,24,24,0,0,25-APR-026,HERBERT,279
26952,"VOLTPLUS AVR 5KVA W110V ASSIST OUTPUT AVR6055",1679,4,4,0,0,25-APR-026,DANIEL,256
43330,"HARPIC GEL POWER PLUS 725ML   12",38.99,15,14,1,38.99,25-APR-026,ALVIN,13
32105,"EVERPACK CLING FILM 150M X 30CM   6",79.99,6,6,0,0,25-APR-026,"ARTHUR JONADAB",27
81425,"TONG GARDEN SALTED PEANUTPOUCH 160G  36",30.99,13,31,-18,-557.82,26-APR-026,MAHAMA,119
X659,"QUAKER OATS TIN 500G  24",44.99,54,127,-73,-3284.27,26-APR-026,SOLOMON,77
93759,"DZIRE STEAM IRON 1600W SI250A",189,15,14,1,189,25-APR-026,"KINGSLEY OP",219
94080,"DZIRE GAS STOVE 2B GLASS TGGP2BG26",465,3,3,0,0,25-APR-026,"JOSEPH PATRICK",198
91555,"GREENWORLD BAMBU DESERT CHARM AIRFRESHNER 170ML 12",109.99,8,11,-3,-329.97,26-APR-026,ABASS,3
100414,"KAREES NATURAL WHITE SUGAR BOTTLE 800G 12",33.99,16,16,0,0,25-APR-026,"EMMANUEL MENSAH",123
103005,"STARS BODY MIST WHITE 90ML  48",13.49,16,17,-1,-13.49,25-APR-026,ELLA,34
116122,"LED CHANDELIER 4COLOR 3032",849,1,2,-1,-849,25-APR-026,KWAFO,168
113934,"ULTIMATE COPY COLOURING BOOK 1 2 34",34.9,15,12,3,104.7,25-APR-026,"JERUSHA ",284
124118,"CLEANING CLOTH MICROFIBER 3PCS SET 1909453",29.9,5,5,0,0,25-APR-026,"PAUL OWUSU",355
149047,"SANKOFA PLANTAIN CHIPS SPICY SWEET CHILI 140G  10",41.99,1,5,-4,-167.96,26-APR-026,JIMOH,1
15803,"MEDISOFT REPELLENT LOTION ROSEMARY PINK 100ML 72",14.49,28,32,-4,-57.96,26-APR-026,ELLA,36
162322,"SLOTTED SPOON SS WOOD HANDLE ILC MC73204 RJK",19.9,12,12,0,0,25-APR-026,OWUSU,369
179572,"KEY CHAIN PU BALL ASSORTED DESIGN",3.5,36,36,0,0,26-APR-026,SHADRACK,158
179574,"DIY HAIRBALL PICTURE CRAFT 30X30CM WSTAND ASST DE",49,2,2,0,0,25-APR-026,HERBERT,280
187281,"WEIGHT DISC 1133KG SFDISC25LB",399,2,2,0,0,26-APR-026,"GEORGE PUPLAMPU ",467
198799,"DESSERT FORK 6PCS SET DESIGNER SSTEEL 19G YWU",49.9,14,15,-1,-49.9,25-APR-026,OWUSU,370
19818,"ENERGIZER BATTERY ALKALINE AAA MAXAAA BP21X20PK",37.9,6,116,-110,-4169,26-APR-026,"ABIGAIL YEVUGAH",158
28104,"TUMBLER MARTIGUES 6PCS SET 330ML DXB N1319",69,7,7,0,0,25-APR-026,"STEPHEN ACQUAH",418
59864,"HELEMENS SHITO 700G 24",92.99,16,16,0,0,26-APR-026,GIFTY,63
101060,"N0 8 SPICY RINGS CHIPS 20G 60",1.69,21,22,-1,-1.69,25-APR-026,"EMMANUEL MENSAH",121
102516,"MOMEASY MEDICINE DISPENSER WPLASTIC CASE 46072",36.9,2,2,0,0,26-APR-026,AKAYIRI,267
104374,"DESTELLO FLOOR CLEANER LEMON 1500ML  12",29.99,16,16,0,0,25-APR-026,"ADIATOR MOSES ",7
104961,"ROMAR WASHING LIQUID MARSEILLE SOAP 3L  4",132.99,2,2,0,0,26-APR-026,ALVIN,16
14828,"DEVA SOFTENER  SENSITIVE 2L  6",82.99,-6,6,-12,-995.88,26-APR-026,ALVIN,14
150833,"HEAVEN INSECTICIDE SPRAY 600ML  24",59.99,9,28,-19,-1139.81,26-APR-026,"ADIATOR MOSES ",9
151030,"BIGOO ORANGE DRINK 350ML 20",2.99,60,102,-42,-125.58,26-APR-026,NTUMY,164
164845,"COOKWARE 5PCS SET ZOLO",869,1,4,-3,-2607,25-APR-026,OWUSU,371
162518,"MINIMIE INSTANT NOODLES SLURPY CHICKEN 120G 40",5.29,58,54,4,21.16,25-APR-026,SOLOMON,76
162693,"DINNER PLATE MELAMINE 11 INCHES FEILU 20311",24.9,58,60,-2,-49.8,25-APR-026,BLESSING,407
171189,"LUXURYS REED DIFFUSER FRUITMIX 120ML 12",95.99,2,17,-15,-1439.85,25-APR-026,HAYFORD,457
168470,"DAPHNIS CHOPPED TOMATOES 400G  12",18.99,39,31,8,151.92,25-APR-026,GLADYS,71
179388,"NIGHTSTAND W2DRAWER WHITE 114631490",859,1,1,0,0,25-APR-026,SHADRACK,515
194699,"CASSEROLE WLID AND SIDE HANDLE 1000ML RB058",29.9,3,22,-19,-568.1,26-APR-026,VICTORIA,432
189518,"SMIRNOFF ICE PINEAPPLE PUNCH CAN 330ML  6",16.99,90,144,-54,-917.46,25-APR-026,APPIAH,109
191679,"DAPHNIS WHITE VINEGAR 1L  12",12.49,2,2,0,0,25-APR-026,SOLOMON,74
202191,"SOFTCARE SANITARY PAD A 285MM GOLD 16PCS  24",16.49,10,11,-1,-16.49,26-APR-026,"BOADI STEPHEN",51
202775,"TASTY TOM GINGER  GARLIC SEASONING POWDER 50G 120",5.29,21,22,-1,-5.29,25-APR-026,GIDEON,67
50130,"FLORA TOILET ROLL 1 X 32  2",120.99,2,2,0,0,26-APR-026,TITUS,21
71863,"BIC FLEX 3 COMFORT STICK 3BLADE  3 BLISTER    10",95.99,4,4,0,0,26-APR-026,AKORFA,55
CL761,"CRISPER CONTAINER RND 6000ML 23CMX20CM",19.9,6,7,-1,-19.9,25-APR-026,NASHIBA,334
97247,"SAIRO SHOWER GELVANILLAKARITE 600ML  12",28.99,3,3,0,0,25-APR-026,"ANANE KOJO",21
07287,"BACARDI RHUM GOLD 1L 12",320.99,2,2,0,0,25-APR-026,MAHAMA,115
106823,"SHINE VINYL GLOVES MEDIUM 100PCS  10",68.99,10,4,6,413.94,26-APR-026,BISMARCK,29
115179,"BABY WALKER WMUSIC ORANGEBLUEGREEN YW608",259,6,7,-1,-259,25-APR-026,DANIEL,XMAS
122685,"PLUSH MONKEY TOY 60CM",259,1,3,-2,-518,25-APR-026,HANNAH,272
135344,"LIDO MULTIPURPOSE SOAP BIG 220G 36",7.49,12,14,-2,-14.98,25-APR-026,"ANANE KOJO",19
141425,"SKIMMER PEARL 13  59048",9.9,11,11,0,0,25-APR-026,OWUSU,369
157561,"VOLTPLUS UNIVERSAL ADAPTOR WBS PLUG VPUAG140UC",129,12,16,-4,-516,26-APR-026,DANIEL,255
164392,"DINNER PLATE EMBOSSED 1025 WK24001 RJK",29.9,13,13,0,0,25-APR-026,SOMUAH,412
162677,"DINNER PLATE MELAMINE 10 INCHES FEILU 102101",12.9,120,120,0,0,26-APR-026,BLESSING,409
187069,"BOWL FRUITS AND SALAD 2200ML ACRYLIC 6363",29.9,2,2,0,0,25-APR-026,NASHIBA,334
184779,"WOK CAST IRON 36CM",619,1,1,0,0,25-APR-026,OWUSU,374
183421,"PHILIPS LED TRACK LIGHT TRACK WHITE 2M 91140189128",299,1,3,-2,-598,25-APR-026,KWAFO,166
194652,"GIFT BAG M 32X26X10CM 4DESIGNS O51022",20.99,11,23,-12,-251.88,25-APR-026,"MICHAEL BOYE",302
193003,"BOTTLE OPENER ZHN KB887",4.9,16,16,0,0,25-APR-026,OWUSU,369
199388,"XOC CHARCOAL TPASTE TBRUSH PURPLE 100ML 12",31.99,10,10,0,0,25-APR-026,"BOADI STEPHEN",54
200470,"WOK PROFESSIONAL 24CM PALU ZHNBLY",189,6,6,0,0,25-APR-026,PHILEMON,358
23291,"TICTAC MINT 102G 60",6.99,4,6,-2,-13.98,25-APR-026,ABIGAIL,155
44832,"CERES HANEPOOT WHITE GRAPE JUICE 1L  12",44.99,34,22,12,539.88,25-APR-026,KWAFO,100
204902,"IDEAL ORIGINAL EVAPORATED MILK 165G 24",11.79,480,773,-293,-3454.47,25-APR-026,EZEKIEL,148
70477,"BINATONE STANDING FAN 20 TS2020TS2020MK2",1489,2,2,0,0,25-APR-026,AKAYIRI,207
D999,"BINE BLEACH 05L 15",12.49,9,11,-2,-24.98,26-APR-026,"GIDEON GBLOGAH",12
103781,"SAIRO SAVON LIQUID  HAND WASH STRAWBERRY 500ML 12",24.99,8,8,0,0,25-APR-026,BISMARCK,43
104197,"SERVING TRAY PLASTIC M268",34.9,4,4,0,0,26-APR-026,NASHINA,337
114177,"DOVE HANDWASH DEEPLY NOURISHING  250ML 12",35.99,6,17,-11,-395.89,25-APR-026,TITUS,21
126648,"LA SALUD WOOD CARE CLEANER JABONOSO 1L 8",38.49,2,2,0,0,25-APR-026,"ADIATOR MOSES ",7
121937,"3PCS BEDSHEET SET SL KG 180X20030CM ASRTD",159,15,15,0,0,25-APR-026,GILBERT,497
121034,"TANGRAM 4YRS 04421",59,5,5,0,0,25-APR-026,HERBERT,279
133976,"COLORING SET KL11498",15.9,28,30,-2,-31.8,26-APR-026,"NANA KOJO",271
134320,"PRIVATE MAXI POCKET NORMAL 8 X 12",12.49,3,3,0,0,26-APR-026,"BOADI STEPHEN",51
144275,"AIRPRO TOILET BLOCK CLEANER BLUE 4IN1  144",39.99,48,58,-10,-399.9,25-APR-026,ABASS,3
154847,"WALL LAMP METAL CHROMEWARM GREY E14 40W SK7871B",199,1,3,-2,-398,25-APR-026,KWAFO,166
15685,"MAGICTIME DIJON MUSTARD 12OZ  12",24.99,11,11,0,0,25-APR-026,GLADYS,72
169872,"STIRER LADLE WWOOD HANDLE STEEL PEAR AB2775",19.9,27,40,-13,-258.7,25-APR-026,PATIENCE,348
169097,"EASY COOK FRYPAN 26CM FRC B5540502 B2990583",229,3,3,0,0,25-APR-026,PHILEMON,358
18772,"KI CREAMY YOGHURT ASSORTED LOLIPOP 368G G  20",82.99,14,14,0,0,26-APR-026,"EDDIE MENSAH",90
183436,"TUMBLER GLASS EMBOSSED 400ML 3PCS SET 3GS02 RJK",34.9,15,15,0,0,25-APR-026,"STEPHEN ACQUAH",419
183505,"CUP MELAMINE ZHN 2360",9.9,38,39,-1,-9.9,25-APR-026,"MICHAEL DADZIE",309
36004,"KOOL AID JAMMERS VARIETY PASSORTED JUICE 177ML 4",79.99,1,1,0,0,26-APR-026,PATIENCE,84
39989,"PRAN APPLE NECTAR JUICE  1L  12",22.99,3,15,-12,-275.88,25-APR-026,KWAFO,103
81277,"SHINE QUEEN SIZE JUMBO ROLL 2PLY  12",24.49,6,13,-7,-171.43,25-APR-026,ELLA,32
98196,"NASCO LED TV 24 SAT NASJ24FB",849,1,1,0,0,25-APR-026,LESTER,250
90920,"WALL CLOCK INFINITI INFZX6520INF6520",359,2,2,0,0,25-APR-026,GAD,472
101952,"CONTAINER SQUARE SET OF 7PCS PLASTIC 56587",69,2,22,-20,-1380,25-APR-026,"NANA ADJEI",331
104680,"LADLE SOUP 34CMX9CM PLASTIC NYLON YWU",16.9,6,6,0,0,25-APR-026,PHILEMON,361
109290,"MORNING FRESH DISHWASH ZESTY LEMON 1000ML  12",49.99,4,5,-1,-49.99,25-APR-026,ALVIN,14
117324,"CHRISTMAS TREE 125M 410TIPS ELEGANT H06E",499,1,1,0,0,25-APR-026,DANIEL,XMAS
120154,"LED DOWNLIGHT 5W COB",29.9,3,1,2,59.8,25-APR-026,KWAFO,168
138799,"BUMBLE BABY POCKET WIPES 15PCS HONEYSUCKLE  288",4.29,34,186,-152,-652.08,26-APR-026,"BENEDICT ABBEY",39
133190,"NEAT BLEACH 5L  4",96.49,6,3,3,289.47,26-APR-026,"GIDEON GBLOGAH",12
144323,"SAIRO STYLING MOUSSE EXTRA STRONG  300ML  12",49.49,4,4,0,0,26-APR-026,"BENEDICT ABBEY",38
154758,"XBLOCK HAIR WAX BLUE 150ML 48",32.99,38,35,3,98.97,26-APR-026,"BENEDICT ABBEY",38
150777,"SPRITE ZERO PET 1L 4",15.99,10,62,-52,-831.48,26-APR-026,DELIGHT,87
151159,"XMAS DECORATION GIFT BOX 3PCS 70 WARM LIGHT",429,1,1,0,0,25-APR-026,DANIEL,XMAS
167244,"MIKSI STRAWBERRY SACHET 35G  120",3.29,151,149,2,6.58,25-APR-026,DAVID,BRUNO
185381,"COFFEE TABLE 120X60 GLASS TOP 5818",1890,1,1,0,0,25-APR-026,FRANCIS,523
184641,"SOFA RECLINER ASHLEY 321 BUNTINGTON FABRIC 34004",29990,1,1,0,0,26-APR-026,FRANCIS,525
193347,"WHISKEY GLASS TANGO HI BALL 315ML 5B1331106G0000",99,1,6,-5,-495,25-APR-026,"STEPHEN ACQUAH",422
194173,"COLGATE TB DOUBLE ACTION  HERBAL 1 PK 10X12 120",9.49,117,138,-21,-199.29,25-APR-026,"BOADI STEPHEN",53
191077,"REALMAN MANLY FRAGRANCE FRESH SPIRIT 150ML 72",50.99,8,10,-2,-101.98,26-APR-026,ELLA,35
197526,"LUX BAR SOAP GLOWING SKIN 170G 48",22.99,55,53,2,45.98,26-APR-026,"ANANE KOJO",20
29806,"EMBORG WHIPPING CREAM SPRAY CAN 500ML 12",181.99,3,3,0,0,25-APR-026,EMMANUEL,133
39953,"PRAN PREMIUM FRUIT COCKTAIL JUICE TETRA PACK 1L 12",22.99,39,40,-1,-22.99,25-APR-026,KWAFO,103
202761,"PROFA HAUSA KOKO 800G  24",72.99,16,16,0,0,26-APR-026,SOLOMON,78
202843,"SERVING POT 1L CRYSTAL BW003J",34.9,6,13,-7,-244.3,26-APR-026,VICTORIA,432
81351,"DOLCE ELEGANT ASSORTMENT 350G 10",34.99,8,8,0,0,26-APR-026,"EDDIE MENSAH",90
49382,"DELTA  FACIAL TISSUE 1X150X36",11.49,30,31,-1,-11.49,26-APR-026,BISMARCK,29
68577,"FOGG FRAGRANCE BODY SPRAYNAPOLEON  120ML  72",52.99,25,61,-36,-1907.64,25-APR-026,ELLA,33
68990,"DESSERT KNIFE 4PCS SET SS 1620",29.9,10,30,-20,-598,25-APR-026,OWUSU,370
99736,"LG MICROWAVE OVEN 42L WGRILL SILVER MH8265CIS",4499,2,2,0,0,25-APR-026,DANIEL,259
118287,"FARAGELLO GOLD GRAPE NECTAR BOTTLE 250ML  24",11.99,38,41,-3,-35.97,26-APR-026,KWAFO,83
120013,"NERDS ROPE RAINBOW  26G 09OZ  24",19.99,167,286,-119,-2378.81,25-APR-026,"ABIGAIL YEVUGAH",158
115613,"FLOWER VASE 13X7X20 SJ2052",34.9,2,2,0,0,25-APR-026,HAYFORD,459
121658,"ENTERTAINMENT UNIT NOGAL TRENDOFF WHITE NT1025",1449,1,1,0,0,25-APR-026,FRANCIS,527
137269,"TOREN TOREN WAFERS BOURBONVANILLA DEEP FCW 55G144",6.29,102,112,-10,-62.9,25-APR-026,"EDDIE MENSAH",108
131070,"ROMAR REFILL AUTOM AIR FRESH TROP FRESH 250ML  6",48.99,4,10,-6,-293.94,26-APR-026,ABIGAIL,5
146774,"YUMS MAYONNAISE 445ML  12",31.99,23,23,0,0,25-APR-026,SOLOMON,73
153599,"BDAY PRESENT 6S CRACKERTOA GLEDHOLLXMAS00454746",529,22,22,0,0,25-APR-026,DANIEL,XMAS
152683,"DINING SET 14 DARK GREY EMMA DTGJC240DCGJ834",2090,1,1,0,0,25-APR-026,SHADRACK,510
162289,"PEELER SS WWOODEN HANDLE MC73023 RJK",9.9,18,18,0,0,25-APR-026,OWUSU,370
162415,"WARDROBE WSLIDING DOOR STEEL YJH080D7",4390,1,1,0,0,25-APR-026,SHADRACK,514
169365,"WORD SEACH PUZZLE BOOK 80PAGES EB 11225",15.99,22,33,-11,-175.89,25-APR-026,JERUSHA,287
179850,"AKAI BLENDER WMILL 18L 500W BD076A87M",369,1,1,0,0,25-APR-026,PRINCE,222
180204,"RICE SPOON WWOOD LONG HANDLE PEAR AA1813",35,38,48,-10,-350,26-APR-026,PATIENCE,349
180213,"PRINCESS PREMIUM LEMON 400ML  4",24.49,5,1,4,97.96,25-APR-026,"BENEDICT ABBEY",37
17661,"EVERPACK SELECT  150SHEETS 36",12.99,16,11,5,64.95,26-APR-026,BISMARCK,29
187806,"SIMULATED PLANT PLASTIC 11M",299,2,2,0,0,26-APR-026,HAYFORD,462
186677,"FOOD STORAGE 4400ML PLASTIC RJK YH389A",44.9,24,24,0,0,26-APR-026,NIBOI,319
192007,"TCL CHEST FREEZER SD 145L SILVER F188CFSL",3349,1,1,0,0,25-APR-026,"JOSEPH PATRICK",205
200768,"FRYING PAN 16CM FALU ZHNBAROLY SJ16",139,8,8,0,0,25-APR-026,PHILEMON,360
198800,"DESERT SPOON 6PCS SET DESIGNER SSTEEL  24G YWU",49.9,13,13,0,0,25-APR-026,OWUSU,370
90333,"AKAI CEILING FAN 42 FOLDABLE WBT EF086A42BT",1989,1,1,0,0,25-APR-026,KWAFO,170
74864,"MEANNAN FINEST QUALITY  BANKU FLOUR 750G 12",23.99,13,10,3,71.97,25-APR-026,"FELIX BOADU",66
73657,"NASCO CHEST FREEZER SD 200L NAS210",3349,1,2,-1,-3349,25-APR-026,"JOSEPH PATRICK",205
65526,"TAMPICO CITRUS PUNCH 1L 6",15.49,12,22,-10,-154.9,26-APR-026,DANIEL,165
CL685,"ROYAL CASSEROLE PLASTIC 1000ML 22CMX19CMX12CM",24.9,7,4,3,74.7,25-APR-026,PATIENCE,345
08324,"ROYALTY COCKTAIL RASP RUBY SPARKLING WINE 750ML 12",47.49,13,13,0,0,25-APR-026,"EDDIE MENSAH",107
101840,"6PC KITCHEN NAPKIN SET 45X45CM COTTON ASSORTED",39.9,12,12,0,0,25-APR-026,GIFTY,491
109986,"SEARA CHICKEN SPICY SAUSAGE 340G 24",22.99,71,86,-15,-344.85,25-APR-026,EVELYN,140
120014,"NERDS ROPE VERY BERRY 09OZ  26G 24",19.99,142,286,-144,-2878.56,25-APR-026,"ABIGAIL YEVUGAH",158
116610,"BLING HANDWASH SHEA COCOA 500ML  12",15.49,6,18,-12,-185.88,25-APR-026,BISMARCK,43
139344,"CUCUMBERTFM PACK",14.99,11,11,0,0,25-APR-026,JIMOH,134
148014,"PAINTING GOLD TREE DESIGN 33X53CM",89,2,2,0,0,25-APR-026,GAD,472
140113,"CARPET MET FUR 160X230CM ASTD",379,3,5,-2,-758,25-APR-026,FRANCIS,523
150583,"GINO MAGIC PEPPE  ONION 10KG  12",38.99,11,19,-8,-311.92,26-APR-026,CHRIS,60
160055,"CANISTER SQUARE 15LT GLASS SSPD 143015500000",34.9,3,3,0,0,25-APR-026,SYLVIA,426
171276,"OFFICE CHAIR HIGH BACK MESH HT299AX",1199,1,2,-1,-1199,26-APR-026,FRANCIS,521
16830,"NIVEA CARING MOISTURING LOTION 250ML 1280201",62.99,12,12,0,0,25-APR-026,"BENEDICT ABBEY",37
183654,"WESTINGHOUSE WHISKY GLASSES WCGW0112",44.9,2,3,-1,-44.9,26-APR-026,SOMUAH,417
185297,"COLANDER WSIDE HANDLES BLACK 26CM XY2329",49.9,8,8,0,0,25-APR-026,"PAUL OWUSU",352
193341,"TUMBLER GLASS TRAZE PS DROCK 350ML 3P0366106G0001",199,6,6,0,0,25-APR-026,"STEPHEN ACQUAH",422
192695,"GIFT BAG 125X125X165 TXHZ1362766",40.99,5,5,0,0,25-APR-026,MARYLAND,301
191102,"FOGG FRAGRANCE BODY SPRAY  MAJESTIC  120ML 72",52.99,51,70,-19,-1006.81,25-APR-026,ELLA,33
200772,"SKYBAGS SUITCASE 8W STR E69 ASS COLOUR GENESIS",599,1,1,0,0,25-APR-026,MARYLAND,296
195600,"PRAN NOODLES LAMB FLAVOUR CUP 60G 24",17.99,12,13,-1,-17.99,25-APR-026,SOLOMON,75
31621,"GRANORO COUS COUS 6610 1000G 10",62.99,12,12,0,0,25-APR-026,SOLOMON,75
76012,"MYDIBEL SHOESTRING FRIES GRADE A 77  25KG  4",119.99,3,16,-13,-1559.87,25-APR-026,EVELYN,140
69595,"SKKY VODKA 1LTR  6",179.99,6,9,-3,-539.97,25-APR-026,MAHAMA,117
50948,"CIROC VODKA  1L  12",899.99,1,1,0,0,25-APR-026,MAHAMA,117
72669,"DEVA MULTI SURFACE CLEANER FLORAL 25LT  6",81.99,5,5,0,0,25-APR-026,"ADIATOR MOSES ",7
93757,"AKAI STEAM IRON 2200W EI040A259SI",325,1,1,0,0,25-APR-026,"KINGSLEY OP",220
03826,"BLUE BAND MARGARINE SPREAD 450G 24",25.99,20,36,-16,-415.84,26-APR-026,PRINCE,64
07979,"PEAK MILK POWDER TIN  400G 24",109.99,24,24,0,0,25-APR-026,"DAVID BRUNO",80
106991,"AQUALIS LUXURY BATH SOAP APRICOT 300G   24",17.99,25,25,0,0,25-APR-026,"ANANE KOJO",20
109790,"INDOMIE TASTY CHICKEN NOODLES 70G 44",5.49,152,288,-136,-746.64,25-APR-026,SOLOMON,76
125897,"LAV TUMBLER 6PCS SET LVTOK354F",99,2,11,-9,-891,25-APR-026,SOMUAH,415
128076,"SUITCASE POLY 57CM GREYBLUMARON STAPLE PLUS",849,1,1,0,0,25-APR-026,MARYLAND,298
121456,"OBA SUNFLOWER OIL 900 ML  12",47.99,20,72,-52,-2495.48,26-APR-026,BISMARCK,46
148818,"CAKE BOARD ROUND 2MM  35CM OWN USE",149,6,6,0,0,25-APR-026,"RANDY ALHASSAN",382
13991,"LELE CORNED BEEF 340G 12",51.99,29,29,0,0,26-APR-026,APPIAH,126
140112,"CARPET FUR 120X170CM ASTD",249,5,7,-2,-498,26-APR-026,FRANCIS,524
156807,"FILLED CUSHION PR 45X45CM ASTD",55,12,17,-5,-275,25-APR-026,"GIDEON GBLOGAH",508
171278,"OFFICE CHAIR HIGH BACK MESH BLUE HT501A",1349,1,1,0,0,26-APR-026,FRANCIS,521
170073,"JAR SPIN LOCK 730ML 108B 18721",12.9,6,14,-8,-103.2,25-APR-026,"NANA ADJEI ",327
167504,"BEVERAGE DISPENSER WRACK 57L 210996 RJK",129,1,2,-1,-129,25-APR-026,SOMUAH,415
180293,"WHISKEY GLASS 6PCS SET 0357CL6F1000608 10025457",79,8,8,0,0,25-APR-026,"STEPHEN ACQUAH",421
181609,"EGG BOX 12PCS PLASTIC 161021004",22.9,43,38,5,114.5,25-APR-026,PATIENCE,344
180781,"BLACK STONE WHISKEY 1L 12",109.99,12,29,-17,-1869.83,25-APR-026,MAHAMA,118
182041,"CASSEROLE MAJESTIC GLD DLX 4P 600100015002500ML",299,3,3,0,0,25-APR-026,"PAUL OWUSU ",350
178272,"ARTIFICIAL FLOWER 5BRANCH 5PCS 28CM",29.9,1,49,-48,-1435.2,26-APR-026,ESINAM,462
186942,"HAPPY BIRTHDAY CUP WPLATE SET 10PCS",5.9,16,17,-1,-5.9,25-APR-026,HADASSAH,268
192719,"GIFT WRAPPING PAPER 5X120CM",6.99,12,12,0,0,25-APR-026,HADASSAH,268
193507,"TUMBLER 6 PCS SET GIFT PACK LVTUA25F",89,4,4,0,0,25-APR-026,SOMUAH,416
193001,"COOKING TOOLS 5PCS SET NYLON ZHN DG142",24.9,21,21,0,0,25-APR-026,"NANA KOJO",367
191719,"MYBISCUIT DIGESTIVES WHOLEMEAL BISCUIT 600G 12",79.99,18,54,-36,-2879.64,25-APR-026,"EDDIE MENSAH",108
190928,"JAMAA DETERGENT POWDER 2KG 4",54.99,2,2,0,0,26-APR-026,"ARTHUR JONADAB",28
189076,"SAMSUNG LED TV 55 SAT SMT UHD UA55U8000FUXGH",10989,1,1,0,0,25-APR-026,WONDER,244
200463,"COOKING POT WLID 26CM FALU ZHNBLY 811201T26",299,1,2,-1,-299,25-APR-026,QUEENCILLA,376
41003,"WATER BOTTLE  PNP3343",9.9,23,23,0,0,26-APR-026,"MICHAEL DADZIE",310
21300,"FAULTLESS HEAVY SPRAY STARCH ORIGINAL  567G 12",58.99,12,12,0,0,26-APR-026,ABASS,3
88422,"DECORATION MARBLES 400G",12.9,22,21,1,12.9,26-APR-026,HAYFORD,461
73655,"NASCO CHEST FREEZER SD 145L NAS160",2699,1,1,0,0,25-APR-026,AKAYIRI,204
64390,"TIC TAC  STRAWBERRY MIX 102GM 60",6.99,7,19,-12,-83.88,26-APR-026,SHADRACK,158
49251,"DEVA DISHWASHING LIQUID SOAP LEMON 25L  6",73.99,4,4,0,0,26-APR-026,"ARTHUR JONADAB",28
72789,"MEANNAN GARI 1K 12",25.99,12,12,0,0,25-APR-026,"FELIX BOADU",66
CL635,"CONTAINERS FANCY WITH LID 600ML 18CMX11CMX5CM",5.9,17,16,1,5.9,25-APR-026,NIBOI,316
D677,"FAXE CAN BEER 10 500ML 24",22.99,48,48,0,0,26-APR-026,TITUS,21
95802,"AMALFI  SHAVING FOAM SPRAY 250ML  6",35.99,7,1,6,215.94,25-APR-026,"BOADI STEPHEN",53
103063,"DAY BY DAY SHOWER GEL MEN FRESH CLEAN 500ML  24",22.49,14,13,1,22.49,25-APR-026,"ANANE KOJO",21
106822,"SHINE TOILET PAPER PREMIUM 10PCS  1",48.99,0,11,-11,-538.89,25-APR-026,BISMARCK,43
141401,"TONG SPAGHETTI ROUND END 8  19003K",12.9,6,13,-7,-90.3,25-APR-026,OWUSU,368
163638,"KISS APPLE SPARKLING DRINK 750ML  6",42.99,9,9,0,0,25-APR-026,"EDDIE MENSAH",107
168118,"FILLED CUSHION P EMBD 45X45CMGEOMETRY1 DC257",139,1,3,-2,-278,25-APR-026,GLADYS,504
168380,"MUG W2MM GOLD RIM FAM54C2013F RJK",9.9,18,19,-1,-9.9,25-APR-026,ROBIN,392
179638,"CARPET 140X200CM GREY RUST PL WITF0144140X200",769,1,1,0,0,26-APR-026,GAD,474
186949,"BIRTHDAY PLATES MIX DESIGN 20PCS SET HAPPY",29.9,15,15,0,0,25-APR-026,HADASSAH,268
186686,"RAINBOW CONTAINER 5PC SET SQUAR PLASTIC RJK 21655",59,9,12,-3,-177,25-APR-026,"NANA ADJEI",331
190878,"DZIRE CEILING FAN 56 SMOKE BROWN CF 56 BDEC HJET",549,1,2,-1,-549,25-APR-026,"JOSEPH PATRICK",208
188987,"GARLAND 9CMX2M",10.9,19,19,0,0,25-APR-026,DANIEL,XMAS
36402,"KALYON ALL PURPOSE CLEANER SECRET GARDEN 1L 12",24.49,7,7,0,0,25-APR-026,"ADIATOR MOSES ",7
89802,"JIK BLEACH ORIGINAL 950ML   12",31.99,13,13,0,0,26-APR-026,"GIDEON GBLOGAH",12
61862,"MASTERCHEF VACUUM FLAS 10L MCF9001",119,4,4,0,0,26-APR-026,"MICHAEL BOYE",307
99720,"SOLDIER MENTHOLATED POWDER 80G   6",9.99,6,6,0,0,26-APR-026,LESTER,50
98505,"AMALFI BODY MILK COCONUT 500ML  15",28.99,8,8,0,0,25-APR-026,"BENEDICT ABBEY",37
91547,"DETTOL SOAP EVEN TONE  105GG  72",14.49,74,148,-74,-1072.26,26-APR-026,ALVIN,18
92255,"KLEESOFT PERFUMED WASHING POWDER 420G   12",15.99,3,15,-12,-191.88,26-APR-026,ALVIN,17
103773,"GIVERS ROZONE 1L  20",17.49,23,23,0,0,26-APR-026,"GIDEON GBLOGAH",12
103378,"AMALFI HAIR DYE LIGHT BROWN 500  12",54.99,12,13,-1,-54.99,25-APR-026,NTUMY,163
105738,"EASY COOK FRYPAN 28CM  FRC B5540602 B2990683",249,5,5,0,0,25-APR-026,PHILEMON,358
107980,"ONE YOGO STRAWBERRY WHEAT YOGHURT 330ML 12",20.99,15,12,3,62.97,25-APR-026,EMMANUEL,133
112573,"BATHMAT COTTON 40X60CM GREEN ASSORTED",49.9,14,-1,15,748.5,26-APR-026,"STEPHEN ACQUAH",424
115046,"HERO NATURAL HONEY 365G 12",79.99,5,5,0,0,26-APR-026,"PAUL OWUSU",63
127446,"TEFAL STEAM IRON 1200W FV1941M0",399,4,4,0,0,25-APR-026,"KINGSLEY OP",218
127755,"PAPER BOX CAKE DOUBLE TIER 12 335X335X28CM YWU",39.9,10,13,-3,-119.7,25-APR-026,"RANDY ALHASSAN",385
137264,"TOREN  WAFERS CARRE MILK CREAM WAFER 125G 24",22.99,21,21,0,0,25-APR-026,"EDDIE MENSAH",108
148516,"ARTIFICIAL FLOWER 70CM MIX COLOR",12.9,37,36,1,12.9,26-APR-026,ESINAM,461
155589,"ROSALINDA TUNA CHUNKS 160G  24",23.99,36,37,-1,-23.99,26-APR-026,"EMMANUEL MENSAH",124
163196,"AMALFI HAND SOAP APPLE 500ML 12",22.99,7,7,0,0,25-APR-026,BISMARCK,43
167957,"CHRISTMAS ORNAMENT 16PCS 5CM",45.9,12,12,0,0,25-APR-026,DANIEL,XMAS
180290,"BEER GLASS 3PCS PILSNER 0055CL3F1000316 10025074",58.6,1,14,-13,-761.8,25-APR-026,"STEPHEN ACQUAH",420
179994,"CURTAIN YD PL GROMT GOLD 54X90 24EHM005",179,15,15,0,0,25-APR-026,GLADYS,502
185428,"CURTAIN BKT GROM GOLD 2P 54X90 02PA7214B",199,6,6,0,0,25-APR-026,ESINAM,486
186040,"GLASS JUG WCUP 7PCS SET 1800210ML 19137DDE RJK",149,1,4,-3,-447,25-APR-026,SYLVIA,425
194682,"CERAMIC MUG WGOLD LID RB031",24.9,23,24,-1,-24.9,25-APR-026,SYLVIA,426
189665,"RUG 50X80CM CT ASSORTED MYQ91904",32.9,15,17,-2,-65.8,26-APR-026,VINOLIA,444
191095,"OSSUM FRAGRANCE BODY SPRAY APPEAL 120ML 72",69.99,44,65,-21,-1469.79,25-APR-026,ELLA,33
35252,"HERO MIXED FRUITS JAM 350G 12",46.99,10,10,0,0,26-APR-026,GIFTY,63
80285,"AKAI GAS STOVE 3B INFRARED GC033A8536",749,1,8,-7,-5243,26-APR-026,AKAYIRI,207
89270,"TRAY 38X24CM BLACK PLASTIC JB08 YWU",19.9,15,15,0,0,26-APR-026,NASHINA,337
67430,"GINO TOMATO PASTE  PILLOW PACK 380G  24",16.99,48,26,22,373.78,26-APR-026,EMMANUEL,127
X554,"SAVANNA DRY CIDER  330ML 24",24.99,8,83,-75,-1874.25,25-APR-026,APPIAH,109
93665,"BLUE SKIES MANGO  PASSION  ICE CREAM 125ML 12",16.99,4,4,0,0,25-APR-026,EMMANUEL,135
90876,"LION DADDY ORIGINAL DARK RUM ACL 428 750ML 12",64.99,11,11,0,0,25-APR-026,MAHAMA,115
03459,"DOVE MENCARE DEO SPRAY SPORT 250ML 24",44.99,14,14,0,0,25-APR-026,ELLA,34
109853,"LOVELY BOARD BOOK",14.99,25,35,-10,-149.9,25-APR-026,JERUSHA,287
111394,"LEVEL ACTIVITY BOOK 4 W5TITLES ED787",24.9,5,34,-29,-722.1,26-APR-026,HERBERT,283
127545,"MOKATE MILK SHAKE CHOCOLATE 500G  6",79.99,2,2,0,0,25-APR-026,AKORFA,59
127680,"GEISHA BLACK SOAP 180G  36",17.99,153,164,-11,-197.89,26-APR-026,"ANANE KOJO",20
139257,"GODREJ SAFE WELEC LOCK 660X495X432MM FS 651EL",10999,-1,1,-2,-21998,26-APR-026,WOMDERT,252
154899,"WATER BOTTLE INSULATED PP 600 PURO STRIKER",32.9,3,3,0,0,26-APR-026,GILBERT,313
149435,"WESTINGHOUSE GLASS STORAGE SET 3P RECT WCFC003506A",99,2,3,-1,-99,26-APR-026,SOMUAH,431
158856,"OFFICE TABLE STEEL LEG 160X160X75CM BIF850216M",3290,1,1,0,0,25-APR-026,FRANCIS,527
171576,"THE ALCHEMIST",79,1,1,0,0,26-APR-026,"JERUSHA ",288
167395,"DINNER PLATE 105 WBC105 RJK",14.9,20,20,0,0,25-APR-026,SOMUAH,412
178099,"ARTIFICIAL FLOWER 5 BRANCH 30CM",24.9,0,60,-60,-1494,26-APR-026,HAYFORD,162
18778,"BESTONE SWEET CORN 326G 12",43.99,5,5,0,0,26-APR-026,GLADYS,71
192738,"CURTAIN SHEER BEIGE 54X90 PL Y2151",99,5,10,-5,-495,25-APR-026,ESINAM,484
194962,"LADLE SLOTTED SPOON SILICONE ZHN HR22PC20DS",8.9,28,28,0,0,25-APR-026,PATIENCE,347
36776,"FLORA POCKET TISSUE 1X6X50",8.29,50,50,0,0,26-APR-026,NTUMY,162
42938,"KOTEX MAXI SANITARY PAD NORMAL18",81.99,11,8,3,245.97,26-APR-026,"BOADI STEPHEN",51
31227,"CONDOR PEAK RED DRY WINE 750ML 12",79.99,6,12,-6,-479.94,25-APR-026,APPIAH,112
75021,"UNOLI HUILE SUNFLOWER OIL 5L  3",259.99,3,3,0,0,26-APR-026,"RANDY ALHASSAN",47
85497,"BANETTI SHELLS  500G  20",14.99,27,29,-2,-29.98,25-APR-026,SOLOMON,75
49201,"DEVA SOFTENER FLORAL 25L  6",111.99,2,2,0,0,25-APR-026,ALVIN,15
60512,"OBA CLASSIC SPAGHETTI 400G  20",9.99,37,40,-3,-29.97,25-APR-026,SOLOMON,74
66918,"PINHO BRIL WILD PINE PLUS DISINFECTANT  500ML  12",21.99,6,19,-13,-285.87,25-APR-026,"ADIATOR MOSES ",8
69353,"MYSTIC ORCHARD AUTO REFILL  CASHMERE  48",39.99,2,2,0,0,26-APR-026,ABASS,3
99915,"WINDOW SHADE YE3 180X200 SILVER",549,2,2,0,0,25-APR-026,"GERALD SACK ",479
X693,"HEINZ BAKED BEANS 200G 48",13.99,72,118,-46,-643.54,26-APR-026,GIDEON,71
103112,"KLEANZ BODY WASH STRAWBERRY 750ML  20",31.49,3,5,-2,-62.98,25-APR-026,"ANANE KOJO",22
103113,"KLEANZ BODY WASH VANILLA 750ML  20",31.49,5,6,-1,-31.49,25-APR-026,"ANANE KOJO",22
103500,"AMALFI SHOWER GEL MINERAL SUPREME 750ML  16",29.99,11,11,0,0,25-APR-026,"ANANE KOJO",21
107897,"ELTRUT VEGETABLES SPRING ROLL 8PCS 380G 1",50.99,16,15,1,50.99,25-APR-026,EVELYN,141
120302,"MARILAN CREAM CRACKERS 350G  27",20.49,36,35,1,20.49,26-APR-026,"KINGSLEY OP",94
115289,"LED CEILING LAMP 36WX2 400MM PINKGLDBLUWHT",279,1,1,0,0,25-APR-026,KWAFO,166
133984,"WATER BOTTLE 500ML KL11484",45,7,8,-1,-45,26-APR-026,GILBERT,313
133382,"PARLE SIMPLY GOOD CRACKER ORIGINAL 24G  72",1.09,20,34,-14,-15.26,25-APR-026,DERRICK,96
133055,"NUTZY PEANUT BUTTER EXTRA CRUNCHY 510G  12",45.49,6,6,0,0,26-APR-026,"FELIX BOADU",65
145808,"BELPAK ECO TROLL 10 ROLLS     6",33.49,4,1,3,100.47,25-APR-026,BISMARCK,44
151535,"GALAXY  CONCEPT MIST SECRET LOVE 250ML 12",45.99,2,2,0,0,26-APR-026,ELLA,35
159480,"PLUSH TOY FROG 60CM",129,2,2,0,0,25-APR-026,HANNAH,276
162312,"APPLE CORER SS WWOODEN HANDLE MC73059 RJK",9.9,14,14,0,0,25-APR-026,OWUSU,370
161515,"CURTAIN FOILED 54X90 PURPLE",139,10,10,0,0,25-APR-026,GILBERT,500
162592,"ANKLE SUPPORTER 28076",99,3,3,0,0,26-APR-026,CHARLES,466
169963,"SANTAY SHITO HOT CHILLI SAUCE 290G  6",57.99,17,8,9,521.91,26-APR-026,"PAUL OWUSU",63
168082,"FILLED CUSHION P EMBD 30X50CMCIRCLE DC252",119,13,16,-3,-357,25-APR-026,GLADYS,504
170294,"KALYON DRAIN OPENER GEL 1L 12",49.99,12,23,-11,-549.89,26-APR-026,TITUS,21
170294,"KALYON DRAIN OPENER GEL 1L 12",49.99,11,23,-12,-599.88,25-APR-026,"ADIATOR MOSES ",8
193411,"MEDITATIONS DELUXE HARDBOUND EDITION",75,3,3,0,0,26-APR-026,"JERUSHA ",288
191732,"SAMSUNG GALAXY MOBILE A07 6GB 128GB",2039,1,2,-1,-2039,25-APR-026,NYARKO,178
191071,"FOGG DEO ROLL ON ULTIMATE 50ML 48",20.99,31,34,-3,-62.97,26-APR-026,ELLA,35
190498,"BORDER PRINT BATHMAT WLATEX ASSORTED 40X60CM",25.9,39,65,-26,-673.4,25-APR-026,"SAMUEL ADDO",399
76714,"LORENZ POMSTICKS PAPRIKA CHIPS 85G  14",29.99,11,11,0,0,25-APR-026,"EMMANUEL MENSAH",121
85602,"DISH CLOTH 2 PCS SET DC 599",19.9,15,16,-1,-19.9,25-APR-026,GIFTY,491
55686,"FLORA TOILET ROLL 1X24   2",95.99,2,5,-3,-287.97,26-APR-026,"COLLINS HAMMOND",30
N485,"MENTOS ICE GUM PEPPERMINT 114G  288",9.49,169,175,-6,-56.94,25-APR-026,ABIGAIL,155
D807,"BINE  BLEACH 25L  6",28.99,8,8,0,0,26-APR-026,"GIDEON GBLOGAH",12
X195,"MCVITIES RICH TEA BISCUITS 300G 20",40.99,18,18,0,0,25-APR-026,DORIS,97
97665,"MJS MAYONNAISE ORIGINAL 946ML 32OZ  12",62.99,22,22,0,0,25-APR-026,SOLOMON,73
107583,"RIGHT GUARD DEO SPRAY TOTAL DEFENCE ACTIVE 250ML 6",38.99,2,2,0,0,25-APR-026,ELLA,34
107640,"JUVER  100  APPLE MANZANA JUICE 1L 12",45.99,2,15,-13,-597.87,25-APR-026,EMMANUEL,135
125199,"TOLSEN TOOLS 95PCS SET  79685",1099,1,1,0,0,25-APR-026,RICHMOND,253
128941,"TAPE CLEAR 48MMX45Y 1X6 264932",65,24,4,20,1300,26-APR-026,"MICHAEL DADZIE",295
121336,"VARTA BATTERY LITHIUM CR2 BLISTER 1",77,8,8,0,0,25-APR-026,NTUMY,161
141774,"JAGERMEISTER 700ML 6",319.99,5,5,0,0,25-APR-026,MAHAMA,115
157600,"COOL BREEZE AIR FRESHENER FRESH LEMON 300ML  24",25.99,16,30,-14,-363.86,25-APR-026,ABASS,2
158101,"BASKET PERFORATED 5800ML 29X19X10CM PP63900",16.9,20,20,0,0,25-APR-026,OTHNIEL,341
182223,"FABER CASTELL TRIFLOW BALL PEN MULTICOL 1MM 340810",20.9,1,2,-1,-20.9,26-APR-026,MARIAM,292
178273,"ARTIFICIAL FLOWER 7BRANCH 7PCS 30CM",29.9,19,51,-32,-956.8,25-APR-026,ESINAM,461
186975,"HAPPY BIRTHDAY BALLOONS 21PCS SET",49.9,14,14,0,0,26-APR-026,HADASSAH,269
185787,"MCVITIES CHOCO CHIPS 135G  24",48.99,7,8,-1,-48.99,25-APR-026,DERRICK,96
192562,"GIFT BAG 26X32X10 9102",10.99,12,16,-4,-43.96,25-APR-026,MARYLAND,301
194930,"COOKING BRUSH SILICONE ZHN HR55",9.9,9,9,0,0,25-APR-026,PATIENCE,348
19637,"NESCAFE COFFEE GOLD BLEND 95G  6",114.99,6,6,0,0,25-APR-026,AKORFA,59
197854,"HEADPHONES BLUETOOTH DISNEY MOANA 2 DY9955MO2",169,2,3,-1,-169,25-APR-026,NYARKO,178
197854,"HEADPHONES BLUETOOTH DISNEY MOANA 2 DY9955MO2",169,1,3,-2,-338,25-APR-026,NYARKO,177
35646,"PRAN FROOTO MANGO JUICE 1000 ML 12",24.99,11,23,-12,-299.88,25-APR-026,DORIS,99
205680,"UNCLE T GINGER BREW JUICE BOTTLE 355ML 24",37.99,18,23,-5,-189.95,26-APR-026,DELIGHT,88
67028,"SALAMATU SPECIAL BRUKINA 500ML 20",17.99,4,4,0,0,25-APR-026,EMMANUEL,133
63994,"NIVEA SHOWER CREAM CREME SOFT 500ML  12",149.99,18,44,-26,-3899.74,26-APR-026,"ANANE KOJO",20
115949,"BINE ANTIBACTERIAL SOAP 500ML 20",15.99,2,16,-14,-223.86,25-APR-026,ALVIN,13
123422,"A4 DOCUMENT FRAME 21X297CM 23COLORS MIX PLASTIC",25.9,3,3,0,0,25-APR-026,HAYFORD,457
135005,"WALL LIGHT BLACK WWHITE 2021BK",219,1,1,0,0,25-APR-026,KWAFO,172
138575,"DOVE BAR SOAP SHEA BUTTER 90G  48",16.99,21,60,-39,-662.61,26-APR-026,ALVIN,18
131633,"CAKE FONDANT CUTTER 3PCS SET A8102",1.9,96,48,48,91.2,25-APR-026,"ALHASSAN RANDY",384
156438,"GASTONE LAGO MINI PARTY WAFER VANILLA 125G  12",28.99,11,11,0,0,26-APR-026,MAHAMA,119
156705,"LALDE SOUP SSTEEL YWU",29.9,17,17,0,0,25-APR-026,OWUSU,369
149112,"HUGGABLE RAG DOLL PURPREDYELOWMAGNTALPIK 50CM",79,2,2,0,0,25-APR-026,HANNAH,276
162527,"ABOVE DEO SPRAY CLASSIC LADY 150ML 24",36.99,16,16,0,0,25-APR-026,"FELIX BOADU",153
166737,"PRESCHOOL PICTURE BOOK SERIES",8.9,2,96,-94,-836.6,26-APR-026,HERBERT,283
167822,"LADLE SERVING BAMBOO YWU",19.9,10,10,0,0,25-APR-026,"NANA KOJO",367
180102,"DOVE BAR SOAP 90G PINK 48",16.99,27,-1,28,475.72,26-APR-026,ALVIN,18
180240,"SOLDIER MENTHOLATED BAR SOAP 125G  36",12.99,8,26,-18,-233.82,26-APR-026,NIBOI,18
178206,"PARTY CUP  PLATE 30PCS SET 7",34.9,13,12,1,34.9,25-APR-026,HADASSAH,268
186184,"DECORATIVE PAINTING 308X236X204CM WN250810",39.9,9,9,0,0,25-APR-026,HAYFORD,458
184513,"SERVING TRAY MELAMINE 10 INCHES ZHN T7025",9.9,37,37,0,0,25-APR-026,BLESSING,407
190560,"PEG BOARD 56X56CM HIPSPGB5656",79,25,30,-5,-395,25-APR-026,DANIEL,XMAS
21856,"SERVING BOWL MELAMINE 9 INCHES ZHN F0089",19.9,28,58,-30,-597,25-APR-026,REGINA,387
33883,"SMA TODDLER MILK 400G 12",156.99,17,9,8,1255.92,26-APR-026,"EMMANUEL MENSAH",124
204924,"CERAMIC BOWL 8INCH SOLID WHITE QW015",16.9,6,7,-1,-16.9,26-APR-026,BLESSING,409
57746,"FANTA ORANGE PET 1L  4",15.99,4,41,-37,-591.63,25-APR-026,EMMANUEL,135
64842,"FACEPOP  BUBBLE GUM WHISTLE POP  450G   20",48.99,5,4,1,48.99,26-APR-026,"EDDIE MENSAH",90
64857,"MEL RECHEADA HONEY FILLED HARD CANDY 100G  36",13.99,23,23,0,0,26-APR-026,"EDDIE MENSAH",90
71823,"COOL BREEZE HANGING AIR FRESHNER CRANBERRY 11ML 24",18.99,26,57,-31,-588.69,26-APR-026,ABASS,3
64004,"NIVEA DEO ROLL ON FRESH NATURAL 50ML  30",37.99,63,87,-24,-911.76,26-APR-026,ELLA,36
CL583,"CRUNCHY MUNCHY KID PACK NEW 14CMX7CM",3.9,18,13,5,19.5,25-APR-026,"MICHAEL BOYE",306
D312,"COKE PET 15L 6",23.99,2,132,-130,-3118.7,25-APR-026,DELIGHT,86
92256,"KLEESOFT PERFUMED WASHING POWDER 850G   10",29.99,10,18,-8,-239.92,26-APR-026,TITUS,21
08502,"PASCUAL YOGHURT TC STRAWBERRIES 125GX4  6",65.99,8,9,-1,-65.99,25-APR-026,CHRIS,61
107627,"JUVER DISFRUTA 10 FRUITS  10 VITAMINS  JUICE 2L 6",61.99,5,5,0,0,25-APR-026,KWAFO,103
110109,"HORNBILL PURE  COCONUT OIL 1L 12",112.99,22,22,0,0,26-APR-026,"NANA ADJEI",48
125276,"AIRPRO MINI CLIP AREFRSHNER VIOLET BLAST 25ML 6",20.49,16,22,-6,-122.94,26-APR-026,ABASS,3
126663,"QUERAY HAND SOAP  BABY  KIDS 500ML 12",36.99,9,9,0,0,25-APR-026,BISMARCK,43
122206,"GREENWORLD BAMBU AFRESHNER  ORIENTAL  100ML 12",82.99,13,15,-2,-165.98,26-APR-026,ABASS,4
147876,"SWIZZELS REFRESHERS STICK PACK 43G  36",8.99,38,40,-2,-17.98,25-APR-026,ABIGAIL,155
148387,"CLOTHES DRYER IRON 135831 RJK",299,4,4,0,0,25-APR-026,FRANCIS,527
155622,"DINNER PLATE MELAMINE 10 INCHES FEILU 6710",14.9,9,41,-32,-476.8,25-APR-026,REGINA,389
174344,"AIRPRO MICMAN STARTER WILD NORTH  6",84.99,1,1,0,0,26-APR-026,ABASS,3
175025,"BEAUTIFUL PLAY SET 3 25X6CM TY 1147",20.99,1,1,0,0,25-APR-026,HERBERT,278
175384,"MUNCHEE MORNING DELIGHT CHOCOLATE BISCUIT 26G  72",1.39,46,70,-24,-33.36,25-APR-026,DERRICK,96
172705,"SAIRO HAND SOAP ALOE VERA  500ML  12",29.49,10,22,-12,-353.88,25-APR-026,BISMARCK,43
166984,"KING ARTHUR  THE KNIGHTS OF THE ROUND TABLE",20.9,4,6,-2,-41.8,26-APR-026,HERBERT,282
168223,"BEDSHEET SET DOB MICRO PEACH 3P 90GSM 03BT0938PF",79,16,23,-7,-553,26-APR-026,GAD,474
177853,"TCL LED TV 75 SAT SMART ANDROID 4K 75P755",17949,1,1,0,0,25-APR-026,LESTER,250
186839,"SPIRAL CHART ALL IN ONE",30.9,19,44,-25,-772.5,26-APR-026,MARIAM,293
200299,"HH SEASONING GOAT 12X50 10G  50",15.99,7,39,-32,-511.68,26-APR-026,BISMARCK,45
196854,"MYBISCUIT DIGESTIVES MALTED BISCUIT 250G 24",30.99,14,14,0,0,25-APR-026,DORIS,97
58699,"FLORA TABLE NAPKIN ASSORTED COLOURS 1X100X15  15",6.99,15,29,-14,-97.86,25-APR-026,TITUS,21
50387,"CLE FABRIC SOFTENER 500ML  12",13.49,14,14,0,0,25-APR-026,ALVIN,15
63989,"GILLETTE BLUE3 SHAVING STICK 3BLADES   12",52.99,11,17,-6,-317.94,26-APR-026,AKORFA,55
CL768,"CRISPER CONTAINER RND 700ML 12CMX10CM",4.9,10,11,-1,-4.9,25-APR-026,NASHIBA,334
D571,"GUINNESS STOUT ALC BOTTLE 330ML 24",17.89,24,285,-261,-4669.29,25-APR-026,EMMANUEL,135
90638,"CURTAIN ROD EXTANDABLE SIZE 210300 11062300DG",95,1,4,-3,-285,26-APR-026,GAD,474
04815,"ORKIDE SUNFLOWER OIL 1L 12",67.99,23,24,-1,-67.99,26-APR-026,"RANDY ALHASSAN",47
107642,"JUVER  100  PINEAPPLE PINA JUICE 1L 12",39.99,12,14,-2,-79.98,25-APR-026,DORIS,102
114769,"FANICE VANILLA  CHOCOLATE DOUBLE TREAT 2L 1",82.99,3,3,0,0,25-APR-026,EMMANUEL,135
128803,"COLORING MARKER 3YRS LUXOR 6PCS 61016WALLET",8.9,26,2,24,213.6,26-APR-026,MARIAM,292
122003,"DOLAIT PINA COLADA  DRINKING YOGURT 200ML 10",9.99,1,7,-6,-59.94,25-APR-026,DANIEL,XMAS
149802,"KIDS GUITAR CARTON AK514293",149,1,1,0,0,25-APR-026,HANNAH,272
151237,"INGENIO SALAD TONG K2060614",79,8,8,0,0,25-APR-026,PHILEMON,358
159772,"MUNCHEE CHOCOLATE CHIP COOKIES BISCUITS 100G  48",8.99,32,70,-38,-341.62,26-APR-026,"KINGSLEY OP",94
175090,"WALL SHELF S3 HEXAGON MDF35X302X9CMWHITE 632088B",159,1,1,0,0,25-APR-026,GAD,472
167396,"DINNER PLATE 10INCHES CERAMIC EMBOSSED WBCE105 RJK",16.9,23,23,0,0,26-APR-026,BLESSING,410
168609,"FABER CASTELL OIL PASTEL 12PCS BLCK EDITION 123412",49,4,4,0,0,26-APR-026,MARIAM,292
183406,"LUCKY STAR PILCHARDS IN CHILLI SAUCE 155G  24",10.99,12,1,11,120.89,26-APR-026,"EMMANUEL MENSAH",124
190021,"AKAI LED LIGHT  RECHARGEABLE 30SMD LS031A823",99,16,16,0,0,25-APR-026,NYARKO,178
202591,"MIND SNACKS GRANOLA CHOCANOLA 200G  20",50.99,16,16,0,0,25-APR-026,"KINGSLEY OP",91
101409,"SHOE RACK FOLDABLE 5LAYER SS 56X21X91CM Z5 RJK",199,1,4,-3,-597,25-APR-026,FRANCIS,523
118366,"JACK DANIEL WHISKY BOUBON SINGLE BARREL 700ML  6",899.99,2,2,0,0,25-APR-026,EMMANUEL,129
128770,"MARKER WHITEBOARD 120 12YRS LUXOR 4PCS 36404BC",16.9,6,6,0,0,26-APR-026,GILBERT,294
126094,"HAPPY FULL WORM 70G  48",9.99,29,29,0,0,26-APR-026,"ABIGAIL YEVUGAH",158
127408,"SUPER COOK SAUCEPAN LID 18CM CHN B4592384 B1433084",239,1,1,0,0,25-APR-026,QUEENCILLA,375
125765,"TUMBLER VIGNE GLASS 3PCS SET 310ML DXB P1160",39.9,5,5,0,0,25-APR-026,"STEPHEN ACQUAH",420
121331,"VARTA BATTERY LITHIUM CR2016 BLISTER 1",30,9,9,0,0,25-APR-026,NTUMY,161
154736,"DOVE B  F  HAIR WASH MEN EXTRA FRESH 400ML 12",64.99,1,1,0,0,25-APR-026,"ANANE KOJO",22
150329,"CURTAIN W8 GROMENTS GOLD 54X90 JQ021",129,1,1,0,0,25-APR-026,ESINAM,483
149451,"LAV TUMBLER 3PCS SET LVVLR354A",39.9,24,24,0,0,25-APR-026,SOMUAH,415
164409,"WATER BOTTLE INSULATED 06 KOOL RIO",29.9,3,1,2,59.8,26-APR-026,GILBERT,313
161033,"CHANDELIER GOLD CRYSTAL 6067400",1299,1,2,-1,-1299,25-APR-026,KWAFO,167
162554,"DECAKILA AC SPLIT 15HP R410A KECD021W",4989,1,1,0,0,25-APR-026,"KINGSLEY OP",212
179008,"TOY RAINBOW SPRING TOY OPP YW",7.99,16,12,4,31.96,25-APR-026,JUSTICE,270
178108,"CURTAIN TIE BACK 2PCS SET 6COLOR MIX",47.9,6,66,-60,-2874,25-APR-026,FRANCIS,523
178378,"WISDOMS REFINED TABLE SALT 400G  50",5.49,37,34,3,16.47,26-APR-026,JUSTICE,49
187024,"RAINBOW CONTAINER 4PCS SET SQ PLASTIC  RY17890 YWU",55,5,5,0,0,25-APR-026,"NANA ADJEI",329
186160,"CARPET FELT BROWN 2X15M RMB01",189,13,13,0,0,26-APR-026,GAD,474
192564,"GIFT BAG 18X23X10 9104",7.99,15,15,0,0,25-APR-026,"MICHAEL BOYE",302
191061,"REALMAN DEO ROLL ON PURE AQUA 50ML 48",20.99,19,32,-13,-272.87,26-APR-026,WONDER,36
198905,"CUTLERY TRAY 7PCS SET PLASTIC CN250717A YWU",79,9,30,-21,-1659,26-APR-026,OTHNIEL,340
75656,"GEURTS BLACK CURRANT JAM 450G  12",46.99,11,12,-1,-46.99,26-APR-026,GIFTY,63
68507,"LEEMEX YAM FUFU FLOUR 700G 24",63.99,9,9,0,0,25-APR-026,"FELIX BOADU",66
92162,"SEARA FULL CHICKEN GRILLER 13KG  10",69.99,41,49,-8,-559.92,25-APR-026,NYARKO,182
97926,"JAMAA CLASSIC LAUNDRY BAR SOAP 200G   24",6.79,30,20,10,67.9,25-APR-026,"ANANE KOJO",19
107641,"JUVER 100  ORANGE NARANJA JUICE  1L 12",35.49,21,21,0,0,25-APR-026,DORIS,102
117281,"8PM WHISKY 375ML 24",23.99,3,8,-5,-119.95,25-APR-026,EMMANUEL,129
112543,"SLOTTED LADLE S SSNYLON LX165599B YWU",9.9,6,35,-29,-287.1,25-APR-026,PHILEMON,360
113316,"BENNY CREVETTE  SEASONING 17G 42",1.99,5,9,-4,-7.96,25-APR-026,GIDEON,67
111385,"CUSHION 42X42CM 220GSM POLYESTER SC10134",89,1,1,0,0,25-APR-026,SHADRACK,509
124936,"DARINA ORANGE 750G  20",64.99,13,13,0,0,26-APR-026,KWAFO,83
138607,"GOFRET WATER COCONUT 33G  24 X 6  144",6.49,24,155,-131,-850.19,26-APR-026,GIFTY,89
134451,"SIMBA PATE WITH TUNA CAT FOOD 100GM 32",23.49,4,5,-1,-23.49,25-APR-026,ABASS,1
148171,"SOFA RECLINER PU WSWIVELROCKER GREEN 2026",7190,1,1,0,0,25-APR-026,SHADRACK,517
147576,"MOMEASY BABY GROOMING KIT 45623",199,7,7,0,0,26-APR-026,WISE,40
144506,"MUG 350ML CERAMIC SOLID COLOUR 8277 YWU",12.9,21,20,1,12.9,25-APR-026,ROBIN,392
157455,"WALL CLOCK 16 408X408X7CM INF6701",129,4,5,-1,-129,25-APR-026,"GAD ",471
176034,"BROOM WSTICK VENUS GBB18",34.9,5,15,-10,-349,25-APR-026,WISE,448
194670,"INERTIA OFFROAD 4X4 CAR MKR200816 HCL O51033",99,1,1,0,0,25-APR-026,HERBERT,281
188753,"CARLTON TROLLEYCASE WWHEEL 8W ENFIELD MD",599,1,1,0,0,25-APR-026,MARYLAND,297
40610,"NOVA STRAWBERRY DISHWASHING LIQUID 5KG  4",115.99,1,1,0,0,26-APR-026,"ARTHUR JONADAB",28
205570,"SIGMA LED TV 43 SAT SMART STVK43V6S",3099,1,2,-1,-3099,25-APR-026,LESTER,250
206601,"AER POWER POCKET LEMON DELIGHT 120",11.49,61,115,-54,-620.46,26-APR-026,ABASS,3
64845,"DISQUETI BOMBOM VICE VERSA CHOCO LENTILS 4X16X60G",21.99,1,29,-28,-615.72,25-APR-026,DANIEL,XMAS
70425,"MEGA CLEAR WASHROOM MAINTENANCE CLEANER 1L 12",32.99,19,19,0,0,25-APR-026,"ADIATOR MOSES ",8
71878,"SERVING BOWL MELAMINE 10 INCHES ZHN F00710",22.9,60,60,0,0,26-APR-026,BLESSING,409
72072,"FA ROLL ON BRIGHTENING  CARE 50ML   24",23.99,15,16,-1,-23.99,26-APR-026,WONDER,36
90463,"EL OLIVERAL SUNFLOWER  OLIVE OIL 500ML 12",99.99,21,21,0,0,26-APR-026,"NANA ADJEI",48
93778,"KENWOOD KETTLE 17L 2200W SS SIL ZJM01A0BK",599,4,6,-2,-1198,25-APR-026,LESTER,249
99646,"PRINCESS ROLL ON JASMINE 50ML  48",9.99,6,37,-31,-309.69,26-APR-026,"PAUL OWUSU",38
109732,"SIEVE RIM 200X200X70MM SS SSV010 RJK",159,2,3,-1,-159,25-APR-026,"PAUL OWUSU",351
110884,"NATURAL FIELDS PURE HONEY 350G 12",31.99,12,13,-1,-31.99,26-APR-026,"PAUL OWUSU",64
155958,"YUMS SLICED MUSHROOM 400G  24",24.99,17,22,-5,-124.95,26-APR-026,GIDEON,71
152133,"FILE PAPER WELASTIC BAND ABB",5.9,4,4,0,0,25-APR-026,MARIAM,290
163408,"ICE QUEEN FLORENCE STRAWBERRY 1200ML 6",89.99,11,11,0,0,26-APR-026,EMMANUEL,135
165129,"BELPAK SUPER KITCHEN TOWEL  6",34.99,6,1,5,174.95,26-APR-026,TITUS,21
159549,"COMFORT FABRIC CONDITIONER31W SUNSHINY DAYS 930ML8",47.99,2,4,-2,-95.98,26-APR-026,ALVIN,16
160710,"FRYING PAN ALU 25MM 24X45 EH9092H",129,1,1,0,0,25-APR-026,REGINA,387
160119,"DALGETY PURE GREEN TEA40G  36",51.99,9,22,-13,-675.87,25-APR-026,AKORFA,58
167297,"GARLAND 2MX5CM",13.9,4,4,0,0,25-APR-026,DANIEL,XMAS
167402,"BOWL 8INCHES CERAMIC EMBOSSED WHITE  EBC85 RJK",29.9,18,18,0,0,25-APR-026,BLESSING,407
184356,"COCKTAIL SHAKER 750ML SS 60240117",44.9,23,23,0,0,25-APR-026,PHILEMON,356
193002,"CORK OPENER 2PCS SET ZHN KB718",12.9,3,9,-6,-77.4,25-APR-026,OWUSU,368
191897,"KENWOOD RICE COOKER 18L 700W SS RCM19",669,6,12,-6,-4014,25-APR-026,"COLLINS HAMMOND",238
198911,"KNIFE ORGANIZER TRAY PLASTIC CN250717F",69,26,39,-13,-897,26-APR-026,OTHNIEL,339
195697,"BASKET STITCH WLID PLASTIC 13L HL0183CCL",34.9,1,1,0,0,25-APR-026,OTHNIEL,340
29331,"ANNAPURNA IODISED SALT 200G  100",3.19,47,46,1,3.19,26-APR-026,JUSTICE,49
74365,"GECKO RIDGE CAB SAUVIGNON 750ML 6",82.99,2,3,-1,-82.99,25-APR-026,APPIAH,111
70101,"SUNLIGHT DISH WASHING LIQUID LEMON 400ML 24",27.99,19,18,1,27.99,25-APR-026,ALVIN,14
52731,"DETTOL LIQUID ANTISEPTIC 165ML  36",33.49,29,29,0,0,26-APR-026,QUEENCILLA,42
102197,"BEAUTY FORMULA  MAKE UP REMOVER WIPES ALOE VERA 12",20.49,12,12,0,0,26-APR-026,"JOSEPH PATRICK",39
126472,"JUVER DISFRUTA 10 F  10V DRINK 330ML 18",14.49,18,18,0,0,26-APR-026,KWAFO,83
135975,"HAAGEN DAZS VANILLA AND CREAM 95ML 24",38.49,2,28,-26,-1000.74,26-APR-026,TITUS,21
133187,"NEAT LAUNDRY DETERGENT 2L  6",78.99,2,6,-4,-315.96,25-APR-026,"ADIATOR MOSES ",7
154041,"INFINITY LIQUID HAND SOAP PURPLE 600ML  12",33.99,7,7,0,0,25-APR-026,"FELIX BOADU",153
150422,"CURTAIN W8 GROMENT GOLD 54X90 BLK6",109,9,9,0,0,25-APR-026,GLADYS,502
172950,"ARIEL HIGH STUD SPRING 500G  24",39.99,1,14,-13,-519.87,25-APR-026,AKAYIRI,203
175174,"DEW DKLE  WATER WIPES 80PCS  12",51.99,2,2,0,0,26-APR-026,PHILEMON,10
179018,"PAPER U CLIP 33MM 80PCSBOX ASST COL YW",5.9,10,10,0,0,26-APR-026,MARIAM,291
177244,"TCL LED TV 65 4K SMART ANDROID 65P755",13449,1,1,0,0,25-APR-026,LESTER,250
185949,"BOWL OPAL FLOWER DESIGN ASSORTED 9 NJ18",19.9,18,18,0,0,25-APR-026,BLESSING,407
193471,"DOOR MAT COIR PANAMA 8MM ASTD 45X75CM",49.9,15,9,6,299.4,25-APR-026,"SAMUEL ADDO",399
191079,"REALMAN MANLY FRAGRANCE FRESH ACTIVE 150ML 72",50.99,16,52,-36,-1835.64,26-APR-026,ELLA,35
198394,"ENA PA MACKEREL IN TOMATO SAUCE 100G  50",6.49,20,20,0,0,26-APR-026,"EMMANUEL MENSAH",124
95821,"AMALFI  DEO ROLLON  INFINITI 50ML  12",19.99,16,16,0,0,26-APR-026,ELLA,36
98492,"AMALFI SHOWER GEL BLUEBERRY 750ML  16",29.99,12,12,0,0,25-APR-026,"ANANE KOJO",21
102839,"AQUALIS BEAUTY SOAP MEN 200G   36",11.99,11,12,-1,-11.99,25-APR-026,"ANANE KOJO",20
106354,"AMEN COMMUNION WIINE 1L 6",49.99,3,3,0,0,25-APR-026,"EDDIE MENSAH",107
110797,"TELON GREEN TEA WITH LEMON 255 TEABAGS   12",29.99,3,3,0,0,25-APR-026,AKORFA,59
111615,"ONE MORE PURE CRAFT VODKAACL 428VV 750ML 12",99.99,10,10,0,0,25-APR-026,MAHAMA,117
14813,"DEVA DISINFECTANT SPRAY 500ML  15",20.99,7,7,0,0,25-APR-026,ABIGAIL,6
156429,"GASTONE LAGO POKER HAZELNUT WAFER  45G 20",8.29,4,10,-6,-49.74,25-APR-026,"EDDIE MENSAH",108
153244,"EASY DRINK S N T BEACH RTD COCKTAIL DRINK 500ML 12",37.49,5,10,-5,-187.45,25-APR-026,EMMANUEL,135
159391,"AKAI FRIDGE DD 138L RF131AC138L",3199,1,1,0,0,25-APR-026,NYARKO,175
159765,"MUNCHEE DIGESTIVE BISCUITS 35G  72",2.19,72,123,-51,-111.69,25-APR-026,"EDDIE MENSAH",108
161315,"SOUP MUG SMILEY CERAMIC 1158 YWU",14.9,11,13,-2,-29.8,25-APR-026,"SAMUEL ADDO",398
162721,"FUFU BOWL 8INCHES CERAMIC  EMBOSSED B600128",18.9,29,29,0,0,25-APR-026,BLESSING,407
175178,"WALLS FEAST MAX VANILLA 65ML 42",8.99,32,28,4,35.96,25-APR-026,EMMANUEL,135
168699,"CAMRY ELECTRONIC KITCHEN SCALE W2 BOWL EK332005 RK",109,10,11,-1,-109,25-APR-026,OWUSU,372
179750,"LIPICE PINK SHEEN GLOSS LIPBALM SINGLE PK12",19.49,9,11,-2,-38.98,26-APR-026,"PAUL OWUSU",38
179172,"PLAYING CARD  9X6CM 2PCS",10.9,12,12,0,0,25-APR-026,CHARLES,465
185176,"DINNER PLATE 10INCHES CERAMIC WHITE BCJ105 RJK",12.9,18,40,-22,-283.8,25-APR-026,SOMUAH,411
193509,"TUMBLER 6 PCS SET GIFT PACK LVADA382F",89,6,6,0,0,25-APR-026,SOMUAH,415
191928,"DINNER SPOON 52G0355 ZHN",27.9,7,55,-48,-1339.2,25-APR-026,OWUSU,371
190606,"VOLLEYBALL ASSORTED 120G 22CM",16.9,5,26,-21,-354.9,25-APR-026,CHARLES,463
44862,"FLORA TISSUE 3 PLY 4 ROLLS  15",16.99,2,4,-2,-33.98,25-APR-026,ELLA,31
24985,"SENAC SPARKLING GREEN 750ML 6",48.99,8,8,0,0,25-APR-026,"EDDIE MENSAH",106
50389,"GREEN WORLD MACHINE REFILL MOSS  SPRING  24",42.99,21,21,0,0,26-APR-026,ABIGAIL,5
99940,"DOMESTOS BLEACH WHITESPARKLE 750ML  9",32.99,15,12,3,98.97,26-APR-026,"GIDEON GBLOGAH",12
93420,"BAUDUCCO WAFER WITH CHOCO FLAV FILLING 30G 168",3.49,56,179,-123,-429.27,25-APR-026,ATITOGO,159
102735,"SPARTAN GERMEX DISINFECTANT  CLEANER  2 L   6",67.99,3,6,-3,-203.97,25-APR-026,"ADIATOR MOSES ",7
119307,"REXONA ROLL ON  BIORYTHM 50ML  6",25.99,9,9,0,0,26-APR-026,ELLA,36
110057,"ARTIFICIAL TULIP FLOWER 3 BUNCH 100CM 20200910",10.9,15,15,0,0,26-APR-026,ESINAM,462
115390,"TABLE LAMP WARM B36793 135068939931",429,3,4,-1,-429,25-APR-026,KWAFO,170
129587,"FARAGELLO GOLD APPLE NECTAR TETRAPACK 250ML  27",7.99,17,16,1,7.99,26-APR-026,KWAFO,83
126096,"HAPPY FULL CROCODILE 70G  48",9.99,65,65,0,0,26-APR-026,"ABIGAIL YEVUGAH",158
125763,"TUMBLER SCOTLAND GLASS 6PCS SET 330ML DXB N0763",79,8,8,0,0,25-APR-026,"STEPHEN ACQUAH",418
13476,"LELE THAI RICE 5KG 5",210.99,22,63,-41,-8650.59,25-APR-026,GIDEON,69
131897,"TOUCH ZONE 1L  12",17.99,17,18,-1,-17.99,26-APR-026,"GIDEON GBLOGAH",12
148972,"DECAKILA KETTLE 18 L 1500W SS KEKT031M",109,7,10,-3,-327,25-APR-026,WONDER,247
147432,"KALE PACK APL",29.99,5,5,0,0,25-APR-026,JIMOH,134
155912,"ROSSWOOD CASHEW ROASTED SALTED 250G  15",89.49,18,19,-1,-89.49,26-APR-026,MAHAMA,119
149432,"WESTINGHOUSE GLASS STORAGE WLID 5PCS WCFC003210A",159,7,7,0,0,26-APR-026,GLADYS,430
164214,"SAIRO MOUTHWASH TOTAL WHITE 500ML 16",26.99,8,14,-6,-161.94,26-APR-026,"BOADI STEPHEN",53
164214,"SAIRO MOUTHWASH TOTAL WHITE 500ML 16",26.99,8,14,-6,-161.94,25-APR-026,"BOADI STEPHEN",53
166027,"SEARA FROZEN CHICKEN BONELESS LEG 2KG  6",129.99,40,45,-5,-649.95,26-APR-026,NYARKO,182
166032,"CAMPA POMEGRANATE NECTAR TETRAPAK JUICE 950ML 12",38.99,7,7,0,0,25-APR-026,KWAFO,103
160031,"MULTIPURPOSE HANGING ORGANIZER  PLASTIC 161018000",16.9,1,1,0,0,25-APR-026,OTHNIEL,339
159179,"CAKE STAND PAPER YWU",9.9,1,35,-34,-336.6,25-APR-026,"RANDY ALHASSAN",385
166876,"FLYCIP FLYING INSECTS INSECTICIDE 750ML  15",85.99,7,7,0,0,26-APR-026,DANIEL,9
167077,"NASCO LED TV 43 SAT NASJ43FBFL",2899,1,1,0,0,25-APR-026,LESTER,250
169176,"SOFA LOUNGER FABRIC DURBAN CLR22",13790,1,1,0,0,25-APR-026,FRANCIS,522
167502,"BEVERAGE DISPENSER  WLIDBASE 6L 97004W RJK",239,1,1,0,0,25-APR-026,SOMUAH,415
182227,"NASCO WASHING MACHINE TL 7KG NASTLB70FL",3499,1,1,0,0,25-APR-026,AKAYIRI,203
186984,"BANNER 2M",12.9,6,6,0,0,26-APR-026,HADASSAH,269
18750,"NESTLE CERELAC BL MAIZE 50G 10X8",6.99,160,179,-19,-132.81,26-APR-026,TITUS,21
185373,"3PCS BEDSHEET SET Q 230X250CM PRINT ASS 03BT1028",99,4,15,-11,-1089,25-APR-026,GILBERT,499
190994,"3PCS BEDSHEET SET KG SL 240X270CM  WHITE",159,8,22,-14,-2226,25-APR-026,GILBERT,498
188865,"BATHMAT 50X80CM BM269 BLACK CP",59,17,17,0,0,25-APR-026,"SAMUEL ADDO",400
76903,"UNOLI MAYONNAISE 250G  12",28.49,14,14,0,0,25-APR-026,SOLOMON,73
60514,"VASELINE DRY SKIN REPAIR LOTION  400ML  48",49.99,25,51,-26,-1299.74,26-APR-026,NTUMY,163
66900,"LIMPOL APPLE DISHWASHING LIQUID 500ML  24",11.99,22,22,0,0,25-APR-026,ALVIN,14
71821,"COOL BREEZE MEMBRANE AIR FRESHNER VANILLA 8ML  12",22.99,55,55,0,0,25-APR-026,ABASS,3
72678,"NOVA PUREZONE THICK BLEACH LEMON 750ML 24",26.99,9,9,0,0,26-APR-026,"GIDEON GBLOGAH",12
X457,"CHOCOLIM 800GM  12",79.99,13,25,-12,-959.88,25-APR-026,"DAVID BRUNO",79
95783,"CHRISTMAS TREE TOP 28X27CM 19Q30",15.9,1,1,0,0,25-APR-026,DANIEL,XMAS
93442,"DRY FLOWER 14M 2PCS",85,2,1,1,85,26-APR-026,AKAYIRI,462
08574,"STUTE SUPERIOR RED GRAPE JUICE 15L  6",51.49,2,3,-1,-51.49,25-APR-026,KWAFO,103
09089,"PEAK MILK POWDER 900G 12",235.99,6,7,-1,-235.99,26-APR-026,"DAVID BRUNO",80
101299,"AKAI CHEST FREEZER SD 300L CF063A300L",8249,1,1,0,0,25-APR-026,AKAYIRI,204
100410,"KAREES NATURAL BROWN SUGAR BOTTLE  400G 20",19.99,21,21,0,0,25-APR-026,"EMMANUEL MENSAH",122
109863,"MINI ENGLISH DICTIONARY",28.99,50,40,10,289.9,25-APR-026,JERUSHA,287
117270,"DOMS X1 PREMIUM MATH INSTRUMENT BOX 7125",45.9,1,1,0,0,25-APR-026,MARIAM,291
114581,"LEEMEX COCOYAM FUFU FLOUR 700G 24",64.99,18,18,0,0,25-APR-026,"FELIX BOADU",66
138609,"WAFER MASTER  165G WAW 24",24.99,16,16,0,0,25-APR-026,ATITOGO,160
132714,"DZIRE HOT PLATE DOUBLE 2000W HAND HPSDH20008200AS",279,1,1,0,0,25-APR-026,JUSTICE,184
132865,"DINNER PLATE MELAMINE 9 INCHES FEILU 4979",14.9,39,39,0,0,25-APR-026,REGINA,389
148704,"TROPHY 38CM GX3A",149,7,7,0,0,26-APR-026,CHARLES,466
142199," SALTON DEMISEC  ALC SPARKLING WINE 750ML 1",179.99,2,1,1,179.99,25-APR-026,APPIAH,111
155921,"ONE YOGO MIX CASHEW GRANULA  500G  6",95.99,13,13,0,0,25-APR-026,"KINGSLEY OP",91
160053,"SPORTS BOTTLE 750CC PLASTIC 161512560",19.9,6,6,0,0,25-APR-026,"NANA ADJEI",355
175026,"KIDS HEROS SET TOYS 215X37CM TY 1132",24.99,5,5,0,0,25-APR-026,HANNAH,274
168745,"CURTAIN P VELVET EMBOSSED 54X84 PINK 25YB8",159,16,16,0,0,25-APR-026,GLADYS,501
182049,"TRAY BASKET A4 FLEXIWAVE POLY",26.9,35,35,0,0,25-APR-026,OTHNIEL,341
184074,"COOKING POT 16CM FALU ZHNBLY 104816",139,3,4,-1,-139,25-APR-026,OWUSU,372
184335,"TONG SS SALAD 9 60520",12.9,11,22,-11,-141.9,25-APR-026,OWUSU,369
185299,"COLANDER WSIDE HANDLES BLACK 32CM XY2331",49.9,33,33,0,0,25-APR-026,"PAUL OWUSU",352
190109,"FOLDING CHAIR WHITE VS1311WHT",249,7,7,0,0,25-APR-026,SHADRACK,509
40275,"TEXAS TEN BEEF SAUSAGE 1KG 10",49.99,3,17,-14,-699.86,25-APR-026,EVELYN,142
202344,"GOLDEN VICTORIA GINGER CLOVES BLACK TEA 60G 24",17.99,10,10,0,0,25-APR-026,AKORFA,57
60934,"BINATONE STANDING FAN 16 VS 16551656",699,2,3,-1,-699,25-APR-026,AKAYIRI,207
A913,"JOHNNIE WALKER RED LABEL WHISKY  1L 12",399.99,3,5,-2,-799.98,25-APR-026,MAHAMA,117
99770,"BO16 HAIR FOOD YELLOW 225ML  4",27.99,8,8,0,0,26-APR-026,"PAUL OWUSU",38
09472,"BADIA  BAZIL SWEET 213G  8",44.99,12,11,1,44.99,25-APR-026,BISMARCK,45
117972,"AKAI GAS COOKER 4B 60X60 BLK ROT GRILLGC064A6060B",4719,1,1,0,0,25-APR-026,AKAYIRI,202
122686,"PLUSH DOG TOY 50CM",179,4,23,-19,-3401,25-APR-026,HANNAH,272
122793,"HAAGENDAZS VANILLA CARAMEL ALMOND ICECREAM 80ML 24",39.99,1,1,0,0,26-APR-026,TITUS,21
168817,"TUMBLER 6PCS SET VEGAS 330ML 27520200811831",49.9,5,5,0,0,25-APR-026,"STEPHEN ACQUAH",419
186087,"WHISKEY GLASS SET 6PCS 330ML CLEAR P4131C6 RJK",59,9,9,0,0,26-APR-026,SOMUAH,416
200459,"COOKING POT WLID 18CM FALU ZHNBLY 811201T18",199,1,3,-2,-398,25-APR-026,QUEENCILLA,376
33964,"SERVING BOWL MELAMINE 10 INCHES ZHN C08210",28.9,8,8,0,0,26-APR-026,"SAMUEL ADDO",403
36727,"SMILE POCKET TISSUE 1X10X30",15.49,8,32,-24,-371.76,25-APR-026,TITUS,21
76396,"BINATONE STANDING FAN 16 SFITAL1660",1169,1,1,0,0,25-APR-026,AKAYIRI,207
89188,"DISH RACK 2LAYER 49X37X35 PLASTIC CMS60162 YWU",149,2,2,0,0,25-APR-026,NASHIBA,336
X456,"NESCAFE CLASSIC TIN 200G 12",169.99,15,15,0,0,25-APR-026,AKORFA,59
X723,"MCVITIES HOBNOBS CLASSIC BISCUIT 255G 24",59.99,30,30,0,0,25-APR-026,DORIS,97
D711,"GEISHA MACKEREL 425G 24 12225",25.99,12,36,-24,-623.76,26-APR-026,"EDDIE MENSAH",90
90558,"ZACAPA CENT 23 RHUM 750ML 6",899.99,2,1,1,899.99,25-APR-026,"GEORGE PUPLAMPU",467
96481,"DR MIGHTY WC POWER BLOCKS JASMINE 4 IN 1  48",29.99,16,50,-34,-1019.66,26-APR-026,ABASS,3
98484,"AMALFI BODY SPRAY INFINITI  WOMEN 75ML  10",18.49,6,7,-1,-18.49,25-APR-026,ELLA,34
94675,"BINATONE BLENDER COMMERCIAL  2L 1500W BLK  BL1505",1819,4,4,0,0,25-APR-026,PRINCE,230
96845,"MAGNIFIC CHOCOLATE ORANGE 750G   8",94.99,5,9,-4,-379.96,26-APR-026,"EDDIE MENSAH",90
117291,"WESTINGHOUSE FRYPAN 24CM GRANITE WCFP0070024GGY",259,1,7,-6,-1554,25-APR-026,QUEENCILLA,376
110142,"CAN OPENER PLASTIC 26320182204 YWU",2.9,1,1,0,0,25-APR-026,OWUSU,368
131544,"YOGA VANILLA  YOGHURT 330ML 1",19.99,2,1,1,19.99,25-APR-026,EMMANUEL,133
148444,"MUG 350ML CERAMIC GGK YWU",19.9,55,50,5,99.5,25-APR-026,"SAMUEL ADDO",398
143776,"ROMAR  AIRFRESHNER VANILLA 300ML  8",39.99,5,11,-6,-239.94,25-APR-026,ABASS,2
150690,"AKAI WATER PUMP 2 HP WP002A100",949,1,1,0,0,25-APR-026,DANIEL,257
164247,"RUG COTTON POM POM 50X80CM RG4795",79,1,1,0,0,26-APR-026,"SAMUEL ADDO",402
161921,"JAR WRING LID SMALL 425ML GLASS C00114",16.9,9,9,0,0,25-APR-026,SYLVIA,426
161337,"FOUNTAIN 28X25X49CM 1230654SWL",899,1,1,0,0,25-APR-026,"FELIX BOADU",151
162474,"HAAGEN DAZS MACADAMIA NUT BRITTEL 460ML 8",133.99,3,3,0,0,25-APR-026,DANIEL,XMAS
174189,"PAPER BAG LANDSCAPE 18X23X10CM KR13232S14",11.9,12,12,0,0,25-APR-026,MARYLAND,301
180844,"BED QUEEN 1500X2000MM ML2218Q",4090,1,1,0,0,25-APR-026,SHADRACK,514
184611,"FUFU BOWL 9 CERAMIC STKLT SK10 RJK",24.9,1,1,0,0,25-APR-026,BLESSING,407
193354,"AS YOU LIKE IT POCKET CLASSIC",19.9,5,3,2,39.8,26-APR-026,"JERUSHA ",288
193452,"SOLO PAPER BOARD ARCH FILE WPVC COATING RB902",44.99,36,16,20,899.8,25-APR-026,MARIAM,290
189438,"DINING SET 16 SOLID WOOD GEORGIA",6790,1,1,0,0,25-APR-026,SHADRACK,510
32409,"ZESTA GINGER TEA 25 X 158G  12",23.99,10,10,0,0,25-APR-026,AKORFA,59
D241,"CERES ORANGE 200ML 24",10.99,20,50,-30,-329.7,26-APR-026,"PAUL OWUSU",84
92163,"SEARA CHICKEN SAUSAGE  340G  24",19.99,74,954,-880,-17591.2,25-APR-026,EVELYN,141
04116,"SPARLETTA QUININE TONIC 350ML 12",5.99,11,185,-174,-1042.26,25-APR-026,EMMANUEL,133
105779,"BLACK HEXAGONAL DUMBBELL HD10KG",359,9,5,4,1436,25-APR-026,"GEORGE PUPLAMPU ",467
117081,"BLING DETERGENT POWDER 45KG  2",148.99,0,2,-2,-297.98,26-APR-026,"ARTHUR JONADAB",27
112506,"HANGER SET 10PCS 405CM PLASTIC LMS207 RJK",42.9,4,8,-4,-171.6,25-APR-026,VICTORIA,436
115716,"ENAPA TOMATO KETCHUP 340G 24",12.49,18,17,1,12.49,25-APR-026,GLADYS,72
125741,"TUMBLER ASCOT 3PCS SET 330ML DXB N1308",79,6,6,0,0,25-APR-026,"STEPHEN ACQUAH",418
135389,"AKAI MICROWAVE OVEN 20L MW075A020MS",999,1,2,-1,-999,25-APR-026,MABEL,262
131696,"CAKE MOULD ROUND SMALL",4.9,51,37,14,68.6,25-APR-026,"ALHASAN RANDY",383
140594,"STRAINER FINE MESH 1000ML PLASTIC L00841",49.9,19,19,0,0,25-APR-026,OTHNIEL,342
149301,"WALL CLOCK 40X405X2CM236278",169,1,1,0,0,25-APR-026,GAD,472
165512,"MOLINERA MANGO BOTTLE 200ML  24",13.49,10,9,1,13.49,25-APR-026,JIMOH,1
172079,"BUTCHERS ORIGINAL GRAVY BEEF 400G 24",35.99,10,24,-14,-503.86,25-APR-026,ABASS,1
169246,"BROOM WSTICK ROMA GBB24",34.9,24,24,0,0,25-APR-026,DANIEL,XMAS
170300,"KALYON EXTRA SOFTENER LAVENDER  MAGNOLIA 750ML 12",45.99,11,11,0,0,25-APR-026,ALVIN,15
184256,"SHELF 3TEIR CORNER 34X34X118CM LA1340",459,1,1,0,0,25-APR-026,FRANCIS,523
191101,"FOGG FRAGRANCE BODY SPRAY VICTOR 120ML 72",52.99,18,64,-46,-2437.54,26-APR-026,ELLA,35
48859,"SAMSUNG FRIDGE DD 203L RT26HAR2DSART20HARFAREDSA",8229,1,2,-1,-8229,25-APR-026,MABEL,252
77035,"HOT POT 50000ML MAXFRESH",1469,1,1,0,0,25-APR-026,OWUSU,374
57984,"COLGATE MOUTHWASH PLAX COOL MINT 250ML  6",36.99,2,1,1,36.99,26-APR-026,"BOADI STEPHEN",53
98638,"APTAMIL 2 FIRST INFANT MILK 612  MONTHS  800G 6",354.99,3,4,-1,-354.99,25-APR-026,"EMMANUEL MENSAH",124
104563,"FONTISSUE HERITAGE  SOFT TISSUE 150 SHEETS   32",11.99,19,26,-7,-83.93,25-APR-026,TITUS,21
125373,"LEARNING ABC BOOK COEDITION",15.9,94,97,-3,-47.7,25-APR-026,"JERUSHA ",284
124085,"BROOM  DUSTPAN SET PLASTIC 1909988",89,10,10,0,0,25-APR-026,WISE,447
133189,"NEAT DISHWASH SOAP ASSORTED 5L  4",109.99,2,2,0,0,26-APR-026,"ARTHUR JONADAB",28
132707,"DZIRE HOT PLATE DOUBLE 2000W HPSD20006246A",229,1,1,0,0,25-APR-026,JUSTICE,183
148816,"CAKE BOARD ROUND 2MM THICKNESS 30CM YWU",59,5,5,0,0,25-APR-026,"ALHASSAN RANDY",382
150387,"AKAI FRIDGE DD COMBI 309L DIS RF076AC321DD",6999,1,1,0,0,25-APR-026,"JOSEPH PATRICK",205
162155,"TEA STRAINER PLASTIC SS 21CMS",6.9,21,21,0,0,25-APR-026,OWUSU,370
178119,"ARTIFICIAL FLOWER 3TIPS 78CM",69,12,12,0,0,26-APR-026,AKAYIRI,267
179319,"TOW STRAPE 3T 50MM36M  ASSTD COL YW",79,5,5,0,0,25-APR-026,RICHMOND,253
184036,"STASOFT FABRIC SOFT DREAM LAV STR 1212 20ML 12",27.99,24,28,-4,-111.96,26-APR-026,ALVIN,16
190581,"TV STAND 55 TV WDOORDRWR MONDRIAN 15",1499,1,1,0,0,25-APR-026,FRANCIS,527
200723,"CHOPPING BOARD SET NYLON ZHN SK9757",19.9,17,17,0,0,25-APR-026,"PAUL OWUSU",354
87581,"ALL SERIESBOOKS NUMBER 12050100 EB0143",18.99,11,11,0,0,25-APR-026,"JERUSHA ",284
109765,"AMERICAN GOURMET BAKING POWDER 100G 48",16.99,32,42,-10,-169.9,26-APR-026,"FELIX BOADU",65
115953,"SANITA CLUB TOILET TISSUE 12PCS  4",145.99,2,2,0,0,25-APR-026,ELLA,31
127905,"MCBERRY BELLA CHOCOLATE CREAM CAKE 30G 144",2.49,31,66,-35,-87.15,25-APR-026,"FELIX BOADU",154
148731,"BATHROOM SET 3PCS  MOSAIC YWU",49.9,2,2,0,0,26-APR-026,VINOLIA,442
159263,"DIGITAL THERMOMETER  HYGROMETER",75,5,5,0,0,25-APR-026,NYARKO,177
172946,"ARIEL HIGH STUD LAVENDER 500G  24",39.99,25,30,-5,-199.95,26-APR-026,ALVIN,17
168050,"FILLED CUSHION P VELVET 45X45CMBEIGE DC247",139,5,4,1,139,25-APR-026,GLADYS,505
167398,"MUG 11OZ GDM11 RJK",9.9,24,70,-46,-455.4,25-APR-026,"SAMUEL ADDO",398
182130,"FARAGELLO MANGO NECTAR TETRA PACK 1L 12 BLUE",24.99,22,12,10,249.9,25-APR-026,DORIS,102
187011,"TABLE LAMP 21CM",55,3,2,1,55,25-APR-026,WOMDERT,252
187966,"JOJONAVI  MIX FRUIT CAN JUICE DRINK  330ML 24",13.49,10,12,-2,-26.98,25-APR-026,DELIGHT,86
187051,"SPORTS BOTTLE 1000ML PLASTIC YY471 YWU",99,5,5,0,0,26-APR-026,GILBERT,311
185321,"BATHMAT GRAY 50X80CM MP 1600GSM TR3135",109,3,2,1,109,25-APR-026,WISE,446
192826,"MELAMINE PLATE 10INCH 49210",16.9,14,15,-1,-16.9,25-APR-026,REGINA,389
191079,"REALMAN MANLY FRAGRANCE FRESH ACTIVE 150ML 72",50.99,3,52,-49,-2498.51,25-APR-026,ELLA,34
19815,"ENERGIZER BATTERY ALKALINE AA MAXMINI 1X20 BP2",37.9,4,35,-31,-1174.9,26-APR-026,"ABIGAIL YEVUGAH",158
64517,"BINE MULTI PURPOSE SOAP 5L  4",72.99,4,4,0,0,26-APR-026,"ARTHUR JONADAB",28
60598,"GLADE AEROSOL CLEAN LINEN AIRFRESHNER 300ML  12",34.99,25,22,3,104.97,25-APR-026,ABASS,2
CL014,"STOOL SMALL 41CMX33CMX26CM",39.9,5,6,-1,-39.9,25-APR-026,"MORGAN ONGOH",320
X883,"BIC SENSITIVE 1BLADE  ORANGE SACHET OF 5 40",16.99,31,28,3,50.97,26-APR-026,AKORFA,55
95004,"HERMAN WHITE VINEGAR PET 946ML  12",23.99,6,6,0,0,25-APR-026,SOLOMON,74
03902,"TWINING SPICY CHAI 20S  4",89.99,4,4,0,0,26-APR-026,DANIEL,58
103770,"GIVERS LIQUID DETERGENT 750ML  20",17.49,16,16,0,0,25-APR-026,ALVIN,14
115893,"KNIFE SET 4PCS",9.9,1,1,0,0,25-APR-026,PHILEMON,357
123149,"OCEANGLASS SET 6PC 295ML PLAZA ROCK 3B1101006G0004",119,10,10,0,0,25-APR-026,"STEPHEN ACQUAH",421
153085,"SERVING TRAY MELAMINE 11 INCHES ZHN A324115",14.9,39,39,0,0,26-APR-026,ROBIN,392
171787,"TASTY TOM JOLLOF SEASONING POWDER 10G  600",1.29,183,198,-15,-19.35,25-APR-026,GIDEON,67
167760,"COOKWARE 6PCS SET 2MM STEEL HROLAND HR1133 RJK",549,3,4,-1,-549,25-APR-026,"NANA KOJO",363
169163,"DERRBY SHAVING STICK SAMURAI BLASTER PK6 9",59.99,2,7,-5,-299.95,26-APR-026,AKORFA,55
169367,"CUTY BOOK SERIES 20PAGES EB11252",12.9,10,9,1,12.9,26-APR-026,HERBERT,283
179444,"PANCAKE PAN 25CM INDUCTION CHN G1523844",259,4,4,0,0,25-APR-026,PHILEMON,358
184290,"LG WASHING MACHINE TT 135KG P1401RONT",7420,1,1,0,0,25-APR-026,MABEL,252
192665,"GIFT BAG SMALL 210G 18X23X10 KRB13683S14",6.99,12,13,-1,-6.99,25-APR-026,"MICHAEL BOYE",302
194194,"NIVEA LIPBALM STRAWBERRY 1PK  12",40.99,1,1,0,0,26-APR-026,ELLA,37
191072,"FOGG DEO ROLL ON STATUS 50ML 48",20.99,16,32,-16,-335.84,26-APR-026,ELLA,35
191977,"TEA SPOON 21G1155 ZHN",17.9,14,86,-72,-1288.8,25-APR-026,OWUSU,370
200298,"HH SEASONING JOLLOF 12X50 10G  50",15.99,3,3,0,0,25-APR-026,GIDEON,67
40547,"HAPPY DELIGHT MULTIFRUIT JUICE 200ML 24",5.29,24,42,-18,-95.22,26-APR-026,EMMANUEL,127
CL362,"BUCKET WITH LID AND TAP 25LTR 38CMX39CM",69,2,11,-9,-621,25-APR-026,MORGAN,322
98945,"DZIRE STEAM IRON 12001400W SID508",179,8,9,-1,-179,25-APR-026,"KINGSLEY OP",219
95652,"LA CELEBRATION COCKTAIL DAIQUIRI 700ML 6",120.99,2,2,0,0,25-APR-026,MAHAMA,116
06587,"COLOURS BOOK FOR CHILDREN EB0433",5.9,20,18,2,11.8,25-APR-026,"JERUSHA ",288
107412,"MARTINI ROSSI LAPERITIVO FIERO 750ML 6",210.99,5,5,0,0,25-APR-026,MAHAMA,117
118158,"BIN BUCKET WHANDLE 16LTR PLASTIC 02041000",49.9,2,9,-7,-349.3,25-APR-026,HAYFORD,453
126332,"DRESSING STOOL WOODEN CH9GD148",729,1,2,-1,-729,26-APR-026,SHADRACK,521
156228,"CASSEROLE OVAL TEMPERED GLASS 1800ML G27002 LTREND",79,10,-2,12,948,26-APR-026,SOMUAH,430
162579,"FOOTBALL GLOVES SHIELD L 39001",189,1,1,0,0,25-APR-026,"GEORGE PUPLAMPU",467
159182,"MASK PAPER 12PCS",8.9,50,61,-11,-97.9,25-APR-026,HADASSAH,268
167004,"FIRST FLASH CARD WDISPLAY STAND 9TITLES",24.9,1,113,-112,-2788.8,25-APR-026,ABIGAIL,155
167243,"CUSSONS BABY MILK BATH SOFTSMOOTH  12",29.99,8,17,-9,-269.91,26-APR-026,RICHMOND,50
170228,"AKAI CEILING FAN 42 EF118A4201CF",1299,1,1,0,0,25-APR-026,AKAYIRI,207
185513,"EXECUTIVE CHAIR BROWN 62X75X109115CM XH9530",2390,2,2,0,0,26-APR-026,FRANCIS,521
193147,"PLUSH TOY 48CM",239,2,1,1,239,26-APR-026,HANNAH,276
21856,"SERVING BOWL MELAMINE 9 INCHES ZHN F0089",19.9,30,58,-28,-557.2,25-APR-026,SOMUAH,412
31701,"SARA BEEF LUNCHEON MEAT 340G  24",20.99,25,23,2,41.98,26-APR-026,APPIAH,126
205399,"FRUTAS TREASURE 100 NAT APPLE PEAR JUICE 330ML 15",25.99,3,13,-10,-259.9,25-APR-026,EMMANUEL,135
87635,"MEANNAN ONION PWDER 80G 24",18.99,23,23,0,0,25-APR-026,BISMARCK,45
76088,"TOP CHOCO CHOCOLATE SPREAD 150G  24",14.49,7,9,-2,-28.98,26-APR-026,"PAUL OWUSU",64
90028,"HELEMENS MIXED SPICES 80G 24",21.99,1,1,0,0,26-APR-026,BISMARCK,45
60515,"VASELINE ALOE SOOTHE LOTION  400ML  48",49.99,27,29,-2,-99.98,25-APR-026,"BENEDICT ABBEY",37
N770,"FANTA ORANGE  15 L PET  6",23.99,7,67,-60,-1439.4,26-APR-026,DELIGHT,87
D997,"MALTA GUINNESS CAN 330ML 24",12.99,59,485,-426,-5533.74,25-APR-026,DELIGHT,86
99596,"GHANDOUR BABY GIRL TRAVEL KIT   10",126.99,8,12,-4,-507.96,25-APR-026,NTUMY,163
119651,"MUTLU CAVATAPPI  MACARONI 400G  20",11.99,17,14,3,35.97,25-APR-026,SOLOMON,74
128817,"STATIONERY SET EXECUTIVE LUXOR 12PCS 135512CS",59,9,9,0,0,26-APR-026,GILBERT,294
122730,"UNIMAX JOYMATE BALLPEN GRREN 10MM FBJYMGN06",2.99,2,1,1,2.99,26-APR-026,MARIAM,295
122867,"SERVING BOWL MELAMINE 8 INCHES FEILU 6508",8.9,22,56,-34,-302.6,26-APR-026,"SAMUEL ADDO",403
138294,"COOKING TOOLS 6PCS SET WSTAND NYLON YWU",129,4,4,0,0,25-APR-026,"NANA KOJO",362
146224,"WINDOW SHADE YE3140X180 BEIGE",399,3,1,2,798,25-APR-026,"GERALD SACK ",479
171347,"BELPAK TOILET ROLL 24ROLLS  1",77.99,2,2,0,0,25-APR-026,BISMARCK,44
172702,"SAIRO SHOWER GEL COCONUT 1250ML  10",56.99,5,5,0,0,25-APR-026,"ANANE KOJO",21
168971,"TIME WAFER MASTER GOFRETTE CHOCO 20G  288",2.99,10,35,-25,-74.75,25-APR-026,"ABIGAIL YEVUGAH",157
168989,"PLATINUM THAI JASMINE RICE 5KG 5",149.99,26,78,-52,-7799.48,25-APR-026,"FELIX BOADU",151
187474,"TRASH BIN PLASTIC GREY RJK G5270",299,2,2,0,0,25-APR-026,HAYFORD,456
183654,"WESTINGHOUSE WHISKY GLASSES WCGW0112",44.9,1,3,-2,-89.8,26-APR-026,SOMUAH,416
194154,"AMERICAN GOURMET MAYONNAISE TOP DOWN 500G 12",43.99,11,11,0,0,25-APR-026,SOLOMON,73
198763,"DINNER PLATE 12INCHES RECT CERAMIC GGK YWU",69,24,24,0,0,25-APR-026,BLESSING,410
68568,"FOGG FRAGRANCE BODY SPRAYDYNAMIC  120ML   72",52.99,24,54,-30,-1589.7,25-APR-026,ELLA,34
03488,"SNAPPLE JUICE DRINK VARIETY ASSORTED  591ML 24",25.99,7,5,2,51.98,26-APR-026,JIMOH,1
134246,"LISTERINE MOUTHWASH MILD  MINTY 500ML 6",76.99,15,8,7,538.93,25-APR-026,"BOADI STEPHEN",53
138949,"SUN GODDESS SAUVIGNON BLANC WINE 75CL  12",349.99,9,9,0,0,25-APR-026,APPIAH,113
137495,"BUMBLE BABY WET WIPES MEDITERRANEAN 120PCS   12",31.99,3,10,-7,-223.93,26-APR-026,PHILEMON,10
164631,"FRY PAN 20CM 29MM FORGED ALU PEDRINI 02PE1500 RJK",99,1,6,-5,-495,25-APR-026,REGINA,387
181535,"WESTINGHOUSE LED TV 55 SMART UHD WD55UWUPSC1",6499,1,2,-1,-6499,25-APR-026,WONDER,243
182100,"COMPUTER DESK METAL FRAME 120X60 CT1923",1399,1,1,0,0,26-APR-026,FRANCIS,521
180214,"PRINCESS PERFUME FOR HER 50ML  6",10.99,6,6,0,0,25-APR-026,ELLA,35
178121,"ARTIFICIAL FLOWER 11TIPS 40CM",69,32,32,0,0,26-APR-026,HAYFORD,462
185841,"CREED  ORANGE AID ENERGY DRINK 350ML 12",2.99,8,9,-1,-2.99,26-APR-026,JIMOH,1
182901,"CHERELLE 60 DARK CHOCOLATE 90G 16",35.49,9,9,0,0,25-APR-026,ATITOGO,159
192590,"GIFT WRAPPING PAPER 2PCS 70X100CM",11.99,18,18,0,0,25-APR-026,HADASSAH,266
191209,"VISITOR CHAIR MESH ASSORTED COLOR OC001",329,5,7,-2,-658,25-APR-026,SHADRACK,509
192198,"MOGU MOGU GRAPE DRINK 320ML 24",29.99,19,50,-31,-929.69,26-APR-026,"MORGAN ONGOH",84
198404,"WALL CLOCK 22X22X38 9002A",45.9,8,8,0,0,25-APR-026,"GAD ",471
69757,"LELE MINT FLAVOURED TEA 25X375G  12",17.99,15,15,0,0,25-APR-026,AKORFA,59
70100,"SUNLIGHT DISH WASHING LIQUID LEMON 750ML 15",45.99,18,33,-15,-689.85,25-APR-026,ALVIN,14
55688,"AFRIWARA ORIGINAL SANTOS SWEET 125G  20",9.89,27,29,-2,-19.78,26-APR-026,"EDDIE MENSAH",90
91877,"BINATONE STEAM IRON 1500W SI1605B",285,2,3,-1,-285,25-APR-026,"KINGSLEY OP",219
95487,"GARLAND 2MX6CM 91807",9.9,13,13,0,0,25-APR-026,DANIEL,XMAS
98012,"RAINBOW CONTAINER SQ 5PCS SET PLASTIC 50625",42.9,3,1,2,85.8,25-APR-026,NASHIBA,332
03471,"COKE ZERO PET 1L  4",15.99,28,96,-68,-1087.32,26-APR-026,DANIEL,165
102739,"SPARTAN SOFT FAB SOFTNER GREEN SPRING BREEZE 1L 12",76.49,3,3,0,0,25-APR-026,ALVIN,15
108103,"CURTAIN 52X84 BLACKOUT W8GROMMET 36",129,1,8,-7,-903,25-APR-026,"GERALD SACK ",478
124051,"BITBURGER NON ALCOHOLIC BOTTLE BEER 330ML 24",18.49,15,19,-4,-73.96,25-APR-026,DELIGHT,86
124051,"BITBURGER NON ALCOHOLIC BOTTLE BEER 330ML 24",18.49,4,19,-15,-277.35,25-APR-026,EMMANUEL,135
148686,"ARTIFICIAL PLANT 80CM",359,1,5,-4,-1436,25-APR-026,RANDY,33
140591,"SAVERBOX STRAWBERRY PLASTIC L00867",16.9,11,12,-1,-16.9,25-APR-026,"MICHAEL BOYE",306
155804,"SANITA PAPER CUPS 90Z 50X20  20",32.99,20,20,0,0,25-APR-026,"ARTHUR JONADAB",25
156650,"KIDS TUMBLER WLID AND STRAW 450ML PLASTIC T002 YWU",69,6,7,-1,-69,25-APR-026,"MICHAEL DADZIE",309
150394,"AKAI FRIDGE SD 89L SILVER RF125AC89L",1899,1,1,0,0,25-APR-026,NYARKO,174
159308,"YOGA BRICKS 21X15X75 160G",28.9,8,8,0,0,25-APR-026,CHARLES,466
162313,"STRAINER SS WOOD HANDLE ILC MC73060 RJK",16.9,5,5,0,0,25-APR-026,OWUSU,370
172981,"KIDS TRICYCLE WMUSIC JTS701",329,1,1,0,0,25-APR-026,RICHMOND,265
180215,"PRINCE PERFUME FOR HIM 50ML  6",10.99,7,6,1,10.99,25-APR-026,ELLA,35
194158,"SAMSUNG GALAXY MOBILE A17 LTE 4GB128GB",2599,1,1,0,0,25-APR-026,NYARKO,177
192366,"STATIONERY SET MF995196",19.9,6,6,0,0,26-APR-026,MARIAM,291
188760,"VIP TROLLEYCASE WWHEEL 8W ZPLUS LG",699,1,1,0,0,25-APR-026,MARYLAND,298
197910,"VIP TROLLEYCASE WWHEEL 8W TOURAGE CB TOURTW8LPL",379,1,2,-1,-379,25-APR-026,MARYLAND,298
32786,"EASY MOUZOO MANGO TETRAPACK 200ML 27",5.49,28,28,0,0,26-APR-026,"MORGAN ONGOH",84
202509,"MONTY MOON CHIPS CLASSIC  25G  50",2.99,24,50,-26,-77.74,25-APR-026,"EMMANUEL MENSAH",121
76703,"BELAQUA PREMIUM STILL WATER BOTTLE  330ML  12",19.99,2,13,-11,-219.89,25-APR-026,DELIGHT,85
D248,"CERES WHITEGRAPEBOTTLE 275ML X 24",24.99,2,29,-27,-674.73,25-APR-026,EMMANUEL,135
98609,"PARLE CHOCO RINGS BISCUITS 24G  72",1.09,60,72,-12,-13.08,26-APR-026,DERRICK,96
04199,"VASELINE MEN COOLING BODY LOTION 400ML 48",49.99,27,48,-21,-1049.79,25-APR-026,"BENEDICT ABBEY",37
119429,"MYST NATURAL MINERAL WATER 1L 12",5.29,180,188,-8,-42.32,25-APR-026,EZEKIEL,148
119989,"NERDS WATERMELON CHERRY 165OZ49G  36",22.99,35,345,-310,-7126.9,26-APR-026,SHADRACK,158
112506,"HANGER SET 10PCS 405CM PLASTIC LMS207 RJK",42.9,6,8,-2,-85.8,25-APR-026,VICTORIA,437
128757,"BUBBLE UP TONIC WATER 330ML 24",8.49,21,45,-24,-203.76,25-APR-026,DELIGHT,85
122901,"SERVING BOWL MELAMINE 9 INCHES FEILU 1799",13.9,48,48,0,0,25-APR-026,ROBIN,392
139197,"BAG GYM PAW PATROL PW16660",43.9,7,7,0,0,26-APR-026,"NANA KOJO",271
164615,"KITCHEN ORGAZINER RACK METAL 128",59,3,3,0,0,25-APR-026,PHILEMON,358
159499,"SWIMMING POOL 102MX88CM 57114",229,2,2,0,0,25-APR-026,CHARLES,465
169368,"PENCIL SHADING BOOK SERIES EB 11266",9.9,32,40,-8,-79.2,25-APR-026,"JERUSHA ",284
179402,"AKAI GAS STOVE 2B GLASS TOP GC067A0002B",569,5,3,2,1138,25-APR-026,AKAYIRI,200
194639,"COOKING POT 24CM FALU ZHN 114524",319,1,5,-4,-1276,25-APR-026,QUEENCILLA,376
201150,"ADDMIE CHICKEN FLAV SEASONING CUBE 80G 60",5.49,1,1,0,0,25-APR-026,SOLOMON,76
26331,"TOM TOM STRONG MENTHOL FLAV CANDY 152G  24",14.49,46,46,0,0,26-APR-026,"EDDIE MENSAH",90
89095,"PAINTING 60X90CMFLOWERS  SCENERIES",249,1,2,-1,-249,25-APR-026,GAD,472
53553,"8 MATTRESS 200150CM HD QS LAT",2229,1,1,0,0,25-APR-026,FRANCIS,528
117260,"DOMS DUST FREE ERASER BOX 20PCS 3420",15.9,46,44,2,31.8,26-APR-026,MARIAM,295
111516,"MEANNAN SUYA SPICES 150G 12",34.99,5,5,0,0,25-APR-026,BISMARCK,45
126039,"WATER COLOUR CAKE MINI DOMS 15MM 15 SHADES 7939",7.9,17,9,8,63.2,26-APR-026,MARIAM,295
126092,"HAPPY FULL EGGS 70G  48",9.99,50,51,-1,-9.99,26-APR-026,"ABIGAIL YEVUGAH",158
132708,"DZIRE HOT PLATE DOUBLE 2500W HPSD25008300AS",289,1,1,0,0,25-APR-026,JUSTICE,183
164048,"PHILIPS HAND MIXER 300W HR370510",599,1,1,0,0,25-APR-026,PRINCE,226
174401,"WAX CRAYONS EXTRA LONG 2371",12.9,9,9,0,0,26-APR-026,MARIAM,292
166703,"CAMPA RED GRAPE JUICE 750ML 6",44.99,11,11,0,0,26-APR-026,DELIGHT,88
167106,"BEAUTY FORMULAS GLOWING VITAMIN C SERUM 30ML 12",44.99,3,5,-2,-89.98,25-APR-026,"BOADI STEPHEN",53
168336,"DIY FLOWER 4 COLOR MIX 80CM 110G",89,16,16,0,0,26-APR-026,ESINAM,462
175872,"SVEDOLY CRYSTAL SUGAR 1KG 10",26.99,13,14,-1,-26.99,25-APR-026,"EMMANUEL MENSAH",123
26965,"ONGA TABLET  64TABS X 11G SHRIMP FLAVOR    24",42.99,46,19,27,1160.73,25-APR-026,GIDEON,67
67737,"MALTA GUINNESS PET 330ML  12",11.49,7,394,-387,-4446.63,25-APR-026,EMMANUEL,135
N068,"KRIS HANDBODY LOTION SENSUAL PINK 200ML 36",10.49,10,13,-3,-31.47,26-APR-026,MABEL,36
109764,"AMERICAN GOURMET ICING SUGAR 500G 24",28.99,18,27,-9,-260.91,26-APR-026,"PAUL OWUSU",38
117622,"STRAINER PLASTIC UR3075",29.9,24,24,0,0,25-APR-026,OTHNIEL,342
128356,"FLYING DISC UNICORN KIDS",13.9,1,1,0,0,25-APR-026,HANNAH,275
123166,"OCEAN GLASS SET 6PCS 350ML TANGO  3B1331206G0001",139,5,8,-3,-417,25-APR-026,SYLVIA,425
133187,"NEAT LAUNDRY DETERGENT 2L  6",78.99,6,6,0,0,26-APR-026,NIBOI,16
151748,"VACUUM SOUP JAR SS 800ML MKVF6935",149,1,1,0,0,25-APR-026,"MICHAEL BOYE",304
149836,"VOLTPLUS EXTENSION SOCKET 3W2M USB VPEC3W2M1SUC",169,1,13,-12,-2028,25-APR-026,DANIEL,255
172950,"ARIEL HIGH STUD SPRING 500G  24",39.99,12,14,-2,-79.98,26-APR-026,ALVIN,17
167294,"GARLAND 2MX9CM",9.9,10,10,0,0,25-APR-026,DANIEL,XMAS
180007,"CURTAIN YD PL GROMT BEIGE 54X90 24EHM100",179,1,1,0,0,25-APR-026,"GERALD SACK ",481
193471,"DOOR MAT COIR PANAMA 8MM ASTD 45X75CM",49.9,4,9,-5,-249.5,25-APR-026,"SAMUEL ADDO",400
192964,"CHOPPING BOARD 3PCS SET PLASTIC ZHN KM004",89,6,6,0,0,25-APR-026,"PAUL OWUSU",353
190548,"FLIP CHART BOARD 70X100 S104M70100",1149,1,1,0,0,25-APR-026,"GEORGE PUPLAMPU",467
40604,"LUCOZADE ORIGINAL 380ML   24",23.99,1,18,-17,-407.83,26-APR-026,JIMOH,1
202346,"GOLDEN VICTORIA TRADITIONAL BLACK TEA 50G 24",9.49,10,11,-1,-9.49,25-APR-026,AKORFA,57
202548,"FROSTED PLATE 11 B29511M",12.9,67,67,0,0,26-APR-026,NASHINA,337
202763,"PROFA EKWEGBEMI MAIZE GRITS 1KG  24",35.99,14,14,0,0,26-APR-026,SOLOMON,78
X776,"BADIA GARLIC POWDR 105 OZ   12",121.99,8,23,-15,-1829.85,25-APR-026,GIDEON,67
D777,"8PM WHISKY 750ML 12 BOX PACK",89.99,4,4,0,0,25-APR-026,MAHAMA,117
98591,"EVERYDAY PORK SAUSAGE 500G 20",41.99,6,11,-5,-209.95,26-APR-026,NYARKO,182
92695,"LADLE TURNER CX18191 PLASTIC YWU",14.9,8,7,1,14.9,25-APR-026,PHILEMON,361
104891,"FANMILK FANICE VANILLA ICE CREAM 500ML 6",25.99,10,16,-6,-155.94,25-APR-026,EMMANUEL,135
112926,"CURTAIN 54X84  W8GROMMET J2020871",119,1,1,0,0,25-APR-026,ESINAM,486
155932,"ORS OLIVE OIL GIRLS NOLYE KIT123 TOUCH UP  4",184.99,2,5,-3,-554.97,26-APR-026,"PAUL OWUSU",38
153191,"SERVING BOWL MELAMINE 7 INCHES FEILU 6017",7.9,63,57,6,47.4,25-APR-026,ROBIN,392
161544,"DESK WDRAWER CINAMOMO ANDORINHA 48155",949,1,1,0,0,25-APR-026,SHADRACK,509
168827,"DESSERT CUP 6PCS SET PAULISTA 220ML 72020200789881",59,5,5,0,0,25-APR-026,"STEPHEN ACQUAH",420
167288,"CHRISTMAS TREE 160 LIGHT 15M 220V",899,2,2,0,0,25-APR-026,DANIEL,XMAS
184388,"CLOTHES HANGER 5PCS SET 41CM PLASTIC XZ3166 YWU",29.9,15,22,-7,-209.3,25-APR-026,VICTORIA,436
193153,"PLUSH TOY 58CM",299,1,5,-4,-1196,26-APR-026,MARIAM,293
190022,"HOOKS HEXAGON 2PCS SET PLASTIC UR3420",9.9,47,47,0,0,25-APR-026,WISE,446
190496,"BATHMAT PLAIN OVAL WLATEX ASSORTED 50X80CM",39.9,1,9,-8,-319.2,26-APR-026,"SAMUEL ADDO",402
189443,"DISNEY KIDS CAR ELSA MYO 3D FIGURE XXL FRE24316",49,9,9,0,0,25-APR-026,HERBERT,278
200392,"REXONA DEO STICK ANTIBACTERIAL 40ML 6",44.99,2,2,0,0,26-APR-026,ELLA,36
89093,"PAINTING 60X60CM GEOMETRICAL AND FLOWERS",139,1,2,-1,-139,25-APR-026,SHADRACK,510
86484,"10MATTRESS KING 180X200X30 BMT001180",4490,1,2,-1,-4490,25-APR-026,FRANCIS,523
69544,"ROMAR AUTOM AIRFRESH REFILL ROSES 250ML  6",48.99,6,6,0,0,26-APR-026,ABIGAIL,5
65461,"MENTOS FULL FRESH 1210 BTLS18 PC  120",36.99,10,154,-144,-5326.56,26-APR-026,"ABIGAIL YEVUGAH",158
70424,"MEGA CLEAR ALCOHOLBASED SCENTED CLEANER MILD 1L12",32.99,4,4,0,0,25-APR-026,"ADIATOR MOSES ",8
CL619,"FRIDGE BOTTLE SQUARE 900ML 7CMX24CM",9.9,10,22,-12,-118.8,26-APR-026,GILBERT,313
91434,"CLOVER SUPER M STRAWBERRY MEDIUM FAT MILK 200ML 24",15.99,4,4,0,0,25-APR-026,CHRIS,61
94851,"NIVEA Q10VITAMIN C FIRMING LOTION 400ML  12",99.99,14,24,-10,-999.9,25-APR-026,"BENEDICT ABBEY",37
106644,"SHIPMASTER SILVER WHITE RHUM 1L 12",128.99,4,4,0,0,25-APR-026,MAHAMA,115
135811,"SERVING BOWL MELAMINE 9 INCHES FEILU 72209",14.9,76,78,-2,-29.8,25-APR-026,ROBIN,392
155114,"DEW DKLE LITTLE DROPS DIAPERS 15PCS SMALL  20",41.99,10,22,-12,-503.88,25-APR-026,TITUS,21
155146,"FLORA TROLL SMILE UNWRAPPED VIRGIN 10X7  7",38.49,1,2,-1,-38.49,25-APR-026,BISMARCK,44
163428,"ICE QUEEN MINI PIANO VANILLA 100ML 30",11.49,18,18,0,0,26-APR-026,EMMANUEL,135
162591,"KNEE SUPPORTER 28077",119,2,2,0,0,26-APR-026,CHARLES,466
168705,"CAMRY GLASS ELECTRONIC SCALE LCD EB9370PS10 RJK",99,8,8,0,0,25-APR-026,VICTORIA,435
179154,"SNAKE TOYS SILICON 123G OPP YW",16.9,10,11,-1,-16.9,26-APR-026,"NANA KOJO",271
186063,"AKAI STANDING FAN 16 EF130A1638",465,1,2,-1,-465,25-APR-026,AKAYIRI,207
188472,"SIGMA LED TV 43 SATELLITE SIGK43V6",2699,1,1,0,0,25-APR-026,LESTER,250
184337,"BAR SET 4PCS SS 52062",79,8,8,0,0,25-APR-026,PHILEMON,356
190700,SLIME,23.9,1,11,-10,-239,26-APR-026,SHADRACK,158
197529,"VASELINE LOTION ESSENTIAL HEALING 725ML 12",105.99,14,14,0,0,26-APR-026,"BENEDICT ABBEY",38
92590,"IMPULSE SEALER FS200 20CM",169,10,11,-1,-169,26-APR-026,LESTER,254
01609,"BADIA PEPPER GROUND BLACK 1984G  12",134.99,12,14,-2,-269.98,26-APR-026,BISMARCK,45
103319,"AMALFI MOUTHWASH CLASSIC  500ML  16",22.99,5,4,1,22.99,26-APR-026,"BOADI STEPHEN",53
113150,"COLGATE TOOTHBRUSH ZIGZAG CHARCOAL 6X12  72",20.99,4,5,-1,-20.99,25-APR-026,"BOADI STEPHEN",53
132937,"DINNER PLATE MELAMINE 11 INCHES FEILU 8311",12.9,6,7,-1,-12.9,25-APR-026,REGINA,389
156661,"WESTINGHOUSE FRY PAN 28CM WCFP0032028MBB",259,1,8,-7,-1813,25-APR-026,QUEENCILLA,376
150961,"ASEDA EGGS 15 PACKS 1",48.99,3,6,-3,-146.97,25-APR-026,DANIEL,SUPERMARKET
153456,"DISPLAY EXECUTIVE FILE 10POCKET BC A4 SAYA SY110A",20.9,11,10,1,20.9,25-APR-026,MARIAM,290
164389,"COUPE DESSERT PLATE 75 GGK WK24009 RJK",9.9,15,16,-1,-9.9,25-APR-026,SOMUAH,412
172705,"SAIRO HAND SOAP ALOE VERA  500ML  12",29.49,12,22,-10,-294.9,25-APR-026,TITUS,21
169495,"CUSHION EMBROIDERY 380G FILLING 45X45CM EHAMK001",149,1,10,-9,-1341,25-APR-026,FRANCIS,523
178561,"FLORA DIAPERS KIDS MINI S3  10",22.99,13,13,0,0,26-APR-026,WISE,41
184366,"DEEP COLANDER WSIDE HANDLE 28CM SS 60910234",39.9,24,24,0,0,25-APR-026,"PAUL OWUSU",352
185347,"DINING SET 14 ROUND GHNMQ002",2690,1,1,0,0,25-APR-026,SHADRACK,510
184602,"SOUP BOWL 6 CERAMIC STKLT SK01 RJK",14.9,1,2,-1,-14.9,26-APR-026,"SAMUEL ADDO",404
192555,"GIFT BAG 18X23X10 9100",7.99,13,12,1,7.99,25-APR-026,"MICHAEL BOYE",302
193127,"TEFAL KITCHEN SCISSORS K2071314",159,6,6,0,0,25-APR-026,OWUSU,370
192362,"PEN CASE 208X70X26MM SN002302",24.9,5,17,-12,-298.8,26-APR-026,"MICHAEL DADZIE",295
196683,"CERES NECTAR MULTIFRUIT FUSION 500ML 10",19.99,5,11,-6,-119.94,25-APR-026,KWAFO,100
206554,"KIVO 4 IN 1 STRAWBERRY GARI SOAKING CUPS 120G 12",10.99,14,14,0,0,25-APR-026,"FELIX BOADU",66
71183,"CUVEE DE BARON CABERNET 750ML  6",72.99,3,3,0,0,25-APR-026,APPIAH,112
95694,"AMALFI BATH  SHOWER GEL DERMO 1250ML 10",54.99,11,14,-3,-164.97,25-APR-026,"ANANE KOJO",21
104514,"MJS SALAD CREAM 237ML  12",32.99,13,18,-5,-164.95,25-APR-026,GLADYS,72
140010,"LOCAL CUCUMBERAPL PACK",12.99,1,1,0,0,25-APR-026,JIMOH,134
149371,"NASCO FRIDGE DD COMBI 106L NASD210FL",2399,1,1,0,0,25-APR-026,NYARKO,175
164631,"FRY PAN 20CM 29MM FORGED ALU PEDRINI 02PE1500 RJK",99,5,6,-1,-99,25-APR-026,PHILEMON,358
163211,"QUERAY SHAMPOO FAMILY SIZE PH NEUTRAL 1L 9",41.99,1,9,-8,-335.92,26-APR-026,"PAUL OWUSU",38
174949,"KITCHEN LILEN SET 3PCS MYQ9262",59,3,3,0,0,25-APR-026,GIFTY,491
170272,"KALYON ALL PURPOSE CLEANER WHITE FLOWERS 1L 12",24.49,1,1,0,0,25-APR-026,"ADIATOR MOSES ",7
167516,"XMAS TREE 21M 954T",1099,1,1,0,0,25-APR-026,DANIEL,XMAS
180781,"BLACK STONE WHISKEY 1L 12",109.99,15,29,-14,-1539.86,26-APR-026,MAHAMA,118
178272,"ARTIFICIAL FLOWER 5BRANCH 5PCS 28CM",29.9,50,49,1,29.9,26-APR-026,HAYFORD,462
186932,"STORAGE RACK WWHEEL 4LAYER MP YH5114 YWU",179,3,4,-1,-179,25-APR-026,"MORGAN ",325
18817,"BUTCHERS DELICIOUS DINNERS CHICKEN IN JELLY 400G",35.99,12,12,0,0,25-APR-026,ABASS,1
193349,"TWELFTH NIGHT POCKET CLASSIC",19.9,5,4,1,19.9,25-APR-026,"STEPHEN ACQUAH",422
198736,"SALT  PEPPER CRUET 2PCS SET GLASS YWU",39.9,3,8,-5,-199.5,25-APR-026,SYLVIA,426
82391,"BINATONE AVR 5KVA DVS5000",2369,3,4,-1,-2369,26-APR-026,DANIEL,255
96481,"DR MIGHTY WC POWER BLOCKS JASMINE 4 IN 1  48",29.99,39,50,-11,-329.89,25-APR-026,NTUMY,163
136843,"DOVE DAILY MOISTURE SHAMPOO 2IN1 250ML 6",61.99,3,3,0,0,26-APR-026,"BENEDICT ABBEY",38
157385,"CASAL GARCIA FRUITZY MELON WINE 750ML 6",116.99,6,7,-1,-116.99,25-APR-026,APPIAH,113
161334,"FOUNTAIN 21X21X26CM 7233609WL",249,1,2,-1,-249,25-APR-026,HAYFORD,458
169707,"MOULINEX BLENDER WMILL 15L 450W WHITE LM2C3127",729,1,1,0,0,25-APR-026,PRINCE,230
186092,"GLASS SET 6PCS 125ML CLEAR 41436C RJK",59,24,12,12,708,26-APR-026,"SAMUEL ADDO",403
18347,"LONG MOUNTAIN CABERNET SAUVIGNON RED WINE 75CL 6",69.99,10,9,1,69.99,25-APR-026,APPIAH,111
194969,"LADLE SLOTTED TURNER SILICONE ZHN HR22PC4DS",12.9,1,18,-17,-219.3,25-APR-026,PATIENCE,347
189608,"TOREN MRBITE WHOMP CRI WAF W HAZECHOCO CREAM 144",6.49,43,48,-5,-32.45,25-APR-026,ATITOGO,160
198438,"SHOES RACK WSEAT 70X30X45CM WOODEN YWU",549,1,1,0,0,25-APR-026,FRANCIS,523
198009,"NASCO GAS COOKER 4B 50X50 SILVER NASGCSNIPER50TS",1799,1,1,0,0,25-APR-026,AKAYIRI,205
87331,"OCEAN GLASS MADISON FLUTE CHAMPAGNE 3015F0702",79,2,2,0,0,25-APR-026,"SYLVIA ",425
76013,"MYDIBEL PREMIUM CRUNCHEXTRA CRISPY FRIES 77 25KG",124.99,19,3,16,1999.84,25-APR-026,"EVELYN ",140
89645,"BINATONE WASHING MACHINE TT 7KG BWM07",3989,1,1,0,0,25-APR-026,AKAYIRI,205
96111,"NIVEA LIP BALM HUDRO CARE  48G  12",37.99,3,8,-5,-189.95,25-APR-026,"BENEDICT ABBEY",37
95697,"SEPTOL ANTISEPTIC DISINFECTANT 250ML  24",23.99,12,12,0,0,26-APR-026,QUEENCILLA,42
119081,"HAPPYFLAKES COCOA FLAKES 280G  12",31.99,7,7,0,0,26-APR-026,"KINGSLEY OP",91
120917,"PEACOCK THAI RICE 5KG  5",209.99,7,7,0,0,26-APR-026,GIDEON,69
138607,"GOFRET WATER COCONUT 33G  24 X 6  144",6.49,34,155,-121,-785.29,25-APR-026,ATITOGO,160
150564,"YOGA VANILLA  YOGHURT 1L 1",56.99,1,1,0,0,25-APR-026,DANIEL,XMAS
163839,"CONTAINER SET 3PCS SQUARE PRIME BG755",79,5,5,0,0,26-APR-026,NIBOI,317
181591,"BAILEYS STRAWBERRIES  CREAM 700ML 12",499.99,4,8,-4,-1999.96,25-APR-026,MAHAMA,116
181599,"STORAGE CANISTER WWOOD LID PLAST 700ML 161301000",49.9,17,17,0,0,25-APR-026,"NANA ADJEI ",327
179924,"WALL CLOCK 305X30X42 ZC1207C",85,10,10,0,0,25-APR-026,GAD,472
184372,"NERO WISKY COLA DRINK 350ML 12",5.99,2,40,-38,-227.62,26-APR-026,JIMOH,1
185296,"COLANDER WSIDE HANDLES BLACK 23CM XY2328",42.9,19,19,0,0,25-APR-026,"PAUL OWUSU",352
194677,"KIDS CAR SET 2PCS HCL O51043",14.99,20,20,0,0,25-APR-026,HERBERT,281
194699,"CASSEROLE WLID AND SIDE HANDLE 1000ML RB058",29.9,18,22,-4,-119.6,25-APR-026,RANDY,33
189606,"DOVE  LOTION  INTENSE CARE 400ML 18",77.99,18,8,10,779.9,26-APR-026,TITUS,21
74479,"UMBRELLA AUTO 70CM 10 RIBS",59,24,24,0,0,26-APR-026,NTUMY,164
81511,"DOLAIT NATURAL APRICOT YOGURT 200G 1",15.49,2,10,-8,-123.92,25-APR-026,DANIEL,XMAS
77042,"ENGLISH WRITING BOOK CAPITALSMALL LETTER EB 00012",19.9,18,19,-1,-19.9,25-APR-026,"JERUSHA ",284
N321,"STAR BEER MINI NRB 330ML 24",11.49,96,1,95,1091.55,25-APR-026,EMMANUEL,128
N767,"NESCAFE 3IN1 ORIGINAL 8X10 35G  8",44.49,17,27,-10,-444.9,26-APR-026,"DAVID BRUNO",80
102731,"SPARTAN GERMEX DISINFECTANT  CLEANER  12 L  12",41.49,3,15,-12,-497.88,25-APR-026,"ADIATOR MOSES ",7
107218,"BAUDUCCO WAFER WITH STRAWBERRY FLAV 78G  30",8.49,53,53,0,0,25-APR-026,ATITOGO,159
114485,"CASSEROLE 2800ML GLASS TEMPERED G27003",119,4,10,-6,-714,26-APR-026,SOMUAH,430
146986,"VARTA BATTERY LONGLIFE AAA BLISTER 4",55,8,16,-8,-440,25-APR-026,NTUMY,161
143202,"KNIFE TOMATO LEEZAMASTERCHEF 92  KR1",4.9,5,6,-1,-4.9,25-APR-026,"NANA KOJO",365
151137,"CHRISTMAS ORNAMENT GIFT BOX",359,3,3,0,0,25-APR-026,DANIEL,XMAS
152731,"SAMSUNG FRIDGE DD 301L RT31CG5421S9GH",11999,1,1,0,0,25-APR-026,"JOSEPH PATRICK",205
167849,"BROOM PLASTIC WWOODEN HANDLE H012 RJK",19.9,8,6,2,39.8,25-APR-026,DANIEL,XMAS
177630,"DAPHNIS ELBOWS 40250GM  40",4.99,22,23,-1,-4.99,25-APR-026,SOLOMON,74
187972,"JOJONAVISTRAWBERRY FRUIT CAN JUICE DRINK 330ML 24",13.49,4,11,-7,-94.43,25-APR-026,DELIGHT,86
191678,"SARA BEEF COCKTAIL SAUSAGE 405G  24",20.49,4,12,-8,-163.92,26-APR-026,"EMMANUEL MENSAH",124
200471,"WOK 28CM PALU ZHNBLY 811201C28",229,6,7,-1,-229,25-APR-026,OWUSU,374
200751,"COOKING POT WLID 28CM FALU ZHNBAROLY 114228",349,1,4,-3,-1047,25-APR-026,QUEENCILLA,375
33276,"HEAD  SHOULDERS SMOOTHSILKY SHAMPOO  400ML  6",74.99,4,4,0,0,26-APR-026,"PAUL OWUSU",38
204096,"NASCO FRIDGE DD 86L BLACK NASF211FLB",1799,1,1,0,0,25-APR-026,NYARKO,174
202786,"ST ANNS BROWN SUGAR BOTTLE 300G  12",16.99,11,11,0,0,25-APR-026,"EMMANUEL MENSAH",122
120383,"BELPAK MAX PAPER KITCHEN TOWEL 1 X6 ROLLS  6",42.49,1,1,0,0,26-APR-026,"ANANE KOJO",23
153839,"MY SUPER FANCY GLAM PURSE 22X28CM",29.9,33,31,2,59.8,25-APR-026,"JERUSHA ",284
160238,"PYREX MEASURE JUG 05L 263B0008046",99,6,5,1,99,25-APR-026,SYLVIA,426
168121,"FILLED CUSHION P EMBD 45X45CMGEOMETRY4 DC257",139,12,11,1,139,25-APR-026,GLADYS,504
180324,"COCOACARE BODY LOTION SS 265ML  6",17.99,9,28,-19,-341.81,25-APR-026,"BENEDICT ABBEY",37
179757,"LIPICE SUNCARE LIP BALM SINGLE PK12",19.49,4,6,-2,-38.98,26-APR-026,ELLA,36
187443,"TV STAND W2DRWR TAUARIOFF WHITE DUBAI 16",1649,1,1,0,0,25-APR-026,FRANCIS,527
194710,"PLATE CERAMIC 8INCHES QW003",19.9,15,35,-20,-398,26-APR-026,BLESSING,410
19823,"ENERGIZER BATTERY ALKALINE 9V MAX9V OLT 1X12PK",71.9,25,37,-12,-862.8,25-APR-026,NTUMY,161
26350,"SAIRO DERMO HAND WASH 500ML 12",28.99,15,15,0,0,25-APR-026,BISMARCK,43
CL137,"BOWL NTROWA 15LTR 44CMX15CM",24.9,11,11,0,0,25-APR-026,MORGAN,322
98480,"AMALFI HAND SOAP ROYAL JELLY 500ML  12",25.99,2,7,-5,-129.95,25-APR-026,BISMARCK,43
98504,"AMALFI BODY MILK VITAMIN E  500ML  15",28.99,3,3,0,0,25-APR-026,"BENEDICT ABBEY",37
103768,"GIVERS LIQUID DETERGENT 200ML 25",5.99,19,37,-18,-107.82,26-APR-026,TITUS,21
104655,"DORI ASSORTED FRUIT FLAV SOUR GUMMY WORMS 60G 16",13.99,10,11,-1,-13.99,26-APR-026,"ABIGAIL YEVUGAH",158
111867,"AQUA VITAE COMMINIUN WINE 1L 12",64.99,12,12,0,0,25-APR-026,"EDDIE MENSAH",107
130092,"PHILIPS DOWNLIGHT CONDUIT 24W 30K 8915005749801",129,2,3,-1,-129,25-APR-026,KWAFO,169
156986,"BATH MAT BEIGE 50X80CM BM1656",55,1,1,0,0,26-APR-026,"SAMUEL ADDO",402
155115,"DEW DKLE LITTLE DROPS DIAPERS 12PCS  MEDUIM  20",41.99,16,23,-7,-293.93,25-APR-026,QUEENCILLA,42
152202,"KOTEX MAXI NIGHT TIME 10S 6",59.99,3,3,0,0,26-APR-026,"BOADI STEPHEN",51
160122,"PARLE SIMPLY GOOD CEREAL BISCUITS 25G  72",1.09,36,143,-107,-116.63,26-APR-026,"KINGSLEY OP",94
162590,"ELBOW SUPPORTER 28078",109,4,4,0,0,26-APR-026,CHARLES,466
168822,"BEER TUMBLER 6PCS SET MUNICH 300ML 7090200773484",59,6,7,-1,-59,25-APR-026,"STEPHEN ACQUAH",420
183312,"PICNIC SET 31PCS PLASTIC BG712",89,6,6,0,0,25-APR-026,NASHIBA,333
190496,"BATHMAT PLAIN OVAL WLATEX ASSORTED 50X80CM",39.9,7,9,-2,-79.8,25-APR-026,"SAMUEL ADDO",402
200799,"FRYING PAN 20CM FALU ZHNBAROLY 2608G20",139,1,7,-6,-834,25-APR-026,QUEENCILLA,375
197527,"VASELINE LOTION SOOTHING HYDRATION 725ML12",105.99,17,23,-6,-635.94,26-APR-026,"BENEDICT ABBEY",38
36770,"CADELMONTE POMACE OLIVE OIL 1LT  12",149.99,7,7,0,0,26-APR-026,"NANA ADJEI",48
202843,"SERVING POT 1L CRYSTAL BW003J",34.9,7,13,-6,-209.4,26-APR-026,GLADYS,430
49192,"POMO TOMATO PASTE PILLOW PACK  200G 24",10.99,10,27,-17,-186.83,26-APR-026,CHRIS,60
53670,"JACK DANIELS GENTLEMAN WHISKY 700ML 6",669.99,5,5,0,0,25-APR-026,EMMANUEL,129
95681,"EASY GLASS CLEANER  PINK 825 ML  12",28.99,8,20,-12,-347.88,26-APR-026,LESTER,6
102965,"BELAIR AIR FRESHENER LAVENDAR 150ML  36",11.99,12,35,-23,-275.77,26-APR-026,ABASS,3
102540,"AHMAD TEA CEYLON TEA 100G 12",95.99,6,1,5,479.95,26-APR-026,TITUS,21
108343,"GREEN WORLD AIR FRESHNER ANTI TOBACCO 300ML 24",29.99,18,18,0,0,25-APR-026,ABASS,2
117206,"DOMS WAX CRAYONS SET 16PCS EXTRA LONG 3449",13.9,4,4,0,0,26-APR-026,MARIAM,292
120146,"LED CHANDELIER CRYSTALS G1801",599,1,2,-1,-599,25-APR-026,KWAFO,531
125899,"LAV WINE GLASS LVEMP553A",59,7,7,0,0,25-APR-026,SOMUAH,414
129304,"BOWL DOUBLE COLOUR PLASTIC L00489",17.9,19,20,-1,-17.9,25-APR-026,NASHIBA,334
130452,"MACCAW MANGO SENSATION 250ML  24",13.49,7,1,6,80.94,25-APR-026,JIMOH,1
148690,"DRY FLOWER SET 5PCS 155CM",99,1,15,-14,-1386,26-APR-026,AKAYIRI,462
14715,"EASY MOUZOO COCKTAIL TETRAPACK   JUICE 1L 12",23.99,12,35,-23,-551.77,26-APR-026,EMMANUEL,127
150383,"AKAI CHEST FREEZER DD 508L CF056AC508",8989,1,1,0,0,25-APR-026,JUSTICE,188
169859,"TURNER SS WWOOD HANDLE 8MM ROSEWOOD AA1811",35,12,15,-3,-105,26-APR-026,PATIENCE,348
170884,"DZIRE BLUETOOTH SPEAKER WLCHARGER CLOCK PSB805",339,1,1,0,0,25-APR-026,JUSTICE,191
179633,"CARPET 90X150CM IVORY PL WITF144690X150",459,1,1,0,0,26-APR-026,GAD,474
182194,"DZIRE FRIDGE DD 85L SILVER REFTMF11D",2249,1,1,0,0,25-APR-026,NYARKO,176
180240,"SOLDIER MENTHOLATED BAR SOAP 125G  36",12.99,14,26,-12,-155.88,26-APR-026,ALVIN,18
186039,"GLASS JUG WCUP 7PCS SET 1680165ML 19127DDE RJK",149,1,3,-2,-298,25-APR-026,"STEPHEN ACQUAH",424
185284,"ONGA 3 MIX GINGER ONIONGARLI SEASONI 2410 10G 24",11.29,47,25,22,248.38,25-APR-026,GIDEON,67
192686,"GIFT BAG SMALL 210G 18X23X10 KR1070S13",10.99,12,12,0,0,25-APR-026,"MICHAEL BOYE",302
191070,"FOGG DEO ROLL ON BOLD 50ML 48",20.99,2,41,-39,-818.61,25-APR-026,ELLA,34
190614,"SHOULDER STRAP",15.9,14,14,0,0,26-APR-026,HADASSAH,269
205529,"MILKY MIST SWEETEND CONDENSED MILK 200G  48",25.99,47,47,0,0,26-APR-026,"NANA ADJEI",81
56629,"PAPILION SHOWER GEL FRUIT THERAPY  400ML  12",27.99,1,1,0,0,25-APR-026,"ANANE KOJO",21
90526,"JOHNNIE WALKER BLACK LABEL 200ML 24",144.99,14,33,-19,-2754.81,25-APR-026,EMMANUEL,128
08477,"HARIBO GIANT STRAWBS 140G154G  12",29.99,24,25,-1,-29.99,25-APR-026,ABIGAIL,156
100696,"FLOOR LAMP ADJUSTABLE WSPRINGS",479,1,7,-6,-2874,25-APR-026,KWAFO,166
107896,"ELTRUT BEEF SAMOSA 8PCS  380G 1",50.99,9,15,-6,-305.94,26-APR-026,EVELYN,143
109868,"101 FAIRY TALES BOOK",35.99,6,6,0,0,26-APR-026,HERBERT,283
113983,"BELSODA CAN DRINK 330ML 24",8.49,46,51,-5,-42.45,25-APR-026,DELIGHT,85
126204,"AIRPRO HANGING BOTTLE AFRESHNER ARMANI SI 10ML 12",35.99,12,11,1,35.99,25-APR-026,ABASS,3
137274,"TORENTOREN WAFERS F CINNAMON CREAM D FCW 55G 144",6.29,120,194,-74,-465.46,25-APR-026,ATITOGO,160
135896,"FABER CASTELL BICOLOUR PENCIL SET OF 6 118106 FC",14.9,1,1,0,0,26-APR-026,MARIAM,295
152458,"SWING CHAIR RATTAN WCUSHION TY20233211",3190,1,1,0,0,26-APR-026,FRANCIS,525
149770,"BAKING SPATULA SILICONE ILB BD600KA0340 RJK",12.9,1,1,0,0,25-APR-026,"NANA KOJO",365
162769,"SHOE HORN PLASTIC 23INCHES SHN2 YWU",9.9,30,34,-4,-39.6,25-APR-026,HANNAH,275
158494,"ONE YOGO VANILLA YOGHURT 300ML 12",20.99,20,33,-13,-272.87,25-APR-026,EMMANUEL,133
161328,"FOUNTAIN 21X175X25CM 1208683SL",279,1,1,0,0,25-APR-026,"FELIX BOADU",151
166612,"COFFEE TABLE WMIRROR TOP BLACK ESPANHA",779,1,1,0,0,26-APR-026,FRANCIS,524
169873,"NASCO GAS COOKER 5B 80X60 SILVER NASGCAMG80S",4999,1,2,-1,-4999,25-APR-026,WONDER,260
168537,"MIRROR 2PCS SET 52X26",159,7,7,0,0,25-APR-026,HAYFORD,458
179142,"MELODICA MIX COLOR 24",39.9,2,4,-2,-79.8,25-APR-026,JUSTICE,270
192741,"CURTAIN SHEER KHAKI 54X90 PL Y2151",99,12,12,0,0,25-APR-026,GIFTY,492
190036,"CEILING BRUSH 17M PLASTIC YWU",16.9,28,30,-2,-33.8,25-APR-026,DANIEL,XMAS
200344,"AMERICAN CHEF BICARBONATE OF SODA 100G 48",11.99,57,58,-1,-11.99,26-APR-026,"FELIX BOADU",65
86991,"KI FRESH MENTHOL CHEWING GUM 10PCS 12G  240",10.99,33,35,-2,-21.98,25-APR-026,ABIGAIL,155
82789,"AKAI WASHING MACHINE TT 82KG WM030A8006S",3199,1,1,0,0,25-APR-026,AKAYIRI,203
09489,"BADIA ITALIAN SEASONING 354G  6",76.99,11,11,0,0,26-APR-026,BISMARCK,45
102968,"BELAIR AIR FRESHENER VANILLA 150ML  36",11.99,4,17,-13,-155.87,26-APR-026,ABIGAIL,5
115182,"BABY WALKER ROCKABLE WMUSICLIGHT YW889C",499,2,3,-1,-499,25-APR-026,DANIEL,XMAS
148438,"DINNER PLATE 10INCHES CERAMIC GGK YWU",49.9,3,1,2,99.8,25-APR-026,SOMUAH,412
164212,"SAIRO MOUTHWASH FRESH MINT 500ML  16",26.99,9,14,-5,-134.95,25-APR-026,"BOADI STEPHEN",53
166265,"LAV TUMBLER 3PCS SET LVEMP368A",39.9,5,6,-1,-39.9,25-APR-026,SOMUAH,415
185834,"MCVITIES SPECULOOS AND GINGER COOKIES 168G  12",31.99,12,11,1,31.99,25-APR-026,DORIS,97
186912,"FOOD CONTAINER 4PCS SET PLASTIC ROUND 9840B YWU",129,3,3,0,0,25-APR-026,"NANA ADJEI",329
193009,"CORK OPENER ZHN A21426",14.9,10,11,-1,-14.9,25-APR-026,OWUSU,370
22657,"GREENWORLD AIRFRESHENER TUTTI FRUTTI 400ML  48",34.99,5,5,0,0,25-APR-026,ABASS,2
44687,"LELE SUNFLOWER OIL 1 L 12",49.99,5,5,0,0,26-APR-026,"NANA ADJEI",48
202848,"DINNER SET 16PCS MATT CERAMIC T164002",199,1,2,-1,-199,25-APR-026,BLESSING,405
81364,"PAVOLLI YELLOW GOLD 310G  12",79.99,7,18,-11,-879.89,26-APR-026,GIFTY,89
69794,"CERES APPLE  200ML  24",12.99,44,48,-4,-51.96,26-APR-026,"PAUL OWUSU",84
97352,"SAIKIRPA NAPHTHALENE BALLS WHITE 300G  60",23.99,32,34,-2,-47.98,26-APR-026,"ADIATOR MOSES ",9
97763,"KELLOGGS COCO POPS 360G  10",59.99,10,21,-11,-659.89,26-APR-026,EMMANUEL,127
115952,"SANITA CLUB 2KITCHEN TOWELS  10",24.99,4,13,-9,-224.91,25-APR-026,ELLA,31
125242,"ROMAR AIR REFRESHNER SPRAY WHITE  FLOWERS 300ML  8",39.99,11,11,0,0,25-APR-026,ABASS,2
134966,"CHANDELIER 3RINGS HANGING DESIGN A246",779,1,2,-1,-779,25-APR-026,KWAFO,530
148686,"ARTIFICIAL PLANT 80CM",359,1,5,-4,-1436,25-APR-026,WISE,446
157461,"WALL CLOCK 12 30X30X41CM INF6715",79,5,5,0,0,25-APR-026,"GAD ",471
162851,"CURTAIN JACQUARD 54X90 BLACK 331",219,12,12,0,0,25-APR-026,GILBERT,500
166065,"AQUAFRESH ACTIVE FRESH TOOTHPASTE 100ML 12",31.99,12,12,0,0,25-APR-026,"BOADI STEPHEN",54
171700,"KALYON COTTON BUDS 200 BUDS 144",18.29,24,54,-30,-548.7,25-APR-026,TITUS,21
186071,"WHISKEY GLASS SET 6PCS 330ML GRAY L35056 RJK",59,1,10,-9,-531,26-APR-026,SOMUAH,416
186071,"WHISKEY GLASS SET 6PCS 330ML GRAY L35056 RJK",59,9,10,-1,-59,25-APR-026,SOMUAH,416
192667,"GIFT BAG MEDIUM 210G 26X32X125 KRK2121M14",8.99,12,12,0,0,25-APR-026,MARYLAND,301
190725,"MANICURE 6PCS SET YWU",24.9,3,3,0,0,25-APR-026,HADASSAH,267
190609,"BOYGIRL BALL",22.9,12,12,0,0,26-APR-026,HADASSAH,269
39477,"PEPSODENT CAVITY FIGHTER TOOTHPASTE 65G  72",9.49,18,18,0,0,25-APR-026,"BOADI STEPHEN",54
73973,"LESIEUR MAYONNAISE WITH FRESH EGGS 475G  12",56.99,13,13,0,0,25-APR-026,SOLOMON,73
97064,"BEER GLASS 6PCS SET YWU",49.9,1,1,0,0,25-APR-026,"STEPHEN ACQUAH",418
97653,"SUNLIGHT GREEN DISH WASH BTL 750ML  15",45.99,15,15,0,0,25-APR-026,ALVIN,14
04199,"VASELINE MEN COOLING BODY LOTION 400ML 48",49.99,21,48,-27,-1349.73,26-APR-026,NTUMY,163
145389,"FRUIT BALLER DOUBLE FUNCTION 04GD256",4.9,4,2,2,9.8,25-APR-026,"NANA KOJO",365
162844,"CURTAIN JACQUARD 54X90 DK PINK 270",219,15,15,0,0,25-APR-026,ESINAM,483
166002,"SO FRESH APPLE FRUIT JUICE 1L 6",26.99,12,15,-3,-80.97,26-APR-026,EMMANUEL,127
176034,"BROOM WSTICK VENUS GBB18",34.9,8,15,-7,-244.3,25-APR-026,DANIEL,XMAS
176353,"BLACK DINNER PLATE 25 FRC V2120",49.9,19,19,0,0,26-APR-026,BLESSING,409
37236,"VASELINE COCOA RADIANT BODY OIL 200ML   18",124.99,4,17,-13,-1624.87,26-APR-026,"BENEDICT ABBEY",38
23129,"ENA PA SARDINES IN VEGETABLE OIL 125G 50",11.99,50,171,-121,-1450.79,26-APR-026,OTHNIEL,126
39385,"MERITO SPRAY STARCH ORIGINAL 500ML 24",70.49,24,24,0,0,25-APR-026,ABIGAIL,6
70033,"DOORMAT USA 44X66",49.9,5,35,-30,-1497,25-APR-026,DANIEL,XMAS
52717,"CUSSONS BABY OIL SOFT  SMOOTH 100ML  48",12.49,6,11,-5,-62.45,26-APR-026,RICHMOND,50
95804,"GIFT BAG 26X32X10CM",9.9,12,12,0,0,25-APR-026,DANIEL,XMAS
93866,"DUMBBELL RACK OWN USE LRK106",2299,1,1,0,0,26-APR-026,"GEORGE PUPLAMPU ",467
108889,"MARILAN MAGIC TOAST WHOLEGRAIN CRISPBREAD 110G 24",15.99,12,29,-17,-271.83,26-APR-026,"KINGSLEY OP",94
112349,"GRANDMAS GROUNDNUT PASTE 500G  20",33.99,27,27,0,0,26-APR-026,"FELIX BOADU",65
121038,"EDUCATIVE RUBBER STAMP  FARM ANIMALS 4YRS 50787",59,4,4,0,0,25-APR-026,HERBERT,279
133972,"BEL ICE ALC LEMON FLAVOURED DRINK 55 330ML 24",8.49,14,38,-24,-203.76,25-APR-026,APPIAH,109
134401,"HYSON ORGANIC TEA ROOIBOS 225G 24",43.99,9,21,-12,-527.88,25-APR-026,AKORFA,58
139345,"LETTUCETFM PACK",13.99,2,2,0,0,25-APR-026,JIMOH,134
131354,"STORY BOOK EDUCATION EB 914",10.9,3,3,0,0,25-APR-026,HERBERT,282
131543,"YOGA STRAWBERRY  YOGHURT 330ML 1",19.99,6,7,-1,-19.99,25-APR-026,EMMANUEL,133
154767,"ROSE FLOWER BUILDING BLOCKS 330PCS MKR196532",115,15,15,0,0,25-APR-026,HERBERT,278
164044,"VACCUM FLASK 1200ML PLASTIC 161705005",99,2,2,0,0,26-APR-026,"MICHAEL BOYE",307
160050,"SPORTS BOTTLE WHANGER 750CC PLASTIC 161407086",24.9,10,19,-9,-224.1,26-APR-026,GILBERT,313
171980,"WALL LIGHT BLACKGOLD 61406WW",259,1,2,-1,-259,25-APR-026,KWAFO,166
181830,"CERAMIC BOWL ROUND 75INCHES LDS006",19.9,13,37,-24,-477.6,25-APR-026,SOMUAH,412
192587,"GIFT WRAPPING PAPER 2PCS 70X100CM",11.99,3,12,-9,-107.91,25-APR-026,HADASSAH,266
191836,"BUTCHERS DELICIOUS DINNERS JUMBO PK MIX FISH 100G",16.99,14,9,5,84.95,25-APR-026,ABASS,1
191123,"REALMAN SCENT EDP  PURE NEROLI 100ML 30",164.99,19,20,-1,-164.99,25-APR-026,ELLA,33
191340,"TCL CHEST FREEZER SD 200L F257CFSL",3599,1,1,0,0,25-APR-026,"JOSEPH PATRICK",205
190571,"PARTY POPPER 38CM",45.9,1,3,-2,-91.8,25-APR-026,HADASSAH,268
201780,"PARMALAT DAIRY SNACK  TROPICAL YOGURT  100G 12",39.99,6,6,0,0,25-APR-026,CHRIS,61
204919,"GLASS BOWL 8INCH EMBOSSED",14.9,23,23,0,0,26-APR-026,SYLVIA,428
90229,"RENDEZ VOUS NON ALC SPARK WINE BLUE  75CL  6",40.99,22,9,13,532.87,25-APR-026,"EDDIE MENSAH",106
75730,"FRIDGE BOTTLE 1000ML CELLO H20",9.9,1,2,-1,-9.9,26-APR-026,GILBERT,311
64717,"PARLE RIK RAK STRAWBERRY FILLED WAFER 18G 72",1.09,67,68,-1,-1.09,26-APR-026,DERRICK,96
73553,"MAGIC MOMENT VODKA CHOCOLATE 1L 12",84.99,5,5,0,0,25-APR-026,MAHAMA,117
N757,"RED BULL SUGAR FREE 250ML 24",27.99,3,4,-1,-27.99,25-APR-026,DELIGHT,85
102966,"BELAIR AIR FRESHENER ROSE 150ML  36",11.99,25,26,-1,-11.99,26-APR-026,ABIGAIL,5
119291,"HAPPYFLAKES NUT GRANOLA  375G 8",44.99,8,8,0,0,25-APR-026,"KINGSLEY OP",91
114770,"FANICE VANILLA  STRAWBERRY DOUBLE TREAT 1L 1",46.99,30,31,-1,-46.99,25-APR-026,EMMANUEL,135
110795,"TELON DECAF BLACK TEA 255 TEABAGS   12",35.99,5,5,0,0,25-APR-026,AKORFA,59
129393,"PAPER NAPKIN FOOTBALL DESIGN 20SHEET 33X33CM",11.9,49,62,-13,-154.7,25-APR-026,DANIEL,XMAS
123432,"BOX STACKING NOVALINE 260X160X140MM 03010103",19.9,2,9,-7,-139.3,26-APR-026,RICHMOND,253
129961,"CUSSONS BABY GIFT BOXTEDDY BEAR  6",187.99,7,7,0,0,26-APR-026,WISE,40
131631,"CAKE FONDANT CUTTER 3PCS SET A8101",1.9,56,56,0,0,25-APR-026,"ALHASSAN RANDY",385
159692,"JUKI NUTS  UNSALTED ROASTED CASHEWS 50G  30",17.99,16,16,0,0,26-APR-026,MAHAMA,119
159784,"PAPER LARGE BAG 250G 43X55X15CM",21.99,7,44,-37,-813.63,25-APR-026,"MICHAEL BOYR",302
159795,"RUBBER BAND 100G COLOR MIX",9.9,9,16,-7,-69.3,25-APR-026,HADASSAH,268
168037,"FILLED CUSHION P VELVET 45X45CMBEIGE DC246",149,4,4,0,0,25-APR-026,GLADYS,505
179430,"FOUNTAIN 121X21X26CM 1243677SL",299,2,2,0,0,25-APR-026,HAYFORD,458
181824,"CERAMIC SQ PLATE 105INCHES LDS001",29.9,12,12,0,0,26-APR-026,BLESSING,409
179162,"CHESS  BOARD GAME 31X16CM",65,2,2,0,0,25-APR-026,HERBERT,280
184073,"PIZZA PAN 28CM FALU ZHNBLY 104728",159,1,8,-7,-1113,25-APR-026,PHILEMON,359
191775,"CEILING BROOM BENEDICTA",59,15,16,-1,-59,25-APR-026,DANIEL,XMAS
48208,"ALUMINIUM FOIL CONTAINER 12PCS  SMALL  45",27.99,7,24,-17,-475.83,26-APR-026,DORIS,24
84633,"COAT STAND METAL YWU",119,1,2,-1,-119,25-APR-026,FRANCIS,527
57733,"NEON COFFEE VODKA  750ML  12",79.99,7,7,0,0,25-APR-026,MAHAMA,117
102955,"FRES LIQUID SOAP MARINE 350ML  24",17.99,8,30,-22,-395.78,26-APR-026,QUEENCILLA,42
104207,"DUSTBIN WPEDAL 40L PLASTIC M1056",209,1,6,-5,-1045,25-APR-026,HAYFORD,454
120168,"ENERGIZER LED LANTERN GPLN451",179,2,4,-2,-358,25-APR-026,KWAFO,170
113788,"PURE DELIGHT MILK CREAM WAFER 39G 72",3.19,69,75,-6,-19.14,25-APR-026,"ABIGAIL YEVUGAH",157
125359,"ROMAR FABRIC SOFTENER TALC 750ML  15",36.99,3,36,-33,-1220.67,26-APR-026,ALVIN,16
161278,"BELPAK LOVE NAPKIN   15",5.99,5,20,-15,-89.85,26-APR-026,"COLLINS HAMMOND",30
182106,"FARAGELLO GRAPE NECTAR TETRA PACK 1L 12 BLUE",24.99,12,25,-13,-324.87,26-APR-026,EMMANUEL,127
176320,"LA CAVE STEM 470ML FRC J9400",59,2,10,-8,-472,25-APR-026,"STEPHEN ACQUAH",418
193137,"PLUSH TOY 48CM",189,2,16,-14,-2646,26-APR-026,MARIAM,293
38690,"BORGGREVE CHOCOLATE SHORTBREAD 200GR 16",38.99,3,23,-20,-779.8,25-APR-026,DERRICK,96
204915,"GLASS BOWL 9INCHES EMBOSSED",19.9,16,22,-6,-119.4,26-APR-026,SYLVIA,428
85651,"EASY MOUZOO APPLE JUICE GLASS BOTTLE 1L  6",32.99,6,40,-34,-1121.66,26-APR-026,EMMANUEL,127
TH042,"THERMOS LUNCH KEEP 40LTR 4 SSPD",75,3,3,0,0,25-APR-026,"MORGAN ",325
03473,"ROMAR SOFTENER CONC MARSEILLE SOAP 2L  6",79.99,1,5,-4,-319.96,25-APR-026,"FELIX BOADU",153
106885,"BLACK RAM PREMIUM BLENDED WHISKY 700ML 6",124.99,7,7,0,0,25-APR-026,MAHAMA,118
108454,"BLUE SKIES COFFEE LATTE  ICE CREAM 125ML 1",16.99,7,5,2,33.98,25-APR-026,EMMANUEL,135
119205,"PANDA TOY 35CM UTAS0011",159,3,9,-6,-954,25-APR-026,HANNAH,276
115336,"LA SALUD  DETERGENT 40 WASHES MARSEILLE 265L  4",88.99,4,4,0,0,26-APR-026,ALVIN,15
135997,"CAR SCENT CANISTER CAN AIR REFRESHNER ASSORTED  24",53.49,12,66,-54,-2888.46,26-APR-026,"PAUL OWUSU",38
138920,"GEISHA ALOE VERA  HONEY SOAP 250G 36",18.99,55,45,10,189.9,25-APR-026,"ANANE KOJO",20
151280,"ATMOSPHERE LIGHT",69,1,2,-1,-69,25-APR-026,KWAFO,172
167691,"LUNCH BOX INSULATED 1COMP SSTEEL D2007343 YWU",59,7,4,3,177,25-APR-026,"MICHAEL BOYE",305
179650,"CARPET 140X200CM BLACK WHITE PL WITF0130140X200",769,1,1,0,0,25-APR-026,"GIDEON GBLOGAH",508
179164,"CHECKERS BOARD GAME 185X145CM",75,1,1,0,0,25-APR-026,HERBERT,280
187957,"DECORATIVE ACCESSORY",99,2,2,0,0,26-APR-026,HAYFORD,461
187297,"CURTAIN ROD MATT BLACK 3BRAKET 160300CM A15300MB",99,7,7,0,0,26-APR-026,GAD,474
183281,"BEER GLASS 6PCS SET 405ML OHANA BW 3914 RJK",49.9,2,2,0,0,26-APR-026,SOMUAH,417
194914,"KNIFE 3PCS SET ZHN 210233",16.9,10,45,-35,-591.5,25-APR-026,NASHIBA,335
190731,"MANICURE 3PCS SET YWU",6.9,2,3,-1,-6.9,25-APR-026,HADASSAH,267
190082,"LAMP PORTABLE MULTIFUNCTION",159,23,23,0,0,25-APR-026,NYARKO,178
197906,"VIP TROLLEYCASE WWHEEL 8W TREKK LG TREKTW8LPL",599,1,1,0,0,25-APR-026,MARYLAND,296
45383,"MEANNAN RED PALM OIL 2LTS  6",99.99,2,2,0,0,26-APR-026,"NANA ADJEI",48
90526,"JOHNNIE WALKER BLACK LABEL 200ML 24",144.99,19,33,-14,-2029.86,25-APR-026,EMMANUEL,129
06556,"DISH CLOTH PRINTED 2 PCS DC 514",22.9,8,8,0,0,25-APR-026,ELLA,31
100968,"CURTAIN POLYESTER 52X84  WHANGER DRTH1493",129,11,11,0,0,25-APR-026,GLADYS,501
129031,"GRATER SINGLE SIDE WGRIP HANDLE 30405 YWU",6.9,35,37,-2,-13.8,25-APR-026,PHILEMON,356
121430,"BISTRO BELGIQUE FRENCH FRIES STRAIGHT 9X9 25KG 4",114.99,8,8,0,0,25-APR-026,EVELYN,140
138806,"BUMBLE BABY WET WIPES 100 PCS LA BELLA  12",26.99,3,3,0,0,26-APR-026,"BENEDICT ABBEY",39
148821,"CAKE BOARD SQUARE 10PCS GOLDSILVER 3MM 25CM YWU",39.9,4,4,0,0,25-APR-026,"ALHASSAN RANDY",382
140113,"CARPET MET FUR 160X230CM ASTD",379,1,5,-4,-1516,25-APR-026,"GIDEON GBLOGAH",508
156617,"ARTIFICIAL FLOWER 9  6 COLOUR MIX",59,1,9,-8,-472,26-APR-026,ESINAM,462
186386,"FINI SELECTION MIX PACK 150G 20",41.99,1,1,0,0,25-APR-026,"ABIGAIL YEVUGAH",157
186925,"GOLDMAN PARANI BROWN SUGAR SACHET 650G 12",32.99,15,15,0,0,25-APR-026,"EMMANUEL MENSAH",122
184037,"STASOFT FABRIC SOFT OCEAN FRESH STP121220ML 12",27.99,1,21,-20,-559.8,26-APR-026,"ARTHUR JONADAB",28
182598,"RECLINER SOFA SET 1R1R3RR RR5028WBROWN",13990,1,1,0,0,25-APR-026,FRANCIS,522
192702,"GIFT BAG 12X12X6 TXHZ1325765",19.99,6,6,0,0,25-APR-026,MARYLAND,301
190110,"FOLDING CHAIR GREY VS1311GRY",249,6,6,0,0,25-APR-026,SHADRACK,509
192235,"DRAINA COLANDER 6 HL0135DC",3.9,80,80,0,0,25-APR-026,OTHNIEL,343
200454,"FRYING PAN WLID 20CM FALU ZHNBLY 81120G20",149,8,9,-1,-149,25-APR-026,PATIENCE,346
37652,"DEVA GLASS CLEANER 750ML  12",25.99,5,15,-10,-259.9,26-APR-026,LESTER,6
69862,"MEGGLE WHIPPING CREME DUAL UNSWEETENED 1L 12",104.99,12,12,0,0,25-APR-026,EMMANUEL,133
00869,"COWBELL MILK STRAWBRY 35G 10 X12  120",5.99,96,99,-3,-17.97,25-APR-026,DAVID,BRUNO
106638,"CHARLES DU LAC BRUT WINE 750ML 6",48.99,4,4,0,0,25-APR-026,APPIAH,111
119288,"DOMS PLASTIC CRAYON SET 28SHADES WTIN 7122",35.9,1,1,0,0,26-APR-026,GIDEON,294
117210,"DOMS WATER COLOUR CAKES SET 24PCS 23MM 7428",35.9,9,9,0,0,26-APR-026,MARIAM,292
125897,"LAV TUMBLER 6PCS SET LVTOK354F",99,3,11,-8,-792,26-APR-026,SOMUAH,416
122210,"GREENWORLD BAMBU AFRESHNER  ELEGANT 100ML 12",82.99,6,18,-12,-995.88,25-APR-026,HAYFORD,457
138233,"ROSSWOOD PREM ROASTED CASHEW NUTS CHOCO 150G  24",57.49,22,26,-4,-229.96,26-APR-026,MAHAMA,119
134132,"FIRST BOARD BOOK",18.9,1,1,0,0,25-APR-026,"JERUSHA ",284
131637,"CAKE FONDANT CUTTER 3PCS SET A8107",1.9,48,48,0,0,26-APR-026,"ALHASSAN RANDY",384
178698,"CURTAIN EMB GROMET BURGU 52X90 02PA7141D",139,10,10,0,0,25-APR-026,ESINAM,484
176151,"KIDS AIR BALL 22CM",19.99,26,31,-5,-99.95,25-APR-026,CHARLES,463
179006,"ABACUS TOY  OPP YW",19.9,11,5,6,119.4,25-APR-026,JUSTICE,270
188572,"BIRTHDAY BALLON NUMBER 40CM 8058617589151",9.9,18,18,0,0,26-APR-026,HADASSAH,269
183978,"CERAMIC BOWL 6 ZBG11 RJK",8.9,20,20,0,0,25-APR-026,SOMUAH,411
184340,"DINNER TRAY WCOMPARTMENT 34CM SS 60600132 50073",44.9,24,24,0,0,26-APR-026,OTHNIEL,338
194689,"FASHIONABLE DOLL SET 44X33CM HCL O51050",199,6,6,0,0,25-APR-026,HERBERT,278
189270,"XMAS ORNAMENT 10CM 257625173",29.9,1,1,0,0,25-APR-026,DANIEL,XMAS
44387,"AKAI GAS STOVE 2B GC018A8201",349,1,2,-1,-349,25-APR-026,"JOSEPH PATRICK",199
203957,"DECAKILA AIR FRYER 55L 1500W KEEC101B",779,1,1,0,0,25-APR-026,"COLLINS HAMMOND",238
75280,"BINATONE KETTLE 30L 1650W2200W BLACK CEJ 3000",475,1,1,0,0,25-APR-026,LESTER,250
80540,"PALLET KNIFE  9 YWU",9.9,13,23,-10,-99,25-APR-026,"NANA KOJO",366
81425,"TONG GARDEN SALTED PEANUTPOUCH 160G  36",30.99,18,31,-13,-402.87,25-APR-026,"EMMANUEL MENSAH",121
72786,"HEAVEN INSECTICIDES SPRAY 300ML 24",35.99,14,14,0,0,26-APR-026,"BOADI STEPHEN",9
90603,"CURTAIN ROD SINGLE 120 TO 210 11032210AB",119,5,5,0,0,26-APR-026,GAD,474
00521,"AKAI AVR 2KVA AVR003A  2000VA",779,3,4,-1,-779,25-APR-026,DANIEL,256
102983,"BABYMED PERFUMED POWDER 250G  48",14.49,16,16,0,0,26-APR-026,LESTER,50
118277,"EASY MOUZOO GRAPE NECTAR GLASS BOTTLE 250ML  24",10.99,40,54,-14,-153.86,26-APR-026,KWAFO,83
118279,"FARAGELLO GOLD GRAPE NECTAR GLASS BOTTLE 1L  6",33.99,26,36,-10,-339.9,25-APR-026,DORIS,99
115197,"NAPOLEON GOLD KING VSOP 700ML 6",75.99,3,3,0,0,25-APR-026,MAHAMA,115
125748,"TUMBLER OCTIME 6PCS SET 310ML DXB L7353",79,9,8,1,79,25-APR-026,"STEPHEN ACQUAH",418
121313,"VARTA BATTERY LONGLIFE POWER AA BLISTER 2",36,33,31,2,72,25-APR-026,NTUMY,161
122728,"UNIMAX JOYMATE BALLPEN BLACK 10MM FBJYMBK10",1.49,1,3,-2,-2.98,26-APR-026,SHADRACK,158
133199,"NEAT BLEACH 1L  12",19.29,13,13,0,0,26-APR-026,"GIDEON GBLOGAH",12
150380,"CURTAIN W8 GROMENT GOLD 54X90 JQ030",119,12,12,0,0,25-APR-026,GIFTY,492
158415,"NASCO FRIDGE DD 110L NASF2130",2199,2,2,0,0,25-APR-026,NYARKO,175
162455,"COFFEE TABLE ROUND SET2 MARBLE TOP LCT949",1899,1,2,-1,-1899,26-APR-026,FRANCIS,525
162606,"TABLE TENNIS BAT BLAZE 32180",199,1,2,-1,-199,25-APR-026,"GEORGE PUPLAMPU",467
179781,"STACKABLE CONTAINER WWHEELS 36L PLASTIC 3210",159,1,1,0,0,25-APR-026,"PAUL OWUSU",354
184323,"TONG SS WGRIP 9 60520135",29.9,17,17,0,0,25-APR-026,OWUSU,368
192623,"PHILIPS BLENDER W2MILL 2L 600W PLASTIC HR219130",1299,1,1,0,0,25-APR-026,PRINCE,223
190050,"BEER GLASS 450ML FOOTBALL YWU",14.9,24,24,0,0,25-APR-026,"STEPHEN ACQUAH",422
190637,"POOL SHIP",79,5,5,0,0,25-APR-026,CHARLES,465
201772,"BAR FOR DUMBELLS 14 SFBAR14PULG",79,4,4,0,0,25-APR-026,"GEORGE PUPLAMPU",467
195737,"ELLE HOME SOAP DISPENSER SET 2PCS EB202406193",44.9,3,8,-5,-224.5,26-APR-026,VINOLIA,442
197088,"MCBERRY CHOCO VANILLA BALLS BISCUITS 19G  100",1.99,73,69,4,7.96,26-APR-026,"KINGSLEY OP",91
202216,"OBA GARI SOAKINGS MIX 4 IN 1 125G  40",4.99,36,36,0,0,25-APR-026,"FELIX BOADU",66
81376,"MARIE BRIZARD TRIPLE SEC LIQUEUR 700ML  6",240.99,6,6,0,0,25-APR-026,MAHAMA,116
66315,"LELE STRAWBERRY FLAVOURED TEA  375G 12",17.99,10,14,-4,-71.96,25-APR-026,AKORFA,59
K402,"SS KNIFE DESERT4P1761261 48A",14.9,42,67,-25,-372.5,25-APR-026,DANIEL,KITCHEN
91623,"AWAKE MINERAL WATER 750ML  16",2.29,9,195,-186,-425.94,25-APR-026,EMMANUEL,135
94977,"SEARA CHICKEN BREAST BONELESS SKINLESS 2KG  6",169.99,13,13,0,0,26-APR-026,NYARKO,182
97028,"PLUSH TOY 28CM",79,2,9,-7,-553,26-APR-026,HANNAH,276
97640,"FARAGELLO GOLD PINEAPPLE NECTAR TETRA PACK 1L 12",29.99,12,1,11,329.89,26-APR-026,EMMANUEL,127
07716,"FANICE VANILLA 2L X 1",75.99,5,10,-5,-379.95,25-APR-026,EMMANUEL,135
09492,"BADIA 1225OZ OREGANO WHOLE 142G 8",44.99,5,5,0,0,25-APR-026,BISMARCK,45
09534,"BADIA ADOBO WITH PEPPER  3614G  12",89.99,10,10,0,0,26-APR-026,BISMARCK,45
104387,"CROWNSTAR CHAF DISH RECTANGLE 2COMP MC911223 RK",399,4,4,0,0,25-APR-026,"ALHASSAN RANDY",382
119429,"MYST NATURAL MINERAL WATER 1L 12",5.29,5,188,-183,-968.07,25-APR-026,EMMANUEL,135
117081,"BLING DETERGENT POWDER 45KG  2",148.99,2,2,0,0,26-APR-026,"ARTHUR JONADAB",28
110194,"SERVING TRAY MELAMINE 20 INCHES ZHN A318205",39.9,15,15,0,0,26-APR-026,QUEENCILLA,379
125248,"BUMBLE BABY DIAPERS TWIN N1 NEW BORN 50PCS  5",139.99,4,4,0,0,26-APR-026,WISE,40
126673,"WALL CLOCK SAKURA 36X36X42 2956",89,7,7,0,0,25-APR-026,"GAD ",471
14806,"DEVA OCEAN LIQUID HAND SOAP 350ML 24",19.49,5,14,-9,-175.41,26-APR-026,QUEENCILLA,42
14577,"EMBORG CHICKEN FRANKS HOT  SPICY 340G 32",57.99,24,21,3,173.97,25-APR-026,EVELYN,142
156706,"LADLE SPOON SSTEEL YWU",29.9,18,18,0,0,25-APR-026,OWUSU,369
156722,"ESSENTIAL OIL 4PCS SET",65,8,7,1,65,25-APR-026,HAYFORD,457
159696,"JUKI NUTS CHILI ROASTED CASHEWS 150G  30",50.99,26,26,0,0,26-APR-026,MAHAMA,119
162726,"STRESS BALL 65CM",5.99,16,76,-60,-359.4,26-APR-026,SHADRACK,158
175182,"WALLS POPULAIRE CHOCOLATE VANILLA 90ML 40",7.99,1,1,0,0,25-APR-026,EMMANUEL,135
169499,"CUSHION EMBROIDERY 380G FILLING 45X45CM EHAMK005",149,1,8,-7,-1043,25-APR-026,GLADYS,506
186936,"KITCHEN TROLLEY 4LAYER 50X35X112CM MP YH518 YWU",149,1,1,0,0,25-APR-026,NASHIBA,334
186959,"DUSTPAN WBRUSH SET SSTEEL 8725 YWU",99,17,17,0,0,25-APR-026,DANIEL,XMAS
188280,"GINO JOLLOF TOMATO MIX 105KG  12",39.99,112,119,-7,-279.93,26-APR-026,EMMANUEL,127
191095,"OSSUM FRAGRANCE BODY SPRAY APPEAL 120ML 72",69.99,19,65,-46,-3219.54,26-APR-026,ELLA,35
192017,"TCL FRIDGE DD 165L SILVER F216TMS",3899,1,2,-1,-3899,25-APR-026,NYARKO,174
32963,"AFTER DARK PREMIUM GRAIN WHISKY 750ML 12",123.99,1,1,0,0,25-APR-026,MAHAMA,117
80581,"SINGLE PEELER",2.9,14,42,-28,-81.2,25-APR-026,"NANA KOJO",365
N767,"NESCAFE 3IN1 ORIGINAL 8X10 35G  8",44.49,8,27,-19,-845.31,26-APR-026,EMMANUEL,127
94234,"EVEREADY BATTERY SUPER HEAVY DUTY 1X20 AA4",17,33,32,1,17,25-APR-026,NTUMY,161
94241,"MADAR RENZO MPURPOSE LEMON LIQUID SOAP 750ML  12",24.19,3,29,-26,-628.94,26-APR-026,TITUS,21
99602,"ENA PA NONDAIRY CREAMER 20G 200",1.89,229,269,-40,-75.6,26-APR-026,"DAVID BRUNO",80
00529,"AKAI AVR 5KVA  AVR004A  5000VA",1699,1,3,-2,-3398,25-APR-026,DANIEL,256
115045,"HERO NATURAL HONEY 450G 12",129.99,18,18,0,0,26-APR-026,GIFTY,63
126223,"AIRPRO AIRFRESHNER ORGANIC CAN BLACKCRYSTAL 42G 24",39.99,31,31,0,0,26-APR-026,ABIGAIL,5
133980,"BACKPACK PVC 29CM KL11492",49,22,22,0,0,25-APR-026,MORGAN,324
146986,"VARTA BATTERY LONGLIFE AAA BLISTER 4",55,8,16,-8,-440,26-APR-026,"ABIGAIL YEVUGAH",158
159318,"CHESS WOOD 295X15X55 8326",165,1,1,0,0,25-APR-026,HERBERT,279
160882,"DINNER PLATE MELAMINE 10 INCHES FEILU 18105",18.9,2,36,-34,-642.6,25-APR-026,BLESSING,407
160047,"BOTTLE WINFUSER 750CC PLASTIC SSPD 161668001",24.9,10,10,0,0,26-APR-026,GILBERT,311
162512,"NANI MILK PLAIN YOGHURT 1000G 1",41.99,16,17,-1,-41.99,25-APR-026,EMMANUEL,133
166898,"ACTIVITY BOOK STEP INTO THE FUN FACTS",24.9,12,13,-1,-24.9,25-APR-026,"JERUSHA ",284
167245,"TWISCO ENERGY FOOD DRINK SACHET 20G  250",2.19,172,178,-6,-13.14,26-APR-026,"DAVID BRUNO",80
169520,"EXCELO MOMO WHITE COOKIES BISCUITS 36G  60",3.19,37,31,6,19.14,25-APR-026,DERRICK,96
179765,"SALT SHAKER PLASTIC 1071",6.9,1,1,0,0,25-APR-026,PHILEMON,359
186712,"COOKWARE SET 6PCS SSTEEL HROLAND HR1691",699,1,2,-1,-699,25-APR-026,OWUSU,374
183283,"ICECREAM CUP 6PC SET 250ML VANILLA PJ 929 RJK",59,3,3,0,0,26-APR-026,SOMUAH,417
185194,"AKAI TOWER FAN 42 EF128A4208T",745,1,1,0,0,25-APR-026,AKAYIRI,207
194103,"CHERRY TOMATO 250G WFA",41.99,38,38,0,0,25-APR-026,JIMOH,134
188914,"PARTY POPPER MIX COLORS",19.9,9,9,0,0,26-APR-026,HADASSAH,269
198482,"LUNCH BOX KIDS PLASTIC 3047A YWU",49.9,20,20,0,0,25-APR-026,"MICHAEL BOYE",305
197090,"MCBERRY CHOCO FLAKES BISCUITS 19G  100",1.99,104,104,0,0,25-APR-026,"KINGSLEY OP",91
90089,"STUDDS JADE FULL FACE MB HELMET MEDIUM 57CM",329,-9,3,-12,-3948,26-APR-026,"GEORGE PUPLAMPU ",467
50880,"CONDOR PEAK NATURALLY SWEET RED WINE 750ML 12",79.99,5,7,-2,-159.98,25-APR-026,APPIAH,112
62702,"FRISCHLI SEMI SKIMMED UHT MILK 15 1L  12",34.99,216,240,-24,-839.76,25-APR-026,EZEKIEL,148
D527,"PRIMA MULTIPURPOSE CLEANER 25L 10",48.99,1,5,-4,-195.96,25-APR-026,"ADIATOR MOSES ",7
94667,"FEKKO SPRAY STRACH 550ML  12",54.99,10,15,-5,-274.95,26-APR-026,LESTER,6
102509,"MOMEASY ORTHODONTIC PACIFIER FLOWS 45502",22.9,13,9,4,91.6,26-APR-026,AKAYIRI,267
103689,"BORGES CLASSIC OLIVE OIL 100 PURE 250ML 12",109.99,11,11,0,0,26-APR-026,"NANA ADJEI",48
118089,"BOWL 3PCS SET WLID CERAMIC T151002",229,5,4,1,229,26-APR-026,SOMUAH,430
110116,"KENWOOD BLENDER WMILL 2L 1000W BLM45240SS",1179,1,3,-2,-2358,25-APR-026,PRINCE,223
129578,"BOWL EMBOSSED AVIOS 7 DB107 RJK",12.9,39,39,0,0,26-APR-026,BLESSING,410
128782,"BALL PEN INKGLIDE 07MM LUXOR 5PC BLU 166025CELLO",9.9,12,12,0,0,26-APR-026,GILBERT,294
129391,"PLATE FOOTBALL DESIGN DISPOSABLE 10PCS SET 18CM",6,1,1,0,0,26-APR-026,DORIS,24
121625,"CLOTHES PEG SET 12PCS VERNA",6.9,13,13,0,0,25-APR-026,VINOLIA,439
137533,"THE CLAYMORE BLENDED SCOTCH WHISKY 1L 12",199.99,3,8,-5,-999.95,25-APR-026,MAHAMA,117
132379,"GIFT WRAP PAPER BROWNBLACK 2PCS 70X100CM LXX3082",10.99,9,9,0,0,26-APR-026,AKORFA,55
146099,"GRINDER 115CM SSPD 181001001",14.9,12,12,0,0,25-APR-026,"NANA ADJEI",355
148009,"PAINTING AFRICA LADY 53X83CM F3141721474853",219,3,3,0,0,25-APR-026,GAD,472
147137,"PLATINUM SUNFLOWER OIL 3L X 6",124.99,21,30,-9,-1124.91,26-APR-026,BISMARCK,46
145416,"ARTIFICIAL PLANT 10 STICK 10 LEAF 1M BSY107",449,2,2,0,0,26-APR-026,HAYFORD,461
157051,"CURTAIN GROMMET GOLD 55X90 EHA23GO",169,8,8,0,0,25-APR-026,"GERALD SACK ",481
154099,"BOWL 3PCS SET WLID CERAMIC DESIGNER T137013",89,7,7,0,0,26-APR-026,SOMUAH,430
162275,"CANVAS H PAINTED PINK FLOWERS 60X120X3 BD22C081AW",329,5,5,0,0,25-APR-026,GIFTY,489
161577,"DZIRE CEILING FAN 56 WHITE CF 56 WVIS",349,2,4,-2,-698,26-APR-026,WONDER,252
179715,"GREEN CHILLY PACK FM",14.99,3,3,0,0,25-APR-026,JIMOH,134
181844,"BANKU PAN WLID 20CM ALUMINUM LDS016",239,2,2,0,0,25-APR-026,QUEENCILLA,376
186388,"FINI ASSORTED FIZZY TENNIS BUBBLE GUM 165G 16",44.99,1,12,-11,-494.89,26-APR-026,"ABIGAIL YEVUGAH",158
185328,"BATHMAT BLACK 50X80CM MP 1600GSM TR1967",109,6,6,0,0,26-APR-026,VINOLIA,445
192232,"BELLORA FOOD STORAGE BOWL 3PCS SET HL7012DC",22.9,9,19,-10,-229,26-APR-026,NIBOI,317
197117,"MCBERRY DUBAI COCONUT CHOCOLATE WAFER 20G 144",1.09,199,144,55,59.95,25-APR-026,"ABIGAIL YEVUGAH",157
42621,"MACCAW EXOTIC JUICE 1L  8",44.99,2,2,0,0,25-APR-026,DORIS,99
202624,"PLATE 125 S037125",19.9,29,29,0,0,26-APR-026,NASHINA,337
85348,"RIOS DE CHILE MERLOT WINE 135VOL  750ML  6",89.99,3,3,0,0,25-APR-026,APPIAH,112
65139,"TOP CHOCO CHOCOLATE COCONUT BREAD SPREAD 650GMS 12",54.99,1,1,0,0,25-APR-026,"FELIX BOADU",153
CL696,"TIARA BOWL WLID 1700ML 21CMX19CMX9CM",14.9,11,11,0,0,25-APR-026,NASHIBA,333
08274,"NAN 3 OPTIPRO 400G 12",139.99,18,18,0,0,26-APR-026,"EMMANUEL MENSAH",124
101952,"CONTAINER SQUARE SET OF 7PCS PLASTIC 56587",69,10,22,-12,-828,25-APR-026,"NANA ADJEI",330
103775,"SAIRO SAVON LIQUID  HAND WASH MARINE 500ML 12",29.99,10,10,0,0,25-APR-026,BISMARCK,43
104691,"BLING BLEACH IL  12",16.99,7,7,0,0,26-APR-026,"GIDEON GBLOGAH",12
105257,"MARILAN  TRADITIONAL SHORTBREAD 131G  28",8.49,5,6,-1,-8.49,26-APR-026,"KINGSLEY OP",94
106894,"PARLE GINGER SNAP COOKIES 24G  72",1.09,40,100,-60,-65.4,26-APR-026,DERRICK,96
119593,"FARAGELLO GOLD  GUAVA NECTAR BOTTLE 250ML 24",11.99,40,57,-17,-203.83,26-APR-026,KWAFO,83
117098,"KENWOOD MICROWAVEOVEN 25L GRILLDGT BLK MWM25000BK",2989,1,1,0,0,25-APR-026,DANIEL,258
119822,"201 ACTIVITY BOOK",44.99,3,3,0,0,25-APR-026,"JERUSHA ",284
114542,"PAPER TOWEL HOLDER PLASTIC BG327",19.9,11,11,0,0,25-APR-026,OTHNIEL,342
115057,"SARA CORNED MEAT 200G 24",21.99,24,25,-1,-21.99,26-APR-026,APPIAH,126
115338,"LA SALUD  DETERGENT 40 WASHES COLOR CLOTH 265L  4",88.99,3,3,0,0,26-APR-026,"NANA ADJEI ",16
138174,"QUILT EMBOSSED PRINTED 260X240CM 03CO0381",199,7,5,2,398,25-APR-026,GILBERT,495
132399,"GIFT WRAP PAPER WHITEPINKBLU 2P 53X75CM SXX2252",9.99,8,10,-2,-19.98,26-APR-026,AKORFA,55
151582,"GALAXY CONCEPT SPRAY  TRIUMPH  200ML 12",31.99,4,4,0,0,26-APR-026,ELLA,35
152778,"SILBEST GREEK PROBIO UNSWEETENED YOGHURT 750ML 1",57.99,2,1,1,57.99,25-APR-026,DANIEL,XMAS
166403,"COOKWARE 10PC SET 16182022CM SS XY2323",469,2,2,0,0,25-APR-026,"NANA KOJO",363
161869,"PLANTER MINI L 3COLOUR MIX 95X77CM",75,7,7,0,0,25-APR-026,HAYFORD,460
174979,"NERO COLA CARBONATED PET DRINK 350ML 20",3.19,100,74,26,82.94,26-APR-026,DANIEL,165
167743,"SALSALITO MEXIKANA WRAP TORTILLA 10PCS 640G 1",89.99,33,33,0,0,25-APR-026,EMMANUEL,130
168117,"FILLED CUSHION P PRINTED 45X45CMFLORAL4 DC256",139,10,10,0,0,25-APR-026,GLADYS,504
169178,"SOFA LOUNGER  FABRIC MANCHESTER CLR32",7890,1,1,0,0,26-APR-026,FRANCIS,521
167358,"GOMETS YOGHURT ASSORT JELLY ROLLS 12X30 32G",3.49,30,70,-40,-139.6,25-APR-026,ATITOGO,160
178104,"CURTAIN TIE BACK 2PCS SET 6COLOR MIX",47.9,42,42,0,0,25-APR-026,GIFTY,491
194653,"WINE GLASS 3PCS SET RB060",39.9,14,15,-1,-39.9,26-APR-026,SOMUAH,416
188863,"BATHMAT 50X80CM BM269 ROYAL BLUE CP",59,12,12,0,0,25-APR-026,"SAMUEL ADDO",401
189849,"DOVE LOTION RESTORING CARE 400ML 18",77.99,18,14,4,311.96,25-APR-026,"BENEDICT ABBEY",37
191060,"REALMAN DEO ROLL ON PURE COLOGNE 50ML 48",26.99,10,7,3,80.97,26-APR-026,ELLA,36
191930,"TEA SPOON 22G0355 ZHN",20.9,23,102,-79,-1651.1,25-APR-026,OWUSU,370
200302,"HH SEASONING NOODLES  SPAGHETTI 12X50 10G 50",15.99,28,19,9,143.91,25-APR-026,GIDEON,67
196284,"AKAI FRIDGE SD SHOWCASE 207L SC026A207LS",5199,1,1,0,0,25-APR-026,NYARKO,175
31605,"DON LEON RED WINE 750ML 6",54.99,9,9,0,0,25-APR-026,APPIAH,112
66899,"LIMPOL CRYSTAL DISHWASHING LIQUID 500ML  24",11.99,17,17,0,0,25-APR-026,ALVIN,14
54751,"MASTERCHEF FOOD JAR 650ML MCLB700VMCF770 LPRO YWU",119,6,8,-2,-238,25-APR-026,NIBOI,315
94851,"NIVEA Q10VITAMIN C FIRMING LOTION 400ML  12",99.99,12,24,-12,-1199.88,25-APR-026,NTUMY,163
124738,"MY FIRST BOOK SERIES 10TITLES W16PAGES 36YRS",19,18,86,-68,-1292,25-APR-026,"JERUSHA ",284
132938,"DINNER PLATE MELAMINE 8 INCHES FEILU 85125",18.9,33,51,-18,-340.2,25-APR-026,ROBIN,392
150554,"PIN  CLIP DISPENSER MPDR50",25,15,15,0,0,26-APR-026,GILBERT,294
169866,"TURNER WWOOD HANDLE STEELPEAR AB2771",16.9,35,47,-12,-202.8,25-APR-026,PATIENCE,348
168089,"FILLED CUSHION P EMBD 30X50CMSTRIP DC252",119,5,17,-12,-1428,25-APR-026,"GIDEON GBLOGAH",508
177357,"POPPINS CHOCO BITS 350G  16",35.49,15,13,2,70.98,26-APR-026,"KINGSLEY OP",91
185433,"BATHMAT PUFF MF 50X80CM BELLE GRAY 01MA0616A",79,4,4,0,0,26-APR-026,VINOLIA,445
184518,"DINNER PLATE MELAMINE 9 INCHES ZHN B2819",12.9,14,14,0,0,26-APR-026,ROBIN,392
190734,"MANICURE 12PCS  SET YWU",49.9,16,16,0,0,25-APR-026,HADASSAH,267
200955,"HOLY INSECTICIDE SPRAY 600ML  24",36.49,2,9,-7,-255.43,26-APR-026,DANIEL,9
202535,"ICE CHEST 2PCS SET 16QT60QT IM CBL",999,-2,2,-4,-3996,25-APR-026,"MORGAN ONGOH",324
205401,"FRUTAS TREASURE 100 NAT CAR STR APPJUICE 330ML 15",25.99,9,12,-3,-77.97,26-APR-026,"MORGAN ONGOH",84
205678,"UNCLE T APPLE JUICE BOTTLE 355ML 24",37.99,23,23,0,0,26-APR-026,DELIGHT,88
84696,"BALLOON WITH NUMBERS 09 FOIL 40",16.9,3,3,0,0,26-APR-026,HADASSAH,269
A795,"RAID AEROSOL FLYING INSECT KILLER SPRAY 300ML 24",42.99,23,23,0,0,26-APR-026,DANIEL,9
N830,"BAVARIA SMALT ORANGE DRINK 330ML 24",16.99,28,29,-1,-16.99,25-APR-026,DELIGHT,86
09511,"BADIA PARSLEY FLAKES 567G  6",104.99,2,2,0,0,25-APR-026,GIDEON,67
103819,"TELON TEA ORGANIC IMMUNE BOOSTER 225G  24",44.99,4,5,-1,-44.99,25-APR-026,AKORFA,59
107896,"ELTRUT BEEF SAMOSA 8PCS  380G 1",50.99,5,15,-10,-509.9,25-APR-026,EVELYN,140
115423,"MRS BECTORS TRUFILLS BROWN SHELL 160G  24",16.99,1,1,0,0,25-APR-026,DORIS,98
129589,"FARAGELLO GOLD PINEAPPLE NECTAR TETRAPACK 250ML 27",7.99,9,7,2,15.98,26-APR-026,KWAFO,83
122224,"PARIDOX SKIN ACTIVE BODY WASH 450ML  20",34.99,9,14,-5,-174.95,26-APR-026,PHILEMON,10
147134,"PLATINUM SUNFLOWER OIL 850ML X 12",36.99,49,57,-8,-295.92,26-APR-026,BISMARCK,46
164089,"FOOD CONTAINER AIRTIGHT 4700ML PLASTIC 161600012",59,8,8,0,0,26-APR-026,NIBOI,318
159783,"PAPER LARGE BAG 43X55X15CM 250G",21.99,1,4,-3,-65.97,25-APR-026,"MICHAEL BOYE",301
161344,"DOLAIT NATURE YOGHURT UNSWEETENED 200G 1",15.49,1,1,0,0,26-APR-026,EMMANUEL,135
171351,"BELPAK FACIAL TISSUE BOX  36",10.99,68,57,11,120.89,25-APR-026,TITUS,21
179707,"MSTA COLOURED PENCIL 12C METALLIC SET 301354",59,15,15,0,0,26-APR-026,"NANA KOJO",271
180248,"BO16 STYLING GEL TRANSPARENT 150G  6",11.59,12,12,0,0,26-APR-026,"BENEDICT ABBEY",38
186968,"BIRTHDAY CUPS IN 10PCS SAME DESIGN WITH PLATE",10.9,11,10,1,10.9,25-APR-026,HADASSAH,268
183452,"TUMBLER GLASS 550ML 3PCS SET 3GS07 RJK",42.9,10,10,0,0,25-APR-026,"STEPHEN ACQUAH",419
190719,"STUNT CAR CARTOON TUMBLING 360",389,1,1,0,0,25-APR-026,JUSTICE,270
189664,"JUTE MAT 135CM ASSORTED MYQ91903",279,2,9,-7,-1953,25-APR-026,"GIDEON GBLOGAH",508
34758,"HOOKS 5UNITS WALL AND DOOR MOUNTED SSTEEL YWU",14.9,23,28,-5,-74.5,26-APR-026,VICTORIA,438
22008,"AKAI GAS STOVE 2B GC010A8202",369,1,3,-2,-738,25-APR-026,"JOSEPH PATRICK",199
61042,"12  MATTRESS 190X186 CM ORTHOPEDIC PILLOWTOP QS",6690,1,2,-1,-6690,25-APR-026,FRANCIS,527
CL717,"CONTAINER 4900ML OPAQUE 30CMX21CMX12CM",29.9,0,16,-16,-478.4,25-APR-026,NIBOI,316
96167,"GREENWORLD BAMBU AFRESHNER COUNTRY FLOWER 75ML 12",66.99,3,18,-15,-1004.85,26-APR-026,ABASS,4
97745,"BINATONE RICE COOKER 28L RCSG 2805",979,3,4,-1,-979,25-APR-026,"COLLINS HAMMOND",237
02391,"PRINGLES POTATO CHIPS ORIGINAL 165G X 19",49.99,65,65,0,0,26-APR-026,NASHIBA,89
106992,"AQUALIS LUXURY BATH SOAP GLYCERINE 300G   24",17.99,19,19,0,0,25-APR-026,"ANANE KOJO ",20
109405,"6PCS TABLE NAPKIN SET 40X40CM  COTTON ASSORTED",39.9,1,3,-2,-79.8,25-APR-026,GIFTY,490
115030,"MJS TOMATO KETCHUP 340G 24",17.99,14,14,0,0,25-APR-026,GLADYS,72
137729,"PUSH RIDEON KIDS 79X70X32CM WM21D051",599,2,2,0,0,26-APR-026,MARIAM,293
135823,"DINNER PLATE MELAMINE 10 INCHES FEILU 31083",12.9,45,45,0,0,25-APR-026,REGINA,390
146236,"WINDOW SHADE YE3160X180 BROWN",429,4,4,0,0,25-APR-026,"GERALD SACK ",479
141429,"TONG SPAGHETTI PEARL 13  59050",9.9,6,6,0,0,25-APR-026,OWUSU,369
145120,"DUSTBIN FALA BRN SWING 50L 39X33X 65CM PP65506",239,0,4,-4,-956,25-APR-026,HAYFORD,455
157619,"DUSTBIN QUATRO GREY SWING 28L 36X29X49CM PP61004",159,1,7,-6,-954,25-APR-026,WISE,452
157161,"SERVING BOWL MELAMINE 9 INCHES ZHN S039",24.9,44,44,0,0,25-APR-026,QUEENCILLA,379
157485,"LETTUCE PACK TGO",8.49,57,58,-1,-8.49,25-APR-026,JIMOH,134
152269,"PERK CHOCO SHORTCAKE 38G 48",2.39,8,8,0,0,25-APR-026,DERRICK,96
149957,"PENCIL CASE ROUNDTRIANGLESQUARE",39,3,11,-8,-312,26-APR-026,MARIAM,292
161831,"FRESH IMPORT CARROT JUICE 250ML",29.99,4,5,-1,-29.99,25-APR-026,JIMOH,134
171979,"WALL LIGHT BLACK 10032F2",169,1,2,-1,-169,25-APR-026,KWAFO,166
166895,"JIGSAW PUZZLE",89,6,6,0,0,25-APR-026,HERBERT,278
170021,"FRY PAN 24CM FALU ZHNBLY 1808324",129,5,5,0,0,25-APR-026,PHILEMON,360
170308,"KALYON POWDER DETERGENT LAVENDERMAGNOLIA 15KG 12",45.99,12,13,-1,-45.99,26-APR-026,TITUS,21
167484,"BABY BATH TUB WDRAIN PLUG N273",169,1,1,0,0,25-APR-026,VINOLIA,439
179435,"FOUNTAIN 215X215X19CM 1248651L",359,1,1,0,0,25-APR-026,HAYFORD,457
179141,"MOUTH ORGAN MELODICA MIX COLOR 16",23.9,1,4,-3,-71.7,25-APR-026,JUSTICE,270
184495,"CUP 6PCS SET PLASTIC HL0070DC624",22.9,2,2,0,0,25-APR-026,"MICHAEL DADZIE",309
192670,"GIFT BAG MEDIUM 210G 26X32X125 KRJ1430M13",9.99,10,10,0,0,25-APR-026,"MICHAEL BOYE",302
193476,"DOOR MAT RUBBER HOLLOW 16MM ASTD 40X60CM",39.9,7,8,-1,-39.9,25-APR-026,"SAMUEL ADDO",400
192963,"CHOPPING BOARD 3PCS SET PLASTIC ZHN CB36",89,13,13,0,0,25-APR-026,"PAUL OWUSU",353
189946,"PICNIC SWEET RED WINE 750ML 6",69.99,4,4,0,0,25-APR-026,APPIAH,111
190610,"BIRTHDAY CANDLE 6PCS",5.9,6,6,0,0,26-APR-026,HADASSAH,269
36056,"BARILLA SPAGHETTI 500G  24",44.99,16,14,2,89.98,25-APR-026,SOLOMON,74
49250,"DEVA HAND SOAP STRAWBERRY 25L  6",67.99,1,1,0,0,26-APR-026,"ARTHUR JONADAB",28
52686,"ROYALTY COCKTAIL SAPPHIRE SPARKLING WINE  750ML 12",45.99,12,12,0,0,25-APR-026,"EDDIE MENSAH",107
N801,"FANTA ORANGE PET 450ML  12",8.99,24,21,3,26.97,26-APR-026,DANIEL,165
96519,"MADAR RENZO MULTIPURPOSE LIQUID DETERGENT 200ML 24",8.49,32,31,1,8.49,25-APR-026,ALVIN,14
107981,"ONE YOGO VANILLA WHEAT YOGHURT 330ML 12",20.99,5,3,2,41.98,25-APR-026,EMMANUEL,133
127609,"MARILAN TARLETTE BISCUITS STRAWBERRY 140G  36",10.49,17,19,-2,-20.98,26-APR-026,"KINGSLEY OP",94
126809,"JUVER  DISFRUTA  MANGO 200ML 30",7.99,37,33,4,31.96,26-APR-026,KWAFO,83
125775,"TUMBLER OCTIME 3PCS SET 300ML DXB P1792",39.9,3,3,0,0,25-APR-026,"STEPHEN ACQUAH",418
122735,"UNIMAX TRIO DC BALLPEN BLUE 10MM FBTDCBL53",3.99,95,76,19,75.81,26-APR-026,MARIAM,295
156811,"CUSHION 45X45CM 400G",75,2,1,1,75,25-APR-026,"GIDEON GBLOGAH",508
163381,"BATHMAT MICRO POLYESTER 35X55CM MYQ91874",39.9,23,23,0,0,26-APR-026,"SAMUEL ADDO",402
162524,"ABOVE DEO SPRAY TEENBOY 150ML 24",28.99,4,10,-6,-173.94,25-APR-026,ELLA,34
162658,"SERVING BOWL MELAMINE 8 INCHES FEILU 343086",12.9,63,68,-5,-64.5,25-APR-026,ROBIN,392
174440,"PAPER BAG HOLOGRAPHIC 18X23X10CM KR2450S16",10.9,12,12,0,0,25-APR-026,"MICHAEL BOYE",302
167397,"DINNER SET PORCELAIN WHITE 12PCS ST3235 RJK",149,3,3,0,0,25-APR-026,BLESSING,405
180847,"BED KING 1800X2000MM ML2218K",4490,1,1,0,0,25-APR-026,SHADRACK,515
178208,"PARTY CUP  PLATE 30PCS SET  ASSTD COL YW",49,1,12,-11,-539,26-APR-026,HADASSAH,269
183456,"HARMONY PILLOW 50X7035CM 3DF 850GM",129,6,6,0,0,25-APR-026,GIFTY,494
190649,"BATHMAT 40X60CM ASSORTED MYQ9 1909",32.9,12,18,-6,-197.4,26-APR-026,"STEPHEN ACQUAH",424
200796,"FRYING PAN 26CM FALU ZHNBAROLY 2608G26",179,4,8,-4,-716,25-APR-026,QUEENCILLA,380
32412,"ZESTA APLLE TEA 25 X 18G  12",23.99,12,12,0,0,25-APR-026,AKORFA,59
32582,"NAMAQUA PINOTAGE WINE  750ML 6",92.49,2,2,0,0,25-APR-026,APPIAH,111
83846,"MOULINEX HAND MIXER WBOWL 35L 300W WHT HM311127",599,4,4,0,0,25-APR-026,PRINCE,226
73976,"LESIEUR MAYONNAISE WITH FRESH EGGS 235G  12",33.49,22,22,0,0,25-APR-026,SOLOMON,73
51240,"COLGATE TOOTHBRUSH DOUBLE ACTION 120",8.99,10,137,-127,-1141.73,25-APR-026,NTUMY,163
CL604,"FOOD COVER 25CMX14CM",10.9,14,15,-1,-10.9,25-APR-026,OTHNIEL,342
90562,"UNOLI SUNFLOWER OIL 500ML 24",27.99,13,14,-1,-27.99,26-APR-026,"RANDY ALHASSAN",47
96933,"5 STAR KAESAR COLA DRINK 350ML 20",2.89,35,59,-24,-69.36,25-APR-026,DELIGHT,87
92163,"SEARA CHICKEN SAUSAGE  340G  24",19.99,289,954,-665,-13293.35,26-APR-026,EVELYN,142
100245,"BEDSHEET SET KINGSIZE 125GSM 3P KBS77",179,14,15,-1,-179,25-APR-026,GILBERT,497
102873,"STRAINER COLLAPSIBLE SQUARE PLASTIC  L00571",29.9,8,7,1,29.9,25-APR-026,OTHNIEL,343
104376,"DESTELLO FLOOR CLEANER SUPER FRESH 1500ML  12",29.99,8,8,0,0,25-APR-026,"ADIATOR MOSES ",7
105561,"MENTOS PURE FRESH WITH GREEN TEA 18PB 315G 120",36.99,12,34,-22,-813.78,25-APR-026,ABIGAIL,155
112387,"CONTAINER ROUND SET OF 3PCS PLASTIC 5643",12.9,8,8,0,0,25-APR-026,"NANA ADJEI ",327
111410,"CHILDREN STORY BOOK W4TITLE HARDBOUND ED803",49,12,12,0,0,26-APR-026,HERBERT,283
146961,"LEMON IMP FRESH PACK",49.99,4,4,0,0,25-APR-026,JIMOH,134
155858,"CUP WSTRAW 450ML PLASTIC L00899",12.9,6,6,0,0,26-APR-026,"MICHAEL DADZIE",310
170269,"KALYON ACTIVE BLOCK LEMON 57GMS 12",20.99,11,13,-2,-41.98,25-APR-026,ABASS,3
177658,"LOWICZ UHT WHOLE MILK 35 1L 12",34.99,1,2,-1,-34.99,26-APR-026,"GEORGE PUPLAMPU ",82
187742,"CERAMIC MUG 82X103CM 350ML 4DESIGN YWU",9.9,40,31,9,89.1,25-APR-026,ROBIN,392
187073,"SERVING TRAY 36X25X4CM ACRYLIC  2095",34.9,19,20,-1,-34.9,25-APR-026,OTHNIEL,340
184410,"ROMAR FABRIC SOFTENER BERGAMOTPEONY 2L 6",84.99,3,-3,6,509.94,26-APR-026,ALVIN,16
193435,"ABRIDGED ILLUSTRATED CLASSICS 203X143GM",49.99,6,8,-2,-99.98,25-APR-026,HERBERT,282
192126,"ABEST MILK COFFEE DRINK 240ML 24",15.99,26,21,5,79.95,26-APR-026,PATIENCE,84
200797,"FRYING PAN 24CM FALU ZHNBAROLY 2608G24",169,1,7,-6,-1014,25-APR-026,QUEENCILLA,375
200276,"HH EASY EVAPORATED MILK 3 PROTEIN 170G  48",8.99,68,70,-2,-17.98,26-APR-026,"NANA ADJEI",81
197727,"DINNER SET PORCELAIN WHITE 48PCS SW048W",399,1,1,0,0,25-APR-026,BLESSING,405
86514,"NO 8 EXOTIC SNACKS 40G  72",1.09,50,56,-6,-6.54,25-APR-026,"EMMANUEL MENSAH",121
59874,"WATER BOTTLE 1100ML  PNP3340TH7",9.9,30,30,0,0,26-APR-026,"MICHAEL DADZIE",310
93778,"KENWOOD KETTLE 17L 2200W SS SIL ZJM01A0BK",599,1,6,-5,-2995,25-APR-026,LESTER,248
04565,"MANUAL INFLATOR PUMP",24.9,22,-1,23,572.7,25-APR-026,"GEORGE PUPLAMPU",467
102507,"MOMEASY WEANING BOWL WHEAT SENSING SPOON 45302",40.9,8,11,-3,-122.7,25-APR-026,HADASSAH,267
128179,"PADDLE POP RAINBOW RELAUNCH ICE CREAM 50ML 48",4.99,37,38,-1,-4.99,25-APR-026,EMMANUEL,135
136093,"HAAGEN DAZS COOKIES  CREAM 100ML 24",33.99,22,38,-16,-543.84,26-APR-026,TITUS,21
138928,"GEISHA ROSE  HONEY V1 180G  36",15.49,37,46,-9,-139.41,25-APR-026,"ANANE KOJO",20
135741,"SAMYANG CHICKEN RAMEN CARBONARA BAG 130G 40",22.99,30,30,0,0,25-APR-026,SOLOMON,75
131316,"SILBEST CREAMY YOGHURT 330ML 1",19.99,8,13,-5,-99.95,25-APR-026,EMMANUEL,133
131521,"GOODYS SPICY HOT SHITO 165G 12",39.99,8,8,0,0,26-APR-026,GIFTY,63
148442,"MUG 350ML CERAMIC GGK YWU",22.9,26,27,-1,-22.9,25-APR-026,"SAMUEL ADDO",398
157030,"CURTAIN GROMMET RUST 55X90 EHRY6910RU",189,3,3,0,0,25-APR-026,"GERALD SACK ",478
151517,"GALAXY CONCEPT MIST OLYMPIQUE  250ML 12",45.99,1,2,-1,-45.99,26-APR-026,ELLA,35
164183,"TOP CHOCO 3 IN 1 INSTANT MIX  POUCH  500G  6",49.99,5,15,-10,-499.9,26-APR-026,SOLOMON,78
159690,"JUKI NUTS  UNSALTED ROASTED CASHEWS 150G  30",50.99,28,28,0,0,26-APR-026,MAHAMA,119
162267,"DZIRE MOSQUITO SWATTER WUV LAMP MRLI388",129,26,9,17,2193,25-APR-026,LESTER,254
167851,"BROOM PLASTIC WWOODEN HANDLE H013 RJK",19.9,36,34,2,39.8,25-APR-026,DANIEL,XMAS
168975,"SUNNY GOLD WHITE SUGAR CUBES 500G  12",22.99,10,10,0,0,25-APR-026,"EMMANUEL MENSAH",123
179925,"WALL CLOCK 305X30X42 ZC1207B",85,1,10,-9,-765,25-APR-026,"GAD ",471
186902,"LUNCH BOX PLASTIC A916 YWU",49.9,6,6,0,0,25-APR-026,"MICHAEL BOYE",305
184293,"LG LED TV 43 SAT SMART 43LR60006LA",5999,1,2,-1,-5999,25-APR-026,"KINGSLEY OP",214
192357,"STAPLER 246266 MF03131",29,3,3,0,0,26-APR-026,GILBERT,294
190061,"LORENZ CRUNCHIPS BARBEQUE 100G  12",45.99,24,92,-68,-3127.32,26-APR-026,MAHAMA,120
38491,"FRYTOL VEGETABLE COOKING OIL 45L 4",159.99,23,24,-1,-159.99,26-APR-026,"RANDY ALHASSAN",47
202293," KIDS CLOGS ASSORTED COLOR 0612MONTH DESIGN 166",29.9,30,1,29,867.1,25-APR-026,NTUMY,163
88239,"BINATONE BLENDER 15L 350W WHITE BLG 450 MK2",669,2,3,-1,-669,25-APR-026,PRINCE,229
64819,"GOMETS SOUR FRUIT RINGS  100G   30",13.99,34,36,-2,-27.98,26-APR-026,"ABIGAIL YEVUGAH",158
50388,"CLE FABRIC SOFTENER 1000ML  10",24.99,12,12,0,0,25-APR-026,ALVIN,15
72787,"HEAVEN NAPHTHALENE BALL CANFA 150G  120",10.99,19,24,-5,-54.95,26-APR-026,"ADIATOR MOSES ",9
CL674,"JUMBO BOX WFLIP LIDS TRANSPARENT 26LTR 43X29X30CM",69,5,5,0,0,25-APR-026,"MORGAN ONGOH",320
98304,"EL OLIVERAL EXTRA VIRGIN OLIVE OIL 250ML 12",56.99,1,1,0,0,26-APR-026,"NANA ADJEI",48
95491,"GARLAND 2MX9CM 918011",7.9,1,1,0,0,25-APR-026,DANIEL,XMAS
05192,"BRUT APA MEN DEO OCEANS 200ML 6   8349549",39.99,5,4,1,39.99,25-APR-026,ELLA,34
100817,"LA SALUD COCONUT DETERGENT 4L  4",139.99,4,4,0,0,26-APR-026,"NANA ADJEI ",16
118361,"JELZIN PURE CHERRY  LIQUOR 700ML  6",76.49,1,1,0,0,25-APR-026,MAHAMA,118
126226,"AIRPRO  TOILET RIM BLOCK LAVENDER 50G  72",24.99,11,69,-58,-1449.42,26-APR-026,"GIDEON GBLOGAH",12
125306,"AIRPRO AFRESHNER ORGANIC CAN  COFFEE  42G  24",39.99,35,37,-2,-79.98,26-APR-026,ABIGAIL,5
138610,"BRITTLE 30G  24 X 6  144",9.49,38,41,-3,-28.47,25-APR-026,"ABIGAIL YEVUGAH",157
134321,"PRIVATE MAXI POCKET NIGHT ECO 16 X 6",30.49,9,2,7,213.43,26-APR-026,"BOADI STEPHEN",51
133188,"NEAT ALL PURPOSE CLEANER ASSORTED 4L  4",96.49,5,5,0,0,25-APR-026,"ADIATOR MOSES ",7
148500,"BRUTAL FRUIT RUBY APPLE CIDER BOTTLE 275ML 24",21.99,15,14,1,21.99,25-APR-026,"EDDIE MENSAH",105
14603,"DOLAIT NATURE SUGAR FREE YOGHURT 125G 10",9.99,1,1,0,0,25-APR-026,DANIEL,XMAS
151338,"CLOCK 3D FOOTBALL BASKETBALL",39.9,5,6,-1,-39.9,25-APR-026,"GAD ",471
164038,"MUGS INFUSER WLID  STRAW 660ML GLASS 111766000",24.9,16,17,-1,-24.9,25-APR-026,SYLVIA,426
162601,"SWIMMING GOGGLE AQUA KINDER JR 25008",99,5,3,2,198,25-APR-026,CHARLES,466
167012,"BIN SET WFLAT LID BLK FINISH RND 20L 20YPG RJK",249,3,8,-5,-1245,25-APR-026,HAYFORD,453
179732,"AKAI RICE COOKER 15L 500W CK022A15LS",399,4,7,-3,-1197,25-APR-026,"COLLINS HAMMOND",235
182042,"CASSEROLE MAJESTIC GOLD DLX 2PCS SET 10001500ML",149,12,12,0,0,25-APR-026,PATIENCE,345
187654,"LED LIGHT 4PCS",99,4,4,0,0,25-APR-026,KWAFO,171
189569,"KIVO ENERGGARI SOAKING MIX CHOCO MALT 120G  40",4.99,10,12,-2,-9.98,25-APR-026,"FELIX BOADU",66
191053,"REALMAN DEO ROLL ON PURE SPICY 50ML 48",20.99,24,19,5,104.95,26-APR-026,MABEL,36
189215,"XMAS GIFT BOX SET 3PCS SANTA DESIGN",49.9,6,6,0,0,25-APR-026,DANIEL,XMAS
192312,"MOP BUCKET WITH MOP AND 2 REFILLS LT2211",309,1,2,-1,-309,25-APR-026,WISE,449
200315,"HH BEEF LUNCHEON MEAT 198G 24",21.99,19,19,0,0,26-APR-026,APPIAH,126
200350,"VIRGINIA GREENG THAI SWEET CHILLI SAUCE 710G 12",54.99,7,7,0,0,25-APR-026,GLADYS,72
83363,"POST HONEY BUNCHES OF OAT WITH ALMONDS 510G 12",84.99,11,11,0,0,26-APR-026,"KINGSLEY OP",91
67792,"IRISH SPRING ICY BLAST SOAP 1063G 18X3PACK  18",53.99,19,32,-13,-701.87,26-APR-026,ALVIN,18
95111,"FRUTAIL RED GRAPE NECTAR 1L  12",34.99,30,28,2,69.98,25-APR-026,KWAFO,103
107287,"SUNNY GOLD GARI PLAIN 1KG 12",34.99,12,12,0,0,25-APR-026,"FELIX BOADU",66
116901,"WATER BOTTLE WSTRAW GRAPE SHAPE PLASTIC L00821",18.9,12,7,5,94.5,26-APR-026,GILBERT,311
117322,"CHRISTMAS TREE 18M 416TIPS ELEGANT H08E",1099,1,1,0,0,25-APR-026,DANIEL,XMAS
114768,"FANICE VANILLA  STRAWBERRY DOUBLE TREAT 2L 1",82.99,1,3,-2,-165.98,25-APR-026,EMMANUEL,135
127777,"PARMALAT DAIRY SNACK STRAWBERRY YOGURT  100G 12",39.99,1,1,0,0,25-APR-026,CHRIS,61
125630,"PLATE EMBOSSED PORCELAIN 8 38832 RJK",12.9,23,23,0,0,25-APR-026,SOMUAH,412
135999,"CALIFORNIA SCENT CAN AIR REFRESHNER ASSORTED  24",53.49,5,110,-105,-5616.45,26-APR-026,RICHMOND,50
132931,"SERVING BOWL MELAMINE 10 INCHES FEILU 20093",13.9,60,60,0,0,25-APR-026,ROBIN,392
156408,"SERVING TRAY MELAMINE 15 INCHES ZHN T8038",21.9,17,17,0,0,25-APR-026,ROBIN,392
160274,"PYREX ROASTER RECTANGLE GLASS 4L 409B0008046",109,4,4,0,0,26-APR-026,SYLVIA,428
173723,"KIVO PEPPER POWDER  50G 80",5.99,111,28,83,497.17,25-APR-026,GIDEON,67
174200,"BIC TIPPEX RAPID 25ML BLISTER 1X10 GFVBICST131",18.99,8,8,0,0,26-APR-026,MARIAM,291
174259,"GINO JOLLOF TOMATO SEASONING MIX 60G  50",3.29,78,59,19,62.51,26-APR-026,CHRIS,60
166982,"WUTHERING HEIGHTS",20.9,1,1,0,0,25-APR-026,HERBERT,282
187171,"KNIFE SET 5PCS RJK IDA823SA1002",99,17,17,0,0,25-APR-026,NASHIBA,335
187285,"CURL BAR SFBARREC",329,2,2,0,0,25-APR-026,CHARLES,464
194350,"PRINGLES KETCHUP  165G  19",49.99,5,21,-16,-799.84,26-APR-026,DERRICK,96
193153,"PLUSH TOY 58CM",299,4,5,-1,-299,25-APR-026,DANIEL,XMAS
22338,"YOMI YOGHURT STRAWBERRY FLAVOUR 360ML 12",21,5,44,-39,-819,25-APR-026,EMMANUEL,133
204965,"MIGLIO FOODS BACON STREAKY RIND ON 1KG 6",222.99,7,7,0,0,25-APR-026,EVELYN,142
87297,"BINATONE SANDWICH MAKER 2 SLICE ST801",445,5,6,-1,-445,25-APR-026,"COLLINS HAMMOND",234
89619,"CURTAIN JACQUARD 02PA2100",169,12,9,3,507,25-APR-026,ESINAM,487
78009,"FANICE CUP CHOCOLATE 140ML 12",7.49,27,44,-17,-127.33,25-APR-026,EMMANUEL,135
65461,"MENTOS FULL FRESH 1210 BTLS18 PC  120",36.99,133,154,-21,-776.79,25-APR-026,ABIGAIL,155
61352,"MCVITIES DIGESTIVE  MILK CHOCOLATE 250G  24",92.99,15,30,-15,-1394.85,25-APR-026,DORIS,97
CL580,"STORAGE BOX TRANSPARENT 12L 38CMX28CMX18CM",38.9,21,21,0,0,25-APR-026,"MORGAN ONGOH",320
CL619,"FRIDGE BOTTLE SQUARE 900ML 7CMX24CM",9.9,10,22,-12,-118.8,25-APR-026,GILBERT,313
97360,"GRAPE  WHITE SEEDLESS LARGE  PACK",49.99,4,4,0,0,25-APR-026,JIMOH,134
104978,"ROMAR SOFTENER CONC RELAX 2L  6",81.99,4,4,0,0,26-APR-026,ALVIN,16
106926,"DESTELLO WC  CLEANING GEL OCEAN FRESHNESS 750ML 16",32.99,7,7,0,0,25-APR-026,ALVIN,13
111869,"PICCADILLY COREEN BISCUIT BOX 600G  4",30.99,8,9,-1,-30.99,25-APR-026,DERRICK,95
121338,"VARTA BATTERY LITHIUM CR123 BLISTER 1",77,12,12,0,0,25-APR-026,NTUMY,161
138573,"PILLOW ORTHOPEDIC",189,3,14,-11,-2079,25-APR-026,GIFTY,493
138803,"BUMBLE BABY POCKET WIPES 15PCS LA BELLA  288",4.29,9,1,8,34.32,26-APR-026,"JOSEPH PATRICK",39
150544,"KANGARO PAPER PUNCH MOD10PP",21.9,16,15,1,21.9,26-APR-026,GILBERT,294
166369,"COLANDER WSIDE HANDLES 285CM SSTEEL XY2307",39.9,15,32,-17,-678.3,25-APR-026,"PAUL OWUSU",351
168085,"FILLED CUSHION P EMBD 30X50CMRAINBOW DC252",119,11,11,0,0,25-APR-026,GLADYS,505
167004,"FIRST FLASH CARD WDISPLAY STAND 9TITLES",24.9,108,113,-5,-124.5,25-APR-026,DANIEL,XMAS
179251,"ENVELOPE 162X229CM A5 50PCS 80GSM A5 YW",36.9,23,23,0,0,26-APR-026,MARIAM,295
178480,"CURTAIN TIE BACK 2PCS SET 6COLOR MIX",47.9,51,50,1,47.9,25-APR-026,GIFTY,491
187128,"MUG 350ML CERAMIC EMBOSSED COLOURED YWU",19.9,19,23,-4,-79.6,25-APR-026,"SAMUEL ADDO",398
187523,"PROMESS FLAVOURED DRINK BANANA 500ML 12",18.49,21,21,0,0,25-APR-026,CHRIS,61
186906,"FOOD CONTAINER 3PCS SET SQUARE PLASTIC 8542 YWU",99,4,4,0,0,25-APR-026,"NANA ADJEI ",327
184007,"CERAMIC MUG SOLID COLORED 650ML ZHOU62 RJK",12.9,27,26,1,12.9,25-APR-026,ROBIN,392
188845,"NOTICE BOARD WALUMINUM FRAME 70X90CM WB5101",259,4,8,-4,-1036,25-APR-026,"GEORGE PUPLAMPU",467
192204,"LEON FOOD STORAGE CONTAINER 1X3PCS SET HL01423DCT",24.9,21,21,0,0,25-APR-026,"NANA ADJEI ",327
192244,"KENWOOD KETTLE 17L 2200W ZJP00000BK",429,5,7,-2,-858,25-APR-026,LESTER,248
204923,"CERAMIC BOWL 8INCH PRINTED WD009",19.9,8,8,0,0,26-APR-026,BLESSING,409
89234,"FLOOR MAT 38X58CM ASTD JSMA004",34.9,1,40,-39,-1361.1,25-APR-026,"SAMUEL ADDO",399
72394,"ALPRO ALMOND VANILLA FLAVOR 1LT  8",82.99,39,39,0,0,25-APR-026,CHRIS,61
62600,"BINATONE INDUSTRIAL WALL FAN 26 IWF2600",1849,3,3,0,0,25-APR-026,AKAYIRI,207
X724,"MCVITIES SHORTBREAD 200G 24",46.99,51,55,-4,-187.96,26-APR-026,NTUMY,162
98566,"TOM FOOD CANNED GREEN PEAS 425G  12",27.99,9,9,0,0,25-APR-026,GLADYS,71
98585,"FANICE CHOCOLATE  ICE CREAM 250ML  12",13.99,54,68,-14,-195.86,25-APR-026,EMMANUEL,135
99596,"GHANDOUR BABY GIRL TRAVEL KIT   10",126.99,4,12,-8,-1015.92,26-APR-026,WISE,40
101086,"ARTIFICIAL LUSH GREEN GRASS CARPET 2MX4M FG2X4",479,3,3,0,0,26-APR-026,GAD,474
111382,"COPY TO COLOR 2IN1 BOOK W12TITLES ED776",15.9,1,41,-40,-636,26-APR-026,HERBERT,283
115428,"MRS BECTORS TRUFILLS CHOCO FILLED 40G  144",4.49,48,106,-58,-260.42,25-APR-026,"EDDIE MENSAH",108
127067,"AKAI STEAM IRON 2200W CERAMIC EI049A281",299,2,2,0,0,25-APR-026,"KINGSLEY OP",220
126224,"AIRPRO NAPHTALENE BALLS WHITE SMALL 120G   120",11.49,150,143,7,80.43,26-APR-026,"ADIATOR MOSES ",9
129342,"SANKOFA PLANTAIN CHIPS SWEET CHILLI JOLLOF 50G",14.99,10,10,0,0,26-APR-026,MAHAMA,120
122287,"COOKWARE SET 3PCS DELICIOUS",649,1,2,-1,-649,25-APR-026,OWUSU,372
148006,"PAINTING ALUMINUM ALLOY FRAME 60X60CM",289,2,8,-6,-1734,26-APR-026,FRANCIS,524
148325,"DINNER PLATE COUPE SHAPE 1025 2023C RJK",14.9,19,19,0,0,26-APR-026,BLESSING,410
147267,"TRENDY PRESSURE COOKER SS 6L CHN P2580702 P2530752",999,1,4,-3,-2997,25-APR-026,QUEENCILLA,375
157598,"COOL BREEZE AIRFRESHENER CHERRYMAGNOLIA 300ML 24",25.99,11,36,-25,-649.75,25-APR-026,JIMOH,1
165966,"CASIO SCIENTIFIC CALCULATOR 417FUNCT FX991ESPLUS",239,5,5,0,0,25-APR-026,NYARKO,177
166070,"CASA DE CAMPO SUNFLOWER OIL  PET 3LT 6",179.99,6,6,0,0,26-APR-026,"NANA ADJEI",48
161962,"LINY STORAGE BOX MEDIUM 1100ML PLASTIC BSF00957",29.9,20,22,-2,-59.8,25-APR-026,"NANA ADJEI ",327
168228,"BEDSHEET SET KG MICRO PEACH 3PCS 90GSM 03BT0797K",99,24,28,-4,-396,26-APR-026,GAD,474
169397,"MOGU MOGU LYCHEE DRINK 320ML 24",29.99,28,47,-19,-569.81,26-APR-026,"MORGAN ONGOH",84
188224,"FINI HALAL CLEAR TEETH 90G 12",23.99,10,10,0,0,25-APR-026,"ABIGAIL YEVUGAH",157
194063,"PUZZLE 3D VISUAL 120PCS VP120P",59,24,24,0,0,25-APR-026,HERBERT,279
193463,"SOLO DESK ORGANIZER DL102",42.99,3,3,0,0,26-APR-026,GILBERT,294
195585,"SOUP SPOON  WWOODEDN HANDLE AB2872",19.9,26,36,-10,-199,26-APR-026,PATIENCE,349
206904,"CLEANING CLOTH MICROFIBRE 36PCS SET LDS25121",209,14,14,0,0,25-APR-026,VICTORIA,434
88008,"EL OLIVERAL SUNFLOWER  OLIVE OIL 1L 12",144.99,19,19,0,0,26-APR-026,"NANA ADJEI",48
81326,"TASTY TOM TOMATO MIX SACHET 380G  24",16.99,49,6,43,730.57,26-APR-026,CHRIS,60
97744,"BINATONE BLENDER WSMOOTHIE MAKER BLS 360",715,5,7,-2,-1430,25-APR-026,PRINCE,228
99595,"GHANDOUR BABY BOY TRAVEL KIT   10",126.99,6,11,-5,-634.95,26-APR-026,LESTER,50
100664,"MASTERCHEF LADDLE ILC MC32208 RJK",32.9,5,5,0,0,25-APR-026,OWUSU,369
108156,"HARIBO BUBBLEGUM BOTTLES ZING 140G160G176G   12",29.99,10,10,0,0,25-APR-026,ABIGAIL,156
114532,"SERVING BOWL MELAMINE 10 INCHES ZHN C61310",24.9,2,2,0,0,25-APR-026,REGINA,390
110911,"CHIVAS REGAL WHISKY 12 YO 40 200ML 24",182.99,14,12,2,365.98,25-APR-026,EMMANUEL,129
125302,"AIRPRO AFRESHNER ORGANIC CAN BUBBLE GUM 42G 24",39.99,25,22,3,119.97,26-APR-026,ABIGAIL,5
134096,"PRIVATE MAXI  NORMAL 8X18",11.49,5,8,-3,-34.47,26-APR-026,"BOADI STEPHEN",51
132341,"BALLOON TANK HELIUM 7LTR 30BALLOONS H1274",439,1,1,0,0,25-APR-026,DANIEL,257
148441,"BOWL 5INCHES CERAMIC GGK YWU",29.9,3,12,-9,-269.1,25-APR-026,BLESSING,405
154097,"BOWL 3PCS SET WCOVER T103031 LTREND",219,4,4,0,0,25-APR-026,RANDY,33
149581,"DOVE BAR SOAP  EXTRA FRESH 4PK  12",67.99,12,12,0,0,26-APR-026,NIBOI,18
164762,"BELL PEPPER 200G PACK TGO",13.99,111,111,0,0,25-APR-026,JIMOH,134
163636,"KISS RED GRAPE SPARKLING DRINK 750ML  6",42.99,14,5,9,386.91,25-APR-026,"EDDIE MENSAH",107
157682,"DUSTBIN MATT SWING GRN 5L 19X19Xh30CM PP50603",49.9,12,11,1,49.9,25-APR-026,SOMUAH,413
159584,"GALAXY PLUS CONCEPT SPRAY CENTIGRADE  200ML 12",31.99,9,9,0,0,26-APR-026,ELLA,35
159990,"DUSTBIN 44 LITRE METAL BLACK WIRE 29X34CM YWU",36.9,1,9,-8,-295.2,25-APR-026,HADASSAH,266
180264,"RICE SPOON WLONG WOOD HANDLE AA2133",34.9,41,55,-14,-488.6,26-APR-026,PATIENCE,349
186998,"TOYS TROLLEY 48CM",27.9,2,10,-8,-223.2,25-APR-026,HANNAH,275
187142,"SCHOOL BAG",229,8,14,-6,-1374,26-APR-026,OTHNIEL,302
187314,"CURTAIN ROD POLIS CROM 2BRAKET 120210CM A07210PC",129,7,7,0,0,26-APR-026,GAD,474
191719,"MYBISCUIT DIGESTIVES WHOLEMEAL BISCUIT 600G 12",79.99,6,54,-48,-3839.52,25-APR-026,APPIAH,114
190095,"TABLE LAMP 220V",109,8,19,-11,-1199,25-APR-026,KWAFO,172
198894,"MIDEA AIR FRYER 6L DIGITAL BLACK MFCY55WK",819,1,1,0,0,25-APR-026,"COLLINS HAMMOND",238
44387,"AKAI GAS STOVE 2B GC018A8201",349,0,2,-2,-698,25-APR-026,"JOSEPH PATRICK",197
76414,"VOLTPLUS AVS  FRIDGE GUARD 5A VPFGAVS5FVPAVS5",165,1,12,-11,-1815,25-APR-026,DANIEL,257
85642,"DESERT SPOON LARGE  SINGLE PIECE  SC77",49.9,15,15,0,0,25-APR-026,PHILEMON,359
77501,"DOUGH MAKERVEG CHOPPER  2 IN 1 KA067",4.9,1,1,0,0,25-APR-026,PHILEMON,356
72093,"4 MATTRESS  27X72INCH HD STUDENT2 LAT",399,2,2,0,0,25-APR-026,FRANCIS,528
X833,"DOVE AP ROLLON ORIGINAL 48HRS  50ML 6",23.99,10,11,-1,-23.99,26-APR-026,WONDER,36
CL772,"CONTAINER 1800ML OPAQUE 22CMX15CMX9CM",12.9,14,14,0,0,25-APR-026,NIBOI,315
98446,"SEARA FROZEN CHICKEN WHOLE WINGS 900G  12",69.99,8,8,0,0,26-APR-026,NYARKO,182
94668,"ROMA  INSECTICIDE SPRAY 300ML  24",45.99,5,5,0,0,26-APR-026,"BOADI STEPHEN",9
91877,"BINATONE STEAM IRON 1500W SI1605B",285,1,3,-2,-570,25-APR-026,"KINGSLEY OP",218
02990,"WALL CLOCK ZX6508",75,1,1,0,0,25-APR-026,GAD,472
112418,"CONTAINER SET 4PCS PILOT PLASTIC L55854",79,9,9,0,0,25-APR-026,"NANA ADJEI",329
126889,"BETIS TIN OLIVE OIL 3785L  4",1099.99,2,2,0,0,26-APR-026,"NANA ADJEI",48
14805,"DEVA ALOE VERA LIQUID HAND SOAP 350ML 24",18.99,11,9,2,37.98,26-APR-026,QUEENCILLA,42
155139,"FLORA JOY FACIAL RUBBER TISSUE 120X5X10  50",7.99,9,21,-12,-95.88,26-APR-026,"COLLINS HAMMOND",30
150436,"CURTAIN W8 GROMENT COFFEE 54X90 BLK9",109,5,5,0,0,25-APR-026,ESINAM,483
149812,"PHILIPS LED SPOTLIGHT BLACK 4X50W230V 929003253401",329,1,1,0,0,25-APR-026,KWAFO,530
161582,"DZIRE CEILING FAN 56 DARK BROWN CF 56 BHOB",379,2,5,-3,-1137,25-APR-026,"KINGSLEY OP",211
175031,"MY FIRST NUMBERS WRITING BOOK 1100 EB1203",17.99,25,25,0,0,25-APR-026,JERUSHA,284
179415,"BEEQUENCH SOBOLO HIBISCUS FRUITY DRINK 1L 1",46.99,5,7,-2,-93.98,25-APR-026,EMMANUEL,133
179432,"FOUNTAIN 121X21X26CM 1243679L",299,3,3,0,0,25-APR-026,HAYFORD,457
186100,"ICE CREAM GLASS SET 6PCS 250ML CLEAR P6801D6 RJK",59,3,8,-5,-295,26-APR-026,SOMUAH,417
183394,"BAUDUCCO ORIGINAL COOKIES 60G 24",9.99,37,37,0,0,25-APR-026,ATITOGO,159
193451,"SOLO PAPER BOARD LEVER ARCH FILE LA501",65,10,34,-24,-1560,25-APR-026,MARIAM,290
195112,"KAMILA CHOCOLATE TRUFFLE PVC RED 350G 12",64.99,21,21,0,0,26-APR-026,"EDDIE MENSAH",90
200458,"FRYING PAN WLID 28CM FALU ZHNBLY 81120G28",209,1,7,-6,-1254,25-APR-026,QUEENCILLA,375
197374,"MIDEA CHEST FREEZER SD 143L INVERTER MDRC265FZG43D",2799,1,1,0,0,25-APR-026,DANIEL,KITCHEN
198006,"NASCO FRIDGE DD 107L NASF215SK",2399,1,1,0,0,25-APR-026,NYARKO,176
40341,"LELE TUNA SLICES IN VEG OIL WITH CHILI 125G 24",28.99,22,49,-27,-782.73,26-APR-026,OTHNIEL,126
49721,"SIBLOU LIGHT MEAT TUNA CHUNK IN RED CHILLI 160G 48",29.99,40,46,-6,-179.94,26-APR-026,OTHNIEL,126
X894,"MEANNAN RED PALM OIL 1L 12",49.99,10,10,0,0,26-APR-026,"NANA ADJEI",48
92255,"KLEESOFT PERFUMED WASHING POWDER 420G   12",15.99,12,15,-3,-47.97,26-APR-026,TITUS,21
107874,"LAUNDRY BASKET WWHEELS PLASTIC 14221422WLPB",219,12,12,0,0,26-APR-026,AKAYIRI,462
108130,"CURTAIN 52X84  W8GROMMET J2020829",189,16,16,0,0,25-APR-026,"GERALD SACK ",478
125185,"TOLSEN JIGSAW BLADES HSS 5PCS SET 75MM 76812",29,55,57,-2,-58,26-APR-026,RICHMOND,253
137076,"DR TEALS KIDS BODY LOTION 2278G 12",104.99,7,7,0,0,25-APR-026,JIMOH,1
134325,"FRESHDAYS NORMAL SCENTED 72 X 6",59.99,4,6,-2,-119.98,26-APR-026,"BOADI STEPHEN",51
154035,"INFINITY SOLUTIONS DISHWASH YELLOW 650ML  12",29.99,6,6,0,0,25-APR-026,ALVIN,14
164917,"FINE FACIAL PRESTIGE 134X3 PLY 36",18.99,6,15,-9,-170.91,25-APR-026,TITUS,21
158125,"STORAGE BOX WHANDLE CLEAR 9L 24X23X27CM PP63300",59,3,3,0,0,25-APR-026,"NANA ADJEI",326
162274,"CANVAS H PAINTED GOLD FLOWERS 60X120X3 BD23C109BW",329,2,2,0,0,25-APR-026,SHADRACK,532
160043,"SPORTS BOTTLE 750CC PLASTIC 161670010",29.9,12,12,0,0,26-APR-026,GILBERT,312
162716,"DINNER PLATE MELAMINE 9 INCHES FEILU 6039",14.9,62,94,-32,-476.8,25-APR-026,REGINA,390
186038,"GLASS JUG WCUP 7PCS SET 1680260ML 19117DDE RJK",149,7,5,2,298,25-APR-026,SYLVIA,425
185818,"MCVITIES CHOCOLATE SHORTBREAD 40G  48",11.99,42,36,6,71.94,26-APR-026,NTUMY,163
194692,"CASSEROLE WLID AND SIDE HANDLE 3200ML GPP3200",189,4,3,1,189,25-APR-026,"NANA KOJO",362
192729,"CURTAIN SHEER WHITE 54X90 PL Y237",79,12,12,0,0,25-APR-026,ESINAM,484
192248,"TABLE LAMP OVAL LO12H41",229,1,1,0,0,25-APR-026,KWAFO,172
189436,"DINING SET 16 SOLID WOOD AURORA",9290,2,2,0,0,25-APR-026,SHADRACK,510
198795,"TEA SPOON 6PCS SET DESIGNER STEEL 20G YWU",9.9,18,18,0,0,25-APR-026,OWUSU,370
200794,"FRYING PAN 28CM FALU ZHNBAROLY 2608G28",199,4,7,-3,-597,25-APR-026,QUEENCILLA,379
197092,"MCBERRY LETTER MIX 19G 100",1.99,51,54,-3,-5.97,26-APR-026,"KINGSLEY OP",91
40252,"CHTOURA GARDEN OLIVE OIL 750ML  12",123.99,12,12,0,0,26-APR-026,"NANA ADJEI",48
24887,"JOHNSONS BABY BATH PURE  GENTLE 300ML 6",36.99,6,6,0,0,26-APR-026,LESTER,50
205537,"DEO DISH WASHING LIQUID SHOP APPLE 450ML 24",8.99,20,20,0,0,25-APR-026,ALVIN,13
78112,"LABEL 5  WHISKY BOX  1L 6",209.99,9,14,-5,-1049.95,25-APR-026,MAHAMA,117
95181,"CUP 10PCS BIRTHDAY PAPER MIX COLOR",16.9,18,19,-1,-16.9,25-APR-026,HADASSAH,268
00323,"7UP REGULAR 320ML  24",13.99,1,1,0,0,26-APR-026,TITUS,21
101766,"EL OLIVERALEL POMACE  EXTRA VIRGIN OLIVE OIL 4L 4",799.99,4,4,0,0,26-APR-026,"NANA ADJEI",48
106107,"GLASS BOWL SET 5PCS REDBLUEGREENYELLOW 5GBS",44.9,5,5,0,0,25-APR-026,RANDY,33
106770,"PROXON ICE CHEST SET 4PCS WESKIMOPLATIN TPX2061",1099,2,2,0,0,26-APR-026,NASHINA,337
109257,"MUG 620ML CERAMIC STRIPES M86013",14.9,19,19,0,0,25-APR-026,ROBIN,392
109258,"MUG 415ML CERAMIC STRIPES M86003",9.9,40,40,0,0,25-APR-026,"SAMUEL ADDO",398
109792,"FASHION KITCHEN PLAY SET 38PCS B1134131",379,1,1,0,0,25-APR-026,HANNAH,273
110030,"BED QUEEN SIZE 1500X2000MM GREY NORDIN Q",4890,1,1,0,0,25-APR-026,SHADRACK,512
113418,"FRIDGE ORGANIZER VERTICAL PLASTIC BSF00800",18.9,1,1,0,0,25-APR-026,DANIEL,258
128924,"PAPER PUNCH NODP600 80556ELP",43.9,5,5,0,0,26-APR-026,GILBERT,294
121312,"VARTA BATTERY LONGLIFE POWER AA BLISTER 4",56,4,10,-6,-336,26-APR-026,ATITOGO,160
136093,"HAAGEN DAZS COOKIES  CREAM 100ML 24",33.99,13,38,-25,-849.75,25-APR-026,EMMANUEL,135
138235,"ROSSWOOD PREM ROASTED CASHEW NUTS SPICED 168G  24",60.99,47,22,25,1524.75,26-APR-026,MAHAMA,119
138809,"BUMBLE BABY WET WIPES 120 PCS BABY SCENTED  12",31.99,5,7,-2,-63.98,26-APR-026,"BENEDICT ABBEY",39
138989,"FAB BAR REGULAR SOAP 130G  96",7.29,44,43,1,7.29,25-APR-026,"ANANE KOJO",19
139347,"SPRING ONION TFM PCS",9.99,27,20,7,69.93,25-APR-026,JIMOH,134
151583,"GALAXY CONCEPT SPRAY  YOUR WAY  200ML 12",31.99,13,13,0,0,26-APR-026,ELLA,35
149804,"KIDS KEYBOARD ELECTRONICAK613500",159,4,4,0,0,25-APR-026,HANNAH,272
162349,"SLICER SS WWOODEN HANDLE MC73033 RJK",19.9,13,13,0,0,25-APR-026,OWUSU,368
171680,"AKAI STANDING FAN 18 EF117A1812",489,1,2,-1,-489,25-APR-026,AKAYIRI,207
171785,"TASTY TOM CHICKEN SEASONING POWDER 10G 600",1.29,62,81,-19,-24.51,25-APR-026,GIDEON,67
170314,"KALYON POWDER DETERGENT LOVELY 3KG 6",94.99,1,7,-6,-569.94,26-APR-026,ALVIN,17
186938,"LANUDRY BASKET PERFORATED 92L PLASTIC YF0025 YWU",79,1,2,-1,-79,25-APR-026,HAYFORD,455
18343,"LONG MOUNTAIN CHARDONNAY 75CL 6",65.99,8,8,0,0,25-APR-026,APPIAH,113
192529,"PAPER TOWEL HOLDER SILVER SS HFXJ018",22.9,7,7,0,0,25-APR-026,"PAUL OWUSU",355
194155,"AMERICA GOURMET CARAME SYRUP 18 OZ 12",61.99,2,2,0,0,26-APR-026,"FELIX BOADU",65
192334,"FILE A4 014MM MF0902",4.9,7,8,-1,-4.9,25-APR-026,MARIAM,290
189610,"TOREN MRBITE PIXEL W MILKPISTAHCHI CREAM 30G 144",8.49,31,61,-30,-254.7,25-APR-026,"FELIX BOADU",153
191091,"OSSUM FRAGRANCE BODY SPRAY TEASER 120ML 72",52.99,10,31,-21,-1112.79,25-APR-026,ELLA,33
200312,"HH CHICKEN LUNCHEON MEAT 340G  24",39.49,17,17,0,0,26-APR-026,APPIAH,126
40723,"EVERGREEN TISSUE PAPER 1 X15",5.49,7,8,-1,-5.49,26-APR-026,BISMARCK,29
31635,"GRANORO FETTUCCINE NO82 500G 12",31.99,4,4,0,0,25-APR-026,SOLOMON,75
76087,"TOP CHOCO CHOCOLATE SPREAD 250G  18",23.49,22,22,0,0,26-APR-026,"PAUL OWUSU",64
59709,"ALEDA BODY SPRAY COMMANDO MEN 200ML  48",39.99,23,23,0,0,26-APR-026,ELLA,35
72132,"RICHOCO SMOOTHER 800G  12",82.99,19,34,-15,-1244.85,25-APR-026,"DAVID BRUNO",79
101408,"SHOE RACK 5LAYER 60X23X82CM SSTEEL F165 YWU",149,3,6,-3,-447,25-APR-026,FRANCIS,523
104433,"JUVER SELECCION APPLE JUICE 200ML 24",15.99,24,33,-9,-143.91,26-APR-026,EMMANUEL,127
109966,"CASA DE CAMPO PEELED PLUM TOMATOES 400G 12",29.99,2,23,-21,-629.79,25-APR-026,GLADYS,71
119794,"SABA MULTIPURPOSE LIQUID 750ML  12",23.99,2,2,0,0,25-APR-026,ALVIN,14
119107,"HAPPYFLAKES CHOCOLATE GRANOLA  375G 8",44.99,10,10,0,0,25-APR-026,"KINGSLEY OP",91
112959,"CHANDELIER 96W 185265V WHITE SQUARE BLACK",699,2,2,0,0,25-APR-026,KWAFO,171
126668,"WALL CLOCK SAKURA 305X305X43 2940",75,5,5,0,0,25-APR-026,"GAD ",471
124060,"FOOTBALL KIDS SIZE2 MIX DESIGN",32.9,12,13,-1,-32.9,25-APR-026,CHARLES,463
130520,"COOKING TOOL 5PCS SET SSTEEL S85031",91,48,48,0,0,25-APR-026,PHILEMON,358
148557,"VASE MIX COLOR 20X13CM",35.9,10,10,0,0,25-APR-026,HAYFORD,459
156291,"ASEDA LOCAL WHITE RICE 5KG 5",139.99,5,5,0,0,25-APR-026,GIDEON,68
187908,"KIVO GOOD TIME NONDAIRY CREAMER 20G PACK 10 21",17.99,17,41,-24,-431.76,26-APR-026,"DAVID BRUNO",80
190035,"GLASS JAR WSTRAW SMILEY 450ML YWU",14.9,10,13,-3,-44.7,25-APR-026,SYLVIA,426
190068,"FAN RECHARGABLE TRIPLE CIRCULATION",99,8,12,-4,-396,25-APR-026,NYARKO,182
200308,"HH CHICKEN LUNCHEON MEAT 198G 24",21.99,16,16,0,0,26-APR-026,APPIAH,126
19815,"ENERGIZER BATTERY ALKALINE AA MAXMINI 1X20 BP2",37.9,11,35,-24,-909.6,25-APR-026,NTUMY,161
30790,"TOM MILK BANANA FLAV 125G  4PCS X 6PKS",48.99,16,14,2,97.98,25-APR-026,CHRIS,61
22805,"BLUE BAND MARGARINE SPREAD FOR BREAD 75G 48",5.99,39,43,-4,-23.96,26-APR-026,PRINCE,64
49728,"FA  ROLLON CARRIBEAN LEMON 50ML  24",23.49,16,16,0,0,26-APR-026,ELLA,36
90628,"CURTAIN ROD EXTANDABLE SIZE 110210CM 11051210DG",75,14,14,0,0,26-APR-026,GAD,474
95637,"FLOOR MAT 50X80CM ASTD JSMA017",59,1,11,-10,-590,26-APR-026,"SAMUEL ADDO",402
103162,"AKAI CEILING FAN 56 WGOLD DECOR  EF096A5662",499,1,2,-1,-499,25-APR-026,AKAYIRI,207
103162,"AKAI CEILING FAN 56 WGOLD DECOR  EF096A5662",499,1,2,-1,-499,25-APR-026,"JOSEPH PATRICK",208
104656,"DORI REGALIZ NECK OF GIRAFFE YOGURTE 2X30X30G",5.99,23,21,2,11.98,25-APR-026,ATITOGO,159
126212,"AIRPRO  MINI CLIP AIRREFRSHENER CITRUS 25ML 6",20.49,16,16,0,0,25-APR-026,ABASS,3
126216,"AIRPRO MINI CLIP AFRSHENER CRISP LINEN 25ML  6",20.49,9,15,-6,-122.94,25-APR-026,ABASS,3
141427,"TURNER SLOTTED PEARL 13 59049",9.9,10,10,0,0,25-APR-026,OWUSU,369
162811,"CURTAIN JACQUARD 54X90 CREAM S1297",199,4,4,0,0,26-APR-026,FRANCIS,524
174625,"ADDMIE DRIED VEGETABLES WITH SWEET CORN 16G 40",8.99,25,26,-1,-8.99,25-APR-026,SOLOMON,75
170077,"JAR SPIN LOCK 1400ML 108A 18771",22.9,25,25,0,0,25-APR-026,"NANA ADJEI ",327
167358,"GOMETS YOGHURT ASSORT JELLY ROLLS 12X30 32G",3.49,11,70,-59,-205.91,26-APR-026,ATITOGO,160
193343,"TUMBLER GLASS TRAZE FT DROCK 350ML 3P0366306G0001",199,3,3,0,0,25-APR-026,"STEPHEN ACQUAH",422
194970,"LADLE SLOTTED TURNER SILICONE ZHN HR22PC14DS",8.9,20,20,0,0,25-APR-026,PATIENCE,347
189850,"DOVE LOTION HYDRATING LIGHT CARE 400ML 18",77.99,5,5,0,0,25-APR-026,"BENEDICT ABBEY",37
190544,"BULLETIN BOARD 90X120CM A01FB90120S",279,5,5,0,0,25-APR-026,"GEORGE PUPLAMPU",467
198560,"BBQ TOOLS 5PCS SET W ALUMINUM CASE YWU",299,9,9,0,0,25-APR-026,NASHIBA,335
197992,"MCBERRY CHEESE BALLS 15G  72",1.19,42,46,-4,-4.76,25-APR-026,"EMMANUEL MENSAH",121
37536,"WC NET INTENSE SOL RIM BLOCK MOUNT FRESH 4PC 12",70.49,20,22,-2,-140.98,25-APR-026,ABASS,3
49705,"FA  ROLLON ATTRACTION FORCE 50ML  24",23.99,20,20,0,0,26-APR-026,ELLA,36
68575,"FOGG FRAGRANCE BODY SPRAYROYAL  120ML   72",52.99,31,57,-26,-1377.74,25-APR-026,ELLA,33
96430,"NIDO ESSENTIA 23G 10PCS X 12",46.49,3,37,-34,-1580.66,26-APR-026,TITUS,21
98567,"TOM MILK TUTTIFRUTTI DAIRY DESSERT 125G 4PC X6PK",48.99,16,17,-1,-48.99,25-APR-026,CHRIS,61
92081,"MAGGI DEDEEDE CUBE 600G  24",63.99,40,19,21,1343.79,25-APR-026,GIDEON,67
104377,"DESTELLO FLOOR CLEANER LAVENDAR 1500ML  12",33.49,4,3,1,33.49,25-APR-026,"ADIATOR MOSES ",7
119481,"WESTINGHOUSE TEASPOON SET 6PCS WCCL00076TS",99,3,3,0,0,25-APR-026,OWUSU,370
128561,"DOLL DARK 115 MT538381",79,1,1,0,0,25-APR-026,HERBERT,278
135986,"BADIA ONION POWDER 275OZ  8",44.99,10,10,0,0,25-APR-026,BISMARCK,45
131622,"CAKE FONDANT CUTTER 3PCS SET A6103",1.9,10,10,0,0,25-APR-026,"ALHASSAN RANDY",385
148419,"MUG WSPOON SAUCER CERAMIC MR RIGHT HK1176 YWU",36.9,19,19,0,0,25-APR-026,ROBIN,392
148518,"ARTIFICIAL FLOWER 65CM 363147106670661",15.9,39,42,-3,-47.7,25-APR-026,ESINAM,461
155739,"LA SALUD SOFTNER BLUE ESSENCE 28L 4",90.99,5,5,0,0,26-APR-026,ALVIN,15
157134,"CHANDELIER GOLDBLACK 6369750350",1999,1,2,-1,-1999,25-APR-026,KWAFO,167
153192,"SERVING BOWL MELAMINE 10 INCHES FEILU 5086",9.9,5,5,0,0,25-APR-026,REGINA,387
161499,"CURTAIN FOILED 54X90 BURGUNDY",139,12,12,0,0,25-APR-026,GILBERT,500
175345,"CHUPA CHUPS MINI ASSORT FLAV LOLIPOP 50PCS 300G 12",117.99,2,13,-11,-1297.89,26-APR-026,TITUS,21
167704,"SPORTS BOTTLE 800ML PLASTIC YY577 YWU",69,1,1,0,0,26-APR-026,GILBERT,312
169859,"TURNER SS WWOOD HANDLE 8MM ROSEWOOD AA1811",35,10,15,-5,-175,25-APR-026,OWUSU,368
17636,"ORIGINAL CHOICE DELUXE VSOP BRANDY  750ML 12",54.99,10,10,0,0,25-APR-026,MAHAMA,115
190929,"JAMAA DETERGENT POWDER 45KG 3",119.99,3,4,-1,-119.99,26-APR-026,TITUS,21
188868,"BATHMAT 50X80CM BM278 PINK CP",59,17,17,0,0,25-APR-026,"SAMUEL ADDO",400
191099,"FOGG FRAGRANCE BODY SPRAY MONARCH 120ML 72",52.99,16,51,-35,-1854.65,25-APR-026,ELLA,33
198733,"SOAP DISPENSER SET WSPONGE AND RACK GLASS YWU",99,6,6,0,0,26-APR-026,VINOLIA,441
200740,"COOKING POT WLID 22CM FALU ZHNBAROLY 113922",239,3,4,-1,-239,25-APR-026,"ALHASSAN RANDY",381
38707,"COWBELL MOCHA 35G 120",5.99,130,151,-21,-125.79,25-APR-026,"DAVID BRUNO",79
48796,"BLUE SKIES MANGO ORANGE  BANANA JUICE  500ML  10",25.49,8,8,0,0,25-APR-026,DANIEL,XMAS
03567,"UMBRELLA FOLDING",75,14,14,0,0,25-APR-026,RANDY,33
105539,"FLOWER POT 42X30 PLASTIC 1907",55,12,14,-2,-110,25-APR-026,HAYFORD,459
122792,"HAAGENDAZS MANGO RASPBERRY ICE CREAM 460ML 8",112.99,3,3,0,0,25-APR-026,EMMANUEL,135
138810,"BUMBLE BABY WET WIPES 120 PCS HONEYSUCKLE  12",31.99,3,5,-2,-63.98,26-APR-026,"BENEDICT ABBEY",39
131340,"MEASURING SPOON WICE SCOOP 10PCS SET PLASTIC YWU",14.9,10,9,1,14.9,25-APR-026,"ALHASSAN RANDY",384
130163,"STEM GLASS EQUIPHOME 19CL 9646J1103",29.9,2,8,-6,-179.4,25-APR-026,"STEPHEN ACQUAH",420
131624,"CAKE FONDANT CUTTER 3PCS SET A6111",1.9,36,36,0,0,26-APR-026,"ALHASSAN RANDY",384
148804,"SHOE AND HAT RACK 4LAYER METAL YWU",179,9,10,-1,-179,26-APR-026,FRANCIS,525
159335,"JUMBO TENNIS BALL 95",69,41,41,0,0,25-APR-026,CHARLES,463
167642,"AIRPORT CHAIR 3SEAT GREY 1800X635X760MM B308",2490,1,1,0,0,25-APR-026,FRANCIS,527
187282,"WEIGHT DISC 453KG SFDISC10LB",179,4,4,0,0,25-APR-026,"GEORGE PUPLAMPU",467
183264,"BEER MUG 4PCS SET 575ML HANNOVER PJ 14220 RJK",79,3,3,0,0,25-APR-026,"STEPHEN ACQUAH",418
184161,"AKAI FRIDGE SD 90L SILVER RF137AC90L",1899,1,1,0,0,25-APR-026,MABEL,252
183437,"TUMBLER GLASS EMBOSSED 454ML 3PCS SET 3GS03 RJK",42.9,12,11,1,42.9,25-APR-026,"STEPHEN ACQUAH",419
192520,"TISSUE HOLDER VSHAPED 08MM GOLD SS HFYSZJJ065",39.9,20,20,0,0,25-APR-026,"PAUL OWUSU",355
193537,"TUMBLER 6PCS SET LVHLN346F",89,8,8,0,0,25-APR-026,SOMUAH,415
194952,"LADLE SLOTTED TURNER SILICONE ZHN HR78",16.9,33,33,0,0,25-APR-026,PATIENCE,347
190062,"LORENZ CRUNCHIPS SOUR 100G  12",45.99,1,31,-30,-1379.7,26-APR-026,JIMOH,1
X808,"PRIMA LIQUID SOAP LEMON 45L 6",75.99,7,12,-5,-379.95,26-APR-026,"GIDEON GBLOGAH",12
96497,"SWAN BROWN SUGAR STICKS 200G 12",25.99,14,14,0,0,25-APR-026,"EMMANUEL MENSAH",122
95679,"SEPTOL ANTISEPTIC DISINFECTANT 750ML  12",58.99,4,5,-1,-58.99,26-APR-026,QUEENCILLA,42
106953,"6TH SENSE LONDON DRY GIN 1L 6",119.99,6,6,0,0,25-APR-026,MAHAMA,116
108451,"BLUE SKIES COFFEE LATTE  ICE CREAM 450ML 1",51.99,2,2,0,0,25-APR-026,EMMANUEL,135
109569,"GIFT SET WPLATEBOWLSPOONFORKTRAY P510",16.9,43,42,1,16.9,25-APR-026,NIBOI,315
118289,"FARAGELLO GOLD APPLE NECTAR GLASS BOTTLE 1L  6",33.99,6,22,-16,-543.84,26-APR-026,EMMANUEL,127
119995,"SWEETARTS GIANT CHEWY 15OZ   36",19.99,12,359,-347,-6936.53,26-APR-026,TITUS,21
115897,"BREAD KNIFE 12 ",4.9,21,50,-29,-142.1,25-APR-026,"NANA KOJO",366
120688,"WESTINGHOUSE PANINI GRILL 2SLICE 700W WKCG053",329,1,1,0,0,25-APR-026,PRINCE,225
148394,"TABLE RUNNER 35X180CM ASTD10",42.9,7,16,-9,-386.1,25-APR-026,GIFTY,490
149721,"PIZZA CUTTER BLACK ILC ICC777KA0010 RK",14.9,17,18,-1,-14.9,25-APR-026,"NANA KOJO",365
167945,"CHRISTMAS ORNAMENT 20PCS 4CM",37.9,24,24,0,0,25-APR-026,DANIEL,XMAS
16844,"NIVEA EXPRESS HYDRATION BODY LOTION 400ML 12",127.99,35,37,-2,-255.98,25-APR-026,"BENEDICT ABBEY",37
186915,"BATHMAT 50X80CM D2 MP ASTD 6COLORS JBT52202",99,9,5,4,396,26-APR-026,VINOLIA,444
198441,"DINNER PLATE SQ 8INCHES CERAMIC EMBOSSED YWU",26.9,23,23,0,0,26-APR-026,BLESSING,408
200467,"SAUCE PAN 3PC SET 141618CM FALU 811202141618",299,7,7,0,0,25-APR-026,QUEENCILLA,376
36727,"SMILE POCKET TISSUE 1X10X30",15.49,23,32,-9,-139.41,26-APR-026,"COLLINS HAMMOND",30
23130,"ENA PA MACKEREL IN TOMATO SAUCE  EO  425G  24",22.99,46,43,3,68.97,26-APR-026,"EMMANUEL MENSAH",124
61171,"KIDS BLOCKS ASSORTED 278PCS",219,4,4,0,0,25-APR-026,JUSTICE,270
61259,"ROMAR AUTOM AIRFRESH REFILL MERMAID NO 4 250ML  6",48.99,2,2,0,0,26-APR-026,ABIGAIL,5
72084,"ROMAR AUTOM AIRFRESH REFILL VALET NO16 250ML  6",48.99,1,1,0,0,26-APR-026,ABIGAIL,5
X951,"CERES APPLE FRUIT JUICE 1L 12",44.99,44,74,-30,-1349.7,25-APR-026,KWAFO,100
D750,"CERES MEDLEY JUICE 1L 12",44.99,12,57,-45,-2024.55,26-APR-026,EMMANUEL,127
93509,"WIRE FRUIT BASKET 32X14CM YWU",149,2,2,0,0,25-APR-026,JIMOH,134
95906,"AMALFI  BODY SPRAY CHOCO WILD  150ML  8",30.99,6,6,0,0,25-APR-026,ELLA,33
92212,"BINATONE CEILING FAN 56 WDECO  CF5676",679,1,3,-2,-1358,25-APR-026,"KINGSLEY OP",211
128603,"XYLOPHONE TOY KIDS MT446899",169,2,2,0,0,25-APR-026,HANNAH,272
126208,"AIRPRO  AIRFRESHENER GEL PINA COLADA 128G 24",24.99,19,19,0,0,26-APR-026,ABIGAIL,5
123434,"BOX STACKING NOVALINE 410X255X200MM 03010303",59,3,3,0,0,25-APR-026,DANIEL,257
130784,"TOREN DELISSO MILKY COATED COCOA CREAM WAF 20G 288",2.19,113,236,-123,-269.37,25-APR-026,"ABIGAIL YEVUGAH",157
133204,"SHINE PREMIUM PAPER PLATES 5INCH 25PCS  40",18.49,20,20,0,0,26-APR-026,DORIS,24
14811,"DEVA DISWASHING LIQUID LEMON 700ML 24 10404",25.99,1,13,-12,-311.88,25-APR-026,ALVIN,14
157005,"CURTAIN GROMMET TAUPE 55X90 EH2866TA",169,1,1,0,0,25-APR-026,ESINAM,486
155139,"FLORA JOY FACIAL RUBBER TISSUE 120X5X10  50",7.99,15,21,-6,-47.94,25-APR-026,TITUS,21
164238,"BATH MAT 50X80CM BM3837",49.9,4,4,0,0,26-APR-026,VINOLIA,443
161281,"CANVAS PAINTING BIG CATS 70X50CM PC233003",109,6,7,-1,-109,25-APR-026,GAD,472
162474,"HAAGEN DAZS MACADAMIA NUT BRITTEL 460ML 8",133.99,3,3,0,0,26-APR-026,TITUS,21
173810,"CHUPACHUP CLASSIC ASSORTED 6 TUBE X 100P 1100G  6",389.99,5,8,-3,-1169.97,26-APR-026,"EDDIE MENSAH",90
169319,"DZIRE HIFI SPEAKER 40W RECHA WL MIC HIFI8DRM2801",1299,1,1,0,0,25-APR-026,JUSTICE,184
185201,"SOFT  GENTLE TALC POWDER 250G 6",13.99,10,10,0,0,26-APR-026,RICHMOND,50
193039,"PEELER 6PCS SET ZHN HD127",29.9,30,30,0,0,25-APR-026,"NANA KOJO",367
193164,"PLUSH TOY 45CM",219,2,2,0,0,25-APR-026,HANNAH,276
200706,"KNIFE SET WSCISSOR 7PCS ZHN KS066",89,18,18,0,0,25-APR-026,"NANA KOJO",362
68485,"CAL Y CANTO FULL RED 750ML  6",84.49,11,11,0,0,25-APR-026,APPIAH,112
96111,"NIVEA LIP BALM HUDRO CARE  48G  12",37.99,20,8,12,455.88,26-APR-026,"BOADI STEPHEN",52
98557,"MADAR WASHING POWDER 150G  40",5.99,54,42,12,71.88,26-APR-026,ALVIN,17
115925,"STINGRAY BENCH PRESS SFWORKOUTB",899,1,2,-1,-899,25-APR-026,"GEORGE PUPLAMPU",467
126928,"JOHN WEST TUNA CHUNKS IN SPRING WATER 125G 48",31.99,20,20,0,0,26-APR-026,"EMMANUEL MENSAH",124
12206,"ELLEVIRE MANGO DAIRY DESSERT 4X125G 6",62.99,2,2,0,0,25-APR-026,EMMANUEL,133
124246,"MOP COTTON HEAD  METAL HANDLE GREEN HIDX04L RJK",69,2,2,0,0,25-APR-026,DANIEL,XMAS
138596,"HAYHAY 30G  X 24 X 8 BOXES COCONUT 192",5.19,38,136,-98,-508.62,25-APR-026,"ABIGAIL YEVUGAH",157
148950,"WARDROBE CATALUNHA 8DR 2DRW NOGUEIRAWHITE 588084",3289,1,1,0,0,26-APR-026,SHADRACK,521
152998,"AKAI SANDWICH MAKER 4SLICE 1500W SM021A8002",449,1,1,0,0,25-APR-026,"COLLINS HAMMOND",233
152259,"MCBERRY LOVAN VANILLA CAKE 22G  72",1.29,86,88,-2,-2.58,25-APR-026,DORIS,101
163118,"VIBE BODY LOTION  ALOE VERA 500ML 12",44.49,11,10,1,44.49,25-APR-026,"BENEDICT ABBEY",37
161407," CURTAIN VELVET EMBOSSED 54X90  GOLD",109,1,1,0,0,25-APR-026,ESINAM,486
161587,"DZIRE CEILING FAN 36 DARK BROWN CF 36 BHOB",349,1,7,-6,-2094,25-APR-026,"JOSEPH PATRICK",208
169950,"KEL 360 TOOTHPASTE 150G  48",22.49,45,69,-24,-539.76,25-APR-026,"BOADI STEPHEN",54
168111,"FILLED CUSHION P PRINTED 45X45CMFLORAL1 DC256",139,13,16,-3,-417,25-APR-026,GLADYS,504
179783,"MULTIPURPOSE BASKET HANGER WHITE PLASTIC 5016",24.9,6,6,0,0,25-APR-026,OTHNIEL,339
179999,"CURTAIN YD PL GROMT TAUPE 54X90 24EHM006",179,12,12,0,0,25-APR-026,ESINAM,485
186041,"GLASS JUG WCUP 7PCS SET 1620200ML 19147DDE RJK",149,2,4,-2,-298,25-APR-026,"STEPHEN ACQUAH",424
188198,"BANANA MICROWAVE OVEN WGRILL 20L BMW7202G",999,1,1,0,0,25-APR-026,MABEL,252
182964,"FRYING PAN 24CM FALU ZHNBLY 600424",99,3,15,-12,-1188,25-APR-026,PHILEMON,358
184785,"WHISKEY GLASS 6PCS SET 340ML DSKB1032A2B",75,6,7,-1,-75,25-APR-026,"STEPHEN ACQUAH",420
195058,"ICE FACTORY REUSABLE DICE ICE CUBE 525G 1",72.99,6,6,0,0,26-APR-026,EMMANUEL,138
191052,"REALMAN DEO ROLL ON PURE WOOD 50ML 48",27.99,3,4,-1,-27.99,26-APR-026,ELLA,36
198731,"MUG WTEDDY 350ML CERAMIC YWU",44.9,23,23,0,0,25-APR-026,ROBIN,392
86402,"MIDEA GAS COOKER 5B 80X60 GRILL SIL 30AMG5G027",5999,1,1,0,0,25-APR-026,AKAYIRI,205
95804,"GIFT BAG 26X32X10CM",9.9,12,12,0,0,25-APR-026,MARYLAND,301
93895,"AVIOS BAKING TRAY RECTANGLE 10L AVSBT1 RJK",39.9,7,7,0,0,26-APR-026,SYLVIA,428
98478,"AMALFI HAND SOAP PEACH  500ML 12",25.99,12,11,1,25.99,25-APR-026,BISMARCK,43
107242,"BAUDUCCO MULTIGRAINS TOAST 142G  36",14.99,7,17,-10,-149.9,25-APR-026,DERRICK,96
115058,"SARA CORNED MEAT 400G 24",40.99,28,28,0,0,26-APR-026,APPIAH,126
131337,"MEASURING SPOON W ICE SCOOP 6PCS SET 30X48 YWU",9.9,42,42,0,0,25-APR-026,"ALHASSAN RANDY",384
163420,"ICE QUEEN DOUBLE ESKIMAK VANILLA STRAWB 100ML 50",8.99,19,27,-8,-71.92,26-APR-026,EMMANUEL,135
181407,"SWEET POTATO PACK FM",27.99,2,2,0,0,25-APR-026,JIMOH,134
187013,"BATHROOM 4PCS SET PLASTIC 8033 YWU",69,5,5,0,0,25-APR-026,VINOLIA,441
193436,"COLOUR YOUR OWN MANGA BOOKS 22X28CM",30.99,3,4,-1,-30.99,25-APR-026,"JERUSHA ",284
42963,"MAXIM LEAVE IN CONDITIONER 500ML  30",33.99,4,8,-4,-135.96,25-APR-026,"BENEDICT ABBEY",38
79905,"CRAZY FITNESS MASSAGER  MUSIC PANEL HM0108VD",2399,2,2,0,0,25-APR-026,"GEORGE PUPLAMPU",467
89845,"CORNER RACK W SUCTION R5550 RJK",79,5,5,0,0,25-APR-026,VINOLIA,440
77579,"DR MIGHTY WC POWER BALLS LAVENDER 5 IN 1  24",24.99,13,17,-4,-99.96,26-APR-026,ABASS,3
07013,"YAZZ WASHING POWDER 500G 12",18.99,23,34,-11,-208.89,26-APR-026,TITUS,21
100336,"GAS REGULATOR WMETER V80",95,18,18,0,0,25-APR-026,DANIEL,258
125404,"OKF FRUIT DRINK WALOE LEMON GINGER 500ML 20",26.99,20,35,-15,-404.85,26-APR-026,EMMANUEL,127
120847,"CUSSONS BABY WIPES SOFT  SMOOTH 80 SHEETS  24",23.99,24,24,0,0,26-APR-026,PHILEMON,10
135013,"STRING LIGHT HOLDER 5METERS CH8525M",129,3,3,0,0,25-APR-026,KWAFO,170
131661,"CAKE MOULD SHOE DESIGN",4.9,13,13,0,0,25-APR-026,"RANDY ALHASSAN",385
149011,"MCBERRY MILK CREAM POUND CAKE 30G  144",2.29,144,188,-44,-100.76,26-APR-026,EMMANUEL,127
146624,"CARROTS STICKS IN PACK",9.99,1,1,0,0,25-APR-026,JIMOH,134
156701,"LADLE SPAGHETTI SSTEEL YWU",19.9,1,1,0,0,25-APR-026,OWUSU,369
154304,"CLE ANTISEPTIC DISINFECTANT 500ML 24",25.99,22,22,0,0,26-APR-026,QUEENCILLA,42
164611,"SHOWER RACK HANGING METAL 2 TIER ORSA 173",119,1,1,0,0,25-APR-026,VICTORIA,438
168686,"SPOON LADLE SS WWOOD HANDLE 8MM ROSEWOOD AA1812",35,32,54,-22,-770,25-APR-026,QUEENCILLA,379
183451,"TUMBLER GLASS 450ML 3PCS SET 3GS06 RJK",42.9,11,9,2,85.8,25-APR-026,"STEPHEN ACQUAH",419
194684,"CASSEROLE WLID GLASS 1000ML ZT018",36.9,15,14,1,36.9,26-APR-026,GLADYS,430
200149,"LELE BLACK TEA  252G  50G  24",10.99,24,24,0,0,25-APR-026,AKORFA,59
26028,"UMBRELLA FOLDABLE SUN",69,31,32,-1,-69,25-APR-026,RANDY,33
74494,"MENS RAINCOAT",75,19,43,-24,-1800,25-APR-026,WISE,446
75278,"BINATONE KETTLE 17L 2200W WHITE CEJ 1780",345,8,10,-2,-690,25-APR-026,LESTER,250
81277,"SHINE QUEEN SIZE JUMBO ROLL 2PLY  12",24.49,6,13,-7,-171.43,26-APR-026,WISE,41
49805,"DINNER PLATE MELAMINE 11 INCHES ZHN G38001115",26.9,14,14,0,0,25-APR-026,REGINA,389
X470,"BLUE BAND MARGARINE ORIGINAL 450G 24",38.99,33,32,1,38.99,26-APR-026,PRINCE,64
D536,"BIC SENSITIVE 3BLADE STICK BROWN SOF 4  20",64.99,15,18,-3,-194.97,26-APR-026,AKORFA,55
X432,"CARNATION TEA CREAMER 150G 48",9.99,768,1700,-932,-9310.68,25-APR-026,EZEKIEL,148
09912,"GINO TOMATO PASTE 22KG 6",69.99,12,14,-2,-139.98,26-APR-026,EMMANUEL,127
103067,"FOREVER YOUNG SHOWER GEL 800ML  12",47.99,4,4,0,0,25-APR-026,"ANANE KOJO",21
102736,"CELLO LUNCH BOX PLASTIC FAB",29.9,25,25,0,0,25-APR-026,"MICHAEL BOYE",306
103796,"STUTE SUPERIOR CRANBERRY 15 6",58.99,8,8,0,0,25-APR-026,KWAFO,103
117441,"HARIBO SOUR SPARKS 140G  12",29.99,8,10,-2,-59.98,25-APR-026,ABIGAIL,156
124015,"FLOOR MAT 60X90CM ASSORTED GRACRMB",229,1,10,-9,-2061,25-APR-026,DANIEL,XMAS
135815,"SERVING BOWL MELAMINE 12 INCHES FEILU 508127",24.9,11,30,-19,-473.1,25-APR-026,REGINA,387
164302,"DECAKILA RICE COOKER 28L 900W KEER035W",499,1,2,-1,-499,25-APR-026,"COLLINS HAMMOND",236
159743,"MUNCHEE MSC STRAWBERRY MILK BISCUITS 45G 48",3.29,48,67,-19,-62.51,25-APR-026,EMMANUEL,127
159758,"MUNCHEE GINGER BISCUITS 35G  72",2.69,68,93,-25,-67.25,26-APR-026,DERRICK,96
162335,"POTATO MASHER SS WOOD HANDLE ILC MC73211 RJK",24.9,12,12,0,0,25-APR-026,DANIEL,KITCHEN
168813,"STEMWARE 6PCS SET CELEBRA 400ML 70630200912798",89,5,5,0,0,25-APR-026,"STEPHEN ACQUAH",420
168099,"FILLED CUSHION P JAQUARD 45X45CMTAUPE DC254",129,12,12,0,0,25-APR-026,"GIDEON GBLOGAH",508
170079,"CONTAINER CLICK AND LOCK 360ML 303 17331",18.9,4,4,0,0,26-APR-026,NIBOI,317
187699,"HUMIDIFI CANDOR 300ML",69,9,9,0,0,25-APR-026,KWAFO,173
195084,"KAMILA TRUFFLES ASSORTED PINK 750G  8",94.99,5,15,-10,-949.9,26-APR-026,"EDDIE MENSAH",90
191072,"FOGG DEO ROLL ON STATUS 50ML 48",20.99,18,32,-14,-293.86,25-APR-026,ELLA,35
200613,"HUNGRY BREAD VANILLA FRUIT CAKE 300G 1",39.99,7,9,-2,-79.98,25-APR-026,EMMANUEL,129
27769,"WC NET BLEACH GEL OCEAN FRESH  750ML 12",53.99,16,17,-1,-53.99,25-APR-026,ALVIN,13
36822,"MAGICTIME CLASSIC YELLOW MUSTARD 14OZ  12",26.99,4,12,-8,-215.92,26-APR-026,"PAUL OWUSU",64
79095,"CHRISTMAS PAPER STAR 90CM",29.9,1,1,0,0,25-APR-026,DANIEL,XMAS
82389,"BINATONE AVR 1K DVS1000",799,1,4,-3,-2397,25-APR-026,DANIEL,257
78009,"FANICE CUP CHOCOLATE 140ML 12",7.49,1,44,-43,-322.07,25-APR-026,DANIEL,XMAS
56619,"AFRICA FACIAL TISSUE 2PLY 150TISSUES   36",11.49,19,29,-10,-114.9,25-APR-026,TITUS,21
CL746,"OHEMA CASSEROLE 2PCS SET 2000  3000 ML",69,4,2,2,138,25-APR-026,PATIENCE,345
N040,"PURE HEAVEN TROPICAL JUICE TETRAPAK 1L  8",35.99,18,18,0,0,25-APR-026,KWAFO,103
103892,"BLING BLEACH 5L  4",79.99,4,4,0,0,26-APR-026,"GIDEON GBLOGAH",12
117662,"TOILET BRUSH SET WIN UR3245",19.9,15,15,0,0,25-APR-026,VICTORIA,437
113992,"TOM MILK PEACH  DAIRY DESSERT 125G 6",48.99,12,13,-1,-48.99,25-APR-026,CHRIS,61
128553,"LAUNDRY BASKET COLLAPSIBLE A202205 RK",39.9,3,2,1,39.9,25-APR-026,FRANCIS,527
128601,"XYLOPHONE TOY WMUSIC SYMBOL DESIGN MT446897",119,6,6,0,0,25-APR-026,HANNAH,272
129068,"SLOTTED TURNER FRC 2743712",29.9,2,6,-4,-119.6,25-APR-026,PHILEMON,358
13476,"LELE THAI RICE 5KG 5",210.99,10,63,-53,-11182.47,25-APR-026,NTUMY,163
137063,"BODMAN FRGUY 236ML  12",77.99,12,12,0,0,25-APR-026,ELLA,35
131358,"COLOURING BOOK PLAY WITH CRAYON 12 EB1003 1004",13.99,12,11,1,13.99,25-APR-026,"JERUSHA ",284
13014,"EVEN BUTTER UNSALTED 200G 40",92.99,19,20,-1,-92.99,25-APR-026,EMMANUEL,133
146985,"VARTA BATTERY LONGLIFE AA BLISTER 4",55,4,9,-5,-275,26-APR-026,ATITOGO,160
145695,"BIN WFLAT LID MATT FINISH RND 3L PEDAL AAA03 RK",79,4,4,0,0,26-APR-026,WISE,452
164612,"TOILET PAPER HOLDER WSTAND METAL ORSA 176",139,3,2,1,139,25-APR-026,VICTORIA,438
165995,"2 SHARE SWEET RED WINE 750ML 6",83.99,7,7,0,0,25-APR-026,APPIAH,112
163362,"TEDDY BEAR IN CAGE 37CM RED 10804",99,3,3,0,0,25-APR-026,HANNAH,276
162761,"CERAMIC BOWL 3PCS SET 75012502000ML T103047",169,1,8,-7,-1183,25-APR-026,RANDY,33
162734,"TUMBLER GLASS 6PCS SET 230ML G25004 LTREND",29.9,20,20,0,0,25-APR-026,"STEPHEN ACQUAH",419
174980,"NERO ORANGE CARBONATED PET DRINK 350ML 20",3.19,10,24,-14,-44.66,26-APR-026,TITUS,21
167654,"MUG 350 ML CERAMIC DESINGER YWU",9.9,13,13,0,0,25-APR-026,"SAMUEL ADDO",398
167204,"JUBA SHRIMP SEASONING 10PCSX10PKS 50G  100",5.29,35,25,10,52.9,26-APR-026,TITUS,21
180106,"DOVE SPRAY 250ML SENSITIVE SHIELD 24",44.99,28,30,-2,-89.98,25-APR-026,ELLA,34
187946,"DECORATIVE ACCESSORY",79,11,11,0,0,26-APR-026,HAYFORD,461
187523,"PROMESS FLAVOURED DRINK BANANA 500ML 12",18.49,1,21,-20,-369.8,26-APR-026,TITUS,21
184613,"SOUP PLATE 7INCH CERAMIC STKLT SK12 RJK",9.9,44,44,0,0,25-APR-026,BLESSING,410
190054,"SERVING BOWL 7PCS SET 1300ML300ML GLASS YWU",79,6,5,1,79,25-APR-026,RANDY,33
198631,"ACRYLIC STAND CARD A5 HCL O51039",21.99,20,15,5,109.95,26-APR-026,JERUSHA,284
198792,"DINNER SPOON 6PCS SET DESIGNER SSTEEL 38G YWU",16.9,13,13,0,0,25-APR-026,OWUSU,370
22278,"KOPIKO CAPPUCCINO CANDY 175G  24",23.99,15,18,-3,-71.97,26-APR-026,"EDDIE MENSAH",90
88392,"FOOD CONTAINER 4PCS SET PLASTIC SSPD D5551 YWU",69,7,7,0,0,25-APR-026,"NANA ADJEI",329
69932,"BINATONE CEILING FAN 56 CF5603",595,14,15,-1,-595,25-APR-026,"JOSEPH PATRICK",208
X452,"MILO ACTIGEN TIN 400G 12",57.99,57,277,-220,-12757.8,25-APR-026,"DAVID BRUNO",79
N766,"NESTLE CHOCOMILO ENERGY CUBE 1375G 40",25.49,74,75,-1,-25.49,25-APR-026,ABIGAIL,156
92019,"BATHMAT COTTON 50X80CM  ASTD",69,23,23,0,0,25-APR-026,"SAMUEL ADDO",401
139341,"GREEN PEPPERTFM PACK",13.99,7,7,0,0,25-APR-026,JIMOH,134
148006,"PAINTING ALUMINUM ALLOY FRAME 60X60CM",289,1,8,-7,-2023,25-APR-026,FRANCIS,522
148006,"PAINTING ALUMINUM ALLOY FRAME 60X60CM",289,1,8,-7,-2023,25-APR-026,GAD,472
140113,"CARPET MET FUR 160X230CM ASTD",379,1,5,-4,-1516,25-APR-026,SHADRACK,514
157095,"DAINESS BANANA 500ML 24",173.99,20,20,0,0,26-APR-026,NTUMY,162
149220,"AIRPRO NAPHTALENE BALLS COLOURED SMALL 150G   120",11.49,41,108,-67,-769.83,25-APR-026,NTUMY,163
174622,"ADDMIE DRIED VEGETABLES WITH CRAYFISH 16G 40",8.99,22,22,0,0,25-APR-026,SOLOMON,75
167955,"CHRISTMAS ORNAMENT 20PCS 4CM",55,24,24,0,0,25-APR-026,DANIEL,XMAS
170297,"KALYON EXTRA DISHWASHING LIQUID OCEAN  735ML 12",25.99,16,16,0,0,25-APR-026,ALVIN,14
178561,"FLORA DIAPERS KIDS MINI S3  10",22.99,7,13,-6,-137.94,25-APR-026,QUEENCILLA,42
188075,"NIVEA DEO SPRAY BW INVISIBLE CLEAR 72H  200ML 12",81.99,21,13,8,655.92,25-APR-026,ELLA,34
185137,"ST IVES LOTION SOOTHING OATMEAL  SB 400ML 12",77.49,4,3,1,77.49,25-APR-026,"BENEDICT ABBEY",37
194645,"WINE GLASS 3PCS SET RB064",39.9,0,20,-20,-798,25-APR-026,"SYLVIA ",425
194361,"AKAI SOUND BAR WIRELESS SUBWOOFER 180W SB006A008",1899,1,1,0,0,25-APR-026,JUSTICE,193
189069,"GARLAND 9CMX2M",7.9,27,27,0,0,25-APR-026,DANIEL,XMAS
198732,"MUG WTEDDY 350ML CERAMIC YWU",44.9,24,24,0,0,25-APR-026,ROBIN,392
202403,"BINATONE BLENDER 2L 800W BLG808",729,2,2,0,0,25-APR-026,PRINCE,230
83660,"TOP CHOCO PURE COCOA POWDER  200G 12",48.99,46,48,-2,-97.98,26-APR-026,SOLOMON,78
61043,"12  MATTRESS 190X210CM ORTHOPEDIC PILLOWTOPKS",7090,1,1,0,0,25-APR-026,FRANCIS,529
C0173,"SWING BIN 10LTR 24CMX18CMX40CM",34.9,6,19,-13,-453.7,25-APR-026,HAYFORD,456
CL293,"DRUM WITH LID 70LTR 50CMX63CM",139,3,3,0,0,25-APR-026,MORGAN,323
95797,"GIFT PAPER 53X75CM 3PCS",10.99,8,8,0,0,25-APR-026,HADASSAH,266
96092,"READI COCONUT CHIPS 70G 60",10.19,21,47,-26,-264.94,26-APR-026,MAHAMA,120
140696,"STORY BOARD BOOK FANCY 46X30X15CM",21.99,9,1,8,175.92,26-APR-026,HERBERT,283
155335,"SAN BENEDETTO STILL WATER 250ML 24",19.49,21,38,-17,-331.33,26-APR-026,JIMOH,1
166368,"COLANDER WSIDE HANDLES 225CM SSTEEL XY2306",32.9,8,8,0,0,25-APR-026,"PAUL OWUSU",351
159862,"PIN LARGE 10PCS",5.9,10,12,-2,-11.8,26-APR-026,GILBERT,294
171739,"SIDE PLATE EMBOSSED CERAMIC 9 INCHES LDSSTK8",2.9,80,80,0,0,25-APR-026,SOMUAH,412
187006,"MUG 3PCS SET 360ML CERAMIC SOLID COLOR YWU",59,12,22,-10,-590,25-APR-026,"SAMUEL ADDO",398
185902,"STAEDTLER MECHANICAL PENCIL 07MM WLD 7757BK25DA04",79,3,3,0,0,26-APR-026,MARIAM,291
182928,"AKAI NOSE TRIMMER 3W NT001A21314",75,3,3,0,0,25-APR-026,NYARKO,177
194132,"AMERICA GOURMET HOT SAUCE 16 OZ  12",27.99,4,7,-3,-83.97,26-APR-026,GIDEON,72
189603,"REXONA DEO PK2  FOOTBALL  4",94.99,7,7,0,0,26-APR-026,AKORFA,55
189255,"XMAS ORNAMENT 8PCS 18X18X15 257625058",55,6,6,0,0,25-APR-026,DANIEL,XMAS
197418,"DIDI SHITO JAR HOT 420G  12",69.99,3,3,0,0,26-APR-026,GIFTY,63
48221,"ROX ENERGY DRINK 250ML  24",24.99,8,6,2,49.98,25-APR-026,DELIGHT,85
206598,"AER POWER POCKET JASMINE FLORAL D 120",11.49,50,116,-66,-758.34,25-APR-026,ABASS,2
53984,"8 MATTRESS 180X200CM HD KS LAT",2699,1,5,-4,-10796,25-APR-026,SHADRACK,515
CL699,"BOWL FUFU 2000ML 23CMX22CMX9CM",5.9,8,8,0,0,25-APR-026,NASHIBA,334
94363,"AKAI STEAM IRON 2200W EI042A260SI",259,4,4,0,0,25-APR-026,"KINGSLEY OP",220
00521,"AKAI AVR 2KVA AVR003A  2000VA",779,1,4,-3,-2337,25-APR-026,DANIEL,257
104644,"MAGNIFIC ASETAT ORANGE 288GM 12",79.99,11,11,0,0,25-APR-026,DORIS,98
118562,"VIRGINIA GREEN EXTRAVIRGIN GLAS OLIVE OIL 500ML 12",134.99,7,7,0,0,26-APR-026,"NANA ADJEI",48
129574,"SAMSUNG AC SPLIT 15HP R410 AR12CRHGAWKAF",7749,1,2,-1,-7749,25-APR-026,AKAYIRI,207
137619,"ONE YOGO PARFAIT MIX CHOCO GRAN CHOCO CHIP 200G 12",45.99,14,24,-10,-459.9,25-APR-026,"KINGSLEY OP",91
129840,"BERTOLLI  EXTRA VIRGIN OLIVE OIL 1LTR GLASS 6",235.99,3,3,0,0,26-APR-026,"NANA ADJEI",48
130083,"LAYS CHIPS ONION  BALSAMIC 105G  20",15.99,17,17,0,0,25-APR-026,"EMMANUEL MENSAH",121
148792,"CLOTHES STAND 2LAYER METAL YWU",219,8,11,-3,-657,26-APR-026,FRANCIS,525
148915,"SEWING KIT",16.9,3,24,-21,-354.9,26-APR-026,"NANA KOJO",271
153836,"MY FIRST AMAZING AND ULTIMATE ACTIVITY SET 22X28CM",34.9,1,1,0,0,25-APR-026,"JERUSHA ",284
150677,"SANITA OVEN BAG LARGE  5BAGS   48",15.49,53,55,-2,-30.98,25-APR-026,"ARTHUR JONADAB",27
167011,"BIN SET WFLAT LID BLK FINISH RND 5L STEP 5YPG RJK",109,1,1,0,0,26-APR-026,WISE,452
183439,"TUMBLER GLASS 454ML 3PCS SET 3GS05 RJK",39.9,12,12,0,0,25-APR-026,"STEPHEN ACQUAH",419
192747,"CURTAIN PR YELLOW 54X90 PL 2501Y",109,12,12,0,0,25-APR-026,GIFTY,492
197976,"MCBERRY BUTTER FINGERS BISCUITS 26G  72",1.09,84,84,0,0,25-APR-026,"EMMANUEL MENSAH",121
19818,"ENERGIZER BATTERY ALKALINE AAA MAXAAA BP21X20PK",37.9,1,116,-115,-4358.5,26-APR-026,SHADRACK,158
90265,"GIACONDI VINO MERLOT WINE  750ML 6",92.99,20,20,0,0,25-APR-026,APPIAH,111
72133,"RICHOCO SMOOTHER 400G  20",41.99,49,44,5,209.95,25-APR-026,"DAVID BRUNO",79
CL672,"BASKET WITH HANDLES FIESTA 50CMX38CMX22CM",39.9,14,14,0,0,25-APR-026,OTHNIEL,341
D248,"CERES WHITEGRAPEBOTTLE 275ML X 24",24.99,27,29,-2,-49.98,26-APR-026,DELIGHT,88
D503,"PRIMA LIQUID SOAP ORANGE 25L 10",48.99,13,12,1,48.99,26-APR-026,"ARTHUR JONADAB",28
104158,"BORGES ESSENCES WITH GARLIC OLIVE OIL 500ML 12",189.99,14,14,0,0,26-APR-026,"NANA ADJEI",48
105015,"AKAI STANDING FAN 18 EF099A1804SEF099A1804SA",589,2,2,0,0,25-APR-026,AKAYIRI,207
114174,"MOSKETTO SWEET RED WINE 750ML 6",99.99,2,3,-1,-99.99,25-APR-026,APPIAH,112
111384,"LINES  CURVES BOOK W5TITLES ED778",18.9,52,52,0,0,25-APR-026,"JERUSHA ",284
125429,"VIRGINIA GREEN GARDEN OYSTER SAUCE 710ML 12",58.99,4,4,0,0,25-APR-026,GLADYS,72
148447,"MUG 350 ML CERAMIC DESINGER YWU",22.9,36,37,-1,-22.9,25-APR-026,"SAMUEL ADDO",398
153671,"ECOLINK LED SPOTLIGHT GU10 50W 2700K 929003038611",26,8,9,-1,-26,25-APR-026,KWAFO,170
153858,"MAGAZINE RACK WDESK ORGANISER SY115",65,1,2,-1,-65,25-APR-026,MARIAM,290
157257,"GLEN RYAN BLENDED SCOTCH WHISKY 40 700ML 6",169.99,3,3,0,0,25-APR-026,MAHAMA,118
159760,"MUNCHEE ANYTIME CRACKER BISCUITS 65G  48",3.49,23,67,-44,-153.56,25-APR-026,DERRICK,96
171675,"HOUSE OF FLAME AND SHADOW",169,4,4,0,0,26-APR-026,"JERUSHA ",288
175387,"MUNCHEE MORNING DELIGHT CREAL BISCUIT 22G  72",1.49,1,16,-15,-22.35,26-APR-026,TITUS,21
179005,"SLINGSHOT TOY WITH 2 BALLS  OPP YW",28.9,3,3,0,0,25-APR-026,HANNAH,275
179207,"DIARY 80 GSM 171X243CM B5 ASST DESIGN COL YW",22.9,1,2,-1,-22.9,26-APR-026,ATITOGO,160
187012,"BATHROOM 6PCS SET PLASTIC 7001 YWU",199,4,2,2,398,26-APR-026,VINOLIA,442
187380,"WESTINGHOUSE TUMBLER DOUBLE WALL SS 40OZ WCBL0065",159,7,6,1,159,25-APR-026,"MICHAEL DADZIE",309
200457,"FRYING PAN WLID 26CM FALU ZHNBLY 81120G26",189,2,8,-6,-1134,25-APR-026,QUEENCILLA,376
30792,"TOM MILK MANGO FLAV DAIRY DESSERT 125G 4PCS X 6PKS",48.99,36,27,9,440.91,25-APR-026,CHRIS,61
23129,"ENA PA SARDINES IN VEGETABLE OIL 125G 50",11.99,114,171,-57,-683.43,26-APR-026,APPIAH,126
89095,"PAINTING 60X90CMFLOWERS  SCENERIES",249,1,2,-1,-249,25-APR-026,SHADRACK,509
89158,"PLUSH TOY BEAR 30CM  YL42530",89,1,1,0,0,25-APR-026,HANNAH,276
106025,"SAMSUNG LED TV 43 SAT SMART UA43T5300",6839,1,1,0,0,25-APR-026,LESTER,250
109770,"DUSTBIN WLID WHIRLPOOL DESIGN 7L PLASTIC M132",69,3,3,0,0,25-APR-026,SOMUAH,413
128487,"KENWOOD AIR FRYER 38L DIGITAL HFP30000BKWH",1169,1,1,0,0,25-APR-026,"COLLINS HAMMOND",239
148384,"SHOPPING BASKET HANDY IRONWOOD F10293 RJK",129,3,3,0,0,26-APR-026,OTHNIEL,340
149286,"CERES NECTAR TROP BLAST JUICE  DRINK  1L 12",45.99,16,17,-1,-45.99,25-APR-026,KWAFO,100
153208,"DRY COCONUT PC VA",8.49,7,8,-1,-8.49,25-APR-026,JIMOH,134
152252,"HH RICH TEA SANDWICH VANILA CREAMS 32G  72",1.39,72,130,-58,-80.62,25-APR-026,EMMANUEL,127
165732,"CELLO TAPE PLAIN 48MIC 45CMX160M",17.9,61,13,48,859.2,26-APR-026,"MICHAEL DADZIE",295
161825,"MIRROR 60X60CM",329,2,2,0,0,25-APR-026,GAD,472
161150,"FILLED CUSHION JAQUARD 45X45CMBLUE DC236",179,2,3,-1,-179,26-APR-026,FRANCIS,522
160160,"MUSICAL LIGHT UP DANCE MAT PEVA 875X816CM YQ611",789,2,2,0,0,25-APR-026,HANNAH,273
180278,"SOUP SPOON WROSEWOOD HANDLE RH2001",22.9,9,16,-7,-160.3,26-APR-026,PATIENCE,349
179716,"RNS COLOURED PENCIL WATERSOLUBLE 12C 130169",65,9,9,0,0,26-APR-026,MARIAM,292
186938,"LANUDRY BASKET PERFORATED 92L PLASTIC YF0025 YWU",79,1,2,-1,-79,25-APR-026,HAYFORD,456
189080,"SAMSUNG LED TV 65 4K SMART UHD UA65U8000FUXGH",16789,1,1,0,0,25-APR-026,WOMDERT,252
37637,"BILY WC BLOCK LEMON    24",20.99,1,1,0,0,26-APR-026,"GIDEON GBLOGAH",12
202401,"BINATONE STANDING FAN 18 ITAL1860",969,1,2,-1,-969,25-APR-026,JUSTICE,188
77579,"DR MIGHTY WC POWER BALLS LAVENDER 5 IN 1  24",24.99,2,17,-15,-374.85,26-APR-026,"GIDEON GBLOGAH",12
X709,"FIESTA BLUE COCKTAIL NON ALCOHOLIC WINE  750ML  6",41.99,6,6,0,0,25-APR-026,"EDDIE MENSAH",107
CL585,"MOP BUCKET ROUND 13LTR 33CMX30CMX30CM",39.9,24,25,-1,-39.9,25-APR-026,WISE,451
CL742,"OHEMA CASSEROLE 1000ML 23CMX18CMX14CM",18.9,2,2,0,0,25-APR-026,PATIENCE,345
03282,"TEFAL SPOONS K0060112 RJK",34.9,2,2,0,0,25-APR-026,OWUSU,369
104822,"SOFT  FABRIC SOFTENER SKY BLUE  1L  12",76.49,12,6,6,458.94,25-APR-026,ALVIN,15
107995,"TABLE LAMP 55CM MEL7",279,1,1,0,0,25-APR-026,KWAFO,173
115547,"FLOWER WPOT 13X8X8 GOLDWHITE TA168810",69,1,3,-2,-138,26-APR-026,SHADRACK,521
126625,"FLOOR LAMP BLACKGOLD 16M E27",899,1,2,-1,-899,25-APR-026,KWAFO,167
123432,"BOX STACKING NOVALINE 260X160X140MM 03010103",19.9,3,9,-6,-119.4,25-APR-026,RICHMOND,253
137794,"RING POP CANDY  LIMITED EDITION MIX 14G 44",13.99,18,21,-3,-41.97,25-APR-026,"ABIGAIL YEVUGAH",157
139258,"GODREJ SAFE GREY 203X419X381MM NX PRO 25L EL",3499,1,1,0,0,25-APR-026,WOMDERT,252
148719,"MONEY BOX 16X12CM",17.9,15,15,0,0,25-APR-026,HADASSAH,268
14716,"EASY MOUZOO PINEAPPLE TETRAPACK JUICE 1L 12",23.99,13,34,-21,-503.79,25-APR-026,DORIS,102
157593,"COOL BREEZE AIR FRESHENER ROYAL LAVENDER 300ML  24",23.99,5,35,-30,-719.7,25-APR-026,JIMOH,1
155907,"ROSSWOOD CASHEW SALTED 25G  72",9.49,39,33,6,56.94,25-APR-026,"FELIX BOADU",154
16639,"STORM ENERGY DRINK  500ML  12",8.69,9,10,-1,-8.69,25-APR-026,DELIGHT,85
167629,"AROMA SET",259,3,3,0,0,25-APR-026,HAYFORD,458
182046,"CONTAINER PEFTSEAL 5P 300600110019003000ML",44.9,7,7,0,0,25-APR-026,"NANA ADJEI",330
192358,"ERASER MP74269",12.9,12,12,0,0,26-APR-026,GILBERT,294
191732,"SAMSUNG GALAXY MOBILE A07 6GB 128GB",2039,1,2,-1,-2039,25-APR-026,NYARKO,177
192313,"ERASER MP55646",9.9,17,17,0,0,26-APR-026,MARIAM,291
190630,"WINE BAG 12X36CM",6.9,14,14,0,0,25-APR-026,MARYLAND,301
34243,"AYU POP SOAP MOISTURIZER 70G 144",5.29,54,54,0,0,25-APR-026,"ANANE KOJO",20
X712,"DON SIMON SANGRIA TETRA PACK 1L 12",43.99,11,11,0,0,25-APR-026,APPIAH,112
91468,"BAKERS EETSUMMOR SHORTBREAD BISCUITS 80G  16",21.99,16,46,-30,-659.7,25-APR-026,DORIS,97
09478,"BADIA CURRY POWDER 567G  8",44.99,11,12,-1,-44.99,25-APR-026,BISMARCK,45
102329,"YOMI YOGHURT VANILLA FLAVOUR 2L 1",112.99,2,-1,3,338.97,25-APR-026,EMMANUEL,133
104443,"QUERAY HAND SOAP CINNAMON 500ML 8",39.99,1,1,0,0,25-APR-026,BISMARCK,43
125156,"AHMAD TEA STRAWBERRY SENSATION 30G 20X15G  6",39.99,16,15,1,39.99,25-APR-026,AKORFA,58
129083,"MOULINEX BLENDER WMILL 175L 500W LM241B27",1149,1,1,0,0,25-APR-026,PRINCE,223
137267,"TOREN  DELISSOMILKY WC CHO COATED BANNA CW 20G288",2.19,72,436,-364,-797.16,26-APR-026,NASHIBA,89
156953,"BATH MAT DARK GREEN 50X80CM BM549",59,2,2,0,0,25-APR-026,"SAMUEL ADDO",402
155044,"FINE TOILET COMFORT ROLL 0220 120",8.49,13,13,0,0,25-APR-026,ELLA,31
155258,"YOMI YOGHURT VANILLA FLAVOUR 250ML 12",15.4,4,7,-3,-46.2,25-APR-026,EMMANUEL,133
149626,"WALL CLOCK 23X23X4CM ZX9465",59,10,10,0,0,25-APR-026,GAD,472
159743,"MUNCHEE MSC STRAWBERRY MILK BISCUITS 45G 48",3.29,30,67,-37,-121.73,26-APR-026,DERRICK,96
162392,"CAN FANTA COCKTAIL  330ML 24",10.49,28,30,-2,-20.98,25-APR-026,DELIGHT,86
171670,"KALYON ALL PURPOSE CLEANER SECRET GARDEN 25KG 6",45.99,10,10,0,0,25-APR-026,"ADIATOR MOSES ",7
170072,"JAR SPIN LOCK 3PCS SET 73010001400ML 30101",44.9,10,10,0,0,25-APR-026,"NANA ADJEI ",327
181611,"MULTI PURPOSE BASKET WHANDLE PLASTIC 161013150",32.9,5,6,-1,-32.9,25-APR-026,OTHNIEL,341
179926,"WALL CLOCK 402X402X45 1628A",149,6,3,3,447,25-APR-026,"GAD ",471
183602,"CERAMIC BELL BOWL 425 24FDL132 RJK",14.9,62,59,3,44.7,25-APR-026,BLESSING,405
193525,"TUMBLER 3 PCS SET SLEEVE PACK LVADR15A",39.9,6,6,0,0,25-APR-026,SOMUAH,415
200295,"HH BLACK TEA  27  2G  54G  24",14.99,40,40,0,0,25-APR-026,AKORFA,59
39718,"KALYON ULTRA THICK BLEACH SPRING BREEZE 750ML 12",26.99,8,8,0,0,26-APR-026,"GIDEON GBLOGAH",12
06744,"NIDO 1  PREDIO 400G 12",129.99,18,18,0,0,26-APR-026,"EMMANUEL MENSAH",124
118061,"FUFU BOWL 9INCHES WPLATE CERAMIC DESIGNER B135001",42.9,8,11,-3,-128.7,26-APR-026,BLESSING,410
113684,"SERVING BOWL MELAMINE 10 INCHES FEILU 6310",14.99,16,61,-45,-674.55,25-APR-026,REGINA,386
131629,"CAKE FONDANT CUTTER 3PCS SET A6614",1.9,3,3,0,0,25-APR-026,"ALHASSAN RANDY",384
153463,"CARD HOLDER240 ELASTIC CLOSURE SAYA SYCH240E",24.9,5,5,0,0,25-APR-026,MARIAM,290
169868,"SERVING SPOON LADLE WWOOD HANDLE  HUALI AB2773",19.9,5,11,-6,-119.4,25-APR-026,PATIENCE,348
169570,"ADRIANA TUNA FLAKES IN VEGETABLE OIL 160G  48",20.99,35,36,-1,-20.99,26-APR-026,"EMMANUEL MENSAH",124
181160,"FILLED CUSHION CHENILLE 45X45CM ASRTD",79,2,6,-4,-316,26-APR-026,FRANCIS,521
185948,"BOWL OPAL FLOWER DESIGN ASSORTED 10 NJ006",29.9,23,24,-1,-29.9,25-APR-026,BLESSING,407
189527,"GLADE SCENTED MIST LAVENDER 400ML 6",51.99,3,3,0,0,25-APR-026,ABASS,2
52962,"GOODYS SPICY SHITO HOT BEEF MILD430G  12",89.99,11,12,-1,-89.99,26-APR-026,GIFTY,63
71550,"GLUE RAT TRAP BOARD 155X21CM LY7802",7.99,10,9,1,7.99,26-APR-026,"ADIATOR MOSES ",9
121610,"BOROSILICATE POT WHANDLE GLASS Q87381",129,1,1,0,0,25-APR-026,QUEENCILLA,379
143278,"CHOPPING BOARD LARGE LEEZAMASTERCHEF 6MM 143274",34.9,17,17,0,0,25-APR-026,"PAUL OWUSU",354
164665,"AKAI STEAM IRON 20002400W EI052A610S",279,1,5,-4,-1116,25-APR-026,"KINGSLEY OP",219
162656,"SERVING BOWL MELAMINE 10 INCHES FEILU 30102",19.9,72,72,0,0,26-APR-026,BLESSING,409
168839,"BULLET SET 24PCS BLUE EVA MX0232545",18.9,5,4,1,18.9,25-APR-026,HANNAH,274
169397,"MOGU MOGU LYCHEE DRINK 320ML 24",29.99,25,47,-22,-659.78,26-APR-026,PATIENCE,84
168703,"CAMRY MECHANICAL KITHCEN SCALE WS BOWL 08L NRBK RK",159,1,6,-5,-795,25-APR-026,OWUSU,372
17878,"REXONA RON WOMEN ALOE VERA 50ML 6 8354898",25.99,18,1,17,441.83,26-APR-026,MABEL,36
192662,"GIFT BAG SMALL 210G 18X23X10 KRH9686S14",6.99,12,13,-1,-6.99,25-APR-026,"MICHAEL BOYE",302
191059,"REALMAN DEO ROLL ON PURE NEROLI 50ML 48",20.99,13,12,1,20.99,26-APR-026,WONDER,36
191896,"KENWOOD RICE COOKER 18L WHITE 700W RCM18",599,4,10,-6,-3594,25-APR-026,"COLLINS HAMMOND",238
198076,"WALL CLOCK 406X406X410CM 3003T11",159,3,4,-1,-159,25-APR-026,"GAD ",471
198226,"STOOL 53X30CM PU YWU",649,1,4,-3,-1947,25-APR-026,FRANCIS,522
202590,"MIND SNACKS GRANOLA CHOCANOLA 750G  12",181.99,12,12,0,0,25-APR-026,"KINGSLEY OP",91
70690,"FLIRT VODKA ORIGINAL  1L  6",133.99,6,6,0,0,25-APR-026,MAHAMA,117
67511,"SHINE TOILET ROLL ULTRA SOFT 2PLY 24 ROLLS  1",115.99,1,2,-1,-115.99,26-APR-026,"COLLINS HAMMOND",30
108978,"FESTIVA BAKING POWDER 454G 18",20.99,5,5,0,0,26-APR-026,"PAUL OWUSU",38
122686,"PLUSH DOG TOY 50CM",179,14,23,-9,-1611,26-APR-026,HANNAH,276
163637,"KISS WHITE GRAPE SPARKLING DRINK 750ML 6",42.99,9,9,0,0,25-APR-026,"EDDIE MENSAH",107
159980,"MUG 330ML CERAMIC STATEMENT 7833249 YWU",16.9,35,35,0,0,25-APR-026,ROBIN,392
185909,"STAEDTLER COLOUR PENCIL SET NORIS 12PC 185 MD12 02",95,12,11,1,95,26-APR-026,GIDEON,294
186913,"FOOD CONTAINER 3PCS SET RIBB RECT PLASTIC 8489 YWU",99,6,6,0,0,25-APR-026,"NANA ADJEI",329
183608,"CERAMIC DINNER PLATE FLW10INCHFLW11INCH RJK",19.9,8,9,-1,-19.9,26-APR-026,BLESSING,410
200342,"AMERICAN CHEF MAYONNAISE PET GLASS JAR 946ML 12",52.99,7,7,0,0,25-APR-026,SOLOMON,73
43387,"WALLS SOLERO FRUIT MANGO ICECREAM 65ML 36",7.99,1,1,0,0,25-APR-026,EMMANUEL,135
25976,"UMBRELLA MENS 60CM 8TIPS",55,14,15,-1,-55,25-APR-026,"FELIX BOADU",151
51177,"DEEMAH DIGESTIVE BISCUIT 130G  96",11.99,48,76,-28,-335.72,25-APR-026,"EDDIE MENSAH",108
CL584,"PEDAL BIN OVAL 11LTR 30CMX24CMX34CM",44.9,1,13,-12,-538.8,26-APR-026,WISE,452
D636,"HEINZ SALAD CREAM 285G 12",44.99,11,12,-1,-44.99,25-APR-026,GLADYS,72
102864,"BATHROOM CORNER SHELF WHOLDER PLASTIC L00289",89,4,5,-1,-89,26-APR-026,WISE,452
103812,"GIVERS ROZONE 5L  4",69.99,5,6,-1,-69.99,26-APR-026,"GIDEON GBLOGAH",12
109397,"CROSS OLIVE OIL 250ML 24",62.99,15,15,0,0,26-APR-026,"NANA ADJEI",48
129207,"MYDIBEL FRENCH FRIES SHOESTRING  77 1KG  10",49.99,9,15,-6,-299.94,25-APR-026,EVELYN,141
148018,"HAND PAINTING 60X90",229,1,1,0,0,25-APR-026,SHADRACK,532
152157,"KEY HOLDERS",2.9,45,49,-4,-11.6,26-APR-026,SHADRACK,158
161727,"TV ENTERTIANMENT UNIT NOCE WDOOR 299900354",2790,1,1,0,0,25-APR-026,SHADRACK,510
171363,"BEAUTY FORMULAS TONER 30PADS VITAMIN C  12",28.99,8,9,-1,-28.99,26-APR-026,"BOADI STEPHEN",52
180263,"SOLID TURNER PEAR WOOD HANDLE AA2131",34.9,27,58,-31,-1081.9,26-APR-026,PATIENCE,349
194992,"PHONICS READER LEVEL 1",45,10,1,9,405,25-APR-026,"JERUSHA ",284
32101,"EVERPACK TRASH BAG LARGE 55L  6",53.99,8,22,-14,-755.86,25-APR-026,"ARTHUR JONADAB",25
40133,"HELLMANNS SQUEEZY REAL MAYONNAISE 430ML   8",89.99,8,8,0,0,25-APR-026,SOLOMON,73
71229,"COOL BREEZE MEMBRANE AIR FRESHENER FREESIA 8ML  12",22.99,18,19,-1,-22.99,25-APR-026,ABASS,3
54534,"EVERPACK EVERGREEN TOILET ROLL PACK OF 10      7",26.99,3,7,-4,-107.96,25-APR-026,BISMARCK,43
CL608,"BUCKET WITH LID 15LTR 32CMX32CM",29.9,24,57,-33,-986.7,25-APR-026,"MORGAN ONGOH",320
103816,"HYSON DETOX TEA 15S 225G 24",43.99,11,12,-1,-43.99,25-APR-026,AKORFA,58
105778,"BLACK HEXAGON  DUMBBELL HD75KG",269,9,4,5,1345,25-APR-026,"GEORGE PUPLAMPU",467
119849,"AMERICAN GOURMET PANCAKE SYRUP  24OZ   12",79.99,11,13,-2,-159.98,26-APR-026,"FELIX BOADU",65
116501,"CERAMIC BOWL 3PCS SET T103078",189,5,8,-3,-567,25-APR-026,RANDY,33
121323,"VARTA BATTERY LITHIUM CR2025 BLISTER 1",30,4,5,-1,-30,25-APR-026,NTUMY,161
148533,"ARTIFICIAL PLANT 115CM",469,1,1,0,0,26-APR-026,HAYFORD,461
157262,"TEICHENNE CR MANGO CON TEQUILA LICOR 17 700ML 6",157.99,3,4,-1,-157.99,25-APR-026,MAHAMA,116
161018,"FLOOR LAMP BLACK F05",749,2,2,0,0,25-APR-026,KWAFO,167
162526,"ABOVE DEO SPRAY DERMA CLINICAL MEN 72HR 150ML 24",38.49,5,9,-4,-153.96,25-APR-026,ELLA,34
161588,"DZIRE CEILING FAN 24 WHITE CF 24 WHOB",349,1,10,-9,-3141,25-APR-026,"JOSEPH PATRICK",208
171065,"SPONGE BRUSH 30CM DAEWOO DEBR1036F",6.9,85,85,0,0,26-APR-026,VICTORIA,438
171666,"HOUSE OF SKY AND BREATH",189,4,4,0,0,26-APR-026,"JERUSHA ",288
185400,"3PCS JACQUARD SOFA COVER SET 321 ASS 04SO0093",429,2,2,0,0,25-APR-026,ESINAM,487
191727,"MYMELK  COFFEE BISCUIT 350G  20",52.99,21,24,-3,-158.97,25-APR-026,DERRICK,96
198401,"WALL CLOCK 305X305X44 1205B",75,6,6,0,0,25-APR-026,"GAD ",471
207252,"COOKWARE SET 7PCS SSTEEL 3PLY KSKSETA",1899,1,2,-1,-1899,25-APR-026,"NANA KOJO",363
79734,"PEELER SS PIPE HANDLE KA220",4.9,13,-1,14,68.6,25-APR-026,"NANA KOJO",365
81308,"PAVOLLI CARAMEL BAG 750G  10",99.99,3,19,-16,-1599.84,25-APR-026,ATITOGO,159
85351,"HIGHBURY CLASSIC WHISKY 750ML 6",149.99,4,4,0,0,25-APR-026,MAHAMA,117
92204,"JUVER SELECCION  RED GRAPE UVA TINTA 200ML 24",15.99,11,11,0,0,26-APR-026,KWAFO,83
05200,"DOVE ROLLON INVISIBLE DRY 50ML 6",23.99,20,25,-5,-119.95,26-APR-026,ELLA,36
100816,"LA SALUD DARKDENIM CLOTHING  DETERGENT 4L  4",139.99,4,4,0,0,26-APR-026,ALVIN,15
109893,"GHANA MAP 48CMX73CM",27.9,11,10,1,27.9,26-APR-026,MARIAM,293
115235,"STORAGE STOOL 35X43CM B36669 13968541999 YWU",399,1,2,-1,-399,26-APR-026,FRANCIS,525
128835,"CURTAIN ROD SHOWER BEDNBATH SS 90X90CM BB8403",17.9,9,5,4,71.6,25-APR-026,WISE,446
135232,"BELL TOY PEPPA PIG PP17090",39.9,3,3,0,0,25-APR-026,HADASSAH,267
156292,"ASEDA LOCAL WHEAT 1KG 10",39.99,7,7,0,0,25-APR-026,GIDEON,68
164850,"CHOPPING BOARD WITH KNIFE",179,9,13,-4,-716,25-APR-026,"PAUL OWUSU",353
187088,"STOOL 28X28X40 PLASTIC 229",79,1,11,-10,-790,26-APR-026,VINOLIA,446
187274,"YOGA MAT SFTAP3MMCBO",89,15,15,0,0,25-APR-026,CHARLES,464
183601,"CERAMIC BOWL 5 24FDL029 RJK",14.9,10,10,0,0,26-APR-026,BLESSING,408
192967,"CHOPPING BOARD SSTEEL ZHN C101",89,17,19,-2,-178,25-APR-026,"PAUL OWUSU",354
87966,"AKAI TOASTER 2 SLICE 700W TO024A1101",229,1,2,-1,-229,25-APR-026,"COLLINS HAMMOND",235
66981,"INCOLAC UNSALTED BUTTER 82 FAT  200G 40",75.49,1,1,0,0,26-APR-026,TITUS,21
D570,"HUNTERS GOLD CIDER BOTTLE 330ML 24",24.99,48,48,0,0,26-APR-026,TITUS,21
104200,"DUSTBIN SWING LID 12L PLASTIC M418",79,1,2,-1,-79,25-APR-026,DANIEL,XMAS
104200,"DUSTBIN SWING LID 12L PLASTIC M418",79,1,2,-1,-79,25-APR-026,SOMUAH,413
105916,"ARTIFICIAL GRASS LEGEND28 4MX4M LG284X4",2049,1,2,-1,-2049,26-APR-026,GAD,474
119590,"FARAGELLO GOLD MANGO NECTAR  BOTTLE 1L  6",33.99,12,23,-11,-373.89,26-APR-026,EMMANUEL,127
114166,"MADAR RENZO DISHWASH LEMON 2L  6",55.99,15,15,0,0,26-APR-026,"ARTHUR JONADAB",28
124659,"AMALFI BODY MILK ALOE VERA 500ML  15",28.99,5,5,0,0,25-APR-026,"BENEDICT ABBEY",37
13871,"MORPHEUS PREMIUM BRANDY 750ML 12",179.99,7,7,0,0,25-APR-026,MAHAMA,115
130209,"PHILIPS DOWNLIGHT CONDUIT 17W 30K 6 915005748601",85,8,8,0,0,25-APR-026,KWAFO,169
148279,"BELPAK  PERFUMED TROLL LAVENDER   6",43.99,10,10,0,0,25-APR-026,BISMARCK,44
154793,"TABLE LAMP METAL  BLACK E14 40W SK4080B",159,4,6,-2,-318,25-APR-026,KWAFO,169
151439,"BAR SET 12 LYN0664",1790,2,2,0,0,25-APR-026,FRANCIS,523
160837,"WINDOW SHADE BLACKOUT ROLLER 452180X200CM",429,1,6,-5,-2145,25-APR-026,"GERALD SACK ",477
171560,"BRUHM FRIDGE DD COMBI 128L SILVER BFC140MD",3199,1,1,0,0,25-APR-026,NYARKO,175
168801,"CURTAIN P PRINTED BLACKOUT 54X84 PF 1 25YH15",129,1,1,0,0,25-APR-026,ESINAM,484
169948,"KEL CHARCOAL TOOTHPASTE 150G  48",26.49,25,50,-25,-662.25,25-APR-026,NTUMY,163
168121,"FILLED CUSHION P EMBD 45X45CMGEOMETRY4 DC257",139,1,11,-10,-1390,25-APR-026,SHADRACK,512
169519,"EXCELO MOMO BLACK COOKIES 36G  60",3.19,28,29,-1,-3.19,25-APR-026,DERRICK,96
180227,"PRINCESS HAND SOAP ANTIBACTERIAL ROSE 500ML  4",22.99,8,17,-9,-206.91,25-APR-026,TITUS,21
186110,"LACTASOY PLAIN SOYMILK 200ML 24",9.99,24,110,-86,-859.14,25-APR-026,AKORFA,58
194674,"CASSEROLE WLID GLASS BW002",36.9,1,1,0,0,26-APR-026,GLADYS,430
193470,"DOOR MAT COIR PANAMA 8MM ASTD 40X60CM",34.9,10,9,1,34.9,25-APR-026,"SAMUEL ADDO",399
190068,"FAN RECHARGABLE TRIPLE CIRCULATION",99,4,12,-8,-792,25-APR-026,NYARKO,181
40321,"JUVER DISFRUTA NECTAR PINEAPPLE  JUICE  1L  12",32.99,13,15,-2,-65.98,25-APR-026,KWAFO,103
202559,"FROSTED HIGH BOWL 7 G208HM",9.9,44,44,0,0,25-APR-026,BLESSING,407
87454,"4PCS COMFORTER SET QN PR 230X230CM  ASTD",479,5,5,0,0,26-APR-026,GAD,472
90609,"CURTAIN ROD SINGLE 120210 11062210PG",119,5,5,0,0,26-APR-026,GAD,474
95717,"AMALFI  SHAMPOO FAMILIAR PEACH  750ML  16",32.99,1,1,0,0,26-APR-026,"PAUL OWUSU",38
09467,"BADIA GARLIC POWDER 8505G  8",44.99,6,6,0,0,25-APR-026,BISMARCK,45
109886,"365 MATHS ACTIVITY BOOK",42.99,21,33,-12,-515.88,25-APR-026,"JERUSHA ",284
119334,"KERRYGOLD BUTTER UNSALTED  200G  40",67.99,169,168,1,67.99,25-APR-026,EMMANUEL,133
119755,"NASCO AC SPLIT 2HP R410 NAST18N1NASDOC V18N1",7899,1,1,0,0,25-APR-026,AKAYIRI,207
125240,"DESTELLO  LIQUID DISHWASH ROSEMARY 750ML  16",39.99,2,8,-6,-239.94,25-APR-026,JIMOH,1
129075,"MOTIVA JUG 1L FRC N4170110",269,1,1,0,0,26-APR-026,"MICHAEL BOYE",307
124015,"FLOOR MAT 60X90CM ASSORTED GRACRMB",229,12,10,2,458,25-APR-026,"SAMUEL ADDO",400
133959,"DALGETY STRONG HONEY  GINGER 72G 36",45.99,20,20,0,0,25-APR-026,AKORFA,58
132085,"MONEY COUNTING MACHINE WUV3MG PST6800",1799,1,2,-1,-1799,25-APR-026,DANIEL,255
132085,"MONEY COUNTING MACHINE WUV3MG PST6800",1799,1,2,-1,-1799,25-APR-026,JUSTICE,184
148012,"PAINTING PINK FLOWERS DESIGN 53X63CM",169,1,9,-8,-1352,26-APR-026,FRANCIS,521
152128,"TRAMIX DOCUMET BAG ABB",16.9,10,10,0,0,25-APR-026,MARIAM,290
152134,"FILE BAG CLEAR ABB",2.9,1,1,0,0,25-APR-026,MARIAM,290
164242,"BATH MAT 50X80CM BM4035",49.9,7,7,0,0,25-APR-026,"SAMUEL ADDO",402
159777,"TOYS MOVING PLASTIC",74.9,1,1,0,0,25-APR-026,HANNAH,272
187522,"PROMESS FLAVOURED DRINK VANILLA 500ML 12",16.99,22,13,9,152.91,26-APR-026,TITUS,21
194902,"LADLE SOUP SPOON SILICONE ZHN ZC4A",6.9,31,26,5,34.5,25-APR-026,"NANA KOJO",367
36389,"ALPRO SOYA CHOCOLATE 1L 8",48.99,6,6,0,0,25-APR-026,CHRIS,61
31691,"AKAI INSECT KILLER 1X6W IK0011X6WIK004",189,6,13,-7,-1323,25-APR-026,NYARKO,181
85705,"DALGETY PURE PEPPERMINT TEA 40G  36",45.99,3,3,0,0,25-APR-026,AKORFA,58
78377,"WATER BOTTLE  600ML PLASTIC YWU",28.9,7,10,-3,-86.7,26-APR-026,GILBERT,313
95895,"AMALFI  BODY SPRAY GOLDEN PEARL  150 ML  8",30.99,8,8,0,0,25-APR-026,ELLA,33
146985,"VARTA BATTERY LONGLIFE AA BLISTER 4",55,5,9,-4,-220,25-APR-026,NTUMY,161
148795,"CAKE TOPPER MIX NO",8.9,9,10,-1,-8.9,26-APR-026,HADASSAH,269
156879,"YOU CAN NEGOTIATE ANYTHING  HERB COHEN",42,3,3,0,0,26-APR-026,"JERUSHA ",288
149780,"OFFICE CHAIR PU CAMEL B675",2490,1,1,0,0,26-APR-026,FRANCIS,521
164638,"COOKING POT WLID 20CM 29MM ALU PEDRINI 02PE1507 RK",199,3,2,1,199,25-APR-026,QUEENCILLA,379
166017,"CLOTHES DRYER 3TIER WOODEN WS4054H3B RK",329,1,3,-2,-658,25-APR-026,FRANCIS,523
185416,"CURTAIN BKT GROM GOLD 2P 54X90 02PA7216B",199,1,16,-15,-2985,25-APR-026,ESINAM,486
184294,"LG LED TV 65 SAT SMART UHD 4K 65UT73006LA",15999,1,2,-1,-15999,25-APR-026,WOMDERT,252
184617,"SIDE PLATE 9 CERAMIC STKLT FP02 RJK",12.9,16,31,-15,-193.5,25-APR-026,SOMUAH,412
193431,"INFLUENCERS WHO CHANGED THE WORLD 22X28CM",47.99,9,9,0,0,26-APR-026,HERBERT,283
200697,"COOKWARE 12PCS SET SSTEEL ZHNHROLAND HR1081",649,2,2,0,0,25-APR-026,"PAUL OWUSU",353
40328,"WHYTEHALL WHISKY 1L 12",109.99,1,1,0,0,25-APR-026,MAHAMA,118
202535,"ICE CHEST 2PCS SET 16QT60QT IM CBL",999,2,2,0,0,25-APR-026,"MORGAN ",325
205677,"UNCLE T PINK GRAPEFRUIT JUICE BOTTLE 355ML 24",37.99,6,24,-18,-683.82,25-APR-026,EMMANUEL,135
109260,"CELLO HOTPOT SET 2PCS 10001600 SAPPHIRE",99,10,11,-1,-99,25-APR-026,PATIENCE,345
118059,"DINNER PLATE 9INCH CERAMIC P15018",6.9,2,1,1,6.9,26-APR-026,BLESSING,409
110271,"SHELVES WALL DECOR ZZY002",359,5,3,2,718,25-APR-026,GAD,472
121630,"BLUE DIAMOND ALMOND BREEZE ORIGINAL SWEETEN 1L  8",85.99,7,7,0,0,25-APR-026,CHRIS,61
133960,"DALGETY STRONG CAMOMILE  LEMONGRASS 40G 36",45.99,25,25,0,0,25-APR-026,AKORFA,58
130915,"DESTELLO DISHWASH ORIGINAL 750ML 16",39.99,11,12,-1,-39.99,25-APR-026,ALVIN,13
148626,"HOOKS 4UNITS OVER THE DOOR SSTEEL YWU",24.9,7,7,0,0,26-APR-026,VICTORIA,438
156615,"ARTIFICIAL FLOWER 9  5 COLOUR MIX",59,6,5,1,59,26-APR-026,ESINAM,462
151566,"GALAXY CONCEPT SPRAY  LE DESIR 200ML 12",31.99,8,9,-1,-31.99,26-APR-026,ELLA,35
161409,"CURTAIN VELVET EMBOSSED 54X90  PURPLE",119,3,3,0,0,25-APR-026,"GERALD SACK ",478
185941,"STAEDTLER SKETCH PEN FIBRE TIP 12PC 325 C12 02",34.9,3,3,0,0,26-APR-026,MARIAM,291
184782,"DISH RACK DELICIOUS",179,1,7,-6,-1074,25-APR-026,"NANA KOJO",363
190620,"GIFT BAG 18X23CM",6.9,8,8,0,0,25-APR-026,MARYLAND,301
196682,"CERES NECTAR MANGO MANIA 500ML 10",19.99,9,9,0,0,25-APR-026,KWAFO,100
36024,"VASELINE BODY LOTION COCOGLOW 400ML",49.99,18,45,-27,-1349.73,26-APR-026,ELLA,36
75562,"FIZZ STRAWBERRY CIDER ALC 40 DRINK 500ML 24",24.99,2,2,0,0,26-APR-026,"JOSEPH PATRICK",135
H233,"6 MATTRESS 36X75INCH HD SS LAT",1049,7,7,0,0,25-APR-026,FRANCIS,528
96092,"READI COCONUT CHIPS 70G 60",10.19,27,47,-20,-203.8,25-APR-026,"EMMANUEL MENSAH",121
90638,"CURTAIN ROD EXTANDABLE SIZE 210300 11062300DG",95,3,4,-1,-95,25-APR-026,SHADRACK,517
101016,"CURTAIN POLYESTER 52X84  WHANGER ZGB501",199,8,9,-1,-199,25-APR-026,ESINAM,484
127895,"MCBERRY TWIST VANNILLA  CUPCAKE 15G  72",1.19,65,67,-2,-2.38,25-APR-026,DORIS,101
121456,"OBA SUNFLOWER OIL 900 ML  12",47.99,15,72,-57,-2735.43,25-APR-026,GIDEON,69
122736,"UNIMAX TRIO DC BALLPEN BLACK 10MM FBTDCBK35",3.99,79,58,21,83.79,26-APR-026,MARIAM,295
138924,"GEISHA COCONUT MILK  HONEY V1 180G   36",15.49,37,37,0,0,25-APR-026,"ANANE KOJO",20
135908,"FABER CASTELL TIP PEN 45FIBRE WALLET 12P 155112",19.9,16,4,12,238.8,26-APR-026,MARIAM,292
14810,"DEVA TROPICAL LIQUID HAND SOAP 350ML 24 10206",18.99,11,16,-5,-94.95,26-APR-026,QUEENCILLA,42
148302,"BBQ GRILL CHARCOAL 93X33X86CM 23020K",549,1,1,0,0,25-APR-026,PHILEMON,356
148404,"PLACEMAT GOLDSILVER 6PCS",79,13,15,-2,-158,25-APR-026,GIFTY,490
148448,"MUG 350ML CERAMIC DESIGNER YWU",14.9,8,24,-16,-238.4,25-APR-026,ROBIN,392
171585,"THE HUNTING PARTY",89,1,8,-7,-623,26-APR-026,"JERUSHA ",288
171664,"QUEEN OF SHADOWS",189,4,5,-1,-189,26-APR-026,"JERUSHA ",288
172100,"SKYVEST LED TV 43 SATELLITE 43S ORV",3049,1,2,-1,-3049,25-APR-026,"KINGSLEY OP",213
170110,"BASIN LUX 20L 51504",75,18,18,0,0,25-APR-026,"MORGAN ONGOH",320
179066,"NYLON ROPE 10M OPP YW",4.9,3,2,1,4.9,26-APR-026,VICTORIA,438
187252,"POTOSKY MATHEMATICS BASIC 4",79,1,1,0,0,26-APR-026,HERBERT,283
189198,"MIGLIO CHICKEN BREAST BONELESS SKINLESS 1KG",69.99,8,8,0,0,26-APR-026,NYARKO,182
202845,"DINNER SET 12PCS GGK T11029",209,1,2,-1,-209,26-APR-026,GLADYS,430
64818,"GOMETS ASSORTED FRUIT BEARS  100G   30",13.99,40,40,0,0,25-APR-026,"ABIGAIL YEVUGAH",157
124985,"DOMO BAKING POWDER 400G  12",89.99,3,20,-17,-1529.83,25-APR-026,"FELIX BOADU",66
146722,"AKAI BLENDER WMILL 15L 400W BD038A1031",449,1,5,-4,-1796,25-APR-026,PRINCE,222
139702,"MCBERRY PURE DELIGHT MARBLE CAKE SLICES 27G 144",2.89,17,126,-109,-315.01,25-APR-026,DORIS,101
157602,"COOL BREEZE AIR FRESHENER TROPICAL OCEAN 300ML  24",25.99,13,33,-20,-519.8,25-APR-026,JIMOH,1
170229,"AKAI CEILING FAN 42 EF119A4202CF",1299,1,1,0,0,25-APR-026,KWAFO,530
170315,"KALYON POWDER DETERGENT MONTAIN BREEZE 15KG 12",45.99,9,9,0,0,26-APR-026,ALVIN,17
179998,"CURTAIN YD PL GROMT GOLD 54X90 24EHM006",179,7,7,0,0,25-APR-026,ESINAM,485
187052,"MASON JAR 500ML FROSTED GLASS YWU",29.9,6,6,0,0,26-APR-026,SYLVIA,426
198793,"DINNER FORK 6PCS SET DESIGNER SSTEEL 32G YWU",16.9,17,17,0,0,25-APR-026,OWUSU,370
199892,"BAVI BAR SOAP ALOE VERA 225G 18",8.99,44,44,0,0,25-APR-026,"ANANE KOJO ",20
39352,"WORKSTATION 4SEAT ALUMINIUM A201404",10990,1,1,0,0,25-APR-026,SHADRACK,509
67529,"SHINE FAMILY DISPOSABLE CUPS 350CC 30SX50PCS  30",16.49,9,1,8,131.92,25-APR-026,"ARTHUR JONADAB",25
07953,"MEANNAN CORN GRITS AKWEGBEMI  500G  24",17.49,21,24,-3,-52.47,26-APR-026,SOLOMON,78
104869,"PRIMA FABRIC SOFTNER 45L  6",104.99,6,6,0,0,26-APR-026,ALVIN,16
131550,"YOGA VANILLA  YOGHURT 2L 1",109.99,1,2,-1,-109.99,25-APR-026,EMMANUEL,133
148849,"CUP CAKE STAND 5TIER GOLDSILVER YWU",14.9,1,5,-4,-59.6,25-APR-026,"ALHASSAN RANDY",384
143274,"CHOPPING BOARD WOODEN LARGE 14X19  CHB4",179,6,6,0,0,25-APR-026,"PAUL OWUSU",353
156279,"MOLINERA SUGARFREE PINEAPPLE JUICE 1L  12",29.99,5,4,1,29.99,25-APR-026,DORIS,102
151030,"BIGOO ORANGE DRINK 350ML 20",2.99,49,102,-53,-158.47,25-APR-026,DELIGHT,87
174208,"PAPER BAG RIBBON 32X42X115CM KR13053L14",19.9,7,8,-1,-19.9,25-APR-026,MARYLAND,301
179159,"STEPPING BALL WITH LIGHT 3",26.9,11,11,0,0,25-APR-026,"GEORGE PUPLAMPU",467
197727,"DINNER SET PORCELAIN WHITE 48PCS SW048W",399,2,1,1,399,26-APR-026,SYLVIA,428
197727,"DINNER SET PORCELAIN WHITE 48PCS SW048W",399,1,1,0,0,25-APR-026,"STEPHEN ACQUAH",424
36418,"KALYON BATH CLEANER 750ML 12",40.99,15,15,0,0,25-APR-026,ABIGAIL,6
32103,"EVERPACK ALUMINIUM FOIL 25FT  24",16.99,24,24,0,0,25-APR-026,"ARTHUR JONADAB",27
87939,"ENA PA LIGHT MEAT TUNA IN SOYA OIL CHUNK 160G  24",20.99,55,37,18,377.82,25-APR-026,APPIAH,126
80285,"AKAI GAS STOVE 3B INFRARED GC033A8536",749,1,8,-7,-5243,25-APR-026,"JOSEPH PATRICK",200
92329,"COWBELL BANANA MILK 35G 120",5.99,143,50,93,557.07,25-APR-026,"DAVID BRUNO",79
125739,"TUMBLER ASCOT OF WHISKY GLASS 300ML DXB N0757",79,1,1,0,0,25-APR-026,"STEPHEN ACQUAH",418
135853,"FABER CASTELL FABRIC COLOUR 6METALLIC SET 574406",31.9,9,9,0,0,26-APR-026,GIDEON,294
157135,"PENDANT LIGHT GLASSMETAL 10133",529,1,1,0,0,25-APR-026,KWAFO,531
155696,"COFFEE TABLE 1400X700X450MM CLT1407",2290,1,1,0,0,25-APR-026,FRANCIS,527
149370,"NASCO FRIDGE DD COMBI 116L NASD214FL",3289,1,2,-1,-3289,25-APR-026,MABEL,252
159741,"MUNCHEE MSC CHOCO MILK BISCUITS 35G  72",1.99,20,93,-73,-145.27,26-APR-026,DERRICK,96
186273,"COFFEE TABLE 12 BIF358BLACK MARBLE",1190,1,1,0,0,25-APR-026,FRANCIS,523
187284,"CURL BAR SFBARCURV",329,2,2,0,0,25-APR-026,CHARLES,464
194633,"COOKING POT 16CM FALU ZHN 114516",199,2,2,0,0,25-APR-026,"NANA KOJO",364
189249,"XMAS ORNAMENT 4PCS 88X75X03 257625038",15.9,11,11,0,0,25-APR-026,DANIEL,XMAS
190639,"SWIMMING RING 100CM",69,3,3,0,0,25-APR-026,CHARLES,465
199885,"PEACOCK GOLDEN SELLA BASMATI RICE 5KG  5",195.99,14,14,0,0,26-APR-026,GIDEON,69
76120,"PRIVATE MAXI POCKET NIGHT PAD SAVE 8X12 12",14.99,15,15,0,0,26-APR-026,"BOADI STEPHEN",51
90052,"STUDDS JADE FULL FACE MB HELMET LARGE 58CM",399,1,4,-3,-1197,25-APR-026,"GEORGE PUPLAMPU",467
95722,"AMALFI  SHAMPOO FAMILIAR APPLE 750 ML  16",32.99,9,9,0,0,25-APR-026,"BENEDICT ABBEY",38
96181,"PAPILION BABY COTTON BUDS 60PCS   144",15.99,36,56,-20,-319.8,25-APR-026,TITUS,21
106925,"DESTELLO WC CLEANING GEL LEMON FRESHNESS 750ML 16",32.99,12,12,0,0,25-APR-026,ALVIN,13
112542,"SLOTTED LADLE B SSNYLON LX165595B YWU",9.9,20,20,0,0,25-APR-026,PHILEMON,360
145418,"ARTIFICIAL PLANT 18 STICK 18 LEAF 16M BSY109",779,1,3,-2,-1558,25-APR-026,WISE,446
153105,"SERVING TRAY MELAMINE 23 INCHES ZHN 8058235",79,6,6,0,0,26-APR-026,NASHINA,337
151037,"BIGOO LEMON LIME DRINK 350ML 20",2.99,24,126,-102,-304.98,25-APR-026,DELIGHT,87
164443,"MENTOS STRAWBERRY GUM 8X6X35 575G  48",71.99,46,45,1,71.99,25-APR-026,ABIGAIL,155
159856,"STICK NOTE SET 25SHEETS WITH 4 SHAPE SMALL",10.9,6,7,-1,-10.9,26-APR-026,"JERUSHA ",289
166622,"END TABLE BLACK OLIVIA",629,1,1,0,0,25-APR-026,FRANCIS,523
167012,"BIN SET WFLAT LID BLK FINISH RND 20L 20YPG RJK",249,2,8,-6,-1494,25-APR-026,HAYFORD,457
179733,"AKAI RICE COOKER 18L 700W CK023A18LS",439,1,4,-3,-1317,25-APR-026,"COLLINS HAMMOND",235
186066,"SOUP PLATE GOLDEN RIMMED 8 GR8SP RJK",16.9,36,92,-56,-946.4,25-APR-026,SOMUAH,411
187667,"MIRROR 35X27CM",129,3,3,0,0,25-APR-026,GAD,472
185926,"STAEDTLER MARKER FIBRETIP JUMBO SET 12P 340 C12",99,7,7,0,0,25-APR-026,MARIAM,291
184362,"SOUP STRAINER WHANDLE 18CM SS 60910239",19.9,24,24,0,0,25-APR-026,"PAUL OWUSU",352
192877,"MELAMINE TRAY 20INCH 3220",49.9,8,8,0,0,25-APR-026,ROBIN,392
191985,"TEA SPOON 24G0359 ZHN",20.9,60,80,-20,-418,25-APR-026,"PAUL OWUSU",350
77036,"MORAL STORIESTITLES IN SERIES ASSORTED EB 00010",15.99,77,79,-2,-31.98,25-APR-026,HERBERT,282
65470,"ZENOS PROBIOTIC YOGHURT DRINK 330ML 1",27.99,3,3,0,0,25-APR-026,EMMANUEL,133
98494,"AMALFI BODY MILK Q10 500ML  15",28.99,2,2,0,0,25-APR-026,"BENEDICT ABBEY",37
01853,"BINE MULITI PURPOSE LIQUID SOAP 250ML  24",4.99,9,8,1,4.99,25-APR-026,ALVIN,14
104960,"ROMAR WASHING LIQUID ORIGINAL 3L  4",136.99,2,2,0,0,26-APR-026,ALVIN,16
115906,"TABLE TENNIS NET RACK",79,8,9,-1,-79,25-APR-026,CHARLES,465
137079,"DR TEALS  CITRUS SUGAR SCRUB 538G  12",184.99,6,7,-1,-184.99,25-APR-026,"BOADI STEPHEN",53
131628,"CAKE FONDANT CUTTER 3PCS SET A6613",1.9,41,41,0,0,26-APR-026,"ALHASSAN RANDY",384
153227,"FABRIC SOFTNER MON BIJOU PROTECTION 17L  6",51.99,7,7,0,0,25-APR-026,ALVIN,15
151040,"BIGOO COCONUT DRINK 350ML 20",2.99,1,124,-123,-367.77,25-APR-026,EMMANUEL,133
166350,"CHATEAUX SANGRIA FORTE TETRA PACK 330ML 24",9.99,24,24,0,0,25-APR-026,APPIAH,112
166702,"CAMPA APPLE JUICE 750ML 6",44.99,5,5,0,0,26-APR-026,DELIGHT,88
183361,"WESTINGHOUSE WATER DISPENSER WFRIDGE WKWDB901",1749,-1,1,-2,-3498,26-APR-026,AKAYIRI,207
194181,"MEXICANA WRAP TORTILLAS 6 INCH 8 PCS 240G 1",44.99,44,44,0,0,25-APR-026,EMMANUEL,130
200861,"BOTTLE OPENER WMAGNET BEER BOTTLE SHAPE YWU",9.9,6,6,0,0,25-APR-026,OWUSU,368
202189,"NASCO WASHING MACHINE TT 5KG NASTTJS50",1779,1,1,0,0,25-APR-026,AKAYIRI,203
202513,"MONTY MOON CHIPS VANILLA 25G  50",2.99,25,29,-4,-11.96,26-APR-026,MAHAMA,119
X777,"NESTLE CERELAC MAIZE TIN 400G 12",48.99,14,34,-20,-979.8,25-APR-026,"EMMANUEL MENSAH",124
94765,"CARROTS IMPORT  PACK",26.99,2,2,0,0,25-APR-026,JIMOH,134
118061,"FUFU BOWL 9INCHES WPLATE CERAMIC DESIGNER B135001",42.9,3,11,-8,-343.2,26-APR-026,BLESSING,409
124710,"AYIKOO THE FAT ONE PAPER TOWEL 1X6",41.99,6,10,-4,-167.96,25-APR-026,TITUS,21
135866,"FABER CASTELL PAINT TEMPERA 10ML 6PC SET 144106 FC",14.9,15,13,2,29.8,26-APR-026,MARIAM,295
137561,"MR BOSTON GIN 1L 12",184.99,10,10,0,0,25-APR-026,MAHAMA,116
14818,"DEVA ALL PURPOSE CLEANER LIQUID LAVENDER 1000ML 12",30.99,12,11,1,30.99,25-APR-026,"ADIATOR MOSES ",7
159710,"MUNCHEE MILK SHORT CAKE BISCUITS 45G  48",3.29,11,45,-34,-111.86,25-APR-026,DERRICK,95
159779,"PLUSH TOY DANCING TALKING TOYS WITH USB CABLE",75,3,4,-1,-75,25-APR-026,HANNAH,273
174209,"PAPER BAG RIBBON 26X32X125CM KR13053M14",15.9,1,4,-3,-47.7,25-APR-026,MARYLAND,301
170089,"CLASSIC JAR 1000ML 80817",18.9,18,18,0,0,25-APR-026,"NANA ADJEI ",327
169531,"TOREN WAFER CARRE ORANGE CREAM 125G 24",22.99,12,22,-10,-229.9,26-APR-026,MAHAMA,119
194672,"OFFROAD PICKUP POLICE CAR MKM491107 HCL O51034",119,6,6,0,0,25-APR-026,HERBERT,281
200737,"WOK 32CM PALU ZHN FG3212",179,10,10,0,0,25-APR-026,QUEENCILLA,376
200740,"COOKING POT WLID 22CM FALU ZHNBAROLY 113922",239,1,4,-3,-717,25-APR-026,QUEENCILLA,376
195526,"BOOST ICED COFFEE MOCHA 250ML 12",28.99,10,10,0,0,25-APR-026,DELIGHT,85
43444,"RITTER SPORT CORNFLAKES CHOCOLATE 100G  10",46.99,10,4,6,281.94,25-APR-026,"ABIGAIL YEVUGAH",158
202512,"MONTY MOON CHIPS CHOCO 25G  50",2.99,13,64,-51,-152.49,26-APR-026,MAHAMA,119
51588,"TZEPAO SANPIEN JIU LIQUOR 500ML 24",85.99,8,8,0,0,25-APR-026,MAHAMA,116
93777,"KENWOOD KETTLE 17L 2200W BLACK ZJP01A0BK",499,2,2,0,0,25-APR-026,LESTER,249
08574,"STUTE SUPERIOR RED GRAPE JUICE 15L  6",51.49,1,3,-2,-102.98,25-APR-026,EMMANUEL,135
104804,"NERO NATURAL MINERAL WATER 500ML 16",1.75,128,210,-82,-143.5,25-APR-026,EZEKIEL,148
135909,"FABER CASTELL CONNECTOR PEN 10PCS SET 153010",24.9,16,15,1,24.9,25-APR-026,MARIAM,291
14719,"EASY MOUZOO MANGO JUICE GLASS BOTTLE 1L 6",32.99,11,17,-6,-197.94,25-APR-026,DORIS,99
161280,"CANVAS PAINTING MAPS 70X50CM PC233002",109,1,8,-7,-763,25-APR-026,SHADRACK,519
178219,"BATH SPONGE SET NYLON YWU",19.9,19,18,1,19.9,25-APR-026,VINOLIA,440
179185,"REFLECTIVE TAPE 5CMX5M  ASSTD COL YW",23.9,6,6,0,0,26-APR-026,GIDEON,294
193409,"RELATIVITYTHE SPECIAL AND THE GENERAL THEORY DELU",59,4,4,0,0,26-APR-026,JERUSHA,284
200389,"REXONA DEO STICK POWDER DRY 40ML 6",49.99,2,6,-4,-199.96,26-APR-026,WONDER,36
197342,"NASCO FRIDGE DD 102L NASF212FLB",2469,1,1,0,0,25-APR-026,NYARKO,176
23104,"MCVITIES GINGER NUTS 250G 12",54.99,30,30,0,0,25-APR-026,DORIS,97
87138,"CHEF KNIFE 8INCHES MASTERCHEF YWU",29.9,3,3,0,0,25-APR-026,"NANA KOJO",365
78012,"FANICE STRAWBERRY 2L X 1",75.99,2,6,-4,-303.96,25-APR-026,EMMANUEL,135
90527,"JOHNNIE WALKER RED LABEL 200ML 24",111.99,4,11,-7,-783.93,25-APR-026,EMMANUEL,128
98513,"GREEN WORLD MACHINE REFILLDELICATE LILY  24",42.99,7,16,-9,-386.91,26-APR-026,RICHMOND,5
92692,"LADLE SOUP NYLON CX18190 YWU",18.9,4,1,3,56.7,25-APR-026,OWUSU,368
104514,"MJS SALAD CREAM 237ML  12",32.99,5,18,-13,-428.87,26-APR-026,GIDEON,72
115055,"DAPHNIS TOMATO PASSATA 680G 12",31.49,4,4,0,0,26-APR-026,GIDEON,72
12699,"EVERPACK PICNIC TABLE NAPKIN   15",6.59,1,1,0,0,26-APR-026,"COLLINS HAMMOND",30
127406,"SUPER COOK STEWPOT 22CM WLID CHN B4594584 B1434584",319,4,4,0,0,25-APR-026,QUEENCILLA,376
123161,"OCEAN HBALL GLASS SET 6PC 320ML  3B0781106G0001",119,5,8,-3,-357,25-APR-026,"STEPHEN ACQUAH",421
122686,"PLUSH DOG TOY 50CM",179,3,23,-20,-3580,25-APR-026,HANNAH,276
133936,"PROFA TOM BROWN WITHOUT GINGER CEREAL MIX 800G  24",49.99,19,22,-3,-149.97,26-APR-026,SOLOMON,78
130673,"SHUTTLE COCK AERO 700 21006",79,4,4,0,0,25-APR-026,CHARLES,465
152089,"SAIRO SHOWER GEL DERMO  600ML 12",28.99,11,12,-1,-28.99,25-APR-026,"ANANE KOJO",21
166071,"CASA DE CAMPO SUNFLOWER OIL PET 5L 4",249.99,3,3,0,0,26-APR-026,"NANA ADJEI",48
169240,"TULIP CHICHEN SAUSAGE HOT DOG 200G  24",38.49,10,9,1,38.49,26-APR-026,"EDDIE MENSAH",90
186932,"STORAGE RACK WWHEEL 4LAYER MP YH5114 YWU",179,-3,4,-7,-1253,25-APR-026,"MORGAN ONGOH",324
188000,"WATER BOTTLE 05 PLASTIC HL0188TLC",9.9,6,6,0,0,26-APR-026,GILBERT,312
182897,"CHERELLE 60  DARK CHOCOLATE 16G 30",8.69,12,14,-2,-17.38,25-APR-026,"ABIGAIL YEVUGAH",158
204927,"CERAMIC BOWL SQUARE 8INCH WD002",14.9,33,33,0,0,25-APR-026,SOMUAH,412
202592,"FROSTED PLATE 14 B16214",14.9,1,45,-44,-655.6,25-APR-026,OTHNIEL,339
205482,"RHODES 100 PINEAPPLE JUICE DRINK 1L 12",45.99,12,12,0,0,25-APR-026,DORIS,102
CL630,"PRIME CUP 500ML 11CMX8CMX10CM",2.9,14,19,-5,-14.5,26-APR-026,"MICHAEL DADZIE",310
113139,"PANEL YARN DYE JACQUARD WGROMMET RED TONE A12B",229,14,14,0,0,25-APR-026,GILBERT,500
113214,"OUTDOOR BROOM WHANDLE BLUE PLASTIC BT1642151642E",39.9,1,1,0,0,25-APR-026,DANIEL,XMAS
138715,"FRESHDAYS  FAM RELAX 20 EXPORT  10",61.99,4,14,-10,-619.9,26-APR-026,"BOADI STEPHEN",51
134208,"CEBON SWEETENED CONDENSED FILLED MILK 1KG  24",36.99,5,27,-22,-813.78,26-APR-026,"BENEDICT ABBEY",81
130140,"TUMBLER SERENA LINES 32CL F4 E5171V9911",159,4,4,0,0,25-APR-026,"STEPHEN ACQUAH",419
151489,"SANTAY SHITO WITH SHRIMP 290G 6",64.49,1,8,-7,-451.43,26-APR-026,"PAUL OWUSU",63
162806,"CURTAIN JACQUARD 54X90 CREAM",199,1,1,0,0,25-APR-026,ESINAM,483
158495,"X NATURAL MINERAL WATER 500ML 16",2.09,32,85,-53,-110.77,26-APR-026,EZEKIEL,150
161330,"FOUNTAIN 21X21X17CM 1233183L",249,1,1,0,0,25-APR-026,"FELIX BOADU",151
174525,"DOMS UNICORN KIT 80474",55,7,5,2,110,26-APR-026,MARIAM,292
175412,"LG WASHING MACHINE FL 7KG SILVER F2Y1HYP6J",8799,1,1,0,0,25-APR-026,AKAYIRI,203
170027,"AKAI POWER BLENDER WMILL 3L 800W BD075A3LS",1039,1,1,0,0,25-APR-026,PRINCE,221
169363,"INSPIRING LIVES BOOK 124PAGES EB 11234",39,29,29,0,0,25-APR-026,"JERUSHA ",288
170341,"KALYON EXTRA DISHWASHING LIQUID APPLE 1225ML 12",40.99,15,15,0,0,25-APR-026,ALVIN,13
179138,"TOYS SOFT BULLET SHOOTING WITH DART YW",42.9,10,10,0,0,25-APR-026,HANNAH,274
190555,"NOTICE BOARD 90X120 A12FLDB9012060",849,1,2,-1,-849,25-APR-026,DANIEL,XMAS
198493,"BATH SPONGE YWU",9.9,38,117,-79,-782.1,25-APR-026,VINOLIA,441
69965,"MAXIM PRECONDITIONING STYLING GEL 410G  30",15.49,12,11,1,15.49,26-APR-026,"PAUL OWUSU",38
113247,"LED WALL LAMP GLASS WFLOWER 2500",199,1,7,-6,-1194,25-APR-026,KWAFO,166
137008,"PEAK EVAPORATED TIN MILK 390G  24",34.99,16,43,-27,-944.73,26-APR-026,"BENEDICT ABBEY",81
148403,"PLACEMAT GOLDSILVER WTAG 6PCS",79,16,16,0,0,25-APR-026,GIFTY,490
156829,"CUSHION 5DESIGN 400G 45X45CM",119,1,1,0,0,25-APR-026,"GIDEON GBLOGAH",508
157091,"AKAI HOME THEATRE SYSTEM 21CH HT026A646",1699,1,1,0,0,25-APR-026,JUSTICE,188
159981,"MUG 300ML CERAMIC DESIGNER YWU",9.9,3,4,-1,-9.9,25-APR-026,"SAMUEL ADDO",398
168658,"TOP CHOCO BANANA SPREAD  650G  12",53.99,9,9,0,0,26-APR-026,PRINCE,64
184167,"CHARLIE TOTAL FLUORIDE PROT TOOTHPAST 130G 72",10.99,6,4,2,21.98,25-APR-026,"BOADI STEPHEN",54
184469,"MUG WLONG HANDLE 1500ML PLASTIC HL0029C",6.9,17,17,0,0,25-APR-026,OTHNIEL,342
193523,"TUMBLER 6 PCS SET GIFT PACK LVTUA15F",89,4,4,0,0,25-APR-026,SOMUAH,415
200703,"COOKING TOOLS 7PCS SET NYLON ZHN 701",129,3,8,-5,-645,25-APR-026,"NANA KOJO",362
39547,"AIRPRO SCENTED OIL OCEAN REFILL  24",57.99,2,8,-6,-347.94,26-APR-026,ABASS,4
77092,"DON SIMON MULTIFRUITA CAN 330ML 24",22.49,15,15,0,0,25-APR-026,DELIGHT,86
61041,"12  MATTRESS 54X75 INCH ORTHOPEDIC PILLOWTOPDM",5490,1,2,-1,-5490,25-APR-026,FRANCIS,527
CL582,"STORAGE BOX TRANSPARENT 20L 38CMX28CMX31CM",49.9,14,15,-1,-49.9,25-APR-026,"MORGAN ONGOH",320
94289,"BIKILA BITTERS 35ALC 70CL  12",74.49,5,4,1,74.49,25-APR-026,MAHAMA,115
95527,"CHRISTMAS DECORATION 5CM 20PCS",42.9,4,4,0,0,25-APR-026,DANIEL,XMAS
02250,"BAKERS TENNIS CLASSIC COCONUT BISCUITS 200G 12",45.99,11,12,-1,-45.99,25-APR-026,DORIS,97
00361,"ZWAN CHICKEN LUNCHEON MEAT 340G 12",51.99,12,14,-2,-103.98,26-APR-026,APPIAH,126
104562,"ADEPA MULTIPURPOSE TOWEL 8ROLLS   2",74.99,4,4,0,0,26-APR-026,"COLLINS HAMMOND",30
111650,"BALLON SET 11PCS W1PCS NUMBER BALLON CHAMPAGNE",19.9,2,2,0,0,26-APR-026,HADASSAH,269
137490,"BUMBLE WET WIPES 100 PCS ANTIBACTERIAL  12",31.99,6,11,-5,-159.95,26-APR-026,PHILEMON,10
153326,"BOARD GAMES LUDO",75,7,7,0,0,25-APR-026,HERBERT,280
153475,"SCISSORS SAYA EXTRA LARGE SYSC09",22.9,16,15,1,22.9,26-APR-026,GILBERT,294
159599,"GALAXY PLUS CONCEPT SPRAY SAVAGE 200ML 12",31.99,13,14,-1,-31.99,26-APR-026,ELLA,35
160119,"DALGETY PURE GREEN TEA40G  36",51.99,12,22,-10,-519.9,26-APR-026,DANIEL,58
167403,"BOWL SOUP EMBOSSED 75 EBC75 RJK",19.9,6,6,0,0,25-APR-026,SHADRACK,510
180291,"BEER MUG 2PCS SET DAKOTA 0210CLF1000212 10025246",69,10,12,-2,-138,25-APR-026,"STEPHEN ACQUAH",421
184371,"NERO ICE LEMON DRINK 350ML  12",5.99,24,46,-22,-131.78,25-APR-026,EMMANUEL,128
192587,"GIFT WRAPPING PAPER 2PCS 70X100CM",11.99,9,12,-3,-35.97,25-APR-026,CHARLES,463
193107,"TEFAL BAKEWARE 26 J5549702",139,9,9,0,0,25-APR-026,"ALHASAN RANDY",383
189172,"XMAS ORNAMENT",55,14,14,0,0,25-APR-026,DANIEL,XMAS
200291,"HH MAYONNAISE 500ML 12",38.49,10,14,-4,-153.96,25-APR-026,SOLOMON,73
200404,"PHILIPS STANDING FAN 16 ACP62001",569,1,1,0,0,25-APR-026,AKAYIRI,207
40290,"SHINE KITCHEN TOWEL  2PCS 6",28.99,2,6,-4,-115.96,25-APR-026,ELLA,32
202516,"MONTY MOON CHIPS STRAWBERRY 25G  50",2.99,24,61,-37,-110.63,25-APR-026,"EMMANUEL MENSAH",121
83757,"BINATONE CEILING FAN 36 DECORATIVE CF 3672CF3676",599,1,1,0,0,25-APR-026,AKAYIRI,207
84616,"CHEF DISH WCOVER 7L SSTEEL YWU",499,1,1,0,0,25-APR-026,OWUSU,371
78483,"BABY POTTY VOLK DESIGN BLUEPINK  N305",89,5,5,0,0,25-APR-026,VICTORIA,438
CL606,"MIXING BOWL LARGE 30CMX27CMX14CM",19.9,10,18,-8,-159.2,25-APR-026,OTHNIEL,342
100336,"GAS REGULATOR WMETER V80",95,1,18,-17,-1615,25-APR-026,DANIEL,259
100785,"TRAMPOLINE 6FT WSAFETY NETPADDING AX00163",1699,2,2,0,0,25-APR-026,"GEORGE PUPLAMPU",467
108211,"DLUCIO VENDIMIA TEMPRANA BLANCO WINE  750ML 6",127.99,1,2,-1,-127.99,25-APR-026,APPIAH,113
122223,"PARIDOX SKIN ACTIVE BODY LOTION 250ML  30",30.99,2,3,-1,-30.99,25-APR-026,"BENEDICT ABBEY",37
164594,"WATER BOTTLE SPORTS 800ML 46909",49,4,6,-2,-98,26-APR-026,GILBERT,313
166370,"COLANDER WSIDE HANDLES 315CM SSTEEL XY2308",49.9,21,21,0,0,25-APR-026,"PAUL OWUSU",351
163775,"BLOCK SET 32PCS TY  165",47.99,5,5,0,0,25-APR-026,JUSTICE,270
157803,"FOUR SPECIAL SWEET ROSE SPARKLING WINE 750ML AMOR",47.99,3,3,0,0,25-APR-026,APPIAH,112
160868,"SERVING BOWL WLID MELAMINE 10 INCHES FEILU 79010",26.9,1,42,-41,-1102.9,25-APR-026,REGINA,390
161133,"FILLED CUSHION JAQUARD 45X45CM PINK DC2361",119,7,7,0,0,25-APR-026,"GIDEON GBLOGAH",508
159053,"COLGATE TP TOTAL CHARCOAL DEEP CLEAN 75ML   48",37.99,1,50,-49,-1861.51,25-APR-026,NTUMY,163
174324,"BRAINVITA MULTICOLOUR",37.9,2,2,0,0,25-APR-026,HERBERT,279
179732,"AKAI RICE COOKER 15L 500W CK022A15LS",399,3,7,-4,-1596,25-APR-026,"COLLINS HAMMOND",236
87942,"COLGATETOOTHPASTE NAT EXT CHARCOALMINT 75ML 48",38.99,12,86,-74,-2885.26,26-APR-026,NTUMY,163
89235,"FLOOR MAT 50X80CM ASTD JSMA005",39.9,20,26,-6,-239.4,25-APR-026,"SAMUEL ADDO",401
X776,"BADIA GARLIC POWDR 105 OZ   12",121.99,15,23,-8,-975.92,26-APR-026,BISMARCK,45
95683,"EASY GLASS CLEANER  YELLOW  825 ML 12",28.99,4,4,0,0,25-APR-026,ABIGAIL,6
105817,"DOVE BODY WASH CUCUMBER AND GREEN TEA 750ML  16",92.99,11,11,0,0,25-APR-026,"ANANE KOJO",22
125869,"POPIZZ SPARKLING DRINK APPLE 750ML  6",49.99,10,10,0,0,25-APR-026,"EDDIE MENSAH",106
145553,"ARTIFICIAL PLANT 9LEAF 165M BSY169",579,1,2,-1,-579,25-APR-026,WISE,446
157436,"FELT BOARD SET WHEX DSIGN 6P 15X177X14CM DPC412",78.9,6,6,0,0,25-APR-026,GAD,472
164219,"COFRUTOS ORANGE BOTTLE JUICE 1L  6",48.99,2,2,0,0,25-APR-026,DORIS,99
159769,"MUNCHEE MILK CRUNCH BISCUITS 26G  72",1.49,42,101,-59,-87.91,25-APR-026,DERRICK,96
171188,"LUXURYS REED DIFFUSER GUM 120ML 12",95.99,4,12,-8,-767.92,25-APR-026,HAYFORD,457
171999,"CEILING LIGHT 7021400",229,2,2,0,0,25-APR-026,KWAFO,170
175449,"POLICE CAR WLIGHT 18X9X9",10.9,13,13,0,0,25-APR-026,HERBERT,281
186935,"GOLDMAN PARANI NATURAL COCOA POWDER 400G 6",74.99,5,5,0,0,25-APR-026,AKORFA,59
196674,"CERES APPLE 500ML 10",23.99,7,7,0,0,25-APR-026,KWAFO,100
43168,"PLATINUM SARDINES IN VEGETABLE OIL 125G 50",10.99,53,62,-9,-98.91,25-APR-026,APPIAH,126
71448,"SERVING TRAY MELAMINE 16 INCHES ZHN B27016",39.9,20,20,0,0,26-APR-026,QUEENCILLA,379
07626,"GRANORO SPAGHETTI RISTORANTI 1014 500GMS 24",21.99,1,2,-1,-21.99,25-APR-026,SOLOMON,75
07956,"MEANNAN TOM BROWN 750G 12",27.49,3,3,0,0,26-APR-026,SOLOMON,78
100413,"KAREES NATURAL WHITE SUGAR  BOTTLE  18KG 6",66.99,16,16,0,0,25-APR-026,"EMMANUEL MENSAH",123
105813,"DOVE BODY WASH CUCUMBER GREEN TEA 500ML  20",70.99,5,22,-17,-1206.83,26-APR-026,"ANANE KOJO",20
119213,"GIRRAFFE TOY 25CM SITTING UTAS0005",135,5,5,0,0,25-APR-026,HANNAH,276
129335,"TOILET PAPER HOLDER PLASTIC L00107",12.9,3,3,0,0,26-APR-026,VINOLIA,441
137703,"OUTDOOR PLAYGROUND SLIDE WD113009",1399,1,1,0,0,25-APR-026,DANIEL,XMAS
148702,"MEDAL YELLOWGREENBLUE ROPE",19,23,23,0,0,25-APR-026,"GEORGE PUPLAMPU",467
163639,"KISS PINK SPARKLING DRINK 750ML  6",42.99,9,9,0,0,25-APR-026,"EDDIE MENSAH",107
165086,"COFFEE TABLE CHERRYOFFWHITE SAARA",729,1,1,0,0,25-APR-026,FRANCIS,523
161093,"FUR HAND SOAP SPRING BLOSSOM 450ML  24",41.99,9,8,1,41.99,25-APR-026,BISMARCK,43
170319,"KALYON POWER RESERVOIR BLOCK LAVENDER 50GRM 12",40.99,14,14,0,0,25-APR-026,ABASS,3
180692,"SLOW REBOUND PILLOW 50X70CM 1200GM",139,1,9,-8,-1112,25-APR-026,SHADRACK,515
180840,"BED QUEEN 1500X2000MM ML1506Q",4190,1,1,0,0,25-APR-026,SHADRACK,516
178928,"AKAI GASOLINE GENERATOR ELE START 7KW WWHELHANDL",8499,1,1,0,0,25-APR-026,RICHMOND,264
191927,"DINNER KNIFE 72G0355 ZHN",37.9,8,24,-16,-606.4,25-APR-026,OWUSU,370
202341,"TECNO MOBILE POP 20 4GB64GB KN3",1429,2,3,-1,-1429,25-APR-026,NYARKO,178
202623,"PLATE 105 S037105",14.9,32,32,0,0,26-APR-026,NASHINA,337
78969,"CHRISTMAS PVC TREE DECORATION 50CM",8.9,9,51,-42,-373.8,25-APR-026,HADASSAH,268
78969,"CHRISTMAS PVC TREE DECORATION 50CM",8.9,51,51,0,0,25-APR-026,DANIEL,XMAS
90607,"CURTAIN ROD SINGLE 120210 11051210PG",119,5,5,0,0,26-APR-026,GAD,474
96114,"NIVEA LIP BALM ORIGINAL CARE 48G  12",37.99,18,22,-4,-151.96,25-APR-026,"BENEDICT ABBEY",37
91197,"SAIRO BATHSHOWER GEL STRAWBERRY SENSATION 750M  8",51.99,8,8,0,0,25-APR-026,"ANANE KOJO",22
98560,"MADAR WASHING POWDER 3KG 1",142.99,2,2,0,0,26-APR-026,"ARTHUR JONADAB",28
104191,"OIL DISPENSER 500ML PLASTIC M106",14.9,1,1,0,0,25-APR-026,REGINA,387
107219,"BAUDUCCO WAFER WITH VANILLA FLAV  78G 30",8.49,35,33,2,16.98,25-APR-026,ATITOGO,159
119847,"AMERICAN GOURMET CHOCLATE SYRUP 22OZ  12",68.99,11,11,0,0,26-APR-026,"FELIX BOADU",65
125824,"BASKET JCJ PLASTIC 4211",19.9,1,1,0,0,26-APR-026,"SAMUEL ADDO",402
148814,"CAKE BOARD ROUND 10PCS GOLDSILVER 3MM 35CM YWU",29.9,9,9,0,0,25-APR-026,"ALHASSAN RANDY",382
151223,COMB,19.9,24,24,0,0,25-APR-026,VICTORIA,437
158539,"APPLE GRANNY SMITH FRESH PACK",44.99,8,10,-2,-89.98,25-APR-026,JIMOH,134
179978,"CURTAIN YD PL GROMT TAUPE 54X90 24EHM001",169,2,2,0,0,25-APR-026,ESINAM,484
184150,"REGAL COTTON PILLOW 47X70CM",59,2,4,-2,-118,25-APR-026,SHADRACK,518
184292,"LG WASHING MACHINE TT 18KG P1861RWN9T",7099,1,1,0,0,25-APR-026,AKAYIRI,203
200394,"REXONA DEO STICK SHOWER FRESH 40ML 6",49.99,3,3,0,0,26-APR-026,ELLA,36
200466,"SAUCE PAN WLID 16CM FALU ZHNBLY 811201N16",159,1,3,-2,-318,25-APR-026,"ALHASSAN RANDY",381
50145,"YUMVITA INFANT CEREAL MAIZE  WHEAT 400G 12",59.99,12,12,0,0,26-APR-026,"EMMANUEL MENSAH",124
52726,"DETTOL LIQUID ANTISEPTIC 750ML 12",149.99,12,12,0,0,26-APR-026,QUEENCILLA,42
104906,"BEVERLY SPARKLING GRAPE DRINK 750ML 12",42.99,5,5,0,0,25-APR-026,"EDDIE MENSAH",106
144311,"ROMAR AUTOM AIRFRESH REFILL UNICORN 250ML  6",48.99,2,2,0,0,26-APR-026,RICHMOND,5
156973,"BATH MAT SKY BLUE 50X80CM BM228",65,5,4,1,65,26-APR-026,"SAMUEL ADDO",402
164301,"DECAKILA RICE COOKER 18L 700W KEER034W",389,2,3,-1,-389,25-APR-026,"COLLINS HAMMOND",236
161836,"MCBERRY LAYERS CHOCOLATE COATED CAKE 30G  144",2.29,40,179,-139,-318.31,25-APR-026,DORIS,101
161004,"BEDSIDE LAMP WGOLD STAND T2127",379,1,3,-2,-758,25-APR-026,SHADRACK,514
161386,"CURTAIN VELVET EMBOSSED 54X90  PURPLE",119,1,2,-1,-119,25-APR-026,"GERALD SACK ",481
179332,"BALLOON HEART SHAPE DESIGN 12PCS ASST COL YW",9.9,24,22,2,19.8,25-APR-026,HADASSAH,269
184386,"CLOTHES HANGER 5PCS SET 40CM PLASTIC XZ8107 YWU",14.9,19,19,0,0,25-APR-026,VICTORIA,437
197525,"LUX BAR SOAP  MAGICAL ORCHID 170G 48",22.99,49,52,-3,-68.97,25-APR-026,"ANANE KOJO",20
202242,"FARAGELLO PINEAPPLE NECTAR TETRA PACK 1L 12 BLUE",24.99,12,24,-12,-299.88,25-APR-026,DORIS,102
73655,"NASCO CHEST FREEZER SD 145L NAS160",2699,1,1,0,0,25-APR-026,"JOSEPH PATRICK",205
64032,"LEEMEX PLANTAIN FUFU FLOUR 700GMS 24",63.99,27,27,0,0,25-APR-026,"FELIX BOADU",66
96858,"PASCUAL GREEK YOGURT PLAIN SWEETENED 125G 6",67.99,4,4,0,0,25-APR-026,CHRIS,61
95663,"ODEX BLEACH  YELLOW LEMON 2L  6",50.99,1,1,0,0,26-APR-026,"GIDEON GBLOGAH",12
104824,"KERRYGOLD FULL CREAM MILK POWDER TIN 900G 6",189.99,24,53,-29,-5509.71,25-APR-026,EZEKIEL,148
134966,"CHANDELIER 3RINGS HANGING DESIGN A246",779,1,2,-1,-779,25-APR-026,KWAFO,167
138464,"HOLY INSECTICIDE SPRAY 750ML  24",42.49,30,30,0,0,26-APR-026,DANIEL,9
145134,"DUSTBIN FIT IN BLKGRY 53L 33X33X73CM PP72005",249,1,3,-2,-498,25-APR-026,HAYFORD,456
145419,"ARTIFICIAL PLANT 12STICK 12LEAF 085M BSY140",379,1,2,-1,-379,25-APR-026,RANDY,33
143778,"SAIRO HAIR SPRAY EXTRA STRONG 400ML  8",53.99,5,5,0,0,26-APR-026,"BENEDICT ABBEY",38
145811,"BELPAK MEGA KITCHEN TOWEL    6",41.99,4,4,0,0,26-APR-026,"ANANE KOJO",23
159365,"INFINITY STRIOL ASEPTICDISINF GREEN 500ML  12",31.29,1,1,0,0,26-APR-026,QUEENCILLA,42
161281,"CANVAS PAINTING BIG CATS 70X50CM PC233003",109,1,7,-6,-654,25-APR-026,SHADRACK,519
167765,"COOKWARE 8PCS SET 2MM STEEL HROLAND HR1331 RJK",599,1,1,0,0,25-APR-026,OWUSU,374
168698,"CAMRY MONITOR SCALE EF976S483 RJK",129,1,1,0,0,25-APR-026,VICTORIA,435
182094,"COMPUTER DESK  120X60 CTN2345",1049,1,1,0,0,26-APR-026,FRANCIS,521
194961,"LADLE SLOTTED SPOON SILICONE ZHN HR22PC18DS",8.9,55,53,2,17.8,25-APR-026,PATIENCE,347
190776,"IMPERIAL LEATHER BODY WASH UPLIFTING 500ML  12",58.99,8,8,0,0,25-APR-026,"ANANE KOJO",21
191978,"DINNER KNIFE 67G0325 ZHN",34.9,26,26,0,0,25-APR-026,OWUSU,370
198445,"DINNER PLATE SQ 10INCH CERAMIC EMBOSSED YWU",36.9,24,24,0,0,26-APR-026,BLESSING,408
37830,"KALYON WOOD CLEANER ORANGE 750ML 12",36.99,16,16,0,0,25-APR-026,"ADIATOR MOSES ",7
205487,"RHODES 100 TROPICAL JUICE DRINK 1L 12",45.99,12,12,0,0,25-APR-026,DORIS,102
88560,"EVP PARTY TIME PLASTIC ROUND BOWL   8X 20  40",18.99,46,35,11,208.89,26-APR-026,DORIS,24
A803,"MANDINGO BITTERS 700ML 12",59.49,12,12,0,0,25-APR-026,MAHAMA,115
CL626,"PET JAR SQUARE 2000ML 125CMX125CMX18CM",5.9,34,77,-43,-253.7,25-APR-026,"NANA ADJEI ",328
N488,"DETTOL ANTISEPTIC LIQUID 1L 12",185.99,10,10,0,0,26-APR-026,QUEENCILLA,42
98219,"MIDEA MICROWAVE OVEN 20L WGRILL WHITE MG720CFB",1349,1,2,-1,-1349,25-APR-026,WONDER,260
105560,"MENTOS MINI ROLLS 20X10G  24",58.99,4,5,-1,-58.99,25-APR-026,ABIGAIL,155
104962,"ROMAR WASHING GEL COLOR CLOTHE 3L  4",136.99,1,1,0,0,26-APR-026,ALVIN,16
106887,"TAMPICO COCKTAIL FRUIT JUICE 500ML 12",7.99,33,44,-11,-87.89,26-APR-026,DELIGHT,88
119989,"NERDS WATERMELON CHERRY 165OZ49G  36",22.99,36,345,-309,-7103.91,26-APR-026,ATITOGO,160
119989,"NERDS WATERMELON CHERRY 165OZ49G  36",22.99,36,345,-309,-7103.91,25-APR-026,ABIGAIL,155
131071,"ROMAR REFILL AUTOM AIR FRESH CHERRY 250ML  6",48.99,17,17,0,0,26-APR-026,ABIGAIL,5
160821,"WINDOW SHADE BLACKOUT ROLLER 451160X180CM",379,8,8,0,0,25-APR-026,"GERALD SACK ",477
160896,"COOKWARE SET WFRYPAN 11PCS SET ALU 2MM",999,1,1,0,0,25-APR-026,OWUSU,372
162337,"SKIMMER SS WOOD HANDLE ILC MC73209 RJK",19.9,7,7,0,0,25-APR-026,OWUSU,369
169950,"KEL 360 TOOTHPASTE 150G  48",22.49,21,69,-48,-1079.52,26-APR-026,NTUMY,162
180292,"TUMBLER 6PCS SET 0338CLF1000608 10025420",99,8,8,0,0,25-APR-026,"STEPHEN ACQUAH",421
186327,"SAMSUNG LED TV 43 SAT SMART UHD UA43U8000FUXGH",7499,1,1,0,0,25-APR-026,"KINGSLEY OP",216
188272,"KID VACUUM CLEANERACCESSORY RACK PLAYSET I1808236",349,3,3,0,0,25-APR-026,HANNAH,276
186694,"RAINBOW CONTAINER 7PC SET SQUAR PLASTIC RJK 80167",49.9,19,26,-7,-349.3,25-APR-026,NASHIBA,332
185378,"4PCS BEDSHEET SET K 270X250CM PRINT ASS 03BT1033",159,6,6,0,0,25-APR-026,GILBERT,497
18346,"LONG MOUNTAIN PINOTAGE RED WINE 75CL 6",71.99,5,11,-6,-431.94,25-APR-026,APPIAH,111
194910,"KNIFE 3PCS SET ZHN 250153",34.9,28,28,0,0,25-APR-026,NASHIBA,335
191092,"OSSUM FRAGRANCE BODY SPRAY CHERISH 120ML 72",69.99,27,46,-19,-1329.81,25-APR-026,ELLA,33
192285,"LED CEILING LIGHT ULTRAMAN 6X50CM 903",379,1,1,0,0,25-APR-026,KWAFO,530
200726,"CHOPPING BOARD SET NYLON ZHN SK9760",29.9,19,19,0,0,25-APR-026,"PAUL OWUSU",354
31300,"BADIA GROUND WHITE PEPPER 2551G 12",204.99,12,12,0,0,25-APR-026,GIDEON,67
32434,"DEEMAH KRAKY SALTED CRACKERS BISCUITS 90G  24",12.99,7,7,0,0,25-APR-026,DERRICK,96
80581,"SINGLE PEELER",2.9,1,42,-41,-118.9,25-APR-026,OWUSU,369
CL620,"FRIDGE BOTTLE ROUND 900ML 7CMX24CM",9.9,11,24,-13,-128.7,25-APR-026,GILBERT,313
95737,"AMALFI  SHAMPOO FAMILIAR NATURAL CREAM 750ML  16",32.99,7,12,-5,-164.95,26-APR-026,"PAUL OWUSU",38
96963,"BADIA COMPLETE SEASONING 7938G 6",239.99,7,7,0,0,25-APR-026,GIDEON,67
117114,"SERVING BOWL MELAMINE 12 INCHES ZHN C62212",34.9,48,48,0,0,26-APR-026,"SAMUEL ADDO",404
117192,"DOMS CRAYONS SET 6PCS PLASTIC GRIPPIE 8354",35,5,5,0,0,26-APR-026,MARIAM,292
114175,"MOSKETTO SWEET  ROSE WINE 750ML 6",99.99,9,8,1,99.99,25-APR-026,APPIAH,113
112552,"POTATO PRESSER WOODENNYLON LX165622B YWU",9.9,35,35,0,0,25-APR-026,JIMOH,1
110739,"WETTOL ANTISEPTIC 2L  6",85.49,4,4,0,0,26-APR-026,QUEENCILLA,42
113664,"DINNER PLATE MELAMINE 10 INCHES FEILU 85125",16.9,1,1,0,0,26-APR-026,REGINA,391
113681,"SERVING BOWL MELAMINE 8 INCHES FEILU 32108",9.9,32,48,-16,-158.4,26-APR-026,ROBIN,392
113682,"SERVING BOWL MELAMINE 9 INCHES FEILU 3109",14.9,55,55,0,0,25-APR-026,REGINA,387
125263,"ROMAR FABRIC SOFTENER CONC ARGAN 2L  6",81.99,4,4,0,0,26-APR-026,ALVIN,16
128908,"STAPLES NO10 SOFT CLICK 131951ELP",37.9,16,1,15,568.5,26-APR-026,GILBERT,294
125673,"FILE REPORT COVER GOOD LUCK FC 920436",2.99,123,299,-176,-526.24,25-APR-026,MARIAM,290
130213,"PHILIPS LED BULB SSW 7570W E27 CDL 929001906727",59,2,5,-3,-177,25-APR-026,KWAFO,170
14655,"SABA DETERGENT POWDER 800G 10",27.99,22,23,-1,-27.99,26-APR-026,ALVIN,17
160824,"WINDOW SHADE BLACKOUT ROLLER 451200X200CM",459,16,16,0,0,25-APR-026,"GERALD SACK ",477
160105,"MOTHER EVAPORATED MILK 400G 24",19.29,12,12,0,0,26-APR-026,"BENEDICT ABBEY",81
185408,"3PCS CERAMIC SET ASS 01CE0100",119,10,10,0,0,26-APR-026,VINOLIA,442
184036,"STASOFT FABRIC SOFT DREAM LAV STR 1212 20ML 12",27.99,0,28,-28,-783.72,26-APR-026,"ARTHUR JONADAB",27
193429,"STEAM PROJECTS FOR KIDS 22X28CM",47.99,8,9,-1,-47.99,26-APR-026,HERBERT,283
192833,"CURTAIN JQ YELLOW 54X90 PL 253",119,7,7,0,0,25-APR-026,GIFTY,492
190665,"BLOCKS TOYS INTELLIGENT ABS",129,1,1,0,0,25-APR-026,JUSTICE,270
190061,"LORENZ CRUNCHIPS BARBEQUE 100G  12",45.99,34,92,-58,-2667.42,26-APR-026,JIMOH,1
198584,"SNACKS TRAY 4COMPARTMENT 25X25X58CM BAMBOO YWU",179,23,23,0,0,25-APR-026,NIBOI,314
28119,"TUMBLER ISLANDE 6PCS SET 310ML DXB N1317J2550",69,6,5,1,69,25-APR-026,"STEPHEN ACQUAH",420
43395,"PADDLE POP TRICO 60ML 48",5.99,1,4,-3,-17.97,26-APR-026,EMMANUEL,135
31074,"ROYAL GALAXY WHITE SUGAR  1KG  20",33.99,12,13,-1,-33.99,25-APR-026,"EMMANUEL MENSAH",123
22459,"DINNER PLATE MELAMINE 10 INCHES ZHN B019",18.9,51,57,-6,-113.4,25-APR-026,BLESSING,407
202771,"TASTY TOM CHICKEN SEASONING POWDER 50G 120",5.29,87,86,1,5.29,25-APR-026,GIDEON,67
84391,"BEVERAGE DISPENSER DOUBLE 8L SJD08B RJK",1299,1,1,0,0,25-APR-026,SOMUAH,414
87989,"JUVER SELECCION PEAR BOTTLE JUICE  850ML  12",42.49,16,16,0,0,26-APR-026,DELIGHT,88
88822,"SERVING SPOON  13  SS1776D",9.9,1,2,-1,-9.9,25-APR-026,OWUSU,369
57861,"EVERPACK RIPPLED PAPER CUPS 12OZ 3COLORS20X30 20",57.99,14,20,-6,-347.94,26-APR-026,TITUS,21
66918,"PINHO BRIL WILD PINE PLUS DISINFECTANT  500ML  12",21.99,13,19,-6,-131.94,26-APR-026,"ADIATOR MOSES ",8
96181,"PAPILION BABY COTTON BUDS 60PCS   144",15.99,20,56,-36,-575.64,26-APR-026,RICHMOND,50
107982,"ONE YOGO SUGAR FREE YOGHURT 330ML 12",20.99,28,29,-1,-20.99,25-APR-026,EMMANUEL,133
114720,"RACKET SET W2 BALL TY 175",27.99,17,10,7,195.93,25-APR-026,"GEORGE PUPLAMPU",467
111535,"BOWL 3PCS SET GLASS TW6PE",99,8,8,0,0,26-APR-026,SOMUAH,430
132891,"SERVING BOWL MELAMINE 9 INCHES FEILU 30096",13.9,52,57,-5,-69.5,25-APR-026,REGINA,386
14819,"DEVA ALL PURPOSE CLEANER LIQUID FLORAL 1L  12",30.99,4,4,0,0,25-APR-026,"ADIATOR MOSES ",7
148279,"BELPAK  PERFUMED TROLL LAVENDER   6",43.99,3,10,-7,-307.93,26-APR-026,"COLLINS HAMMOND",30
147102,"DOVE ROLL ON SA WOMEN  MINERAL TOUCH 50ML   6",25.99,37,40,-3,-77.97,26-APR-026,ELLA,36
14716,"EASY MOUZOO PINEAPPLE TETRAPACK JUICE 1L 12",23.99,20,34,-14,-335.86,26-APR-026,EMMANUEL,127
156435,"GASTONE LAGO MINI PARTY HAZELNUT WAFER 125G  12",29.99,15,15,0,0,26-APR-026,MAHAMA,119
157395,"AMALFI MOISTURING CREAM TUBE COCO 150 ML 18",19.99,18,18,0,0,25-APR-026,"BENEDICT ABBEY",37
150566,"YOGA VANILLA WHEAT MIX YOGHURT 1L 1",56.99,1,1,0,0,25-APR-026,DANIEL,XMAS
164218,"COFRUTOS APPLE BOTTLE JUICE 1L  6",48.99,6,11,-5,-244.95,26-APR-026,EMMANUEL,127
181420,"GREEN CHILLI PEPPER PACK DGL",19.99,4,1,3,59.97,25-APR-026,JIMOH,134
184297,"HOOKS CAMOMILE 2PCS SET PLASTIC UR3423",9.9,85,59,26,257.4,25-APR-026,WISE,446
183525,"WATER BOTTLE PICCOLO 1000ML PHY L1031",69,44,-3,47,3243,26-APR-026,GILBERT,312
195075,"KAMILA CHOCOLATE TRUFFLES MANGO 750G 8",94.99,1,14,-13,-1234.87,25-APR-026,ATITOGO,159
198485,"LUNCH BOX PLASTIC 1109",44.9,22,22,0,0,25-APR-026,"MICHAEL BOYE",305
198907,"CUTLERY TRAY CN250717C",99,2,9,-7,-693,26-APR-026,OTHNIEL,339
197988,"MCBERRY GRANDE TWIN CHOCO WAFER 39G  144",2.09,93,191,-98,-204.82,25-APR-026,DERRICK,96
85495,"BANETTI PASTA CHARLESTON 500G  20",14.99,24,19,5,74.95,25-APR-026,SOLOMON,74
89788,"SPRITE ZERO PET 450ML  12",8.99,19,38,-19,-170.81,26-APR-026,DELIGHT,87
D641,"PURE HEAVEN PINEAPPLECOCONUT JUICE 1L 8",35.99,33,47,-14,-503.86,25-APR-026,KWAFO,103
96188,"PARIDOX ALATA SAMINA GEL SKIN TONER 500ML 20",44.99,4,12,-8,-359.92,26-APR-026,ALVIN,18
96836,"PAVOLLI RED 105G  12",62.99,12,12,0,0,26-APR-026,NASHIBA,89
98591,"EVERYDAY PORK SAUSAGE 500G 20",41.99,1,11,-10,-419.9,25-APR-026,DANIEL,XMAS
92694,"LADLE SPOON CX18195 YWU",16.9,18,34,-16,-270.4,25-APR-026,OWUSU,368
00376,"CERES WHISPER OF SUMMER JUICE 1L 12",44.99,38,14,24,1079.76,25-APR-026,KWAFO,100
09509,"BADIA NUTMEG GROUND 4536G  6",389.99,4,4,0,0,25-APR-026,GIDEON,67
101952,"CONTAINER SQUARE SET OF 7PCS PLASTIC 56587",69,11,22,-11,-759,25-APR-026,NASHIBA,332
103128,"PRINCESS CARO PAA CREAM 260G  4",22.49,3,4,-1,-22.49,25-APR-026,"BENEDICT ABBEY",37
103593,"HAPPIES PANTS XLARGE S5 1218 KG 25PANTS  4",139.99,7,11,-4,-559.96,26-APR-026,WISE,40
107987,"AKAI CEILING FAN 36 EF105A3658BG",349,1,11,-10,-3490,25-APR-026,AKAYIRI,207
118320,"BLING HANDWASH AQUA 500ML  12",15.99,6,6,0,0,25-APR-026,BISMARCK,43
115273,"LED CEILING LIGHT 50CM BLUE FLOWER WHITEWARM",999,1,1,0,0,25-APR-026,KWAFO,530
122722,"KELLOGGS CORNFLAKES 300G  10 NGR",47.99,10,10,0,0,26-APR-026,"KINGSLEY OP",91
13207,"ROSA MAYONAISE 1L 6 12522",97.99,2,2,0,0,25-APR-026,SOLOMON,73
131626,"CAKE FONDANT CUTTER 3PCS SET A6130",1.9,26,26,0,0,25-APR-026,"ALHASSAN RANDY",384
148278,"BELPAK  PERFUMED TROLL ROSE",42.99,3,10,-7,-300.93,25-APR-026,BISMARCK,44
148393,"PLACEMAT WTAG 6PCS",79,14,14,0,0,25-APR-026,GIFTY,489
142191,"SALTON GOLD EXTRA BRUT ALC SPARKLING  WINE 750ML 6",216.99,2,1,1,216.99,25-APR-026,APPIAH,111
155732,"DEW DKLE BAMBOO CHARCOAL FACIAL WIPES  24",51.99,10,11,-1,-51.99,26-APR-026,"BENEDICT ABBEY",39
165471,"DOMS SKETCH FINE WATER COLOUR PEN 12SHADE 80150",8.9,4,9,-5,-44.5,26-APR-026,MARIAM,292
164045,"COFFEE MUG INSULATED 440ML PLASTIC SSPD 161483023",29.9,6,6,0,0,25-APR-026,"MICHAEL DADZIE",309
159572,"KIDS TENT 80X80X100CM",149,2,2,0,0,25-APR-026,HERBERT,278
160122,"PARLE SIMPLY GOOD CEREAL BISCUITS 25G  72",1.09,72,143,-71,-77.39,25-APR-026,EMMANUEL,127
159200,"CONGRATULATION BALLOON 16",15.9,1,1,0,0,26-APR-026,HADASSAH,269
175347,"MENTOS MINI MINT ROLLS 24BAG20RL5PCS 200G  24",57.99,23,22,1,57.99,25-APR-026,ABIGAIL,155
168532,"MIRROR 2COLOR MIX 3PCS SET 52X29",99,5,5,0,0,25-APR-026,GAD,472
187674,"BLANKET POLYESTER 2000G 15X23M 5COLOR MIX",349,2,16,-14,-4886,25-APR-026,GILBERT,500
18381,"BABY GIRL POWDER MS 180G   4",12.99,8,8,0,0,26-APR-026,LESTER,50
185125,"SAIRO ROLLON ALO VERA 50ML 12",22.99,18,19,-1,-22.99,26-APR-026,ELLA,36
189948,"PICNIC SWEET WHITE  WINE 750ML 6",69.99,7,7,0,0,25-APR-026,APPIAH,113
191928,"DINNER SPOON 52G0355 ZHN",27.9,59,55,4,111.6,25-APR-026,OWUSU,370
85651,"EASY MOUZOO APPLE JUICE GLASS BOTTLE 1L  6",32.99,34,40,-6,-197.94,25-APR-026,DORIS,99
57740,"NEON STRAWBERRY VODKA  750ML  12",69.99,5,5,0,0,25-APR-026,MAHAMA,117
68488,"BARON DE FRANC MEDIUM SWEET RED WINE 750ML  6",72.99,11,11,0,0,25-APR-026,APPIAH,112
N800,"COKE PET 450ML  12",8.99,25,85,-60,-539.4,25-APR-026,DELIGHT,87
07673,"GRANORO DITALINI RIGATI NO 1060 500 24",21.99,6,6,0,0,25-APR-026,SOLOMON,75
105767,"GRANORO SPIRALI FANTASIA  500G  24",27.99,13,13,0,0,25-APR-026,SOLOMON,75
125293,"AIRPRO HANGIN BOTTLE AF INVISI INVICTUS 10ML 12",35.99,14,14,0,0,25-APR-026,ABASS,3
137270,"TORENTORENWAFERS ORANGE D FLAVOUR CRISPY W 55G144",6.29,141,141,0,0,25-APR-026,"EDDIE MENSAH",108
155913,"ROSSWOOD CASHEW NO ADDED SALT 250G  15",89.49,1,14,-13,-1163.37,26-APR-026,TITUS,21
159855,"PAPER NOTE WITH CONTAINER 100X5500SHEETS 76X76MM",16.9,8,9,-1,-16.9,26-APR-026,JERUSHA,289
178484,"CURTAIN TIE BACK 2PCS SET 6COLOR MIX",69,46,54,-8,-552,25-APR-026,FRANCIS,523
178537,"BUMBLE DIAPERS JUMBO N2 MINI 80PCS  4",219.99,6,4,2,439.98,26-APR-026,WISE,40
186701,"MICROWAVE FOOD PLATE PLASTIC RJK 2159",49.9,22,21,1,49.9,25-APR-026,NASHIBA,333
187412,"TEFAL TOASTER 4SLICE 1700W BLACK TT760840",749,2,2,0,0,25-APR-026,LESTER,249
187676,"BLANKET POLYESTER 680G 15X23M 4COLOR MIX",139,7,8,-1,-139,25-APR-026,GILBERT,499
185927,"STAEDTLER WAX CRAYON JUNIOR NORIS 18PCS 224 C18 02",95,7,7,0,0,26-APR-026,MARIAM,292
182900,"CHERELLE 40 MILK CHOCOLATE 50G 16",21.29,16,17,-1,-21.29,25-APR-026,ATITOGO,159
194945,"LADLE SOUP SPOON SILICONE ZHN HR52",9.9,40,22,18,178.2,25-APR-026,PATIENCE,347
43497,"BELAQUA SPARKLING WATER IN GLASS BOTTLE 750ML  12",24.49,12,15,-3,-73.47,25-APR-026,EZEKIEL,149
202561,"FROSTED FLAT PLATE 7 G3300310M",12.9,26,27,-1,-12.9,25-APR-026,BLESSING,407
96114,"NIVEA LIP BALM ORIGINAL CARE 48G  12",37.99,17,22,-5,-189.95,26-APR-026,ELLA,37
95083,"MENTOS GUM PURE FRESH WINTERGREEN 8DX6BTLX35PCS 48",71.99,21,21,0,0,25-APR-026,ABIGAIL,155
91973,"NAPKIN TERRY 3 PCS SET 16 X 24 DC 636",29.9,11,34,-23,-687.7,25-APR-026,GIFTY,490
101762,"EL OLIVERAL POMACE  EXTRA VIRGIN OLIVE OIL 1L 12",215.99,19,19,0,0,26-APR-026,"NANA ADJEI",48
105450,"RAYNERS PINEAPPLE  FLAVOUR 28ML 12 X 12",14.99,107,107,0,0,26-APR-026,"FELIX BOADU",65
105643,"MR SUCCESS BROWN SUGAR BOTTLE 400G 24",17.99,33,35,-2,-35.98,25-APR-026,"EMMANUEL MENSAH",122
107631,"JUVER  EXOTIC GUAVA GUAYABA JUICE 1L 10",36.99,1,1,0,0,25-APR-026,EMMANUEL,135
126031,"MATHEMATICAL INSTRUMENT GEO FLIP BOX DOMS 8372",55,4,4,0,0,25-APR-026,MARIAM,291
132373,"GIFT WRAP PAPER WHITEBLUE 2PCS 70X100CM LXX3022",10.99,15,16,-1,-10.99,25-APR-026,JOSEPH,178
145554,"ARTIFICIAL PLANT 4STICK 12LEAF 065M BSY179",349,1,1,0,0,25-APR-026,RANDY,33
157393,"AMALFI MOISTURING CREAM INTENSIVE Q10 200ML 12",26.49,1,1,0,0,26-APR-026,"PAUL OWUSU",38
153104,"SERVING TRAY MELAMINE 22 INCHES ZHN 806022",59.9,11,11,0,0,25-APR-026,OTHNIEL,338
150390,"AKAI FRIDGE DD COMBI 142L SILVER RF097AC220",4579,1,1,0,0,25-APR-026,NYARKO,175
150960,"ASEDA EGGS 12 PACKS 1",40.99,1,3,-2,-81.98,25-APR-026,EMMANUEL,133
151182,"DAUCY MIXED VEGETABLES 400G  12",28.99,12,12,0,0,26-APR-026,GLADYS,71
164368,"BABY STROLLER 95X49X63CM JB329F",1029,1,2,-1,-1029,25-APR-026,RICHMOND,265
158496,"X NATURAL MINERAL WATER 350ML 12",2.29,276,271,5,11.45,26-APR-026,EZEKIEL,150
173912,"DECAKILA KITCHEN SCALE 25000G KMTT091W",55,1,2,-1,-55,25-APR-026,OWUSU,370
167683,"AKAI AC SPLIT 2HP R410A AC062A18KBTU",6199,1,1,0,0,25-APR-026,AKAYIRI,207
168874,"KNIFE FRUIT SET 6PCS 4 CP003STM6DB RJK",19.9,12,12,0,0,25-APR-026,NASHIBA,335
168133,"MATTRESS PROTECT WP PJERSEY 200X200CM 117015P200",179,10,10,0,0,25-APR-026,GILBERT,498
177950,"SEARA FROZEN PORK MORTADELLA  BOLOGNA  1KG 10",59.99,9,9,0,0,26-APR-026,NYARKO,182
184499,"SWING BIN 60L PLASTIC HL0033SC",99,1,1,0,0,25-APR-026,HAYFORD,455
182899,"CHERELLE 60 DARK CHOCOLATE 50G 16",21.99,15,15,0,0,25-APR-026,ATITOGO,159
192871,"MELAMINE TRAY 18INCH 3218",29.9,21,21,0,0,25-APR-026,ROBIN,392
191073,"FOGG DEO ROLL ON ABSOLUTE 50ML 48",20.99,36,36,0,0,26-APR-026,ELLA,35
198829,"SOFA L SHAPE FABRIC 5A3 2L",4190,1,1,0,0,26-APR-026,FRANCIS,524
197879,"SAYONA HAND MIXER WBOWL 250W SHM4358",399,3,3,0,0,25-APR-026,PRINCE,226
198173,"CUTLERY HOLDER METAL WIRE YWU",24.9,17,17,0,0,25-APR-026,PHILEMON,357
39394,"HOLY NON ALCOHOLIC COMMUNION WINE 1L  12",51.49,12,12,0,0,25-APR-026,"EDDIE MENSAH",107
20641,"FARAGELLO COCKTAIL NECTAR TETRA PACK 1L 12 BLUE",24.99,36,63,-27,-674.73,26-APR-026,EMMANUEL,127
77584,"DR MIGHTY WC POWER BALLS GREEN LEMON 5 IN 1  24",24.99,10,32,-22,-549.78,26-APR-026,"GIDEON GBLOGAH",12
71234,"COOL BREEZE MEMBRANE AIR FRESHENER LAVENDER 8ML 12",22.49,52,28,24,539.76,25-APR-026,ABASS,3
N972,"PRINGLES SOUR CREAM  ONION 40G  12",19.99,32,31,1,19.99,26-APR-026,NASHIBA,89
95165,"BIRTHDAY HAT  20CM 6PCS",11.9,45,84,-39,-464.1,25-APR-026,HADASSAH,268
08736,"GOODYS SPICY SHITO HOT BEEF 845G 12",144.99,14,15,-1,-144.99,26-APR-026,GIFTY,63
100804,"ZOMBA PURPLE COCKTAIL 0 ALC 750ML 6",42.49,2,2,0,0,25-APR-026,"EDDIE MENSAH",106
104907,"PLATINUM VEGETABLE PALM OIL 900ML  12",44.99,27,28,-1,-44.99,25-APR-026,GIDEON,69
106812,"SHINE GARBAGE BAGS 60L   30   12",49.99,6,16,-10,-499.9,25-APR-026,"ARTHUR JONADAB",26
107634,"JUVER  PASSION FRUIT MARACUYA JUICE 1L  10",36.99,1,10,-9,-332.91,25-APR-026,JIMOH,1
129576,"DINNER PLATE EMBOSSED AVIOS 105 DP105 RJK",16.9,42,41,1,16.9,25-APR-026,SOMUAH,411
126656,"LA SALUD BLEACH WITH DETERGENT  PINE 2L 6",29.99,10,3,7,209.93,26-APR-026,"GIDEON GBLOGAH",12
133207,"NEAT FABRIC SOFTENER 2L  6",66.49,4,8,-4,-265.96,25-APR-026,ALVIN,15
164365,"BABY STROLLER 60X46X96CM JB5690",539,1,1,0,0,25-APR-026,HANNAH,274
164399,"MUG EMBOSSED 280ML WK24004 RJK",9.9,16,16,0,0,25-APR-026,ROBIN,392
160832,"WINDOW SHADE BLACKOUT ROLLER 452140X180CM",329,8,6,2,658,25-APR-026,"GERALD SACK ",478
160853,"SERVING BOWL WLID MELAMINE 8 INCHES FEILU 348",24.9,45,45,0,0,25-APR-026,REGINA,390
159772,"MUNCHEE CHOCOLATE CHIP COOKIES BISCUITS 100G  48",8.99,24,70,-46,-413.54,25-APR-026,DORIS,98
172699,"ROMAR AIR REFRESHNER SPROSETEA 400ML  12",46.99,2,2,0,0,25-APR-026,ABASS,2
168102,"FILLED CUSHION P JAQUARD 45X45CMBLACK DC254",129,10,10,0,0,25-APR-026,"GIDEON GBLOGAH",507
186946,"BIRTHDAY CUP WPLATE SET 10PCS",10.9,12,15,-3,-32.7,25-APR-026,HADASSAH,268
193334,"WHISKEY GLASS SCIROCCO ROCK 340ML",99,8,8,0,0,25-APR-026,"STEPHEN ACQUAH",422
193497,"GLASS STORAGE CONTAINER 2PCS SET 1040ML DELICIOUS",75,5,5,0,0,26-APR-026,GLADYS,430
191898,"KENWOOD RICE COOKER 28L 1000W SS RCM28",749,2,8,-6,-4494,25-APR-026,"COLLINS HAMMOND",239
79220,"SERVING BOWL MELAMINE 8 INCHES ZHN C0138",12.9,24,24,0,0,25-APR-026,ROBIN,392
83960,"AKAI AVR 2KVA DIGITAL AVR047AD2KVA",799,2,3,-1,-799,25-APR-026,DANIEL,256
88334,"BEVERAGE DISPENSER 8L WSTAND PLASTIC AND METAL YWU",399,1,2,-1,-399,25-APR-026,SOMUAH,414
85594,"PLAY SET MEDICAL KIT DOCTOR P 1280",23.99,16,16,0,0,25-APR-026,HANNAH,273
70568,"CELLO FRIDGE BOTTLE MAXIS  1L",9.9,19,17,2,19.8,26-APR-026,GILBERT,312
60936,"BINATONE DRY IRON 1200W 106 MK2MK3DI108",229,17,17,0,0,25-APR-026,"KINGSLEY OP",219
63666,"JULIET BEAUTY SOAP ROS SCENTS 225G  36",12.99,19,47,-28,-363.72,25-APR-026,"ANANE KOJO",20
73149,"GINO TOMATO MIX SACHET 60G  50",3.29,92,138,-46,-151.34,26-APR-026,CHRIS,61
95899,"AMALFI  BODY SPRAY BLUE WAVES   150ML  8",30.99,9,9,0,0,25-APR-026,ELLA,33
91317,"FORTUNE DELICIOUS ALL PURPOSE MARGARINE 250G   60",10.49,14,17,-3,-31.47,26-APR-026,PRINCE,64
92569,"SCOURER SCRUBBER W HANDLE YWU",4.9,4,5,-1,-4.9,25-APR-026,"NANA ADJEI",355
100985,"CURTAIN POLYESTER 52X84 WHANGER DRTH158",159,12,12,0,0,25-APR-026,ESINAM,487
104654,"DORI SOUR STRAWBERRY YOGHURT FLAV CANDY 70G  12",13.99,27,27,0,0,26-APR-026,"ABIGAIL YEVUGAH",158
119658,"KIVO GOOD TIME NON DAIRY CREAMER 250G  251",19.99,25,18,7,139.93,25-APR-026,"DAVID BRUNO",80
122729,"UNIMAX JOYMATE BALLPEN RED 10MM FBJYMRD09",2.99,90,1,89,266.11,26-APR-026,MARIAM,295
138593,"HAYHAY 30G X 24 X 8 BOXES COCOA  192",5.19,137,204,-67,-347.73,25-APR-026,"ABIGAIL YEVUGAH",157
148915,"SEWING KIT",16.9,21,24,-3,-50.7,26-APR-026,GIDEON,294
161014,"FLOOR LAMP WBLACK SHADE T2137B",999,1,1,0,0,25-APR-026,KWAFO,167
159881,"DRAWING CANVAS 15X20CM",13.9,14,16,-2,-27.8,25-APR-026,HERBERT,280
167746,"COOKWARE 10PCS SET 2MM DIECAST HROLAND HR1171 RK",1199,1,3,-2,-2398,25-APR-026,OWUSU,372
168837,"TIN CAN ALLEY TOYS WSANDBAG MX0258541",169,3,3,0,0,25-APR-026,HERBERT,279
180282,"SKIMMER WROSEWOOD HANDLE RH2005",22.9,31,59,-28,-641.2,25-APR-026,"NANA KOJO",367
187005,"MUG 3PCS SET 360ML CERAMIC DESIGNER YWU",69,18,16,2,138,25-APR-026,"SAMUEL ADDO",398
183270,"TUMBLER 6PCS SET 390ML AKARI BW 15814 RJK",59,7,8,-1,-59,26-APR-026,SOMUAH,417
192697,"GIFT BAG 225X17X10 TXHZ061767",49,2,2,0,0,25-APR-026,MARYLAND,301
190878,"DZIRE CEILING FAN 56 SMOKE BROWN CF 56 BDEC HJET",549,1,2,-1,-549,25-APR-026,AKAYIRI,207
190100,"FAN AIR HUMIDIFIER COOLER 1200",119,34,35,-1,-119,25-APR-026,NYARKO,182
198432,"WATER BOTTLE 900ML PLASTIC FROSTED YY469 YWU",79,12,9,3,237,26-APR-026,GILBERT,312
200486,"CLASSIC DELIGHT WHISKY 750ML 12",79.99,10,22,-12,-959.88,25-APR-026,MAHAMA,117
37638,"DEVA POWER BLEACH  2L   8",44.99,12,12,0,0,26-APR-026,"GIDEON GBLOGAH",12
86944,"LARGE TRAY RECB50",9.9,3,3,0,0,25-APR-026,OTHNIEL,341
83925,"TOP CHOCO ON THE GO 80G 24",9.99,20,20,0,0,26-APR-026,PRINCE,64
87991,"JUVER SELECCION RED GRAPE BOTTLE JUICE  850ML  12",42.49,5,7,-2,-84.98,26-APR-026,DELIGHT,88
90602,"CURTAIN ROD SINGLE 120 TO 210 11009210AC",119,11,11,0,0,26-APR-026,GAD,474
96094,"BINATONE BLENDER 15L 500W BLACK BLG 605SS",1199,2,4,-2,-2398,25-APR-026,PRINCE,227
91085,"SHOWER  SHOWER DEO FRESH DAWN 150ML 6",57.99,6,29,-23,-1333.77,26-APR-026,ELLA,35
97720,"AMALFI  HAIR CONDITIONER KERATIN ARGAN 1000ML  8",50.99,2,5,-3,-152.97,26-APR-026,"BENEDICT ABBEY",38
100981,"CURTAIN POLYESTER 54X84  WHANGER DRTH336",169,10,10,0,0,26-APR-026,"GERALD SACK ",478
103968,"GIBSONS PINK PREMIUM GIN 700ML 6",104.99,3,3,0,0,25-APR-026,MAHAMA,116
107636,"JUVER RED FRUITS FRUTOS ROJOS  JUICE 1L 10",36.99,14,15,-1,-36.99,25-APR-026,DORIS,102
118374,"RC DINOSAUR ASSASSIN 24G W LIGHT MKN306552",549,1,1,0,0,25-APR-026,HANNAH,274
111409,"WORLD FAMOUS AESOPS FABLES BOOK W16TITLE ED802",11.9,95,95,0,0,26-APR-026,HERBERT,282
143032,"AKAI INSECT KILLER 2X20W IK005A2X20W",599,15,36,-21,-12579,25-APR-026,NYARKO,181
154748,"XBLOCK HAIR WAX  YELLOW 150ML 48",32.99,1,1,0,0,26-APR-026,"PAUL OWUSU",38
150385,"AKAI CHEST FREEZER SD 251L CF062AC251L",3699,1,1,0,0,25-APR-026,AKAYIRI,204
150417,"CURTAIN W8 GROMENT GOLD 54X90 BLK5",109,13,13,0,0,25-APR-026,ESINAM,483
151095,"TREE LIGHT 240 18M",479,1,1,0,0,25-APR-026,DANIEL,XMAS
166339,"DRESSING TABLE WHITE ATRAENTE 594003",1890,1,1,0,0,25-APR-026,SHADRACK,514
169499,"CUSHION EMBROIDERY 380G FILLING 45X45CM EHAMK005",149,5,8,-3,-447,26-APR-026,FRANCIS,525
178684,"CURTAIN EMBO GROMT GRAY 52X90 02PA7149B",99,1,1,0,0,25-APR-026,GILBERT,500
178114,"SKEWERS METAL 39CM METAL 12PCS SET YWU",24.9,27,11,16,398.4,25-APR-026,"NANA KOJO",366
186041,"GLASS JUG WCUP 7PCS SET 1620200ML 19147DDE RJK",149,3,4,-1,-149,26-APR-026,"STEPHEN ACQUAH",424
187656,"LED LIGHT 4PCS",89,0,4,-4,-356,25-APR-026,KWAFO,171
18464,"PRAN FROOTO MANGO JUICE 1500ML 6",34.99,11,17,-6,-209.94,25-APR-026,DORIS,99
183573,"COLGATE TB OPTIC WHITE 360 CHARCOAL 6X12 72",28.99,26,39,-13,-376.87,26-APR-026,"BOADI STEPHEN",53
191750,"DZIRE INFRARED COOKER 3000W ICFCYZ1002",649,1,1,0,0,25-APR-026,JUSTICE,184
200798,"FRYING PAN 22CM FALU ZHNBAROLY 2608G22",149,7,7,0,0,25-APR-026,QUEENCILLA,379
S973,"CAMEL ANTISEPTIC SOAP ALOE VERA 175G 36",14.99,32,33,-1,-14.99,26-APR-026,PHILEMON,18
96432,"MILO ACTIVGO 20G  10PCS X 30",26.99,20,40,-20,-539.8,25-APR-026,"DAVID BRUNO",79
91534,"DETTOL SOAP SKINCARE  160G   48",21.99,18,40,-22,-483.78,26-APR-026,PHILEMON,18
02865,"VOLTPLUS UNIVERSAL ADAPTOR W BS PLUG VPUAG134",79,15,15,0,0,25-APR-026,DANIEL,255
100993,"CURTAIN POLYESTER 52X84  WHANGER  FRBB6421",129,1,13,-12,-1548,25-APR-026,ESINAM,485
107240,"BAUDUCCO SALT TOAST CLASICA 142G  36",14.99,9,24,-15,-224.85,25-APR-026,DERRICK,96
120187,"CHOPPING BOARD BIG PLASTIC 2903",39.9,1,1,0,0,25-APR-026,"PAUL OWUSU",354
120741,"DELIKASS BACON SLICE 200G 20",57.49,17,16,1,57.49,25-APR-026,EVELYN,142
120807,"JAMAA DETERGENT 420G  12",12.49,24,31,-7,-87.43,26-APR-026,TITUS,21
137265,"TOREN  WAFERS CARRE COCONUT CREAM WAFER 125G  24",22.99,23,23,0,0,25-APR-026,"EDDIE MENSAH",108
148007,"PAINTING FLOWER WALUMINUM ALLOY FRAME 50X50CM",209,1,8,-7,-1463,26-APR-026,FRANCIS,524
140563,"MEANNAN GROUNDNUT PASTE 650G  12",56.99,16,17,-1,-56.99,26-APR-026,"FELIX BOADU",65
152218,"DERBY SHAVING STICK  LADY 2 BLADES POLYBAG X 14",26.99,19,19,0,0,26-APR-026,AKORFA,55
165470,"DOMS WATER COLOUR PEN 15SHADE 80057",6.9,1,1,0,0,26-APR-026,MARIAM,291
161150,"FILLED CUSHION JAQUARD 45X45CMBLUE DC236",179,1,3,-2,-358,25-APR-026,FRANCIS,522
175039,"ACTIVITY BOOK WORD SEARCH  L316 EB1339",15.99,24,27,-3,-47.97,25-APR-026,"JERUSHA ",284
175126,"PEGS HEAVY DUTY 20PCS SET PLASTIC EVERPACK H328",9.9,9,10,-1,-9.9,25-APR-026,VINOLIA,439
180262,"SOUP SPOON PEAR WOOD HANDLE AA2132",34.9,13,42,-29,-1012.1,25-APR-026,PATIENCE,348
182055,"HOTPOT ROYAL WJUG 500ML SET 4PC 100015002500ML",299,1,1,0,0,25-APR-026,PATIENCE,345
179013,"AMBULANCE CAR TOY  OPP YW",65,9,9,0,0,25-APR-026,HERBERT,281
188577,"SHOWER HEAD 20CM 6615119330197",34.9,8,8,0,0,25-APR-026,VINOLIA,441
187088,"STOOL 28X28X40 PLASTIC 229",79,1,11,-10,-790,26-APR-026,VICTORIA,438
186712,"COOKWARE SET 6PCS SSTEEL HROLAND HR1691",699,2,2,0,0,25-APR-026,"NANA KOJO",362
184293,"LG LED TV 43 SAT SMART 43LR60006LA",5999,1,2,-1,-5999,25-APR-026,LESTER,250
188647,"WALL LIGHT WHITE ZF297",259,1,2,-1,-259,25-APR-026,KWAFO,166
198908,"CUTLERY TRAY CN250717D",99,29,29,0,0,25-APR-026,OTHNIEL,339
197738,"BOWL 8INCHES CERAMIC EMBOSSED WHITE SW008EB",19.9,21,16,5,99.5,26-APR-026,BLESSING,409
35250,"HERO APRICOT JAM 350G 12",49.99,16,16,0,0,26-APR-026,GIFTY,63
90104,"TISSUE HOLDER METAL YWU",22.9,7,8,-1,-22.9,25-APR-026,"PAUL OWUSU",355
50881,"KISS CIDER WILD STRAWBERRY  500ML  24",25.99,33,34,-1,-25.99,25-APR-026,"EDDIE MENSAH",105
CL763,"CRISPER CONTAINER 4PCS SET 2000 3750 6000 9000ML",79,1,1,0,0,25-APR-026,"NANA ADJEI",326
D527,"PRIMA MULTIPURPOSE CLEANER 25L 10",48.99,4,5,-1,-48.99,25-APR-026,ABIGAIL,6
91103,"CLERE BODY CREAM COCOA BUTTER 500ML  24",53.49,1,1,0,0,26-APR-026,MABEL,36
95404,"FANTA ORANGE PET 300ML 12",6.49,1,72,-71,-460.79,25-APR-026,EMMANUEL,133
02388,"PICCADILLY GEM FAMILLY BISCUITS 1X4 900G  1",70.99,1,1,0,0,25-APR-026,APPIAH,114
106811,"SHINE GARBAGE BAGS 40L   30   12",35.99,9,6,3,107.97,25-APR-026,"ARTHUR JONADAB",25
129393,"PAPER NAPKIN FOOTBALL DESIGN 20SHEET 33X33CM",11.9,13,62,-49,-583.1,26-APR-026,"COLLINS HAMMOND",30
121318,"VARTA BATTERY HIGH ENERGY C BLISTER 2",75,4,4,0,0,25-APR-026,NTUMY,161
137268,"TOREN TOREN WAFERS COCONUT DEEP F CRISPY W 55G144",6.29,151,155,-4,-25.16,25-APR-026,"EDDIE MENSAH",108
131623,"CAKE FONDANT CUTTER 4PCS SET A6108",1.9,46,10,36,68.4,25-APR-026,"ALHASSAN RANDY",384
148279,"BELPAK  PERFUMED TROLL LAVENDER   6",43.99,0,10,-10,-439.9,25-APR-026,BISMARCK,43
148619,"CURTAIN TIEBACK  2PCS 6COLOUR",22.9,11,11,0,0,25-APR-026,GIFTY,491
155142,"FLORA SMILE FRUBBER TISSUE 180X36  36",11.99,36,20,16,191.84,25-APR-026,TITUS,21
155143,"FLORA VFOLD FACIAL TISSUE 21CM UNBRANDED 200  20",17.99,8,10,-2,-35.98,25-APR-026,ELLA,31
163128,"DZIRE STEAM IRON 2200W SIPL258",239,11,11,0,0,25-APR-026,"KINGSLEY OP",219
164300,"DECAKILA RICE COOKER 15L 500W KEER033W",349,1,2,-1,-349,25-APR-026,"COLLINS HAMMOND",236
159053,"COLGATE TP TOTAL CHARCOAL DEEP CLEAN 75ML   48",37.99,60,50,10,379.9,25-APR-026,"BOADI STEPHEN",54
172960,"ARIEL HIGH STUD FLORAL 35KG 4",280.99,2,2,0,0,26-APR-026,NIBOI,17
166990,"LORD OF THE FLIES",17.9,1,1,0,0,25-APR-026,HERBERT,282
167293,"GARLAND 2MX9CM",7.9,2,2,0,0,25-APR-026,DANIEL,XMAS
180301,"WINE GLASS 3PCS SET 5477CL3F1000308 11007287",79,6,5,1,79,25-APR-026,"STEPHEN ACQUAH",420
186110,"LACTASOY PLAIN SOYMILK 200ML 24",9.99,36,110,-74,-739.26,26-APR-026,DANIEL,56
187185,"COOKING BRUSH SILICONE RJK BD600KA0520",19.9,7,7,0,0,25-APR-026,"NANA KOJO",367
187256,"POTOSKY MATHEMATICS COMBINED BASIC 7  8  9",169,3,3,0,0,26-APR-026,HERBERT,283
18414,"MCVITIES RICH TEA 200G 24",29.99,29,29,0,0,25-APR-026,DORIS,97
183662,"WESTINGHOUSE CUTLERY SET 16PCS WCCL0030016",169,6,6,0,0,25-APR-026,OWUSU,371
193407,"THE GREATEST SHORT STORIES OF LEO TOLSTOY COLLE ED",79,2,2,0,0,26-APR-026,JERUSHA,284
192725,"CURTAIN SLT BLACK 54X90 PL ST2",129,11,13,-2,-258,25-APR-026,GLADYS,503
192312,"MOP BUCKET WITH MOP AND 2 REFILLS LT2211",309,2,2,0,0,25-APR-026,WISE,451
197830,"NESTLE CERELAC WHEAT MILK NO REFIND SUGAR 400G 12",50.99,6,6,0,0,26-APR-026,"EMMANUEL MENSAH",124
74494,"MENS RAINCOAT",75,36,43,-7,-525,25-APR-026,DANIEL,XMAS
57960,"MCVITIES ALL BUTTER SHORT BREAD 280G  12",64.99,1,13,-12,-779.88,26-APR-026,SHADRACK,158
95110,"FRUTAIL COCKTAIL JUICE 1L  12",34.99,11,14,-3,-104.97,25-APR-026,KWAFO,103
105737,"EASY COOK FRYPAN 24CM FRC B5540402 B2990483",209,3,2,1,209,25-APR-026,PHILEMON,358
105822,"DOVE BODY WASH RELAXING  750ML  16",92.99,12,12,0,0,25-APR-026,"ANANE KOJO",22
124807,"SALT PEPPER SHAKER 80ML GLASS SSPD KC212",4.9,1,2,-1,-4.9,25-APR-026,SHADRACK,510
121314,"VARTA BATTERY LONGLIFE POWER AAA BLISTER 4",56,2,9,-7,-392,26-APR-026,"ABIGAIL YEVUGAH",158
13373,"YAZZ SANITARY PAD GREEN 24",18.49,23,23,0,0,26-APR-026,"BOADI STEPHEN",51
147619,"KING CRACKER DELUXE 21G 72",1.19,24,100,-76,-90.44,26-APR-026,"KINGSLEY OP",94
157177,"TOILET BRUSH WHOLDER ROUND PLASTIC YWU",16.9,11,11,0,0,25-APR-026,VICTORIA,437
163422,"ICE QUEEN SANDWICH JUMBO 100ML 30",14.49,7,9,-2,-28.98,26-APR-026,EMMANUEL,135
167827,"LADLE SPOON WSILICONE HANDLE BAMBOO YWU",22.9,24,24,0,0,25-APR-026,"NANA KOJO",367
170277,"KIDS MOTOR BIKE TOY SPIDER",29.99,2,4,-2,-59.98,25-APR-026,HANNAH,273
186077,"WHISKEY GLASS SET 6PCS 330ML AMBER L35086 RJK",59,1,11,-10,-590,26-APR-026,SOMUAH,417
186673,"LUNCH BOX RECTANGLE 1200ML PLASTIC RJK YH333",44.9,17,18,-1,-44.9,25-APR-026,"MICHAEL BOYE",304
183318,"VEGETABLE PEELER PLASTIC BG263",12.9,52,51,1,12.9,25-APR-026,"NANA KOJO",365
184608,"SOUP BOWL 6 CERAMIC STKLT SK07 RJK",9.9,59,83,-24,-237.6,25-APR-026,BLESSING,405
194968,"LADLE SOUP SPOON SILICONE ZHN HR22PC13DS",9.9,9,32,-23,-227.7,25-APR-026,PATIENCE,347
198802,"DINNER SPOON 6PCS SET DESIGNER SSTEEL  45G",59,9,14,-5,-295,25-APR-026,OWUSU,370
201657,"MIGLIO FOODS BACON STREAKY SMOKED 1KG X 6",222.99,8,8,0,0,25-APR-026,EVELYN,142
91553,"GREEN WORLD BAMBU LAVENDER AIRFRESHNER 170ML  12",109.99,17,16,1,109.99,26-APR-026,ABASS,3
102269,"TASTY TOM JELLOF MIX SACHT 210G  24",11.99,24,53,-29,-347.71,26-APR-026,EMMANUEL,127
108212,"LITORAL ROSE WINE 750ML 12",82.99,16,16,0,0,25-APR-026,APPIAH,112
113684,"SERVING BOWL MELAMINE 10 INCHES FEILU 6310",14.99,46,61,-15,-224.85,25-APR-026,ROBIN,392
120739,"DELIKASS SMOKED HAM SLICE 160G 20",69.99,27,29,-2,-139.98,25-APR-026,EVELYN,142
136919,"GALAXY SPARKLING WINE PINK SAND DRINK 750ML 12",46.49,7,7,0,0,25-APR-026,"EDDIE MENSAH",107
135433,"ZOOM THINK POWERFUL BLEACH 500ML 24",12.99,5,1,4,51.96,25-APR-026,JIMOH,1
132890,"SERVING BOWL MELAMINE 9 INCHES FEILU 50893",13.9,41,43,-2,-27.8,25-APR-026,ROBIN,392
157172,"LIDO WASHING POWDER BUCKET 3KG  1",121.99,0,4,-4,-487.96,26-APR-026,"ARTHUR JONADAB",27
162818,"CURTAIN JACQUARD 54X90 YELLOW 217",199,12,12,0,0,25-APR-026,ESINAM,483
157703,"STORAGE BOX WLOCK CLEAR 5L 31X19X14CM PP64600",49.9,18,22,-4,-199.6,26-APR-026,NIBOI,318
159460,"CARPET SHAGGY 140X200CM ASSORTED",799,1,2,-1,-799,25-APR-026,SHADRACK,518
174270,"TOP CHOCOLATE SPREAD IN A TUBE 100G  24",10.89,26,26,0,0,26-APR-026,"PAUL OWUSU",64
169157,"ROMAR AIR REFRESHNER LAVENDAR 750ML   6",68.99,3,3,0,0,25-APR-026,ABASS,2
179772,"SOFT  GENTLE DEO OCEAN BREEZE MENS 250 ML PK6",34.99,4,4,0,0,25-APR-026,ELLA,34
186980,"BENGODAL  SPECIAL  EGGS  20 PACK 1",64.99,3,7,-4,-259.96,25-APR-026,EMMANUEL,133
192694,"GIFT BAG 365X26X105 TXHZ1471863",69,16,16,0,0,26-APR-026,HADASSAH,268
35898,"MAXIM CONCENTRATED LIQUID SOAP3X THICK 45L  5",100.99,4,3,1,100.99,26-APR-026,"ARTHUR JONADAB",28
93418,"BAUDUCCO COOKIE WITH CHOCO FLAV FILLING 65G  30",5.49,83,81,2,10.98,25-APR-026,ATITOGO,159
98587,"FANYOGO PLAIN POUCH 180G 20",5.99,1,1,0,0,26-APR-026,EMMANUEL,135
111382,"COPY TO COLOR 2IN1 BOOK W12TITLES ED776",15.9,40,41,-1,-15.9,25-APR-026,"JERUSHA ",284
139290,"GODREJ SAFE FIRE RES 546X406X445MM FR SAFE 40VEL",5799,1,1,0,0,25-APR-026,WOMDERT,252
148699,"TROPHY 52CM 2111B",279,2,7,-5,-1395,25-APR-026,CHARLES,463
142738,"DECAKILA INDUSTIAL STANDING FAN 18 60W KEFC028B",299,2,2,0,0,25-APR-026,AKAYIRI,207
153241,"EASY DRINK BLUEBERRY RTD COCKTAIL DRINK 500ML 12",37.99,12,17,-5,-189.95,25-APR-026,APPIAH,109
161905,"COFFEE CUP WLID 450ML PLASTIC L00751",11.9,25,25,0,0,26-APR-026,"MICHAEL DADZIE",310
160892,"DINNER PLATE MELAMINE 10 INCHES FEILU 67101",14.9,17,73,-56,-834.4,25-APR-026,REGINA,390
174991,"JINGO HERBAL PET DRINK 350ML 16",3.29,23,23,0,0,26-APR-026,JIMOH,1
167489,"POTTY SET NANNY WITHOUT LID BLUEPINK 0468",24.9,7,7,0,0,25-APR-026,VICTORIA,438
179708,"MSTA COLOURED PENCIL 6C FRUITY SCENTED 315115",27.9,1,2,-1,-27.9,26-APR-026,MARIAM,292
187213,"NASCO AC STANDING 25HP INV ROUND NASTFSI24N1",12999,3,3,0,0,26-APR-026,MABEL,252
186917,"BATHMAT 50X80CM D4 CT ASTD 4COLORS JBT52204",49,8,37,-29,-1421,25-APR-026,"SAMUEL ADDO",400
184368,"NERO PRIME WATER 750ML  15",2.19,45,291,-246,-538.74,25-APR-026,EZEKIEL,148
192580,"DISH RACK GOLD SS HFXJ089",26.9,10,10,0,0,25-APR-026,"PAUL OWUSU",355
194899,"COOKING TOOL 2PCS SET SILICONE ZHN ST02",6.9,49,45,4,27.6,25-APR-026,"NANA KOJO",367
206905,"FRYING PAN WLID 26CM SILKY SMOOTH LDS",339,5,6,-1,-339,25-APR-026,"NANA KOJO",363
23289,"TICTAC ORANGE 102G 60",6.99,14,41,-27,-188.73,26-APR-026,ATITOGO,160
49381,"DELTA XMAS FACIAL TISSUE ASSORTED COLOUR 150S  36",11.49,28,38,-10,-114.9,26-APR-026,BISMARCK,29
64843,"GOTA COLA COLA HARD CANDY 100G 36",13.99,33,33,0,0,26-APR-026,"EDDIE MENSAH",90
D571,"GUINNESS STOUT ALC BOTTLE 330ML 24",17.89,161,285,-124,-2218.36,25-APR-026,APPIAH,110
90789,"MIDEA AC SPLIT 15HP R410 MSAF12CRN1MSMAB12CRN1",4799,1,2,-1,-4799,25-APR-026,"KINGSLEY OP",212
100505,"LONG MOUNTAIN NATURAL SWEET WHITE WINE 750ML 6",65.99,16,16,0,0,25-APR-026,APPIAH,113
104201,"DUSTBIN SWING LID 22LT PLASTIC M420",99,13,10,3,297,26-APR-026,WISE,452
117982,"HORSE HEAD CEYLON TEA 140G  60",51.99,34,33,1,51.99,26-APR-026,JIMOH,1
110613,"SOUP PLATE 8 BAMBOO GROVE IMPERIAL C2037318",4.9,1,1,0,0,26-APR-026,BLESSING,409
112885,"SHINE PAPER CUPS 80Z 50PCS  20",28.99,30,29,1,28.99,25-APR-026,"ARTHUR JONADAB",25
126680,"WALL CLOCK SAKURA 305X305X46 2949",75,8,9,-1,-75,25-APR-026,"GAD ",471
134132,"FIRST BOARD BOOK",18.9,89,1,88,1663.2,25-APR-026,JERUSHA,287
131128,"SPONGE MULTIPURPOSE ESFRELUX 4PCS 0010765",2.9,1,1,0,0,25-APR-026,PHILEMON,356
145877,"EMBOSSED PLATE 105 EDP105 RJK",9.9,2,1,1,9.9,25-APR-026,SOMUAH,411
152177,"FRISBEE PU MKR197702",21.9,4,4,0,0,25-APR-026,HANNAH,275
162694,"DINNER PLATE MELAMINE 11 INCHES FEILU 203112",22.9,8,8,0,0,25-APR-026,REGINA,389
168114,"FILLED CUSHION P PRINTED 45X45CMFLORAL3 DC256",139,1,5,-4,-556,25-APR-026,SHADRACK,511
168132,"MATTRESS PROTECT WP PJERSEY 180X200CM 117015P180",159,6,6,0,0,25-APR-026,GILBERT,497
176874,"WIRELESS REMOTE DOORBELL 704",79,25,54,-29,-2291,25-APR-026,RICHMOND,253
178121,"ARTIFICIAL FLOWER 11TIPS 40CM",69,0,32,-32,-2208,26-APR-026,HAYFORD,162
186978,"BENGODAL  SPECIAL  EGGS  15 PACK 1",46.99,11,16,-5,-234.95,25-APR-026,EMMANUEL,133
187967,"JOJONAVI PASSION FRUIT CAN JUICE DRINK  330ML 24",13.99,7,7,0,0,25-APR-026,DELIGHT,86
183653,"WESTINGHOUSE WHISKY GLASSES WCGW0111",44.9,3,3,0,0,26-APR-026,SOMUAH,417
198463,"JUICE BOTTLE 1000ML PLASTIC SQR YWU",44.9,23,23,0,0,26-APR-026,"MICHAEL DADZIE",310
198568,"TEA CANDLE 35H 12G 50PCS",55,38,38,0,0,26-APR-026,HAYFORD,461
195598,"PRAN NOODLES BBQ CHICKEN FLAV CUP 60G 24",17.99,24,25,-1,-17.99,25-APR-026,SOLOMON,75
27985,"DINING SET 61 WGLASS TOP SILVIA16",3290,1,1,0,0,25-APR-026,FRANCIS,527
202626,"PLATE 9 G330069",10.9,75,75,0,0,26-APR-026,BLESSING,408
202845,"DINNER SET 12PCS GGK T11029",209,1,2,-1,-209,25-APR-026,BLESSING,405
79491,"FANMAXX STRAWBERRY YOGHURT 330ML 12",12.49,36,52,-16,-199.84,26-APR-026,OTHNIEL,137
60951,"BINATONE RICE COOKER 22L RCSG220322042205",729,2,5,-3,-2187,25-APR-026,"COLLINS HAMMONDN",231
67499,"SHINE TOILET ROLL ULTRA SOFT 2PLY  8 ROLLS  7",39.99,9,10,-1,-39.99,26-APR-026,LESTER,50
CL737,"BUCKET 3LTR OPAQUE 18CMX19 CM",9.9,33,32,1,9.9,25-APR-026,MORGAN,323
N801,"FANTA ORANGE PET 450ML  12",8.99,9,21,-12,-107.88,25-APR-026,DELIGHT,87
98300,"ROMAR AUTOM AIRFRESH REFILL LOVE 250ML 6",48.99,6,6,0,0,26-APR-026,ABASS,3
92876,"LUDO GAME 365X27X7CM JQ108399",89,5,5,0,0,25-APR-026,HERBERT,280
02251,"BAKERS BLUE LABEL MARIE BISCUITS 200G  12",31.49,12,12,0,0,25-APR-026,DORIS,97
118303,"MYST NATURAL MINERAL WATER 500ML 15",2.69,24,405,-381,-1024.89,25-APR-026,EMMANUEL,135
121944,"3PCS BEDSPREAD SET SL KG 220X240CM ASRTD",279,18,19,-1,-279,25-APR-026,GIFTY,489
139886,"SALT AND PEPPER GRINDER 300CC M299",9.9,2,1,1,9.9,25-APR-026,SYLVIA,426
162497,"ABOVE DEO SPRAY MAX LINE PEACEFULFASHION 250ML 12",43.49,1,2,-1,-43.49,25-APR-026,JIMOH,1
160310,"PYREX CASSEROLE RECTANGLE 45L 465A0007644",219,5,3,2,438,26-APR-026,SYLVIA,429
167240,"AKAI BLENDER WMILL 15L 350W BD072AM374",329,4,4,0,0,25-APR-026,PRINCE,222
169321,"AKAI HIFI SPEAKER 80W RECHAR WL MIC HT029A2831",2399,1,1,0,0,25-APR-026,JUSTICE,194
170307,"KALYON POWDER DETERGENT GOLD 3KG 6",92.99,5,5,0,0,26-APR-026,ALVIN,17
185606,"RIGID ABS 8W LUGGAGE 24 TW2513AARMY GRNDK GREY",749,1,1,0,0,25-APR-026,MARYLAND,296
185190,"AKAI STANDING FAN 16 EF125A1631S",425,1,1,0,0,25-APR-026,AKAYIRI,207
192567,"GIFT BAG 18X23X10 9108",6.99,10,10,0,0,25-APR-026,"MICHAEL BOYE",302
190649,"BATHMAT 40X60CM ASSORTED MYQ9 1909",32.9,5,18,-13,-427.7,25-APR-026,"SAMUEL ADDO",399
200796,"FRYING PAN 26CM FALU ZHNBAROLY 2608G26",179,1,8,-7,-1253,25-APR-026,QUEENCILLA,375
202227,"SPONGE MULTIFUNCTIONAL EXPANDEBLE GMFDD",8.99,1,1,0,0,25-APR-026,"PAUL OWUSU",355
74961,"4 PCS CONTAINER SET W PRINTS P 6600",39.9,18,18,0,0,25-APR-026,NASHIBA,333
50882,"KISS CIDER PEAR  500ML  24",25.99,50,58,-8,-207.92,25-APR-026,"EDDIE MENSAH",105
55535,"TOP CHOCO INTSTANT MIX CHOCOLATE DRINK JAR 500G  6",47.99,9,9,0,0,26-APR-026,SOLOMON,78
91311,"GALAXY BROWN SUGAR CUBE BOTTLE 700G 12",35.99,18,18,0,0,25-APR-026,"EMMANUEL MENSAH",122
95695,"AMALFI  BATH  SHOWER GEL DERMO  750ML  16",29.99,5,4,1,29.99,25-APR-026,"ANANE KOJO",21
106817,"SHINE PAPER PLATES ROUND 18CM  25PCS  20",19.99,18,18,0,0,26-APR-026,DORIS,24
110778,"SUNNY BROWN SUGAR SACHET 12KG 24",59.99,19,20,-1,-59.99,25-APR-026,"EMMANUEL MENSAH",122
122217,"AIRPRO TOUCH SPRAY AIRFRSHNER FRVANILLA 36ML 6",36.99,4,16,-12,-443.88,26-APR-026,ABASS,3
134447,"SIMBA CHUNKS WITH BEEF AND PEAS DOG FOOD 300GM 18",36.49,2,2,0,0,25-APR-026,ABASS,1
133057,"NUTZY PEANUT BUTTETR HONEY 510G  12",48.49,11,11,0,0,26-APR-026,"FELIX BOADU",65
186905,"FOOD CONTAINER 4PCS SET SQUARE PLASTIC 8538 YWU",129,2,2,0,0,25-APR-026,"NANA ADJEI ",327
184163,"AKAI CHEST FREEZER SD 194L SILVER CF084AC194L",3249,1,2,-1,-3249,25-APR-026,"JOSEPH PATRICK",204
192818,"MELAMINE BOWL 12INCH 7312",32.9,11,11,0,0,26-APR-026,ROBIN,392
191092,"OSSUM FRAGRANCE BODY SPRAY CHERISH 120ML 72",69.99,18,46,-28,-1959.72,26-APR-026,ELLA,35
189188,"XMAS GIFT BOX 15X15X15CM",10.9,1,1,0,0,25-APR-026,"MICHAEL BOYE",302
200462,"COOKING POT WLID 24CM FALU ZHNBLY 811201T24",269,2,3,-1,-269,25-APR-026,QUEENCILLA,376
202345,"GOLDEN VICTORIA SPICY GINGER BLACK TEA 60G 24",17.99,33,31,2,35.98,25-APR-026,AKORFA,57
70033,"DOORMAT USA 44X66",49.9,27,35,-8,-399.2,25-APR-026,"SAMUEL ADDO",399
59220,"JOHNNIE WALKER BLACK LABEL 750ML  12",559.99,11,19,-8,-4479.92,25-APR-026,MAHAMA,117
91784,"MASTERSEAL CONTAINER RND PP 2000ML FRC K3023012",89,1,1,0,0,25-APR-026,"NANA ADJEI",329
100816,"LA SALUD DARKDENIM CLOTHING  DETERGENT 4L  4",139.99,0,4,-4,-559.96,26-APR-026,ALVIN,14
102967,"BELAIR AIR FRESHENER TEXTILE 150ML  36",11.99,12,30,-18,-215.82,26-APR-026,ABASS,3
107815,"PUMA COLA DRINK 350ML 16",3.29,28,37,-9,-29.61,25-APR-026,DELIGHT,87
108983,"FESTIVA  EVAPORATED MILK 170G 48",7.49,28,31,-3,-22.47,26-APR-026,"NANA ADJEI",81
146983,"VARTA BATTERY MAX POWER AAA BLISTER 4",67,4,5,-1,-67,26-APR-026,ATITOGO,160
157028,"CURTAIN GROMMET GOLD 55X90 EHRY6910GO",189,1,1,0,0,25-APR-026,ESINAM,483
153240,"FRUTAS TREASURE FRESH GRAPE JUICE 100 JUICE 500ML",48.99,12,26,-14,-685.86,26-APR-026,EMMANUEL,127
150841,"PURELINE SOAP DEEP CLEAN 175G X 36PCS  BLUE",12.49,48,49,-1,-12.49,25-APR-026,"ANANE KOJO",20
159295,"BOOK MONEY SAFE BOX SMALL",129,2,2,0,0,26-APR-026,HADASSAH,268
174620,"BINE XONIX BED BUGS ERADICATOR 500ML  12",94.99,5,15,-10,-949.9,26-APR-026,"ADIATOR MOSES ",9
167241,"COWBELL MILK POWDER VITARICH  SACHET 14G  240",2.19,150,107,43,94.17,26-APR-026,"DAVID BRUNO",80
167399,"MUG 320ML CERAMIC SOLID WHITE WBC11 RJK",12.9,38,38,0,0,25-APR-026,ROBIN,392
179775,"OMELETTE TURNER PLATE PLASTIC 1038",19.9,11,11,0,0,25-APR-026,OTHNIEL,342
179022,"POMPOM ASSTD ANIMAL SILICON TOY WLIGHT OPP YW",44.99,5,18,-13,-584.87,25-APR-026,HANNAH,275
187088,"STOOL 28X28X40 PLASTIC 229",79,1,11,-10,-790,26-APR-026,"SAMUEL ADDO",402
191831,"GLOVES COTTON",11.9,8,8,0,0,26-APR-026,WONDER,253
189418,"KERRYGOLD MATURE CHEDDAR 200G  12",64.99,16,18,-2,-129.98,26-APR-026,EMMANUEL,136
200770,"FRYING PAN 24CM FALU ZHNBAROLY SJ24",199,7,7,0,0,25-APR-026,PHILEMON,360
42940,"MAXIM ZONE 1 THICK BLEACH 1L  16",22.99,4,4,0,0,26-APR-026,"GIDEON GBLOGAH",12
76926,"FRESHDAYS NORMAL SCENTED PANTY LINER 24 LINERS  12",26.99,18,17,1,26.99,26-APR-026,"BOADI STEPHEN",51
59680,"ROYAL DIGESTIVE BISCUIT 24G 72",1.69,18,18,0,0,25-APR-026,DERRICK,96
96168,"GREENWORLD BAMBU AFRESHNER CLEAN BREEZE 75ML  12",64.99,2,6,-4,-259.96,26-APR-026,ABASS,3
91550,"DETTOL SOAP ORIGINAL 110G   72",14.49,7,17,-10,-144.9,26-APR-026,NIBOI,18
95404,"FANTA ORANGE PET 300ML 12",6.49,47,72,-25,-162.25,25-APR-026,DELIGHT,87
103201,"AVSAR FRUIT FLAV WATER DUCHESS PEARNECTARIN 200ML",10.99,27,38,-11,-120.89,26-APR-026,KWAFO,83
103380,"AMALFI HAIR DYE DARK BROWN  300  12",71.99,2,1,1,71.99,26-APR-026,"PAUL OWUSU",38
105449,"RAYNERS VANILLA FLAVOUR  28ML 12 X 12",14.99,144,144,0,0,26-APR-026,EMMANUEL,127
105969,"MUTLU SPAGHETTI 400G 20",9.49,65,69,-4,-37.96,25-APR-026,SOLOMON,74
108133,"CURTAIN 52X84  W8GROMMET J2020826",189,10,9,1,189,25-APR-026,"GERALD SACK ",478
108452,"BLUE SKIES SALTED CARAMEL  ICE CREAM 450ML 1",51.99,2,2,0,0,25-APR-026,EMMANUEL,135
118563,"VIRGINIA GREEN EXTRA VIRGIN GLASS OLIVE OIL 1L 12",254.99,4,4,0,0,26-APR-026,"NANA ADJEI",48
120164,"EVEREADY BATTERY AA RED BP4",11,40,40,0,0,25-APR-026,NTUMY,161
115547,"FLOWER WPOT 13X8X8 GOLDWHITE TA168810",69,2,3,-1,-69,25-APR-026,HAYFORD,460
124092,"FLOOR WIPER WHANDLE PAREX 55CM 19095741909893",79,7,1,6,474,25-APR-026,WISE,448
135948,"BADIA PEPPER BLACK GROUND 4536G  6",264.99,3,3,0,0,25-APR-026,GIDEON,67
130139,"MARTINI EPITOME STEM 30CL FRC N1417",99,12,12,0,0,25-APR-026,"SYLVIA ",425
146204,"HEAVEN PERFUMED INSECT REPELLEMT 100G  120",9.99,45,46,-1,-9.99,26-APR-026,"ADIATOR MOSES ",9
166263,"LAV TUMBLER 3PCS SET LVART256 AY104PFI3M0121A",49.9,12,12,0,0,25-APR-026,SOMUAH,416
161405,"CURTAIN VELVET EMBOSSED 54X90  BROWN",119,1,1,0,0,25-APR-026,ESINAM,486
162714,"DINNER PLATE MELAMINE 9 INCHES FEILU 6029",12.9,89,91,-2,-25.8,25-APR-026,REGINA,390
174436,"PAPER BAG 23X23X15CM KR13240M123",22.9,3,15,-12,-274.8,25-APR-026,"MICHAEL BOYE",302
169948,"KEL CHARCOAL TOOTHPASTE 150G  48",26.49,25,50,-25,-662.25,25-APR-026,"BOADI STEPHEN",54
168082,"FILLED CUSHION P EMBD 30X50CMCIRCLE DC252",119,2,16,-14,-1666,25-APR-026,"GIDEON GBLOGAH",508
192666,"GIFT BAG LARGE 210G 32X42X115 KRK2121L14",10.99,8,8,0,0,25-APR-026,"MICHAEL BOYE",302
191079,"REALMAN MANLY FRAGRANCE FRESH ACTIVE 150ML 72",50.99,32,52,-20,-1019.8,25-APR-026,ELLA,33
190498,"BORDER PRINT BATHMAT WLATEX ASSORTED 40X60CM",25.9,26,65,-39,-1010.1,26-APR-026,"STEPHEN ACQUAH",424
202571,"FROSTED WAVE BOWL 6 SB026",6.9,90,90,0,0,25-APR-026,BLESSING,405
202779,"STA SOFT WATER LILY SENSATIONS 20ML 1212 12",27.99,7,8,-1,-27.99,26-APR-026,ALVIN,16
86483,"10 MATTRESS QUEEN 150X200X30 BMT001150",3790,1,3,-2,-7580,25-APR-026,SHADRACK,519
57869,"CUSSONS MORNING FRESH DWASH ORIGINAL  450ML  18",26.99,4,4,0,0,25-APR-026,ALVIN,14
61187,"WC NET  INTENSE GEL MOUNTAIN FRESH  750ML  12",53.99,14,15,-1,-53.99,25-APR-026,ALVIN,13
102505,"MOMEASY GIFT SET 5PC FEEDING BOTTLE 45627",125,1,1,0,0,25-APR-026,HADASSAH,267
105986,"TOGO2020 POT SET 4PCS LION ALU T204SET",999,1,1,0,0,25-APR-026,OWUSU,372
117037,"ICE CUBE TRAY SET 2PCS COOL DHAMAKA MYQ91702",29.9,19,20,-1,-29.9,25-APR-026,OTHNIEL,343
113461,"BLING MAGIC LEMON MULTIPURPOSE LIQUID 750ML   12",16.99,8,17,-9,-152.91,25-APR-026,ALVIN,14
127445,"SUPER COOK WOKPAN 28CM WLID CHN B4591684 B1431684",359,1,1,0,0,25-APR-026,QUEENCILLA,375
125359,"ROMAR FABRIC SOFTENER TALC 750ML  15",36.99,14,36,-22,-813.78,26-APR-026,NIBOI,16
135815,"SERVING BOWL MELAMINE 12 INCHES FEILU 508127",24.9,8,30,-22,-547.8,26-APR-026,ROBIN,392
134446,"SIMBA CHUNKS WITH CHIC AND LIVER  DOG F 150GM 24",31.99,29,16,13,415.87,25-APR-026,ABASS,1
133197,"NEAT ASSORTED FLV ALL PURPOSE CLEANER 2L  6",66.49,3,5,-2,-132.98,25-APR-026,"ADIATOR MOSES ",7
147434,"PUMKING PC APL",42.99,1,1,0,0,25-APR-026,JIMOH,134
141414,"NAPKIN HOLDER TRIANGLE 165CM 56009B",19.9,26,26,0,0,25-APR-026,"PAUL OWUSU",355
140648,"SWEET POTATOTFM PACK",20.99,6,6,0,0,25-APR-026,JIMOH,134
156827,"6PCS COMFORTER SET KG 240X250CM WHITE",579,8,8,0,0,25-APR-026,GAD,472
149740,"KNIFE PARING 35ILC IA850KD0006 RJK",9.9,17,16,1,9.9,25-APR-026,"NANA KOJO",365
164314,"COFFEE AND TEA PRESS 500ML PLASTIC AP9481",39.9,6,6,0,0,25-APR-026,"MICHAEL DADZIE",309
161812,"DECAKILA GAS STOVE 3BURNERS KMGS009B",379,6,6,0,0,25-APR-026,"JOSEPH PATRICK",198
160252,"PERLA MINERAL WATER JAR 19L 1",27.99,1,1,0,0,25-APR-026,"FELIX BOADU",153
167996,"FILLED CUSHION P VELVET 45X45CM WHITE DC241",119,10,12,-2,-238,25-APR-026,GLADYS,505
187953,"DECORATIVE ACCESSORY",65,3,3,0,0,26-APR-026,HAYFORD,461
183513,"WATER BOTTLE PULSE 850ML PHYB1004",49.9,16,18,-2,-99.8,26-APR-026,GILBERT,312
200733,"CHOPPING BOARD SET NYLON ZHN SK9768",34.9,24,24,0,0,25-APR-026,"PAUL OWUSU",354
27176,"KEN PRESTO WHIPPING CREAM SWEETENED 1L 12",85.99,17,18,-1,-85.99,25-APR-026,EMMANUEL,133
44447,"BAVARIA SMALT PEACH  CAN 330ML  24",16.99,2,4,-2,-33.98,25-APR-026,DELIGHT,86
31691,"AKAI INSECT KILLER 1X6W IK0011X6WIK004",189,2,13,-11,-2079,25-APR-026,NYARKO,180
202738,"TCL FRIDGE DD COMBI 106L GRAY F141BFS",2999,1,1,0,0,25-APR-026,NYARKO,175
79959,"CHRISTMAS GARLAND 25M 6CLRS MIX",9.9,2,2,0,0,25-APR-026,DANIEL,XMAS
57554,"SABA DETERGENT  POWDER BUCKET 3KG  1",139.99,0,2,-2,-279.98,26-APR-026,"ARTHUR JONADAB",27
53304,"VERNA MINERAL WATER  500ML 16",1.69,48,69,-21,-35.49,26-APR-026,EZEKIEL,150
63994,"NIVEA SHOWER CREAM CREME SOFT 500ML  12",149.99,23,44,-21,-3149.79,25-APR-026,"ANANE KOJO",22
64060,"BINATONE CEILING FAN 24 CF2450CF2472CF2476",579,1,11,-10,-5790,25-APR-026,"JOSEPH PATRICK",208
69415,"HEINZ GLASS BOTTLE TOMATO KETCHUP 295G  12",31.99,27,28,-1,-31.99,25-APR-026,GLADYS,72
105777,"BLACK HEXAGON DUMBBELL HD5KG",179,4,3,1,179,25-APR-026,"GEORGE PUPLAMPU ",467
117094,"3TOL ANTISEPTIC LIQUID LIME FRESH 250ML  24",17.99,29,29,0,0,26-APR-026,QUEENCILLA,42
111379,"ILLUSTRATED WORLD FAMOUS CLASSIC BOOK ED773",12.9,28,81,-53,-683.7,26-APR-026,HERBERT,279
115837,"WOK PAN 28CM FALU ZHNBLY 1027C28",189,1,1,0,0,25-APR-026,OWUSU,374
115838,"WOK PAN 24CM FALU ZHNBLY 1027C24",149,6,7,-1,-149,25-APR-026,"ALHASSAN RANDY",381
121311,"VARTA BATTERY HIGH ENERGY AA BLISTER  8",100,24,24,0,0,25-APR-026,NTUMY,161
131076,"ROMAR REFILL AUTOM AIR FRESH SEA BREEZE 250ML  6",48.99,6,12,-6,-293.94,26-APR-026,RICHMOND,5
157115,"FLOOR LAMP WHITEGOLD FD02",699,1,1,0,0,25-APR-026,SHADRACK,517
160124,"PARLE MULTI VITA MARIE BISCUITS 495G  48",2.29,8,81,-73,-167.17,26-APR-026,DERRICK,96
168824,"TUMBLER 6PCS SET BRISA 300ML 7450200770911",49.9,1,4,-3,-149.7,25-APR-026,"STEPHEN ACQUAH",420
168864,"KNIFE FRUIT SET 6PCS 325 CPSTPGC016HDB RJK",19.9,34,34,0,0,25-APR-026,NASHIBA,335
169518,"BE PETIT BRURRE ORIGINAL BISCUITS 58G  30",6.49,11,11,0,0,25-APR-026,DERRICK,96
187014,"BATHROOM 4PCS SET PLASTIC 5003 YWU",79,2,3,-1,-79,25-APR-026,VINOLIA,441
185295,"ONGA STEW SEASONING 50G  80",4.59,4,11,-7,-32.13,25-APR-026,GIDEON,67
189896,"DOVE BAR SOAP RELAXING COCONUT 135G 48",21.99,31,35,-4,-87.96,26-APR-026,ALVIN,18
204488,"ROYAL CIRCLE PREMIUM WHISKY 750ML 12",156.99,1,11,-10,-1569.9,26-APR-026,MAHAMA,118
78088,"CORNER SHELF 3LAYER METAL",89,6,8,-2,-178,25-APR-026,VICTORIA,437
70251,"INDOMIE HUNGRY MAN ONION CHICKEN FLAVOR 180G  26",12.49,95,201,-106,-1323.94,25-APR-026,SOLOMON,76
70753,"OKF STANDARD ALOE  ORIGINAL DRINK  15L  12",46.99,11,12,-1,-46.99,25-APR-026,DORIS,99
CL622,"FRIDGE BOTTLE ROUND 650ML 7CMX18CM",8.9,24,25,-1,-8.9,25-APR-026,GILBERT,313
104370,"DESTELLO FLOOR CLEANER EXOTIC 1500ML  12",29.99,9,9,0,0,25-APR-026,"ADIATOR MOSES ",7
117299,"WESTINGHOUSE LIGHT BULB 380CM STRING LIGHT",39.9,22,22,0,0,25-APR-026,DANIEL,XMAS
125153,"AHMAD TEA IMMUNE LEMON GINGERTUR 30G 20X15G  6",44.49,1,2,-1,-44.49,25-APR-026,AKORFA,59
134163,"LEARNING NUMBERS 1100",30.9,46,46,0,0,25-APR-026,JERUSHA,284
153256,"LAV STEMWARE 3PC LVEMP541A",59,2,11,-9,-531,25-APR-026,SOMUAH,414
159386,"AKAI CHEST FREEZER SD 99L WHITE CF073AC99L",3039,1,1,0,0,25-APR-026,DANIEL,KITCHEN
159745,"MUNCHEE GINGER BISCUITS 65G  48",4.79,44,48,-4,-19.16,26-APR-026,DERRICK,96
160155,"MUSICAL MAT PEVA 86X52CM DW8023",99,7,4,3,297,25-APR-026,HANNAH,272
162498,"ABOVE DEO SPRAY SPORT ENERGY WOMEN 150ML 24",39.99,5,13,-8,-319.92,25-APR-026,ELLA,34
162719,"DINNER PLATE MELAMINE 10 INCHES FEILU 831052",16.9,49,50,-1,-16.9,25-APR-026,REGINA,388
174262,"BRISKFARM TOMATO MIX 56G  50",1.99,52,46,6,11.94,26-APR-026,CHRIS,60
167650,"MUG 330ML CERAMIC YWU",9.9,1,9,-8,-79.2,25-APR-026,"SAMUEL ADDO",398
176142,"BLUE WARRIOR PREMIUM BLENDED WHISKY 1L 6",115.99,9,9,0,0,25-APR-026,MAHAMA,118
178205,"BANNER HAPPY BIRTHDAY  ASSTD COL YW",14.9,35,11,24,357.6,26-APR-026,HADASSAH,269
186815,"TRACE AND COLOUR BOOK",10.9,2,2,0,0,25-APR-026,"JERUSHA ",284
182898,"CHERELLE 40 MILK CHOCOLATE 16G 30",8.19,13,14,-1,-8.19,25-APR-026,"ABIGAIL YEVUGAH",158
188855,"BATHMAT 50X80CM BM102 PINK CP",59,12,12,0,0,25-APR-026,"SAMUEL ADDO",401
198226,"STOOL 53X30CM PU YWU",649,1,4,-3,-1947,25-APR-026,SHADRACK,516
64823,"TUTTIFRUTTI BUBBLE GUM FILLED HARD CANDY 100G 36",12.99,11,11,0,0,26-APR-026,"EDDIE MENSAH",90
68568,"FOGG FRAGRANCE BODY SPRAYDYNAMIC  120ML   72",52.99,12,54,-42,-2225.58,25-APR-026,ELLA,33
73148,"GINO TOMATO MIX SACHET 105KG  12",39.99,36,15,21,839.79,26-APR-026,EMMANUEL,127
96687,"DOLL WITH BURKA MIXED STYLES 115 AQ1008",59,4,1,3,177,25-APR-026,HERBERT,278
102948,"FRES SOAP COCOA  75G   72",4.99,50,51,-1,-4.99,25-APR-026,"ANANE KOJO",20
103486,"PRIMA 80 PERFUMED DISINFECTANT 45L  6",134.99,18,27,-9,-1214.91,26-APR-026,TITUS,21
104380,"DESTELLO FLOOR CLEANER ROSE TALC 1500ML  12",29.99,2,2,0,0,25-APR-026,"ADIATOR MOSES ",7
108229,"GREEN WORLD  EXTRA KILLER INSECTICIDE 400ML  24",40.99,35,35,0,0,26-APR-026,"BOADI STEPHEN",9
110958,"LG HOME THEATRE 42 INCH 1250W LHD687B",7899,1,1,0,0,25-APR-026,JUSTICE,193
128775,"HIGHLIGHTER 12YRS LUXOR 5PCS 41405BC",16.9,8,8,0,0,26-APR-026,GILBERT,294
124651,"AMALFI HAND SOAP OLIVE  500ML  12",25.99,19,25,-6,-155.94,25-APR-026,BISMARCK,43
132482,"CABINET OFFICE METAL W4DRAWERS WIDEWHT YJH014",4220,2,2,0,0,25-APR-026,FRANCIS,527
148808,"MULTIPURPOSE CLOTHES HANGER STAND METAL YWU",139,4,5,-1,-139,25-APR-026,FRANCIS,528
155865,"SPRAY BOTTLE OIL 245CC C00518",27.9,12,13,-1,-27.9,25-APR-026,SYLVIA,426
150437,"CURTAIN W8 GROMENT GOLD 54X90 BLK9",109,11,11,0,0,25-APR-026,ESINAM,483
164203,"MAZBIT TASTY TREATS SUGAR FREE CAKE 60G  40",2.89,22,21,1,2.89,25-APR-026,"FELIX BOADU",154
163233,"COFFEE TABLE ROUND GOLD LEG 80X80X40 1S16000",990,1,1,0,0,25-APR-026,FRANCIS,527
174996,"RUN PET ENERGY DRINK 500ML 12",6.99,6,6,0,0,25-APR-026,DELIGHT,85
170020,"FRY PAN 24CM FALU ZHNBLY 8102324",139,1,1,0,0,25-APR-026,PHILEMON,358
167147,"BEAUTY FORMULAS TEA TREE FACIAL MASK 100ML 12",28.99,1,3,-2,-57.98,25-APR-026,"BOADI STEPHEN",53
167357,"QUICKON GAS REGULATOR",79,7,7,0,0,25-APR-026,DANIEL,258
179630,"DZIRE INDUSTRIAL MIST STAND FAN 26 100W IFM2665B",2999,2,2,0,0,25-APR-026,AKAYIRI,207
179023,"SQUEEZE SILICON TOYS 4COLOR OPP YW",9.9,10,14,-4,-39.6,25-APR-026,HANNAH,275
178110,"CURTAIN TIE BACK 2PCS SET 6COLOR MIX",47.9,39,43,-4,-191.6,25-APR-026,GIFTY,491
184072,"PIZZA PAN 25CM FALU ZHNBLY 104726",129,12,12,0,0,25-APR-026,PHILEMON,358
182896,"CHERELLE 40 POUCH MILK CHOCOLATE 216G 124 1",93.99,21,21,0,0,25-APR-026,ATITOGO,159
190730,"MANICURE 3PCS SET YWU",12.9,7,8,-1,-12.9,25-APR-026,HADASSAH,267
23063,"CUSSONS BABY OIL MILDGENT 100ML 48",12.49,11,34,-23,-287.27,26-APR-026,LESTER,50
85653,"EASY MOUZOO APPLE JUICE GLASS BOTTLE 250ML  24",10.99,1,58,-57,-626.43,25-APR-026,EMMANUEL,135
61527,"BETA MALT DRINK  PET BOTTLE 330ML 12",9.99,45,277,-232,-2317.68,25-APR-026,DELIGHT,86
61535,"PARLE G ORIGINAL GLUCO BISCUITS 21GM  72",1.09,72,63,9,9.81,26-APR-026,DERRICK,96
99072,"BARBEQUE UNIT ROUND WDOME TOP 56CM 2020B180 YWU",1099,1,1,0,0,25-APR-026,DANIEL,KITCHEN
101386,"TASTY TOM JELLOF MIX 60G  50",3.79,17,91,-74,-280.46,26-APR-026,CHRIS,60
107986,"AKAI CEILING FAN 36 EF104A3658WS",349,14,6,8,2792,25-APR-026,AKAYIRI,207
146232,"WINDOW SHADE YE3120X180 L BROWN",349,2,2,0,0,25-APR-026,"GERALD SACK ",480
149801,"KIDS JAZZ DRUM SETAK579575",129,6,6,0,0,25-APR-026,HANNAH,273
166005,"SO FRESH TROPICAL PUNCH FRUIT JUICE 1L 6",26.99,12,13,-1,-26.99,25-APR-026,KWAFO,103
166391,"COOKING POT WGLASS LID 29CM SSTEEL XY2321",99,4,8,-4,-396,25-APR-026,"NANA KOJO",364
166526,"DERBY SHAVING FOAM NATURE GREEN 200ML  12",56.99,6,6,0,0,25-APR-026,"BOADI STEPHEN",53
161033,"CHANDELIER GOLD CRYSTAL 6067400",1299,1,2,-1,-1299,25-APR-026,KWAFO,168
161044,"NASCO FRIDGE SD 76L SILVER NASF195FL",1499,1,1,0,0,25-APR-026,NYARKO,176
177628,"DAPHNIS PENNE 40250G  40",4.99,47,45,2,9.98,25-APR-026,SOLOMON,74
187176,"MEASURING CUP 5PCS SET PLASTIC RJK BD007KA10631",22.9,3,3,0,0,25-APR-026,"ALHASSAN RANDY",384
185917,"STAEDTLER WAX CRAYON SET 24PCS 8MM 220 08 C24  PE",40.9,5,5,0,0,26-APR-026,MARIAM,292
194625,"WATER PUZZLE GAME CAMERA SET 2PCS HCL O51005",21.99,9,7,2,43.98,25-APR-026,HANNAH,275
192333,"DUSTPAN WLONG HANDLE WBROOM SET PLASTIC C130024",89,15,15,0,0,25-APR-026,DANIEL,XMAS
192356,"CANVAS 30X30X16CM DY06121",29,12,13,-1,-29,26-APR-026,GIDEON,294
28649,"SASSO INSECTICIDE SPRAY 300ML  24",46.99,12,31,-19,-892.81,26-APR-026,NTUMY,162
57757,"ONGA 3 MIX GINGER  ONION  GARLIC SEASONING 50G 80",4.59,90,88,2,9.18,25-APR-026,GIDEON,67
71757,"PARIDOX ALATA SAMINA BSGEL NONI 450ML  20",41.99,7,5,2,83.98,26-APR-026,PHILEMON,10
93284,"WINE HOLDER BYCYLE DESIGN METAL J079 YWU",79,8,8,0,0,25-APR-026,"PAUL OWUSU",355
100792,"FLIRT PURE DISTILLED VODKA LEMON  375ALC 1L  6",133.99,4,4,0,0,25-APR-026,MAHAMA,117
10350,"ROYALTY COCKTAIL PINEAP EM SPARKLING WINE 750ML 12",47.49,15,15,0,0,25-APR-026,"EDDIE MENSAH",107
116501,"CERAMIC BOWL 3PCS SET T103078",189,1,8,-7,-1323,26-APR-026,VICTORIA,432
121649,"BLUE DIAMOND ALMOND BREEZE ORIGINAL UNSWEETE 1L 6",85.99,4,-1,5,429.95,25-APR-026,CHRIS,61
143775,"ROMAR  AIRFRESHNER SPA 300ML  8",40.99,13,12,1,40.99,25-APR-026,ABASS,2
154623,"THE FINAL QUEST RICK JOYNOR",32,1,2,-1,-32,26-APR-026,"JERUSHA ",288
155957,"YUMS SWEET CORN WOLE KERNEL 400G  12",19.99,7,9,-2,-39.98,25-APR-026,GLADYS,71
163198,"AMALFI HAIR DYE GOLD MEDIUM BLONDE 12",57.99,9,9,0,0,26-APR-026,"PAUL OWUSU",38
160452,"FRY PAN 24CM FALU ZHNBLY 1050G24",159,7,7,0,0,25-APR-026,"ALHASSAN RANDY",381
160998,"WALL LIGHT BLACK 615410  RGB",219,1,2,-1,-219,25-APR-026,KWAFO,168
160158,"MUSICAL MAT PEVA DANCE TIME PINK 100X87CM DW8015",249,3,3,0,0,25-APR-026,HANNAH,273
168212,"DZIRE CHEST FREEZER 290L SD CFSSH290A",4349,1,1,0,0,25-APR-026,AKAYIRI,204
168688,"SLOTTED TURNER WWOOD HANDLE 8MM ROSEWOOD AA1818",35,26,36,-10,-350,26-APR-026,PATIENCE,349
180223,"KLEANZ HAND SOAP APPLE ANTIBACTERIAL 500ML 24",22.99,24,33,-9,-206.91,25-APR-026,TITUS,21
18715,"HARIBO CHAMALLOWS PINK  WHITE 140G154G  12",29.99,2,3,-1,-29.99,25-APR-026,ABIGAIL,156
187280,"DUMBBELL 86KG SFMANCROM15LB",349,2,2,0,0,25-APR-026,"GEORGE PUPLAMPU",467
184354,"TISSUE HOLDER RAINBOW SS 60060343",19.9,17,17,0,0,25-APR-026,"PAUL OWUSU",355
189615,"TOREN MRBITE PIXEL BLACKWHIT W MILKHAZE 30G 144",6.49,73,53,20,129.8,25-APR-026,ATITOGO,160
190633,"SWIMMING POOL INFLATABLE 180CM",379,1,1,0,0,25-APR-026,CHARLES,465
36985,"IRISH SPRING ORIGINAL SOAP 1063G 18X3PACK 18",53.99,5,16,-11,-593.89,26-APR-026,ALVIN,18
30938,"CINDY VIETNAM RICE 5KG 5",94.99,30,35,-5,-474.95,25-APR-026,GIDEON,68
90319,"JOHNNIE WALKER AGED 18 YEARS 750ML 6",1669.99,4,6,-2,-3339.98,25-APR-026,EMMANUEL,129
87939,"ENA PA LIGHT MEAT TUNA IN SOYA OIL CHUNK 160G  24",20.99,21,37,-16,-335.84,26-APR-026,"EMMANUEL MENSAH",124
64845,"DISQUETI BOMBOM VICE VERSA CHOCO LENTILS 4X16X60G",21.99,28,29,-1,-21.99,25-APR-026,ABIGAIL,155
67429,"SUPERTEA PINEAPPLE TEA  2GM25  12",16.99,9,10,-1,-16.99,25-APR-026,AKORFA,57
CL757,"MMFORA CHAIR 40CMX36CMX57CM",69,4,4,0,0,25-APR-026,SHADRACK,509
97250,"SAIRO  ROLL ON  UNISEX DERMO 50ML   12",22.99,0,9,-9,-206.91,26-APR-026,WONDER,36
125896,"LAV TUMBLER 6PCS SET LVBRO29F",89,1,1,0,0,25-APR-026,SOMUAH,415
140015,"SWEET PEPPER COLOUREDAPL PACK",62.99,1,1,0,0,25-APR-026,JIMOH,134
154280,"HELLMANNS GARLICHERB SAUCE SQUEEZY 8 X 260G",54.99,15,15,0,0,25-APR-026,SOLOMON,73
149457,"LAV TUMBLER 3PCS SET LVTOK350A",29.9,5,5,0,0,25-APR-026,SOMUAH,415
169514,"EXCELO TOP COOKIES TOP CHOC 28G  60",3.19,43,43,0,0,25-APR-026,DERRICK,96
193257,"NOX BALL PEN BLACK 2260212BOX",2.19,1,12,-11,-24.09,26-APR-026,GIDEON,294
190025,"AKAI LED LIGHT RECHARGEABLE 44SMD LS033A896",119,2,6,-4,-476,25-APR-026,NYARKO,178
199891,"BAVI BAR SOAP LEMON 225G 18",8.99,16,49,-33,-296.67,26-APR-026,"ANANE KOJO",20
195767,"OIL DIFFUSER  200ML TY102 RGB",299,13,13,0,0,25-APR-026,KWAFO,173
32593,"NIVEA BODY LOTION NATURAL FAIRNESS  400ML 12",81.99,18,30,-12,-983.88,25-APR-026,"BENEDICT ABBEY",37
202604,"PERK COCONUT COOKIES 70G  36",10.99,14,14,0,0,25-APR-026,DERRICK,96
204560,"MARILAN BISC CREAM CRACKER 140G  40",8.99,21,22,-1,-8.99,26-APR-026,"KINGSLEY OP",94
62702,"FRISCHLI SEMI SKIMMED UHT MILK 15 1L  12",34.99,11,240,-229,-8012.71,25-APR-026,AKORFA,56
CL585,"MOP BUCKET ROUND 13LTR 33CMX30CMX30CM",39.9,1,25,-24,-957.6,25-APR-026,DANIEL,XMAS
94164,"SATNAM PERFUMED INSECT REPELLANT STRAWBERY 140GM",18.99,33,34,-1,-18.99,26-APR-026,"ADIATOR MOSES ",9
91255,"CLEANOL ANTISEPTIC DISINFECTANT 250ML 24",17.49,18,18,0,0,26-APR-026,QUEENCILLA,42
107643,"JUVER  100  MULTIFRUIT  JUICE 1L  12",39.99,14,23,-9,-359.91,25-APR-026,DORIS,102
137565,"MR BOSTON SOUR STRAWBERRY SCHNAPPS 1L 12",264.99,11,11,0,0,25-APR-026,MAHAMA,116
146640,"ELTRUT VEGETABLE SAMOSA 8PCS  380G 1",50.99,1,17,-16,-815.84,26-APR-026,EVELYN,143
145808,"BELPAK ECO TROLL 10 ROLLS     6",33.49,0,1,-1,-33.49,25-APR-026,BISMARCK,43
151525,"GALAXY  CONCEPT MIST 121 SEXY 250ML 12",45.99,10,9,1,45.99,26-APR-026,ELLA,35
170311,"KALYON POWDER DETERGENT LAVENDERMAGNOLIA 3KG 6",94.99,4,10,-6,-569.94,26-APR-026,ALVIN,17
179032,"MOP WITH STICK MEDIUM SIZE GBBM",24.9,11,20,-9,-224.1,25-APR-026,RANDY,33
18767,"VITAMILK BANANA 300ML  24",16.99,50,50,0,0,25-APR-026,CHRIS,61
191636,"DAPHNIS GW SNACKS CORN RINGS CHEESE FLAVOR 80G 24",21.99,27,26,1,21.99,25-APR-026,APPIAH,114
190993,"3PCS BEDSHEET SET QN SL 230X230CM  WHITE",149,6,18,-12,-1788,25-APR-026,SHADRACK,510
190631,"SWIMMING POOL INFLATABLE 120CM",159,3,3,0,0,25-APR-026,CHARLES,465
198791,"DINNER KNIFE 6PCS SET DESIGNER SSTEEL 53G YWU",29.9,19,18,1,29.9,25-APR-026,OWUSU,370
48208,"ALUMINIUM FOIL CONTAINER 12PCS  SMALL  45",27.99,17,24,-7,-195.93,26-APR-026,TITUS,21
202223,"STRESS BALL PU 76CM HCL",8.99,1,1,0,0,26-APR-026,SHADRACK,158
72101,"COLGATE TB DOUBLE ACTION MEDIUM VALUE PACK   72",13.49,8,36,-28,-377.72,25-APR-026,"BOADI STEPHEN",53
N638,"TRASH BAG HOUSEHOLD 20L  12",31.99,5,6,-1,-31.99,25-APR-026,"ARTHUR JONADAB",26
X438,"NESTLE CERELAC WHEAT TIN 400G 12",48.99,7,25,-18,-881.82,26-APR-026,"EMMANUEL MENSAH",124
91230,"SAIRO BATHSHOWER GEL CUCUMBER SENSATION 750ML 8",50.99,3,3,0,0,25-APR-026,"ANANE KOJO",22
103854,"BINATONE BLENDER WMILL 15L 350W BLG 460",669,1,2,-1,-669,25-APR-026,PRINCE,227
107640,"JUVER  100  APPLE MANZANA JUICE 1L 12",45.99,13,15,-2,-91.98,25-APR-026,DORIS,102
114176,"DOVE HANDWASH SHEA BUTTER 250ML 12",35.99,4,4,0,0,25-APR-026,BISMARCK,43
138193,"NUTZY PEANUT BUTTER EXTRA CRUNCY 227G  12",24.99,8,7,1,24.99,26-APR-026,"FELIX BOADU",65
138799,"BUMBLE BABY POCKET WIPES 15PCS HONEYSUCKLE  288",4.29,144,186,-42,-180.18,25-APR-026,TITUS,21
133416,"SPRING ONION GP   PC",12.99,17,17,0,0,25-APR-026,JIMOH,134
148012,"PAINTING PINK FLOWERS DESIGN 53X63CM",169,1,9,-8,-1352,25-APR-026,FRANCIS,522
148514,"ARTIFICIAL FLOWER W5BRANCH 37CM MIX COLOR",14.9,28,28,0,0,26-APR-026,ESINAM,462
163136,"DZIRE DRY IRON 10001200W DID507B",175,8,7,1,175,25-APR-026,"KINGSLEY OP",219
162115,"WATER BOTTLE 700ML PLASTIC TP633",42.9,3,3,0,0,26-APR-026,GILBERT,312
162671,"SERVING BOWL MELAMINE 10 INCHES FEILU 74101",34.9,2,9,-7,-244.3,25-APR-026,BLESSING,407
173724,"KIVO 100 NATURAL CURRY PLUS POWDER 35G 240",.49,81,-23,104,50.96,25-APR-026,GIDEON,67
168822,"BEER TUMBLER 6PCS SET MUNICH 300ML 7090200773484",59,1,7,-6,-354,26-APR-026,SOMUAH,414
35646,"PRAN FROOTO MANGO JUICE 1000 ML 12",24.99,12,23,-11,-274.89,26-APR-026,EMMANUEL,127
82432,"BINATONE MICROWAVE OVEN 20L WGRILL 2017EGMG",2099,1,2,-1,-2099,25-APR-026,MABEL,262
65902,"SUNNY BROWN SUGAR STICK 500G 24",37.99,37,31,6,227.94,25-APR-026,"EMMANUEL MENSAH",122
68557,"LELE TONGOL WHITE MEAT TUNA SOYA BEAN OIL 160G  24",25.99,23,28,-5,-129.95,26-APR-026,APPIAH,126
68575,"FOGG FRAGRANCE BODY SPRAYROYAL  120ML   72",52.99,8,57,-49,-2596.51,25-APR-026,ELLA,34
54998,"CAREX HANDWASH COMPLETE PROTECT 250ML  12",24.99,15,15,0,0,25-APR-026,BISMARCK,43
A992,"CERES PINEAPPLE FRUIT JUICE 1L 12",44.99,45,49,-4,-179.96,25-APR-026,KWAFO,100
N758,"MEDISOFT REPELLENT LEMON GREEN LOTION 100ML 72",14.49,38,41,-3,-43.47,26-APR-026,WONDER,36
93634,"FIESTA APPLE  NON ALCOHOLIC WINE  750ML  6",41.99,13,13,0,0,25-APR-026,"EDDIE MENSAH",107
96430,"NIDO ESSENTIA 23G 10PCS X 12",46.49,35,37,-2,-92.98,26-APR-026,"DAVID BRUNO",80
98472,"AMALFI HAND SOAP CHERRY GUM  500ML  12",24.99,6,4,2,49.98,25-APR-026,BISMARCK,43
101292,"MOP TWISTED LIGHT BLUE WGREEN STRIPES SM200B RJK",59,20,22,-2,-118,25-APR-026,DANIEL,XMAS
118158,"BIN BUCKET WHANDLE 16LTR PLASTIC 02041000",49.9,6,9,-3,-149.7,26-APR-026,HAYFORD,462
118242,"MON BIJOU SOFTENER CONCENTRATE CLASSIC 500ML  12",29.99,7,7,0,0,25-APR-026,ALVIN,15
145509,"ARTIFICIAL PLANT 165LEAF RED WHITE 14M BSY162",479,1,2,-1,-479,25-APR-026,WISE,446
155043,"FINE POCKET FLUFFY TISSUE 10S PACK  12",14.99,6,6,0,0,26-APR-026,"COLLINS HAMMOND",30
153010,"AKAI WAFFLE MAKER 1200W SM023A8601",299,1,5,-4,-1196,25-APR-026,"COLLINS HAMMOND",233
149368,"NASCO FRIDGE DD COMBI 158L NASD220FL",4599,1,1,0,0,25-APR-026,NYARKO,176
159460,"CARPET SHAGGY 140X200CM ASSORTED",799,1,2,-1,-799,25-APR-026,SHADRACK,516
168866,"KNIFE SET 3PCS 5535 CPCA2018033PCS RJK",59,10,11,-1,-59,25-APR-026,NASHIBA,335
168328,"ARTIFICIAL PLANT 3COLOR MIX 47CM",249,1,5,-4,-996,25-APR-026,FRANCIS,522
168687,"STIRER LADLE WWOOD HANDLE 8MM ROSEWOOD AA1815",39,7,58,-51,-1989,25-APR-026,OWUSU,368
168700,"CAMRY SCALE LCD DISPLAY EK3648H RJK",89,5,5,0,0,25-APR-026,OWUSU,372
182097,"FARAGELLO GOLD ORANGE NECTAR TETRAPACK 1L 12",29.99,22,24,-2,-59.98,25-APR-026,KWAFO,103
184769,"COOKWARE 3PCS SET CAST IRON DELICIOUS",1299,1,1,0,0,25-APR-026,OWUSU,374
190690,"LAUNDRY BASKET 40X30X55CM ASSORTED MYQ9 1921",99,1,8,-7,-693,25-APR-026,WISE,446
198631,"ACRYLIC STAND CARD A5 HCL O51039",21.99,20,15,5,109.95,25-APR-026,DANIEL,XMAS
70623,"GINO PEPPER  ONION TOMATO SEASONING MIX 60G  50",3.29,150,192,-42,-138.18,26-APR-026,EMMANUEL,127
70647,"8 MATTRESS 4275 HD LAT",1349,4,4,0,0,25-APR-026,FRANCIS,527
51954,"BIFOOD CORNFLAKES 375G 18",39.99,39,72,-33,-1319.67,26-APR-026,"KINGSLEY OP",91
CL337,"DRUM WITH LID AND TAP 70LTR 50CMX63CM",149,1,3,-2,-298,25-APR-026,HAYFORD,456
98077,"BAYARA PAPRIKA POWDER 200G 12",24.99,3,3,0,0,25-APR-026,BISMARCK,45
91973,"NAPKIN TERRY 3 PCS SET 16 X 24 DC 636",29.9,24,34,-10,-299,25-APR-026,GAD,472
95664,"AMALFI  HAND SOAP OAT 500ML  12",25.99,8,8,0,0,25-APR-026,BISMARCK,43
08483,"PASCUAL YOGHURT LF CHERRIES  BERRIES 125GX4  6",64.99,8,8,0,0,25-APR-026,CHRIS,61
100246,"BEDSHEET SET QUEENSIZE 125GSM 3PCS QBS76",159,1,12,-11,-1749,25-APR-026,SHADRACK,514
101023,"CURTAIN POLYESTER 52X84 WHANGER DRXH002",109,20,13,7,763,25-APR-026,ESINAM,484
113182,"YUMVITA RICE SACHET 50G 80",6.29,78,94,-16,-100.64,26-APR-026,"EMMANUEL MENSAH",124
113938,"KINDERGARTEN WORKSHEETS BOOK SERIES MATHENGLISH",41.9,3,4,-1,-41.9,25-APR-026,JERUSHA,284
122286,"TOOTHPICK WPLASTIC CASE",2.9,120,235,-115,-333.5,25-APR-026,"PAUL OWUSU",350
131636,"CAKE FONDANT CUTTER 3PCS SET A8105",1.9,72,72,0,0,25-APR-026,"ALHASSAN RANDY",385
163407,"ICE QUEEN FLORENCE VANILLA  CHOCOLATE 1200ML 6",89.99,7,5,2,179.98,26-APR-026,EMMANUEL,135
160892,"DINNER PLATE MELAMINE 10 INCHES FEILU 67101",14.9,21,73,-52,-774.8,26-APR-026,REGINA,391
171061,"MOP SPONGE 218X35CM DAEWOO DESM1044",9.9,41,43,-2,-19.8,25-APR-026,WISE,448
169873,"NASCO GAS COOKER 5B 80X60 SILVER NASGCAMG80S",4999,1,2,-1,-4999,25-APR-026,AKAYIRI,205
179596,"CARPET 90X150CM IVORY PL WITF143290X150",369,1,1,0,0,25-APR-026,"GIDEON GBLOGAH",508
193371,"THE LITTLE PRINCE DELUXE HARDBOUND EDITION",59,3,3,0,0,26-APR-026,"JERUSHA ",288
188927,"DANCING SANTA 18M",749,4,4,0,0,25-APR-026,DANIEL,XMAS
191896,"KENWOOD RICE COOKER 18L WHITE 700W RCM18",599,6,10,-4,-2396,25-APR-026,"COLLINS HAMMOND",232
44320,"KELLOGGS CRUNCHY NUT CHOCOLATE CLUSTERS 400G 12",99.99,8,8,0,0,26-APR-026,"KINGSLEY OP",91
79189,"5 STAR KAESAR TONIC WATER 350ML 16",2.99,15,49,-34,-101.66,25-APR-026,DELIGHT,85
89582,"MENTOS CHEWY DRAGEES FRUIT SACHET 50PCS 135G  40",35.99,39,39,0,0,26-APR-026,"EDDIE MENSAH",90
71247,"COOL BREEZE HANGING AIR FRESHNER FBREEZE 11ML  24",18.99,8,32,-24,-455.76,25-APR-026,ABASS,3
71877,"PEAK EVAPORATED FILLED GREEN MILK 160G 48",9.99,94,163,-69,-689.31,26-APR-026,"NANA ADJEI",81
96496,"SWAN WHITE SUGAR STICKS 250G 12",24.99,23,23,0,0,25-APR-026,"EMMANUEL MENSAH",123
97139,"SERVING SET 4 PCS SC 0094",49.9,6,13,-7,-349.3,25-APR-026,OWUSU,368
97183,"RACING TOY FRICTION CAR TY258",69,10,11,-1,-69,25-APR-026,HERBERT,281
07018,"YAZZ BABY DIAPERS LARGE 10",26.99,34,21,13,350.87,26-APR-026,WISE,41
130189,"STEM GLASS SAVOIE 24CL L583027778",39.9,4,32,-28,-1117.2,25-APR-026,"STEPHEN ACQUAH",420
146101,"NIVEA RADIANT  BEAUTY ADVANCED CARE 400ML  12",124.99,7,7,0,0,25-APR-026,"BENEDICT ABBEY",37
147465,"BINATONE FUFU MAKER 6L KC6000",1089,3,3,0,0,25-APR-026,PRINCE,227
14315,"MARILAN  WAFER STRAWBERRY BISCUIT 115G   24",10.29,20,20,0,0,26-APR-026,"KINGSLEY OP",94
158743,"CARPET 160X230CM CHOCOLATELILAC TIMMYF16X23M",999,1,2,-1,-999,26-APR-026,GAD,474
168367,"ARTIFICIAL PLANT COLOR MIX 3",65,1,3,-2,-130,26-APR-026,FRANCIS,521
170308,"KALYON POWDER DETERGENT LAVENDERMAGNOLIA 15KG 12",45.99,3,13,-10,-459.9,26-APR-026,NIBOI,17
167501,"BEVERAGE DISPENSER DOUBLE GLASS 4500ML 57803 RJK",269,1,1,0,0,25-APR-026,SOMUAH,415
167504,"BEVERAGE DISPENSER WRACK 57L 210996 RJK",129,2,2,0,0,26-APR-026,"STEPHEN ACQUAH",424
179717,"RNS COLOURED PENCIL WATERSOLUBLE 24C 130176",119,8,11,-3,-357,26-APR-026,MARIAM,292
179195,"SELFADHESIVE FLASHING TAPE 5CMX10M",49.99,5,5,0,0,25-APR-026,RICHMOND,253
186932,"STORAGE RACK WWHEEL 4LAYER MP YH5114 YWU",179,3,4,-1,-179,25-APR-026,MORGAN,324
187058,"SERVING TRAY W 5BOX 26X26X8CM ACRYLIC 62414",119,7,11,-4,-476,26-APR-026,OTHNIEL,340
188095,"SUITCASE DBLUESILVER ABS 24 K30",749,2,2,0,0,25-APR-026,MARYLAND,296
186668,"LUNCH BOX WYOGURT CUP PLASTIC RJK YH449",139,7,7,0,0,25-APR-026,"MICHAEL BOYE",306
183575,"COLGATE TP HERBAL SALT  6X12 140G 72",20.99,22,71,-49,-1028.51,25-APR-026,NTUMY,163
190720,"BOTTLE OPENER METAL PLASTIC BOTTLE SHAPE YWU",9.9,12,13,-1,-9.9,25-APR-026,OWUSU,370
189428,"MCBERRY SUGAR FREE SODA 25G  216",1.09,54,253,-199,-216.91,26-APR-026,"KINGSLEY OP",94
200769,"FRYING PAN 20CM FALU ZHNBAROLY SJ20",169,4,4,0,0,25-APR-026,PHILEMON,360
197985,"MCBERRY PURE DELIGHT CHOCOLATE COOKIES 54G 144",1.99,54,57,-3,-5.97,25-APR-026,DERRICK,96
198046,"WALL CLOCK 35X35X42CM 36404",109,3,3,0,0,25-APR-026,"GAD ",471
25920,"CUTLERY KNIFE STAND PLASTIC YWU",26.9,6,6,0,0,25-APR-026,OTHNIEL,340
65161,"LORENZ CRUNCHIPS NATURAL CLASSIC 100GMS  12",50.99,7,15,-8,-407.92,25-APR-026,"FELIX BOADU",153
95853,"EGG TRAY CAPACITY 15EGGS PLASTIC 726 YWU",19.9,5,5,0,0,25-APR-026,PATIENCE,344
96468,"JOHNWEST TUNA CHUNKS IN SUNFLOWER OIL 125G 12",39.99,43,43,0,0,26-APR-026,"EMMANUEL MENSAH",124
94740,"FRIDGE BOTTLE 1000ML DLX VEGAS",9.9,35,30,5,49.5,26-APR-026,GILBERT,312
99480,"MOUNTING TAPE DOUBLE SIDE 2PCS 5MX18CM",9.99,24,25,-1,-9.99,26-APR-026,GILBERT,294
117665,"DUSTPANBRUSH SET WRUBBER PICKPLASTIC UR3249",26.9,7,21,-14,-376.6,25-APR-026,WISE,450
119335,"KERRYGOLD WHITE CHEDDAR BLOCK 25KG  8",599.99,1,1,0,0,25-APR-026,EMMANUEL,133
110064,"ARTIFICIAL BALL FLOWER 3BUNCH 64CM 20200925",16.9,2,5,-3,-50.7,25-APR-026,ESINAM,461
112575,"RUG COTTON 50X80CM ASSORTED",44.9,17,19,-2,-89.8,26-APR-026,VINOLIA,444
138724,"SANITA TT CLUB 300SH 2R  20",25.99,17,28,-11,-285.89,25-APR-026,TITUS,21
148792,"CLOTHES STAND 2LAYER METAL YWU",219,1,11,-10,-2190,25-APR-026,FRANCIS,527
162461,"COFFEE TABLE GLASS TOP 1200X600X450 LCT1051",1499,1,1,0,0,26-APR-026,FRANCIS,524
160319,"PYREX CONTAINER WLID 17L 217P0007645",129,7,7,0,0,26-APR-026,SYLVIA,429
167055,"SHOE BOX PLASTIC 56572",169,3,3,0,0,26-APR-026,SHADRACK,521
179451,"KITCHEN SCALE CHN BC50U4V0",169,4,4,0,0,25-APR-026,OWUSU,372
178141,"VACCUM  MUG WSTRAW 1200ML SSTEEL STAN TYPE YWU",99,5,5,0,0,25-APR-026,"MICHAEL DADZIE",308
186681,"DISH RACK PLASTIC RJK YC50",99,5,5,0,0,25-APR-026,NASHIBA,336
18348,"SAN PELLEGRINO SPARKLING WATER 75CL 12",26.99,15,27,-12,-323.88,25-APR-026,DELIGHT,85
197847,"HEADPHONES BLUETOOTH MINNIE MOUSE DY9955MMA",169,2,2,0,0,25-APR-026,NYARKO,178
37056,"PANTENE PROV CONDITIONER COLOURED HAIR 400ML 6",59.99,9,7,2,119.98,26-APR-026,"PAUL OWUSU",38
205769,"NASCO CHEST FREEZER SD 212L WGLASS NAS275WADS",3399,1,1,0,0,25-APR-026,"JOSEPH PATRICK",205
80959,"CUP WSTRAW AND DOME LID 500ML KIDS PLASTIC YWU",24.9,7,7,0,0,25-APR-026,"MICHAEL DADZIE",309
65904,"SUNNY GOLD TOM BROWN BOTTLE 1KG 6",70.99,11,11,0,0,26-APR-026,SOLOMON,78
06968,"KASAPREKO LIME CORDIAL 750ML 12",29.99,23,23,0,0,25-APR-026,MAHAMA,115
100983,"CURTAIN POLYESTER 52X84  WHANGER SI001",149,2,3,-1,-149,25-APR-026,"GERALD SACK ",481
102312,"PEAK MILK POWDER GREEN SACHET 10 12 20G  12",26.99,40,66,-26,-701.74,26-APR-026,"DAVID BRUNO",80
14825,"DEVA SOFTENER SENSITIVE 1L  12",43.49,7,7,0,0,25-APR-026,ALVIN,15
160223,"ULTRA COMPACT MEN BODY MIST DYNAMIC 100ML 48",25.99,5,11,-6,-155.94,25-APR-026,ELLA,35
170935,"WARDROBE 6DR W2DRW AMARULA SIENA 5564590",3090,1,2,-1,-3090,26-APR-026,SHADRACK,521
192569,"GIFT BAG 26X32X10 9108",10.99,11,11,0,0,25-APR-026,MORGAN,324
193406,"GREATEST RUSSIAN SHORT STORIES DELUXE HARDBOUND ED",79,5,5,0,0,26-APR-026,"JERUSHA ",288
192675,"GIFT BAG MEDIUM 210G 26X32X125 KR16222M912",14.99,12,10,2,29.98,25-APR-026,MARYLAND,301
190657,"WALKER WPIANO RACK",299,1,1,0,0,25-APR-026,HANNAH,275
192308,"POSTER PAINT AT58808P",15.9,9,9,0,0,26-APR-026,GIDEON,294
198494,"BATH GLOVE POLYESTER YWU",9.9,99,99,0,0,25-APR-026,VINOLIA,441
45430,"PEPSODENT HERBAL SALTMINT 130G  72",18.99,75,86,-11,-208.89,25-APR-026,"BOADI STEPHEN",54
205673,"FRUTAS TREASURE RED GRAPE SPARKLING JUICE 275ML 24",27.49,24,29,-5,-137.45,26-APR-026,DELIGHT,88
65457,"JACOB CREAM CRACKER 300G 12",49.99,5,5,0,0,25-APR-026,DERRICK,96
61238,"EVP EASY TIE TRASH BAG BLACK XL 100L 10PCS  12",33.99,6,6,0,0,25-APR-026,"ARTHUR JONADAB",26
64003,"NIVEA MEN DEO ROLL ON FRESH ACTIVE 50ML 30",37.99,20,20,0,0,26-APR-026,WONDER,36
93555,"BAUDUCCO WAFER WITH VANILLA FILLING 30G 168",3.49,192,181,11,38.39,25-APR-026,ATITOGO,160
92415,"WATER BOTTLE 400ML PLASTIC YWU",16.9,6,7,-1,-16.9,26-APR-026,GILBERT,312
08007,"BB COCKTAIL DE FRUITS  330ML 24",13.49,38,36,2,26.98,25-APR-026,DELIGHT,86
100739,"CLEANING DUSTER 90M POLYESTER SSTEEL YWU",39.9,7,24,-17,-678.3,25-APR-026,WISE,448
114485,"CASSEROLE 2800ML GLASS TEMPERED G27003",119,3,10,-7,-833,26-APR-026,GLADYS,430
126039,"WATER COLOUR CAKE MINI DOMS 15MM 15 SHADES 7939",7.9,5,9,-4,-31.6,26-APR-026,"MICHAEL DADZIE",295
132031,"TEA SPOON 6PCS 15CM 22G DYC3 YWU",34.9,9,10,-1,-34.9,25-APR-026,OWUSU,370
153240,"FRUTAS TREASURE FRESH GRAPE JUICE 100 JUICE 500ML",48.99,14,26,-12,-587.88,26-APR-026,DELIGHT,88
149975,"BOXING TRADING SFKICKBOXSTAND",3499,1,1,0,0,25-APR-026,"GEORGE PUPLAMPU",467
164193,"ENAPA MACKREL IN TOMATO SAUCE EASY OPEN 200G  48",12.99,22,61,-39,-506.61,26-APR-026,"EDDIE MENSAH",90
166271,"LAV TUMBLER 6PCS SET LVLBR317F",89,5,5,0,0,25-APR-026,SOMUAH,415
157771,"WHYTEHALL BRANDY RESERVA WMC 750ML 12",79.99,3,3,0,0,25-APR-026,MAHAMA,115
160890,"SERVING BOWL MELAMINE 10 INCHES FEILU 77910",16.9,43,43,0,0,25-APR-026,REGINA,386
160159,"MUSICAL DISCO MAT PEVA 100X87CM DW8016",249,3,3,0,0,25-APR-026,HANNAH,273
175391,"MUNCHEE BANANA CRUNCH BISCUIT 26G  72",1.39,52,56,-4,-5.56,25-APR-026,DERRICK,96
167404,"DINNER PLATE PORCELAIN 1025 PDP1025 RJK",9.9,10,19,-9,-89.1,25-APR-026,SOMUAH,411
186939,"HAPPY BIRTHDAY PLATES SET 20PCS MIX DESIGN",16.9,10,10,0,0,25-APR-026,HADASSAH,268
18730,"MIND SNACKS GRANOLA 200G  20",50.99,8,8,0,0,25-APR-026,"KINGSLEY OP",91
194641,"COOKING POT 28CM FALU ZHN 114528",399,3,4,-1,-399,25-APR-026,"NANA KOJO",364
35550,"RAMBO BEEF PATE 400G  20",26.99,10,26,-16,-431.84,26-APR-026,OTHNIEL,126
22459,"DINNER PLATE MELAMINE 10 INCHES ZHN B019",18.9,6,57,-51,-963.9,26-APR-026,REGINA,391
83961,"AKAI AVR 5KVA DIGITAL AVR048AD5KVA",1799,1,2,-1,-1799,25-APR-026,DANIEL,256
90089,"STUDDS JADE FULL FACE MB HELMET MEDIUM 57CM",329,11,3,8,2632,25-APR-026,"GEORGE PUPLAMPU",467
51343,"KIS MINT BARLEY CANDY 150G 24",14.99,32,33,-1,-14.99,26-APR-026,"EDDIE MENSAH",90
67737,"MALTA GUINNESS PET 330ML  12",11.49,67,394,-327,-3757.23,25-APR-026,DELIGHT,86
N068,"KRIS HANDBODY LOTION SENSUAL PINK 200ML 36",10.49,24,13,11,115.39,26-APR-026,TITUS,21
D587,"ROYAL FEAST THAI RICE 5KG 5",169.99,16,16,0,0,25-APR-026,GIDEON,69
X030,"KEY SOAP BAR 1000G 16",36.99,29,32,-3,-110.97,26-APR-026,ALVIN,17
95672,"AMALFI BATH  SHOWER GEL COCONUT MILK 750ML  16",29.99,21,21,0,0,25-APR-026,"ANANE KOJO",21
107633,"JUVER EXOTIC MANGO JUICE 1L 10",36.99,15,15,0,0,25-APR-026,DORIS,102
109854,"FIRST PADDED BOARD BOOKS",16.99,32,55,-23,-390.77,25-APR-026,JERUSHA,287
120198,"LED CEILING LIGHT FLOWER ROUND MULT COLS 3063",149,1,5,-4,-596,25-APR-026,KWAFO,166
144447,"PAPER FILE PF999 259228259235259242259259E",2.9,198,803,-605,-1754.5,25-APR-026,MARIAM,290
145809,"BELPAK CLASSIC T ROLL 10 ROLLS    6",36.99,4,4,0,0,25-APR-026,BISMARCK,44
162323,"PASTA LADLE SS WOOD HANDLE ILC MC73205 RJK",19.9,12,47,-35,-696.5,25-APR-026,OWUSU,369
171656,"THE BALLAD OF LORD EDWARD AND CITIZEN SMALL",135,5,5,0,0,26-APR-026,"JERUSHA ",288
179757,"LIPICE SUNCARE LIP BALM SINGLE PK12",19.49,1,6,-5,-97.45,25-APR-026,"ABIGAIL YEVUGAH",158
185183,"NIVEA DEO SENSITIVE PROTECT MENS 250ML 6",70.99,8,9,-1,-70.99,25-APR-026,ELLA,34
193141,"PLUSH TOY 70CM",379,1,2,-1,-379,25-APR-026,HANNAH,276
190733,"MANICURE 7PCS SET YWU",24.9,1,1,0,0,25-APR-026,HADASSAH,267
192290,"LED CHANDELIER VB260",429,1,1,0,0,25-APR-026,KWAFO,167
200226,"HH CANNED MUSHROOM PIECES 400G  12",18.99,19,29,-10,-189.9,26-APR-026,GLADYS,71
204407,"MCPHILIX PLANTAIN CHIPS RIPENED KELEWELE 200G  40",35.99,33,32,1,35.99,26-APR-026,MAHAMA,119
206600,"AER POWER POCKET LAVENDER 120",11.49,48,113,-65,-746.85,25-APR-026,ABASS,2
74487,"UMBRELLA 3 FOLD B",75,25,24,1,75,25-APR-026,RANDY,33
49202,"DEVA SOFTENER  LAVENDER  25L  6",110.99,3,3,0,0,25-APR-026,ALVIN,15
71134,"MILO ALL IN ONE NUTRIMIX 800GM 12",103.99,66,73,-7,-727.93,25-APR-026,"DAVID BRUNO",79
107987,"AKAI CEILING FAN 36 EF105A3658BG",349,14,11,3,1047,26-APR-026,AKAYIRI,207
126217,"AIRPRO AFRESHNER ORGANIC CAN WILD SBERRY 42G  24",39.99,4,21,-17,-679.83,26-APR-026,ABIGAIL,5
128926,"PAPER PUNCH NOPERFO30 170752ELP",79,12,12,0,0,26-APR-026,GILBERT,294
132399,"GIFT WRAP PAPER WHITEPINKBLU 2P 53X75CM SXX2252",9.99,3,10,-7,-69.93,25-APR-026,HADASSAH,266
155802,"RAZNUTS COATED PEANUTS WITH CHOCOLATE 120G",28.49,35,11,24,683.76,26-APR-026,MAHAMA,119
153268,"LAV STEMWARE 3PCS SET LVMIS552A",59,8,8,0,0,25-APR-026,SOMUAH,414
172766,"FOLDING CABINET PP ANTHRACITE 55LT EH34603",399,2,3,-1,-399,25-APR-026,PATIENCE,344
167795,"DUSTPAN WBRUSH PLASTIC 1606 YWU",16.9,15,16,-1,-16.9,25-APR-026,WISE,450
167129,"BEAUTY FORMULAS CHARCOAL CLAY MASK 100ML  12",28.99,13,14,-1,-28.99,26-APR-026,"BOADI STEPHEN",52
179987,"CURTAIN YD PL GROMT TAUPE 54X90 24EHM003",169,7,6,1,169,25-APR-026,ESINAM,485
186089,"WHISKEY GLASS SET 6PCS 330ML CLEAR P4131F6 RJK",59,12,9,3,177,26-APR-026,SOMUAH,416
190641,"SWIMMING VEST",21.9,6,7,-1,-21.9,25-APR-026,CHARLES,465
206915,"DESSERT CUP GLASS BLINKS LDS LZ1315",13,47,48,-1,-13,26-APR-026,SYLVIA,426
57745,"COKE PET 1L 6",14.99,11,97,-86,-1289.14,26-APR-026,DELIGHT,87
58190,"COLGATE TOOTHBRUSH ZIGZAG PLUS MEDIUM  120",12.99,8,48,-40,-519.6,25-APR-026,"BOADI STEPHEN",53
53442,"COLGATE TOOTHPASTE TOTAL ADVANCED 75ML  48",37.99,20,21,-1,-37.99,25-APR-026,"BOADI STEPHEN",54
92239,"SUNNY GOLD BROWN SUGAR CUBES 500G 12",27.99,10,10,0,0,25-APR-026,"EMMANUEL MENSAH",122
102513,"MOMEASY APLUS BABY SPOON WFORK SET 45341",20.9,6,6,0,0,26-APR-026,AKAYIRI,267
107930,"DINNER PLATE MELAMINE 10 INCHES ZHN B020105",16.9,30,55,-25,-422.5,26-APR-026,BLESSING,407
113100,"TROPICAL SUN COCONUT MILK 400ML  12",39.99,10,10,0,0,26-APR-026,"NANA ADJEI",81
113270,"PRAN ALLTIME POTATO SPICY BISCUITS 100G  48",9.99,22,31,-9,-89.91,25-APR-026,DERRICK,95
131076,"ROMAR REFILL AUTOM AIR FRESH SEA BREEZE 250ML  6",48.99,1,12,-11,-538.89,26-APR-026,ABIGAIL,5
163425,"ICE QUEEN CLASSICO DOUBLE CHOCOLATE 85ML 24",17.99,1,1,0,0,26-APR-026,EMMANUEL,135
158112,"CUTLERY HOLDER  16X12X16CM PP52700",39.9,9,9,0,0,25-APR-026,OTHNIEL,340
168328,"ARTIFICIAL PLANT 3COLOR MIX 47CM",249,4,5,-1,-249,25-APR-026,HAYFORD,460
179890,"GARDEN EGGS PACK FM",16.99,1,1,0,0,25-APR-026,JIMOH,134
177909,"FRESH POPS BANANA 6X6 20G  24",4.39,29,30,-1,-4.39,25-APR-026,"EMMANUEL MENSAH",121
187087,"GOLDMAN PARANI GARI MIX SACHET 125G  40",9.49,1,1,0,0,25-APR-026,"FELIX BOADU",66
188007,"BUCKET WLID PLASTIC 10 TTC HL0063TTCP",24.9,5,5,0,0,25-APR-026,MORGAN,323
194628,"WATER GUN 56CM ASST COL HCL O51008",135,2,2,0,0,25-APR-026,HANNAH,274
36650,"EVERYDAY SPICY BEEF SAUSAGE 500G 20",38.99,4,6,-2,-77.98,26-APR-026,NYARKO,182
32414,"ZESTA GREEN TEA 25 X 2G  12",23.99,1,1,0,0,25-APR-026,AKORFA,59
205679,"UNCLE T ORIGINAL JUICE BOTTLE 355ML 24",37.99,23,23,0,0,26-APR-026,DELIGHT,88
67999,"EVP COFFEE CUP CLEAR 80CC SINGLE LAYER 20X100 20",13.49,21,23,-2,-26.98,25-APR-026,"ARTHUR JONADAB ",26
96901,"CLOTH PEG 20PCS SET PLASTIC 8837 YWU",7.9,17,20,-3,-23.7,25-APR-026,VINOLIA,439
07503,"HENNESSY VS COGNAC 1L  12",749.99,4,4,0,0,25-APR-026,EMMANUEL,129
100814,"LA SALUD COLOR CLOTHING DETERGENT GEL 4L  4",139.99,4,4,0,0,26-APR-026,ALVIN,15
106810,"SHINE GARBAGE BAGS 20L   30   12",25.49,11,13,-2,-50.98,25-APR-026,"ARTHUR JONADAB",26
110115,"KENWOOD KETTLE 17L 2200W ZJP00000WH",499,1,1,0,0,25-APR-026,LESTER,248
111646,"OLD SMUGGLER WHISKY 700ML 6",136.99,6,6,0,0,25-APR-026,MAHAMA,118
134077,"VARTA LITHIUM BATTERY CR2430 BLISTER 1",62,8,9,-1,-62,25-APR-026,NTUMY,161
134618,"BOBM TICK  FLEA SHAMPOO CATS 200ML  6",119.99,5,2,3,359.97,25-APR-026,ABASS,1
150961,"ASEDA EGGS 15 PACKS 1",48.99,3,6,-3,-146.97,25-APR-026,EMMANUEL,133
161184,"KENWOOD CHEST FREEZER SD 248L CFR25000WH",4649,1,1,0,0,25-APR-026,AKAYIRI,204
168868,"KNIFE SET 4PCS 45 CPNEW01BSLERE4PB RJK",14.9,1,1,0,0,25-APR-026,NASHIBA,335
168228,"BEDSHEET SET KG MICRO PEACH 3PCS 90GSM 03BT0797K",99,4,28,-24,-2376,25-APR-026,GILBERT,497
190659,"STRESS BALL ASSORETD 9CM 103G",16.99,13,14,-1,-16.99,25-APR-026,HANNAH,275
190062,"LORENZ CRUNCHIPS SOUR 100G  12",45.99,7,31,-24,-1103.76,25-APR-026,"FELIX BOADU",153
19822,"ENERGIZER BATTERY ALKALINE C MAXC 1X8 6PK",77.9,13,13,0,0,25-APR-026,NTUMY,161
204926,"DINNER PLATES 6PCS SET SQ PLASTIC P48",49.9,10,10,0,0,25-APR-026,NASHIBA,334
205531,"NASCO WASHING MACHINE TT 10KG NASTTJS100",2299,1,1,0,0,25-APR-026,JUSTICE,189
89689,"BINATONE KETTLE 17L 2200W DW CEJ 1799DW",619,4,5,-1,-619,25-APR-026,LESTER,248
X937,"EVEN FULL CREAM UHT MILK 1L 12",53.99,18,46,-28,-1511.72,26-APR-026,"GEORGE PUPLAMPU ",82
N747,"COWBELL CHOCOMALT 35G 120",5.99,120,123,-3,-17.97,25-APR-026,DAVID,BRUNO
91876,"BINATONE DRY IRON 1100W HEAVY DI12651266",315,8,9,-1,-315,25-APR-026,"KINGSLEY OP",219
103271,"AKAI COFFEE MAKER 15L CM004A1051",375,1,9,-8,-3000,25-APR-026,"COLLINS HAMMOND",235
108134,"CURTAIN 52X84  W8GROMMET J2020825",139,11,1,10,1390,25-APR-026,"GERALD SACK ",478
14712,"EASY MOUZOO MANGO  TETRAPACK JUICE 1L 12",23.99,10,24,-14,-335.86,25-APR-026,DORIS,102
140024,"MUSHROOMAPL PACK",29.99,1,1,0,0,25-APR-026,JIMOH,134
149763,"BAKING LADDLE SOUP SILICONE ILB BD600KA0408 RK",29.9,1,1,0,0,25-APR-026,OWUSU,369
164231,"BATH MAT 50X80CM BM3835",55,3,3,0,0,26-APR-026,"SAMUEL ADDO",402
162756,"LUNCH BOX 2000ML GGK S48006",239,11,11,0,0,25-APR-026,"MICHAEL BOYE",304
168227,"BEDSHEET SET QN MICRO PEACH 3PCS 90GSM 03BT0796Q",89,16,19,-3,-267,26-APR-026,GAD,474
179198,"MAGIC NANO TAPE 3CMX3M YW",29.9,30,30,0,0,26-APR-026,GIDEON,294
191898,"KENWOOD RICE COOKER 28L 1000W SS RCM28",749,1,8,-7,-5243,25-APR-026,"COLLINS HAMMOND",232
38042,"PARIDOX ALATA SAMINA BSGEL COCOA 450ML 20",41.99,14,22,-8,-335.92,26-APR-026,ALVIN,17
CL735,"BUCKET 3LTR TRANSPARENT 18CMX19CM",9.9,17,17,0,0,25-APR-026,MORGAN,323
101409,"SHOE RACK FOLDABLE 5LAYER SS 56X21X91CM Z5 RJK",199,3,4,-1,-199,25-APR-026,FRANCIS,527
117082,"BLING DISHWASH GEL MAGIC LEMON 750ML  12",14.99,12,19,-7,-104.93,25-APR-026,ALVIN,13
115545,"FLOWER WPOT 20CM BLACK ZL2116",59,1,1,0,0,25-APR-026,SHADRACK,510
124652,"AMALFI HAND SOAP PROVENCE HERBS 500ML  12",22.99,9,9,0,0,25-APR-026,BISMARCK,43
132935,"SERVING BOWL MELAMINE 8 INCHES FEILU 32108",9.9,67,66,1,9.9,25-APR-026,ROBIN,392
141778,"JAGERMEISTER 100ML 48",83.99,18,19,-1,-83.99,25-APR-026,EMMANUEL,129
156230,"PLATE 27CM P43003",8.9,16,1,15,133.5,26-APR-026,BLESSING,409
15886,"BINE MULTI PURPOSE LIQUID SOAP 1L  12",18.99,11,23,-12,-227.88,25-APR-026,ALVIN,13
168886,"KWV 5YEAR BRANDY 750ML 12",149.99,8,8,0,0,25-APR-026,MAHAMA,115
167291,"XMAS TREE WLIGHT 15M 165 220V",1799,1,1,0,0,25-APR-026,DANIEL,XMAS
188100,"SUITCASE CHAMPAGNE ABS 24 K39",749,1,1,0,0,25-APR-026,MARYLAND,296
18348,"SAN PELLEGRINO SPARKLING WATER 75CL 12",26.99,12,27,-15,-404.85,25-APR-026,EZEKIEL,149
X615,"PRINGLES ORIGINAL 40G 12",19.99,13,14,-1,-19.99,26-APR-026,NASHIBA,89
09239,"SANKOFA PLANTAIN CHIPS SPICY SWEET CHILI 50G  25",14.99,21,22,-1,-14.99,26-APR-026,MAHAMA,120
101850,"CELLO LUNCH BOX PLASTIC ENIGMA MEDIUM",29.9,22,23,-1,-29.9,25-APR-026,"MICHAEL BOYE",306
112543,"SLOTTED LADLE S SSNYLON LX165599B YWU",9.9,35,35,0,0,25-APR-026,DANIEL,KITCHEN
134926,"LE COQ ALCOHOLIC CUBA LIBRE BOTTLE DRINK 330ML 24",30.99,20,20,0,0,25-APR-026,APPIAH,109
137271,"TORENTOREN WAFERS STRAWBERRY D FLAVOUR CW 55G 144",6.29,65,154,-89,-559.81,26-APR-026,ATITOGO,160
164132,"SOAP DISPENSER PUMP BLACKSTORY PLASTIC 161240010",24.9,13,13,0,0,25-APR-026,VINOLIA,439
166376,"COLANDER WLONG HANDLE 255CM SSTEEL XY2312",39.9,1,1,0,0,25-APR-026,"PAUL OWUSU",354
175532,"DOWN ALTENATIVE PILLOW 50X75CM",329,2,16,-14,-4606,25-APR-026,SHADRACK,514
18464,"PRAN FROOTO MANGO JUICE 1500ML 6",34.99,6,17,-11,-384.89,26-APR-026,EMMANUEL,127
182537,"CONTAINER 3PCS SET RECT CLEAR   PP63600",69,1,1,0,0,25-APR-026,"NANA ADJEI",329
192813,"SERVING BOWL MELAMINE 11INCH 7311",27.9,40,41,-1,-27.9,25-APR-026,REGINA,386
191720,"MYBISCUIT DIGESTIVES CHOCO BISCUIT 600G 12",79.99,2,79,-77,-6159.23,25-APR-026,DANIEL,XMAS
190652,"EDUCATIONAL TABLE",279,2,1,1,279,25-APR-026,JUSTICE,270
200349,"BALENCIA SWEET CORN CAN 425G 24",17.99,20,20,0,0,25-APR-026,GLADYS,71
197376,"MIDEA CHEST FREEZER SD 198L INVERTER MDRC362FZG43D",3299,1,1,0,0,25-APR-026,AKAYIRI,204
66603,"ALEDA BODY SPRAY AIR FORCE MEN 200ML  48",37.99,15,16,-1,-37.99,26-APR-026,ELLA,35
61041,"12  MATTRESS 54X75 INCH ORTHOPEDIC PILLOWTOPDM",5490,1,2,-1,-5490,25-APR-026,SHADRACK,511
54412,"BELAQUA NATURAL MINERAL WATER  750ML  16",2.49,5,75,-70,-174.3,25-APR-026,EMMANUEL,135
69153,"AWAKE MINERAL WATER 15L  12",5.89,84,89,-5,-29.45,25-APR-026,EZEKIEL,149
95737,"AMALFI  SHAMPOO FAMILIAR NATURAL CREAM 750ML  16",32.99,5,12,-7,-230.93,25-APR-026,"BENEDICT ABBEY",38
90468,"MATA SLICE MUSHROOMS 400G  24",21.99,5,5,0,0,26-APR-026,GIDEON,71
105476,"KENWOOD BLENDER WMILL 15L 500W BLP15150BKWH",855,1,3,-2,-1710,25-APR-026,PRINCE,224
115335,"MAXIM SCALP TREATMENT HAIR FERTILI OILUMO 100 40",34.99,5,9,-4,-139.96,26-APR-026,"BENEDICT ABBEY",38
111393,"LEVEL ACTIVITY BOOK 3 W5TITLES ED786",24.9,31,31,0,0,25-APR-026,"JERUSHA ",284
111821,"PERK MILKRICH COOKIES 81G  36",7.49,11,11,0,0,25-APR-026,DERRICK,95
134439,"KRACKS CHIPS ORIGINAL 45GC  12",24.49,3,3,0,0,25-APR-026,APPIAH,114
132816,"PETIT NAVIRE WHOLE TUNA NATURAL ALBACORE 132G  48",26.99,90,93,-3,-80.97,26-APR-026,"EMMANUEL MENSAH",124
130173,"GLASS STEMM EQUIP HOME FTE 17CL  FRC J1102",32.9,23,23,0,0,25-APR-026,SYLVIA,426
148007,"PAINTING FLOWER WALUMINUM ALLOY FRAME 50X50CM",209,2,8,-6,-1254,26-APR-026,SHADRACK,521
151565,"GALAXY CONCEPT SPRAY  KNOCKOUT 200ML 12",31.99,13,12,1,31.99,26-APR-026,ELLA,35
174373,"ULTRA COMPACT NAIL POLISH REMOSTRAWBERRY 125ML 48",18.99,85,83,2,37.98,26-APR-026,MABEL,36
171788,"TASTY TOM STEW SEASONING POWDER 10G  600",1.29,106,165,-59,-76.11,25-APR-026,GIDEON,67
179925,"WALL CLOCK 305X30X42 ZC1207B",85,9,10,-1,-85,25-APR-026,GAD,472
17856,"GECKO RIDGE CHARDONNAY 2024 WINE 750ML 6",76.99,4,4,0,0,25-APR-026,APPIAH,113
176377,"VINETIS STEM F4 400ML FRC V7579",249,3,4,-1,-249,25-APR-026,"STEPHEN ACQUAH",418
31227,"CONDOR PEAK RED DRY WINE 750ML 12",79.99,6,12,-6,-479.94,25-APR-026,APPIAH,111
98607,"PARLE CHOCO RINGS  BISCUITS 52G  48",2.29,24,47,-23,-52.67,26-APR-026,"KINGSLEY OP",94
105231,"HOMEFOODS PURE PALM OIL 1L 12",90.99,8,8,0,0,26-APR-026,"NANA ADJEI",48
106818,"SHINE PAPER PLATES SQUARE 18CM  25PCS  20",20.49,15,1,14,286.86,26-APR-026,DORIS,24
107628,"JUVER  DISFRUTA TROPICAL FRUITS JUICE 2L 6",61.99,4,4,0,0,25-APR-026,KWAFO,103
126676,"WALL CLOCK SAKURA 285X285X45 3208N",69,7,7,0,0,25-APR-026,"GAD ",471
131900,"TOUCH LIQUID SOAP LEMON 200ML  12",5.29,1,2,-1,-5.29,25-APR-026,ALVIN,14
147322,"CURTAIN WGROMMET BLUE 54X90 02PA6642C",99,6,6,0,0,25-APR-026,"GERALD SACK ",478
149050,"SANKOFA PLANTAIN CHIP SWEET CHILI  JOLLOF 140G  10",41.99,4,4,0,0,25-APR-026,"FELIX BOADU",153
164754,"MANGO  PINEAPPLE JUICE 500ML",29.99,5,5,0,0,25-APR-026,JIMOH,134
168519,"MIRROR 2COLOR MIX 3PCS SET 67X27",99,2,2,0,0,25-APR-026,GAD,472
177373,"NASCO AIR PURIFIER AP5109CB",2299,1,1,0,0,25-APR-026,JUSTICE,186
183422,"PHILIPS LED TRACK LIGHT 4000K WHITE COL  911401833",259,2,4,-2,-518,25-APR-026,KWAFO,169
18413,"MCVITIES DIGESTIVE BISCUIT 250G 24",43.99,11,23,-12,-527.88,25-APR-026,DORIS,98
193273,"PAINT MARKER FINE TIP WATER BASED 630206BOX",9.9,1,6,-5,-49.5,26-APR-026,GIDEON,294
191074,"REALMAN MANLY FRAGRANCE FRESH MORNING 150ML 72",50.99,26,41,-15,-764.85,25-APR-026,ELLA,33
206600,"AER POWER POCKET LAVENDER 120",11.49,6,113,-107,-1229.43,25-APR-026,NTUMY,163
D797,"TASTY TOM TOMATO PASTE EO 400GMS 24",16.99,4,4,0,0,26-APR-026,GIFTY,63
S950,"KRIS HANDBODY LOTION SENSUAL PINK 100ML 72",6.49,15,39,-24,-155.76,26-APR-026,MABEL,36
103768,"GIVERS LIQUID DETERGENT 200ML 25",5.99,5,37,-32,-191.68,25-APR-026,ALVIN,14
127760,"PAPER PACK DOLLIES 100PCS 255CM YWU",4.9,41,40,1,4.9,25-APR-026,"ALHASSAN RANDY",382
146641,"ELTRUT POTATO SAMOSA 8PCS  380G 1",50.99,5,19,-14,-713.86,26-APR-026,EVELYN,143
147065,"APPLE ROYAL GALA FRESH PACK",45.99,1,7,-6,-275.94,25-APR-026,JIMOH,134
163426,"ICE QUEEN CLASSICO WITH ALMOND 100ML 12",29.99,1,1,0,0,26-APR-026,EMMANUEL,135
161547,"HELLMANNS REAL MAYONNAISE SQUEEZY 250ML X 8",58.99,8,8,0,0,25-APR-026,SOLOMON,73
162671,"SERVING BOWL MELAMINE 10 INCHES FEILU 74101",34.9,6,9,-3,-104.7,25-APR-026,REGINA,386
161584,"DZIRE CEILING FAN 36 WHITE CF 36 WHOB",349,1,10,-9,-3141,25-APR-026,AKAYIRI,207
168862,"KNIFE FRUIT 6PCS 325 SILHMJ6FK RJK",19.9,8,13,-5,-99.5,25-APR-026,NASHIBA,335
169163,"DERRBY SHAVING STICK SAMURAI BLASTER PK6 9",59.99,5,7,-2,-119.98,25-APR-026,"BOADI STEPHEN",54
168549,"HH RICH TEA CREAMS CHOCOLATE 32G  72",1.39,65,36,29,40.31,25-APR-026,DERRICK,96
179511,"DZIRE HOME THEATRE 21CH 53W HT212SIM2023",1049,1,1,0,0,25-APR-026,JUSTICE,188
181827,"CERAMIC DINNER PLATE ROUND 105INCHES LDS003",29.9,16,16,0,0,25-APR-026,SOMUAH,411
179247,"PAPER COLOR CRIMPED RIM FOR DIY 50250CM YW",7.9,1,1,0,0,25-APR-026,MARIAM,290
185324,"BATHMAT NAVY 50X80CM MP 1600GSM TR3090",109,6,1,5,545,26-APR-026,VINOLIA,445
202580,"FROSTED SMALL DISH 34 C06531M",4.9,78,78,0,0,26-APR-026,"SAMUEL ADDO",403
205405,"FRUTAS TREASURE 100 NAT ORANG MULT JUICE 750ML 12",45.99,11,11,0,0,25-APR-026,DORIS,99
72483,"TUMBLER 6PCS SET DUBAI 76640200913352",59,5,5,0,0,25-APR-026,"STEPHEN ACQUAH",420
109125,"LED CEILING LAMP 12W SQUARE LD400812W",99,6,6,0,0,25-APR-026,KWAFO,169
118764,"BRUHM GAS COOKER 4B 50X50 GRILL SILVER BGC5540IS",2299,1,1,0,0,25-APR-026,MABEL,260
135328,"MADAR POWDER BUCKET 1KG 6",52.99,4,6,-2,-105.98,26-APR-026,"ARTHUR JONADAB",28
135884,"FABER CASTELL TEXTLINER YELLOW HIGHLIGHTER 154807",6.99,8,10,-2,-13.98,26-APR-026,"MICHAEL DADZIE",295
157011,"CURTAIN GROMMET SAGE 55X90 EHML01SA",169,1,1,0,0,25-APR-026,ESINAM,486
175032,"ALPHABET WRITING CAPSMALL 2 IN 1 L286 EB1208",16.9,23,22,1,16.9,25-APR-026,"JERUSHA ",284
168122,"FILLED CUSHION P EMBD 45X45CMGEOMETRY5 DC257",139,10,12,-2,-278,25-APR-026,GLADYS,504
180104,"DOVE BAR SOAP 90G MEN EXTRA FRESH 48",16.99,50,71,-21,-356.79,26-APR-026,ALVIN,18
18459,"FOUR SPECIAL SWEET RED WINE 750ML 6",60.99,2,35,-33,-2012.67,25-APR-026,APPIAH,111
198765,"DINNER PLATE 10INCHES RECT CERAMIC GGK YWU",49.9,24,24,0,0,25-APR-026,BLESSING,410
89234,"FLOOR MAT 38X58CM ASTD JSMA004",34.9,40,40,0,0,26-APR-026,"STEPHEN ACQUAH",423
95402,"COKE PET 300ML 12",6.49,20,123,-103,-668.47,26-APR-026,DELIGHT,87
107226,"20KG WEIGHT SET PVC BOX YORK FITNESS DWS20KG",899,1,2,-1,-899,26-APR-026,"GEORGE PUPLAMPU",467
115917,"PEDAL PULLER BLUEPINK",125,1,1,0,0,25-APR-026,CHARLES,466
115181,"BABY WALKER WMUSIC YW619",329,5,6,-1,-329,25-APR-026,DANIEL,XMAS
111402,"EDUCATIONAL CHART W15TITLE HARD LAMINATED ED795",31.9,40,48,-8,-255.2,26-APR-026,MARIAM,293
111552,"CHIGO FRIDGE DD 212L CRT24C8",4699,1,1,0,0,25-APR-026,NYARKO,174
122871,"SERVING BOWL MELAMINE 8 INCHES FEILU 4548",4.9,38,45,-7,-34.3,25-APR-026,ROBIN,392
132832,"DINNER PLATE MELAMINE 11 INCHES FEILU 1611",12.9,1,7,-6,-77.4,25-APR-026,REGINA,390
151587,"GALAXY PLUS XPOSE DEO SPRAY  RED 200ML 12",31.99,5,6,-1,-31.99,26-APR-026,ELLA,35
163175,"BOROSILICATE BOWL  3PCS SET HBG301 LTREND",159,1,1,0,0,26-APR-026,SOMUAH,431
162803,"CURTAIN JACQUARD 54X90 PINK S1259",199,9,9,0,0,25-APR-026,"GERALD SACK ",481
162706,"DINNER PLATE MELAMINE 12 INCHES FEILU 391212",18.9,72,72,0,0,26-APR-026,BLESSING,409
168107,"FILLED CUSHION P JAQUARD 45X45CMYELLOW DC255",129,1,12,-11,-1419,25-APR-026,SHADRACK,516
169160,"ROMAR AIR REFRESHNER VANILLA 750ML   6",68.99,3,4,-1,-68.99,25-APR-026,ABASS,2
184335,"TONG SS SALAD 9 60520",12.9,12,22,-10,-129,25-APR-026,"NANA KOJO",366
193503,"STEMWARE 6 PCS SET GIFT PACK LVMIS560F",109,2,2,0,0,26-APR-026,SOMUAH,416
190057,"GLASS JAR 7PCS SET GOLD 1500ML220ML YWU",99,6,8,-2,-198,25-APR-026,"STEPHEN ACQUAH",424
191981,"TEA SPOON 22G0325 ZHN",19.9,14,80,-66,-1313.4,25-APR-026,OWUSU,371
200445,"FRYING PAN WLID 22CM FALU ZHNBLY 1187G22",149,7,8,-1,-149,25-APR-026,QUEENCILLA,380
74374,"LG HOME THEATRE DVD SYSTEM LH655BBT",5199,1,1,0,0,25-APR-026,JUSTICE,192
80153,"SOAP DISH SUCTION R5140 RJK",34.9,5,5,0,0,25-APR-026,VINOLIA,440
76916,"LG HOME THEATRE LHD457B",4449,1,1,0,0,25-APR-026,JUSTICE,191
73977,"LESIEUR MAYONNAISE 710G  12",87.49,9,9,0,0,25-APR-026,SOLOMON,73
51959,"BIFOOD CHOCOLATE FLAKES 375G 20",44.99,19,19,0,0,26-APR-026,"KINGSLEY OP",91
91422,"DOLAIT NATURAL YOGURT VANILLA 200G  1",15.49,5,6,-1,-15.49,25-APR-026,DANIEL,XMAS
03826,"BLUE BAND MARGARINE SPREAD 450G 24",25.99,15,36,-21,-545.79,26-APR-026,"PAUL OWUSU",38
100031,"NANAS RICE LONG GRAIN RICE 5 BROKENNESS 45KG 5",140.99,5,8,-3,-422.97,25-APR-026,NTUMY,163
101061,"N0 8 CHEESE RINGS CHIPS 20G  60",1.69,12,14,-2,-3.38,25-APR-026,"EMMANUEL MENSAH",121
104542,"FONTISSUE TOILET TISSUE 24 ROLLS  2",91.99,6,1,5,459.95,25-APR-026,TITUS,21
117295,"WESTINGHOUSE SAUCE PAN WLID 20CM WCSP0009020MBB",299,1,1,0,0,25-APR-026,QUEENCILLA,376
138955,"19 CRIMES RED WINE 75CL  6",140.99,2,2,0,0,25-APR-026,APPIAH,111
165955,"BRUHM CHEST FREEZER SD 197L BCS210MR",3999,1,1,0,0,25-APR-026,"JOSEPH PATRICK",204
160187,"WHITE BOARD WWEEKLY PLANNER METAL 25X25CM WB5091Y",59,5,23,-18,-1062,25-APR-026,DANIEL,XMAS
169966,"NASCO CHEST FREEZER SD 288L NAS400FL",6029,1,1,0,0,25-APR-026,AKAYIRI,204
168114,"FILLED CUSHION P PRINTED 45X45CMFLORAL3 DC256",139,4,5,-1,-139,25-APR-026,GLADYS,504
182092,"COMPUTER DESK WSHELVE METAL FRAME 110X88 CTN2412",1199,1,1,0,0,25-APR-026,FRANCIS,523
183265,"BEER MUG 6PCS SET 550ML DOMINGO PJ 511901 RJK",99,5,5,0,0,25-APR-026,"STEPHEN ACQUAH",418
194132,"AMERICA GOURMET HOT SAUCE 16 OZ  12",27.99,3,7,-4,-111.96,25-APR-026,GLADYS,72
193126,"TEFAL CAN OPENER K2070514",179,2,2,0,0,25-APR-026,OWUSU,370
191841,"JING CHINESE HERBAL SPIRIT 700ML 6",449.99,6,6,0,0,25-APR-026,EMMANUEL,129
189170,"XMAS ORNAMENT",13.9,10,10,0,0,25-APR-026,DANIEL,XMAS
27615,"BANETTI PASTA PENNE RIGATE 500G 20",14.99,23,21,2,29.98,25-APR-026,SOLOMON,75
39261,"YAZZ  SANITARY PAD MINTY BLUE   24",17.99,21,21,0,0,26-APR-026,"BOADI STEPHEN",51
71490,"MEGA CLEAR ABRASIVE CLEANER 1L 12",49.99,20,20,0,0,25-APR-026,"ADIATOR MOSES ",8
64015,"SAN PELLEGRINO SPARKLING WATER PET  500ML 12",17.99,12,32,-20,-359.8,25-APR-026,EZEKIEL,149
107899,"ELTRUT BEEF  VEGETABLES SPRING ROLL 8PCS 380G 1",50.99,5,12,-7,-356.93,26-APR-026,EVELYN,143
111407,"BENNY LEARNS ABOUT ENVIRONMENT W6TITLE ED800",11.9,36,40,-4,-47.6,25-APR-026,HERBERT,282
134450,"SIMBA PATE WITH CHICKEN CAT FOOD 100 GM 32",22.99,5,4,1,22.99,25-APR-026,ABASS,1
148572,"WATER BOTTLE  800ML PLASTIC SNOWMAN DESIGN  YWU",49.9,6,6,0,0,25-APR-026,GILBERT,313
149576,"DOVE ROLL ON SA WOMEN  SKIN RENEW 50ML  6",25.99,2,-1,3,77.97,26-APR-026,ELLA,36
166249,"CARPET 120X160CM",399,2,3,-1,-399,25-APR-026,"GIDEON GBLOGAH",508
168734,"CURTAIN P VELVET FOILED 54X84 BEIGE2 25FV6",209,2,2,0,0,25-APR-026,"GERALD SACK ",481
181540,"CURTAIN GROMMET BURGUNDY 54X90 02PA7174E",99,1,1,0,0,25-APR-026,ESINAM,485
188988,"GARLAND 9CMX2M",7.9,2,2,0,0,25-APR-026,DANIEL,XMAS
100786,"TRAMPOLINE 10FT WSAFETY NETPADDING AX001103",2499,1,1,0,0,25-APR-026,"GEORGE PUPLAMPU",467
103822,"HYSON DIETATHIN TEA 15S 225G 24",43.99,31,33,-2,-87.98,25-APR-026,AKORFA,58
116501,"CERAMIC BOWL 3PCS SET T103078",189,3,8,-5,-945,25-APR-026,VICTORIA,432
123839,"BLANKET JAQUARD VELVET 150X200CM ASTD",199,2,2,0,0,25-APR-026,ESINAM,487
143032,"AKAI INSECT KILLER 2X20W IK005A2X20W",599,8,36,-28,-16772,25-APR-026,KWAFO,167
153230,"FABRIC SOFTNER MON BIJOU  PERFUME 5L  4",133.99,1,1,0,0,25-APR-026,ALVIN,15
158432,"DZIRE INDUSTRIAL WALL FAN 26 IFW26DCFW65",1689,2,2,0,0,25-APR-026,AKAYIRI,207
162745,"LUNCH BOX 2800 ML  GGK S48007",279,9,9,0,0,25-APR-026,"MICHAEL BOYE",304
168044,"KASA VINO RED WINE 250ML 24",9.99,21,21,0,0,25-APR-026,APPIAH,112
179196,"CHALLENGE METAL PUZZLES SET8 DESIGN OPP YW",10.9,26,25,1,10.9,25-APR-026,HANNAH,275
46545,"DREAMS FACIAL TISSUE 150SHEETS  36",21.49,36,60,-24,-515.76,25-APR-026,TITUS,21
66921,"PINHO BRIL WILD PINE PLUS DISINFECTANT 1L  12",32.99,12,12,0,0,26-APR-026,"ADIATOR MOSES ",8
63992,"MYSTIC ORCHARD AUTO REFILL  OCEAN  12",38.99,5,5,0,0,26-APR-026,ABASS,3
112511,"3TOL ANTISEPTIC LIQUID LIME FRESH 5L  4",184.99,2,2,0,0,25-APR-026,QUEENCILLA,42
115339,"LA SALUD DETERGENT 40WASHES ORIGINAL BLUE 265L  4",88.99,4,4,0,0,26-APR-026,"NANA ADJEI ",16
111559,"CERAMIC TABLE LAMP WSILVER STONE GOLDEN SKW01425",139,4,4,0,0,25-APR-026,KWAFO,171
134827,"PAMPER TUNASMN 85G   36",15.99,34,37,-3,-47.97,25-APR-026,ABASS,1
133050,"BELOXXI CREAM CRACKERS 30G  36",2.99,35,32,3,8.97,25-APR-026,DORIS,97
155138,"FLORA KIDS DISPOSABLE HANDKERCHIEF 10X30  30",15.99,13,23,-10,-159.9,26-APR-026,"COLLINS HAMMOND",30
174944,"MCBERRY CHOCOLATE CEREAL BISCUITS 30G  72",1.39,62,121,-59,-82.01,25-APR-026,DERRICK,96
168466,"DAPHNIS WHOLE PEELED TOMATOES 400G 24",17.99,9,12,-3,-53.97,25-APR-026,GLADYS,71
179932,"WALL CLOCK 305X305X44 1205A",75,10,10,0,0,25-APR-026,"GAD ",471
192976,"CHOPPING BOARD MEDIUM PLASTIC ZHN DH016",49.9,24,24,0,0,25-APR-026,"PAUL OWUSU",353
190728,"MANICURE 5PCS SET YWU",19.9,6,7,-1,-19.9,25-APR-026,HADASSAH,267
188859,"BATHMAT 50X80CM BM244 IVORY CP",59,1,11,-10,-590,26-APR-026,VINOLIA,444
191091,"OSSUM FRAGRANCE BODY SPRAY TEASER 120ML 72",52.99,18,31,-13,-688.87,26-APR-026,ELLA,35
190065,"FAN AIR COOLER WUSB",89,4,4,0,0,25-APR-026,NYARKO,182
192318,"MOP BUCKET WWHEELS AND MOP W2 REFILS 8L T130029",409,1,3,-2,-818,25-APR-026,WISE,449
200338,"AMERICAN CHEF MAYONNAISE GLASS JAR 236ML 24",20.99,28,31,-3,-62.97,25-APR-026,SOLOMON,73
103688,"BORGES CLASSIC OLIVE OIL 100 PURE 125ML 24",56.99,24,24,0,0,26-APR-026,"NANA ADJEI",48
118149,"KING MATTRESS BED BATH 8475 ASHFOAM",2249,2,4,-2,-4498,25-APR-026,FRANCIS,529
110742,"SANITA  CLUB TRASH BAGS 50GALLONSX20   10",60.99,16,14,2,121.98,25-APR-026,"ARTHUR JONADAB",27
123432,"BOX STACKING NOVALINE 260X160X140MM 03010103",19.9,4,9,-5,-99.5,25-APR-026,DANIEL,257
122221,"PARIDOX COCOA BUTTER CREAM 300G  30",36.99,17,17,0,0,25-APR-026,"BENEDICT ABBEY",37
134702,"SANTE FIT CEREAL BIS W APRIC NO SUGAR ADD 300G 10",64.99,13,14,-1,-64.99,25-APR-026,DORIS,97
148787,"YOGA MAT 61173CM 6MM MIX COLOR",89,2,2,0,0,25-APR-026,CHARLES,464
144313,"ROMAR AUTOM AIRFRESH REFILL LLAMA  250ML  6",48.49,13,13,0,0,26-APR-026,ABIGAIL,5
164728,"BINATONE AIR FRYER 45L 1350W BAF4500",1739,1,1,0,0,25-APR-026,"COLLINS HAMMOND",238
174455,"GIFT WRAP PAPER 50X70 BZZ12259S14",12.9,10,10,0,0,25-APR-026,HADASSAH,266
167398,"MUG 11OZ GDM11 RJK",9.9,23,70,-47,-465.3,25-APR-026,ROBIN,392
179014,"TOY DUMPER TRUCK TOY  OPP YW",21.9,19,20,-1,-21.9,25-APR-026,HERBERT,281
186388,"FINI ASSORTED FIZZY TENNIS BUBBLE GUM 165G 16",44.99,11,12,-1,-44.99,25-APR-026,"ABIGAIL YEVUGAH",157
194873,"MOP BUCKET WMOP STEEL 0202",209,1,2,-1,-209,26-APR-026,AKAYIRI,462
193158,"PLUSH TOY 65CM",399,1,1,0,0,26-APR-026,MARIAM,293
190569,"PARTY POPPER 30CM",37.9,1,1,0,0,25-APR-026,HADASSAH,268
40549,"HAPPY DELIGHT TROPICAL JUICE 200ML 24",5.29,36,24,12,63.48,26-APR-026,"PAUL OWUSU",84
26022,"SOUP PLATE MELAMINE 10 INCHES ZHN B01610",12.9,7,7,0,0,25-APR-026,REGINA,388
204921,"CERAMIC FUFU BOWL 10INCH RIBBED 24MK820",26.9,8,8,0,0,25-APR-026,SOMUAH,412
64796,"DELIKET SOUR FRUIT JELLY BEANS 100G 30",13.99,18,18,0,0,26-APR-026,"ABIGAIL YEVUGAH",158
97651,"SUNLIGHT GREEN DISH WASH BTL 400ML  24",27.99,13,14,-1,-27.99,25-APR-026,ALVIN,14
120273,"MARILAN CLASSIC MILK BISCUITS 350G  24",19.99,12,34,-22,-439.78,25-APR-026,EMMANUEL,127
118282,"FARAGELLO GOLD APPLE NECTAR  BOTTLE 250ML  24",11.99,9,31,-22,-263.78,26-APR-026,KWAFO,83
110112,"KENWOOD WINE COOLER 43BOTTLES BCW43000BK",13999,1,1,0,0,25-APR-026,NYARKO,176
157071,"TOP CHOCOLATE BREAD SPREAD 250G  12",22.49,10,10,0,0,26-APR-026,"PAUL OWUSU",64
152174,"ROUND STRIPED BABY GIRL 17 MKR197603",2.9,171,172,-1,-2.9,26-APR-026,HADASSAH,269
164241,"BATH MAT 50X80CM BM4034",49.9,1,1,0,0,26-APR-026,"SAMUEL ADDO",402
173708,"KIVO ZERO NUTS GARI SOAKINGMIX 125G 40",4.99,86,86,0,0,25-APR-026,"FELIX BOADU",66
168815,"TUMBLER 6PCS SET LIGHTS 410ML 76040200769135",49.9,2,2,0,0,25-APR-026,"STEPHEN ACQUAH",419
179413,"DOLAIT OLE PLAIN SWEETEN DRINKING YOGHURT 320ML 12",16.99,2,1,1,16.99,25-APR-026,DANIEL,XMAS
187378,"WESTINGHOUSE BLENDER 15L 500W GLASS WHT WKBE222WH",619,1,1,0,0,25-APR-026,"COLLINS HAMMONDN",231
183287,"BEER MUG 6PCS SET 410ML ROSE PJ 4914 RJK",69,5,6,-1,-69,25-APR-026,"STEPHEN ACQUAH",418
193325,"WHISKEY GLASS MADISON BORDEAU 600ML 3015A2102G0003",89,2,5,-3,-267,25-APR-026,SYLVIA,425
62785,"STONE DECORATION 350G MIX COLOUR",5.9,2,1,1,5.9,25-APR-026,HAYFORD,460
94171,"FLIRT PURE DISTILLED VODKA SBERRY 375ALC 1L  6",133.99,6,6,0,0,25-APR-026,MAHAMA,117
95681,"EASY GLASS CLEANER  PINK 825 ML  12",28.99,12,20,-8,-231.92,26-APR-026,ABIGAIL,6
106825,"SHINE VINYL GLOVES EXTRA LARGE  100PCS  10",68.99,1,2,-1,-68.99,26-APR-026,BISMARCK,29
107832,"VOTIVE CANDLE AROMATHERAPY 30HRS BURNING DS7080",19.9,2,2,0,0,25-APR-026,HAYFORD,457
113239,"LED CEILING LIGHT WREMOTE SQUARE DEER 0173",639,1,1,0,0,25-APR-026,KWAFO,531
137700,"OUTDOOR PLAYGROUND SLIDE WD113002",1999,1,2,-1,-1999,26-APR-026,"GEORGE PUPLAMPU",467
145584,"GATO NEGRO ROSE WINE 750ML 12",81.99,4,4,0,0,25-APR-026,APPIAH,113
153115,"SERVING TRAY MELAMINE 16 INCHES ZHN A31016",29.9,19,19,0,0,26-APR-026,QUEENCILLA,379
149388,"STARFRESH PUMP SPRAY STRAWBERRY BLAST 200ML 36",13.99,22,36,-14,-195.86,26-APR-026,ABASS,3
164136,"DUSTBIN WHITE STORY PLASTIC 161242014",129,4,4,0,0,25-APR-026,SOMUAH,413
163197,"AMALFI HAND SOAP KIDS 500ML 12",25.99,5,5,0,0,25-APR-026,BISMARCK,43
166001,"SO FRESH CITRUS PUNCH FRUIT JUICE 1L 6",26.99,19,13,6,161.94,25-APR-026,KWAFO,103
172024,"ADDMIE DRIED VEGETABLES WITH CHICKEN CHUNKS 16G 40",8.99,10,11,-1,-8.99,25-APR-026,SOLOMON,75
166737,"PRESCHOOL PICTURE BOOK SERIES",8.9,103,96,7,62.3,25-APR-026,"JERUSHA ",284
169933,"SINA AKABANKA CHILI OIL 100ML  12",70.49,8,9,-1,-70.49,25-APR-026,GLADYS,72
179585,"TEXTURED SAND PAINTING 20X20",35,4,4,0,0,26-APR-026,GIDEON,294
186960,"CUP WSTRAW 710ML PLASTIC D2010 YWU",44.9,1,1,0,0,25-APR-026,"MICHAEL DADZIE",308
184462,"CONTAINER 3PCS SET RND PTD 1153L PLASTIC HL7003TCP",24.9,3,3,0,0,26-APR-026,NIBOI,318
85670,"ALUMINIUM FOIL 20PCS CONTAINER WITH LID 403 RJK",69,5,5,0,0,26-APR-026,DORIS,24
109986,"SEARA CHICKEN SPICY SAUSAGE 340G 24",22.99,76,86,-10,-229.9,26-APR-026,EVELYN,142
124255,"BINATONE VOLTAGE PROTECTOR 13AMPS AVP 1300",209,3,3,0,0,25-APR-026,DANIEL,257
134917,"LE COQ ALCOHOLIC PINA COLADE BOTTLE DRINK 330ML 24",30.99,9,8,1,30.99,25-APR-026,APPIAH,109
137095,"BOWL WLID GLASS 1000ML BW002J LTREND",42.9,1,4,-3,-128.7,25-APR-026,RANDY,33
134691,"HUSKY GOURMET MEAT MDLY 85GMS 36",10.99,17,18,-1,-10.99,25-APR-026,ABASS,1
164634,"FRY PAN 24CM 29MM FORGED ALU PEDRINI 02PE1502 RJK",129,3,3,0,0,25-APR-026,PHILEMON,358
159276,"SMILE ZONE DESIGN BAG",119,20,20,0,0,25-APR-026,MARYLAND,301
168396,"ARTIFICIAL PLANT 3 DESIGN MIX 95CM",55,6,6,0,0,25-APR-026,HAYFORD,460
179212,"LAN YARD CARD WCLIP AND CORD OPP YW",2.9,12,12,0,0,26-APR-026,GILBERT,294
179212,"LAN YARD CARD WCLIP AND CORD OPP YW",2.9,12,12,0,0,26-APR-026,"NANA KOJO",271
186385,"FINI FOAM JELLY BANANA 90G 12",21.99,11,16,-5,-109.95,25-APR-026,"ABIGAIL YEVUGAH",157
187657,"LED LIGHT 4PCS",69,6,5,1,69,25-APR-026,KWAFO,171
191102,"FOGG FRAGRANCE BODY SPRAY  MAJESTIC  120ML 72",52.99,19,70,-51,-2702.49,26-APR-026,ELLA,35
191414,"LG CHEST FREEZER SD 198L GCFB200BQCF",4599,1,1,0,0,25-APR-026,AKAYIRI,204
201267,"BANANA MICROWAVE OVEN 20L SILVER BMW7201MSILVER",899,1,1,0,0,25-APR-026,MABEL,262
37761,"HENNESSY VSOP NBA COGNAC 70CL  12",1599.99,3,3,0,0,25-APR-026,EMMANUEL,129
59332,"DEVA LIQUID HAND SOAP CITRUS  5L  4",114.99,4,4,0,0,26-APR-026,"ARTHUR JONADAB",28
93650,"BLUE SKIES COCONUT ICE CREAM 450ML 6",51.99,2,2,0,0,25-APR-026,EMMANUEL,135
90625,"CURTAIN ROD EXTANDABLE SIZE 110210CM 11032210MB",75,1,1,0,0,26-APR-026,GAD,474
107822,"DANO STRAWBRY FLAVOURED MILK 35G 10X8",33.49,5,1,4,133.96,26-APR-026,"DAVID BRUNO",80
137093,"CUP AND SAUCER 8PCS SET 350ML CERAMIC  D86012",69,11,12,-1,-69,26-APR-026,"SAMUEL ADDO",402
135747,"SAMYANG CHICKEN RAMEN ORIGINAL CUP 70G 30",20.99,52,52,0,0,25-APR-026,SOLOMON,75
131637,"CAKE FONDANT CUTTER 3PCS SET A8107",1.9,48,48,0,0,25-APR-026,"ALHASSAN RANDY",385
145582,"GATO NEGRO  SAUVIGNON BLANC 750ML 12",81.99,2,2,0,0,25-APR-026,APPIAH,113
151567,"GALAXY CONCEPT SPRAY  MIDNIGHT 200ML 12",31.99,21,21,0,0,26-APR-026,ELLA,35
171789,"TASTY TOM SHRIMP SEASONING POWDER 10G  600",1.29,310,325,-15,-19.35,25-APR-026,GIDEON,67
168916,"BABY WALKER WMUSICLIGHT 6067030",689,3,3,0,0,25-APR-026,HANNAH,274
170318,"KALYON POWER RESERVOIR BLOCK EXTRA HYGIENE 50G 12",40.99,10,10,0,0,25-APR-026,ABASS,3
193133,"PLUSH TOY 30CM",199,1,2,-1,-199,26-APR-026,HANNAH,276
190559,"MEMO BOARD 45X60CM MDFPGWB4560",149,5,5,0,0,26-APR-026,"NANA KOJO",271
86896,"COOL BREEZE MEMBRANE AIR FRESHNER OCEAN  8ML 12",22.99,20,20,0,0,26-APR-026,ABASS,3
67522,"SHINE KINGSIZE JUMBO ROLL ULTRA SOFT 2PLY   6",42.99,3,12,-9,-386.91,25-APR-026,ELLA,32
96327,"SPRITE ZERO 1 5 L PET  6",23.99,4,17,-13,-311.87,26-APR-026,TITUS,21
120128,"LED WALL LIGHT PLAINBLACK 3003",129,1,1,0,0,25-APR-026,KWAFO,166
110732,"LA VONCE TOMATO MIX SACHET 400G  24",13.49,18,10,8,107.92,26-APR-026,CHRIS,60
115161,"SAND STONE SHIRAZ RED WINE 750ML 145 6",99.99,6,6,0,0,25-APR-026,APPIAH,112
126652,"LA SALUD DISHWASH LIQUID OXY ACTIVE 750ML 12",32.99,11,1,10,329.9,25-APR-026,NTUMY,163
132936,"SERVING BOWL MELAMINE 8 INCHES FEILU 30802",13.9,1,43,-42,-583.8,25-APR-026,REGINA,386
14701,"LION ALUMINIUM TAPPER BASIN 45CM  LTB2",99,1,1,0,0,25-APR-026,QUEENCILLA,379
143789,"CLEANOL ANTISEPTIC SHOWER GEL 750ML   24",46.99,23,21,2,93.98,25-APR-026,"ANANE KOJO",21
156409,"SERVING TRAY MELAMINE 17 INCHES ZHN T8044",29.9,17,17,0,0,25-APR-026,ROBIN,392
159797,"RUBBER BAND 250G COLOR MIX",20.9,3,5,-2,-41.8,25-APR-026,HADASSAH,268
160269,"SAUCE BOTTLE 2PCS SET 600ML PLASTIC 8800A YWU",12.9,19,8,11,141.9,25-APR-026,"NANA ADJEI",355
170312,"KALYON POWDER DETERGENT LOVELY 15KG 12",45.99,12,20,-8,-367.92,26-APR-026,TITUS,21
192685,"GIFT BAG MEDIUM 210G 26X32X125 KR1070M13",14.99,14,11,3,44.97,25-APR-026,MARYLAND,301
200468,"WOK 2PCS SET 2426CM FALU ZHNBLY 8112022426",489,5,7,-2,-978,25-APR-026,PATIENCE,346
89841,"TISSUE HOLDER W SUCTION R5520 RJK",32.9,9,12,-3,-98.7,25-APR-026,VINOLIA,440
D241,"CERES ORANGE 200ML 24",10.99,24,50,-26,-285.74,26-APR-026,EMMANUEL,127
164854,"DOOR HANGERS LARGE SS",9.9,28,27,1,9.9,26-APR-026,VICTORIA,438
171192,"LUXURYS REED DIFF SPRAY BOTTLE MANGO 500ML  12",91.49,11,11,0,0,25-APR-026,ABASS,2
169361,"COLORING SETS PAW PATROL",28.9,1,1,0,0,26-APR-026,"NANA KOJO",271
168604,"CUTTING BOARD LARGE SIZE UR3413",49.9,14,13,1,49.9,25-APR-026,"PAUL OWUSU",353
186717,"COOKWARE SET 12PCS SSTEEL HROLAND HR1721",799,1,1,0,0,25-APR-026,OWUSU,374
198794,"DESSERT FORK 6PCS SET DESIGNER SSTEEL 15G YWU",9.9,15,15,0,0,25-APR-026,OWUSU,370
21688,"ACQUA PANNA MINERAL WATER 750ML  12",26.99,12,12,0,0,25-APR-026,DELIGHT,85
202842,"DINNER SET 16PCS CERAMIC BLACK T12091",169,1,1,0,0,26-APR-026,GLADYS,430
65363,"TAMPICO CITRUS PUNCH DRINK 500ML 12",7.99,24,50,-26,-207.74,26-APR-026,DANIEL,165
S928,"CERES APPLE BOTTLE 275ML 24",24.99,37,28,9,224.91,26-APR-026,DELIGHT,88
99664,"STYLE UP ROLL ON FRESH 50ML  6",9.99,17,17,0,0,26-APR-026,MABEL,36
110472,"CAMPARI BITTERS 200ML  24",79.99,17,17,0,0,25-APR-026,MAHAMA,115
125166,"COOKWARE 10PCS SET 14 JIO J1910 J9210",1369,2,4,-2,-2738,25-APR-026,"PAUL OWUSU",354
146983,"VARTA BATTERY MAX POWER AAA BLISTER 4",67,1,5,-4,-268,25-APR-026,NTUMY,161
141775,"JAGERMEISTER 500ML 6",239.99,6,6,0,0,25-APR-026,MAHAMA,115
163539,"FOLDABLE TABLE 60X60 SQUARE MATT BLACK",329,1,1,0,0,26-APR-026,DANIEL,XMAS
158100,"BASKET PERFORATED 2600ML 24X14X7CM PP63800",12.9,19,19,0,0,25-APR-026,OTHNIEL,341
169949,"KEL KIDS TOOTHPASTE 75G  48",14.49,36,36,0,0,25-APR-026,"BOADI STEPHEN",54
182350,"WARDROBE 2DR SLIDING NOGUEOFWHT MENDOZA 2252272",2190,1,1,0,0,25-APR-026,FRANCIS,527
179916,"PEACOCK THAI RICE 1KG  12",45.99,32,32,0,0,25-APR-026,GIDEON,68
191979,"DINNER SPOON 45G0325 ZHN",25.9,10,10,0,0,25-APR-026,OWUSU,370
192201,"MOGU MOGU COCONUT DRINK 320ML 24",29.99,10,51,-41,-1229.59,26-APR-026,PATIENCE,84
198911,"KNIFE ORGANIZER TRAY PLASTIC CN250717F",69,13,39,-26,-1794,25-APR-026,OTHNIEL,339
34241,"AYU POP SOAP PAPAYA 65G 144",5.49,61,142,-81,-444.69,26-APR-026,TITUS,21
32593,"NIVEA BODY LOTION NATURAL FAIRNESS  400ML 12",81.99,12,30,-18,-1475.82,26-APR-026,TITUS,21
204563,"MARILAN BISC MARIA 300G  24",16.99,12,18,-6,-101.94,26-APR-026,"KINGSLEY OP",94
89581,"MENTOS CHEWY DRAGEES MINT SACHET 135G 50PCS  40",35.99,40,41,-1,-35.99,25-APR-026,EZEKIEL,148
CL611,"ROYALE CASSEROLE 2PCS SET 1000ML 1500ML PL",59,6,4,2,118,25-APR-026,PATIENCE,345
90927,"LG HIFI SPEAKER CJ44",3979,1,1,0,0,25-APR-026,JUSTICE,189
03760,"DOMESTOS CITRUS BLEACH 750ML  9",32.99,14,14,0,0,26-APR-026,"GIDEON GBLOGAH",12
105820,"DOVE BATH GEL NOURISHING SILK 750ML  16",92.99,4,17,-13,-1208.87,26-APR-026,"ANANE KOJO",20
108450,"BLUE SKIES VANILLA BEAN  ICE CREAM 450ML 1",51.99,3,3,0,0,25-APR-026,EMMANUEL,135
114177,"DOVE HANDWASH DEEPLY NOURISHING  250ML 12",35.99,4,17,-13,-467.87,26-APR-026,QUEENCILLA,42
128913,"STAPLES NO2310H TITANIA 146849ELP",11.9,3,2,1,11.9,26-APR-026,GILBERT,294
122895,"DINNER PLATE MELAMINE 9 INCHES FEILU 49409",9.9,1,1,0,0,26-APR-026,REGINA,391
154793,"TABLE LAMP METAL  BLACK E14 40W SK4080B",159,2,6,-4,-636,25-APR-026,KWAFO,171
171365,"BEAUTY FORMULAS TONER  30PADS GLYCOLIC  12",28.99,6,7,-1,-28.99,26-APR-026,"BOADI STEPHEN",52
186081,"WHISKEY GLASS SET 6PCS 330ML AMBER L35106 RJK",59,5,12,-7,-413,26-APR-026,SOMUAH,417
193526,"TUMBLER 3 PCS SET SLEEVE PACK LVADR25A",39.9,2,2,0,0,25-APR-026,SOMUAH,414
198174,"CUTLERY HOLDER METAL WIRE YWU",34.9,3,3,0,0,25-APR-026,PHILEMON,357
206600,"AER POWER POCKET LAVENDER 120",11.49,59,113,-54,-620.46,26-APR-026,ABASS,3
75019,"UNOLI HUILE SUNFLOWER OIL 900ML  15",50.49,7,7,0,0,26-APR-026,"RANDY ALHASSAN",47
76946,"PALMOLIVE HAND SOAP MILKHONEY 300ML  6",37.99,7,7,0,0,25-APR-026,BISMARCK,43
67665,"GOMETS SOUR FRUIT WORMS 100G  30",11.99,6,4,2,23.98,25-APR-026,"ABIGAIL YEVUGAH",157
97725,"AMALFI HAIR GEL TUBE  EXTRA STRONG HOLD 150ML  12",30.99,10,10,0,0,26-APR-026,"PAUL OWUSU",38
103406,"AKAI MICROWAVE OVEN 23L GRILL MW064A823MSMW073A",1599,1,3,-2,-3198,25-APR-026,MABEL,262
116510,"DINNER PLATE 9INCH CERAMIC P15017",9.9,2,2,0,0,26-APR-026,BLESSING,410
132940,"DINNER PLATE MELAMINE 10 INCHES FEILU 81105",14.9,11,83,-72,-1072.8,25-APR-026,REGINA,389
140767,"STORY BOOK 101 MORAL 46X30X10CM",34.99,16,16,0,0,26-APR-026,HERBERT,283
150777,"SPRITE ZERO PET 1L 4",15.99,48,62,-14,-223.86,25-APR-026,NTUMY,163
162811,"CURTAIN JACQUARD 54X90 CREAM S1297",199,1,4,-3,-597,25-APR-026,ESINAM,483
167724,"BEAUTY FORMULA FEMININE INT WASH DEOD 250ML 12",35.99,1,3,-2,-71.98,26-APR-026,"BOADI STEPHEN",52
166899,"WORLD GLOBE BLUE FITED WMETAL CHROME ARCBASE 12",229,2,2,0,0,26-APR-026,"JERUSHA ",288
182295,"SIGNATURE CHEST FREEZER SD 137L SBD15C8",3339,1,1,0,0,25-APR-026,AKAYIRI,204
185614,"RIGID ABS 8W LUGGAGE 28 TW2514BDK GRNLK BLU",879,1,1,0,0,25-APR-026,MARYLAND,296
185884,"STAEDTLER COLOUR PENCIL WSHARPN  128 NC12P102",69,5,5,0,0,26-APR-026,MARIAM,291
30789,"TOM MILK  STRAWBERRY FLAVOURED 125G 4PC X 6PK",48.99,13,13,0,0,25-APR-026,CHRIS,61
87614,"JAMAA WHITE LAMINATED SOAP 280G 24",9.99,5,5,0,0,25-APR-026,"ANANE KOJO",19
78881,"GIFT BAG MIX COLOR 231710CM 745S",9,24,28,-4,-36,25-APR-026,"MICHAEL BOYE",302
49192,"POMO TOMATO PASTE PILLOW PACK  200G 24",10.99,24,27,-3,-32.97,26-APR-026,EMMANUEL,127
101009,"CURTAIN POLYESTER 52X84 WHANGER DRZGB192",119,7,8,-1,-119,25-APR-026,GLADYS,501
101088,"AKAI KETTLE 18L 1800W SS GREY EK029A18GE",279,2,3,-1,-279,25-APR-026,WONDER,246
101292,"MOP TWISTED LIGHT BLUE WGREEN STRIPES SM200B RJK",59,2,22,-20,-1180,25-APR-026,RANDY,33
104544,"ADEPA MULTIPURPOSE TOWEL 3ROLLS   8",26.99,6,6,0,0,25-APR-026,ELLA,32
116360,"MASTERCHEF CAKE TURNER STAINLESS STEEL MCC48",4.9,4,1,3,14.7,25-APR-026,"NANA KOJO",365
115427,"MRS BECTORS GOLDEN BYTES BUTTER COOKIES 76G 48",7.99,1,1,0,0,25-APR-026,DERRICK,96
126218,"AIRPRO AIRFRESHNER ORGANIC CAN COCOCOLADA 42G  144",38.99,18,83,-65,-2534.35,26-APR-026,LESTER,5
123979,"BACKPACK KIDS OXFORDFABRIC BUS DESIGN 26X22X10CM",99,5,5,0,0,25-APR-026,MORGAN,324
122896,"DINNER PLATE MELAMINE 10 INCHES FEILU 48910",9.9,1,1,0,0,25-APR-026,BLESSING,407
135224,"RATTLE BALL PEPPA PIG PP17099",69,3,4,-1,-69,25-APR-026,HADASSAH,267
137097,"BF BRIGHTENING VITC DAILY MOISTURISER  100ML 12",28.99,12,13,-1,-28.99,25-APR-026,"BOADI STEPHEN",53
148558,"VASE MIX COLOR 16X20CM",44.9,2,2,0,0,25-APR-026,HAYFORD,459
143206,"CUTTER ROYAL PIZZA LEEZA SS 75  PC3",9.9,3,3,0,0,25-APR-026,"NANA KOJO",367
159710,"MUNCHEE MILK SHORT CAKE BISCUITS 45G  48",3.29,44,45,-1,-3.29,26-APR-026,DERRICK,96
160124,"PARLE MULTI VITA MARIE BISCUITS 495G  48",2.29,24,81,-57,-130.53,26-APR-026,"KINGSLEY OP",94
160262,"MIXING BOWL WHANDLE GLASS 28L PYREX 404B0008046",89,5,5,0,0,26-APR-026,SYLVIA,429
181493,"FUR CARPET 90X200CM  ASTD",279,1,1,0,0,25-APR-026,FRANCIS,523
181597,"WATER BOTTLE PRNTED GLASS 1000ML 111655157",29.9,9,9,0,0,25-APR-026,SYLVIA,425
179802,"BIG KAT CHOCOLATE WAFERS 15G 30",1.99,1,7,-6,-11.94,25-APR-026,"ABIGAIL YEVUGAH",157
185933,"STAEDTLER SOFT PASTEL CHALK 12PCS 2430 C12 08",109,5,5,0,0,26-APR-026,"NANA KOJO",271
194636,"COOKING POT 20CM FALU ZHN 114520",249,1,4,-3,-747,25-APR-026,QUEENCILLA,376
190619,"GIFT BAG 18X23CM",6.9,12,14,-2,-13.8,25-APR-026,"MICHAEL BOYE",302
205399,"FRUTAS TREASURE 100 NAT APPLE PEAR JUICE 330ML 15",25.99,9,13,-4,-103.96,26-APR-026,PATIENCE,84
53292,"PLANET ORANGE  350ML  16",3.19,30,29,1,3.19,26-APR-026,TITUS,21
127544,"MOKATE MILK SHAKE STRAWBERRY 500G  6",79.99,3,3,0,0,25-APR-026,AKORFA,59
122271,"LAV STEMWARE 3PCS SET LVFAM523",59,2,1,1,59,25-APR-026,SOMUAH,414
138580,"HAYHAY 1 X 24 CARAMEL 100G 24",17.49,22,23,-1,-17.49,25-APR-026,DORIS,98
138728,"SANITA FT GIPSY 550 SHEET  24",18.49,11,35,-24,-443.76,25-APR-026,ELLA,31
148006,"PAINTING ALUMINUM ALLOY FRAME 60X60CM",289,1,8,-7,-2023,25-APR-026,SHADRACK,514
148618,"CURTAIN TIEBACK 2PCS SET 5COLOUR",69,12,24,-12,-828,25-APR-026,FRANCIS,523
171276,"OFFICE CHAIR HIGH BACK MESH HT299AX",1199,1,2,-1,-1199,26-APR-026,SHADRACK,521
174448,"NASCO CHEST FREEZER DD 600L NAS850FLDD",9499,1,1,0,0,25-APR-026,AKAYIRI,205
179708,"MSTA COLOURED PENCIL 6C FRUITY SCENTED 315115",27.9,1,2,-1,-27.9,26-APR-026,MARIAM,291
194946,"LADLE SPATULA SILICONE ZHN HR51",9.9,10,10,0,0,25-APR-026,PATIENCE,347
189737,"ROSA STILL MINERAL WATER GLASS BOTTLE 1L 12",24.99,16,16,0,0,25-APR-026,DELIGHT,85
188913,"PARTY POPPER OPP YW",19.9,1,10,-9,-179.1,25-APR-026,HADASSAH,268
27770,"WC NET INTENSE SOL RIM BLOCK OCEAN FRESH 4PCS 12",70.49,11,11,0,0,25-APR-026,ABASS,3
69131,"SHINE BAKING PAPER 75M X45CM 6",139.99,5,5,0,0,26-APR-026,"ARTHUR JONADAB",27
96170,"GREEN WORLD BAMBU AIRFRESHNER LAVENDER 75ML  12",66.99,8,14,-6,-401.94,26-APR-026,ABASS,3
95165,"BIRTHDAY HAT  20CM 6PCS",11.9,48,84,-36,-428.4,25-APR-026,DANIEL,XMAS
144478,"FOLDER PLASTIC 405A4 265656265663265670265",1.9,2,60,-58,-110.2,25-APR-026,MARIAM,290
157131,"WALL LIGHT XSHAPE BLACKWHITE 6238",259,1,1,0,0,25-APR-026,KWAFO,166
157394,"AMALFI MOISTURISING CREAM TUBE MOSQ 150ML 18",23.99,12,12,0,0,25-APR-026,"BENEDICT ABBEY",37
159990,"DUSTBIN 44 LITRE METAL BLACK WIRE 29X34CM YWU",36.9,3,9,-6,-221.4,25-APR-026,SOMUAH,413
162300,"CAKE SERVER SS WOOD HANDLE ILC MC73041 RJK",19.9,24,34,-10,-199,25-APR-026,DANIEL,KITCHEN
169973,"SHOE ORGANIZER MODULAR MAN EH303",599,1,1,0,0,26-APR-026,SHADRACK,521
180296,"BEER MUG 2PCS SET ATENAS 0621CL2F1000212 10025939",69,8,10,-2,-138,25-APR-026,"STEPHEN ACQUAH",421
186965,"CUP AND SAUCER  4PCS SET CERAMIC K0104 K0102 YWU",99,8,7,1,99,26-APR-026,"SAMUEL ADDO",403
187175,"UTILITY KNIFE RJK IDA838KD0010",16.9,7,3,4,67.6,25-APR-026,"NANA KOJO",365
193335,"WHISKEY GLASS MADISON COGNAC 650ML 3015N2202G0002",69,3,4,-1,-69,25-APR-026,SYLVIA,426
192206,"CHANDELIER WHITE WRING VB391",659,1,1,0,0,25-APR-026,KWAFO,530
192231,"BELLORA FOOD STORAGE BOWL WLID 3PCS SET HL7012DCL",29.9,9,9,0,0,25-APR-026,NIBOI,317
79491,"FANMAXX STRAWBERRY YOGHURT 330ML 12",12.49,14,52,-38,-474.62,25-APR-026,EMMANUEL,133
83960,"AKAI AVR 2KVA DIGITAL AVR047AD2KVA",799,1,3,-2,-1598,25-APR-026,DANIEL,257
94790,"GRAPE RED GLOBE LARGE  PACK",49.99,2,1,1,49.99,25-APR-026,JIMOH,134
95416,"CHRISTMAS LED LIGHT IN MULTICOLOR 95M 100PCS",49.9,1,1,0,0,25-APR-026,DANIEL,XMAS
105259,"MARILAN SHORTBREAD MILK 131G  28",8.49,4,4,0,0,26-APR-026,"KINGSLEY OP",94
109766,"AMERICAN GOURMET BICARBONATE SODA 100G 48",13.99,35,36,-1,-13.99,26-APR-026,"FELIX BOADU",65
118578,"DOMESTOS POWER 5 TOILET BLOCKS PINK MAGNOLIA 55G 9",29.99,12,12,0,0,25-APR-026,ALVIN,13
118617,"COFFEE TEA CUP 6PCS SET GLASS 290ML G25006 LTREND",32.9,11,11,0,0,25-APR-026,"STEPHEN ACQUAH",418
115199,"STRETTONS GIN 750ML PINK 12",104.99,18,18,0,0,25-APR-026,MAHAMA,115
120808,"JAMAA DETERGENT 850G  10",23.99,20,25,-5,-119.95,26-APR-026,TITUS,21
135407,"SALAD BOWL 7  WHITE 7SBGGK LPRO RJK",19.9,6,36,-30,-597,26-APR-026,"SAMUEL ADDO",403
137103,"BF BRIGHTENING VITC MUP REMOVER WIPES 190G  12",20.49,11,11,0,0,26-APR-026,"BENEDICT ABBEY",39
134434,"KRACKS CHIPS SOUR CREAM AND ONION 160G  14",42.99,11,11,0,0,25-APR-026,APPIAH,114
137571,"SEARA SHAWAYA GRILLER 14KG 8",79.99,33,34,-1,-79.99,25-APR-026,NYARKO,182
131082,"ROMAR REFILL AUTOM AIR FRESH LOVE DCL 250ML  6",48.99,13,13,0,0,26-APR-026,ABIGAIL,5
148475,"ARTIFICIAL FLOWER 41CM MIX COLOR",25.9,2,3,-1,-25.9,26-APR-026,ESINAM,462
166381,"COLANDER WSIDE HANDLES 285CM SSTEEL XY2314",39.9,20,33,-13,-518.7,25-APR-026,"PAUL OWUSU",354
16373,"TALL HORSE CHARDONNAY 75CL  6",84.99,10,10,0,0,25-APR-026,APPIAH,113
167725,"BEAUTY FORMULA FEMININE INT LUBE GEL 100ML   12",49.99,2,5,-3,-149.97,26-APR-026,"BOADI STEPHEN",52
169243,"BROOM WSTICK NAPOLI GBB24",34.9,10,17,-7,-244.3,25-APR-026,DANIEL,XMAS
179277,"BLOW POP MINIS CH 35OZ 12",41.99,6,6,0,0,25-APR-026,"ABIGAIL YEVUGAH",157
187159,"AKAI BLENDER WMILL 18L 600W BD082A94M",449,4,4,0,0,25-APR-026,PRINCE,222
184022,"FANTA STRAWBERRY PET DRINK 15L 6",23.99,54,71,-17,-407.83,26-APR-026,NTUMY,164
184610,"FUFU BOWL 8 CERAMIC STKLT SK09 RJK",12.9,33,32,1,12.9,25-APR-026,SOMUAH,411
194623,"KITCHENWARE SET TOY 3YRS 108D3 HCL O51003",38.99,20,14,6,233.94,25-APR-026,HANNAH,275
189520,"FUFU BOWL EMBOSSED CERAMIC 9INCHES LDSP16",32.9,11,10,1,32.9,26-APR-026,BLESSING,409
192013,"TCL FRIDGE DD COMBI 142L SILVER F185BFS",3499,1,1,0,0,25-APR-026,NYARKO,174
198448,"DINNER PLATE SQ 8INCHES CERAMIC EMBOSSED YWU",26.9,46,22,24,645.6,26-APR-026,BLESSING,408
198804,"DINNER SPOON 6PCS SET DESIGNER SSTEEL  45G",59,11,18,-7,-413,25-APR-026,OWUSU,370
197855,"HEADPHONES BLUETOOTH DISNEY FROZEN DY9955FR2",169,1,3,-2,-338,25-APR-026,NYARKO,177
195728,"ELLE HOME SOAP DISPENSER SET 2PCS EB202406191",44.9,7,5,2,89.8,26-APR-026,VINOLIA,442
205530,"NASCO LED TV 43 SAT SMART NASB43FBFLG",3499,1,2,-1,-3499,25-APR-026,LESTER,250
204542,"BOTTLE INSULATED WHANGER METAL 500ML HCVB1016",44.9,28,45,-17,-763.3,25-APR-026,"MICHAEL BOYE",307
86443,"CELLO WATER BOTTLE PURO JUNIOR 600ML",39.9,12,13,-1,-39.9,26-APR-026,GILBERT,313
58209,"KINDER JOY FOR GIRLS 20G 144",22.99,55,58,-3,-68.97,25-APR-026,"ABIGAIL YEVUGAH",158
66315,"LELE STRAWBERRY FLAVOURED TEA  375G 12",17.99,3,14,-11,-197.89,26-APR-026,DANIEL,59
60940,"BINATONE DRY IRON 1200W 1255MK2",235,1,8,-7,-1645,25-APR-026,"KINGSLEY OP",218
61257,"ROMAR AUTOM AIRFRESH REFILL RAINBOW NO3 250ML  6",48.99,3,3,0,0,26-APR-026,ABIGAIL,5
93549,"BAUDUCCO WAFER WTH CHOCO FLAV FILLING 140G  24",14.99,20,20,0,0,25-APR-026,"EDDIE MENSAH",108
95859,"ARTIFICIAL TREE 15M 3BUNCH",1099,1,1,0,0,26-APR-026,HAYFORD,461
91623,"AWAKE MINERAL WATER 750ML  16",2.29,288,195,93,212.97,25-APR-026,EZEKIEL,148
127331,"SAMSUNG LED TV 43 SATELLITE UA43N5000AUXGH",6399,1,2,-1,-6399,25-APR-026,"KINGSLEY OP",215
125654,"HIGHLIGHTER PACK 10PCS 97925",24.9,12,12,0,0,26-APR-026,"MICHAEL DADZIE",295
12397,"BLUE SKIES PINE MANGO  PASSION  JUICE 500ML 10",25.49,1,1,0,0,25-APR-026,DANIEL,XMAS
131639,"CAKE FONDANT CUTTER 3PCS SET A8109",1.9,39,39,0,0,26-APR-026,"ALHASSAN RANDY",384
141710,"FRESH PINEAPPLE JUICE 500ML",22.99,5,9,-4,-91.96,25-APR-026,JIMOH,134
152122,"BATH TOY SMALL ANIMAL WHEAT STRAW MKR186704",38.99,4,2,2,77.98,25-APR-026,HADASSAH,267
165578,"BEDSHEET SET 4PC 235X250CM 145GSM COZYQBEDDING4",279,7,16,-9,-2511,25-APR-026,GILBERT,498
164845,"COOKWARE 5PCS SET ZOLO",869,1,4,-3,-2607,25-APR-026,"PAUL OWUSU ",350
164927,"KIDS RIDEON MOTORCYCLE ELECTRIC GREEN JT5006",2399,0,1,-1,-2399,26-APR-026,NIBOI,317
160888,"DINNER PLATE MELAMINE 10 INCHES FEILU 82105",18.9,103,61,42,793.8,25-APR-026,REGINA,390
171364,"BEAUTY FORMULAS  TONER 30PADS HYALURONIC  12",28.99,9,11,-2,-57.98,26-APR-026,"BOADI STEPHEN",52
180223,"KLEANZ HAND SOAP APPLE ANTIBACTERIAL 500ML 24",22.99,9,33,-24,-551.76,25-APR-026,BISMARCK,43
184374,"PHILIPS STEAM IRON 2000W DST20102620",499,5,5,0,0,25-APR-026,"KINGSLEY OP",218
193288,"KIDS TOY CAR REMOTE CONTROL OPP HCL",27.9,2,2,0,0,25-APR-026,HERBERT,281
193005,"BOTTLE OPENER ZHN KB841",4.9,89,60,29,142.1,25-APR-026,OWUSU,369
192237,"TABLE LAMP GOLDWHITE L036H41",249,1,1,0,0,25-APR-026,KWAFO,172
197754,"CUP AND SAUCER 220ML CERAMIC WHITE SW001S",16.9,65,45,20,338,26-APR-026,"SAMUEL ADDO",402
19817,"ENERGIZER BATTERY ALKALINE AA MAX42 1X12 BP42",77.9,21,24,-3,-233.7,25-APR-026,NTUMY,161
197091,"MCBERRY CORN FLAKES 25G  100",1.99,83,84,-1,-1.99,26-APR-026,"KINGSLEY OP",91
30938,"CINDY VIETNAM RICE 5KG 5",94.99,5,35,-30,-2849.7,25-APR-026,NTUMY,163
205821,"PAREX ECO WC BRUSH WSTAND 1909646",26.9,6,6,0,0,25-APR-026,VICTORIA,437
95696,"AMALFI BATH  SHOWER GEL WILD ROSE 1250ML  10",54.99,6,6,0,0,25-APR-026,"ANANE KOJO",21
00529,"AKAI AVR 5KVA  AVR004A  5000VA",1699,1,3,-2,-3398,25-APR-026,DANIEL,257
05200,"DOVE ROLLON INVISIBLE DRY 50ML 6",23.99,7,25,-18,-431.82,26-APR-026,WONDER,253
07029,"CORONA EXTRA BEER 355ML 24",28.99,30,36,-6,-173.94,25-APR-026,"EDDIE MENSAH",105
102956,"FRES LIQUID SOAP ROSE 350ML  24",17.99,14,14,0,0,25-APR-026,BISMARCK,43
104682,"LADLE TURNER 345CMX10CM PLASTIC NYLON YWU",14.9,8,8,0,0,25-APR-026,PHILEMON,361
104205,"DUSTBIN 25LT SLIM PEDAL M1054",149,1,2,-1,-149,26-APR-026,WISE,452
104205,"DUSTBIN 25LT SLIM PEDAL M1054",149,1,2,-1,-149,25-APR-026,HAYFORD,454
106820,"SHINE PAPER PLATES SQAURE 14CM  25PCS  40",15.99,31,32,-1,-15.99,26-APR-026,DORIS,24
115914,"PULL STRAP",79,17,17,0,0,25-APR-026,CHARLES,466
110744,"SANITA CLUB TRASH BAGS 70GALLONSX10   10",59.99,6,6,0,0,25-APR-026,"ARTHUR JONADAB",27
125243,"ROMAR AIR REFRESHENER SPRAY  JASMINE 300ML  8",39.99,4,4,0,0,25-APR-026,ABASS,2
138154,"GRAPE BLACK SEEDLESS IMPORT PACK",59.99,6,9,-3,-179.97,25-APR-026,JIMOH,134
138349,"PRESIDENT  WHOLE CREAM UHT MILK 35 1L  6",40.99,45,102,-57,-2336.43,26-APR-026,"GEORGE PUPLAMPU ",82
131316,"SILBEST CREAMY YOGHURT 330ML 1",19.99,4,13,-9,-179.91,25-APR-026,DANIEL,XMAS
144187,"AIRPRO AIRFRESHENER ESSENTIALS FRUTTI DEL 9ML  96",24.99,16,15,1,24.99,25-APR-026,ABASS,3
156695,"OPENER STAINLESS STAINLESS YWU",14.9,22,26,-4,-59.6,25-APR-026,OWUSU,370
152197,"SHINE PAPERWRAPPED TOOKPICKS 100PCS  20",39.99,16,16,0,0,25-APR-026,ELLA,31
149771,"BAKING SPOON SPATULA SILICONE ILB BD600KA0341 RK",12.9,22,22,0,0,25-APR-026,"NANA KOJO",367
162014,"DOOR MAT COIR TUFF 16MM ASSORTED 40X70CM",99,3,9,-6,-594,25-APR-026,"SAMUEL ADDO",400
162114,"FONTISSUE WRAPPED TOILET TISSUE 10S  7",50.99,0,6,-6,-305.94,25-APR-026,BISMARCK,43
174944,"MCBERRY CHOCOLATE CEREAL BISCUITS 30G  72",1.39,36,121,-85,-118.15,25-APR-026,DORIS,98
175865,"ALTAR NON ALCOHOLIC COMMUNION  WINE 1L 12",43.49,10,10,0,0,25-APR-026,"EDDIE MENSAH",107
184645,"COTTON RUG ASSORTED 50X80CMS",32.9,36,47,-11,-361.9,26-APR-026,VINOLIA,444
194633,"COOKING POT 16CM FALU ZHN 114516",199,1,2,-1,-199,25-APR-026,QUEENCILLA,376
190664,"PUFFY BEAR 18CM 192G",40.99,1,2,-1,-40.99,25-APR-026,HANNAH,275
189610,"TOREN MRBITE PIXEL W MILKPISTAHCHI CREAM 30G 144",8.49,30,61,-31,-263.19,25-APR-026,ATITOGO,160
191409,"KIVO 4 IN 1 GARI SOAKING MIX STRAWBERRY 120G  40",4.99,30,34,-4,-19.96,25-APR-026,"FELIX BOADU",66
200460,"COOKING POT WLID 20CM FALU ZHNBLY 811201T20",219,2,2,0,0,25-APR-026,QUEENCILLA,376
197760,"FUFU BOWL 9INCHES CERAMIC WHITE SB009WB",29.9,18,18,0,0,26-APR-026,BLESSING,409
198075,"WALL CLOCK 305X305X43CM 3623P2",85,8,8,0,0,25-APR-026,"GAD ",471
26794,"DAINESS CORN FLOUR 500G 12",27.49,18,18,0,0,25-APR-026,"FELIX BOADU",66
202401,"BINATONE STANDING FAN 18 ITAL1860",969,1,2,-1,-969,25-APR-026,AKAYIRI,207
86343,"LUNCH BOX BENTO PLASTIC YWU",29.9,31,35,-4,-119.6,25-APR-026,"MICHAEL BOYE",305
70323,"EVERPACK RIPPLED PAPER CUPS 8OZ 3COLORS20X30  20",47.49,6,24,-18,-854.82,26-APR-026,DORIS,24
CL104,"BASIN 14LTR 40CMX18CM",22.9,15,14,1,22.9,25-APR-026,"MORGAN ONGOH",321
H801,"BANQUET CHAIR CY02SF10131 MAR",579,5,15,-10,-5790,25-APR-026,SHADRACK,509
91312,"GALAXY WHITE SUGAR CUBE BOTTLE 700G 12",36.99,18,18,0,0,25-APR-026,"EMMANUEL MENSAH",123
08340,"EMBORG PEAS  CARROTS 450G 24",43.99,2,3,-1,-43.99,26-APR-026,EVELYN,143
102506,"MOMEASY GIFT SET 7PCS FEEDING BOTTLE 45622",249,2,2,0,0,25-APR-026,HADASSAH,267
107995,"TABLE LAMP 55CM MEL7",279,0,1,-1,-279,25-APR-026,KWAFO,172
109289,"MORNING FRESH DISHWASH ORIGINAL 1000ML  12",49.99,18,19,-1,-49.99,25-APR-026,ALVIN,14
110880,"FRUTAIL GUAVA NECTAR JUICE 1L  12",34.99,12,24,-12,-419.88,25-APR-026,KWAFO,103
111411,"ALL TIME GREAT CLASSICS W30TITLE ED804",19.9,3,3,0,0,25-APR-026,HERBERT,282
138461,"HOLY BLACK MOSQUITO COIL  175G 60",9.49,16,42,-26,-246.74,26-APR-026,"ADIATOR MOSES ",9
137268,"TOREN TOREN WAFERS COCONUT DEEP F CRISPY W 55G144",6.29,1,155,-154,-968.66,25-APR-026,DORIS,101
149910,"TOLSEN GLASS CUTTER HEAVY DUTY 178MM 41031",24.9,8,8,0,0,25-APR-026,LESTER,254
159739,"MUNCHEE MILK SHORT CAKE CHOCO BISCUITS 65G  48",4.19,84,70,14,58.66,26-APR-026,"KINGSLEY OP",94
174978,"HEADSHOULDERS SHAMPOO CLASSIC  400ML  6",89.99,4,4,0,0,26-APR-026,"BENEDICT ABBEY",38
179780,"PET FOOD CONTAINER 26L PLASTIC 4330",129,3,4,-1,-129,25-APR-026,"MORGAN ONGOH",320
179067,"NYLON ROPE 20M OPP YW",8.9,11,11,0,0,25-APR-026,VINOLIA,439
184532,"SERVING BOWL MELAMINE 10 INCHES ZHN C64510",24.9,1,1,0,0,25-APR-026,BLESSING,407
192383,"TV STAND WDOOR 65 BRNWHT ATENA 25764257",2490,1,1,0,0,25-APR-026,SHADRACK,519
192533,"PAPER TOWEL HOLDER GOLD SS HFXJ035",22.9,26,6,20,458,25-APR-026,"PAUL OWUSU",355
192926,"MIGLIO SMOKED CHICKEN FRANKS 340G X 32",19.99,65,428,-363,-7256.37,26-APR-026,EVELYN,142
192329,"SPONGE  SCOURER 4PCS SET F130031",16.9,13,13,0,0,25-APR-026,"NANA ADJEI",355
198405,"WALL CLOCK 305X305X55 1208C",79,7,7,0,0,25-APR-026,"GAD ",471
19815,"ENERGIZER BATTERY ALKALINE AA MAXMINI 1X20 BP2",37.9,5,35,-30,-1137,25-APR-026,ABIGAIL,155
43843,"STYLE UP HAIR GEL 80ML  6",26.99,5,6,-1,-26.99,26-APR-026,"BENEDICT ABBEY",38
39483,"PEPSODENT CAVITY FIGHTER  TOOTHPASTE 175G 72",20.99,87,156,-69,-1448.31,25-APR-026,NTUMY,163
64531,"PURE HEAVEN MULTIFRUIT JUICE 1L 8",35.99,3,3,0,0,25-APR-026,KWAFO,103
71817,"PEPSODENT TRIPPLE PROTECTION TOOTHBRUSH  120",6.29,240,302,-62,-389.98,26-APR-026,NTUMY,162
55686,"FLORA TOILET ROLL 1X24   2",95.99,3,5,-2,-191.98,26-APR-026,BISMARCK,29
N050,"SUNNY WHITE SUGAR 800G  30",43.99,6,5,1,43.99,25-APR-026,"EMMANUEL MENSAH",123
CL762,"CRISPER CONTAINER RND 9000ML 26CMX22CM",29.9,6,6,0,0,25-APR-026,NASHIBA,334
08772,"COUNTRE MILK VANILLA 500ML 18",35.99,16,16,0,0,25-APR-026,CHRIS,61
105232,"HOMEFOODS PURE PALM OIL 500ML 24",42.49,15,15,0,0,26-APR-026,"NANA ADJEI",48
10837,"WATER JUG W4PCS TUMBLERS PLASTIC 5079 YWU",29.9,5,4,1,29.9,25-APR-026,"MICHAEL DADZIE",309
112510,"3TOL ANTISEPTIC LIQUID LIME FRESH 25L  6",103.99,4,6,-2,-207.98,25-APR-026,QUEENCILLA,42
111380,"BIBLE STORY OLD TESTAMENT BOOK W12TITLE ED774",12.9,9,12,-3,-38.7,26-APR-026,HERBERT,282
113461,"BLING MAGIC LEMON MULTIPURPOSE LIQUID 750ML   12",16.99,9,17,-8,-135.92,26-APR-026,TITUS,21
129588,"FARAGELLO GOLD ORANGE NECTAR TETRAPACK 250ML  27",7.99,46,48,-2,-15.98,26-APR-026,KWAFO,83
125406,"OKF SMOOTHIE TROPICAL 500ML 20",26.99,25,25,0,0,26-APR-026,DELIGHT,88
123837,"BLANKET TEDDY BEAR 150X200CM ASTD",189,5,5,0,0,25-APR-026,ESINAM,487
124075,"MOPBUCKET SET PLASTIC 1909197",249,1,1,0,0,25-APR-026,WISE,449
138371,"DALGETY INSTANT GINSENG  GINGER 9G10 45",30.99,50,33,17,526.83,25-APR-026,AKORFA,57
132940,"DINNER PLATE MELAMINE 10 INCHES FEILU 81105",14.9,72,83,-11,-163.9,26-APR-026,BLESSING,409
148303,"BBQ GRILL BARREL 92X39X104CM SK136",949,2,1,1,949,25-APR-026,DANIEL,KITCHEN
148517,"ARTIFICIAL FLOWER 65CM MIX COLOR",13.9,1,1,0,0,26-APR-026,ESINAM,461
141413,"SALTPEPPER SET ROUND 6X55CM 56042J",19.9,16,12,4,79.6,25-APR-026,"NANA ADJEI",355
155741,"LA SALUD SOFTNER TALC POWDER ESSENCE 28L 4",90.99,0,4,-4,-363.96,26-APR-026,ALVIN,14
162836,"CURTAIN JACQUARD 54X90 BLACK 268",219,17,10,7,1533,25-APR-026,"GERALD SACK ",481
157690,"DUSTBIN MATT SWING GLD 5L 19X19Xh30CM PP50606",59,8,8,0,0,25-APR-026,SOMUAH,413
157802,"HUGO ASBACH APERITIF ROSE 750ML 6",332.99,5,5,0,0,25-APR-026,APPIAH,113
162122,"SERVING SOUCE LADLE NYLON AP9437",9.9,19,20,-1,-9.9,25-APR-026,OWUSU,368
174128,"SOFT TOYS TEDDY BEAR 80CM ASSORTED COLOR VT",549,1,2,-1,-549,25-APR-026,HANNAH,276
168194,"PEPSODENT TP CHARCOAL LEMON 90G  72",14.99,18,77,-59,-884.41,25-APR-026,NTUMY,163
16849,"ELLEVIRE UNSALTED BUTTER PACKETS 200G 40",74.99,38,38,0,0,25-APR-026,EMMANUEL,133
186928,"TABLEWARE 4PCS SET KIDS PLASTIC 901 YWU",24.9,18,18,0,0,25-APR-026,HADASSAH,267
187989,"SPRITE GLASS BOTTLE 250ML 24",10.99,9,10,-1,-10.99,25-APR-026,DELIGHT,87
183361,"WESTINGHOUSE WATER DISPENSER WFRIDGE WKWDB901",1749,2,1,1,1749,25-APR-026,AKAYIRI,203
189521,"DINNER PLATE SQUARE GGK 11INCHES LDS24",79,10,11,-1,-79,26-APR-026,BLESSING,409
189673,"AKAI KETTLE 17L 2200W SS TEMP ADJUST EK042A1700L",359,2,8,-6,-2154,25-APR-026,WONDER,246
200725,"CHOPPING BOARD SET NYLON ZHN SK9759",54.9,10,10,0,0,25-APR-026,"PAUL OWUSU",354
32824,"BANETTI PASTA FUSILLI 500G  20",14.99,32,46,-14,-209.86,25-APR-026,SOLOMON,75
X469,"ANNAPURNA SALT 450G 5013620002",6.49,112,115,-3,-19.47,26-APR-026,JUSTICE,49
90421,"WC NET GEL CRYSTAL NEW PINK FLOWERS  750ML  12",53.99,13,13,0,0,25-APR-026,ALVIN,13
94240,"MADAR ZONE BLEACH 1L  12",18.99,10,11,-1,-18.99,26-APR-026,"GIDEON GBLOGAH",12
91235,"SAIRO BATHSHOWER GEL COCONUT SENSATION 750ML 8",50.99,5,5,0,0,25-APR-026,"ANANE KOJO",22
95658,"AMALFI HAND SOAP  ALOE VERA 500ML   12",25.99,9,10,-1,-25.99,25-APR-026,BISMARCK,43
103049,"DISH CLOTH SET 3PCS COTTON DESIGNER DC661",22.9,17,14,3,68.7,25-APR-026,GIFTY,491
106640,"CHARLES DU LAC DEMI SEC WINE 750ML 6",48.99,7,6,1,48.99,25-APR-026,APPIAH,111
109574,"FRYTOL VEGETABLE COOKING OIL 900ML 12",38.99,53,70,-17,-662.83,26-APR-026,"RANDY ALHASSAN",47
110743,"SANITA CLUB TRASH BAGS  55GALLONS X15    10",73.99,6,8,-2,-147.98,25-APR-026,"ARTHUR JONADAB",27
110750,"HALA GARBAGE BAGS BIODEGRADABLE 50GALLONSX10  14",32.99,24,10,14,461.86,25-APR-026,"ARTHUR JONADAB",26
115838,"WOK PAN 24CM FALU ZHNBLY 1027C24",149,1,7,-6,-894,25-APR-026,QUEENCILLA,375
134919,"LE COQ ALC SEX ON THE BEACH BOTTLE DRINK 330ML 24",30.99,7,7,0,0,25-APR-026,APPIAH,109
138573,"PILLOW ORTHOPEDIC",189,4,14,-10,-1890,25-APR-026,GILBERT,495
134659,"SANTE FIT CEREAL BISC W COCOA NO SUGAR ADD 300G 20",66.99,9,9,0,0,25-APR-026,DORIS,97
135955,"BADIA COMPLETE SEASONING 709G  12",34.99,20,23,-3,-104.97,25-APR-026,BISMARCK,45
132938,"DINNER PLATE MELAMINE 8 INCHES FEILU 85125",18.9,11,51,-40,-756,26-APR-026,REGINA,391
151020,"FELIGHT CAT LITTER ANTIBAC CRYSTALS PINE 3KGS 4",209.99,19,19,0,0,25-APR-026,ABASS,1
153454,"DISPLAY BOOK VIBRANT 10POCKET A4 SAYA SY310A",21.9,66,65,1,21.9,25-APR-026,MARIAM,290
159735,"BED QUEEN WLIFT STORGE FLOR GRY 1500X2000MM RONEY",6490,1,1,0,0,25-APR-026,SHADRACK,511
167175,"LG FRIDGE DD 187L SILVER GNB202SQBB",7589,2,2,0,0,25-APR-026,MABEL,252
170270,"KALYON ACTIVE BLOCK PINE 57GMS 12",20.99,11,11,0,0,25-APR-026,ABASS,3
181940,"END TABLE WSHELVE ANDES NATURALWHITE 4615",749,1,1,0,0,25-APR-026,SHADRACK,510
186929,"TABLEWARE 4PCS SET KIDS PLASTIC 903 YWU",29.9,3,3,0,0,25-APR-026,HADASSAH,267
187419,"SAMSUNG LED TV 50 SAT SMART UHD UA50DU8000",9799,1,1,0,0,25-APR-026,WONDER,243
193516,"TUMBLER 6 PCS SET GIFT PACK LVLAL361F",89,1,3,-2,-178,25-APR-026,SOMUAH,415
190108,"EAR PHONE RECHARGABLE KL18 4",79,1,3,-2,-158,25-APR-026,NYARKO,177
190411,"MIGLIO PIZZA TOPPING MOZZARELLA CHEESE 25 KG 4",349.99,20,20,0,0,25-APR-026,EMMANUEL,133
192316,"FILE BAG ART POINT A4 MF0921",11.9,3,3,0,0,25-APR-026,MARIAM,290
43497,"BELAQUA SPARKLING WATER IN GLASS BOTTLE 750ML  12",24.49,3,15,-12,-293.88,25-APR-026,DELIGHT,85
26329,"MENTOS GUM FRESH ACTION CUP MENTHOL 220G 18",84.99,18,18,0,0,25-APR-026,JIMOH,1
48884,"MRS BECTORS BISCUIT CHEESE CRACKER 250G  24PKT",19.99,1,1,0,0,26-APR-026,NASHIBA,89
202563,"FROSTED FLAT PLATE 9 G330039M",9.9,81,82,-1,-9.9,25-APR-026,BLESSING,407
205505,"UNCLE T 3X EXTRA GINSENG DRINK 207ML 24",39.99,14,24,-10,-399.9,26-APR-026,DELIGHT,88
205677,"UNCLE T PINK GRAPEFRUIT JUICE BOTTLE 355ML 24",37.99,18,24,-6,-227.94,26-APR-026,DELIGHT,88
87638,"LORD 11 TWIN DISPOSABLE RAZORS 5RAZORS  40",7.99,77,52,25,199.75,26-APR-026,AKORFA,55
84873,"PAINTING FLOWER DESIGN 60X60CM 3D",199,1,1,0,0,25-APR-026,SHADRACK,510
85700,"AKAI LED LIGHT RECHARGEABLE LS013RA1044LLS028A",229,17,11,6,1374,25-APR-026,NYARKO,178
07972,"BAKING POWDER 450G 18",57.99,28,28,0,0,26-APR-026,"FELIX BOADU",65
107608,"KIWI SHOE POLISH RENEWS BLACK LEATHER 50ML 144",13.99,12,102,-90,-1259.1,26-APR-026,MABEL,36
109394,"DAPHNIS EXTRA VIRGIN OLIVE OIL 500ML 12",184.99,9,9,0,0,26-APR-026,"NANA ADJEI",48
119756,"FANCY APPLE CIDER 330ML  24",22.49,24,24,0,0,25-APR-026,DELIGHT,86
114523,"VEGETABLE PEELER 2MM SAPPHIRE SIDE BG268",12.9,32,176,-144,-1857.6,25-APR-026,"NANA KOJO",365
113983,"BELSODA CAN DRINK 330ML 24",8.49,1,51,-50,-424.5,26-APR-026,"JOSEPH PATRICK",135
114113,"AKAI CEILING FAN 52 DECORATIVE EF107A52CF",1989,1,1,0,0,25-APR-026,KWAFO,170
137274,"TORENTOREN WAFERS F CINNAMON CREAM D FCW 55G 144",6.29,74,194,-120,-754.8,25-APR-026,"EDDIE MENSAH",108
148388,"PLACE MAT WTAG ROUND MIX COLOR 6PCS",99,1,19,-18,-1782,25-APR-026,SHADRACK,510
148700,"TROPHY 46CM 2111C",189,2,7,-5,-945,25-APR-026,CHARLES,463
142121,"GREENWORLD AIRFRESHENER ANTI TOBACCO 400ML  48",34.99,25,25,0,0,25-APR-026,ABASS,2
156661,"WESTINGHOUSE FRY PAN 28CM WCFP0032028MBB",259,3,8,-5,-1295,25-APR-026,"ALHASSAN RANDY",381
157040,"CURTAIN GROMMET RUST 55X90 EHRY3500RU",169,10,10,0,0,25-APR-026,"GERALD SACK ",478
153263,"LAV STEMWARE 3PCS SET LVELL583A",49.9,11,7,4,199.6,25-APR-026,SOMUAH,414
159763,"MUNCHEE DIGESTIVE BISCUITS 65G  48",3.59,66,77,-11,-39.49,25-APR-026,DERRICK,96
169527,"SEARA SMOKED CHICKEN SAUSAGE 375G 28",23.99,100,56,44,1055.56,25-APR-026,EVELYN,142
178136,"LUNCH BOX 1600ML KIDS PLASTIC YWU",59,31,31,0,0,25-APR-026,"MICHAEL BOYE",305
183181,"GLADE AUTO SPRAY CLEAN LINEN PRIMARY 269ML 4",205.99,5,6,-1,-205.99,26-APR-026,ABASS,4
193438,"CREATE A FACE STICKER FUN BOOKSCREATE 22X28CM",49.99,1,1,0,0,26-APR-026,HERBERT,283
189602,"DOVE SPRAY MENCARE  POWDERSANDALWOOD 250ML 24",44.99,43,42,1,44.99,25-APR-026,ELLA,34
190049,"BEER GLASS 650ML FOOTBALL YWU",16.9,15,15,0,0,25-APR-026,"STEPHEN ACQUAH",422
191352,"VASELINE ADVANCED REPAIR 400ML 48",64.99,18,35,-17,-1104.83,26-APR-026,TITUS,21
42280,"OLD MANSION VSOP DELUXE BRANDY 750ML 12",99.99,5,5,0,0,25-APR-026,MAHAMA,115
80284,"AKAI GAS STOVE 2B INFRARED GC032A8518",659,-1,2,-3,-1977,25-APR-026,"JOSEPH PATRICK",200
61348,"ORIJIN SPIRIT MIXED DRINK 300ML 24",13.99,132,274,-142,-1986.58,25-APR-026,APPIAH,110
A807,"TAKAI LIQUEUR 750ML 6",154.99,5,5,0,0,25-APR-026,MAHAMA,116
96167,"GREENWORLD BAMBU AFRESHNER COUNTRY FLOWER 75ML 12",66.99,14,18,-4,-267.96,26-APR-026,ABASS,3
97201,"KIDS MUG BOWL AND SPOON 5PCS SET PLASTIC P7631",9.9,-500,32,-532,-5266.8,25-APR-026,NIBOI,315
100030,"NANAS RICE LONG GRAIN RICE 5 BROKENNESS 1KG 20",32.99,1,3,-2,-65.98,25-APR-026,GIDEON,68
103486,"PRIMA 80 PERFUMED DISINFECTANT 45L  6",134.99,8,27,-19,-2564.81,26-APR-026,"ADIATOR MOSES ",8
104542,"FONTISSUE TOILET TISSUE 24 ROLLS  2",91.99,1,1,0,0,25-APR-026,ELLA,31
111386,"365 STORY BOOK W4TITLES ED779",99,1,1,0,0,25-APR-026,HERBERT,282
128840,"BOWL 3PCS SET CERAMIC T146001",199,1,4,-3,-597,26-APR-026,VICTORIA,432
122737,"UNIMAX TRIO DC BALLPEN RED 10MM FBTDCRD32",3.99,1,1,0,0,26-APR-026,SHADRACK,158
143275,"CHOPPING BOARD WOODEN MEDIUM 11X15  CHB5",129,2,2,0,0,25-APR-026,"PAUL OWUSU",353
170230,"AKAI CEILING FAN 42 EF120A4203CF",1299,2,2,0,0,25-APR-026,AKAYIRI,207
187421,"NASCO FRIDGE DD COMBI 170L NASD223SK",3799,1,1,0,0,25-APR-026,NYARKO,174
187713,"BATH MAT PLASTIC 50X80CM 4COLOR MIX",65,5,7,-2,-130,25-APR-026,"SAMUEL ADDO",399
191719,"MYBISCUIT DIGESTIVES WHOLEMEAL BISCUIT 600G 12",79.99,25,54,-29,-2319.71,25-APR-026,DORIS,97
190928,"JAMAA DETERGENT POWDER 2KG 4",54.99,0,2,-2,-109.98,26-APR-026,"ARTHUR JONADAB",27
82710,"BRUT DEO SPRAY ATTRACTION 200ML  6",39.99,1,2,-1,-39.99,25-APR-026,ELLA,34
86385,"ORIJIN HERBAL BITTERS 200ML 48",19.99,13,13,0,0,25-APR-026,MAHAMA,115
49364,"UNOLI SOYABEAN OIL 1L  12",59.49,6,6,0,0,26-APR-026,"RANDY ALHASSAN",47
51037,"ENERGIZER BATTERY LITHIUM 3V ECR2016LITHIUM",25,25,27,-2,-50,25-APR-026,NTUMY,161
E233,"PHILIPS DRY IRON 1000W HD1172 1X8 E",329,9,9,0,0,25-APR-026,"KINGSLEY OP",218
96628,"SAN SIMON COMMUNION WINE 1L 6",68.99,6,6,0,0,25-APR-026,"EDDIE MENSAH",107
97351,"SAIKIRPA NAPHTHALENE BALLS JUMBO WHITE 300G  60",23.99,49,47,2,47.98,26-APR-026,"ADIATOR MOSES ",9
103895,"BLING TOILET BOWL CLEANER 5L  4",89.99,4,4,0,0,26-APR-026,"GIDEON GBLOGAH",12
104824,"KERRYGOLD FULL CREAM MILK POWDER TIN 900G 6",189.99,14,53,-39,-7409.61,25-APR-026,SOLOMON,77
107103,"OKF CAPPUCCINO 240ML  30",13.99,4,8,-4,-55.96,26-APR-026,PATIENCE,84
108989,"PLATINUM JASMINE VIETNAMESE RICE 45KG  5",84.99,58,116,-58,-4929.42,25-APR-026,"FELIX BOADU",151
128765,"MARKER TWIN 150 12YRS LUXOR 2PCS 30102BC",11.9,9,9,0,0,26-APR-026,GILBERT,294
129382,"KNIFE GOLD PLATED DISPOSABLE 10PCS SET",17.9,1,24,-23,-411.7,25-APR-026,"ARTHUR JONADAB ",26
135407,"SALAD BOWL 7  WHITE 7SBGGK LPRO RJK",19.9,30,36,-6,-119.4,25-APR-026,BLESSING,405
146314,"SNACK BOWL WTRANS BIRD KNOB ACRYLIC PLUM 5601",9.9,4,4,0,0,25-APR-026,SYLVIA,426
143776,"ROMAR  AIRFRESHNER VANILLA 300ML  8",39.99,2,11,-9,-359.91,25-APR-026,ABASS,3
154732,"VILEDA MOPSTICKBUCKET TURBO SMART 166140",749,1,1,0,0,25-APR-026,WISE,449
155934,"ORS OLIVE OIL GIRLS CNC 6 1 TOUCH UP   4",114.99,1,1,0,0,26-APR-026,"PAUL OWUSU",38
15211,"MILO SOFT PACK 400G 12",49.99,67,44,23,1149.77,25-APR-026,"DAVID BRUNO",79
165481,"EUPHORIC LIVING",59,10,10,0,0,26-APR-026,"JERUSHA ",288
179414,"BEEQUENCH SOBOLO HIBISCUS HOT  SPICY  DRINK 1L 1",46.99,6,4,2,93.98,26-APR-026,KWAFO,83
181840,"COOKING TOOLS 11PCS SET SILICON LDS013",129,16,18,-2,-258,25-APR-026,"NANA KOJO",362
179029,"BOUNCY BALL WITH LIGHT  OPP YW",14.99,7,8,-1,-14.99,26-APR-026,SHADRACK,158
186971,"HAPPY BIRTHDAY PLATES MIX DESIGN 20PCS SET",29.9,27,29,-2,-59.8,25-APR-026,HADASSAH,268
184788,"TUMBLER 6PCS SET GLASS 330ML",89,2,2,0,0,25-APR-026,"STEPHEN ACQUAH",420
194614,"MIGLIO FROZEN FRENCH FRIES 9MMX9MM 25KG 4",109.99,14,14,0,0,26-APR-026,NYARKO,182
190699,"SLIME BUBBLE SUPER STRETCH",21.9,6,6,0,0,26-APR-026,"NANA KOJO",271
200526,"FILO FLAVOUR MILK APPLE 500ML 12",11.49,6,7,-1,-11.49,25-APR-026,CHRIS,61
198520,"CONDOR PEAK CHARDONNAY WINE 750ML 12",79.99,19,19,0,0,25-APR-026,APPIAH,113
197776,"MCBERRY CHOCO BALLS 19G  100",1.99,73,77,-4,-7.96,25-APR-026,"KINGSLEY OP",91
197855,"HEADPHONES BLUETOOTH DISNEY FROZEN DY9955FR2",169,4,3,1,169,25-APR-026,NYARKO,178
203950,"CERES NECTAR MANGO MANIA JUICE 1L 12",28.49,9,9,0,0,25-APR-026,KWAFO,100
51961,"BIFOOD CORNFLAKES WITH HONEYNUTS 375G 20",44.99,27,23,4,179.96,26-APR-026,"KINGSLEY OP",91
72677,"NOVA PUREZONE PINE 750ML  24",26.99,3,3,0,0,26-APR-026,"GIDEON GBLOGAH",12
N037,"BULLET ENERGY DRINK ORIGINAL 250ML  24",11.99,10,10,0,0,25-APR-026,DELIGHT,85
CL771,"CONTAINER 1800ML TRANSPARENT 22CMX15CMX9CM",14.9,5,5,0,0,25-APR-026,NIBOI,316
D423,"LACTASOY CHOCOLATE SOYA MILK 1L  12",41.99,23,28,-5,-209.95,25-APR-026,AKORFA,56
99678,"CURTAIN SHOWER ROD SINGLE EXT  112",59,17,14,3,177,25-APR-026,WISE,446
110776,"MEANNAN COATED PEANUTS 300G 12",32.99,12,12,0,0,26-APR-026,MAHAMA,119
125360,"ROMAR FABRIC SOFTENER SPA 750ML  15",36.99,4,11,-7,-258.93,26-APR-026,NIBOI,16
147342,"CAMPARI BITTERS 700ML  6",199.99,10,10,0,0,25-APR-026,MAHAMA,115
164645,"SKILET WLID 28CM 29MM FGD ALU PEDRINI 02PE1511 RK",289,1,2,-1,-289,25-APR-026,QUEENCILLA,375
162301,"CAKE SERVER SS WOOD HANDLE ILC MC730432 RJK",19.9,14,14,0,0,25-APR-026,OWUSU,369
162336,"MEAT FORK SS WOOD HANDLE ILC MC73210 RJK",19.9,8,8,0,0,25-APR-026,OWUSU,369
175344,"CHUPA CHUPS MINI COLA FLAV LOLIPOPS 50PCS 300G 12",117.99,6,3,3,353.97,26-APR-026,TITUS,21
168419,"SOUP PLATE 85 FDL018 RJK",16.9,23,29,-6,-101.4,26-APR-026,BLESSING,409
169370,"BOTTLE KIDS ALU PAW PATROL 500ML",49.9,14,15,-1,-49.9,25-APR-026,GILBERT,313
168611,"FABER CASTELL GRIP TEX MECHANIC PENCIL 4PC 133809",32.9,1,1,0,0,25-APR-026,MARIAM,291
184644,"COTTON RUG ASSORTED 50X80CMS",32.9,14,14,0,0,26-APR-026,VINOLIA,444
183263,"BEER MUG 4PCS SET 610ML BREMEN PJ 10821 RJK",79,4,4,0,0,25-APR-026,"STEPHEN ACQUAH",418
183526,"ENA PA SWEETENED CONDENSED MILK 1KG  24",34.99,12,19,-7,-244.93,26-APR-026,"NANA ADJEI",81
193440,"SOLO 4D RING BINDER RB404",46.99,16,16,0,0,25-APR-026,MARIAM,290
191720,"MYBISCUIT DIGESTIVES CHOCO BISCUIT 600G 12",79.99,41,79,-38,-3039.62,25-APR-026,"EDDIE MENSAH",108
190492,"OVAL BATHMAT WLATEX ASSORTED 40X60CM",26.9,7,32,-25,-672.5,26-APR-026,"STEPHEN ACQUAH",424
198726,"MUG 420ML CERAMIC LOVE YWU",49.9,21,21,0,0,25-APR-026,ROBIN,392
42836,"DOVE SOAP BAR ORIGINAL 4X90GMS  12",67.99,6,4,2,135.98,26-APR-026,PHILEMON,18
206106,"SYINIX LED TV 50 SMART 50S65H",3699,1,1,0,0,25-APR-026,LESTER,250
206601,"AER POWER POCKET LEMON DELIGHT 120",11.49,52,115,-63,-723.87,25-APR-026,ABASS,2
73554,"MAGIC MOMENT VODKA ORANGE 1LTR 12",84.99,5,5,0,0,25-APR-026,MAHAMA,117
CL765,"CONTAINER SQUARE 1300ML 12CMX12CMX11CM",7.9,23,23,0,0,25-APR-026,NASHIBA,334
X434,"LACTOGEN 2  400G 12 12081300",99.99,13,13,0,0,25-APR-026,"EMMANUEL MENSAH",124
95934,"AMALFI  BODY SPRAY INFINITI  200ML   8",37.99,9,9,0,0,25-APR-026,ELLA,34
09915,"POMO TOMATO PASTE 22KG 6",69.99,6,6,0,0,26-APR-026,EMMANUEL,127
102731,"SPARTAN GERMEX DISINFECTANT  CLEANER  12 L  12",41.49,12,15,-3,-124.47,25-APR-026,"ADIATOR MOSES ",8
103783,"GIVERS WC CLEANER 750ML  20",31.99,26,25,1,31.99,25-APR-026,ALVIN,13
138195,"NUTZY PEANUT BUTTER HONEY 227G  12",25.49,4,12,-8,-203.92,26-APR-026,"FELIX BOADU",65
14576,"EMBORG CHICKEN FRANKS 340G 32",57.99,19,21,-2,-115.98,25-APR-026,EVELYN,142
156943,"BATH MAT YELLOW 50X80CM BM238",59,3,3,0,0,25-APR-026,"SAMUEL ADDO",402
164840,"BBQ GRILL MEDIUM MLS",59.9,11,11,0,0,25-APR-026,"NANA KOJO",367
161843,HUMIDIFIER,149,2,3,-1,-149,25-APR-026,KWAFO,173
162333,"SPATULA SILICONE WOOD HANDLE ILC MC73553 RJK",19.9,25,35,-10,-199,25-APR-026,OWUSU,370
174507,"BEL AQUA PREMIUM LEMON FL SPARKLING WATER 330ML 12",21.49,35,19,16,343.84,25-APR-026,DELIGHT,85
171596,"NASCO HUMIDIFIER HF1207GS",789,2,2,0,0,25-APR-026,NYARKO,181
168360,"MUG 350ML FAM2445 RJK",9.9,6,6,0,0,25-APR-026,"SAMUEL ADDO",398
167503,"BEVERAGE DISPENSER WRACK 49L 57801 RJK",169,1,2,-1,-169,26-APR-026,"STEPHEN ACQUAH",424
178584,"MASON JAR WSTRAW 450ML GLASS FOOTBALL YWU",9.9,44,48,-4,-39.6,25-APR-026,SYLVIA,426
194642,"NOTEBOOK B5 200PAGES 175X25CM HCL O51016",49.99,6,6,0,0,26-APR-026,"JERUSHA ",288
192002,"MELCOM KITCHEN TOWEL XL 6",32.99,1,3,-2,-65.98,25-APR-026,ELLA,32
192201,"MOGU MOGU COCONUT DRINK 320ML 24",29.99,29,51,-22,-659.78,26-APR-026,"MORGAN ONGOH",84
200453,"WOK WLID 28CM FALU ZHNBLY 120228",339,6,5,1,339,25-APR-026,"NANA KOJO",364
195761,"KODAK HI FI SPEAKER RECHARGEABLE 80W PRPS1758",1999,1,1,0,0,25-APR-026,JUSTICE,194
26948,"VOLTPLUS AVR 1KVA W110V ASSIST OUTPUT AVR6012",529,1,5,-4,-2116,25-APR-026,DANIEL,257
82384,"BINATONE INDUSTRIAL STANDING FAN 26 HDF2620",2189,3,3,0,0,25-APR-026,AKAYIRI,207
89275,"TRAY 47X34CM BLACK PLASTIC JB28 YWU",39.9,9,8,1,39.9,26-APR-026,NASHINA,337
73659,"NASCO CHEST FREEZER SD 251L NAS300NAS300SK",4299,1,1,0,0,25-APR-026,"JOSEPH PATRICK",204
101422,"CHEF KNIFE 8INCHES WWOODEN HANDLE ER588B YWU",39.9,7,7,0,0,25-APR-026,"NANA KOJO",365
100812,"LA SALUD ORIGINAL BLUE  DETERGENT 4L  4",139.99,0,4,-4,-559.96,26-APR-026,ALVIN,14
104363,"NESTLE CERELAC WHEAT WITH MILK 300G  12",31.99,24,29,-5,-159.95,26-APR-026,"EMMANUEL MENSAH",124
113663,"DINNER PLATE MELAMINE 10 INCHES FEILU 81105",17.9,16,99,-83,-1485.7,25-APR-026,REGINA,390
115504,"COOKWARE 10PCS SET ZH10PCS",699,1,3,-2,-1398,25-APR-026,OWUSU,374
127736,"PAPER PLATE CAKE 21X31CM YWU",4.9,2,25,-23,-112.7,25-APR-026,"ALHASSAN RANDY",382
124145,"BAKING PAPER 8MT 30CM 2107553",22.9,9,10,-1,-22.9,25-APR-026,"ARTHUR JONADAB",27
122795,"BATHROOM CORNER SHELF 3 LAYER PLASTIC UR3077",59,8,8,0,0,25-APR-026,VICTORIA,437
139249,"PARIN NECTAR NATURAL HONNEY 250G 15",44.99,19,20,-1,-44.99,26-APR-026,GIFTY,63
145128,"DUSTBIN QUATRO BLKSLR SWING 45L 39X33X60CM PP65904",179,5,5,0,0,25-APR-026,HAYFORD,454
155144,"FLORA VFOLD FACIAL TISSUE 24CM UNBRANDED 200  20",19.99,9,20,-11,-219.89,25-APR-026,ELLA,31
153231,"MITT SET 4PCS BLUEGRAYBLACK GG220905A",99,11,7,4,396,25-APR-026,GIFTY,491
153254,"FREE AFRIKA MARULACREAMY  LIQUOR 900ML 12",149.99,9,9,0,0,25-APR-026,MAHAMA,116
162714,"DINNER PLATE MELAMINE 9 INCHES FEILU 6029",12.9,-13,91,-104,-1341.6,26-APR-026,REGINA,390
174329,"INTERNATIONAL BUSINESS PREMIER MULTICOLOUR",89,1,1,0,0,25-APR-026,HERBERT,280
171978,"WALL LIGHT BLACK 10032F1",129,1,3,-2,-258,25-APR-026,KWAFO,166
181989,"FABER CASTELL PENCIL MECHANICAL SLEEK 10 161451",21.9,10,12,-2,-43.8,25-APR-026,MARIAM,291
176643,"SAMSUNG GALAXY MOBILE A06 464GB",1439,1,1,0,0,25-APR-026,NYARKO,177
193345,"WHISKEY GLAS TRAZE PR HI BALL 350ML 3P0366506X0001",229,4,6,-2,-458,25-APR-026,"STEPHEN ACQUAH",421
188745,"MOLINERA MULTIFRUIT BOTTLE 1L  6",39.49,3,3,0,0,25-APR-026,DORIS,99
190102,"NAIL DRYER ASSORTED",99,13,19,-6,-594,25-APR-026,JUSTICE,186
198583,"SNACKS TRAY 6COMPARTMENT 325X22X65CM BAMBOO YWU",159,18,18,0,0,25-APR-026,NIBOI,314
32410,"ZESTA STRAWBERRY TEA 25 X 18G  12",23.99,23,27,-4,-95.96,25-APR-026,AKORFA,59
32787,"EASY MOUZOO GUAVA TETRAPACK DRINK 200ML 27",5.49,9,49,-40,-219.6,26-APR-026,PATIENCE,84
202347,"GOLDEN VICTORIA GARDEN STRAWBERRY BLACK TEA 60G 24",17.99,21,21,0,0,25-APR-026,AKORFA,57
89788,"SPRITE ZERO PET 450ML  12",8.99,1,38,-37,-332.63,25-APR-026,EMMANUEL,133
70746,"OKF STANDARD ALOE ORIGINAL DRINK  500ML  20",20.99,15,15,0,0,26-APR-026,DELIGHT,88
71817,"PEPSODENT TRIPPLE PROTECTION TOOTHBRUSH  120",6.29,36,302,-266,-1673.14,25-APR-026,"BOADI STEPHEN",54
A974,"KASAPREKO DRY GIN 750ML 12",45.99,19,19,0,0,25-APR-026,MAHAMA,116
100657,"MASTERCHEF SKIMMER BLACK NYLON MC14309F RJK",14.9,6,6,0,0,25-APR-026,"NANA KOJO",367
105117,"KENWOOD STEAM IRON 2600W CERAMIC STP75000WB",669,1,1,0,0,25-APR-026,"KINGSLEY OP",218
110123,"OCEAN WASHING MACHINE TT 7KG OTTK 751 Z",3069,1,1,0,0,25-APR-026,AKAYIRI,203
115128,"MEANNAN ROASTED CASHEW NUT 300G  12",68.99,29,19,10,689.9,26-APR-026,MAHAMA,119
121151,"PICCADILLY POPCORN LIGHTLY SALTED 15G 20",1.29,8,8,0,0,25-APR-026,"EMMANUEL MENSAH",121
135950,"BADIA PAPRIKA 1134G  6",70.49,9,9,0,0,25-APR-026,BISMARCK,45
155741,"LA SALUD SOFTNER TALC POWDER ESSENCE 28L 4",90.99,4,4,0,0,26-APR-026,ALVIN,15
151586,"SOFT  GENTLE DEO  ROSE FEVER  250ML 6",43.49,8,8,0,0,25-APR-026,ELLA,34
174979,"NERO COLA CARBONATED PET DRINK 350ML 20",3.19,12,74,-62,-197.78,25-APR-026,DELIGHT,86
170278,"KALYON APPLE DISHWASHING LIQUID SPONG PUMP 1L 10",38.99,5,13,-8,-311.92,25-APR-026,ALVIN,13
168661,"HEAVEN DARK SOY SAUCE 250ML  48",13.99,46,46,0,0,25-APR-026,GLADYS,72
178173,"ARTIFICIAL PLANT WPOT 22369",44.9,1,1,0,0,25-APR-026,HAYFORD,460
37653,"NOVA HAND SOAP ANTISEPTIC 500ML  20",17.49,27,27,0,0,25-APR-026,TITUS,21
24024,"VASELINE PJ BLUE SEAL ALOE VERA 100ML 144",24.49,72,131,-59,-1444.91,25-APR-026,TITUS,21
32661,"PALMOLIVE SHOWER GEL  MILK  HONEY 750ML 12",80.99,1,1,0,0,25-APR-026,"ANANE KOJO",22
75249,"TUMBLER ZOMBIE 330ML DXB L4700N7793",7.9,6,26,-20,-158,25-APR-026,SHADRACK,510
53709,"PLATINUM CORNED BEEF 340G X 24",44.99,63,56,7,314.93,25-APR-026,APPIAH,126
62416,"SAMSUNG WASHING MACHINE TT 6KG WT60H2500HPNQ",4549,1,1,0,0,25-APR-026,AKAYIRI,203
CL571,"CONTAINERS FANCY WITH LID 2500ML 26CMX18CMX8CM",11.9,25,26,-1,-11.9,25-APR-026,NIBOI,316
N800,"COKE PET 450ML  12",8.99,1,85,-84,-755.16,25-APR-026,EMMANUEL,133
101902,"MATA MIXED VEGETABLES IN BRINE EO 400G  24",17.49,24,30,-6,-104.94,25-APR-026,GLADYS,71
107647,"JUVER DISFRUTA  APRICOT  JUICE 1L 12",32.99,4,16,-12,-395.88,26-APR-026,JIMOH,1
120037,"SERVING BOWL MELAMINE 9 INCHES ZHN C0699",24.9,19,48,-29,-722.1,26-APR-026,"SAMUEL ADDO",404
113184,"MIKSI COFFEE  3 IN 1 SACHET 35G 120",4.19,15,167,-152,-636.88,26-APR-026,"DAVID BRUNO",80
127749,"PAPER BOX CAKE HEIGHTEN 10 30X30X34CM YWU",44.9,15,14,1,44.9,25-APR-026,"RANDY ALHASSAN",385
123168,"OCEANBEER GLASS SET 6PC400M PILSNER 3B0091406G0004",119,1,7,-6,-714,25-APR-026,"STEPHEN ACQUAH",421
122864,"SERVING BOWL MELAMINE 9 INCHES FEILU 5210",22.9,18,30,-12,-274.8,25-APR-026,REGINA,387
134437,"KRACKS CHIPS PAPRIKA 160G  14",42.99,10,10,0,0,25-APR-026,APPIAH,114
142774,"GRAPE RED GLOBE SMALL PACK",26.99,3,3,0,0,25-APR-026,JIMOH,134
165577,"BEDSHEET SET 4PC 235X275CM 145GSM COZYKBEDDING4",299,7,14,-7,-2093,25-APR-026,GILBERT,497
164438,"NUTZY CRISPY PEANUT SNACK 400G  12",36.99,13,13,0,0,25-APR-026,"EMMANUEL MENSAH",121
159986,"MUG 330ML CERAMIC STATEMENT YWU",9.9,3,3,0,0,25-APR-026,ROBIN,392
161283,"CANVAS PAINTING BOATS  BRIDGES 40X40CM PC233005",55,17,18,-1,-55,25-APR-026,GAD,472
160234,"MOULINEX HAND MIXER 300W HM310127",399,3,3,0,0,25-APR-026,PRINCE,226
168913,"KIDS FISHING GAME KIDS OTE0664389",36.9,14,22,-8,-295.2,25-APR-026,HERBERT,279
169503,"CUSHION EMBROIDERY 380G FILLING 45X45CM EHAMK009",149,11,11,0,0,25-APR-026,GLADYS,506
169506,"CUSHION EMBROIDERY 380G FILLING 45X45CM EHAMK012",149,2,4,-2,-298,25-APR-026,SHADRACK,519
179852,"AKAI BLENDER WMILL 18L 500W BD077A91M",369,1,1,0,0,25-APR-026,PRINCE,222
183279,"TUMBLER 6PCS SET 330ML PINOT FT 0112 RJK",59,5,5,0,0,26-APR-026,SOMUAH,417
192673,"GIFT BAG 210G 125X345X10 KJM986114",6.99,8,8,0,0,25-APR-026,MARYLAND,301
203951,"CERES NECTAR CRANBERRY JUICE 1L 12",28.49,4,5,-1,-28.49,25-APR-026,KWAFO,100
57746,"FANTA ORANGE PET 1L  4",15.99,10,41,-31,-495.69,26-APR-026,DELIGHT,87
68375,"SAMSUNG FRIDGE DD 236L RT28HAR4DSART22HAR4DS5DSA",8689,1,1,0,0,25-APR-026,"JOSEPH PATRICK",205
CL337,"DRUM WITH LID AND TAP 70LTR 50CMX63CM",149,3,3,0,0,25-APR-026,MORGAN,323
95403,"COKE ZERO PET 300ML 12",6.49,48,60,-12,-77.88,26-APR-026,DANIEL,165
111563,"CERAMIC TABLE LAMP WSILVER DESIGN MKW01526",189,5,5,0,0,25-APR-026,KWAFO,171
113964,"TOM CAKE LEMON MINI MUFFINS 160G  15",44.99,8,10,-2,-89.98,25-APR-026,EMMANUEL,130
127776,"PARMALAT DAIRY SNACK BANANA YOGURT  100G 12",39.99,1,5,-4,-159.96,26-APR-026,TITUS,21
136918,"GALAXY SPARKLING WINE BLUE COCKTAIL DRINK 750ML 12",46.49,8,8,0,0,25-APR-026,"EDDIE MENSAH",107
148699,"TROPHY 52CM 2111B",279,5,7,-2,-558,26-APR-026,CHARLES,466
145115,"GLASS PLAZA LONG DRINK 405ML 3B1101406G0004",119,7,7,0,0,25-APR-026,"STEPHEN ACQUAH",421
156661,"WESTINGHOUSE FRY PAN 28CM WCFP0032028MBB",259,2,8,-6,-1554,25-APR-026,QUEENCILLA,378
151399,"IRISH SPRING BAR ORIGINAL 127G 20",19.99,2,2,0,0,25-APR-026,"ANANE KOJO",20
151221,"COMB CYLINDER DESIGN",18.9,6,6,0,0,26-APR-026,VICTORIA,438
172158,"NESTLE GOLDEN MORN MAIZESOYA PROT 10X45G 450G 10",38.99,14,26,-12,-467.88,26-APR-026,"EMMANUEL MENSAH",124
167653,"MUG 350 ML CERAMIC DESINGER YWU",9.9,9,9,0,0,25-APR-026,"SAMUEL ADDO",398
168972,"TIME WAFER MASTER GOFRETTE VANILLA 20G  288",2.99,28,32,-4,-11.96,25-APR-026,"ABIGAIL YEVUGAH",157
181170,"CHEST OF DRAWER 6DRW MARBLE TOP 120X40X80CM 076",2890,1,1,0,0,26-APR-026,FRANCIS,525
186084,"WHISKEY GLASS SET 6PCS 330ML CLEAR P4131K6 RJK",59,3,7,-4,-236,25-APR-026,SOMUAH,416
187015,"TABLE LAMP 26CM",79,2,2,0,0,25-APR-026,KWAFO,172
187310,"CURTAIN ROD POLIS GOLD 2BRAKET 120210CM A06210PG",129,8,8,0,0,26-APR-026,GAD,474
18344,"LONG MOUNTAIN MERLOT  RED WINE 75CL 6",69.99,9,8,1,69.99,25-APR-026,APPIAH,111
184335,"TONG SS SALAD 9 60520",12.9,9,22,-13,-167.7,25-APR-026,OWUSU,368
194645,"WINE GLASS 3PCS SET RB064",39.9,20,20,0,0,25-APR-026,SYLVIA,426
192843,"CURTAIN JQ GREEN 54X90 PL 225",119,8,8,0,0,25-APR-026,GIFTY,492
200609,"NASCO WASHING MACHINE TL 7KG NAS07TLS",3399,1,1,0,0,25-APR-026,AKAYIRI,203
197911,"VIP TROLLEYCASE WWHEEL 8W TOURAGE MD TOURTW8LBL",579,1,1,0,0,25-APR-026,MARYLAND,298
36411,"KALYON DISWASHING LIQUID LEMON 730ML 12",25.99,16,16,0,0,25-APR-026,ALVIN,14
67038,"TOM MILK PINEAPPLE FLAV DAIRY 125G  4PCS X 6PKS",48.99,24,22,2,97.98,25-APR-026,CHRIS,61
60956,"BINATONE BLENDER  WMILL 15L 350W BLG402402 MK2",669,1,6,-5,-3345,25-APR-026,PRINCE,229
A913,"JOHNNIE WALKER RED LABEL WHISKY  1L 12",399.99,4,5,-1,-399.99,25-APR-026,EMMANUEL,128
A973,"KASAPREKO CARNIVAL STRAWBERRY 750ML 12",44.99,7,19,-12,-539.88,25-APR-026,MAHAMA,116
CL717,"CONTAINER 4900ML OPAQUE 30CMX21CMX12CM",29.9,24,16,8,239.2,25-APR-026,NIBOI,315
94166,"SATNAM PERFUMED INSECT REPELLANT BALLS 200GMS 60",23.99,88,78,10,239.9,26-APR-026,"ADIATOR MOSES ",9
91416,"QUERAY SHOWER GEL DERMO 750 ML  12",32.99,12,12,0,0,25-APR-026,"ANANE KOJO",21
97181,"FUNNY CAT PULL ALONG TOY TY280",38.9,8,10,-2,-77.8,25-APR-026,HANNAH,273
95700,"AMALFI BABY SHAMBABY ARGAN INTENSE SHINE 750ML 16",32.99,8,1,7,230.93,26-APR-026,RICHMOND,50
100031,"NANAS RICE LONG GRAIN RICE 5 BROKENNESS 45KG 5",140.99,4,8,-4,-563.96,25-APR-026,GIDEON,68
102486,"MR MUSCLE WINDOW  SURFACE CLEANER LAV750ML  12",99.99,11,11,0,0,25-APR-026,ABIGAIL,6
104802,"SAMSUNG AC SPLIT 2HP R410 AR18TCRHAGAWKGA",11149,1,1,0,0,25-APR-026,"KINGSLEY OP",212
117620,"STRAINER PLASTIC 12CM UR3073",16.9,41,42,-1,-16.9,25-APR-026,OTHNIEL,342
122618,"FRESH CUT SWEET POTATOE FRIES 15KG 10",99.99,1,1,0,0,25-APR-026,EVELYN,140
156337,"NASCO MICROWAVE 25L GRILL EG925EFF",1799,1,1,0,0,25-APR-026,DANIEL,263
155554,"LUNCH BOX  PLASTIC BG687",34.9,2,2,0,0,25-APR-026,"MICHAEL BOYE",305
149292,"CERES NECTAR MANGOORANGE JUICE DRINK  200ML 24",9.99,3,3,0,0,26-APR-026,"PAUL OWUSU",84
164668,"AKAI STEAM STATION 20002400W EI054A802S",899,3,3,0,0,25-APR-026,"KINGSLEY OP",220
161182,"AKAI BLENDER 15L 500W BD071AB300",539,2,1,1,539,25-APR-026,PRINCE,222
161741,"AKAI KETTLE 18L 1800W SS EK036A1801",179,5,5,0,0,25-APR-026,WONDER,246
179007,"MAGNETIC ABACUS TOYS WDIGIT  3YRS OPP YW",35.9,21,20,1,35.9,25-APR-026,JUSTICE,270
187741,"CERAMIC MUG 82X103CM 350ML 4DESIGN YWU",9.9,54,36,18,178.2,25-APR-026,ROBIN,392
187969,"JOJONAVI RED GRAPE FRUIT CAN JUICE DRINK 330ML 24",13.49,4,7,-3,-40.47,26-APR-026,"JOSEPH PATRICK",135
186898,"BATH MAT 33X62CM 336043 18806794166",30.9,20,20,0,0,26-APR-026,VINOLIA,443
184360,"COLANDER DEEP WLONG HANDLE 24CM SS 50030113 57009",34.9,6,11,-5,-174.5,25-APR-026,"PAUL OWUSU ",350
191719,"MYBISCUIT DIGESTIVES WHOLEMEAL BISCUIT 600G 12",79.99,1,54,-53,-4239.47,25-APR-026,DORIS,98
191075,"REALMAN MANLY FRAGRANCE FRESH MOOD 150ML 72",50.99,8,9,-1,-50.99,26-APR-026,ELLA,35
192311,"BLACK BINDER CLIPS 12PCS MP58494",12.9,12,12,0,0,26-APR-026,GILBERT,294
200771,"SKYBAGS SUITCASE 8W STR E55 ASS COLOUR GENESIS",399,1,1,0,0,25-APR-026,MARYLAND,299
199870,"EVA YELLOW COCKTAIL SPARKLING DRINK 750ML 12",49.99,8,8,0,0,25-APR-026,"EDDIE MENSAH",107
195691,"STORAGE CONTAINER RND LOCKLID PLASTIC 16L HL0127TC",44.9,4,4,0,0,25-APR-026,"NANA ADJEI",326
32104,"EVERPACK CLING FILM 100SQ FT  24",17.99,21,21,0,0,25-APR-026,"ARTHUR JONADAB",27
66920,"PINHO BRIL LAVENDER DISINFECTANT 500ML  12",21.99,16,16,0,0,25-APR-026,"ADIATOR MOSES ",8
106081,"CASA DE CAMPO OLIVE POMACE OIL 1L  12",149.99,4,4,0,0,26-APR-026,"NANA ADJEI",48
107899,"ELTRUT BEEF  VEGETABLES SPRING ROLL 8PCS 380G 1",50.99,6,12,-6,-305.94,25-APR-026,EVELYN,140
125408,"OKF YOGURT SPARKLING 500ML 20",23.99,1,1,0,0,25-APR-026,EMMANUEL,133
149047,"SANKOFA PLANTAIN CHIPS SPICY SWEET CHILI 140G  10",41.99,4,5,-1,-41.99,26-APR-026,MAHAMA,120
153242,"EASY DRINK PINA COLADA RTD COCKTAIL DRINK 500ML 12",37.49,7,7,0,0,25-APR-026,APPIAH,109
166381,"COLANDER WSIDE HANDLES 285CM SSTEEL XY2314",39.9,14,33,-19,-758.1,25-APR-026,"PAUL OWUSU",351
179984,"CURTAIN YD PL GROMT BLUE 54X90 24EHM003",169,10,10,0,0,25-APR-026,GLADYS,502
19385,"RAID MULTI PURPOSE INSECT KILLER 500ML 12",64.99,17,17,0,0,26-APR-026,DANIEL,9
193292,"KIDS TOY DUMPER TRUCK TOY OPP HCL",33.9,8,7,1,33.9,25-APR-026,HANNAH,273
200468,"WOK 2PCS SET 2426CM FALU ZHNBLY 8112022426",489,1,7,-6,-2934,25-APR-026,QUEENCILLA,375
198897,"MIDEA FRIDGE DD 87L MDRT134FGN50",2099,1,1,0,0,25-APR-026,NYARKO,176
204920,"GLASS BOWL 7INCHES EMBOSSED",9.9,35,35,0,0,26-APR-026,SYLVIA,428
202568,"SIGMA WASHING MACHINE TL 12KG SWMT120TL",4499,1,1,0,0,25-APR-026,AKAYIRI,203
81278,"SHINE GREASEPROOF PAPER 75 X45 6",142.99,7,7,0,0,25-APR-026,"ARTHUR JONADAB",27
88955,"DINNER PLATE MELAMINE 10 INCHES ZHN B081105",18.9,59,67,-8,-151.2,25-APR-026,BLESSING,407
85676,"ALUMINIUM FOIL CONTAINERS YC161",109,7,7,0,0,25-APR-026,"RANDY ALHASSAN",385
90630,"CURTAIN ROD EXTANDABLE SIZE 110210CM 11062210DG",75,23,14,9,675,26-APR-026,GAD,474
95077,"MENTOS GUM PURE FRESH MINT 8DBX6BTLX35PCS  48",71.99,19,20,-1,-71.99,25-APR-026,ABIGAIL,155
92163,"SEARA CHICKEN SAUSAGE  340G  24",19.99,3,954,-951,-19010.49,25-APR-026,"EVELYN ",140
07969,"SAF LEVURE INSTANT YEAST PACK 500G 20",49.99,17,17,0,0,26-APR-026,"FELIX BOADU",65
104643,"MAGNIFIC ASETAT PINK 288GM 12",79.99,11,11,0,0,25-APR-026,DORIS,98
116337,"BALLOON ARCH ROD 26X32M W10KNUCKLE",599,4,4,0,0,26-APR-026,HADASSAH,269
113789,"MCBERRY BREAKFAST CEREAL BISCUITS 30G  72",1.39,33,45,-12,-16.68,25-APR-026,DERRICK,96
111723,"HERSHEYS CHOCOLATE SYRUP BOTTLE 24OZ  24",69.99,16,24,-8,-559.92,26-APR-026,"FELIX BOADU",65
121825,"CLOTHES PEG SET 12PCS RAPID",9.9,21,21,0,0,25-APR-026,VINOLIA,439
147473,"SUNNY GOLD BROWN SUGAR BOTTLE 400G  12",23.99,10,9,1,23.99,25-APR-026,"EMMANUEL MENSAH",122
141433,"PAN SPOON SLOTTED PIPE HANDLE 9  59052",9.9,12,12,0,0,25-APR-026,OWUSU,369
156407,"SERVING TRAY MELAMINE 18 INCHES ZHN 242218",29.9,16,8,8,239.2,25-APR-026,ROBIN,392
155799,"TAINERS PLANTAIN CHIPS ORIGINAL 75G  24",14.99,20,25,-5,-74.95,25-APR-026,"EMMANUEL MENSAH",121
156676,"BATH SCRUBBER COTTON AND LINEN YWU",16.9,14,15,-1,-16.9,25-APR-026,VINOLIA,441
157050,"CURTAIN GROMMET ICE BLUE 55X90 EHA23IB",169,7,7,0,0,25-APR-026,"GERALD SACK ",481
150435,"CURTAIN W8 GROMENT GREY 54X90 BLK9",109,6,6,0,0,25-APR-026,ESINAM,483
152172,"CLIP HOLDING FROG MKR197351",4.9,6,6,0,0,26-APR-026,HADASSAH,269
161811,"MUG 380ML CERAMIC COFFEE BEANS YWU",12.9,11,11,0,0,25-APR-026,"SAMUEL ADDO",398
181591,"BAILEYS STRAWBERRIES  CREAM 700ML 12",499.99,4,8,-4,-1999.96,25-APR-026,EMMANUEL,129
180775,"KING BED GRAY 1800X2000MM 1111",4290,1,1,0,0,25-APR-026,SHADRACK,520
18449,"DEVA DISHWASHING LIQUID LIME 400ML 24 10402",19.99,24,26,-2,-39.98,26-APR-026,TITUS,21
19418,"LELE SUNFLOWER OIL 5L 3",219.99,3,3,0,0,26-APR-026,"NANA ADJEI",48
191846,"MUNCHEE OAT BREEZE DIGESTIVE BISCUITS 84G  36",8.99,3,45,-42,-377.58,25-APR-026,DERRICK,96
200775,"FRYING PAN 28CM FALU ZHNBAROLY SJ28",239,1,1,0,0,25-APR-026,PHILEMON,360
29067,"ASTONISH TRIGGER STARCH 750ML  12",61.99,1,1,0,0,25-APR-026,ABIGAIL,6
80285,"AKAI GAS STOVE 3B INFRARED GC033A8536",749,7,8,-1,-749,25-APR-026,AKAYIRI,201
89940,"SHAKESPEARE ILLUSTRATED CLASSICS 10 TITLES ST234",12.9,98,98,0,0,26-APR-026,HERBERT,283
66912,"MON BIJOU EASY IRONING PURITY TRIGGER 500ML  12",43.99,3,6,-3,-131.97,26-APR-026,ABIGAIL,6
A975,"KASAPREKO ALOMO BITTERS  750ML 12",46.99,18,18,0,0,25-APR-026,MAHAMA,115
97129,"KLEANZ HAND SANITIZER 300ML  4",28.99,33,33,0,0,26-APR-026,QUEENCILLA,42
108889,"MARILAN MAGIC TOAST WHOLEGRAIN CRISPBREAD 110G 24",15.99,7,29,-22,-351.78,26-APR-026,TITUS,21
112552,"POTATO PRESSER WOODENNYLON LX165622B YWU",9.9,26,35,-9,-89.1,25-APR-026,DANIEL,KITCHEN
113955,"BELCOLA CAN DRINK 330ML 24",8.49,30,30,0,0,25-APR-026,DELIGHT,86
14480,"INDOMIE NOODLES SUPER PACK CHICKEN 120G 44",7.49,103,269,-166,-1243.34,25-APR-026,SOLOMON,76
144120,"AIRPRO AIRFRESHENER ESSENTIALS CRISP LINEN 9ML  96",25.99,94,72,22,571.78,25-APR-026,ABASS,3
162662,"SERVING BOWL MELAMINE 9 INCHES FEILU 50908",24.9,29,29,0,0,25-APR-026,REGINA,386
172958,"ARIEL HIGH STUD SPRING 35KG 4",281.99,3,3,0,0,26-APR-026,NIBOI,17
175044,"GENERAL SCIENCE ACTIVITY 200 PLUS L378 EB1356",24.99,13,42,-29,-724.71,25-APR-026,"JERUSHA ",284
180295,"WHISKEY GLASS 6PC SPIRAL 0616CLF1000608 10025903",79,8,8,0,0,25-APR-026,"STEPHEN ACQUAH",421
181830,"CERAMIC BOWL ROUND 75INCHES LDS006",19.9,14,37,-23,-457.7,25-APR-026,BLESSING,405
179871,"FOCUS ICY BALL PEN 1MM 17609BC",22.9,7,9,-2,-45.8,26-APR-026,MARIAM,291
179911,"WALL CLOCK 402X402X48 1663E",129,1,4,-3,-387,26-APR-026,FRANCIS,525
180837,"BED QUEEN 1500X2000MM ML2001Q",4090,1,1,0,0,25-APR-026,SHADRACK,518
187972,"JOJONAVISTRAWBERRY FRUIT CAN JUICE DRINK 330ML 24",13.49,2,11,-9,-121.41,26-APR-026,"JOSEPH PATRICK",135
192534,"AMERICAN GOURMET YELLOW MUSTARD 8OZ  12",37.99,14,11,3,113.97,26-APR-026,"FELIX BOADU",65
193444,"SOLO PAPER  FILE TRAY TR312",169,3,3,0,0,26-APR-026,"JERUSHA ",288
200451,"WOK WLID 24CM FALU ZHNBLY 119524G",199,1,1,0,0,25-APR-026,OWUSU,371
40290,"SHINE KITCHEN TOWEL  2PCS 6",28.99,4,6,-2,-57.98,25-APR-026,ELLA,31
28126,"OVAL DISH SABOT 1700ML DXB P5608",49.9,4,4,0,0,26-APR-026,SYLVIA,428
32100,"EVERPACK TRASH BAG MEDIUM 25L  12",41.99,10,11,-1,-41.99,25-APR-026,"ARTHUR JONADAB",26
45737,"SERVING TRAY MELAMINE 14 INCHES ZHN A30814",24.9,37,37,0,0,25-APR-026,ROBIN,392
89621,"JACQUARD PANEL VELVET CURTAIN  PA2101",179,7,7,0,0,25-APR-026,"GERALD SACK ",481
61444,"NUTELLA HAZELNUT SPREAD 180G 16",50.99,3,3,0,0,26-APR-026,"PAUL OWUSU",38
X495,"CHOCOLIM  400G 20",39.99,38,40,-2,-79.98,25-APR-026,DAVID,BRUNO
99289,"BALLANTINES FINEST BLENDED SCOTCH WHISKY 750ML  12",354.99,-5,3,-8,-2839.92,26-APR-026,MAHAMA,117
95558,"PAINTING 60X60CM",169,2,2,0,0,25-APR-026,GAD,472
104433,"JUVER SELECCION APPLE JUICE 200ML 24",15.99,1,33,-32,-511.68,25-APR-026,EMMANUEL,135
106182,"VOLTPLUS MULTI ADAPTOR VPDFA5",29,35,44,-9,-261,25-APR-026,DANIEL,255
105919,"ARTIFICIAL GRASS LEGEND28 1MX4M LG281X4",529,2,2,0,0,26-APR-026,GAD,474
128905,"BINDER CLIP E108 25MM 264918ELP",29,24,24,0,0,26-APR-026,GILBERT,294
127905,"MCBERRY BELLA CHOCOLATE CREAM CAKE 30G 144",2.49,34,66,-32,-79.68,25-APR-026,DORIS,101
129601,"OPENER WFRIDGE MAGNET 6X155X12 YWU",9.9,1,1,0,0,25-APR-026,OWUSU,368
140568,"MEANNAN TUMMERIC POWDER 150G  12",28.99,13,13,0,0,25-APR-026,BISMARCK,45
150588,"LINC PENTONIC BALL PEN AST BRT",7.9,2,1,1,7.9,26-APR-026,"ABIGAIL YEVUGAH",158
151037,"BIGOO LEMON LIME DRINK 350ML 20",2.99,100,126,-26,-77.74,26-APR-026,DANIEL,165
161466,"CURTAIN 54X90  GOLD",129,4,4,0,0,25-APR-026,GLADYS,502
162717,"DINNER PLATE MELAMINE 10 INCHES FEILU 818105",22.9,16,53,-37,-847.3,25-APR-026,REGINA,389
171665,"HOUSE OF EARTH AND BLOOD",189,4,4,0,0,26-APR-026,"JERUSHA ",288
170039,"ORGANIZER RIBBED BOX WITHOUT LID 5L 13007",19.9,10,10,0,0,25-APR-026,OTHNIEL,341
185975,"TEFAL STEAM IRON 2000W FV2C41G0",499,4,4,0,0,25-APR-026,"KINGSLEY OP",218
185379,"COFFEE TABLE 120X60 GLASS TOP 5812",1590,1,1,0,0,25-APR-026,FRANCIS,523
192622,"STRAW 5PCS SET BENT SS SWN 57 9X27CM",19.9,15,14,1,19.9,26-APR-026,AKAYIRI,267
192657,"GIFT BAG LARGE 210G 32X42X115 KRB2169L14",10.99,12,12,0,0,25-APR-026,MORGAN,324
194924,"LADLE SOUP SPOON SILICONE ZHN HR59",9.9,17,17,0,0,25-APR-026,PATIENCE,347
190691,"CARPET  DPRINTED 140X210CM ASSORTED MYQ9 1922",199,1,13,-12,-2388,25-APR-026,"GIDEON GBLOGAH",508
191839,"JING CHINESE HERBAL SPIRITR 258ML 15",119.99,8,8,0,0,25-APR-026,MAHAMA,118
200606,"DANONE ULTRAMEL CUSTARD 1KG 10",58.99,17,17,0,0,26-APR-026,SOLOMON,78
202566,"SIGMA WASHING MACHINE TL 85KG SWMT805TL",2799,1,1,0,0,25-APR-026,AKAYIRI,203
67728,"PEPSODENT TRIPLE ACTION TOOTH PASTE 140G 72",23.49,48,207,-159,-3734.91,25-APR-026,NTUMY,163
99647,"PRINCESS ROLL ON LILAC 50ML  6",9.99,21,21,0,0,26-APR-026,ELLA,36
100485,"LELE IODIZED SALT 500G 50",4.49,6,6,0,0,26-APR-026,JUSTICE,49
101898,"3PCS KITCHEN LINEN SET COTTON ASSORTED",32.9,5,5,0,0,25-APR-026,GIFTY,491
104963,"ROMAR FAB SOFTENER CONC HIP ROSE 2000ML  6",84.99,3,3,0,0,26-APR-026,ALVIN,16
118077,"BOWL EMBOSSED WLID 3PCS SET CERAMIC T11021 LTREND",189,1,1,0,0,25-APR-026,RANDY,33
112026,"COLGATE TOOTHPASTE CHARCOAL GENTLE CLEAN  120G  48",22.99,24,58,-34,-781.66,26-APR-026,NTUMY,163
116631,"SAIDA CHOCOLATE WAFER  65G   28",5.99,20,21,-1,-5.99,25-APR-026,"EDDIE MENSAH",108
137267,"TOREN  DELISSOMILKY WC CHO COATED BANNA CW 20G288",2.19,120,436,-316,-692.04,25-APR-026,DORIS,98
137562,"MR BOSTON RUM 1L 12",199.99,8,8,0,0,25-APR-026,MAHAMA,115
148536,"VASE MIX COLOR",85,12,12,0,0,25-APR-026,HAYFORD,459
145508,"ARTIFICIAL PLANT 60LEAF RED WHITE 075M BSY160",459,1,1,0,0,26-APR-026,FRANCIS,525
153902,"TV STAND NATUREOFF WHITE 75 AURUM",1449,1,1,0,0,25-APR-026,SHADRACK,510
155379,"SERVING TRAY MELAMINE 11 INCHES ZHN T8029",11.9,54,55,-1,-11.9,26-APR-026,QUEENCILLA,379
151390,"REMOTE CONTROL OFF ROAD RC CAR",249,5,5,0,0,25-APR-026,HANNAH,276
169220,"TV STAND CACAO SIMETRIA 8002000081302",1999,1,1,0,0,25-APR-026,FRANCIS,527
170283,"KIDS PIANO TOY RAINBOW",26.9,1,1,0,0,25-APR-026,HANNAH,275
186098,"ICE CREAM GLASS SET 6PCS 250ML CLEAR P6801K6 RJK",59,6,6,0,0,26-APR-026,SOMUAH,417
186987,"PARTY POPPER 40CM",29.9,5,14,-9,-269.1,25-APR-026,HADASSAH,268
183627,"DINNER KNIFE 6PCS 2954KN",29.9,9,9,0,0,25-APR-026,OWUSU,370
193397,"TAO TE CHING POCKET CLASSIC",22.9,2,4,-2,-45.8,25-APR-026,JERUSHA,287
193427,"FUTURE INNOVATORSTHE INTERNET OF THINGS 22X28CM",47.99,10,10,0,0,26-APR-026,HERBERT,283
192811,"MELAMINE BOWL 10INCH 7310",22.9,28,28,0,0,25-APR-026,ROBIN,392
30617,"COLGATE HERBAL TOOTHPASTE 140G  72",20.99,67,68,-1,-20.99,25-APR-026,"BOADI STEPHEN",54
CL700,"PLATE SQUARE LARGE 27CMX27CMX3CM",7.9,31,33,-2,-15.8,25-APR-026,NASHIBA,334
D718,"JAGO SWEETENED CONDENSED MILK 1KG 24",56.99,12,12,0,0,26-APR-026,"NANA ADJEI",81
N912,"HERMAN MAYONAISE 32 OZ  12",69.99,20,20,0,0,25-APR-026,SOLOMON,73
S737,"PEAK LOW FAT UHT MILK1L 12",30.99,36,53,-17,-526.83,26-APR-026,"GEORGE PUPLAMPU ",82
90626,"CURTAIN ROD EXTANDABLE SIZE 110210CM 11032210DG",75,13,13,0,0,26-APR-026,GAD,474
103064,"DAY BY DAY MEN LOTION 200ML  36",11.99,14,14,0,0,25-APR-026,"BENEDICT ABBEY",37
105920,"ARTIFICAL GRASS 4MX4M FG4X4",949,2,2,0,0,26-APR-026,GAD,474
109860,"WONDERFUL STORY BOARD BOOKS",21.99,9,1,8,175.92,26-APR-026,HERBERT,283
128827,"TASTY TOM JOLLOF MIX 11KG  12",47.49,27,14,13,617.37,26-APR-026,CHRIS,60
135066,"ASSORTED FRUIT CHEWY FIILLED CANDY W LIQUID 36X100",12.99,3,4,-1,-12.99,26-APR-026,"EDDIE MENSAH",90
130769,"TOREN WAFERS CARRE COCOA CREAM WAFER 125G  24",22.99,29,33,-4,-91.96,26-APR-026,TITUS,21
147187,"COLGATE TOOTHBRUSH NEO 12X6   72",22.99,3,40,-37,-850.63,25-APR-026,"BOADI STEPHEN",53
145555,"ARTIFICIAL PLANT 4STICK 12LEAF 1M BSY180",429,2,2,0,0,25-APR-026,FRANCIS,523
157613,"DUSTBIN QUATRO GREY SWING 45L 39X33X60CM PP65606",199,1,2,-1,-199,25-APR-026,HAYFORD,454
155913,"ROSSWOOD CASHEW NO ADDED SALT 250G  15",89.49,12,14,-2,-178.98,26-APR-026,MAHAMA,119
164275,"ULTRA COMPACT WOMEN FACIAL CLEANING GEL 250ML  24",41.99,35,38,-3,-125.97,25-APR-026,"BOADI STEPHEN",53
175345,"CHUPA CHUPS MINI ASSORT FLAV LOLIPOP 50PCS 300G 12",117.99,10,13,-3,-353.97,26-APR-026,"EDDIE MENSAH",90
166733,"AROUND THE WORLD STORIES ENGLISH",19.9,51,49,2,39.8,25-APR-026,HERBERT,282
168697,"CAMRY PERSONAL SCALE LED DISPLAY ABS EB701013 RJK",219,1,1,0,0,25-APR-026,VICTORIA,435
185951,"CERAMIC MUG 15OZ ASSORTED NJ02",9.9,14,12,2,19.8,25-APR-026,ROBIN,392
187288,"CURTAIN ROD MATT BLACK 2BRAKET 120210CM A15210MB",79,2,2,0,0,26-APR-026,GAD,474
185196,"SOFT  GENTLE ROLL ON CITRUS TWIST 50ML 6",25.99,10,12,-2,-51.98,26-APR-026,ELLA,36
194636,"COOKING POT 20CM FALU ZHN 114520",249,3,4,-1,-249,25-APR-026,"NANA KOJO",364
194948,"LADLE SERVING SILICONE ZHN HR22PC21DS",12.9,28,30,-2,-25.8,25-APR-026,PATIENCE,348
189519,"SMIRNOFF ICE DOUBLE BLACK CAN  330ML 12",16.99,107,99,8,135.92,25-APR-026,APPIAH,109
200738,"COOKING POT 34CM SSTEEL ZHN FG3412",189,14,15,-1,-189,25-APR-026,QUEENCILLA,375
76007,"DALGETY CINNAMON  PEPPERMINT 40G 36",45.99,43,14,29,1333.71,25-APR-026,AKORFA,58
76020,"GEURTS STRAWBERRY JAM 450G 12",46.99,8,11,-3,-140.97,26-APR-026,GIFTY,63
57746,"FANTA ORANGE PET 1L  4",15.99,16,41,-25,-399.75,25-APR-026,NTUMY,163
67432,"POMO TOMATO PASTE  PILLOW PACK 105KG  12",38.99,24,30,-6,-233.94,26-APR-026,EMMANUEL,127
X623,"ROSA MAYONAISE 500ML 12",44.99,2,2,0,0,25-APR-026,SOLOMON,73
98483,"AMALFI HAND SOAP ANTI BACTERIAL AGENT 500ML 12",25.99,6,5,1,25.99,25-APR-026,BISMARCK,43
127774,"PARMALAT DAIRY SNACK PLAIN  YOGURT  100G 12",39.99,16,13,3,119.97,26-APR-026,TITUS,21
134445,"SIMBA CHUNKS BEEF AND PEAS DOG FOOD 150GM 24",31.99,21,17,4,127.96,25-APR-026,ABASS,1
133384,"PARLE MALTY BISCUITS 45GG 48",2.29,48,54,-6,-13.74,25-APR-026,DERRICK,95
145119,"DUSTBIN FALA BLKGLD SWING 30L 35X29X 54CM PP60807",189,4,6,-2,-378,25-APR-026,SOMUAH,413
15210,"MEANNAN MIXED SPICES 80G 24",21.99,37,31,6,131.94,25-APR-026,BISMARCK,45
165636,"NESTLE CARNATION TEA CREAMER 370G  24",23.99,17,19,-2,-47.98,26-APR-026,"NANA ADJEI",81
171347,"BELPAK TOILET ROLL 24ROLLS  1",77.99,0,2,-2,-155.98,25-APR-026,BISMARCK,43
173904,"WALL CLOCK 61X61X71CM ZX6901",329,1,1,0,0,25-APR-026,GAD,472
175384,"MUNCHEE MORNING DELIGHT CHOCOLATE BISCUIT 26G  72",1.39,24,70,-46,-63.94,26-APR-026,"KINGSLEY OP",94
168119,"FILLED CUSHION P EMBD 45X45CMGEOMETRY2 DC257",139,5,7,-2,-278,25-APR-026,GLADYS,504
168331,"ARTIFICIAL PLANT 9CM 3 DESIGN MIX",59.9,1,1,0,0,25-APR-026,SHADRACK,510
167361,"DORI GUMMY BERRIES 60G 16",12.99,18,19,-1,-12.99,25-APR-026,"ABIGAIL YEVUGAH",157
198580,"SERVING TRAY 40X28X48CM BAMBOO YWU",59,17,17,0,0,25-APR-026,NIBOI,314
22008,"AKAI GAS STOVE 2B GC010A8202",369,2,3,-1,-369,25-APR-026,"JOSEPH PATRICK",197
33286,"HEAD  SHOULDERS MENTHOL SHAMPOO 400ML 6",95.99,4,6,-2,-191.98,26-APR-026,"PAUL OWUSU",38
205398,"FRUTAS TREASURE 100 NATURAL APPLE JUICE 330ML 15",25.99,1,13,-12,-311.88,25-APR-026,EMMANUEL,135
105042,"LORENZ MONSTER MUNCH ORIGINAL 75G 25",26.99,21,26,-5,-134.95,26-APR-026,MAHAMA,120
115429,"MRS BECTORS WHEELEZZ MILK SHORT CAKE 40G  72",2.49,75,207,-132,-328.68,26-APR-026,DERRICK,96
137213,"QUILT SET BEDNBATH ULTRASONIC SOLID QS230250",249,1,1,0,0,25-APR-026,SHADRACK,517
132597,"ROPE 2M A",9,4,16,-12,-108,25-APR-026,HADASSAH,268
131896,"TOUCH BABY SOFTENER 1L  12",17.99,12,12,0,0,25-APR-026,ALVIN,15
151461,"MASSAGE TABLE FOLDING 2 SECTION BROWN GM201123BR",1199,1,1,0,0,25-APR-026,FRANCIS,527
153489,"BEL BLACK MIX PREMIUM WHISKY COLA 8 PET 330ML  12",6.19,10,10,0,0,25-APR-026,APPIAH,109
158407,"NASCO GAS COOKER 4B 50X50 GRI NASGCSNIPER50TSG",1949,1,1,0,0,25-APR-026,AKAYIRI,205
172765,"AKAI GAS HOBS 4B 600X520X115MM GLASS BGH007A4001",1399,1,1,0,0,25-APR-026,"JOSEPH PATRICK ",195
178648,"PLASTIC CHAIR BROWN 55X59X72CM 20300101",229,1,1,0,0,25-APR-026,FRANCIS,527
177954,"COPY COLOURING BOOK SERIES TRANSTOYS 16PG 22X28CM",8.9,9,44,-35,-311.5,25-APR-026,"JERUSHA ",284
178007,"TV STAND W2DOOR  65ALMONDTITANIUM CAMBORIU",2190,1,1,0,0,25-APR-026,SHADRACK,510
178029,"FOLDING CHAIR 52X475X85CM ZLD52",359,1,1,0,0,25-APR-026,SHADRACK,509
185643,"HAMMER KNIFE 10 CPQT0110HM RJK",24.9,33,27,6,149.4,25-APR-026,"NANA KOJO",365
183418,"MIDEA RICE COOKER DELUXE 18L GOLD YJ508J",429,3,3,0,0,25-APR-026,PRINCE,225
184298,"ADJUSTABLE SHOE MOULD PAIR PLASTIC UR3431",9.9,22,21,1,9.9,25-APR-026,HERBERT,278
194895,"COOKING TOOL 3PCS SET SILICONE ZHN ZC3PC",22.9,29,29,0,0,25-APR-026,PATIENCE,348
194947,"LADLE TURNER LONG SILICONE ZHN HR22PC22DS",8.9,15,53,-38,-338.2,25-APR-026,PATIENCE,347
193041,"PEELER 6PCS SET ZHN KB618",14.9,14,46,-32,-476.8,25-APR-026,"NANA KOJO",367
200465,"COOKING POT 3PCS WLID 202224CM 811202202224",699,1,2,-1,-699,25-APR-026,"ALHASSAN RANDY",381
30632,"SANKOFA PLANTAIN CHIPS LIGHTLY SALTED 50G  25",14.99,11,12,-1,-14.99,26-APR-026,MAHAMA,120
76008,"DALGETY CHAI  MASALA TEA 72G 36",45.99,8,19,-11,-505.89,25-APR-026,AKORFA,58
86371,"CUP KIDS PLASTIC W088 YWU",12.9,29,29,0,0,25-APR-026,"MICHAEL DADZIE",309
69807,"SHINE FAMILY DELUXE NAPKINS 30PKX50PCS  30",11.49,16,16,0,0,26-APR-026,"COLLINS HAMMOND",30
54750,"MASTERCHEF FOOD JAR  800ML  MCLB880V LPRO RJK",129,8,8,0,0,25-APR-026,NIBOI,315
94346,"LELE GINGER FLAVOR TEA 375G  25X12",17.99,1,34,-33,-593.67,26-APR-026,DANIEL,58
103824,"HYSON PEPPERMINT TEA 15S  24",43.99,7,6,1,43.99,25-APR-026,AKORFA,58
118277,"EASY MOUZOO GRAPE NECTAR GLASS BOTTLE 250ML  24",10.99,24,54,-30,-329.7,26-APR-026,EMMANUEL,127
126200,"AIRPRO MICMAN AIRREFRSHENER OCEAN ESCAPE 35G   6",79.99,12,5,7,559.93,26-APR-026,ABASS,3
123167,"OCEAN SHOT GLASS 60ML SOLO 3P0011006G0001",79,8,8,0,0,25-APR-026,"SYLVIA ",425
146750,"ELLEVIRE EXCEL WHIPPING CREAM 35 FAT 1L12",149.99,12,12,0,0,25-APR-026,EMMANUEL,133
173810,"CHUPACHUP CLASSIC ASSORTED 6 TUBE X 100P 1100G  6",389.99,3,8,-5,-1949.95,26-APR-026,TITUS,21
167322,"CHIGO WASHING MACHINE TL 10KG WMCWT10S05",5179,1,1,0,0,25-APR-026,AKAYIRI,203
178592,"VACCUM MUG 1200ML SSTEEL STEN TYPE YWU",99,16,17,-1,-99,25-APR-026,"MICHAEL DADZIE",308
187994,"JUG AND GLASS 5PCS SET PP HL0045CCHL0049C",14.9,3,3,0,0,25-APR-026,"MICHAEL DADZIE",309
187313,"CURTAIN ROD POLIS GOLD 2BRAKET 120210CM A07210PG",129,7,7,0,0,26-APR-026,GAD,474
186716,"CUTLERY SET 24PCS SSTEEL HR04110",499,2,2,0,0,25-APR-026,OWUSU,371
18384,"BABY BOY POWDER MS 180G   4",12.99,8,8,0,0,26-APR-026,RICHMOND,50
184363,"SOUP STRAINER WHANDLE 20CM SS 60910349",22.9,25,24,1,22.9,25-APR-026,"PAUL OWUSU",352
07985,"JOHNSON BABY OIL 500ML 24",69.99,9,9,0,0,26-APR-026,LESTER,50
100299,"MARTINI PROSECCO SPARK WINE 750ML  6",220.99,4,4,0,0,25-APR-026,APPIAH,111
107785,"GREEN WORLD  EXTRA KILLER INSECTICIDE 750ML  12",64.99,1,1,0,0,26-APR-026,DANIEL,9
119594,"FARAGELLO GOLD MANGO NECTAR GLASS BOTTLE 250ML  24",11.99,12,26,-14,-167.86,26-APR-026,KWAFO,83
115180,"PICCADILLY CHOCO COOKIES  1X12X6  30G 72",1.19,36,130,-94,-111.86,25-APR-026,DERRICK,95
111651,"BALLON SET 11PCS W1PC NUMBER BALLON GOLD",19.9,66,67,-1,-19.9,26-APR-026,HADASSAH,269
128816,"STATIONARY SET HOMEOFFICE PACK LUXOR 8PC 13548CS",39.9,11,11,0,0,26-APR-026,GILBERT,294
135843,"FAIRAFRIC MELCOM 43 MILK  CHOCOLATE PLAIN 80G 10",34.69,11,19,-8,-277.52,25-APR-026,"ABIGAIL YEVUGAH",157
131170,"GULLON GLUTEN FREE COOKIES 200G  12",56.99,12,12,0,0,26-APR-026,JIMOH,1
148825,"CAKE BOARD SQUARE 10PCS GOLDSILVER 3MM 35CM",79.9,8,8,0,0,25-APR-026,"ALHASSAN RANDY",382
141409,"SALTPEPPER SHAKER SET 52X7CM 56052",19.9,15,13,2,39.8,25-APR-026,"NANA ADJEI",355
157217,"KONKORD IODIZED SALT 250G 100",2.19,171,178,-7,-15.33,26-APR-026,JUSTICE,49
150669,"LG LED TV 75 SAT SMART UHD 75UR80006LJ",28799,1,1,0,0,25-APR-026,LESTER,250
164795,"AKAI HAIR DRYER 20002400W HD008A9629",279,1,1,0,0,25-APR-026,"KINGSLEY OP",218
162302,"SLOTTED SPATULA SS WOOD HANDLE ILC MC73044 RJK",19.9,18,18,0,0,25-APR-026,OWUSU,370
174418,"DISCOVERING DELIGHTS FLAP INSECTSREPTILES",36.9,7,2,5,184.5,26-APR-026,HERBERT,283
170935,"WARDROBE 6DR W2DRW AMARULA SIENA 5564590",3090,1,2,-1,-3090,25-APR-026,FRANCIS,527
168103,"FILLED CUSHION P JAQUARD 45X45CMYELLOW DC254",119,9,9,0,0,25-APR-026,"GIDEON GBLOGAH",507
179402,"AKAI GAS STOVE 2B GLASS TOP GC067A0002B",569,-3,3,-6,-3414,26-APR-026,AKAYIRI,207
187954,"DECORATIVE ACCESSORY IRONGLASS",55,1,4,-3,-165,26-APR-026,HAYFORD,461
185818,"MCVITIES CHOCOLATE SHORTBREAD 40G  48",11.99,1,36,-35,-419.65,26-APR-026,SHADRACK,158
187650,"AROMA THERAPY 4",99,1,13,-12,-1188,25-APR-026,HAYFORD,457
192202,"ALPENLIEBE MILK COFFEE 8 STICKS 32G 48",6.99,273,38,235,1642.65,25-APR-026,"ABIGAIL YEVUGAH",157
192240,"DRAINA COLAMNDER 10 HL0137DC",8.9,5,5,0,0,25-APR-026,OTHNIEL,343
202224,"LG LED TV 55 SAT SMART UHD 55UA85006LA",10999,1,1,0,0,25-APR-026,WONDER,242
X955,"CERES MANGO FRUIT JUICE 1L 12",44.99,24,67,-43,-1934.57,26-APR-026,EMMANUEL,127
X446,"NESCAFE CLASSIC 50G 48",58.99,40,40,0,0,25-APR-026,AKORFA,59
96903,"CLOTH PEG 16PCS SET PLASTIC 8879 YWU",11.9,16,16,0,0,25-APR-026,VINOLIA,439
105476,"KENWOOD BLENDER WMILL 15L 500W BLP15150BKWH",855,3,3,0,0,25-APR-026,PRINCE,223
105538,"FLOWER POT ROUND 31X24 PLASTIC 1905",27.9,18,19,-1,-27.9,26-APR-026,ESINAM,462
107240,"BAUDUCCO SALT TOAST CLASICA 142G  36",14.99,17,24,-7,-104.93,25-APR-026,"EDDIE MENSAH",108
117896,"RINGO CHIPS COCKTAIL 13G  40",3.49,40,40,0,0,25-APR-026,"EMMANUEL MENSAH",121
128766,"MARKER PERMANENT 251 12YRS LUXOR 34402BC",11.9,8,8,0,0,26-APR-026,GILBERT,294
133086,"TABLE LAMP TOUCH CONTROL WUSB CABLE 8 COLOUR",139,4,4,0,0,25-APR-026,KWAFO,172
148482,"ARTIFICIAL FLOWER MIX COLOR 18",69,13,13,0,0,26-APR-026,ESINAM,462
155801,"SPRINKLES COCONUT CHIPS WITH DRIED FRUITS 120G 24",34.49,25,26,-1,-34.49,25-APR-026,"EMMANUEL MENSAH",121
150028,"YOGA BALL SPEL65CM",149,10,10,0,0,25-APR-026,CHARLES,464
164548,"NERO BOVINO CARBONATED PET DRINK 350ML 20",3.19,32,105,-73,-232.87,26-APR-026,DELIGHT,87
162319,"SOLID TURNER SS WOOD HANDLE ILC MC73201 RJK",19.9,1,1,0,0,25-APR-026,OWUSU,369
193528,"STEMWARE 3 PCS SET SLEEVE PACK LVFST593A",79,2,2,0,0,25-APR-026,SOMUAH,414
194926,"LADLE PASTA SILICONE ZHN HR57",9.9,17,17,0,0,25-APR-026,PATIENCE,347
189851,"DOVE BABY BAR SOAP RICH MOISTURE 90G 48",16.99,91,62,29,492.71,26-APR-026,RICHMOND,50
61188,"WC NET DESCALER GEL 750ML  12",53.99,8,8,0,0,25-APR-026,ALVIN,13
126226,"AIRPRO  TOILET RIM BLOCK LAVENDER 50G  72",24.99,27,69,-42,-1049.58,25-APR-026,ABASS,3
125369,"MY BIG BOOK OF RIDDLES",28.9,11,11,0,0,25-APR-026,"JERUSHA ",284
123179,"OCEANHI BALL GLASS SET 6PCS 370ML IVORY 3B1301306G",119,15,12,3,357,25-APR-026,"STEPHEN ACQUAH",421
133381,"PARLE SIMPLY GOOD CRACKER ORIGINAL 449G  48",2.29,34,69,-35,-80.15,25-APR-026,DERRICK,96
149454,"LAV TUMBLER 3PCS SET LVGAI365A",34.9,12,10,2,69.8,25-APR-026,SOMUAH,415
161468,"CURTAIN 54X90  BLUE",129,1,1,0,0,25-APR-026,ESINAM,485
182059,"CASSEROLE FANCY DLX SET 2PCS 10001500ML",149,9,9,0,0,25-APR-026,PATIENCE,345
180222,"SOLID TURNER TITANIUM MARBLE HANDLE AB2921",24.9,17,17,0,0,25-APR-026,OWUSU,369
186081,"WHISKEY GLASS SET 6PCS 330ML AMBER L35106 RJK",59,5,12,-7,-413,25-APR-026,SOMUAH,416
186977,"WATER BALLOONS 49 PCS",89,8,8,0,0,26-APR-026,HADASSAH,269
188874,"BATHMAT 50X80CM BM279 PINK CP",59,12,12,0,0,25-APR-026,"SAMUEL ADDO",400
191068,"FOGG DEO ROLL ON SPLENDID 50ML 48",26.99,24,46,-22,-593.78,25-APR-026,ELLA,34
200345,"AMERICAN CHEF PANCAKE SYRUP PET 710G 12",56.99,12,16,-4,-227.96,26-APR-026,"FELIX BOADU",65
198796,"DINNER KNIFE 6PCS SET DESIGNER SSTEEL 75G YWU",89,18,18,0,0,25-APR-026,OWUSU,370
29881,"CARLO ROSSI CALIFORNIA RED WINE 750ML 12",84.99,12,15,-3,-254.97,26-APR-026,TITUS,21
38828,"DINNER PLATE COUPE 10INCHES CERAMIC WHT WF10FP RJK",12.9,25,25,0,0,25-APR-026,BLESSING,407
93419,"BAUDUCCO CHOCO FLAV COOKIE WTH SBERRY FILL 65G 30",5.49,75,75,0,0,25-APR-026,ATITOGO,159
92228,"PANACHE 1 BEER 25CL  20",13.99,62,113,-51,-713.49,25-APR-026,APPIAH,109
102955,"FRES LIQUID SOAP MARINE 350ML  24",17.99,22,30,-8,-143.92,25-APR-026,BISMARCK,43
117290,"WESTINGHOUSE SAUCE PAN WLID 20CM WCSP0070020GGY",399,4,4,0,0,25-APR-026,QUEENCILLA,376
118560,"AIRWICK FRESH N UP FRESH WATER 375ML  12",41.99,5,3,2,83.98,26-APR-026,ABIGAIL,5
124120,"CLEANING CLOTH 9PCS SET 2107968",26.9,12,12,0,0,25-APR-026,"NANA ADJEI",355
133027,"CHOPPING BOARD 50X70X2CM YWU",149,2,2,0,0,25-APR-026,"PAUL OWUSU",353
147101,"DOVE ROLL ON SA WOMEN CUCUMBER 50ML  6",25.99,7,13,-6,-155.94,26-APR-026,WONDER,36
154717,"DOVE B  F  HAIR WASH MEN  SPO ACT  FRE 400ML  12",70.99,1,1,0,0,25-APR-026,"ANANE KOJO",22
164302,"DECAKILA RICE COOKER 28L 900W KEER035W",499,1,2,-1,-499,25-APR-026,"COLLINS HAMMOND",237
162335,"POTATO MASHER SS WOOD HANDLE ILC MC73211 RJK",24.9,1,12,-11,-273.9,26-APR-026,OWUSU,368
167129,"BEAUTY FORMULAS CHARCOAL CLAY MASK 100ML  12",28.99,16,14,2,57.98,25-APR-026,"BOADI STEPHEN",53
180220,"SOUP SPOON TITANIUM MARBLE HANDLE AB2922",24.9,16,16,0,0,25-APR-026,OWUSU,369
178129,"PAPER DOILIES 20PCS 85 YWU",4.9,9,8,1,4.9,26-APR-026,HADASSAH,269
186674,"FOOD STORAGE 4000ML PLASTIC RJK YH391A",59,9,9,0,0,26-APR-026,NIBOI,319
193004,"BOTTLE OPENER ZHN KB842",4.9,48,77,-29,-142.1,25-APR-026,OWUSU,369
189425,"HH CHOCO MALT SOAKING MIX 120G  40",4.49,13,13,0,0,25-APR-026,"FELIX BOADU",66
204401,"MCPHILIX PLANTAIN CHIPS UNRIPENED 200G  40",35.99,34,34,0,0,26-APR-026,MAHAMA,119
75828,"DOVE BEAUTY CREAM BAR GO FRESH TOUCH  135G  48",21.99,105,62,43,945.57,26-APR-026,ALVIN,18
57859,"EVERPACK RIPPLED PAPER CUPS 16OZ 3COLORS20X30 20",73.99,11,11,0,0,26-APR-026,DORIS,24
98637,"APTAMIL 1 FIRST INFANT MILK 0 6 MONTHS  800G 6",354.99,1,1,0,0,26-APR-026,TITUS,21
116634,"SAIDA NOISETTE HAZELNUT WAFER  65G   28",5.99,20,20,0,0,25-APR-026,"EDDIE MENSAH",108
113669,"DINNER PLATE MELAMINE 10 INCHES FEILU 4979",14.9,61,31,30,447,26-APR-026,REGINA,391
13594,"DOVE  ROLLON GO FRESH GRAPE FRUITLGRASS 50ML  6",25.99,21,21,0,0,26-APR-026,ELLA,36
131395,"LISTERINE TEETHGUM MOUTH WASH 250ML 6",54.99,4,5,-1,-54.99,26-APR-026,"BOADI STEPHEN",53
146231,"WINDOW SHADE YE380X100 L BROWN",229,8,9,-1,-229,25-APR-026,"GERALD SACK ",480
148392,"PLACE MAT WTAG 6PCS MIX COLS",79,12,13,-1,-79,25-APR-026,GIFTY,490
154759,"XBLOCK HAIR WAX  WHITE 150ML 48",32.99,34,34,0,0,26-APR-026,"BENEDICT ABBEY",38
149415,"BAR SET 5PCS SSTEEL BR776YJ5A YWU",279,3,3,0,0,25-APR-026,OWUSU,371
159470,"PLUSH TOY DOG 60CM",179,1,1,0,0,25-APR-026,HANNAH,276
160503,"BABY CHAIR WFOOT REST BLUEPINK 75X64X101CM BC2",539,1,2,-1,-539,25-APR-026,DANIEL,XMAS
159583,"GALAXY PLUS CONCEPT SPRAY BLUE BLOOD  200ML 12",31.99,10,9,1,31.99,26-APR-026,ELLA,35
161082,"INFINITY SOLUTIONS DISHWASH ORANGE 3L  6",107.99,0,1,-1,-107.99,26-APR-026,"ARTHUR JONADAB",27
159986,"MUG 330ML CERAMIC STATEMENT YWU",9.9,3,3,0,0,25-APR-026,"SAMUEL ADDO",398
160227,"ULTRA COMPACT HAND LIQUID PLUM 500ML 12",25.99,3,6,-3,-77.97,25-APR-026,BISMARCK,43
169867,"LADLE SPOON WWOOD HANDLE STEEL  HUALI AB2772",19.9,10,42,-32,-636.8,25-APR-026,"NANA KOJO",366
168687,"STIRER LADLE WWOOD HANDLE 8MM ROSEWOOD AA1815",39,2,58,-56,-2184,25-APR-026,OWUSU,369
182549,"AKAI FRIDGE DD 85L RF058AC11D",2299,2,3,-1,-2299,25-APR-026,MABEL,252
184338,"ICE BUCKET DOUBLE WALL 3000ML SS 60060302",189,7,8,-1,-189,25-APR-026,PHILEMON,356
183599,"CERAMIC SOUP PLATE 85 24FDL018 RJK",19.9,26,13,13,258.7,26-APR-026,BLESSING,408
189503,"3PC COMFORTER SET KING 102X86 MF ASST 03CO0477",329,5,5,0,0,25-APR-026,GAD,472
191895,"KENWOOD TOWER FAN 46 IFP46",1049,1,1,0,0,25-APR-026,AKAYIRI,207
200456,"FRYING PAN WLID 24CM FALU ZHNBLY 81120G24",179,4,8,-4,-716,25-APR-026,PATIENCE,346
197528,"VASELINE BODY LOTION COCOA RADIANT 725ML12",105.99,13,13,0,0,25-APR-026,"BENEDICT ABBEY",38
36407,"KALYON DISWASHING LIQUID ORANGE 730G 12",24.99,10,10,0,0,25-APR-026,ALVIN,14
205402,"FRUTAS TREASURE 100 NAT CAR RAS APPJUICE 330ML 15",25.99,10,8,2,51.98,26-APR-026,"MORGAN ONGOH",84
64088,"YAZZ PRINCESS TOOTHBRUSH MEDUIM BRISTLES  72",3.39,39,55,-16,-54.24,25-APR-026,"BOADI STEPHEN",53
X727,"MARA CHICK PEAS 400G 24",27.49,21,21,0,0,25-APR-026,GLADYS,71
CL693,"TIARA BOWL WLID 2800ML 25CMX22CMX10CM",22.9,8,13,-5,-114.5,25-APR-026,NASHIBA,334
96929,"NOVITA CUSTARD POWDER 1KG  12",43.49,12,12,0,0,26-APR-026,SOLOMON,78
123172,"OCEANWINE GLASS SET 2PC 350ML MADISON W1202G0002",79,3,4,-1,-79,25-APR-026,SYLVIA,425
148836,"STORAGE RACK 3 LAYER PLASTIC YWU",369,1,1,0,0,25-APR-026,SOMUAH,413
158104,"COLANDER WSIDE HANDLE  28X25X10CM PP52600",18.9,13,14,-1,-18.9,25-APR-026,OTHNIEL,343
158147,"AKAI GARMENT STEAMER 2000W GS001A188WT",499,2,2,0,0,25-APR-026,JUSTICE,187
162609,"PHILIPS LED BULB 3250W GU10 827 929002057307",26,18,15,3,78,25-APR-026,KWAFO,170
174422,"DIGITAL DISCOVERY BOOKS 3SET",89,4,4,0,0,26-APR-026,"JERUSHA ",288
169976,"LIDO ZONE BLEACH 1L  12",14.99,23,23,0,0,26-APR-026,"GIDEON GBLOGAH",12
179004,"BOARD GAME 4IN1 TRAVEL GAMES  3YRS OPP YW",119,14,10,4,476,25-APR-026,HERBERT,280
185828,"MCVITIES SPECULOOS AND GINGER COOKIES 42G 24",7.59,24,26,-2,-15.18,25-APR-026,DORIS,97
184491,"PLATE 6PCS SET PLASTIC HL0067DC618",19.9,15,14,1,19.9,25-APR-026,NASHIBA,334
188750,"VIP TROLLEYCASE WWHEEL 8W CYPRUS MD CYPRUSMD",599,1,1,0,0,25-APR-026,MARYLAND,296
195585,"SOUP SPOON  WWOODEDN HANDLE AB2872",19.9,10,36,-26,-517.4,25-APR-026,OWUSU,368
197115,"MCBERRY SIMA CHOCOLATE COOKIES 18G  72",1.09,43,42,1,1.09,25-APR-026,"FELIX BOADU",154
42283,"PELICAN XXX RUM 750ML 12",99.99,4,4,0,0,25-APR-026,MAHAMA,115
29334,"ANNAPURNA IODISED SALT 900G  25",12.49,24,26,-2,-24.98,26-APR-026,JUSTICE,49
64830,"DORI HORTELA MINT FILLED HARD CANDY 100G 36",11.99,13,12,1,11.99,26-APR-026,"EDDIE MENSAH",90
54533,"EVERPACK EVERGREEN TROLL FAMILY PACK 1X24    1",71.99,2,2,0,0,26-APR-026,BISMARCK,29
98551,"GETTOL ANTISEPTIC LEMON 75ML  48",6.99,31,30,1,6.99,26-APR-026,QUEENCILLA,42
105042,"LORENZ MONSTER MUNCH ORIGINAL 75G 25",26.99,5,26,-21,-566.79,26-APR-026,JIMOH,1
137077,"DR TEALS MELATONIN  SLEEP SPRAY 177ML  12",105.99,1,2,-1,-105.99,26-APR-026,"PAUL OWUSU",38
155089,"BIRCH FRAGRANCE AROMA OIL 30ML",32.9,8,20,-12,-394.8,26-APR-026,ABASS,3
162673,"SERVING BOWL MELAMINE 8 INCHES FEILU 78786",12.9,63,63,0,0,25-APR-026,REGINA,387
175101,"WALL MIRROR IRON 60X88X26CM METALIC GOLD M40275A",599,1,2,-1,-599,25-APR-026,FRANCIS,527
170268,"KALYON ACTIVE BLOCK LAVENDER 57GMS 12",20.99,9,7,2,41.98,25-APR-026,ABASS,3
182409,"COOKWARE SET 7PCS PALU ZHNBLY OL570",749,1,1,0,0,25-APR-026,QUEENCILLA,375
186932,"STORAGE RACK WWHEEL 4LAYER MP YH5114 YWU",179,1,4,-3,-537,25-APR-026,REGINA,387
186074,"WHISKEY GLASS SET 6PCS 330ML GRAY L35066 RJK",59,1,11,-10,-590,26-APR-026,SOMUAH,416
187969,"JOJONAVI RED GRAPE FRUIT CAN JUICE DRINK 330ML 24",13.49,5,7,-2,-26.98,25-APR-026,DELIGHT,86
186698,"RAINBOW CONTAINER 6PC SET ROUND PLASTIC RJK 20206",49.9,22,30,-8,-399.2,25-APR-026,"NANA ADJEI",330
185912,"STAEDTLER ERASER PLASTIC BLISTER MARS 52650BK2DA03",25.9,12,12,0,0,26-APR-026,MARIAM,291
184609,"SOUP BOWL 7 CERAMIC STKLT SK08 RJK",9.9,17,17,0,0,26-APR-026,BLESSING,410
200459,"COOKING POT WLID 18CM FALU ZHNBLY 811201T18",199,3,3,0,0,25-APR-026,QUEENCILLA,378
31704,"SARA CHICKEN LUNCHEON MEAT 350G  24",19.49,16,18,-2,-38.98,26-APR-026,APPIAH,126
206708,"MIDEA GAS COOKER 4B 50X50 GRIL SLVR SP5055T082SGH",2099,1,1,0,0,25-APR-026,AKAYIRI,205
67516,"SHINE FAMILY NAPKINS 1 PLY 100PCS X 15PK  15",6.99,10,12,-2,-13.98,26-APR-026,"COLLINS HAMMOND",30
CL574,"CONTAINER FANCY 2PCS SET 1500ML2500 ML",19.9,13,18,-5,-99.5,25-APR-026,NIBOI,316
96838,"PAVOLLI GREEN 105G  12",62.99,12,12,0,0,26-APR-026,NASHIBA,89
92672,"CAKE BOARD ROUND 12CM THICKNESS 45CM YWU",24.9,17,16,1,24.9,25-APR-026,"ALHASAN RANDY",383
09176,"NEDERBURG SAUVIGNON BLANC WINE 750ML 6",172.99,1,1,0,0,25-APR-026,APPIAH,111
119178,"DINING SET 16 WGOLD METAL LEGS CALCUTTA SOHO",6049,1,1,0,0,25-APR-026,SHADRACK,510
119999,"MALTOMEAL CINNAMON TOASTERS 12OZ  12",62.99,12,12,0,0,25-APR-026,"KINGSLEY OP",91
116365,"MARIE BRIZARD FRUIT DE LA PASSION LIQUEUR 700ML  6",221.99,6,6,0,0,25-APR-026,MAHAMA,116
124754,"FAIRY TALE BOOK SERIES 25TITLES 16PAGES 610YRS",14.9,1,1,0,0,25-APR-026,HERBERT,282
122872,"SERVING BOWL MELAMINE 8 INCHES FEILU 6588",4.9,28,29,-1,-4.9,25-APR-026,REGINA,386
130226,"TOM MILK STRAWBERRY FLAV DAIRY DESSERT 200G  12",24.99,7,7,0,0,25-APR-026,CHRIS,61
146617,"MANGO JUICE 500ML",19.99,5,5,0,0,25-APR-026,JIMOH,134
148976,"LIDO WASHING POWDER 800G  10",24.49,11,11,0,0,26-APR-026,ALVIN,17
149289,"CERES NECTAR ORANGE BLISS JUICE DRINK 1L 12",45.99,1,3,-2,-91.98,25-APR-026,KWAFO,100
153252,"LA TEQUILITA SILVER TEQUILA 900ML 6",146.99,-10,7,-17,-2498.83,26-APR-026,MAHAMA,116
150687,"AKAI STANDING FAN 18 EF112A1808S",649,1,1,0,0,25-APR-026,AKAYIRI,207
164230,"BATH MAT 50X80CM BM3834",55,1,1,0,0,26-APR-026,"SAMUEL ADDO",402
163361,"TEDDY BEAR IN BASKET 35CM RED 5204",79,3,3,0,0,25-APR-026,HANNAH,276
164928,"KIDS RIDEON CAR ELECTRIC BUMPER PURPLE JQ6055",1249,1,1,0,0,26-APR-026,MARIAM,293
174503,"SAMSUNG QLED TV 55 SAT SMART QA55Q60DAUXKE",17939,1,1,0,0,25-APR-026,LESTER,250
171982,"KIDS SOILDER JEEP TOY",40.99,11,12,-1,-40.99,25-APR-026,HERBERT,281
170312,"KALYON POWDER DETERGENT LOVELY 15KG 12",45.99,8,20,-12,-551.88,26-APR-026,ALVIN,17
17695,"SUPERTEA FLAVOURED GREEN TEA 50GMX25  12",17.99,10,10,0,0,25-APR-026,AKORFA,57
185281,"COWBELL EVAPORATED FILLED MILK 100ML  24",8.69,19,22,-3,-26.07,26-APR-026,"NANA ADJEI",81
185287,"ONGA STEW SEASONING  2010  10G  24",11.29,140,10,130,1467.7,25-APR-026,GIDEON,67
189633,"TOREN SOKONUT HAZELNUT CREAM CHOCOLATE CUP 400G 12",56.99,4,4,0,0,26-APR-026,"FELIX BOADU",65
198727,"MUG 420ML CERAMIC LOVE YWU",44.9,12,23,-11,-493.9,25-APR-026,ROBIN,392
202338,"GOLDEN VICTORIA CLOVES BLACK TEA 60G 24",17.99,2,26,-24,-431.76,26-APR-026,AKORFA,57
205530,"NASCO LED TV 43 SAT SMART NASB43FBFLG",3499,1,2,-1,-3499,25-APR-026,"KINGSLEY OP",213
20639,"FARAGELLO APPLE NECTAR TETRA PACK 1L 12 BLUE",24.99,14,32,-18,-449.82,25-APR-026,DORIS,102
88009,"EL OLIVERAL SUNFLOWER  OLIVE OIL 2L 8",285.99,4,4,0,0,26-APR-026,"NANA ADJEI",48
86330,"CUP W COVER 450ML PLASTIC YWU",14.9,28,28,0,0,26-APR-026,"MICHAEL DADZIE",310
64662,"IRISH SPRING BODY WASH MOISTURE BLAST 591ML  4",119.99,11,11,0,0,25-APR-026,"ANANE KOJO",22
64801,"GOMETS MINI FRUIT SLICES 150G 36",13.99,11,10,1,13.99,26-APR-026,"ABIGAIL YEVUGAH",158
65112,"COLGATE BABY TP STRAWBERRY 02YRS 50ML  144",15.99,26,84,-58,-927.42,26-APR-026,RICHMOND,50
X954,"CERES GUAVA JUICE 1L 12",44.99,23,25,-2,-89.98,25-APR-026,KWAFO,100
CL770,"CONTAINER 3PCS SET TRANSPARENT 1800ML3000ML4900ML",69,1,2,-1,-69,25-APR-026,NIBOI,316
98219,"MIDEA MICROWAVE OVEN 20L WGRILL WHITE MG720CFB",1349,1,2,-1,-1349,25-APR-026,DANIEL,263
95409,"SPRITE ZERO PET 300ML 12",6.49,78,98,-20,-129.8,26-APR-026,DANIEL,165
92247,"KELLOGGS COCO POPS 25G  100",4.29,62,53,9,38.61,25-APR-026,"KINGSLEY OP",91
92726,"FRUIT BASKET 25X13CM METAL WIRE Y2018 YWU",69,5,5,0,0,25-APR-026,JIMOH,134
119594,"FARAGELLO GOLD MANGO NECTAR GLASS BOTTLE 250ML  24",11.99,16,26,-10,-119.9,26-APR-026,EMMANUEL,127
152220,"DERBY SHAVING STICK  LADY  BLISTER X 3  12",31.99,11,11,0,0,26-APR-026,AKORFA,55
161837,"BIRISK FARM TOMATO MIX 2KG  6",52.99,1,9,-8,-423.92,26-APR-026,JUSTICE,49
159809,"WHITE BOARD SHRINK PACK 30X40CM",49.99,16,1,15,749.85,26-APR-026,MARIAM,293
161579,"DZIRE CEILING FAN 56 WHITE CF 56 WHOB",379,8,7,1,379,25-APR-026,AKAYIRI,207
180211,"PRINCESS PREMIUM ALOE  VERA 400ML  4",26.99,9,9,0,0,25-APR-026,"BENEDICT ABBEY",37
178704,"CURTAIN EMB GROMET BURGU 52X90 02PA7142D",139,16,16,0,0,25-APR-026,ESINAM,484
194643,"NOTEBOOK A5 200PAGES 145X210CM HCL O51017",34.9,15,11,4,139.6,26-APR-026,"JERUSHA ",288
191637,"DAPHNIS GW SNACKS CORN BALLS CHEESE FLAVOR 75G 24",21.99,19,22,-3,-65.97,25-APR-026,APPIAH,114
191720,"MYBISCUIT DIGESTIVES CHOCO BISCUIT 600G 12",79.99,9,79,-70,-5599.3,25-APR-026,DORIS,97
40289,"SHINE TOILET ROLL 4 ROLL  6",19.99,6,10,-4,-79.96,25-APR-026,TITUS,21
87968,"ENA PA NONDAIRY CREAMER 225G  50",13.99,47,72,-25,-349.75,26-APR-026,"DAVID BRUNO",80
65363,"TAMPICO CITRUS PUNCH DRINK 500ML 12",7.99,1,50,-49,-391.51,25-APR-026,EMMANUEL,135
CL620,"FRIDGE BOTTLE ROUND 900ML 7CMX24CM",9.9,13,24,-11,-108.9,26-APR-026,GILBERT,313
95914,"FLOWER VASE PLASTIC 7X23CM",28.9,2,2,0,0,25-APR-026,HAYFORD,459
117691,"TOLSEN PADLOCK 40MM BRASS HEAVY DUTY 55114",75,2,2,0,0,26-APR-026,WONDER,253
118615,"TUMBLER GLASS 6PCS SET  310ML G25003 LTREND",32.9,10,11,-1,-32.9,25-APR-026,"STEPHEN ACQUAH",419
112241,"BULL DOG TOY 38CM DARK BROWN GGBNBGP31A",139,4,4,0,0,25-APR-026,HANNAH,276
132759,"GIFT BAG STAR PRINT L 44X31X12CM",18.9,10,10,0,0,25-APR-026,MARYLAND,301
157013,"CURTAIN GROMMET BEIGE 55X90 EHML01BE",169,1,1,0,0,25-APR-026,ESINAM,486
163199,"AMALFI BABY BODY LOTION ALOE VERA 750ML 16",28.99,7,12,-5,-144.95,26-APR-026,RICHMOND,50
175267,"WESTINGHOUSE AC SPLIT 2HP R410A WS18PNCS33CG",7999,1,3,-2,-15998,25-APR-026,"KINGSLEY OP",218
169245,"LAUNDRY BRUSH LUX GBB10",16.9,25,25,0,0,25-APR-026,VINOLIA,440
169396,"MOGU MOGU MANGO DRINK 320ML 24",29.99,23,52,-29,-869.71,26-APR-026,"MORGAN ONGOH",84
180278,"SOUP SPOON WROSEWOOD HANDLE RH2001",22.9,7,16,-9,-206.1,25-APR-026,OWUSU,368
191642,"WEDIAN FAVA BEANS 400G  12",12.49,11,15,-4,-49.96,26-APR-026,GLADYS,71
191897,"KENWOOD RICE COOKER 18L 700W SS RCM19",669,4,12,-8,-5352,25-APR-026,"COLLINS HAMMOND",233
30793,"STOCK PRESTIGE VODKA 1L  6",132.99,5,5,0,0,25-APR-026,MAHAMA,117
202576,"FROSTED OBLIQUE BOWL 75 C6089M",16.9,19,24,-5,-84.5,26-APR-026,"SAMUEL ADDO",403
65358,"MULIK CHOCOLATE MILK DRINK 500ML 18",34.99,2,21,-19,-664.81,26-APR-026,JIMOH,1
55929,"KIDDY BABY DIAPERS 3 MEDIUM 510KG 324",219.99,3,2,1,219.99,26-APR-026,WISE,41
90540,"NIVEA BODY LOTION NATURAL FAIRNESS 250ML  12",59.99,1,2,-1,-59.99,25-APR-026,"BENEDICT ABBEY",37
98607,"PARLE CHOCO RINGS  BISCUITS 52G  48",2.29,22,47,-25,-57.25,26-APR-026,DERRICK,96
95405,"FANTA COCKTAIL PET 300ML 12",6.49,22,22,0,0,26-APR-026,DELIGHT,87
102177,"EVERPACK PAPA JUMBO MULTIPURPOSE TOWEL   6",41.99,1,7,-6,-251.94,25-APR-026,ELLA,32
128874,"FILE SPECTRUM DURA 2R 221 253936253936120122ELP",18.9,1,1,0,0,25-APR-026,MARIAM,290
120459,"FRIDGE BOTTLE MY BOT 1000",29.9,2,2,0,0,26-APR-026,GILBERT,311
154617,"THE SECRETHARD COVER BY RHONDA BYRNE",89,2,2,0,0,26-APR-026,"JERUSHA ",288
155762,"CANISTER 660ML GLASS 149367580159",19.9,14,14,0,0,25-APR-026,SYLVIA,426
154797,"TABLE LAMP METAL CROMDBLUGREY E27 60W SK90078B",259,1,1,0,0,25-APR-026,KWAFO,172
166018,"CLOTHES DRYER 4TIER WOODEN WS4054XLH1B RJK",439,3,4,-1,-439,25-APR-026,FRANCIS,523
164758,"SPRING ONION PACK TGO",6.99,18,18,0,0,25-APR-026,JIMOH,134
161577,"DZIRE CEILING FAN 56 WHITE CF 56 WVIS",349,1,4,-3,-1047,25-APR-026,"JOSEPH PATRICK",208
185326,"BATHMAT BLACK 50X80CM MP 1600GSM TR2875",109,10,10,0,0,26-APR-026,VINOLIA,445
192926,"MIGLIO SMOKED CHICKEN FRANKS 340G X 32",19.99,64,428,-364,-7276.36,26-APR-026,NYARKO,182
200292,"HH TOMATO KETCHUP 340G 24",19.49,21,21,0,0,25-APR-026,GLADYS,72
32099,"EVERPACK TRASH BAG SMALL 10L  12",20.99,11,12,-1,-20.99,25-APR-026,"ARTHUR JONADAB",26
58768,"DINNER SET PORCELAIN WHITE 16PCS SW016W RJK",159,2,2,0,0,25-APR-026,BLESSING,405
91556,"GREEN WORLD BAMBU WHITE ROSE AIRFRESHNER 170ML 12",109.99,7,7,0,0,26-APR-026,ABASS,3
98716,"FRENCHS CLASSIC YELLOW MUSTARD SQUEEZE 226G  8",54.99,8,8,0,0,25-APR-026,"FELIX BOADU",66
115896,"BREAD KNIFE 10 ",4.9,71,42,29,142.1,25-APR-026,DANIEL,KITCHEN
148012,"PAINTING PINK FLOWERS DESIGN 53X63CM",169,1,9,-8,-1352,25-APR-026,SHADRACK,532
144337,"AIRPRO AUTOMATIC REFILL VANILLA 250ML  12",32.99,15,11,4,131.96,26-APR-026,ABIGAIL,5
145535,"SKEWER WWOODEN HANDLE SS 1956 B",9.9,4,4,0,0,25-APR-026,"NANA KOJO",366
171188,"LUXURYS REED DIFFUSER GUM 120ML 12",95.99,9,12,-3,-287.97,26-APR-026,ABASS,4
168565,"MCBERRY MAXI CHOCO COOKIE BAR 17G  72",1.29,1,116,-115,-148.35,26-APR-026,ATITOGO,160
186274,"COFFEE TABLE 12 BIF358GREY MARBLE",1190,1,1,0,0,25-APR-026,FRANCIS,523
192588,"GIFT WRAPPING PAPER 2PCS 70X100CM",11.99,18,16,2,23.98,25-APR-026,HADASSAH,266
191747,"COFFEE TABLE GLASS TOP METAL BASE GOLD BRCT245",1099,1,1,0,0,25-APR-026,FRANCIS,523
191417,"FORTUNE BREAD SPREAD 250G  24",14.49,18,19,-1,-14.49,26-APR-026,PRINCE,64
190604,"POPPER ASSORTED 1300G",109,3,3,0,0,25-APR-026,RICHMOND,265
86370,"BASIN 21 LITRES PLASTIC SSPD YWU",29.9,38,19,19,568.1,25-APR-026,"MORGAN ONGOH",320
59769,"PARIDOX ALATA SAMINA BS GEL PAPAYATUMER 450ML 20",41.99,10,27,-17,-713.83,26-APR-026,TITUS,21
N262,"BADIA WHITE PEPPER 567G  8",59.99,9,9,0,0,25-APR-026,BISMARCK,45
102735,"SPARTAN GERMEX DISINFECTANT  CLEANER  2 L   6",67.99,3,6,-3,-203.97,26-APR-026,"ADIATOR MOSES ",8
110733,"LA VONCE TOMATO PASTE TIN 22KG  6",57.99,8,9,-1,-57.99,26-APR-026,CHRIS,60
126675,"WALL CLOCK SAKURA 305X305X4 3006B",69,9,9,0,0,25-APR-026,"GAD ",471
130528,"CASSEROLE 3PCS SET CERAMIC GGK T90042",229,3,8,-5,-1145,26-APR-026,SOMUAH,430
131076,"ROMAR REFILL AUTOM AIR FRESH SEA BREEZE 250ML  6",48.99,9,12,-3,-146.97,26-APR-026,ABASS,3
151542,"GALAXY CONCEPT SPRAY  BELLA 200ML 12",31.99,3,4,-1,-31.99,26-APR-026,ELLA,35
158719,"DOMS AQUA WATER COLOUR PEN 24SHADE 80077",25.9,4,4,0,0,26-APR-026,"NANA KOJO",271
175089,"WALL SHELF S3 HEXAGON MDF35X302X9CM BLACK 632088",159,1,1,0,0,25-APR-026,GAD,472
169867,"LADLE SPOON WWOOD HANDLE STEEL  HUALI AB2772",19.9,13,42,-29,-577.1,26-APR-026,PATIENCE,348
169099,"PRIMARY SS UNCOATED WOK 28CM CHN E3091904",329,3,3,0,0,25-APR-026,QUEENCILLA,376
169531,"TOREN WAFER CARRE ORANGE CREAM 125G 24",22.99,10,22,-12,-275.88,25-APR-026,"EDDIE MENSAH",108
179992,"CURTAIN YD PL GROMT BLUE 54X90 24EHM005",179,6,6,0,0,25-APR-026,GLADYS,502
194195,"NIVEA BODY LOTION RADIANTBEAUTY EVENGLOW 400ML 12",124.99,15,15,0,0,25-APR-026,"BENEDICT ABBEY",37
32102,"EVERPACK ALUMINIUM FOIL 375FT  24",20.99,7,7,0,0,25-APR-026,"ARTHUR JONADAB",27
87650,"PILLOW MOULD MEMORY FOAM 900G JACQUARD MH0021",199,2,2,0,0,25-APR-026,SHADRACK,520
81281,"SHINE MAXI ROLL 2PLY  6",76.99,1,6,-5,-384.95,26-APR-026,"ANANE KOJO",23
50998,"SERVING TRAY MELAMINE 15 INCHES ZHN A32015",27.9,13,13,0,0,26-APR-026,QUEENCILLA,379
60785,"NIVEA COCOA BUTTER LOTION  250ML   12",61.99,12,19,-7,-433.93,25-APR-026,"BENEDICT ABBEY",37
91538,"DETTOL SOAP ORIGINAL 160G   48",21.99,6,47,-41,-901.59,26-APR-026,NIBOI,18
95403,"COKE ZERO PET 300ML 12",6.49,5,60,-55,-356.95,26-APR-026,DELIGHT,87
105812,"DOVE SHOWER GEL PISTACHIO 500ML 20",70.99,10,23,-13,-922.87,26-APR-026,TITUS,21
107896,"ELTRUT BEEF SAMOSA 8PCS  380G 1",50.99,1,15,-14,-713.86,25-APR-026,EVELYN,141
108526,"CHTOURA CONSERVES GARDEN EGGPLANT DIP 370G  24",54.49,24,24,0,0,26-APR-026,PRINCE,64
117323,"CHRISTMAS TREE 12M 240TIPS ELEGANT H06E",299,5,5,0,0,25-APR-026,DANIEL,XMAS
110747,"SANITA CLUB TRASH BAGS 10GALLONSX30   16",50.99,15,15,0,0,25-APR-026,"ARTHUR JONADAB",26
116632,"SAIDA VANILLA WAFER  65G   28",5.99,37,37,0,0,25-APR-026,"EDDIE MENSAH",108
125824,"BASKET JCJ PLASTIC 4211",19.9,1,1,0,0,25-APR-026,HADASSAH,268
124737,"LEARNING NUMBERALPHABET SERIES 2TITLE 16PGS 25YR",9.9,1,51,-50,-495,25-APR-026,"JERUSHA ",284
135284,"DOVE BAR SOAP  FRESH CUCUMBER 90G   48",16.99,16,62,-46,-781.54,26-APR-026,PHILEMON,18
146230,"WINDOW SHADE YE3160X180 SILVER",479,6,6,0,0,25-APR-026,"GERALD SACK ",479
148797,"CAKE TOPPER HAPPY BIRTHDAY GOLD MIX DESIGN",4.9,10,9,1,4.9,25-APR-026,HADASSAH,269
148844,"WATER BOTTLE 500ML PLASTIC YWU",53.99,11,11,0,0,25-APR-026,"MICHAEL DADZIE",308
151021,"PAMPER GOURMET MEAT 2KGS  8",249.99,8,8,0,0,25-APR-026,ABASS,1
178641,"BATHROOM SET 4PCS 180X180CM 01BS0229",129,8,23,-15,-1935,26-APR-026,VINOLIA,442
179160,"FINGER SPINNER  ASSORTED 12",20.9,4,6,-2,-41.8,25-APR-026,JUSTICE,270
186191,"DZIRE POWER BLENDER WMILL 2L 550W PCJAR BLCHB001",689,1,1,0,0,25-APR-026,PRINCE,221
183999,"CERAMIC MUG SOLID COLORED 350ML ZHOU2 RJK",9.9,6,3,3,29.7,25-APR-026,ROBIN,392
183607,"CERAMIC DINNER PLATE 9 FLW9INCH RJK",19.9,19,10,9,179.1,25-APR-026,SOMUAH,412
195107,"KAMILA CHOCOLATE TRUFFLE BLUE 750G 8",94.99,3,8,-5,-474.95,25-APR-026,ATITOGO,159
202349,"GOLDEN VICTORIA TRADITIONAL BLACK TEA 200G 12",41.99,9,9,0,0,25-APR-026,AKORFA,57
202517,"MONTY MOON CHIPS BANANA 25G  50",2.99,15,64,-49,-146.51,25-APR-026,ATITOGO,159
205398,"FRUTAS TREASURE 100 NATURAL APPLE JUICE 330ML 15",25.99,12,13,-1,-25.99,26-APR-026,PATIENCE,84
57734,"NEON PREMIUM ORIGINAL VODKA  750ML  12",69.99,10,10,0,0,25-APR-026,MAHAMA,117
64663,"IRISH SPRING BODY WASH ALOE 591ML  4",119.99,9,10,-1,-119.99,25-APR-026,"ANANE KOJO",22
64677,"SAMSUNG WASHING MACHINE TT 9KG WT90H3230",5289,1,1,0,0,25-APR-026,AKAYIRI,207
A973,"KASAPREKO CARNIVAL STRAWBERRY 750ML 12",44.99,12,19,-7,-314.93,26-APR-026,EMMANUEL,127
90789,"MIDEA AC SPLIT 15HP R410 MSAF12CRN1MSMAB12CRN1",4799,1,2,-1,-4799,26-APR-026,AKAYIRI,207
99666,"STYLE UP ROLL ON SPORT 50ML  6",9.99,18,18,0,0,26-APR-026,MABEL,36
00359,"EXETER CORNED BEEF 340G 24",54.99,24,63,-39,-2144.61,26-APR-026,APPIAH,126
100666,"MASTERCHEF SKIMMER NYLON MC32209 RJK",19.9,5,5,0,0,25-APR-026,OWUSU,369
104201,"DUSTBIN SWING LID 22LT PLASTIC M420",99,2,10,-8,-792,25-APR-026,HAYFORD,454
107635,"JUVER  PINEAPPLE COCONUT JUICE 1L  10",36.99,12,12,0,0,25-APR-026,DORIS,102
107792,"GREEN WORLD AIR SPRAY AIRFRESHNER LILLY 300ML 24",28.99,17,17,0,0,25-APR-026,ABASS,2
115429,"MRS BECTORS WHEELEZZ MILK SHORT CAKE 40G  72",2.49,72,207,-135,-336.15,26-APR-026,EMMANUEL,127
126934,"WHOLE TUNA NATURAL ALBACORE PETIT NAVIRE 190G 48",48.49,27,27,0,0,25-APR-026,APPIAH,126
121456,"OBA SUNFLOWER OIL 900 ML  12",47.99,18,72,-54,-2591.46,26-APR-026,GIDEON,69
134826,"PAMPER SENIOR CHKN 85G  36",15.99,31,31,0,0,25-APR-026,ABASS,1
148013,"PAINTING WHITEGOLD 30X40CM  A588 C460 C698",79,1,2,-1,-79,26-APR-026,FRANCIS,524
150838,"PERFEC WHITE SHOWER GEL 1 L X 12 PCS",47.99,12,13,-1,-47.99,25-APR-026,"ANANE KOJO",21
163409,"ICE QUEEN FLORENCE CHOCOLATE 1200ML 6",89.99,7,10,-3,-269.97,26-APR-026,EMMANUEL,135
162789,"CURTAIN JACQUARD 54X90 SILVER S1223",139,1,3,-2,-278,25-APR-026,ESINAM,483
175127,"PEGS 12PCS SET PLASTIC EVERPACK H602",7.9,18,54,-36,-284.4,25-APR-026,VINOLIA,439
167692,"LUNCH BOX INSULATED SSTEEL D2007388 YWU",59,6,7,-1,-59,25-APR-026,"MICHAEL BOYE",305
166985,"KING SOLOMONS MINES",20.9,2,2,0,0,25-APR-026,HERBERT,282
169087,"AKAI WATER HEATER INSTANT 45KW WH007A45K",1599,1,1,0,0,25-APR-026,DANIEL,257
167458,"XMAS TREE 12M 350T",219,3,3,0,0,25-APR-026,DANIEL,XMAS
181535,"WESTINGHOUSE LED TV 55 SMART UHD WD55UWUPSC1",6499,1,2,-1,-6499,25-APR-026,LESTER,250
181859,"FABER CASTEL TRIFLOW BALL PEN 07MM 50P RED 340720",2.9,50,39,11,31.9,26-APR-026,MARIAM,295
187058,"SERVING TRAY W 5BOX 26X26X8CM ACRYLIC 62414",119,4,11,-7,-833,25-APR-026,OTHNIEL,340
188010,"BUCKET WLID PLASTIC 15 HL0064CP",34.9,9,9,0,0,25-APR-026,MORGAN,322
187095,"WATER BOTTLE 350ML KIDS PLASTIC 8118 YWU",69,4,9,-5,-345,26-APR-026,GILBERT,313
194947,"LADLE TURNER LONG SILICONE ZHN HR22PC22DS",8.9,38,53,-15,-133.5,25-APR-026,PATIENCE,348
191051," OSSUM ULTRA MOISTURISING B LOTION PAPAYA 400ML 24",50.99,21,12,9,458.91,25-APR-026,"BENEDICT ABBEY",37
191209,"VISITOR CHAIR MESH ASSORTED COLOR OC001",329,2,7,-5,-1645,26-APR-026,ABASS,3
200444,"FRYING PAN WLID 20CM FALU ZHNBLY 1187G20",139,7,7,0,0,25-APR-026,"ALHASSAN RANDY",381
19816,"ENERGIZER BATTERY ALKALINE AA MAXAA 1X12 BP31",59.9,11,39,-28,-1677.2,25-APR-026,NTUMY,161
47177,"HARIBO STARMIX 140G154G 12",29.99,13,13,0,0,25-APR-026,ABIGAIL,156
48382,"5 STAR KOLAH COOL DRINK 350ML  16",2.89,64,111,-47,-135.83,26-APR-026,DANIEL,165
65111,"EVP EASYTIE TRASH BAG BROWN LS 60L 15PCS  12",36.99,1,1,0,0,25-APR-026,"ARTHUR JONADAB",26
63666,"JULIET BEAUTY SOAP ROS SCENTS 225G  36",12.99,23,47,-24,-311.76,26-APR-026,"ANANE KOJO",20
97717,"AMALFI  HAIR CONDITIONER  KERATIN MOJITO 1000ML 8",50.99,2,10,-8,-407.92,26-APR-026,"BENEDICT ABBEY",38
102864,"BATHROOM CORNER SHELF WHOLDER PLASTIC L00289",89,1,5,-4,-356,25-APR-026,WISE,451
108213,"LITORAL RED WINE 750ML 12",82.99,9,9,0,0,25-APR-026,APPIAH,111
118148,"QUEEN MATTRESS BED BATH 7275 ASHFOAM",1949,1,1,0,0,25-APR-026,SHADRACK,513
120121,"LED WALL LIGHT TREELAKE DESIGN 1186",209,1,1,0,0,25-APR-026,KWAFO,166
115952,"SANITA CLUB 2KITCHEN TOWELS  10",24.99,5,13,-8,-199.92,26-APR-026,WISE,40
121313,"VARTA BATTERY LONGLIFE POWER AA BLISTER 2",36,5,31,-26,-936,26-APR-026,ATITOGO,160
138724,"SANITA TT CLUB 300SH 2R  20",25.99,9,28,-19,-493.81,25-APR-026,ELLA,31
130229,"EATCLEAN ATAADWE KOKO MIX 800G  12",80.99,8,8,0,0,26-APR-026,SOLOMON,78
169366,"QUIZ KIT BOOK 68PAGES EB 11235",21.9,5,6,-1,-21.9,25-APR-026,JERUSHA,287
182036,"CASSEROLE NOVA DLX 2PCS SET 10001600ML",149,6,12,-6,-894,25-APR-026,PATIENCE,346
180209,"STYLE UP BODY LOTION BS 420ML  6",24.99,5,5,0,0,25-APR-026,"BENEDICT ABBEY",37
18341,"LONG MOUNTAIN CHENIN BLANC WHITE WINE 75CL 12",65.99,1,1,0,0,25-APR-026,APPIAH,113
18342,"LONG MOUNTAIN SAUVIGNON BLANC WINE 75CL 6",65.99,6,6,0,0,25-APR-026,APPIAH,113
193496,"GLASS STORAGE CONTAINER 1520ML DELICIOUS",39.9,2,7,-5,-199.5,26-APR-026,GLADYS,430
193513,"STEMWARE 6 PCS SET GIFT PACK LVMIS586F",109,2,2,0,0,25-APR-026,SOMUAH,415
33941,"SERVING BOWL MELAMINE 12 INCHES ZHN C08212",36.9,27,27,0,0,26-APR-026,"SAMUEL ADDO",404
49804,"DINNER PLATE MELAMINE 10 INCHES ZHN G38001105",22.9,8,8,0,0,25-APR-026,REGINA,389
X954,"CERES GUAVA JUICE 1L 12",44.99,1,25,-24,-1079.76,25-APR-026,EMMANUEL,135
96649,"LED BULB 30W B22 ORI",22.9,11,11,0,0,25-APR-026,KWAFO,170
125360,"ROMAR FABRIC SOFTENER SPA 750ML  15",36.99,8,11,-3,-110.97,26-APR-026,ALVIN,16
122496,"DIVINE DINNER SET 12PCS DIVINE SILVER C6169312",99,1,2,-1,-99,25-APR-026,BLESSING,405
138596,"HAYHAY 30G  X 24 X 8 BOXES COCONUT 192",5.19,96,136,-40,-207.6,26-APR-026,NASHIBA,89
14807,"DEVA CITRUS LIQUID HAND SOAP 350ML 24 10203",18.99,18,28,-10,-189.9,25-APR-026,TITUS,21
157023,"CURTAIN GROMMET SAGE 55X90 EHRY6910SA",189,3,3,0,0,25-APR-026,GLADYS,503
149582,"DOVE BAR SOAP GO FRESH CUCUMBER 4PK  12",67.99,10,10,0,0,26-APR-026,PHILEMON,10
160855,"SERVING BOWL WLID MELAMINE 10 INCHES FEILU 3410",42.9,44,65,-21,-900.9,25-APR-026,REGINA,389
171786,"TASTY TOM BEEF SEASONING POWDER 10G  600",1.29,261,274,-13,-16.77,25-APR-026,GIDEON,67
172704,"SAIRO HAND SOAP VANILLA 500ML  12",28.99,12,12,0,0,25-APR-026,BISMARCK,43
179401,"AKAI GAS STOVE 3B GLASS TOP GC068A0003B",669,1,2,-1,-669,25-APR-026,AKAYIRI,200
186972,"HAPPY BIRTHDAY CAP NO19 MIX 21CM",13.9,4,4,0,0,26-APR-026,HADASSAH,269
185155,"AKAI GAS COOKER 5B 90X60 HD GC072A9060R",7499,1,1,0,0,25-APR-026,AKAYIRI,205
182717,"KIDS BACKPACK ROCKET SHOULDER MKV438907",79,3,3,0,0,25-APR-026,MORGAN,324
18449,"DEVA DISHWASHING LIQUID LIME 400ML 24 10402",19.99,2,26,-24,-479.76,25-APR-026,JIMOH,1
192696,"GIFT BAG 20X20X12 TXHZ061765",59,3,3,0,0,25-APR-026,MARYLAND,301
200741,"COOKING POT WLID 24CM FALU ZHNBAROLY 113924",249,1,1,0,0,25-APR-026,"ALHASSAN RANDY",381
195499,"DZIRE HOME THEATRE 31CH 60W HT313S237",799,1,2,-1,-799,25-APR-026,JUSTICE,187
37642,"BILY WC BLOCK PINE  24",20.99,5,7,-2,-41.98,25-APR-026,ABASS,3
88170,"FONTISSUE NEW TROLL 2PLY 4ROLLS   10",17.99,3,9,-6,-107.94,25-APR-026,ELLA,32
X888,"RED BULL REGULAR 250ML 24",27.99,24,59,-35,-979.65,26-APR-026,NTUMY,164
90646,"BINATONE STEAM IRON 2400W SI 2410",565,4,3,1,565,25-APR-026,"KINGSLEY OP",218
99662,"STYLE UP ROLL ON SENSITIVE 50ML  6",9.99,31,53,-22,-219.78,26-APR-026,MABEL,36
06510,"MEANNAN GROUNDED GINGER 80G 24",22.99,27,28,-1,-22.99,25-APR-026,BISMARCK,45
103978,"NIVEA DEEP LOTION  400ML  12",121.99,10,10,0,0,25-APR-026,"BENEDICT ABBEY",37
117036,"ICE CUBE TRAY SET 2PCS CHERRY MYQ91701",44.9,19,19,0,0,25-APR-026,OTHNIEL,343
123171,"OCEANWINE GLASS SET 2PC 425ML MADI 3015R1502G0003",79,4,6,-2,-158,25-APR-026,SYLVIA,425
156276,"MOLINERA  SUGARFREE MANGO JUICE 1L  12",31.49,5,5,0,0,25-APR-026,DORIS,102
165470,"DOMS WATER COLOUR PEN 15SHADE 80057",6.9,3,1,2,13.8,26-APR-026,MARIAM,292
164568,"AVSAR FLAVOURED MINERAL WATER MOIJTO 200ML 24",10.99,23,22,1,10.99,26-APR-026,KWAFO,83
162333,"SPATULA SILICONE WOOD HANDLE ILC MC73553 RJK",19.9,10,35,-25,-497.5,25-APR-026,"NANA KOJO",365
180105,"DOVE ROLL ON 50ML BEAUTY FINISH 6",23.99,8,9,-1,-23.99,26-APR-026,WONDER,36
187088,"STOOL 28X28X40 PLASTIC 229",79,1,11,-10,-790,25-APR-026,OWUSU,372
182536,"CONTAINER 3PCS SET RECT CLEAR   PP66400",49.9,16,8,8,399.2,25-APR-026,"NANA ADJEI",330
188875,"BATHMAT 50X80CM BM279 BEIGE CP",59,16,17,-1,-59,25-APR-026,"SAMUEL ADDO",401
28106,"TUMBLER STERLING 6PCS SET 330ML DXB N0769",79,4,6,-2,-158,25-APR-026,"STEPHEN ACQUAH",418
21077,"HANGER SET 05PCS WOODEN ANTISHIP  L6611N RJK",69,16,17,-1,-69,25-APR-026,VICTORIA,436
42963,"MAXIM LEAVE IN CONDITIONER 500ML  30",33.99,4,8,-4,-135.96,26-APR-026,"BENEDICT ABBEY",38
85377,"NASCO CHEST FREEZER SD 142L NAS200SK",3999,1,1,0,0,25-APR-026,"JOSEPH PATRICK",204
85804,"BEDSHEET 3 PCS SET 76X6830X30 DAFFODEL",69,2,2,0,0,25-APR-026,SHADRACK,518
93633,"FIESTA RED GRAPE  NON ALCOHOLIC WINE  750ML  6",41.99,4,5,-1,-41.99,25-APR-026,"EDDIE MENSAH",107
104435,"JUVER SELECCION WHITE GRAPE JUICE 200ML 24",13.99,1,5,-4,-55.96,25-APR-026,EMMANUEL,135
105244,"MARILAN WAFERS  LIME 115G  24",10.19,14,14,0,0,26-APR-026,"KINGSLEY OP",94
109764,"AMERICAN GOURMET ICING SUGAR 500G 24",28.99,9,27,-18,-521.82,26-APR-026,"FELIX BOADU",65
110427,"BALLOON 20CM LOVE YOU TRANSPARENT",7.9,27,28,-1,-7.9,26-APR-026,HADASSAH,269
122732,"UNIMAX TRIO BALLPEN BLACK 10MM FBTIOBK29",3.99,200,143,57,227.43,26-APR-026,MARIAM,295
133213,"NEAT DISHWASH LIQUID SOAP ASSORTED 400ML  24",17.49,1,1,0,0,25-APR-026,ALVIN,14
130142,"STEM FLUTE GLASS SERENA LINES 20CL F4 C9260V9910",239,2,2,0,0,26-APR-026,SOMUAH,416
144275,"AIRPRO TOILET BLOCK CLEANER BLUE 4IN1  144",39.99,5,58,-53,-2119.47,25-APR-026,ALVIN,13
157193,"SERVING TRAY MELAMINE 18 INCHES ZHN G31014",39.9,6,6,0,0,25-APR-026,ROBIN,392
163194,"AMALFI MOUTH WASH KIDS 500 ML 16",22.99,17,14,3,68.97,26-APR-026,"BOADI STEPHEN",53
162326,"SLOTTED SPOON SS WOOD HANDLE ILC MC73207 RJK",19.9,13,14,-1,-19.9,25-APR-026,OWUSU,368
169953,"TRUESMILE TOOTHPASTE  BRUSH PROCARE 100ML  12",26.99,1,10,-9,-242.91,25-APR-026,"BOADI STEPHEN",54
179928,"WALL CLOCK 355X355X42 1401B",119,6,6,0,0,25-APR-026,"GAD ",471
186995,"X O CHESS  30CM",31.9,6,6,0,0,25-APR-026,JUSTICE,270
185636,"STEAK KNIFE 12MM GSSTKNF RJK",59,11,11,0,0,25-APR-026,NASHIBA,335
194615,"MIGLIO FULL CREAM UHT MILK 1L 12",31.99,16,94,-78,-2495.22,26-APR-026,DANIEL,56
191074,"REALMAN MANLY FRAGRANCE FRESH MORNING 150ML 72",50.99,14,41,-27,-1376.73,26-APR-026,ELLA,35
192293,"LED CHANDELIER CRYSTAL DESIGN VB270",549,1,2,-1,-549,25-APR-026,KWAFO,167
196685,"CERES NECTAR CARIBBEAN CRUSH 500ML 10",19.99,29,16,13,259.87,25-APR-026,KWAFO,100
32787,"EASY MOUZOO GUAVA TETRAPACK DRINK 200ML 27",5.49,49,49,0,0,26-APR-026,"MORGAN ONGOH",84
75278,"BINATONE KETTLE 17L 2200W WHITE CEJ 1780",345,2,10,-8,-2760,25-APR-026,LESTER,248
X824,"ORAL B PRO EXPERT EXTRA CLEAN 96",64.99,8,8,0,0,26-APR-026,"BOADI STEPHEN",53
119478,"WESTINGHOUSE DISH RACK WCKM0086",129,1,10,-9,-1161,25-APR-026,"NANA KOJO",362
121317,"VARTA BATTERY LONGLIFE POWER 9V BLISTER 1",75,8,8,0,0,25-APR-026,NTUMY,161
147406,"MCBERRY ALPHA 3  3 CRACKER 24G  72",1.29,61,60,1,1.29,25-APR-026,DERRICK,96
155812,"ENTERTAINMENT UNIT RACK JAZZ MP10200006",2390,1,1,0,0,25-APR-026,SHADRACK,510
164618,"TOILET PAPER HOLDER WSWING BIN PLASTIC ORSA 980",189,1,1,0,0,25-APR-026,VICTORIA,438
161735,"SOFA 3211 AKOMA",8799,1,1,0,0,25-APR-026,FRANCIS,523
175190,"SEARA CUT GREEN BEANS 800G 14",44.99,19,19,0,0,26-APR-026,EVELYN,143
185071,"AKAI WASHING MACHINE FL 6KG WM054A60FL",4299,1,1,0,0,25-APR-026,AKAYIRI,203
18349,"SAN PELLEGRINO SPARKLING WATER 25CL 24",17.99,24,30,-6,-107.94,25-APR-026,DELIGHT,86
194350,"PRINGLES KETCHUP  165G  19",49.99,15,21,-6,-299.94,26-APR-026,NASHIBA,89
79586,"SHINE ALUMINIUM FOIL 25SQFT 76MX30CM  24",17.99,2,21,-19,-341.81,26-APR-026,"ARTHUR JONADAB",27
89154,"PLUS TOY BEAR 20CM",30.9,1,1,0,0,26-APR-026,ABASS,3
85990,"COLGATE TOOTHPASTE OPTIC WHITE BASE 75ML  48",51.99,48,56,-8,-415.92,26-APR-026,NTUMY,163
82845,"TUMBLER ISLAND 6PCS SET 330ML DXB N1318",79,3,5,-2,-158,26-APR-026,SOMUAH,417
CL155,"BUCKET WITH LID 20LTR 35CMX36CM",42.9,5,5,0,0,25-APR-026,"MORGAN ONGOH",320
94745,"CELLO PET BOTTLE CRYSTAL 1000ML 1PC POUCH",9.9,14,12,2,19.8,26-APR-026,GILBERT,312
92811,"ROLLING PIN 45CM WOODEN 001 YWU",42.9,16,16,0,0,25-APR-026,"ALHASAN RANDY",383
07014,"YAZZ WASHING POWDER 1KG 10",39.99,20,29,-9,-359.91,26-APR-026,TITUS,21
111389,"JUMBO COPY TO COLOUR BOOK W8TITLES ED782",24.9,33,48,-15,-373.5,25-APR-026,"JERUSHA ",284
139250,"PARIN NECTAR NATURAL HONNEY 50G 24",16.99,25,26,-1,-16.99,26-APR-026,GIFTY,63
148690,"DRY FLOWER SET 5PCS 155CM",99,11,15,-4,-396,26-APR-026,ESINAM,462
159571,"REMOTE CONTROL TURBO BUGGY CAR",499,3,3,0,0,25-APR-026,HANNAH,276
174897,"POTOSKY WRITING SKILLS FOR NURSERY 2",55,4,4,0,0,25-APR-026,"JERUSHA ",284
170298,"KALYON EXTRA DISHWASHING LIQUID ORANGE 735ML 12",25.49,10,10,0,0,25-APR-026,ALVIN,14
169529,"TOREN WAFER CARRE COCOA CREAM  125G 24",22.99,11,11,0,0,25-APR-026,"EDDIE MENSAH",108
192658,"GIFT BAG MEDIUM 210G 26X32X125 KRB2169M14",8.99,12,13,-1,-8.99,25-APR-026,MARYLAND,301
192945,"BALL INFLATION SET 10PC 22CM HCL S9255",30.99,20,28,-8,-247.92,25-APR-026,CHARLES,463
191063,"OSSUM DEO ROLL ON PASSION 50ML 48",26.99,20,25,-5,-134.95,26-APR-026,ELLA,35
191927,"DINNER KNIFE 72G0355 ZHN",37.9,16,24,-8,-303.2,25-APR-026,"PAUL OWUSU",350
189264,"XMAS ORNAMENT 8X8X16 257625110",18.9,18,18,0,0,25-APR-026,DANIEL,XMAS
190560,"PEG BOARD 56X56CM HIPSPGB5656",79,5,30,-25,-1975,26-APR-026,"NANA KOJO",271
37831,"KALYON KITCHEN CLEANER LEMON 750ML 12",29.99,12,11,1,29.99,26-APR-026,LESTER,6
08770,"COUNTRE MILK CHOCOLATE 500ML 18",35.99,53,37,16,575.84,25-APR-026,CHRIS,61
104867,"PRIMA BLEACH 1L  15",28.99,12,12,0,0,26-APR-026,"GIDEON GBLOGAH",12
105005,"YUKI MATON INSECTICIDE DOUBLE ACTION 750ML  24",64.99,11,11,0,0,26-APR-026,DANIEL,9
116909,"PAINTING DESIGN 55X65CM41",249,2,4,-2,-498,26-APR-026,SHADRACK,521
113703,"SERVING BOWL MELAMINE 9 INCHES FEILU 73295",17.9,34,36,-2,-35.8,25-APR-026,REGINA,386
155622,"DINNER PLATE MELAMINE 10 INCHES FEILU 6710",14.9,31,41,-10,-149,25-APR-026,REGINA,390
149429,"KODAK PORTABLE WIRELESS SPEAKER PWS2245",365,1,5,-4,-1460,25-APR-026,NYARKO,177
160195,"WHITE BOARD WWOODEN FRAME 50X70CM WB5024",89,4,4,0,0,26-APR-026,"NANA KOJO",271
167855,"BROOM PLASTIC WWOODEN HANDLE PC31524 RJK",14.9,7,8,-1,-14.9,25-APR-026,DANIEL,XMAS
168223,"BEDSHEET SET DOB MICRO PEACH 3P 90GSM 03BT0938PF",79,7,23,-16,-1264,25-APR-026,GILBERT,498
180099,"DOVE BAR SOAP  RESTORING 4PK  12",67.99,10,11,-1,-67.99,26-APR-026,ALVIN,18
187975,"PROMESS STRAWBERRY FLAVOURED MILK DRINK 200ML 24",12.99,23,23,0,0,25-APR-026,CHRIS,61
187976,"PROMESS VANILLA FLAVOURED MILK DRINK 200ML 24",12.99,24,24,0,0,25-APR-026,CHRIS,61
183515,"WATER BOTTLE PULSE 850ML PHYL1005",49.9,11,11,0,0,26-APR-026,GILBERT,312
193038,"PEELER 6PCS SET ZHN HD126",29.9,25,38,-13,-388.7,25-APR-026,"NANA KOJO",367
198226,"STOOL 53X30CM PU YWU",649,1,4,-3,-1947,26-APR-026,SHADRACK,521
203998,"ENERGIZER BATTERY 1X2 BP2 ECR2032",44.9,40,24,16,718.4,25-APR-026,NTUMY,161
91233,"SAIRO BATHSHOWER GEL MARINE SALT 750ML 8",50.99,14,14,0,0,25-APR-026,"ANANE KOJO",22
00359,"EXETER CORNED BEEF 340G 24",54.99,24,63,-39,-2144.61,26-APR-026,OTHNIEL,126
107624,"JUVER  DISFRUTA  PEACH MELOCOTON JUICE 2L 6",62.99,3,5,-2,-125.98,25-APR-026,KWAFO,103
120384,"BELPAK JUMBO  PAPER KITCHEN TOWEL 1 X6 ROLLS  12",21.99,2,2,0,0,26-APR-026,"ANANE KOJO",23
147050,"CARNATION TEA CREAMER 18X10X29G 18",26.99,26,66,-40,-1079.6,26-APR-026,"BENEDICT ABBEY",81
145697,"BIN WFLAT LID MATT FINISH RND 5L PEDAL AAA05 RK",109,3,2,1,109,26-APR-026,WISE,452
156423,"SERVING TRAY MELAMINE 12 INCHES ZHN A32012",17.9,17,17,0,0,25-APR-026,ROBIN,392
149957,"PENCIL CASE ROUNDTRIANGLESQUARE",39,1,11,-10,-390,25-APR-026,MARYLAND,296
164592,"WEANING BOWL WSPOON 45352",39,1,1,0,0,25-APR-026,HADASSAH,267
160315,"PYREX ROASTER RECTANGLE GLASS 27L 231B0003646",89,3,3,0,0,26-APR-026,SYLVIA,428
168535,"MIRROR2PCS SET 52X26",159,6,6,0,0,25-APR-026,HAYFORD,458
185947,"CAULIFLOWER PCS APL",27.99,1,1,0,0,25-APR-026,JIMOH,134
185300,"COLANDER WSIDE HANDLES BLACK 35CM XY2332",69,33,34,-1,-69,25-APR-026,"PAUL OWUSU",352
193132,"PLUSH TOY 75CM",399,2,2,0,0,25-APR-026,HANNAH,276
190689,"LAUNDRY BASKET COVERED 40X45CM ASSORTED MYQ9 1920",119,2,5,-3,-357,25-APR-026,WISE,446
37645,"BILY WC BLOCK OCEAN    24",20.99,5,9,-4,-83.96,25-APR-026,ABASS,3
24021,"VASELINE PJ BLUE SEAL ORIGINAL 250ML  36",51.99,66,46,20,1039.8,26-APR-026,RICHMOND,50
48382,"5 STAR KOLAH COOL DRINK 350ML  16",2.89,32,111,-79,-228.31,26-APR-026,DELIGHT,87
90176,"RENDEZ VOUS NON ALC SPARK WINE APPLE 75CL  6",40.99,12,12,0,0,25-APR-026,"EDDIE MENSAH",106
73835,"NIVEA ANTIPERS INV BLK  WHT ROLL ON  50ML  30",41.99,9,12,-3,-125.97,26-APR-026,WONDER,36
CL624,"PET JAR SQUARE 1000ML 10CMX10CMX14CM",3.9,37,38,-1,-3.9,25-APR-026,"NANA ADJEI ",328
117665,"DUSTPANBRUSH SET WRUBBER PICKPLASTIC UR3249",26.9,10,21,-11,-295.9,25-APR-026,WISE,451
118277,"EASY MOUZOO GRAPE NECTAR GLASS BOTTLE 250ML  24",10.99,1,54,-53,-582.47,25-APR-026,EMMANUEL,135
129574,"SAMSUNG AC SPLIT 15HP R410 AR12CRHGAWKAF",7749,1,2,-1,-7749,25-APR-026,"KINGSLEY OP",212
126093,"HAPPY FULL SPIDER 70G  48",9.99,57,61,-4,-39.96,26-APR-026,"ABIGAIL YEVUGAH",158
121627,"BLUE DIAMOND ALMOND BREEZE VANILLA UNSWEETE 1L 6",85.99,2,2,0,0,25-APR-026,CHRIS,61
146722,"AKAI BLENDER WMILL 15L 400W BD038A1031",449,1,5,-4,-1796,25-APR-026,MABEL,252
161023,"CHANDELIER CRYSTAL PLAINGOLD G2801",629,1,3,-2,-1258,25-APR-026,KWAFO,530
161249,"DZIRE HOME THEATRE 51CH 110W TB HT514T1S505TH",1999,1,2,-1,-1999,25-APR-026,JUSTICE,193
160205,"WHITE BOARD DBL SIDE M FRM WSTAND 90X120CM WB5203",1249,1,1,0,0,25-APR-026,"GEORGE PUPLAMPU",467
162652,"SERVING BOWL MELAMINE 10 INCHES FEILU 292101",18.9,72,72,0,0,26-APR-026,BLESSING,409
170313,"KALYON POWDER DETERGENT LOVELY 750GM 20",22.99,17,17,0,0,26-APR-026,ALVIN,17
187964,"JOJONAVI FRUIT APPLE CAN JUICE DRINK  330ML 24",13.49,2,2,0,0,25-APR-026,DELIGHT,86
40341,"LELE TUNA SLICES IN VEG OIL WITH CHILI 125G 24",28.99,25,49,-24,-695.76,26-APR-026,"EMMANUEL MENSAH",124
49426,"WILD AFRICA CREAM LIQUEUR 75CL 6",204.99,6,6,0,0,25-APR-026,JIMOH,1
98943,"MY BLOCKS LEGO GAMES 32PCS TY304",22.99,15,15,0,0,25-APR-026,JUSTICE,270
92163,"SEARA CHICKEN SAUSAGE  340G  24",19.99,100,954,-854,-17071.46,25-APR-026,EVELYN,142
106887,"TAMPICO COCKTAIL FRUIT JUICE 500ML 12",7.99,12,44,-32,-255.68,26-APR-026,DANIEL,165
135925,"YOGA STRAWBERRY WHEAT MIX YOGHURT 2L 1",109.99,1,1,0,0,25-APR-026,EMMANUEL,133
131234,"MOMEASY BABY SPOONFORK SET 45347",18.9,7,7,0,0,26-APR-026,AKAYIRI,267
133456,"COLOURING BOOK BIRD CRAYOLA 2905CYCB2",15.99,13,4,9,143.91,25-APR-026,"JERUSHA ",284
157616,"DUSTBIN QUATRO GRYSLR SWING 12L 26X24X35CM PP60707",79,9,9,0,0,25-APR-026,HAYFORD,456
150442,"CURTAIN W8 GROMENT GOLD 54X90 BLK10",109,11,11,0,0,25-APR-026,ESINAM,483
166542,"WATER BOTTLE 1300ML PNP3309",9.9,14,15,-1,-9.9,26-APR-026,"MICHAEL DADZIE",310
160855,"SERVING BOWL WLID MELAMINE 10 INCHES FEILU 3410",42.9,21,65,-44,-1887.6,25-APR-026,REGINA,388
168009,"FILLED CUSHION P VELVET 45X45CMBROWN DC242",119,12,12,0,0,25-APR-026,GLADYS,505
167069,"NASCO GAS COOKER 5B 90X60 GRILL SS NASGCLME90I",9699,1,1,0,0,25-APR-026,AKAYIRI,202
176430,"KIDS PISTOL TOY WRING CUP",28.99,1,2,-1,-28.99,26-APR-026,SHADRACK,158
194692,"CASSEROLE WLID AND SIDE HANDLE 3200ML GPP3200",189,1,3,-2,-378,25-APR-026,OWUSU,374
192671,"GIFT BAG SMALL 210G 18X23X10 KRJ1430S13",6.99,12,12,0,0,25-APR-026,"MICHAEL BOYE",302
195058,"ICE FACTORY REUSABLE DICE ICE CUBE 525G 1",72.99,-6,6,-12,-875.88,26-APR-026,EMMANUEL,135
195080,"BURCUBON BUTTER MILK 350G 10",25.99,13,13,0,0,26-APR-026,"EDDIE MENSAH",90
189606,"DOVE  LOTION  INTENSE CARE 400ML 18",77.99,8,8,0,0,25-APR-026,"BENEDICT ABBEY",37
191929,"DINNER FORK 45G0355 ZHN",27.9,21,21,0,0,25-APR-026,OWUSU,370
200797,"FRYING PAN 24CM FALU ZHNBAROLY 2608G24",169,5,7,-2,-338,25-APR-026,QUEENCILLA,379
34859,"LISTERINE MOUTHWASH TOTAL CARE 500ML  6",86.99,9,11,-2,-173.98,26-APR-026,"BOADI STEPHEN",53
38221,"SNAPPLE FRUIT PUNCH BOTTLE  473ML  12",37.49,7,7,0,0,26-APR-026,DELIGHT,88
45394,"DON LUCIANO TEMPRANILO 125 RED WINE 75CL  6",69.99,3,3,0,0,25-APR-026,APPIAH,111
46545,"DREAMS FACIAL TISSUE 150SHEETS  36",21.49,25,60,-35,-752.15,26-APR-026,BISMARCK,29
205570,"SIGMA LED TV 43 SAT SMART STVK43V6S",3099,1,2,-1,-3099,25-APR-026,"KINGSLEY OP",216
A996,"CERES PASSION FRUIT JUICE 1L 12",44.99,14,12,2,89.98,25-APR-026,KWAFO,100
94241,"MADAR RENZO MPURPOSE LEMON LIQUID SOAP 750ML  12",24.19,11,29,-18,-435.42,25-APR-026,ALVIN,14
09494,"BADIA 121OZ PARSLEY FLAKES 12",53.99,21,21,0,0,25-APR-026,GIDEON,67
101019,"CURTAIN POLYESTER 52X84 WHANGER ZGB101",159,8,16,-8,-1272,25-APR-026,ESINAM,484
115480,"L SHAPE SOFA SET LEXUS",5290,1,1,0,0,26-APR-026,SHADRACK,521
153093,"SERVING TRAY MELAMINE 11 INCHES ZHN 8020115",12.9,46,46,0,0,25-APR-026,ROBIN,392
159549,"COMFORT FABRIC CONDITIONER31W SUNSHINY DAYS 930ML8",47.99,2,4,-2,-95.98,26-APR-026,NIBOI,16
161092,"FUR HAND SOAP OUD WOOD 450ML  24",41.99,19,18,1,41.99,25-APR-026,TITUS,21
182384,"PORTABLE  FOLDABLE BBQ GRILL CG1",199,3,8,-5,-995,25-APR-026,PHILEMON,358
179387,"NIGHTSTAND W1 DRAWER TOBACCO 114532150",690,1,1,0,0,25-APR-026,SHADRACK,518
180753,"ARIZONA LITE HALF HALF ICED TEA LEMONADE 650ML 24",23.99,6,16,-10,-239.9,26-APR-026,"MORGAN ONGOH",84
178099,"ARTIFICIAL FLOWER 5 BRANCH 30CM",24.9,59,60,-1,-24.9,26-APR-026,HAYFORD,462
186973,"BENGODALSPECIAL EGGS  6 PACK 1",19.99,8,10,-2,-39.98,25-APR-026,EMMANUEL,133
195599,"PRAN NOODLES HOTSPICY FLAVOUR CUP 60G 24",17.99,20,16,4,71.96,25-APR-026,SOLOMON,75
44388,"AKAI GAS STOVE 3B GC015A8301",419,2,2,0,0,25-APR-026,"JOSEPH PATRICK",196
32788,"EASY MOUZOO APPLE JUICE TETRA PK 200ML  27",5.49,34,34,0,0,26-APR-026,"PAUL OWUSU",84
48803,"CINDY VIETNAM RICE 1KG   20",19.49,11,11,0,0,25-APR-026,GIDEON,68
69543,"PARIDOX NATURAL SKIN TONER GEL 450ML  20",44.99,14,20,-6,-269.94,26-APR-026,NIBOI,18
92878,"SNAKES  LADDERS GAME JQ142105A",89,8,8,0,0,25-APR-026,HERBERT,280
103987,"EVERPACK ICE CREAM SPOON 30PKTX100PCS  30",11.99,4,4,0,0,25-APR-026,"ARTHUR JONADAB ",26
111555,"CERAMIC TABLE LAMP WSILVER STONE COFFEE SKW01425",199,3,3,0,0,25-APR-026,KWAFO,171
126226,"AIRPRO  TOILET RIM BLOCK LAVENDER 50G  72",24.99,9,69,-60,-1499.4,26-APR-026,"BOADI STEPHEN",9
137496,"BUMBLE BABY WET WIPES ROSE DREAM 120PCS   12",31.99,5,14,-9,-287.91,26-APR-026,"JOSEPH PATRICK",39
131240,"TOOTHBRUSH CHILDREN WBLISTER CARD 46082",27.9,2,2,0,0,26-APR-026,AKAYIRI,267
149369,"NASCO FRIDGE DD COMBI 136L NASD218FLG18FL",2849,1,1,0,0,25-APR-026,MABEL,252
164617,"KITCHEN ORGAZINER RACK METAL 134",49.9,8,15,-7,-349.3,25-APR-026,PHILEMON,358
171216,"BUMBLE SURFACE CLEANING TOWEL 50PCS  12",40.49,8,8,0,0,26-APR-026,"JOSEPH PATRICK",39
169320,"AKAI HIFI SPEAKER 40W RECHAR WLMIC HT028A2614",1399,1,1,0,0,25-APR-026,JUSTICE,194
167272,"XMAS STRIPE LIGHT 10M 300 MULTI",119,1,1,0,0,25-APR-026,DANIEL,XMAS
187966,"JOJONAVI  MIX FRUIT CAN JUICE DRINK  330ML 24",13.49,2,12,-10,-134.9,26-APR-026,"JOSEPH PATRICK",135
18719,"EVERPACK  MAXI ROLL TOWEL  23CMX300M   6",69.99,4,9,-5,-349.95,25-APR-026,TITUS,21
193448,"SOLO BOOK COVER SHEET 210X296MM A4 SADHESIVE BC02",4.99,20,20,0,0,25-APR-026,MARIAM,290
192660,"GIFT BAG LARGE 210G 32X42X115 KRH9686L14",10.99,12,10,2,21.98,25-APR-026,MARYLAND,301
194152,"AMERICAN GOURMET KETCHUP 910G  12",56.99,9,9,0,0,25-APR-026,GLADYS,72
192966,"CHOPPING BOARD 3PCS SET PLASTIC ZHN KM35",89,7,7,0,0,25-APR-026,"PAUL OWUSU",353
200293,"HH CANNED TUNA IN VEGETABLE OIL 160G 24",24.49,28,27,1,24.49,26-APR-026,APPIAH,126
40604,"LUCOZADE ORIGINAL 380ML   24",23.99,1,18,-17,-407.83,25-APR-026,EMMANUEL,135
84664,"SHISHA HOOKAH W 15CM 50CM YWU",79,3,1,2,158,25-APR-026,QUEENCILLA,378
CL603,"BASIN 15LTR 43CMX16CM",19.9,17,12,5,99.5,25-APR-026,MORGAN,322
98479,"AMALFI HAND SOAP PINA COLADA  500ML  12",25.99,4,3,1,25.99,25-APR-026,BISMARCK,43
108456,"BLUE SKIES SALTED CARAMEL  ICE CREAM 125ML 1",16.99,9,11,-2,-33.98,25-APR-026,EMMANUEL,135
125850,"ABENA BEEF PATE 400G 24",20.99,16,38,-22,-461.78,26-APR-026,APPIAH,126
127337,"EXETER LUNCHEON MEAT WITH BEEF 320G 24",33.99,23,44,-21,-713.79,26-APR-026,OTHNIEL,126
145733,"5 STAR PINEAPPLE KIDS JUICE 200ML 20",2.99,11,116,-105,-313.95,26-APR-026,PATIENCE,84
156293,"ASEDA POP CORN KERNEL 500G  12",21.99,9,12,-3,-65.97,25-APR-026,"FELIX BOADU",66
168996,"TEFAL GARMENT STEAMER HANDHELD 1200W DT1020G0",549,5,4,1,549,25-APR-026,"KINGSLEY OP",218
177914,"FRESH POPS BANANA 35G  15",8.29,4,1,3,24.87,25-APR-026,"EMMANUEL MENSAH",121
187092,"SERVING TRAY WHANDLE 32X29X5CM ACRYLIC 9018",42.9,4,4,0,0,25-APR-026,OTHNIEL,340
185374,"3PCS BEDSHEET SET K 270X250CM PRINT ASS 03BT1029",119,10,33,-23,-2737,25-APR-026,GILBERT,497
182895,"CHERELLE 60 POUCH DARK CHOCOLATE 216G 124 1",98.99,15,15,0,0,25-APR-026,ATITOGO,159
192692,"GIFT BAG 24X345X10 KJ051913",14.99,10,10,0,0,25-APR-026,MARYLAND,301
192739,"CURTAIN SHEER LT GREY 54X90 PL Y2151",99,15,16,-1,-99,25-APR-026,GIFTY,492
192832,"CURTAIN JQ GREY 54X90 PL 253",119,9,9,0,0,25-APR-026,GIFTY,492
192341,"PAPER CLIP 28MM 150PCS ID04272",7.9,8,8,0,0,26-APR-026,MARIAM,291
191003,"ALIFE BATH SOAP ALOE VERA 100G  40",4.99,16,18,-2,-9.98,25-APR-026,"ANANE KOJO",20
86133,"JAMAA CLASSIC LAUNDRY SOAP 800G   16",24.99,24,28,-4,-99.96,26-APR-026,ALVIN,17
64846,"DISQUETI CHOCOLATE LENTILS   4X16X60G",21.99,18,18,0,0,25-APR-026,"FELIX BOADU",154
90784,"DR MIGHTY  WC TOILET POWER BLOCKS BLUEB 4 IN 1  48",29.99,4,52,-48,-1439.52,26-APR-026,ABASS,3
98405,"KIWI PASTE SHOE POLISH BROWN 50ML  144",16.29,106,123,-17,-276.93,26-APR-026,MABEL,36
101064,"N0 8 CORN CONES CHIPS 20G 60",1.69,28,31,-3,-5.07,25-APR-026,"EMMANUEL MENSAH",121
120023,"SERVING BOWL MELAMINE 12 INCHES ZHN C60212",24.9,46,46,0,0,26-APR-026,"SAMUEL ADDO",404
111275,"TWININGS JASMINE GREEN TEA 20S  4",67.99,1,2,-1,-67.99,26-APR-026,DANIEL,58
111379,"ILLUSTRATED WORLD FAMOUS CLASSIC BOOK ED773",12.9,46,81,-35,-451.5,26-APR-026,HERBERT,282
125375,"PRE SCHOOL WRITING  BOOK ABC CAPITAL CO EDITION",15.9,57,69,-12,-190.8,25-APR-026,"JERUSHA ",284
157703,"STORAGE BOX WLOCK CLEAR 5L 31X19X14CM PP64600",49.9,4,22,-18,-898.2,26-APR-026,NIBOI,319
159678,"JUKI NUTS SEA SALT ROASTED CASHEWS 300G  24",83.99,18,18,0,0,26-APR-026,MAHAMA,119
167175,"LG FRIDGE DD 187L SILVER GNB202SQBB",7589,1,2,-1,-7589,25-APR-026,"JOSEPH PATRICK",205
169502,"CUSHION EMBROIDERY 380G FILLING 45X45CM EHAMK008",149,1,1,0,0,25-APR-026,FRANCIS,522
187180,"CUP CAKE BAKING PAN SILICONE BD600KB0232",79,14,14,0,0,25-APR-026,"ALHASSAN RANDY",384
184389,"CLOTHES HANGER 5PCS SET 40CM PLASTIC XZ3172 YWU",24.9,26,26,0,0,25-APR-026,VICTORIA,436
195109,"KAMILA CHOCOLATE TRUFFLE CRISPY 500G 8",72.99,6,14,-8,-583.92,26-APR-026,"EDDIE MENSAH",90
190735,"EYE LASH CLIP YWU",14.9,1,1,0,0,25-APR-026,HADASSAH,267
191733,"SAMSUNG GALAXY MOBILE A07 4GB 128GB",1799,1,2,-1,-1799,25-APR-026,NYARKO,177
190628,"GIFT BAG 40X56CM",24.9,12,15,-3,-74.7,25-APR-026,"MICHAEL BOYR",302
23738,"COLGATE FLUORIDE TOOTH PASTE  CLEAN MINT 75ML 48",37.99,22,17,5,189.95,25-APR-026,"BOADI STEPHEN",54
85700,"AKAI LED LIGHT RECHARGEABLE LS013RA1044LLS028A",229,-6,11,-17,-3893,26-APR-026,NYARKO,182
03076,"WEETABIX CEREAL ORIGINAL 450G 14",89.99,6,4,2,179.98,25-APR-026,"KINGSLEY OP",91
103200,"AVSAR FRUIT FLAV WATER MANGOPINEAPPLE 200ML  24",10.99,37,38,-1,-10.99,26-APR-026,KWAFO,83
104519,"MJS SOY SAUCE 1L  12",50.99,6,16,-10,-509.9,25-APR-026,GLADYS,72
117875,"MANILA PAPERLINELEFT WINDOW ENVELOPE 50PCS PACK",24.99,9,9,0,0,26-APR-026,"MICHAEL DADZIE",295
117409,"XMAS GLASS BALL WHITREDGREENGOLD JH2021179",44.9,6,6,0,0,25-APR-026,DANIEL,XMAS
115428,"MRS BECTORS TRUFILLS CHOCO FILLED 40G  144",4.49,55,106,-51,-228.99,26-APR-026,DERRICK,96
123007,"GOLD SPOON",59,31,95,-64,-3776,25-APR-026,OWUSU,370
136301,"LIME PACK VF",13.99,1,1,0,0,25-APR-026,JIMOH,134
148015,"PAINTING WGLASS 27X37CM",69,3,3,0,0,26-APR-026,FRANCIS,524
14826,"DEVA SOFTENER FLORAL 2L   6",85.49,10,10,0,0,25-APR-026,ALVIN,15
14720,"EASY MOUZOO GUAVA JUICE  GLASS BOTTLE  1L   6",32.99,12,12,0,0,25-APR-026,DORIS,99
139905,"ORANGETFM KG",9.99,17,2.3,15,149.85,25-APR-026,JIMOH,134
163163,"MCVITIES RICH TEA BISCUIT 25G  48",3.79,18,51,-33,-125.07,25-APR-026,DERRICK,96
175390,"MUNCHEE MORNING DELIGHT BANANA BISCUIT 22G  72",1.39,7,3,4,5.56,25-APR-026,DERRICK,96
187283,"WEIGHT DISC 226KG SFDISC5LB",89,2,2,0,0,25-APR-026,"GEORGE PUPLAMPU",467
193165,"PLUSH TOY 38CM",139,1,1,0,0,25-APR-026,HANNAH,276
188913,"PARTY POPPER OPP YW",19.9,9,10,-1,-19.9,26-APR-026,HADASSAH,269
36024,"VASELINE BODY LOTION COCOGLOW 400ML",49.99,1,45,-44,-2199.56,25-APR-026,NTUMY,163
80284,"AKAI GAS STOVE 2B INFRARED GC032A8518",659,1,2,-1,-659,26-APR-026,AKAYIRI,207
101016,"CURTAIN POLYESTER 52X84  WHANGER ZGB501",199,1,9,-8,-1592,25-APR-026,GLADYS,501
102285,"BRUHM WATER DISPENSER WFRIDGE BDS112",2299,1,1,0,0,25-APR-026,AKAYIRI,203
108399,"KIVO CLASSIC BAKED BEANS IN TOMATO SAUCE 400G  12",23.49,22,22,0,0,26-APR-026,GLADYS,71
109328,"ROMAR AUTOM AIRFRESH REFILL TALC 250ML  6",46.99,3,4,-1,-46.99,26-APR-026,ABIGAIL,5
115945,"PRIVATE EXTRA THIN NIGHT PAD  7PCS  18",13.49,19,19,0,0,26-APR-026,DANIEL,51
124676,"SAMSUNG WASHING MACHINE FL 8KG WW80T3040BSNQ",11489,1,1,0,0,25-APR-026,AKAYIRI,203
133194,"SHINE FACIAL TISSUE ECO 150PCS  36",12.49,6,5,1,12.49,26-APR-026,BISMARCK,29
155936,"ORS REPLENISHING CONDITIONER 125OZ   12",46.99,5,14,-9,-422.91,25-APR-026,"BENEDICT ABBEY",38
169971,"FOLDING CABINET FOLD  GO 55LT EH346",399,2,2,0,0,25-APR-026,PATIENCE,344
169312,"CURTAIN YARN DYED GROMET BROW EHAYD078BR",179,10,10,0,0,25-APR-026,GILBERT,500
167296,"GARLAND 2MX9CM",7.9,32,32,0,0,25-APR-026,DANIEL,XMAS
180296,"BEER MUG 2PCS SET ATENAS 0621CL2F1000212 10025939",69,2,10,-8,-552,25-APR-026,SOMUAH,415
179637,"CARPET 90X150CM GREY RUST PL WITF014490X150",369,1,1,0,0,26-APR-026,GAD,474
186896,"BATH MAT 39X71CM 336043 18806794166",65,23,23,0,0,26-APR-026,VINOLIA,443
192969,"CHOPPING BOARD 3PCS SET PLASTIC ZHN RR9800",59,23,23,0,0,25-APR-026,"PAUL OWUSU",353
191722,"MYBISCUIT BUTTER COOKIES BUTTER COOKIES 454G 12",106.99,10,25,-15,-1604.85,25-APR-026,DERRICK,96
191065,"OSSUM DEO ROLL ON CHERISH 50ML 48",20.99,21,32,-11,-230.89,25-APR-026,ELLA,35
49190,"POMO TOMATO PASTE  PILLOW PACK 380G   24",16.99,28,23,5,84.95,26-APR-026,CHRIS,60
204922,"CERAMIC BOWL WITH HANDLES 10INCHES CH06",29.9,10,10,0,0,25-APR-026,BLESSING,407
79156,"COLGATE MOUTHWASH PLAX ICY SOFT MINT 500ML 12",80.99,10,10,0,0,25-APR-026,"BOADI STEPHEN",53
82390,"BINATONE AVR 2KVA DVS2000",1159,1,7,-6,-6954,25-APR-026,DANIEL,257
64390,"TIC TAC  STRAWBERRY MIX 102GM 60",6.99,2,19,-17,-118.83,25-APR-026,ABIGAIL,155
X498,"MCVITIES SHORTBREAD 100G 24",24.99,47,46,1,24.99,26-APR-026,NTUMY,162
CL722,"BOWL FANCY TRANSPARENT 205CMX9CM",5.9,27,27,0,0,25-APR-026,NASHIBA,334
D711,"GEISHA MACKEREL 425G 24 12225",25.99,18,36,-18,-467.82,26-APR-026,"EMMANUEL MENSAH",124
90564,"LELE TUNA CHUNKS IN SOYA BEAN OIL  80G  48",15.19,39,42,-3,-45.57,26-APR-026,"EMMANUEL MENSAH",124
90565,"LELE TUNA FLAKES IN SOYA BEAN OIL 160G  24",18.99,46,48,-2,-37.98,26-APR-026,APPIAH,126
103405,"AKAI MICROWAVE OVEN 20L GRILL MW063A720MSMW072A",1399,1,3,-2,-2798,25-APR-026,DANIEL,263
127359,"PURDEYS  REJUVENATION GRAPE APPLE 330ML 12",25.49,17,13,4,101.96,25-APR-026,DELIGHT,85
125253,"SHINE JUMBO TOILET ROLL 1PC WRAPPED 12",28.99,18,17,1,28.99,26-APR-026,"ANANE KOJO",23
124141,"SCOURER METALLIC PAREX 3PCS SET 2107568",29.9,19,20,-1,-29.9,25-APR-026,"PAUL OWUSU",355
136135,"PEAR IMPORT TRAY 4 COUNT",44.99,3,2,1,44.99,25-APR-026,JIMOH,134
137486,"BUMBLE BABY WET WIPES BABY SCENTED 54 PCS  24",20.49,10,21,-11,-225.39,26-APR-026,WISE,40
142376,"UNIMITED GRILL PAN 26X26 CHN E2294074",449,2,2,0,0,25-APR-026,PHILEMON,358
157602,"COOL BREEZE AIR FRESHENER TROPICAL OCEAN 300ML  24",25.99,21,33,-12,-311.88,25-APR-026,ABASS,2
151752,"VACUUM SOUP JAR SS 600ML MKVF7026",99,12,13,-1,-99,25-APR-026,"MICHAEL BOYE",304
163202,"AMALFI SHAMPOO SPECIFIC ANTI DANDRUFF 500ML 15",24.49,1,2,-1,-24.49,26-APR-026,"PAUL OWUSU",38
167708,"SPORTS BOTTLE 700ML YY531 YWU",34.9,9,9,0,0,26-APR-026,GILBERT,311
179177,"FLUTE 32CM",12.9,1,1,0,0,25-APR-026,HANNAH,275
186967," HAPPY BIRTHDAY PLATES MIX DESIGN 20PCS SET",29,20,20,0,0,25-APR-026,HADASSAH,268
190014,"KENWOOD GAS COOKER 3B1H 60X60 GRI SS CGE60000SS",4199,1,1,0,0,25-APR-026,JUSTICE,184
203991,"TRAINERS PLANTAIN CHIPS KELEWELE KRUNCH 75G 24",18.99,27,30,-3,-56.97,25-APR-026,"EMMANUEL MENSAH",121
205675,"UNCLE T  MANGO JUICE BOTTLE 355ML 24",37.99,1,24,-23,-873.77,25-APR-026,EMMANUEL,135
79702,"GULLON SUGAR FREE ZERO VANILLA WAFER 180G 12",45.99,6,2,4,183.96,25-APR-026,DERRICK,96
X204,"PRIMA GLASS CLEANER 500ML 30",23.41,12,26,-14,-327.74,26-APR-026,ABIGAIL,6
90631,"CURTAIN ROD EXTANDABLE SIZE 110210CM 11009300MB",95,1,8,-7,-665,26-APR-026,FRANCIS,525
101851,"CELLO LUNCH BOX PLASTIC ENIGMA BIG",19.9,2,7,-5,-99.5,25-APR-026,"MICHAEL BOYE",305
135409,"DINNER PLATE 105 WHITE 105DPGGK RJK",16.9,14,14,0,0,25-APR-026,SOMUAH,412
148707,"POKER GAME 300PCS SET 255X205X95CM",349,3,3,0,0,25-APR-026,HERBERT,279
148848,"CUP CAKE STAND 3TIER GOLDSILVER",25,4,4,0,0,25-APR-026,"ALHASAN RANDY",383
149716,"CERAMIC BOWL WGOLD RIM 7 GGK BC7 RJK",9.9,84,85,-1,-9.9,26-APR-026,BLESSING,408
159892,"SUPER2 BISCUIT COOKIES CHOCOLATE 600G  24",64.99,20,28,-8,-519.92,25-APR-026,DORIS,97
166988,"THE WIND IN THE WILLOWS",20.9,6,3,3,62.7,26-APR-026,HERBERT,282
88165,"FONS ULTRA SERVIETTE TISSUE IPLY 100SHEETS  30",10.29,8,1,7,72.03,26-APR-026,"COLLINS HAMMOND",30
CL765,"CONTAINER SQUARE 1300ML 12CMX12CMX11CM",7.9,9,23,-14,-110.6,25-APR-026,NASHIBA,333
07960,"MEANNAN PEANUT PASTE  350ML  12",32.99,19,18,1,32.99,26-APR-026,"FELIX BOADU",65
101026,"CURTAIN POLYESTER 54X84 WHANGER DRXH180141",109,12,11,1,109,25-APR-026,ESINAM,483
107898,"ELTRUT CHICKEN SAMOSA 8PCS  380G 1",50.99,1,14,-13,-662.87,25-APR-026,EVELYN,140
115806,"DINNER PLATE MELAMINE 10 INCHES ZHN 038105",18.9,23,47,-24,-453.6,26-APR-026,BLESSING,407
128552,"LAUNDRY BASKET COLLAPSIBLE A202203 RK",29.9,1,12,-11,-328.9,25-APR-026,FRANCIS,527
120807,"JAMAA DETERGENT 420G  12",12.49,14,31,-17,-212.33,26-APR-026,ALVIN,17
134401,"HYSON ORGANIC TEA ROOIBOS 225G 24",43.99,12,21,-9,-395.91,26-APR-026,DANIEL,58
148007,"PAINTING FLOWER WALUMINUM ALLOY FRAME 50X50CM",209,2,8,-6,-1254,25-APR-026,SHADRACK,510
14480,"INDOMIE NOODLES SUPER PACK CHICKEN 120G 44",7.49,44,269,-225,-1685.25,26-APR-026,EMMANUEL,127
153248,"DINING SET 14 D01364",2490,1,1,0,0,25-APR-026,SHADRACK,510
152219,"DERBY SHAVING STICK SAMURAI 3 BLISTER X 3 12",31.99,1,7,-6,-191.94,25-APR-026,"BOADI STEPHEN",54
164183,"TOP CHOCO 3 IN 1 INSTANT MIX  POUCH  500G  6",49.99,11,15,-4,-199.96,25-APR-026,JIMOH,1
159695,"JUKI NUTS CHILI ROASTED CASHEWS 50G  30",17.99,16,15,1,17.99,26-APR-026,MAHAMA,119
176999," NONNA PASTA CASARECCE NO88 400G 20",22.99,11,11,0,0,25-APR-026,SOLOMON,74
178542,"SAIRO SHOWER GEL ROSE HIP  600ML 12",31.49,12,12,0,0,25-APR-026,"ANANE KOJO",21
185925,"STAEDTLER PERMANENT MARKER LUMOCOLOR 4PCS 350 WP4",75,3,3,0,0,26-APR-026,MARIAM,291
188871,"BATHMAT 50X80CM BM278 GREEN CP",59,5,5,0,0,25-APR-026,"SAMUEL ADDO",401
192218,"ALPENLIEBE CARAMEL STICKS 32G X 16 X 24",6.99,27,30,-3,-20.97,25-APR-026,"ABIGAIL YEVUGAH",157
202516,"MONTY MOON CHIPS STRAWBERRY 25G  50",2.99,1,61,-60,-179.4,26-APR-026,MAHAMA,119
69543,"PARIDOX NATURAL SKIN TONER GEL 450ML  20",44.99,7,20,-13,-584.87,26-APR-026,ALVIN,17
118149,"KING MATTRESS BED BATH 8475 ASHFOAM",2249,2,4,-2,-4498,25-APR-026,FRANCIS,527
129174,"RAID MULTIPURPOSE INSECT KILLER 750ML  12",82.99,15,15,0,0,26-APR-026,DANIEL,9
150632,"EDUCATION TOY MATCHING ANIMAL LX0429275",59,6,6,0,0,25-APR-026,HANNAH,273
160828,"WINDOW SHADE BLACKOUT ROLLER 452100X120CM",199,-10,3,-13,-2587,26-APR-026,"GERALD SACK ",478
159711,"MUNCHEE MILK SHORT CAKE BISCUITS 35G  72",1.99,82,95,-13,-25.87,26-APR-026,DERRICK,96
162318,"CAKE SERVER SS WOOD HANDLE ILC MC73083C RJK",19.9,1,1,0,0,25-APR-026,OWUSU,370
179513,"CUTLERY SET 39PCS WG241108 RJK",199,2,2,0,0,25-APR-026,OWUSU,371
192824,"MELAMINE PLATE 10INCH 22510",16.9,11,29,-18,-304.2,25-APR-026,REGINA,388
71136,"NESTLE COFFEE MATE ORIGINAL 500G 12",66.99,8,8,0,0,25-APR-026,DAVID,BRUNO
94277,"SWING CHAIR RATTAN WCUSHION BROWNLGREY FL10261",3090,1,1,0,0,25-APR-026,FRANCIS,523
97968,"SATNAM INSECT REPELLENT LAVENDER 1417GM  48",18.99,31,29,2,37.98,26-APR-026,"ADIATOR MOSES ",9
100504,"LONG MOUNTAIN NATURAL SWEET ROSE WINE 750ML 6",65.99,2,2,0,0,25-APR-026,APPIAH,113
109725,"CUTLERY HOLDER 385X150X180MM WBASKET SS KFB03A RK",14.9,9,14,-5,-74.5,25-APR-026,DANIEL,KITCHEN
117098,"KENWOOD MICROWAVEOVEN 25L GRILLDGT BLK MWM25000BK",2989,1,1,0,0,25-APR-026,WONDER,261
113811,"MCBERRY DEXTERS 32 BUTTER CREAM CRACKERS 30G  48",1.39,66,66,0,0,25-APR-026,DERRICK,96
151490,"SANTAY SHITO HOT CHILLI SAUCE 420ML 4",78.99,8,8,0,0,26-APR-026,GIFTY,63
149744,"CUTTING BOARD 2PCS SET G302KB0275102905 RJK",44.9,3,3,0,0,25-APR-026,"PAUL OWUSU",353
161538,"TV STAND 2DOORDRW 65 IMPAR 8870158",1899,1,1,0,0,25-APR-026,SHADRACK,510
16899,"PLATINUM MACKEREL IN TOMATO SAUCE 425G 24",22.99,8,18,-10,-229.9,26-APR-026,"EMMANUEL MENSAH",124
177710,"WESTINGHOUSE ALUMINUM PIZZA PEEL 12 WBKTPP003",269,4,5,-1,-269,25-APR-026,"ALHASAN RANDY",383
188511,"OHEMAA ANTISETPTIC 500ML 5",38.99,1,1,0,0,26-APR-026,QUEENCILLA,42
190655,"PLAY BLANKET PLAYPEN",429,1,1,0,0,25-APR-026,HANNAH,275
189445,"DISNEY KIDS CAR MYO 3D FIGURE XXL CA24316",49,10,10,0,0,25-APR-026,HERBERT,278
195602,"PRAN NOODLES BEEF FLAVOUR CUP  60G 24",15.99,8,33,-25,-399.75,25-APR-026,SOLOMON,75
N159,"KINGSBITE CHOCOLATE 100G 10TABSBOX  X 10 100",31.99,7,405,-398,-12732.02,25-APR-026,NTUMY,163
93300,"DZIRE STANDING FAN 18 SF18054",519,1,3,-2,-1038,26-APR-026,RICHMOND,253
93300,"DZIRE STANDING FAN 18 SF18054",519,1,3,-2,-1038,25-APR-026,AKAYIRI,207
101208,"WEIGHT LIFTING BELT VELCRO LPG1007",89,2,2,0,0,25-APR-026,"GEORGE PUPLAMPU",467
107856,"AMERICAN GOURMET ITALIAN DRESSING 237ML 12",42.99,16,15,1,42.99,25-APR-026,GLADYS,72
107994,"TABLE LAMP 55CM MEL5",279,6,7,-1,-279,25-APR-026,KWAFO,172
145750,"BASIN TRANSPARENT 3L PLASTIC M1342",19.9,5,5,0,0,25-APR-026,OTHNIEL,343
149738,"KNIFE STEAK BLACK 4 ILC IA850KD0015 RK",9.9,3,12,-9,-89.1,25-APR-026,"NANA KOJO",365
164220,"COFRUTOS PINEAPPLE BOTTLE JUICE 1L  6",48.99,4,4,0,0,25-APR-026,DORIS,99
159231,"DISPOSABLE PLASTIC FORK SET 12PCS",9,3,1,2,18,25-APR-026,"ARTHUR JONADAB ",26
172708,"ULKER METRO CHOCOLATE 50G  108",13.99,28,29,-1,-13.99,25-APR-026,ATITOGO,160
168913,"KIDS FISHING GAME KIDS OTE0664389",36.9,8,22,-14,-516.6,26-APR-026,HERBERT,279
180692,"SLOW REBOUND PILLOW 50X70CM 1200GM",139,2,9,-7,-973,25-APR-026,SHADRACK,512
185939,"STAEDTLER CALLIGRAPHY PEN DD END 12PC 3005 TB12 02",109,2,3,-1,-109,26-APR-026,MARIAM,291
18459,"FOUR SPECIAL SWEET RED WINE 750ML 6",60.99,30,35,-5,-304.95,26-APR-026,TITUS,21
194964,"LADLE SLOTTED TURNER SILICONE ZHN HR22PC6DS",12.9,20,37,-17,-219.3,25-APR-026,PATIENCE,347
191099,"FOGG FRAGRANCE BODY SPRAY MONARCH 120ML 72",52.99,18,51,-33,-1748.67,26-APR-026,ELLA,35
196747,"AKAI AIR FRYER 6L 1400W BLACK AF012A6001M",799,1,1,0,0,25-APR-026,"COLLINS HAMMOND",238
86916,"BRAGG APPLES CIDER VINEGAR 473ML  12",144.99,14,15,-1,-144.99,25-APR-026,SOLOMON,74
106000,"KRIS PERFUMED BODY LOTION COCOA BUTTER 200ML  36",10.49,22,28,-6,-62.94,26-APR-026,MABEL,36
107789,"GREENWORLD ECO CLEAN AFRESHNER LAVENDER 500ML 12",44.99,11,11,0,0,26-APR-026,ABASS,3
138728,"SANITA FT GIPSY 550 SHEET  24",18.49,24,35,-11,-203.39,25-APR-026,TITUS,21
130088,"DORITOS CHEESE SUPREME 145G  20",28.99,5,10,-5,-144.95,25-APR-026,"EMMANUEL MENSAH",121
16330,"TALL HORSE MERLOT 75CL 6",84.99,6,6,0,0,25-APR-026,APPIAH,111
161919,"JAR WRING LID LARGE 1000ML GLASS C00116",22.9,2,2,0,0,26-APR-026,SYLVIA,426
178162,"CARPET SHAGGY 160X230CM",1099,1,1,0,0,26-APR-026,GAD,474
199886,"PEACOCK GOLDEN SELLA BASMATI RICE 1KG  12",42.99,14,14,0,0,25-APR-026,GIDEON,68
46836,"COOKWARE 6PCS SET  MCA3522",349,1,1,0,0,25-APR-026,PATIENCE,344
86516,"INKUNIM FOODS HONEY 340G  12",42.99,14,15,-1,-42.99,26-APR-026,"PAUL OWUSU",64
D998,"BINE  BLEACH 5L  4",54.99,3,3,0,0,26-APR-026,"GIDEON GBLOGAH",12
05124,"AKAI LED LIGHT RECHARGEABLE LS006RA9100LS026A",299,9,9,0,0,25-APR-026,NYARKO,178
100796,"ZOMBA GREEN COCKTAIL 0 ALC 750ML 6",42.49,4,4,0,0,25-APR-026,"EDDIE MENSAH",106
105280,"CASIO ELECTRONIC CALCULATOR DJ120DPLUSWADPW",219,10,10,0,0,25-APR-026,NYARKO,177
108892,"MARILAN STRAWBERRY WAFER 80G  24",7.29,9,9,0,0,26-APR-026,"KINGSLEY OP",94
122452,"SOUP PLATE 8INCH CERAMIC P150078",4.9,9,9,0,0,25-APR-026,SOMUAH,411
157132,"PENDANT LIGHT GOLD 10163",579,1,2,-1,-579,25-APR-026,KWAFO,167
152144,"SINARLINE JUMBO PAD BLOCK COLOR WGLUE VISTA",28.99,30,4,26,753.74,26-APR-026,"JERUSHA ",289
176874,"WIRELESS REMOTE DOORBELL 704",79,29,54,-25,-1975,26-APR-026,RICHMOND,253
177949,"CHARACTER BUILDING SERIES 24PAGES 22X28CM",19.99,8,16,-8,-159.92,26-APR-026,HERBERT,283
187090,"SERVING TRAY WHANDLE 38X22X5CM ACRYLIC  9002",44.9,3,4,-1,-44.9,25-APR-026,OTHNIEL,340
193432,"FACTOPEDIA BOOKS 22X28CM",47.99,2,8,-6,-287.94,26-APR-026,HERBERT,283
29448,"BEAUTY SECRETS COCOA BUTTER SKIN MOIST 200ML  24",105.99,12,10,2,211.98,26-APR-026,MABEL,36
45407,"CDI ABSORBENT COTTON WOOL 200GMS X 50",28.99,9,7,2,57.98,26-APR-026,"JOSEPH PATRICK",39
24023,"VASELINE PJ BLUE SEAL ALOE VERA 250ML 36",51.99,9,54,-45,-2339.55,26-APR-026,LESTER,50
72798,"ENA PA MACKEREL IN TOMATO SAUCE EO 155G  50",11.99,14,57,-43,-515.57,26-APR-026,"EDDIE MENSAH",90
06582,"INFLUENTIAL PEOPLE AROUND THE WORLD BOOK EB0494",38.9,12,11,1,38.9,26-APR-026,HERBERT,283
102510,"MOMEASY PHYSIOLOGICAL PACIFIER FLOWS 45503",19.9,5,8,-3,-59.7,26-APR-026,AKAYIRI,267
108989,"PLATINUM JASMINE VIETNAMESE RICE 45KG  5",84.99,54,116,-62,-5269.38,26-APR-026,GIDEON,70
111387,"EARLY READERS FOR BEGINNERS W20TITLES ED780",11.9,48,46,2,23.8,25-APR-026,HERBERT,282
115538,"MINI PLANTER CERAMIC  IRON XWT272",75,2,2,0,0,26-APR-026,FRANCIS,524
133961,"DALGETY PURE MORINGA 100 NATURAL 40G  36",50.99,6,9,-3,-152.97,26-APR-026,DANIEL,58
131073,"ROMAR REFILL AIR FRESHENER PURE 250ML 6",48.99,4,8,-4,-195.96,26-APR-026,ABIGAIL,5
146234,"WINDOW SHADE YE3160X180 L BROWN",479,5,5,0,0,25-APR-026,"GERALD SACK ",479
148445,"MUG 350 ML CERAMIC DESINGER YWU",22.9,4,5,-1,-22.9,25-APR-026,"SAMUEL ADDO",398
145134,"DUSTBIN FIT IN BLKGRY 53L 33X33X73CM PP72005",249,0,3,-3,-747,25-APR-026,HAYFORD,455
156711,"TRIVET 20CM IRON YWU",12.9,6,6,0,0,25-APR-026,OWUSU,371
156981,"BATH MAT YELLOW 50X80CM BM786",47.9,4,1,3,143.7,25-APR-026,"SAMUEL ADDO",402
157221,"FRUTAS TREASURE FRESH GRAPE JUICE 100 JUICE 300ML",36.99,15,17,-2,-73.98,26-APR-026,DELIGHT,88
164170,"AKAI DRY IRON 1000W EI051A171S",159,25,25,0,0,25-APR-026,"KINGSLEY OP",220
175128,"PEGS 24PCS SET PLASTIC EVERPACK H338",7.9,51,18,33,260.7,25-APR-026,VINOLIA,439
180298,"CHAMPAGNE GLASS 3PCS SET 4640CL3F1000312 10026262",59,3,3,0,0,25-APR-026,"STEPHEN ACQUAH",420
181960,"KNIFE 6PCS SET SS STEEL MYQ9299",44.9,21,21,0,0,25-APR-026,NASHIBA,335
178559,"FLORA DIAPERS KIDS MINI S2   10",22.99,6,6,0,0,25-APR-026,QUEENCILLA,42
187382,"WESTINGHOUSE WATER BOTTLE WCHUG LID 32OZ WCBL0072",179,6,6,0,0,25-APR-026,"MICHAEL DADZIE",309
183597,"CERAMIC COUPE DINNER PLATE 10 24FDL009 RJK",19.9,21,21,0,0,26-APR-026,BLESSING,409
193451,"SOLO PAPER BOARD LEVER ARCH FILE LA501",65,25,34,-9,-585,25-APR-026,DANIEL,XMAS
198447,"DINNER PLATE SQ 10INCH CERAMIC EMBOSSED YWU",36.9,17,17,0,0,26-APR-026,BLESSING,408
200702,"COOKING TOOLS 12PCS SET NYLON ZHN  121",69,12,12,0,0,25-APR-026,PHILEMON,357
35804,"ROYAL DADDY WHITE SUGAR 1KG 20",35.99,23,24,-1,-35.99,25-APR-026,"EMMANUEL MENSAH",123
37232,"SHINE ALUMINIUM FOIL 150X45  6",259.99,9,9,0,0,26-APR-026,"ARTHUR JONADAB",27
204935,"MUGS CERAMIC PATTERNED 16OZ MB425",14.9,22,35,-13,-193.7,25-APR-026,"SAMUEL ADDO",398
84872,"PAINTING W FRAME 36X46CM FLOWER DESIGN",89,4,4,0,0,25-APR-026,GAD,472
88925,"AKAI CEILING FAN 56 EF085AC5662WG",449,2,1,1,449,25-APR-026,AKAYIRI,207
71239,"COOL BREEZE MEMBRANE AIR FRESHNER FBREEZE 8ML  12",22.99,38,41,-3,-68.97,26-APR-026,ABASS,3
90629,"CURTAIN ROD EXTANDABLE SIZE 110210CM 11062210MB",75,1,1,0,0,26-APR-026,GAD,474
94163,"SATNAM PERFUMED INSECT REPELLANT LEMON 1417GMS",18.99,29,32,-3,-56.97,26-APR-026,"ADIATOR MOSES ",9
94959,"DR MIGHTY WC POWER BALLS BELLFLOWER  5 IN 1 24",24.99,11,16,-5,-124.95,25-APR-026,ABASS,3
97630,"STORAGE RACK WWHEELS 3LAYER 48X33X72CM PLA7041 YWU",199,1,1,0,0,25-APR-026,"PAUL OWUSU",354
95676,"SEPTOL ANTISEPTIC DISINFECTANT 500ML  12",46.99,13,13,0,0,26-APR-026,QUEENCILLA,42
100986,"CURTAIN POLYESTER 52X84 WHANGER DRTH159",159,11,11,0,0,25-APR-026,ESINAM,487
125870,"POPIZZ SPARKLING DRINK PINK 750ML  6",49.99,12,12,0,0,25-APR-026,"EDDIE MENSAH",106
126207,"AIRPRO HANGIN BOTTLE AFRESHNER SAVSAUV 10ML  12",35.99,14,14,0,0,25-APR-026,ABASS,3
132594,"SHREDDED PAPER POSTER 30G E",10.9,60,60,0,0,25-APR-026,JUSTICE,270
157027,"CURTAIN GROMMET TAUPE 55X90 EHRY6910TA",189,1,1,0,0,25-APR-026,ESINAM,486
157541,"AKO COOKIES 56G  72",4.99,30,28,2,9.98,26-APR-026,JIMOH,1
162664,"SERVING BOWL MELAMINE 9 INCHES FEILU 722096",14.9,44,71,-27,-402.3,25-APR-026,SOMUAH,412
175387,"MUNCHEE MORNING DELIGHT CREAL BISCUIT 22G  72",1.49,15,16,-1,-1.49,25-APR-026,DERRICK,96
167641,"DELTA KETCHUP NATURAL 450G 12",23.99,7,7,0,0,26-APR-026,GIDEON,72
178132,"CAKE CUPS 9CM 100PCS SET YWU",4.9,1,2,-1,-4.9,25-APR-026,"ALHASAN RANDY",383
178204,"BALLOON SET WSTAND ASSTD COL YW",28.99,1,1,0,0,25-APR-026,HADASSAH,269
176430,"KIDS PISTOL TOY WRING CUP",28.99,1,2,-1,-28.99,25-APR-026,HADASSAH,266
179170,"BOUTIQUE DICE  6PCS 18CM",8.9,13,13,0,0,25-APR-026,"GEORGE PUPLAMPU",467
186088,"WHISKEY GLASS SET 6PCS 330ML CLEAR P4131B6 RJK",59,5,10,-5,-295,25-APR-026,SOMUAH,416
185871,"STAEDTLER PENCIL PASTEL LUMOGRAPH 100PSBK6 02",95,8,8,0,0,25-APR-026,MARIAM,291
183180,"GLADE AUTO SPRAY 3IN1 LAVVANI PRIMARY 269ML 4",205.99,8,8,0,0,26-APR-026,ABASS,4
183526,"ENA PA SWEETENED CONDENSED MILK 1KG  24",34.99,4,19,-15,-524.85,26-APR-026,JIMOH,1
185199,"SOFT  GENTLE ROLL ON MAGNOLIA HUG 50ML 6",25.99,5,4,1,25.99,26-APR-026,ELLA,36
191975,"DINNER SPOON 42G1155 ZHN",23.9,15,16,-1,-23.9,25-APR-026,OWUSU,370
36359,"DEVA LUX LIQUID HAND STAWBERRY SOAP 350ML 24",18.99,9,23,-14,-265.86,26-APR-026,QUEENCILLA,42
84701,"BIRTHDAY CROWN FOR GIRLS",14.99,1,1,0,0,26-APR-026,HADASSAH,269
81503,"DOLAIT APRICOT YOGHURT 125G 10",9.99,1,1,0,0,25-APR-026,DANIEL,XMAS
64853,"DISQUETI MINI CHOCOLATE LENTILS  4X16X60G",18.99,17,17,0,0,25-APR-026,"FELIX BOADU",154
91968,"BUDWEISER LAGER BEER BOTTLE  330ML   24",23.99,2,43,-41,-983.59,25-APR-026,EMMANUEL,135
100739,"CLEANING DUSTER 90M POLYESTER SSTEEL YWU",39.9,17,24,-7,-279.3,25-APR-026,DANIEL,XMAS
105801,"DILMAH JASMIN GREEN TEA 20TB 30G 12",23.99,17,10,7,167.93,25-APR-026,AKORFA,59
118067,"COOKWARE SET 6PCS",99,1,1,0,0,25-APR-026,"PAUL OWUSU",351
115349,"LA SALUD  ALOE DERMO DISHWASHING LIQUID 750ML 12",29.99,19,19,0,0,25-APR-026,JIMOH,1
122365,"SERVING TRAY MELAMINE 13 INCHES ZHN 8022",22.9,41,41,0,0,25-APR-026,ROBIN,392
163199,"AMALFI BABY BODY LOTION ALOE VERA 750ML 16",28.99,4,12,-8,-231.92,26-APR-026,JIMOH,1
159890,"SUPER2 BISCUITS COOKIES LEMON 600G  24",66.49,13,13,0,0,25-APR-026,DORIS,97
162287,"PEELER SS WWOODEN HANDLE MC73022 RJK",9.9,11,11,0,0,25-APR-026,OWUSU,370
160264,"MULTIPURPOSE BOWL GLASS 3100ML PYREX 181B0008046",89,6,6,0,0,26-APR-026,SYLVIA,428
159061,"TOILET BRUSH PP M1590 RJK",39.9,5,5,0,0,25-APR-026,VICTORIA,437
162645,"SERVING BOWL MELAMINE 9 INCHES FEILU 1379",17.9,54,55,-1,-17.9,26-APR-026,"SAMUEL ADDO",404
174190,"PAPER BAG LANDSCAPE 32X42X115CM KR12741L14",19.9,12,12,0,0,25-APR-026,MARYLAND,301
169396,"MOGU MOGU MANGO DRINK 320ML 24",29.99,29,52,-23,-689.77,26-APR-026,PATIENCE,84
180262,"SOUP SPOON PEAR WOOD HANDLE AA2132",34.9,13,42,-29,-1012.1,26-APR-026,PATIENCE,349
182384,"PORTABLE  FOLDABLE BBQ GRILL CG1",199,5,8,-3,-597,25-APR-026,QUEENCILLA,379
179237,"ACRYLIC SIGN HOLDER 148X21CM A5",21.99,9,7,2,43.98,26-APR-026,"JERUSHA ",288
187300,"CURTAIN ROD MATT BLACK 3BRAKET 160300CM M16300MB",99,9,9,0,0,26-APR-026,GAD,474
183269,"WHISKEY 6PCS SET 325ML BARLEY PJ 191101 RJK",49.9,4,4,0,0,26-APR-026,SOMUAH,417
194966,"LADLE SLOTTED TURNER SILICONE ZHN HR22PC16DS",8.9,49,49,0,0,25-APR-026,PATIENCE,347
82385,"BINATONE INDUSTRIAL STANDING FAN 30 HDF3020",2269,4,4,0,0,25-APR-026,AKAYIRI,207
83055,"HARIBO TANGFASTICS 140G154G  12",29.99,8,10,-2,-59.98,25-APR-026,ABIGAIL,156
65155,"LORENZ CRUNCHIPS CHEESONION 100GMS 12",22.99,11,11,0,0,25-APR-026,"FELIX BOADU",153
67737,"MALTA GUINNESS PET 330ML  12",11.49,300,394,-94,-1080.06,26-APR-026,DANIEL,165
X815,"PRIMA MULTIPURPOSE CLEANER 45L 6",79.99,1,4,-3,-239.97,26-APR-026,"ADIATOR MOSES ",8
X889,"DETTOL ANTISEPTIC LIQUID ORIGINAL 250ML  36",44.99,20,40,-20,-899.8,26-APR-026,QUEENCILLA,42
109225,"CONTAINER SET 3PC 1350ML PLASTIC TWISTER 9432X3WS",44.9,3,8,-5,-224.5,25-APR-026,"NANA ADJEI ",327
119337,"KERRYGOLD RED CHEDDAR 200G  12",59.99,17,19,-2,-119.98,26-APR-026,EMMANUEL,136
111292,"DOLAIT NATURE YOGHURT 70G 10",4.99,2,7,-5,-24.95,25-APR-026,DANIEL,XMAS
129142,"TOY DIY PAINTING KIDZ HD2615",24.9,8,8,0,0,26-APR-026,GIDEON,294
146652,"PLANTER 19X85X9CM 2329",109,9,9,0,0,25-APR-026,HAYFORD,460
148532,"ARTIFICIAL PLANT 90CM",679,1,3,-2,-1358,25-APR-026,WISE,446
148689,"DRY FLOWER SET 120130G",75,28,28,0,0,26-APR-026,HAYFORD,461
140718,"FAIRY TALES UNCLE MOONS 46X30X15CMS",14.99,18,22,-4,-59.96,25-APR-026,HERBERT,282
143186,"RING PEELER 7  LEEZAMASTERCHEF PL15",2.9,34,34,0,0,25-APR-026,"NANA KOJO",365
157483,"WHOLE GARLIC 200G PACK TGO",15.49,12,14,-2,-30.98,25-APR-026,JIMOH,134
151385,"STUFFED TOYS ASSORTED 2025CM",43.99,14,13,1,43.99,25-APR-026,HANNAH,276
164617,"KITCHEN ORGAZINER RACK METAL 134",49.9,14,15,-1,-49.9,25-APR-026,DANIEL,KITCHEN
161122,"BIN SET WFLAT LID MATT FINISH RND 7L STEP AAB07 RK",119,3,4,-1,-119,26-APR-026,WISE,452
181959,"RAINBOW CONTAINER 5PCS SET PRINCE 51375",29.9,17,21,-4,-119.6,25-APR-026,NASHIBA,332
180227,"PRINCESS HAND SOAP ANTIBACTERIAL ROSE 500ML  4",22.99,13,17,-4,-91.96,25-APR-026,BISMARCK,43
185285,"ONGA CHICKEN SEASONING  20  10  10G  24",11.49,24,11,13,149.37,25-APR-026,GIDEON,67
194615,"MIGLIO FULL CREAM UHT MILK 1L 12",31.99,77,94,-17,-543.83,25-APR-026,AKORFA,56
192926,"MIGLIO SMOKED CHICKEN FRANKS 340G X 32",19.99,135,428,-293,-5857.07,25-APR-026,EVELYN,142
188950,"AKAI KETTLE 18L 1800W SS EK041A1812",239,5,5,0,0,25-APR-026,WONDER,246
39483,"PEPSODENT CAVITY FIGHTER  TOOTHPASTE 175G 72",20.99,68,156,-88,-1847.12,25-APR-026,"BOADI STEPHEN",54
66915,"SAPOLIO RADIUM CHLORINE SCOURING POWDER  300G  36",14.99,28,28,0,0,25-APR-026,"ADIATOR MOSES ",8
55252,"SHINE GREASEPROOF PAPER 50 X30 6",74.99,7,7,0,0,25-APR-026,"ARTHUR JONADAB",27
CL724,"SWING BIN 40LTR 38CMX38CMX68CM",119,0,1,-1,-119,25-APR-026,HAYFORD,455
109725,"CUTLERY HOLDER 385X150X180MM WBASKET SS KFB03A RK",14.9,5,14,-9,-134.1,25-APR-026,"NANA KOJO",362
120273,"MARILAN CLASSIC MILK BISCUITS 350G  24",19.99,22,34,-12,-239.88,26-APR-026,"KINGSLEY OP",94
124870,"LUNCH BOX 400ML PLASTIC SSPD AP9081",9.9,2,1,1,9.9,25-APR-026,"MICHAEL BOYE",306
126681,"WALL CLOCK SAKURA 278X278X41 2951",65,8,9,-1,-65,25-APR-026,"GAD ",471
135322,"FEEDING BOTTLE WHANDLE 8OZ 44761",42.9,9,9,0,0,25-APR-026,HADASSAH,267
135744,"SAMYANG CHICKEN RAMEN EXTREME BAG 140G 40",21.99,20,-14,34,747.66,25-APR-026,SOLOMON,75
141051,"BOWL 3PCS SET WLID CERAMIC GYC891001",219,9,4,5,1095,26-APR-026,VICTORIA,432
149426,"WHITE HILLS RESERVE WHISKY 1L 12",89.99,6,8,-2,-179.98,26-APR-026,MAHAMA,118
150447,"CURTAIN W8 GROMENT GOLD 54X90 BLK11",109,1,1,0,0,25-APR-026,ESINAM,483
179634,"CARPET 140X200CM IVORY PL WITF1446140X200",999,1,1,0,0,25-APR-026,"GIDEON GBLOGAH",508
178674,"BATHROOM SET 180X180CM 01BS0230",89,3,3,0,0,25-APR-026,VICTORIA,435
187078,"GOLDMAN PARANI GARI MIX 650G  6",63.99,3,3,0,0,25-APR-026,"FELIX BOADU",66
185134,"ST IVES LOTION RENEWING COLLAGENELAST 400ML PK12",77.49,5,4,1,77.49,25-APR-026,"BENEDICT ABBEY",37
193430,"INVENTORS AND DREAMERS ACTIVITY BOOK 22X28CM",43.99,3,4,-1,-43.99,26-APR-026,HERBERT,283
200317,"HH BEEF LUNCHEON MEAT 340G  24",43.99,22,22,0,0,26-APR-026,APPIAH,126
91236,"SAIRO BATHSHOWER GEL PAPAYASENSATION 750ML 8",51.99,3,3,0,0,25-APR-026,"ANANE KOJO",22
97693,"LA SALUD DEGREASER HOUSEHOLD CLEANER 15L  8",41.99,10,10,0,0,25-APR-026,"ADIATOR MOSES ",7
03068,"TOLSEN FIBREGLASS MEASURING TAPE 35022",69,1,1,0,0,26-APR-026,RICHMOND,253
100991,"CURTAIN POLYESTER 52X84 WHANGER DRTH288",149,6,6,0,0,25-APR-026,GLADYS,503
101759,"EL OLIVERAL POMACE EXTRA VIRGIN OLIVE OIL 500ML12",119.99,3,3,0,0,26-APR-026,"NANA ADJEI",48
101865,"FRIDGE BOTTLE 1000ML SQUARE H2O",34.9,18,17,1,34.9,26-APR-026,GILBERT,311
119647,"MUTLU SPIRALLI 400G  20",12.99,10,3,7,90.93,25-APR-026,SOLOMON,74
126218,"AIRPRO AIRFRESHNER ORGANIC CAN COCOCOLADA 42G  144",38.99,66,83,-17,-662.83,26-APR-026,ABIGAIL,5
128884,"STRIP FOLDER 12PCS414L SPECTRUM C 7MM 264956ELP",2.9,18,5,13,37.7,25-APR-026,MARIAM,290
124654,"AMALFI MOUTHWASH TOTAL WHITE  500ML  16",22.99,7,6,1,22.99,26-APR-026,"BOADI STEPHEN",53
124697,"CAREX MEDICATED SOAP COCOA BUTTER 100G   36",10.49,17,17,0,0,26-APR-026,ALVIN,18
122993,"BINATONE STEAM IRON 2200W SI 2225",439,2,2,0,0,25-APR-026,"KINGSLEY OP",218
137700,"OUTDOOR PLAYGROUND SLIDE WD113002",1999,1,2,-1,-1999,25-APR-026,DANIEL,XMAS
135070,"DECAKILA KETTLE 17L 2200W PLASTIC KEKT027W",149,14,14,0,0,25-APR-026,WONDER,247
141405,"BOWL WOUTSIDE FITTING PP LID GERMAN 3P SET 55028",49.9,4,4,0,0,26-APR-026,NIBOI,317
160503,"BABY CHAIR WFOOT REST BLUEPINK 75X64X101CM BC2",539,1,2,-1,-539,25-APR-026,HADASSAH,266
171280,"OFFICE CHAIR MEDUIM BACK MESH HT505B",1249,1,1,0,0,26-APR-026,SHADRACK,521
167004,"FIRST FLASH CARD WDISPLAY STAND 9TITLES",24.9,2,113,-111,-2763.9,25-APR-026,JERUSHA,287
177709,"WESTINGHOUSE ROUND PIZZA PEEL 10 WBKTPP001",119,4,6,-2,-238,25-APR-026,"ALHASAN RANDY",383
188193,"STUDENT DESK WCHAIR 700X500MM ZAD 112",1099,1,1,0,0,25-APR-026,FRANCIS,527
193260,"BLIZZ GOLD BALL PEN BLACK 2640212BOX",2.99,2,12,-10,-29.9,26-APR-026,GIDEON,294
194076,"PUZZLE 3D SCENE WOODEN WP3DP",65,20,20,0,0,25-APR-026,HERBERT,279
192234,"TABLE LAMP GOLD L009",229,1,1,0,0,25-APR-026,KWAFO,172
31533,"MAJICK PERFUMED 6PACK TOILET BLOCKS 378G  8",104.99,3,3,0,0,25-APR-026,ABASS,3
205505,"UNCLE T 3X EXTRA GINSENG DRINK 207ML 24",39.99,9,24,-15,-599.85,25-APR-026,EMMANUEL,135
85698,"AKAI LED LIGHT RECHARGEABLE LS024A1032LS030A",259,5,5,0,0,25-APR-026,NYARKO,178
96114,"NIVEA LIP BALM ORIGINAL CARE 48G  12",37.99,8,22,-14,-531.86,26-APR-026,ATITOGO,160
90636,"CURTAIN ROD EXTANDABLE SIZE 210300 11051300DG",95,9,9,0,0,26-APR-026,GAD,474
96434,"MILO ALL IN ONE NUTRIMIX 37G 10PCS X 20",44.99,43,45,-2,-89.98,25-APR-026,DAVID,BRUNO
99166,"DOPPIO CHOCOLATE BISCUIT CHOCOLATE 19G  48",3.09,17,27,-10,-30.9,25-APR-026,"ABIGAIL YEVUGAH",157
92310,"AMERICAN GOURMET COCONUT MILK 400ML 24",26.99,16,15,1,26.99,26-APR-026,"NANA ADJEI",81
100341,"GAS PIPE 3YDS WCLIPS",59,4,9,-5,-295,25-APR-026,DANIEL,258
104519,"MJS SOY SAUCE 1L  12",50.99,6,16,-10,-509.9,26-APR-026,TITUS,21
106481,"LG WASHING MACHINE FL 105KG7KG WD F4V5RGP2T",18489,1,1,0,0,25-APR-026,AKAYIRI,203
108821,"YAMAMA SAUCE TOMATO PASTE 320G  12",26.99,3,3,0,0,25-APR-026,GLADYS,72
11254,"SIR EDWARDS 1L 6",209.99,9,9,0,0,25-APR-026,MAHAMA,118
122734,"UNIMAX TRIO BALLPEN GREEN 10MM FBTIOGN23",3.99,1,37,-36,-143.64,26-APR-026,"ABIGAIL YEVUGAH",158
132383,"GIFT WRAP PAPER 2PCS 70X100CM LXX3122",10.99,8,8,0,0,26-APR-026,AKORFA,55
140977,"KIKI SUPASTAR MULTIFRUIT DRINK 250ML 24",4.19,24,24,0,0,26-APR-026,"PAUL OWUSU",84
140596,"NIVEA ROLLON PEARL  BEAUTY 50ML  30",37.99,93,85,8,303.92,26-APR-026,WONDER,36
153241,"EASY DRINK BLUEBERRY RTD COCKTAIL DRINK 500ML 12",37.99,5,17,-12,-455.88,25-APR-026,EMMANUEL,135
150584,"GINO MAGIC PEPPE  ONION 200G  24",10.99,22,16,6,65.94,26-APR-026,CHRIS,60
166371,"COLANDER WSIDE HANDLES 375CM SSTEEL XY2309",69,13,23,-10,-690,25-APR-026,"PAUL OWUSU",351
162807,"NASCO LED TV 32 SAT NASJ32FBFLB32FBFL",1619,4,4,0,0,25-APR-026,LESTER,250
159601,"GALAXY PLUS CONCEPT SPRAY XO INTENSE 200ML 12",31.99,3,3,0,0,26-APR-026,ELLA,35
161834,"RED GRAPE JUICE 250ML",34.99,2,2,0,0,25-APR-026,JIMOH,134
186910,"FOOD CONTAINER 4PCS SET PLASTIC 9860B YWU",139,9,9,0,0,25-APR-026,"NANA ADJEI",329
183512,"WATER BOTTLE SQUEEZE DRINK PLASTIC 1000ML TPX 9054",19.9,18,18,0,0,26-APR-026,GILBERT,311
189598,"DOVE SPRAY MENCARE MINERAL AND SAGE 250ML24",44.99,59,60,-1,-44.99,25-APR-026,ELLA,34
191676,"SARA CHICKEN COCKTAIL SAUSAGE 405G  24",20.49,25,25,0,0,26-APR-026,"EMMANUEL MENSAH",124
188856,"BATHMAT 50X80CM BM102 ORANGE CP",59,10,10,0,0,25-APR-026,"SAMUEL ADDO",402
191082,"FOGG SCENT EDP TYCOON 30ML 72",46.99,34,36,-2,-93.98,25-APR-026,ELLA,33
202577,"FROSTED OBLIQUE BOWL 9 C60875M",14.9,50,50,0,0,25-APR-026,QUEENCILLA,379
87613,"ALIFE LUXURY  SOAP DELICATE COCONUT 100G    40",4.99,12,14,-2,-9.98,25-APR-026,"ANANE KOJO",20
81309,"PAVOLLI FRUTA BAG 750G   10",99.99,15,17,-2,-199.98,26-APR-026,"EDDIE MENSAH",90
88561,"EVP PARTY TIME PLASTIC ROUND BOWL 10X 20  26",32.99,20,20,0,0,26-APR-026,DORIS,24
50883,"KISS CIDER CHERRY  500ML  24",25.99,48,51,-3,-77.97,25-APR-026,"EDDIE MENSAH",105
66604,"ALEDA BODY SPRAY FIRST CLASS MEN 200ML  48",37.99,9,9,0,0,26-APR-026,ELLA,35
62809,"SERVING BOWL MELAMINE 8 INCHES ZHN C0458",16.9,21,21,0,0,25-APR-026,REGINA,387
02224,"DOMESTOS ORIGINAL BLEACH  750 ML 9",32.99,6,6,0,0,26-APR-026,"GIDEON GBLOGAH",12
127697,"CUP AND SAUCER 8PCS SET 350ML CERAMIC GGK",119,8,8,0,0,26-APR-026,"SAMUEL ADDO",403
121321,"VARTA  BATTERY AAAA BLISTER 2",42,9,9,0,0,25-APR-026,NTUMY,161
148855,"BACKPACK KIDS MIX COLOR 27X22X9CM",89,12,12,0,0,25-APR-026,MORGAN,324
164301,"DECAKILA RICE COOKER 18L 700W KEER034W",389,1,3,-2,-778,25-APR-026,"COLLINS HAMMOND",237
164929,"KIDS RIDEON CAR RACING ELECTRIC WHITE JE1299",3199,1,1,0,0,26-APR-026,MARIAM,293
160099,"YBY PREMIUM SPARKLING ROSE DRY ALC WINE 750ML 6",124.99,8,8,0,0,25-APR-026,APPIAH,111
173699,"KIVO 4 IN 1 GARI SOAKING MIX 125G 40",4.99,50,69,-19,-94.81,25-APR-026,"FELIX BOADU",66
168704,"CAMRY ELECTRONIC KITCHEN SCALE LCD EK4350 RJK",159,6,8,-2,-318,25-APR-026,"ALHASSAN RANDY",381
179985,"CURTAIN YD PL GROMT SLBL 54X90 24EHM003",169,6,6,0,0,25-APR-026,GLADYS,502
186387,"FINI SOUR LITTLE MIX PACK 165G 16",41.99,8,10,-2,-83.98,25-APR-026,"ABIGAIL YEVUGAH",157
186719,"COOKWARE SET 7PCS SSTEEL HROLAND HR1771",649,1,2,-1,-649,25-APR-026,"PAUL OWUSU",355
184162,"AKAI CHEST FREEZER SD 96L SILVER CF085AC96L",2399,1,1,0,0,25-APR-026,AKAYIRI,205
188864,"BATHMAT 50X80CM BM269 BEIGE CP",59,9,10,-1,-59,25-APR-026,"SAMUEL ADDO",400
191047," OSSUM ULTRA M  BODY LOTION COCOA BUTTER 400ML 24",50.99,7,7,0,0,25-APR-026,"BENEDICT ABBEY",37
192198,"MOGU MOGU GRAPE DRINK 320ML 24",29.99,31,50,-19,-569.81,26-APR-026,PATIENCE,84
44417,"DINNER PLATE MELAMINE 10 INCHES ZHN G3300610",19.9,42,68,-26,-517.4,25-APR-026,REGINA,389
39768,"KALYON KITCHEN CLEANER  750ML 12",37.99,7,19,-12,-455.88,25-APR-026,ABIGAIL,6
48241,"DELTA JOY MULTIPURPOSE  TOWEL 250SHEET 21CM 12",21.99,12,12,0,0,26-APR-026,TITUS,21
80162,"TISSUE HOLDER SUCTION R5080 RJK",79,1,5,-4,-316,25-APR-026,VINOLIA,441
81328,"TASTY TOM TOMATO MIX SACHET 200G  24",10.99,24,30,-6,-65.94,26-APR-026,EMMANUEL,127
64104,"DOLAIT STRAWBERRY DRINKING YOGHURT 200ML 10",9.99,1,1,0,0,25-APR-026,DANIEL,XMAS
59829,"PALMOLIVE SG AROMA SENSATON MINERAL SCRUB 500ML 12",77.99,9,9,0,0,25-APR-026,"ANANE KOJO",22
D724,"GRAN VEGA WINE WHITE 750ML 6",79.99,5,4,1,79.99,25-APR-026,APPIAH,113
95670,"AMALFI  HAND SOAP  SPA 500ML  12",25.99,7,7,0,0,25-APR-026,BISMARCK,43
107857,"MATA NATURAL HONEY 400G  12",44.99,13,14,-1,-44.99,26-APR-026,"PAUL OWUSU",64
113289,"WALL LIGHT GLASSSILVER WDRAFT DESIGN 1908",59,1,1,0,0,25-APR-026,KWAFO,167
125284,"DZIRE TV BRACKET FULL MOTION 2650 TB2650FU43P",189,8,8,0,0,25-APR-026,JUSTICE,190
123169,"OCEANBEER GLASS SET 6PC 545ML IMPE 3R0021906G0001",199,4,4,0,0,25-APR-026,"STEPHEN ACQUAH",422
135096,"SIDE TABLE BLACK MARBLE",449,1,1,0,0,26-APR-026,FRANCIS,525
152553,"BLUE DIAMOND ALMOND  OAT MILK GLUTEN FREE 1L 6",85.99,10,10,0,0,25-APR-026,CHRIS,61
164084,"DIVIDED CONTAINER AIRTIGHT PLASTIC 161575012",34.9,15,15,0,0,26-APR-026,NIBOI,317
161498,"CURTAIN FOILED 54X90 PURPLE",139,9,9,0,0,25-APR-026,GILBERT,500
160296,"PYREX ROASTER OVAL GLASS 31L 346B0007646",89,3,3,0,0,26-APR-026,SYLVIA,428
171349,"BELPAK TOILET ROLL DELUXE 3PLY  6",40.99,0,10,-10,-409.9,25-APR-026,BISMARCK,43
167925,"BATHMAT SET 3PCS MEMORY FOAM 50X80CM 4COLOUR",149,1,1,0,0,25-APR-026,"SAMUEL ADDO",399
169023,"TWISCO ENERGY FOOD DRINK TIN 400G  12",52.99,15,15,0,0,25-APR-026,"DAVID BRUNO",80
179434,"FOUNTAIN 16X16X19CM 1244645L",199,1,1,0,0,25-APR-026,HAYFORD,457
181534,"WESTINGHOUSE LED TV 43 SMART WD43FAIPSC1",3499,1,1,0,0,25-APR-026,"KINGSLEY OP",215
181810,"PARTY BALLOON WPUMP 100PCS",69,1,1,0,0,25-APR-026,HADASSAH,269
192968,"CHOPPING BOARD SSTEEL ZHN C111",89,20,16,4,356,25-APR-026,"PAUL OWUSU",354
200306,"HH HOT DOG 10 SAUSAGES 425G 24",26.99,23,23,0,0,26-APR-026,"EMMANUEL MENSAH",124
199226,"KISS CIDER  PEACH VANILLA 500ML 24",25.99,7,6,1,25.99,25-APR-026,"EDDIE MENSAH",105
81253,"BIFA DADEY SANDWICH BISCUIT 216G  12",33.99,12,13,-1,-33.99,25-APR-026,DORIS,97
94242,"MADAR DETERGENT POWDER 800G   10",31.49,10,27,-17,-535.33,26-APR-026,TITUS,21
92382,"KAMILA CHOCO GOLD 120G  12",42.99,10,17,-7,-300.93,26-APR-026,NASHIBA,89
04142,"SHINE FACIAL TISSUE  200PK  10",17.49,9,9,0,0,25-APR-026,ELLA,31
125275,"AIRPRO MINI CLIP AREFRSHNER BLOSSOM 25ML 6",20.49,18,24,-6,-122.94,25-APR-026,ABASS,3
128943,"TAPE DISPENSER S03 ASSORTED 281137",22.9,14,14,0,0,26-APR-026,GILBERT,294
137489,"BUMBLE BABY WET WIPES 54PCS BABY SCENTED   6",64.99,3,11,-8,-519.92,26-APR-026,WISE,40
130955,"SHOWER SET 1500MM SSTEEL ABS YWU",32.9,3,3,0,0,25-APR-026,VINOLIA,441
146368,"UNIMAX JOYMATE RED PEN FBJYMRD09",1.99,29,1,28,55.72,26-APR-026,ATITOGO,160
14722,"EASY MOUZOO MANGO JUICE GLASS BOTTLE 250ML 24",10.99,4,7,-3,-32.97,26-APR-026,KWAFO,83
149364,"MONT NATURAL MINERAL WATER 500ML 15",1.99,315,345,-30,-59.7,25-APR-026,EZEKIEL,148
161897,"FLOWER POT 9X86CM HY10373",22.9,41,41,0,0,25-APR-026,HAYFORD,459
175199,"SEARA GARDEN PEAS 800G 14",49.99,30,29,1,49.99,26-APR-026,EVELYN,143
168917,"BABY WALKER WMUSICLIGHT 6067039",499,4,5,-1,-499,25-APR-026,HANNAH,274
169499,"CUSHION EMBROIDERY 380G FILLING 45X45CM EHAMK005",149,1,8,-7,-1043,25-APR-026,SHADRACK,516
180290,"BEER GLASS 3PCS PILSNER 0055CL3F1000316 10025074",58.6,13,14,-1,-58.6,25-APR-026,"STEPHEN ACQUAH",421
186088,"WHISKEY GLASS SET 6PCS 330ML CLEAR P4131B6 RJK",59,6,10,-4,-236,26-APR-026,SOMUAH,416
184358,"CHAMPAGNE BUCKET 22CM SS 61070131",44.9,6,7,-1,-44.9,25-APR-026,"PAUL OWUSU",350
192570,"GIFT BAG 30X415X12 9108",12.99,15,15,0,0,25-APR-026,MARYLAND,301
193420,"OUTDOOR BROOM 16004 HAND GBB",29.9,8,4,4,119.6,25-APR-026,VINOLIA,440
191101,"FOGG FRAGRANCE BODY SPRAY VICTOR 120ML 72",52.99,47,64,-17,-900.83,25-APR-026,ELLA,33
197759,"DINNER PLATE 10INCHES CERAMIC WHITE SQ 010W",12.9,30,30,0,0,25-APR-026,BLESSING,407
197844,"HEADPHONES BLUETOOTH TOY STORYBUZZ DY9955BU",169,1,2,-1,-169,25-APR-026,NYARKO,177
34417,"DEEMAH DIGESTIVE BISCUITS 340G  24",38.99,7,7,0,0,25-APR-026,DORIS,98
27632,"SILBEST CREAMY YOGHURT WITH WHEAT 330ML 1",19.99,6,14,-8,-159.92,25-APR-026,DANIEL,XMAS
35645,"PRAN FROOTO MANGO JUICE 500 ML 24",12.99,14,14,0,0,25-APR-026,DORIS,99
86515,"CORNELLY CORN SNACKS 50G  72",1.09,75,72,3,3.27,25-APR-026,"EMMANUEL MENSAH",121
50144,"YUMVITA INFANT CEREAL MAIZE  WHEAT 50G 80",6.29,70,74,-4,-25.16,26-APR-026,"EMMANUEL MENSAH",124
69806,"SHINE FAMILY LUNCH NAPKIN 15PKX100PCS  15",9.99,8,8,0,0,26-APR-026,"COLLINS HAMMOND",30
71756,"PARIDOX ALATA SAMINA BSGEL MORINGA 450ML 20",41.99,7,14,-7,-293.93,26-APR-026,ALVIN,17
X888,"RED BULL REGULAR 250ML 24",27.99,42,59,-17,-475.83,25-APR-026,DELIGHT,85
03475,"SAIRO HAIR MASK KERATIN MASCARILLA CAPILAR 500ML 9",57.99,1,1,0,0,26-APR-026,"PAUL OWUSU",38
105040,"LORENZ NATURALS BALSAMIC VINEGAR 100G  12",50.49,12,13,-1,-50.49,26-APR-026,MAHAMA,120
146245,"SIR LIQUID DISHWASHING MACHINE CLEANER  250ML  12",40.99,18,18,0,0,25-APR-026,JIMOH,1
143232,"POUCH SEALER CLIP LEEZA 18PCS SET 35  FB1",2.9,47,36,11,31.9,25-APR-026,PHILEMON,356
152178,"FRISBEE MKR197720",75,5,5,0,0,25-APR-026,HANNAH,275
18153,"POMO TOMATO PASTE 60G SACH 50",3.29,36,137,-101,-332.29,26-APR-026,CHRIS,61
179661,"CARPET 90X150CM IVORY RUST PL WITF144290X150",369,1,2,-1,-369,26-APR-026,GAD,474
179736,"AKAI RICE COOKER DELUXE 28L 900W CK026A28LD",699,4,6,-2,-1398,25-APR-026,PRINCE,225
187662,"DOWN CHARM PILLOW 50X75CM 1200GM",219,4,4,0,0,25-APR-026,GIFTY,494
187664,"LINK UP W3PCS SET 41X26CM",109,4,4,0,0,25-APR-026,GAD,472
190061,"LORENZ CRUNCHIPS BARBEQUE 100G  12",45.99,19,92,-73,-3357.27,25-APR-026,"EMMANUEL MENSAH",121
19821,"ENERGIZER BATTERY ALKALINE D MAXD 1X2 6PK",99.9,18,18,0,0,25-APR-026,NTUMY,161
36729,"JP CHENET ICE EDITION WHITE SPARKL WINE 75CL 6",114.99,6,6,0,0,25-APR-026,APPIAH,113
205484,"RHODES 100 MANGO JUICE 1L 12",45.99,12,12,0,0,26-APR-026,DORIS,102
98474,"AMALFI  HAND SOAP  ICE CREAM  500ML  12",25.99,1,1,0,0,25-APR-026,BISMARCK,43
95488,"GARLAND 2MX9CM 91808",8.9,7,7,0,0,25-APR-026,DANIEL,XMAS
07013,"YAZZ WASHING POWDER 500G 12",18.99,13,34,-21,-398.79,26-APR-026,ALVIN,17
08355,"VITAMILK ENERGY 300ML 24",16.99,25,27,-2,-33.98,25-APR-026,CHRIS,61
101011,"CURTAIN POLYESTER 52X84 WHANGER BLK56",119,2,14,-12,-1428,25-APR-026,ESINAM,485
125008,"PUIDOR KETCHUP 350G  12",42.99,9,9,0,0,25-APR-026,GLADYS,72
125376,"PRE SCHOOL WRITING BOOK 1 TO 10 COEDTION",17.9,33,47,-14,-250.6,25-APR-026,"JERUSHA ",284
134081,"VARTA RECHARGE BATTERY AA2",129,13,13,0,0,25-APR-026,NTUMY,161
135956,"BADIA JOLLOF RICE SEASONING163G  6",85.99,11,11,0,0,25-APR-026,BISMARCK,45
133381,"PARLE SIMPLY GOOD CRACKER ORIGINAL 449G  48",2.29,36,69,-33,-75.57,25-APR-026,DERRICK,95
171578,"ACMURDER OF ROGER ACKROYD",79,5,5,0,0,26-APR-026,JERUSHA,284
170111,"STOOL SMALL PREMIA 44501",99,8,9,-1,-99,25-APR-026,"MORGAN ONGOH",320
170311,"KALYON POWDER DETERGENT LAVENDERMAGNOLIA 3KG 6",94.99,3,10,-7,-664.93,26-APR-026,TITUS,21
181993,"FABER CASTELL TIP PEN SET 12PCS 45F 155612",8.9,17,19,-2,-17.8,26-APR-026,MARIAM,292
178106,"CURTAIN TIE BACK 2PCS SET 6COLOR MIX",47.9,54,61,-7,-335.3,25-APR-026,GIFTY,491
192808,"MELAMINE BOWL 10INCH 19110",16.9,51,55,-4,-67.6,25-APR-026,ROBIN,392
192836,"MELAMINE PLATE 11INCH 50111",16.9,56,53,3,50.7,26-APR-026,REGINA,391
190993,"3PCS BEDSHEET SET QN SL 230X230CM  WHITE",149,16,18,-2,-298,25-APR-026,GILBERT,498
191068,"FOGG DEO ROLL ON SPLENDID 50ML 48",26.99,20,46,-26,-701.74,26-APR-026,ELLA,35
189420,"LAPTOP TABLE METAL GLASS  ASSORTED",399,1,1,0,0,25-APR-026,FRANCIS,522
29452,"CUSSONS BABY OIL SOFT  SMOOTH 200ML 24",20.49,23,23,0,0,26-APR-026,LESTER,50
39985,"PRAN PINEAPPLE JUICE TETRA PACK 1L  12",22.99,22,36,-14,-321.86,25-APR-026,KWAFO,103
48454,"GINO TOMATO PASTE  MIX SACHET 200G  24",10.99,122,85,37,406.63,26-APR-026,EMMANUEL,127
33499,"GILLETTE BLUE 2 PLUS POUCH 3RAZORS TWIN BLADE  40",22.99,50,40,10,229.9,26-APR-026,AKORFA,55
89936,"LITTLE FRIEND MORAL STORIES LEVEL2 ST224",12.9,70,70,0,0,25-APR-026,HERBERT,282
64389,"TIC TAC  SPEAR MINT 102GM  60",6.99,12,59,-47,-328.53,26-APR-026,ATITOGO,160
72506,"LELE WHITE SUGAR 500G  20",11.49,32,11,21,241.29,25-APR-026,"EMMANUEL MENSAH",123
X432,"CARNATION TEA CREAMER 150G 48",9.99,187,1700,-1513,-15114.87,26-APR-026,"NANA ADJEI",81
91194,"VOLTIC MINERAL WATER 500ML 15",2.19,60,162,-102,-223.38,25-APR-026,EZEKIEL,146
95701,"AMALFI  BABY LIQUID SOAP ALOE VERA 750ML  16",26.99,13,13,0,0,26-APR-026,RICHMOND,50
103797,"STUTE SUPERIOR APPLE 15L  6",51.49,9,9,0,0,25-APR-026,KWAFO,103
103406,"AKAI MICROWAVE OVEN 23L GRILL MW064A823MSMW073A",1599,1,3,-2,-3198,25-APR-026,DANIEL,263
104897,"BARDINET GRENADINE SYRUP NON ALC 1L  6",93.99,9,10,-1,-93.99,25-APR-026,"EDDIE MENSAH",107
108893,"MARILAN LIME WAFER 80G  24",7.49,6,6,0,0,26-APR-026,"KINGSLEY OP",94
119206,"LION TOY 33CM UTAS0030",179,6,6,0,0,25-APR-026,HANNAH,276
126217,"AIRPRO AFRESHNER ORGANIC CAN WILD SBERRY 42G  24",39.99,15,21,-6,-239.94,26-APR-026,LESTER,5
125439,"ROBE HOOK ZINC ALLOY SINGLE 1935S RK",9.9,33,35,-2,-19.8,25-APR-026,VINOLIA,439
134958,"CHANDELIER GLASS 3LIGHT BLACKGOLD 2022183",479,1,2,-1,-479,25-APR-026,KWAFO,167
14724,"EASY MOUZOO COCKTAIL JUICE GLASS BOTTLE 250ML 24",10.99,8,21,-13,-142.87,25-APR-026,KWAFO,103
165064,"BATHMAT MICRO SHAGGY 40X60CM ASST COLORS MYQ91878",49.9,1,1,0,0,26-APR-026,"STEPHEN ACQUAH",424
171277,"OFFICE CHAIR HIGH BACK MESH BLACKGRAY HT326A",1349,1,2,-1,-1349,25-APR-026,FRANCIS,527
166987,"GOODBYE  MR CHIPS",22.9,3,2,1,22.9,25-APR-026,HERBERT,282
168549,"HH RICH TEA CREAMS CHOCOLATE 32G  72",1.39,24,36,-12,-16.68,25-APR-026,"EDDIE MENSAH",108
167400,"BOWL 6INCHES CERAMIC EMBOSSED WHITE EBCM6 RJK",19.9,57,57,0,0,26-APR-026,BLESSING,410
179954,"FILLED CUSHION LN 45X45CM WHITE EHAMKCUSHION143",99,1,10,-9,-891,26-APR-026,FRANCIS,525
187311,"CURTAIN ROD POLIS CROM 2BRAKET 120210CM A06210PC",129,8,8,0,0,26-APR-026,GAD,474
192562,"GIFT BAG 26X32X10 9102",10.99,4,16,-12,-131.88,25-APR-026,"MICHAEL BOYE",302
19410,"SUPERTEA STRAWBERRY 50GM 25BAGS 12",17.99,8,8,0,0,25-APR-026,AKORFA,57
193475,"DOOR MAT COIR PVC 15MM ASTD 45X75CM",59,3,2,1,59,25-APR-026,"SAMUEL ADDO",399
191077,"REALMAN MANLY FRAGRANCE FRESH SPIRIT 150ML 72",50.99,3,10,-7,-356.93,25-APR-026,ELLA,33
192205,"CHANDELIER BLACKGOLD WRING VB380",629,1,1,0,0,25-APR-026,KWAFO,530
200732,"CHOPPING BOARD SET NYLON ZHN SK9764",39.9,12,13,-1,-39.9,25-APR-026,"PAUL OWUSU",354
202792,"ST ANNS BROWN SUGAR BOTTLE 18KG  6",67.49,3,3,0,0,25-APR-026,"EMMANUEL MENSAH",122
206082,"HABANERO PACK SLV",13.99,3,3,0,0,25-APR-026,JIMOH,134
61769,"ONGA CHICKEN TABLET 11GMS X 64PCS X  24 PACK",42.99,32,34,-2,-85.98,25-APR-026,GIDEON,67
X584,"CAN COKE  REGULAR 330ML 24",8.79,72,117,-45,-395.55,26-APR-026,NTUMY,164
X950,"CERES ORANGE JUICE 1L 12",44.99,39,29,10,449.9,25-APR-026,KWAFO,100
09487,"BADIA HERBS DE PROVINCE 425G  6",79.99,8,8,0,0,25-APR-026,BISMARCK,45
101013,"CURTAIN POLYESTER 52X84  WHANGER BLK95",129,12,12,0,0,25-APR-026,GLADYS,501
114173,"BARONE MONTALTO VINO SPUMANTE WINE 750ML 12",99.99,14,14,0,0,25-APR-026,APPIAH,111
125282,"DZIRE TV BRACKET WTILT 2650 TB2650TP1102",89,18,18,0,0,25-APR-026,JUSTICE,190
134777,"BOOST ENERGY MANGO CRUSH 250ML   24",13.99,9,9,0,0,25-APR-026,DELIGHT,85
135997,"CAR SCENT CANISTER CAN AIR REFRESHNER ASSORTED  24",53.49,12,66,-54,-2888.46,26-APR-026,ABASS,3
132938,"DINNER PLATE MELAMINE 8 INCHES FEILU 85125",18.9,7,51,-44,-831.6,26-APR-026,ROBIN,392
131684,"FONDANT CUTTER NUMBER B805",1.9,7,1,6,11.4,25-APR-026,"ALHASSAN RANDY",384
157172,"LIDO WASHING POWDER BUCKET 3KG  1",121.99,4,4,0,0,26-APR-026,"ARTHUR JONADAB",28
150386,"AKAI CHEST FREEZER SD 290L CF076AC290L",4349,1,1,0,0,25-APR-026,"JOSEPH PATRICK",204
160249,"AFIO SILVER SHOWER GEL ASSORTED  750ML  12",56.99,12,14,-2,-113.98,25-APR-026,"ANANE KOJO",21
175554,"HERSHEYS  CARAMEL SYRUP 623G 12",74.99,12,12,0,0,26-APR-026,"FELIX BOADU",65
170295,"KALYON EXTRA DISHWASHING LIQUID APPLE 735ML 12",25.49,16,15,1,25.49,25-APR-026,ALVIN,14
193318,"BISTRO BELGIQUE FRENCH FRIES STRAIGHT 9X9 1KG 10",49.99,27,16,11,549.89,25-APR-026,EVELYN,140
192575,"GIFT BAG 26X32X10 7104",10.99,3,3,0,0,25-APR-026,MORGAN,324
194959,"COOKING BRUSH SILICONE ZHN HR22PC1DS",12.9,23,23,0,0,25-APR-026,PATIENCE,348
198444,"DINNER PLATE SQ 8INCHES CERAMIC EMBOSSED YWU",26.9,21,21,0,0,26-APR-026,BLESSING,408
197343,"TCL LED TV 75 SAT SMART ANDROID 4K 75P6K",17499,1,1,0,0,25-APR-026,LESTER,250
40322,"JUVER DISFRUTA NECTA FRUTAS TROPICAL JUICE 1L  12",31.99,9,8,1,31.99,25-APR-026,DORIS,102
38223,"SNAPPLE LEMONADE 473ML  12",37.49,8,8,0,0,26-APR-026,DELIGHT,88
70623,"GINO PEPPER  ONION TOMATO SEASONING MIX 60G  50",3.29,71,192,-121,-398.09,26-APR-026,CHRIS,61
66040,"GECKO RIDGE PINOTAGE WINE 750ML 6",82.49,9,9,0,0,25-APR-026,APPIAH,111
67432,"POMO TOMATO PASTE  PILLOW PACK 105KG  12",38.99,1,30,-29,-1130.71,26-APR-026,CHRIS,60
54532,"EVERPACK EVERGREEN TROLL 4ROLLS  4X6    6",12.99,4,4,0,0,25-APR-026,ELLA,31
68570,"FOGG FRAGRANCE BODY SPRAYEXTREME  120ML   72",52.99,18,66,-48,-2543.52,26-APR-026,ELLA,35
63956,"VITATOP MULTI FRUTA 330ML 24",13.49,20,20,0,0,25-APR-026,DELIGHT,86
X582,"PEAK FULL CREAM EVAPORATED MILK 160G  48",15.99,25,21,4,63.96,26-APR-026,"NANA ADJEI",81
107622,"JUVER DISFRUTA APPLE MANZANA JUICE  2L 6",61.99,1,1,0,0,25-APR-026,EMMANUEL,135
109733,"SIEVE RIM 270X270X70MM SS SSV040 RJK",199,9,9,0,0,25-APR-026,"PAUL OWUSU",351
117299,"WESTINGHOUSE LIGHT BULB 380CM STRING LIGHT",39.9,8,22,-14,-558.6,25-APR-026,KWAFO,168
112354,"CLOVER SUPER M STRAWBERRY FLAV MED FAT MILK 1L  6",47.49,10,10,0,0,25-APR-026,CHRIS,61
115040,"MJS RED VINEGAR 473ML 24",16.99,14,14,0,0,25-APR-026,SOLOMON,74
123090,"SUPER COOK FRYPAN 28CM CHN B4590684 B1430684",199,3,2,1,199,25-APR-026,PHILEMON,358
131068,"SAIRO ROLL ON ANTIWHITE MARKS 50ML  12",22.99,8,1,7,160.93,26-APR-026,MABEL,36
132373,"GIFT WRAP PAPER WHITEBLUE 2PCS 70X100CM LXX3022",10.99,1,16,-15,-164.85,25-APR-026,HADASSAH,266
147134,"PLATINUM SUNFLOWER OIL 850ML X 12",36.99,8,57,-49,-1812.51,25-APR-026,GIDEON,69
149099,"ELEPHANT TOY BIG EARS YELLOWPINKBLUE 40CM",89,3,3,0,0,25-APR-026,HANNAH,276
163165,"MCVITIES DIGESTIVE 52G  24",4.99,38,47,-9,-44.91,25-APR-026,DORIS,97
159988,"DUSTBIN  21 LITRE METAL BLACK WIRE 23X26CM YWU",24.9,18,18,0,0,25-APR-026,SOMUAH,413
172206,"MCBERRY DEXTE 32 CHOCO CREAM CRACKER JUMBO 60G 48",2.69,37,38,-1,-2.69,25-APR-026,DERRICK,96
181605,"MILK BOTTLE GLASS 1000ML 111741012",22.9,2,2,0,0,25-APR-026,SYLVIA,426
177948,"MY ACTIVITY SERIES ALPHABDICTIONARY 32PGS 22X28CM",16.9,11,11,0,0,25-APR-026,"JERUSHA ",284
187213,"NASCO AC STANDING 25HP INV ROUND NASTFSI24N1",12999,1,3,-2,-25998,25-APR-026,"KINGSLEY OP",211
186703,"LUNCH BOX WWATER BOTTLE SET PLASTIC RJK 1810A",42.9,8,8,0,0,25-APR-026,"MICHAEL BOYE",306
192668,"GIFT BAG SMALL 210G 18X23X10 KRK2121S14",6.99,12,12,0,0,25-APR-026,"MICHAEL BOYE",302
194972,"LADLE RICE SERVER SILICONE ZHN HR22PC17DS",8.9,54,54,0,0,25-APR-026,PATIENCE,347
190659,"STRESS BALL ASSORETD 9CM 103G",16.99,1,14,-13,-220.87,25-APR-026,HANNAH,272
189526,"GLADE SCENTED MIST CLEAN LINEN 400ML 6",51.99,15,8,7,363.93,25-APR-026,ABASS,2
190710,"WESTINGHOUSE FRY PAN 26CM WCFP206526",129,10,10,0,0,25-APR-026,PHILEMON,360
200724,"CHOPPING BOARD SET NYLON ZHN SK9758",29.9,21,21,0,0,25-APR-026,"PAUL OWUSU",354
195702,"STORAGE CONTAINER SQ LOCKLID PLASTIC 10L HL0172TCC",26.9,6,11,-5,-134.5,26-APR-026,NIBOI,318
36024,"VASELINE BODY LOTION COCOGLOW 400ML",49.99,27,45,-18,-899.82,25-APR-026,"BENEDICT ABBEY",37
39377,"GEURTS ORANGE MARMALADE JAM 450G 12",46.99,34,17,17,798.83,26-APR-026,GIFTY,63
79218,"8 MATTRESS 54X75INCH  HD DS LAT",1769,1,3,-2,-3538,25-APR-026,SHADRACK,516
79218,"8 MATTRESS 54X75INCH  HD DS LAT",1769,1,3,-2,-3538,25-APR-026,SHADRACK,518
76979,"ELLEVIRE MARQUIS UNSALTED 80 FAT 200GX20",34.99,23,25,-2,-69.98,25-APR-026,EMMANUEL,133
49723,"SIBLOU LIGHT MEAT TUNA CHUNKS IN VEG OIL 160G  48",29.99,59,60,-1,-29.99,26-APR-026,APPIAH,126
94753,"APPLE GOLDEN DELICIOUS FRESH PACK",44.99,7,-1,8,359.92,25-APR-026,JIMOH,134
92836,"LUNCH BOX 1400ML INSULATED SSTEEL DF99088 YWU",129,25,25,0,0,25-APR-026,NIBOI,315
107104,"OKF CAFFEE LATTE 240ML  30",13.99,14,14,0,0,26-APR-026,PATIENCE,84
126210,"AIRPRO TOUCH AND SPRAY AFRSHNER STRAWBRRY 36ML  6",36.99,9,3,6,221.94,26-APR-026,ABASS,3
129070,"MSEAL CONTAINER RECT GLASS 1300ML FRC N1041010",179,3,3,0,0,26-APR-026,SYLVIA,428
121316,"VARTA BATTERY LONGLIFE POWER D BLISTER 2",104,5,5,0,0,25-APR-026,NTUMY,161
133207,"NEAT FABRIC SOFTENER 2L  6",66.49,0,8,-8,-531.92,26-APR-026,ALVIN,14
156621,"NASCO WASHING MACHINE TT 7KG NAS07TW",1849,1,1,0,0,25-APR-026,DANIEL,KITCHEN
155137,"FLORA GIANTDISPOSABLE HANDKERCHIEF 10X30  30",15.99,22,22,0,0,26-APR-026,"COLLINS HAMMOND",30
163123,"VIBE BODY LOTION VITAMIN E 500ML 12",44.49,3,2,1,44.49,25-APR-026,"BENEDICT ABBEY",37
162317,"SPATULA SS WOOD HANDLE ILC MC73071 RJK",19.9,19,19,0,0,25-APR-026,OWUSU,370
171633,"THE 7 HABITS OF HIGHLY EFFECTIVE PEOPLE UPDATED",119,8,3,5,595,26-APR-026,"JERUSHA ",288
175047,"FOUR SPECIAL AMOR RED MOSCATO WINE 750ML 6",62.99,6,6,0,0,25-APR-026,APPIAH,112
168224,"BEDSHEET SET QN MICRO PEACH 3PC 90GSM 03BT0939PQ",89,24,24,0,0,26-APR-026,GAD,474
177724,"NASCO HOME THEATRE 51CH NASHT51N918",2239,2,2,0,0,25-APR-026,JUSTICE,189
178692,"CURTAIN EMBO GROMT BURGU 52X90 02PA7150D",99,9,9,0,0,25-APR-026,GILBERT,500
176382,"DINING CHAIR FABRIC BEIGE LDC9651",1160,4,4,0,0,25-APR-026,SHADRACK,509
178482,"CURTAIN TIE BACK 2PCS SET 6COLOR MIX",47.9,15,15,0,0,25-APR-026,GIFTY,491
189756,"AKAI GASOLINE GENERATOR EL START 5KW PG017AK5000",7499,1,1,0,0,25-APR-026,RICHMOND,264
200465,"COOKING POT 3PCS WLID 202224CM 811202202224",699,1,2,-1,-699,25-APR-026,OWUSU,374
201904,"PEEVA BOTTLE MINERAL WATER  500ML 20",1.39,9,25,-16,-22.24,25-APR-026,EMMANUEL,135
200277,"CLOTHES HANGER 6PCS SET ASSTD 6036000075865",16.9,22,23,-1,-16.9,25-APR-026,VICTORIA,436
195593,"STRAINER STEEL MESH 10CM AF6231",27.9,6,26,-20,-558,25-APR-026,OWUSU,370
36063,"BARILLA ARRABIATA TOMATO SAUCE WITH CHILLI 400G  6",79.99,1,2,-1,-79.99,25-APR-026,GLADYS,72
206732,"MIDEA MICROWAVE OVEN 42L WGRILL BLACK EM034A2MOB",2149,2,2,0,0,25-APR-026,DANIEL,259
89177,"DISH RACK PLASTIC WTRAY  44X32CM PLASTIC S900L YWU",89,13,14,-1,-89,25-APR-026,NASHIBA,336
57162,"DEVA HAND SANITIZER 200ML  12",16.99,1,1,0,0,26-APR-026,QUEENCILLA,42
X659,"QUAKER OATS TIN 500G  24",44.99,70,127,-57,-2564.43,25-APR-026,SOLOMON,77
X769,"STARKIST SOLID TUNA STEAK IN SUNFLOW OIL 160G  24",36.99,29,34,-5,-184.95,26-APR-026,APPIAH,126
91958,"BARON DE BERCY COMMUNION WINE 1L  12",49.99,12,12,0,0,25-APR-026,"EDDIE MENSAH",107
97763,"KELLOGGS COCO POPS 360G  10",59.99,10,21,-11,-659.89,26-APR-026,"KINGSLEY OP",91
117649,"BOTTLE OPENER PPSTEEL UR3178",4.9,24,26,-2,-9.8,25-APR-026,OWUSU,369
112083,"KIVO TOMATO MIX SUP 1KG  12",32.99,21,22,-1,-32.99,26-APR-026,"PAUL OWUSU ",62
115952,"SANITA CLUB 2KITCHEN TOWELS  10",24.99,4,13,-9,-224.91,26-APR-026,WISE,41
138591,"HAYHAY CARAMEL 12 X 24 20G 288",3.19,13,123,-110,-350.9,25-APR-026,"ABIGAIL YEVUGAH",157
137579,"PRINGLES TEXAS BBQ SAUCE CHIPS 165G X 19",49.99,9,11,-2,-99.98,26-APR-026,NASHIBA,89
148768,"BIRTHDAY PARTY SET 7PCS 6 DESIGN",49,8,26,-18,-882,25-APR-026,HADASSAH,268
145814,"BELPAK POCKET TISSUE 10 PCS     30",12.49,30,29,1,12.49,26-APR-026,"COLLINS HAMMOND",30
153857,"DOCUMENT TRAY PLASTIC SY145",99,6,8,-2,-198,25-APR-026,MARIAM,290
162327,"MASON JAR 480ML GLASS SMILEY YWU",9.9,4,5,-1,-9.9,25-APR-026,SYLVIA,426
179761,"FOOD CONTAINER SQ 2800ML PLASTIC 1359",49.9,6,6,0,0,26-APR-026,NIBOI,317
179767,"SALT SHAKER SUGAR AND SALT BOWL SET PLASTIC 1062",32.9,8,8,0,0,25-APR-026,"NANA ADJEI ",327
177694,"WESTINGHOUSE COFFEE GLASS DUAL 50ML WCGW009002",59,8,8,0,0,26-APR-026,SYLVIA,428
186686,"RAINBOW CONTAINER 5PC SET SQUAR PLASTIC RJK 21655",59,3,12,-9,-531,25-APR-026,NASHIBA,332
185928,"STAEDTLER FINELINER TRIPLUS RPP 10PCS 334 SB10  10",109,7,7,0,0,26-APR-026,MARIAM,291
184352,"CUTLERY HOLDER 12X14CM SS 61030273",29.9,21,15,6,179.4,25-APR-026,PHILEMON,357
183629,"DINNER KNIFE 6PCS 2920KN",29.9,8,8,0,0,25-APR-026,PHILEMON,358
192829,"MELAMINE PLATE 10INCH 49310",16.9,31,30,1,16.9,25-APR-026,REGINA,389
192340,"LAUNDRY BRUSH L19018",24.9,27,27,0,0,25-APR-026,VINOLIA,440
189086,"RIBBON 5CM X 3YARDS",9.9,3,3,0,0,25-APR-026,DANIEL,XMAS
CL094,"MOP BUCKET SQUARE 9LTR 38CMX27CMX27CM",49.9,11,12,-1,-49.9,25-APR-026,WISE,451
98299,"ROMAR AUTOM AIRFRESH REFILL DOLCE BLUE   250ML  6",48.99,9,9,0,0,26-APR-026,ABASS,3
100658,"MASTERCHEF PIZZA CUTTER BLACK MC32009 RJK",19.9,14,14,0,0,25-APR-026,DANIEL,KITCHEN
111721,"HERSHEYS UNSWEETEENED COCOA 8OZ  12",109.99,12,12,0,0,26-APR-026,SOLOMON,78
133971,"BEL ICE ALC PINEAPPLE FLAV DRINK 55 330ML 24",8.49,18,18,0,0,25-APR-026,APPIAH,109
130501,"TOREN WAFERS CARRE HAZELNUT CREAM WAFER 125G 24",22.99,26,26,0,0,25-APR-026,"EDDIE MENSAH",108
130793,"TOREN LEMON DEEP FLAV CRISPY WAF 55G 144",6.29,51,110,-59,-371.11,25-APR-026,"EDDIE MENSAH",108
139640,"DECAKILA KETTLE 17L 2200W STAINLESS  KEKT004W",299,10,11,-1,-299,25-APR-026,WONDER,247
142202,"SALTON MOSCATO ROSE ALC SPARKLING  WINE 750ML 1",179.99,1,1,0,0,25-APR-026,APPIAH,113
150592,"LINC PENTONIC BALL PEN BLUE 50 PCS DISPENSER 07MM",3.9,5,89,-84,-327.6,25-APR-026,ABIGAIL,155
164917,"FINE FACIAL PRESTIGE 134X3 PLY 36",18.99,9,15,-6,-113.94,26-APR-026,BISMARCK,29
161113,"AKAI TOASTER OVEN 25L TO026A25L",849,1,1,0,0,25-APR-026,WONDER,261
162526,"ABOVE DEO SPRAY DERMA CLINICAL MEN 72HR 150ML 24",38.49,4,9,-5,-192.45,25-APR-026,"FELIX BOADU",153
162726,"STRESS BALL 65CM",5.99,48,76,-28,-167.72,26-APR-026,HADASSAH,269
179401,"AKAI GAS STOVE 3B GLASS TOP GC068A0003B",669,0,2,-2,-1338,25-APR-026,"JOSEPH PATRICK",200
179646,"CARPET 140X120CM IVORY BEIGE PL WITF0145140X200",769,1,1,0,0,26-APR-026,GAD,474
181978,"GREEN HILL TAHINA 454GM 24",56.99,17,17,0,0,26-APR-026,"FELIX BOADU",65
187023,"TABLE LAMP 21CM  A10",69,3,3,0,0,25-APR-026,KWAFO,172
186916,"BATHMAT 50X80CM D4 MP ASTD 6COLORS JBT52203",99,10,19,-9,-891,25-APR-026,"SAMUEL ADDO",400
189447,"DISNEY ROSAS WISH FASHION DOLL HPX239633",89,3,3,0,0,25-APR-026,HERBERT,278
205485,"RHODES 100 RED GRAPES JUICE DRINK 1L 12",45.99,8,8,0,0,25-APR-026,DORIS,102
205673,"FRUTAS TREASURE RED GRAPE SPARKLING JUICE 275ML 24",27.49,5,29,-24,-659.76,25-APR-026,EMMANUEL,135
75054,"SHINE FAMILY DISPOPLATE SMALL 10PK X 50PCS   5",27.99,1,1,0,0,26-APR-026,DORIS,24
66655,"DAPHNIS SWEET CORN 425G  12",18.49,7,7,0,0,25-APR-026,GLADYS,71
68578,"FOGG FRAGRANCE BODY SPRAYMARCO 120ML  72",69.99,40,63,-23,-1609.77,25-APR-026,ELLA,33
CL628,"QUEEN OF CASSEROLE 2PCS SET STEEL 1800ML 2500ML",119,8,8,0,0,25-APR-026,PATIENCE,345
D586,"GOODYS SPICY SHITO HOT BEEF 320G 12",74.99,13,15,-2,-149.98,26-APR-026,GIFTY,63
08835,"FAULTLESS HEAVY SPRAY STARCH LEMON 567G 12",59.99,9,13,-4,-239.96,26-APR-026,ABASS,3
104545,"ADEPA MEDIUM MULTIPURPOSE TOWEL 6ROLLS   4",53.99,2,12,-10,-539.9,25-APR-026,ELLA,31
115806,"DINNER PLATE MELAMINE 10 INCHES ZHN 038105",18.9,24,47,-23,-434.7,25-APR-026,BLESSING,407
134093,"PRIVATE SUPER  POCKET ECO 18X6",29.99,2,3,-1,-29.99,26-APR-026,"BOADI STEPHEN",51
134436,"KRACKS CHIPS BBQ 160G  14",42.99,16,16,0,0,25-APR-026,APPIAH,114
144397,"FRYING PAN CONCAVE TAWA HARDANODISED 10012",129,1,1,0,0,25-APR-026,OWUSU,374
156422,"SERVING TRAY MELAMINE 15 INCHES ZHN A00415",27.9,21,27,-6,-167.4,25-APR-026,ROBIN,392
156018,"COMFORT FABRIC CONDITIONER 31W BLUE SKIES 930ML 8",47.99,3,4,-1,-47.99,26-APR-026,NIBOI,16
157173,"GLASS BOTTLE WFLIP TOP WNECK 1000ML YWU",18.9,8,8,0,0,25-APR-026,SYLVIA,425
150603,"KISS PANACHE RASPERRY CITRUS 05 BEER 330ML 24",11.59,44,45,-1,-11.59,26-APR-026,JIMOH,1
164915,"FINE TOWEL HH MEGA ROLL 375S 8",41.99,3,3,0,0,25-APR-026,ELLA,32
159686,"JUKI NUTS SEA SALT ROASTED CASHEWS 150G  30",50.99,23,23,0,0,26-APR-026,MAHAMA,119
162014,"DOOR MAT COIR TUFF 16MM ASSORTED 40X70CM",99,1,9,-8,-792,25-APR-026,"SAMUEL ADDO",399
161094,"FUR HAND SOAP ATLANTIC ROSE 450ML  24",41.99,28,42,-14,-587.86,25-APR-026,TITUS,21
179508,"AKAI SOUND BAR 120W SB004A012",789,1,1,0,0,26-APR-026,FRANCIS,526
184277,"PLUSH BLANKET 240X270CM SOLID 4COLORS",259,9,9,0,0,25-APR-026,GIFTY,489
185364,"HAPPY FLAKES CUBE SUGAR 500G 24",18.99,32,32,0,0,25-APR-026,"EMMANUEL MENSAH",123
194686,"CASSEROLE WLID AND SIDE HANDLE 2000ML 268",65,1,11,-10,-650,25-APR-026,OWUSU,374
191064,"OSSUM DEO ROLL ON TEASER 50ML 48",26.99,26,31,-5,-134.95,26-APR-026,ELLA,35
190623,"GIFT BAG 26X32CM",9.9,20,15,5,49.5,25-APR-026,"MICHAEL BOYE",302
33893,"EVERPACK DISPOSABLE  CUPS 250CC 50PCS X 20PK  20",16.49,4,4,0,0,25-APR-026,"ARTHUR JONADAB",25
204551,"UNOLI SOYABEAN OIL 900ML  20",45.99,19,19,0,0,26-APR-026,"RANDY ALHASSAN",47
CL214,"BOWL ODO 400ML 14CMX4CM",1.5,73,89,-16,-24,25-APR-026,NASHIBA,334
CL614,"SWING BIN 20LTR 33CMX26CMX45CM",69,1,1,0,0,25-APR-026,HAYFORD,454
H801,"BANQUET CHAIR CY02SF10131 MAR",579,9,15,-6,-3474,25-APR-026,FRANCIS,528
CL781,"FOOD FLASK 2500ML",39.9,9,15,-6,-239.4,25-APR-026,"MICHAEL BOYE",305
D796,"TASTY TOM TOMATO PASTE EO 210G 24",10.99,96,136,-40,-439.6,26-APR-026,EMMANUEL,127
98482,"AMALFI BODY SPRAY DERMO UNISEX 75 ML  10",18.49,14,14,0,0,25-APR-026,ELLA,34
92763,"BAMBOO KABEB STICK  50X35CM 115 YWU",6.9,10,11,-1,-6.9,25-APR-026,"NANA KOJO",366
103199,"AVSAR FRUIT FLAV WATER GREEN APPLE 200ML  24",10.99,41,53,-12,-131.88,26-APR-026,KWAFO,83
128763,"MARKER PERMANENT 12YRS LUXOR 4PCS 34104BC",16.9,5,5,0,0,26-APR-026,MARIAM,291
138461,"HOLY BLACK MOSQUITO COIL  175G 60",9.49,24,42,-18,-170.82,26-APR-026,TITUS,21
137100,"BF BRIGHTENING VITC FACIAL SERUM  30ML  12",40.99,3,4,-1,-40.99,25-APR-026,"BOADI STEPHEN",53
132883,"SERVING BOWL MELAMINE 10 INCHES FEILU 72210",17.9,53,53,0,0,25-APR-026,REGINA,387
131643,"CAKE FONDANT CUTTER 3PCS SET A8114",1.9,34,34,0,0,25-APR-026,"ALHASSAN RANDY",384
149749,"CUTTING BOARD SET 3PCS AMG301KB0296 RJK",24.9,1,1,0,0,25-APR-026,"PAUL OWUSU",353
163410,"ICE QUEEN FLORENCE VANILLACARAMEL SAUCE 1200ML 6",89.99,6,6,0,0,26-APR-026,EMMANUEL,135
162717,"DINNER PLATE MELAMINE 10 INCHES FEILU 818105",22.9,20,53,-33,-755.7,25-APR-026,REGINA,388
168857,"CARVING KNIFE 725 CPQT018CR RJK",16.9,24,21,3,50.7,25-APR-026,"NANA KOJO",365
177348,"POPPINS CORNFLAKES 350G  16",32.49,7,7,0,0,26-APR-026,"KINGSLEY OP",91
187971,"JOJONAVI SOURSOP FRUIT CAN JUICE DRINK 330ML 24",13.49,4,45,-41,-553.09,26-APR-026,"JOSEPH PATRICK",135
184566,"DINNER PLATE MELAMINE 9 INCHES ZHN B0999",9.9,4,4,0,0,25-APR-026,REGINA,388
192577,"GIFT BAG 30X415X12 7104",12.99,7,6,1,12.99,25-APR-026,MARYLAND,301
32791,"EASY MOUZOO ORANGE TETRAPACK  200ML 27",5.49,43,43,0,0,26-APR-026,"PAUL OWUSU",84
39989,"PRAN APPLE NECTAR JUICE  1L  12",22.99,12,15,-3,-68.97,26-APR-026,EMMANUEL,127
84935,"STRAW 100PCS PLASTIC YWU",8.9,1,27,-26,-231.4,25-APR-026,"ARTHUR JONADAB ",26
85380,"NASCO FRIDGE SBS 348L SILVER NASF2661FF",8499,1,1,0,0,25-APR-026,"JOSEPH PATRICK",205
72507,"LELE WHITE SUGAR 1KG  10",21.99,21,21,0,0,25-APR-026,"EMMANUEL MENSAH",123
106886,"MAJESTY SEMI SWEET RED WINE 750ML 6",78.99,6,6,0,0,25-APR-026,APPIAH,112
125405,"OKF SMOOTHIEMIX BERRY 500ML 20",26.99,5,5,0,0,26-APR-026,DELIGHT,88
135343,"MADAR EVIDA SOAP 150G 24",7.29,24,25,-1,-7.29,25-APR-026,"ANANE KOJO",20
142207,"FOUR SPECIAL CHOCOLATE FLAV RED WINE 750ML 6",56.99,2,2,0,0,25-APR-026,APPIAH,112
155918,"ONE YOGO MIX COCO GRANULA 500G  6",73.49,8,13,-5,-367.45,25-APR-026,"KINGSLEY OP",91
154144,"CASSEROLES 3PCS SET T90044 LTREND",199,1,1,0,0,25-APR-026,RANDY,33
161493,"CURTAIN FOILED 54X90  CAMEL",139,9,9,0,0,25-APR-026,GILBERT,500
171190,"LUXURYS REED DIFFUSER MIXED BERRIES 120ML   12",95.99,16,24,-8,-767.92,26-APR-026,ABASS,3
174144,"PAPER BAG BLINGS 32X42X11CM HB10415L123",14.9,14,16,-2,-29.8,25-APR-026,MARYLAND,301
187989,"SPRITE GLASS BOTTLE 250ML 24",10.99,1,10,-9,-98.91,26-APR-026,"JOSEPH PATRICK",135
183939,"SOFA SET 321 NANA BROWN JBQMSR23",9450,1,1,0,0,26-APR-026,FRANCIS,522
185197,"SOFT  GENTLE ROLL ON COTTON TOUCH 50ML 6",25.99,13,13,0,0,26-APR-026,ELLA,36
193337,"WHISKEY GLASS PILSNER 300ML 3B0091006G0005",99,8,8,0,0,25-APR-026,"STEPHEN ACQUAH",422
192530,"PAPER TOWEL HOLDER GOLD SS HFXJ019",29.9,10,10,0,0,25-APR-026,"PAUL OWUSU",355
191336,"TCL FRIDGE DD 117L F152TMS",3199,1,1,0,0,25-APR-026,NYARKO,174
43020,"SHINE CRYSTAL FORK 50PCS  40",8.99,32,54,-22,-197.78,25-APR-026,"ARTHUR JONADAB ",26
204482,"TIGER EYE PREMIUM CAFE RHUM 750ML 12",116.99,11,11,0,0,25-APR-026,MAHAMA,115
88259,"QUERAY  SHOWER GEL COCONUT 750ML   12",32.99,2,2,0,0,25-APR-026,"ANANE KOJO",21
51958,"BIFOOD CHOCO CEREAL SHELLS 375G  18",44.99,5,5,0,0,25-APR-026,"KINGSLEY OP",91
60862,"SHINE NAPKINS ECO 100PCS  15",5.79,12,13,-1,-5.79,26-APR-026,"COLLINS HAMMOND",30
55374,"ALL SURFACE CLEANER 750ML  12",36.99,14,14,0,0,25-APR-026,ABIGAIL,6
90601,"CURTAIN ROD SINGLE 120 TO 210 11009210AB",119,4,4,0,0,26-APR-026,GAD,474
00203,"MCVITIES DIGESTIVE BISCUITS 400G 20",59.99,9,19,-10,-599.9,25-APR-026,DORIS,98
114627,"SALTPEPPER GRINDER 260CC GREYBURGBLUPOWD M298",19.9,6,8,-2,-39.8,25-APR-026,SYLVIA,426
128956,"BLADE BOX NO 1830 18MM 159597",11.9,13,13,0,0,26-APR-026,GILBERT,294
124710,"AYIKOO THE FAT ONE PAPER TOWEL 1X6",41.99,4,10,-6,-251.94,25-APR-026,ELLA,32
135328,"MADAR POWDER BUCKET 1KG 6",52.99,0,6,-6,-317.94,26-APR-026,"ARTHUR JONADAB",27
130769,"TOREN WAFERS CARRE COCOA CREAM WAFER 125G  24",22.99,4,33,-29,-666.71,25-APR-026,"EDDIE MENSAH",108
145179,"SINK DRAINER ADJUSTABLE EXTENDABLE PICNIC 3146",14.9,1,1,0,0,25-APR-026,OTHNIEL,341
155919,"ONE YOGO MIX CHOCO GRANULA 500G  6",95.99,19,14,5,479.95,25-APR-026,"KINGSLEY OP",91
150635,"HAIR DYING WTATTOO SET LX0475767",44.9,1,1,0,0,25-APR-026,HERBERT,278
159418,"LENOR FABRIC COND26W JASMINE REDBERRIES 858ML 12",64.99,6,6,0,0,25-APR-026,ALVIN,15
159179,"CAKE STAND PAPER YWU",9.9,34,35,-1,-9.9,25-APR-026,"ALHASSAN RANDY",382
168687,"STIRER LADLE WWOOD HANDLE 8MM ROSEWOOD AA1815",39,12,58,-46,-1794,25-APR-026,QUEENCILLA,379
192354,"CANVAS 20X20X16CM DY06120",18.9,22,22,0,0,26-APR-026,GIDEON,294
192123,"ABEST COFFEE CAPPUCCINO DRINK 240ML 24",15.99,22,21,1,15.99,26-APR-026,PATIENCE,84
30580,"LISTERINE MOUTH WASHFRESHBURST 250ML 6",49.99,17,16,1,49.99,25-APR-026,"BOADI STEPHEN",53
38707,"COWBELL MOCHA 35G 120",5.99,2,151,-149,-892.51,25-APR-026,ABIGAIL,155
202560,"FROSTED HIGH BOWL 8 G207HM",7.9,74,72,2,15.8,26-APR-026,"SAMUEL ADDO",403
80161,"SUCTION TOWEL BAR  6 HOOKS R5070 RJK",59,13,13,0,0,25-APR-026,WISE,447
65901,"SUNNY GOLD GARI  2KG  5",64.99,1,1,0,0,25-APR-026,"FELIX BOADU",66
96114,"NIVEA LIP BALM ORIGINAL CARE 48G  12",37.99,4,22,-18,-683.82,26-APR-026,"BOADI STEPHEN",52
100246,"BEDSHEET SET QUEENSIZE 125GSM 3PCS QBS76",159,12,12,0,0,25-APR-026,GILBERT,498
09089,"PEAK MILK POWDER 900G 12",235.99,1,7,-6,-1415.94,25-APR-026,"DAVID BRUNO",80
100696,"FLOOR LAMP ADJUSTABLE WSPRINGS",479,6,7,-1,-479,25-APR-026,KWAFO,169
119317,"REXONA SPRAY  COBALT DRY 200ML  6",42.99,6,1,5,214.95,25-APR-026,ELLA,34
114523,"VEGETABLE PEELER 2MM SAPPHIRE SIDE BG268",12.9,144,176,-32,-412.8,25-APR-026,"PAUL OWUSU",350
14812,"DEVA DISWASHING LIQUID LIME 700ML 24 10405",25.99,16,22,-6,-155.94,25-APR-026,ALVIN,14
14812,"DEVA DISWASHING LIQUID LIME 700ML 24 10405",25.99,6,22,-16,-415.84,25-APR-026,ALVIN,13
148388,"PLACE MAT WTAG ROUND MIX COLOR 6PCS",99,18,19,-1,-99,25-APR-026,GIFTY,490
156983,"BATH MAT IVORY 50X80CM BM239",69,15,8,7,483,25-APR-026,"SAMUEL ADDO",402
184249,"TCL QLED TV 65 SAT SMART 4K 65P7K",12999,1,1,0,0,25-APR-026,LESTER,250
184306,"ORGANIZER TRAY SQ 2 LAYER PLASTIC PLASTIC UR3440",49.9,9,9,0,0,25-APR-026,VICTORIA,434
185322,"BATHMAT BROWN 50X80CM MP 1600GSM TR3087",109,1,1,0,0,25-APR-026,WISE,446
194958,"LADLE SLOTTED SPOON SILICONE ZHN HR713",16.9,23,23,0,0,25-APR-026,PATIENCE,347
188862,"BATHMAT 50X80CM BM244 RED CP",59,5,5,0,0,25-APR-026,"SAMUEL ADDO",401
198042,"DINING SET 14 MDF GHNDT250017",2790,1,1,0,0,25-APR-026,SHADRACK,510
23289,"TICTAC ORANGE 102G 60",6.99,20,41,-21,-146.79,25-APR-026,ABIGAIL,155
74371,"LG HOME THEATRE DVD SYSTEM BT1000W42CHLHD675BG",6799,1,1,0,0,25-APR-026,JUSTICE,193
88235,"BIC SHAVER SOLEIL LADY 3BLADE 4SHAVERS  10",131.99,3,10,-7,-923.93,26-APR-026,AKORFA,55
99721,"SOLDIER MENTHOLATED BALM 60ML  6",15.49,6,7,-1,-15.49,26-APR-026,WONDER,36
94194,"GRATER WCONTAINER ROUND 24CM Y1588928 YWU",19.9,9,9,0,0,25-APR-026,PHILEMON,356
96521,"MADAR ZONE BLEACH 500ML  12",12.59,5,5,0,0,26-APR-026,"GIDEON GBLOGAH",12
97745,"BINATONE RICE COOKER 28L RCSG 2805",979,1,4,-3,-2937,25-APR-026,"COLLINS HAMMOND",238
111747,"POST COCOA PEBBLES 15OZ  12",72.99,10,12,-2,-145.98,25-APR-026,"KINGSLEY OP",91
128840,"BOWL 3PCS SET CERAMIC T146001",199,2,4,-2,-398,25-APR-026,VICTORIA,432
134956,"CHANDELIER 3LIGHT BLKGOLD LEAF DESIGN 10463",479,1,2,-1,-479,25-APR-026,KWAFO,167
135967,"BADIA ROSEMARY 1OZ  8",44.99,1,1,0,0,25-APR-026,BISMARCK,45
148394,"TABLE RUNNER 35X180CM ASTD10",42.9,8,16,-8,-343.2,25-APR-026,GIFTY,489
159794,"AIRCRAFT TOYS MIX COLOR",46.9,11,11,0,0,25-APR-026,HANNAH,275
175090,"WALL SHELF S3 HEXAGON MDF35X302X9CMWHITE 632088B",159,1,1,0,0,26-APR-026,SHADRACK,521
179787,"PEDAL BIN BLUE 10L PLASTIC 2561",99,1,2,-1,-99,25-APR-026,SOMUAH,413
178593,"VACCUM MUG 900ML SSTEEL STAN TYPE YWU",89,8,8,0,0,25-APR-026,"MICHAEL DADZIE",308
18448,"DEVA DISHWASHING LIQUID LEMON 400ML 24 10401",19.99,16,16,0,0,25-APR-026,ALVIN,14
189562,"MARKER PEN ACRYLIC WHITE COL YW",4.9,21,23,-2,-9.8,26-APR-026,"ABIGAIL YEVUGAH",158
192230,"MARBELLA FOOD STORAGE CONTAINER 3PCS SET HL7010DC",22.9,3,1,2,45.8,25-APR-026,NASHIBA,333
202586,"FROSTED PLATE 95 B16295",8.9,59,59,0,0,25-APR-026,OTHNIEL,338
205584,"SIGMA LED TV 65 SAT SMART UHD STVKU65V6S",6749,1,1,0,0,25-APR-026,"KINGSLEY OP",215
49769,"MAXIM ARTIFICIAL NAIL POLISH REMOVER 160ML 46",18.49,10,11,-1,-18.49,26-APR-026,MABEL,36
51038,"ENERGIZER BATTERY LITHIUM 3V ECR2025LITHIUM",25,34,29,5,125,25-APR-026,NTUMY,161
53984,"8 MATTRESS 180X200CM HD KS LAT",2699,2,5,-3,-8097,25-APR-026,FRANCIS,528
94700,"FA MEN ROLL ON DRY PROTECT 50ML  24",23.99,18,18,0,0,26-APR-026,ELLA,36
04949,"EVERPACK SPOON PLASTIC 100PCS X 30PKTS  30",17.49,8,13,-5,-87.45,25-APR-026,"ARTHUR JONADAB ",26
07488,"MARTINI ROSSO  RED 15 ALC VOL 1L 6",204.99,4,4,0,0,25-APR-026,MAHAMA,115
108227,"PARIDOX ALCOHOL WIPES 100SHEETS",46.99,14,14,0,0,26-APR-026,PHILEMON,10
109878,"NUMBER WRITING BOOK 1100",24.99,6,6,0,0,25-APR-026,"JERUSHA ",284
113459,"DINNER PLATE MELAMINE 10 INCHES ZHN 3110",16.9,28,28,0,0,25-APR-026,REGINA,389
125149,"AHMAD TEA BEAUTY 30G 20X15G   6",44.49,17,17,0,0,25-APR-026,AKORFA,58
124090,"RACK DISH PP BURGPOWDERBLUE SMART BG427",89,1,2,-1,-89,26-APR-026,BLESSING,409
131899,"TOUCH MULTIPURPOSE CLEANS  FRESHNES 750ML  12",13.99,19,20,-1,-13.99,25-APR-026,ALVIN,14
133212,"NEAT HAND WASH LIQUID  SOAP ASSORTED 500ML  24",15.49,10,23,-13,-201.37,26-APR-026,QUEENCILLA,42
139782,"DECAKILA AIR FRYER 8L 1800W KEEC040B",1049,1,1,0,0,25-APR-026,"COLLINS HAMMOND",240
155806,"YE SWEET POTATO CHIPS 70G  24",17.99,20,20,0,0,25-APR-026,"EMMANUEL MENSAH",121
151555,"GALAXY CONCEPT SPRAY  HEROES 200ML 12",31.99,21,20,1,31.99,26-APR-026,ELLA,35
163140,"AFRIWARA SUPA GINSENG TOFFEE 450G  30",17.99,17,18,-1,-17.99,26-APR-026,"EDDIE MENSAH",90
164673,"DINNER SET 18PCS SET CERAMIC ET02202",99,2,2,0,0,25-APR-026,BLESSING,405
15803,"MEDISOFT REPELLENT LOTION ROSEMARY PINK 100ML 72",14.49,3,32,-29,-420.21,26-APR-026,WONDER,36
168757,"CURTAIN P VELVET EMBOSSED 54X84 BEIGE 25YB9",159,8,8,0,0,25-APR-026,ESINAM,484
170303,"KALYON LIQUID LAUNDRY DETERGENT BLACKDARK 15L 9",73.99,2,2,0,0,26-APR-026,ALVIN,16
183393,"BAUDUCCO CHOCOLATE COOKIES 60G 24",9.99,24,28,-4,-39.96,25-APR-026,ATITOGO,159
192582,"GIFT WRAPPING PAPER 2PCS 70X100CM",11.99,1,26,-25,-299.75,26-APR-026,AKORFA,55
191062,"OSSUM DEO ROLL ON FANTASY 50ML 48",20.99,28,40,-12,-251.88,26-APR-026,ELLA,35
205483,"RHODES 100 GUAVA JUICE 1L 12",45.99,9,9,0,0,25-APR-026,DORIS,102
85917,"YAZZ SANITARY PAD EXTRA LONG 9PADS   24",17.99,20,24,-4,-71.96,26-APR-026,"BOADI STEPHEN",51
86442,"CELLO WATER BOTTLE  PURO KIDS 600ML",29.9,6,6,0,0,26-APR-026,GILBERT,313
65112,"COLGATE BABY TP STRAWBERRY 02YRS 50ML  144",15.99,32,84,-52,-831.48,25-APR-026,"BOADI STEPHEN",54
54534,"EVERPACK EVERGREEN TOILET ROLL PACK OF 10      7",26.99,3,7,-4,-107.96,25-APR-026,BISMARCK,44
X484,"GINO BAKED BEANS 425G 12",23.99,48,49,-1,-23.99,25-APR-026,GLADYS,71
CL719,"BOWL FANCY OPAQUE 20CMX9CM",5.9,23,24,-1,-5.9,25-APR-026,NASHIBA,334
03396,"WATER BOTTLE 065L KOOL KID  KF727",4.9,2,1,1,4.9,26-APR-026,GILBERT,313
06966,"KASAPREKO BRANDY 750ML 12",36.49,13,13,0,0,25-APR-026,MAHAMA,115
103925,"TOM FOOD CANNED CHICKPEAS 425G  12",27.99,10,10,0,0,25-APR-026,GLADYS,71
154784,"PULL ALONG TOY KIDS FT00026FT00027",229,3,3,0,0,25-APR-026,HANNAH,273
161381,"CURTAIN VELVET EMBOSSED 54X90  TBLUE",109,5,6,-1,-109,25-APR-026,"GERALD SACK ",478
159269,"DOCUMENT HOLDER WSTAND 10SHEETS",489,2,2,0,0,26-APR-026,"JERUSHA ",288
186109,"2PCS DISH DRYING MAT SET 38X50CM ASS DDM01",69,29,29,0,0,25-APR-026,GIFTY,490
18825,"CHTOURA CHICK PEA DIP HUMMUS TAHINA 380G  24",18.99,14,14,0,0,25-APR-026,GLADYS,71
184372,"NERO WISKY COLA DRINK 350ML 12",5.99,1,40,-39,-233.61,25-APR-026,EMMANUEL,135
194691,"KIDS POLICE MOTORCYCLE TOY 14X11 HCL O51052",42.99,11,11,0,0,25-APR-026,HANNAH,273
193415,"FRANKENSTEIN DELUXE HARDBOUND EDITION",75,6,5,1,75,26-APR-026,"JERUSHA ",288
193439,"SOLO RING BINDER 2D RING RB402",43.99,12,10,2,87.98,25-APR-026,MARIAM,290
192361,"SOFA SET OTTOMA 3311 FABRIC",12290,1,1,0,0,25-APR-026,FRANCIS,522
27632,"SILBEST CREAMY YOGHURT WITH WHEAT 330ML 1",19.99,7,14,-7,-139.93,25-APR-026,EMMANUEL,133
29397,"BELAQUA NATURAL MINERAL WATER 500ML 15",2.39,60,68,-8,-19.12,25-APR-026,EZEKIEL,146
37236,"VASELINE COCOA RADIANT BODY OIL 200ML   18",124.99,5,17,-12,-1499.88,25-APR-026,"BENEDICT ABBEY",38
39465,"CAMPARI BITTERS 1L 6",249.99,6,6,0,0,25-APR-026,MAHAMA,115
75776,"SERVING BOWL MELAMINE 12 INCHES ZHN F00912",34.9,2,1,1,34.9,26-APR-026,"SAMUEL ADDO",404
N483,"MENTOS ICE GUM ARCTIC MINT 129G X 288",9.49,288,298,-10,-94.9,25-APR-026,ABIGAIL,155
97636,"FARAGELLO GOLD GUAVA NECTAR JUICE TETRA PACK 1L 12",29.99,9,21,-12,-359.88,25-APR-026,KWAFO,103
104372,"DESTELLO FLOOR CLEANER SPA 1500ML  12",29.99,11,11,0,0,25-APR-026,"ADIATOR MOSES ",7
115165,"VOLTPLUS EXTENSION SOCKET 3WAY 2M VPEC3W2M1S",119,1,2,-1,-119,26-APR-026,QUEENCILLA,379
138369,"DALGETY INSTANT GINGER 9G 45",30.99,52,38,14,433.86,25-APR-026,AKORFA,57
154749,"XBLOCK HAIR WAX ULTRA STRONG GREY 150ML 48",32.99,2,2,0,0,26-APR-026,"BENEDICT ABBEY",38
152781,"SILBEST GREEK PROBIO UNSWEETENED YOGHURT 500ML 1",56.99,1,1,0,0,25-APR-026,DANIEL,XMAS
169809,"NASCO AIR PURIFIER AP1209CB",999,1,1,0,0,25-APR-026,JUSTICE,186
168101,"FILLED CUSHION P JAQUARD 45X45CMCHARCOAL DC254",129,1,10,-9,-1161,26-APR-026,FRANCIS,525
179653,"CARPET 90X150CM BEIGE BROWN PL WITF013490X150",369,1,1,0,0,26-APR-026,GAD,474
182099,"COMPUTER DESK METAL FRAME 120X48 CT1621",1149,1,1,0,0,25-APR-026,FRANCIS,527
178305,"CLOCK 2472 57CM",649,2,2,0,0,25-APR-026,GAD,472
183266,"BEER GLASS 6PCS SET 380ML PORTO BW 4613 RJK",49.9,2,2,0,0,26-APR-026,SOMUAH,417
192797,"CURTAIN JQ BEIGE 54X90 PL JGM3",129,3,3,0,0,25-APR-026,"GERALD SACK ",481
191723,"MYBISCUIT YOGURT WAFER 130G 24",39.99,3,6,-3,-119.97,26-APR-026,DERRICK,96
190623,"GIFT BAG 26X32CM",9.9,1,15,-14,-138.6,25-APR-026,MARYLAND,301
40889,"GEURTS MIXED FRUIT JAM 450GMS  12",46.99,8,9,-1,-46.99,26-APR-026,GIFTY,63
30615,"COLGATE LIQUID CALCIUM TOOTHPASTE 140 G  72",19.99,12,61,-49,-979.51,26-APR-026,NTUMY,163
30615,"COLGATE LIQUID CALCIUM TOOTHPASTE 140 G  72",19.99,1,61,-60,-1199.4,25-APR-026,NTUMY,163
75788,"GOLDEN KAAN SAUV BLANC WINE 750ML  6",119.99,1,1,0,0,25-APR-026,APPIAH,113
65529,"TAMPICO CITRUS PUNCH 300ML 12",6.49,12,36,-24,-155.76,26-APR-026,DANIEL,165
103113,"KLEANZ BODY WASH VANILLA 750ML  20",31.49,1,6,-5,-157.45,25-APR-026,"ANANE KOJO",21
120166,"EVEREADY LED PLASTIC TORCH LIGHT C2D",35,4,8,-4,-140,25-APR-026,NTUMY,161
110880,"FRUTAIL GUAVA NECTAR JUICE 1L  12",34.99,12,24,-12,-419.88,26-APR-026,EMMANUEL,127
126226,"AIRPRO  TOILET RIM BLOCK LAVENDER 50G  72",24.99,9,69,-60,-1499.4,25-APR-026,ABIGAIL,6
123166,"OCEAN GLASS SET 6PCS 350ML TANGO  3B1331206G0001",139,4,8,-4,-556,25-APR-026,SYLVIA,465
139911,"YAM TFM BIG PC",27.99,5,4,1,27.99,25-APR-026,JIMOH,134
140567,"MEANNAN WHITE SUGAR 1KG  12",35.99,9,9,0,0,25-APR-026,"EMMANUEL MENSAH",123
151597,"SOFT  GENTLE DEO FRESH BLOSSOM  250ML  6",46.49,9,8,1,46.49,25-APR-026,ELLA,34
152552,"BLUE DIAMOND ALMOND BREEZE VANILLA SWEET DRIN1L 6",88.99,13,13,0,0,25-APR-026,CHRIS,61
162814,"CURTAIN JACQUARD 54X90 YELLOW S1297",199,1,1,0,0,25-APR-026,ESINAM,483
164672,"DINNER SET 12PCS SET CERAMIC ET02201",99,2,2,0,0,25-APR-026,BLESSING,405
157742,"VINA DA VAL WINE 12  750ML 6",42.99,7,7,0,0,25-APR-026,APPIAH,111
159689,"JUKI NUTS  UNSALTED ROASTED CASHEWS 300G  24",83.99,27,27,0,0,26-APR-026,MAHAMA,119
158512,"FESTIVAL FROM CUVEE 0 CHOCOLATE WINE DRINK 750ML",49.99,2,2,0,0,25-APR-026,"EDDIE MENSAH",107
162717,"DINNER PLATE MELAMINE 10 INCHES FEILU 818105",22.9,35,53,-18,-412.2,25-APR-026,REGINA,390
166981,"A TALE OF TWO CITIES",20.9,3,3,0,0,25-APR-026,HERBERT,282
169241,"TULIP CHICHEN SAUSAGE COCKTAIL 250G  24",53.99,44,44,0,0,26-APR-026,"EMMANUEL MENSAH",124
168561,"HH RICH TEA CREAMS STRAWBERRY 32G  72",1.39,66,83,-17,-23.63,25-APR-026,DERRICK,96
186919,"BATHMAT 50X80CM D4 CT ASTD 4COLORS JBT52206",49,16,17,-1,-49,25-APR-026,"SAMUEL ADDO",401
190055,"GLASS JAR 7PCS SET GOLD 1500ML230ML YWU",99,8,8,0,0,25-APR-026,"STEPHEN ACQUAH",424
190135,"TEFAL FRYING PAN 30CM E3080704",319,1,1,0,0,25-APR-026,QUEENCILLA,376
192293,"LED CHANDELIER CRYSTAL DESIGN VB270",549,1,2,-1,-549,25-APR-026,KWAFO,168
85346,"RIOS DE CHILE CARMENERE WINE 135 VOL 750ML  6",89.99,4,4,0,0,25-APR-026,APPIAH,112
54915,"FERRERO ROCHER T16  200G  20",184.99,1,1,0,0,25-APR-026,"ABIGAIL YEVUGAH",158
X765,"STARKIST TUNA FLAKES IN SUNFLOWER VEG OIL 160G 24",36.99,35,69,-34,-1257.66,25-APR-026,APPIAH,126
CL726,"LAUNDRY BASKET 27LTR 42CMX51CM",49.9,8,3,5,249.5,25-APR-026,HAYFORD,456
105230,"HOMEFOODS PURE PALM OIL 2L 6",160.99,1,1,0,0,26-APR-026,"NANA ADJEI",48
120378,"FREEDOM BOTTLE BEER 330ML 24",10.99,48,48,0,0,26-APR-026,TITUS,21
118304,"MYST NATURAL MINERAL WATER 750ML 15",2.99,9,240,-231,-690.69,25-APR-026,EMMANUEL,135
156826,"6PCS COMFORTER SET QN 230X230CM WHITE",549,2,2,0,0,25-APR-026,GAD,472
151040,"BIGOO COCONUT DRINK 350ML 20",2.99,61,124,-63,-188.37,25-APR-026,DELIGHT,87
165370,"SANEX BODY WASH 720 ML SENSITIVE 720ML  6",142.99,9,9,0,0,25-APR-026,"ANANE KOJO",21
171610,YELLOWFACE,79,1,1,0,0,26-APR-026,"JERUSHA ",288
42442,"SWAN CUBES PURE BROWN SUGAR 500G  50",19.99,83,58,25,499.75,25-APR-026,"EMMANUEL MENSAH",122
202776,"STA SOFT OCEAN FRESH FABRIC CONDITIONER 1L  12",82.99,9,9,0,0,26-APR-026,ALVIN,16
62696,"FRISCHLI FULL CREAM UHT MILK 35 1L  12",34.99,192,237,-45,-1574.55,25-APR-026,EZEKIEL,148
N800,"COKE PET 450ML  12",8.99,48,85,-37,-332.63,26-APR-026,DANIEL,165
96222,"DANO MILK  UHT SEMI SKIMMED 15  FAT 1L 12",31.99,33,51,-18,-575.82,26-APR-026,"GEORGE PUPLAMPU ",82
113242,"MOP SPIN SET TURBO KING P8197",149,1,1,0,0,25-APR-026,WISE,451
123970,"AKAI AIR COOLER 80L AC051A12000RC",3449,1,2,-1,-3449,25-APR-026,AKAYIRI,207
130528,"CASSEROLE 3PCS SET CERAMIC GGK T90042",229,8,8,0,0,26-APR-026,VICTORIA,432
14715,"EASY MOUZOO COCKTAIL TETRAPACK   JUICE 1L 12",23.99,21,35,-14,-335.86,25-APR-026,DORIS,102
157464,"CROWNSTAR COOKWARE 10P SET WLID MC2234 RK",649,1,5,-4,-2596,25-APR-026,QUEENCILLA,375
160307,"PYREX CASSEROLE ROUND GLASS 51L 118A0007643",249,3,3,0,0,26-APR-026,SYLVIA,429
179429,"FOUNTAIN 29X21X22CM 1241638L",379,3,2,1,379,25-APR-026,HAYFORD,458
60932,"BINATONE HOT PLATE DOUBLE ELECTRIC COOKING ECP210",749,3,3,0,0,25-APR-026,JUSTICE,183
95000,"HERMAN APPLE CIDER VINEGAR PET 473ML  24",23.99,14,14,0,0,25-APR-026,SOLOMON,74
103200,"AVSAR FRUIT FLAV WATER MANGOPINEAPPLE 200ML  24",10.99,1,38,-37,-406.63,25-APR-026,EMMANUEL,135
109266,"COOKWARE 10PCS SET AZ10PCS",999,2,3,-1,-999,25-APR-026,"PAUL OWUSU",352
125188,"TOLSEN SCREWDRIVER BITS DOUBLE END 10PCS SET 20360",49,13,13,0,0,26-APR-026,RICHMOND,253
126213,"AIRPRO MINI CLIP AIRREFRSHENER PARADISE  25ML 6",20.49,24,24,0,0,25-APR-026,ABASS,3
132832,"DINNER PLATE MELAMINE 11 INCHES FEILU 1611",12.9,6,7,-1,-12.9,26-APR-026,ROBIN,392
14826,"DEVA SOFTENER FLORAL 2L   6",85.49,6,10,-4,-341.96,25-APR-026,ALVIN,14
148559,"VASE MIX COLOR 9X255CM",34.9,19,19,0,0,25-APR-026,HAYFORD,459
162012,"DOOR MAT SISAL LATEX 8MM ASSORTED 40X60CM",49.9,25,22,3,149.7,25-APR-026,"SAMUEL ADDO",399
170297,"KALYON EXTRA DISHWASHING LIQUID OCEAN  735ML 12",25.99,3,16,-13,-337.87,26-APR-026,TITUS,21
170317,"KALYON POWDER DETERGENT MOUNTAIN BREEZE 3KG 6",94.99,5,7,-2,-189.98,26-APR-026,TITUS,21
169495,"CUSHION EMBROIDERY 380G FILLING 45X45CM EHAMK001",149,1,10,-9,-1341,25-APR-026,SHADRACK,513
178830,"AKAI LED TV 75 SAT SMART UHD WEBOS LT7501T2S2SMT",12499,1,1,0,0,25-APR-026,LESTER,250
190030,"DOOR BELL WPLUG 2COLOR",109,9,26,-17,-1853,26-APR-026,RICHMOND,253
191981,"TEA SPOON 22G0325 ZHN",19.9,70,80,-10,-199,25-APR-026,"PAUL OWUSU",350
198570,"SOAP DISPENSER 3PCS SET CERAMIC YWU",139,27,22,5,695,26-APR-026,VINOLIA,442
81309,"PAVOLLI FRUTA BAG 750G   10",99.99,2,17,-15,-1499.85,25-APR-026,ATITOGO,159
60956,"BINATONE BLENDER  WMILL 15L 350W BLG402402 MK2",669,5,6,-1,-669,25-APR-026,PRINCE,228
61042,"12  MATTRESS 190X186 CM ORTHOPEDIC PILLOWTOP QS",6690,1,2,-1,-6690,25-APR-026,FRANCIS,529
CL741,"OHEMA CASSEROLE 500ML 19CMX15CMX13CM",12.9,6,6,0,0,25-APR-026,PATIENCE,345
96470,"ENA PA NONDAIRY CREAMER 1KG 12",61.99,6,12,-6,-371.94,25-APR-026,"DAVID BRUNO",80
91766,"GATO NEGRO SEMI SWEET RED WINE  750CL 12",81.99,4,4,0,0,25-APR-026,APPIAH,112
91878,"BINATONE MICROWAVE OVEN 25L 900W BLACK MWO2520",2455,1,1,0,0,25-APR-026,MABEL,262
99567,"COMFORTER KING JACQUARD 6PCS SET HG1177K",599,3,3,0,0,25-APR-026,GAD,472
05112,"INDOMIE SUPER PACK ONION CHICKEN 120G 44",8.29,90,91,-1,-8.29,25-APR-026,SOLOMON,76
125239,"DESTELLO  LIQUID DISHWASH LEMON 750ML  16",39.99,6,5,1,39.99,25-APR-026,ALVIN,13
127608,"MARILAN TARLETTE BISCUITS LIME 140G  36",10.49,4,4,0,0,26-APR-026,TITUS,21
130798,"TOREN MILK CHOCO  COATED WAFER COCOA CREAM 38G 144",6.29,4,115,-111,-698.19,26-APR-026,DERRICK,96
133208,"NEAT FABRIC SOFTENER ASSORTED 1L  12",31.49,13,9,4,125.96,25-APR-026,ALVIN,15
146772,"BINATONE STANDING FAN 16 50W A1692MK5",989,2,2,0,0,25-APR-026,AKAYIRI,207
154563,"VOLTPLUS AVS FRIDGE GUARD 13A VPFG13A2125",149,51,52,-1,-149,25-APR-026,DANIEL,257
155936,"ORS REPLENISHING CONDITIONER 125OZ   12",46.99,9,14,-5,-234.95,26-APR-026,"BENEDICT ABBEY",38
157218,"KONKORD IODIZED SALT 300G 12",5.99,41,42,-1,-5.99,26-APR-026,JUSTICE,49
149580,"DOVE BAR SOAP  COCONUT 4PK  12",67.99,15,15,0,0,26-APR-026,ALVIN,18
160504,"PLAYPEN SQUARE BLUEPINK 101X101X73CM PP11",899,2,2,0,0,25-APR-026,DANIEL,XMAS
161004,"BEDSIDE LAMP WGOLD STAND T2127",379,1,3,-2,-758,25-APR-026,KWAFO,169
168882,"KITCHEN TOOL SET 6PCS CPQL006 RJK",79,4,4,0,0,25-APR-026,"PAUL OWUSU",353
168227,"BEDSHEET SET QN MICRO PEACH 3PCS 90GSM 03BT0796Q",89,3,19,-16,-1424,25-APR-026,GILBERT,498
167302,"CHRISTMAS ORNAMENT 48CM",69,1,1,0,0,25-APR-026,DANIEL,XMAS
187168,"BREAD KNIFE 8INCHES RJK IDA823KD0002",24.9,8,7,1,24.9,25-APR-026,"NANA KOJO",365
193536,"TUMBLER 3PCS SET LVSUM311E",39.9,2,2,0,0,25-APR-026,SOMUAH,415
189502,"3PC COMFORTER SET QUEEN 86X86 MF ASST 03CO0476",279,5,5,0,0,25-APR-026,GAD,472
190729,"MANICURE 4PCS SET YWU",16.9,11,11,0,0,25-APR-026,HADASSAH,267
188866,"BATHMAT 50X80CM BM269 ORANGE CP",59,14,13,1,59,25-APR-026,"SAMUEL ADDO",400
191898,"KENWOOD RICE COOKER 28L 1000W SS RCM28",749,5,8,-3,-2247,25-APR-026,"COLLINS HAMMOND",238
202143,"SWING BIN HIPPO 50 LT GREY GREEN UP237212",179,5,5,0,0,25-APR-026,HAYFORD,454
202569,"FROSTED WAVE DEEP PLATE 9 SB09",9.9,53,52,1,9.9,25-APR-026,BLESSING,407
202578,"FROSTED SMALLDISH 55 SB B6",4.9,89,89,0,0,26-APR-026,REGINA,391
57848,"EVERPACK CLUB TROLL 12ROLLSX7PKT  7",31.99,7,7,0,0,25-APR-026,BISMARCK,44
67755,"GALAXY BROWN NATURAL  SUGAR  BOTTLE 850G",34.99,14,14,0,0,25-APR-026,"EMMANUEL MENSAH",122
55685,"FLORA SMILE MULTI PURP TOWEL XL",40.99,9,9,0,0,25-APR-026,ELLA,32
73149,"GINO TOMATO MIX SACHET 60G  50",3.29,50,138,-88,-289.52,26-APR-026,EMMANUEL,127
94346,"LELE GINGER FLAVOR TEA 375G  25X12",17.99,21,34,-13,-233.87,25-APR-026,AKORFA,59
92243,"LELE BROWN SUGAR BOTTLE 800GM 12",35.99,12,12,0,0,25-APR-026,"EMMANUEL MENSAH",122
119234,"LANTERN LARGE SQUARE WOODEN 120808",249,1,1,0,0,25-APR-026,HAYFORD,459
117591,"FLOOR MAT 50X80CM ASTD JSMA0181",99,15,17,-2,-198,25-APR-026,WISE,446
126225,"AIRPRO AIRFRSHNER DUAL SCENT LEMONSTRAW 30ML  6",34.99,22,18,4,139.96,25-APR-026,ABASS,3
134095,"PRIVATE XTHIN NIGHT ECO 14X9",23.99,23,14,9,215.91,26-APR-026,"BOADI STEPHEN",51
138593,"HAYHAY 30G X 24 X 8 BOXES COCOA  192",5.19,67,204,-137,-711.03,25-APR-026,ABIGAIL,156
148712,"DISH RACK 2LAYER WHITE BINCA METAL YWU",549,4,5,-1,-549,25-APR-026,"ALHASSAN RANDY",381
139701,"MCBERRY PURE DELIGHT VANILLA CAKE SLICES 27G 144",2.99,23,65,-42,-125.58,25-APR-026,DORIS,101
145419,"ARTIFICIAL PLANT 12STICK 12LEAF 085M BSY140",379,1,2,-1,-379,25-APR-026,WISE,446
157002,"CURTAIN GROMMET BURGUNDY 55X90 EH017BU",189,2,2,0,0,26-APR-026,"GERALD SACK ",478
173746,"KIVO GINGER GARLIC  ONION POWDER 25G 120",5.99,46,40,6,35.94,25-APR-026,GIDEON,67
173818,"CHUPA CHUPS ASSORTED  FRUIT 12BAG X 10P 110G  12",50.99,7,7,0,0,26-APR-026,"EDDIE MENSAH",90
180430,"AKAI JUICER 15L 500W JC007A211SS",699,4,4,0,0,25-APR-026,"COLLINS HAMMONDN",231
189333,"SOFA LOUNGER COMPRESSED WOTTOMAN HYY201",12490,1,1,0,0,26-APR-026,FRANCIS,521
190621,"GIFT BAG 26X32CM",9.9,7,8,-1,-9.9,25-APR-026,MORGAN,324
195694,"BASKET STITCH WLID PLASTIC 2400ML HL0180CCL",14.9,20,20,0,0,26-APR-026,OTHNIEL,340
37759,"HENNESSY VSOP COGNAC 1L  12",1749.99,3,3,0,0,25-APR-026,EMMANUEL,129
202849,"DINNER PLATE 10INCHES TURQ CERAMIC P163001",16.9,12,18,-6,-101.4,25-APR-026,BLESSING,407
85889,"STERLING RESERVE RARE BLENDED WHISKY 750ML  12",133.99,9,9,0,0,25-APR-026,MAHAMA,118
78963,"CHRISTMAS GARLAND 200145CM MIX COLOR",10.9,32,32,0,0,25-APR-026,DANIEL,XMAS
X812,"STARKIST TUNA CHUNKS IN SUNFLOWER OIL 160G 24",36.99,35,35,0,0,26-APR-026,APPIAH,126
CL686,"ROYAL CASSEROLE PLASTIC 1500ML 25CMX22CMX13CM",26.9,4,5,-1,-26.9,25-APR-026,PATIENCE,345
96183,"GREEN WORLD MACHINE REFILL STRAWBERRYBLUEBERRY 24",42.99,11,11,0,0,26-APR-026,RICHMOND,5
100245,"BEDSHEET SET KINGSIZE 125GSM 3P KBS77",179,1,15,-14,-2506,25-APR-026,SHADRACK,515
102544,"AHMAD TEA  MINT MYSTIQUE 40G  6",37.99,24,12,12,455.88,25-APR-026,AKORFA,59
105561,"MENTOS PURE FRESH WITH GREEN TEA 18PB 315G 120",36.99,20,34,-14,-517.86,26-APR-026,"ABIGAIL YEVUGAH",158
128878,"PRESENTION BINDER 444A47321373220104207109912EL",40.9,4,4,0,0,25-APR-026,MARIAM,290
121039,"MEMORY CARD GAME  PROFESSIONS 3YRS 50954",38.9,4,3,1,38.9,25-APR-026,HERBERT,279
134433,"KRACKS CHIPS ORIGINAL 160G  14",42.99,3,3,0,0,25-APR-026,APPIAH,114
148389,"PLACE MAT WTAG RECT 6PCS 30X45CM",79,16,15,1,79,25-APR-026,GIFTY,489
14374,"GREENWORLD AIRFRESHENER SBERRYBBERRY 400ML  48",36.99,29,29,0,0,25-APR-026,ABASS,2
153842,"ILLUSTRATED CLASSICS STORIES",49,6,6,0,0,26-APR-026,HERBERT,282
164645,"SKILET WLID 28CM 29MM FGD ALU PEDRINI 02PE1511 RK",289,1,2,-1,-289,25-APR-026,QUEENCILLA,380
161587,"DZIRE CEILING FAN 36 DARK BROWN CF 36 BHOB",349,6,7,-1,-349,25-APR-026,AKAYIRI,207
161588,"DZIRE CEILING FAN 24 WHITE CF 24 WHOB",349,5,10,-5,-1745,25-APR-026,"KINGSLEY OP",211
169247,"BROOM WSTICK MILANO GBB28",39.9,1,11,-10,-399,25-APR-026,WISE,449
184163,"AKAI CHEST FREEZER SD 194L SILVER CF084AC194L",3249,1,2,-1,-3249,25-APR-026,DANIEL,KITCHEN
183595,"CERAMIC COUPE DINNER PLATE 10 25FDL003 RJK",19.9,9,8,1,19.9,26-APR-026,BLESSING,409
194654,"GIFT BAG  L 32X26X10CM 4DESIGNS O51023",25.99,6,6,0,0,25-APR-026,"MICHAEL BOYE",302
200729,"CHOPPING BOARD SET NYLON ZHN SK9762",29.9,20,20,0,0,25-APR-026,"PAUL OWUSU",354
197844,"HEADPHONES BLUETOOTH TOY STORYBUZZ DY9955BU",169,-1,2,-3,-507,25-APR-026,NYARKO,178
202511,"MONTY MOON CHIPS CHEESE 25G  50",2.99,11,50,-39,-116.61,25-APR-026,"EMMANUEL MENSAH",121
206528,"EGG SLICER CASE DELICIOUS ES0103",12.9,6,6,0,0,25-APR-026,OWUSU,370
65370,"DAPHINS BAKED BEANS 425 GMS 12",17.99,11,11,0,0,25-APR-026,GLADYS,71
102967,"BELAIR AIR FRESHENER TEXTILE 150ML  36",11.99,17,30,-13,-155.87,26-APR-026,ABIGAIL,5
103490,"AMALFI SHOWER GEL  SALES MINERALES750ML  16",29.99,1,1,0,0,25-APR-026,VINOLIA,441
103820,"TELON GREEN TEA 60G  255PCS  12",29.99,5,5,0,0,25-APR-026,AKORFA,59
125244,"ROMAR AIR REFRESHENER SPRAY LEMON   300ML  8",39.99,10,10,0,0,25-APR-026,ABASS,2
122284,"TOOTHPICK WSOLID CASE",4.9,40,42,-2,-9.8,25-APR-026,"PAUL OWUSU",350
131634,"CAKE FONDANT CUTTER 3PCS SET A8103",1.9,37,37,0,0,26-APR-026,"ALHASSAN RANDY",384
156018,"COMFORT FABRIC CONDITIONER 31W BLUE SKIES 930ML 8",47.99,1,4,-3,-143.97,26-APR-026,ALVIN,16
168002,"FILLED CUSHION P VELVET 45X45CMNAVY DC241",119,2,2,0,0,25-APR-026,GLADYS,506
169158,"ROMAR AIR REFRESHNER PINE 750ML   6",68.99,1,1,0,0,25-APR-026,ABASS,2
182352,"WARDROBE 6DOOR NOGUEIRAOFF WHITE CANCUN 700072",2790,1,1,0,0,25-APR-026,FRANCIS,527
187088,"STOOL 28X28X40 PLASTIC 229",79,7,11,-4,-316,25-APR-026,"MORGAN ONGOH",320
186713,"COOKWARE SET 6PCS SSTEEL HROLAND HR1692",699,2,3,-1,-699,25-APR-026,"NANA KOJO",363
193128,"TEFAL PEELER K2071814",109,2,2,0,0,25-APR-026,OWUSU,370
199387,"XBC TEA TREE FACIA TONER 200ML 12",34.99,6,7,-1,-34.99,25-APR-026,"BOADI STEPHEN",53
56135,"CARLO ROSSI SWEET RED WINE  750ML 12",84.99,9,9,0,0,25-APR-026,APPIAH,112
99916,"WINDOW SHADE YE3 200X200 SILVER",599,8,7,1,599,25-APR-026,"GERALD SACK ",479
X693,"HEINZ BAKED BEANS 200G 48",13.99,39,118,-79,-1105.21,26-APR-026,GLADYS,71
A901,"CONDOR PEAK BLANC WINE 750ML 12",79.99,16,15,1,79.99,25-APR-026,APPIAH,113
102950,"FRES LIQUID SOAP ALOEVERA 350ML  24",17.99,23,27,-4,-71.96,25-APR-026,BISMARCK,43
102969,"BELAIR AIR FRESHENER BAKHOUR 150ML  36",11.99,25,42,-17,-203.83,26-APR-026,RICHMOND,5
103900,"BLING LAUNDRY DETERGENT LIQUID GARDENOF FLOWERS 5L",89.99,5,2,3,269.97,26-APR-026,"NANA ADJEI ",16
117598,"FLOOR MAT 50X80CM ASTDBW",69,10,16,-6,-414,25-APR-026,WISE,446
112508,"HANGER SET 5PCS 4OCM PLASTIC LP6300 RJK",36.9,5,6,-1,-36.9,25-APR-026,VICTORIA,436
125259,"SAIRO FAMILY SHOWER  GEL OLIVE 750ML  12",29.99,12,15,-3,-89.97,25-APR-026,"ANANE KOJO",21
135953,"BADIA ADOBO WITH PEPPER 1063G  12",44.99,15,14,1,44.99,25-APR-026,BISMARCK,45
135966,"BADIA ADOBO WITHOUT PEPPER 375OZ 12",46.49,7,7,0,0,25-APR-026,BISMARCK,45
148726,"VASE MOSIAC 6COLOR MIX 1",299,1,1,0,0,26-APR-026,ESINAM,462
164300,"DECAKILA RICE COOKER 15L 500W KEER033W",349,1,2,-1,-349,25-APR-026,"COLLINS HAMMOND",237
161573,"DECAKILA DRY IRON 1200W KEEN018L",129,1,1,0,0,25-APR-026,"KINGSLEY OP",219
167751,"COOKING 6PCS SET 2MM STEEL HROLAND HR1092 RJK",679,1,1,0,0,25-APR-026,OWUSU,374
179735,"AKAI RICE COOKER DELUXE 18L 700W CK025A18LD",549,3,4,-1,-549,25-APR-026,PRINCE,225
186110,"LACTASOY PLAIN SOYMILK 200ML 24",9.99,49,110,-61,-609.39,25-APR-026,AKORFA,56
187383,"WESTINGHOUSE TUMBLER DOUBLE WALL SS 40OZ WCBL0064",179,4,4,0,0,25-APR-026,"MICHAEL DADZIE",309
184073,"PIZZA PAN 28CM FALU ZHNBLY 104728",159,7,8,-1,-159,25-APR-026,PHILEMON,358
184257,"SHELF 4TIER 36X33X110CM LA2020",699,1,1,0,0,25-APR-026,FRANCIS,523
192926,"MIGLIO SMOKED CHICKEN FRANKS 340G X 32",19.99,64,428,-364,-7276.36,26-APR-026,OTHNIEL,145
192926,"MIGLIO SMOKED CHICKEN FRANKS 340G X 32",19.99,32,428,-396,-7916.04,26-APR-026,EVELYN,143
192973,"CHOPPING BOARD PLASTIC ZHN RR9075",49.9,2,2,0,0,25-APR-026,"PAUL OWUSU",354
191775,"CEILING BROOM BENEDICTA",59,1,16,-15,-885,25-APR-026,WISE,448
191985,"TEA SPOON 24G0359 ZHN",20.9,19,80,-61,-1274.9,25-APR-026,OWUSU,370
197861,"HEADPHONES BLUETOOTH DISNEY PRINCESS DY9955PC2",159,2,3,-1,-159,25-APR-026,NYARKO,178
206078,"TOMATO 1KG PACK SLV",40.99,1,1,0,0,25-APR-026,JIMOH,134
81667,"ARIZONA LEMONADE FRUIT COCKTAIL 650ML CAN  24",23.99,3,3,0,0,26-APR-026,PATIENCE,84
89235,"FLOOR MAT 50X80CM ASTD JSMA005",39.9,8,26,-18,-718.2,25-APR-026,"SAMUEL ADDO",402
64389,"TIC TAC  SPEAR MINT 102GM  60",6.99,12,59,-47,-328.53,26-APR-026,SHADRACK,158
59330,"DEVA LIQUID HAND SOAP OCEAN  5LTR  4",112.99,3,3,0,0,26-APR-026,"ARTHUR JONADAB",28
73631,"HEINZ DISTILLED VINEGAR 568ML  12",29.99,8,8,0,0,25-APR-026,SOLOMON,74
X472,"IDEAL ORIGINAL EVAPORATED MILK 370G 24",26.99,6,87,-81,-2186.19,26-APR-026,"BENEDICT ABBEY",81
98736,"SIBLOU WHITE TUNA IN WATER 170G 48",41.99,21,21,0,0,26-APR-026,APPIAH,126
95184,"BALLOON SET 20PCS WITH PUMP",17.9,13,17,-4,-71.6,26-APR-026,HADASSAH,269
95484,"GARLAND 2MX13CM 91804",17.9,1,1,0,0,25-APR-026,DANIEL,XMAS
95637,"FLOOR MAT 50X80CM ASTD JSMA017",59,10,11,-1,-59,26-APR-026,VINOLIA,444
118282,"FARAGELLO GOLD APPLE NECTAR  BOTTLE 250ML  24",11.99,21,31,-10,-119.9,26-APR-026,EMMANUEL,127
112026,"COLGATE TOOTHPASTE CHARCOAL GENTLE CLEAN  120G  48",22.99,1,58,-57,-1310.43,25-APR-026,NTUMY,163
115548,"FLOWER WPOTBULB BIRD DESIGN WHITEGOLD TA168815",99,1,1,0,0,25-APR-026,HAYFORD,460
128901,"NASCO AC SPLIT 15HP MIRROR NASM12N1MIRROR",3699,1,1,0,0,25-APR-026,"KINGSLEY OP",212
155909,"ROSSWOOD CASHEW SALTED 40G  48",14.49,10,21,-11,-159.39,25-APR-026,"FELIX BOADU",154
162754,"COOKING TOOL 6PCS SET SSTEEL S85032",89,46,46,0,0,25-APR-026,PHILEMON,360
159546,"DOLL SET 2PCS 1899",95,3,3,0,0,25-APR-026,HERBERT,278
161125,"FILLED CUSHION VELVET 45X45CMSILVER DC231",89,10,5,5,445,25-APR-026,GLADYS,506
171703,"KALYON HAND SOAP ROSE 500ML 12",22.99,13,13,0,0,25-APR-026,BISMARCK,43
179510,"AKAI SOUND BAR WSUBWOOFER 180W SB005A013",1399,0,1,-1,-1399,26-APR-026,FRANCIS,526
181998,"FABER CASTELL ROLLER PEN BLACK 1BOX 548600",12.9,2,1,1,12.9,26-APR-026,MARIAM,292
178623,"CURTAIN JAC GROMT LBLUE 54X90 02PA7152A",139,1,1,0,0,25-APR-026,"GERALD SACK ",481
18373,"PRINCESS COCOA BUTTER CREAM 260ML  4",25.49,7,11,-4,-101.96,25-APR-026,"BENEDICT ABBEY",37
198979,"WESTINGHOUSE CASSEROLE WGLASS LID 24CM WCCC206524",189,4,8,-4,-756,25-APR-026,OWUSU,371
197121,"SILBEST GREEK YOGHURT WITH LEMON 250ML 1",25.99,1,1,0,0,25-APR-026,DANIEL,XMAS
40319,"JUVER DISFRUTA MANZANA APPLE  JUICE  1L  12",32.99,3,4,-1,-32.99,25-APR-026,DORIS,102
39850,"PILLOW DONA LAT",66.9,2,3,-1,-66.9,25-APR-026,SHADRACK,520
202575,"FROSTED WAVE BOWL 8 SB028",10.9,14,15,-1,-10.9,25-APR-026,BLESSING,405
53304,"VERNA MINERAL WATER  500ML 16",1.69,1,69,-68,-114.92,25-APR-026,EMMANUEL,135
CL542,"BOWL ETO 3000ML 28CMX9CM",7.9,25,26,-1,-7.9,25-APR-026,"MORGAN ONGOH",320
K478,"SS TEASPOON 4P 10811516 72 D",16.9,1,2,-1,-16.9,25-APR-026,OWUSU,370
S737,"PEAK LOW FAT UHT MILK1L 12",30.99,17,53,-36,-1115.64,26-APR-026,"BENEDICT ABBEY",81
94243,"MADAR DETERGENT POWDER 400G  12",16.99,10,8,2,33.98,26-APR-026,ALVIN,17
101088,"AKAI KETTLE 18L 1800W SS GREY EK029A18GE",279,1,3,-2,-558,25-APR-026,LESTER,250
101444,"WHITE BLUE PREMIUM WHISKY WITH CANISTER 750ML 12",96.99,11,11,0,0,25-APR-026,MAHAMA,117
102548,"AHMAD TEA FRIUT SELCTION 40G  6",44.49,11,11,0,0,25-APR-026,AKORFA,59
115951,"SANITA CLUB TOILET TISSUE 6PCS  6",79.99,5,5,0,0,25-APR-026,ELLA,31
146231,"WINDOW SHADE YE380X100 L BROWN",229,1,9,-8,-1832,26-APR-026,"GERALD SACK ",478
148492,"ARTIFICIAL FLOWER W5BRANCH 30CM MIX COLOR",19.9,24,24,0,0,26-APR-026,ESINAM,462
149715,"CERAMIC DESSERT PLATE WGOLD RIM 75 BCR75 RJK",9.9,1,1,0,0,25-APR-026,SHADRACK,510
162761,"CERAMIC BOWL 3PCS SET 75012502000ML T103047",169,7,8,-1,-169,25-APR-026,VICTORIA,432
162311,"STRAINER SS WOOD HANDLE ILC MC73058A RJK",14.9,22,22,0,0,25-APR-026,OWUSU,370
160120,"DALGETY PURE TURMERIC 100 HERBAL INF 40G  36",51.99,55,46,9,467.91,25-APR-026,AKORFA,57
171977,"WALL LIGHT 210032BG",279,1,2,-1,-279,25-APR-026,KWAFO,168
179080,"PP ROPE 10M 10PCS OPP YW",7.9,11,11,0,0,26-APR-026,VICTORIA,438
192713,"GIFT WRAPPING PAPER 30X460MM",5.99,14,14,0,0,25-APR-026,MARYLAND,301
191643,"WEDIAN FAVA BEANS WITH LEBANESE RECIPE 400GM  12",13.49,10,10,0,0,26-APR-026,GIDEON,71
190642,"SWIMMING VEST",29,6,5,1,29,25-APR-026,CHARLES,465
200347,"BALENCIA HONEY PTE 500G 12",48.99,13,14,-1,-48.99,26-APR-026,"PAUL OWUSU",64
200707,"KNIFE SET WSCISSOR 7PCS ZHN KS067",89,16,14,2,178,25-APR-026,PHILEMON,357
65462,"MENTOS C GUM WINTERGREENGREEN TEA 1210 BTL120",36.99,63,72,-9,-332.91,25-APR-026,ABIGAIL,155
59830,"PALMOLIVE SHOWER GEL GMT SPA STRAWBERRY 500ML 12",75.99,17,17,0,0,25-APR-026,"ANANE KOJO",22
X436,"NAN 2 OPTIPRO 400G  12",139.99,21,20,1,139.99,26-APR-026,"EMMANUEL MENSAH",124
98562,"TOM CAKE SUGARFREE MINI MUFFINS 160G  15",49.99,29,57,-28,-1399.72,26-APR-026,EMMANUEL,127
92374,"PENCIL BOX PYRAMID W SMILY PRINT P13",14.9,11,10,1,14.9,25-APR-026,MARIAM,290
07015,"YAZZ WASHING POWDER 2KG 6",70.99,18,25,-7,-496.93,26-APR-026,TITUS,21
07206,"PRIMA ANTISEPTIC 45L  6",92.99,6,8,-2,-185.98,26-APR-026,NTUMY,163
07206,"PRIMA ANTISEPTIC 45L  6",92.99,3,8,-5,-464.95,25-APR-026,QUEENCILLA,42
104441,"QUERAY HAND SOAP MARINE SPA 500ML  12",31.49,2,2,0,0,25-APR-026,BISMARCK,43
108888,"MARILAN MAGIC TOAST CRIPBREADS ORIGINAL 110G 24",15.99,3,22,-19,-303.81,26-APR-026,DERRICK,96
119322,"PANTENE CONDITIONER REPAIRS  PROTECT 400ML  6",104.99,3,6,-3,-314.97,26-APR-026,"PAUL OWUSU",38
126307,"HARIBO BALLA BITES 140G154G  12",29.99,10,10,0,0,25-APR-026,ABIGAIL,156
12419,"LACTASOY CHOCOLATE SOYA MILK 500ML 12",24.99,7,7,0,0,25-APR-026,AKORFA,56
146226,"WINDOW SHADE YE380X100 SILVER",229,4,4,0,0,25-APR-026,"GERALD SACK ",480
148446,"MUG 350ML CERAMIC DESIGNER YWU",9.9,24,24,0,0,25-APR-026,"SAMUEL ADDO",398
141431,"PAN SPOON PIPE HANDLE 9  59051",9.9,12,10,2,19.8,25-APR-026,OWUSU,369
149219,"AIRPRO NAPHTALENE BALLS COLOURED WHITE 300G  60",23.49,22,22,0,0,26-APR-026,"ADIATOR MOSES ",9
151224,"COMB BROWN HANDLE",34.9,12,12,0,0,26-APR-026,VICTORIA,438
162498,"ABOVE DEO SPRAY SPORT ENERGY WOMEN 150ML 24",39.99,7,13,-6,-239.94,25-APR-026,"FELIX BOADU",153
159181,"CAKE STAND PAPER YWU",9.9,1,46,-45,-445.5,25-APR-026,"RANDY ALHASSAN",385
169372,"LED TORCH KIDS 12PCS PAW PATROL",45.9,1,4,-3,-137.7,25-APR-026,ABIGAIL,155
179970,"CURTAIN YD PL GROMT GOLD 54X90 24EHM001",169,10,10,0,0,25-APR-026,ESINAM,485
184037,"STASOFT FABRIC SOFT OCEAN FRESH STP121220ML 12",27.99,20,21,-1,-27.99,26-APR-026,ALVIN,16
34050,"JJ SAVLON ANTICEPTIC LIQUID 2L  6",239.99,6,6,0,0,26-APR-026,QUEENCILLA,42
34237,"8PM WHISKY 1L 12 BOX PACK",119.99,9,7,2,239.98,25-APR-026,MAHAMA,117
39377,"GEURTS ORANGE MARMALADE JAM 450G 12",46.99,7,17,-10,-469.9,26-APR-026,"PAUL OWUSU",63
20641,"FARAGELLO COCKTAIL NECTAR TETRA PACK 1L 12 BLUE",24.99,25,63,-38,-949.62,25-APR-026,DORIS,102
99923,"WINDOW SHADE YE3 200X200 BROWN",599,4,3,1,599,25-APR-026,"GERALD SACK ",479
A806,"CHEVALIER PREMIUM BRANDY 700ML 6",409.99,4,4,0,0,25-APR-026,MAHAMA,115
D719,"GRAN VEGA ROSE WINE 750ML 6",79.99,9,9,0,0,25-APR-026,APPIAH,113
90608,"CURTAIN ROD SINGLE 120210 11051210PC",119,10,10,0,0,26-APR-026,GAD,474
09134,"TASTY TOM TOMATO PASTE 2200G 6",82.99,6,6,0,0,26-APR-026,CHRIS,60
133932,"PROFA TOM BROWN CERAEL MIX 800G  24",49.99,18,21,-3,-149.97,26-APR-026,SOLOMON,78
130798,"TOREN MILK CHOCO  COATED WAFER COCOA CREAM 38G 144",6.29,17,115,-98,-616.42,25-APR-026,"ABIGAIL YEVUGAH",157
131627,"CAKE FONDANT CUTTER 3PCS SET A6206",1.9,36,36,0,0,26-APR-026,"ALHASSAN RANDY",384
146176,"TRAY ICE CUBE COMBINE COLOUR 161019560",22.9,21,25,-4,-91.6,25-APR-026,OTHNIEL,343
146661,"PLANTER 41X125X11CM 22112213",89,9,9,0,0,25-APR-026,HAYFORD,460
141389,"SHAKER COCKTAIL RECIPE 600ML 13001R",49.9,10,10,0,0,25-APR-026,"PAUL OWUSU",350
169871,"SLOTTED TURNER WWOOD HANDLE STEEL PEAR AB2778",19.9,5,4,1,19.9,25-APR-026,OWUSU,368
187648,"AROMA THERAPY BLOCK 8",29.9,8,8,0,0,25-APR-026,ABASS,3
185910,"STAEDTLER ERASER PLASTIC BLISTER  2PCS 52650E1BK2",25.9,1,11,-10,-259,26-APR-026,MARIAM,291
191083,"FOGG SCENT EDP SULTAN 30ML 72",46.99,20,24,-4,-187.96,25-APR-026,ELLA,33
195601,"PRAN NOODLES CHEESE FLAVOUR CUP 60G 24",17.99,13,20,-7,-125.93,25-APR-026,SOLOMON,75
79119,"KASAPREKO BLACK ROCK HONEY WHISKY 750ML 12",46.99,16,28,-12,-563.88,25-APR-026,MAHAMA,118
80162,"TISSUE HOLDER SUCTION R5080 RJK",79,4,5,-1,-79,25-APR-026,VINOLIA,440
77658,"PARIDOX ALATA SAMINA TABLET SOAPALOE VERA 150G  40",20.99,5,9,-4,-83.96,26-APR-026,ALVIN,18
49513,"HELLMANNS REAL  MAYONNAISE JAR 400G 12",76.99,13,13,0,0,25-APR-026,SOLOMON,73
D956,"BINE DISINFECTANT 5L  4",99.99,3,3,0,0,26-APR-026,"ADIATOR MOSES ",8
04114,"SPARLETTA SODA 350ML 12",5.69,13,100,-87,-495.03,25-APR-026,DELIGHT,85
103827,"BORGES NATURA APPLE CIDER WITH MOTHER 500ML 12",159.99,12,12,0,0,25-APR-026,SOLOMON,74
129548,"BUTTER DISH 75X188X85MM SUG426G RJK",9.9,16,18,-2,-19.8,26-APR-026,SYLVIA,426
128017,"DOMS RECTI 5 DF ERASER BLISTER PACK 1PC 8711",3.9,1,1,0,0,26-APR-026,SHADRACK,158
122276,"SHELL SPOON",59,40,41,-1,-59,25-APR-026,OWUSU,370
122448,"BOWL PLATE 2PCS SET 8INCH CERAMIC T16010",19.9,12,12,0,0,25-APR-026,SOMUAH,411
134251,"LISTERINE MOUTHWASH SPEARMINT 500ML 6",72.99,6,6,0,0,25-APR-026,"BOADI STEPHEN",53
140035,"PASSION FRUITAPL KG",69.99,5,5,0,0,25-APR-026,JIMOH,134
163378,"BAR TROLLEY 128430190",1290,1,1,0,0,25-APR-026,SHADRACK,510
161023,"CHANDELIER CRYSTAL PLAINGOLD G2801",629,1,3,-2,-1258,25-APR-026,KWAFO,168
159853,"STICKY NOTE 100SHEETS 76X51MM",3.9,32,20,12,46.8,26-APR-026,"JERUSHA ",289
174512,"DOMS ART CAARNIVAL KIT 80380",365,1,1,0,0,25-APR-026,JUSTICE,270
167517,"XMAS TREE 24M 1452T",1449,1,1,0,0,25-APR-026,DANIEL,XMAS
177897,"EXCELO COOKIES BE COOKY ORIGINAL 66G  24",9.29,4,5,-1,-9.29,25-APR-026,DERRICK,96
184365,"DEEP COLANDER WSIDE HANDLE 24CM SS 60910232 57015",29.9,23,23,0,0,25-APR-026,"PAUL OWUSU",352
87570,"COLOUR JOY WWRITE ALONG VEGETABLEFRUITS EB158",4.9,48,49,-1,-4.9,25-APR-026,"JERUSHA ",284
54455,"SERVING BOWL MELAMINE 8 INCHES ZHN C04785",12.9,14,18,-4,-51.6,25-APR-026,ROBIN,392
68734,"BIFOOD CHOCOLATE CEREAL BALLS PUFF 1KG  6",99.99,11,11,0,0,26-APR-026,"KINGSLEY OP",91
97720,"AMALFI  HAIR CONDITIONER KERATIN ARGAN 1000ML  8",50.99,5,5,0,0,25-APR-026,"BENEDICT ABBEY",38
100506,"LONG MOUNTAIN NATURAL SWEET RED WINE 750ML 6",65.99,10,11,-1,-65.99,25-APR-026,APPIAH,111
115126,"FRUIT  KNIFE 35 WMETAL HANDLE YWU",9.9,14,46,-32,-316.8,25-APR-026,"NANA KOJO",365
125485,"PAPER HOLDER ZINC ALLOY 445X28X36CM 50733C",119,2,2,0,0,26-APR-026,VINOLIA,441
137271,"TORENTOREN WAFERS STRAWBERRY D FLAVOUR CW 55G 144",6.29,90,154,-64,-402.56,25-APR-026,"EDDIE MENSAH",108
148695,"WORLD MAP FRAME 70X100CM",1399,1,1,0,0,25-APR-026,GAD,472
140745,"BOARD BOOK KID PADDED MY FIRST TRANSPOTGOOD HABIT",45.9,3,3,0,0,25-APR-026,JERUSHA,287
153847,"COLOURING AND FUN CUTE TODDLERS",85,2,2,0,0,25-APR-026,"JERUSHA ",284
179952,"FILLED CUSHION LN 45X45CM CHACO EHAMKCUSHION143",99,1,11,-10,-990,26-APR-026,FRANCIS,525
179020,"JIGSAW PUZZLE 1000PCS 50X75CM OPP YW",36.9,5,5,0,0,25-APR-026,HERBERT,279
179207,"DIARY 80 GSM 171X243CM B5 ASST DESIGN COL YW",22.9,1,2,-1,-22.9,26-APR-026,"JERUSHA ",288
178458,"BATH SCRUBBER COTTON AND LINEN YWU",21.9,26,16,10,219,25-APR-026,VINOLIA,441
194639,"COOKING POT 24CM FALU ZHN 114524",319,4,5,-1,-319,25-APR-026,"NANA KOJO",364
193473,"DOOR MAT COIR TUFF 16MM ASTD 40X70CM",69,9,9,0,0,25-APR-026,"SAMUEL ADDO",399
191720,"MYBISCUIT DIGESTIVES CHOCO BISCUIT 600G 12",79.99,13,79,-66,-5279.34,25-APR-026,DORIS,98
192209,"CHANDELIER WHITEGOLD VB276",429,1,1,0,0,25-APR-026,KWAFO,169
200529,"FILO FLAVOUR MILK VANILLA 500ML 12",11.49,2,4,-2,-22.98,25-APR-026,CHRIS,61
36359,"DEVA LUX LIQUID HAND STAWBERRY SOAP 350ML 24",18.99,14,23,-9,-170.91,25-APR-026,TITUS,21
81981,"LG HOME THEATRE DVD SYSTEM 4TB51CH1000WLHD657M",5239,1,1,0,0,25-APR-026,JUSTICE,191
N566,"AKWAABA TISSUE  SMALL SIZE 76SHEETS 36",6.99,20,24,-4,-27.96,26-APR-026,BISMARCK,29
04816,"ORKIDE SUNFLOWER OIL 3L 6",199.99,9,12,-3,-599.97,26-APR-026,"RANDY ALHASSAN",47
143682,"EVERPACK SHITO CUPS 25CC 100PCS  20",18.99,9,20,-11,-208.89,25-APR-026,"ARTHUR JONADAB",25
154755,"WATER FUN ANIMAL SILICONE MKR186713",59,12,16,-4,-236,25-APR-026,HADASSAH,267
151544,"GALAXY CONCEPT SPRAY   BLOOMING 200ML 12",31.99,3,3,0,0,26-APR-026,ELLA,35
164227,"MEANNAN CURRY POWDER 150G  12",31.99,7,7,0,0,25-APR-026,BISMARCK,45
172892,"TAMPICO GRAPE PUNCH  JUICE 500ML 12",7.99,22,51,-29,-231.71,26-APR-026,DELIGHT,88
175038,"TABLE BOOK 1TO 40 EB1326",8.99,20,19,1,8.99,25-APR-026,"JERUSHA ",288
181598,"SPICE JAR 3PCS SET GLASS 370ML 131507457",49.9,7,7,0,0,26-APR-026,SYLVIA,426
185403,"CURTAIN JACQ GROM GOLD 54X90 02PA7263B",89,9,9,0,0,25-APR-026,"GERALD SACK ",481
194641,"COOKING POT 28CM FALU ZHN 114528",399,1,4,-3,-1197,25-APR-026,QUEENCILLA,376
26950,"VOLTPLUS AVR 2KVA W110V ASSIST OUTPUT AVR6022",779,4,5,-1,-779,25-APR-026,DANIEL,256
202184,"SOFTCARE PINK SANITARY PAD 16PCS   24",16.49,8,8,0,0,26-APR-026,"BOADI STEPHEN",51
87990,"JUVER SELECCION PEACH BOTTLE JUICE  850ML  12",42.49,7,9,-2,-84.98,26-APR-026,DELIGHT,88
62429,"YAZZ PANTY LINER  48",13.29,50,55,-5,-66.45,26-APR-026,"BOADI STEPHEN",51
N071,"SUNNY BROWN SUGAR SACHET 800G  30",40.99,12,11,1,40.99,25-APR-026,"EMMANUEL MENSAH",122
N642,"EVERPACK SPOON PLASTIC 50PCS  40",7.99,33,33,0,0,25-APR-026,"ARTHUR JONADAB ",26
N659,"INDOMIE NOODLES ONION CHICKEN 70G 44",4.99,149,205,-56,-279.44,26-APR-026,SOLOMON,76
97631,"STORAGE RACK WWHEELS 4LAYER PLASTIC 7042 YWU",249,1,1,0,0,26-APR-026,NASHINA,337
104433,"JUVER SELECCION APPLE JUICE 200ML 24",15.99,15,33,-18,-287.82,26-APR-026,KWAFO,83
105964,"KIDS ELEC BIKE RED 6V 390W JMB3186",1399,1,1,0,0,26-APR-026,MARIAM,293
107897,"ELTRUT VEGETABLES SPRING ROLL 8PCS 380G 1",50.99,1,15,-14,-713.86,25-APR-026,EVELYN,140
124673,"BATHROOM SET 4PCS SET GLASS WINTRY",59,2,2,0,0,26-APR-026,VINOLIA,442
138370,"DALGETY INSTANT LEMON  GINGER  9G10 45",30.99,36,18,18,557.82,25-APR-026,AKORFA,57
148824,"CAKE BOARD SQUARE 10PCS GOLDSILVER 3MM 30CM YWU",39.9,9,9,0,0,25-APR-026,"ALHASSAN RANDY",382
149563,"DECAKILA JUICER 08L 350W KEJC010B",639,4,4,0,0,25-APR-026,"COLLINS HAMMOND",232
149798,"KIDS PIANO ANIMAL DESIGN AK597647",149,12,12,0,0,25-APR-026,HANNAH,272
151361,"CUSHION 500G FILLING 43X43CM",129,1,1,0,0,25-APR-026,"GIDEON GBLOGAH",508
164335,"SALT AND PEPPER SHAKER SET 80MLX2 GLASS KC210",14.9,24,24,0,0,25-APR-026,SYLVIA,426
169122,"NASCO COFFEE MAKER 1145W CAFECM7001",549,2,2,0,0,25-APR-026,LESTER,249
169248,"BROOM WSTICK IDEAL GBB175",24.9,1,6,-5,-124.5,25-APR-026,DANIEL,XMAS
186970,"BIRTHDAY CUPS IN 10PCS SAME DESIGN WITH PLATE",10.9,10,11,-1,-10.9,25-APR-026,HADASSAH,268
185623,"KIDS CAR BMW M3 WRC 128 8662803A",179,2,2,0,0,25-APR-026,HANNAH,276
183274,"ICECREAM CUP 6PC SET 200ML GELATO PJ 027 RJK",49.9,7,7,0,0,26-APR-026,SOMUAH,417
184403,"NASCO STEAM STATION 2400W EC1720",999,1,1,0,0,25-APR-026,"KINGSLEY OP",220
192698,"GIFT BAG 12X12X6 TXHZ072164",20.99,6,6,0,0,25-APR-026,MARYLAND,301
200345,"AMERICAN CHEF PANCAKE SYRUP PET 710G 12",56.99,4,16,-12,-683.88,26-APR-026,"PAUL OWUSU",64
198442,"DINNER PLATE SQ 10INCH CERAMIC EMBOSSED YWU",36.9,15,15,0,0,26-APR-026,BLESSING,408
37816,"KALYON WINDOW CLEANER AMMONIA 750ML 12",20.99,15,16,-1,-20.99,25-APR-026,ABIGAIL,6
60471,"TUMBLER 6PCS SET OCA 400ML 76290200771876",49.9,3,3,0,0,25-APR-026,"STEPHEN ACQUAH",419
C0182,"PEDAL BIN 20LTR 28CMX28CMX37CM",64.9,1,2,-1,-64.9,25-APR-026,HAYFORD,454
95108,"FRUTAIL APPLE JUICE 1L  12",34.99,17,21,-4,-139.96,25-APR-026,KWAFO,103
95110,"FRUTAIL COCKTAIL JUICE 1L  12",34.99,2,14,-12,-419.88,25-APR-026,EMMANUEL,135
08351,"VITAMILK REGULAR 300ML 24",16.99,27,33,-6,-101.94,25-APR-026,CHRIS,61
103052,"DAY BY DAY SHOWER GEL ROSE 750ML  12",31.99,8,12,-4,-127.96,25-APR-026,"ANANE KOJO",21
104207,"DUSTBIN WPEDAL 40L PLASTIC M1056",209,5,6,-1,-209,26-APR-026,WISE,452
112086,"KIVO TOMATO MIX SUP 200G   24",8.99,24,24,0,0,26-APR-026,CHRIS,60
125359,"ROMAR FABRIC SOFTENER TALC 750ML  15",36.99,6,36,-30,-1109.7,25-APR-026,AKAYIRI,203
16329,"TALL HORSE CABERNET SAUVIGNON WINE 75CL 6",84.99,5,5,0,0,25-APR-026,APPIAH,111
159543,"DOLL 4DESIGN MIX  2096",59,52,52,0,0,25-APR-026,HERBERT,278
162679,"DINNER PLATE MELAMINE 10 INCHES FEILU 135102",16.9,1,76,-75,-1267.5,26-APR-026,REGINA,391
162679,"DINNER PLATE MELAMINE 10 INCHES FEILU 135102",16.9,15,76,-61,-1030.9,25-APR-026,REGINA,388
167760,"COOKWARE 6PCS SET 2MM STEEL HROLAND HR1133 RJK",549,1,4,-3,-1647,25-APR-026,OWUSU,374
180776,"QUEEN BED BLUE 1500X2000MM 1116",4590,1,1,0,0,25-APR-026,SHADRACK,519
178686,"CURTAIN EMBO GROMT BURGU 52X90 02PA7149D",99,7,7,0,0,25-APR-026,GILBERT,500
184334,"TONG SS 9 60350120",19.9,9,19,-10,-199,25-APR-026,OWUSU,369
184481,"JUG AND GLASS 5PCS SET PLASTIC HL0040CC  HL0041C",22.9,2,2,0,0,25-APR-026,"MICHAEL DADZIE",309
197417,"DIDI SHITO JAR MILD 420G  12",69.99,4,5,-1,-69.99,26-APR-026,GIFTY,63
197089,"MCBERRY WHEAT PUFFS CEREAL WITH HONEY 19G 100",1.99,42,52,-10,-19.9,25-APR-026,"KINGSLEY OP",91
X938,"EVEN  HALF CREAM UHT MILK 1L 12",53.99,43,57,-14,-755.86,26-APR-026,"NANA ADJEI ",82
93067,"MASSAGE TABLE FOLDING 2 SECTION BLACK GM201123B",1199,1,1,0,0,25-APR-026,SHADRACK,518
09485,"BADIA STEAK SEASONING 1843G  6",79.99,10,10,0,0,25-APR-026,BISMARCK,45
107855,"AMERICAN GOURMET FRENCH DRESSING 237ML 12",42.99,11,12,-1,-42.99,25-APR-026,GLADYS,72
119079,"HAPPYFLAKES COCOA BALLS 250G  12",31.99,8,8,0,0,26-APR-026,"KINGSLEY OP",91
123866,"SUITCASE NYLON GRNGREYBLUE 21CARLTON AMBERLITE",599,1,1,0,0,25-APR-026,MARYLAND,299
121335,"VARTA BATTERY ALKALINE V23GA BLISTER 1",42,10,10,0,0,25-APR-026,NTUMY,161
134140,"PENCIL CONTROL SUPER ACTIVITY BOOK",28.9,2,2,0,0,25-APR-026,"JERUSHA ",284
138573,"PILLOW ORTHOPEDIC",189,7,14,-7,-1323,25-APR-026,ESINAM,487
133198,"GREEN WORLD AREFRESHNER SBERRYBBERRY 300ML 24",29.99,9,9,0,0,25-APR-026,ABASS,2
132933,"SERVING BOWL MELAMINE 10 INCHES FEILU 20103",17.9,30,30,0,0,25-APR-026,REGINA,386
159790,"RUBBER BAND 50G COLOR MIX  254CM",9,1,1,0,0,25-APR-026,HADASSAH,268
168912,"SNAKE TOY WREMOTE CONTROL OTC0859232",159,4,4,0,0,25-APR-026,HERBERT,279
186064,"SOUP PLATE GOLDEN RIMMED 6 GR6SP RJK",12.9,1,151,-150,-1935,26-APR-026,BLESSING,409
185788,"MCVITIES BUTTER SHORTBREAD BITES 25G  48",7.59,48,62,-14,-106.26,26-APR-026,NTUMY,162
184258,"SHELF 5TIER 36X33X140CM LA2320",849,2,2,0,0,25-APR-026,FRANCIS,527
192389,"BUFFET UNIT W4DOOR BRNWHT BRISE 22504222",2790,1,1,0,0,25-APR-026,FRANCIS,527
192559,"GIFT BAG 26X32X10 9101",10.99,14,14,0,0,25-APR-026,MARYLAND,301
198737,"OIL AND VINEGER 2PCS SET GLASS YWU",159,10,10,0,0,26-APR-026,SYLVIA,426
87612,"ALIFE LUXURY  SOAP DELICATE ROSE 100G   40",4.99,26,25,1,4.99,25-APR-026,"ANANE KOJO",20
88924,"AKAI CEILING FAN 56 EF084AC5662WS",449,1,3,-2,-898,25-APR-026,"KINGSLEY OP",211
95644,"JOVEN CAPEL SPARKLING WHITE WINE 750ML 6",128.99,4,4,0,0,25-APR-026,APPIAH,113
09488,"BADIA GARLIC GROUND PARSLEY 1417G  6",99.99,6,6,0,0,26-APR-026,BISMARCK,45
110499,"LED PANEL LIGHT 126W WREMOTE ROUND RGB",109,1,1,0,0,25-APR-026,KWAFO,166
128810,"STATIONARY SET STUDENTS 12YR LUXOR 6PCS 13016BC",19.9,1,1,0,0,26-APR-026,GILBERT,294
123155,"OCEAN GLASS SET 6PCS 415ML CHARISMA3B1711506G0001",119,7,7,0,0,25-APR-026,"STEPHEN ACQUAH",421
124737,"LEARNING NUMBERALPHABET SERIES 2TITLE 16PGS 25YR",9.9,146,51,95,940.5,25-APR-026,JERUSHA,284
149911,"TOLSEN GLOVE 10XL 45001",4.9,8,3,5,24.5,26-APR-026,WONDER,253
159062,"TOILET BRUSH PP M1600 RJK",39.9,10,10,0,0,25-APR-026,VICTORIA,437
181606,"TEA  COFFEE PRESS BOROSILICATE 660ML 131081012",49.9,12,12,0,0,25-APR-026,SYLVIA,426
200389,"REXONA DEO STICK POWDER DRY 40ML 6",49.99,4,6,-2,-99.98,26-APR-026,ELLA,36
197750,"CUP AND SAUCER 220ML CERAMIC WHITE SW001B",16.9,11,46,-35,-591.5,26-APR-026,"SAMUEL ADDO",403
43019,"SHINE CRYSTAL SPOONS 50PCS  40",8.99,65,63,2,17.98,25-APR-026,"ARTHUR JONADAB ",26
37659,"DEVA POWER BLEACH  5L 4",95.49,2,1,1,95.49,26-APR-026,"GIDEON GBLOGAH",12
87472,"CHIGO LED TV 32 SATELLITE CTD32D2A2CTD32A2 LP",1849,1,1,0,0,25-APR-026,LESTER,250
54457,"DINNER PLATE MELAMINE 10 INCHES ZHN B047105",18.9,56,56,0,0,25-APR-026,BLESSING,407
X141,"IMPERIAL LEATHER CLASSIC BAR  SOAP  200G 36",16.99,38,48,-10,-169.9,25-APR-026,"ANANE KOJO",20
157263,"TEICHENNE CR LEMON CON TEQUILA LICOR 17 700ML 6",157.99,3,3,0,0,25-APR-026,MAHAMA,116
150545,"KANGARO PAPER PUNCH 55 SHEETS MOD60PP",199,6,6,0,0,26-APR-026,GILBERT,294
151261,"ATMOSPHERE LIGHT",279,3,3,0,0,25-APR-026,KWAFO,172
167997,"FILLED CUSHION P VELVET 45X45CMRED  DC241",119,8,8,0,0,25-APR-026,GLADYS,505
167317,"GARLAND 2MX11CM",10.9,26,26,0,0,25-APR-026,DANIEL,XMAS
170279,"DANCING DRUMMER CAT",22.99,6,1,5,114.95,25-APR-026,HANNAH,275
18749,"NESTLE CERELAC BL WHEAT 50G 10X8",6.99,80,103,-23,-160.77,26-APR-026,"EMMANUEL MENSAH",124
193425,"ICONS OF INSPIRATION 15X21CM",34.99,8,8,0,0,26-APR-026,"JERUSHA ",288
192364,"STICKY NOTES SET 148X65MM MF995379",14.9,20,18,2,29.8,26-APR-026,"JERUSHA ",289
198508,"BEVERAGE DISPENSER GLASS 10L WITH BAMBOO STAND",399,3,6,-3,-1197,26-APR-026,SYLVIA,428
96845,"MAGNIFIC CHOCOLATE ORANGE 750G   8",94.99,4,9,-5,-474.95,25-APR-026,ATITOGO,160
97717,"AMALFI  HAIR CONDITIONER  KERATIN MOJITO 1000ML 8",50.99,5,10,-5,-254.95,25-APR-026,"BENEDICT ABBEY",38
108891,"MARILAN CHOCOLATE WAFER 80G  24",7.29,14,14,0,0,26-APR-026,"KINGSLEY OP",94
110054,"ARTIFICIAL DELPHINIUM FLOWER 2BRNCH 85CM 2020093",19.9,16,15,1,19.9,25-APR-026,ESINAM,461
110232,"HEX DUMBBELL HD20KG",729,4,4,0,0,26-APR-026,NIBOI,467
121014,"LOTTERY GAME 24CARDS 7YRS 07165",59,6,6,0,0,25-APR-026,HERBERT,279
131640,"CAKE FONDANT CUTTER 3PCS SET A8110",1.9,88,88,0,0,25-APR-026,"ALHASSAN RANDY",384
147091,"DOVE BATH GEL CALMING 750ML  16",92.99,14,23,-9,-836.91,25-APR-026,"ANANE KOJO",22
139760,"MUG 330ML CERAMIC WSILVER LINE YWU",14.9,23,26,-3,-44.7,25-APR-026,ROBIN,392
15475,"CANADA DRY GINGER ALE DRINK 355ML 12",16.99,20,21,-1,-16.99,25-APR-026,DELIGHT,86
152176,"FRISBEE PU MKR197684",49,30,31,-1,-49,25-APR-026,HANNAH,275
152771,"PET CARRIER 584X41X375 451 YWU",349,1,1,0,0,25-APR-026,OTHNIEL,341
166548,"WATER BOTTLE 2PCSPACK PNP35032X2P2",29.9,11,8,3,89.7,26-APR-026,GILBERT,311
158741,"CARPET 140X200CM  BEIGE GENK14X20M",699,1,1,0,0,25-APR-026,"GIDEON GBLOGAH",508
161380,"CURTAIN VELVET EMBOSSED 54X90  PURPLE",119,1,1,0,0,25-APR-026,ESINAM,484
162455,"COFFEE TABLE ROUND SET2 MARBLE TOP LCT949",1899,1,2,-1,-1899,25-APR-026,FRANCIS,527
175301,"CARROT IMP PACK 500G",14.99,6,2,4,59.96,25-APR-026,JIMOH,134
169244,"BROOM WSTICK CARPET GBB17",24.9,24,24,0,0,25-APR-026,VINOLIA,440
186161,"CARPET FELT GRAYBLACK 2X15M SRMGB01",189,14,14,0,0,26-APR-026,GAD,474
189086,"RIBBON 5CM X 3YARDS",9.9,1,3,-2,-19.8,25-APR-026,HADASSAH,268
29874,"LELE BAKED BEANS IN TOMATO SAUCE 420G 12",14.29,31,31,0,0,25-APR-026,GLADYS,71
49721,"SIBLOU LIGHT MEAT TUNA CHUNK IN RED CHILLI 160G 48",29.99,7,46,-39,-1169.61,26-APR-026,APPIAH,126
50882,"KISS CIDER PEAR  500ML  24",25.99,2,58,-56,-1455.44,25-APR-026,JIMOH,1
65544,"SHINE BAKING PAPER 50MX 30CM  6",78.99,6,6,0,0,26-APR-026,"ARTHUR JONADAB",27
104657,"DORI REGALIZ NECK OF GIRAFFE STRAWBERRY 2X30X30G",5.99,25,27,-2,-11.98,25-APR-026,ATITOGO,159
108132,"CURTAIN 52X84  W8GROMMET J2020827",139,13,13,0,0,25-APR-026,ESINAM,486
113976,"JAMAA SOAP CLASSIC SOAP LAMINATED 300G  24",9.99,7,9,-2,-19.98,25-APR-026,"ANANE KOJO",19
122463,"AIRWICK REED DIFFUSER  SPRING 25ML  5",72.49,9,9,0,0,26-APR-026,ABASS,3
135954,"BADIA ORGANIC CAYENNE PEPPER 496G 12",74.99,22,14,8,599.92,25-APR-026,BISMARCK,45
148479,"ARTIFICIAL FLOWER MIX COLOR 7",19.9,1,2,-1,-19.9,26-APR-026,ESINAM,462
148497,"ARTIFICIAL FLOWER W5BRANCH 33CM MIX COLOR",3.9,3,4,-1,-3.9,26-APR-026,ESINAM,462
145413,"TABLE CLOTH CLIPS 4PCS SET SS 00034",2.9,4,5,-1,-2.9,25-APR-026,"NANA KOJO",365
157126,"PENDANT LIGHT BLACK WCRYSTALS 10713",499,1,2,-1,-499,25-APR-026,KWAFO,167
153284,"SWEET PEPPER GREEN PACK APL",20.99,1,1,0,0,25-APR-026,JIMOH,134
149732,"SLOTTED SPOON BLACK ILC ICC777KA0124 RK",19.9,1,1,0,0,25-APR-026,OWUSU,369
163137,"TABLE 810X660X440 CRYSTAL TABLE",1090,1,1,0,0,26-APR-026,FRANCIS,522
164927,"KIDS RIDEON MOTORCYCLE ELECTRIC GREEN JT5006",2399,1,1,0,0,26-APR-026,MARIAM,293
168802,"STEMWARE 6PCS SET GALLANT 180ML 107808072",69,1,1,0,0,26-APR-026,SOMUAH,417
18339,"LONG MOUNTAIN RUBY CABERNET RED WINE 75CL 6",69.99,6,7,-1,-69.99,25-APR-026,APPIAH,111
192578,"TABLE MATS GOLD SS HFXJ077",28.9,19,20,-1,-28.9,25-APR-026,"PAUL OWUSU",355
191069,"FOGG DEO ROLL ON ELEGANCE 50ML 48",20.99,36,37,-1,-20.99,26-APR-026,ELLA,35
27129,"TOILET BRUSH WSTAND PLASTIC 303 YWU",9.9,32,32,0,0,25-APR-026,VICTORIA,437
202553,"FROSTED PLATE 14 B16295M",8.9,63,63,0,0,26-APR-026,NASHINA,337
81478,"DOLAIT STRAWBERRY YOGURT 125G 10",9.99,1,1,0,0,25-APR-026,DANIEL,XMAS
71553,"TOLSEN LEATHER WORKING GLOVES 10XL 45024",55,14,14,0,0,26-APR-026,WONDER,253
55700,"MILO ACTIGEN E 800G 12",84.99,27,38,-11,-934.89,25-APR-026,"DAVID BRUNO",79
92697,"TONG 12CM SSTEEL LX09090 YWU",14.9,9,17,-8,-119.2,25-APR-026,OWUSU,368
119613,"CUSHION 45X45 ASOS",179,1,1,0,0,25-APR-026,"GIDEON GBLOGAH",508
116621,"SAIDA MAJOR CHOCOLAT BISCUIT 160G  20",11.99,28,26,2,23.98,26-APR-026,DERRICK,96
127949,"SERVING TRAY MELAMINE 19 INCHES FEILU 82519",39.9,17,18,-1,-39.9,25-APR-026,ROBIN,392
122390,"INFINITI FOREVER WALL CLOCK 708X708X5 INF6665",399,1,2,-1,-399,25-APR-026,SHADRACK,519
121312,"VARTA BATTERY LONGLIFE POWER AA BLISTER 4",56,9,10,-1,-56,25-APR-026,NTUMY,161
137492,"BUMBLE BABY WET WIPES 100 PCS ROSE DREAM  12",26.99,4,7,-3,-80.97,26-APR-026,PHILEMON,10
156262,"TOO MIGNON BABY KIT BLUE   6",96.99,1,1,0,0,26-APR-026,LESTER,50
157561,"VOLTPLUS UNIVERSAL ADAPTOR WBS PLUG VPUAG140UC",129,3,16,-13,-1677,25-APR-026,DANIEL,255
160161,"MUSICAL MAT PEVA 75X60CM DW8027",239,5,5,0,0,25-APR-026,HANNAH,272
174414,"TARGET GAME SUPERB MULTICOLOUR 143",59,1,2,-1,-59,25-APR-026,HANNAH,274
171980,"WALL LIGHT BLACKGOLD 61406WW",259,1,2,-1,-259,25-APR-026,KWAFO,170
167508,"XMAS TREE 24M 1500T",799,1,1,0,0,25-APR-026,DANIEL,XMAS
185599,"AKAI GAS COOKER 4B 60X60 WGRILL SLI GC076AL600",3499,1,1,0,0,25-APR-026,AKAYIRI,202
185842,"CREED COLA ENERGY DRINK  350ML 12",4.99,13,12,1,4.99,26-APR-026,JIMOH,1
187655,"LED LIGHT 4PCS",79,2,2,0,0,25-APR-026,KWAFO,171
188515,"KIDS HAMMER TOY SMALL PLASTIC 6257901802637",45.9,2,2,0,0,25-APR-026,HANNAH,275
192372,"TV STAND W2DOOR 70 WRNWHT HELO 36243227",1899,1,1,0,0,25-APR-026,SHADRACK,520
35550,"RAMBO BEEF PATE 400G  20",26.99,15,26,-11,-296.89,26-APR-026,APPIAH,126
74184,"DON SIMON RED GRAPE CAN DRINK 330ML 24",22.49,19,19,0,0,25-APR-026,DELIGHT,86
CL637,"CONTAINERS FANCY WITH LID 300ML 16CMX8CMX4CM",3.9,42,42,0,0,25-APR-026,NIBOI,316
90932,"WALL CLOCK INFINITI INFZX6504",249,1,2,-1,-249,25-APR-026,GAD,472
96844,"MAGNIFIC CHOCOLATE  WHITE 750G  8",92.99,5,10,-5,-464.95,26-APR-026,"EDDIE MENSAH",90
92751,"STICKY HOOK 2PC PLASTIC 8836 YWU",6.9,72,72,0,0,25-APR-026,WISE,448
109724,"ICE CREAM MOULD PAN HEAVY DUTY 5L SS WH1312 RJK",179,16,20,-4,-716,25-APR-026,"NANA KOJO",362
116366,"MASTERCHEF CAKE TURNER STAINLESS STEEL MCC41",4.9,1,42,-41,-200.9,25-APR-026,"NANA KOJO",365
121310,"ONE YOGO SUGAR FREE WHEAT YOGHURT 2L 1",114.99,7,6,1,114.99,25-APR-026,EMMANUEL,133
134804,"HUSKY MINCE BEEF FLAVOUR 775G  6",49.99,6,6,0,0,25-APR-026,ABASS,1
137493,"BUMBLE BABY WET WIPES 120 PCS LA BELLA  12",31.99,12,12,0,0,26-APR-026,"BENEDICT ABBEY",39
152175,"ROUND STRIPED BABY 17 MKR197612",2.9,183,184,-1,-2.9,26-APR-026,HADASSAH,269
149877,"SKKY INFUSION CITRUS VODKA 1L 6",180.99,5,8,-3,-542.97,25-APR-026,MAHAMA,117
164239,"BATH MAT 50X80CM BM3839",49.9,3,3,0,0,26-APR-026,"SAMUEL ADDO",402
161073,"AKAI CHEST FREEZER SD 145L CF046AC145W",2849,1,1,0,0,25-APR-026,AKAYIRI,204
16242,"GREENWORLD ECO CLEAN AFRESH ANTI TOBACC 500ML 12",43.99,18,18,0,0,26-APR-026,ABASS,3
187174,"BREAD KNIFE RJK IDA838KD0002",24.9,3,3,0,0,25-APR-026,"NANA KOJO",365
187272,"WORKOUT BENCH SFABSDUMB2X15KG",999,1,1,0,0,26-APR-026,"GEORGE PUPLAMPU ",467
193248,"XOC CHARCOAL MOUTHWASH 500ML 12",30.99,6,6,0,0,25-APR-026,"BOADI STEPHEN",53
193472,"DOOR MAT SISAL LATEX 8MM ASTD 40X60CM",34.9,11,12,-1,-34.9,25-APR-026,"SAMUEL ADDO",399
192350,"RUBBER BAND 40G ID04313",9.9,10,10,0,0,25-APR-026,HADASSAH,267
190013,"BINATONE KETTLE 17L 18502200W SS CEJ1700T",449,4,5,-1,-449,25-APR-026,LESTER,248
25808,"MASSAGER WTREADMILL 43CM 15INCLNE 220V35HP9068",9499,1,2,-1,-9499,25-APR-026,"GEORGE PUPLAMPU",467
CL709,"TAKE AWAY CONTAINER 750ML 192CMX13CMX55CM",3.5,18,24,-6,-21,26-APR-026,NIBOI,318
95183,"BIRTHDAY CANDLE GOLD",12.9,39,39,0,0,25-APR-026,HADASSAH,269
102970,"BELAIR AIR FRESHENER ORIENTAL 150ML  36",11.99,24,24,0,0,26-APR-026,ABIGAIL,5
107790,"GREENWORLD ECO CLEAN AFRESHNER DELLILLY500ML 12",44.99,10,9,1,44.99,26-APR-026,ABASS,3
113935,"WRITE AND WIPE ACTIVITY BOOK SERIES",24.9,24,24,0,0,25-APR-026,"JERUSHA ",284
147092,"DOVE BATH GEL  SHEABUTTER 750ML  16",92.99,1,1,0,0,25-APR-026,"ANANE KOJO",22
148713,"DISH RACK METAL YWU",549,1,1,0,0,25-APR-026,REGINA,387
158514,"FESTIVAL FROM CUVEE 0 STRAWBERRY WINE DRINK 750ML",51.99,4,4,0,0,25-APR-026,"EDDIE MENSAH",107
172766,"FOLDING CABINET PP ANTHRACITE 55LT EH34603",399,1,3,-2,-798,25-APR-026,"PAUL OWUSU",354
179665,"CARPET 90X150CM NAVY PL WITF013290X150",459,1,1,0,0,25-APR-026,"GIDEON GBLOGAH",508
186042,"GLASS JUG WCUP 7PCS SET 1600240ML 19157DDE RJK",149,1,4,-3,-447,25-APR-026,"SYLVIA ",425
184068,"COMFORT ROYAL MAGIC FABRIC CONDITIONER 20ML 30",21.49,10,18,-8,-171.92,26-APR-026,ALVIN,16
184068,"COMFORT ROYAL MAGIC FABRIC CONDITIONER 20ML 30",21.49,7,18,-11,-236.39,25-APR-026,ALVIN,15
194653,"WINE GLASS 3PCS SET RB060",39.9,5,15,-10,-399,25-APR-026,SOMUAH,416
68990,"DESSERT KNIFE 4PCS SET SS 1620",29.9,19,30,-11,-328.9,25-APR-026,DANIEL,KITCHEN
N789,"JOHNNIE WALKER BLACK LABEL WHISKY 1L  12",649.99,6,9,-3,-1949.97,25-APR-026,MAHAMA,117
93142,"ARTIFICIAL FLOWER 137CM 2 BUNCH",21.9,24,24,0,0,26-APR-026,AKAYIRI,462
90784,"DR MIGHTY  WC TOILET POWER BLOCKS BLUEB 4 IN 1  48",29.99,48,52,-4,-119.96,25-APR-026,NTUMY,163
95667,"FINE LIQUID DISHWASH BLUE SEA BREEZE 800ML  12",27.99,4,5,-1,-27.99,25-APR-026,ALVIN,13
03473,"ROMAR SOFTENER CONC MARSEILLE SOAP 2L  6",79.99,4,5,-1,-79.99,26-APR-026,ALVIN,16
118158,"BIN BUCKET WHANDLE 16LTR PLASTIC 02041000",49.9,1,9,-8,-399.2,26-APR-026,ESINAM,462
117211,"DOMS WATER COLOUR CAKES 36PCS 23MM 7429",49,3,3,0,0,26-APR-026,MARIAM,292
138366,"DALGETY STRONG CERASSIECORILLA BITTE MELON 40G 36",46.49,5,5,0,0,25-APR-026,AKORFA,58
136917,"GALAXY SPARKLING WINE RED GRAPE DRINK 750ML 12",46.49,11,11,0,0,25-APR-026,"EDDIE MENSAH",106
135861,"FABER CASTELL STRETCHED CANVAS 3X3 890303",16.9,1,1,0,0,26-APR-026,GILBERT,294
140000,"CUCUMBER LEBANESE APL PACK",18.99,9,1,8,151.92,25-APR-026,JIMOH,134
157613,"DUSTBIN QUATRO GREY SWING 45L 39X33X60CM PP65606",199,1,2,-1,-199,25-APR-026,DANIEL,XMAS
154034,"INFINITY SOLUTIONS DISHWASH PURPLE 650ML  12",29.99,6,6,0,0,25-APR-026,"FELIX BOADU",153
155114,"DEW DKLE LITTLE DROPS DIAPERS 15PCS SMALL  20",41.99,12,22,-10,-419.9,26-APR-026,WISE,41
157661,"DUSTBIN QUATRO GREY SWING 45L 39X33X60CM PP65607",199,6,6,0,0,25-APR-026,HAYFORD,455
174421,"VOYAGES BOOKS 4SET",39.9,5,5,0,0,25-APR-026,HERBERT,282
168222,"BEDSHEET SET MICRO PEACH 2PCS 90GSM 03BT0937PT",55,16,16,0,0,26-APR-026,GAD,474
180233,"DZIRE MINI WATER DISPENSER 13L 4W PWDAP222",59,10,10,0,0,25-APR-026,JUSTICE,184
198391,"CORIANDER PACK APL",13.99,1,1,0,0,25-APR-026,JIMOH,134
200865,"MELCOM SPECIAL EGG 15 PACK 1",52.99,2,2,0,0,25-APR-026,DANIEL,SUPERMARKET
41000,"WATER BOTTLE  PNP3312",9.9,8,34,-26,-257.4,26-APR-026,GILBERT,311
22804,"BLUE BAND SPREAD FOR BREAD 900G 12",42.99,12,13,-1,-42.99,26-APR-026,PRINCE,64
25057,"LELE CHUNKS LIGHT MEAT TUNA 160G 24",24.99,17,13,4,99.96,26-APR-026,APPIAH,126
89227,"BATHROOM MAT PLASTIC 2 DESIGN 6637CM 6939",55,34,34,0,0,26-APR-026,VINOLIA,443
91538,"DETTOL SOAP ORIGINAL 160G   48",21.99,45,47,-2,-43.98,26-APR-026,ALVIN,18
125274,"AIRPRO MINI CLIP AREFRSHNER FRESH VANILLA 25ML 6",20.49,6,17,-11,-225.39,25-APR-026,ABASS,3
127774,"PARMALAT DAIRY SNACK PLAIN  YOGURT  100G 12",39.99,1,13,-12,-479.88,25-APR-026,CHRIS,61
137095,"BOWL WLID GLASS 1000ML BW002J LTREND",42.9,4,4,0,0,26-APR-026,VICTORIA,432
148623,"HOOKS 5UNITS OVER THE DOOR SSTEEL YWU",29.9,14,9,5,149.5,25-APR-026,VINOLIA,439
14719,"EASY MOUZOO MANGO JUICE GLASS BOTTLE 1L 6",32.99,6,17,-11,-362.89,26-APR-026,EMMANUEL,127
14283,"CAMEL ZESTY LIME FRESH LIQUID 125ML 48",16.99,22,22,0,0,26-APR-026,QUEENCILLA,42
141435,"SKIMMER PIPE HANDLE 9  59054",9.9,14,14,0,0,25-APR-026,OWUSU,369
157089,"DAINESS BAKING POWDER 450G 24",26.99,69,45,24,647.76,26-APR-026,"FELIX BOADU",65
172261,"OMO HAND WASH POWDER EXTRA FRESH CN WA 450G  12",36.49,10,11,-1,-36.49,26-APR-026,ALVIN,17
193263,"LX MAX NEEDLE TIP PEN 1108012BOX",12.9,1,12,-11,-141.9,26-APR-026,GIDEON,294
198226,"STOOL 53X30CM PU YWU",649,1,4,-3,-1947,26-APR-026,FRANCIS,525
37756,"MOET  CHANDON BRUT IMPERIAL CHAMPAGNE 75CL 6",1099.99,3,3,0,0,25-APR-026,EMMANUEL,129
31583,"ORKIDE SUNFLOWER OIL 2L  6",134.99,10,10,0,0,26-APR-026,"RANDY ALHASSAN",47
72784,"HEAVEN INSECTICIDES  SPRAY 750ML 12",73.99,11,11,0,0,26-APR-026,DANIEL,9
06969,"KASAPREKO TONIC WINE 750ML 12",29.99,9,9,0,0,25-APR-026,MAHAMA,115
100247,"BEDSHEET SET SINGLE SIZE 125GSM 2PCS SBS75",99,19,19,0,0,25-APR-026,GILBERT,499
103690,"BORGES CLASSIC OLIVE OIL 100 PURE 500ML 12",199.99,12,12,0,0,26-APR-026,"NANA ADJEI",48
125148,"AHMAD TEA ENERGY 30G 20X15G  6",44.49,2,2,0,0,25-APR-026,AKORFA,58
123532,"BODY SCULPTURE ELBOW SUPPORT WCLOTH SXBNS3105EB",85,13,13,0,0,26-APR-026,CHARLES,466
135015,"KENWOOD VACUUM CLEANER WETDRY 25L 2200W VDM60000",2199,1,1,0,0,25-APR-026,"JOSEPH PATRICK ",195
134497,"LONDON BISCUITS DIGESTIVE 400G 20",31.99,16,17,-1,-31.99,25-APR-026,DORIS,97
146643,"ELTRUT CHICKEN  VEG SPRING ROLL 8PCS 380G 1",50.99,8,12,-4,-203.96,25-APR-026,EVELYN,141
14737,"BACARDI RHUM SUPERIOR WHITE CARTA 1L 12",319.99,2,2,0,0,25-APR-026,MAHAMA,115
140753,"LEARNING CHARTS ASSORTED 78X56X9CM",34.99,3,13,-10,-349.9,26-APR-026,MARIAM,293
163211,"QUERAY SHAMPOO FAMILY SIZE PH NEUTRAL 1L 9",41.99,8,9,-1,-41.99,26-APR-026,"BENEDICT ABBEY",38
165128,"MELCOM TROLL SUPREME 10ROLLS  6",39.99,4,10,-6,-239.94,25-APR-026,BISMARCK,44
161004,"BEDSIDE LAMP WGOLD STAND T2127",379,1,3,-2,-758,25-APR-026,KWAFO,171
160035,"MUS YUGHURT JAR WH BOW LSPON 425CC GL 131615000",14.9,3,1,2,29.8,25-APR-026,SYLVIA,426
161778,"VASE 115X12X195CM 4COLOUR",99,4,4,0,0,25-APR-026,HAYFORD,459
172957,"ARIEL HIGH STUD DETERGENT LAVENDER 35KG 4",374.99,2,2,0,0,26-APR-026,NIBOI,17
171979,"WALL LIGHT BLACK 10032F2",169,1,2,-1,-169,25-APR-026,KWAFO,167
179654,"CARPET 140X200CM BEIGE BROWN PL WITF0134140X200",769,1,1,0,0,26-APR-026,GAD,474
180766,"AKAI FRIDGE DD 112L RF134AC112L",2699,1,1,0,0,25-APR-026,NYARKO,174
182132,"BEL PUKKA EXTRA ALCOHOLIC HERBAL PET 330ML 12",6.19,25,26,-1,-6.19,25-APR-026,APPIAH,109
184387,"CLOTHES HANGER 5PCS SET 38CM PLASTIC XZ809 YWU",14.9,37,43,-6,-89.4,25-APR-026,VICTORIA,436
38044,"PARIDOX ALATA SAMINA BS GEL LEMON 450ML 20",41.99,15,13,2,83.98,26-APR-026,ALVIN,18
48798,"BLUE SKIES CHOCOLATE  ORANGE ICE CREAM 450ML 6",51.99,6,5,1,51.99,25-APR-026,EMMANUEL,135
74247,"RASTA CHOCO MALT 500ML  12",6.79,9,13,-4,-27.16,25-APR-026,DELIGHT,85
88334,"BEVERAGE DISPENSER 8L WSTAND PLASTIC AND METAL YWU",399,1,2,-1,-399,26-APR-026,SOMUAH,416
CL576,"STACK FOOD CONTAINER 500ML 162CMX13CMX8CM",8.9,16,18,-2,-17.8,25-APR-026,NIBOI,316
103766,"GIVERS LIQUID DETERGENT 25L  6",53.99,10,10,0,0,26-APR-026,"ARTHUR JONADAB",28
103405,"AKAI MICROWAVE OVEN 20L GRILL MW063A720MSMW072A",1399,1,3,-2,-2798,25-APR-026,WONDER,261
104888,"FANMILK YAOURT NATURE SKIMMED YOGHURT 125G 24",10.49,1,9,-8,-83.92,25-APR-026,DANIEL,XMAS
124247,"MOP COTTON HEAD  METAL HANDLE RED HIELX01 RJK",49,4,2,2,98,25-APR-026,RANDY,33
123089,"SUPER COOK FRYPAN 24CM CHN B4590484 B1430485",169,3,3,0,0,25-APR-026,PHILEMON,358
145134,"DUSTBIN FIT IN BLKGRY 53L 33X33X73CM PP72005",249,2,3,-1,-249,25-APR-026,WISE,451
145810,"BELPAK COMFORT T ROLL 10 ROLLS     6",38.99,3,3,0,0,25-APR-026,BISMARCK,44
169954,"TRUESMILE TOOTHPASTE  BRUSH PROFRESH 100ML  12",26.99,3,3,0,0,25-APR-026,"BOADI STEPHEN",54
170306,"KALYON POWDER DETERGENT GOLD 750GMS 20",22.99,1,21,-20,-459.8,26-APR-026,ALVIN,17
183435,"TUMBLER GLASS EMBOSSED 400ML 3PCS SET 3GS01 RJK",34.9,5,5,0,0,25-APR-026,"STEPHEN ACQUAH",419
27774,"WC NET BLEACH  MOUNTAIN FRESH 750ML 12",53.99,10,10,0,0,25-APR-026,ALVIN,13
37540,"WC NET INTENSE SOL RIM BLOCK LAV FRESH 4PCS  12",70.49,10,11,-1,-70.49,25-APR-026,ABASS,3
115802,"DZIRE GAS STOVE 2B GLASS TGGP2BBW2201",449,1,2,-1,-449,25-APR-026,"JOSEPH PATRICK",198
127727,"SQUARE PASTRY BOARD 50PCS OWN USE",79,4,4,0,0,25-APR-026,"RANDY ALHASSAN",385
122218,"AIRPRO  AIRREFRSHENER GEL RIO TROPICA 128G  24",24.99,9,18,-9,-224.91,26-APR-026,RICHMOND,5
157609,"DUSTBIN QUATRO GREY SWING 12L 26X24X35CM PP60706",79,1,17,-16,-1264,25-APR-026,SOMUAH,413
166546,"WATER BOTTLE 1370ML PNP3316TH7",9.9,16,16,0,0,26-APR-026,"MICHAEL DADZIE",310
161381,"CURTAIN VELVET EMBOSSED 54X90  TBLUE",109,1,6,-5,-545,25-APR-026,ESINAM,486
160287,"STICKY HOOKS 4PCS PLASTIC 1024 YWU",6.9,6,7,-1,-6.9,25-APR-026,WISE,448
170091,"FRIDGE BOTTLE VIBE 1000ML 831001",22.9,4,4,0,0,26-APR-026,GILBERT,312
167246,"TWISCO ENERGY FOOD DRINK SACHET 400G  12",38.99,25,26,-1,-38.99,25-APR-026,"DAVID BRUNO",80
187140,"SMLGGLE SCHOOL BAG",179,13,13,0,0,25-APR-026,"MICHAEL BOYE",302
187701,"HUMIDIFI CANDOR 400ML",169,2,2,0,0,25-APR-026,KWAFO,173
200731,"CHOPPING BOARD SET NYLON ZHN SK9763",44.9,7,7,0,0,25-APR-026,"PAUL OWUSU",354
52733,"CLOROX BLEACH  357L  3",254.99,1,1,0,0,26-APR-026,"GIDEON GBLOGAH",12
71755,"PARIDOX ALATA SAMINA BSGEL HONEY 450ML 20",41.99,6,15,-9,-377.91,26-APR-026,ALVIN,17
99931,"WINDOW SHADE YE3 200X200 BROWN",599,2,2,0,0,25-APR-026,"GERALD SACK ",479
103877,"AKAI LED LIGHT RECHARGEABLE LS012RA1018LLS027A",199,5,11,-6,-1194,25-APR-026,NYARKO,178
107898,"ELTRUT CHICKEN SAMOSA 8PCS  380G 1",50.99,9,14,-5,-254.95,26-APR-026,EVELYN,143
125374,"LEARNING 123 BOOK COEDITION",17.9,120,121,-1,-17.9,25-APR-026,"JERUSHA ",284
138802,"WRITING PAD EXAM BOARD POUCH 1PC DOMS 7753",46.9,3,3,0,0,26-APR-026,"JERUSHA ",288
132384,"GIFT WRAP PAPER MOONLEAFLUV 2P 70X100CM LXX3132",11.99,1,1,0,0,25-APR-026,JOSEPH,178
152219,"DERBY SHAVING STICK SAMURAI 3 BLISTER X 3 12",31.99,5,7,-2,-63.98,26-APR-026,AKORFA,55
152252,"HH RICH TEA SANDWICH VANILA CREAMS 32G  72",1.39,60,130,-70,-97.3,25-APR-026,DERRICK,96
160996,"WALL LIGHT 61546",119,1,1,0,0,25-APR-026,KWAFO,166
168812,"STEMWARE SET BARONE 490ML NADIR 70560201018659",99,1,1,0,0,25-APR-026,"STEPHEN ACQUAH",419
168101,"FILLED CUSHION P JAQUARD 45X45CMCHARCOAL DC254",129,9,10,-1,-129,25-APR-026,"GIDEON GBLOGAH",507
179661,"CARPET 90X150CM IVORY RUST PL WITF144290X150",369,1,2,-1,-369,25-APR-026,FRANCIS,522
178176,"CUTTING TOOLS 5 PCS SET  YWU",89,45,45,0,0,25-APR-026,PHILEMON,357
187965,"JOJONAVI FRUIT MANGO CAN JUICE DRINK  330ML 24",13.49,11,18,-7,-94.43,25-APR-026,DELIGHT,86
184036,"STASOFT FABRIC SOFT DREAM LAV STR 1212 20ML 12",27.99,4,28,-24,-671.76,26-APR-026,"ARTHUR JONADAB",28
193339,"TUMBLER GLASS CHARISMA ROCK 340ML 3B1711206G0001",119,6,6,0,0,25-APR-026,SYLVIA,426
200751,"COOKING POT WLID 28CM FALU ZHNBAROLY 114228",349,3,4,-1,-349,25-APR-026,QUEENCILLA,380
66380,"LION ALUMINIUM BELLIED COOKING POT 3PCS  BP2024",259,1,2,-1,-259,25-APR-026,"NANA KOJO",367
66700,"EVP DISPOSABLE 2LAYER PLATES  50X20  20",37.99,11,11,0,0,26-APR-026,DORIS,24
129385,"TABLE CLOTH GOLD 137X183CM",13.9,84,83,1,13.9,25-APR-026,ELLA,31
148232,"CABINET OFFICE W3DRAWERS WHITE NARROW YJH78",2590,1,1,0,0,26-APR-026,SHADRACK,521
148771,"BIRTHDAY CANDLE 6PCS",6.9,4,7,-3,-20.7,26-APR-026,HADASSAH,269
144335,"AIRPRO AUTOMATIC REFILL LAVENDER 250ML  12",32.99,18,18,0,0,26-APR-026,ABIGAIL,5
156792,"2PCS HAND TOWEL 40X80CM  ASTD RMH",45.9,75,87,-12,-550.8,25-APR-026,FRANCIS,523
166641,"PHOTO FRAME 527X427X45CM SILVER PP ZBM53040S",199,1,1,0,0,25-APR-026,HAYFORD,458
178143,"VACUUM MUG WSTRAW 1200ML SSTEEL STAN TYPE YWU",109,4,3,1,109,25-APR-026,"MICHAEL DADZIE",308
185419,"CURTAIN BKT GROM BURG 2P 54X90 02PA7216E",199,10,10,0,0,25-APR-026,ESINAM,486
197530,"VASELINE LOTION DAILY BRIGHTENING 725ML 12",105.99,5,5,0,0,26-APR-026,"BENEDICT ABBEY",38
36049,"BARILLA LASAGNE COLEZIONE 500G  15",55.99,14,14,0,0,25-APR-026,SOLOMON,74
204562,"BOTTLE INSULATED WHANGER METAL 800ML HCVB1145",65,15,39,-24,-1560,25-APR-026,"MICHAEL BOYE",307
79785,"BROOM PPPET WWOODEN HANDLE 28X5X10CM 55631 RJK",19.9,1,1,0,0,25-APR-026,DANIEL,XMAS
65361,"MULIK VANILLA MILK DRINK 500ML 18",36.99,2,16,-14,-517.86,26-APR-026,JIMOH,1
102549,"AHMAD TEA CARDAMOM 40G  6",37.49,6,6,0,0,25-APR-026,AKORFA,58
116644,"LG WASHING MACHINE FL 105KG SILVER F4V5RYP2T",15939,1,1,0,0,25-APR-026,AKAYIRI,203
127337,"EXETER LUNCHEON MEAT WITH BEEF 320G 24",33.99,22,44,-22,-747.78,26-APR-026,APPIAH,126
137483,"BUMBLE DIAPERS JUMBO N3 MIDI 70PCS  4",224.99,2,2,0,0,26-APR-026,WISE,40
148012,"PAINTING PINK FLOWERS DESIGN 53X63CM",169,1,9,-8,-1352,25-APR-026,SHADRACK,511
148517,"ARTIFICIAL FLOWER 65CM MIX COLOR",13.9,1,1,0,0,26-APR-026,ESINAM,462
141411,"SALTPEPPER SET 52X9CM 56053",19.9,9,9,0,0,25-APR-026,"NANA ADJEI",355
159523,"BALL 40CM",24.9,2,1,1,24.9,25-APR-026,CHARLES,466
159774,"TOYS MOVING PLASTIC",74.9,7,7,0,0,25-APR-026,HANNAH,272
175510,"FRYPAN 28CM CHN B2260695",249,3,3,0,0,25-APR-026,PHILEMON,358
194698,"BOWL 4PCS SET W2SPOONS AND LIDS PLASTIC RB004",59.9,1,22,-21,-1257.9,25-APR-026,"NANA ADJEI",329
190671,"PICKLEBALL SET",129,19,19,0,0,25-APR-026,CHARLES,465
34345,"PAPA 888 WHISKY WITH BOX 75CL 12",83.49,2,2,0,0,26-APR-026,MAHAMA,118
205680,"UNCLE T GINGER BREW JUICE BOTTLE 355ML 24",37.99,5,23,-18,-683.82,25-APR-026,EMMANUEL,135
76901,"UNOLI MAYONNAISE 1000G  6",87.99,2,2,0,0,25-APR-026,SOLOMON,73
61352,"MCVITIES DIGESTIVE  MILK CHOCOLATE 250G  24",92.99,12,30,-18,-1673.82,25-APR-026,EMMANUEL,127
N758,"MEDISOFT REPELLENT LEMON GREEN LOTION 100ML 72",14.49,2,41,-39,-565.11,26-APR-026,ELLA,36
96651,"LED BULB 50W B22 ORI",42.9,9,9,0,0,25-APR-026,KWAFO,170
07952,"MEANNAN CORN GRITS AKWEGBEMI 750G   12",22.99,5,8,-3,-68.97,26-APR-026,SOLOMON,78
107647,"JUVER DISFRUTA  APRICOT  JUICE 1L 12",32.99,9,16,-7,-230.93,25-APR-026,DORIS,102
113271,"PRAN ALL TIME BISK CLUB POTATO BISCUITS 80G  48",6.99,15,26,-11,-76.89,25-APR-026,DERRICK,96
115390,"TABLE LAMP WARM B36793 135068939931",429,1,4,-3,-1287,25-APR-026,KWAFO,173
115838,"WOK PAN 24CM FALU ZHNBLY 1027C24",149,1,7,-6,-894,25-APR-026,REGINA,387
12139,"ROMAR WASHING GEL WHITE CLOTH 15L 9",72.99,7,7,0,0,26-APR-026,ALVIN,16
135997,"CAR SCENT CANISTER CAN AIR REFRESHNER ASSORTED  24",53.49,51,66,-15,-802.35,26-APR-026,ABIGAIL,5
135340,"MABEL BATHING SOAP 150G LEMON 18",6.79,18,19,-1,-6.79,25-APR-026,"ANANE KOJO",20
147575,"MOMEASY BRUSH WCOMB SET 45903",38.9,1,2,-1,-38.9,26-APR-026,AKAYIRI,267
157382,"SERENGETI SWEET WHITE WINE 750ML 6",118.99,10,11,-1,-118.99,25-APR-026,APPIAH,113
162826,"CURTAIN JACQUARD 54X90 BLACK 272",219,7,7,0,0,26-APR-026,"GERALD SACK ",481
182385,"PORTABLE BBQ GRILL WCOOLER BAG",99,6,7,-1,-99,25-APR-026,"NANA KOJO",364
185823,"MCVITIES CHOCOLATE SHORTBREAD 200G  24",52.99,23,17,6,317.94,26-APR-026,NTUMY,162
184493,"BOWL WLID 6PCS SET PLASTIC HL0069DC612",44.9,2,2,0,0,26-APR-026,NIBOI,318
191058,"KIVO NONDIARY CREAMER 200G  26",13.49,17,26,-9,-121.41,25-APR-026,"DAVID BRUNO",80
195527,"BOOST SUGAR FREE ENERGY ORIGINAL 250ML 24",12.49,20,20,0,0,25-APR-026,DELIGHT,85
208196,"EGGPLANT PACK WFA",15.49,5,5,0,0,25-APR-026,JIMOH,134
202512,"MONTY MOON CHIPS CHOCO 25G  50",2.99,10,64,-54,-161.46,25-APR-026,"EMMANUEL MENSAH",121
204485,"ROYAL CIRCLE HONEY WHISKY 750ML  12",125.99,11,11,0,0,25-APR-026,MAHAMA,118
89587,"AKAI LED LIGHT RECHARGEABLESMD  LS005RA600LS025A",269,9,9,0,0,25-APR-026,NYARKO,178
70251,"INDOMIE HUNGRY MAN ONION CHICKEN FLAVOR 180G  26",12.49,78,201,-123,-1536.27,26-APR-026,EMMANUEL,127
72788,"HEAVEN MOSQUITO COILS 60 PACKETS",19.99,28,27,1,19.99,26-APR-026,"BOADI STEPHEN",9
63999,"NIVEA DEO ROLL ON FEMALE INVISIBLE  50ML  30",37.99,34,87,-53,-2013.47,26-APR-026,WONDER,36
CL743,"OHEMA CASSEROLE 2000ML 27CMX21CMX16CM",28.9,11,11,0,0,25-APR-026,PATIENCE,345
98373,"MCBERRY BOURBON CREAM BISCUIT 32G  72",1.79,8,10,-2,-3.58,25-APR-026,DERRICK,96
02236,"ROMAR SOFTENER CONC OCEAN FRESHNERS 2L  6",79.99,5,6,-1,-79.99,26-APR-026,ALVIN,16
00366,"ZWAN CHICKEN 6 BIG FRANKS 560G 12",71.99,12,15,-3,-215.97,26-APR-026,"EMMANUEL MENSAH",124
104496,"3TOL ANTISEPTIC LIQUID 500ML  24",28.49,9,9,0,0,26-APR-026,QUEENCILLA,42
107226,"20KG WEIGHT SET PVC BOX YORK FITNESS DWS20KG",899,-1,2,-3,-2697,26-APR-026,"GEORGE PUPLAMPU ",467
119591,"FARAGELLO GOLD GUAVA NECTAR GLASS BOTTLE 1L  6",33.99,7,7,0,0,25-APR-026,DORIS,99
148804,"SHOE AND HAT RACK 4LAYER METAL YWU",179,1,10,-9,-1611,25-APR-026,FRANCIS,527
141407,"BOWL WINSIDE FITTING PLAST LID 3PCS SET 11012WLI",119,3,3,0,0,26-APR-026,NIBOI,317
156626,"TOOTH PICK 300PCS BAMBOO YWU",6.9,17,17,0,0,25-APR-026,"PAUL OWUSU",350
149290,"CERES NECTAR MULTIFRUT FUS JUICE DRINK 1L 12",45.99,16,16,0,0,25-APR-026,KWAFO,100
166112,"HELLMANNS CHEDDAR SAUCE SQUEEZY 250G 8",53.99,8,8,0,0,25-APR-026,SOLOMON,73
160799,"WINDOW SHADE BLACKOUT ROLLER 45WHITE80X100CM",179,1,1,0,0,26-APR-026,"GERALD SACK ",478
161342,"FOUNTAIN 355X27X395CM 2233015",2599,1,2,-1,-2599,26-APR-026,FRANCIS,525
161728,"CORNER BASE CABINET FREIJO 250831320",1290,1,1,0,0,25-APR-026,FRANCIS,523
169495,"CUSHION EMBROIDERY 380G FILLING 45X45CM EHAMK001",149,8,10,-2,-298,25-APR-026,GLADYS,504
181935,"MAGNUM COFFEE TABLE OAK 4733",1299,1,1,0,0,25-APR-026,FRANCIS,527
187282,"WEIGHT DISC 453KG SFDISC10LB",179,4,4,0,0,25-APR-026,"GEORGE PUPLAMPU ",467
193535,"TUMBLER 3PCS SET LVVRA337AX",34.9,6,6,0,0,25-APR-026,SOMUAH,415
188741,"COFRUTOS DELIGHT MANDARINA 15L  6",48.99,1,1,0,0,26-APR-026,TITUS,21
79964,"CHRISTMAS GARLAND 25M 6 CLRS MIX",14.9,13,13,0,0,25-APR-026,DANIEL,XMAS
88235,"BIC SHAVER SOLEIL LADY 3BLADE 4SHAVERS  10",131.99,9,10,-1,-131.99,25-APR-026,"BOADI STEPHEN",54
N069,"KRIS HANDBODY LOTION ELEGANT YELLOW 200ML 36",10.49,5,6,-1,-10.49,26-APR-026,MABEL,36
96470,"ENA PA NONDAIRY CREAMER 1KG 12",61.99,4,12,-8,-495.92,26-APR-026,EMMANUEL,127
97139,"SERVING SET 4 PCS SC 0094",49.9,5,13,-8,-399.2,26-APR-026,OWUSU,368
97183,"RACING TOY FRICTION CAR TY258",69,1,11,-10,-690,25-APR-026,HERBERT,282
95107,"FRUTAIL ORANGE JUICE 1L  12",36.99,3,2,1,36.99,25-APR-026,EMMANUEL,135
97649,"SUNLIGHT BAR YELLOW 120G  48",7.29,50,50,0,0,25-APR-026,"ANANE KOJO",19
99595,"GHANDOUR BABY BOY TRAVEL KIT   10",126.99,5,11,-6,-761.94,25-APR-026,TITUS,21
100802,"ZOMBA PINK COCKTAIL 0 ALC 750ML 6",42.49,6,6,0,0,25-APR-026,"EDDIE MENSAH",106
108158,"HARIBO RAINBOW STRIPS ZING 130G143G  12",29.99,1,10,-9,-269.91,26-APR-026,"ABIGAIL YEVUGAH",158
108129,"CURTAIN 52X84  W8GROMMET J2020832",139,6,6,0,0,25-APR-026,GLADYS,501
122618,"FRESH CUT SWEET POTATOE FRIES 15KG 10",99.99,2,1,1,99.99,25-APR-026,DANIEL,XMAS
134144,"MY FIRST 3 LETTER WORDS 3",22.9,2,4,-2,-45.8,25-APR-026,"JERUSHA ",284
14822,"DEVA SOFTENER LAVENDER 1000ML 12 10502",43.99,2,2,0,0,25-APR-026,ALVIN,15
148808,"MULTIPURPOSE CLOTHES HANGER STAND METAL YWU",139,1,5,-4,-556,25-APR-026,FRANCIS,527
154719,"DOVE B  F  HAIR WASH MEN COOL FRESH 400ML 12",70.99,5,5,0,0,25-APR-026,"ANANE KOJO",22
156946,"BATH MAT IVORY 50X80CM BM238",49.9,1,1,0,0,25-APR-026,"SAMUEL ADDO",402
157386,"CASAL GARCIA FRUITZY PEAR  WINE 750ML 6",105.99,6,6,0,0,25-APR-026,APPIAH,113
164637,"COOKING POT WLID 18CM 29MM ALU PEDRINI 02PE1506 RK",199,2,3,-1,-199,25-APR-026,QUEENCILLA,379
164641,"SKILET WLID 24CM 29MM FGD ALU PEDRINI 02PE1509 RK",239,1,1,0,0,25-APR-026,QUEENCILLA,379
159466,"PLUSH TOY DOG 72CM",299,1,11,-10,-2990,25-APR-026,FRANCIS,523
158743,"CARPET 160X230CM CHOCOLATELILAC TIMMYF16X23M",999,1,2,-1,-999,25-APR-026,"GIDEON GBLOGAH",508
162640,"OCEAN CHEST FREEZER SD 150L CFOH 150 TG KS",3879,1,1,0,0,25-APR-026,"JOSEPH PATRICK",204
175030,"PRACTICE BOOK CAPSMA LETTER WRITING EB1193EB1194",12.99,14,13,1,12.99,25-APR-026,JERUSHA,284
172771,"VITA LUZ MULTIFRUIT DRINK 1L  12",24.99,12,16,-4,-99.96,25-APR-026,KWAFO,103
182351,"WARDROBE 6DOOR WHITE CANCUN 70004",2650,1,1,0,0,25-APR-026,FRANCIS,527
182409,"COOKWARE SET 7PCS PALU ZHNBLY OL570",749,1,1,0,0,25-APR-026,"PAUL OWUSU",355
179205,"CRY BABY EXTRA SOUR BUBBLE GUM 12OZ 24",109.99,1,1,0,0,26-APR-026,"EDDIE MENSAH",90
186991,"WOODEN PUZZLE AZ 26PCS",29.9,1,1,0,0,25-APR-026,JUSTICE,270
185921,"STAEDTLER BALLPOINT PEN 8PCS TIC TAC 4230 MC8",32.9,1,1,0,0,26-APR-026,"NANA KOJO",271
184101,"PEELER VEGFRUIT 77502 KA074",2.9,10,132,-122,-353.8,25-APR-026,"NANA KOJO",365
189433,"AKAI WATER PUMP CONTROLLER 16A WPC001A31",399,4,2,2,798,25-APR-026,DANIEL,255
197912,"VIP TROLLEYCASE WWHEEL 8W TOURAGE LG TOURTW8LYL",699,1,1,0,0,25-APR-026,MARYLAND,300
81364,"PAVOLLI YELLOW GOLD 310G  12",79.99,11,18,-7,-559.93,25-APR-026,DORIS,98
89208,"SCOURER PAD 5PCS SET SPONGE AP055 YWU",9.9,11,11,0,0,25-APR-026,"PAUL OWUSU",355
64158,"SASSO INSECTICIDE SPRAY LEMON SCENTED 750ML  12",95.99,17,18,-1,-95.99,26-APR-026,DANIEL,9
53984,"8 MATTRESS 180X200CM HD KS LAT",2699,1,5,-4,-10796,25-APR-026,SHADRACK,517
64015,"SAN PELLEGRINO SPARKLING WATER PET  500ML 12",17.99,20,32,-12,-215.88,25-APR-026,DELIGHT,85
90930,"LG HIFI SPEAKER CJ87CL87",7789,1,2,-1,-7789,25-APR-026,JUSTICE,188
92369,"ALPHABET WRITING SMALLCAPITALEB 154",4.9,1,28,-27,-132.3,25-APR-026,"JERUSHA ",284
06584,"STORIES AROUND THE WORLD 151 BOOK EB0495",35,35,19,16,560,26-APR-026,HERBERT,283
134921,"LE COQ ALC COSMOPOLITAN BOTTLE DRINK 330ML 24",30.99,1,1,0,0,25-APR-026,EMMANUEL,135
149073,"NIDO ESSENTIA 350G 12",67.99,16,19,-3,-203.97,26-APR-026,"DAVID BRUNO",80
149289,"CERES NECTAR ORANGE BLISS JUICE DRINK 1L 12",45.99,1,3,-2,-91.98,25-APR-026,EMMANUEL,135
163443,"BRUHM LED TV 43 SATELLITE BTF43S",4399,1,1,0,0,25-APR-026,"KINGSLEY OP",214
175033,"COLOURING SHAPES  OBJECTS 0LEVEL EB1232",8.99,22,26,-4,-35.96,25-APR-026,"JERUSHA ",284
179734,"AKAI RICE COOKER 28L 900W CK024A28LS",549,5,5,0,0,25-APR-026,"COLLINS HAMMOND",236
182000,"FABER CASTELL SMART KIT COL AND STN SET 141062",16.9,2,1,1,16.9,26-APR-026,MARIAM,295
178443,"SERVING TRAY MELAMINE XMAS 18INCHES FEILU 50181",24.9,4,4,0,0,25-APR-026,ROBIN,392
186983,"PARTY CANDLES NO09 MIX",5.9,16,16,0,0,26-APR-026,HADASSAH,269
184022,"FANTA STRAWBERRY PET DRINK 15L 6",23.99,5,71,-66,-1583.34,25-APR-026,DELIGHT,86
191004,"ALIFE BATH SOAP ALOE VERA 200G 18",10.29,11,11,0,0,25-APR-026,"ANANE KOJO",20
28649,"SASSO INSECTICIDE SPRAY 300ML  24",46.99,18,31,-13,-610.87,26-APR-026,"BOADI STEPHEN",9
57499,"EVERPACK SUPER JUMBO TOWEL LGE 105X9  12",23.49,10,10,0,0,25-APR-026,ELLA,32
72397,"ALPRO SOYA ORIGINAL DRINK  1L 8",56.99,19,17,2,113.98,25-APR-026,CHRIS,61
CL626,"PET JAR SQUARE 2000ML 125CMX125CMX18CM",5.9,40,77,-37,-218.3,25-APR-026,"NANA ADJEI ",327
D794,"TASTY TOM TOMATO PASTE SACHET 60G 50",3.29,172,182,-10,-32.9,26-APR-026,CHRIS,61
93664,"BLUE SKIES CHOCOLATE  ORANGE  ICE CREAM 125ML 12",16.99,8,8,0,0,25-APR-026,EMMANUEL,135
114230,"AKAI WINE COOLER 85L 34BOTTLES WR006A85L",7289,1,2,-1,-7289,25-APR-026,WOMDERT,252
110272,"SHELVES WALL DECOR JH8019",279,3,6,-3,-837,25-APR-026,GAD,472
127755,"PAPER BOX CAKE DOUBLE TIER 12 335X335X28CM YWU",39.9,11,13,-2,-79.8,25-APR-026,"ALHASSAN RANDY",384
125388,"LELE KETCHUP 550G 12",29.99,6,6,0,0,25-APR-026,GLADYS,72
122209,"GREENWORLD BAMBU AFRESHNER  LUXURY 100ML 12",82.99,12,12,0,0,26-APR-026,ABASS,3
121826,"CLOTHES PEG SET 12PCS MEGA",12.9,39,38,1,12.9,25-APR-026,VINOLIA,439
132375,"GIFT WRAP PAPER SILVERGOLD 2PCS 70X100CM LXX3042",11.99,11,11,0,0,26-APR-026,AKORFA,55
142193,"SALTON PROSECCO ALCM SPARKLING  WINE 750ML 6",179.99,1,1,0,0,25-APR-026,APPIAH,111
144045,"MAXIM HAIR GAIN OIL 110ML  40",37.99,20,49,-29,-1101.71,26-APR-026,"PAUL OWUSU",38
157609,"DUSTBIN QUATRO GREY SWING 12L 26X24X35CM PP60706",79,16,17,-1,-79,25-APR-026,HAYFORD,455
150592,"LINC PENTONIC BALL PEN BLUE 50 PCS DISPENSER 07MM",3.9,18,89,-71,-276.9,26-APR-026,SHADRACK,158
160822,"WINDOW SHADE BLACKOUT ROLLER 451180X200CM",429,15,15,0,0,25-APR-026,"GERALD SACK ",477
161867,"PLANTER MINI S 3COLOR MIX 55X8CM",44.9,5,5,0,0,25-APR-026,HAYFORD,460
171641,"KALYON WET WIPES CHAMOMILLE 100WIPES 12",27.99,17,16,1,27.99,26-APR-026,PHILEMON,10
167869,"FRY PAN 20CM FALU ZHNBLY Y13020",119,9,9,0,0,25-APR-026,PHILEMON,361
178519,"VACUUM MUG WSTRAW 900ML SSTEEL STAN TYPE YWU",89,19,14,5,445,25-APR-026,"MICHAEL DADZIE",308
185182,"NIVEA DEO DOUBLE EFFECT WOMEN 250 ML 6",70.99,12,12,0,0,25-APR-026,ELLA,34
192388,"ENTERTAINMENT UNIT W4DR 75 GAMA BRNWHT 36051227",3390,1,1,0,0,25-APR-026,SHADRACK,520
194949,"LADLE SPATULA SILICONE ZHN ZC3A",6.9,15,23,-8,-55.2,25-APR-026,"NANA KOJO",367
189567,"KENWOOD STANDING FAN 18 IFP18000BK",699,1,1,0,0,26-APR-026,EMMANUEL,207
190140,"WOKPAN INDUCTION 28CM G1521944",289,2,1,1,289,25-APR-026,OWUSU,374
189432,"AKAI WATER PUMP 1HP SELF PRIMIING WP003A100ES",999,1,1,0,0,25-APR-026,DANIEL,257
46081,"DEVA SHOWER GEL ALMOND HONEY 500ML  12",19.99,7,7,0,0,25-APR-026,"ANANE KOJO",21
48859,"SAMSUNG FRIDGE DD 203L RT26HAR2DSART20HARFAREDSA",8229,1,2,-1,-8229,25-APR-026,"JOSEPH PATRICK",205
202854,"DINNER SET 16PCS BEIGE CERAMIC T45026",199,1,1,0,0,25-APR-026,BLESSING,405
89254,"SERVING TRAY 29X19CM PLASTIC BLACK RANGE JB691 YWU",16.9,3,3,0,0,26-APR-026,NASHINA,337
D889,"MCVITIES DIGESTIVE ORIGINAL ROLL PACK 355G  12",54.99,10,10,0,0,25-APR-026,DORIS,97
99716,"STYLE UP BODY LOTION 265ML  6",16.99,6,6,0,0,25-APR-026,"BENEDICT ABBEY",37
95920,"FLOWER VASE PLASTIC 65X21CM",39.9,3,3,0,0,25-APR-026,HAYFORD,459
91241,"SAIRO BATHSHOWER GELGOLD EXCL FRAGRANCE  750ML 8",50.99,11,11,0,0,25-APR-026,"ANANE KOJO",22
96650,"LED BULB 40W B22 ORI",32.9,4,4,0,0,25-APR-026,KWAFO,170
91968,"BUDWEISER LAGER BEER BOTTLE  330ML   24",23.99,41,43,-2,-47.98,25-APR-026,APPIAH,110
103489,"PRIMA 80 PERFUMED DISINFECTANT 1L  15",47.99,21,21,0,0,25-APR-026,"ADIATOR MOSES ",8
104563,"FONTISSUE HERITAGE  SOFT TISSUE 150 SHEETS   32",11.99,8,26,-18,-215.82,26-APR-026,BISMARCK,29
109287,"FESTIVA PRAWN CRACKERS 227G  60",11.99,120,51,69,827.31,26-APR-026,PRINCE,64
120188,"VALEA VINURI CABERNET RED SEMI SWEET WINE  13 6",114.99,8,8,0,0,25-APR-026,APPIAH,112
115614,"FLOWER VASE 125X9X25 SJ2053",59,1,1,0,0,25-APR-026,HAYFORD,459
125273,"AIRPRO HANGING BOTTLE AFRESHNER CAVENTUS 10ML 12",35.99,14,14,0,0,25-APR-026,ABASS,3
129616,"STICKER BOOK GIRAFFE CRAYOLA 2907CYSB2",17.99,17,20,-3,-53.97,25-APR-026,"JERUSHA ",284
166384,"COLANDER WSIDE HANDLES 315CM SSTEEL XY2315",44.9,60,79,-19,-853.1,25-APR-026,"PAUL OWUSU",351
171375,"DR TEALS DEODORANT STICK ROSE  MILK 75G   6",107.99,5,1,4,431.96,26-APR-026,ELLA,36
172700,"SAIRO SHOWER GEL ALOE VERA 1250ML  10",56.99,11,11,0,0,25-APR-026,"ANANE KOJO",21
167628,"OIL SET 4PCS 2DESIGN MIX",69,14,14,0,0,25-APR-026,HAYFORD,457
168371,"ARTIFICIAL PLANT 4 COLOR MIX",99,1,6,-5,-495,26-APR-026,FRANCIS,521
181625,"MIDEA AC SPLIT 15HP INVERTER MSAF12CRDN1",7649,1,1,0,0,25-APR-026,"KINGSLEY OP",212
186065,"SOUP PLATE GOLDEN RIMMED 7 GR7SP RJK",14.9,45,45,0,0,25-APR-026,SOMUAH,412
183275,"COCKTAIL 6PCS SET 300ML MOZ  PJ 21611 RJK",59,7,7,0,0,26-APR-026,SOMUAH,417
193352,"A MIDSUMMER NIGHTS DREAM POCKET CLASSIC",22.9,6,5,1,22.9,26-APR-026,"JERUSHA ",288
191726,"MYBISCUIT BROWN SUGAR MILK CHO CHIP COOKIE 150G 24",41.99,34,34,0,0,25-APR-026,APPIAH,114
200453,"WOK WLID 28CM FALU ZHNBLY 120228",339,1,5,-4,-1356,25-APR-026,QUEENCILLA,375
198484,"LUNCH BOX WSPOON AND FORK PLASTIC 8096B YWU",59,18,18,0,0,25-APR-026,"MICHAEL BOYE",305
200695,"COOKWARE 9PCS SET SSTEEL ZHNHROLAND HR1601",799,2,2,0,0,25-APR-026,"PAUL OWUSU",351
199891,"BAVI BAR SOAP LEMON 225G 18",8.99,32,49,-17,-152.83,25-APR-026,"ANANE KOJO",20
30615,"COLGATE LIQUID CALCIUM TOOTHPASTE 140 G  72",19.99,40,61,-21,-419.79,25-APR-026,"BOADI STEPHEN",54
87415,"TURTLE OPEN FACE HELMET WADJUSTABLE STRAP LARGE",199,2,1,1,199,25-APR-026,"GEORGE PUPLAMPU",467
84715,"BALLOON STICK SET 12PCS",7.9,45,40,5,39.5,26-APR-026,HADASSAH,269
71585,"IRON MASTER SPRAY STARCH 750ML 20",22.99,22,22,0,0,25-APR-026,ABIGAIL,6
CL720,"BOWL WITH LID 24CMX10CM",9.9,12,12,0,0,25-APR-026,NASHIBA,334
D120,"GREEN GIANT NATURALLY SWEET CORN 340G 12",39.99,3,3,0,0,25-APR-026,GLADYS,71
95730,"AMALFI  SHAMPOO FAMILIAR ALOE  750ML  16",32.99,5,5,0,0,25-APR-026,"BENEDICT ABBEY",38
102260,"BODYCOLOGY MIST COCONUT HIBISCUS 236ML 12",77.99,5,8,-3,-233.97,26-APR-026,ELLA,35
120198,"LED CEILING LIGHT FLOWER ROUND MULT COLS 3063",149,4,5,-1,-149,25-APR-026,KWAFO,169
149011,"MCBERRY MILK CREAM POUND CAKE 30G  144",2.29,144,188,-44,-100.76,25-APR-026,EMMANUEL,127
148405,"PLACEMAT ROUND GOLDSILVER 6PCS",79,15,15,0,0,25-APR-026,GIFTY,490
148546,"VASE BLACK",65,11,15,-4,-260,25-APR-026,HAYFORD,459
147054,"WHOLE TUNA NATURAL IN SUNFOIL PETIT NAVIR 160G 48",50.99,15,15,0,0,26-APR-026,"EMMANUEL MENSAH",124
14506,"PAPYRUS NAPKIN 100X15",6.79,14,14,0,0,26-APR-026,"COLLINS HAMMOND",30
140569,"MEANNAN PLANTAIN CHIPS  PEANUTS 100G  12",12.49,18,20,-2,-24.98,26-APR-026,MAHAMA,120
156792,"2PCS HAND TOWEL 40X80CM  ASTD RMH",45.9,12,87,-75,-3442.5,25-APR-026,GIFTY,491
155591,"FANICE AMERICAN VANILLA ICE CREAM 2L 1",99.99,1,5,-4,-399.96,26-APR-026,EMMANUEL,138
162321,"MASON JAR 480ML GLASS FRUIT DESIGN YWU",12.99,16,4,12,155.88,25-APR-026,SYLVIA,426
159203,"PARTY SET",55,1,1,0,0,26-APR-026,HADASSAH,269
171676,"TOWER OF DAWN",139,9,5,4,556,26-APR-026,"JERUSHA ",288
18819,"STELLA ARTOIS LAGER BEER BOTTLE  330ML  24",24.99,5,5,0,0,25-APR-026,EMMANUEL,135
183520,"WATER BOTTLE PROMIST 600ML PHY B1021",49.9,11,11,0,0,25-APR-026,GILBERT,313
185198,"SOFTGENTLE ROLL ON FRESH BLOSSOM 50ML 6",25.99,4,5,-1,-25.99,26-APR-026,ELLA,36
184456,"REED DIFFUSER 150ML WHITE BIRCH",149,9,9,0,0,25-APR-026,HAYFORD,457
191080,"FOGG SCENT EDP PRINCE  30ML 72",46.99,17,17,0,0,25-APR-026,ELLA,33
189259,"XMAS ORNAMENT WLIGHT 98X11X26 257625066",27.9,14,14,0,0,25-APR-026,DANIEL,XMAS
26463,"BIC METAL BLACK 2BLADES STICK SACH 5  51  30",39.99,18,19,-1,-39.99,26-APR-026,AKORFA,55
202855,"DINNER SET 16PCS BLACK CERAMIC T45027",199,1,1,0,0,25-APR-026,BLESSING,405
204562,"BOTTLE INSULATED WHANGER METAL 800ML HCVB1145",65,26,39,-13,-845,26-APR-026,"MICHAEL BOYE",307
X472,"IDEAL ORIGINAL EVAPORATED MILK 370G 24",26.99,76,87,-11,-296.89,26-APR-026,"NANA ADJEI",81
CL575,"STACK FOOD CONTAINER 1500ML 165CMX145CMX105CM",8.9,12,12,0,0,25-APR-026,"MICHAEL BOYE",306
100659,"MASTERCHEF CAKE SERVER MC32041 RJK",9.9,38,51,-13,-128.7,25-APR-026,OWUSU,369
104784,"MCVITIES DIGESTIVE ORGINAL 78G  24",9.59,28,33,-5,-47.95,25-APR-026,DORIS,97
104877,"COLGATE HERBAL TOOTHPASTE VALUE PACK  230G  48",28.99,51,50,1,28.99,25-APR-026,"BOADI STEPHEN",54
119823,"STORY BOOK  RUSKIN BOND",34,24,1,23,782,25-APR-026,NTUMY,161
110936,"YOGLAIT  YOGHURT RASPBERRY 500G 1",36.99,2,4,-2,-73.98,25-APR-026,DANIEL,XMAS
123276,"BAUDUCCO WAFER WITH CHOCOHAZELNUT FILLING 140G 24",14.99,45,45,0,0,25-APR-026,"EDDIE MENSAH",108
122265,"LAV WINE GLASS MIS535A",59,6,1,5,295,25-APR-026,SOMUAH,414
14724,"EASY MOUZOO COCKTAIL JUICE GLASS BOTTLE 250ML 24",10.99,23,21,2,21.98,26-APR-026,KWAFO,83
145816,"BELPAK ECO GREEN NAPKIN   15",5.99,30,42,-12,-71.88,25-APR-026,TITUS,21
150398,"CURTAIN W8 GROMENT TAUPE 54X90 JQ030",119,6,6,0,0,25-APR-026,GIFTY,492
160874,"DINNER PLATE MELAMINE 10 INCHES FEILU 10010",18.9,42,65,-23,-434.7,25-APR-026,ROBIN,392
162298,"CHEESE SLICER SS WWOODEN HANDLE MC73035 RJK",19.9,15,15,0,0,25-APR-026,OWUSU,369
182106,"FARAGELLO GRAPE NECTAR TETRA PACK 1L 12 BLUE",24.99,10,25,-15,-374.85,25-APR-026,DORIS,102
186690,"RAINBOW CONTAINER 5PC SET ROUND PLASTIC RJK 21665",59,18,11,7,413,25-APR-026,"NANA ADJEI",330
187405,"WESTINGHOUSE FOOT SPA WHFS516",219,1,1,0,0,25-APR-026,WISE,446
188631,"WALL LIGHT DARK DESIGN ZF178",209,1,2,-1,-209,25-APR-026,KWAFO,168
200728,"CHOPPING BOARD SET NYLON ZHN SK9761",39.9,7,7,0,0,25-APR-026,"PAUL OWUSU",354
202778,"STA SOFT LAVENDER DREAM FABRIC CONDITIONER 1L  12",82.99,9,9,0,0,26-APR-026,ALVIN,16
205676,"UNCLE T CRANBERRY JUICE BOTTLE  355ML 24",37.99,22,22,0,0,26-APR-026,DELIGHT,88
CL727,"CONTAINER KEEP FRESH ROUND 2100 ML 20CMX85CM",9.9,16,44,-28,-277.2,25-APR-026,NASHIBA,334
N159,"KINGSBITE CHOCOLATE 100G 10TABSBOX  X 10 100",31.99,380,405,-25,-799.75,26-APR-026,NTUMY,162
97663,"MJS MAYONNAISE ORIGINAL  473ML  12",38.99,27,23,4,155.96,25-APR-026,SOLOMON,73
07014,"YAZZ WASHING POWDER 1KG 10",39.99,9,29,-20,-799.8,26-APR-026,ALVIN,17
103799,"STUTE DRINK MANGO 15L  6",51.49,4,6,-2,-102.98,25-APR-026,KWAFO,103
108469,"FIZZY SODA WATER 350ML 16",3.19,80,79,1,3.19,26-APR-026,NTUMY,164
123168,"OCEANBEER GLASS SET 6PC400M PILSNER 3B0091406G0004",119,6,7,-1,-119,25-APR-026,"STEPHEN ACQUAH",422
135997,"CAR SCENT CANISTER CAN AIR REFRESHNER ASSORTED  24",53.49,7,66,-59,-3155.91,26-APR-026,RICHMOND,50
135025,"TRACK LIGHT BAR 1METER",32.9,2,2,0,0,25-APR-026,KWAFO,167
129600,"OPENER WFRIDGE MAGNET 85X13X12 YWU",9.9,13,12,1,9.9,25-APR-026,OWUSU,369
140586,"DISPENSER BEVERAGE WSTAND 4500ML PLASTIC BSF00928",99,15,15,0,0,26-APR-026,NIBOI,319
165864,"QUILT SET 7PCS 70GSM ULTRASONIC QUEEN QSQ02",349,1,1,0,0,25-APR-026,SHADRACK,511
169867,"LADLE SPOON WWOOD HANDLE STEEL  HUALI AB2772",19.9,19,42,-23,-457.7,25-APR-026,OWUSU,368
167003,"BIG FLASH CARD WDISPLAY STAND 9TITLES",40.9,6,6,0,0,25-APR-026,JERUSHA,287
169162,"DERRBY SHAVING STICK BANYO PK5  14",18.99,7,7,0,0,25-APR-026,"BOADI STEPHEN",54
182348,"WARDROBE 3DR SLIDING BARILOCHE NOGUEOFWH 2253372",2990,1,1,0,0,25-APR-026,FRANCIS,527
186064,"SOUP PLATE GOLDEN RIMMED 6 GR6SP RJK",12.9,149,151,-2,-25.8,26-APR-026,BLESSING,410
186966,"BIRTHDAY CUPS IN 10PCS SAME DESIGN WITH PLATE",9.99,25,24,1,9.99,25-APR-026,HADASSAH,268
186194,"AKAI POWER BLENDER WMILL 2L 1000W PCJ BD080A005C",999,3,3,0,0,25-APR-026,PRINCE,221
18721,"EVERPACK JUMBO TOILET ROLL 12",27.99,4,4,0,0,26-APR-026,"ANANE KOJO",23
186666,"LUNCH BOX WYOGURT CUP PLASTIC RJK YH448",129,7,7,0,0,25-APR-026,"MICHAEL BOYE",306
190500,"BATHMAT TIE DIE WLATEX ASSORTED 40X60CM",23.9,19,30,-11,-262.9,26-APR-026,"STEPHEN ACQUAH",423
190628,"GIFT BAG 40X56CM",24.9,3,15,-12,-298.8,25-APR-026,MORGAN,324
202339,"GOLDEN VICTORIA COCKTAIL BLACK TEA 60G 24",17.99,16,16,0,0,25-APR-026,AKORFA,57
77032,"HOT POT SILVER 25000ML MAXFRESH",799,1,1,0,0,25-APR-026,OWUSU,372
89956,"TUMBLER MARTIGUES 3PCS SET 330ML DXB P1791",39.9,5,5,0,0,25-APR-026,"STEPHEN ACQUAH",418
51954,"BIFOOD CORNFLAKES 375G 18",39.99,33,72,-39,-1559.61,26-APR-026,EMMANUEL,127
N770,"FANTA ORANGE  15 L PET  6",23.99,54,67,-13,-311.87,26-APR-026,NTUMY,164
93635,"FIESTA WHITE GRAPE  NON ALCOHOLIC WINE  750ML  6",41.99,9,9,0,0,25-APR-026,"EDDIE MENSAH",107
90664,"LA SALUD SEA BREEZE  FLOOR CLEANER OCEAN 15 L  10",25.99,5,5,0,0,25-APR-026,"ADIATOR MOSES ",7
01609,"BADIA PEPPER GROUND BLACK 1984G  12",134.99,21,14,7,944.93,25-APR-026,GIDEON,67
101079,"TOPCO MULTIPURPOSE SOAP 300G   36",7.09,38,39,-1,-7.09,25-APR-026,"ANANE KOJO",19
102744,"SPARTAN SOFT FABRIC SOFTNER PINK  1L  12",76.49,6,6,0,0,25-APR-026,ALVIN,15
107646,"JUVER  SELECCION  TOMATO TOMATE JUICE  200ML 24",14.49,4,4,0,0,26-APR-026,KWAFO,83
109266,"COOKWARE 10PCS SET AZ10PCS",999,1,3,-2,-1998,25-APR-026,OWUSU,374
117121,"SERVING BOWL MELAMINE 6 INCHES ZHN C0126",9.9,1,1,0,0,25-APR-026,REGINA,387
117411,"XMAS GLASS BALL 3CM MULTICOLOR JH2021189",49.9,42,42,0,0,25-APR-026,DANIEL,XMAS
136726,"EVERPACK PARTY TIME FLEX  STRAW WRAPPED 6MM  50",9.49,69,18,51,483.99,25-APR-026,"ARTHUR JONADAB ",26
148006,"PAINTING ALUMINUM ALLOY FRAME 60X60CM",289,1,8,-7,-2023,25-APR-026,SHADRACK,509
148703,"MEDAL FOOTBALL DESIGN",19,19,16,3,57,25-APR-026,"GEORGE PUPLAMPU",467
145119,"DUSTBIN FALA BLKGLD SWING 30L 35X29X 54CM PP60807",189,2,6,-4,-756,25-APR-026,HAYFORD,453
149389,"STARFRESH PUMP SPRAY APPLE NECTAR 200ML 36",13.99,24,23,1,13.99,25-APR-026,ABASS,2
166547,"WATER BOTTLE 2PCSPACK PNP35022X2P2",29.9,5,8,-3,-89.7,26-APR-026,GILBERT,311
171347,"BELPAK TOILET ROLL 24ROLLS  1",77.99,3,2,1,77.99,26-APR-026,"COLLINS HAMMOND",30
168989,"PLATINUM THAI JASMINE RICE 5KG 5",149.99,53,78,-25,-3749.75,26-APR-026,GIDEON,70
168119,"FILLED CUSHION P EMBD 45X45CMGEOMETRY2 DC257",139,2,7,-5,-695,25-APR-026,FRANCIS,523
181097,"MR BEAST BAR CRUNCH MILK CHOCO PUFFED RICE 60G 10",59.99,7,7,0,0,25-APR-026,ATITOGO,159
179135,"WATER GAME PUZZLES ASSTD COLOR OPP YW",10.9,39,40,-1,-10.9,25-APR-026,HANNAH,275
185611,"RIGID ABS 8W LUGGAGE 24 TW2514ADK GRNLK BLU",749,1,1,0,0,25-APR-026,MARYLAND,300
193346,"WHISKEY GLAS TRAZE FT HI BALL 350ML 3P0366606X0001",229,6,3,3,687,25-APR-026,"STEPHEN ACQUAH",421
195107,"KAMILA CHOCOLATE TRUFFLE BLUE 750G 8",94.99,5,8,-3,-284.97,26-APR-026,"EDDIE MENSAH",90
192353,"BINDER CLIPS BLACK 51MM 2PCS MP51796",7.9,12,12,0,0,26-APR-026,GILBERT,294
192362,"PEN CASE 208X70X26MM SN002302",24.9,12,17,-5,-124.5,26-APR-026,GIDEON,294
192236,"TABLE LAMP TREBLE CLEF DESIGN L005H44",249,1,1,0,0,25-APR-026,KWAFO,172
200454,"FRYING PAN WLID 20CM FALU ZHNBLY 81120G20",149,1,9,-8,-1192,25-APR-026,QUEENCILLA,376
198766,"DINNER PLATE 12INCHES RECT CERAMIC GGK YWU",69,24,24,0,0,25-APR-026,BLESSING,410
40172,"HARIBO ZING HAPPY COLA 140G 12",29.99,15,15,0,0,25-APR-026,ABIGAIL,156
204933,"MUG CERAMIC WBLACK HANDLE GIFTBOX RB092",18.9,60,60,0,0,25-APR-026,SYLVIA,426
202555,"FROSTED GRILL PLATE 12 F019105M",10.9,78,80,-2,-21.8,26-APR-026,QUEENCILLA,379
50883,"KISS CIDER CHERRY  500ML  24",25.99,10,51,-41,-1065.59,26-APR-026,"JOSEPH PATRICK",135
69055,"DR MALT DARK CAN  330ML  24",8.19,90,101,-11,-90.09,25-APR-026,DELIGHT,86
104375,"DESTELLO FLOOR CLEANER FLORAL 1500ML  12",29.99,9,9,0,0,25-APR-026,"ADIATOR MOSES ",7
104619,"TOILET BRUSH WSTAND 485X13CM  PLASTIC SSTEEL YWU",16.9,7,7,0,0,25-APR-026,VICTORIA,437
108158,"HARIBO RAINBOW STRIPS ZING 130G143G  12",29.99,8,10,-2,-59.98,25-APR-026,ABIGAIL,156
128840,"BOWL 3PCS SET CERAMIC T146001",199,3,4,-1,-199,25-APR-026,RANDY,33
123526,"BODY SCULPTURE SLIM WAIST TONER 40X8 SXBB876CB",99,2,1,1,99,26-APR-026,CHARLES,466
134956,"CHANDELIER 3LIGHT BLKGOLD LEAF DESIGN 10463",479,1,2,-1,-479,25-APR-026,KWAFO,530
142197,"SALTON BRUT ROSE ALC SPARKLING  WINE 750ML 6",179.99,6,6,0,0,25-APR-026,APPIAH,113
152144,"SINARLINE JUMBO PAD BLOCK COLOR WGLUE VISTA",28.99,-20,4,-24,-695.76,26-APR-026,JERUSHA,289
149957,"PENCIL CASE ROUNDTRIANGLESQUARE",39,9,11,-2,-78,25-APR-026,MARIAM,290
164312,"VENETIAN ALUMINIUM BLINDS 140X180MM BLANC",429,5,5,0,0,25-APR-026,"GERALD SACK ",480
179153,"AKAI WATER DISPENSER WFRIDGE 3TAPS WD033A168TLR",2099,1,1,0,0,25-APR-026,AKAYIRI,202
178306,"CLOCK 59CM 2422",649,4,2,2,1298,25-APR-026,GAD,472
179338,"ADDME GROUNDNUT PASTE 1KG 950G 12",79.99,8,8,0,0,26-APR-026,"FELIX BOADU",65
192691,"GIFT BAG 125X345X10 KA146814",14.99,7,8,-1,-14.99,25-APR-026,MARYLAND,301
193538,"TUMBLER IN 3  PCS SET PACK LVHLN356A",34.9,14,14,0,0,25-APR-026,SOMUAH,415
190635,"SWIMMING POOL RAINBOW DESIGN 90CM",99,5,5,0,0,25-APR-026,CHARLES,465
206526,"BASKET HANGING METAL BLACK DELICIOUS FB0210",29.9,21,22,-1,-29.9,25-APR-026,"RANDY ALHASSAN",385
N349,"HEINZ CORNED BEEF 340G  24",65.99,70,7,63,4157.37,26-APR-026,APPIAH,126
90604,"CURTAIN ROD SINGLE 120210 11032210AC",119,7,7,0,0,26-APR-026,GAD,474
04114,"SPARLETTA SODA 350ML 12",5.69,72,100,-28,-159.32,26-APR-026,DANIEL,165
03471,"COKE ZERO PET 1L  4",15.99,4,96,-92,-1471.08,26-APR-026,DELIGHT,87
06509,"MEANNAN GROUNDED PEPPER 200G 12",32.99,7,4,3,98.97,25-APR-026,BISMARCK,45
102951,"FRES LIQUID SOAP COCOA  350ML  24",17.99,24,25,-1,-17.99,25-APR-026,BISMARCK,43
118279,"FARAGELLO GOLD GRAPE NECTAR GLASS BOTTLE 1L  6",33.99,30,36,-6,-203.94,26-APR-026,EMMANUEL,127
115952,"SANITA CLUB 2KITCHEN TOWELS  10",24.99,10,13,-3,-74.97,25-APR-026,TITUS,21
125631,"PLATE SOUP EMBOSSED PORCELAIN 875 38833 RJK",12.9,27,28,-1,-12.9,25-APR-026,SOMUAH,411
122219,"AIRPRO AIRFRSHNER ORG CAN CHERRY LUCIOUS 42G 24",39.99,8,22,-14,-559.86,26-APR-026,ABIGAIL,5
12254,"BLESSED CHILD NATURAL BROWN SUGAR BOTTLE  850G 12",30.99,5,5,0,0,25-APR-026,"EMMANUEL MENSAH",122
137067,"DR TEALS SHEA BUTTER  ALMOND OIL  BW 24OZ  4",119.99,2,2,0,0,25-APR-026,"ANANE KOJO",22
129647,"COLOURING BOOK ANIMAL 1685ANCB14",12.99,8,7,1,12.99,25-APR-026,"JERUSHA ",284
14811,"DEVA DISWASHING LIQUID LEMON 700ML 24 10404",25.99,13,13,0,0,25-APR-026,ALVIN,13
153846,"ART BOOK FINGERPRINT",49,9,10,-1,-49,25-APR-026,"JERUSHA ",284
164922,"FINE TISSUE FACIAL FINE CLASSIC 150X2 PLIES 48",14.99,25,35,-10,-149.9,25-APR-026,TITUS,21
160854,"SERVING BOWL WLID MELAMINE 9 INCHES FEILU 349",32.9,46,47,-1,-32.9,26-APR-026,REGINA,391
161470,"CURTAIN 54X90  GREEN",129,3,6,-3,-387,25-APR-026,ESINAM,485
174211,"PAPER BAG 26X32X10CM KF14063L14",12.9,12,12,0,0,25-APR-026,MARYLAND,301
169952,"TRUESMILE TOOTHPASTE  BRUSH CHARCOAL 100ML  12",23.99,12,12,0,0,25-APR-026,"BOADI STEPHEN",54
168530,"MIRROR 2COLOR MIX 3PCS SET 55X30",99,1,1,0,0,26-APR-026,FRANCIS,524
168552,"MCBERRY TIGER NUT BISCUITS 30G  72",1.39,24,100,-76,-105.64,25-APR-026,"EDDIE MENSAH",108
188622,"BRUHM AC SPLIT 15HP R410 BAS12RC1W",4049,1,1,0,0,25-APR-026,"KINGSLEY OP",212
187253,"POTOSKY MATHEMATICS BASIC 5",79,1,1,0,0,26-APR-026,HERBERT,283
192931,"AKAI QLED TV 43 2K SMART LT4309T2S2QSMT",3499,1,2,-1,-3499,25-APR-026,LESTER,250
198398,"WALL CLOCK 305X305X42 1207B",75,10,10,0,0,25-APR-026,"GAD ",471
81671,"ARIZONA ALL NATURAL MANGO FRUIT JUICE C 650ML 24",23.99,1,1,0,0,25-APR-026,EMMANUEL,135
71327,"FLORA TISSUE PAPER 2PLY MELCOM BRAND 165SHEETS  36",11.49,28,35,-7,-80.43,26-APR-026,BISMARCK,29
N636,"PAPER NAPKIN  KITCHEN TOWEL EVERPACK MS  6",16.49,3,7,-4,-65.96,25-APR-026,ELLA,31
94959,"DR MIGHTY WC POWER BALLS BELLFLOWER  5 IN 1 24",24.99,5,16,-11,-274.89,26-APR-026,"GIDEON GBLOGAH",12
101063,"N0 8 CHOCOLATE FINGERS CHIPS 20G  60",1.69,31,52,-21,-35.49,25-APR-026,"EMMANUEL MENSAH",121
102866,"KIDS LUNCH BOX MONKEY FACE PLASTIC L00615",19.9,19,19,0,0,25-APR-026,"MICHAEL BOYE",306
124658,"AMALFI SHOWER GEL SPA   750ML  16",29.99,21,34,-13,-389.87,25-APR-026,"ANANE KOJO",21
133963,"DALGETY INSTANT GINSENG  GINGER WIT HONEY 122G 36",51.99,27,27,0,0,25-APR-026,AKORFA,57
139640,"DECAKILA KETTLE 17L 2200W STAINLESS  KEKT004W",299,1,11,-10,-2990,25-APR-026,WONDER,246
143032,"AKAI INSECT KILLER 2X20W IK005A2X20W",599,13,36,-23,-13777,25-APR-026,NYARKO,180
154815,"PUZZLE MINI 3DESIGN KIDS SET FT00029",135,-10,4,-14,-1890,26-APR-026,HERBERT,279
160194,"WHITE BOARD WWOODEN FRAME 30X50CM WB5023",59,5,5,0,0,26-APR-026,"NANA KOJO",271
175532,"DOWN ALTENATIVE PILLOW 50X75CM",329,14,16,-2,-658,25-APR-026,GIFTY,493
166739,"COLOUR IT",6.9,9,10,-1,-6.9,25-APR-026,"JERUSHA ",284
179184,"SILICON SPLASH FLYER 18CM ASST COL OPP YW",15.9,6,6,0,0,25-APR-026,CHARLES,465
188869,"BATHMAT 50X80CM BM278 SILVER CP",59,9,8,1,59,25-APR-026,"SAMUEL ADDO",400
33996,"BOWL PLATE 2PCS SET 9INCH CERAMIC T160019",32.9,3,4,-1,-32.9,25-APR-026,SOMUAH,411
36845,"JACK DANIELS WHISKY 70CL 12",469.99,7,7,0,0,25-APR-026,MAHAMA,117
202343,"GOLDEN VICTORIA GREEN TEA COLLECTION 45G 24",17.99,28,28,0,0,25-APR-026,AKORFA,57
202551,"FROSTED PLATE 95 B16214M",14.9,39,39,0,0,26-APR-026,NASHINA,337
87806,"HEAVEN DARK SOY SAUCE 500ML 12",27.99,3,3,0,0,25-APR-026,GLADYS,72
92201,"JUVER SELECCION  ORANGE  NARANJA  200ML 24",13.99,11,16,-5,-69.95,26-APR-026,KWAFO,83
04178,"BUTCHERS DELICIOUS CHICKEN LIVER  BEEF 100G 8",74.99,4,4,0,0,25-APR-026,ABASS,1
100989,"CURTAIN POLYESTER DD TONE WHANGER 52X84  DRTH299",149,1,7,-6,-894,25-APR-026,ESINAM,486
102313,"BRAGG APPLES CIDER VINEGAR 946ML  12",245.99,13,13,0,0,25-APR-026,SOLOMON,74
117100,"KENWOOD MICROWAVE OVEN 22L DGT BLACK MWM22000BK",2039,1,4,-3,-6117,25-APR-026,DANIEL,263
115843,"KELLOGGS MOONS  STARS CHOCO CEREAL 414G 10",69.99,12,14,-2,-139.98,26-APR-026,"KINGSLEY OP",91
127341,"EXETER HOT DOG 400G 12",25.99,41,40,1,25.99,26-APR-026,"EMMANUEL MENSAH",124
126662,"LA SALUD BLEACH WITH DETERGENT  LEMON 5L 3",77.49,1,1,0,0,26-APR-026,"GIDEON GBLOGAH",12
139257,"GODREJ SAFE WELEC LOCK 660X495X432MM FS 651EL",10999,2,1,1,10999,25-APR-026,WOMDERT,252
131312,"CROWNSTAR COOKWARE 10PCS SET MC22032 RK",699,1,1,0,0,25-APR-026,DANIEL,KITCHEN
153228,"FABRIC SOFTNER MON BIJOU MACIEZ 17L  6",51.99,3,3,0,0,25-APR-026,ALVIN,15
149447,"LAV STEMWARE 3PCS SET LVELL563A",59,7,7,0,0,25-APR-026,SOMUAH,414
160050,"SPORTS BOTTLE WHANGER 750CC PLASTIC 161407086",24.9,9,19,-10,-249,25-APR-026,GILBERT,313
175508,"FRYPAN 20CM CHN B2260295",149,5,5,0,0,25-APR-026,PHILEMON,358
174620,"BINE XONIX BED BUGS ERADICATOR 500ML  12",94.99,7,15,-8,-759.92,26-APR-026,"BOADI STEPHEN",9
174896,"POTOSKY WRITING SKILLS FOR NURSERY 1",55,1,1,0,0,26-APR-026,HERBERT,283
171653,"ALL MY SONS",65,8,8,0,0,26-APR-026,"JERUSHA ",288
175391,"MUNCHEE BANANA CRUNCH BISCUIT 26G  72",1.39,12,56,-44,-61.16,26-APR-026,"KINGSLEY OP",94
179579,"DIY HAIRBALL PICTURE CRAFT 30X30CM WSTAND ASST DE",33.9,12,12,0,0,25-APR-026,HERBERT,280
179989,"CURTAIN YD PL GROMT SLBL 54X90 24EHM004",169,5,5,0,0,25-APR-026,GLADYS,502
186923,"GOLDMAN PARANI BROWN SUGAR 400G  12",20.99,15,15,0,0,25-APR-026,"EMMANUEL MENSAH",122
190661,"PUFFY TOYS 100G",21.99,11,11,0,0,25-APR-026,HADASSAH,268
188859,"BATHMAT 50X80CM BM244 IVORY CP",59,10,11,-1,-59,25-APR-026,"SAMUEL ADDO",401
191897,"KENWOOD RICE COOKER 18L 700W SS RCM19",669,2,12,-10,-6690,25-APR-026,"COLLINS HAMMONDN",231
190076,"FAN DESKTOP RECHARGABLE",36.9,27,28,-1,-36.9,25-APR-026,JUSTICE,183
204902,"IDEAL ORIGINAL EVAPORATED MILK 165G 24",11.79,268,773,-505,-5953.95,26-APR-026,"NANA ADJEI",81
204526,"PRAN CUP NOODLES CHICKEN FLAVOUR 60G 48",15.99,43,43,0,0,25-APR-026,SOLOMON,75
79158,"COLGATE MOUTHWASH PLAX ICY SOFT MINT 250ML  24",51.99,23,19,4,207.96,25-APR-026,"BOADI STEPHEN",53
87300,"BINATONE BLENDER 15L WSTIR STICK 350W BLK BLG 403",659,1,2,-1,-659,25-APR-026,PRINCE,228
50880,"CONDOR PEAK NATURALLY SWEET RED WINE 750ML 12",79.99,3,7,-4,-319.96,25-APR-026,APPIAH,111
60853,"INKUNIM FOODS NATURAL HONEY 660G 12",84.99,8,8,0,0,26-APR-026,GIFTY,63
60997,"SUNNY BROWN SUGAR SACHET 400G 50",21.99,59,57,2,43.98,25-APR-026,"EMMANUEL MENSAH",122
92777,"TUMBLER 4PCS SET PLASTIC 4580M37 YWU",12.9,4,3,1,12.9,25-APR-026,"MICHAEL DADZIE",309
110474,"OKF ALOEVERA SUGAR FREE 500ML  20",20.99,1,1,0,0,26-APR-026,DELIGHT,88
125404,"OKF FRUIT DRINK WALOE LEMON GINGER 500ML 20",26.99,15,35,-20,-539.8,26-APR-026,DELIGHT,88
137496,"BUMBLE BABY WET WIPES ROSE DREAM 120PCS   12",31.99,6,14,-8,-255.92,25-APR-026,NTUMY,163
131635,"CAKE FONDANT CUTTER 3PCS SET A8104",1.9,48,48,0,0,26-APR-026,"ALHASSAN RANDY",384
149011,"MCBERRY MILK CREAM POUND CAKE 30G  144",2.29,31,188,-157,-359.53,25-APR-026,"ABIGAIL YEVUGAH",157
148546,"VASE BLACK",65,2,15,-13,-845,26-APR-026,ESINAM,462
156699,"CAN OPENER SSTEEL YWU",42.9,1,14,-13,-557.7,25-APR-026,HADASSAH,266
149877,"SKKY INFUSION CITRUS VODKA 1L 6",180.99,6,8,-2,-361.98,25-APR-026,EMMANUEL,127
164207,"MAZBIT TASTY TREAT CHOCO GROUNUT BISCUITS 60G  40",3.59,94,80,14,50.26,25-APR-026,"FELIX BOADU",154
159469,"PLUSH TOY DOG 40CM",119,1,1,0,0,26-APR-026,HANNAH,276
159533,"B  FORMULAS FACIAL WIPES SENSITIVE 30S 12",20.49,7,7,0,0,26-APR-026,"BENEDICT ABBEY",39
160469,"MUG 620 ML WLID CERAMIC STRIPES M29016",19.9,25,25,0,0,25-APR-026,ROBIN,392
174417,"NEON COLOURING 8SET",69,2,2,0,0,25-APR-026,"JERUSHA ",284
175021,"JOY WWATER COLOUR LAND SCAPE 1234 EB1367",8.9,22,33,-11,-97.9,25-APR-026,JERUSHA,287
171978,"WALL LIGHT BLACK 10032F1",129,2,3,-1,-129,25-APR-026,KWAFO,167
169872,"STIRER LADLE WWOOD HANDLE STEEL PEAR AB2775",19.9,13,40,-27,-537.3,25-APR-026,OWUSU,368
169239,"TULIP CHICHEN LUNCHEON 340G  24",53.99,10,11,-1,-53.99,26-APR-026,APPIAH,126
178169,"KNIFE SET 6PCS  YWU",89,18,18,0,0,25-APR-026,NASHIBA,335
178213,"PARTY CUP  PLATE 30PCS SET 79INCH ASSTD COL YW",49,4,5,-1,-49,25-APR-026,HADASSAH,268
187672,"BLANKET POLYESTER 1300G 15X2M 5COLOR MIX",249,12,12,0,0,25-APR-026,GILBERT,499
194710,"PLATE CERAMIC 8INCHES QW003",19.9,20,35,-15,-298.5,25-APR-026,BLESSING,407
191048," OSSUM ULTRA MOISTURISING B LOTION OLIVE 400ML 24",39.99,22,22,0,0,25-APR-026,"BENEDICT ABBEY",37
190629,"GIFT BAG 40X56CM",24.9,14,15,-1,-24.9,25-APR-026,"MICHAEL BOYE",302
46885,"DINNER PLATE MELAMINE 9 INCHES ZHN B0379",16.9,60,60,0,0,26-APR-026,BLESSING,408
206223,"KIVO FORTIFIED 4 IN 1 GARI SOAKING MIX 70G  40",2.79,16,17,-1,-2.79,25-APR-026,"FELIX BOADU",66
CL683,"QUEEN OF CASSEROLE 1800ML PI 27CMX22CMX14CM",29.9,10,10,0,0,25-APR-026,PATIENCE,345
90687,"QUERAY ZEN AROMATERAPIA BATH GEL 750ML 12",32.99,13,13,0,0,25-APR-026,"ANANE KOJO",21
91237,"SAIRO BATHSHOWER GEL MELON SENSATION 750ML 8",50.99,14,13,1,50.99,25-APR-026,"ANANE KOJO",22
95184,"BALLOON SET 20PCS WITH PUMP",17.9,1,17,-16,-286.4,25-APR-026,HADASSAH,269
99609,"PRINCESS BODY MIST LILAC 50ML  48",8.49,62,65,-3,-25.47,25-APR-026,ELLA,34
102952,"FRES LIQUID SOAP FRUITS  350ML  24",17.99,14,14,0,0,25-APR-026,BISMARCK,43
108580,"GOLDEN PHEASANT TOMATO PASTE CAN 70G  100",15.99,5,8,-3,-47.97,26-APR-026,GIFTY,63
119593,"FARAGELLO GOLD  GUAVA NECTAR BOTTLE 250ML 24",11.99,28,57,-29,-347.71,26-APR-026,EMMANUEL,127
129072,"MASTERSEAL CONTAINER RECT PP 1200ML FRC K3021412",69,5,5,0,0,25-APR-026,"NANA ADJEI",329
137065,"BODMAN BLUSRF 236ML  12",77.99,8,8,0,0,25-APR-026,ELLA,35
132367,"REED DIFFUSER 100ML BLACK BIRCH",89,13,14,-1,-89,25-APR-026,HAYFORD,457
148012,"PAINTING PINK FLOWERS DESIGN 53X63CM",169,2,9,-7,-1183,25-APR-026,GAD,472
155737,"DEW DKLE CANISTER WIPES  12",99.99,2,2,0,0,26-APR-026,PHILEMON,10
153244,"EASY DRINK S N T BEACH RTD COCKTAIL DRINK 500ML 12",37.49,6,10,-4,-149.96,25-APR-026,APPIAH,109
165921,"HYSON ASSORTED FIESTA COLLECT INFUS TEA 20S 36G 24",39.99,11,11,0,0,25-APR-026,AKORFA,58
160034,"MULPURPOSE FOODBOWL WH SPOON 410CC GL 131555580",19.9,7,7,0,0,25-APR-026,SYLVIA,426
175354,"HOME GRANOLA  500G  12",85.99,14,15,-1,-85.99,25-APR-026,"KINGSLEY OP",91
172262,"OMO HAND WASH POWDER EXTRA  FRESH CN WA  900G 10",69.99,15,17,-2,-139.98,26-APR-026,ALVIN,17
167655,"MUG 350 ML CERAMIC DESINGER YWU",9.9,13,13,0,0,25-APR-026,"SAMUEL ADDO",398
170277,"KIDS MOTOR BIKE TOY SPIDER",29.99,3,4,-1,-29.99,25-APR-026,HANNAH,275
170342,"KALYON EXTRA LIQUID DISHWASHING D LEMON 1225ML 12",40.99,16,19,-3,-122.97,25-APR-026,ALVIN,13
170449,"LOWICZ UHT MILK LACTOSE FREE 35 1L 12",49.99,18,19,-1,-49.99,25-APR-026,CHRIS,61
187674,"BLANKET POLYESTER 2000G 15X23M 5COLOR MIX",349,14,16,-2,-698,25-APR-026,GILBERT,499
194904,"KNIFE 6PCS SET ZHN DZD056",79,19,20,-1,-79,25-APR-026,NASHIBA,335
191728,"COFFEE TABLE GLASS TOP 110X550MM BRCT500",1099,1,1,0,0,25-APR-026,FRANCIS,523
200450,"WOK 24CM PALU ZHNBLY 119124",129,6,6,0,0,25-APR-026,PHILEMON,358
200649,"KIVO HOT PEPPER POWDER 6G  1",.79,16,1,15,11.85,25-APR-026,GIDEON,67
198914,"SEASONING BOX SPICE CN250717H",44.9,70,70,0,0,25-APR-026,OTHNIEL,339
195692,"STORAGE CONTAINER RND LOCKLID PLASTIC 25L HL0128TC",58.2,1,1,0,0,25-APR-026,"NANA ADJEI",326
204541,"BOTTLE INSULATED WHANGER METAL 1000ML HCVB1318",79,44,43,1,79,26-APR-026,"MICHAEL BOYE",307
204559,"MARILAN BISC MARIE COCONUT 300G  24",16.99,19,32,-13,-220.87,26-APR-026,"KINGSLEY OP",94
75249,"TUMBLER ZOMBIE 330ML DXB L4700N7793",7.9,31,26,5,39.5,25-APR-026,"STEPHEN ACQUAH",422
88882,"S6 NAPKINS 40X40CM ASSORTED",65,18,18,0,0,25-APR-026,GIFTY,490
89690,"BINATONE DRY IRON 1000W HEAVY DI1275",479,1,7,-6,-2874,25-APR-026,"KINGSLEY OP",218
70388,"SEARA CHICKEN NUGGETS 300G 35",42.99,5,6,-1,-42.99,26-APR-026,NYARKO,182
X167,"PRINGLES CHEESE AND ONION 165G  19",49.99,6,11,-5,-249.95,26-APR-026,NASHIBA,89
105777,"BLACK HEXAGON DUMBBELL HD5KG",179,10,3,7,1253,25-APR-026,"GEORGE PUPLAMPU",467
105813,"DOVE BODY WASH CUCUMBER GREEN TEA 500ML  20",70.99,17,22,-5,-354.95,25-APR-026,"ANANE KOJO",22
117293,"WESTINGHOUSE SAUCE PAN WLID 18CM WCSP0009018MBB",319,4,4,0,0,25-APR-026,QUEENCILLA,376
113047,"KENWOOD STEAM IRON 2000W STP40000WP",429,3,3,0,0,25-APR-026,"KINGSLEY OP",218
125260,"SAIRO FAMILY SHOWER GEL  SWEET ESCAPE 750ML  12",29.99,12,13,-1,-29.99,25-APR-026,"ANANE KOJO",21
128008,"DOMS METALLIC BRUSH PEN TRAVEL KIT 10 SHADES 8436",219,2,2,0,0,26-APR-026,GIDEON,294
122800,"LUNCH BOX 2 LAYER W SPOON  FORK PLASTIC UR3206",39.9,26,27,-1,-39.9,25-APR-026,"MICHAEL BOYE",306
124731,"FOOD CONTAINER 550ML PLASTIC BSF00856",19.9,11,11,0,0,25-APR-026,"NANA ADJEI ",327
136638,"HAAGEN DAZS BELGIAN CHOCOLATE 100ML 24",33.99,4,8,-4,-135.96,25-APR-026,EMMANUEL,135
135342,"MADAR GLASS CLEANER 750ML 12",21.99,27,27,0,0,25-APR-026,ABIGAIL,6
152899,"ESSENTIAL AROMA OIL 10ML ASTD8 PE1",12.9,13,27,-14,-180.6,26-APR-026,ABASS,4
159684,"AMERICAN CHEF WHITE VINEGAR 946ML 12",27.99,5,6,-1,-27.99,25-APR-026,SOLOMON,74
161082,"INFINITY SOLUTIONS DISHWASH ORANGE 3L  6",107.99,1,1,0,0,26-APR-026,"ARTHUR JONADAB",28
159198,"BALLOON SET",25,2,2,0,0,26-APR-026,HADASSAH,269
174980,"NERO ORANGE CARBONATED PET DRINK 350ML 20",3.19,8,24,-16,-51.04,25-APR-026,EMMANUEL,135
168851,"CLARENDELLE BORDEAUX ROSE WINE 2021 750ML 6",214.99,5,5,0,0,25-APR-026,APPIAH,113
180204,"RICE SPOON WWOOD LONG HANDLE PEAR AA1813",35,10,48,-38,-1330,25-APR-026,OWUSU,368
191840,"JING CHINESE HERBAL SPIRIT 520ML 12",224.99,10,10,0,0,26-APR-026,MAHAMA,118
190500,"BATHMAT TIE DIE WLATEX ASSORTED 40X60CM",23.9,10,30,-20,-478,26-APR-026,"STEPHEN ACQUAH",424
200862,"MELCOM SPECIAL EGG 30 PACK 1",105.99,2,2,0,0,25-APR-026,DANIEL,SUPERMARKET
195526,"BOOST ICED COFFEE MOCHA 250ML 12",28.99,11,10,1,28.99,26-APR-026,TITUS,21
41000,"WATER BOTTLE  PNP3312",9.9,27,34,-7,-69.3,26-APR-026,"MICHAEL DADZIE",310
26353,"SAIRO OATS HAND WASH 500ML 12",24.99,8,8,0,0,25-APR-026,BISMARCK,43
64004,"NIVEA DEO ROLL ON FRESH NATURAL 50ML  30",37.99,24,87,-63,-2393.37,25-APR-026,ELLA,34
X724,"MCVITIES SHORTBREAD 200G 24",46.99,3,55,-52,-2443.48,26-APR-026,SHADRACK,158
CL758,"CRISPER CONTAINER RND 1250ML 14CMX12CM",6.9,21,22,-1,-6.9,25-APR-026,NASHIBA,334
D136,"LUNCH NAPKINS PLAIN 100SHTS 15",9.29,16,32,-16,-148.64,26-APR-026,"COLLINS HAMMOND",30
98263,"LAYS POTATO CHIPSSPRING ONION CHEESE 105G   20",31.99,19,19,0,0,25-APR-026,"EMMANUEL MENSAH",121
103798,"STUTE DRINK ORANGE 15L  6",51.49,3,2,1,51.49,25-APR-026,KWAFO,103
111404,"LITTLE FRIENDS MORAL STORY BOOK LEVEL 3 ED797",11.9,78,80,-2,-23.8,25-APR-026,HERBERT,282
125285,"DZIRE DVD BRACKET 350X250MM TBDVDSQ10",199,6,6,0,0,25-APR-026,JUSTICE,190
122264,"LAV STEMWARE 6PCS SET LVELL543F",109,2,3,-1,-109,25-APR-026,SOMUAH,416
138739,"SAMSUNG WASHING MACHINE FL 7KG WW70T3010BSNQ",9749,1,1,0,0,25-APR-026,AKAYIRI,203
135327,"MADAR POWDER 27KG  6",99.99,5,5,0,0,26-APR-026,NIBOI,17
135351,"APHRO PALM SPIRIT THE NUBI 750ML 12",330.99,7,7,0,0,25-APR-026,MAHAMA,115
147687,"ENERGIZER BATTERY MAX AABP8",115,14,14,0,0,25-APR-026,NTUMY,161
156974,"BATH MAT WHITE 50X80CM BM228",65,4,5,-1,-65,26-APR-026,"SAMUEL ADDO",402
158742,"CARPET CREAM 140X200CM TIMMYF14X20M",749,2,2,0,0,26-APR-026,GAD,474
171196,"DECORATIVE GLASS BOTTLE 10X10X20CM AF17046",69,13,15,-2,-138,25-APR-026,HAYFORD,460
170317,"KALYON POWDER DETERGENT MOUNTAIN BREEZE 3KG 6",94.99,2,7,-5,-474.95,26-APR-026,ALVIN,17
178194,"BATH SPONGE NYLON YWU",32.9,2,2,0,0,25-APR-026,VINOLIA,440
187307,"CURTAIN ROD ANTIQ COPP 2BRAKET 120210CM A03210AC",129,7,7,0,0,26-APR-026,GAD,474
193434,"JUNIOR GENIUS",47.99,11,5,6,287.94,26-APR-026,HERBERT,283
193038,"PEELER 6PCS SET ZHN HD126",29.9,13,38,-25,-747.5,25-APR-026,"NANA KOJO",366
198762,"DINNER PLATE 10INCHES RECT CERAMIC GGK YWU",49.9,24,24,0,0,25-APR-026,BLESSING,410
37652,"DEVA GLASS CLEANER 750ML  12",25.99,10,15,-5,-129.95,26-APR-026,ABIGAIL,6
83980,"ARTIFICIAL GRASS 247TIPS A",44.9,8,8,0,0,26-APR-026,VINOLIA,443
64395,"4TH STREET SWEET RED WINE 750ML 6",99.99,6,6,0,0,25-APR-026,APPIAH,111
X736,"HEINZ BAKED BEANS 415G 24",24.99,54,85,-31,-774.69,25-APR-026,GLADYS,71
CL678,"PET JAR ROUND 2000ML 115CMX18CM",5.9,25,25,0,0,25-APR-026,"NANA ADJEI ",328
CL721,"BOWL FANCY TINTED 20CMX9CM",5.9,4,6,-2,-11.8,25-APR-026,NASHIBA,334
D571,"GUINNESS STOUT ALC BOTTLE 330ML 24",17.89,96,285,-189,-3381.21,25-APR-026,EMMANUEL,128
115122,"CHEF KNIFE 8INCHES WHOLE METAL YWU",44.9,6,27,-21,-942.9,25-APR-026,NASHIBA,335
111278,"BEST IN STRAWBERRY JAM 454G  6",74.99,5,6,-1,-74.99,26-APR-026,GIFTY,63
132952,"DINNER PLATE MELAMINE 11 INCHES FEILU 501116",17.9,33,33,0,0,26-APR-026,ROBIN,392
155422,"GAS LIGHTER MYQ91821",19,10,11,-1,-19,25-APR-026,DANIEL,258
161809,"MUG 380ML CERAMIC DESIGNER YWU",12.9,60,70,-10,-129,25-APR-026,ROBIN,392
180280,"SOLID TURNER WROSEWOOD HANDLE RH2003",19.9,37,49,-12,-238.8,26-APR-026,PATIENCE,349
181608,"CHOPPING BOARD BAMBOO COAT 245X327X8MM 161084150",42.9,16,16,0,0,25-APR-026,"PAUL OWUSU",354
178669,"CURTAIN JACQ GROMET GRAY 54X90 02PA7154B",129,10,10,0,0,26-APR-026,"GERALD SACK ",478
186074,"WHISKEY GLASS SET 6PCS 330ML GRAY L35066 RJK",59,6,11,-5,-295,25-APR-026,SOMUAH,416
193410,"THE PRINCE DELUXE HARDBOUND EDITION",59,5,5,0,0,26-APR-026,JERUSHA,284
190689,"LAUNDRY BASKET COVERED 40X45CM ASSORTED MYQ9 1920",119,3,5,-2,-238,26-APR-026,VINOLIA,444
46742,"JUVER DISFRUTA 10 FRUITS  10 VITAMINS JUICE 1L 12",32.99,14,14,0,0,26-APR-026,DORIS,102
65116,"TEACHERS NOTE BOOK 192PAGES",40.99,2,2,0,0,26-APR-026,JERUSHA,284
X498,"MCVITIES SHORTBREAD 100G 24",24.99,2,46,-44,-1099.56,26-APR-026,SHADRACK,158
CL539,"DUSTPAN 35CMX25CMX15CM",8.9,24,24,0,0,25-APR-026,WISE,450
90930,"LG HIFI SPEAKER CJ87CL87",7789,1,2,-1,-7789,25-APR-026,AKAYIRI,205
91083,"SHOWER  SHOWER DEO FRESH MORNING 150ML  72",57.99,42,29,13,753.87,25-APR-026,ELLA,34
103772,"GIVERS MULTIPURPOSE CLEANER 5L  4",109.99,4,8,-4,-439.96,25-APR-026,"ADIATOR MOSES ",7
112559,"GOODYS SPICY SHITO HOT BEEF 930G 12",149.99,4,8,-4,-599.96,26-APR-026,GIFTY,63
126211,"AIRPRO TOUCHSPRAY AFRSHENER PINA COLADA 36ML  6",36.99,18,18,0,0,25-APR-026,ABASS,3
129382,"KNIFE GOLD PLATED DISPOSABLE 10PCS SET",17.9,22,24,-2,-35.8,25-APR-026,OWUSU,370
135071,"DECAKILA KETTLE 15L 1800W STAINLESS KEKT002B",229,5,5,0,0,25-APR-026,WONDER,247
129718,"STORAGE RACK WWHEELS 3LAYER PLASTIC 6067 YWU",189,5,6,-1,-189,25-APR-026,NASHIBA,336
131339,"MEASURING SPOON WICE SCOOP 5PCS SET PLASTIC YWU",9.9,35,36,-1,-9.9,25-APR-026,"ALHASSAN RANDY",384
133056,"NUTZY PEANUT BUTTER CREAM SMOOTH 510G  12",44.99,5,5,0,0,26-APR-026,"FELIX BOADU",65
140701,"ACTIVITY BOOK SUPER WORD SEARCH 46X30X15CM",25.9,5,6,-1,-25.9,25-APR-026,JERUSHA,287
153217,"DEVA ANTISEPTIC 250ML  12",27.99,8,8,0,0,26-APR-026,QUEENCILLA,42
149717,"CERAMIC MUG WGOLD RIM 12OZ GGK BC12 LPRO RJK",14.9,44,44,0,0,25-APR-026,ROBIN,392
186092,"GLASS SET 6PCS 125ML CLEAR 41436C RJK",59,17,12,5,295,26-APR-026,"SAMUEL ADDO",402
187968,"JOJONAVI PINK GUAVA FRUIT CAN JUICE DRINK 330ML 24",13.49,7,51,-44,-593.56,26-APR-026,"JOSEPH PATRICK",135
183272,"GARLIC 250G PACK IMP",15.99,16,15,1,15.99,25-APR-026,JIMOH,134
192930,"AKAI QLED TV 32 SMART LT3234T2S2QSMT",1999,1,3,-2,-3998,25-APR-026,JUSTICE,190
190624,"GIFT BAG 30X42CM",11.9,16,16,0,0,25-APR-026,MARYLAND,301
22636,"SANKOFA PLANTAIN CHIPS CHICKEN WITH GINGER 50G  25",14.99,17,19,-2,-29.98,26-APR-026,MAHAMA,120
202844,"DINNER PLATE 10INCHES BLACK P45018",12.9,14,14,0,0,25-APR-026,BLESSING,407
205675,"UNCLE T  MANGO JUICE BOTTLE 355ML 24",37.99,23,24,-1,-37.99,26-APR-026,DELIGHT,88
75826,"DOVE PINK BEAUTY CREAM BAR 135G  48",21.99,60,55,5,109.95,26-APR-026,ALVIN,18
50951,"JOHNNIE WALKER GOLD LABEL WHISKY  750ML 6",899.99,1,1,0,0,25-APR-026,EMMANUEL,129
CL605,"MIXING BOWL SMALL 27CMX24CMX12CM",14.9,5,7,-2,-29.8,25-APR-026,OTHNIEL,342
90610,"CURTAIN ROD SINGLE 120210 11062210PC",119,8,8,0,0,26-APR-026,GAD,474
97319,"BALENO FOLDED STOOL P7605",89,5,5,0,0,25-APR-026,"MORGAN ONGOH",320
95409,"SPRITE ZERO PET 300ML 12",6.49,5,98,-93,-603.57,25-APR-026,EMMANUEL,133
92382,"KAMILA CHOCO GOLD 120G  12",42.99,7,17,-10,-429.9,25-APR-026,DORIS,98
05529,"BLESSED CHILD RICEMIX BOTTLE 600G 12",44.49,9,9,0,0,26-APR-026,SOLOMON,78
101954,"BASKET LAUNDRY WMAT DESIGN PLAST JULIET 1421WLPB",149,2,13,-11,-1639,25-APR-026,HAYFORD,455
105779,"BLACK HEXAGONAL DUMBBELL HD10KG",359,-8,5,-13,-4667,26-APR-026,"GEORGE PUPLAMPU",467
117126,"SERVING BOWL MELAMINE 10 INCHES ZHN C624105",19.9,38,38,0,0,25-APR-026,ROBIN,392
114522,"VEGETABLE PEELER 2MM SAPPHIRE CLASSIC BG267",12.9,71,72,-1,-12.9,25-APR-026,DANIEL,KITCHEN
113247,"LED WALL LAMP GLASS WFLOWER 2500",199,6,7,-1,-199,25-APR-026,KWAFO,168
120892,"NICHE CHOCOLATE DRINK 180ML 24",6.99,45,50,-5,-34.95,25-APR-026,CHRIS,61
134583,"BEENO FLATTIES  SMOKED BACON FLAVOUR 120GMS 20",32.99,20,20,0,0,25-APR-026,ABASS,1
14807,"DEVA CITRUS LIQUID HAND SOAP 350ML 24 10203",18.99,10,28,-18,-341.82,26-APR-026,QUEENCILLA,42
145673,"PRETTY COTTON PLEATS 80G    12",26.99,12,12,0,0,26-APR-026,LESTER,50
156603,"FOOLSCAP NOTEBOOK MEDIUM ABB",79,6,2,4,316,26-APR-026,"JERUSHA ",288
156700,"WORLD GLOBE SMALL 20X28CM W METAL STAND",529,1,1,0,0,25-APR-026,HANNAH,272
157374,"CASAL GARCIA WHITE WINE250ML 24",51.49,2,2,0,0,25-APR-026,EMMANUEL,135
157541,"AKO COOKIES 56G  72",4.99,28,28,0,0,26-APR-026,DERRICK,96
149106,"DINO SOFT TOY PINKYELLOW 22CM",79,12,13,-1,-79,25-APR-026,HANNAH,276
149374,"NASCO FRIDGE DD 112L NASF213FL",2789,1,2,-1,-2789,25-APR-026,MABEL,252
153442,"BELPAK PERFUMED  TROLL LEMON 10 ROLLS     6",43.99,3,10,-7,-307.93,25-APR-026,BISMARCK,44
168688,"SLOTTED TURNER WWOOD HANDLE 8MM ROSEWOOD AA1818",35,7,36,-29,-1015,25-APR-026,OWUSU,368
180003,"CURTAIN YD PL GROMT GOLD 54X90 24EHM007",169,4,4,0,0,25-APR-026,GLADYS,501
179254,"ENVELOPE A4 50PCS 229X324CM 80 GSM BROWN YW",59,2,2,0,0,26-APR-026,"MICHAEL DADZIE",295
187141,"SCHOOL BAG",169,35,29,6,1014,25-APR-026,"MICHAEL BOYE",302
187656,"LED LIGHT 4PCS",89,3,4,-1,-89,25-APR-026,KWAFO,172
183977,"CERAMIC SOUP PLATE 8 ZBG9 RJK",12.9,8,8,0,0,25-APR-026,SOMUAH,411
190492,"OVAL BATHMAT WLATEX ASSORTED 40X60CM",26.9,20,32,-12,-322.8,26-APR-026,"STEPHEN ACQUAH",423
190492,"OVAL BATHMAT WLATEX ASSORTED 40X60CM",26.9,10,32,-22,-591.8,25-APR-026,"SAMUEL ADDO",399
200457,"FRYING PAN WLID 26CM FALU ZHNBLY 81120G26",189,5,8,-3,-567,25-APR-026,PATIENCE,346
197831,"NESTLE CEREL WHEATMILK NO REFIND SUGAR 810 50G 8",68.99,49,15,34,2345.66,26-APR-026,"EMMANUEL MENSAH",124
36419,"KALYON ASPIREX MULTI CLEANER 750ML 12",39.99,20,20,0,0,25-APR-026,ABIGAIL,6
206702,"MIDEA GAS COOKER 4B 60X60 SILVER 24TMG4G081S",3199,1,1,0,0,25-APR-026,AKAYIRI,205
78281,"BINATONE BLENDER WMILL 15L 500W BLG595BLG595MK2",839,2,3,-1,-839,25-APR-026,PRINCE,227
D635,"BINE DISINFECTANT 05L  25",15.99,23,24,-1,-15.99,25-APR-026,"ADIATOR MOSES ",8
N913,"HERMAN MAYONNAISE 8 OZ  12",34.99,11,11,0,0,25-APR-026,SOLOMON,73
95747,"AMALFI  SHAMPOO FAMILIAR OAT 750 ML  16",32.99,14,14,0,0,26-APR-026,"PAUL OWUSU",38
98584,"FANICE VANILLA ICE CREAM 250ML  12",13.99,16,11,5,69.95,25-APR-026,EMMANUEL,135
01752,"AIRPRO SCENTED OIL LAVENDER  REFILL  24",57.99,1,2,-1,-57.99,26-APR-026,ABASS,4
07029,"CORONA EXTRA BEER 355ML 24",28.99,6,36,-30,-869.7,25-APR-026,EMMANUEL,135
107242,"BAUDUCCO MULTIGRAINS TOAST 142G  36",14.99,10,17,-7,-104.93,25-APR-026,"EDDIE MENSAH",108
109780,"JUICE SQUEEZER 600ML PLASTIC M220",28.9,6,7,-1,-28.9,25-APR-026,PHILEMON,356
117149,"MSEAL CONTAINER RECT GLASS 2000ML FRC N1041110",229,2,2,0,0,26-APR-026,SYLVIA,428
110152,"HANGER METAL 31820201247 RJK",29.9,4,4,0,0,25-APR-026,VINOLIA,439
113681,"SERVING BOWL MELAMINE 8 INCHES FEILU 32108",9.9,29,48,-19,-188.1,25-APR-026,REGINA,388
128920,"STAPLE REMOVER NOSR45T 170790ELP",7.9,1,147,-146,-1153.4,26-APR-026,GIDEON,294
128925,"PAPER PUNCH NOPERFO40 170776ELP",85,4,4,0,0,26-APR-026,GILBERT,294
159709,"MUNCHEE MILK SHORT CAKE BISCUITS 65G  48",4.19,48,62,-14,-58.66,25-APR-026,EMMANUEL,127
175177,"WALLS POPULAIRE STRAWBERRY VANILLA 90ML 40",7.99,16,18,-2,-15.98,25-APR-026,EMMANUEL,135
168749,"CURTAIN P VELVET EMBOSSED 54X84 BEIGE 25YB8",159,2,2,0,0,25-APR-026,ESINAM,484
168105,"FILLED CUSHION P JAQUARD 45X45CMPINK DC255",129,12,12,0,0,25-APR-026,"GIDEON GBLOGAH",507
167239,"COWBELL MILK PWDER VITARICH SACHET 23G  120",3.99,137,172,-35,-139.65,26-APR-026,"DAVID BRUNO",80
182305,"CHEST OF DRAWER 4DRWR GREY MS913 9130314",1090,1,1,0,0,25-APR-026,FRANCIS,523
17906,"CADBURY DAIRY MILK 45GMS  48",21.99,32,-10,42,923.58,25-APR-026,"ABIGAIL YEVUGAH",157
191678,"SARA BEEF COCKTAIL SAUSAGE 405G  24",20.49,8,12,-4,-81.96,26-APR-026,"EDDIE MENSAH",90
190061,"LORENZ CRUNCHIPS BARBEQUE 100G  12",45.99,14,92,-78,-3587.22,25-APR-026,"FELIX BOADU",153
191408,"KIVO 100 NATURAL HOT SHITTO 450G  6",74.99,9,9,0,0,26-APR-026,GIFTY,63
26948,"VOLTPLUS AVR 1KVA W110V ASSIST OUTPUT AVR6012",529,5,5,0,0,25-APR-026,DANIEL,256
202628,"BOWL 9 H220099",16.9,47,23,24,405.6,26-APR-026,BLESSING,409
89866,"SHINE FACIAL TISSUE LARGE 150PCS  36",12.99,24,43,-19,-246.81,26-APR-026,BISMARCK,29
CL783,"LUNCH BOX QUICK BITE",24.9,24,24,0,0,25-APR-026,"MICHAEL BOYE",306
D166,"SUNNY BROWN SUGAR BOTTLE 800G 12",38.99,30,19,11,428.89,25-APR-026,"EMMANUEL MENSAH",122
102969,"BELAIR AIR FRESHENER BAKHOUR 150ML  36",11.99,18,42,-24,-287.76,26-APR-026,ABASS,3
103902,"BLING HANDWASH LIQUID SOAP VANILLA 5L  4",84.99,4,4,0,0,26-APR-026,"ARTHUR JONADAB",28
113686,"SERVING BOWL MELAMINE 11 INCHES FEILU 6311",18.9,43,42,1,18.9,25-APR-026,ROBIN,392
115718,"ENA PA  MAYONAISE 1000ML 6",79.99,5,5,0,0,25-APR-026,SOLOMON,73
121941,"3PCS BEDSHEET SET PR KG 180X20030CM ASRTD",169,15,15,0,0,25-APR-026,GILBERT,497
138172,"QUILT EMBOSSED PRINTED 180X220CM03CO0380",149,8,8,0,0,25-APR-026,GILBERT,495
137275,"TOREN  TOREN WAFERS MILK DEEP FLAVOUR CW 55G 144",6.29,5,-2,7,44.03,25-APR-026,"EDDIE MENSAH",108
153245,"EASY DRINK COSMOPOLITA RTD COCKTAIL DRINK 500ML 12",37.99,8,11,-3,-113.97,25-APR-026,APPIAH,109
164647,"GRILL PAN 28CM 29MM FGD ALU PEDRINI 02PE1514 RK",199,5,5,0,0,25-APR-026,PHILEMON,358
160828,"WINDOW SHADE BLACKOUT ROLLER 452100X120CM",199,13,3,10,1990,25-APR-026,"GERALD SACK ",478
159711,"MUNCHEE MILK SHORT CAKE BISCUITS 35G  72",1.99,48,95,-47,-93.53,25-APR-026,DERRICK,95
161577,"DZIRE CEILING FAN 56 WHITE CF 56 WVIS",349,1,4,-3,-1047,25-APR-026,WOMDERT,252
167774,"COOKWARE 7PCS SET 2MM DIE CAST HROLAND HR1281 RJK",1149,1,2,-1,-1149,25-APR-026,OWUSU,374
167398,"MUG 11OZ GDM11 RJK",9.9,18,70,-52,-514.8,26-APR-026,"SAMUEL ADDO",402
167398,"MUG 11OZ GDM11 RJK",9.9,6,70,-64,-633.6,26-APR-026,"SAMUEL ADDO",403
180009,"CURTAIN YD PL GROMT BURGD 54X90 24EHM100",179,9,9,0,0,25-APR-026,GLADYS,503
179315,"SPIRIT LEVEL WMAGNET SS 500MM",34.9,4,4,0,0,26-APR-026,LESTER,254
187908,"KIVO GOOD TIME NONDAIRY CREAMER 20G PACK 10 21",17.99,210,41,169,3040.31,26-APR-026,EMMANUEL,127
185929,"STAEDTLER WAX CRAYON JUNIOR NORIS 6PCS 224 C6 02",34.9,5,5,0,0,26-APR-026,MARIAM,292
193338,"WHISKEY GLASS SCIROCCO LONG 410ML 3B1701406G0001",99,7,7,0,0,25-APR-026,"STEPHEN ACQUAH",421
192330,"TOILET BRUSH WSTAND LD2205",29.9,6,6,0,0,25-APR-026,DANIEL,XMAS
189674,"AKAI KETTLE 35L 2200W EK043A3500L",359,2,2,0,0,25-APR-026,WONDER,246
195696,"BASKET STITCH WLID PLASTIC 8300ML HL0182CCL",26.9,1,1,0,0,25-APR-026,OTHNIEL,341
195763,"WESTINGHOUSE TUMBLER STAINLESS STEEL WCBL0058",159,9,9,0,0,25-APR-026,"MICHAEL DADZIE",309
40604,"LUCOZADE ORIGINAL 380ML   24",23.99,19,18,1,23.99,25-APR-026,DELIGHT,85
34900,"GILLETTE 2 POUCH 3S 2BLADES  40",18.99,30,29,1,18.99,26-APR-026,AKORFA,55
29511,"SERVING TRAY MELAMINE 15 INCHES ZHN 3101115",27.9,23,23,0,0,25-APR-026,ROBIN,392
86619,"MIDEA JUICE EXTRACTOR 05L 400W JE2808JE2802",449,2,2,0,0,25-APR-026,"COLLINS HAMMONDN",231
70249,"INDOMIE HUNGRY MAN CHICKEN FLAVOR 180G  26",11.29,52,173,-121,-1366.09,26-APR-026,EMMANUEL,127
CL684,"QUEEN OF CASSEROLE 2500ML PI 29CMX24CMX14CM",34.9,3,3,0,0,25-APR-026,PATIENCE,345
CL726,"LAUNDRY BASKET 27LTR 42CMX51CM",49.9,1,3,-2,-99.8,25-APR-026,HADASSAH,266
92260,"SOFTCARE  GOLD  BABY DIAPERS S 15PCS   10",34.99,4,-1,5,174.95,26-APR-026,WISE,41
97743,"BINATONE RICE COOKER 18L RCSG 1805",679,2,3,-1,-679,25-APR-026,"COLLINS HAMMOND",237
08833,"FAULTLESS SPRAY STARCH MTLAVENDER 567G 12",59.99,5,7,-2,-119.98,26-APR-026,ABASS,3
102734,"CELLO LUNCH BOX PLASTIC COMPANION",29.9,24,24,0,0,25-APR-026,"MICHAEL BOYE",306
133054,"NUTZY PEANUT CRISPY SNACK 280G 12",31.99,6,7,-1,-31.99,25-APR-026,"FELIX BOADU",66
155932,"ORS OLIVE OIL GIRLS NOLYE KIT123 TOUCH UP  4",184.99,8,5,3,554.97,26-APR-026,TITUS,21
160505,"BABY BED WWHEEL  MOSQUITO NET 102X72X72CM BLPNK",1399,1,1,0,0,25-APR-026,DANIEL,XMAS
171535,"VACCUM FLASKSTONE 1550ML  161707158",119,5,4,1,119,26-APR-026,"MICHAEL BOYE",307
170299,"KALYON EXTRA SOFTENER BLOSSOM WHITE 750ML 12",43.99,13,12,1,43.99,25-APR-026,ALVIN,15
180235,"STYLE UP SHOWER GEL REFRESH 1050ML  20",42.99,24,24,0,0,25-APR-026,"ANANE KOJO",22
186042,"GLASS JUG WCUP 7PCS SET 1600240ML 19157DDE RJK",149,7,4,3,447,25-APR-026,SYLVIA,425
186987,"PARTY POPPER 40CM",29.9,12,14,-2,-59.8,26-APR-026,HADASSAH,269
184777,"WOK CAST IRON 34CM",739,2,2,0,0,25-APR-026,QUEENCILLA,375
192315,"MOP BUCKET W MOP  2 REFILLS 8L LT2413",289,1,2,-1,-289,25-APR-026,WISE,446
32824,"BANETTI PASTA FUSILLI 500G  20",14.99,16,46,-30,-449.7,26-APR-026,EMMANUEL,127
202787,"ST ANNS WHITE SUGAR BOTTLE 300G  12",16.29,10,10,0,0,25-APR-026,"EMMANUEL MENSAH",123
85565,"WHITE BLUE PREMIUM WHISKY WITH MONOCARTON 750ML 12",99.99,11,11,0,0,25-APR-026,MAHAMA,117
98503,"SAN PELLEGRINO SPARKLING WATER GLASSBOTTLE 50CL 24",19.99,24,24,0,0,25-APR-026,EZEKIEL,149
101902,"MATA MIXED VEGETABLES IN BRINE EO 400G  24",17.49,13,30,-17,-297.33,26-APR-026,GLADYS,71
103966,"SPOON 2PCS W1FORK SET BABY SS SC138",9.9,23,23,0,0,25-APR-026,OWUSU,370
104922,"KIPRINSKI PURE GRAIN VODKA 1L 6",77.99,3,3,0,0,25-APR-026,MAHAMA,117
108137,"CURTAIN 52X84  W8GROMMET J2020802",179,1,1,0,0,25-APR-026,ESINAM,485
110794,"HYSON ORGANIC CHAMOLINE HERBAL TEA 225G   24",43.49,1,1,0,0,25-APR-026,AKORFA,58
123157,"OCEAN GLASS SET 6PCS 395ML TIARA  3B1751406G0001",219,8,8,0,0,25-APR-026,"STEPHEN ACQUAH",421
124249,"BINATONE BLENDER WMILL 300W GREY BLG412",579,1,4,-3,-1737,25-APR-026,PRINCE,229
131392,"LISTERINE TOTAL CARE MOUTHWASH 250ML  6",54.99,16,11,5,274.95,26-APR-026,"BOADI STEPHEN",53
155914,"ROSSWOOD CASHEW SPREAD 350G  12",61.49,17,17,0,0,26-APR-026,"FELIX BOADU",65
153557,"KIDS BOUNCER WSOUND JUMPOLIN 101501C82",1049,1,1,0,0,25-APR-026,"GEORGE PUPLAMPU",467
160816,"WINDOW SHADE BLACKOUT ROLLER 451120X180CM",279,3,5,-2,-558,25-APR-026,"GERALD SACK ",478
160157,"MUSICAL MAT PEVA DANCE TIME PURPLE 100X87CM DW801",249,2,2,0,0,25-APR-026,HANNAH,273
172644,"COFRUTOS SUGARFREE ORANGE JUICE 1L  12",36.49,4,4,0,0,25-APR-026,KWAFO,103
166900,"WORLD GLOBE BLUE FITTED WGOLD ARCWOODEN BASE 10",199,2,2,0,0,26-APR-026,"JERUSHA ",288
169506,"CUSHION EMBROIDERY 380G FILLING 45X45CM EHAMK012",149,1,4,-3,-447,25-APR-026,GLADYS,504
179905,"NASCO CHEST FREEZER 400L SD BLACK NAS475FL",6739,1,1,0,0,25-APR-026,AKAYIRI,205
176088,"APEROL APERITIVO LIQUEUR 1L 6",234.99,5,5,0,0,25-APR-026,MAHAMA,116
187020,"RAINBOW CONTAINER 5PCS SET PLASTIC CF75130 YWU",59,21,21,0,0,25-APR-026,"NANA ADJEI",330
189976,"FRESH YO DY STRAWBWERRY YOGHURT 375ML 12",16.99,7,8,-1,-16.99,26-APR-026,JIMOH,1
80530,"KITCHEN TOWEL 2 PCS SET  DC496",19.9,9,9,0,0,25-APR-026,GIFTY,491
76902,"UNOLI MAYONNAISE 500ML  12",44.99,14,13,1,44.99,25-APR-026,SOLOMON,73
CL697,"COLANDER 31CMX19CMX9CM",6.9,28,28,0,0,25-APR-026,OTHNIEL,342
D997,"MALTA GUINNESS CAN 330ML 24",12.99,21,485,-464,-6027.36,26-APR-026,"JOSEPH PATRICK",135
99035,"PAINTING 45X90CM",329,2,4,-2,-658,25-APR-026,GAD,472
107728,"HAPPYFLAKES ORIGINAL TASTE CORN FLAKES 500G  10",46.99,19,19,0,0,26-APR-026,"KINGSLEY OP",91
109649,"INDUSTRIAL MOP BUCKET 20L PLASTIC UP610004",119,4,1,3,357,25-APR-026,WISE,449
116909,"PAINTING DESIGN 55X65CM41",249,2,4,-2,-498,26-APR-026,FRANCIS,525
117406,"XMAS GLASS BALL 3CM WHITE JH2021165",55,37,37,0,0,25-APR-026,DANIEL,XMAS
135285,"DOVE BAR SOAP BEAUTY BAR  90G  48",16.99,8,4,4,67.96,26-APR-026,PHILEMON,18
138722," SANITA TT CLUB 300SH 31R  12",51.99,7,7,0,0,25-APR-026,ELLA,31
132930,"SERVING BOWL MELAMINE 9 INCHES FEILU 2929",14.9,10,11,-1,-14.9,25-APR-026,ROBIN,392
14826,"DEVA SOFTENER FLORAL 2L   6",85.49,-6,10,-16,-1367.84,26-APR-026,ALVIN,14
155047,"FINE KITCHEN ROLL 452 2S 110",18.99,4,4,0,0,25-APR-026,ELLA,31
163175,"BOROSILICATE BOWL  3PCS SET HBG301 LTREND",159,6,1,5,795,26-APR-026,SYLVIA,428
168107,"FILLED CUSHION P JAQUARD 45X45CMYELLOW DC255",129,10,12,-2,-258,25-APR-026,"GIDEON GBLOGAH",507
180279,"RICE SPOON WROSEWOOD LONG HANDLE RH2002",19.9,34,45,-11,-218.9,26-APR-026,PATIENCE,349
181604,"STORAGE CANISTER WMEASUR CUP GL 1540ML 131391150",42.9,1,1,0,0,25-APR-026,"SYLVIA ",425
180210,"PRINCESS PREMIUM COCOA 400ML  4",26.99,18,9,9,242.91,25-APR-026,"BENEDICT ABBEY",37
186897,"BATH MAT 38X68CM 336043 18806794166",109,7,7,0,0,26-APR-026,VINOLIA,443
184317,"KITCHEN TOP DUSTBIN 15LT PLASTIC UR3465",49.9,4,4,0,0,25-APR-026,HAYFORD,453
189159,"TECNO MOBILE SPARK 40 PRO 8GB128GB KM6",2699,1,1,0,0,25-APR-026,NYARKO,177
189268,"XMAS ORNAMENT 8CM 257625192",21.9,21,21,0,0,25-APR-026,DANIEL,XMAS
200698,"COOKWARE 8PCS SET SSTEEL ZHNHROLAND HR1142",639,2,2,0,0,25-APR-026,"PAUL OWUSU",351
29453,"CUSSONS BABY OIL MILD  GENTLE 200ML 24",20.49,13,13,0,0,26-APR-026,LESTER,50
92309,"MATA WHOLE  KERNEL SWEET CORN 400G  24",16.99,21,22,-1,-16.99,25-APR-026,GLADYS,71
95645,"JOVEN CAPEL SPARKLING ROSE WINE 750ML 6",128.99,8,8,0,0,25-APR-026,APPIAH,113
102331,"YOMI YOGHURT STRAWBERRY WITH WHEAT 2L 1",112.99,1,3,-2,-225.98,25-APR-026,EMMANUEL,133
105533,"FLOWER POT ROUND 155X12 PLASTIC 1401",8.9,24,25,-1,-8.9,25-APR-026,HAYFORD,459
118289,"FARAGELLO GOLD APPLE NECTAR GLASS BOTTLE 1L  6",33.99,14,22,-8,-271.92,25-APR-026,DORIS,99
117408,"XMAS GLASS BALL 3CM REDSILVGOLDGREEN JH2021178",44.9,23,23,0,0,25-APR-026,DANIEL,XMAS
111751,"NUTRIBOM INFANT CEREAL PAPER BOXMULTIGRAIN 300G 16",27.99,10,11,-1,-27.99,25-APR-026,APPIAH,114
129507,"BLOW UP BALL SIZE 9",6.99,33,34,-1,-6.99,25-APR-026,CHARLES,463
122501,"HORSE STATUE 17X7X28 BLACKWHITEGOLD HY38312",179,1,1,0,0,25-APR-026,FRANCIS,523
134635,"HUSKY CHUNKY  STEAK 400G 12",32.99,11,11,0,0,25-APR-026,ABASS,1
148569,"WATER BOTTLE KIDS CHARACTER 1000ML PLASTIC YWU",89,9,9,0,0,25-APR-026,"MICHAEL DADZIE",308
156337,"NASCO MICROWAVE 25L GRILL EG925EFF",1799,1,1,0,0,25-APR-026,DANIEL,258
157178,"TOILET BRUSH WHOLDER REC PLASTIC YWU",14.9,12,13,-1,-14.9,25-APR-026,VICTORIA,437
164595,"WATER BOTTLE SPORTS 650ML 46910",45.9,7,7,0,0,25-APR-026,GILBERT,313
159772,"MUNCHEE CHOCOLATE CHIP COOKIES BISCUITS 100G  48",8.99,42,70,-28,-251.72,25-APR-026,DERRICK,96
170082,"CONTAINER CLICK AND LOCK 800ML 305 17351",32.9,20,19,1,32.9,26-APR-026,NIBOI,317
179991,"CURTAIN YD PL GROMT TAUPE 54X90 24EHM004",169,5,6,-1,-169,25-APR-026,GLADYS,502
182090,"COMPUTER DESK WSHELF METAL FRAME 110X55 CTN2411",899,1,1,0,0,26-APR-026,FRANCIS,521
18748,"NESTLE CERELAC BL RICE 50G 10X8  80",6.99,110,175,-65,-454.35,26-APR-026,"EMMANUEL MENSAH",124
183182,"GLADE AUTO SPRAY 3IN1 OCEAN ESCAPE PRIMARY 269ML 4",205.99,4,4,0,0,26-APR-026,ABASS,4
191093,"OSSUM FRAGRANCE BODY SPRAY DESIRE 120ML 72",52.99,19,59,-40,-2119.6,26-APR-026,ELLA,35
198396,"WALL CLOCK 506X506X45 2028D",179,3,3,0,0,25-APR-026,GAD,472
198728,"MUG WTEDDY 350ML CERAMIC YWU",79,23,23,0,0,25-APR-026,ROBIN,392
199893,"BAVI BAR SOAP ROSE 225G 18",8.99,32,39,-7,-62.93,25-APR-026,"ANANE KOJO ",20
23065,"CUSSONS BABY SOAP SOFT  SMOOTH 70G 96",5.99,22,22,0,0,26-APR-026,LESTER,50
39768,"KALYON KITCHEN CLEANER  750ML 12",37.99,10,19,-9,-341.91,26-APR-026,LESTER,6
202348,"GOLDEN VICTORIA TRADITIONAL BLACK TEA 100G 24",21.99,20,20,0,0,25-APR-026,AKORFA,57
206598,"AER POWER POCKET JASMINE FLORAL D 120",11.49,59,116,-57,-654.93,26-APR-026,ABASS,3
49726,"FA ROLLON PINK PASSION 50ML  24",23.49,17,19,-2,-46.98,26-APR-026,WONDER,36
CL584,"PEDAL BIN OVAL 11LTR 30CMX24CMX34CM",44.9,7,13,-6,-269.4,25-APR-026,HAYFORD,456
D243,"CERES SECRECT OF THE VALLEY JUICE 200ML  24",12.99,75,39,36,467.64,26-APR-026,"PAUL OWUSU",84
96327,"SPRITE ZERO 1 5 L PET  6",23.99,4,17,-13,-311.87,26-APR-026,DELIGHT,87
91456,"DON SIMON MANGO JUICE DRINK 500ML 12",24.99,12,13,-1,-24.99,25-APR-026,DORIS,102
118047,"NIVEA FACE Q10 NIGHT CARE 50ML  12",198.99,18,27,-9,-1790.91,26-APR-026,"BOADI STEPHEN",53
128780,"BALLPOINT PEN TRIOS LUXOR 07MM 10PC 1610010CELLO",17.9,4,4,0,0,26-APR-026,GILBERT,294
122874,"DINNER PLATE MELAMINE 9 INCHES FEILU 3849",6.9,128,138,-10,-69,25-APR-026,REGINA,388
138591,"HAYHAY CARAMEL 12 X 24 20G 288",3.19,72,123,-51,-162.69,26-APR-026,NASHIBA,89
144266,"AIRPRO AIRFRESHENER ESSENTIALS FRESH LEMON 9ML  96",24.99,52,54,-2,-49.98,26-APR-026,ABASS,3
145461,"SHINE RIPPLE CUPS 120Z 25PCS  20",45.99,36,20,16,735.84,25-APR-026,"ARTHUR JONADAB",25
164922,"FINE TISSUE FACIAL FINE CLASSIC 150X2 PLIES 48",14.99,8,35,-27,-404.73,26-APR-026,BISMARCK,29
158739,"CARPET 160X230CM CHOCOLATELILAC HAVANAA16X23M",1149,2,1,1,1149,26-APR-026,GAD,474
162672,"SERVING BOWL MELAMINE 10 INCHES FEILU 787106",16.9,72,72,0,0,26-APR-026,BLESSING,409
175392,"MUNCHEE CHOCO CRUNCH BISCUIT 26G  72",1.39,12,60,-48,-66.72,26-APR-026,"KINGSLEY OP",94
169109,"NASCO MEAT GRINDER 800W NASMG6000GS",979,2,2,0,0,25-APR-026,"COLLINS HAMMOND",235
170306,"KALYON POWDER DETERGENT GOLD 750GMS 20",22.99,20,21,-1,-22.99,26-APR-026,TITUS,21
178101,"MUG 430ML CERAMIC EMBOSSED YWU",12.9,7,9,-2,-25.8,25-APR-026,ROBIN,392
187000,"BELLS TROLLEY 62CM",55,1,7,-6,-330,25-APR-026,HANNAH,272
185189,"AKAI STANDING FAN 16 EF124A1639S",445,3,3,0,0,25-APR-026,AKAYIRI,207
198045,"WALL CLOCK 305X305X43CM 3371D3B",85,9,8,1,85,25-APR-026,"GAD ",471
204542,"BOTTLE INSULATED WHANGER METAL 500ML HCVB1016",44.9,15,45,-30,-1347,26-APR-026,"MICHAEL BOYE",307
86981,"BUTCHERS DELICIOUS DINNER TROUT 400G 24",35.99,3,3,0,0,25-APR-026,ABASS,1
86853,"DOCTOR PLAY SET 11PCS JR32560",24.9,30,32,-2,-49.8,25-APR-026,HANNAH,273
X204,"PRIMA GLASS CLEANER 500ML 30",23.41,14,26,-12,-280.92,26-APR-026,LESTER,6
98657,"ENJOY TONG PP FRC K0060712",59,5,5,0,0,25-APR-026,OWUSU,368
04116,"SPARLETTA QUININE TONIC 350ML 12",5.99,6,185,-179,-1072.21,25-APR-026,DELIGHT,85
108581,"GOLDEN PHEASANT TOMATO PASTE 1000G   6",169.99,6,6,0,0,25-APR-026,GLADYS,72
117281,"8PM WHISKY 375ML 24",23.99,4,8,-4,-95.96,25-APR-026,MAHAMA,117
117587,"BEATER PLASTIC URVE UR3004",4.9,17,11,6,29.4,25-APR-026,OWUSU,368
127759,"PAPER PACK DOLLIES 100PCS 23CM YWU",4.9,4,4,0,0,25-APR-026,"ALHASSAN RANDY",382
129036,"DARLING CELLARS CHOCOHOLIC PINOTAGE  750ML",149.99,7,7,0,0,25-APR-026,APPIAH,111
122360,"SERVING TRAY MELAMINE 15 INCHES ZHN 8023",24.9,14,14,0,0,25-APR-026,ROBIN,392
139307,"DAUCY MIX VEGETABLES 1KG 10",99.99,10,10,0,0,25-APR-026,EVELYN,141
156616,"ARTIFICIAL FLOWER 7  3COLOUR MIX",47.9,31,32,-1,-47.9,26-APR-026,HAYFORD,462
152085,"SAIRO SHOWER GEL ALMOND  600ML 12",28.99,12,12,0,0,25-APR-026,"ANANE KOJO",21
164649,"SKILLET 24CM 29MM FORGED ALU PEDRINI 02PE1510 RJK",99,1,1,0,0,25-APR-026,OWUSU,374
175023,"KIDS TOYS SUPER HEROS RETUNS TO EARTH TY 1149",18.99,17,17,0,0,25-APR-026,HANNAH,274
170098,"HANDY ORGANIZER BASKET GLORY SMALL 50260",14.9,23,23,0,0,25-APR-026,OTHNIEL,340
170324,"KALYON WINDOW CLEANER SILICONE 750ML 12",17.99,15,15,0,0,25-APR-026,ABIGAIL,6
167367,"JUBES STRAW ROLLSGELATINFRUIT JUICE 12X20X48G",5.99,16,16,0,0,25-APR-026,ATITOGO,159
169523,"EXCELO ROCCO CHOCOLATE SEA MILKY 17G  288",1.89,161,165,-4,-7.56,25-APR-026,ATITOGO,160
182126,"PLATINUM SUNFLOWER OIL 43L 3",179.99,13,16,-3,-539.97,26-APR-026,BISMARCK,46
187280,"DUMBBELL 86KG SFMANCROM15LB",349,2,2,0,0,25-APR-026,"GEORGE PUPLAMPU ",467
188280,"GINO JOLLOF TOMATO MIX 105KG  12",39.99,8,119,-111,-4438.89,26-APR-026,CHRIS,60
186691,"RAINBOW CONTAINER 5PCS SET RECT PLASTIC RJK 21785",59,2,1,1,59,25-APR-026,NASHIBA,332
185298,"COLANDER WSIDE HANDLES BLACK 29CM XY2330",59,17,17,0,0,25-APR-026,"PAUL OWUSU",352
190580,"TV STAND 45 TV WDOOR GREY MONDRIAN 136",1199,1,1,0,0,25-APR-026,SHADRACK,510
198892,"PILLOW MEMORY FOAM 1200G WN250311",139,2,3,-1,-139,25-APR-026,GIFTY,493
31702,"SARA BEEF LUNCHEON MEAT 190G 24",13.99,25,25,0,0,26-APR-026,APPIAH,126
206601,"AER POWER POCKET LEMON DELIGHT 120",11.49,2,115,-113,-1298.37,26-APR-026,SHADRACK,158
85667,"WHYTEHALL FIRE WHISKY 1L 12",117.99,11,11,0,0,25-APR-026,MAHAMA,118
66912,"MON BIJOU EASY IRONING PURITY TRIGGER 500ML  12",43.99,3,6,-3,-131.97,26-APR-026,LESTER,6
55372,"DEVA AIR FRESHNER MELON  500ML  12",36.99,6,6,0,0,26-APR-026,ABASS,3
03645,"LACTASOY PLAIN SOYA MILK 1L 12",41.99,24,26,-2,-83.98,25-APR-026,AKORFA,56
04201,"BUTCHERS CDD BLUEBEEF 1X15KG",799.99,2,2,0,0,25-APR-026,ABASS,1
100989,"CURTAIN POLYESTER DD TONE WHANGER 52X84  DRTH299",149,6,7,-1,-149,25-APR-026,GLADYS,501
102511,"MOMEASY STANDARD SILICON NIPPLES 2PCS FLOWS 45405",18.9,5,6,-1,-18.9,26-APR-026,AKAYIRI,267
103784,"GIVERS GLASS  CLEANER 750ML  20",17.99,11,11,0,0,25-APR-026,ABIGAIL,6
116095,"BATHROOM SCALE CHN PP1600V0",279,4,4,0,0,25-APR-026,VICTORIA,435
157256,"RON MAGUA ANEJO DOMINIC WHISKY 375 1L 6",102.99,6,6,0,0,26-APR-026,MAHAMA,118
164184,"TOP CHOCO PURE COCOA POUCH 400G  6",89.99,9,9,0,0,26-APR-026,SOLOMON,78
164548,"NERO BOVINO CARBONATED PET DRINK 350ML 20",3.19,9,105,-96,-306.24,25-APR-026,EMMANUEL,135
159709,"MUNCHEE MILK SHORT CAKE BISCUITS 65G  48",4.19,22,62,-40,-167.6,26-APR-026,DERRICK,96
161333,"FOUNTAIN 21X21X23CM 7233192L",329,1,1,0,0,25-APR-026,"FELIX BOADU",152
186058,"AKAI POWER BLENDER 2L 1200W SILENT BD079A11C",1499,4,4,0,0,25-APR-026,PRINCE,221
183277,"TUMBLER 6PCS SET 400ML FLORIDA BW 14714 RJK",59,9,9,0,0,26-APR-026,SOMUAH,417
193368,"RELATIVITYTHE SPECIAL AND THE GENERAL THEORY",29.9,5,5,0,0,26-APR-026,"JERUSHA ",288
190992,"3PCS BEDSHEET SET KG PR 240X270CM  ASTD",149,13,2,11,1639,25-APR-026,GILBERT,497
34241,"AYU POP SOAP PAPAYA 65G 144",5.49,82,142,-60,-329.4,25-APR-026,"ANANE KOJO",20
88376,"PICTURE 2DESIGNS MIX 63X63CM",229,2,2,0,0,25-APR-026,GAD,472
73045,"DOVE MEN CARE INVISILBLE DRY SPRY 250ML  24",44.99,2,3,-1,-44.99,25-APR-026,ELLA,34
N925,"PRINGLES HOT  SPICY  165G  19",49.99,12,12,0,0,26-APR-026,NASHIBA,89
94997,"HERMAN TOMATO KETCHUP GLASS 340G  24",17.99,17,17,0,0,25-APR-026,GLADYS,72
109572,"JUG WLID GRIDZ 1300ML DXB Q3653",39.9,1,2,-1,-39.9,25-APR-026,SYLVIA,425
134661,"SATE FIT CEREAL BIS W APRIC N SUGAR ADD 50G 20",13.49,2,2,0,0,25-APR-026,DERRICK,96
149044,"SANKOFA PLANTAIN CHIPS LIGHTLY SALTED 140G  10",41.99,9,9,0,0,26-APR-026,MAHAMA,120
148837,"LUNCH BOX WYELLOW COVER PLASTIC YWU",59,12,12,0,0,25-APR-026,"MICHAEL BOYE",305
149369,"NASCO FRIDGE DD COMBI 136L NASD218FLG18FL",2849,1,1,0,0,25-APR-026,NYARKO,174
151037,"BIGOO LEMON LIME DRINK 350ML 20",2.99,1,126,-125,-373.75,25-APR-026,EMMANUEL,133
161458,"CURTAIN 54X90  PINK",129,4,4,0,0,25-APR-026,ESINAM,485
167722,"BEAUTY FORMULA FEMININE INTWASH A VERA 250ML 12",35.99,9,9,0,0,26-APR-026,"BOADI STEPHEN",52
169129,"TONITTO LEMON BARATT CARTA 310G  8",79.99,1,1,0,0,25-APR-026,EMMANUEL,135
179766,"SOFT  GENTLE DEO DESERT DRY MENS 250 ML PK6",34.99,10,10,0,0,25-APR-026,ELLA,34
186970,"BIRTHDAY CUPS IN 10PCS SAME DESIGN WITH PLATE",10.9,1,11,-10,-109,25-APR-026,"ARTHUR JONADAB ",26
183593,"CERAMIC COUPE DINNER PLATE 105 25FDL001 RJK",24.9,19,19,0,0,26-APR-026,BLESSING,409
198402,"WALL CLOCK  402X402X48 1663D",129,6,6,0,0,25-APR-026,"GAD ",471
200763,"COOKING POT WLID 20CM FALU ZHNBAROLY 120120",229,1,2,-1,-229,25-APR-026,"NANA KOJO",364
198907,"CUTLERY TRAY CN250717C",99,2,9,-7,-693,25-APR-026,OTHNIEL,338
197752,"CUP AND SAUCER 220ML CERAMIC WHITE SW001Q",16.9,48,48,0,0,25-APR-026,"STEPHEN ACQUAH",424
71134,"MILO ALL IN ONE NUTRIMIX 800GM 12",103.99,15,73,-58,-6031.42,26-APR-026,EMMANUEL,127
71351,"DOLAIT APRICOT YOGHURT 70G 10",4.99,1,33,-32,-159.68,25-APR-026,DANIEL,XMAS
71537,"TOLSEN HEX 10P SET ON RING 15225345 20051",28.9,10,10,0,0,26-APR-026,RICHMOND,253
04177,"BUTCHERS CLASSIC SALMON  SHRIMPS MOUSSE 85G 24",19.99,27,27,0,0,25-APR-026,ABASS,1
104889,"FANMILK YAOURT SWEET VANILLA YOGHURT 125G 24",10.49,2,2,0,0,25-APR-026,DANIEL,XMAS
125292,"AIRPRO AEROSOL VANILLA  300ML  24",28.99,10,9,1,28.99,25-APR-026,ABASS,2
128146,"AKAI MICROWAVE OVEN 30L GRILL MW074A030MS",1999,1,3,-2,-3998,25-APR-026,WONDER,261
121778,"KOTEX PANTY LINERS NORMAL 35 SHEETS  12",55.99,9,9,0,0,26-APR-026,"BOADI STEPHEN",51
130728,"SWIMMING GOGGLE AQUA JUNIOR 25007",89,6,7,-1,-89,25-APR-026,CHARLES,466
14714,"EASY MOUZOO APPLE  TETRAPACK JUICE 1L 12",23.99,14,33,-19,-455.81,25-APR-026,DORIS,102
145288,"DOVE BODY WASH PAMPERING 500ML  20",70.99,9,10,-1,-70.99,25-APR-026,"ANANE KOJO",22
161183,"KENWOOD CHEST FREEZER SD 212L CFR21000WH",4199,1,1,0,0,25-APR-026,"JOSEPH PATRICK",204
175028,"QUOITS RING SMALL 19X50CM TY 1129",26.99,7,7,0,0,25-APR-026,HANNAH,275
170042,"ORGANIZER BASKET WITHOUT LID SMALL 12723",26.9,20,20,0,0,25-APR-026,OTHNIEL,341
179954,"FILLED CUSHION LN 45X45CM WHITE EHAMKCUSHION143",99,27,10,17,1683,25-APR-026,"GIDEON GBLOGAH",507
192563,"GIFT BAG 30X415X12 9102",12.99,17,17,0,0,25-APR-026,"MICHAEL BOYE",302
192274,"PENDANT LIGHT BLACKGOLD SN0243",389,1,1,0,0,25-APR-026,KWAFO,167
195768,"OIL DIFFUSER  400ML TY103",249,4,4,0,0,25-APR-026,KWAFO,173
24024,"VASELINE PJ BLUE SEAL ALOE VERA 100ML 144",24.49,59,131,-72,-1763.28,26-APR-026,LESTER,50
32172,"VACCUM MUG 450ML PLASTIC INNER STEEL YWU",18.9,14,13,1,18.9,25-APR-026,"MICHAEL DADZIE",309
202773,"TASTY TOM JOLLOF SEASONING POWDER 50G 120",5.29,52,52,0,0,25-APR-026,GIDEON,67
85046,"SOCCER TABLE WOODENPVC 48X24X32 KBL8023",2099,1,1,0,0,26-APR-026,NIBOI,285
82432,"BINATONE MICROWAVE OVEN 20L WGRILL 2017EGMG",2099,1,2,-1,-2099,25-APR-026,DANIEL,263
66508,"DINNER PLATE MELAMINE 12 INCHES ZHN G3800212",18.9,23,46,-23,-434.7,26-APR-026,ROBIN,392
A797,"RAID CRAWLING INSECT KILLER SPRAY 300ML 24",42.99,23,23,0,0,26-APR-026,"BOADI STEPHEN",9
CL618,"CONTAINERS FANCY 4PCS SET 300ML600ML1500ML2500ML",34.9,15,13,2,69.8,25-APR-026,NIBOI,316
CL676,"PET JAR ROUND 1000ML 125CMX205CM",3.9,32,37,-5,-19.5,25-APR-026,"NANA ADJEI ",328
99699,"ICECUBE TRAY 2PCS SET PLASTIC 311 YWU",14.9,13,14,-1,-14.9,25-APR-026,OTHNIEL,343
95178,"BALLOON 30CM 20PCS WITH PUMP",49,1,1,0,0,25-APR-026,HADASSAH,269
102978,"BABYMED LOTION 800ML  12",44.99,3,3,0,0,26-APR-026,RICHMOND,50
111722,"HERSHEYS SEMI SWT CHOCO CHIPS  12OZ  12",99.99,12,12,0,0,26-APR-026,"FELIX BOADU",65
156362,"ULTRA COMPACT ADULT WIPES 50S  12",40.99,12,16,-4,-163.96,25-APR-026,TITUS,21
160049,"SPORTS BOTTLE WHANGER 750CC PLASTIC 161407071",24.9,1,1,0,0,25-APR-026,GILBERT,313
172953,"ARIEL HIGH STUD FLORAL 500G 24",39.99,3,34,-31,-1239.69,25-APR-026,AKAYIRI,203
169866,"TURNER WWOOD HANDLE STEELPEAR AB2771",16.9,12,47,-35,-591.5,25-APR-026,OWUSU,368
167948,"CHRISTMAS ORNAMENT 20PCS 5CM",55,24,24,0,0,25-APR-026,DANIEL,XMAS
169506,"CUSHION EMBROIDERY 380G FILLING 45X45CM EHAMK012",149,1,4,-3,-447,25-APR-026,FRANCIS,522
179016,"TOY WHISTLE 4PCS SET OPP YW",6.9,40,40,0,0,25-APR-026,"GEORGE PUPLAMPU",467
46602,"PARIDOX FRESH ALATA SAMINA SOAP LEMON 500G  20",43.99,12,17,-5,-219.95,26-APR-026,ALVIN,18
33313,"PANTENE PROV SHAMNORMAL THICK HAIR 400ML 6",59.99,2,3,-1,-59.99,26-APR-026,"BENEDICT ABBEY",38
202549,"FROSTED PLATE 11 A03311M",10.9,42,40,2,21.8,25-APR-026,OTHNIEL,338
78088,"CORNER SHELF 3LAYER METAL",89,1,8,-7,-623,26-APR-026,"ABIGAIL YEVUGAH",158
57746,"FANTA ORANGE PET 1L  4",15.99,4,41,-37,-591.63,26-APR-026,NTUMY,164
66391,"LION BABY ALUMINIUM COOKING POT 3PCS",249,1,1,0,0,25-APR-026,"NANA KOJO",367
72746,"EVP EASY TIE TRASH BAG WHITE SS 15L 30PCS  12",29.99,19,19,0,0,25-APR-026,"ARTHUR JONADAB",26
72918,"SMALL SIZE LEGO BLOCKS",49.99,20,24,-4,-199.96,25-APR-026,DANIEL,XMAS
99771,"BO16 HAIR FOOD BLUE 225ML  4",27.99,5,5,0,0,26-APR-026,"PAUL OWUSU",38
96464,"MARA BAKED BEANS 420G  24",19.99,24,24,0,0,25-APR-026,GLADYS,71
98560,"MADAR WASHING POWDER 3KG 1",142.99,0,2,-2,-285.98,26-APR-026,"ARTHUR JONADAB",27
99290,"WHISKY CHIVAS REGAL 12 YEARS 750ML 12",849.99,7,7,0,0,26-APR-026,MAHAMA,118
100341,"GAS PIPE 3YDS WCLIPS",59,4,9,-5,-295,25-APR-026,JUSTICE,188
104799,"OKF RICE MILK 500ML  20",24.99,10,10,0,0,25-APR-026,AKORFA,56
118311,"BLING TOILET BOWL CLEANER PINE 750ML  12",21.99,1,1,0,0,25-APR-026,ALVIN,13
122730,"UNIMAX JOYMATE BALLPEN GRREN 10MM FBJYMGN06",2.99,28,1,27,80.73,26-APR-026,SHADRACK,158
122867,"SERVING BOWL MELAMINE 8 INCHES FEILU 6508",8.9,32,56,-24,-213.6,26-APR-026,"SAMUEL ADDO",404
135338,"MADAR ANTISEPTIC SOAP 150G 24",7.79,24,23,1,7.79,25-APR-026,"ANANE KOJO",20
137442,"ONE YOGO PARFAIT MIX COCO GRANULA COCNUT  200G  12",45.99,21,18,3,137.97,25-APR-026,"KINGSLEY OP",91
132035,"DINNER FORK 6PCS SET 21CM 40G DYD2 YWU",39.9,15,17,-2,-79.8,25-APR-026,OWUSU,370
169527,"SEARA SMOKED CHICKEN SAUSAGE 375G 28",23.99,-16,56,-72,-1727.28,26-APR-026,EVELYN,142
179033,"MOP WITH STICK LARGE SIZE GBBL",34.9,15,23,-8,-279.2,25-APR-026,RANDY,33
187003,"MUG 3PCS SET 360ML CERAMIC DESIGNER YWU",69,10,13,-3,-207,25-APR-026,"SAMUEL ADDO",398
183268,"BEER GLASS 6PCS SET 390ML WILLY BW 4514 RJK",49.9,5,5,0,0,26-APR-026,SOMUAH,417
192343,"RULER 30CM MF20103",4.9,38,40,-2,-9.8,26-APR-026,GILBERT,294
189429,"MCBERRRY SKY HIGH PURE MILK DELIGHT WAFER 39G  144",1.89,55,93,-38,-71.82,25-APR-026,DERRICK,96
201661,"KERRYGOLD GOUDA CHEESE MILD  MELLOW SLICES 150G",45.99,6,6,0,0,25-APR-026,EMMANUEL,133
39955,"PRAN PREMIUM ORANGE JUICE TETRA PACK 1L  12",22.99,12,12,0,0,26-APR-026,EMMANUEL,127
202625,"PLATE 145 S037145",29.9,17,17,0,0,26-APR-026,NASHINA,337
79218,"8 MATTRESS 54X75INCH  HD DS LAT",1769,1,3,-2,-3538,25-APR-026,SHADRACK,514
88469,"SERVING TRAY 35X25CM PLASTIC RECT YWU",19.9,19,20,-1,-19.9,25-APR-026,NASHIBA,336
81380,"MARIE BRIZARD CURACAO BLUE LIQUEUR 700ML  6",240.99,4,4,0,0,25-APR-026,MAHAMA,116
85662,"NAN 1 COMFORT 400G  12",156.99,13,13,0,0,26-APR-026,"EMMANUEL MENSAH",124
66922,"PINHO BRIL LEMON FLOWERS DISINFECTANT 1L  12",32.99,5,10,-5,-164.95,26-APR-026,"ADIATOR MOSES ",8
96167,"GREENWORLD BAMBU AFRESHNER COUNTRY FLOWER 75ML 12",66.99,1,18,-17,-1138.83,25-APR-026,HAYFORD,457
104623,"SERVING TRAY 17INCHES MELAMINE TY0063 YWU",29.9,15,15,0,0,25-APR-026,ROBIN,392
108306,"MONOPOLY EMPIRE BOARD GAME MKL813722",119,15,15,0,0,25-APR-026,HERBERT,280
110731,"LA VONCE TOMATO MIX TIN  210G   24",7.49,12,1,11,82.39,26-APR-026,GIFTY,63
128819,"MARKER WHITEBOARD 450C LUXOR 5PCS 3650F5BC",32.9,6,6,0,0,26-APR-026,GILBERT,294
137006,"PEAK GREEN EVAPORATED TIN MILK 390G  24",19.99,6,39,-33,-659.67,26-APR-026,"BENEDICT ABBEY",81
148441,"BOWL 5INCHES CERAMIC GGK YWU",29.9,9,12,-3,-89.7,26-APR-026,"SAMUEL ADDO",403
150745,"SANTAY SHITO WITH SHRIMP 420G  4",85.99,8,8,0,0,26-APR-026,GIFTY,63
153489,"BEL BLACK MIX PREMIUM WHISKY COLA 8 PET 330ML  12",6.19,1,10,-9,-55.71,25-APR-026,EMMANUEL,135
179996,"CURTAIN YD PL GROMT BLUE 54X90 24EHM006",179,3,3,0,0,25-APR-026,GLADYS,501
187095,"WATER BOTTLE 350ML KIDS PLASTIC 8118 YWU",69,4,9,-5,-345,25-APR-026,GILBERT,313
192740,"CURTAIN SHEER GREEN 54X90 PL Y2151",99,9,9,0,0,25-APR-026,GIFTY,492
191722,"MYBISCUIT BUTTER COOKIES BUTTER COOKIES 454G 12",106.99,15,25,-10,-1069.9,25-APR-026,APPIAH,114
189279,"XMAS ORNAMENT 2PCS 11X11X06 257625021",19.9,32,32,0,0,25-APR-026,DANIEL,XMAS
190644,"SWIMMING VEST",42.9,5,5,0,0,25-APR-026,CHARLES,465
198508,"BEVERAGE DISPENSER GLASS 10L WITH BAMBOO STAND",399,1,6,-5,-1995,25-APR-026,"STEPHEN ACQUAH",422
200855,"ARISTOCRAT DUFFLE TROLLYH55 ASST COLOUR CELLO",329,1,1,0,0,25-APR-026,MARYLAND,301
19816,"ENERGIZER BATTERY ALKALINE AA MAXAA 1X12 BP31",59.9,7,39,-32,-1916.8,25-APR-026,ABIGAIL,155
205403,"FRUTAS TREASURE 100 NATURAL APPLE JUICE 750ML 12",45.99,10,9,1,45.99,25-APR-026,DORIS,99
76891,"UNOLI SUNFLOWER OIL 1L 15",48.99,14,15,-1,-48.99,26-APR-026,"RANDY ALHASSAN",47
94346,"LELE GINGER FLAVOR TEA 375G  25X12",17.99,13,34,-21,-377.79,26-APR-026,DANIEL,59
100960,"SHISHA W12M PIPE HKM2 MIX COLOR YWU",99,3,2,1,99,25-APR-026,QUEENCILLA,377
119479,"WESTINGHOUSE DISH RACK WCKM0084",319,1,3,-2,-638,25-APR-026,REGINA,387
119729,"LAYS POTATO CHIPS CARIB ONIONBALS VINEGAR 23G  30",8.99,33,37,-4,-35.96,25-APR-026,"EMMANUEL MENSAH",121
118566,"BALENCIA POMACE OLIVE WITH EXTRA VIRGI OIL 1L 12",179.99,13,13,0,0,26-APR-026,"NANA ADJEI",48
122226,"AIRPRO AIRREFRSHENER GEL  PEACH PUNCH 128G  24",24.49,2,11,-9,-220.41,26-APR-026,ABIGAIL,5
135341,"MABEL BATHING SOAP STRAWBERRY 150G  18",6.79,20,20,0,0,25-APR-026,"ANANE KOJO",20
132380,"GIFT WRAP PAPER REDYELWBLK 2PC 70X100CM LXX3092",10.99,5,5,0,0,25-APR-026,JOSEPH,178
148382,"LAUNDRY BASKET WSHELF SET IRON 2TIER F10013 RJK",399,2,1,1,399,25-APR-026,WISE,446
152273,"NUTRISNAX MORNING BREAK  CEREAL  OATS 24G  72",1.19,8,10,-2,-2.38,25-APR-026,DERRICK,96
161075,"AKAI FRIDGE DD 205L SILVER RF060AC28D",3499,1,1,0,0,25-APR-026,NYARKO,175
158735,"CARPET 140X200CM IVORYBLACK TIMMYI14X2M",799,1,1,0,0,25-APR-026,"GIDEON GBLOGAH",508
181995,"FABER CASTELL FINGER PAINT SET 6PCS 30ML 122761",45.9,12,12,0,0,26-APR-026,MARIAM,295
200796,"FRYING PAN 26CM FALU ZHNBAROLY 2608G26",179,3,8,-5,-895,25-APR-026,QUEENCILLA,379
198804,"DINNER SPOON 6PCS SET DESIGNER SSTEEL  45G",59,7,18,-11,-649,25-APR-026,PHILEMON,357
200217,"TEA ZUP BLACK TEA 482515G 48",7.49,54,54,0,0,25-APR-026,AKORFA,57
204328,"SPRINGONION  APL",11.99,11,11,0,0,25-APR-026,JIMOH,134
90091,"STUDDS CREST ECO FULL FACE MB HELMET MEDIUM 57CM",269,1,1,0,0,26-APR-026,"GEORGE PUPLAMPU ",467
69471,"SAMSUNG WASHING MACHINE TT 12KG WT12J4200",8299,1,1,0,0,25-APR-026,AKAYIRI,203
65112,"COLGATE BABY TP STRAWBERRY 02YRS 50ML  144",15.99,12,84,-72,-1151.28,25-APR-026,NTUMY,163
61541,"RUSH ENERGY DRINK 350ML 12",4.99,11,11,0,0,25-APR-026,DELIGHT,85
96933,"5 STAR KAESAR COLA DRINK 350ML 20",2.89,1,59,-58,-167.62,25-APR-026,EMMANUEL,133
92163,"SEARA CHICKEN SAUSAGE  340G  24",19.99,211,954,-743,-14852.57,26-APR-026,EVELYN,143
95493,"GARLAND 2MX2CM",3.9,12,12,0,0,25-APR-026,DANIEL,XMAS
107648,"JUVER  DISFRUITA PEAR JUICE 1L  12",32.99,6,8,-2,-65.98,25-APR-026,DORIS,102
116374,"SIR EDWARDS FINEST BLENDED SCOTCH WHISKY 25L 3",549.99,3,3,0,0,25-APR-026,MAHAMA,117
125264,"ROMAR FABRIC SOFTENER CONC SPA  2L  6",84.99,3,2,1,84.99,26-APR-026,ALVIN,16
135742,"SAMYANG CHICKEN RAMEN CARBONARA CUP 80G 30",20.99,29,28,1,20.99,25-APR-026,SOLOMON,75
14828,"DEVA SOFTENER  SENSITIVE 2L  6",82.99,6,6,0,0,25-APR-026,ALVIN,14
165578,"BEDSHEET SET 4PC 235X250CM 145GSM COZYQBEDDING4",279,1,16,-15,-4185,25-APR-026,SHADRACK,517
161335,"FOUNTAIN 215X215X28CM 1237211L",359,1,5,-4,-1436,25-APR-026,"FELIX BOADU",151
160164,"MUSICAL DOREMI  MAT PEVA 110X36CM YQ8124",199,7,4,3,597,25-APR-026,HANNAH,273
171708,"KALYON LIQUID LAUNDRY DETERGENT WHITE  15KG 9",74.99,9,9,0,0,26-APR-026,ALVIN,16
167944,"CHRISTMAS ORNAMENT 20PCS 4CM",45.9,12,12,0,0,25-APR-026,DANIEL,XMAS
169247,"BROOM WSTICK MILANO GBB28",39.9,8,11,-3,-119.7,26-APR-026,AKAYIRI,462
167295,"GARLAND 2MX9CM",6.9,14,14,0,0,25-APR-026,DANIEL,XMAS
182098,"COMPUTER DESK METAL FRAME 100X48CM CT1620",1099,1,1,0,0,26-APR-026,FRANCIS,521
184256,"SHELF 3TEIR CORNER 34X34X118CM LA1340",459,1,1,0,0,25-APR-026,SHADRACK,520
200794,"FRYING PAN 28CM FALU ZHNBAROLY 2608G28",199,3,7,-4,-796,25-APR-026,QUEENCILLA,380
198208,"JUICER MANUAL PROFESSIONAL METAL YWU",599,2,2,0,0,25-APR-026,REGINA,387
204487,"ROYAL CIRCLE PREMIUM WHISKY  1L 12",162.99,3,8,-5,-814.95,26-APR-026,MAHAMA,118
206527,"PASTRY SET EVA DELICIOUS BB7705",14.9,9,9,0,0,25-APR-026,"ALHASAN RANDY",383
52743,"LELE EVAPORATED MILK 170G 48",8.49,16,156,-140,-1188.6,26-APR-026,"BENEDICT ABBEY",81
05200,"DOVE ROLLON INVISIBLE DRY 50ML 6",23.99,-7,25,-32,-767.68,26-APR-026,WONDER,36
102276,"PEPSODENT TOOTHPASTE CHARCOAL WHITE  130G  72",24.49,66,79,-13,-318.37,25-APR-026,"BOADI STEPHEN",54
124755,"EASY TO READ MORAL STORIES 12TITLES 16PAGES 47YRS",7.9,9,9,0,0,25-APR-026,HERBERT,282
121312,"VARTA BATTERY LONGLIFE POWER AA BLISTER 4",56,3,10,-7,-392,26-APR-026,"ABIGAIL YEVUGAH",158
148698,"TROPHY 57CM 2111A",309,2,4,-2,-618,25-APR-026,CHARLES,464
163421,"ICE QUEEN ESKIMAK VANILLA 100ML 50",8.99,41,42,-1,-8.99,26-APR-026,EMMANUEL,135
167137,"BODY FANTASY MIST SG CUCUMBER MELON 8OZ  12",78.49,1,1,0,0,26-APR-026,ELLA,35
17703,"KIWI PASTE DARK BROWN 100ML  12",26.99,3,3,0,0,25-APR-026,ELLA,35
188196,"LEMON PACK APL",16.99,7,6,1,16.99,25-APR-026,JIMOH,134
185919,"STAEDTLER BALLPOINT PEN WCUP 50PCS 430 MSCP503",5.99,17,22,-5,-29.95,26-APR-026,MARIAM,295
185386,"COFFEE TABLE 120X60 GLASS TOP 5836",1590,1,1,0,0,25-APR-026,FRANCIS,523
194971,"LADLE RICE SERVER SILICONE ZHN HR22PC8DS",12.9,18,18,0,0,25-APR-026,PATIENCE,347
195094,"DOLCE ELEGANCE KLASMAN ASSORTMENT 350G 10",37.99,9,9,0,0,26-APR-026,"EDDIE MENSAH",90
189197,"MIGLIO CHICKEN BREAST BONELSS SKINLESS 2KG 6",129.99,27,26,1,129.99,26-APR-026,NYARKO,182
190612,"BIRTHDAY CANDLE 10PCS",5.9,22,22,0,0,26-APR-026,HADASSAH,269
200765,"COOKING POT WLID 24CM FALU ZHNBAROLY 120124",279,1,3,-2,-558,25-APR-026,QUEENCILLA,375
206553,"KIVO 4 IN 1 COCONUT GARI SOAKING MIX CUPS 120G 12",8.99,2,2,0,0,25-APR-026,"FELIX BOADU",66
62702,"FRISCHLI SEMI SKIMMED UHT MILK 15 1L  12",34.99,13,240,-227,-7942.73,26-APR-026,DANIEL,56
09496,"BADIA ADOBO WITHOUT  PEPPER 3614G  12",89.99,19,19,0,0,26-APR-026,BISMARCK,45
102252,"BODYCOLOGY MIST PINK VANILLA WISH 236ML 12",78.49,1,2,-1,-78.49,26-APR-026,ELLA,35
105820,"DOVE BATH GEL NOURISHING SILK 750ML  16",92.99,19,17,2,185.98,25-APR-026,"ANANE KOJO",22
109396,"CROSS OLIVE OIL 100ML 40",29.99,36,36,0,0,26-APR-026,"NANA ADJEI",48
125430,"TABLE LAMP OUTDOOR 16X16X31CM ML213292T",249,2,3,-1,-249,25-APR-026,KWAFO,168
138789,"COLOUR PENCIL HALF SIZE 12SHADTIN PACKDOMS 8721",14.9,1,1,0,0,26-APR-026,GIDEON,294
149011,"MCBERRY MILK CREAM POUND CAKE 30G  144",2.29,70,188,-118,-270.22,25-APR-026,DORIS,101
146751,"ELLEVIRE EXCEL COOKING CREAM 35 FAT 1L 12",149.99,13,12,1,149.99,25-APR-026,EMMANUEL,133
155591,"FANICE AMERICAN VANILLA ICE CREAM 2L 1",99.99,4,5,-1,-99.99,25-APR-026,EMMANUEL,135
162676,"SERVING BOWL MELAMINE 9 INCHES FEILU 34309",14.9,67,67,0,0,25-APR-026,REGINA,386
169248,"BROOM WSTICK IDEAL GBB175",24.9,7,6,1,24.9,25-APR-026,WISE,450
176381,"LA CAVE STEM 260ML FRC J9398",49.9,3,19,-16,-798.4,25-APR-026,"STEPHEN ACQUAH",420
184295,"HOOKS ROUND 2 PCS SET PLASTIC UR3421",9.9,55,55,0,0,25-APR-026,WISE,446
193398,"GITANJALI POCKET CLASSIC",19.9,5,5,0,0,26-APR-026,"JERUSHA ",288
192725,"CURTAIN SLT BLACK 54X90 PL ST2",129,2,13,-11,-1419,25-APR-026,GLADYS,502
40321,"JUVER DISFRUTA NECTAR PINEAPPLE  JUICE  1L  12",32.99,2,15,-13,-428.87,25-APR-026,EMMANUEL,135
36178,"KALAHARI BITTERS 750ML 12",53.99,36,54,-18,-971.82,25-APR-026,EMMANUEL,128
57960,"MCVITIES ALL BUTTER SHORT BREAD 280G  12",64.99,12,13,-1,-64.99,25-APR-026,NTUMY,163
61767,"YUMVITA INFANT CEREAL WHEAT 50G 10SC X 8ST 80",6.29,70,72,-2,-12.58,26-APR-026,"EMMANUEL MENSAH",124
CL726,"LAUNDRY BASKET 27LTR 42CMX51CM",49.9,1,3,-2,-99.8,26-APR-026,HAYFORD,461
CL745,"OHEMA CASSEROLE 2PCS SET 500  1000 ML",29.9,4,7,-3,-89.7,25-APR-026,PATIENCE,345
CL775,"CONTAINER 3PCS SET OPAQUE 1800 3000 4900ML",69,4,4,0,0,25-APR-026,NIBOI,315
04817,"ORKIDE SUNFLOWER OIL PETCAN 45L 4",299.99,6,7,-1,-299.99,26-APR-026,"RANDY ALHASSAN",47
104658,"DORI REGALIZ NECK OF GIRAFFE RASPBERRY 2X30X30G",5.99,23,23,0,0,25-APR-026,ATITOGO,159
108214,"LITORAL WHITE WINE 750ML 12",82.99,17,17,0,0,25-APR-026,APPIAH,111
118304,"MYST NATURAL MINERAL WATER 750ML 15",2.99,14,240,-226,-675.74,25-APR-026,EZEKIEL,147
127437,"DON SIMON NECTAR PINA COCO JUICE CAN 330ML 24",22.49,10,10,0,0,25-APR-026,DELIGHT,86
125240,"DESTELLO  LIQUID DISHWASH ROSEMARY 750ML  16",39.99,7,8,-1,-39.99,25-APR-026,ALVIN,13
135999,"CALIFORNIA SCENT CAN AIR REFRESHNER ASSORTED  24",53.49,72,110,-38,-2032.62,26-APR-026,ABIGAIL,5
146407,"HARPIC BLOCK POWER POWER PLUS 35G  6",33.99,10,10,0,0,26-APR-026,"ADIATOR MOSES ",9
155953,"YUMS MAYONNAISE 947ML   6",61.99,5,5,0,0,25-APR-026,SOLOMON,73
155115,"DEW DKLE LITTLE DROPS DIAPERS 12PCS  MEDUIM  20",41.99,7,23,-16,-671.84,25-APR-026,TITUS,21
169001,"NASCO FRIDGE DD 210L DISP NASF2250FLD",4099,1,2,-1,-4099,25-APR-026,NYARKO,174
167040,"TURNER   XJ7145",24.9,11,13,-2,-49.8,25-APR-026,"NANA KOJO",366
187227,"WARDROBE 4DOOR W2DRWR WHT 23354298",2090,1,1,0,0,25-APR-026,FRANCIS,527
193426,"THE LITTLE SCIENTISTS 22X28CM",43.99,1,4,-3,-131.97,25-APR-026,"JERUSHA ",284
30583,"LISTERINE COOL MINT MILDERZERO MILD  500ML  6",79.99,3,5,-2,-159.98,26-APR-026,"BOADI STEPHEN",53
30583,"LISTERINE COOL MINT MILDERZERO MILD  500ML  6",79.99,7,5,2,159.98,25-APR-026,"BOADI STEPHEN",53
23696,"MR MUSCLEGLADE ALL PURPOSE  HARMONY 1000ML 12",54.99,8,8,0,0,25-APR-026,"ADIATOR MOSES ",8
87985,"JUVER SELECCION PINEAPPLE BOTTLE JUICE  850ML  12",40.99,2,1,1,40.99,26-APR-026,DELIGHT,88
70423,"MEGA CLEAR ALLPURPOSE CLEANER 1L 12",31.49,9,9,0,0,26-APR-026,"ADIATOR MOSES ",8
101866,"CELLLO WATER CONTAINER H2OOCTA",9.9,5,14,-9,-89.1,26-APR-026,GILBERT,311
103931,"TELON TEA LEMON  GINGER FLAV 60G 255PCS   12",29.99,18,18,0,0,26-APR-026,DANIEL,59
118117,"ACTIONWARE LEMON SQUEEZER WBOTTLE OPENER  HDUTY",42.9,2,2,0,0,25-APR-026,PHILEMON,356
120037,"SERVING BOWL MELAMINE 9 INCHES ZHN C0699",24.9,29,48,-19,-473.1,25-APR-026,BLESSING,405
125761,"TUMBLER STERLING OF GLASS 3PCS SET 300ML DXB P1159",39.9,2,2,0,0,25-APR-026,"STEPHEN ACQUAH",418
121015,"CHECKER AND TRACE 65510",79,1,1,0,0,25-APR-026,HERBERT,279
132410,"GIFT WRAP PAPER REDBLUEDGREEN 53X75CM SXX2361",9.99,2,8,-6,-59.94,25-APR-026,HADASSAH,266
148972,"DECAKILA KETTLE 18 L 1500W SS KEKT031M",109,1,10,-9,-981,25-APR-026,WONDER,246
165577,"BEDSHEET SET 4PC 235X275CM 145GSM COZYKBEDDING4",299,7,14,-7,-2093,25-APR-026,SHADRACK,510
164213,"SAIRO MOUTHWASH SENSITIVE 500ML  16",27.49,7,14,-7,-192.43,26-APR-026,"BOADI STEPHEN",53
172058,"BOOST ENERGY DRINK SUGAR FREE TROPICAL BLITZ 250ML",12.49,3,3,0,0,25-APR-026,"FELIX BOADU",153
185788,"MCVITIES BUTTER SHORTBREAD BITES 25G  48",7.59,2,62,-60,-455.4,25-APR-026,ABIGAIL,156
184165,"AKAI CHEST FREEZER SD 400L SILVER CF082AC400L",6499,1,1,0,0,25-APR-026,AKAYIRI,205
185128,"ST IVES LOTION HYDRATING VIT E  AVOC 400ML PK12",77.49,5,5,0,0,25-APR-026,"BENEDICT ABBEY",37
36435,"GREENWORLD AIRFRESHENER BUBBLE GUM 400ML  48",36.99,41,41,0,0,25-APR-026,ABASS,2
202341,"TECNO MOBILE POP 20 4GB64GB KN3",1429,1,3,-2,-2858,25-APR-026,NYARKO,177
205786,"NASCO WASHING MACHINE TL 9KG NASTLB90FL",3799,1,1,0,0,25-APR-026,AKAYIRI,203
89957,"TUMBLER ISLANDE 6PCS SET 330ML DXB J3757",79,3,2,1,79,25-APR-026,"STEPHEN ACQUAH",420
72517,"SOFA LSHAPE  MELLISA  AF",3899,1,1,0,0,26-APR-026,FRANCIS,524
CL602,"BASIN 9LTR 36CMX13CM",12.9,7,7,0,0,25-APR-026,"MORGAN ONGOH",320
100814,"LA SALUD COLOR CLOTHING DETERGENT GEL 4L  4",139.99,0,4,-4,-559.96,26-APR-026,ALVIN,14
107226,"20KG WEIGHT SET PVC BOX YORK FITNESS DWS20KG",899,2,2,0,0,25-APR-026,"GEORGE PUPLAMPU",467
109986,"SEARA CHICKEN SPICY SAUSAGE 340G 24",22.99,96,86,10,229.9,25-APR-026,EVELYN,141
117509,"LONDON BISCUIT CREAM CRACKERS 300G  18",27.99,3,3,0,0,25-APR-026,DORIS,97
125150," PROVETTO ROSE SEC SPARKLING WINE 750ML",145.99,6,6,0,0,25-APR-026,APPIAH,113
127776,"PARMALAT DAIRY SNACK BANANA YOGURT  100G 12",39.99,12,5,7,279.93,25-APR-026,CHRIS,61
132079,"KEY BAR MULTIPURPOSE 800G  16",30.99,43,86,-43,-1332.57,26-APR-026,TITUS,21
148700,"TROPHY 46CM 2111C",189,5,7,-2,-378,26-APR-026,CHARLES,466
147267,"TRENDY PRESSURE COOKER SS 6L CHN P2580702 P2530752",999,2,4,-2,-1998,25-APR-026,"NANA KOJO",362
149431,"WESTINGHOUSE GLASS STORAGE WLID 5PCS WCFC003110A",169,2,2,0,0,26-APR-026,GLADYS,430
162536,"ABOVE DEO SPRAY NEYMAR JRTEENBOY 150ML   24",38.99,6,10,-4,-155.96,25-APR-026,"FELIX BOADU",153
167290,"MOVING XMAS TREE WLIGHT 15M 165 220V",1299,1,1,0,0,25-APR-026,DANIEL,XMAS
186839,"SPIRAL CHART ALL IN ONE",30.9,26,44,-18,-556.2,25-APR-026,DANIEL,XMAS
185387,"COFFEE TABLE 120X60 GLASS TOP 5865",2190,1,1,0,0,25-APR-026,FRANCIS,522
183607,"CERAMIC DINNER PLATE 9 FLW9INCH RJK",19.9,6,10,-4,-79.6,26-APR-026,BLESSING,410
193106,"TEFAL BAKEWARE 24 J5549602",129,7,7,0,0,25-APR-026,"ALHASAN RANDY",383
189180,"XMAS BALL 8CM 3PCS",34.9,1,1,0,0,25-APR-026,DANIEL,XMAS
202597,"PLATE 105 B160105",14.9,60,62,-2,-29.8,25-APR-026,OTHNIEL,338
79189,"5 STAR KAESAR TONIC WATER 350ML 16",2.99,2,49,-47,-140.53,25-APR-026,EMMANUEL,133
83748,"BINATONE STANDING FAN 18 HIGH SPEED TS1880MK2",959,2,3,-1,-959,25-APR-026,AKAYIRI,207
CL744,"OHEMA CASSEROLE 3000ML 32CMX25CMX18CM",42.9,2,5,-3,-128.7,25-APR-026,PATIENCE,345
115429,"MRS BECTORS WHEELEZZ MILK SHORT CAKE 40G  72",2.49,60,207,-147,-366.03,25-APR-026,DERRICK,95
116629,"ENAPA EVAPORATED MILK 160G 24",7.99,36,35,1,7.99,26-APR-026,"NANA ADJEI",81
116647,"PRINCE VANILLA BISCUITS 130G  20",12.99,18,19,-1,-12.99,26-APR-026,DERRICK,96
122994,"BINATONE STEAM IRON 1800W SI 1830",325,6,6,0,0,25-APR-026,"KINGSLEY OP",218
142208,"SUPER COOK PANCAKE PAN 25CM CHN B4593885",219,4,4,0,0,25-APR-026,PHILEMON,358
157132,"PENDANT LIGHT GOLD 10163",579,1,2,-1,-579,25-APR-026,KWAFO,531
159356,"INFINITY SOLUTIONS DISHWASH YELLOW 3L  6",112.99,4,4,0,0,26-APR-026,"ARTHUR JONADAB",28
162789,"CURTAIN JACQUARD 54X90 SILVER S1223",139,2,3,-1,-139,25-APR-026,GLADYS,501
166991,"THE CORAL ISLANDS",20.9,1,3,-2,-41.8,25-APR-026,HERBERT,282
169144,"CEREALITALIA COCOA BALLS 1KG 10",139.99,2,2,0,0,26-APR-026,"KINGSLEY OP",91
179743,"JAR SQ 800ML PLASTIC 1208",34.9,4,4,0,0,25-APR-026,"NANA ADJEI ",327
179746,"LIPICE ORIGINAL FOR MEN LIPBALM SINGLE PK12",19.49,4,9,-5,-97.45,26-APR-026,ATITOGO,160
177912,"FRESH POPS CHOCO 6X6 20G  24",4.39,15,15,0,0,25-APR-026,"EMMANUEL MENSAH",121
178131,"PAPER DOILIES 20PCS 125 YWU",9.9,9,9,0,0,26-APR-026,HADASSAH,269
187940,"DECORATIVE ACCESSORY",69,4,4,0,0,26-APR-026,HAYFORD,461
187525,"PROMESS FLAVOURED DRINK STRAWBERRY 500ML 12",18.49,1,13,-12,-221.88,26-APR-026,TITUS,21
193342,"TUMBLER GLASS TRAZE PR DROCK 350ML 3P0366206G0001",199,5,5,0,0,25-APR-026,"STEPHEN ACQUAH",422
190755,"EDUCATIONAL DESK WLIGHTMUSIC",219,2,1,1,219,25-APR-026,JUSTICE,270
190928,"JAMAA DETERGENT POWDER 2KG 4",54.99,1,2,-1,-54.99,26-APR-026,TITUS,21
200301,"HH SEASONING CHICKEN 12X50 10G  50",15.99,48,65,-17,-271.83,26-APR-026,BISMARCK,45
69122,"SHINE BAKING PAPER 50SQR FT  24",24.99,7,7,0,0,25-APR-026,"ARTHUR JONADAB",27
CL625,"PET JAR SQUARE 1500ML 11CMX11CMX16CM",4.9,7,10,-3,-14.7,25-APR-026,"NANA ADJEI ",328
92200,"JUVER SELECCION  PEACH 200ML 24",15.99,3,28,-25,-399.75,25-APR-026,EMMANUEL,135
112559,"GOODYS SPICY SHITO HOT BEEF 930G 12",149.99,3,8,-5,-749.95,26-APR-026,"PAUL OWUSU",63
130187,"STEM GLASS SAVOIE 35CL L583150463",349,1,14,-13,-4537,25-APR-026,"STEPHEN ACQUAH",419
147091,"DOVE BATH GEL CALMING 750ML  16",92.99,4,23,-19,-1766.81,26-APR-026,"ANANE KOJO",20
171193,"LUXURYS REED DIFF SPRAY BOTTLE FRUITMIX  500ML 12",91.49,7,8,-1,-91.49,25-APR-026,ABASS,1
172981,"KIDS TRICYCLE WMUSIC JTS701",329,1,1,0,0,26-APR-026,MARIAM,293
166983,"THE HOUND OF BASKERVILLES",22.9,3,2,1,22.9,25-APR-026,HERBERT,282
167007,"BOARD GAMES TAMBOLA",75,22,22,0,0,25-APR-026,HERBERT,279
180767,"DZIRE CHEST FREEZER SD 142L SILVER CFSSM151",2999,1,1,0,0,25-APR-026,AKAYIRI,204
179253,"ENVELOPE A3 50PCS 324X4005CM BROWN YW",99,2,2,0,0,26-APR-026,"MICHAEL DADZIE",295
192674,"GIFT BAG SMALL 210G 18X23X10 KR16222S912",17.99,4,4,0,0,25-APR-026,MORGAN,324
192307,"SHARPENER MP55664",7.9,4,17,-13,-102.7,26-APR-026,GILBERT,294
190643,"SWIMMING VEST",34.9,4,4,0,0,25-APR-026,CHARLES,465
189444,"DISNEY KIDS CAR MINNIE MYO 3D FIGURE XXL MM24316",49,12,12,0,0,25-APR-026,HERBERT,278
19766,"ROYAL GALAXY WHITE SUGAR  2KG 10",66.99,12,13,-1,-66.99,25-APR-026,"EMMANUEL MENSAH",123
42974,"SERVING BOWL MELAMINE 9 INCHES ZHN C0359",16.9,10,10,0,0,25-APR-026,ROBIN,392
204935,"MUGS CERAMIC PATTERNED 16OZ MB425",14.9,13,35,-22,-327.8,25-APR-026,ROBIN,392
202596,"PLATE 125 B160125",18.9,27,30,-3,-56.7,25-APR-026,OTHNIEL,338
206529,"SPLATTER 20CM METAL DELICIOUS KL33A0120",22.9,19,19,0,0,25-APR-026,"PAUL OWUSU",351
64106,"DOLAIT STRAWBERRY YOGHURT 70G 10",4.99,1,9,-8,-39.92,25-APR-026,DANIEL,XMAS
94082,"DZIRE GAS STOVE 3B GLASS TGGP3BG32",519,2,2,0,0,25-APR-026,"JOSEPH PATRICK",199
95079,"COOKWARE SET 7PCS WLID 24262826 FRYPAN MK6206",599,6,5,1,599,25-APR-026,PHILEMON,356
115946,"PRIVATE EXTRA THIN ECONOMY PACK 18PCS  12",25.99,15,15,0,0,26-APR-026,"BOADI STEPHEN",51
115106,"8PM FIRE WHISKY 750ML 12",99.99,14,14,0,0,25-APR-026,MAHAMA,117
121322,"VARTA BATTERY LITHIUM BLISTER 1 CR2032",30,4,4,0,0,25-APR-026,NTUMY,161
124658,"AMALFI SHOWER GEL SPA   750ML  16",29.99,5,34,-29,-869.71,25-APR-026,VINOLIA,441
134603,"BEENO SMALL BISCUITS STEAK FLAVOUR 300GMS 6",34.99,3,3,0,0,25-APR-026,ABASS,1
132889,"SERVING BOWL MELAMINE 8 INCHES FEILU 1878",12.9,50,53,-3,-38.7,26-APR-026,REGINA,391
153177,"LISTERINE NATURAL ENAMEL PROTECT MT 500ML  6",76.99,4,6,-2,-153.98,25-APR-026,"BOADI STEPHEN",53
149960,"BASKETBALL RING DOUBLE LAYER",429,1,1,0,0,25-APR-026,"GEORGE PUPLAMPU",467
164845,"COOKWARE 5PCS SET ZOLO",869,3,4,-1,-869,25-APR-026,PATIENCE,344
160888,"DINNER PLATE MELAMINE 10 INCHES FEILU 82105",18.9,-42,61,-103,-1946.7,26-APR-026,REGINA,390
162123,"SERVING PERFORATED LADLE NYLON SSPD AP9438",9.9,14,12,2,19.8,25-APR-026,OWUSU,368
171192,"LUXURYS REED DIFF SPRAY BOTTLE MANGO 500ML  12",91.49,1,11,-10,-914.9,25-APR-026,ABASS,3
168688,"SLOTTED TURNER WWOOD HANDLE 8MM ROSEWOOD AA1818",35,5,36,-31,-1085,25-APR-026,QUEENCILLA,379
18457,"DEVA CLEANING CLOTH  20",32.99,3,3,0,0,25-APR-026,"NANA ADJEI",355
192591,"GIFT WRAPPING PAPER 2PCS 70X100CM",11.99,9,9,0,0,25-APR-026,HADASSAH,266
87467,"JAMAA CLASSIC LAUNDRY SOAP 130G    48",4.29,38,38,0,0,25-APR-026,"ANANE KOJO",19
76710,"LORENZ NATURALS ROSEMARY CHIPS 100G  12",50.99,2,11,-9,-458.91,25-APR-026,"FELIX BOADU",153
X936,"LAUGHING COW LAVACHE QUIRIT CHEESE  8PCS 112G 36",28.99,69,75,-6,-173.94,26-APR-026,"FELIX BOADU",65
93663,"BLUE SKIES COCONUT ICE CREAM 125ML 12",16.99,5,5,0,0,25-APR-026,EMMANUEL,135
101019,"CURTAIN POLYESTER 52X84 WHANGER ZGB101",159,8,16,-8,-1272,25-APR-026,GLADYS,501
103764,"GIVERS LIQUID DETERGENT 5L  4",81.99,4,4,0,0,26-APR-026,"ARTHUR JONADAB",28
105006,"YUKI MATON INSECTICIDE DOUBLE ACTION 300ML  24",36.99,19,20,-1,-36.99,26-APR-026,DANIEL,9
119848,"AMERICAN GOURMET STRAWBERRY SYRUP 22OZ  12",64.99,4,4,0,0,26-APR-026,"FELIX BOADU",65
114716,"ENGLISH DICTIONARY MINI 619PAGES EB847",32.99,31,28,3,98.97,25-APR-026,JERUSHA,287
128552,"LAUNDRY BASKET COLLAPSIBLE A202203 RK",29.9,11,12,-1,-29.9,25-APR-026,FRANCIS,523
146119,"SPORTS BOTTLE STAMINA 720ML PLASTIC 161513001",29.9,15,15,0,0,26-APR-026,GILBERT,311
156398,"HAPPY FULL RINGS 70G",9.99,1,56,-55,-549.45,26-APR-026,SHADRACK,158
160882,"DINNER PLATE MELAMINE 10 INCHES FEILU 18105",18.9,32,36,-4,-75.6,26-APR-026,ROBIN,392
49017,"CERES CRANBERRY  KIWI JUICE 1L  12",44.99,11,11,0,0,25-APR-026,KWAFO,100
22065,"CADBURY HOT CHOCOLATE DRINK 10PCS X 12  30G",39.99,16,10,6,239.94,25-APR-026,DAVID,BRUNO
87966,"AKAI TOASTER 2 SLICE 700W TO024A1101",229,1,2,-1,-229,25-APR-026,LESTER,249
76415,"VOLTPLUS AVS TV GUARD 5A AVS5ABVPTGAVS5T",165,5,13,-8,-1320,25-APR-026,WONDER,245
65261,"LORENZ CRUNCHIPS SALTED 100GMS 12",22.99,7,8,-1,-22.99,25-APR-026,"FELIX BOADU",153
65529,"TAMPICO CITRUS PUNCH 300ML 12",6.49,20,36,-16,-103.84,26-APR-026,DELIGHT,88
66380,"LION ALUMINIUM BELLIED COOKING POT 3PCS  BP2024",259,1,2,-1,-259,25-APR-026,QUEENCILLA,377
95724,"AMALFI  SHAMPOO FAMILIAR STRAWBEERY 750 ML  16",32.99,12,12,0,0,25-APR-026,"BENEDICT ABBEY",38
103201,"AVSAR FRUIT FLAV WATER DUCHESS PEARNECTARIN 200ML",10.99,9,38,-29,-318.71,25-APR-026,EMMANUEL,135
109330,"ROMAR  AIRFRESHNER TALC 300ML  8",38.99,5,5,0,0,25-APR-026,ABASS,2
120135,"LED CEILING LIGHT ROUND 3COL 2718",229,1,1,0,0,25-APR-026,KWAFO,166
128902,"BINDER CLIP E111 25MM 264888ELP",6.9,20,20,0,0,26-APR-026,GILBERT,294
125287,"AIRPRO AEROSOL LAVENDER  300ML  24",29.99,13,13,0,0,25-APR-026,ABASS,2
120460,"CELLO PET BOTLLE TAG 1000",19.9,13,12,1,19.9,26-APR-026,GILBERT,311
130985,"PHILIPS LED SENSOR BULB 860W B22 WH 929002400107",149,1,1,0,0,25-APR-026,KWAFO,170
157832,"AMERICAN GOURMET MAYONNAISE REGULAR 237ML 24",21.49,19,19,0,0,25-APR-026,SOLOMON,73
160118,"DALGETY  TURMERIC  BLACK PEPPER HERB INF40G  36",59.99,27,33,-6,-359.94,25-APR-026,AKORFA,58
171220,"MEANNAN BROWN SUGAR 1KG  12",39.99,13,13,0,0,25-APR-026,"EMMANUEL MENSAH",122
171637,"THE SECRET PAPERBACK",139,2,2,0,0,26-APR-026,"JERUSHA ",288
167500,"BEVERAGE DISPENSER WRACK 57L 97026 RJK",179,1,1,0,0,25-APR-026,SOMUAH,415
178277,"ARTIFICIAL FLOWER 7BRANCH 28CM",29.9,64,64,0,0,26-APR-026,ESINAM,462
179209,"ANDES CREME DE MENTHE SNAP BAR 15OZ 24",35.99,20,22,-2,-71.98,25-APR-026,ATITOGO,160
186081,"WHISKEY GLASS SET 6PCS 330ML AMBER L35106 RJK",59,2,12,-10,-590,26-APR-026,SOMUAH,416
185913,"STAEDTLER COLOUR PENCIL SET NORIS 24PC 185 MD24 02",129,6,7,-1,-129,26-APR-026,GIDEON,294
186900,"LUNCH BOX PLASTIC 912 YWU",44.9,10,10,0,0,25-APR-026,"MICHAEL BOYE",305
185313,"BATHMAT GRAY 50X80CM MP 1600GSM TR3888",109,2,1,1,109,26-APR-026,VINOLIA,445
190055,"GLASS JAR 7PCS SET GOLD 1500ML230ML YWU",99,1,8,-7,-693,25-APR-026,NIBOI,314
198909,"CUTLERY TRAY CN250717E",44.9,40,40,0,0,25-APR-026,OTHNIEL,339
197988,"MCBERRY GRANDE TWIN CHOCO WAFER 39G  144",2.09,96,191,-95,-198.55,25-APR-026,DORIS,98
49252,"DEVA DISHWASHING LIQUID SOAP APPLE 25L  6",73.99,8,2,6,443.94,26-APR-026,"ARTHUR JONADAB",28
70606,"FUFU BOWL 9INCHES WPLATE CERAMIC WHITE T160019",29.9,18,18,0,0,26-APR-026,BLESSING,409
X438,"NESTLE CERELAC WHEAT TIN 400G 12",48.99,23,25,-2,-97.98,25-APR-026,"EMMANUEL MENSAH",124
99603,"ENA PA SPAGHETTI 400G 20",7.49,20,20,0,0,25-APR-026,SOLOMON,75
103374,"AMALFI HAIR DYE EXTRA LIGHT BLONDE 900  12",71.99,3,3,0,0,26-APR-026,"PAUL OWUSU",38
118561,"AIRWICK FRESH N UP WILD BERRIES 375ML  12",41.99,1,6,-5,-209.95,26-APR-026,ABIGAIL,5
113984,"BELTONIC CAN DRINK 330ML 24",8.49,28,29,-1,-8.49,25-APR-026,DELIGHT,85
128146,"AKAI MICROWAVE OVEN 30L GRILL MW074A030MS",1999,2,3,-1,-1999,25-APR-026,RICHMOND,264
120415,"3TOL ANTISEPTIC LIQUID 250ML   24",17.99,8,8,0,0,26-APR-026,QUEENCILLA,42
132929,"SERVING BOWL MELAMINE 9 INCHES FEILU 7249",22.9,14,16,-2,-45.8,25-APR-026,ROBIN,392
148003,"OCEAN GAS COOKER 4B 60X60 GRIL BLK MGCO 6640 NMXCZ",3979,1,2,-1,-3979,25-APR-026,MABEL,260
171992,"KIDS POLICE BIKE TOY WELEPHENT",43.9,6,6,0,0,25-APR-026,HANNAH,275
166955,"BRUHM LED TV 32 SAT BTF32S",2499,1,1,0,0,25-APR-026,WONDER,242
167358,"GOMETS YOGHURT ASSORT JELLY ROLLS 12X30 32G",3.49,60,70,-10,-34.9,25-APR-026,ATITOGO,159
185996,"DINING CHAIR WPFOAM GRAY 52X50X85CM BIF06GREY",429,5,5,0,0,25-APR-026,SHADRACK,510
18349,"SAN PELLEGRINO SPARKLING WATER 25CL 24",17.99,3,30,-27,-485.73,26-APR-026,"JOSEPH PATRICK",135
192125,"ABEST COFFEE LATTE DRINK 240ML 24",15.99,19,17,2,31.98,26-APR-026,PATIENCE,84
200455,"FRYING PAN WLID 22CM FALU ZHNBLY 81120G22",159,9,8,1,159,25-APR-026,PATIENCE,346
25102,"MEGA CLEAR WC GEL 750ML 12",34.99,2,2,0,0,25-APR-026,ALVIN,13
CL677,"PET JAR ROUND 1500ML 105CMX155CM",4.9,21,19,2,9.8,25-APR-026,"NANA ADJEI ",328
94701,"FA  ROLL ON MYSTIC MOMENTS 50ML  24",23.99,20,1,19,455.81,26-APR-026,WONDER,36
98710,"GALAXY SPARKLING WINE FRUIT COCKTAI DRINK 750ML 12",57.99,4,4,0,0,25-APR-026,"EDDIE MENSAH",106
115154,"CHATEAUX SANGRIA FORTE 500ML 24",19.99,17,17,0,0,25-APR-026,APPIAH,112
115178,"TRICYCLE WMUSICLIGHT REDBLUEGREEN YTS725",399,4,2,2,798,25-APR-026,RICHMOND,265
128790,"BALLPEN INKGLIDE 07MM LUXOR 10P BLU 1660210CELLO",17.9,2,2,0,0,26-APR-026,GILBERT,294
125305,"ULTAMAX COCOSHEA HAIR MOISTURIZER 200ML   36",35.99,2,2,0,0,25-APR-026,"BENEDICT ABBEY",38
156618,"ARTIFICIAL FLOWER 9 3 COLOUR MIX",59,1,2,-1,-59,26-APR-026,ESINAM,462
154817,"TREE HOUSE SHAPE SORTER KIDS FT00032",319,3,3,0,0,25-APR-026,HERBERT,278
155262,"ROSALINDA MUSHROOM PIECES  STEMS 425G  12",30.99,1,1,0,0,25-APR-026,GLADYS,71
164232,"BATH MAT 50X80CM BM3968",55,1,1,0,0,26-APR-026,"SAMUEL ADDO",402
169859,"TURNER SS WWOOD HANDLE 8MM ROSEWOOD AA1811",35,9,15,-6,-210,25-APR-026,"NANA KOJO",367
168687,"STIRER LADLE WWOOD HANDLE 8MM ROSEWOOD AA1815",39,12,58,-46,-1794,26-APR-026,PATIENCE,349
177353,"POPPINS FROSTED FLAKES 350G  16",35.49,22,24,-2,-70.98,26-APR-026,"KINGSLEY OP",91
187987,"FANTA ORANGE GLASS BOTTLE 250ML 24",10.99,71,71,0,0,25-APR-026,JIMOH,1
182549,"AKAI FRIDGE DD 85L RF058AC11D",2299,1,3,-2,-4598,25-APR-026,NYARKO,175
188915,"PARTY POPPER OPP",19.9,8,8,0,0,25-APR-026,HADASSAH,268
190607,"RIBBON HAPPY BIRTHDAY AWARD",8.9,13,13,0,0,26-APR-026,HADASSAH,269
205539,"DEO FLOOR CLEANER LIME 5L 5",94.99,4,4,0,0,25-APR-026,ABIGAIL,6
204410,"MCPHILIX PLANTAIN CHIPS UNRIPENED 40G  40",5.99,2,2,0,0,26-APR-026,MAHAMA,119
71641,"EVERPACK ZIPPER BAGS 25X35CM 10 BAGS  48",29.99,26,26,0,0,26-APR-026,"ARTHUR JONADAB",27
53642,"HH NON DAIRY MILK POWDER 200G  50",12.49,20,20,0,0,26-APR-026,"DAVID BRUNO",80
X452,"MILO ACTIGEN TIN 400G 12",57.99,216,277,-61,-3537.39,25-APR-026,EZEKIEL,148
93777,"KENWOOD KETTLE 17L 2200W BLACK ZJP01A0BK",499,1,2,-1,-499,25-APR-026,LESTER,248
100984,"CURTAIN POLYESTER 52X84 WHANGER DRTH1572",159,10,12,-2,-318,25-APR-026,ESINAM,487
124788,"SUPER COOK STEWPOT 30CM WLID CHN B4595484 B1435484",449,2,2,0,0,25-APR-026,QUEENCILLA,375
128940,"TAPE BROWN 48MMX45Y 1X6 264925",65,64,8,56,3640,26-APR-026,"MICHAEL DADZIE",295
131895,"TOUCH OCEAN SOFTENER 2L  6",42.99,6,6,0,0,25-APR-026,ALVIN,15
156578,"ARTIFICIAL FLOWER",69,11,11,0,0,26-APR-026,ESINAM,462
149218,"AIRPRO NAPHTALENE BALLS COLOURED BIG 300G  60",22.99,23,23,0,0,26-APR-026,"ADIATOR MOSES ",9
152559,"PINOMEL RED SWEET WINE 750ML 6",78.99,6,6,0,0,25-APR-026,APPIAH,111
161962,"LINY STORAGE BOX MEDIUM 1100ML PLASTIC BSF00957",29.9,1,22,-21,-627.9,25-APR-026,OTHNIEL,341
158430,"DZIRE INDUSTRIAL STANDING FAN 30120W IFS30DCFG75",1889,2,2,0,0,25-APR-026,AKAYIRI,207
161148,"FILLED CUSHION JAQUARD 45X45CMPINK DC236",179,1,1,0,0,25-APR-026,GLADYS,505
159065,"STOOL PP X1830 RJK",69,7,7,0,0,25-APR-026,"MORGAN ONGOH",320
175555,"HERSHEYS STRAWBERRY SYRUP 623G 12",69.99,11,10,1,69.99,26-APR-026,"FELIX BOADU",65
171351,"BELPAK FACIAL TISSUE BOX  36",10.99,7,57,-50,-549.5,26-APR-026,BISMARCK,29
186931,"HAPPY BIRTHDAY HANGER MIX DESIGN 30X29CM",25.9,12,12,0,0,25-APR-026,HADASSAH,269
186271,"COFFEE TABLE 12 BIF358BEIGE",1190,1,1,0,0,25-APR-026,FRANCIS,522
190121,"RECLINER SOFA 2SEATER 8005",6490,1,1,0,0,25-APR-026,SHADRACK,514
79189,"5 STAR KAESAR TONIC WATER 350ML 16",2.99,32,49,-17,-50.83,26-APR-026,DANIEL,165
58699,"FLORA TABLE NAPKIN ASSORTED COLOURS 1X100X15  15",6.99,14,29,-15,-104.85,26-APR-026,"COLLINS HAMMOND",30
CL431,"BUCKET WITH LID AND TAP 20LTR 35CMX36CM",59,3,4,-1,-59,25-APR-026,MORGAN,322
104582,"STORAGE CONTAINER 3PCS SET 13X18 PLASTIC 0932 YWU",32.9,10,9,1,32.9,25-APR-026,"NANA ADJEI ",327
109759,"MATA HONEY JAR 500 GM 12",45.99,16,16,0,0,26-APR-026,"PAUL OWUSU",64
109790,"INDOMIE TASTY CHICKEN NOODLES 70G 44",5.49,44,288,-244,-1339.56,26-APR-026,EMMANUEL,127
117890,"RINGO CHIPS PEANUT 16G  40",3.49,29,40,-11,-38.39,25-APR-026,"EMMANUEL MENSAH",121
125372,"MY FIRST EARLY LEARNING BOOK PACK",28.9,12,12,0,0,25-APR-026,"JERUSHA ",284
122216,"AIRPRO AIRFRSHNER ORGCAN SWEET PINEAPPLE 42G  24",39.99,9,10,-1,-39.99,26-APR-026,ABIGAIL,5
138932,"GEISHA GERMIG NEEM  BASIL V1 180G 36",14.99,64,65,-1,-14.99,25-APR-026,"ANANE KOJO",20
139349,"TOMATO BIG TFM PACK",41.99,5,5,0,0,25-APR-026,JIMOH,134
148526,"FLOWER SET DRY 5PCS",85,1,5,-4,-340,26-APR-026,ESINAM,462
151165,"DELISH VIRGIN COCONUT OIL 500ML  24",68.99,5,5,0,0,26-APR-026,"NANA ADJEI",48
160884,"DINNER PLATE MELAMINE 10 INCHES FEILU 215105",19.9,31,31,0,0,26-APR-026,ROBIN,392
162300,"CAKE SERVER SS WOOD HANDLE ILC MC73041 RJK",19.9,34,34,0,0,25-APR-026,OWUSU,369
168367,"ARTIFICIAL PLANT COLOR MIX 3",65,1,3,-2,-130,25-APR-026,FRANCIS,522
180266,"SKIMMER PEAR WOOD HANDLE AA2135",37.9,20,20,0,0,25-APR-026,"NANA KOJO",367
180219,"KLEANZ HAND SOAP ORIGINAL ANTIBACTERIAL 500ML  4",22.99,7,23,-16,-367.84,25-APR-026,BISMARCK,43
178649,"TABLE PLASTIC TOP BROWN 60X70CM 20300102",429,1,1,0,0,25-APR-026,SHADRACK,510
183660,"WESTINGHOUSE CUTLERY SET 20PCS WCCL0025020",179,5,5,0,0,25-APR-026,OWUSU,371
197650,"NASCO TV BRACKET 3242 LX3242",69,1,1,0,0,25-APR-026,JUSTICE,190
196679,"CERES PINEAPPLE 500ML 10",23.99,12,12,0,0,25-APR-026,KWAFO,100
29391,"ROBB MENTHOL SWEET 110G  24",11.49,23,25,-2,-22.98,26-APR-026,"EDDIE MENSAH",90
30921,"LELE SARDINE IN SOYA OIL OMG 3 125G  50",16.49,17,20,-3,-49.47,26-APR-026,APPIAH,126
202743,"MALTA GOYA BEVERAGE DRINK 207ML 10",18.99,5,5,0,0,25-APR-026,DELIGHT,86
202848,"DINNER SET 16PCS MATT CERAMIC T164002",199,2,2,0,0,26-APR-026,SOMUAH,430
90234,"RENDEZ VOUS NON AL SPARK WINE WHI GRAPE  75CL  6",40.99,11,11,0,0,25-APR-026,"EDDIE MENSAH",106
75280,"BINATONE KETTLE 30L 1650W2200W BLACK CEJ 3000",475,1,1,0,0,25-APR-026,WONDER,247
65877,"OTA MAGIC METHANOL CHAFING FUEL",19.9,24,61,-37,-736.3,25-APR-026,"JOSEPH PATRICK",196
66656,"DAPHNIS SLICED MUSHROOMS 400G  12",17.99,13,14,-1,-17.99,26-APR-026,GLADYS,71
96249,"GOLFERS SHOT BARREL AGED WHISKY GLASS MC 750ML 6",169.99,4,4,0,0,26-APR-026,MAHAMA,118
97243,"SAIRO SHOWER GEL ARGANHONEY 600ML  12",26.99,4,4,0,0,25-APR-026,"ANANE KOJO",21
101017,"CURTAIN POLYESTER 52X84 WHANGER ZGB097",199,16,16,0,0,25-APR-026,ESINAM,484
103322,"AMALFI  MOUTHWASH MINT  500ML  16",22.99,13,9,4,91.96,25-APR-026,"BOADI STEPHEN",53
103467,"LAUNDRY AND BATHROOM 7PCS SET PLASTIC M3029",199,1,1,0,0,26-APR-026,AKAYIRI,462
128831,"CURTAIN ROD SHOWER BEDNBATH SS 70X120CM BB8001",11.9,7,11,-4,-47.6,25-APR-026,WISE,446
121936,"3PCS BEDSHEET SET SL QN 150X20030CM ASRTD",139,3,20,-17,-2363,25-APR-026,GILBERT,499
122226,"AIRPRO AIRREFRSHENER GEL  PEACH PUNCH 128G  24",24.49,10,11,-1,-24.49,26-APR-026,RICHMOND,5
137071,"DR TEALS LAVENDER 24OZ 4",119.99,7,7,0,0,25-APR-026,"ANANE KOJO",22
141421,"PAN SPOON SLOTTED PEARL 13  59046",9.9,13,13,0,0,25-APR-026,OWUSU,369
160199,"WHITE BOARD WPLASTIC FRAME 279X217CM WB5079",29.99,5,11,-6,-179.94,25-APR-026,DANIEL,XMAS
18372,"PRINCESS COCOA BUTTER LOTION 400ML  4",25.99,4,4,0,0,25-APR-026,"BENEDICT ABBEY",37
191644,"WEDIAN FAVA BEANS WIT CUMIN  LEMON RECIPE 400G 12",13.49,15,10,5,67.45,26-APR-026,GLADYS,71
189372,"SIDE CABINET BIFLV01S",579,1,1,0,0,25-APR-026,FRANCIS,527
200331,"HH NON DAIRY CREAMER 240G  50",19.99,60,60,0,0,26-APR-026,"DAVID BRUNO",80
200486,"CLASSIC DELIGHT WHISKY 750ML 12",79.99,12,22,-10,-799.9,25-APR-026,EMMANUEL,127
202550,"FROSTED PLATE 11 19066",14.9,41,42,-1,-14.9,25-APR-026,OTHNIEL,338
82593,"MASTERSEAL CONTAINER RECT PP 800ML FRC K3021812",59,5,5,0,0,25-APR-026,"NANA ADJEI",329
K402,"SS KNIFE DESERT4P1761261 48A",14.9,18,67,-49,-730.1,25-APR-026,OWUSU,370
N488,"DETTOL ANTISEPTIC LIQUID 1L 12",185.99,1,10,-9,-1673.91,26-APR-026,JIMOH,1
94242,"MADAR DETERGENT POWDER 800G   10",31.49,21,27,-6,-188.94,26-APR-026,ALVIN,17
100992,"CURTAIN POLYESTER 52X84 WHANGER DRTH2371",219,10,10,0,0,25-APR-026,GLADYS,501
162664,"SERVING BOWL MELAMINE 9 INCHES FEILU 722096",14.9,26,71,-45,-670.5,25-APR-026,REGINA,386
169951,"TRUESMILE TOOTHPASTE  BRUSH  PROCLEAN 100ML   12",26.99,10,10,0,0,25-APR-026,"BOADI STEPHEN",54
180314,"STYLE UP PARFUM ORIGINAL 50ML  48",10.99,27,29,-2,-21.98,25-APR-026,ELLA,35
178122,"ARTIFICIAL FLOWER 9TIPS 41CM",75,26,25,1,75,26-APR-026,ESINAM,462
179163,"SNAKE  LADDER BOARD GAME 185X145CM",69,4,3,1,69,25-APR-026,HERBERT,280
187221,"WARDROBE 6DOOR W2DRWR BRNWHT 5922298",3290,1,1,0,0,25-APR-026,FRANCIS,527
186688,"RAINBOW CONTAINER 5PC SET RECT PLASTIC RJK 21655D",59,3,8,-5,-295,25-APR-026,NASHIBA,332
184082,"WOK PAN 28CM FALU ZHNBLY 105728",249,7,7,0,0,25-APR-026,OWUSU,371
183650,"WESTINGHOUSE WHISKY GLASS WCGW0108",44.9,1,4,-3,-134.7,26-APR-026,SOMUAH,417
192848,"MELAMINE TRAY 16INCH 1916",39.9,11,11,0,0,25-APR-026,ROBIN,392
194949,"LADLE SPATULA SILICONE ZHN ZC3A",6.9,1,23,-22,-151.8,25-APR-026,PATIENCE,348
189662,"BATHMAT SHAGGY 40X60CM CT ASSORTED MYQ91902",29.9,32,35,-3,-89.7,25-APR-026,"SAMUEL ADDO",399
191720,"MYBISCUIT DIGESTIVES CHOCO BISCUIT 600G 12",79.99,4,79,-75,-5999.25,25-APR-026,APPIAH,114
195499,"DZIRE HOME THEATRE 31CH 60W HT313S237",799,1,2,-1,-799,25-APR-026,AKAYIRI,205
64035,"LEEMEX PALMNUT CREAM 800GMS 24",55.99,13,13,0,0,25-APR-026,GLADYS,71
D138,"SMA FOLLOWON MILK PROGRESS 400G 12",174.99,8,16,-8,-1399.92,26-APR-026,"EMMANUEL MENSAH",124
96856,"KAMILA ASSORTMENT ELIPS 610G  6",204.99,6,6,0,0,26-APR-026,"EDDIE MENSAH",90
91879,"BINATONE MICROWAVE OVEN 20L 700W BLACK MWO2018",1559,3,4,-1,-1559,25-APR-026,RICHMOND,264
100072,"FITNESS BAR W 5 RESISTANCE BANDS MF8101",389,2,2,0,0,26-APR-026,CHARLES,466
101959,"CONTAINER ROUND SET OF 4PCS PLASTIC 5454",19.9,15,16,-1,-19.9,25-APR-026,NASHIBA,333
115913,"TOTAL RESISTANCE EXERCISER",155,10,9,1,155,26-APR-026,CHARLES,466
14480,"INDOMIE NOODLES SUPER PACK CHICKEN 120G 44",7.49,72,269,-197,-1475.53,26-APR-026,SOLOMON,76
16848,"ELLEVIRE SALTED BUTTER PACKETS 200G 40",74.99,39,39,0,0,26-APR-026,EMMANUEL,136
187951,"DECORATIVE ACCESSORY",99,7,7,0,0,26-APR-026,HAYFORD,461
186159,"CARPET FELT GRAY 2X15M RMG01",189,14,14,0,0,26-APR-026,GAD,474
187049,"LUGGAGE SET 12PCS",39.9,5,5,0,0,25-APR-026,MARYLAND,301
200289,"HH MAYONNAISE 250ML 12",27.49,7,7,0,0,25-APR-026,SOLOMON,73
202587,"FROSTED PLATE 115 B162115",12.9,34,34,0,0,25-APR-026,OTHNIEL,338
202852,"DINNER SET 16PCS GREY CERAMIC T45025",199,1,1,0,0,25-APR-026,BLESSING,405
84599,"SAFE ELECTRONIC 305X381X305MM 30SZ153 265LTR",999,1,2,-1,-999,25-APR-026,WOMDERT,252
90624,"CURTAIN ROD EXTANDABLE SIZE 110210CM 11009210DG",75,4,4,0,0,26-APR-026,GAD,474
125258,"SAIRO FAMILY SHOWER GEL SPA 750ML  12",31.99,9,14,-5,-159.95,25-APR-026,"ANANE KOJO",21
133935,"PROFA TOM BROWN WITHOUT GINGER CEREAL MIX 400G  30",25.99,27,36,-9,-233.91,26-APR-026,SOLOMON,78
145282,"DOVE BODY WASH GLOWING  500ML  20",70.99,13,18,-5,-354.95,25-APR-026,"ANANE KOJO",22
167315,"GARLAND 2MX9CM",5.9,3,3,0,0,25-APR-026,DANIEL,XMAS
180324,"COCOACARE BODY LOTION SS 265ML  6",17.99,12,28,-16,-287.84,26-APR-026,"PAUL OWUSU",38
179316,"HEAVY DUTY TIRE REPAIR KIT YW",55,19,19,0,0,26-APR-026,WONDER,253
186907,"FOOD CONTAINER 3PCS SET RECT PLASTIC  6613 YWU",139,2,2,0,0,25-APR-026,"NANA ADJEI",329
192710,"GIFT WRAPPING PAPER 50X690MM",14.99,7,7,0,0,25-APR-026,HADASSAH,268
202594,"PLATE 145 B160145",26.9,12,12,0,0,25-APR-026,OTHNIEL,338
204555,"MARILAN BISC TEENS SNACK CHOCOLATE 30G  80",2.99,80,158,-78,-233.22,25-APR-026,APPIAH,114
65371,"DAPHINS GREEN PEAS 400GMS 12",15.99,1,1,0,0,25-APR-026,GLADYS,71
72254,"ARDO BROCOLLI 400G 15",41.99,43,47,-4,-167.96,25-APR-026,EVELYN,141
CL724,"SWING BIN 40LTR 38CMX38CMX68CM",119,1,1,0,0,25-APR-026,HAYFORD,456
91783,"MASTERSEAL CONTAINER RECT PP 2300ML FRC K3021512",89,2,2,0,0,25-APR-026,"NANA ADJEI",329
91805,"TONGS FRC 2745312",59,7,8,-1,-59,25-APR-026,OWUSU,368
108432,"MOULINEX JUICER 350W JU370127",849,1,1,0,0,25-APR-026,"COLLINS HAMMOND",232
117593,"FLOOR MAT 45X75CM ASTD JSMA021",59,23,23,0,0,25-APR-026,"SAMUEL ADDO",399
124656,"AMALFI SHOWER GEL CANDY  750ML  16",29.99,10,11,-1,-29.99,25-APR-026,VICTORIA,434
148012,"PAINTING PINK FLOWERS DESIGN 53X63CM",169,2,9,-7,-1183,25-APR-026,SHADRACK,509
148820,"LUNCH BOX YELLOW WTRANSPARENT LID PLASTIC YWU",69,5,5,0,0,25-APR-026,"MICHAEL BOYE",305
155756,"REXONA DEO SPRAY MEN 72H XTRA COOL 200ML 12",42.99,12,18,-6,-257.94,25-APR-026,ELLA,34
162845,"CURTAIN JACQUARD 54X90 CHARCOAL S1262",139,14,14,0,0,25-APR-026,GLADYS,503
159758,"MUNCHEE GINGER BISCUITS 35G  72",2.69,12,93,-81,-217.89,26-APR-026,"KINGSLEY OP",94
182223,"FABER CASTELL TRIFLOW BALL PEN MULTICOL 1MM 340810",20.9,1,2,-1,-20.9,26-APR-026,MARIAM,291
178273,"ARTIFICIAL FLOWER 7BRANCH 7PCS 30CM",29.9,30,51,-21,-627.9,26-APR-026,HAYFORD,462
186107,"2PCS OVEN MITTENPOT HOLDER SET 18X30CM ASS OVM01",34.9,40,40,0,0,25-APR-026,FRANCIS,523
185787,"MCVITIES CHOCO CHIPS 135G  24",48.99,7,8,-1,-48.99,25-APR-026,DORIS,97
184526,"3PCS BEDSPREAD SET PR 102X86 MPBSK ASTD",279,12,14,-2,-558,25-APR-026,GIFTY,489
192663,"GIFT BAG LARGE 210G 32X42X115 KRB13683L14",10.99,11,11,0,0,25-APR-026,MORGAN,324
192672,"GIFT BAG 210G 125X345X10 KJM105814",6.99,6,6,0,0,25-APR-026,MARYLAND,301
189593,"APPLE GOLDEN DELICIOUS PACK 6 COUNT",44.99,3,3,0,0,25-APR-026,JIMOH,134
191930,"TEA SPOON 22G0355 ZHN",20.9,120,102,18,376.2,25-APR-026,"PAUL OWUSU",350
198729,"MUG 380ML CERAMIC LOVE YWU",49.9,23,23,0,0,25-APR-026,ROBIN,392
205568,"SIGMA LED TV 32 SAT SMART STVK32V6S",1849,1,1,0,0,25-APR-026,LESTER,250
55555,"MELCOM SUPERSAVER CARD SILVER",20,290,290,0,0,25-APR-026,DANIEL,XMAS
X584,"CAN COKE  REGULAR 330ML 24",8.79,70,117,-47,-413.13,25-APR-026,DELIGHT,86
00380,"CERES MANGO JUICE 200ML 24",10.99,28,55,-27,-296.73,26-APR-026,"PAUL OWUSU",84
10035,"BAILEYS IRISH CREAM 200ML 24",123.99,9,18,-9,-1115.91,25-APR-026,MAHAMA,116
114145,"KENWOOD MICROWAVE OVEN 20L WHITE MWM20000WH",1799,1,1,0,0,25-APR-026,WONDER,261
125152," PROVETTO BRUT SPARKLING WINE 750ML 6",145.99,6,6,0,0,25-APR-026,APPIAH,111
134440,"KRACKS CHIPS SOUR CREAM AND ONION 45G  12",24.49,5,5,0,0,25-APR-026,APPIAH,114
132410,"GIFT WRAP PAPER REDBLUEDGREEN 53X75CM SXX2361",9.99,1,8,-7,-69.93,25-APR-026,CHARLES,463
168875,"KITCHEN TOOL SET 3PCS CPCB01 RJK",44.9,11,11,0,0,25-APR-026,"PAUL OWUSU",354
168089,"FILLED CUSHION P EMBD 30X50CMSTRIP DC252",119,12,17,-5,-595,25-APR-026,GLADYS,505
167292,"XMAS CUSHION W400G FILLING",47.9,27,27,0,0,25-APR-026,DANIEL,XMAS
181160,"FILLED CUSHION CHENILLE 45X45CM ASRTD",79,1,6,-5,-395,26-APR-026,FRANCIS,522
182034,"CASSEROLE DIGNITY DLX 4PC SET 900120016002500ML",299,3,4,-1,-299,25-APR-026,PATIENCE,345
179178,"DIY PAINTED PLASTER  4PCS",32.9,1,1,0,0,25-APR-026,HANNAH,272
183603,"CERAMIC MUG COLORED 350ML 24FDL141 RJK",14.9,9,6,3,44.7,25-APR-026,"SAMUEL ADDO",398
184620,"DINNER PLATE 11 CERAMIC STKLT FP05 RJK",24.9,6,7,-1,-24.9,25-APR-026,SOMUAH,412
195730,"ELLE HOME SOAP DISPENSER SET 2PCS EB202406192",44.9,6,5,1,44.9,25-APR-026,VINOLIA,441
36427,"GRACE GINGER BEER 330ML  24",16.99,6,7,-1,-16.99,25-APR-026,DELIGHT,86
32790,"EASY MOUZOO PINEAPPLE TETRA PACK  200ML 27",5.49,40,75,-35,-192.15,26-APR-026,"MORGAN ONGOH",84
205404,"FRUTAS TREASURE 100 NAT APPLE PEAR JUICE 750ML 12",45.99,12,12,0,0,25-APR-026,DORIS,99
87231,"BANANA MICROWAVE OVEN 20L BLACK BMW7201M",879,1,2,-1,-879,25-APR-026,MABEL,252
95001,"HERMAN WHITE VINEGAR PET 473ML  24",12.49,20,20,0,0,25-APR-026,SOLOMON,74
115181,"BABY WALKER WMUSIC YW619",329,1,6,-5,-1645,25-APR-026,HANNAH,273
150583,"GINO MAGIC PEPPE  ONION 10KG  12",38.99,12,19,-7,-272.93,26-APR-026,EMMANUEL,127
174458,"GIFT WRAP PAPER 50X70 TXBZZ580540",12.9,10,12,-2,-25.8,25-APR-026,HADASSAH,266
174181,"PAPER BAG LANDSCAPE 32X42X115CM KR13232L14",19.9,1,2,-1,-19.9,25-APR-026,MARYLAND,301
172158,"NESTLE GOLDEN MORN MAIZESOYA PROT 10X45G 450G 10",38.99,14,26,-12,-467.88,25-APR-026,NTUMY,163
166735,"AMAZING COLOURING BOOKS",9.99,8,8,0,0,25-APR-026,"JERUSHA ",284
170881,"DZIRE BLUETOOTH SPEAKER 20W GRAY PSB6021",279,9,9,0,0,25-APR-026,JUSTICE,191
179033,"MOP WITH STICK LARGE SIZE GBBL",34.9,5,23,-18,-628.2,25-APR-026,DANIEL,XMAS
188873,"BATHMAT 50X80CM BM279 BLUE CP",59,12,12,0,0,25-APR-026,"SAMUEL ADDO",401
85041,"POOL TABLE WOODENPVC 8FT GREEN KBL7901G",8499,1,1,0,0,26-APR-026,"GEORGE PUPLAMPU ",467
115122,"CHEF KNIFE 8INCHES WHOLE METAL YWU",44.9,19,27,-8,-359.2,25-APR-026,"NANA KOJO",365
116665,"SAIDA GAUFRETTES CHOCO WAFER 100G  24",8.99,16,16,0,0,25-APR-026,"EDDIE MENSAH",108
131627,"CAKE FONDANT CUTTER 3PCS SET A6206",1.9,36,36,0,0,25-APR-026,"ALHASSAN RANDY",385
149728,"CAKE SERVER BLACK ILC ICC777KA0009 RJK",9.9,13,13,0,0,25-APR-026,OWUSU,369
164095,"CANISTER 1000ML GLASS 142377003",24.9,5,5,0,0,25-APR-026,SYLVIA,426
160847,"WINDOW SHADE BLACKOUT ROLLER 453140X180CM",329,1,8,-7,-2303,25-APR-026,SHADRACK,511
167852,"BROOM PLASTIC WWOODEN HANDLE B104 RJK",16.9,7,7,0,0,25-APR-026,DANIEL,XMAS
169571,"ADRIANA TUNA FLAKES IN VEGETABLE OIL 80G 48",13.99,16,17,-1,-13.99,26-APR-026,APPIAH,126
179604,"CARPET 140X200CM IVORY PL WITF1432140X200",769,1,2,-1,-769,25-APR-026,FRANCIS,527
184529,"DINNER PLATE MELAMINE 9 INCHES ZHN B5379",9.9,11,11,0,0,25-APR-026,REGINA,389
193133,"PLUSH TOY 30CM",199,1,2,-1,-199,25-APR-026,HANNAH,276
195709,"DISH RACK WTRAY PLASTIC  HL0199CC",42.9,4,4,0,0,25-APR-026,NASHIBA,336
44417,"DINNER PLATE MELAMINE 10 INCHES ZHN G3300610",19.9,22,68,-46,-915.4,26-APR-026,BLESSING,407
61527,"BETA MALT DRINK  PET BOTTLE 330ML 12",9.99,216,277,-61,-609.39,26-APR-026,DANIEL,165
72801,"MCVITIES MILK CHOCO HOBNOBS BISCUIT 300G  24",99.99,32,32,0,0,25-APR-026,DORIS,97
55311,"RIGHT GUARD APERSP DEO SPRAY CLEAN 250ML 6",38.99,6,6,0,0,25-APR-026,ELLA,34
CL574,"CONTAINER FANCY 2PCS SET 1500ML2500 ML",19.9,3,18,-15,-298.5,25-APR-026,NIBOI,317
129518,"PARMALAT VANILLA FLAVOURED CUSTARD 1L 12",58.99,5,5,0,0,26-APR-026,SOLOMON,78
122735,"UNIMAX TRIO DC BALLPEN BLUE 10MM FBTDCBL53",3.99,9,76,-67,-267.33,26-APR-026,"ABIGAIL YEVUGAH",158
134326,"FRESHDAYS LONG 18 X 12",20.99,11,11,0,0,26-APR-026,"BOADI STEPHEN",51
148911,"EXQUISITE TOOL 9PCS",35.9,6,6,0,0,25-APR-026,HERBERT,278
156611,"ARTIFICIAL FLOWER 5  5 COLOUR MIX",22.9,3,3,0,0,26-APR-026,ESINAM,462
153474,"HAND BAG FOLIO EXECUTIVEFS SAYA SY852",99,2,3,-1,-99,25-APR-026,MARIAM,290
171583,"INTERPRETER OF MALADIES",79,3,5,-2,-158,26-APR-026,"JERUSHA ",288
186699,"RAINBOW CONTAINER 5PC SET ROUND PLASTIC RJK 20205",34.9,14,14,0,0,25-APR-026,NASHIBA,332
183395,"BAUDUCCO MARIA COOKIES 170G 24",19.99,20,20,0,0,25-APR-026,"EDDIE MENSAH",108
193118,"TEFAL WHISK PLASTIC 27455120",44.9,5,5,0,0,25-APR-026,"NANA KOJO",367
75459,"BUTCHERS CLASSIC HADDOCK  FISHCAT FOOD 400G 8",74.99,4,4,0,0,26-APR-026,TITUS,21
85489,"CUVEE DU BARON SYRAH  WINE 750ML  6",74.99,12,22,-10,-749.9,25-APR-026,EMMANUEL,127
85489,"CUVEE DU BARON SYRAH  WINE 750ML  6",74.99,9,22,-13,-974.87,25-APR-026,APPIAH,113
06926,"LAYS AMERICAN BBQ 105G 20",31.99,31,30,1,31.99,25-APR-026,"EMMANUEL MENSAH",121
104331,"COOKWARE SET 5PCS PALU CROWNSTAR MC6426 RJK",549,1,1,0,0,25-APR-026,OWUSU,374
117633,"DINNER PLATE WHITE CERAMIC 105 INCHES P12021",12.9,3,4,-1,-12.9,25-APR-026,SOMUAH,412
114230,"AKAI WINE COOLER 85L 34BOTTLES WR006A85L",7289,1,2,-1,-7289,25-APR-026,NYARKO,176
110933,"YOGLAIT DRINKING YOGHURT VANILLA 200ML 1",9.99,2,3,-1,-9.99,25-APR-026,DANIEL,XMAS
126230,"AIRPRO AFRSHNER UFO MEMBRANE PCOLADA 65ML 24",29.99,1,10,-9,-269.91,25-APR-026,ABASS,3
130793,"TOREN LEMON DEEP FLAV CRISPY WAF 55G 144",6.29,58,110,-52,-327.08,26-APR-026,ATITOGO,160
165578,"BEDSHEET SET 4PC 235X250CM 145GSM COZYQBEDDING4",279,1,16,-15,-4185,25-APR-026,SHADRACK,511
170231,"AKAI CEILING FAN 42 EF121A4204CF",1299,1,1,0,0,25-APR-026,KWAFO,530
186986,"BANNER 2M",12.9,11,11,0,0,26-APR-026,HADASSAH,269
186688,"RAINBOW CONTAINER 5PC SET RECT PLASTIC RJK 21655D",59,4,8,-4,-236,25-APR-026,"NANA ADJEI",331
186916,"BATHMAT 50X80CM D4 MP ASTD 6COLORS JBT52203",99,7,19,-12,-1188,26-APR-026,VINOLIA,444
192328,"SPONGE  SCOURER 4PCS SET F130035",6.9,21,23,-2,-13.8,25-APR-026,"PAUL OWUSU",355
188857,"BATHMAT 50X80CM BM244 LT GREEN CP",59,5,6,-1,-59,25-APR-026,"SAMUEL ADDO",401
83254,"RAFFAELLO CHOCOLATE T3 30G 64",26.99,48,111,-63,-1700.37,25-APR-026,"ABIGAIL YEVUGAH",158
65160,"LORENZ CRUNCHIPS PEANUT CLASS 120G  28",40.99,12,14,-2,-81.98,25-APR-026,"FELIX BOADU",153
71756,"PARIDOX ALATA SAMINA BSGEL MORINGA 450ML 20",41.99,7,14,-7,-293.93,26-APR-026,PHILEMON,10
68578,"FOGG FRAGRANCE BODY SPRAYMARCO 120ML  72",69.99,18,63,-45,-3149.55,26-APR-026,ELLA,35
X554,"SAVANNA DRY CIDER  330ML 24",24.99,48,83,-35,-874.65,26-APR-026,TITUS,21
95896,"AMALFI  BODY SPRAY FOREST BLACK  150 ML  8",30.99,3,3,0,0,25-APR-026,ELLA,33
91412,"QUERAY SHOWER GEL NATURE  750 ML  12",32.99,15,15,0,0,25-APR-026,"ANANE KOJO",21
91432,"BECKY QUEEN PEANUT CRAUNCH 230G  12",30.99,8,10,-2,-61.98,25-APR-026,"FELIX BOADU",66
97695,"LA SALUD ACTIVE OXIGEN HOUSEHOLD CLEANER 15L  6",51.49,1,1,0,0,25-APR-026,JIMOH,1
117100,"KENWOOD MICROWAVE OVEN 22L DGT BLACK MWM22000BK",2039,1,4,-3,-6117,25-APR-026,RICHMOND,264
118278,"EASY MOUZOO GRAPE NECTAR GLASS BOTTLE 1L  6",32.99,14,21,-7,-230.93,25-APR-026,DORIS,99
115954," ROMAR AIRREFRESHNER LAVENDER 300ML  8",39.99,8,8,0,0,25-APR-026,ABASS,2
127871,"ZIPSTAR FLOOD LIGHT 20W",119,1,1,0,0,25-APR-026,KWAFO,166
122685,"PLUSH MONKEY TOY 60CM",259,2,3,-1,-259,26-APR-026,HANNAH,276
138953,"CHATEAU TOUR DE GOUPIN CAB SAUV MERLOT 75CL  6",104.99,5,5,0,0,25-APR-026,APPIAH,111
14809,"DEVA COCONUT LIQUID HAND SOAP 350ML 24 10205",19.49,14,14,0,0,26-APR-026,QUEENCILLA,42
164548,"NERO BOVINO CARBONATED PET DRINK 350ML 20",3.19,20,105,-85,-271.15,26-APR-026,DANIEL,165
165923,"HYSON ASSORTED FIESTA COLLEC WELLN TEA 20S 30G 24",40.99,6,6,0,0,25-APR-026,AKORFA,58
171662,"EMPIRE OF STORMS",189,4,4,0,0,26-APR-026,JERUSHA,284
175035,"MY LITTLE BOARD BOOK OF FRUITS L248 EB1282",12.9,60,41,19,245.1,25-APR-026,JERUSHA,287
168120,"FILLED CUSHION P EMBD 45X45CMGEOMETRY3 DC257",139,11,11,0,0,25-APR-026,GLADYS,506
167115,"ACTIVE KIDS TOOTHPASTE 100ML 48",34.99,4,4,0,0,25-APR-026,"BOADI STEPHEN",54
184371,"NERO ICE LEMON DRINK 350ML  12",5.99,32,46,-14,-83.86,25-APR-026,APPIAH,109
198403,"WALL CLOCK 402X402X45 1616D",129,4,4,0,0,25-APR-026,"GAD ",471
89866,"SHINE FACIAL TISSUE LARGE 150PCS  36",12.99,17,43,-26,-337.74,25-APR-026,TITUS,21
X222,"BAILEYS IRISH CREAM 1L 12",429.99,2,5,-3,-1289.97,25-APR-026,MAHAMA,116
98493,"AMALFI SHOWER GEL GENTLE ROSE 750ML  16",29.99,1,14,-13,-389.87,25-APR-026,VINOLIA,441
97150,"DUSTBIN SWING BINS MARBLE 60L P7624",9.9,1,1,0,0,25-APR-026,HAYFORD,455
107985,"AKAI CEILING FAN 24 EF103A2465WG",415,2,2,0,0,25-APR-026,AKAYIRI,207
128841,"BOROSILICATE POT 2200ML GLASS JYW007",59,1,1,0,0,26-APR-026,GLADYS,430
126226,"AIRPRO  TOILET RIM BLOCK LAVENDER 50G  72",24.99,8,69,-61,-1524.39,25-APR-026,ALVIN,15
129298,"STRAINER COLLAPSIBLE STALKED L00572",19.9,5,4,1,19.9,25-APR-026,OTHNIEL,343
131318,"STARKIST TUNA FLAKE IN SUNFLOW OIL PK 3 240G 16",55.99,24,25,-1,-55.99,26-APR-026,APPIAH,126
164650,"SKILLET 28CM 29MM FORGED ALU PEDRINI 02PE1512 RJK",149,1,1,0,0,25-APR-026,OWUSU,374
167759,"COOKWARE 20PCS SET 2MM STEEL HROLAND HR1461 RJK",2499,1,2,-1,-2499,25-APR-026,OWUSU,372
180241,"PRINCESS BAR SOAP MILK AND HONEY 125G  36",12.99,11,26,-15,-194.85,26-APR-026,PHILEMON,18
197861,"HEADPHONES BLUETOOTH DISNEY PRINCESS DY9955PC2",159,1,3,-2,-318,25-APR-026,NYARKO,177
42955,"ULTAMAX GEL SMALL 300G  36",20.99,21,21,0,0,26-APR-026,"BENEDICT ABBEY",38
38945,"ZESTA PINEAPPLE TEA BAG 45G 12",23.99,6,6,0,0,25-APR-026,AKORFA,59
92749,"STICKY HOOK 3PC PLASTIC 022 YWU",6.9,8,116,-108,-745.2,25-APR-026,WISE,448
09226,"ALWAYS EXTRA LONG ULTRA THIN 7PADS X 16",23.99,45,58,-13,-311.87,26-APR-026,"BOADI STEPHEN",51
108580,"GOLDEN PHEASANT TOMATO PASTE CAN 70G  100",15.99,1,8,-7,-111.93,25-APR-026,JIMOH,1
112961,"AKAI FRIDGE DD 329L SILVER FF RF114A329DD",10399,1,1,0,0,25-APR-026,"JOSEPH PATRICK",205
137267,"TOREN  DELISSOMILKY WC CHO COATED BANNA CW 20G288",2.19,120,436,-316,-692.04,26-APR-026,EMMANUEL,127
162589,"WRIST SUPPORTER 28079",69,7,7,0,0,26-APR-026,CHARLES,466
166989,"THE TIME MACHINE",17.9,2,2,0,0,25-APR-026,HERBERT,282
179742,"PITCHER SQ 1400ML PLASTIC 1700",39.9,1,1,0,0,25-APR-026,"NANA ADJEI ",328
179030,"FISHING TOYS PLAY SET 3YRS OPP YW",29.9,1,7,-6,-179.4,25-APR-026,HANNAH,274
186714,"COOKWARE SET 9PCS SSTEEL HROLAND HR1101",799,1,1,0,0,25-APR-026,QUEENCILLA,375
184321,"ORGANIZER BOX 4LAYER BAMBOO UR3473",99,9,9,0,0,25-APR-026,JUSTICE,270
191413,"LG CHEST FREEZER SD 143L GCFB145BQCF",3449,1,1,0,0,25-APR-026,"JOSEPH PATRICK",204
190604,"POPPER ASSORTED 1300G",109,1,3,-2,-218,25-APR-026,HERBERT,280
200469,"WOK WLID 28CM FALU ZHNBLY 811201CG28",249,6,7,-1,-249,25-APR-026,"ALHASSAN RANDY",381
32555,"RUSSIAN BEAR PREMIUM VODKA 750ML  12",84.99,16,16,0,0,25-APR-026,MAHAMA,117
202621,"FROSTED PLATE 10 B15810M",8.9,22,79,-57,-507.3,25-APR-026,ROBIN,392
202840,"WINE GLASS WITH DECANTER 7PCS SET G26012",119,3,3,0,0,25-APR-026,"STEPHEN ACQUAH",424
89440,"MAXFACTOR TREADMILL 3HP USB ET1801B",13999,1,2,-1,-13999,26-APR-026,"GEORGE PUPLAMPU ",467
X938,"EVEN  HALF CREAM UHT MILK 1L 12",53.99,17,57,-40,-2159.6,26-APR-026,"GEORGE PUPLAMPU ",82
98405,"KIWI PASTE SHOE POLISH BROWN 50ML  144",16.29,30,123,-93,-1514.97,26-APR-026,TITUS,21
107930,"DINNER PLATE MELAMINE 10 INCHES ZHN B020105",16.9,25,55,-30,-507,25-APR-026,BLESSING,407
124965,"DARINA LEMONADE 750G  20",64.99,14,14,0,0,26-APR-026,KWAFO,83
139768,"MUG 330ML CERAMIC GRAPHIC YWU",9.9,2,2,0,0,25-APR-026,ROBIN,392
151628,"SOFT  GENTLE DEO CITRUS TWIST  250ML 6",46.49,1,2,-1,-46.49,25-APR-026,ELLA,34
160893,"SERVING BOWL MELAMINE 8 INCHES FEILU 48080",12.9,75,77,-2,-25.8,25-APR-026,ROBIN,392
162389,"X NATURAL MINERAL WATER 750ML 15",2.39,330,374,-44,-105.16,25-APR-026,EZEKIEL,149
160295,"PYREX ROASTER RECTANGLE GLASS 37L 239B0008046",129,10,11,-1,-129,26-APR-026,SYLVIA,428
172953,"ARIEL HIGH STUD FLORAL 500G 24",39.99,7,34,-27,-1079.73,26-APR-026,ALVIN,17
174980,"NERO ORANGE CARBONATED PET DRINK 350ML 20",3.19,34,24,10,31.9,25-APR-026,DELIGHT,87
175027,"CLICK  CATCH  155X28CM TY 1133",22.9,3,4,-1,-22.9,25-APR-026,HANNAH,275
180692,"SLOW REBOUND PILLOW 50X70CM 1200GM",139,1,9,-8,-1112,25-APR-026,GIFTY,494
179986,"CURTAIN YD PL GROMT GOLD 54X90 24EHM003",169,12,12,0,0,25-APR-026,GLADYS,502
192359,"STAPLES 246 MP59607",3.99,5,7,-2,-7.98,26-APR-026,GILBERT,294
192370,"TV STAND 2DR WWHEEL 70 BRNWHT OLIMPIC 33466222",1649,1,1,0,0,25-APR-026,SHADRACK,519
87496,"KEN CULINARIO COOKING CREAM 1L 12",93.99,8,8,0,0,25-APR-026,EMMANUEL,133
85670,"ALUMINIUM FOIL 20PCS CONTAINER WITH LID 403 RJK",69,2,5,-3,-207,25-APR-026,"RANDY ALHASSAN",385
98305,"EL OLIVERAL EXTRA VIRGIN OLIVE OIL 500ML 12",199.99,6,6,0,0,26-APR-026,"NANA ADJEI",48
95383,"WALL LIGHT 20W 0011530",79,1,2,-1,-79,25-APR-026,KWAFO,166
92724,"SHOWER CADDY METAL WIRE YWU",69,8,8,0,0,25-APR-026,VICTORIA,435
104804,"NERO NATURAL MINERAL WATER 500ML 16",1.75,5,210,-205,-358.75,25-APR-026,EZEKIEL,147
113787,"MCBERRY LONDON OATS DIGESTIVE 80G 36",6.29,35,35,0,0,25-APR-026,DERRICK,96
123176,"OCEAN BEER MUG SET 2PCS 355ML MUNICH 0003",79,6,6,0,0,25-APR-026,"SYLVIA ",425
123007,"GOLD SPOON",59,54,95,-41,-2419,25-APR-026,PHILEMON,360
130088,"DORITOS CHEESE SUPREME 145G  20",28.99,3,10,-7,-202.93,26-APR-026,MAHAMA,120
148804,"SHOE AND HAT RACK 4LAYER METAL YWU",179,1,10,-9,-1611,25-APR-026,FRANCIS,523
157254,"KINROSE CITRIC SERI GIN 40 700ML 6",144.99,6,6,0,0,25-APR-026,MAHAMA,116
166956,"SALSALITO MEXIKANA WRAP TORTILLA 6PCS 408G 1",61.99,31,31,0,0,25-APR-026,EMMANUEL,130
185203,"TRUESMILE TPASTE KIDS STRAWBERRY 75ML 12",23.99,18,18,0,0,25-APR-026,"BOADI STEPHEN",54
190672,"SOCCER SET",199,2,2,0,0,25-APR-026,CHARLES,465
188638,"FLOOR LAMP GOLD F011",899,1,2,-1,-899,25-APR-026,KWAFO,167
42944,"ULTAMAX COCOSHEA NATURAL HAIR CONDITIONER 450ML 24",40.99,3,9,-6,-245.94,26-APR-026,"PAUL OWUSU",38
43195,"JUVER DISFRUTA PEARPINAPPLE JUICE 1L  12",32.99,4,4,0,0,25-APR-026,DORIS,102
37657,"DEVA POWER MAX BLEACH 1L  12",23.49,1,1,0,0,26-APR-026,"GIDEON GBLOGAH",12
205481,"RHODES 100 ORANGE JUICE DRINK 1L 12",45.99,11,11,0,0,25-APR-026,DORIS,102
66922,"PINHO BRIL LEMON FLOWERS DISINFECTANT 1L  12",32.99,4,10,-6,-197.94,25-APR-026,"ADIATOR MOSES ",8
97139,"SERVING SET 4 PCS SC 0094",49.9,1,13,-12,-598.8,25-APR-026,OWUSU,369
03077,"WEETABIX CEREAL ORIGINAL 225G 18",47.99,18,20,-2,-95.98,25-APR-026,"KINGSLEY OP",91
103271,"AKAI COFFEE MAKER 15L CM004A1051",375,8,9,-1,-375,25-APR-026,LESTER,249
135109,"SELATI  BROWN SUGAR SOUTH AFRICA 1KG  15",44.99,10,11,-1,-44.99,25-APR-026,"EMMANUEL MENSAH",122
155590,"ROSALINDA TUNA FLAKES 160G  24",14.49,19,26,-7,-101.43,26-APR-026,"EMMANUEL MENSAH",124
15323,"NUTRIBOM INFANT CEREAL PAPER BOX OATS 300G 16",27.99,5,6,-1,-27.99,25-APR-026,APPIAH,114
175224,"MAGNUM VANILLA ALMOND 80ML 24",24.99,43,44,-1,-24.99,25-APR-026,EMMANUEL,135
175355,"HOME GRANOLA 1KG  6",169.99,9,9,0,0,25-APR-026,"KINGSLEY OP",91
179787,"PEDAL BIN BLUE 10L PLASTIC 2561",99,1,2,-1,-99,25-APR-026,DANIEL,XMAS
181991,"FABER CASTELL TEXTLINER SGEL CRAYON SET 4P 552705",59,15,12,3,177,26-APR-026,GILBERT,294
182001,"FABER CASTELL ROUNDER KIT COL AND STN SET 141063",19.9,9,11,-2,-39.8,26-APR-026,MARIAM,295
184360,"COLANDER DEEP WLONG HANDLE 24CM SS 50030113 57009",34.9,5,11,-6,-209.4,25-APR-026,"PAUL OWUSU",350
198736,"SALT  PEPPER CRUET 2PCS SET GLASS YWU",39.9,5,8,-3,-119.7,26-APR-026,SYLVIA,426
45389,"BK GARCIA RED WINE TETRA PACK 11 1L 12",44.99,14,14,0,0,25-APR-026,APPIAH,112
CN238,"PICTURE 3D",79,1,1,0,0,25-APR-026,GAD,472
97908,"MY MILK NONDAIRY CREAMER 250G  50",14.49,41,39,2,28.98,26-APR-026,"DAVID BRUNO",80
