ITEM_CODE,ITEM_NAME,PRICE,AUDIT_QTY,ERP_QTY,DIFF,"DIFF VALUE",DATE,USER,RACK
103773,"GIVERS ROZONE 1L  20",17.49,6,8,-2,-34.98,26-APR-026,GEORGE,112
104960,"ROMAR WASHING LIQUID ORIGINAL 3L  4",136.99,5,4,1,136.99,26-APR-026,GEORGE,110
128877,"RING BINDER 210DF 249953ELP249977ELP",20.9,2,2,0,0,26-APR-026,GLADYS,159
138799,"BUMBLE BABY POCKET WIPES 15PCS HONEYSUCKLE  288",4.29,36,190,-154,-660.66,26-APR-026,"BRIGHT NKANSAH",35
168121,"FILLED CUSHION P EMBD 45X45CMGEOMETRY4 DC257",139,5,10,-5,-695,26-APR-026,JUDE,180
187068,"BATHROOM 4PCS SET PLASTIC YWU",219,0,12,-12,-2628,26-APR-026,"MORGAN ONGOH",216
35645,"PRAN FROOTO MANGO JUICE 500 ML 24",12.99,3,28,-25,-324.75,26-APR-026,GILBERT,162
85303,"CUSHION 350G MIX COLOR",85,15,22,-7,-595,26-APR-026,JUDE,184
100987,"CURTAIN 3D POLYESTER 52X84  WHANGER FRBB 6240",129,6,6,0,0,26-APR-026,ADDO,206
135844,"FABER CASTELL ACRYLIC PAINTING CS SET 574111 FC",89,14,23,-9,-801,26-APR-026,"ARTHUR JONADAB",11
148619,"CURTAIN TIEBACK  2PCS 6COLOUR",22.9,7,6,1,22.9,26-APR-026,ADDO,206
145816,"BELPAK ECO GREEN NAPKIN   15",5.99,1,30,-29,-173.71,26-APR-026,MAHAMA,90
172960,"ARIEL HIGH STUD FLORAL 35KG 4",280.99,1,4,-3,-842.97,26-APR-026,EMMANUEL,95
170039,"ORGANIZER RIBBED BOX WITHOUT LID 5L 13007",19.9,20,22,-2,-39.8,26-APR-026,SOMUAH,273
168435,"ARTIFICIAL FLOWER 5 COLOR MIX 50CM",11.9,3,5,-2,-23.8,26-APR-026,NYARKO,172
166614,"COFFEE TABLE WMIRROR TOP WHITE PARATI",949,1,1,0,0,26-APR-026,FRANCIS,"ZONE 367"
182231,"SAYONA HOME THEATRE 31CH 100W SHT1192BT",1599,1,2,-1,-1599,26-APR-026,HAYFORD,157
186120,"VARTA ALKALINE BATTERY V10GA",30,9,9,0,0,26-APR-026,AKUSHIKA,166
26950,"VOLTPLUS AVR 2KVA W110V ASSIST OUTPUT AVR6022",779,1,3,-2,-1558,26-APR-026,HAYFORD,156
81667,"ARIZONA LEMONADE FRUIT COCKTAIL 650ML CAN  24",23.99,10,10,0,0,26-APR-026,GIDEON,57
H801,"BANQUET CHAIR CY02SF10131 MAR",579,6,14,-8,-4632,26-APR-026,"FRANCIS ","ZONE 367"
CL605,"MIXING BOWL SMALL 27CMX24CMX12CM",14.9,4,52,-48,-715.2,26-APR-026,QUEENCILLA,256
96824,"HEAD  SHOULDER SMOOTH SILKY  SHAMPOO 250ML  6",64.99,1,1,0,0,26-APR-026,"ANANE KOJO",6
06510,"MEANNAN GROUNDED GINGER 80G 24",22.99,10,35,-25,-574.75,26-APR-026,BARBARA,127
129065,"LEVER ARCH FILES 120A4 1362242295",33.9,3,18,-15,-508.5,26-APR-026,GLADYS,159
124965,"DARINA LEMONADE 750G  20",64.99,11,11,0,0,26-APR-026,SOLOMON,62
128757,"BUBBLE UP TONIC WATER 330ML 24",8.49,22,22,0,0,26-APR-026,GIDEON,56
131321,"STORM ENERGY DRINK 350ML 12",6.79,3,30,-27,-183.33,26-APR-026,GILBERT,162
140619,"BATH SPONGE ADULTS",34.99,31,35,-4,-139.96,26-APR-026,ODAI,225
162835,"CURTAIN JACQUARD 54X90 BLKTAUPE S1301",139,9,9,0,0,26-APR-026,ADDO,205
164142,"WATER BOTTLE PC GOOD VIBES 750ML STEEL 161670087",39.9,11,11,0,0,26-APR-026,WISE,296
182046,"CONTAINER PEFTSEAL 5P 300600110019003000ML",44.9,5,5,0,0,26-APR-026,SOMUAH,276
202854,"DINNER SET 16PCS BEIGE CERAMIC T45026",199,1,2,-1,-199,26-APR-026,BOFFOUR,329
95681,"EASY GLASS CLEANER  PINK 825 ML  12",28.99,18,18,0,0,26-APR-026,"BENEDICT ABBEY",25
109739,"CUSHION VELVET POPPOM 43X43CM 400G SDF01",89,1,25,-24,-2136,26-APR-026,"JOSEPH PATRICK",177
135327,"MADAR POWDER 27KG  6",99.99,8,14,-6,-599.94,26-APR-026,EMMANUEL,94
164193,"ENAPA MACKREL IN TOMATO SAUCE EASY OPEN 200G  48",12.99,207,207,0,0,26-APR-026,ABIGAIL,124
167932,"FILLED CUSHION EMBD 45X45CM 4DESIGN",179,5,18,-13,-2327,26-APR-026,JUDE,180
180723,"AKAI AC SPLIT 15HP R410A AC064A12KBTU",3849,1,1,0,0,26-APR-026,GILBERT,162
178138,"VACCUM MUG WSTRAW 1200ML SSTEEL STAN TYPE YWU",109,4,4,0,0,26-APR-026,WILLIAM,292
182981,"FRYING PAN 28CM FALU ZHNBLY 106828",149,18,18,0,0,26-APR-026,"WILFRED OSEI",287
188950,"AKAI KETTLE 18L 1800W SS EK041A1812",239,4,5,-1,-239,26-APR-026,HAYFORD,153
43330,"HARPIC GEL POWER PLUS 725ML   12",38.99,21,21,0,0,26-APR-026,EMMANUEL,96
204557,"MARILAN BISC AGUA E SAL 300G  24",17.49,20,20,0,0,26-APR-026,CHARLES,46
A902,"CONDOR PEAK CARBERNET RED WINE 750ML 12",79.99,18,18,0,0,26-APR-026,CHARLES,47
105918,"ARTIFICIAL GRASS LEGEND28 2MX4M LG282X4",1049,1,1,0,0,26-APR-026,PRINCE,240
117238,"DOMS AQUA WATER COLOR PENS FBB BOX 12 SHADE 7265",12.9,53,53,0,0,26-APR-026,"BENEDICT ABBEY",26
110059,"ARTIFICIAL SMALL SUNFLOWER 3BUNCH 90CM 20200916",32.9,15,19,-4,-131.6,26-APR-026,QUEENCILLA,257
129507,"BLOW UP BALL SIZE 9",6.99,1,101,-100,-699,26-APR-026,AKUSHIKA,166
14654,"SABA DETERGENT POWDER 400 G   12",14.49,10,10,0,0,26-APR-026,GEORGE,113
162014,"DOOR MAT COIR TUFF 16MM ASSORTED 40X70CM",99,3,1,2,198,26-APR-026,"JOSEPH PATRICK",175
175267,"WESTINGHOUSE AC SPLIT 2HP R410A WS18PNCS33CG",7999,1,2,-1,-7999,26-APR-026,GILBERT,162
172970,"ARIEL LOW STUD ORIGINAL 3KG  4",269.99,3,3,0,0,26-APR-026,EMMANUEL,94
179175,"KIDS HAND DRUM MIX COLOR 8",229,1,4,-3,-687,26-APR-026,NYARKO,171
44387,"AKAI GAS STOVE 2B GC018A8201",349,5,6,-1,-349,26-APR-026,HERBERT,169
66314,"MARILAN SHORTBREAD CHOCOLATE 131G  28",8.49,10,10,0,0,26-APR-026,QUARSHIE,138
92291,"MAXIM KLEAN LAUNDRY DETERGENT 45L  5",112.99,3,3,0,0,26-APR-026,GEORGE,110
07014,"YAZZ WASHING POWDER 1KG 10",39.99,0,23,-23,-919.77,26-APR-026,EMMANUEL,94
106887,"TAMPICO COCKTAIL FRUIT JUICE 500ML 12",7.99,55,59,-4,-31.96,26-APR-026,SOLOMON,63
128901,"NASCO AC SPLIT 15HP MIRROR NASM12N1MIRROR",3699,1,2,-1,-3699,26-APR-026,GILBERT,162
125388,"LELE KETCHUP 550G 12",29.99,12,36,-24,-719.76,26-APR-026,CHARITY,43
138172,"QUILT EMBOSSED PRINTED 180X220CM03CO0380",149,11,11,0,0,26-APR-026,AKAYIRI,191
167058,"CLICK AND LOCK 8PCS SET PLASTIC 61168",109,1,1,0,0,26-APR-026,SOMUAH,276
166678,"DECORATIVE MIRROR 75X106X23CM GD PP ZBMM76105G",799,1,2,-1,-799,26-APR-026,NYARKO,171
186937,"LAUNDRY BASKET PERFORATED 14L PLASTIC YF0024 YWU",49.9,12,12,0,0,26-APR-026,VICTORIA,283
182519,"PEDAL BIN ANTHRACITE 50L UP227216",199,1,1,0,0,26-APR-026,SYLVIA,279
206223,"KIVO FORTIFIED 4 IN 1 GARI SOAKING MIX 70G  40",2.79,2,2,0,0,26-APR-026,ESINAM,144
204545,"CUP WHANDLE INSULATED 900ML HCVB1485",79,34,38,-4,-316,26-APR-026,WILLIAM,292
74184,"DON SIMON RED GRAPE CAN DRINK 330ML 24",22.49,4,7,-3,-67.47,26-APR-026,GIDEON,57
N037,"BULLET ENERGY DRINK ORIGINAL 250ML  24",11.99,6,8,-2,-23.98,26-APR-026,GIDEON,57
129139,"DOLL MAGIC KIDZ 35 20219",14.9,6,5,1,14.9,26-APR-026,ROBIN,264
162847,"CURTAIN JACQUARD 54X90 BLKTAUPE S1262",139,12,12,0,0,26-APR-026,JUSTICE,185
168080,"FILLED CUSHION P JAQUARD 45X45CMGREY DC251",129,12,12,0,0,26-APR-026,JUDE,182
170231,"AKAI CEILING FAN 42 EF121A4204CF",1299,1,3,-2,-2598,26-APR-026,AMADU,150
18459,"FOUR SPECIAL SWEET RED WINE 750ML 6",60.99,22,24,-2,-121.98,26-APR-026,CHARLES,47
74374,"LG HOME THEATRE DVD SYSTEM LH655BBT",5199,1,1,0,0,26-APR-026,HAYFORD,157
CL235,"FBALL BASIN 24L 12 SSPD",34.9,12,12,0,0,26-APR-026,"PRINCE AGYEI",246
90626,"CURTAIN ROD EXTANDABLE SIZE 110210CM 11032210DG",75,3,3,0,0,26-APR-026,PRINCE,241
110142,"CAN OPENER PLASTIC 26320182204 YWU",2.9,3,257,-254,-736.6,26-APR-026,NYARKO,170
146235,"WINDOW SHADE YE3140X180 BROWN",399,2,2,0,0,26-APR-026,PRINCE,240
15210,"MEANNAN MIXED SPICES 80G 24",21.99,28,29,-1,-21.99,26-APR-026,BARBARA,127
161133,"FILLED CUSHION JAQUARD 45X45CM PINK DC2361",119,2,2,0,0,26-APR-026,"JOSEPH PATRICK",175
161364,"CURTAIN EMBOSSED 54X90  BROWN",109,14,12,2,218,26-APR-026,"PRINCE AGYEI",245
183313,"PICNIC SET 21PCS PLASTIC BG713",69,6,6,0,0,26-APR-026,SOMUAH,276
192768,"CURTAIN PR GREEN 54X90 PL 2510Y",109,12,12,0,0,26-APR-026,MAJEED,201
190542,"BULLETIN BOARD 60X90CM A01FB6090S",169,8,8,0,0,26-APR-026,FRANCIS,"ZONE 367"
37652,"DEVA GLASS CLEANER 750ML  12",25.99,12,14,-2,-51.98,26-APR-026,"BENEDICT ABBEY",26
75127,"COFFEE TABLE DN CFT 132 020",549,1,1,0,0,26-APR-026,FRANCIS,"ZONE 367"
105538,"FLOWER POT ROUND 31X24 PLASTIC 1905",27.9,18,18,0,0,26-APR-026,PRINCE,241
180099,"DOVE BAR SOAP  RESTORING 4PK  12",67.99,13,18,-5,-339.95,26-APR-026,EMMANUEL,99
182413,"COOKING POT 24CM PALU  ZHNBLY 1070T24",249,0,3,-3,-747,26-APR-026,HERBERT,315
186670,"LUNCH BOX ROUND 1200ML PLASTIC RJK YH330",44.9,11,12,-1,-44.9,26-APR-026,"NANA KOJO",252
186690,"RAINBOW CONTAINER 5PC SET ROUND PLASTIC RJK 21665",59,1,1,0,0,26-APR-026,SOMUAH,276
184361,"SOUP STRAINER WHANDLE 16CM SS 60910238 57013",14.9,44,44,0,0,26-APR-026,AMA,311
182966,"FRYING PAN 20CM FALU ZHNBLY 8107620",99,11,11,0,0,26-APR-026,"WILFRED OSEI",287
76891,"UNOLI SUNFLOWER OIL 1L 15",48.99,14,16,-2,-97.98,26-APR-026,"GERALD SACK ",120
68485,"CAL Y CANTO FULL RED 750ML  6",84.49,9,9,0,0,26-APR-026,CHARLES,48
98493,"AMALFI SHOWER GEL GENTLE ROSE 750ML  16",29.99,14,15,-1,-29.99,26-APR-026,EVELYN,102
117079,"BLING FLOOR CLEANER GARDENIAHIGH PERFUME 1L  12",22.99,1,1,0,0,26-APR-026,"BENEDICT ABBEY",25
153442,"BELPAK PERFUMED  TROLL LEMON 10 ROLLS     6",43.99,1,11,-10,-439.9,26-APR-026,MAHAMA,92
150390,"AKAI FRIDGE DD COMBI 142L SILVER RF097AC220",3149,1,1,0,0,26-APR-026,AMADU,150
159779,"PLUSH TOY DANCING TALKING TOYS WITH USB CABLE",75,3,3,0,0,26-APR-026,ROBIN,264
181592,"NASCO FRIDGE DD 118L NASF215S",2399,1,1,0,0,26-APR-026,AMADU,150
187695,"HUMIDIFI CANDOR 13L",189,1,7,-6,-1134,26-APR-026,GLADYS,161
185975,"TEFAL STEAM IRON 2000W FV2C41G0",499,6,6,0,0,26-APR-026,GLADYS,158
190023,"AKAI LED LIGHT RECHARGEABLE 60SMD LS032A883",169,20,27,-7,-1183,26-APR-026,AMADU,150
198912,"CUTLERY TRAY CN250717G",109,2,20,-18,-1962,26-APR-026,QUEENCILLA,256
119203,"ELEPHANT TOY 40CM SITTING UTAS0142",149,1,12,-11,-1639,26-APR-026,NYARKO,172
155758,"REXONA DEO SPRAY WOMEN 72H ANTIBACT P 200ML 12",42.99,103,111,-8,-343.92,26-APR-026,GIDEON,55
168752,"WINDOW CURTAIN P VELVET EMBOSSED 54X84 25YB9",159,3,8,-5,-795,26-APR-026,"KINGSLEY OP",194
200291,"HH MAYONNAISE 500ML 12",38.49,24,47,-23,-885.27,26-APR-026,CHARITY,43
202511,"MONTY MOON CHIPS CHEESE 25G  50",2.99,43,44,-1,-2.99,26-APR-026,QUARSHIE,137
61187,"WC NET  INTENSE GEL MOUNTAIN FRESH  750ML  12",53.99,15,17,-2,-107.98,26-APR-026,EMMANUEL,96
57740,"NEON STRAWBERRY VODKA  750ML  12",69.99,11,11,0,0,26-APR-026,CHARLES,50
X584,"CAN COKE  REGULAR 330ML 24",8.79,2,117,-115,-1010.85,26-APR-026,GILBERT,162
161466,"CURTAIN 54X90  GOLD",129,11,11,0,0,26-APR-026,ADDO,206
168092,"FILLED CUSHION P JAQUARD 45X45CMBEIGE DC253",129,3,8,-5,-645,26-APR-026,JUSTICE,187
181591,"BAILEYS STRAWBERRIES  CREAM 700ML 12",499.99,2,12,-10,-4999.9,26-APR-026,GILBERT,162
187656,"LED LIGHT 4PCS",89,2,2,0,0,26-APR-026,GLADYS,161
193157,"PLUSH TOY 45CM",219,1,1,0,0,26-APR-026,QUEENCILLA,257
X435,"NAN 1 OPTIPRO 400G 12",139.99,20,21,-1,-139.99,26-APR-026,FRANKLIN,141
00869,"COWBELL MILK STRAWBRY 35G 10 X12  120",5.99,10,16,-6,-35.94,26-APR-026,ESINAM,144
106924,"DESTELLO WC GEL BLEACH LEMON FRESHNESS 750ML  16",35.99,4,4,0,0,26-APR-026,EMMANUEL,95
124060,"FOOTBALL KIDS SIZE2 MIX DESIGN",32.9,4,16,-12,-394.8,26-APR-026,AKUSHIKA,166
150378,"CURTAIN W8 GROMENT SILVER 54X90 JQ029",119,12,12,0,0,26-APR-026,JUSTICE,185
150434,"CURTAIN W8 GROMENT BEIGE 54X90 BLK8",109,12,12,0,0,26-APR-026,JUSTICE,185
165629,"BEDSHEET SET 3PC CHCOAL FPANAMAQ3 H081524",199,4,4,0,0,26-APR-026,"KINGSLEY OP",195
166966,"BASIC MATHS SKILLS WORKBOOK",26.9,20,20,0,0,26-APR-026,ELLA,19
179030,"FISHING TOYS PLAY SET 3YRS OPP YW",29.9,5,5,0,0,26-APR-026,ROBIN,264
195769,"OIL DIFFUSER  150ML TY104A",189,1,1,0,0,26-APR-026,GLADYS,161
198213,"BATHROOM SET 4PCS RESIN MARBLE BRE0969AA4 YWU",269,12,12,0,0,26-APR-026,"MORGAN ONGOH",216
23131,"ENA PA MACKEREL IN TOMATO SAUCE 200G 48",12.99,16,18,-2,-25.98,26-APR-026,ABIGAIL,124
95110,"FRUTAIL COCKTAIL JUICE 1L  12",34.99,29,29,0,0,26-APR-026,SOLOMON,64
90607,"CURTAIN ROD SINGLE 120210 11051210PG",119,4,4,0,0,26-APR-026,PRINCE,241
90631,"CURTAIN ROD EXTANDABLE SIZE 110210CM 11009300MB",95,1,9,-8,-760,26-APR-026,PRINCE,241
119317,"REXONA SPRAY  COBALT DRY 200ML  6",42.99,42,52,-10,-429.9,26-APR-026,GIDEON,55
115480,"L SHAPE SOFA SET LEXUS",5290,1,1,0,0,26-APR-026,GLADYS,161
156827,"6PCS COMFORTER SET KG 240X250CM WHITE",579,2,5,-3,-1737,26-APR-026,JUDE,181
150632,"EDUCATION TOY MATCHING ANIMAL LX0429275",59,5,6,-1,-59,26-APR-026,ELLA,19
175267,"WESTINGHOUSE AC SPLIT 2HP R410A WS18PNCS33CG",7999,1,2,-1,-7999,26-APR-026,AMADU,WH
180766,"AKAI FRIDGE DD 112L RF134AC112L",2699,1,3,-2,-5398,26-APR-026,AMADU,150
179991,"CURTAIN YD PL GROMT TAUPE 54X90 24EHM004",169,3,12,-9,-1521,26-APR-026,MAJEED,200
178072,"BATHROOM SET 6PCS BLACKWHITEGREY YWU",219,3,3,0,0,26-APR-026,"MORGAN ONGOH",216
179141,"MOUTH ORGAN MELODICA MIX COLOR 16",23.9,11,11,0,0,26-APR-026,BOFFOUR,148
190612,"BIRTHDAY CANDLE 10PCS",5.9,31,28,3,17.7,26-APR-026,SARAH,270
61063,"PAPILION 4 ROLLS TOILET PAPER  12",17.99,4,12,-8,-143.92,26-APR-026,EMMANUEL,94
65905,"SUNNY GOLD WHITE SUGAR STICKS 500G 24",38.99,17,17,0,0,26-APR-026,"EMMANUEL HANSON",86
06507,"MEANNAN GROUNDED PEPPER 80G 24",18.99,18,19,-1,-18.99,26-APR-026,BARBARA,127
179958,"CURTAIN YD PL GROMT BLUE 54X90 24EHM001",169,9,10,-1,-169,26-APR-026,ADDO,205
182412,"COOKING POT 22CM PALU  ZHNBLY 1070T22",219,0,6,-6,-1314,26-APR-026,HERBERT,315
187305,"CURTAIN ROD ANTIQ BRAS 2BRAKET 120210CM A03210AB",129,1,1,0,0,26-APR-026,PRINCE,241
197985,"MCBERRY PURE DELIGHT CHOCOLATE COOKIES 54G 144",1.99,64,159,-95,-189.05,26-APR-026,RICHMOND,134
76137,"PIGGY BANK BOX WITH CURRENCY PRINT BK5022",19.99,12,12,0,0,26-APR-026,GLADYS,159
148976,"LIDO WASHING POWDER 800G  10",24.49,5,16,-11,-269.39,26-APR-026,GEORGE,113
168703,"CAMRY MECHANICAL KITHCEN SCALE WS BOWL 08L NRBK RK",159,4,4,0,0,26-APR-026,HAYFORD,320
167929,"BLANKET PLUSH STRIPE 160X200CM 4COLOUR",179,1,3,-2,-358,26-APR-026,AKAYIRI,191
180692,"SLOW REBOUND PILLOW 50X70CM 1200GM",139,9,12,-3,-417,26-APR-026,"JOSEPH PATRICK",176
184513,"SERVING TRAY MELAMINE 10 INCHES ZHN T7025",9.9,1,95,-94,-930.6,26-APR-026,"ABIGAIL YEVUGAH",301
112086,"KIVO TOMATO MIX SUP 200G   24",8.99,96,109,-13,-116.87,26-APR-026,JONATHAN,131
149011,"MCBERRY MILK CREAM POUND CAKE 30G  144",2.29,41,131,-90,-206.1,26-APR-026,RICHMOND,134
162277,"CANVAS H PAINTED COL ANIMALS 1 80X80X3 BD23C128BW",359,2,2,0,0,26-APR-026,NYARKO,170
160888,"DINNER PLATE MELAMINE 10 INCHES FEILU 82105",18.9,1,38,-37,-699.3,26-APR-026,"ABIGAIL YEVUGAH ",301
169166,"DON SIMON COCKTAIL JUICE 500ML 12",24.49,17,17,0,0,26-APR-026,DORA,65
119236," HURRICANE LARGE  METAL  GLASS 120811",99,1,3,-2,-198,26-APR-026,NYARKO,171
154727,"VILEDA SCOURER 21 INOX SPIRAL 160561",26.9,20,20,0,0,26-APR-026,"WILFRED OSEI",290
159545,"DOLL AFRICAN ASSORTED DESIGN FASHION DOLLS 188284",59,1,1,0,0,26-APR-026,ROBIN,264
184278,"STRETTONS ORIGINAL LONDON DRY GIN 1L  12",149.99,12,12,0,0,26-APR-026,CHARLES,50
93300,"DZIRE STANDING FAN 18 SF18054",519,3,3,0,0,26-APR-026,BOFFOUR,148
102197,"BEAUTY FORMULA  MAKE UP REMOVER WIPES ALOE VERA 12",20.49,12,12,0,0,26-APR-026,"BRIGHT NKANSAH",35
127139,"TABLE LAMP WHITE WGOLD STAND 57CM E27",799,1,3,-2,-1598,26-APR-026,GLADYS,161
156796,"CUSHION 45X45CM 400G",129,3,9,-6,-774,26-APR-026,ADDO,203
159572,"KIDS TENT 80X80X100CM",149,12,11,1,149,26-APR-026,ROBIN,264
193472,"DOOR MAT SISAL LATEX 8MM ASTD 40X60CM",34.9,18,16,2,69.8,26-APR-026,JUSTICE,188
81497,"DOLAIT VANILLA YOGHURT 125G 10",9.99,15,4,11,109.89,26-APR-026,GILBERT,167
58151,"TOP CHOCO PURE COCOA POWDER 400G  6",99.99,7,7,0,0,26-APR-026,ESINAM,144
140757,"STORY BOOK WATER MAGIC 46X30X18CM",49.9,12,12,0,0,26-APR-026,ELLA,19
152202,"KOTEX MAXI NIGHT TIME 10S 6",59.99,11,11,0,0,26-APR-026,ELEMAWUSI,38
172261,"OMO HAND WASH POWDER EXTRA FRESH CN WA 450G  12",36.49,30,30,0,0,26-APR-026,GEORGE,113
187930,"VASE GLASS 135X275CM",59,3,3,0,0,26-APR-026,REGINA,259
CL606,"MIXING BOWL LARGE 30CMX27CMX14CM",19.9,3,40,-37,-736.3,26-APR-026,QUEENCILLA,255
100984,"CURTAIN POLYESTER 52X84 WHANGER DRTH1572",159,10,11,-1,-159,26-APR-026,MAJEED,200
121312,"VARTA BATTERY LONGLIFE POWER AA BLISTER 4",56,38,75,-37,-2072,26-APR-026,"ARTHUR JONADAB",10
141774,"JAGERMEISTER 700ML 6",319.99,6,11,-5,-1599.95,26-APR-026,CHARLES,47
157613,"DUSTBIN QUATRO GREY SWING 45L 39X33X60CM PP65606",199,6,6,0,0,26-APR-026,"PAUL OWUSU",232
164672,"DINNER SET 12PCS SET CERAMIC ET02201",99,3,3,0,0,26-APR-026,BOFFOUR,329
159744,"MUNCHEE MSC STRAWBERRY MILK BISCUITS 35G  72",1.99,48,68,-20,-39.8,26-APR-026,QUARSHIE,137
185072,"AKAI WASHING MACHINE FL 8KG WM055A80FL",4899,1,2,-1,-4899,26-APR-026,AMADU,151
78012,"FANICE STRAWBERRY 2L X 1",75.99,8,8,0,0,26-APR-026,ELVIS,77
CL104,"BASIN 14LTR 40CMX18CM",22.9,11,11,0,0,26-APR-026,SYLVIA,280
120951,"ARIZONA ASSORTED 591ML  24",25.99,25,25,0,0,26-APR-026,SOLOMON,63
129574,"SAMSUNG AC SPLIT 15HP R410 AR12CRHGAWKAF",7749,1,2,-1,-7749,26-APR-026,AMADU,WH
185433,"BATHMAT PUFF MF 50X80CM BELLE GRAY 01MA0616A",79,7,7,0,0,26-APR-026,PHILEMON,238
198582,"SERVING TRAY 40X28X5CM PLASTIC YWU",149,24,24,0,0,26-APR-026,ESTHER,309
59332,"DEVA LIQUID HAND SOAP CITRUS  5L  4",114.99,4,5,-1,-114.99,26-APR-026,EMMANUEL,96
99946,"DOMESTOS TOILET STAIN REMOVER BLOCKS OCEAN 55G  9",31.99,5,5,0,0,26-APR-026,AKORFA,30
99559,"FANTA PINEAPPLE 300ML 12",6.49,50,88,-38,-246.62,26-APR-026,SOLOMON,62
137274,"TORENTOREN WAFERS F CINNAMON CREAM D FCW 55G 144",6.29,114,180,-66,-415.14,26-APR-026,RICHMOND,134
161131,"FILLED CUSHION JAQUARD 45X45CM GREY DC2361",119,22,7,15,1785,26-APR-026,JUSTICE,187
170019,"FRY PAN 22CM FALU ZHNBLY 1808322",109,3,9,-6,-654,26-APR-026,GLADYS,159
178318,"DZIRE PROJECTOR SCREEN ELECTRIC 84X84 PES84",1899,1,1,0,0,26-APR-026,GILBERT,162
26327,"BELPAK FUN NAPKIN  15",5.99,20,35,-15,-89.85,26-APR-026,MAHAMA,90
36051,"BARILLA PENNE RIGATE PASTA 500G  12",52.99,9,21,-12,-635.88,26-APR-026,CLAUDIA,116
204058,"NASCO CHEST FREEZER SD 100L NAS150FLG",2099,1,1,0,0,26-APR-026,AMADU,148
82389,"BINATONE AVR 1K DVS1000",799,1,5,-4,-3196,26-APR-026,GILBERT,162
88469,"SERVING TRAY 35X25CM PLASTIC RECT YWU",19.9,9,10,-1,-19.9,26-APR-026,ESTHER,308
N483,"MENTOS ICE GUM ARCTIC MINT 129G X 288",9.49,52,70,-18,-170.82,26-APR-026,AKUSHIKA,166
162011,"DOOR MAT COIR PANAMA 8MM ASSORTED 45X75CM",69,4,4,0,0,26-APR-026,"JOSEPH PATRICK",176
174423,"ACTIVITY BOOK ARTIFICIAL INTELLIGENCE 7",35,10,10,0,0,26-APR-026,ATITOGO,15
179985,"CURTAIN YD PL GROMT SLBL 54X90 24EHM003",169,3,19,-16,-2704,26-APR-026,MAJEED,200
182231,"SAYONA HOME THEATRE 31CH 100W SHT1192BT",1599,1,2,-1,-1599,26-APR-026,AMADU,150
99033,"PAINTING 60X90CM",549,6,30,-24,-13176,26-APR-026,NYARKO,170
14506,"PAPYRUS NAPKIN 100X15",6.79,14,14,0,0,26-APR-026,MAHAMA,90
165577,"BEDSHEET SET 4PC 235X275CM 145GSM COZYKBEDDING4",299,4,11,-7,-2093,26-APR-026,"KINGSLEY OP",195
179488,"SEESAW 180X71X38CM CDSS02",799,1,1,0,0,26-APR-026,FRANCIS,"ZONE 367"
77042,"ENGLISH WRITING BOOK CAPITALSMALL LETTER EB 00012",19.9,2,2,0,0,26-APR-026,ELLA,19
06571,"MEANNAN GROUNDED GINGER 200G 12",41.49,16,13,3,124.47,26-APR-026,BARBARA,127
146234,"WINDOW SHADE YE3160X180 L BROWN",479,3,3,0,0,26-APR-026,PRINCE,240
161124,"FILLED CUSHION VELVET 45X45CMBEIGE DC231",69,8,8,0,0,26-APR-026,JUSTICE,187
171347,"BELPAK TOILET ROLL 24ROLLS  1",77.99,3,7,-4,-311.96,26-APR-026,MAHAMA,90
168015,"FILLED CUSHION P VELVET 45X45CMRUST DC243",99,7,7,0,0,26-APR-026,JUSTICE,187
197648,"SAMSUNG TV BRACKET WMN2000A",59,5,5,0,0,26-APR-026,HAYFORD,155
38165,"HARPIC ACTIVE  FRESH LAVENDER 450ML 12",29.99,2,1,1,29.99,26-APR-026,EMMANUEL,95
206225,"KIVO STRAWBERRY 4 IN 1 GARI SOAKING MIX 60G  40",2.79,2,2,0,0,26-APR-026,ESINAM,144
08835,"FAULTLESS HEAVY SPRAY STARCH LEMON 567G 12",59.99,12,13,-1,-59.99,26-APR-026,AKORFA,31
117662,"TOILET BRUSH SET WIN UR3245",19.9,6,21,-15,-298.5,26-APR-026,ODAI,226
113931,"2PK HOTEL PILLOW 50X70CM WHITE",149,11,11,0,0,26-APR-026,"JOSEPH PATRICK",176
128943,"TAPE DISPENSER S03 ASSORTED 281137",22.9,4,4,0,0,26-APR-026,ATITOGO,15
127337,"EXETER LUNCHEON MEAT WITH BEEF 320G 24",33.99,34,34,0,0,26-APR-026,ABIGAIL,124
148388,"PLACE MAT WTAG ROUND MIX COLOR 6PCS",99,24,24,0,0,26-APR-026,"MICHAEL BOYE",211
165624,"BEDSHEET SET 3PCS PINK FPANAMAQ3 F141578",199,1,1,0,0,26-APR-026,"KINGSLEY OP",195
159856,"STICK NOTE SET 25SHEETS WITH 4 SHAPE SMALL",10.9,11,12,-1,-10.9,26-APR-026,ATITOGO,15
168212,"DZIRE CHEST FREEZER 290L SD CFSSH290A",4349,1,2,-1,-4349,26-APR-026,AMADU,149
187297,"CURTAIN ROD MATT BLACK 3BRAKET 160300CM A15300MB",99,1,1,0,0,26-APR-026,PRINCE,241
187697,"HUMIDIFI CANDOR 2L",199,1,4,-3,-597,26-APR-026,GLADYS,161
182964,"FRYING PAN 24CM FALU ZHNBLY 600424",99,18,18,0,0,26-APR-026,HERBERT,315
57878,"CUSSONS MORNING FRESH DWASH ZESTY LEMON 450ML  18",26.99,29,29,0,0,26-APR-026,"BRIGHT NKANSAH",36
07781,"MYDIBEL STRAIGHT CUT GRADE A 99 25KG 4",149.99,7,6,1,149.99,26-APR-026,APPIAH,80
06968,"KASAPREKO LIME CORDIAL 750ML 12",29.99,10,10,0,0,26-APR-026,"CHARLES A",52
132085,"MONEY COUNTING MACHINE WUV3MG PST6800",1799,1,1,0,0,26-APR-026,HAYFORD,154
161461,"CURTAIN 54X90  GREY",129,7,6,1,129,26-APR-026,MAJEED,201
161842,"SOAP DISPENSER SET 3PCS GLASS YWU",49.9,23,23,0,0,26-APR-026,ODAI,229
168734,"CURTAIN P VELVET FOILED 54X84 BEIGE2 25FV6",209,4,4,0,0,26-APR-026,MAJEED,200
95402,"COKE PET 300ML 12",6.49,1,159,-158,-1025.42,26-APR-026,GILBERT,162
122994,"BINATONE STEAM IRON 1800W SI 1830",325,6,6,0,0,26-APR-026,GLADYS,158
150423,"CURTAIN W8 GROMENT BURGUNDY 54X90 BLK6",109,6,5,1,109,26-APR-026,"PRINCE AGYEI",245
173708,"KIVO ZERO NUTS GARI SOAKINGMIX 125G 40",4.99,40,47,-7,-34.93,26-APR-026,ESINAM,144
198717,"SOAP DISPENSER 300ML PLASTIC WOOD TOP DESIGN YWU",34.9,21,21,0,0,26-APR-026,ODAI,229
89587,"AKAI LED LIGHT RECHARGEABLESMD  LS005RA600LS025A",269,5,5,0,0,26-APR-026,HAYFORD,154
95680,"EASY GLASS CLEANER BLUE 825ML 12",28.99,6,6,0,0,26-APR-026,"BENEDICT ABBEY",26
155673,"FORTUNE SPREAD FOR BREAD 450G  24",20.99,6,6,0,0,26-APR-026,APPIAH,83
149368,"NASCO FRIDGE DD COMBI 158L NASD220FL",4599,1,1,0,0,26-APR-026,AMADU,150
149370,"NASCO FRIDGE DD COMBI 116L NASD214FL",3289,1,2,-1,-3289,26-APR-026,AMADU,150
164443,"MENTOS STRAWBERRY GUM 8X6X35 575G  48",71.99,20,20,0,0,26-APR-026,AKUSHIKA,166
166504,"FACE TOWEL 30X30CM WHITE ZTC650WTWH",14.9,16,56,-40,-596,26-APR-026,"MICHAEL BOYE",211
184011,"NASCO WASHING MACHINE FL  10KG NASFLJS10KGS",4999,1,1,0,0,26-APR-026,AMADU,151
89619,"CURTAIN JACQUARD 02PA2100",169,4,16,-12,-2028,26-APR-026,AKAYIRI,190
107585,"RIGHT GUARD TOTAL DEFENCE FRESH 250ML  6",38.99,5,5,0,0,26-APR-026,"ANANE KOJO",5
166002,"SO FRESH APPLE FRUIT JUICE 1L 6",26.99,23,24,-1,-26.99,26-APR-026,DORA,65
161160,"FILLED CUSHION JAQUARD 45X45CMRED DC232233",89,13,7,6,534,26-APR-026,"MICHAEL BOYE",210
103500,"AMALFI SHOWER GEL MINERAL SUPREME 750ML  16",29.99,9,9,0,0,26-APR-026,EVELYN,102
109219,"NASCO FRIDGE SD 93L SILVER NASF110S",1699,1,1,0,0,26-APR-026,AMADU,150
150460,"CURTAIN W8 GROMENT GREAM 54X90 BLK50",129,12,12,0,0,26-APR-026,JUSTICE,185
163839,"CONTAINER SET 3PCS SQUARE PRIME BG755",79,2,1,1,79,26-APR-026,SOMUAH,274
179337,"SCHOOL STICKER 175X25CM OPP YW",7.9,18,5,13,102.7,26-APR-026,ATITOGO,15
40604,"LUCOZADE ORIGINAL 380ML   24",23.99,3,32,-29,-695.71,26-APR-026,GILBERT,162
204415,"MCPHILIX PLANTAIN CHIPS RIPENED KELEWELE 40G  40",5.99,5,8,-3,-17.97,26-APR-026,CHARLES,46
61768,"YUMVITA INFANT CEREAL WHEAT TIN 400G 12",59.99,1,1,0,0,26-APR-026,FRANKLIN,141
104963,"ROMAR FAB SOFTENER CONC HIP ROSE 2000ML  6",84.99,8,8,0,0,26-APR-026,AKORFA,32
177900,"TOREN WAFERS BUBBLE GUM CREAM  55G  144",6.29,19,99,-80,-503.2,26-APR-026,SOLOMON,64
187311,"CURTAIN ROD POLIS CROM 2BRAKET 120210CM A06210PC",129,1,1,0,0,26-APR-026,PRINCE,241
202563,"FROSTED FLAT PLATE 9 G330039M",9.9,53,52,1,9.9,26-APR-026,"ABIGAIL YEVUGAH",302
87614,"JAMAA WHITE LAMINATED SOAP 280G 24",9.99,8,6,2,19.98,26-APR-026,EMMANUEL,98
91312,"GALAXY WHITE SUGAR CUBE BOTTLE 700G 12",36.99,8,8,0,0,26-APR-026,"EMMANUEL HANSON","85 TO 89"
144202,"TOUCH BLISS SOFTENER  2L  6",42.99,7,8,-1,-42.99,26-APR-026,AKORFA,32
163639,"KISS PINK SPARKLING DRINK 750ML  6",42.99,7,7,0,0,26-APR-026,CHARITY,42
CL582,"STORAGE BOX TRANSPARENT 20L 38CMX28CMX31CM",49.9,41,12,29,1447.1,26-APR-026,WILLIAM,292
CL604,"FOOD COVER 25CMX14CM",10.9,35,37,-2,-21.8,26-APR-026,QUEENCILLA,255
95696,"AMALFI BATH  SHOWER GEL WILD ROSE 1250ML  10",54.99,14,14,0,0,26-APR-026,EVELYN,102
03083,"TOLSEN PADLOCK BRASS HEAVY DUTY 60MM 55116",179,5,5,0,0,26-APR-026,BOFFOUR,148
121338,"VARTA BATTERY LITHIUM CR123 BLISTER 1",77,12,23,-11,-847,26-APR-026,"ARTHUR JONADAB",11
168222,"BEDSHEET SET MICRO PEACH 2PCS 90GSM 03BT0937PT",55,14,14,0,0,26-APR-026,"KINGSLEY OP",195
180101,"DOVE BAR SOAP 90GX4 PINK 12",67.99,12,12,0,0,26-APR-026,EMMANUEL,99
182549,"AKAI FRIDGE DD 85L RF058AC11D",2299,1,2,-1,-2299,26-APR-026,AMADU,150
196284,"AKAI FRIDGE SD SHOWCASE 207L SC026A207LS",5199,1,1,0,0,26-APR-026,AMADU,150
37062,"HARPIC ACTIVE FRESH MOUNTAIN PINE  725ML   12",38.99,2,1,1,38.99,26-APR-026,EMMANUEL,96
68483,"ALTAS CUMBRES VINO BLANCO 750ML  6",66.49,5,5,0,0,26-APR-026,CHARLES,49
109874,"MY BOOK OF ART  CRAFT",15.9,2,2,0,0,26-APR-026,ELLA,20
115563,"HP WIRED SPEAKER  BLACK DHE6002",439,1,1,0,0,26-APR-026,BOFFOUR,148
189502,"3PC COMFORTER SET QUEEN 86X86 MF ASST 03CO0476",279,2,2,0,0,26-APR-026,AKAYIRI,193
89788,"SPRITE ZERO PET 450ML  12",8.99,31,34,-3,-26.97,26-APR-026,SOLOMON,62
84825,"HARPIC TOILET GEL MOUNTAIN PINE 450ML  12",29.99,8,9,-1,-29.99,26-APR-026,EMMANUEL,95
107985,"AKAI CEILING FAN 24 EF103A2465WG",415,1,1,0,0,26-APR-026,BOFFOUR,148
117081,"BLING DETERGENT POWDER 45KG  2",148.99,3,3,0,0,26-APR-026,EMMANUEL,94
150372,"CURTAIN W8 GROMENT BLUE 54X90 JQ028",149,10,10,0,0,26-APR-026,ADDO,206
166507,"HAND TOWEL 40X60CM SILVER GREY ZTC650WTSG",39.9,8,21,-13,-518.7,26-APR-026,"MICHAEL BOYE",211
162817,"CURTAIN JACQUARD 54X90 BLUE 271",199,7,7,0,0,26-APR-026,MAJEED,201
161329,"FOUNTAIN 21X175X25CM 22603L",279,1,2,-1,-279,26-APR-026,FELIX,"ZONE 367"
186678,"FOOD STORAGE 5300ML PLASTIC RJK YH390A",55,1,26,-25,-1375,26-APR-026,SOMUAH,276
95694,"AMALFI BATH  SHOWER GEL DERMO 1250ML 10",54.99,1,11,-10,-549.9,26-APR-026,EVELYN,102
91432,"BECKY QUEEN PEANUT CRAUNCH 230G  12",30.99,18,18,0,0,26-APR-026,"EMMANUEL HANSON",85
03825,"BLUE BAND SPREAD FOR BREAD 250G 24",16.99,11,11,0,0,26-APR-026,APPIAH,83
134089,"SANITA EASY LOCK  STORAGE BAG SMALL 50X20",21.99,4,4,0,0,26-APR-026,ELEMAWUSI,40
147473,"SUNNY GOLD BROWN SUGAR BOTTLE 400G  12",23.99,13,13,0,0,26-APR-026,"EMMANUEL HANSON","85 TO 89"
162275,"CANVAS H PAINTED PINK FLOWERS 60X120X3 BD22C081AW",329,7,7,0,0,26-APR-026,NYARKO,173
186699,"RAINBOW CONTAINER 5PC SET ROUND PLASTIC RJK 20205",34.9,11,13,-2,-69.8,26-APR-026,SOMUAH,274
84715,"BALLOON STICK SET 12PCS",7.9,8,50,-42,-331.8,26-APR-026,REGINA,260
57162,"DEVA HAND SANITIZER 200ML  12",16.99,18,15,3,50.97,26-APR-026,"ANANE KOJO",5
D423,"LACTASOY CHOCOLATE SOYA MILK 1L  12",41.99,24,24,0,0,26-APR-026,DORIS,72
X204,"PRIMA GLASS CLEANER 500ML 30",23.41,25,24,1,23.41,26-APR-026,"BENEDICT ABBEY",25
102177,"EVERPACK PAPA JUMBO MULTIPURPOSE TOWEL   6",41.99,3,8,-5,-209.95,26-APR-026,MAHAMA,91
103900,"BLING LAUNDRY DETERGENT LIQUID GARDENOF FLOWERS 5L",89.99,6,12,-6,-539.94,26-APR-026,GEORGE,110
115338,"LA SALUD  DETERGENT 40 WASHES COLOR CLOTH 265L  4",88.99,2,2,0,0,26-APR-026,GEORGE,110
127341,"EXETER HOT DOG 400G 12",25.99,4,5,-1,-25.99,26-APR-026,ABIGAIL,124
162774,"CURTAIN JACQUARD 54X90 NAVY 316",179,1,1,0,0,26-APR-026,"PRINCE AGYEI",245
175700,"TOLSEN MEASURING TAPE 5M16FT 19MM 36146",34.9,1,1,0,0,26-APR-026,BOFFOUR,148
186710,"LUNCH BOX SET 4PCS W3COMPARTMENT PLAST RJK 80114",69,16,16,0,0,26-APR-026,"NANA KOJO",252
200822,"FRYING PAN 24CM FALU ZHNBAROLY 262524",109,9,21,-12,-1308,26-APR-026,GLADYS,159
45326,"SERVING TRAY MELAMINE 17 INCHES ZHN A32317",29.9,7,7,0,0,26-APR-026,ESTHER,308
115580,"HP CAT6 CABLE 1GBPS BLUE DHCCAT6UTP2M",45,6,6,0,0,26-APR-026,BOFFOUR,148
163833,"CONTAINER SET 3PCS RECTANGLE COOKLOCK BG585",59,2,2,0,0,26-APR-026,SOMUAH,275
179319,"TOW STRAPE 3T 50MM36M  ASSTD COL YW",79,8,8,0,0,26-APR-026,BOFFOUR,148
92878,"SNAKES  LADDERS GAME JQ142105A",89,4,4,0,0,26-APR-026,ROBIN,264
156279,"MOLINERA SUGARFREE PINEAPPLE JUICE 1L  12",29.99,4,4,0,0,26-APR-026,DORA,66
151562,"GALAXY CONCEPT SPRAY  INVICT  200ML 12",31.99,1,3,-2,-63.98,26-APR-026,"ANANE KOJO",5
164794,"AKAI HAIR DRYER 900W HD007A3535",139,2,5,-3,-417,26-APR-026,AMADU,WH
168561,"HH RICH TEA CREAMS STRAWBERRY 32G  72",1.39,41,46,-5,-6.95,26-APR-026,QUARSHIE,137
182949,"FRYING PAN 26CM PALU ZHNBLY 102926",129,21,21,0,0,26-APR-026,"WILFRED OSEI",287
194677,"KIDS CAR SET 2PCS HCL O51043",14.99,12,22,-10,-149.9,26-APR-026,SARAH,269
84874,"PAINTING 3D 60X120CM",399,2,2,0,0,26-APR-026,NYARKO,170
60898,"ANDRE  BRUT SPARKLING WINE 750ML  12",124.99,34,34,0,0,26-APR-026,CHARLES,49
64517,"BINE MULTI PURPOSE SOAP 5L  4",72.99,3,3,0,0,26-APR-026,GEORGE,111
103766,"GIVERS LIQUID DETERGENT 25L  6",53.99,6,6,0,0,26-APR-026,GEORGE,111
148526,"FLOWER SET DRY 5PCS",85,1,1,0,0,26-APR-026,NYARKO,170
14811,"DEVA DISWASHING LIQUID LEMON 700ML 24 10404",25.99,12,14,-2,-51.98,26-APR-026,"BRIGHT NKANSAH",36
161249,"DZIRE HOME THEATRE 51CH 110W TB HT514T1S505TH",1999,1,2,-1,-1999,26-APR-026,HAYFORD,157
179159,"STEPPING BALL WITH LIGHT 3",26.9,2,2,0,0,26-APR-026,REGINA,260
182537,"CONTAINER 3PCS SET RECT CLEAR   PP63600",69,8,9,-1,-69,26-APR-026,SOMUAH,274
50880,"CONDOR PEAK NATURALLY SWEET RED WINE 750ML 12",79.99,15,16,-1,-79.99,26-APR-026,CHARLES,47
98472,"AMALFI HAND SOAP CHERRY GUM  500ML  12",24.99,13,13,0,0,26-APR-026,EMMANUEL,98
111661,"BIRTHDAY CANDLE WHAPPY BIRTHDAY DESIGN SILVER",9.9,1,1,0,0,26-APR-026,REGINA,260
124842,"TOILET BRUSH WHOLDER PLASTIC TP139",39.9,1,1,0,0,26-APR-026,"NANA ADJEI",219
14713,"EASY MOUZOO GUAVA TETRAPACK JUICE 1L 12",23.99,22,23,-1,-23.99,26-APR-026,DORA,65
170274,"KIDS SPINNING GYRO WLIGHT",11.9,105,105,0,0,26-APR-026,REGINA,560
187965,"JOJONAVI FRUIT MANGO CAN JUICE DRINK  330ML 24",13.49,4,8,-4,-53.96,26-APR-026,GIDEON,56
189432,"AKAI WATER PUMP 1HP SELF PRIMIING WP003A100ES",999,2,3,-1,-999,26-APR-026,HERBERT,169
X434,"LACTOGEN 2  400G 12 12081300",99.99,13,13,0,0,26-APR-026,FRANKLIN,141
A807,"TAKAI LIQUEUR 750ML 6",154.99,8,14,-6,-929.94,26-APR-026,"CHARLES A",51
91623,"AWAKE MINERAL WATER 750ML  16",2.29,2,96,-94,-215.26,26-APR-026,GILBERT,162
112508,"HANGER SET 5PCS 4OCM PLASTIC LP6300 RJK",36.9,14,14,0,0,26-APR-026,PHILEMON,239
14828,"DEVA SOFTENER  SENSITIVE 2L  6",82.99,7,7,0,0,26-APR-026,AKORFA,32
156961,"BATH MAT BURGANDY 50X80CM BM549",59,3,3,0,0,26-APR-026,"PAUL OWUSU",233
150422,"CURTAIN W8 GROMENT GOLD 54X90 BLK6",109,3,13,-10,-1090,26-APR-026,"PRINCE AGYEI",245
150446,"CURTAIN W8 GROMENT COFFEE 54X90 BLK11",109,11,12,-1,-109,26-APR-026,MAJEED,201
160847,"WINDOW SHADE BLACKOUT ROLLER 453140X180CM",329,5,5,0,0,26-APR-026,PRINCE,240
179250,"ENVELOPE 50PCS 11X22CM OFFICIAL ENVELOP 80GSM YW",22.99,11,11,0,0,26-APR-026,ATITOGO,15
187713,"BATH MAT PLASTIC 50X80CM 4COLOR MIX",65,8,7,1,65,26-APR-026,JUSTICE,188
202626,"PLATE 9 G330069",10.9,34,34,0,0,26-APR-026,"ABIGAIL YEVUGAH",301
67519,"SHINE JUMBO ROLL ULTRA SOFT 2PLY   12",22.99,17,17,0,0,26-APR-026,MAHAMA,92
X808,"PRIMA LIQUID SOAP LEMON 45L 6",75.99,5,6,-1,-75.99,26-APR-026,GEORGE,111
130984,"PHILIPS LED SENSOR BULB 860W B22 CDL 929002400207",149,2,2,0,0,26-APR-026,BOFFOUR,148
180233,"DZIRE MINI WATER DISPENSER 13L 4W PWDAP222",59,5,5,0,0,26-APR-026,BOFFOUR,148
65461,"MENTOS FULL FRESH 1210 BTLS18 PC  120",36.99,40,40,0,0,26-APR-026,AKUSHIKA,166
96519,"MADAR RENZO MULTIPURPOSE LIQUID DETERGENT 200ML 24",8.49,24,27,-3,-25.47,26-APR-026,"BRIGHT NKANSAH",36
91842,"AKAI PRESSURE MULTI COOKER 6L 1000W PCK001AD60",899,1,1,0,0,26-APR-026,HAYFORD,157
94959,"DR MIGHTY WC POWER BALLS BELLFLOWER  5 IN 1 24",24.99,14,13,1,24.99,26-APR-026,AKORFA,30
131669,"CAKE TOPPER S892",1.9,130,128,2,3.8,26-APR-026,SARAH,270
155259,"YOMI STRAWBERRY YOGHURT  CEREALS 250ML 12",15.99,5,7,-2,-31.98,26-APR-026,GILBERT,167
152109,"SINARLINE LEGAL NOTE PAD 58 40SHEETS PD02086",5.99,5,5,0,0,26-APR-026,ATITOGO,15
165869,"QUILT SET 7PCS 70GSM ULTRASONIC KING QSK02",429,3,3,0,0,26-APR-026,"KINGSLEY OP",196
186991,"WOODEN PUZZLE AZ 26PCS",29.9,5,5,0,0,26-APR-026,ROBIN,264
75828,"DOVE BEAUTY CREAM BAR GO FRESH TOUCH  135G  48",21.99,22,23,-1,-21.99,26-APR-026,EMMANUEL,99
90628,"CURTAIN ROD EXTANDABLE SIZE 110210CM 11051210DG",75,8,10,-2,-150,26-APR-026,"NANA KOJO",250
111651,"BALLON SET 11PCS W1PC NUMBER BALLON GOLD",19.9,14,15,-1,-19.9,26-APR-026,SARAH,270
125359,"ROMAR FABRIC SOFTENER TALC 750ML  15",36.99,14,14,0,0,26-APR-026,AKORFA,31
146159,"WATER BOTTLE PC 750ML PLASTIC 161407160",39.9,14,15,-1,-39.9,26-APR-026,WISE,296
152207,"CLAPPERS BABY WET WIPES 100PCS BABY YELLOW 12",22.99,15,14,1,22.99,26-APR-026,"BRIGHT NKANSAH",34
172960,"ARIEL HIGH STUD FLORAL 35KG 4",280.99,3,4,-1,-280.99,26-APR-026,GEORGE,113
180003,"CURTAIN YD PL GROMT GOLD 54X90 24EHM007",169,8,8,0,0,26-APR-026,"PRINCE AGYEI",245
134158,"KNOWLEDGE ENCYCLOPEDIA  ANIMALS 8",22.9,7,7,0,0,26-APR-026,ELLA,20
148809,"CLOTHES HANGER 2LAYER MULTIPURPOSE METAL YWU",199,4,5,-1,-199,26-APR-026,NYARKO,170
148009,"PAINTING AFRICA LADY 53X83CM F3141721474853",219,8,8,0,0,26-APR-026,NYARKO,170
14827,"DEVA SOFTENER  LAVENDER 2L  6",82.99,10,10,0,0,26-APR-026,AKORFA,32
172100,"SKYVEST LED TV 43 SATELLITE 43S ORV",3049,1,2,-1,-3049,26-APR-026,HAYFORD,156
190102,"NAIL DRYER ASSORTED",99,10,13,-3,-297,26-APR-026,AMADU,WH
68581,"OPTIMA CABLE MICROPHONE 36M OPMONORCA36",99,3,3,0,0,26-APR-026,BOFFOUR,148
129342,"SANKOFA PLANTAIN CHIPS SWEET CHILLI JOLLOF 50G",14.99,23,48,-25,-374.75,26-APR-026,JONATHAN,131
138236,"ROSSWOOD PREM ROASTED CASHEW NUTS SALTED 168G  24",60.99,3,29,-26,-1585.74,26-APR-026,CHARLES,47
131896,"TOUCH BABY SOFTENER 1L  12",17.99,6,6,0,0,26-APR-026,AKORFA,32
14809,"DEVA COCONUT LIQUID HAND SOAP 350ML 24 10205",19.49,5,33,-28,-545.72,26-APR-026,EMMANUEL,96
150395,"CURTAIN W8 GROMENT BURGUNDY 54X90 JQ030",119,5,6,-1,-119,26-APR-026,"PRINCE AGYEI",245
187940,"DECORATIVE ACCESSORY",69,1,1,0,0,26-APR-026,REGINA,259
182943,"WOK PAN 24CM PALU ZHNBLY 102824",199,3,3,0,0,26-APR-026,"WILFRED OSEI",288
198217,"HAMPER BASKET 3PCS SET OVAL PLASTIC YWU",99,23,23,0,0,26-APR-026,"NANA ADJEI",219
57554,"SABA DETERGENT  POWDER BUCKET 3KG  1",139.99,1,4,-3,-419.97,26-APR-026,EMMANUEL,96
179775,"OMELETTE TURNER PLATE PLASTIC 1038",19.9,7,1,6,119.4,26-APR-026,SYLVIA,280
43198,"JUVER DISFRUTA NECTAR PEACH JUICE 1L  12",32.99,6,6,0,0,26-APR-026,DORA,66
71533,"TOLSEN ADJUSTABLE WRENCH 10  15003",89,6,6,0,0,26-APR-026,BOFFOUR,148
90505,"PAPILION WATERMELON WET WIPES 64SHEETS WTH CAP 24",16.99,8,8,0,0,26-APR-026,"BRIGHT NKANSAH",34
95752,"AMALFI  SHAMPOO  FAMILIAR ANTI DANDRUFF 750ML  16",32.99,4,6,-2,-65.98,26-APR-026,"ANANE KOJO",5
105817,"DOVE BODY WASH CUCUMBER AND GREEN TEA 750ML  16",92.99,11,11,0,0,26-APR-026,EVELYN,102
128876,"FILE PUNCHLESS SPEED PP 490F C 4668ELP",35,2,2,0,0,26-APR-026,GLADYS,159
134309,"CIF CREAM ACTIVE LEMON 500ML   16",35.99,5,5,0,0,26-APR-026,GEORGE,112
149001,"DOMS MODELLING DOUGH 15SHADE 300GM 8782",43.9,3,3,0,0,26-APR-026,ATITOGO,15
167752,"FRY 24CM PAN 2MM ALU FORGED HROLAND HR1551 RJK",209,8,8,0,0,26-APR-026,"WILFRED OSEI",288
182412,"COOKING POT 22CM PALU  ZHNBLY 1070T22",219,1,6,-5,-1095,26-APR-026,HERBERT,316
178836,"AKAI HAIR STRAIGHTNER 45W HD010A21323S",219,1,1,0,0,26-APR-026,HAYFORD,155
95184,"BALLOON SET 20PCS WITH PUMP",17.9,17,16,1,17.9,26-APR-026,SARAH,270
146983,"VARTA BATTERY MAX POWER AAA BLISTER 4",67,42,56,-14,-938,26-APR-026,"ARTHUR JONADAB",10
14805,"DEVA ALOE VERA LIQUID HAND SOAP 350ML 24",18.99,24,34,-10,-189.9,26-APR-026,EMMANUEL,97
189425,"HH CHOCO MALT SOAKING MIX 120G  40",4.49,23,26,-3,-13.47,26-APR-026,ESINAM,144
198500,"FRUIT BASKET 25X25X9CM WOODEN YWU",129,13,24,-11,-1419,26-APR-026,SOMUAH,273
87493,"MYDIBEL PREMIUM CRUNCH  FRIES 1010 25KG 4",129.99,1,3,-2,-259.98,26-APR-026,APPIAH,80
126675,"WALL CLOCK SAKURA 305X305X4 3006B",69,10,10,0,0,26-APR-026,"ARTHUR JONADAB",11
121941,"3PCS BEDSHEET SET PR KG 180X20030CM ASRTD",169,8,8,0,0,26-APR-026,"KINGSLEY OP",196
187944,"DECORATIVE ACCESSORY",149,6,6,0,0,26-APR-026,REGINA,259
192326,"SPONGE  SCOURER PAD 6PCS SET H130039",24.9,6,6,0,0,26-APR-026,"WILFRED OSEI",289
198438,"SHOES RACK WSEAT 70X30X45CM WOODEN YWU",549,1,1,0,0,26-APR-026,FRANCIS,"ZONE 367"
157178,"TOILET BRUSH WHOLDER REC PLASTIC YWU",14.9,24,25,-1,-14.9,26-APR-026,"NANA ADJEI",219
178693,"CURTAIN EMBO GROMT BLACK 52X90 02PA7150E",99,12,12,0,0,26-APR-026,"KINGSLEY OP",194
185410,"CURTAIN BKT GROM GOLD 2P 54X90 02PA7215B",169,7,9,-2,-338,26-APR-026,"PRINCE AGYEI",245
100990,"CURTAIN POLYESTER 52X84  WHANGER DRTH016",149,6,6,0,0,26-APR-026,"PRINCE AGYEI",245
161113,"AKAI TOASTER OVEN 25L TO026A25L",849,1,1,0,0,26-APR-026,GLADYS,158
178710,"CURTAIN EMB GROMET BURGU 52X90 02PA7143D",139,6,6,0,0,26-APR-026,"PRINCE AGYEI",245
198897,"MIDEA FRIDGE DD 87L MDRT134FGN50",2099,1,1,0,0,26-APR-026,AMADU,150
90207,"TURTLE OPEN FACE HELMET WADJUSTABLE STRAP MEDIUM",199,4,4,0,0,26-APR-026,SARAH,270
00529,"AKAI AVR 5KVA  AVR004A  5000VA",1699,1,1,0,0,26-APR-026,GILBERT,162
105064,"DEVA BABY WIPES  300G  24",21.99,20,20,0,0,26-APR-026,"BRIGHT NKANSAH",34
117209,"DOMS WATER COLOUR CAKES SET 12PCS 23MM 7427",19.9,25,25,0,0,26-APR-026,"BENEDICT ABBEY",26
115315,"KIDS CLASSIC FLIP FLOP HMD",59,8,8,0,0,26-APR-026,ABIGAIL,333
150399,"CURTAIN W8 GROMENT GOLD 54X90 JQ031",109,12,12,0,0,26-APR-026,JUSTICE,185
159774,"TOYS MOVING PLASTIC",74.9,7,19,-12,-898.8,26-APR-026,ROBIN,264
206905,"FRYING PAN WLID 26CM SILKY SMOOTH LDS",339,1,6,-5,-1695,26-APR-026,HERBERT,316
36776,"FLORA POCKET TISSUE 1X6X50",8.29,23,195,-172,-1425.88,26-APR-026,MAHAMA,90
22065,"CADBURY HOT CHOCOLATE DRINK 10PCS X 12  30G",39.99,18,16,2,79.98,26-APR-026,ESINAM,144
155142,"FLORA SMILE FRUBBER TISSUE 180X36  36",11.99,19,31,-12,-143.88,26-APR-026,MAHAMA,90
164042,"TUMBLER WLIDSTRAW WATERMELON 470ML PL 161907029",9.9,6,6,0,0,26-APR-026,WILLIAM,291
192741,"CURTAIN SHEER KHAKI 54X90 PL Y2151",99,17,17,0,0,26-APR-026,"KINGSLEY OP",194
205769,"NASCO CHEST FREEZER SD 212L WGLASS NAS275WADS",3399,1,2,-1,-3399,26-APR-026,AMADU,149
X584,"CAN COKE  REGULAR 330ML 24",8.79,10,117,-107,-940.53,26-APR-026,GIDEON,56
137267,"TOREN  DELISSOMILKY WC CHO COATED BANNA CW 20G288",2.19,17,41,-24,-52.56,26-APR-026,DORIS,74
145772,"BASIN TRANSPARENT 95L PLASTIC M1344",39.9,6,6,0,0,26-APR-026,SYLVIA,280
162690,"DINNER PLATE MELAMINE 10 INCHES FEILU 178105",16.9,48,56,-8,-135.2,26-APR-026,"ABIGAIL YEVUGAH",301
26351,"SAIRO INTENSE HAND WASH 500ML 12",29.49,14,14,0,0,26-APR-026,EMMANUEL,98
40319,"JUVER DISFRUTA MANZANA APPLE  JUICE  1L  12",32.99,2,15,-13,-428.87,26-APR-026,DORA,66
42280,"OLD MANSION VSOP DELUXE BRANDY 750ML 12",99.99,12,12,0,0,26-APR-026,"CHARLES A",51
92536,"PLASTIC FLUTE 10 COLORS MIX",19.9,36,51,-15,-298.5,26-APR-026,SARAH,269
101026,"CURTAIN POLYESTER 54X84 WHANGER DRXH180141",109,8,12,-4,-436,26-APR-026,"KINGSLEY OP",194
127215,"FRY PAN 22CM FALU ZHNBLY 852122",149,4,4,0,0,26-APR-026,HERBERT,316
14813,"DEVA DISINFECTANT SPRAY 500ML  15",20.99,15,15,0,0,26-APR-026,"BENEDICT ABBEY",26
148152,"CURTAIN GROMET BLCKOUT WHTPURP 02PA6674B",99,12,12,0,0,26-APR-026,JUSTICE,185
145128,"DUSTBIN QUATRO BLKSLR SWING 45L 39X33X60CM PP65904",179,4,5,-1,-179,26-APR-026,"NANA KOJO",251
14283,"CAMEL ZESTY LIME FRESH LIQUID 125ML 48",16.99,19,86,-67,-1138.33,26-APR-026,AKORFA,29
159807,"FLY SPINNING BALL 8089",69.9,5,7,-2,-139.8,26-APR-026,ROBIN,264
161033,"CHANDELIER GOLD CRYSTAL 6067400",1299,1,1,0,0,26-APR-026,AMADU,150
202548,"FROSTED PLATE 11 B29511M",12.9,86,86,0,0,26-APR-026,ESTHER,308
116378,"RC RACING CAR 118 4CH LIGHT UP MT402822",179,2,2,0,0,26-APR-026,ROBIN,264
148389,"PLACE MAT WTAG RECT 6PCS 30X45CM",79,11,10,1,79,26-APR-026,"MICHAEL BOYE",211
185296,"COLANDER WSIDE HANDLES BLACK 23CM XY2328",42.9,16,16,0,0,26-APR-026,AMA,311
199562,"ARDENS CHEDDAR CHEESE TWISTS 125G 8",120.99,21,1,20,2419.8,26-APR-026,AKUSHIKA,166
113661,"DINNER PLATE MELAMINE 10 INCHES FEILU 8710",14.9,57,60,-3,-44.7,26-APR-026,ESTHER,309
153663,"ECOLINK LED BULB 16W B22 2700K 929002310871",23,8,8,0,0,26-APR-026,BOFFOUR,148
162612,"PHILPS LED CLASSIC440W A60 E27 NDAPR 929001974708",32,1,1,0,0,26-APR-026,BOFFOUR,148
182295,"SIGNATURE CHEST FREEZER SD 137L SBD15C8",3339,1,1,0,0,26-APR-026,AMADU,147
182982,"FRYING PAN 26CM FALU ZHNBLY 852226",159,9,1,8,1272,26-APR-026,"WILFRED OSEI",288
77584,"DR MIGHTY WC POWER BALLS GREEN LEMON 5 IN 1  24",24.99,27,26,1,24.99,26-APR-026,AKORFA,30
62260,"5 STAR KAESAR APPLE DRINK 350ML 16",2.89,1,85,-84,-242.76,26-APR-026,GILBERT,162
115390,"TABLE LAMP WARM B36793 135068939931",429,1,4,-3,-1287,26-APR-026,GLADYS,161
114145,"KENWOOD MICROWAVE OVEN 20L WHITE MWM20000WH",1799,1,1,0,0,26-APR-026,GLADYS,158
137277,"TORENTOREN WAFERS BANANA D FLAVOUR CRISPY W55G144",6.29,80,88,-8,-50.32,26-APR-026,RICHMOND,134
152210,"CLAPPERS BABY WET WIPES BABY YELLOW 120PCS  12",25.99,18,21,-3,-77.97,26-APR-026,"BRIGHT NKANSAH",34
161249,"DZIRE HOME THEATRE 51CH 110W TB HT514T1S505TH",1999,1,2,-1,-1999,26-APR-026,AMADU,150
169502,"CUSHION EMBROIDERY 380G FILLING 45X45CM EHAMK008",149,11,12,-1,-149,26-APR-026,"MICHAEL BOYE",210
167747,"COOKING 28CM POT 2MM ALU FORGED HROLAND HR1582 RK",289,2,2,0,0,26-APR-026,"WILFRED OSEI",288
184340,"DINNER TRAY WCOMPARTMENT 34CM SS 60600132 50073",44.9,15,15,0,0,26-APR-026,AMA,311
101020,"CURTAIN POLYESTER 52X84  WHANGER DRXH180142",109,2,1,1,109,26-APR-026,"KINGSLEY OP",194
104028,"VINYL MEDICAL DISPOSABLE GLOVES LS BLACK 100PCS 10",49.99,2,2,0,0,26-APR-026,"BENEDICT ABBEY",24
124657,"AMALFI SHOWER GEL OATS  750ML  16",29.99,3,3,0,0,26-APR-026,EVELYN,102
135284,"DOVE BAR SOAP  FRESH CUCUMBER 90G   48",16.99,51,51,0,0,26-APR-026,EMMANUEL,99
146230,"WINDOW SHADE YE3160X180 SILVER",479,3,3,0,0,26-APR-026,PRINCE,240
181811,"MIDEA AIR FRYER 4L 1600W DIGITAL BLK MFCN40E2",689,1,2,-1,-689,26-APR-026,HAYFORD,157
98480,"AMALFI HAND SOAP ROYAL JELLY 500ML  12",25.99,14,14,0,0,26-APR-026,EMMANUEL,98
171196,"DECORATIVE GLASS BOTTLE 10X10X20CM AF17046",69,27,47,-20,-1380,26-APR-026,REGINA,260
26353,"SAIRO OATS HAND WASH 500ML 12",24.99,17,17,0,0,26-APR-026,EMMANUEL,98
35898,"MAXIM CONCENTRATED LIQUID SOAP3X THICK 45L  5",100.99,1,7,-6,-605.94,26-APR-026,GEORGE,110
67692,"ALUMINIUM CASSEROLE 20CM WGLASS LID MK6129",119,1,2,-1,-119,26-APR-026,HAYFORD,320
95707,"AMALFI  SHAMPOO  HONEY 400ML  10",24.99,3,3,0,0,26-APR-026,"ANANE KOJO",6
115577,"HP CONNECTOR CABLE C TO HDMI DHCCT202",275,3,3,0,0,26-APR-026,BOFFOUR,148
129304,"BOWL DOUBLE COLOUR PLASTIC L00489",17.9,35,34,1,17.9,26-APR-026,SYLVIA,280
124652,"AMALFI HAND SOAP PROVENCE HERBS 500ML  12",22.99,12,11,1,22.99,26-APR-026,EMMANUEL,98
135862,"FABER CASTELL STRETCHED CANVAS 12X12 891212 FC",79,10,10,0,0,26-APR-026,"ARTHUR JONADAB",11
130087,"DORITOS SWEET CHILLI 145G  20",28.99,1,1,0,0,26-APR-026,JONATHAN,131
14716,"EASY MOUZOO PINEAPPLE TETRAPACK JUICE 1L 12",23.99,15,39,-24,-575.76,26-APR-026,DORA,65
150402,"CURTAIN W8 GROMENT SILVER 54X90 JQ031",119,18,12,6,714,26-APR-026,MAJEED,200
175384,"MUNCHEE MORNING DELIGHT CHOCOLATE BISCUIT 26G  72",1.39,12,99,-87,-120.93,26-APR-026,QUARSHIE,137
166910,"BASKET 32X44X445 PLASTIC 1158",99,8,8,0,0,26-APR-026,SOMUAH,273
188010,"BUCKET WLID PLASTIC 15 HL0064CP",34.9,12,12,0,0,26-APR-026,VICTORIA,283
195595,"FOOD COVER METAL  605030",16.9,50,52,-2,-33.8,26-APR-026,HERBERT,315
198009,"NASCO GAS COOKER 4B 50X50 SILVER NASGCSNIPER50TS",1799,1,5,-4,-7196,26-APR-026,AMADU,147
72787,"HEAVEN NAPHTHALENE BALL CANFA 150G  120",10.99,73,76,-3,-32.97,26-APR-026,EZEKIEL,106
57848,"EVERPACK CLUB TROLL 12ROLLSX7PKT  7",31.99,3,3,0,0,26-APR-026,MAHAMA,90
97315,"PAINTING BOOK 4 TITLES EB693",4.9,5,5,0,0,26-APR-026,ELLA,21
98478,"AMALFI HAND SOAP PEACH  500ML 12",25.99,13,13,0,0,26-APR-026,EMMANUEL,98
08026,"OMO AUTO WASH  2KG  9",172.99,0,35,-35,-6054.65,26-APR-026,EMMANUEL,94
148618,"CURTAIN TIEBACK 2PCS SET 5COLOUR",69,22,22,0,0,26-APR-026,ADDO,206
157617,"DUSTBIN QUATRO GREY SWING 12L 26X24X35CM PP60704",99,7,8,-1,-99,26-APR-026,"NANA KOJO",250
158125,"STORAGE BOX WHANDLE CLEAR 9L 24X23X27CM PP63300",59,11,11,0,0,26-APR-026,QUEENCILLA,255
18342,"LONG MOUNTAIN SAUVIGNON BLANC WINE 75CL 6",65.99,6,6,0,0,26-APR-026,CHARLES,49
184277,"PLUSH BLANKET 240X270CM SOLID 4COLORS",259,9,11,-2,-518,26-APR-026,AKAYIRI,192
198400,"WALL CLOCK 305X305X44 1213H",75,8,8,0,0,26-APR-026,"ARTHUR JONADAB",10
198225,"DUSTBIN SQ 12 LITRES WITH LEGS PLASTIC YWU",129,5,12,-7,-903,26-APR-026,"NANA KOJO",251
N485,"MENTOS ICE GUM PEPPERMINT 114G  288",9.49,66,59,7,66.43,26-APR-026,AKUSHIKA,166
99566,"COMFORTER QUEEN JACQUARD 6PCS SET HG1155Q",549,3,4,-1,-549,26-APR-026,JUDE,182
90421,"WC NET GEL CRYSTAL NEW PINK FLOWERS  750ML  12",53.99,11,13,-2,-107.98,26-APR-026,EMMANUEL,96
108984,"FESTIVA SWEET CONDENSED MILK 1LTS  24",39.99,19,19,0,0,26-APR-026,"EMMANUEL HANSON",85
121315,"VARTA BATTERY LONGLIFE POWER AAA BLISTER 2",36,33,52,-19,-684,26-APR-026,"ARTHUR JONADAB",11
124543,"BLANKET JAQUARD VELVET 200X220CM ASTD",259,9,9,0,0,26-APR-026,AKAYIRI,192
133973,"STATIONERY SET CLAMSHELL 5PCS KL11469",32.9,5,6,-1,-32.9,26-APR-026,GLADYS,159
180250,"BO16 HAIR MIST ASSORTED 125ML   6",42.99,7,14,-7,-300.93,26-APR-026,"ANANE KOJO",6
27876,"COLOUR VIDEO DOORPHONE15M WIRE G3172591",1999,3,3,0,0,26-APR-026,BOFFOUR,148
204558,"MARILAN BISC AGUA E SAL 140G  40",8.29,35,35,0,0,26-APR-026,CHARLES,46
CL768,"CRISPER CONTAINER RND 700ML 12CMX10CM",4.9,22,44,-22,-107.8,26-APR-026,SOMUAH,274
144972,"DZIRE HIFI SPEAKER 15D 150W RECH HIFI15DRA1502K",3499,1,2,-1,-3499,26-APR-026,AMADU,150
150395,"CURTAIN W8 GROMENT BURGUNDY 54X90 JQ030",119,1,6,-5,-595,26-APR-026,"KINGSLEY OP",194
163083,"CURTAIN JACQUARD 54X90CREAM LLJ2",169,1,2,-1,-169,26-APR-026,MAJEED,201
158100,"BASKET PERFORATED 2600ML 24X14X7CM PP63800",12.9,26,27,-1,-12.9,26-APR-026,SOMUAH,273
32099,"EVERPACK TRASH BAG SMALL 10L  12",20.99,0,11,-11,-230.89,26-APR-026,ELEMAWUSI,39
74494,"MENS RAINCOAT",75,6,95,-89,-6675,26-APR-026,NYARKO,173
70753,"OKF STANDARD ALOE  ORIGINAL DRINK  15L  12",46.99,13,13,0,0,26-APR-026,SOLOMON,63
108129,"CURTAIN 52X84  W8GROMMET J2020832",139,8,8,0,0,26-APR-026,MAJEED,201
126680,"WALL CLOCK SAKURA 305X305X46 2949",75,2,9,-7,-525,26-APR-026,"ARTHUR JONADAB",11
123432,"BOX STACKING NOVALINE 260X160X140MM 03010103",19.9,7,7,0,0,26-APR-026,SOMUAH,273
156337,"NASCO MICROWAVE 25L GRILL EG925EFF",1799,1,1,0,0,26-APR-026,GLADYS,158
153651,"BEDSHEET SET 3PCS GREY FPANAMAQ3 H101802",199,3,3,0,0,26-APR-026,"KINGSLEY OP",195
180227,"PRINCESS HAND SOAP ANTIBACTERIAL ROSE 500ML  4",22.99,24,29,-5,-114.95,26-APR-026,EMMANUEL,98
CL584,"PEDAL BIN OVAL 11LTR 30CMX24CMX34CM",44.9,18,70,-52,-2334.8,26-APR-026,VICTORIA,282
125284,"DZIRE TV BRACKET FULL MOTION 2650 TB2650FU43P",189,1,1,0,0,26-APR-026,HAYFORD,155
148689,"DRY FLOWER SET 120130G",75,22,20,2,150,26-APR-026,QUEENCILLA,257
164643,"DINNER SET ESSENCE WHITE 19PCS SET DXB N1190",299,1,2,-1,-299,26-APR-026,BOFFOUR,329
168009,"FILLED CUSHION P VELVET 45X45CMBROWN DC242",119,12,15,-3,-357,26-APR-026,JUDE,181
201905,"THE GAME ENERGY BASED  DRINK 350ML 16",3.29,20,36,-16,-52.64,26-APR-026,GIDEON,57
198225,"DUSTBIN SQ 12 LITRES WITH LEGS PLASTIC YWU",129,6,12,-6,-774,26-APR-026,"NANA KOJO",252
95405,"FANTA COCKTAIL PET 300ML 12",6.49,34,157,-123,-798.27,26-APR-026,SOLOMON,62
127680,"GEISHA BLACK SOAP 180G  36",17.99,21,23,-2,-35.98,26-APR-026,EMMANUEL,99
12699,"EVERPACK PICNIC TABLE NAPKIN   15",6.59,13,16,-3,-19.77,26-APR-026,MAHAMA,90
151399,"IRISH SPRING BAR ORIGINAL 127G 20",19.99,2,3,-1,-19.99,26-APR-026,EMMANUEL,99
164408,"WATER BOTTLE INSULATED 069 KOOL RIDER",34.9,2,2,0,0,26-APR-026,WISE,295
168132,"MATTRESS PROTECT WP PJERSEY 180X200CM 117015P180",159,5,9,-4,-636,26-APR-026,AKAYIRI,191
187806,"SIMULATED PLANT PLASTIC 11M",299,1,3,-2,-598,26-APR-026,NYARKO,171
194361,"AKAI SOUND BAR WIRELESS SUBWOOFER 180W SB006A008",1899,1,1,0,0,26-APR-026,HAYFORD,157
198433,"WATER BOTTLE 800ML PLASTIC FROSTED Y607 YWU",59,1,9,-8,-472,26-APR-026,WISE,296
D997,"MALTA GUINNESS CAN 330ML 24",12.99,120,230,-110,-1428.9,26-APR-026,CHARLES,50
95659,"AMALFI  HAND SOAP BERRIES  500ML  12",25.99,8,8,0,0,26-APR-026,EMMANUEL,98
107408,"CUVEE BELLE GROVE RED WINE 750ML 6",67.99,2,2,0,0,26-APR-026,CHARLES,48
140586,"DISPENSER BEVERAGE WSTAND 4500ML PLASTIC BSF00928",99,14,14,0,0,26-APR-026,QUEENCILLA,255
178687,"CURTAIN EMBO GROMT BLACK 52X90 02PA7149E",99,8,8,0,0,26-APR-026,MAJEED,201
187055,"BATHROOM 4PCS SET PLASTIC YWU",219,-12,12,-24,-5256,26-APR-026,"MORGAN ONGOH",216
185373,"3PCS BEDSHEET SET Q 230X250CM PRINT ASS 03BT1028",99,18,19,-1,-99,26-APR-026,"KINGSLEY OP",195
191540,"4PCS BEDSHEET SET SG 150X230CM  WHITE",149,1,1,0,0,26-APR-026,"KINGSLEY OP",196
198233,"TOILET BRUSH WSTAND BLKWHT SSTEEL PLASTIC YWU",44.9,11,11,0,0,26-APR-026,ODAI,225
197397,"LG LED TV 50 SMART UHD 4K 50UA85006LA",11099,1,1,0,0,26-APR-026,HAYFORD,156
195499,"DZIRE HOME THEATRE 31CH 60W HT313S237",799,1,1,0,0,26-APR-026,HAYFORD,157
66899,"LIMPOL CRYSTAL DISHWASHING LIQUID 500ML  24",11.99,29,19,10,119.9,26-APR-026,"BRIGHT NKANSAH",36
90629,"CURTAIN ROD EXTANDABLE SIZE 110210CM 11062210MB",75,8,9,-1,-75,26-APR-026,"NANA KOJO",250
94193,"CUP WSWIRL LID AND STRAW KIDS PLASTIC 42215801 YWU",9.9,12,13,-1,-9.9,26-APR-026,WILLIAM,291
108989,"PLATINUM JASMINE VIETNAMESE RICE 45KG  5",84.99,45,62,-17,-1444.83,26-APR-026,DORIS,73
164084,"DIVIDED CONTAINER AIRTIGHT PLASTIC 161575012",34.9,5,5,0,0,26-APR-026,SOMUAH,274
161470,"CURTAIN 54X90  GREEN",129,11,12,-1,-129,26-APR-026,AKAYIRI,190
17636,"ORIGINAL CHOICE DELUXE VSOP BRANDY  750ML 12",54.99,2,4,-2,-109.98,26-APR-026,"CHARLES A",51
187056,"SWING BIN 12L YELLOW DUCK PLASTIC 2868",69,3,3,0,0,26-APR-026,"NANA KOJO",250
60951,"BINATONE RICE COOKER 22L RCSG220322042205",729,3,4,-1,-729,26-APR-026,GLADYS,158
50144,"YUMVITA INFANT CEREAL MAIZE  WHEAT 50G 80",6.29,70,71,-1,-6.29,26-APR-026,FRANKLIN,141
I007,"LINOLEUM PVC FOAM THCK 12MM X 70 X 30YDS BC",26.9,113,89.1,24,645.6,26-APR-026,PRINCE,240
CL678,"PET JAR ROUND 2000ML 115CMX18CM",5.9,40,47,-7,-41.3,26-APR-026,"WILFRED OSEI",289
161135,"FILLED CUSHION JAQUARD 45X45CM BLUE DC2361",119,10,11,-1,-119,26-APR-026,"JOSEPH PATRICK",175
159789,"DIARY 100SHEET 145X21 80G 3425",34.9,5,5,0,0,26-APR-026,GLADYS,159
179184,"SILICON SPLASH FLYER 18CM ASST COL OPP YW",15.9,37,37,0,0,26-APR-026,ROBIN,264
186898,"BATH MAT 33X62CM 336043 18806794166",30.9,16,16,0,0,26-APR-026,PHILEMON,238
67737,"MALTA GUINNESS PET 330ML  12",11.49,179,192,-13,-149.37,26-APR-026,GIDEON,58
64711,"SUNRISE CREEK RED DRY WINE  11 VOL  750ML",74.99,15,29,-14,-1049.86,26-APR-026,CHARLES,47
94240,"MADAR ZONE BLEACH 1L  12",18.99,5,4,1,18.99,26-APR-026,GEORGE,112
100696,"FLOOR LAMP ADJUSTABLE WSPRINGS",479,4,5,-1,-479,26-APR-026,AMADU,WH
128901,"NASCO AC SPLIT 15HP MIRROR NASM12N1MIRROR",3699,1,2,-1,-3699,26-APR-026,AMADU,WH
127067,"AKAI STEAM IRON 2200W CERAMIC EI049A281",299,5,5,0,0,26-APR-026,GLADYS,158
138932,"GEISHA GERMIG NEEM  BASIL V1 180G 36",14.99,19,21,-2,-29.98,26-APR-026,EMMANUEL,99
150422,"CURTAIN W8 GROMENT GOLD 54X90 BLK6",109,10,13,-3,-327,26-APR-026,MAJEED,200
169501,"CUSHION EMBROIDERY 380G FILLING 45X45CM EHAMK007",149,6,12,-6,-894,26-APR-026,"MICHAEL BOYE",210
181625,"MIDEA AC SPLIT 15HP INVERTER MSAF12CRDN1",7649,2,3,-1,-7649,26-APR-026,AMADU,WH
178463,"BATH SCRUBBER 2PCS SET 75G PLASTIC FIBRE YWU",32.9,18,33,-15,-493.5,26-APR-026,"NANA ADJEI",222
187383,"WESTINGHOUSE TUMBLER DOUBLE WALL SS 40OZ WCBL0064",179,1,1,0,0,26-APR-026,WILLIAM,292
197342,"NASCO FRIDGE DD 102L NASF212FLB",2469,1,2,-1,-2469,26-APR-026,AMADU,150
85565,"WHITE BLUE PREMIUM WHISKY WITH MONOCARTON 750ML 12",99.99,12,12,0,0,26-APR-026,"CHARLES A",51
162448,"COFFEE TABLE GLASS TOP 900X500MM WHITE LCT002T1",949,1,2,-1,-949,26-APR-026,FRANCIS,"ZONE 367"
157687,"DUSTBIN MATT SWING SLR 5L 19X19Xh30CM PP50605",59,13,12,1,59,26-APR-026,"NANA KOJO",251
187522,"PROMESS FLAVOURED DRINK VANILLA 500ML 12",16.99,0,4,-4,-67.96,26-APR-026,AMESU,72
186983,"PARTY CANDLES NO09 MIX",5.9,15,15,0,0,26-APR-026,SARAH,270
190610,"BIRTHDAY CANDLE 6PCS",5.9,12,12,0,0,26-APR-026,SARAH,270
X938,"EVEN  HALF CREAM UHT MILK 1L 12",53.99,16,17,-1,-53.99,26-APR-026,DORIS,71
100812,"LA SALUD ORIGINAL BLUE  DETERGENT 4L  4",139.99,2,2,0,0,26-APR-026,GEORGE,110
107874,"LAUNDRY BASKET WWHEELS PLASTIC 14221422WLPB",219,3,3,0,0,26-APR-026,VICTORIA,283
114228,"BLING CITRUS KITCHEN CLEANER 5L  4",79.49,3,3,0,0,26-APR-026,"BENEDICT ABBEY",25
154743,"VILEDA SPRAY MOP 168024",549,3,3,0,0,26-APR-026,NYARKO,172
168593,"METAL SINGLE HANGER WADJUSTMENT UR3378",29.9,43,43,0,0,26-APR-026,"MORGAN ONGOH",216
169527,"SEARA SMOKED CHICKEN SAUSAGE 375G 28",23.99,112,130,-18,-431.82,26-APR-026,"ELVIS ",76
187073,"SERVING TRAY 36X25X4CM ACRYLIC  2095",34.9,13,13,0,0,26-APR-026,ESTHER,308
45389,"BK GARCIA RED WINE TETRA PACK 11 1L 12",44.99,2,2,0,0,26-APR-026,CHARLES,50
29511,"SERVING TRAY MELAMINE 15 INCHES ZHN 3101115",27.9,0,20,-20,-558,26-APR-026,ESTHER,306
96649,"LED BULB 30W B22 ORI",22.9,6,6,0,0,26-APR-026,BOFFOUR,148
95111,"FRUTAIL RED GRAPE NECTAR 1L  12",34.99,30,53,-23,-804.77,26-APR-026,SOLOMON,64
98492,"AMALFI SHOWER GEL BLUEBERRY 750ML  16",29.99,8,11,-3,-89.97,26-APR-026,EVELYN,102
08765,"COUNTRE MILK STRAWBERRY 500ML 18",35.99,2,2,0,0,26-APR-026,GILBERT,162
109569,"GIFT SET WPLATEBOWLSPOONFORKTRAY P510",16.9,6,7,-1,-16.9,26-APR-026,"PRINCE AGYEI",247
129588,"FARAGELLO GOLD ORANGE NECTAR TETRAPACK 250ML  27",7.99,27,27,0,0,26-APR-026,SOLOMON,61
157172,"LIDO WASHING POWDER BUCKET 3KG  1",121.99,2,2,0,0,26-APR-026,EMMANUEL,94
172702,"SAIRO SHOWER GEL COCONUT 1250ML  10",56.99,5,5,0,0,26-APR-026,EVELYN,102
179192,"DUCT TAPE 48CMX20Y YW",22.9,5,5,0,0,26-APR-026,BOFFOUR,148
190730,"MANICURE 3PCS SET YWU",12.9,4,3,1,12.9,26-APR-026,"ANANE KOJO",5
49143,"MONIN VANILLA SIROP 1L 6",181.99,6,6,0,0,26-APR-026,CHARLES,48
A913,"JOHNNIE WALKER RED LABEL WHISKY  1L 12",399.99,2,22,-20,-7999.8,26-APR-026,GILBERT,162
104377,"DESTELLO FLOOR CLEANER LAVENDAR 1500ML  12",33.49,4,4,0,0,26-APR-026,"BENEDICT ABBEY",24
105642,"MR SUCCESS BROWN SUGAR BOTTLE 800G 12",33.99,11,11,0,0,26-APR-026,"EMMANUEL HANSON","85 TO 89"
106927,"DESTELLO WC  CLEANING GEL PINE  FRESHNESS 750ML 16",32.99,3,3,0,0,26-APR-026,EMMANUEL,96
164599,"TOWEL HOLDER METAL ORSA 902",44.9,9,10,-1,-44.9,26-APR-026,"MORGAN ONGOH",216
187405,"WESTINGHOUSE FOOT SPA WHFS516",219,1,3,-2,-438,26-APR-026,HAYFORD,157
184779,"WOK CAST IRON 36CM",619,1,1,0,0,26-APR-026,HERBERT,316
196274,"SAMSUNG LED TV 32 SAT SMART UA32H5000",3989,2,3,-1,-3989,26-APR-026,AMADU,WH
97280,"BADIA PIMIENTA ROJA CAYENNE PEPPER 4536G 6",184.99,11,11,0,0,26-APR-026,BARBARA,127
94164,"SATNAM PERFUMED INSECT REPELLANT STRAWBERY 140GM",18.99,38,40,-2,-37.98,26-APR-026,EZEKIEL,106
100898,"FRUTAIL MANGO NECTAR JUICE 1L  12",34.99,7,31,-24,-839.76,26-APR-026,SOLOMON,64
105473,"WETTOL LIQUID ANTISEPTIC 500ML  12",28.49,3,1,2,56.98,26-APR-026,EMMANUEL,95
113048,"KENWOOD STEAM IRON 2100W CERAMIC STP50000WO",479,2,2,0,0,26-APR-026,GLADYS,158
156827,"6PCS COMFORTER SET KG 240X250CM WHITE",579,2,5,-3,-1737,26-APR-026,JUDE,180
151817,"BINATONE STANDING FAN 16 65W A1612RC",1119,1,2,-1,-1119,26-APR-026,BOFFOUR,148
186917,"BATHMAT 50X80CM D4 CT ASTD 4COLORS JBT52204",49,15,15,0,0,26-APR-026,"PAUL OWUSU",233
205582,"SIGMA LED TV 55 SAT SMART UHD STVKU55V6S",4799,1,2,-1,-4799,26-APR-026,HAYFORD,156
103888,"BLING MULTIPURPOSE LIQUID CLEANER LEMON 5L  4",79.99,3,7,-4,-319.96,26-APR-026,GEORGE,110
126658,"LA SALUD REGULAR BLEACH 5L 3",77.49,5,1,4,309.96,26-APR-026,GEORGE,110
134093,"PRIVATE SUPER  POCKET ECO 18X6",29.99,3,3,0,0,26-APR-026,ELEMAWUSI,38
148623,"HOOKS 5UNITS OVER THE DOOR SSTEEL YWU",29.9,1,1,0,0,26-APR-026,"NANA ADJEI",219
155859,"CUP WSTRAW 450ML PLASTIC L00900",12.9,7,9,-2,-25.8,26-APR-026,WILLIAM,291
154718,"VILEDA CLOTH 31 SPONGY 169545",42.9,3,1,2,85.8,26-APR-026,"WILFRED OSEI",290
153115,"SERVING TRAY MELAMINE 16 INCHES ZHN A31016",29.9,0,22,-22,-657.8,26-APR-026,ESTHER,306
187025,"RAINBOW CONTAINER 4PCS SET RND PLASTIC RY17885 YWU",44.9,15,15,0,0,26-APR-026,SOMUAH,276
193288,"KIDS TOY CAR REMOTE CONTROL OPP HCL",27.9,2,2,0,0,26-APR-026,ROBIN,264
74491,"EVA RAINCOAT C1030",27.9,4,81,-77,-2148.3,26-APR-026,NYARKO,173
14655,"SABA DETERGENT POWDER 800G 10",27.99,13,23,-10,-279.9,26-APR-026,GEORGE,113
162857,"CURTAIN JACQUARD 54X90 BLACK 269",199,11,13,-2,-398,26-APR-026,ADDO,205
164302,"DECAKILA RICE COOKER 28L 900W KEER035W",499,1,4,-3,-1497,26-APR-026,HAYFORD,157
179911,"WALL CLOCK 402X402X48 1663E",129,6,7,-1,-129,26-APR-026,"ARTHUR JONADAB",11
42961,"KOTEX MAXI SANITARY PAD SUPER16",59.99,8,8,0,0,26-APR-026,ELEMAWUSI,38
76979,"ELLEVIRE MARQUIS UNSALTED 80 FAT 200GX20",34.99,34,33,1,34.99,26-APR-026,APPIAH,80
91456,"DON SIMON MANGO JUICE DRINK 500ML 12",24.99,11,15,-4,-99.96,26-APR-026,DORA,65
90683,"ODEX BLEACH YELLOW 1200ML  12",27.99,15,16,-1,-27.99,26-APR-026,GEORGE,112
104619,"TOILET BRUSH WSTAND 485X13CM  PLASTIC SSTEEL YWU",16.9,5,6,-1,-16.9,26-APR-026,ODAI,226
104996,"PLAY SET DOCTOR BABY SET MKL069539",49.99,12,38,-26,-1299.74,26-APR-026,ROBIN,264
111615,"ONE MORE PURE CRAFT VODKAACL 428VV 750ML 12",99.99,12,12,0,0,26-APR-026,CHARLES,50
126808,"JUVER DISFRUTA  APPLE MANZANA  200ML 30",7.99,30,30,0,0,26-APR-026,SOLOMON,61
169352,"PENCIL CASE SWEET DREAM",26.9,24,24,0,0,26-APR-026,"ARTHUR JONADAB",11
168056,"FILLED CUSHION P VELVET 45X45CMLT BROWN DC248",129,9,12,-3,-387,26-APR-026,"JOSEPH PATRICK",177
185419,"CURTAIN BKT GROM BURG 2P 54X90 02PA7216E",199,3,15,-12,-2388,26-APR-026,"PRINCE AGYEI",245
35954,"MAXIM NEW LIQUID SOAP  45L  5",66.99,3,2,1,66.99,26-APR-026,GEORGE,111
78010,"FANICE CUP STRAWBERRY 140ML 12",7.49,32,29,3,22.47,26-APR-026,ELVIS,77
53709,"PLATINUM CORNED BEEF 340G X 24",44.99,298,348,-50,-2249.5,26-APR-026,"GIDEON GBLOGAH",122
64032,"LEEMEX PLANTAIN FUFU FLOUR 700GMS 24",63.99,23,24,-1,-63.99,26-APR-026,CLAUDIA,115
CL585,"MOP BUCKET ROUND 13LTR 33CMX30CMX30CM",39.9,11,14,-3,-119.7,26-APR-026,VICTORIA,282
131034,"DOMS MODELING CLAY 24SHADES 300GMS 8462",59,5,5,0,0,26-APR-026,ATITOGO,15
161073,"AKAI CHEST FREEZER SD 145L CF046AC145W",2849,1,3,-2,-5698,26-APR-026,AMADU,148
176430,"KIDS PISTOL TOY WRING CUP",28.99,27,67,-40,-1159.6,26-APR-026,REGINA,560
189108,"GLOBE MAGNETIC LEVITATING WLIGHT C3",399,1,2,-1,-399,26-APR-026,GLADYS,161
201901,"PEEVA COLA CARBONATED SOFT DRINK 350ML 20",2.79,2,32,-30,-83.7,26-APR-026,GILBERT,162
25057,"LELE CHUNKS LIGHT MEAT TUNA 160G 24",24.99,17,31,-14,-349.86,26-APR-026,CHARITY,42
111630,"CARSUN CAR AIR PUMP WIRED C5EX0505",329,2,2,0,0,26-APR-026,BOFFOUR,148
112573,"BATHMAT COTTON 40X60CM GREEN ASSORTED",49.9,57,164,-107,-5339.3,26-APR-026,"PAUL OWUSU",233
152211,"CLAPPERS BABY WET WIPES 120PCS DERIA RED 12",25.99,10,10,0,0,26-APR-026,"BRIGHT NKANSAH",34
161339,"FOUNTAIN 365X365X80CM 2220036",2399,1,1,0,0,26-APR-026,NYARKO,171
172969,"ARIEL HIGH STUD DOWNY 1KG  12",79.99,12,12,0,0,26-APR-026,GEORGE,113
192322,"BROOM  DUSTPAN SET FOLDABLE K20004",79,6,6,0,0,26-APR-026,VICTORIA,282
85698,"AKAI LED LIGHT RECHARGEABLE LS024A1032LS030A",259,2,2,0,0,26-APR-026,HAYFORD,155
82060,"RIGHT GUARD  TOTAL DFENCE ORIGINAL 250ML 6",38.99,3,3,0,0,26-APR-026,"ANANE KOJO",5
104207,"DUSTBIN WPEDAL 40L PLASTIC M1056",209,3,3,0,0,26-APR-026,"PAUL OWUSU",231
115914,"PULL STRAP",79,12,12,0,0,26-APR-026,SARAH,270
126226,"AIRPRO  TOILET RIM BLOCK LAVENDER 50G  72",24.99,23,72,-49,-1224.51,26-APR-026,AKORFA,30
145415,"ARTIFICIAL PLANT 4 STICK 14 LEAF 155M BSY063",599,1,1,0,0,26-APR-026,NYARKO,170
166369,"COLANDER WSIDE HANDLES 285CM SSTEEL XY2307",39.9,15,15,0,0,26-APR-026,AMA,311
192967,"CHOPPING BOARD SSTEEL ZHN C101",89,20,20,0,0,26-APR-026,HAYFORD,320
192543,"FLAT FLOOR DUST MOP 90CM DRS08",349,2,13,-11,-3839,26-APR-026,NYARKO,172
204410,"MCPHILIX PLANTAIN CHIPS UNRIPENED 40G  40",5.99,9,10,-1,-5.99,26-APR-026,CHARLES,46
68582,"OPTIMA CABLE MICROPHONE 36M OPXLRFEMXLR36",49,3,3,0,0,26-APR-026,BOFFOUR,148
98474,"AMALFI  HAND SOAP  ICE CREAM  500ML  12",25.99,17,17,0,0,26-APR-026,EMMANUEL,98
116228,"CARSUN CAR AIR PUMPVACUUM CLEANER PORT C5EX0521",275,9,9,0,0,26-APR-026,BOFFOUR,148
126263,"FEGGY FISH SPRING ROLL 10PCS 450G 1",42.99,9,13,-4,-171.96,26-APR-026,APPIAH,80
122795,"BATHROOM CORNER SHELF 3 LAYER PLASTIC UR3077",59,5,5,0,0,26-APR-026,"MORGAN ONGOH",218
147092,"DOVE BATH GEL  SHEABUTTER 750ML  16",92.99,15,25,-10,-929.9,26-APR-026,EVELYN,102
14282,"CAMEL STANDARD LIQUID 125ML 48",16.99,76,76,0,0,26-APR-026,AKORFA,29
162640,"OCEAN CHEST FREEZER SD 150L CFOH 150 TG KS",3879,1,2,-1,-3879,26-APR-026,AMADU,148
179980,"CURTAIN YD PL GROMT BLUE 54X90 24EHM002",169,2,2,0,0,26-APR-026,"PRINCE AGYEI",245
66912,"MON BIJOU EASY IRONING PURITY TRIGGER 500ML  12",43.99,9,9,0,0,26-APR-026,AKORFA,31
106992,"AQUALIS LUXURY BATH SOAP GLYCERINE 300G   24",17.99,36,35,1,17.99,26-APR-026,EMMANUEL,99
121335,"VARTA BATTERY ALKALINE V23GA BLISTER 1",42,1,1,0,0,26-APR-026,AKUSHIKA,166
147699,"ENERGIZER BATTERY MAX AAABP1",13,11,12,-1,-13,26-APR-026,"ARTHUR JONADAB",11
155323,"CARPET FELT SQ YARD COFFEE DZ002SI02 CO",65,6,5,1,65,26-APR-026,PRINCE,240
150690,"AKAI WATER PUMP 2 HP WP002A100",949,1,2,-1,-949,26-APR-026,GILBERT,162
153216,"DEVA POWDER DETERGENT 3KG  1",129.99,3,3,0,0,26-APR-026,EMMANUEL,94
164144,"WATER BOTTLE PC MOOD 750ML STEEL 161670088",39.9,12,12,0,0,26-APR-026,WISE,296
162392,"CAN FANTA COCKTAIL  330ML 24",10.49,2,220,-218,-2286.82,26-APR-026,GILBERT,162
181537,"CURTAIN GROMMET TAUPE 54X90 02PA7174B",99,1,1,0,0,26-APR-026,"KINGSLEY OP",194
178280,"COOKING POT 28CM PALU BLY YWU",349,8,8,0,0,26-APR-026,HERBERT,316
192739,"CURTAIN SHEER LT GREY 54X90 PL Y2151",99,6,6,0,0,26-APR-026,"KINGSLEY OP",194
87058,"DESK PEN HOLDER ORGANIZER",24.99,4,18,-14,-349.86,26-APR-026,ATITOGO,15
D483,"INALCA BEEF PATE 400G  24",26.99,23,23,0,0,26-APR-026,ABIGAIL,124
92256,"KLEESOFT PERFUMED WASHING POWDER 850G   10",29.99,12,8,4,119.96,26-APR-026,GEORGE,113
101954,"BASKET LAUNDRY WMAT DESIGN PLAST JULIET 1421WLPB",149,12,12,0,0,26-APR-026,VICTORIA,283
130072,"GLASS MARKER GOLDPINK HEN PARTY ROSE 8P 9909894",29.9,5,6,-1,-29.9,26-APR-026,QUEENCILLA,257
162989,"CURTAIN JACQUARD 54X90 MINT J235",129,2,2,0,0,26-APR-026,MAJEED,200
159386,"AKAI CHEST FREEZER SD 99L WHITE CF073AC99L",3039,1,1,0,0,26-APR-026,AMADU,147
178480,"CURTAIN TIE BACK 2PCS SET 6COLOR MIX",47.9,1,3,-2,-95.8,26-APR-026,ADDO,206
182970,"FRYING PAN 28CM FALU ZHNBLY 8107628",159,5,5,0,0,26-APR-026,"WILFRED OSEI",287
26940,"HEINEKEN LAGER BEER BTL 330ML 24",29.99,2,10,-8,-239.92,26-APR-026,GILBERT,162
54507,"FANTA COCKTAIL PET 15L 6",23.99,7,7,0,0,26-APR-026,GIDEON,58
55535,"TOP CHOCO INTSTANT MIX CHOCOLATE DRINK JAR 500G  6",47.99,6,6,0,0,26-APR-026,ESINAM,144
D312,"COKE PET 15L 6",23.99,11,39,-28,-671.72,26-APR-026,GIDEON,58
95313,"3PCS COMFORTER SET 230X230CM WHITE",379,1,1,0,0,26-APR-026,AKAYIRI,191
08357,"VITAMILK CHAMP SOURCE OF PROTEIN TETRA PACK 125ML",5.59,40,41,-1,-5.59,26-APR-026,DORIS,72
100030,"NANAS RICE LONG GRAIN RICE 5 BROKENNESS 1KG 20",32.99,18,18,0,0,26-APR-026,ELEMAWUSI,41
103406,"AKAI MICROWAVE OVEN 23L GRILL MW064A823MSMW073A",1599,1,4,-3,-4797,26-APR-026,GLADYS,158
106993,"AQUALIS LUXURY BATH SOAP CARROT OIL 300G  24",17.99,16,20,-4,-71.96,26-APR-026,EMMANUEL,99
107899,"ELTRUT BEEF  VEGETABLES SPRING ROLL 8PCS 380G 1",50.99,1,1,0,0,26-APR-026,APPIAH,80
128146,"AKAI MICROWAVE OVEN 30L GRILL MW074A030MS",1999,1,1,0,0,26-APR-026,GLADYS,158
121312,"VARTA BATTERY LONGLIFE POWER AA BLISTER 4",56,27,75,-48,-2688,26-APR-026,"ARTHUR JONADAB",11
141776,"JAGERMEISTER 350ML 6",169.99,6,11,-5,-849.95,26-APR-026,CHARLES,47
144972,"DZIRE HIFI SPEAKER 15D 150W RECH HIFI15DRA1502K",3499,1,2,-1,-3499,26-APR-026,HAYFORD,157
168622,"NASCO WASHING MACHINE FL 6KG NASFLJ6KGS",4499,1,3,-2,-8998,26-APR-026,AMADU,151
181160,"FILLED CUSHION CHENILLE 45X45CM ASRTD",79,3,19,-16,-1264,26-APR-026,JUDE,180
182979,"FRYING PAN 24CM FALU ZHNBLY 106824",109,9,9,0,0,26-APR-026,"WILFRED OSEI",288
86443,"CELLO WATER BOTTLE PURO JUNIOR 600ML",39.9,1,1,0,0,26-APR-026,WISE,296
80323,"PHONE STAND",54,47,47,0,0,26-APR-026,BOFFOUR,148
109651,"DUSTBIN 70L WWHEELS HIPPO UP222W UP238W",99,2,2,0,0,26-APR-026,VICTORIA,282
126811,"JUVER DISFRUTA  PEACH 200ML 30",7.99,30,30,0,0,26-APR-026,SOLOMON,61
138174,"QUILT EMBOSSED PRINTED 260X240CM 03CO0381",199,10,10,0,0,26-APR-026,AKAYIRI,193
156788,"HAND TOWEL 50X90CM  ASTD FMHT",49.9,40,85,-45,-2245.5,26-APR-026,"MICHAEL BOYE",211
150687,"AKAI STANDING FAN 18 EF112A1808S",649,1,1,0,0,26-APR-026,BOFFOUR,148
151359,"CUSHION 500G FILLING ONE SIDE 43X43CM",129,8,18,-10,-1290,26-APR-026,JUDE,181
168132,"MATTRESS PROTECT WP PJERSEY 180X200CM 117015P180",159,5,9,-4,-636,26-APR-026,"KINGSLEY OP",195
16899,"PLATINUM MACKEREL IN TOMATO SAUCE 425G 24",22.99,40,344,-304,-6988.96,26-APR-026,ABIGAIL,124
185422,"CURTAIN BKT GROM GOLD 2P 54X90 02PA7213B",199,6,13,-7,-1393,26-APR-026,"PRINCE AGYEI",245
74247,"RASTA CHOCO MALT 500ML  12",6.79,11,11,0,0,26-APR-026,GIDEON,58
72672,"DEVA SOFTENER LAVENDER  4L  4",135.99,3,7,-4,-543.96,26-APR-026,AKORFA,31
S897,"CERES RED GRAPE JUICE 1L 12",44.99,14,70,-56,-2519.44,26-APR-026,GIDEON,59
98551,"GETTOL ANTISEPTIC LEMON 75ML  48",6.99,5,7,-2,-13.98,26-APR-026,AKORFA,29
105476,"KENWOOD BLENDER WMILL 15L 500W BLP15150BKWH",855,1,1,0,0,26-APR-026,HAYFORD,153
121986,"VISTA EXERCISE BOOKS A4 FLEXI NEW",30.99,25,25,0,0,26-APR-026,ELLA,21
167010,"AKAI WATER DISPENSER WFRIDGE WD031AR105",1799,1,1,0,0,26-APR-026,AMADU,147
167062,"NASCO FRIDGE SD 92L SILVER NASF1110FLB",1799,1,1,0,0,26-APR-026,AMADU,150
179924,"WALL CLOCK 305X30X42 ZC1207C",85,9,9,0,0,26-APR-026,"ARTHUR JONADAB",10
183312,"PICNIC SET 31PCS PLASTIC BG712",89,6,6,0,0,26-APR-026,SOMUAH,276
191417,"FORTUNE BREAD SPREAD 250G  24",14.49,22,22,0,0,26-APR-026,APPIAH,83
190735,"EYE LASH CLIP YWU",14.9,1,1,0,0,26-APR-026,"ANANE KOJO",5
49805,"DINNER PLATE MELAMINE 11 INCHES ZHN G38001115",26.9,22,22,0,0,26-APR-026,"ABIGAIL YEVUGAH",301
95409,"SPRITE ZERO PET 300ML 12",6.49,11,159,-148,-960.52,26-APR-026,SOLOMON,62
153668,"TOLSEN MEASURING TAPE 5MX25MM 36142",42.9,3,3,0,0,26-APR-026,BOFFOUR,148
150272,"CURTAIN W8 GROMENTS BLUE 54X90 BP031",159,7,7,0,0,26-APR-026,MAJEED,201
187939,"VASE GLASS 11X198CM",32.9,2,2,0,0,26-APR-026,REGINA,259
184387,"CLOTHES HANGER 5PCS SET 38CM PLASTIC XZ809 YWU",14.9,28,28,0,0,26-APR-026,PHILEMON,237
192930,"AKAI QLED TV 32 SMART LT3234T2S2QSMT",1999,5,6,-1,-1999,26-APR-026,AMADU,WH
190492,"OVAL BATHMAT WLATEX ASSORTED 40X60CM",26.9,7,7,0,0,26-APR-026,PHILEMON,238
189433,"AKAI WATER PUMP CONTROLLER 16A WPC001A31",399,1,1,0,0,26-APR-026,AMADU,150
190991,"3PCS BEDSHEET SET QN PR 230X230CM  ASTD",139,1,1,0,0,26-APR-026,"PRINCE AGYEI",245
200609,"NASCO WASHING MACHINE TL 7KG NAS07TLS",3399,1,2,-1,-3399,26-APR-026,AMADU,151
57739,"NEON MANGO VODKA  750ML  12",69.99,12,12,0,0,26-APR-026,CHARLES,50
105560,"MENTOS MINI ROLLS 20X10G  24",58.99,28,31,-3,-176.97,26-APR-026,AKUSHIKA,166
116647,"PRINCE VANILLA BISCUITS 130G  20",12.99,20,39,-19,-246.81,26-APR-026,QUARSHIE,137
137099,"BF BRIGHTENING VITC FACIAL TONIC 150ML 12",31.99,12,12,0,0,26-APR-026,"ANANE KOJO",5
161183,"KENWOOD CHEST FREEZER SD 212L CFR21000WH",4199,1,2,-1,-4199,26-APR-026,AMADU,148
167693,"LUNCH BOX INSULATED 2COMP SSTEEL D10798222K YWU",109,8,8,0,0,26-APR-026,"PRINCE AGYEI",247
180104,"DOVE BAR SOAP 90G MEN EXTRA FRESH 48",16.99,21,22,-1,-16.99,26-APR-026,EMMANUEL,99
184649,"BATHMAT COTTON 40X60CM",29.9,7,7,0,0,26-APR-026,"PAUL OWUSU",232
190498,"BORDER PRINT BATHMAT WLATEX ASSORTED 40X60CM",25.9,22,20,2,51.8,26-APR-026,"PAUL OWUSU",233
14818,"DEVA ALL PURPOSE CLEANER LIQUID LAVENDER 1000ML 12",30.99,20,20,0,0,26-APR-026,"BENEDICT ABBEY",25
162726,"STRESS BALL 65CM",5.99,24,26,-2,-11.98,26-APR-026,QUEENCILLA,257
185374,"3PCS BEDSHEET SET K 270X250CM PRINT ASS 03BT1029",119,15,32,-17,-2023,26-APR-026,"KINGSLEY OP",195
190684,"FLOOR MATS 40X60CM ASSORTED MYQ9 1915",37.9,6,6,0,0,26-APR-026,JUSTICE,188
188857,"BATHMAT 50X80CM BM244 LT GREEN CP",59,13,12,1,59,26-APR-026,"PAUL OWUSU",231
35646,"PRAN FROOTO MANGO JUICE 1000 ML 12",24.99,12,12,0,0,26-APR-026,SOLOMON,63
88257,"LA SALUD WC GEL CLEANER PINO 1L  12",35.99,7,7,0,0,26-APR-026,EMMANUEL,96
145811,"BELPAK MEGA KITCHEN TOWEL    6",41.99,4,10,-6,-251.94,26-APR-026,MAHAMA,91
153217,"DEVA ANTISEPTIC 250ML  12",27.99,10,10,0,0,26-APR-026,AKORFA,29
171975,"KIDS WATER GUN TOY 25CM MDM",24.9,14,7,7,174.3,26-APR-026,ROBIN,264
168090,"FILLED CUSHION P EMBD 30X50CMHERRINGBONE DC252",129,12,12,0,0,26-APR-026,"MICHAEL BOYE",211
186674,"FOOD STORAGE 4000ML PLASTIC RJK YH391A",59,6,6,0,0,26-APR-026,SOMUAH,276
186684,"NIVEA DEO SPRAY DRY COMFORT FEMALE 200ML 12",68.99,24,11,13,896.87,26-APR-026,"ANANE KOJO",5
92081,"MAGGI DEDEEDE CUBE 600G  24",63.99,13,13,0,0,26-APR-026,BARBARA,127
100414,"KAREES NATURAL WHITE SUGAR BOTTLE 800G 12",33.99,18,18,0,0,26-APR-026,"EMMANUEL HANSON","85 TO 89"
102955,"FRES LIQUID SOAP MARINE 350ML  24",17.99,2,9,-7,-125.93,26-APR-026,EMMANUEL,99
103781,"SAIRO SAVON LIQUID  HAND WASH STRAWBERRY 500ML 12",24.99,11,11,0,0,26-APR-026,EMMANUEL,98
104540,"FONTISSUE TOILET TISSUE 8 ROLLS  5",33.99,8,6,2,67.98,26-APR-026,MAHAMA,92
134321,"PRIVATE MAXI POCKET NIGHT ECO 16 X 6",30.49,5,5,0,0,26-APR-026,ELEMAWUSI,38
132055,"TOLSEN CONCRETE DRILL BIT 100X120MM 75511",9.9,17,17,0,0,26-APR-026,BOFFOUR,148
152127,"CORRECTION PEN",6.9,1,2,-1,-6.9,26-APR-026,AKUSHIKA,166
166553,"BASKET WHANDLE WHITEGRAY PN849",149,2,2,0,0,26-APR-026,SOMUAH,273
187658,"LED LIGHT 4PCS",69,2,2,0,0,26-APR-026,GLADYS,161
37659,"DEVA POWER BLEACH  5L 4",95.49,2,2,0,0,26-APR-026,EMMANUEL,95
36939,"JACK DANIELS TENNESSEE FIRE 70CL 6",469.99,2,10,-8,-3759.92,26-APR-026,GILBERT,167
77733,"FANYOGO MANGO  PASSION POUCH 180ML 20",5.99,75,74,1,5.99,26-APR-026,ELVIS,77
74971,"MEANNAN FINEST QUALITY PLANTAIN FUFU 750G 12",54.99,4,4,0,0,26-APR-026,CLAUDIA,115
08266,"MONIN LEMON TEA SIROP 700ML  6",159.99,6,6,0,0,26-APR-026,CHARLES,48
135328,"MADAR POWDER BUCKET 1KG 6",52.99,7,7,0,0,26-APR-026,EMMANUEL,94
146730,"BRUHM GAS COOKER 4B 50X50 BLACK BGC 5540IB",1799,1,1,0,0,26-APR-026,AMADU,147
161464,"CURTAIN EMBOSSED 54X90  GOLD",99,1,1,0,0,26-APR-026,"KINGSLEY OP",194
157697,"STORAGE BOX WLOCK CLEAR 3L 25X16X12CM PP64500",32.9,10,10,0,0,26-APR-026,"WILFRED OSEI",289
17900,"REXONA WOMEN MS BIORYTHM SPRAY 72H 200ML 12",42.99,34,40,-6,-257.94,26-APR-026,GIDEON,55
179014,"TOY DUMPER TRUCK TOY  OPP YW",21.9,31,32,-1,-21.9,26-APR-026,ROBIN,264
192943,"SQUEEZE SILICON TOYS 4COLOR HCL S9253",12.99,8,41,-33,-428.67,26-APR-026,NYARKO,170
69806,"SHINE FAMILY LUNCH NAPKIN 15PKX100PCS  15",9.99,6,10,-4,-39.96,26-APR-026,MAHAMA,91
100246,"BEDSHEET SET QUEENSIZE 125GSM 3PCS QBS76",159,8,26,-18,-2862,26-APR-026,AKAYIRI,192
119333,"KERRYGOLD BUTTER SALTED 200G  40",67.99,38,38,0,0,26-APR-026,APPIAH,80
112467,"LUNCH BOX PLASTIC RECT SLIM SMALL 437X3ML L3705X3M",29.9,1,1,0,0,26-APR-026,"PRINCE AGYEI",247
125290,"ORO WC GEL GREEN FRESH 750ML  8",34.99,3,3,0,0,26-APR-026,EMMANUEL,95
137268,"TOREN TOREN WAFERS COCONUT DEEP F CRISPY W 55G144",6.29,10,68,-58,-364.82,26-APR-026,SOLOMON,64
13203,"KONKORD IODIZED SALT 500G 50",4.49,150,88,62,278.38,26-APR-026,DORIS,73
156983,"BATH MAT IVORY 50X80CM BM239",69,12,10,2,138,26-APR-026,PHILEMON,238
168050,"FILLED CUSHION P VELVET 45X45CMBEIGE DC247",139,9,9,0,0,26-APR-026,"MICHAEL BOYE",211
186694,"RAINBOW CONTAINER 7PC SET SQUAR PLASTIC RJK 80167",49.9,50,51,-1,-49.9,26-APR-026,SOMUAH,275
185422,"CURTAIN BKT GROM GOLD 2P 54X90 02PA7213B",199,12,13,-1,-199,26-APR-026,JUSTICE,185
193436,"COLOUR YOUR OWN MANGA BOOKS 22X28CM",30.99,3,3,0,0,26-APR-026,ELLA,19
190662,"PUFFY BALL 17CM 240G 6PCS",44.99,8,14,-6,-269.94,26-APR-026,ROBIN,264
126653,"LA SALUD REGULAR BLEACH 2L 6",30.49,10,10,0,0,26-APR-026,GEORGE,110
125191,"TOLSEN ANGLE GRINDER 3000W 230V 79526",1579,1,1,0,0,26-APR-026,BOFFOUR,148
150593,"LINC PENTONIC BALL PEN AST 50 PC IN DISPENSR 07MM",3.9,900,900,0,0,26-APR-026,"ARTHUR JONADAB",11
153327,"BOARD GAMES CHESS",75,16,18,-2,-150,26-APR-026,ROBIN,264
198784,"LAUNDRY BASKET 19X23X16CM PLASTIC YWU",209,12,12,0,0,26-APR-026,ODAI,228
197650,"NASCO TV BRACKET 3242 LX3242",69,4,4,0,0,26-APR-026,HAYFORD,154
202554,"FROSTED GRILL PLATE 105 F01912M",12.9,30,60,-30,-387,26-APR-026,"ABIGAIL YEVUGAH",302
78009,"FANICE CUP CHOCOLATE 140ML 12",7.49,27,27,0,0,26-APR-026,ELVIS,77
98583,"FANICE STRAWBERRY ICE CREAM 250ML  12",13.99,32,31,1,13.99,26-APR-026,ELVIS,77
125188,"TOLSEN SCREWDRIVER BITS DOUBLE END 10PCS SET 20360",49,9,9,0,0,26-APR-026,BOFFOUR,148
134153,"MY FIRST ARABIC BOOKS 0",9.9,24,24,0,0,26-APR-026,ELLA,20
149369,"NASCO FRIDGE DD COMBI 136L NASD218FLG18FL",2849,1,2,-1,-2849,26-APR-026,AMADU,150
164548,"NERO BOVINO CARBONATED PET DRINK 350ML 20",3.19,2,65,-63,-200.97,26-APR-026,GILBERT,162
161156,"FILLED CUSHION VELVET 45X45CMBROWN DC231",69,4,11,-7,-483,26-APR-026,JUSTICE,186
168227,"BEDSHEET SET QN MICRO PEACH 3PCS 90GSM 03BT0796Q",89,8,15,-7,-623,26-APR-026,"KINGSLEY OP",196
168549,"HH RICH TEA CREAMS CHOCOLATE 32G  72",1.39,91,91,0,0,26-APR-026,QUARSHIE,138
182391,"FRYING PAN 28CM FALU ZHENAN BLY 8522 28",169,8,1,7,1183,26-APR-026,"WILFRED OSEI",288
179161,"POPIT ASSORTED DESIGN TOYS",24.9,3,4,-1,-24.9,26-APR-026,SARAH,270
178669,"CURTAIN JACQ GROMET GRAY 54X90 02PA7154B",129,7,1,6,774,26-APR-026,AKAYIRI,190
42963,"MAXIM LEAVE IN CONDITIONER 500ML  30",33.99,4,4,0,0,26-APR-026,"ANANE KOJO",6
205530,"NASCO LED TV 43 SAT SMART NASB43FBFLG",3499,1,4,-3,-10497,26-APR-026,HAYFORD,156
80162,"TISSUE HOLDER SUCTION R5080 RJK",79,14,14,0,0,26-APR-026,ODAI,225
07022,"YAZZ  TISSUE NAPKINS",6.99,11,42,-31,-216.69,26-APR-026,MAHAMA,90
114539,"DOOR STOPPER 2MM TRANSPARENT BG270",1.9,3,3,0,0,26-APR-026,"NANA ADJEI",219
179768,"SCRUB AND SOAP DISPENSER SET PLASTIC 1190",44.9,1,1,0,0,26-APR-026,ODAI,229
179978,"CURTAIN YD PL GROMT TAUPE 54X90 24EHM001",169,12,15,-3,-507,26-APR-026,JUSTICE,185
176643,"SAMSUNG GALAXY MOBILE A06 464GB",1439,2,2,0,0,26-APR-026,BOFFOUR,148
187662,"DOWN CHARM PILLOW 50X75CM 1200GM",219,7,12,-5,-1095,26-APR-026,"JOSEPH PATRICK",177
187937,"VASE GLASS 11X20CM",32.9,17,17,0,0,26-APR-026,REGINA,259
201661,"KERRYGOLD GOUDA CHEESE MILD  MELLOW SLICES 150G",45.99,16,16,0,0,26-APR-026,APPIAH,80
196747,"AKAI AIR FRYER 6L 1400W BLACK AF012A6001M",799,1,2,-1,-799,26-APR-026,HAYFORD,157
91878,"BINATONE MICROWAVE OVEN 25L 900W BLACK MWO2520",2455,1,1,0,0,26-APR-026,GLADYS,158
104201,"DUSTBIN SWING LID 22LT PLASTIC M420",99,4,4,0,0,26-APR-026,"NANA KOJO",250
109733,"SIEVE RIM 270X270X70MM SS SSV040 RJK",199,4,4,0,0,26-APR-026,AMA,311
120708,"WESTINGHOUSE ESPRESSO MAKER MOKA POT WCCF000206CSV",109,20,20,0,0,26-APR-026,WILLIAM,291
150398,"CURTAIN W8 GROMENT TAUPE 54X90 JQ030",119,12,12,0,0,26-APR-026,JUSTICE,185
188853,"BATHMAT 50X80CM BM102 NAVY BLUE CP",59,16,16,0,0,26-APR-026,"PAUL OWUSU",232
D999,"BINE BLEACH 05L 15",12.49,13,21,-8,-99.92,26-APR-026,GEORGE,112
102254,"BODYCOLOGY MIST TOASTED SUGAR 237ML  12",77.99,8,8,0,0,26-APR-026,"ANANE KOJO",5
146149,"TUMBLER WLIDSTRAW FLORAL 660ML PLASTIC 161348012",19.9,2,2,0,0,26-APR-026,WILLIAM,291
184654,"AKAI WATER DISPENSER WFRIDGE 3TAPS WD034A215R",1989,1,1,0,0,26-APR-026,AMADU,149
191734,"SAMSUNG GALAXY MOBILE A07 4GB 64GB",1559,1,1,0,0,26-APR-026,BOFFOUR,148
199887,"NASCO LED TV 43 SAT NASB43FBFL",2899,1,6,-5,-14495,26-APR-026,HAYFORD,156
200798,"FRYING PAN 22CM FALU ZHNBAROLY 2608G22",149,9,10,-1,-149,26-APR-026,HERBERT,316
198234,"DUSTBIN 24L RECHARGABLE BLKWHTPLASTIC 8648 YWU",399,5,12,-7,-2793,26-APR-026,"NANA KOJO",250
98592,"EVERYDAY PIG FEET NKWANDE 800G 20",47.99,7,6,1,47.99,26-APR-026,ELVIS,76
155137,"FLORA GIANTDISPOSABLE HANDKERCHIEF 10X30  30",15.99,13,17,-4,-63.96,26-APR-026,MAHAMA,90
162967,"CURTAIN JACQUARD 54X90 YELLOW LLJ5",169,8,8,0,0,26-APR-026,"PRINCE AGYEI",245
170080,"CONTAINER CLICK AND LOCK 550ML 304 17341",26.9,23,23,0,0,26-APR-026,"NANA KOJO",252
176162,"S4 COMFORTER SET KG 200X260CM KCS44",579,1,1,0,0,26-APR-026,AKAYIRI,191
191732,"SAMSUNG GALAXY MOBILE A07 6GB 128GB",2039,3,3,0,0,26-APR-026,BOFFOUR,148
76587,"BIRTHDAY CANDLE 09 YF019",1,68,65,3,3,26-APR-026,REGINA,260
98201,"NASCO FRIDGE DD 95L NASF212S",2249,1,1,0,0,26-APR-026,AMADU,150
126677,"WALL CLOCK SAKURA 305X305X43 3311Y",119,7,7,0,0,26-APR-026,"ARTHUR JONADAB",10
162524,"ABOVE DEO SPRAY TEENBOY 150ML 24",28.99,6,15,-9,-260.91,26-APR-026,"ANANE KOJO",5
168742,"CURTAIN P VELVET EMBOSSED 54X84 BEIGE 25YB7",159,4,1,3,477,26-APR-026,"KINGSLEY OP",194
178503,"BATH SCRUBBER BELT PLASTIC FIBRE YWU",12.9,2,2,0,0,26-APR-026,"NANA ADJEI",219
183355,"CLOTHES DRYING STAND 60X103CM 78807 YWU",119,8,8,0,0,26-APR-026,NYARKO,173
48384,"5 STAR VANDA COOL DRINK 350ML  16",2.89,53,63,-10,-28.9,26-APR-026,SOLOMON,61
97335,"WC NET CRYSTAL RIM BLOCK BLUE FRESH  12",44.99,6,5,1,44.99,26-APR-026,EMMANUEL,95
90601,"CURTAIN ROD SINGLE 120 TO 210 11009210AB",119,7,7,0,0,26-APR-026,PRINCE,241
119283,"DOMS PENCIL SET 12PCS A1 HEXAGONAL 3414",21.9,20,20,0,0,26-APR-026,"BENEDICT ABBEY",26
110738,"WAIST PA SYSTEM PORTABLE MINI  WUSBSD",359,6,14,-8,-2872,26-APR-026,AMADU,150
157672,"DIVINE GRACE  EDC 250ML  24",30.49,20,20,0,0,26-APR-026,"ANANE KOJO",6
181971,"JUG 1500ML MYQ9319",42.9,1,1,0,0,26-APR-026,WILLIAM,291
180461,"SAMSUNG LED TV 50 SAT SMART UHD UA50DU7010",11499,1,1,0,0,26-APR-026,HAYFORD,156
179735,"AKAI RICE COOKER DELUXE 18L 700W CK025A18LD",549,1,6,-5,-2745,26-APR-026,HAYFORD,157
194670,"INERTIA OFFROAD 4X4 CAR MKR200816 HCL O51033",99,8,8,0,0,26-APR-026,ROBIN,264
82055,"CASTILLO REAL TINTO WINE 1L  12",47.99,18,18,0,0,26-APR-026,CHARLES,50
50388,"CLE FABRIC SOFTENER 1000ML  10",24.99,13,13,0,0,26-APR-026,AKORFA,31
D718,"JAGO SWEETENED CONDENSED MILK 1KG 24",56.99,24,24,0,0,26-APR-026,APPIAH,84
141776,"JAGERMEISTER 350ML 6",169.99,5,11,-6,-1019.94,26-APR-026,GILBERT,167
162800,"CURTAIN JACQUARD 54X90 BLK TAUPE S1211",139,10,10,0,0,26-APR-026,MAJEED,200
158102,"BASKET PERFORATED 12L 35X26X13CM PP64000",29.9,22,22,0,0,26-APR-026,SOMUAH,273
168105,"FILLED CUSHION P JAQUARD 45X45CMPINK DC255",129,6,16,-10,-1290,26-APR-026,JUDE,180
179733,"AKAI RICE COOKER 18L 700W CK023A18LS",439,1,5,-4,-1756,26-APR-026,HAYFORD,157
187309,"CURTAIN ROD ANTIQ COPP 2BRAKET 120210CM M05210AC",129,9,9,0,0,26-APR-026,PRINCE,241
185378,"4PCS BEDSHEET SET K 270X250CM PRINT ASS 03BT1033",159,8,19,-11,-1749,26-APR-026,"KINGSLEY OP",196
22339,"YOMI YOGHURT VANILLA FLAVOUR 360ML 12",21,18,22,-4,-84,26-APR-026,GILBERT,167
67699,"ALUMINIUM CASSEROLE 26CM WGLASS LID MK6184",179,1,2,-1,-179,26-APR-026,HAYFORD,320
105969,"MUTLU SPAGHETTI 400G 20",9.49,12,14,-2,-18.98,26-APR-026,CLAUDIA,116
110776,"MEANNAN COATED PEANUTS 300G 12",32.99,1,1,0,0,26-APR-026,CHARLES,46
130227,"PHILIPS LED BULB SSW 860W B22 WH CDL 929001906369",75,1,1,0,0,26-APR-026,BOFFOUR,148
16330,"TALL HORSE MERLOT 75CL 6",84.99,3,3,0,0,26-APR-026,CHARLES,47
83961,"AKAI AVR 5KVA DIGITAL AVR048AD5KVA",1799,1,1,0,0,26-APR-026,GILBERT,162
CL602,"BASIN 9LTR 36CMX13CM",12.9,67,55,12,154.8,26-APR-026,VICTORIA,282
90633,"CURTAIN ROD EXTANDABLE SIZE 210300CM 11032300MB",95,1,9,-8,-760,26-APR-026,PRINCE,241
110663,"MEANNAN FINEST QUALITY GARI 2K 6",49.99,7,7,0,0,26-APR-026,"EMMANUEL HANSON",86
132061,"TOLSEN CENTRE CUTTINGOFF WHEEL 1153X222MM 76142",6.9,1,1,0,0,26-APR-026,BOFFOUR,148
14820,"DEVA WINDOW CLEANER 500ML 15 10801",21.99,8,7,1,21.99,26-APR-026,"BENEDICT ABBEY",26
150302,"CURTAIN W8 GROMENTS BLUE 54X90 BP032",159,2,2,0,0,26-APR-026,MAJEED,201
162829,"CURTAIN JACQUARD 54X90 BLUE 272",199,11,5,6,1194,26-APR-026,MAJEED,200
161131,"FILLED CUSHION JAQUARD 45X45CM GREY DC2361",119,1,7,-6,-714,26-APR-026,"JOSEPH PATRICK",175
178067,"BATHROOM SET 4PCS BLACKWHITEGRAY YWU",149,10,10,0,0,26-APR-026,"NANA ADJEI ",221
184022,"FANTA STRAWBERRY PET DRINK 15L 6",23.99,6,32,-26,-623.74,26-APR-026,GIDEON,58
D641,"PURE HEAVEN PINEAPPLECOCONUT JUICE 1L 8",35.99,11,11,0,0,26-APR-026,DORA,65
175392,"MUNCHEE CHOCO CRUNCH BISCUIT 26G  72",1.39,12,49,-37,-51.43,26-APR-026,QUARSHIE,137
92329,"COWBELL BANANA MILK 35G 120",5.99,23,23,0,0,26-APR-026,ESINAM,144
106882,"COFFEE TABLE  120X45X60CM MC22290002",1149,1,2,-1,-1149,26-APR-026,FRANCIS,"ZONE 367"
126155,"BRUSH  PP WC SET ROUND METALIC BEST FIGURED 124M",44.9,8,8,0,0,26-APR-026,ODAI,226
147104,"SHINE NITRILE GLOVES  BLUE XL 100PCS  10",77.99,10,10,0,0,26-APR-026,"BENEDICT ABBEY",24
169000,"NASCO FRIDGE DD 280L DISP NASF2320FLD",4399,1,1,0,0,26-APR-026,AMADU,150
70388,"SEARA CHICKEN NUGGETS 300G 35",42.99,48,49,-1,-42.99,26-APR-026,ELVIS,76
CL764,"CONTAINER 6PCS 700ML 1250ML 2000ML 3750 ML 6L 9L",89,4,4,0,0,26-APR-026,QUEENCILLA,255
99922,"WINDOW SHADE YE3 180X200 BROWN",549,3,3,0,0,26-APR-026,PRINCE,240
119235,"HURRICANE MEDIUM METAL  GLASS 120810",99,2,2,0,0,26-APR-026,REGINA,260
124085,"BROOM  DUSTPAN SET PLASTIC 1909988",89,4,3,1,89,26-APR-026,VICTORIA,282
134326,"FRESHDAYS LONG 18 X 12",20.99,13,13,0,0,26-APR-026,ELEMAWUSI,38
129718,"STORAGE RACK WWHEELS 3LAYER PLASTIC 6067 YWU",189,5,6,-1,-189,26-APR-026,"WILFRED OSEI",289
140164,"OFFICE CHAIR BLACKDARK BEIGE BIF3224",2390,2,2,0,0,26-APR-026,"FRANCIS ","ZONE 367"
168226,"BEDSHEET SET MICRO PEACH 2PCS 90GSM 03BT0795S",69,3,15,-12,-828,26-APR-026,"KINGSLEY OP",196
186814,"PIXEL ARTS COLOURING BOOK",10.9,7,7,0,0,26-APR-026,ELLA,21
23291,"TICTAC MINT 102G 60",6.99,48,71,-23,-160.77,26-APR-026,AKUSHIKA,166
74371,"LG HOME THEATRE DVD SYSTEM BT1000W42CHLHD675BG",6799,1,1,0,0,26-APR-026,HAYFORD,157
150735,"TCL AC SPLIT 15HP INVENTER MIRROR TAC12CSAXA82I",6799,1,1,0,0,26-APR-026,AMADU,WH
151591,"SOFT  GENTLE DEO  ORCHID DESIRE  250ML 6",43.49,7,7,0,0,26-APR-026,"ANANE KOJO",5
150401,"CURTAIN W8 GROMENT BLUE 54X90 JQ031",109,1,13,-12,-1308,26-APR-026,"PRINCE AGYEI",245
175047,"FOUR SPECIAL AMOR RED MOSCATO WINE 750ML 6",62.99,4,4,0,0,26-APR-026,CHARLES,47
179238,"WATER GUN 33CM ASSTD COLDESIGN YW",19.9,24,24,0,0,26-APR-026,SARAH,269
183422,"PHILIPS LED TRACK LIGHT 4000K WHITE COL  911401833",259,2,2,0,0,26-APR-026,HAYFORD,157
38044,"PARIDOX ALATA SAMINA BS GEL LEMON 450ML 20",41.99,3,25,-22,-923.78,26-APR-026,EMMANUEL,96
68484,"ALTAS CUMBRES VINO TINTO 750ML  6",66.99,12,12,0,0,26-APR-026,CHARLES,48
X888,"RED BULL REGULAR 250ML 24",27.99,1,31,-30,-839.7,26-APR-026,GILBERT,162
94236,"MADAR DETERGENT BAR BLUE 195G  36",8.29,33,47,-14,-116.06,26-APR-026,EMMANUEL,98
08007,"BB COCKTAIL DE FRUITS  330ML 24",13.49,1,154,-153,-2063.97,26-APR-026,APPIAH,80
134696,"MONEY BOX S261",28.9,11,12,-1,-28.9,26-APR-026,GLADYS,159
164615,"KITCHEN ORGAZINER RACK METAL 128",59,7,7,0,0,26-APR-026,AMA,311
159063,"TOOTH BRUSH HOLDER PP F1350 RJK",29.9,6,6,0,0,26-APR-026,ODAI,228
172024,"ADDMIE DRIED VEGETABLES WITH CHICKEN CHUNKS 16G 40",8.99,2,24,-22,-197.78,26-APR-026,CLAUDIA,117
168532,"MIRROR 2COLOR MIX 3PCS SET 52X29",99,2,2,0,0,26-APR-026,"MORGAN ONGOH",218
178213,"PARTY CUP  PLATE 30PCS SET 79INCH ASSTD COL YW",49,24,82,-58,-2842,26-APR-026,HERBERT,169
188628,"COFFEE TABLE 50X60CM ASRTD",429,1,1,0,0,26-APR-026,FRANCIS,"ZONE 367"
206708,"MIDEA GAS COOKER 4B 50X50 GRIL SLVR SP5055T082SGH",2099,1,2,-1,-2099,26-APR-026,AMADU,147
202625,"PLATE 145 S037145",29.9,15,15,0,0,26-APR-026,"ABIGAIL YEVUGAH",301
59753,"HANGING FILE  FC  W31SE",2.9,21,131,-110,-319,26-APR-026,ATITOGO,15
X452,"MILO ACTIGEN TIN 400G 12",57.99,22,183,-161,-9336.39,26-APR-026,ESINAM,145
147091,"DOVE BATH GEL CALMING 750ML  16",92.99,16,26,-10,-929.9,26-APR-026,EVELYN,102
25978,"UMBRELLA LADYS FOLDABLE",45.9,18,18,0,0,26-APR-026,SARAH,269
85700,"AKAI LED LIGHT RECHARGEABLE LS013RA1044LLS028A",229,7,7,0,0,26-APR-026,HAYFORD,154
107857,"MATA NATURAL HONEY 400G  12",44.99,6,18,-12,-539.88,26-APR-026,"EMMANUEL HANSON",85
148007,"PAINTING FLOWER WALUMINUM ALLOY FRAME 50X50CM",209,6,6,0,0,26-APR-026,NYARKO,170
166394,"FRYING PAN NON STICK 25MM 26CM ALU XY2325",149,10,11,-1,-149,26-APR-026,AMA,313
164247,"RUG COTTON POM POM 50X80CM RG4795",79,5,5,0,0,26-APR-026,"PAUL OWUSU",233
168085,"FILLED CUSHION P EMBD 30X50CMRAINBOW DC252",119,10,12,-2,-238,26-APR-026,"JOSEPH PATRICK",177
168228,"BEDSHEET SET KG MICRO PEACH 3PCS 90GSM 03BT0797K",99,15,27,-12,-1188,26-APR-026,"KINGSLEY OP",195
196674,"CERES APPLE 500ML 10",23.99,16,9,7,167.93,26-APR-026,GIDEON,59
115235,"STORAGE STOOL 35X43CM B36669 13968541999 YWU",399,1,2,-1,-399,26-APR-026,FELIX,"ZONE 367"
14715,"EASY MOUZOO COCKTAIL TETRAPACK   JUICE 1L 12",23.99,24,60,-36,-863.64,26-APR-026,DORA,65
145418,"ARTIFICIAL PLANT 18 STICK 18 LEAF 16M BSY109",779,3,3,0,0,26-APR-026,NYARKO,170
157673,"DIVINE GRACE  EDC 150ML  24",21.49,11,12,-1,-21.49,26-APR-026,"ANANE KOJO",6
192328,"SPONGE  SCOURER 4PCS SET F130035",6.9,8,15,-7,-48.3,26-APR-026,"WILFRED OSEI",289
195764,"WESTINGHOUSE TUMBLER STAINLESS STEEL WCBL0059",169,5,5,0,0,26-APR-026,WILLIAM,292
48890,"MRS BECTORS MALT N MILK  BISCUIT 35G   48",1.79,24,128,-104,-186.16,26-APR-026,QUARSHIE,137
65111,"EVP EASYTIE TRASH BAG BROWN LS 60L 15PCS  12",36.99,37,36,1,36.99,26-APR-026,ELEMAWUSI,38
156959,"BATH MAT ROYAL BLUE 50X80CM BM549",59,4,4,0,0,26-APR-026,"PAUL OWUSU",233
149364,"MONT NATURAL MINERAL WATER 500ML 15",1.99,9,223,-214,-425.86,26-APR-026,GILBERT,167
180241,"PRINCESS BAR SOAP MILK AND HONEY 125G  36",12.99,16,19,-3,-38.97,26-APR-026,EMMANUEL,99
178611,"NASCO WASHING MACHINE TT 15KG NAS15TW",3899,1,1,0,0,26-APR-026,AMADU,151
185409,"CURTAIN BKT GROM BEIG 2P 54X90 02PA7215A",189,9,17,-8,-1512,26-APR-026,"PRINCE AGYEI",245
147763,"DOMS NOTE BOOK A4 HARD BOUND DREAM 200PAGES 7899",31.9,2,2,0,0,26-APR-026,ELLA,21
159273,"STATIONERY SET  SCHOOL STATIONRY MEDIUM 8899",95,3,4,-1,-95,26-APR-026,ATITOGO,16
184363,"SOUP STRAINER WHANDLE 20CM SS 60910349",22.9,24,24,0,0,26-APR-026,AMA,311
192007,"TCL CHEST FREEZER SD 145L SILVER F188CFSL",3349,1,1,0,0,26-APR-026,AMADU,149
200816,"WOK 28CM FALU ZHNBAROLY 262728",169,9,9,0,0,26-APR-026,GLADYS,159
30632,"SANKOFA PLANTAIN CHIPS LIGHTLY SALTED 50G  25",14.99,16,41,-25,-374.75,26-APR-026,JONATHAN,131
87300,"BINATONE BLENDER 15L WSTIR STICK 350W BLK BLG 403",659,1,7,-6,-3954,26-APR-026,HAYFORD,153
99678,"CURTAIN SHOWER ROD SINGLE EXT  112",59,37,36,1,59,26-APR-026,ODAI,226
124710,"AYIKOO THE FAT ONE PAPER TOWEL 1X6",41.99,5,5,0,0,26-APR-026,MAHAMA,91
16331,"TALL HORSE SHIRAZ WINE 75CL 6",84.99,2,5,-3,-254.97,26-APR-026,CHARLES,47
161523,"CURTAIN FOILED 54X90 DK GREEN",129,12,12,0,0,26-APR-026,AKAYIRI,190
157684,"DUSTBIN MATT SWING BLUE 5L 19X19Xh30CM PP50604",49.9,1,1,0,0,26-APR-026,"NANA KOJO",251
187972,"JOJONAVISTRAWBERRY FRUIT CAN JUICE DRINK 330ML 24",13.49,12,16,-4,-53.96,26-APR-026,GIDEON,56
184371,"NERO ICE LEMON DRINK 350ML  12",5.99,17,30,-13,-77.87,26-APR-026,"CHARLES A",52
37539,"WC NET BLEACH GEL  LEMON 750ML 12",53.99,5,5,0,0,26-APR-026,EMMANUEL,96
22338,"YOMI YOGHURT STRAWBERRY FLAVOUR 360ML 12",21,13,17,-4,-84,26-APR-026,GILBERT,167
82710,"BRUT DEO SPRAY ATTRACTION 200ML  6",39.99,4,4,0,0,26-APR-026,"ANANE KOJO",5
100817,"LA SALUD COCONUT DETERGENT 4L  4",139.99,1,1,0,0,26-APR-026,GEORGE,110
108133,"CURTAIN 52X84  W8GROMMET J2020826",189,2,8,-6,-1134,26-APR-026,ADDO,206
154771,"ASEDA BROWN RICE 2KG 10",92.99,6,6,0,0,26-APR-026,ELEMAWUSI,41
164638,"COOKING POT WLID 20CM 29MM ALU PEDRINI 02PE1507 RK",199,4,5,-1,-199,26-APR-026,HAYFORD,320
98501,"AMALFI SHOWER GEL RELAX 750ML   16",29.99,20,24,-4,-119.96,26-APR-026,EVELYN,102
115562,"HP WIRED SPEAKER BLACK DHE6001",389,2,3,-1,-389,26-APR-026,BOFFOUR,148
124094,"CLEANING BRUSH 1909641",9.9,7,7,0,0,26-APR-026,"NANA ADJEI ",223
120459,"FRIDGE BOTTLE MY BOT 1000",29.9,5,5,0,0,26-APR-026,WISE,296
138798,"BUMBLE BABY POCKET WIPES 15PCS BABY SCENTED  288",4.29,73,79,-6,-25.74,26-APR-026,"BRIGHT NKANSAH",35
135435,"ZOOM THINK POWERFUL BLEACH 5L 4",84.49,2,2,0,0,26-APR-026,"BENEDICT ABBEY",24
136051,"ICE FACTORY THE PERFECT ICE CUBE LET PARTY 26KG 1",14.49,10,1,9,130.41,26-APR-026,GILBERT,162
168699,"CAMRY ELECTRONIC KITCHEN SCALE W2 BOWL EK332005 RK",109,9,10,-1,-109,26-APR-026,HAYFORD,154
190609,"BOYGIRL BALL",22.9,12,12,0,0,26-APR-026,SARAH,270
137739,"BREF WC BLOCK TRIO  POWERACTIVE PINE      9",104.99,4,4,0,0,26-APR-026,AKORFA,30
153230,"FABRIC SOFTNER MON BIJOU  PERFUME 5L  4",133.99,4,4,0,0,26-APR-026,"BENEDICT ABBEY",25
158718,"DOMS AQUA WATER COLOUR PEN 28SHADE 80106",35.9,1,1,0,0,26-APR-026,"BENEDICT ABBEY",26
169320,"AKAI HIFI SPEAKER 40W RECHAR WLMIC HT028A2614",1399,1,1,0,0,26-APR-026,HAYFORD,157
166913,"BASKET 415X52X418 PLASTIC 2158",99,5,5,0,0,26-APR-026,SYLVIA,279
94163,"SATNAM PERFUMED INSECT REPELLANT LEMON 1417GMS",18.99,12,13,-1,-18.99,26-APR-026,EZEKIEL,106
125262,"ROMAR FABRIC SOFTENER CONC FLORA 2L  6",81.99,6,6,0,0,26-APR-026,AKORFA,32
126668,"WALL CLOCK SAKURA 305X305X43 2940",75,5,5,0,0,26-APR-026,"ARTHUR JONADAB",10
162943,"CURTAIN JACQUARD 54X90 CREAM LLJ5",169,8,8,0,0,26-APR-026,"PRINCE AGYEI",245
162307,"BOTTLE OPENER SS WOOD HANDLE ILC MC73051 RJK",9.9,1,26,-25,-247.5,26-APR-026,NYARKO,170
161281,"CANVAS PAINTING BIG CATS 70X50CM PC233003",109,9,9,0,0,26-APR-026,NYARKO,172
198907,"CUTLERY TRAY CN250717C",99,2,18,-16,-1584,26-APR-026,QUEENCILLA,256
89802,"JIK BLEACH ORIGINAL 950ML   12",31.99,13,13,0,0,26-APR-026,GEORGE,112
116909,"PAINTING DESIGN 55X65CM41",249,15,15,0,0,26-APR-026,NYARKO,172
131042,"BREF WC BLOCK POWER ACTIVE LAVENDER DUO  10",65.99,4,3,1,65.99,26-APR-026,AKORFA,30
162789,"CURTAIN JACQUARD 54X90 SILVER S1223",139,12,12,0,0,26-APR-026,JUSTICE,185
32102,"EVERPACK ALUMINIUM FOIL 375FT  24",20.99,7,1,6,125.94,26-APR-026,ELEMAWUSI,40
69143,"VISTA TEACHERS NOTE BOOKS NP",22.99,12,11,1,22.99,26-APR-026,ELLA,",21"
135342,"MADAR GLASS CLEANER 750ML 12",21.99,24,25,-1,-21.99,26-APR-026,"BENEDICT ABBEY",25
137096,"BF BRIGHTENING VITC DAILY FACIAL WASH 150ML 12",31.99,8,8,0,0,26-APR-026,"ANANE KOJO",5
14826,"DEVA SOFTENER FLORAL 2L   6",85.49,9,9,0,0,26-APR-026,AKORFA,32
159232,"ICE FACTORY THE PERFECT ICE CUBE D CUP 250G 1",9.49,11,8,3,28.47,26-APR-026,GILBERT,162
168109,"FILLED CUSHION P JAQUARD 45X45CMTAUPE DC255",129,6,6,0,0,26-APR-026,JUSTICE,186
39778,"MYYO STRAWBERRY YOGHURT CEREALS 360ML  12",21,9,23,-14,-294,26-APR-026,GILBERT,167
65818,"WATER BOTTLE  600ML PLASTIC B12S8831 YWU",39.9,32,32,0,0,26-APR-026,WISE,296
D166,"SUNNY BROWN SUGAR BOTTLE 800G 12",38.99,22,36,-14,-545.86,26-APR-026,"EMMANUEL HANSON",85
98446,"SEARA FROZEN CHICKEN WHOLE WINGS 900G  12",69.99,19,18,1,69.99,26-APR-026,ELVIS,75
07208,"PRIMA LIQUID WASHING DETERGENT 45L 6",99.99,4,4,0,0,26-APR-026,GEORGE,110
121331,"VARTA BATTERY LITHIUM CR2016 BLISTER 1",30,18,18,0,0,26-APR-026,AKUSHIKA,166
158741,"CARPET 140X200CM  BEIGE GENK14X20M",699,1,2,-1,-699,26-APR-026,PRINCE,240
161819,"TABLE LAMP",229,6,7,-1,-229,26-APR-026,AMADU,WH
190723,"HOOK 6PCS SET METAL UTILITY YWU",8.9,36,211,-175,-1557.5,26-APR-026,ODAI,225
101961,"CONTAINER RECTANGULAR SET OF 6PCS PLASTIC 58066",69,21,21,0,0,26-APR-026,SOMUAH,275
117078,"VOLTPLUS MULTI ADAPTOR 13A WUSB SLOT VPAD13AU",79,8,8,0,0,26-APR-026,BOFFOUR,148
110738,"WAIST PA SYSTEM PORTABLE MINI  WUSBSD",359,7,14,-7,-2513,26-APR-026,HAYFORD,157
126681,"WALL CLOCK SAKURA 278X278X41 2951",65,7,7,0,0,26-APR-026,"ARTHUR JONADAB",10
161140,"FILLED CUSHION JAQUARD 45X45CM RUST  DC2361",119,11,11,0,0,26-APR-026,"JOSEPH PATRICK",175
162793,"WINDOW CURTAIN JACQUARD 54X90 CHARCOAL S1223",139,12,12,0,0,26-APR-026,JUSTICE,185
178670,"CURTAIN JACQ GROMET TAUP 54X90 02PA7154C",129,12,12,0,0,26-APR-026,JUSTICE,185
187058,"SERVING TRAY W 5BOX 26X26X8CM ACRYLIC 62414",119,13,13,0,0,26-APR-026,ESTHER,308
185189,"AKAI STANDING FAN 16 EF124A1639S",445,1,2,-1,-445,26-APR-026,BOFFOUR,148
48382,"5 STAR KOLAH COOL DRINK 350ML  16",2.89,28,78,-50,-144.5,26-APR-026,SOLOMON,61
81478,"DOLAIT STRAWBERRY YOGURT 125G 10",9.99,10,10,0,0,26-APR-026,GILBERT,167
81728,"DOVE SHEA BUTTER SOAP 4X90G 12",67.99,6,6,0,0,26-APR-026,EMMANUEL,99
51588,"TZEPAO SANPIEN JIU LIQUOR 500ML 24",85.99,24,24,0,0,26-APR-026,"CHARLES A",51
00364,"ZWAN CHICKEN COCKTAIL 120G 24",31.99,27,26,1,31.99,26-APR-026,"GIDEON GBLOGAH",123
03075,"TOLSEN DIGITAL MULTIMETER IEC61010 CAT II 38031",299,3,3,0,0,26-APR-026,BOFFOUR,148
116390,"OCEAN AVR 5K OCAVSS 4050 B Z",1939,1,4,-3,-5817,26-APR-026,GILBERT,162
125458,"WALL LAMP OUTDOOR 14X20X32CM BLCKGLASS ML213291W",299,1,2,-1,-299,26-APR-026,AMADU,WH
143032,"AKAI INSECT KILLER 2X20W IK005A2X20W",599,1,1,0,0,26-APR-026,HAYFORD,154
156675,"BATH SCRUBBER COTTON AND LINEN YWU",12.9,6,6,0,0,26-APR-026,"NANA ADJEI",222
162846,"CURTAIN JACQUARD 54X90 BLACK 270",199,17,16,1,199,26-APR-026,ADDO,205
164202,"MAZBIT TASTY TREATS ORIGINAL CAKE 60G  40",2.89,20,29,-9,-26.01,26-APR-026,QUARSHIE,137
161151,"FILLED CUSHION JAQUARD 45X45CMTAUPE DC236",179,6,17,-11,-1969,26-APR-026,JUDE,182
178155,"PICTURE WFRAME 50X50CM",139,1,1,0,0,26-APR-026,NYARKO,170
176874,"WIRELESS REMOTE DOORBELL 704",79,8,8,0,0,26-APR-026,BOFFOUR,148
187012,"BATHROOM 6PCS SET PLASTIC 7001 YWU",199,0,4,-4,-796,26-APR-026,"MORGAN ONGOH",216
187968,"JOJONAVI PINK GUAVA FRUIT CAN JUICE DRINK 330ML 24",13.49,16,22,-6,-80.94,26-APR-026,GIDEON,56
184926,"PLUSH BLANKET 200X230CM SOLID 4 COLORS",229,14,20,-6,-1374,26-APR-026,AKAYIRI,192
198493,"BATH SPONGE YWU",9.9,24,120,-96,-950.4,26-APR-026,"NANA ADJEI",219
65360,"MULIK BANANA MILK DRINK 500ML 18",36.99,14,14,0,0,26-APR-026,DORIS,72
D711,"GEISHA MACKEREL 425G 24 12225",25.99,19,29,-10,-259.9,26-APR-026,ABIGAIL,124
CL716,"SPICE CONTAINER 3PCS SET 400ML 600ML 750ML",16.9,5,50,-45,-760.5,26-APR-026,SOMUAH,274
95802,"AMALFI  SHAVING FOAM SPRAY 250ML  6",35.99,5,5,0,0,26-APR-026,"ANANE KOJO",5
96249,"GOLFERS SHOT BARREL AGED WHISKY GLASS MC 750ML 6",169.99,12,12,0,0,26-APR-026,"CHARLES A",51
184318,"ORGANIZER BOX WITH MIRROR BAMBOO UR34683469",99,3,5,-2,-198,26-APR-026,ODAI,225
200329,"HH DELICIOUS ALL PURPOSE MARGARINE 250G 60",9.99,79,81,-2,-19.98,26-APR-026,APPIAH,83
45737,"SERVING TRAY MELAMINE 14 INCHES ZHN A30814",24.9,34,45,-11,-273.9,26-APR-026,ESTHER,308
88955,"DINNER PLATE MELAMINE 10 INCHES ZHN B081105",18.9,6,6,0,0,26-APR-026,"ABIGAIL YEVUGAH",301
14714,"EASY MOUZOO APPLE  TETRAPACK JUICE 1L 12",23.99,26,122,-96,-2303.04,26-APR-026,DORA,65
162276,"CANVAS H PAINTED GOLD LEAVES 70X100X3 BD23C034BW12",329,4,4,0,0,26-APR-026,NYARKO,170
159781,"KIDS FLYING INDUCTION VEHICLE MIX DESIGN",42.9,1,7,-6,-257.4,26-APR-026,ROBIN,264
168974,"SUNNY GOLD WHITE SUGAR CUBES 700G  12",35.99,9,9,0,0,26-APR-026,"EMMANUEL HANSON","85 TO 89"
192854,"MELAMINE TRAY 16INCH 5016",19.99,34,2,32,639.68,26-APR-026,ESTHER,309
198584,"SNACKS TRAY 4COMPARTMENT 25X25X58CM BAMBOO YWU",179,23,23,0,0,26-APR-026,ESTHER,309
25947,"BABY SHOWER STAND MIX COLOR  DESIGN",7.9,18,22,-4,-31.6,26-APR-026,REGINA,260
78982,"BABY STICKER 52CM SHOW 2DESIGN MIX",5,24,23,1,5,26-APR-026,REGINA,560
D853,"BINE STAIN REMOVER 0 5L  20",22.99,7,10,-3,-68.97,26-APR-026,EMMANUEL,96
CL630,"PRIME CUP 500ML 11CMX8CMX10CM",2.9,49,111,-62,-179.8,26-APR-026,"WILFRED OSEI",289
90420,"WC NET GEL CRYSTAL NEW BLUE FRESH  750ML  12",53.99,13,13,0,0,26-APR-026,EMMANUEL,96
95683,"EASY GLASS CLEANER  YELLOW  825 ML 12",28.99,19,19,0,0,26-APR-026,"BENEDICT ABBEY",25
95695,"AMALFI  BATH  SHOWER GEL DERMO  750ML  16",29.99,8,8,0,0,26-APR-026,EVELYN,102
128562,"TOY RC CAR 124 4CH SPEED KING MT51849",109,8,8,0,0,26-APR-026,ROBIN,264
146368,"UNIMAX JOYMATE RED PEN FBJYMRD09",1.99,44,149,-105,-208.95,26-APR-026,AKUSHIKA,166
14807,"DEVA CITRUS LIQUID HAND SOAP 350ML 24 10203",18.99,16,17,-1,-18.99,26-APR-026,EMMANUEL,97
198493,"BATH SPONGE YWU",9.9,96,120,-24,-237.6,26-APR-026,"NANA ADJEI ",221
67793,"IRISH SPRING ALOE SOAP 1063G 18X3PACK  18",53.99,21,21,0,0,26-APR-026,EMMANUEL,99
92724,"SHOWER CADDY METAL WIRE YWU",69,1,1,0,0,26-APR-026,"NANA ADJEI ",223
131895,"TOUCH OCEAN SOFTENER 2L  6",42.99,4,8,-4,-171.96,26-APR-026,AKORFA,31
189567,"KENWOOD STANDING FAN 18 IFP18000BK",699,1,1,0,0,26-APR-026,BOFFOUR,148
21300,"FAULTLESS HEAVY SPRAY STARCH ORIGINAL  567G 12",58.99,8,9,-1,-58.99,26-APR-026,AKORFA,31
61581,"FARAGELLO GUAVA NECTAR TETRA PACK 1L 12 BLUE",24.99,24,72,-48,-1199.52,26-APR-026,DORA,66
65462,"MENTOS C GUM WINTERGREENGREEN TEA 1210 BTL120",36.99,45,46,-1,-36.99,26-APR-026,AKUSHIKA,166
109858,"TOUCH AND FEEL BOOKS",38.9,5,5,0,0,26-APR-026,ATITOGO,15
116649,"PRINCE CHOCOLATE 130G   20",12.99,16,22,-6,-77.94,26-APR-026,RICHMOND,134
133983,"WATCH DIGITAL KE02 WBATTERY KL11457",44.9,5,17,-12,-538.8,26-APR-026,"ARTHUR JONADAB",11
145119,"DUSTBIN FALA BLKGLD SWING 30L 35X29X 54CM PP60807",189,0,7,-7,-1323,26-APR-026,"NANA KOJO",250
152291,"FORTUNE EVERYDAY BASMATI RICE 1KG  20",39.99,1,1,0,0,26-APR-026,ELEMAWUSI,41
149813,"PHILIPS LED GU10 SPTL 4650W 830 36D 3000K",29,5,5,0,0,26-APR-026,BOFFOUR,148
151588,"SOFT  GENTLE DEO  COTTON TOUCH  250ML 6",34.99,7,8,-1,-34.99,26-APR-026,"ANANE KOJO",5
158415,"NASCO FRIDGE DD 110L NASF2130",2199,1,1,0,0,26-APR-026,AMADU,150
169321,"AKAI HIFI SPEAKER 80W RECHAR WL MIC HT029A2831",2399,1,1,0,0,26-APR-026,HAYFORD,157
181160,"FILLED CUSHION CHENILLE 45X45CM ASRTD",79,9,19,-10,-790,26-APR-026,JUDE,182
71546,"TOLSEN HEDGE SHEAR 26 36  TUBE HANDLE 31024",209,14,14,0,0,26-APR-026,BOFFOUR,148
96434,"MILO ALL IN ONE NUTRIMIX 37G 10PCS X 20",44.99,9,30,-21,-944.79,26-APR-026,ESINAM,145
115208,"CUP 450ML WSTRAW DOUBLE LAYER CS003 YWU",49.9,23,22,1,49.9,26-APR-026,WILLIAM,292
110152,"HANGER METAL 31820201247 RJK",29.9,13,13,0,0,26-APR-026,"NANA ADJEI",219
155138,"FLORA KIDS DISPOSABLE HANDKERCHIEF 10X30  30",15.99,18,18,0,0,26-APR-026,MAHAMA,90
164666,"VARTA BATTERY RECHARGABLE AAA2",129,16,27,-11,-1419,26-APR-026,AKUSHIKA,166
185425,"CURTAIN BKT GROM BURG 2P 54X90 02PA7213E",199,12,12,0,0,26-APR-026,JUSTICE,185
CL762,"CRISPER CONTAINER RND 9000ML 26CMX22CM",29.9,3,15,-12,-358.8,26-APR-026,QUEENCILLA,255
90504,"PAPILION STRAWBERRY WET WIPES 64SHEETS WITH CAP 24",16.99,15,15,0,0,26-APR-026,"BRIGHT NKANSAH",34
01566,"PURE HEAVEN SPARKLING WHITE GRAPE WINE 750ML 12",51.49,17,17,0,0,26-APR-026,CHARITY,43
04816,"ORKIDE SUNFLOWER OIL 3L 6",199.99,7,15,-8,-1599.92,26-APR-026,"GERALD SACK ",119
103768,"GIVERS LIQUID DETERGENT 200ML 25",5.99,26,35,-9,-53.91,26-APR-026,"BRIGHT NKANSAH",36
106354,"AMEN COMMUNION WIINE 1L 6",49.99,7,7,0,0,26-APR-026,CHARITY,42
133935,"PROFA TOM BROWN WITHOUT GINGER CEREAL MIX 400G  30",25.99,29,29,0,0,26-APR-026,FRANKLIN,140
164612,"TOILET PAPER HOLDER WSTAND METAL ORSA 176",139,2,2,0,0,26-APR-026,"NANA ADJEI",219
174525,"DOMS UNICORN KIT 80474",55,2,2,0,0,26-APR-026,ELLA,19
168134,"PILLOW PROTECT WP PJERSEY 50X75CM 117015P5075",47.9,17,17,0,0,26-APR-026,AKAYIRI,191
168761,"CURTAIN P JAQUARD 54X84 LT GREY 25TH10",189,1,1,0,0,26-APR-026,"KINGSLEY OP",194
178706,"CURTAIN EMB GROMET COFFE 52X90 02PA7142F",139,1,12,-11,-1529,26-APR-026,"PRINCE AGYEI",245
190129,"DZIRE MOSQUITO SWATTER WUV LAMP MRLF958PP",99,25,27,-2,-198,26-APR-026,AMADU,150
198499,"FRUIT BASKET 30X30X9CM WOODEN YWU",159,33,22,11,1749,26-APR-026,SOMUAH,273
32101,"EVERPACK TRASH BAG LARGE 55L  6",53.99,12,13,-1,-53.99,26-APR-026,ELEMAWUSI,39
64531,"PURE HEAVEN MULTIFRUIT JUICE 1L 8",35.99,8,8,0,0,26-APR-026,"DORA ",65
A803,"MANDINGO BITTERS 700ML 12",59.49,11,11,0,0,26-APR-026,"CHARLES A",52
137103,"BF BRIGHTENING VITC MUP REMOVER WIPES 190G  12",20.49,10,10,0,0,26-APR-026,"BRIGHT NKANSAH",35
160830,"WINDOW SHADE BLACKOUT ROLLER 452120X180CM",279,2,2,0,0,26-APR-026,PRINCE,240
179510,"AKAI SOUND BAR WSUBWOOFER 180W SB005A013",1399,1,1,0,0,26-APR-026,HAYFORD,157
40609,"NOVA LEMON DISHWASHING LIQUID 5L  4",115.99,2,1,1,115.99,26-APR-026,GEORGE,111
84825,"HARPIC TOILET GEL MOUNTAIN PINE 450ML  12",29.99,1,9,-8,-239.92,26-APR-026,EMMANUEL,96
101865,"FRIDGE BOTTLE 1000ML SQUARE H2O",34.9,21,22,-1,-34.9,26-APR-026,WISE,296
114768,"FANICE VANILLA  STRAWBERRY DOUBLE TREAT 2L 1",82.99,5,5,0,0,26-APR-026,ELVIS,77
124819,"BRUSH CARPET PLASTIC TP103",9.9,76,96,-20,-198,26-APR-026,"NANA ADJEI",222
146367,"UNIMAX JOYMATE BLACK PEN FBJYMBK10",1.9,36,90,-54,-102.6,26-APR-026,AKUSHIKA,166
161156,"FILLED CUSHION VELVET 45X45CMBROWN DC231",69,7,11,-4,-276,26-APR-026,"JOSEPH PATRICK",177
162693,"DINNER PLATE MELAMINE 11 INCHES FEILU 20311",24.9,26,25,1,24.9,26-APR-026,"ABIGAIL YEVUGAH ",301
180223,"KLEANZ HAND SOAP APPLE ANTIBACTERIAL 500ML 24",22.99,12,13,-1,-22.99,26-APR-026,EMMANUEL,97
198227,"DUSTBIN RND 9 LITRES WITH LEGS PLASTIC YWU",89,7,8,-1,-89,26-APR-026,"NANA KOJO",251
110110,"HORNBILL PURE  COCONUT OIL 500ML 24",63.99,8,9,-1,-63.99,26-APR-026,"GIDEON GBLOGAH",122
126227,"AIRPRO  TOILET RIM BLOCK PINA COLADA 50G  72",24.99,40,111,-71,-1774.29,26-APR-026,AKORFA,30
154728,"VILEDA MOP BUCKET SUPERMOCIO 152037",249,1,1,0,0,26-APR-026,NYARKO,172
152252,"HH RICH TEA SANDWICH VANILA CREAMS 32G  72",1.39,12,87,-75,-104.25,26-APR-026,QUARSHIE,137
184526,"3PCS BEDSPREAD SET PR 102X86 MPBSK ASTD",279,11,11,0,0,26-APR-026,"KINGSLEY OP",196
92876,"LUDO GAME 365X27X7CM JQ108399",89,2,2,0,0,26-APR-026,ROBIN,264
113184,"MIKSI COFFEE  3 IN 1 SACHET 35G 120",4.19,65,60,5,20.95,26-APR-026,ESINAM,144
168095,"FILLED CUSHION P JAQUARD 45X45CMTAUPE DC253",119,2,11,-9,-1071,26-APR-026,JUSTICE,186
168121,"FILLED CUSHION P EMBD 45X45CMGEOMETRY4 DC257",139,4,10,-6,-834,26-APR-026,JUDE,181
179401,"AKAI GAS STOVE 3B GLASS TOP GC068A0003B",669,6,7,-1,-669,26-APR-026,HERBERT,169
186902,"LUNCH BOX PLASTIC A916 YWU",49.9,28,28,0,0,26-APR-026,"PRINCE AGYEI",246
41609,"CDI ABSORBENT COTTON WOOL 500GMS 25",70.99,19,24,-5,-354.95,26-APR-026,"BRIGHT NKANSAH",34
67737,"MALTA GUINNESS PET 330ML  12",11.49,4,192,-188,-2160.12,26-APR-026,GILBERT,162
61767,"YUMVITA INFANT CEREAL WHEAT 50G 10SC X 8ST 80",6.29,29,28,1,6.29,26-APR-026,FRANKLIN,141
103200,"AVSAR FRUIT FLAV WATER MANGOPINEAPPLE 200ML  24",10.99,24,27,-3,-32.97,26-APR-026,DORA,66
129393,"PAPER NAPKIN FOOTBALL DESIGN 20SHEET 33X33CM",11.9,42,40,2,23.8,26-APR-026,MAHAMA,90
148002,"OCEAN GAS COOKER 4B 50X50 BLACK MGCO 5540 NMX C",2149,1,2,-1,-2149,26-APR-026,AMADU,147
162852,"CURTAIN JACQUARD 54X90 BLUE 331",199,1,1,0,0,26-APR-026,"PRINCE AGYEI",245
187523,"PROMESS FLAVOURED DRINK BANANA 500ML 12",18.49,0,6,-6,-110.94,26-APR-026,AMESU,72
184294,"LG LED TV 65 SAT SMART UHD 4K 65UT73006LA",15999,1,1,0,0,26-APR-026,HAYFORD,156
183754,"LG AC SPLIT 15HP R410 S12ATC",5899,1,2,-1,-5899,26-APR-026,GILBERT,162
77579,"DR MIGHTY WC POWER BALLS LAVENDER 5 IN 1  24",24.99,22,23,-1,-24.99,26-APR-026,AKORFA,30
80284,"AKAI GAS STOVE 2B INFRARED GC032A8518",659,3,3,0,0,26-APR-026,HERBERT,169
71641,"EVERPACK ZIPPER BAGS 25X35CM 10 BAGS  48",29.99,33,34,-1,-29.99,26-APR-026,ELEMAWUSI,40
55557,"PRAN GUAVA JUICE TETRA PACK 1L  12",22.99,12,14,-2,-45.98,26-APR-026,DORA,65
CL625,"PET JAR SQUARE 1500ML 11CMX11CMX16CM",4.9,20,39,-19,-93.1,26-APR-026,"WILFRED OSEI",289
104978,"ROMAR SOFTENER CONC RELAX 2L  6",81.99,10,10,0,0,26-APR-026,AKORFA,32
148384,"SHOPPING BASKET HANDY IRONWOOD F10293 RJK",129,2,3,-1,-129,26-APR-026,AMA,311
146802,"SANITA INTERFOLD TOWEL ECO 1PLY 33G  200SHT  18",29.49,24,24,0,0,26-APR-026,MAHAMA,90
163083,"CURTAIN JACQUARD 54X90CREAM LLJ2",169,1,2,-1,-169,26-APR-026,"KINGSLEY OP",194
175499,"MOULINEX ELECTRIC PRESURE COOKER 6L 1000W CE777G27",1599,1,1,0,0,26-APR-026,HAYFORD,157
180724,"AKAI AC SPLIT 2HP R410A AC065A18KBTU",6149,1,2,-1,-6149,26-APR-026,AMADU,WH
18414,"MCVITIES RICH TEA 200G 24",29.99,24,32,-8,-239.92,26-APR-026,QUARSHIE,137
194158,"SAMSUNG GALAXY MOBILE A17 LTE 4GB128GB",2599,1,1,0,0,26-APR-026,BOFFOUR,148
193453,"SOLO KRAFT PAPER SPIRAL NOTEBOOK A5 160 PAGES N503",27.99,6,6,0,0,26-APR-026,GLADYS,159
189664,"JUTE MAT 135CM ASSORTED MYQ91903",279,4,4,0,0,26-APR-026,PRINCE,240
198915,"DISH RACK CN250717I",99,48,48,0,0,26-APR-026,QUEENCILLA,256
88923,"AKAI CEILING FAN 56 EF083AC5610BG",399,3,3,0,0,26-APR-026,BOFFOUR,148
89690,"BINATONE DRY IRON 1000W HEAVY DI1275",479,5,5,0,0,26-APR-026,GLADYS,158
87583,"JAFK ROASTED GROUNDNUT 220G  24",24.99,21,21,0,0,26-APR-026,"EMMANUEL HANSON",85
66914,"SAPOLIO RADIUM SCOURING POWDER LEMON 300G 36",14.99,25,25,0,0,26-APR-026,GEORGE,112
94082,"DZIRE GAS STOVE 3B GLASS TGGP3BG32",519,5,6,-1,-519,26-APR-026,HERBERT,169
111292,"DOLAIT NATURE YOGHURT 70G 10",4.99,8,8,0,0,26-APR-026,GILBERT,167
115371,"TROLLEY WWHEEL 3LAYER RECT 49X32X68CM PP506005",149,4,5,-1,-149,26-APR-026,"WILFRED OSEI",289
156280,"MOLINERA SUGARFREE REDGRAPE JUICE 1L 12",33.49,11,11,0,0,26-APR-026,DORA,66
153861,"SAYA LARGE SOFT GRIP SCISSORS SYSC210",17.9,12,12,0,0,26-APR-026,ATITOGO,16
162543,"ABOVE DEO SPRAY NEYMAR JR MEN  150ML 24",28.99,16,17,-1,-28.99,26-APR-026,"ANANE KOJO",5
179925,"WALL CLOCK 305X30X42 ZC1207B",85,9,9,0,0,26-APR-026,"ARTHUR JONADAB",10
198164,"WATER BOTTLE 1000ML PLASTIC YY158 YWU",79,8,9,-1,-79,26-APR-026,WISE,296
205766,"NASCO CHEST FREEZER SD 145L WGLASS NAS180WADS",2699,1,2,-1,-2699,26-APR-026,AMADU,148
57745,"COKE PET 1L 6",14.99,10,85,-75,-1124.25,26-APR-026,GIDEON,58
70100,"SUNLIGHT DISH WASHING LIQUID LEMON 750ML 15",45.99,15,32,-17,-781.83,26-APR-026,"BRIGHT NKANSAH",36
100970,"CURTAIN POLYESTER 52X84 STOCK JACQUARD LEAF",159,6,7,-1,-159,26-APR-026,MAJEED,201
125261,"ROMAR FABRIC SOFTENER CONC BLUE SKY 2L  6",84.99,7,8,-1,-84.99,26-APR-026,AKORFA,32
121313,"VARTA BATTERY LONGLIFE POWER AA BLISTER 2",36,10,46,-36,-1296,26-APR-026,AKUSHIKA,166
124141,"SCOURER METALLIC PAREX 3PCS SET 2107568",29.9,6,6,0,0,26-APR-026,"WILFRED OSEI",290
15885,"BINE DISINFECTANT 1L 12",29.99,22,21,1,29.99,26-APR-026,GEORGE,112
172946,"ARIEL HIGH STUD LAVENDER 500G  24",39.99,25,27,-2,-79.98,26-APR-026,GEORGE,113
184390,"CLOTHES HANGER 3PCS SET 44CM WOODEN M2302 YWU",29.9,15,14,1,29.9,26-APR-026,"NANA ADJEI",219
200296,"HH SWEETENED CONDENSED MILK 1KG  24",36.99,17,24,-7,-258.93,26-APR-026,"EMMANUEL HANSON",85
201267,"BANANA MICROWAVE OVEN 20L SILVER BMW7201MSILVER",899,1,4,-3,-2697,26-APR-026,GLADYS,158
CL614,"SWING BIN 20LTR 33CMX26CMX45CM",69,7,7,0,0,26-APR-026,VICTORIA,282
101079,"TOPCO MULTIPURPOSE SOAP 300G   36",7.09,20,21,-1,-7.09,26-APR-026,EMMANUEL,98
14027,"DAAWAT DEVAAYA BASMATI RICE  5KG 4",199.99,6,6,0,0,26-APR-026,ELEMAWUSI,41
150777,"SPRITE ZERO PET 1L 4",15.99,8,44,-36,-575.64,26-APR-026,GIDEON,58
182473,"NASCO CHEST FREEZER SD 100L NAS150FL",2399,1,1,0,0,26-APR-026,AMADU,148
179451,"KITCHEN SCALE CHN BC50U4V0",169,4,4,0,0,26-APR-026,HAYFORD,153
193634,"GAS PIPE 3YD2CLIP ZGP3Y",49.9,18,32,-14,-698.6,26-APR-026,HERBERT,169
27615,"BANETTI PASTA PENNE RIGATE 500G 20",14.99,55,82,-27,-404.73,26-APR-026,CLAUDIA,116
62260,"5 STAR KAESAR APPLE DRINK 350ML 16",2.89,50,85,-35,-101.15,26-APR-026,SOLOMON,61
N921,"PURE HEAVEN SPK WINE PEACH  WHITE GRAPE 750ML  12",51.49,15,15,0,0,26-APR-026,CHARITY,43
X951,"CERES APPLE FRUIT JUICE 1L 12",44.99,15,40,-25,-1124.75,26-APR-026,GIDEON,59
97352,"SAIKIRPA NAPHTHALENE BALLS WHITE 300G  60",23.99,37,38,-1,-23.99,26-APR-026,EZEKIEL,106
96222,"DANO MILK  UHT SEMI SKIMMED 15  FAT 1L 12",31.99,14,14,0,0,26-APR-026,DORIS,71
126663,"QUERAY HAND SOAP  BABY  KIDS 500ML 12",36.99,10,10,0,0,26-APR-026,EMMANUEL,97
127446,"TEFAL STEAM IRON 1200W FV1941M0",399,6,6,0,0,26-APR-026,GLADYS,158
131543,"YOGA STRAWBERRY  YOGHURT 330ML 1",19.99,1,1,0,0,26-APR-026,GILBERT,167
146994,"BAMBOO BASKET OVAL 45X28X23CM TK6584A SAN",99,1,1,0,0,26-APR-026,SOMUAH,273
151361,"CUSHION 500G FILLING 43X43CM",129,14,18,-4,-516,26-APR-026,JUDE,180
165462,"HARPIC RIM BERRY 35G  6",32.99,5,3,2,65.98,26-APR-026,AKORFA,30
161577,"DZIRE CEILING FAN 56 WHITE CF 56 WVIS",349,5,5,0,0,26-APR-026,BOFFOUR,148
170042,"ORGANIZER BASKET WITHOUT LID SMALL 12723",26.9,12,12,0,0,26-APR-026,SYLVIA,279
193132,"PLUSH TOY 75CM",399,2,2,0,0,26-APR-026,QUEENCILLA,257
189618,"TOREN MRBITE GROAN PIST CREAM COAT W CHOC 28G 144",8.49,96,102,-6,-50.94,26-APR-026,DORIS,74
95658,"AMALFI HAND SOAP  ALOE VERA 500ML   12",25.99,9,9,0,0,26-APR-026,EMMANUEL,98
105563,"MENTOS PURE FRESH STRAWBERRY 18PB 315G  120",36.99,58,60,-2,-73.98,26-APR-026,AKUSHIKA,166
111655,"BALLOON SET 12PCS WEASY SEAL MIX COLORS",17.9,37,37,0,0,26-APR-026,SARAH,270
121313,"VARTA BATTERY LONGLIFE POWER AA BLISTER 2",36,36,46,-10,-360,26-APR-026,"ARTHUR JONADAB",11
138591,"HAYHAY CARAMEL 12 X 24 20G 288",3.19,140,286,-146,-465.74,26-APR-026,QUARSHIE,137
130987,"PHILIPS LED SENSOR BULB 860W E27 WH 929002058519",149,5,5,0,0,26-APR-026,BOFFOUR,148
181534,"WESTINGHOUSE LED TV 43 SMART WD43FAIPSC1",3499,1,1,0,0,26-APR-026,HAYFORD,156
18339,"LONG MOUNTAIN RUBY CABERNET RED WINE 75CL 6",69.99,6,7,-1,-69.99,26-APR-026,CHARLES,47
184277,"PLUSH BLANKET 240X270CM SOLID 4COLORS",259,2,11,-9,-2331,26-APR-026,AKAYIRI,191
86623,"MIDEA AC SPLIT 2 HP R410 MSAF18CRN1MSMAC18CRN1",8299,1,2,-1,-8299,26-APR-026,AMADU,WH
155591,"FANICE AMERICAN VANILLA ICE CREAM 2L 1",99.99,7,7,0,0,26-APR-026,ELVIS,77
150405,"CURTAIN W8 GROMENT BURGUNDY 54X90 JQ032",119,12,12,0,0,26-APR-026,"PRINCE AGYEI",245
161839,"SOAP DISPENSER SET 3PCS GLASS YWU",49.9,8,12,-4,-199.6,26-APR-026,"NANA ADJEI",219
187806,"SIMULATED PLANT PLASTIC 11M",299,2,3,-1,-299,26-APR-026,NYARKO,170
198216,"BATHROOM SET 6PCS PLASTIC YWU",199,10,10,0,0,26-APR-026,"MORGAN ONGOH",216
D297,"PURE HEAVEN SPARKLING WINE RED GRAPE 750 ML",50.99,8,11,-3,-152.97,26-APR-026,CHARITY,43
126652,"LA SALUD DISHWASH LIQUID OXY ACTIVE 750ML 12",32.99,10,10,0,0,26-APR-026,"BRIGHT NKANSAH",36
161463,"CURTAIN 54X90  AQUA",129,5,12,-7,-903,26-APR-026,AKAYIRI,190
161741,"AKAI KETTLE 18L 1800W SS EK036A1801",179,1,9,-8,-1432,26-APR-026,HAYFORD,153
187686,"CUSHION POLYESTER 43X43CM 7COLOR MIX",69,5,23,-18,-1242,26-APR-026,ADDO,203
57733,"NEON COFFEE VODKA  750ML  12",79.99,12,12,0,0,26-APR-026,CHARLES,50
65116,"TEACHERS NOTE BOOK 192PAGES",40.99,6,6,0,0,26-APR-026,ELLA,",21"
99923,"WINDOW SHADE YE3 200X200 BROWN",599,2,2,0,0,26-APR-026,PRINCE,240
95660,"AMALFI  HAND SOAP DERMO  500ML  12",22.99,9,10,-1,-22.99,26-APR-026,EMMANUEL,98
120146,"LED CHANDELIER CRYSTALS G1801",599,1,2,-1,-599,26-APR-026,AMADU,WH
152121,"SINARLINE LEGAL NOTE PAD A4 40SHEETS PD02084",12.99,13,13,0,0,26-APR-026,ATITOGO,15
149364,"MONT NATURAL MINERAL WATER 500ML 15",1.99,2,223,-221,-439.79,26-APR-026,GILBERT,162
184372,"NERO WISKY COLA DRINK 350ML 12",5.99,32,32,0,0,26-APR-026,"CHARLES A",52
185420,"CURTAIN BKT GROM NAVY 2P 54X90 02PA7216F",199,12,12,0,0,26-APR-026,"PRINCE AGYEI",245
39989,"PRAN APPLE NECTAR JUICE  1L  12",22.99,23,24,-1,-22.99,26-APR-026,DORA,65
27769,"WC NET BLEACH GEL OCEAN FRESH  750ML 12",53.99,10,11,-1,-53.99,26-APR-026,EMMANUEL,96
57163,"DEVA HAND SANITIZER 350ML  12",22.99,7,7,0,0,26-APR-026,"ANANE KOJO",5
121336,"VARTA BATTERY LITHIUM CR2 BLISTER 1",77,16,34,-18,-1386,26-APR-026,"ARTHUR JONADAB",10
130985,"PHILIPS LED SENSOR BULB 860W B22 WH 929002400107",149,4,4,0,0,26-APR-026,BOFFOUR,148
14806,"DEVA OCEAN LIQUID HAND SOAP 350ML 24",19.49,22,28,-6,-116.94,26-APR-026,EMMANUEL,97
172962,"ARIEL HIGH STUD FLORAL 2KG 4",209.99,3,3,0,0,26-APR-026,GEORGE,113
186688,"RAINBOW CONTAINER 5PC SET RECT PLASTIC RJK 21655D",59,5,5,0,0,26-APR-026,SOMUAH,276
194629,"SPRING TOY RAINBOW HCL O51009",10.8,16,16,0,0,26-APR-026,ROBIN,264
26950,"VOLTPLUS AVR 2KVA W110V ASSIST OUTPUT AVR6022",779,1,3,-2,-1558,26-APR-026,GILBERT,162
30033,"VEGA THAI HOM MALI JASMINE RICE 5KG  5",249.99,93,94,-1,-249.99,26-APR-026,DORIS,73
202551,"FROSTED PLATE 95 B16214M",14.9,28,28,0,0,26-APR-026,"ABIGAIL YEVUGAH",302
121936,"3PCS BEDSHEET SET SL QN 150X20030CM ASRTD",139,26,26,0,0,26-APR-026,"KINGSLEY OP",195
171195,"DECORATIVE GLASS BOTTLE 8X8X165CM AF17022",44.9,28,58,-30,-1347,26-APR-026,REGINA,259
51660,"EVERPACK TROLL  FLUFFY JASMIN  ALOE VERA 10X7 7",44.99,2,5,-3,-134.97,26-APR-026,EMMANUEL,94
157561,"VOLTPLUS UNIVERSAL ADAPTOR WBS PLUG VPUAG140UC",129,45,45,0,0,26-APR-026,BOFFOUR,148
155805,"BEBE BABY WIPES 72SHEETS  12",22.99,17,17,0,0,26-APR-026,"BRIGHT NKANSAH",34
153851,"ACTIVITY BOOKS BRAIN TRAIN",38.9,38,38,0,0,26-APR-026,ELLA,19
16849,"ELLEVIRE UNSALTED BUTTER PACKETS 200G 40",74.99,40,40,0,0,26-APR-026,APPIAH,80
183427,"OPENER CAN AND BOTTLE SSWOOD HANDLE ZHN 0933",12.9,4,47,-43,-554.7,26-APR-026,NYARKO,170
90635,"CURTAIN ROD EXTANDABLE SIZE 210300CM 11051300MB",95,6,6,0,0,26-APR-026,PRINCE,241
125263,"ROMAR FABRIC SOFTENER CONC ARGAN 2L  6",81.99,8,8,0,0,26-APR-026,AKORFA,32
179956,"FILLED CUSHION LN 45X45CM GREEN EHAMKCUSHION143",99,3,7,-4,-396,26-APR-026,JUDE,184
186161,"CARPET FELT GRAYBLACK 2X15M SRMGB01",189,14,14,0,0,26-APR-026,PRINCE,240
192930,"AKAI QLED TV 32 SMART LT3234T2S2QSMT",1999,1,6,-5,-9995,26-APR-026,HAYFORD,156
198402,"WALL CLOCK  402X402X48 1663D",129,6,6,0,0,26-APR-026,"ARTHUR JONADAB",10
48382,"5 STAR KOLAH COOL DRINK 350ML  16",2.89,1,78,-77,-222.53,26-APR-026,GILBERT,162
87297,"BINATONE SANDWICH MAKER 2 SLICE ST801",445,6,6,0,0,26-APR-026,HAYFORD,157
07015,"YAZZ WASHING POWDER 2KG 6",70.99,4,31,-27,-1916.73,26-APR-026,EMMANUEL,95
108888,"MARILAN MAGIC TOAST CRIPBREADS ORIGINAL 110G 24",15.99,20,22,-2,-31.98,26-APR-026,CHARLES,46
126648,"LA SALUD WOOD CARE CLEANER JABONOSO 1L 8",38.49,7,7,0,0,26-APR-026,"BENEDICT ABBEY",25
190715,"WATER MODEVEHICLE REMOTE CONTROL",279,1,1,0,0,26-APR-026,ROBIN,264
198218,"HAMPER BASKET 3PCS SET RECT PLASTIC YWU",99,23,24,-1,-99,26-APR-026,"NANA ADJEI",222
203991,"TRAINERS PLANTAIN CHIPS KELEWELE KRUNCH 75G 24",18.99,9,11,-2,-37.98,26-APR-026,CHARLES,46
114716,"ENGLISH DICTIONARY MINI 619PAGES EB847",32.99,23,24,-1,-32.99,26-APR-026,ELLA,19
121323,"VARTA BATTERY LITHIUM CR2025 BLISTER 1",30,18,8,10,300,26-APR-026,AKUSHIKA,166
138920,"GEISHA ALOE VERA  HONEY SOAP 250G 36",18.99,54,30,24,455.76,26-APR-026,EMMANUEL,99
138349,"PRESIDENT  WHOLE CREAM UHT MILK 35 1L  6",40.99,7,7,0,0,26-APR-026,DORIS,71
173712,"KIVO 4IN1 LOW SUGAR GARI SOAKINGMIX 125G 40",4.99,40,10,30,149.7,26-APR-026,ESINAM,144
186121,"VARTA ALKALINE BATTERY V13GA",30,7,7,0,0,26-APR-026,AKUSHIKA,166
188001,"LAUNDRY BASKET WLID PLASTIC HL0073LC",49.9,8,9,-1,-49.9,26-APR-026,VICTORIA,283
200835,"FRYING PAN 18CM FALU ZHNBAROLY 106818",79,10,10,0,0,26-APR-026,HERBERT,315
54069,"AKAI GAS STOVE 3B GC019A8302",409,5,6,-1,-409,26-APR-026,HERBERT,169
55685,"FLORA SMILE MULTI PURP TOWEL XL",40.99,4,9,-5,-204.95,26-APR-026,MAHAMA,91
95402,"COKE PET 300ML 12",6.49,33,159,-126,-817.74,26-APR-026,SOLOMON,62
90633,"CURTAIN ROD EXTANDABLE SIZE 210300CM 11032300MB",95,8,9,-1,-95,26-APR-026,"NANA KOJO",250
98263,"LAYS POTATO CHIPSSPRING ONION CHEESE 105G   20",31.99,1,21,-20,-639.8,26-APR-026,JONATHAN,131
110066,"ARTIFICIAL GALSANG FLOWER 88CM 20200926",27.9,7,7,0,0,26-APR-026,NYARKO,170
120648,"JK A4 PAPER 80 GSM",79.99,3,8,-5,-399.95,26-APR-026,ATITOGO,15
158095,"STORAGE BOX WLOCK GRY CLEAR 15L 43X29X19CM PP64401",24.9,2,2,0,0,26-APR-026,SYLVIA,279
192315,"MOP BUCKET W MOP  2 REFILLS 8L LT2413",289,1,2,-1,-289,26-APR-026,NYARKO,172
198399,"WALL CLOCK 305X305X44 W7185D",99,10,10,0,0,26-APR-026,"ARTHUR JONADAB",10
91879,"BINATONE MICROWAVE OVEN 20L 700W BLACK MWO2018",1559,1,1,0,0,26-APR-026,GLADYS,158
99593,"OPTIMA CABLE CLIPS MAGNETIC  HT36",34,12,12,0,0,26-APR-026,BOFFOUR,148
08007,"BB COCKTAIL DE FRUITS  330ML 24",13.49,72,154,-82,-1106.18,26-APR-026,CHARLES,49
109289,"MORNING FRESH DISHWASH ORIGINAL 1000ML  12",49.99,10,12,-2,-99.98,26-APR-026,"BRIGHT NKANSAH",36
128261,"DECOR MIRROR METAL NATURAL DESIGN 10180",499,1,1,0,0,26-APR-026,NYARKO,170
123839,"BLANKET JAQUARD VELVET 150X200CM ASTD",199,12,14,-2,-398,26-APR-026,AKAYIRI,191
151566,"GALAXY CONCEPT SPRAY  LE DESIR 200ML 12",31.99,4,7,-3,-95.97,26-APR-026,"ANANE KOJO",5
161283,"CANVAS PAINTING BOATS  BRIDGES 40X40CM PC233005",55,8,8,0,0,26-APR-026,NYARKO,173
158407,"NASCO GAS COOKER 4B 50X50 GRI NASGCSNIPER50TSG",1949,1,1,0,0,26-APR-026,AMADU,147
70868,"STARKIST TUNA FLAKES FISH WITH PEPPER 160G  24",38.99,9,14,-5,-194.95,26-APR-026,"GIDEON GBLOGAH",122
07715,"FANICE CUP VANILLA 140ML 12",7.49,28,29,-1,-7.49,26-APR-026,ELVIS,77
137269,"TOREN TOREN WAFERS BOURBONVANILLA DEEP FCW 55G144",6.29,50,191,-141,-886.89,26-APR-026,SOLOMON,64
101023,"CURTAIN POLYESTER 52X84 WHANGER DRXH002",109,6,2,4,436,26-APR-026,"KINGSLEY OP",194
138593,"HAYHAY 30G X 24 X 8 BOXES COCOA  192",5.19,47,167,-120,-622.8,26-APR-026,QUARSHIE,137
134166,"BABY RECORD BOOK",34.9,12,12,0,0,26-APR-026,ELLA,19
133074,"HAND TOWEL 50X90CM  ASTD",34.9,13,85,-72,-2512.8,26-APR-026,"MICHAEL BOYE",212
148012,"PAINTING PINK FLOWERS DESIGN 53X63CM",169,9,9,0,0,26-APR-026,NYARKO,172
165464,"BREF WC BLOCK TRIO POWERACTIVE OCEAN  9",86.99,4,4,0,0,26-APR-026,AKORFA,30
161520,"CURTAIN FOILED 54X90 BROWN",139,14,14,0,0,26-APR-026,"PRINCE AGYEI",245
184646,"JUTE MAT FRESH 3 ASSORTED 40CMS",29.9,39,37,2,59.8,26-APR-026,JUSTICE,188
190725,"MANICURE 6PCS SET YWU",24.9,3,3,0,0,26-APR-026,"ANANE KOJO",5
200277,"CLOTHES HANGER 6PCS SET ASSTD 6036000075865",16.9,7,7,0,0,26-APR-026,PHILEMON,239
200820,"FRYING PAN 20CM FALU ZHNBAROLY 262520",89,8,20,-12,-1068,26-APR-026,GLADYS,159
66922,"PINHO BRIL LEMON FLOWERS DISINFECTANT 1L  12",32.99,11,11,0,0,26-APR-026,"BENEDICT ABBEY",24
03760,"DOMESTOS CITRUS BLEACH 750ML  9",32.99,7,7,0,0,26-APR-026,GEORGE,112
100816,"LA SALUD DARKDENIM CLOTHING  DETERGENT 4L  4",139.99,1,1,0,0,26-APR-026,GEORGE,110
100898,"FRUTAIL MANGO NECTAR JUICE 1L  12",34.99,23,31,-8,-279.92,26-APR-026,DORA,65
132074,"TOLSEN LITHIUMION BATTERY PACK 20V 8747220AH",339,6,6,0,0,26-APR-026,BOFFOUR,148
182301,"CHIGO FRIDGE DD COMBI 128L REFCRB15C8",3799,1,1,0,0,26-APR-026,AMADU,150
186910,"FOOD CONTAINER 4PCS SET PLASTIC 9860B YWU",139,13,13,0,0,26-APR-026,SOMUAH,274
192710,"GIFT WRAPPING PAPER 50X690MM",14.99,4,5,-1,-14.99,26-APR-026,REGINA,260
189403,"KENWOOD WATER DISPENSER WFRIDGE SILVR WDM20000SI",2249,1,3,-2,-4498,26-APR-026,AMADU,151
130083,"LAYS CHIPS ONION  BALSAMIC 105G  20",15.99,12,12,0,0,26-APR-026,JONATHAN,131
129651,"COLOURING BOOK FAIRY PRINCESS 3129PRCB",16.9,9,9,0,0,26-APR-026,ELLA,21
184388,"CLOTHES HANGER 5PCS SET 41CM PLASTIC XZ3166 YWU",29.9,13,13,0,0,26-APR-026,PHILEMON,238
12404,"BINE MULTI PURPOSE LIQUID SOAP 25L 6",44.99,8,3,5,224.95,26-APR-026,GEORGE,111
158101,"BASKET PERFORATED 5800ML 29X19X10CM PP63900",16.9,10,10,0,0,26-APR-026,SOMUAH,273
182413,"COOKING POT 24CM PALU  ZHNBLY 1070T24",249,1,3,-2,-498,26-APR-026,HERBERT,316
197991,"MCBERRY DUBAI STRAWBERRY CHOCOLATE WAFER 20G  144",.89,31,57,-26,-23.14,26-APR-026,RICHMOND,134
86371,"CUP KIDS PLASTIC W088 YWU",12.9,19,17,2,25.8,26-APR-026,WILLIAM,291
CL155,"BUCKET WITH LID 20LTR 35CMX36CM",42.9,23,24,-1,-42.9,26-APR-026,VICTORIA,283
103490,"AMALFI SHOWER GEL  SALES MINERALES750ML  16",29.99,14,14,0,0,26-APR-026,EVELYN,102
159767,"MUNCHEE MILK CRUNCH BISCUITS 47G  48",2.59,42,42,0,0,26-APR-026,QUARSHIE,137
161075,"AKAI FRIDGE DD 205L SILVER RF060AC28D",3499,1,1,0,0,26-APR-026,AMADU,150
179129,"BALL INFLATION 22CM 10PC",22.9,8,9,-1,-22.9,26-APR-026,ROBIN,264
91840,"NASCO FRIDGE 207L DD COMBI NASD229DD229",4449,1,2,-1,-4449,26-APR-026,AMADU,150
03567,"UMBRELLA FOLDING",75,6,18,-12,-900,26-APR-026,NYARKO,173
111549,"CHIGO FRIDGE DD 132L CRT16C8",2999,1,1,0,0,26-APR-026,AMADU,150
14712,"EASY MOUZOO MANGO  TETRAPACK JUICE 1L 12",23.99,18,19,-1,-23.99,26-APR-026,DORA,65
159598,"SCHOOL STATIONERY GIFT SET SMALL 8899",24.9,1,1,0,0,26-APR-026,ELLA,20
169311,"CURTAIN YARN DYED GROMET BURG EHAYD078BU",179,11,12,-1,-179,26-APR-026,"KINGSLEY OP",194
169315,"CURTAIN YARN DYED GROMET BURG EHAYD079BU",179,2,2,0,0,26-APR-026,"PRINCE AGYEI",245
180340,"NASCO AC SPLIT 2HP R410 INVERTER NASDOC V18V1",9839,1,2,-1,-9839,26-APR-026,AMADU,WH
178294,"BATH SCRUBBER 3PCS SET PLASTIC FIBRE YWU",19.9,2,1,1,19.9,26-APR-026,"NANA ADJEI ",223
178378,"WISDOMS REFINED TABLE SALT 400G  50",5.49,22,57,-35,-192.15,26-APR-026,ELEMAWUSI,41
202553,"FROSTED PLATE 14 B16295M",8.9,31,31,0,0,26-APR-026,"ABIGAIL YEVUGAH",302
CL710,"TAKE AWAY CONTAINER 1000ML 195CMX132CMX75CM",3.9,22,22,0,0,26-APR-026,SYLVIA,279
107930,"DINNER PLATE MELAMINE 10 INCHES ZHN B020105",16.9,31,20,11,185.9,26-APR-026,"ABIGAIL YEVUGAH",301
138802,"WRITING PAD EXAM BOARD POUCH 1PC DOMS 7753",46.9,22,22,0,0,26-APR-026,ATITOGO,15
144274,"AIRPRO TOILET BLOCK CLEANER BLUE 2IN1  12",20.49,20,21,-1,-20.49,26-APR-026,AKORFA,30
167112,"OCEAN AC SPLIT 15HP R410 ACSOKO 12",5399,1,2,-1,-5399,26-APR-026,AMADU,WH
168729,"CURTAIN P VELVET FOILED  54X84 BURGUNDY",209,8,8,0,0,26-APR-026,"PRINCE AGYEI",245
187946,"DECORATIVE ACCESSORY",79,7,7,0,0,26-APR-026,REGINA,259
187964,"JOJONAVI FRUIT APPLE CAN JUICE DRINK  330ML 24",13.49,23,23,0,0,26-APR-026,GIDEON,56
205570,"SIGMA LED TV 43 SAT SMART STVK43V6S",3099,1,3,-2,-6198,26-APR-026,HAYFORD,156
51422,"CLUB SHANDY BOSOE 330ML 24",12.49,3,3,0,0,26-APR-026,GILBERT,162
98453,"WC NET GEL CRYSTAL TOILET CLEANER CITRUS 750ML  12",57.99,1,1,0,0,26-APR-026,EMMANUEL,96
149000,"DOMS MODELLING DOUGH 10SHADE 150GM 8781",24.9,3,3,0,0,26-APR-026,ATITOGO,15
141778,"JAGERMEISTER 100ML 48",83.99,9,57,-48,-4031.52,26-APR-026,GILBERT,167
152252,"HH RICH TEA SANDWICH VANILA CREAMS 32G  72",1.39,75,87,-12,-16.68,26-APR-026,QUARAHIE,138
151356,"CUSHION 450G FILLING ONE SIDE 40X40CM",69,1,36,-35,-2415,26-APR-026,JUSTICE,186
192804,"MELAMINE BOWL 10INCH 10810",19.9,60,60,0,0,26-APR-026,ESTHER,309
192318,"MOP BUCKET WWHEELS AND MOP W2 REFILS 8L T130029",409,2,5,-3,-1227,26-APR-026,ADDO,206
29334,"ANNAPURNA IODISED SALT 900G  25",12.49,25,121,-96,-1199.04,26-APR-026,DORIS,73
84758,"WATER DISPENSER WCUPS 2LITRES PLASTIC DZ1842 YWU",69,4,4,0,0,26-APR-026,QUEENCILLA,256
X612,"TITUS SARDINES IN VEGETABLE OIL 125G 50",16.99,50,216,-166,-2820.34,26-APR-026,CHARITY,43
94171,"FLIRT PURE DISTILLED VODKA SBERRY 375ALC 1L  6",133.99,1,1,0,0,26-APR-026,CHARLES,50
121769,"ROSALINDA MACKEREL 425G  24",21.99,13,13,0,0,26-APR-026,ABIGAIL,124
156772,"LAUNDRY BASKET 39X70CM FOLDABLE FABRIC MESH YWU",22.9,1,12,-11,-251.9,26-APR-026,ODAI,228
150375,"CURTAIN W8 GROMENT GOLD 54X90 JQ029",109,3,15,-12,-1308,26-APR-026,"PRINCE AGYEI",245
161569,"DECAKILA WATER DISPENSER WCABINET 550W KEWF002B",1579,1,1,0,0,26-APR-026,AMADU,148
170881,"DZIRE BLUETOOTH SPEAKER 20W GRAY PSB6021",279,9,9,0,0,26-APR-026,BOFFOUR,148
178219,"BATH SPONGE SET NYLON YWU",19.9,7,7,0,0,26-APR-026,"NANA ADJEI ",223
39954,"PRAN MANGO JUICE TETRA PACK 1L  12",22.99,22,35,-13,-298.87,26-APR-026,DORA,65
202216,"OBA GARI SOAKINGS MIX 4 IN 1 125G  40",4.99,54,54,0,0,26-APR-026,ESINAM,144
81008,"LG MICROWAVE OVEN 20L 850W MS2042DB",2569,1,1,0,0,26-APR-026,GLADYS,158
01853,"BINE MULITI PURPOSE LIQUID SOAP 250ML  24",4.99,6,6,0,0,26-APR-026,"BRIGHT NKANSAH",36
100981,"CURTAIN POLYESTER 54X84  WHANGER DRTH336",169,4,16,-12,-2028,26-APR-026,"PRINCE AGYEI",245
145889,"MYDIBEL SPICY WEDGES  25KG 4",139.99,1,1,0,0,26-APR-026,APPIAH,80
140620,"BATH SPONGE BABIES",18.9,20,27,-7,-132.3,26-APR-026,ODAI,225
149663,"DZIRE FRIDGE SD 89L SILVER REFSD1113A",1849,1,1,0,0,26-APR-026,AMADU,150
160602,"BROOM PLASTIC 31X11X7CM BT1842H",219,2,2,0,0,26-APR-026,VICTORIA,284
170020,"FRY PAN 24CM FALU ZHNBLY 8102324",139,11,11,0,0,26-APR-026,AMA,313
182297,"SIGNATURE CHEST FREEZER SD 243L SBD25C8",4799,1,1,0,0,26-APR-026,AMADU,147
176636,"MOP REFILL SET OF 2PCS KOSI",4.9,19,18,1,4.9,26-APR-026,"NANA ADJEI",219
186995,"X O CHESS  30CM",31.9,12,12,0,0,26-APR-026,ROBIN,264
26350,"SAIRO DERMO HAND WASH 500ML 12",28.99,12,12,0,0,26-APR-026,EMMANUEL,98
64106,"DOLAIT STRAWBERRY YOGHURT 70G 10",4.99,11,11,0,0,26-APR-026,GILBERT,167
100420,"KAREES NATURAL WHITE SUGAR  BOTTLE 400G 20",19.99,23,24,-1,-19.99,26-APR-026,"EMMANUEL HANSON","85 TO 89"
119821,"UNICORN STICKER  ACTIVITY BOOK 38YRS",20.99,9,9,0,0,26-APR-026,ELLA,20
126814,"JUVER  DISFRUTA TROPICAL FRUITS  200ML 30",7.99,30,30,0,0,26-APR-026,SOLOMON,61
156292,"ASEDA LOCAL WHEAT 1KG 10",39.99,4,4,0,0,26-APR-026,FRANKLIN,140
150221,"FILLED CUSHION BLACK 45X45CM DC07",89,4,4,0,0,26-APR-026,"MICHAEL BOYE",210
163086,"CURTAIN JACQUARD 54X90 GREEN LLJ2",169,6,6,0,0,26-APR-026,"KINGSLEY OP",194
166641,"PHOTO FRAME 527X427X45CM SILVER PP ZBM53040S",199,1,1,0,0,26-APR-026,NYARKO,170
166908,"FOOD STORAGE 3PCS SET 2307001350ML PLASTIC 99133",89,7,7,0,0,26-APR-026,SOMUAH,274
184926,"PLUSH BLANKET 200X230CM SOLID 4 COLORS",229,4,20,-16,-3664,26-APR-026,AKAYIRI,191
61348,"ORIJIN SPIRIT MIXED DRINK 300ML 24",13.99,1,117,-116,-1622.84,26-APR-026,GILBERT,162
153010,"AKAI WAFFLE MAKER 1200W SM023A8601",299,1,8,-7,-2093,26-APR-026,HAYFORD,153
180219,"KLEANZ HAND SOAP ORIGINAL ANTIBACTERIAL 500ML  4",22.99,12,14,-2,-45.98,26-APR-026,EMMANUEL,96
179037,"MOTOCYCLE DIE CAST TOYS ASST DESIGN OPP YW",59,15,14,1,59,26-APR-026,ROBIN,264
184373,"NERO EXOTICA DRINK 350ML  12",6.19,29,30,-1,-6.19,26-APR-026,"CHARLES A",52
188858,"BATHMAT 50X80CM BM244 ROYAL BLUE CP",59,10,10,0,0,26-APR-026,"PAUL OWUSU",231
198234,"DUSTBIN 24L RECHARGABLE BLKWHTPLASTIC 8648 YWU",399,1,12,-11,-4389,26-APR-026,QUEENCILLA,257
57554,"SABA DETERGENT  POWDER BUCKET 3KG  1",139.99,4,4,0,0,26-APR-026,EMMANUEL,94
CL703,"TIARA BOWL WITH LID 3PCS SET 1000ML 1700ML 2800ML",49.9,5,5,0,0,26-APR-026,SOMUAH,274
04116,"SPARLETTA QUININE TONIC 350ML 12",5.99,1,16,-15,-89.85,26-APR-026,GILBERT,162
157614,"DUSTBIN FALA ORAGNE 30L 35X29X 54CM PP60801",99,3,3,0,0,26-APR-026,"NANA KOJO",250
164241,"BATH MAT 50X80CM BM4034",49.9,2,2,0,0,26-APR-026,"PAUL OWUSU",233
193420,"OUTDOOR BROOM 16004 HAND GBB",29.9,4,4,0,0,26-APR-026,VICTORIA,284
200337,"SIGMA GAS CYLINDER 125 KG",485,1,1,0,0,26-APR-026,GLADYS,160
82389,"BINATONE AVR 1K DVS1000",799,4,5,-1,-799,26-APR-026,HAYFORD,157
88170,"FONTISSUE NEW TROLL 2PLY 4ROLLS   10",17.99,3,3,0,0,26-APR-026,EMMANUEL,94
66921,"PINHO BRIL WILD PINE PLUS DISINFECTANT 1L  12",32.99,10,10,0,0,26-APR-026,"BENEDICT ABBEY",24
CL337,"DRUM WITH LID AND TAP 70LTR 50CMX63CM",149,1,2,-1,-149,26-APR-026,NYARKO,170
150639,"DIY DIAMOND LX0551176",85,6,6,0,0,26-APR-026,ROBIN,264
167320,"CHIGO WASHING MACHINE TL 8KG WMCWT80S05",3899,1,1,0,0,26-APR-026,AMADU,151
168968,"TCL AC SPLIT 15HP INVERTER TAC12CSAXA73I",6199,1,2,-1,-6199,26-APR-026,GILBERT,162
26952,"VOLTPLUS AVR 5KVA W110V ASSIST OUTPUT AVR6055",1679,1,1,0,0,26-APR-026,GILBERT,162
119334,"KERRYGOLD BUTTER UNSALTED  200G  40",67.99,24,24,0,0,26-APR-026,APPIAH,80
132865,"DINNER PLATE MELAMINE 9 INCHES FEILU 4979",14.9,43,43,0,0,26-APR-026,"ABIGAIL YEVUGAH ",301
171112,"DOMESTOS BLOCKS  DUO OCEAN 55G  7",58.99,6,6,0,0,26-APR-026,AKORFA,30
188198,"BANANA MICROWAVE OVEN WGRILL 20L BMW7202G",999,1,2,-1,-999,26-APR-026,GLADYS,158
44080,"VITAMILK SOYMILK 250ML  36",11.29,20,20,0,0,26-APR-026,DORIS,72
86200,"SPORTS RC CAR 4 FUNCTION W LIGHT MKI861281",129,6,6,0,0,26-APR-026,ROBIN,264
184371,"NERO ICE LEMON DRINK 350ML  12",5.99,12,30,-18,-107.82,26-APR-026,GIDEON,57
192974,"CHOPPING BOARD MEDIUM PLASTIC ZHN ZH026",49.9,1,1,0,0,26-APR-026,HAYFORD,320
190661,"PUFFY TOYS 100G",21.99,8,8,0,0,26-APR-026,ROBIN,264
77313,"OREO ORIGINAL BISCUITS 154G   16",32.99,1,1,0,0,26-APR-026,QUARSHIE,137
71183,"CUVEE DE BARON CABERNET 750ML  6",72.99,5,5,0,0,26-APR-026,CHARLES,48
62429,"YAZZ PANTY LINER  48",13.29,18,21,-3,-39.87,26-APR-026,ELEMAWUSI,39
CL759,"CRISPER CONTAINER RND 2000ML 16CMX14CM",7.9,24,22,2,15.8,26-APR-026,QUEENCILLA,255
07013,"YAZZ WASHING POWDER 500G 12",18.99,21,33,-12,-227.88,26-APR-026,GEORGE,113
120688,"WESTINGHOUSE PANINI GRILL 2SLICE 700W WKCG053",329,1,5,-4,-1316,26-APR-026,HAYFORD,153
150409,"CURTAIN W8 GROMENT GOLD 54X90 JQ033",119,6,6,0,0,26-APR-026,MAJEED,201
161284,"CANVAS PAINTING BEACH 40X40CM PC233006",55,30,30,0,0,26-APR-026,NYARKO,173
168700,"CAMRY SCALE LCD DISPLAY EK3648H RJK",89,13,13,0,0,26-APR-026,HAYFORD,153
178283,"FRY PAN SET 3PCS 202428CM BLY YWU",299,1,1,0,0,26-APR-026,AMA,313
179260,"CAR TIRE INFLATOR GUN",49,2,52,-50,-2450,26-APR-026,BOFFOUR,148
198740,"SERVING TRAY 40X30X4CM WOODEN YWU",199,10,10,0,0,26-APR-026,ESTHER,309
CL573,"CONTAINERS FANCY WITH LID 1500ML 22CMX14CMX6CM",9.9,15,32,-17,-168.3,26-APR-026,SOMUAH,276
CL616,"BASKET WITH LID FLORA 31CMX17CM",14.9,24,32,-8,-119.2,26-APR-026,"NANA KOJO",252
98496,"AMALFI SHOWER GEL RED FRUITS 750ML   16",29.99,10,11,-1,-29.99,26-APR-026,EVELYN,102
107822,"DANO STRAWBRY FLAVOURED MILK 35G 10X8",33.49,4,4,0,0,26-APR-026,ESINAM,144
149579,"DOVE BAR SOAP  CLEAN COMFORT 4PK  12",67.99,9,9,0,0,26-APR-026,EMMANUEL,99
159216,"BIRTHDAY CANDLE",8.99,30,31,-1,-8.99,26-APR-026,SARAH,270
190689,"LAUNDRY BASKET COVERED 40X45CM ASSORTED MYQ9 1920",119,8,13,-5,-595,26-APR-026,"PAUL OWUSU",230
49251,"DEVA DISHWASHING LIQUID SOAP LEMON 25L  6",73.99,7,6,1,73.99,26-APR-026,GEORGE,111
49705,"FA  ROLLON ATTRACTION FORCE 50ML  24",23.99,13,21,-8,-191.92,26-APR-026,"ANANE KOJO",5
CL094,"MOP BUCKET SQUARE 9LTR 38CMX27CMX27CM",49.9,18,34,-16,-798.4,26-APR-026,VICTORIA,282
103498,"AMALFI SHOWER GEL MINERAL PURE  750ML  16",29.99,13,12,1,29.99,26-APR-026,EVELYN,102
121948,"BLANKET POPCORN 150X200CM ASTD",179,2,2,0,0,26-APR-026,AKAYIRI,193
130997,"PHILIPS LED BULB 10W B22 3000K 929001977468",22,1,1,0,0,26-APR-026,BOFFOUR,148
143779,"SAIRO HAIR SPRAY NORMAL  400ML  8",53.99,6,8,-2,-107.98,26-APR-026,"ANANE KOJO",6
157607,"DUSTBIN FALA BLUE 30L 35X29X 54CM PP60803",99,4,4,0,0,26-APR-026,"NANA KOJO",250
150684,"AKAI STANDING FAN 18 EF115A1810S",699,1,1,0,0,26-APR-026,BOFFOUR,148
162308,"BOTTLE OPENER SS WOOD HANDLE ILC MC73052 RJK",9.9,1,21,-20,-198,26-APR-026,NYARKO,170
178484,"CURTAIN TIE BACK 2PCS SET 6COLOR MIX",69,13,15,-2,-138,26-APR-026,ADDO,206
185445,"CURTAIN BKT GROM BROWN 54X90 02PA7261C",109,5,5,0,0,26-APR-026,MAJEED,200
100814,"LA SALUD COLOR CLOTHING DETERGENT GEL 4L  4",139.99,1,1,0,0,26-APR-026,GEORGE,110
102199,"BEAUTY FORMULAS FACIAL WIPE DEEP CLEANSING 30S 12",20.49,10,10,0,0,26-APR-026,"BRIGHT NKANSAH",35
109739,"CUSHION VELVET POPPOM 43X43CM 400G SDF01",89,4,25,-21,-1869,26-APR-026,ADDO,203
160872,"DINNER PLATE MELAMINE 10 INCHES FEILU 216105",18.9,60,129,-69,-1304.1,26-APR-026,"ABIGAIL YEVUGAH",301
186699,"RAINBOW CONTAINER 5PC SET ROUND PLASTIC RJK 20205",34.9,2,13,-11,-383.9,26-APR-026,SYLVIA,279
187989,"SPRITE GLASS BOTTLE 250ML 24",10.99,7,22,-15,-164.85,26-APR-026,SOLOMON,61
188989,"PLATINUM BEEF PATE 400G X 20",27.99,30,30,0,0,26-APR-026,ABIGAIL,124
71565,"TOLSEN LNG ARM HEX KEY 9P SET5225345 20048",59,2,2,0,0,26-APR-026,BOFFOUR,148
69122,"SHINE BAKING PAPER 50SQR FT  24",24.99,16,16,0,0,26-APR-026,ELEMAWUSI,40
90679,"ODEX BLEACH PINK 1200ML  12",27.99,13,13,0,0,26-APR-026,GEORGE,112
02572,"PURE HEAVEN APPLE JUICE 1L 8",35.99,7,7,0,0,26-APR-026,DORA,65
128739,"TOWEL BABY HOODED",49.9,18,31,-13,-648.7,26-APR-026,"MICHAEL BOYE",212
14810,"DEVA TROPICAL LIQUID HAND SOAP 350ML 24 10206",18.99,15,15,0,0,26-APR-026,EMMANUEL,97
162706,"DINNER PLATE MELAMINE 12 INCHES FEILU 391212",18.9,61,61,0,0,26-APR-026,"ABIGAIL YEVUGAH",301
172883,"FRY PAN 28CM FALU ZHNBLY 1808328",159,6,6,0,0,26-APR-026,AMA,313
184321,"ORGANIZER BOX 4LAYER BAMBOO UR3473",99,13,4,9,891,26-APR-026,SYLVIA,279
190102,"NAIL DRYER ASSORTED",99,3,13,-10,-990,26-APR-026,HAYFORD,157
192340,"LAUNDRY BRUSH L19018",24.9,67,67,0,0,26-APR-026,"NANA ADJEI",222
189503,"3PC COMFORTER SET KING 102X86 MF ASST 03CO0477",329,2,5,-3,-987,26-APR-026,JUDE,182
25362,"EMBORG SKIMMED UHT MILK 1L 12",46.99,7,6,1,46.99,26-APR-026,DORIS,71
32477,"FRESHDAYS 2 IN 1 PANTYLINERS 24 LINERS 12",20.99,7,7,0,0,26-APR-026,ELEMAWUSI,38
128908,"STAPLES NO10 SOFT CLICK 131951ELP",37.9,9,9,0,0,26-APR-026,ATITOGO,15
148533,"ARTIFICIAL PLANT 115CM",469,1,2,-1,-469,26-APR-026,NYARKO,170
42283,"PELICAN XXX RUM 750ML 12",99.99,11,11,0,0,26-APR-026,"CHARLES A",51
CL362,"BUCKET WITH LID AND TAP 25LTR 38CMX39CM",69,4,3,1,69,26-APR-026,VICTORIA,283
103492,"AMALFI SHOWER GEL MINERAL CREAM 750ML  16",29.99,10,10,0,0,26-APR-026,EVELYN,102
107586,"RIGHT GUARD DEO SPRAY TOTAL DEFENCE SPORT 250ML  6",42.99,2,3,-1,-42.99,26-APR-026,"ANANE KOJO",5
128879,"CLIPBOARD TEAR SEAL PP 7770A4 268770ELP",29,1,1,0,0,26-APR-026,ATITOGO,15
155176,"MSTA COLOURED PENCIL SKIN SET 20PCS 268459",69,4,4,0,0,26-APR-026,ATITOGO,15
157617,"DUSTBIN QUATRO GREY SWING 12L 26X24X35CM PP60704",99,1,8,-7,-693,26-APR-026,"NANA KOJO",251
161282,"CANVAS PAINTING AFRICAN 40X40CM PC233004",55,2,2,0,0,26-APR-026,NYARKO,170
160046,"BOTTLE WINFUSER 750CC PLASTIC 161557000",24.9,5,5,0,0,26-APR-026,WISE,296
205572,"SIGMA LED TV 50 SAT SMART UHD STVKU50V6S",4399,1,1,0,0,26-APR-026,HAYFORD,153
81564,"LG MICROWAVE OVEN 42L GRILL MH8265DISMH826542LG",4599,1,3,-2,-9198,26-APR-026,GLADYS,158
97693,"LA SALUD DEGREASER HOUSEHOLD CLEANER 15L  8",41.99,2,3,-1,-41.99,26-APR-026,"BENEDICT ABBEY",25
125371,"FLUENCY SENTENCES BOOK SERIES",29.9,1,1,0,0,26-APR-026,ATITOGO,15
124062,"VOLLEY BALL MIX COLORS BAISIDIWEI",69,12,33,-21,-1449,26-APR-026,REGINA,260
121318,"VARTA BATTERY HIGH ENERGY C BLISTER 2",75,7,11,-4,-300,26-APR-026,AKUSHIKA,166
121334,"VARTA BATTERY LITHIUM CR1616 BLISTER 1",41,12,14,-2,-82,26-APR-026,AKUSHIKA,166
124507,"DOOR MAT SOFT 0609 WELCOME 2COLOR JOINT 38X58",49.9,17,17,0,0,26-APR-026,JUSTICE,187
148072,"CURTAIN WGROMET BLKOUT TAUGLD 02PA6790B",169,1,1,0,0,26-APR-026,"KINGSLEY OP",194
156291,"ASEDA LOCAL WHITE RICE 5KG 5",139.99,3,4,-1,-139.99,26-APR-026,ELEMAWUSI,41
164795,"AKAI HAIR DRYER 20002400W HD008A9629",279,3,17,-14,-3906,26-APR-026,HAYFORD,155
179911,"WALL CLOCK 402X402X48 1663E",129,1,7,-6,-774,26-APR-026,"ARTHUR JONADAB",10
185448,"CURTAIN BKT GROM BEIGE 54X90 02PA7261F",109,3,3,0,0,26-APR-026,"PRINCE AGYEI",245
188884,"TECNO MOBILE SPARK 40 4GB128GB KM5",1799,1,1,0,0,26-APR-026,BOFFOUR,148
78011,"FANICE CHOCOLATE 2L X 1",75.99,4,4,0,0,26-APR-026,ELVIS,77
D635,"BINE DISINFECTANT 05L  25",15.99,11,23,-12,-191.88,26-APR-026,GEORGE,112
106811,"SHINE GARBAGE BAGS 40L   30   12",35.99,12,48,-36,-1295.64,26-APR-026,ELEMAWUSI,39
167748,"SAUCE PAN 24CM 2MM ALU FORGED HROLAND HR1581 RJK",249,8,8,0,0,26-APR-026,"WILFRED OSEI",288
78483,"BABY POTTY VOLK DESIGN BLUEPINK  N305",89,1,1,0,0,26-APR-026,"NANA KOJO",252
54534,"EVERPACK EVERGREEN TOILET ROLL PACK OF 10      7",26.99,1,6,-5,-134.95,26-APR-026,MAHAMA,91
M111,"SM BUTTERFLY SEWING MACHINE HAND WOOD JA21",1149,2,2,0,0,26-APR-026,DORIS,73
126807,"JUVER DISFRUTA 10 FRUITS  10 VITAMINS 200ML 30",7.99,30,30,0,0,26-APR-026,SOLOMON,61
149218,"AIRPRO NAPHTALENE BALLS COLOURED BIG 300G  60",22.99,82,87,-5,-114.95,26-APR-026,EZEKIEL,106
168760,"CURTAIN P JAQUARD 54X84 BEIGE 25TH10",189,1,1,0,0,26-APR-026,"KINGSLEY OP",194
57734,"NEON PREMIUM ORIGINAL VODKA  750ML  12",69.99,12,12,0,0,26-APR-026,CHARLES,49
D796,"TASTY TOM TOMATO PASTE EO 210G 24",10.99,24,85,-61,-670.39,26-APR-026,JONATHAN,131
187655,"LED LIGHT 4PCS",79,3,3,0,0,26-APR-026,GLADYS,161
183515,"WATER BOTTLE PULSE 850ML PHYL1005",49.9,6,6,0,0,26-APR-026,WISE,296
198401,"WALL CLOCK 305X305X44 1205B",75,8,8,0,0,26-APR-026,"ARTHUR JONADAB",10
198561,"BBQ UNIT WFAN 30X80CM METAL YWU",599,1,2,-1,-599,26-APR-026,HERBERT,169
197089,"MCBERRY WHEAT PUFFS CEREAL WITH HONEY 19G 100",1.99,93,93,0,0,26-APR-026,CHARLES,46
204555,"MARILAN BISC TEENS SNACK CHOCOLATE 30G  80",2.99,45,80,-35,-104.65,26-APR-026,CHARLES,46
86623,"MIDEA AC SPLIT 2 HP R410 MSAF18CRN1MSMAC18CRN1",8299,1,2,-1,-8299,26-APR-026,GILBERT,162
91430,"CHOP TIME SERVIETTE 29CMX29CM 100SHEETS  15",7.49,4,4,0,0,26-APR-026,MAHAMA,90
03616,"BOUNTY PAPER TOWEL 2PLY SHEETS   12",70.99,12,11,1,70.99,26-APR-026,MAHAMA,92
104891,"FANMILK FANICE VANILLA ICE CREAM 500ML 6",25.99,16,17,-1,-25.99,26-APR-026,ELVIS,77
162114,"FONTISSUE WRAPPED TOILET TISSUE 10S  7",50.99,4,8,-4,-203.96,26-APR-026,EMMANUEL,94
174421,"VOYAGES BOOKS 4SET",39.9,4,4,0,0,26-APR-026,ELLA,19
19424,"ZWAN CHOPPED HAM  PORK 200G   12",58.99,20,20,0,0,26-APR-026,"GIDEON GBLOGAH",122
206732,"MIDEA MICROWAVE OVEN 42L WGRILL BLACK EM034A2MOB",2149,1,2,-1,-2149,26-APR-026,GLADYS,158
D136,"LUNCH NAPKINS PLAIN 100SHTS 15",9.29,8,24,-16,-148.64,26-APR-026,MAHAMA,90
96460,"NIVEA PEARLBEAUTY APERSP DEO SPRAY 250ML  6",70.99,2,2,0,0,26-APR-026,"ANANE KOJO",5
167022,"FRYING PAN WDETACHABLE HANDLE 28 CM 231228CM",129,3,3,0,0,26-APR-026,"WILFRED OSEI",288
168752,"WINDOW CURTAIN P VELVET EMBOSSED 54X84 25YB9",159,5,8,-3,-477,26-APR-026,"PRINCE AGYEI",245
187942,"DECORATIVE ACCESSORY",65,2,2,0,0,26-APR-026,REGINA,259
192931,"AKAI QLED TV 43 2K SMART LT4309T2S2QSMT",3499,1,8,-7,-24493,26-APR-026,HAYFORD,156
190666,"SOFA THROW 125X150CM ASSORTED MYQ9 1912",69,13,14,-1,-69,26-APR-026,AKAYIRI,191
191750,"DZIRE INFRARED COOKER 3000W ICFCYZ1002",649,1,1,0,0,26-APR-026,GLADYS,160
93718,"EVERPACK WET NAPKINS 10X100PCS   15",61.99,6,6,0,0,26-APR-026,MAHAMA,92
121946,"3PCS BEDSPREAD SET PR KG 220X240CM ASRTD",279,15,16,-1,-279,26-APR-026,ADDO,207
153228,"FABRIC SOFTNER MON BIJOU MACIEZ 17L  6",51.99,9,8,1,51.99,26-APR-026,AKORFA,32
171680,"AKAI STANDING FAN 18 EF117A1812",489,1,2,-1,-489,26-APR-026,BOFFOUR,148
193430,"INVENTORS AND DREAMERS ACTIVITY BOOK 22X28CM",43.99,10,10,0,0,26-APR-026,ELLA,19
198432,"WATER BOTTLE 900ML PLASTIC FROSTED YY469 YWU",79,6,6,0,0,26-APR-026,WISE,295
195763,"WESTINGHOUSE TUMBLER STAINLESS STEEL WCBL0058",159,3,3,0,0,26-APR-026,WILLIAM,292
X446,"NESCAFE CLASSIC 50G 48",58.99,22,24,-2,-117.98,26-APR-026,ESINAM,144
104376,"DESTELLO FLOOR CLEANER SUPER FRESH 1500ML  12",29.99,7,7,0,0,26-APR-026,"BENEDICT ABBEY",24
120807,"JAMAA DETERGENT 420G  12",12.49,25,26,-1,-12.49,26-APR-026,GEORGE,113
168269,"CURTAIN EM BKT GROM BEIG 54X90 02PA6993C",109,1,1,0,0,26-APR-026,"KINGSLEY OP",194
176151,"KIDS AIR BALL 22CM",19.99,40,40,0,0,26-APR-026,REGINA,560
101473,"PASCUAL YOGIKIDS YOGURT STRAWBERRY BANANA 125G 6",58.99,5,1,4,235.96,26-APR-026,FRANKLIN,140
116649,"PRINCE CHOCOLATE 130G   20",12.99,7,22,-15,-194.85,26-APR-026,QUARSHIE,137
138575,"DOVE BAR SOAP SHEA BUTTER 90G  48",16.99,28,27,1,16.99,26-APR-026,EMMANUEL,99
148304,"BBQ GRILL CHARCOAL PIZZA STYLE 22 22022P",1499,1,1,0,0,26-APR-026,AMADU,147
153592,"AKAI LED TV 50 SAT SMART UHD WEBOS LT5007T2S2SMT",5389,1,3,-2,-10778,26-APR-026,HAYFORD,156
168105,"FILLED CUSHION P JAQUARD 45X45CMPINK DC255",129,2,16,-14,-1806,26-APR-026,JUSTICE,186
187945,"DECORATIVE ACCESSORY",149,6,6,0,0,26-APR-026,REGINA,259
13991,"LELE CORNED BEEF 340G 12",51.99,13,14,-1,-51.99,26-APR-026,ABIGAIL,124
16899,"PLATINUM MACKEREL IN TOMATO SAUCE 425G 24",22.99,139,344,-205,-4712.95,26-APR-026,"GIDEON GBLOGAH",122
191849,"CAR EMERGENCY KIT",135,2,14,-12,-1620,26-APR-026,BOFFOUR,148
57737,"NEON ORANGE VODKA  750ML  12",69.99,12,12,0,0,26-APR-026,CHARLES,50
D502,"PRIMA LIQUID SOAP ORANGE 45L 6",75.99,20,20,0,0,26-APR-026,GEORGE,111
91456,"DON SIMON MANGO JUICE DRINK 500ML 12",24.99,4,15,-11,-274.89,26-APR-026,"DORA ",65
129574,"SAMSUNG AC SPLIT 15HP R410 AR12CRHGAWKAF",7749,1,2,-1,-7749,26-APR-026,GILBERT,162
153834,"ACTIVITY BOOK MATHS 22X28CM",41.99,17,17,0,0,26-APR-026,ELLA,19
158742,"CARPET CREAM 140X200CM TIMMYF14X20M",749,1,2,-1,-749,26-APR-026,PRINCE,240
192329,"SPONGE  SCOURER 4PCS SET F130031",16.9,40,40,0,0,26-APR-026,"WILFRED OSEI",290
190728,"MANICURE 5PCS SET YWU",19.9,3,3,0,0,26-APR-026,"ANANE KOJO",5
68488,"BARON DE FRANC MEDIUM SWEET RED WINE 750ML  6",72.99,17,17,0,0,26-APR-026,CHARLES,48
95405,"FANTA COCKTAIL PET 300ML 12",6.49,1,157,-156,-1012.44,26-APR-026,GILBERT,162
100075,"OPTIMA MUSICAL KEYBOARD STAND OPSK0261",415,1,2,-1,-415,26-APR-026,HAYFORD,157
141778,"JAGERMEISTER 100ML 48",83.99,48,57,-9,-755.91,26-APR-026,CHARLES,47
156226,"CASTILLO DE LANDA SWEET RED WINE 11 VOL 750ML 12",79.99,20,26,-6,-479.94,26-APR-026,CHARLES,47
164611,"SHOWER RACK HANGING METAL 2 TIER ORSA 173",119,2,2,0,0,26-APR-026,"MORGAN ONGOH",217
162389,"X NATURAL MINERAL WATER 750ML 15",2.39,11,161,-150,-358.5,26-APR-026,GILBERT,162
167594,"BINATONE STANDING FAN 18 RECHARGEABLE RCFM 1875",1949,2,2,0,0,26-APR-026,BOFFOUR,148
168013,"FILLED CUSHION P VELVET 45X45CMGREY DC243",109,11,12,-1,-109,26-APR-026,"JOSEPH PATRICK",177
A901,"CONDOR PEAK BLANC WINE 750ML 12",79.99,35,35,0,0,26-APR-026,CHARLES,49
95077,"MENTOS GUM PURE FRESH MINT 8DBX6BTLX35PCS  48",71.99,16,16,0,0,26-APR-026,AKUSHIKA,166
95682,"AMALFI BATH  SHOWER GEL INTENSE  750ML  16",29.99,12,10,2,59.98,26-APR-026,EVELYN,102
131047,"BREF WC BLOCK POWERACTIVE PINE DUO 10",65.99,5,5,0,0,26-APR-026,AKORFA,30
169110,"AKAI GAS COOKER 4B 50X55 BLACK GC066A5110",2199,1,2,-1,-2199,26-APR-026,AMADU,147
190030,"DOOR BELL WPLUG 2COLOR",109,15,15,0,0,26-APR-026,BOFFOUR,148
200644,"TCL AC SPLIT 15HP INVERTER R32 TAC12CSDXA73I",4399,1,2,-1,-4399,26-APR-026,GILBERT,162
23697,"MR MUSCLEGLADE ALL PURPOSE CLEANER FLORA 1L 12",54.99,11,11,0,0,26-APR-026,"BENEDICT ABBEY",25
202143,"SWING BIN HIPPO 50 LT GREY GREEN UP237212",179,6,6,0,0,26-APR-026,VICTORIA,282
76901,"UNOLI MAYONNAISE 1000G  6",87.99,12,28,-16,-1407.84,26-APR-026,CHARITY,43
74232,"AKAI RICE COOKER 18L CK014A18L",619,1,1,0,0,26-APR-026,GLADYS,158
65359,"MULIK STRAWBERRY MILK DRINK 500ML 18",36.99,18,22,-4,-147.96,26-APR-026,DORIS,73
CL677,"PET JAR ROUND 1500ML 105CMX155CM",4.9,10,12,-2,-9.8,26-APR-026,"WILFRED OSEI",289
CL693,"TIARA BOWL WLID 2800ML 25CMX22CMX10CM",22.9,12,12,0,0,26-APR-026,SOMUAH,276
168757,"CURTAIN P VELVET EMBOSSED 54X84 BEIGE 25YB9",159,12,12,0,0,26-APR-026,ADDO,206
190500,"BATHMAT TIE DIE WLATEX ASSORTED 40X60CM",23.9,10,12,-2,-47.8,26-APR-026,"PAUL OWUSU",233
40236,"MYYO VANNILA YOGHURT CEREALS 360ML  12",21,2,14,-12,-252,26-APR-026,GILBERT,167
76012,"MYDIBEL SHOESTRING FRIES GRADE A 77  25KG  4",119.99,7,7,0,0,26-APR-026,APPIAH,80
72673,"DEVA SOFTENER  SENSITIVE  4L  4",135.99,4,4,0,0,26-APR-026,AKORFA,31
107728,"HAPPYFLAKES ORIGINAL TASTE CORN FLAKES 500G  10",46.99,40,58,-18,-845.82,26-APR-026,DORIS,73
118155,"BASIN QUADRALOGIC PLASTIC 24LTR 02020220",79,2,2,0,0,26-APR-026,VICTORIA,283
151567,"GALAXY CONCEPT SPRAY  MIDNIGHT 200ML 12",31.99,8,8,0,0,26-APR-026,"ANANE KOJO",5
161459,"CURTAIN 54X90  BEIGE",129,12,12,0,0,26-APR-026,JUSTICE,185
169873,"NASCO GAS COOKER 5B 80X60 SILVER NASGCAMG80S",4999,1,2,-1,-4999,26-APR-026,AMADU,147
CL695,"TIARA BOWL WLID 1000ML 18CMX16CMX7CM",12.9,13,13,0,0,26-APR-026,SOMUAH,276
110778,"SUNNY BROWN SUGAR SACHET 12KG 24",59.99,11,26,-15,-899.85,26-APR-026,APPIAH,83
130880,"TEALIGHT SET CLR WHITE 4PCS  AX5430080",16.9,1,1,0,0,26-APR-026,QUEENCILLA,257
184161,"AKAI FRIDGE SD 90L SILVER RF137AC90L",1899,1,2,-1,-1899,26-APR-026,AMADU,150
193433,"PIXEL STICKER ACTIVITY BOOKS 22X28CM",43.99,8,8,0,0,26-APR-026,ELLA,19
204546,"CUP WITHOUT HANDLE INSULATED 900ML HCVB1496",69,50,49,1,69,26-APR-026,WILLIAM,292
83490,"CHIGO GAS COOKER 4B 60X60 CAST GR F6402 ILGGRPR",4739,1,2,-1,-4739,26-APR-026,AMADU,147
72679,"NOVA PUREZONE BLUE 2LTS  8",49.99,7,7,0,0,26-APR-026,GEORGE,112
101011,"CURTAIN POLYESTER 52X84 WHANGER BLK56",119,12,12,0,0,26-APR-026,JUSTICE,185
121950,"BLANKET POPCORN 200X220CM ASTD",229,2,14,-12,-2748,26-APR-026,AKAYIRI,193
134325,"FRESHDAYS NORMAL SCENTED 72 X 6",59.99,5,5,0,0,26-APR-026,ELEMAWUSI,38
148010,"PAINTING FLOWER DESIGN 6DESIGNS 53X83CM",199,8,8,0,0,26-APR-026,NYARKO,170
169310,"CURTAIN YARN DYED GROMET BEIG EHAYD078BE",179,10,10,0,0,26-APR-026,"PRINCE AGYEI",245
167397,"DINNER SET PORCELAIN WHITE 12PCS ST3235 RJK",149,3,4,-1,-149,26-APR-026,BOFFOUR,329
190553,"FLIP CHART BOARD 70X100 S104T70100",729,1,2,-1,-729,26-APR-026,FRANCIS,"ZONE 367"
CL626,"PET JAR SQUARE 2000ML 125CMX125CMX18CM",5.9,10,26,-16,-94.4,26-APR-026,"WILFRED OSEI",289
90667,"LA SALUD SPA  FLOOR CLEANER 15 L  10",25.99,3,3,0,0,26-APR-026,"BENEDICT ABBEY",25
100413,"KAREES NATURAL WHITE SUGAR  BOTTLE  18KG 6",66.99,6,6,0,0,26-APR-026,"EMMANUEL HANSON","85 TO 89"
104822,"SOFT  FABRIC SOFTENER SKY BLUE  1L  12",76.49,12,12,0,0,26-APR-026,AKORFA,32
105645,"DEEP PLATE 8INCHES PLASTIC AB3 SSPD YWU",4.9,2,3,-1,-4.9,26-APR-026,SYLVIA,280
114113,"AKAI CEILING FAN 52 DECORATIVE EF107A52CF",1989,1,1,0,0,26-APR-026,BOFFOUR,148
128925,"PAPER PUNCH NOPERFO40 170776ELP",85,5,12,-7,-595,26-APR-026,ATITOGO,15
120378,"FREEDOM BOTTLE BEER 330ML 24",10.99,1,95,-94,-1033.06,26-APR-026,GILBERT,162
121989,"VISTA A3 ROTATRIM",199,4,9,-5,-995,26-APR-026,ATITOGO,15
148701,"MEDAL GOLDSILVERCOPPER",15.9,15,15,0,0,26-APR-026,QUEENCILLA,257
171935,"NASCO GAS COOKER 4B 50X50 BLACK NASGCSNIPER50TB",1899,1,2,-1,-1899,26-APR-026,AMADU,147
178689,"CURTAIN EMBO GROMT BEIGE 52X90 02PA7150A",99,12,12,0,0,26-APR-026,JUSTICE,185
195689,"STORAGE CONTAINER RND LOCKLID PLASTIC 5L HL0125TC",19.9,3,3,0,0,26-APR-026,QUEENCILLA,255
98483,"AMALFI HAND SOAP ANTI BACTERIAL AGENT 500ML 12",25.99,18,18,0,0,26-APR-026,EMMANUEL,98
102486,"MR MUSCLE WINDOW  SURFACE CLEANER LAV750ML  12",99.99,11,11,0,0,26-APR-026,"BENEDICT ABBEY",25
157682,"DUSTBIN MATT SWING GRN 5L 19X19Xh30CM PP50603",49.9,9,8,1,49.9,26-APR-026,"NANA KOJO",250
179235,"SALES ORDER BOOK 165X12CM",11.9,5,4,1,11.9,26-APR-026,ATITOGO,15
186917,"BATHMAT 50X80CM D4 CT ASTD 4COLORS JBT52204",49,31,15,16,784,26-APR-026,"PAUL OWUSU",232
183456,"HARMONY PILLOW 50X7035CM 3DF 850GM",129,12,13,-1,-129,26-APR-026,"JOSEPH PATRICK",176
18449,"DEVA DISHWASHING LIQUID LIME 400ML 24 10402",19.99,12,12,0,0,26-APR-026,"BRIGHT NKANSAH",36
191349,"NASCO FRIDGE DD 86L NASF211FLB",1799,1,4,-3,-5397,26-APR-026,AMADU,150
189662,"BATHMAT SHAGGY 40X60CM CT ASSORTED MYQ91902",29.9,10,41,-31,-926.9,26-APR-026,"PAUL OWUSU",233
D797,"TASTY TOM TOMATO PASTE EO 400GMS 24",16.99,19,83,-64,-1087.36,26-APR-026,CHARITY,42
98547,"GETTOL ANTISEPTIC LEMON 125ML  48",9.69,14,15,-1,-9.69,26-APR-026,AKORFA,29
96933,"5 STAR KAESAR COLA DRINK 350ML 20",2.89,3,87,-84,-242.76,26-APR-026,GILBERT,162
97706,"AMALFI HAIR CONDITIONER 3 ACTION 1000ML  8",50.99,2,4,-2,-101.98,26-APR-026,"ANANE KOJO",6
117646,"SOAP CASE PLASTIC UR3144",6.9,110,109,1,6.9,26-APR-026,ODAI,228
121320,"VARTA BATTERY SUPERLIFE AAA BLISTER 4",42,8,18,-10,-420,26-APR-026,AKUSHIKA,166
139578,"GORDONS PINK BERRY GIN 750ML 12",179.99,3,3,0,0,26-APR-026,CHARLES,49
150277,"CURTAIN W8 GROMENTS GREY 54X90 BP031",159,3,3,0,0,26-APR-026,MAJEED,201
16639,"STORM ENERGY DRINK  500ML  12",8.69,8,8,0,0,26-APR-026,GIDEON,57
159854,"STICKY NOTE 100X5 500SHEET ASSORTED COL 76X76MM",22.9,16,16,0,0,26-APR-026,ATITOGO,15
184311,"SERVING TRAY SQUARE 185X185MM PLASTIC UR3445",44.9,68,71,-3,-134.7,26-APR-026,ESTHER,308
184526,"3PCS BEDSPREAD SET PR 102X86 MPBSK ASTD",279,1,11,-10,-2790,26-APR-026,AKAYIRI,191
188865,"BATHMAT 50X80CM BM269 BLACK CP",59,12,12,0,0,26-APR-026,"PAUL OWUSU",233
72672,"DEVA SOFTENER LAVENDER  4L  4",135.99,4,7,-3,-407.97,26-APR-026,AKORFA,32
91433,"BECKY QUEEN GRAFIK  TIMES 250G  12",30.99,16,16,0,0,26-APR-026,"EMMANUEL HANSON",85
126662,"LA SALUD BLEACH WITH DETERGENT  LEMON 5L 3",77.49,2,2,0,0,26-APR-026,GEORGE,110
131895,"TOUCH OCEAN SOFTENER 2L  6",42.99,3,8,-5,-214.95,26-APR-026,AKORFA,32
148006,"PAINTING ALUMINUM ALLOY FRAME 60X60CM",289,10,10,0,0,26-APR-026,NYARKO,170
179988,"CURTAIN YD PL GROMT BLUE 54X90 24EHM004",169,16,16,0,0,26-APR-026,ADDO,205
187300,"CURTAIN ROD MATT BLACK 3BRAKET 160300CM M16300MB",99,8,10,-2,-198,26-APR-026,"NANA KOJO",250
182967,"FRYING PAN 22CM FALU ZHNBLY 8107622",99,5,5,0,0,26-APR-026,"WILFRED OSEI",287
40489,"EVERPACK TOILET ROLL FLUFFY 1PACK OF 24ROLLS",79.99,1,1,0,0,26-APR-026,MAHAMA,90
D503,"PRIMA LIQUID SOAP ORANGE 25L 10",48.99,10,10,0,0,26-APR-026,GEORGE,111
A808,"HERB AFRIK GIN BITTERS 700ML 10",59.99,10,10,0,0,26-APR-026,"CHARLES A",52
103784,"GIVERS GLASS  CLEANER 750ML  20",17.99,14,14,0,0,26-APR-026,"BENEDICT ABBEY",25
104623,"SERVING TRAY 17INCHES MELAMINE TY0063 YWU",29.9,0,25,-25,-747.5,26-APR-026,ESTHER,306
116390,"OCEAN AVR 5K OCAVSS 4050 B Z",1939,3,4,-1,-1939,26-APR-026,HERBERT,169
134323,"PRIVATE MAXI SUPER 9 X 12",16.49,11,11,0,0,26-APR-026,ELEMAWUSI,39
140724,"SCIENCE AROUND US 46X30X10CM",34.9,7,7,0,0,26-APR-026,ELLA,19
150383,"AKAI CHEST FREEZER DD 508L CF056AC508",8989,1,1,0,0,26-APR-026,AMADU,149
164673,"DINNER SET 18PCS SET CERAMIC ET02202",99,1,2,-1,-99,26-APR-026,BOFFOUR,329
168659,"AKAI HIFI SPEAKER 120W 8D HT027A602",3999,1,1,0,0,26-APR-026,HAYFORD,157
179732,"AKAI RICE COOKER 15L 500W CK022A15LS",399,1,2,-1,-399,26-APR-026,HAYFORD,157
179229,"WATER GUN 42CM YW OPP",44.9,5,5,0,0,26-APR-026,ROBIN,264
185299,"COLANDER WSIDE HANDLES BLACK 32CM XY2331",49.9,53,53,0,0,26-APR-026,AMA,311
98710,"GALAXY SPARKLING WINE FRUIT COCKTAI DRINK 750ML 12",57.99,12,64,-52,-3015.48,26-APR-026,CHARLES,47
108265,"FRICTION TOY TRUCK POWERFUL E46 MKL047066",79,1,7,-6,-474,26-APR-026,ROBIN,264
115390,"TABLE LAMP WARM B36793 135068939931",429,1,4,-3,-1287,26-APR-026,AMADU,WH
124123,"SPONGE GREEN 5PCS SET 1909108",22.9,19,19,0,0,26-APR-026,"WILFRED OSEI",289
138232,"ROSSWOOD PREM ROASTED CASHEW NUTS NO SALT 168G  24",60.99,15,16,-1,-60.99,26-APR-026,CHARLES,47
145125,"DUSTBIN QUATRO BLKSLR SWING 28L 36X29X49CM PP65804",139,9,9,0,0,26-APR-026,"PAUL OWUSU",230
149367,"NASCO FRIDGE DD COMBI 196L NASD224FL",3799,1,1,0,0,26-APR-026,AMADU,150
179066,"NYLON ROPE 10M OPP YW",4.9,3,3,0,0,26-APR-026,ODAI,225
187695,"HUMIDIFI CANDOR 13L",189,66,7,59,11151,26-APR-026,HAYFORD,157
19819,"ENERGIZER BATTERY ALKALINE AAA MAX31 1X10 20PK",59.9,5,31,-26,-1557.4,26-APR-026,"ARTHUR JONADAB",10
29334,"ANNAPURNA IODISED SALT 900G  25",12.49,79,121,-42,-524.58,26-APR-026,"GIDEON GBLOGAH",122
61238,"EVP EASY TIE TRASH BAG BLACK XL 100L 10PCS  12",33.99,36,36,0,0,26-APR-026,ELEMAWUSI,40
X456,"NESCAFE CLASSIC TIN 200G 12",169.99,14,14,0,0,26-APR-026,ESINAM,144
97651,"SUNLIGHT GREEN DISH WASH BTL 400ML  24",27.99,30,30,0,0,26-APR-026,"BRIGHT NKANSAH",36
95673,"AMALFI BATHSHOWER GEL WILD ROSE 750ML  16",29.99,8,8,0,0,26-APR-026,EVELYN,102
124075,"MOPBUCKET SET PLASTIC 1909197",249,1,1,0,0,26-APR-026,NYARKO,172
133936,"PROFA TOM BROWN WITHOUT GINGER CEREAL MIX 800G  24",49.99,21,21,0,0,26-APR-026,FRANKLIN,140
133978,"PENCIL CASE KL11580",25.9,24,33,-9,-233.1,26-APR-026,"ARTHUR JONADAB",11
145172,"SOAP PUMP W SINK TIDY SET PICNIC 3865",14.9,2,2,0,0,26-APR-026,ODAI,225
153889,"WARD GARDEN STORE BK STRATA 115X55X60 GN220BLKEX",499,1,1,0,0,26-APR-026,VICTORIA,282
192926,"MIGLIO SMOKED CHICKEN FRANKS 340G X 32",19.99,257,344,-87,-1739.13,26-APR-026,"ELVIS ",76
38043,"PARIDOX ALATA SAMINA BS GEL ALOE VERA 450ML 20",41.99,13,25,-12,-503.88,26-APR-026,EMMANUEL,96
204057,"NASCO TV BRACKET FULL MOTION 50120 NP800",349,1,1,0,0,26-APR-026,HAYFORD,155
67686,"ALUMINIUM FRYPAN 30CM MK6181",189,4,5,-1,-189,26-APR-026,HAYFORD,320
99559,"FANTA PINEAPPLE 300ML 12",6.49,2,88,-86,-558.14,26-APR-026,GILBERT,162
148103,"CURTAIN WGROMT EMB JACQ LGOLD 02PA6798A",149,2,2,0,0,26-APR-026,MAJEED,201
162864,"CURTAIN JACQUARD 54X90 WHITE 343",149,12,12,0,0,26-APR-026,JUSTICE,185
163076,"CURTAIN JACQUARD 54X90 MINT DR2405",199,6,6,0,0,26-APR-026,ADDO,205
161478,"CURTAIN VELVET EMBOSSED 54X90  GREY",109,12,12,0,0,26-APR-026,JUSTICE,185
179828,"DZIRE BLUETOOTH SPEAKER 10W LIGHT PSB849",269,7,7,0,0,26-APR-026,BOFFOUR,148
182296,"SIGNATURE CHEST FREEZER SD 194L SBD22C8",3989,1,1,0,0,26-APR-026,AMADU,148
179142,"MELODICA MIX COLOR 24",39.9,17,17,0,0,26-APR-026,BOFFOUR,148
198468,"FLASK 450ML METAL INSULATED BAMBOO LINE",119,24,24,0,0,26-APR-026,WILLIAM,291
198163,"WATER BOTTLE 1000ML PLASTIC YY940 YWU",69,11,11,0,0,26-APR-026,WISE,296
37645,"BILY WC BLOCK OCEAN    24",20.99,3,3,0,0,26-APR-026,AKORFA,30
202224,"LG LED TV 55 SAT SMART UHD 55UA85006LA",10999,1,4,-3,-32997,26-APR-026,HAYFORD,156
85303,"CUSHION 350G MIX COLOR",85,7,22,-15,-1275,26-APR-026,JUDE,182
70756,"OKF STANDARD ALOE MANGO DRINK  15L  12",47.99,5,10,-5,-239.95,26-APR-026,SOLOMON,63
CL293,"DRUM WITH LID 70LTR 50CMX63CM",139,1,3,-2,-278,26-APR-026,VICTORIA,283
97241,"ROMAR SOFTENER CONC DELICATE 2L  6",82.99,7,7,0,0,26-APR-026,AKORFA,32
102730,"SPARTAN BRAVO  LIQUID LAUNDRY DETERGENT  3 L  4",141.99,2,2,0,0,26-APR-026,GEORGE,110
161044,"NASCO FRIDGE SD 76L SILVER NASF195FL",1499,1,1,0,0,26-APR-026,AMADU,150
169510,"CUSHION EMBROIDERY 380G FILLING 45X45CM EHAMK016",149,4,4,0,0,26-APR-026,JUSTICE,186
168936,"FRY PAN 22CM  25MM GRN PALU BAROLY 155322 RJK",69,5,13,-8,-552,26-APR-026,AMA,313
187313,"CURTAIN ROD POLIS GOLD 2BRAKET 120210CM A07210PG",129,6,6,0,0,26-APR-026,PRINCE,241
71449,"DINNER PLATE MELAMINE 8 INCHES ZHN B27018",44.9,6,6,0,0,26-APR-026,ESTHER,308
150400,"CURTAIN W8 GROMENT BURGUNDY 54X90 JQ031",119,12,12,0,0,26-APR-026,MAJEED,201
168549,"HH RICH TEA CREAMS CHOCOLATE 32G  72",1.39,24,91,-67,-93.13,26-APR-026,QUARSHIE,137
179163,"SNAKE  LADDER BOARD GAME 185X145CM",69,5,5,0,0,26-APR-026,ROBIN,264
187014,"BATHROOM 4PCS SET PLASTIC 5003 YWU",79,9,9,0,0,26-APR-026,"PAUL OWUSU",230
197776,"MCBERRY CHOCO BALLS 19G  100",1.99,40,108,-68,-135.32,26-APR-026,CHARLES,46
141779,"JAGERMEISTER 40ML 96",35.49,48,50,-2,-70.98,26-APR-026,CHARLES,47
156650,"KIDS TUMBLER WLID AND STRAW 450ML PLASTIC T002 YWU",69,13,13,0,0,26-APR-026,WILLIAM,292
156956,"BATH MAT CORAL 50X80CM BM549",49.9,2,2,0,0,26-APR-026,"PAUL OWUSU",231
153010,"AKAI WAFFLE MAKER 1200W SM023A8601",299,9,8,1,299,26-APR-026,HAYFORD,157
16373,"TALL HORSE CHARDONNAY 75CL  6",84.99,6,6,0,0,26-APR-026,CHARLES,48
166370,"COLANDER WSIDE HANDLES 315CM SSTEEL XY2308",49.9,46,43,3,149.7,26-APR-026,AMA,311
159551,"KIDS TENT 102X65X65CM",169,12,12,0,0,26-APR-026,ROBIN,264
205786,"NASCO WASHING MACHINE TL 9KG NASTLB90FL",3799,1,1,0,0,26-APR-026,AMADU,151
88392,"FOOD CONTAINER 4PCS SET PLASTIC SSPD D5551 YWU",69,7,7,0,0,26-APR-026,SOMUAH,274
65359,"MULIK STRAWBERRY MILK DRINK 500ML 18",36.99,0,22,-22,-813.78,26-APR-026,ADDO,72
X433,"LACTOGEN  I  400G 12",99.99,12,12,0,0,26-APR-026,FRANKLIN,141
C0182,"PEDAL BIN 20LTR 28CMX28CMX37CM",64.9,17,17,0,0,26-APR-026,VICTORIA,282
00361,"ZWAN CHICKEN LUNCHEON MEAT 340G 12",51.99,10,9,1,51.99,26-APR-026,"GIDEON GBLOGAH",123
154797,"TABLE LAMP METAL CROMDBLUGREY E27 60W SK90078B",259,1,1,0,0,26-APR-026,GLADYS,161
150424,"CURTAIN W8 GROMENT BEIGE 54X90 BLK6",109,2,12,-10,-1090,26-APR-026,"PRINCE AGYEI",245
165615,"BEDSHEET SET 3PCS GREY FPANAMAK3 H011802",219,9,9,0,0,26-APR-026,"KINGSLEY OP",195
158427,"DZIRE INDUSTRIAL STANDING FAN 24 80W IFS24DCFG60",1839,1,2,-1,-1839,26-APR-026,BOFFOUR,148
172262,"OMO HAND WASH POWDER EXTRA  FRESH CN WA  900G 10",69.99,11,11,0,0,26-APR-026,GEORGE,113
19817,"ENERGIZER BATTERY ALKALINE AA MAX42 1X12 BP42",77.9,1,13,-12,-934.8,26-APR-026,"ARTHUR JONADAB",11
D997,"MALTA GUINNESS CAN 330ML 24",12.99,82,230,-148,-1922.52,26-APR-026,GIDEON,58
X953,"CERES SECRET OF THE VALLEY 1L 12",44.99,2,30,-28,-1259.72,26-APR-026,GIDEON,59
98591,"EVERYDAY PORK SAUSAGE 500G 20",41.99,10,23,-13,-545.87,26-APR-026,ELVIS,76
151351,"CUSHION 5COLORS 610G FILLING 50X42CM",139,4,4,0,0,26-APR-026,JUSTICE,187
151359,"CUSHION 500G FILLING ONE SIDE 43X43CM",129,10,18,-8,-1032,26-APR-026,JUDE,182
160837,"WINDOW SHADE BLACKOUT ROLLER 452180X200CM",429,1,1,0,0,26-APR-026,PRINCE,240
181626,"MIDEA CHEST FREEZER SD 198L SILVER MDRC280FZN43",3499,1,1,0,0,26-APR-026,AMADU,148
33883,"SMA TODDLER MILK 400G 12",156.99,29,29,0,0,26-APR-026,FRANKLIN,141
03464,"FRANGELICO LIQUEUR 700ML 6",245.99,4,4,0,0,26-APR-026,GILBERT,167
08324,"ROYALTY COCKTAIL RASP RUBY SPARKLING WINE 750ML 12",47.49,13,13,0,0,26-APR-026,CHARITY,43
115058,"SARA CORNED MEAT 400G 24",40.99,21,21,0,0,26-APR-026,ABIGAIL,124
175346,"MENTOS CHEWY DRAGEES GRAPE FLAV 8DB24RL14PCS 192",10.49,162,162,0,0,26-APR-026,AKUSHIKA,166
167486,"TOILET TRAINER BLUEPINK 0462",34.9,3,1,2,69.8,26-APR-026,"NANA ADJEI",219
179140,"MAGNETIC DRAWING BOARD GAME 26X24X2",79,10,9,1,79,26-APR-026,ELLA,19
18344,"LONG MOUNTAIN MERLOT  RED WINE 75CL 6",69.99,11,11,0,0,26-APR-026,CHARLES,48
192932,"SOAP DISPENSER 500ML PROFESSIONAL YWU",39.9,28,30,-2,-79.8,26-APR-026,"PAUL OWUSU",230
194615,"MIGLIO FULL CREAM UHT MILK 1L 12",31.99,19,19,0,0,26-APR-026,DORIS,71
200928,"KERRYGOLD MATURE CHEDDAR SLICES 150G X 10",48.99,3,3,0,0,26-APR-026,APPIAH,80
202149,"SWING BIN HIPPO WLID 50 LT GREY GREEN UP237WE212",349,10,10,0,0,26-APR-026,VICTORIA,282
202218,"FOOTBALL PVC STAR DESIGN SIZE5 350G HCL",99.99,1,1,0,0,26-APR-026,AKUSHIKA,166
99930,"WINDOW SHADE YE3 180X200 BROWN",549,3,3,0,0,26-APR-026,PRINCE,240
163136,"DZIRE DRY IRON 10001200W DID507B",175,7,7,0,0,26-APR-026,GLADYS,158
179796,"DESKTOP SWING BIN LONDON 1500ML PLASTIC 3062",29.9,5,5,0,0,26-APR-026,"NANA KOJO",250
178143,"VACUUM MUG WSTRAW 1200ML SSTEEL STAN TYPE YWU",109,2,4,-2,-218,26-APR-026,WILLIAM,292
178735,"CURTAIN EMB GROMET BURGU 52X90 02PA7147D",99,1,1,0,0,26-APR-026,"KINGSLEY OP",194
191891,"BLANKET 200X230  SL ASTD",169,8,9,-1,-169,26-APR-026,AKAYIRI,193
66605,"EVP EASY TIE TRASH BAG GREEN  MS 30L 20PCS  12",30.99,12,12,0,0,26-APR-026,ELEMAWUSI,40
49769,"MAXIM ARTIFICIAL NAIL POLISH REMOVER 160ML 46",18.49,26,26,0,0,26-APR-026,"ANANE KOJO",6
96461,"NIVEA COOL KICK APERSP DEO SPRAY MEN  250ML  6",70.99,6,6,0,0,26-APR-026,"ANANE KOJO",5
07023,"YAZZ SANITARY PAD  EXTRA LONG MINTY 24",17.99,1,1,0,0,26-APR-026,ELEMAWUSI,39
115317,"KIDS PRINTED RS FLIP FLOP HMD",59,3,3,0,0,26-APR-026,ABIGAIL,333
121338,"VARTA BATTERY LITHIUM CR123 BLISTER 1",77,11,23,-12,-924,26-APR-026,AKUSHIKA,166
163638,"KISS APPLE SPARKLING DRINK 750ML  6",42.99,9,9,0,0,26-APR-026,CHARITY,42
161285,"CANVAS PAINTING FLOWERS 40X40CM PC233007",55,5,5,0,0,26-APR-026,NYARKO,170
178199,"FRYING PAN 28CM BAROLY FALU BLY YIWU",169,2,2,0,0,26-APR-026,AMA,313
179195,"SELFADHESIVE FLASHING TAPE 5CMX10M",49.99,8,8,0,0,26-APR-026,BOFFOUR,148
194643,"NOTEBOOK A5 200PAGES 145X210CM HCL O51017",34.9,20,20,0,0,26-APR-026,GLADYS,159
200470,"WOK PROFESSIONAL 24CM PALU ZHNBLY",189,7,7,0,0,26-APR-026,HERBERT,315
156598,"ARTIFICIAL PLANT 2M",849,3,3,0,0,26-APR-026,REGINA,259
149373,"NASCO FRIDGE DD 138L NASF216FL",2449,1,1,0,0,26-APR-026,AMADU,150
181541,"CURTAIN GROMMET BEIGE 54X90 02PA7175A",99,1,1,0,0,26-APR-026,"KINGSLEY OP",194
204262,"BINATONE STANDING FAN 16 65W VS1658RC",619,1,2,-1,-619,26-APR-026,BOFFOUR,148
202510,"MONTY MOON CHIPS TOMATO 25G  50",2.99,25,74,-49,-146.51,26-APR-026,QUARSHIE,137
07014,"YAZZ WASHING POWDER 1KG 10",39.99,13,23,-10,-399.9,26-APR-026,GEORGE,113
100983,"CURTAIN POLYESTER 52X84  WHANGER SI001",149,15,15,0,0,26-APR-026,"KINGSLEY OP",194
115327,"QUERAY DERMO SENSITIVE HAND SOAP  500ML 12",31.49,9,7,2,62.98,26-APR-026,EMMANUEL,97
131899,"TOUCH MULTIPURPOSE CLEANS  FRESHNES 750ML  12",13.99,9,13,-4,-55.96,26-APR-026,"BRIGHT NKANSAH",36
156953,"BATH MAT DARK GREEN 50X80CM BM549",59,10,11,-1,-59,26-APR-026,"PAUL OWUSU",233
162942,"CURTAIN JACQUARD 54X90 BLACK J232",109,1,1,0,0,26-APR-026,"KINGSLEY OP",194
178129,"PAPER DOILIES 20PCS 85 YWU",4.9,5,5,0,0,26-APR-026,"MICHAEL BOYE",212
187022,"RAINBOW CONTAINER 5PCS SET PLASTIC REC CF75131 YWU",69,1,1,0,0,26-APR-026,SOMUAH,275
202341,"TECNO MOBILE POP 20 4GB64GB KN3",1429,3,3,0,0,26-APR-026,BOFFOUR,148
61769,"ONGA CHICKEN TABLET 11GMS X 64PCS X  24 PACK",42.99,18,18,0,0,26-APR-026,BARBARA,127
115949,"BINE ANTIBACTERIAL SOAP 500ML 20",15.99,17,19,-2,-31.98,26-APR-026,"BRIGHT NKANSAH",36
148016,"HAND PAINTING 60X80CM",219,8,8,0,0,26-APR-026,NYARKO,173
169362,"PAINTING SET PAW PATROL",25.9,13,37,-24,-621.6,26-APR-026,ELLA,21
168704,"CAMRY ELECTRONIC KITCHEN SCALE LCD EK4350 RJK",159,3,8,-5,-795,26-APR-026,HAYFORD,153
184293,"LG LED TV 43 SAT SMART 43LR60006LA",5999,1,1,0,0,26-APR-026,HAYFORD,156
185193,"AKAI BOX FAN 12 EF127A1207B",349,1,2,-1,-349,26-APR-026,BOFFOUR,148
202401,"BINATONE STANDING FAN 18 ITAL1860",969,1,3,-2,-1938,26-APR-026,BOFFOUR,148
76926,"FRESHDAYS NORMAL SCENTED PANTY LINER 24 LINERS  12",26.99,17,17,0,0,26-APR-026,ELEMAWUSI,38
54069,"AKAI GAS STOVE 3B GC019A8302",409,1,6,-5,-2045,26-APR-026,GLADYS,160
103405,"AKAI MICROWAVE OVEN 20L GRILL MW063A720MSMW072A",1399,1,2,-1,-1399,26-APR-026,GLADYS,158
110193,"SERVING TRAY MELAMINE 15 INCHES ZHN 318155",24.9,21,21,0,0,26-APR-026,ESTHER,308
127949,"SERVING TRAY MELAMINE 19 INCHES FEILU 82519",39.9,38,39,-1,-39.9,26-APR-026,ESTHER,308
130639,"FOOTBALL 5 PORTUGAL 14059",149,18,18,0,0,26-APR-026,ROBIN,264
149973,"DZIRE GUITAR STAND DZ026",54,8,8,0,0,26-APR-026,BOFFOUR,148
182414,"COOKING POT 26CM PALU  ZHNBLY 1070T26",279,0,4,-4,-1116,26-APR-026,HERBERT,315
187954,"DECORATIVE ACCESSORY IRONGLASS",55,6,5,1,55,26-APR-026,REGINA,259
30792,"TOM MILK MANGO FLAV DAIRY DESSERT 125G 4PCS X 6PKS",48.99,11,12,-1,-48.99,26-APR-026,FRANKLIN,140
65361,"MULIK VANILLA MILK DRINK 500ML 18",36.99,21,21,0,0,26-APR-026,DORIS,72
07013,"YAZZ WASHING POWDER 500G 12",18.99,1,33,-32,-607.68,26-APR-026,EMMANUEL,95
105818,"DOVE BODY WASH SHEA BUTTER  720ML  12",91.49,18,30,-12,-1097.88,26-APR-026,EVELYN,102
13373,"YAZZ SANITARY PAD GREEN 24",18.49,26,27,-1,-18.49,26-APR-026,ELEMAWUSI,39
14822,"DEVA SOFTENER LAVENDER 1000ML 12 10502",43.99,19,19,0,0,26-APR-026,AKORFA,31
168264,"CURTAIN EM BKT GROM BEIG 54X90 02PA6992C",109,1,1,0,0,26-APR-026,"KINGSLEY OP",194
89479,"MAYORA WONDER  WHEAT PLAIN BISCUITS 149G  24",12.99,24,24,0,0,26-APR-026,RICHMOND,134
87635,"MEANNAN ONION PWDER 80G 24",18.99,27,28,-1,-18.99,26-APR-026,BARBARA,127
CL766,"CONTAINER SQUARE 2900ML 16CMX16CMX14CM",14.9,12,9,3,44.7,26-APR-026,SOMUAH,274
117670,"TOILET BRUSH WSTAND PLASTIC UR3266",24.9,24,29,-5,-124.5,26-APR-026,ODAI,226
151352,"CUSHION WTOSSEL 500G FILLING 43X43CM",129,3,23,-20,-2580,26-APR-026,JUDE,181
16374,"TALL HORSE SAUVIGNON BLANC 75CL 6",84.99,11,11,0,0,26-APR-026,CHARLES,48
168131,"MATTRESS PROTECT WP PJERSEY 150X200CM 117015P150",139,8,11,-3,-417,26-APR-026,AKAYIRI,191
187667,"MIRROR 35X27CM",129,4,4,0,0,26-APR-026,"MORGAN ONGOH",217
88468,"SERVING TRAY 35CM ROUND PLASTIC YWU",19.9,7,9,-2,-39.8,26-APR-026,ESTHER,309
03567,"UMBRELLA FOLDING",75,18,18,0,0,26-APR-026,SARAH,269
105253,"MARILAN CHOCOLATE COOKIES 80G  42",10.49,34,34,0,0,26-APR-026,RICHMOND,134
113460,"BLING MAGIC LEMON MULTIPURPOSE LIQUID 200ML  24",6.99,13,14,-1,-6.99,26-APR-026,"BRIGHT NKANSAH",36
125358,"ROMAR FABRIC SOFTENER FLORAL 750ML  15",36.99,15,16,-1,-36.99,26-APR-026,AKORFA,31
121314,"VARTA BATTERY LONGLIFE POWER AAA BLISTER 4",56,51,66,-15,-840,26-APR-026,"ARTHUR JONADAB",10
132494,"PHILIPS AIR FRYER 62L HD927090",2299,1,1,0,0,26-APR-026,HAYFORD,157
162791,"CURTAIN JACQUARD 54X90 CREAM S1223",139,12,12,0,0,26-APR-026,JUSTICE,185
169505,"CUSHION EMBROIDERY 380G FILLING 45X45CM EHAMK011",149,5,8,-3,-447,26-APR-026,JUDE,182
176159,"S4 COMFORTER SET KG 200X260CM KCS43",579,1,1,0,0,26-APR-026,AKAYIRI,191
186962,"WATER BOTTLE 350ML KIDS PLASTIC D3155X316 YWU",69,14,14,0,0,26-APR-026,WILLIAM,292
86539,"SAMSUNG WASHING MACHINE TL 8KG WA80CG4240BWNQ",6989,1,2,-1,-6989,26-APR-026,AMADU,151
94183,"FILLED CUSHION 65X65CM FUR  ASTD5",85,5,5,0,0,26-APR-026,"JOSEPH PATRICK",174
108131,"CURTAIN 52X84  W8GROMMET J2020828",139,12,13,-1,-139,26-APR-026,JUSTICE,185
174949,"KITCHEN LILEN SET 3PCS MYQ9262",59,3,14,-11,-649,26-APR-026,"MICHAEL BOYE",212
168735,"CURTAIN P VELVET FOILED 54X84 GREY1 25FV6",209,14,15,-1,-209,26-APR-026,"PRINCE AGYEI",245
203950,"CERES NECTAR MANGO MANIA JUICE 1L 12",28.49,14,14,0,0,26-APR-026,GIDEON,59
67932,"GYM PRODUCT",15,17,17,0,0,26-APR-026,ROBIN,264
102736,"CELLO LUNCH BOX PLASTIC FAB",29.9,20,20,0,0,26-APR-026,"NANA KOJO",252
120809,"JAMAA DETERGENT BUCKET 3KG    1",102.99,5,7,-2,-205.98,26-APR-026,EMMANUEL,94
146981,"VARTA BATTERY MAX POWER AA BLISTER 4",67,24,35,-11,-737,26-APR-026,"ARTHUR JONADAB",10
142207,"FOUR SPECIAL CHOCOLATE FLAV RED WINE 750ML 6",56.99,9,18,-9,-512.91,26-APR-026,CHARLES,47
156792,"2PCS HAND TOWEL 40X80CM  ASTD RMH",45.9,90,98,-8,-367.2,26-APR-026,"MICHAEL BOYE",211
159282,"DOCUMENT BAG A5",8.9,1,1,0,0,26-APR-026,ATITOGO,15
169372,"LED TORCH KIDS 12PCS PAW PATROL",45.9,48,48,0,0,26-APR-026,"ARTHUR JONADAB",11
178740,"CURTAIN EMB GROMET TAUPE 52X90 02PA7148C",99,2,1,1,99,26-APR-026,MAJEED,201
18751,"NESTLE CERELAC BL 3FRUITS 50G 10X8",7.59,143,152,-9,-68.31,26-APR-026,FRANKLIN,141
188873,"BATHMAT 50X80CM BM279 BLUE CP",59,11,11,0,0,26-APR-026,"PAUL OWUSU",231
25979,"UMBRELLA MANS FOLDABLE",35.9,36,36,0,0,26-APR-026,SARAH,269
65159,"LORENZ CRUNCHIPS SALT VINEGAR 100GMS  12",34.99,18,18,0,0,26-APR-026,JONATHAN,131
00453,"GOANAS WINE 75CL 12",94.99,13,13,0,0,26-APR-026,"CHARLES A",51
103969,"8PM HONEY WHISKY 750ML 12",104.99,15,15,0,0,26-APR-026,"CHARLES A",51
126674,"WALL CLOCK SAKURA 203X203X38 2989",47.9,11,11,0,0,26-APR-026,"ARTHUR JONADAB",10
156827,"6PCS COMFORTER SET KG 240X250CM WHITE",579,1,5,-4,-2316,26-APR-026,"JOSEPH PATRICK",175
159316,"HULA HOOP 8 COLOR BOX",65,10,11,-1,-65,26-APR-026,SARAH,270
19818,"ENERGIZER BATTERY ALKALINE AAA MAXAAA BP21X20PK",37.9,6,36,-30,-1137,26-APR-026,"ARTHUR JONADAB",11
197376,"MIDEA CHEST FREEZER SD 198L INVERTER MDRC362FZG43D",3299,1,2,-1,-3299,26-APR-026,AMADU,148
89272,"TRAY 42X29CM BLACK PLASTIC JB18 YWU",29.9,1,1,0,0,26-APR-026,ESTHER,308
A805,"KAISER SCHNAPPS 750ML 12",120.99,12,12,0,0,26-APR-026,CHARLES,50
97653,"SUNLIGHT GREEN DISH WASH BTL 750ML  15",45.99,15,15,0,0,26-APR-026,"BRIGHT NKANSAH",36
07013,"YAZZ WASHING POWDER 500G 12",18.99,0,33,-33,-626.67,26-APR-026,EMMANUEL,94
145564,"ARTIFICIAL PLANT 1M BSY190",199,1,1,0,0,26-APR-026,NYARKO,170
149798,"KIDS PIANO ANIMAL DESIGN AK597647",149,9,9,0,0,26-APR-026,ROBIN,264
179150,"AKAI WATER DISPENSER 2TAP BOTTOMLOAD WD032A1108BL",2099,1,1,0,0,26-APR-026,AMADU,149
N367,"PURE HEAVEN SPK WINE MANGO  WHITE GRAPE 750ML 12",51.49,14,15,-1,-51.49,26-APR-026,CHARITY,43
A804,"CASTLE BRIDGE DRY GIN 700ML 12",65.99,11,11,0,0,26-APR-026,CHARLES,50
113938,"KINDERGARTEN WORKSHEETS BOOK SERIES MATHENGLISH",41.9,8,8,0,0,26-APR-026,ELLA,19
150410,"CURTAIN W8 GROMENT BURGUNDY 54X90 JQ033",119,12,12,0,0,26-APR-026,JUSTICE,185
162971,"CURTAIN JACQUARD 54X90 CREAM LLJ4",169,1,1,0,0,26-APR-026,"KINGSLEY OP",194
162311,"STRAINER SS WOOD HANDLE ILC MC73058A RJK",14.9,15,15,0,0,26-APR-026,AMA,311
159853,"STICKY NOTE 100SHEETS 76X51MM",3.9,18,18,0,0,26-APR-026,ATITOGO,15
170884,"DZIRE BLUETOOTH SPEAKER WLCHARGER CLOCK PSB805",339,8,8,0,0,26-APR-026,BOFFOUR,148
43168,"PLATINUM SARDINES IN VEGETABLE OIL 125G 50",10.99,37,27,10,109.9,26-APR-026,"GIDEON GBLOGAH",122
N747,"COWBELL CHOCOMALT 35G 120",5.99,24,24,0,0,26-APR-026,ESINAM,144
90930,"LG HIFI SPEAKER CJ87CL87",7789,1,1,0,0,26-APR-026,HAYFORD,157
126288,"CASA DE CAMPO PEELED PLUM TOMATOES 25KG  6",119.99,11,11,0,0,26-APR-026,ABIGAIL,124
133982,"WATCH DIGITAL KE02 WBATTERY KL11487",42.9,3,21,-18,-772.2,26-APR-026,"ARTHUR JONADAB",11
146226,"WINDOW SHADE YE380X100 SILVER",229,1,1,0,0,26-APR-026,PRINCE,240
160156,"MUSICAL MAT PEVA 86X52CM DW8024",99,11,11,0,0,26-APR-026,ROBIN,264
159061,"TOILET BRUSH PP M1590 RJK",39.9,10,10,0,0,26-APR-026,"NANA ADJEI",219
184383,"CLOTHES HANGER 10PCS SET 40CM PLAST Y106140CM YWU",59,14,14,0,0,26-APR-026,PHILEMON,239
197773,"MCBERRY BIG DADDY MILK WAFER 39G 144",1.99,21,127,-106,-210.94,26-APR-026,QUARSHIE,137
26305,"PRINGLES SALTVINEGAR 165G  19",49.99,18,50,-32,-1599.68,26-APR-026,JONATHAN,131
204551,"UNOLI SOYABEAN OIL 900ML  20",45.99,18,18,0,0,26-APR-026,"GERALD SACK ",120
202342,"TECNO MOBILE POP 20 4GB128GB KN3",1629,2,2,0,0,26-APR-026,BOFFOUR,148
96458,"VISTA EXERCISE BOOK CHIP BOARD BOND",4.9,7,7,0,0,26-APR-026,ATITOGO,15
103877,"AKAI LED LIGHT RECHARGEABLE LS012RA1018LLS027A",199,12,16,-4,-796,26-APR-026,GLADYS,158
114751,"FRICTION MOTOR TOY 120 WHITE MT489942",75,3,3,0,0,26-APR-026,ROBIN,264
146986,"VARTA BATTERY LONGLIFE AAA BLISTER 4",55,15,27,-12,-660,26-APR-026,AKUSHIKA,166
161458,"CURTAIN 54X90  PINK",129,12,17,-5,-645,26-APR-026,MAJEED,200
35550,"RAMBO BEEF PATE 400G  20",26.99,46,52,-6,-161.94,26-APR-026,ABIGAIL,124
71585,"IRON MASTER SPRAY STARCH 750ML 20",22.99,21,21,0,0,26-APR-026,AKORFA,31
64105,"DOLAIT VANILLA  YOGURT 70G 10",4.99,6,6,0,0,26-APR-026,GILBERT,167
65901,"SUNNY GOLD GARI  2KG  5",64.99,4,4,0,0,26-APR-026,"EMMANUEL HANSON",86
164854,"DOOR HANGERS LARGE SS",9.9,21,21,0,0,26-APR-026,"NANA ADJEI",219
164089,"FOOD CONTAINER AIRTIGHT 4700ML PLASTIC 161600012",59,5,5,0,0,26-APR-026,SOMUAH,276
172953,"ARIEL HIGH STUD FLORAL 500G 24",39.99,16,17,-1,-39.99,26-APR-026,GEORGE,113
167484,"BABY BATH TUB WDRAIN PLUG N273",169,1,1,0,0,26-APR-026,"NANA KOJO",252
190100,"FAN AIR HUMIDIFIER COOLER 1200",119,7,10,-3,-357,26-APR-026,AMADU,WH
N479,"NUTELLA CHOCOLATE SPREAD 350G 15",104.99,6,17,-11,-1154.89,26-APR-026,APPIAH,83
91455,"DON SIMON MULTIFRUITA JUICE DRINK 500ML 12",19.99,4,6,-2,-39.98,26-APR-026,DORA,65
92361,"FILLED CUSHION 50X50CM FUR  ASTD5",65,7,8,-1,-65,26-APR-026,"JOSEPH PATRICK",174
115950,"SANITA MULTIPURPOSE ALUMINIUM FOIL 10MX40CM  32",28.99,25,25,0,0,26-APR-026,ELEMAWUSI,40
157217,"KONKORD IODIZED SALT 250G 100",2.19,51,72,-21,-45.99,26-APR-026,DORIS,73
150554,"PIN  CLIP DISPENSER MPDR50",25,22,22,0,0,26-APR-026,ATITOGO,16
166904,"FOOD STORAGE 4PCS SET 43080014502400ML PL 99215",169,1,1,0,0,26-APR-026,SOMUAH,276
186695,"RAINBOW CONTAINER 7PCS SET RECT PLASTIC 80187",59,5,5,0,0,26-APR-026,SOMUAH,275
186919,"BATHMAT 50X80CM D4 CT ASTD 4COLORS JBT52206",49,23,23,0,0,26-APR-026,"PAUL OWUSU",232
189106,"GLOBE MAGNETIC LEVITATING WLIGHT 6 UFO DESIGN",1099,1,1,0,0,26-APR-026,GLADYS,161
48241,"DELTA JOY MULTIPURPOSE  TOWEL 250SHEET 21CM 12",21.99,5,17,-12,-263.88,26-APR-026,MAHAMA,92
97353,"SAIKIRPA NAPHTHALENE BALLS WHITE 150G  120",11.99,14,14,0,0,26-APR-026,EZEKIEL,106
105561,"MENTOS PURE FRESH WITH GREEN TEA 18PB 315G 120",36.99,111,111,0,0,26-APR-026,AKUSHIKA,166
105643,"MR SUCCESS BROWN SUGAR BOTTLE 400G 24",17.99,24,50,-26,-467.74,26-APR-026,"EMMANUEL HANSON","85 TO 89"
104961,"ROMAR WASHING LIQUID MARSEILLE SOAP 3L  4",132.99,5,5,0,0,26-APR-026,GEORGE,110
115572,"HP HEADSET WMIC BLACK DHH1206",319,3,3,0,0,26-APR-026,BOFFOUR,148
141775,"JAGERMEISTER 500ML 6",239.99,5,5,0,0,26-APR-026,GILBERT,167
159888,"NOTEBOOK 48SHEETS 70GSM 16K",11.9,9,9,0,0,26-APR-026,ELLA,20
181839,"TRIVET COOLING RACK METAL LDS012",42.9,12,12,0,0,26-APR-026,HAYFORD,320
179577,"DIY HAIRBALL PICTURE CRAFT 22X22CM WSTAND ASST DE",29.9,7,7,0,0,26-APR-026,ROBIN,264
186703,"LUNCH BOX WWATER BOTTLE SET PLASTIC RJK 1810A",42.9,12,12,0,0,26-APR-026,"PRINCE AGYEI",247
204556,"MARILAN BISC TEENS SNACK CHOCOLATE 80G  64",7.99,29,32,-3,-23.97,26-APR-026,CHARLES,46
77314,"WRIGLEYS SKITTLES FRUITS  45G  36",12.99,1,2,-1,-12.99,26-APR-026,DORIS,74
88403,"SAUCE BOTTLE 2PCS SET D8878813A YWU",9.9,35,9,26,257.4,26-APR-026,"NANA KOJO",252
119817,"ALL ABOUT ENCYLOPEDIA SERIES",40.99,20,19,1,40.99,26-APR-026,ELLA,19
125264,"ROMAR FABRIC SOFTENER CONC SPA  2L  6",84.99,7,7,0,0,26-APR-026,AKORFA,32
161278,"BELPAK LOVE NAPKIN   15",5.99,14,25,-11,-65.89,26-APR-026,MAHAMA,90
167175,"LG FRIDGE DD 187L SILVER GNB202SQBB",7589,1,1,0,0,26-APR-026,AMADU,150
19823,"ENERGIZER BATTERY ALKALINE 9V MAX9V OLT 1X12PK",71.9,5,5,0,0,26-APR-026,"ARTHUR JONADAB",11
44687,"LELE SUNFLOWER OIL 1 L 12",49.99,12,22,-10,-499.9,26-APR-026,CLAUDIA,115
89581,"MENTOS CHEWY DRAGEES MINT SACHET 135G 50PCS  40",35.99,38,39,-1,-35.99,26-APR-026,AKUSHIKA,166
N659,"INDOMIE NOODLES ONION CHICKEN 70G 44",4.99,80,84,-4,-19.96,26-APR-026,CLAUDIA,117
94243,"MADAR DETERGENT POWDER 400G  12",16.99,20,24,-4,-67.96,26-APR-026,GEORGE,113
100993,"CURTAIN POLYESTER 52X84  WHANGER  FRBB6421",129,3,14,-11,-1419,26-APR-026,MAJEED,200
105819,"DOVE BODY WASH DEEP NOURISHING 750ML  16",92.99,9,26,-17,-1580.83,26-APR-026,EVELYN,102
107210,"DZIRE BLUETOOTH SPEAKER WUSBFMTF CARD PS396",119,6,6,0,0,26-APR-026,BOFFOUR,148
111386,"365 STORY BOOK W4TITLES ED779",99,1,1,0,0,26-APR-026,GLADYS,159
129199,"TOY CASH REGISTER 5523",75,8,8,0,0,26-APR-026,ROBIN,264
133102,"TABLE LAMP WARM 22CM 5058",299,1,4,-3,-897,26-APR-026,AMADU,WH
169527,"SEARA SMOKED CHICKEN SAUSAGE 375G 28",23.99,14,130,-116,-2782.84,26-APR-026,ELVIS,76
175865,"ALTAR NON ALCOHOLIC COMMUNION  WINE 1L 12",43.49,8,8,0,0,26-APR-026,CHARITY,42
182978,"FRYING PAN 22CM FALU ZHNBLY 106822",99,17,17,0,0,26-APR-026,"WILFRED OSEI",288
204926,"DINNER PLATES 6PCS SET SQ PLASTIC P48",49.9,19,19,0,0,26-APR-026,"ABIGAIL YEVUGAH",301
85662,"NAN 1 COMFORT 400G  12",156.99,20,20,0,0,26-APR-026,FRANKLIN,141
98591,"EVERYDAY PORK SAUSAGE 500G 20",41.99,13,23,-10,-419.9,26-APR-026,"ELVIS ",76
133054,"NUTZY PEANUT CRISPY SNACK 280G 12",31.99,14,14,0,0,26-APR-026,"EMMANUEL HANSON",85
178572,"BATHROOM SOAP DISPENSER ROUND YWU",69,1,1,0,0,26-APR-026,ODAI,229
192312,"MOP BUCKET WITH MOP AND 2 REFILLS LT2211",309,1,1,0,0,26-APR-026,NYARKO,172
198298,"CURTAIN ROD 1619MM 120210CM GOLD M05210GD",79,9,1,8,632,26-APR-026,"ARTHUR JONADAB",11
88239,"BINATONE BLENDER 15L 350W WHITE BLG 450 MK2",669,1,3,-2,-1338,26-APR-026,HAYFORD,153
49250,"DEVA HAND SOAP STRAWBERRY 25L  6",67.99,5,5,0,0,26-APR-026,GEORGE,111
CL137,"BOWL NTROWA 15LTR 44CMX15CM",24.9,12,31,-19,-473.1,26-APR-026,VICTORIA,282
01565,"PURE HEAVEN SPARKLING  APPLE 750ML 12",51.49,7,7,0,0,26-APR-026,CHARITY,43
119651,"MUTLU CAVATAPPI  MACARONI 400G  20",11.99,5,1,4,47.96,26-APR-026,CLAUDIA,117
115106,"8PM FIRE WHISKY 750ML 12",99.99,27,27,0,0,26-APR-026,"CHARLES A",51
143778,"SAIRO HAIR SPRAY EXTRA STRONG 400ML  8",53.99,3,3,0,0,26-APR-026,"ANANE KOJO",6
159762,"MUNCHEE ANYTIME CRACKER  BISCUITS 26G  72",1.39,3,1,2,2.78,26-APR-026,QUARSHIE,137
170275,"KIDS WATER GUN TOY 30CM",36.99,6,36,-30,-1109.7,26-APR-026,ROBIN,264
178585,"FRYING PAN 28CM PALU BLY YWU",169,8,8,0,0,26-APR-026,AMA,313
199887,"NASCO LED TV 43 SAT NASB43FBFL",2899,5,6,-1,-2899,26-APR-026,AMADU,WH
72798,"ENA PA MACKEREL IN TOMATO SAUCE EO 155G  50",11.99,125,127,-2,-23.98,26-APR-026,ABIGAIL,124
CL740,"BUCKET 5LTR OPAQUE 21CMX23CM",14.9,15,15,0,0,26-APR-026,SYLVIA,280
110738,"WAIST PA SYSTEM PORTABLE MINI  WUSBSD",359,1,14,-13,-4667,26-APR-026,BOFFOUR,148
124731,"FOOD CONTAINER 550ML PLASTIC BSF00856",19.9,39,39,0,0,26-APR-026,SOMUAH,274
156952,"BATH MAT TURQUISE 50X80CM BM549",49.9,3,3,0,0,26-APR-026,"PAUL OWUSU",233
157678," HOLY MICHEAL EDC  150ML  24",21.49,18,18,0,0,26-APR-026,"ANANE KOJO",6
182300,"CHIGO FRIDGE DD COMBI 99L REFCRB13C8",2599,1,1,0,0,26-APR-026,AMADU,150
88256,"LA SALUD WC GEL CLEANER OCEAN 1L  12",35.99,1,1,0,0,26-APR-026,EMMANUEL,96
107897,"ELTRUT VEGETABLES SPRING ROLL 8PCS 380G 1",50.99,1,1,0,0,26-APR-026,APPIAH,80
155622,"DINNER PLATE MELAMINE 10 INCHES FEILU 6710",14.9,40,42,-2,-29.8,26-APR-026,"ABIGAIL YEVUGAH ",301
167933,"FILLED CUSHION EMBD 45X45CM 4DESIGN2",179,1,16,-15,-2685,26-APR-026,JUSTICE,186
182097,"FARAGELLO GOLD ORANGE NECTAR TETRAPACK 1L 12",29.99,4,4,0,0,26-APR-026,SOLOMON,64
83963,"ARTIFICIAL TREE 17M",599,1,1,0,0,26-APR-026,NYARKO,170
113651,"TOLSEN TROWEL 80X152MM 57500",39.9,12,12,0,0,26-APR-026,BOFFOUR,148
128260,"DECOR MIRROR METAL OVAL RIBBED ORGANIC 10172B",499,1,1,0,0,26-APR-026,NYARKO,171
134217,"NASCO CHEST FREEZER 545L NAS800FLDD",8999,1,1,0,0,26-APR-026,AMADU,148
151523,"GALAXY  CONCEPT MIST ETERNAL 250ML 12",47.99,12,12,0,0,26-APR-026,"ANANE KOJO",5
150413,"CURTAIN W8 GROMENT TAUPE 54X90 JQ033",109,12,12,0,0,26-APR-026,JUSTICE,185
166001,"SO FRESH CITRUS PUNCH FRUIT JUICE 1L 6",26.99,22,22,0,0,26-APR-026,DORA,65
192964,"CHOPPING BOARD 3PCS SET PLASTIC ZHN KM004",89,10,10,0,0,26-APR-026,HAYFORD,320
CL724,"SWING BIN 40LTR 38CMX38CMX68CM",119,2,2,0,0,26-APR-026,VICTORIA,283
09869,"SERVING TRAY MELAMINE 18 INCHES ZHN 803618",39.9,14,14,0,0,26-APR-026,ESTHER,308
106886,"MAJESTY SEMI SWEET RED WINE 750ML 6",78.99,3,3,0,0,26-APR-026,CHARLES,48
111867,"AQUA VITAE COMMINIUN WINE 1L 12",64.99,12,12,0,0,26-APR-026,CHARITY,42
112935,"DZIRE FRIDGE DD 252L SILVER REFTMF280L",7699,1,1,0,0,26-APR-026,AMADU,150
151628,"SOFT  GENTLE DEO CITRUS TWIST  250ML 6",46.49,1,1,0,0,26-APR-026,"ANANE KOJO",5
177836,"PHILIPS AIR FRYER 62L 1500W DIGITAL NA33209",2899,1,2,-1,-2899,26-APR-026,HAYFORD,157
202189,"NASCO WASHING MACHINE TT 5KG NASTTJS50",1779,1,2,-1,-1779,26-APR-026,AMADU,151
80285,"AKAI GAS STOVE 3B INFRARED GC033A8536",749,1,3,-2,-1498,26-APR-026,GLADYS,160
104544,"ADEPA MULTIPURPOSE TOWEL 3ROLLS   8",26.99,9,9,0,0,26-APR-026,MAHAMA,92
151361,"CUSHION 500G FILLING 43X43CM",129,3,18,-15,-1935,26-APR-026,JUDE,181
166615,"COFFEE TABLE WMIRROR TOP PINE PARATI",999,1,1,0,0,26-APR-026,FRANCIS,"ZONE 367"
192853,"CURTAIN JQ PINK 54X90 PL 226",119,12,12,0,0,26-APR-026,JUSTICE,185
202146,"SWING BIN HIPPO WLID 50 LT GREY GREEN UP237W212",299,8,8,0,0,26-APR-026,VICTORIA,282
87229,"BANANA MICROWAVE OVEN 25L GRILL DIGI BLK BMW9251D",1589,1,1,0,0,26-APR-026,GLADYS,158
CL619,"FRIDGE BOTTLE SQUARE 900ML 7CMX24CM",9.9,78,78,0,0,26-APR-026,WISE,296
146231,"WINDOW SHADE YE380X100 L BROWN",229,2,2,0,0,26-APR-026,PRINCE,240
155422,"GAS LIGHTER MYQ91821",19,11,11,0,0,26-APR-026,GLADYS,160
163641,"KISS BLUE SPARKLING DRINK 750ML  6",42.99,5,5,0,0,26-APR-026,CHARITY,42
198211,"TOILET BRUSH WSTAND SSTEEL ZBIR0049 YWU",169,5,5,0,0,26-APR-026,ODAI,225
38487,"FRYTOL VEGETABLE COOKING OIL 18L 6",76.99,12,54,-42,-3233.58,26-APR-026,"GIDEON GBLOGAH",122
60932,"BINATONE HOT PLATE DOUBLE ELECTRIC COOKING ECP210",749,1,3,-2,-1498,26-APR-026,GLADYS,160
73554,"MAGIC MOMENT VODKA ORANGE 1LTR 12",84.99,4,4,0,0,26-APR-026,CHARLES,50
98945,"DZIRE STEAM IRON 12001400W SID508",179,8,8,0,0,26-APR-026,GLADYS,158
94977,"SEARA CHICKEN BREAST BONELESS SKINLESS 2KG  6",169.99,6,15,-9,-1529.91,26-APR-026,"ELVIS ",76
03561,"UMBRELLA 68CM",45.9,12,12,0,0,26-APR-026,NYARKO,172
103764,"GIVERS LIQUID DETERGENT 5L  4",81.99,3,4,-1,-81.99,26-APR-026,GEORGE,111
104541,"FONTISSUE TOILET TISSUE 12 ROLLS   4",49.99,2,6,-4,-199.96,26-APR-026,EMMANUEL,94
106814,"SHINE GARBAGE BAGS 120L   10  12",35.99,28,52,-24,-863.76,26-APR-026,ELEMAWUSI,38
117670,"TOILET BRUSH WSTAND PLASTIC UR3266",24.9,5,29,-24,-597.6,26-APR-026,"MORGAN ONGOH",218
131032,"DOMS MODELLING CLAY 14SHADES 175G  8460",42.9,5,4,1,42.9,26-APR-026,ATITOGO,15
144045,"MAXIM HAIR GAIN OIL 110ML  40",37.99,25,25,0,0,26-APR-026,"ANANE KOJO",5
151364,"CUSHION 500G FILLING BOTH SIDE 45X45CM",99,2,5,-3,-297,26-APR-026,JUDE,182
188060,"NASCO WASHING MACHINE TL 8KG NASTLB80",3299,1,1,0,0,26-APR-026,AMADU,151
22008,"AKAI GAS STOVE 2B GC010A8202",369,7,8,-1,-369,26-APR-026,HERBERT,169
95859,"ARTIFICIAL TREE 15M 3BUNCH",1099,1,1,0,0,26-APR-026,NYARKO,171
102021,"DUSTBIN GRYBLK PEDAL 50L 44X45X54CM PP207006",199,2,2,0,0,26-APR-026,"PAUL OWUSU",231
162780,"CURTAIN JACQUARD 54X90 GREY 318",229,1,1,0,0,26-APR-026,"PRINCE AGYEI",245
170110,"BASIN LUX 20L 51504",75,17,17,0,0,26-APR-026,VICTORIA,283
94080,"DZIRE GAS STOVE 2B GLASS TGGP2BG26",465,5,6,-1,-465,26-APR-026,HERBERT,169
101959,"CONTAINER ROUND SET OF 4PCS PLASTIC 5454",19.9,12,12,0,0,26-APR-026,SOMUAH,274
124058,"FOOTBALL STAR DESIGN SIZE5 WHITE",69,4,4,0,0,26-APR-026,ROBIN,264
157608,"DUSTBIN FALA GREEN 30L 35X29X 54CM PP60802",99,4,4,0,0,26-APR-026,PHILEMON,239
149303,"WALL CLOCK 30X30X4CM 231053",75,2,1,1,75,26-APR-026,"ARTHUR JONADAB",11
186698,"RAINBOW CONTAINER 6PC SET ROUND PLASTIC RJK 20206",49.9,10,11,-1,-49.9,26-APR-026,SOMUAH,275
101408,"SHOE RACK 5LAYER 60X23X82CM SSTEEL F165 YWU",149,2,20,-18,-2682,26-APR-026,PRINCE,240
111382,"COPY TO COLOR 2IN1 BOOK W12TITLES ED776",15.9,2,2,0,0,26-APR-026,ELLA,20
129198,"TOY CARD MACHINE 1611P",66.9,16,26,-10,-669,26-APR-026,ROBIN,264
137212,"QUILT SET BEDNBATH ULTRASONIC SOLID QS160230",169,3,3,0,0,26-APR-026,"JOSEPH PATRICK",175
131043,"BREF WC BLOCK POWERACTIVE LEMON DUO 10",65.99,11,11,0,0,26-APR-026,AKORFA,30
189080,"SAMSUNG LED TV 65 4K SMART UHD UA65U8000FUXGH",16789,1,1,0,0,26-APR-026,HAYFORD,156
125267,"SAIRO GOLD HAND WASH 500ML  12",28.99,13,14,-1,-28.99,26-APR-026,EMMANUEL,98
134320,"PRIVATE MAXI POCKET NORMAL 8 X 12",12.49,17,18,-1,-12.49,26-APR-026,ELEMAWUSI,38
134966,"CHANDELIER 3RINGS HANGING DESIGN A246",779,1,2,-1,-779,26-APR-026,AMADU,WH
201901,"PEEVA COLA CARBONATED SOFT DRINK 350ML 20",2.79,20,32,-12,-33.48,26-APR-026,SOLOMON,61
72789,"MEANNAN GARI 1K 12",25.99,7,16,-9,-233.91,26-APR-026,"EMMANUEL HANSON",86
06432,"PINK COCKTAIL SPARKLING WINE 750 ML 12",49.99,16,16,0,0,26-APR-026,CHARITY,43
134138,"SUPER ACTIVITY BOOKS 3",35,11,11,0,0,26-APR-026,ELLA,20
157619,"DUSTBIN QUATRO GREY SWING 28L 36X29X49CM PP61004",159,5,5,0,0,26-APR-026,"PAUL OWUSU",233
149426,"WHITE HILLS RESERVE WHISKY 1L 12",89.99,12,12,0,0,26-APR-026,"CHARLES A",52
186981,"PARTY CANDLES MIX COLOR 12PCSPACK",12.9,24,25,-1,-12.9,26-APR-026,REGINA,560
70251,"INDOMIE HUNGRY MAN ONION CHICKEN FLAVOR 180G  26",12.49,25,68,-43,-537.07,26-APR-026,CLAUDIA,117
09480,"BADIA GROUND BLACK PEPPER 567G  8",51.99,8,8,0,0,26-APR-026,BARBARA,127
104370,"DESTELLO FLOOR CLEANER EXOTIC 1500ML  12",29.99,13,13,0,0,26-APR-026,"BENEDICT ABBEY",24
150690,"AKAI WATER PUMP 2 HP WP002A100",949,1,2,-1,-949,26-APR-026,HERBERT,169
179572,"KEY CHAIN PU BALL ASSORTED DESIGN",3.5,36,36,0,0,26-APR-026,REGINA,560
186817,"MANDALA ART JUNIOR COLORING KIT",55,4,4,0,0,26-APR-026,ELLA,19
187957,"DECORATIVE ACCESSORY",99,4,4,0,0,26-APR-026,REGINA,259
205568,"SIGMA LED TV 32 SAT SMART STVK32V6S",1849,1,1,0,0,26-APR-026,HAYFORD,156
D997,"MALTA GUINNESS CAN 330ML 24",12.99,1,230,-229,-2974.71,26-APR-026,GILBERT,162
105280,"CASIO ELECTRONIC CALCULATOR DJ120DPLUSWADPW",219,8,8,0,0,26-APR-026,BOFFOUR,148
126655,"LA SALUD BLEACH WITH DETERGENT MARINE 2L 6",29.99,6,6,0,0,26-APR-026,GEORGE,110
162940,"CURTAIN JACQUARD 54X90BEIGE J232",109,11,6,5,545,26-APR-026,MAJEED,201
161134,"FILLED CUSHION VELVET 45X45CMORANGE DC231",69,9,11,-2,-138,26-APR-026,JUDE,182
168117,"FILLED CUSHION P PRINTED 45X45CMFLORAL4 DC256",139,9,9,0,0,26-APR-026,JUDE,182
101408,"SHOE RACK 5LAYER 60X23X82CM SSTEEL F165 YWU",149,6,20,-14,-2086,26-APR-026,ODAI,225
108235,"DARLING CELLARS CLASSIC SWEET RED 750ML  6",109.99,8,8,0,0,26-APR-026,CHARLES,48
122365,"SERVING TRAY MELAMINE 13 INCHES ZHN 8022",22.9,17,17,0,0,26-APR-026,ESTHER,309
153521,"ELLEVIRE MARQUIS SALTED 80 FAT 200G  20",34.99,27,67,-40,-1399.6,26-APR-026,APPIAH,80
168056,"FILLED CUSHION P VELVET 45X45CMLT BROWN DC248",129,3,12,-9,-1161,26-APR-026,JUSTICE,186
198561,"BBQ UNIT WFAN 30X80CM METAL YWU",599,1,2,-1,-599,26-APR-026,GLADYS,160
42975,"DINNER PLATE MELAMINE 10 INCHES ZHN BO3710",18.9,36,36,0,0,26-APR-026,"ABIGAIL YEVUGAH",301
81328,"TASTY TOM TOMATO MIX SACHET 200G  24",10.99,60,38,22,241.78,26-APR-026,JONATHAN,131
74487,"UMBRELLA 3 FOLD B",75,18,18,0,0,26-APR-026,SARAH,269
67755,"GALAXY BROWN NATURAL  SUGAR  BOTTLE 850G",34.99,18,18,0,0,26-APR-026,"EMMANUEL HANSON",85
100410,"KAREES NATURAL BROWN SUGAR BOTTLE  400G 20",19.99,22,21,1,19.99,26-APR-026,"EMMANUEL HANSON","85 TO 89"
153593,"AKAI LED TV 55 SAT SMART UHD WEBOS LT5506T2S2SMT",6579,1,1,0,0,26-APR-026,HAYFORD,156
149219,"AIRPRO NAPHTALENE BALLS COLOURED WHITE 300G  60",23.49,63,63,0,0,26-APR-026,EZEKIEL,106
161134,"FILLED CUSHION VELVET 45X45CMORANGE DC231",69,1,11,-10,-690,26-APR-026,JUSTICE,187
168223,"BEDSHEET SET DOB MICRO PEACH 3P 90GSM 03BT0938PF",79,13,21,-8,-632,26-APR-026,"KINGSLEY OP",196
167761,"COOKWARE 6PCS SET 2MM STEEL HROLAND HR1141 RJK",499,1,2,-1,-499,26-APR-026,"WILFRED OSEI",288
98372,"ENA PA BAKED BEANS IN TOMATO SAUCE 420G  12",14.99,24,79,-55,-824.45,26-APR-026,CHARITY,43
100336,"GAS REGULATOR WMETER V80",95,11,13,-2,-190,26-APR-026,GLADYS,160
148546,"VASE BLACK",65,12,12,0,0,26-APR-026,REGINA,259
169003,"LEGACY AC SPLIT 15HP WHITE LGY15",4689,1,4,-3,-14067,26-APR-026,GILBERT,162
186897,"BATH MAT 38X68CM 336043 18806794166",109,12,12,0,0,26-APR-026,PHILEMON,239
129307,"KIDS BOTTLE WSTRAW 400ML PLASTIC L00756",19.9,2,2,0,0,26-APR-026,WILLIAM,292
148463,"BATHROOM SET 5PCS CERAMIC LUXURY YWU",79,2,2,0,0,26-APR-026,ODAI,229
148771,"BIRTHDAY CANDLE 6PCS",6.9,50,50,0,0,26-APR-026,REGINA,560
179253,"ENVELOPE A3 50PCS 324X4005CM BROWN YW",99,7,7,0,0,26-APR-026,ELLA,20
185403,"CURTAIN JACQ GROM GOLD 54X90 02PA7263B",89,5,5,0,0,26-APR-026,"KINGSLEY OP",194
90876,"LION DADDY ORIGINAL DARK RUM ACL 428 750ML 12",64.99,12,12,0,0,26-APR-026,"CHARLES A",52
100405,"KAREES NATURAL BROWN SUGAR BOTTLE 800G 12",33.99,16,18,-2,-67.98,26-APR-026,"EMMANUEL HANSON","85 TO 89"
137124,"JACK DANIELS HONEY WHISKY 1L 12",589.99,2,10,-8,-4719.92,26-APR-026,GILBERT,167
148019,"HAND PAINTING 60X120CM",359,8,8,0,0,26-APR-026,NYARKO,173
150464,"CURTAIN W8 GROMENT BUNGUNDY 54X90 BLK50",129,12,12,0,0,26-APR-026,JUSTICE,185
163128,"DZIRE STEAM IRON 2200W SIPL258",239,3,3,0,0,26-APR-026,GLADYS,158
181625,"MIDEA AC SPLIT 15HP INVERTER MSAF12CRDN1",7649,1,3,-2,-15298,26-APR-026,GILBERT,162
194628,"WATER GUN 56CM ASST COL HCL O51008",135,7,7,0,0,26-APR-026,ROBIN,264
189662,"BATHMAT SHAGGY 40X60CM CT ASSORTED MYQ91902",29.9,8,41,-33,-986.7,26-APR-026,PHILEMON,237
198989,"PLATINUM JASMINE VIETNAMESE RICE 225KG",499.99,15,14,1,499.99,26-APR-026,DORIS,73
54999,"CAREX HANDWASH HERBAL PROTECT 250ML  12",24.99,16,16,0,0,26-APR-026,EMMANUEL,98
64872,"GRACY BASKET  BIG P5950",9.9,1,1,0,0,26-APR-026,ODAI,225
03077,"WEETABIX CEREAL ORIGINAL 225G 18",47.99,10,10,0,0,26-APR-026,DORIS,70
125867,"POPIZZ SPARKLING DRINK BLUE 750ML  6",49.99,31,62,-31,-1549.69,26-APR-026,CHARITY,44
182387,"GRILL PAN 28CM ZHENAN BLY 8102528",299,9,9,0,0,26-APR-026,AMA,313
178061,"WATER BOTTLE SPORTS 800ML PLASTIC  YWU",39.9,4,4,0,0,26-APR-026,WISE,296
188009,"BUCKET WLID PLASTIC 15 HL0064TTCP",34.9,9,9,0,0,26-APR-026,VICTORIA,283
183754,"LG AC SPLIT 15HP R410 S12ATC",5899,1,2,-1,-5899,26-APR-026,AMADU,WH
198439,"TISSUE PAPER BOX 22X14X9CM PLASTIC YWU",44.9,14,14,0,0,26-APR-026,"NANA ADJEI ",221
198741,"SERVING TRAY 40X20X10CM WOODEN YWU",449,5,5,0,0,26-APR-026,ESTHER,309
80841,"RINGS FOR CURTAIN ROD METAL Q00128",1.9,178,178,0,0,26-APR-026,ADDO,206
94344,"CHAIRPAD 45X45CM VELVET  ASTD5",37.9,16,23,-7,-265.3,26-APR-026,"JOSEPH PATRICK",174
109863,"MINI ENGLISH DICTIONARY",28.99,17,17,0,0,26-APR-026,ELLA,19
117206,"DOMS WAX CRAYONS SET 16PCS EXTRA LONG 3449",13.9,35,35,0,0,26-APR-026,"BENEDICT ABBEY",26
121315,"VARTA BATTERY LONGLIFE POWER AAA BLISTER 2",36,16,52,-36,-1296,26-APR-026,AKUSHIKA,166
133985,"WATER BOTTLE 500ML KL11451",45,7,7,0,0,26-APR-026,WILLIAM,292
140763,"ACTIVITY BOOK HOME LEARNING 46X30X15CM",45,11,11,0,0,26-APR-026,ELLA,20
161250,"AKAI INSECT KILLER WGLUE PAD 48W IK006AGL09",889,1,1,0,0,26-APR-026,HAYFORD,154
168937,"FRY PAN 24CM  25MM BLU PALU BAROLY 155324 RJK",99,17,17,0,0,26-APR-026,"WILFRED OSEI",288
179802,"BIG KAT CHOCOLATE WAFERS 15G 30",1.99,1,3,-2,-3.98,26-APR-026,DORIS,74
179198,"MAGIC NANO TAPE 3CMX3M YW",29.9,31,31,0,0,26-APR-026,ATITOGO,16
198230,"DESKTOP BIN 2 LITRES WITH LEGS PLASTIC YIWU",32.9,29,35,-6,-197.4,26-APR-026,"NANA KOJO",252
37637,"BILY WC BLOCK LEMON    24",20.99,12,12,0,0,26-APR-026,AKORFA,30
95672,"AMALFI BATH  SHOWER GEL COCONUT MILK 750ML  16",29.99,3,3,0,0,26-APR-026,EVELYN,102
187376,"WESTINGHOUSE TOASTER WBWARM 2SL 820W WKTTCB850WH",399,1,1,0,0,26-APR-026,HAYFORD,153
204098,"NASCO FRIDGE DD 207L NASF230207",3999,1,2,-1,-3999,26-APR-026,AMADU,150
70602,"LEO WHITE WINE 750ML 6",75.49,4,4,0,0,26-APR-026,CHARLES,48
S951,"CONDOR PEAK SHIRAZ WINE 750ML 12",79.99,17,17,0,0,26-APR-026,CHARLES,47
X436,"NAN 2 OPTIPRO 400G  12",139.99,11,11,0,0,26-APR-026,FRANKLIN,141
90602,"CURTAIN ROD SINGLE 120 TO 210 11009210AC",119,9,9,0,0,26-APR-026,PRINCE,241
101409,"SHOE RACK FOLDABLE 5LAYER SS 56X21X91CM Z5 RJK",199,1,1,0,0,26-APR-026,"NANA KOJO",250
103775,"SAIRO SAVON LIQUID  HAND WASH MARINE 500ML 12",29.99,5,5,0,0,26-APR-026,EMMANUEL,98
107287,"SUNNY GOLD GARI PLAIN 1KG 12",34.99,15,11,4,139.96,26-APR-026,"EMMANUEL HANSON",85
115337,"LA SALUD  DETERGENT 40 WASHES DARK CLOTH 265L  4",88.99,2,2,0,0,26-APR-026,GEORGE,110
150432,"CURTAIN W8 GROMENT GOLD 54X90 BLK8",109,12,12,0,0,26-APR-026,AKAYIRI,190
186159,"CARPET FELT GRAY 2X15M RMG01",189,14,11,3,567,26-APR-026,PRINCE,240
18346,"LONG MOUNTAIN PINOTAGE RED WINE 75CL 6",71.99,10,10,0,0,26-APR-026,CHARLES,47
82593,"MASTERSEAL CONTAINER RECT PP 800ML FRC K3021812",59,7,7,0,0,26-APR-026,SOMUAH,275
124707,"AYIKOO TOILET ROLL MEGA PACK 1X7   10",36.99,2,11,-9,-332.91,26-APR-026,MAHAMA,91
138573,"PILLOW ORTHOPEDIC",189,6,12,-6,-1134,26-APR-026,"JOSEPH PATRICK",174
197345,"TCL AC SPLIT 15HP INVERTER TAC12CSATPH11I",4499,1,1,0,0,26-APR-026,AMADU,WH
48424,"LILY TOILET ROLL 2PLY X 10 BIG ROLLS PCS SET 7",46.99,3,17,-14,-657.86,26-APR-026,EMMANUEL,94
65363,"TAMPICO CITRUS PUNCH DRINK 500ML 12",7.99,50,54,-4,-31.96,26-APR-026,SOLOMON,63
CL618,"CONTAINERS FANCY 4PCS SET 300ML600ML1500ML2500ML",34.9,14,45,-31,-1081.9,26-APR-026,SOMUAH,275
157676,"HOLY MICHEAL EDC  250ML  24",30.49,21,21,0,0,26-APR-026,"ANANE KOJO",6
169508,"CUSHION EMBROIDERY 380G FILLING 45X45CM EHAMK014",149,12,12,0,0,26-APR-026,"MICHAEL BOYE",210
179067,"NYLON ROPE 20M OPP YW",8.9,11,12,-1,-8.9,26-APR-026,ODAI,225
179207,"DIARY 80 GSM 171X243CM B5 ASST DESIGN COL YW",22.9,10,10,0,0,26-APR-026,ELLA,20
80160,"TOOTHBRUSH CUP RACK  SUCTION R5030 RJK",39.9,7,18,-11,-438.9,26-APR-026,ODAI,225
N770,"FANTA ORANGE  15 L PET  6",23.99,10,67,-57,-1367.43,26-APR-026,GIDEON,58
93060,"FLOOR RUNNER 55X140CM ASTD JSMA",95,2,2,0,0,26-APR-026,"JOSEPH PATRICK",175
138925,"GEISHA LEMON  HONEY V1 180G  36",15.49,15,41,-26,-402.74,26-APR-026,EMMANUEL,99
131548,"YOGA VANILA WITH WHEAT YOGHURT 330ML 1",19.99,6,6,0,0,26-APR-026,GILBERT,167
146774,"YUMS MAYONNAISE 445ML  12",31.99,5,18,-13,-415.87,26-APR-026,CHARITY,42
169003,"LEGACY AC SPLIT 15HP WHITE LGY15",4689,3,4,-1,-4689,26-APR-026,AMADU,WH
179987,"CURTAIN YD PL GROMT TAUPE 54X90 24EHM003",169,12,14,-2,-338,26-APR-026,JUSTICE,185
193318,"BISTRO BELGIQUE FRENCH FRIES STRAIGHT 9X9 1KG 10",49.99,17,16,1,49.99,26-APR-026,APPIAH,80
192330,"TOILET BRUSH WSTAND LD2205",29.9,4,4,0,0,26-APR-026,"NANA ADJEI",219
22459,"DINNER PLATE MELAMINE 10 INCHES ZHN B019",18.9,27,27,0,0,26-APR-026,"ABIGAIL YEVUGAH ",301
33458,"BABY BATH SPONGE MIX DESIGN YWU",4.9,1,1,0,0,26-APR-026,"MORGAN ONGOH",218
75021,"UNOLI HUILE SUNFLOWER OIL 5L  3",259.99,4,4,0,0,26-APR-026,"GERALD SACK ",118
80150,"TOOTHBRUSH  PASTE HOLDER SUCTION R5120 RJK",39.9,16,16,0,0,26-APR-026,"MORGAN ONGOH",217
72146,"HARPIC POWER PLUS ORIGINAL TOILET CLEANER 750ML 12",36.99,9,9,0,0,26-APR-026,EMMANUEL,96
08763,"COUNTRE MILK BANANA 500ML 18",35.99,7,8,-1,-35.99,26-APR-026,DORIS,72
101085,"ARTIFICIAL LUSH GREEN GRASS CARPET 3MX4M FG3X4",729,1,1,0,0,26-APR-026,PRINCE,240
116610,"BLING HANDWASH SHEA COCOA 500ML  12",15.49,27,27,0,0,26-APR-026,EMMANUEL,98
115945,"PRIVATE EXTRA THIN NIGHT PAD  7PCS  18",13.49,27,28,-1,-13.49,26-APR-026,ELEMAWUSI,39
135389,"AKAI MICROWAVE OVEN 20L MW075A020MS",999,1,1,0,0,26-APR-026,GLADYS,158
130084,"LAYS THAI SWEET CHILLI 105G  20",31.99,25,26,-1,-31.99,26-APR-026,JONATHAN,131
71542,"TOLSEN SNAPOFF BLADE KNIFE 18X100MM 30001",12.9,1,3,-2,-25.8,26-APR-026,BOFFOUR,148
162982,"WINDOW CURTAIN JACQUARD 54X90 YELLOW LLJ3",169,1,1,0,0,26-APR-026,"KINGSLEY OP",194
198719,"SOAP DISPENSER 300ML SQ PLASTIC MARBLE FINISH YWU",49.9,26,24,2,99.8,26-APR-026,ODAI,229
152050,"MEGAPHONE 130X150MM CA150U",249,3,3,0,0,26-APR-026,HAYFORD,157
169507,"CUSHION EMBROIDERY 380G FILLING 45X45CM EHAMK013",149,3,3,0,0,26-APR-026,JUSTICE,186
184386,"CLOTHES HANGER 5PCS SET 40CM PLASTIC XZ8107 YWU",14.9,30,30,0,0,26-APR-026,PHILEMON,238
184653,"SANTA LUCIA WHEAT SEMOLINA SPAGHETTINI 400G  20",11.29,3,3,0,0,26-APR-026,CLAUDIA,115
42649,"SUNNY BROWN SUGAR CUBES 700G  12",36.99,15,16,-1,-36.99,26-APR-026,"EMMANUEL HANSON","85 TO 89"
36985,"IRISH SPRING ORIGINAL SOAP 1063G 18X3PACK 18",53.99,23,23,0,0,26-APR-026,EMMANUEL,99
97636,"FARAGELLO GOLD GUAVA NECTAR JUICE TETRA PACK 1L 12",29.99,24,90,-66,-1979.34,26-APR-026,SOLOMON,64
101475,"PASCUAL YOGI KIDS YOGURT PEACH 125G 6",58.99,11,14,-3,-176.97,26-APR-026,FRANKLIN,140
111516,"MEANNAN SUYA SPICES 150G 12",34.99,12,11,1,34.99,26-APR-026,BARBARA,127
121321,"VARTA  BATTERY AAAA BLISTER 2",42,19,36,-17,-714,26-APR-026,AKUSHIKA,166
133189,"NEAT DISHWASH SOAP ASSORTED 5L  4",109.99,2,5,-3,-329.97,26-APR-026,"BENEDICT ABBEY",25
145421,"ARTIFICIAL PLANT 18STICK 18LEAF BSY141",529,4,2,2,1058,26-APR-026,NYARKO,171
140569,"MEANNAN PLANTAIN CHIPS  PEANUTS 100G  12",12.49,6,19,-13,-162.37,26-APR-026,CHARLES,46
151586,"SOFT  GENTLE DEO  ROSE FEVER  250ML 6",43.49,10,10,0,0,26-APR-026,"ANANE KOJO",5
161144,"FILLED CUSHION JAQUARD 45X45CM COFFEE DC2361 4",119,6,8,-2,-238,26-APR-026,"JOSEPH PATRICK",175
167544,"SOAP BOX 4PCS SET YWU",24.9,5,5,0,0,26-APR-026,ODAI,228
178167,"FRYING PAN 24CM PALU BLY YWU",129,9,9,0,0,26-APR-026,AMA,313
178205,"BANNER HAPPY BIRTHDAY  ASSTD COL YW",14.9,11,9,2,29.8,26-APR-026,SARAH,270
75020,"UNOLI HUILE SUNFLOWER OIL 3L  6",163.99,14,14,0,0,26-APR-026,"GERALD SACK ",119
67505,"SHINE TOILET ROLL ULTRA SOFT 2PLY 12 PACK  1",54.99,9,11,-2,-109.98,26-APR-026,MAHAMA,93
54222,"MW SERVER TRAY SS  5306",4.9,2,1,1,4.9,26-APR-026,QUEENCILLA,256
157091,"AKAI HOME THEATRE SYSTEM 21CH HT026A646",1699,1,2,-1,-1699,26-APR-026,AMADU,150
156827,"6PCS COMFORTER SET KG 240X250CM WHITE",579,1,5,-4,-2316,26-APR-026,"JOSEPH PATRICK",176
164314,"COFFEE AND TEA PRESS 500ML PLASTIC AP9481",39.9,14,14,0,0,26-APR-026,WILLIAM,291
159740,"MUNCHEE MSC CHOCO MILK BISCUITS 45G  48",3.29,12,56,-44,-144.76,26-APR-026,QUARSHIE,137
168228,"BEDSHEET SET KG MICRO PEACH 3PCS 90GSM 03BT0797K",99,12,27,-15,-1485,26-APR-026,"KINGSLEY OP",196
184499,"SWING BIN 60L PLASTIC HL0033SC",99,9,9,0,0,26-APR-026,VICTORIA,282
198494,"BATH GLOVE POLYESTER YWU",9.9,72,115,-43,-425.7,26-APR-026,"NANA ADJEI",222
83846,"MOULINEX HAND MIXER WBOWL 35L 300W WHT HM311127",599,3,4,-1,-599,26-APR-026,HAYFORD,157
X167,"PRINGLES CHEESE AND ONION 165G  19",49.99,9,48,-39,-1949.61,26-APR-026,JONATHAN,131
157091,"AKAI HOME THEATRE SYSTEM 21CH HT026A646",1699,1,2,-1,-1699,26-APR-026,HAYFORD,157
166502,"FACE TOWEL 30X30CM SILVER GREY ZTC650WTSG",14.9,14,14,0,0,26-APR-026,"MICHAEL BOYE",211
181591,"BAILEYS STRAWBERRIES  CREAM 700ML 12",499.99,10,12,-2,-999.98,26-APR-026,GIDEON,57
183311,"STORAGE CONTAINER RND 3PCS SET PLASTIC BG661",24.9,4,4,0,0,26-APR-026,SOMUAH,274
191335,"TCL FRIDGE DD 85L F112TMS",2549,1,1,0,0,26-APR-026,AMADU,150
40604,"LUCOZADE ORIGINAL 380ML   24",23.99,29,32,-3,-71.97,26-APR-026,GIDEON,57
67697,"ALUMINIUM CASSEROLE 24CM WGLASS LID MK6201",129,1,2,-1,-129,26-APR-026,HAYFORD,320
65904,"SUNNY GOLD TOM BROWN BOTTLE 1KG 6",70.99,9,9,0,0,26-APR-026,FRANKLIN,140
90624,"CURTAIN ROD EXTANDABLE SIZE 110210CM 11009210DG",75,2,2,0,0,26-APR-026,PRINCE,241
94170,"FLIRT PURE DISTILLED VODKA GAPPLE 375ALC 1L  6",133.99,6,6,0,0,26-APR-026,CHARLES,50
115107,"8PM PREMIUM BLACK WHISKY  750ML 12",99.99,6,6,0,0,26-APR-026,"CHARLES A",51
132415,"CUSHION 45X45CM SK210125",34.9,6,30,-24,-837.6,26-APR-026,JUDE,182
147574,"MOMEASY TODDLER TOILET TRAINING SEAT 46807",99,12,12,0,0,26-APR-026,"NANA ADJEI",219
155756,"REXONA DEO SPRAY MEN 72H XTRA COOL 200ML 12",42.99,103,119,-16,-687.84,26-APR-026,GIDEON,55
162840,"CURTAIN JACQUARD 54X90 IVORY S1262",139,7,7,0,0,26-APR-026,ADDO,205
161314,"BELPAK JUMBO TROLL  12",14.99,2,4,-2,-29.98,26-APR-026,EMMANUEL,94
22805,"BLUE BAND MARGARINE SPREAD FOR BREAD 75G 48",5.99,24,23,1,5.99,26-APR-026,APPIAH,83
95678,"AMALFI  BATH  SHOWER GEL CHOCOLATE  750ML  16",29.99,8,20,-12,-359.88,26-APR-026,EVELYN,102
162941,"CURTAIN JACQUARD 54X90 RED J232",109,1,3,-2,-218,26-APR-026,"PRINCE AGYEI",245
161142,"FILLED CUSHION VELVET 45X45CMCREAM DC231",69,1,1,0,0,26-APR-026,JUSTICE,187
161297,"SPONGE HOLDER  SOAP DISPENSER SSPD UP550100ER",79,1,1,0,0,26-APR-026,"PAUL OWUSU",230
157696,"STORAGE BOX WLOCK CLEAR 15L 43X29X19CM PP64400",24.9,28,26,2,49.8,26-APR-026,SYLVIA,279
167053,"MICROWAVE EGG POACHER PLASTIC 9054",39.9,12,12,0,0,26-APR-026,SOMUAH,274
185163,"AKAI GAS COOKER 4B 50X50 GRILL SS GC069A5050R",2699,1,3,-2,-5398,26-APR-026,AMADU,147
202555,"FROSTED GRILL PLATE 12 F019105M",10.9,133,91,42,457.8,26-APR-026,ESTHER,308
69059,"AMERICAN COLA CAN 330ML  24",8.99,141,150,-9,-80.91,26-APR-026,GIDEON,56
CL757,"MMFORA CHAIR 40CMX36CMX57CM",69,1,1,0,0,26-APR-026,"NANA KOJO",252
CL613,"BASIN WITH LID 6LTR 32CMX15CM",18.9,11,11,0,0,26-APR-026,SYLVIA,280
94242,"MADAR DETERGENT POWDER 800G   10",31.49,10,9,1,31.49,26-APR-026,GEORGE,113
95109,"FRUTAIL PINEAPPLE JUICE 1L  12",36.99,22,23,-1,-36.99,26-APR-026,SOLOMON,64
105539,"FLOWER POT 42X30 PLASTIC 1907",55,12,12,0,0,26-APR-026,QUEENCILLA,257
137571,"SEARA SHAWAYA GRILLER 14KG 8",79.99,14,14,0,0,26-APR-026,ELVIS,75
130174,"PHILIPS LED STICK BULB 9W B22 3000K 929002400337",31,4,4,0,0,26-APR-026,BOFFOUR,148
14819,"DEVA ALL PURPOSE CLEANER LIQUID FLORAL 1L  12",30.99,20,20,0,0,26-APR-026,"BENEDICT ABBEY",25
155147,"PAPYRUS UNWRAPPED TOILET ROLL VIRGIN 12X7  7",37.99,2,12,-10,-379.9,26-APR-026,MAHAMA,91
159062,"TOILET BRUSH PP M1600 RJK",39.9,5,20,-15,-598.5,26-APR-026,ODAI,226
168552,"MCBERRY TIGER NUT BISCUITS 30G  72",1.39,48,92,-44,-61.16,26-APR-026,QUARSHIE,137
178141,"VACCUM  MUG WSTRAW 1200ML SSTEEL STAN TYPE YWU",99,8,9,-1,-99,26-APR-026,WILLIAM,292
192926,"MIGLIO SMOKED CHICKEN FRANKS 340G X 32",19.99,68,344,-276,-5517.24,26-APR-026,ELVIS,76
192017,"TCL FRIDGE DD 165L SILVER F216TMS",3899,1,2,-1,-3899,26-APR-026,AMADU,150
32105,"EVERPACK CLING FILM 150M X 30CM   6",79.99,4,5,-1,-79.99,26-APR-026,ELEMAWUSI,40
D527,"PRIMA MULTIPURPOSE CLEANER 25L 10",48.99,14,14,0,0,26-APR-026,"BENEDICT ABBEY",24
03076,"WEETABIX CEREAL ORIGINAL 450G 14",89.99,21,21,0,0,26-APR-026,DORIS,70
119613,"CUSHION 45X45 ASOS",179,9,9,0,0,26-APR-026,JUDE,184
110059,"ARTIFICIAL SMALL SUNFLOWER 3BUNCH 90CM 20200916",32.9,4,19,-15,-493.5,26-APR-026,QUEENCILLA,256
131547,"YOGA STRAWBERRY WITH WHEAT YOGHURT 330ML 1",19.99,3,4,-1,-19.99,26-APR-026,GILBERT,167
148015,"PAINTING WGLASS 27X37CM",69,9,9,0,0,26-APR-026,NYARKO,170
162010,"DOOR MAT COIR PANAMA 8MM ASSORTED 40X60CM",49.9,2,2,0,0,26-APR-026,"JOSEPH PATRICK",176
166853,"FRY PAN 26CM FALU ZHNBLY 1808326",149,1,11,-10,-1490,26-APR-026,AMA,313
184777,"WOK CAST IRON 34CM",739,1,1,0,0,26-APR-026,HERBERT,316
188875,"BATHMAT 50X80CM BM279 BEIGE CP",59,5,5,0,0,26-APR-026,"PAUL OWUSU",231
126676,"WALL CLOCK SAKURA 285X285X45 3208N",69,10,10,0,0,26-APR-026,"ARTHUR JONADAB",11
190688,"BATHMAT 40X60CM ASSORTED MYQ9 1919",24.9,9,9,0,0,26-APR-026,"PAUL OWUSU",233
27129,"TOILET BRUSH WSTAND PLASTIC 303 YWU",9.9,26,28,-2,-19.8,26-APR-026,"MORGAN ONGOH",218
85663,"NAN 2 COMFORT 400G  12",156.99,12,12,0,0,26-APR-026,FRANKLIN,141
57745,"COKE PET 1L 6",14.99,2,85,-83,-1244.17,26-APR-026,GILBERT,162
57960,"MCVITIES ALL BUTTER SHORT BREAD 280G  12",64.99,2,7,-5,-324.95,26-APR-026,SOLOMON,64
N800,"COKE PET 450ML  12",8.99,46,252,-206,-1851.94,26-APR-026,SOLOMON,62
98710,"GALAXY SPARKLING WINE FRUIT COCKTAI DRINK 750ML 12",57.99,51,64,-13,-753.87,26-APR-026,CHARITY,43
95670,"AMALFI  HAND SOAP  SPA 500ML  12",25.99,9,9,0,0,26-APR-026,EMMANUEL,98
08791,"SMA INFANT FORMULA MILK GOLD 400G 12",175.99,13,13,0,0,26-APR-026,FRANKLIN,141
115550,"FLOWER WPOTBULB BRICK DESIGN BLCKWHIT TA168846",69,7,17,-10,-690,26-APR-026,REGINA,259
125184,"TOLSEN JIGSAW BLADES HCS 5PCS SET 100MM 76806",24.9,28,28,0,0,26-APR-026,BOFFOUR,148
148393,"PLACEMAT WTAG 6PCS",79,16,17,-1,-79,26-APR-026,"MICHAEL BOYE",211
185623,"KIDS CAR BMW M3 WRC 128 8662803A",179,1,1,0,0,26-APR-026,ROBIN,264
187664,"LINK UP W3PCS SET 41X26CM",109,6,3,3,327,26-APR-026,"NANA ADJEI",219
192360,"STAPLES266 MP59608",3.49,19,8,11,38.39,26-APR-026,ATITOGO,15
198580,"SERVING TRAY 40X28X48CM BAMBOO YWU",59,16,16,0,0,26-APR-026,ESTHER,309
90609,"CURTAIN ROD SINGLE 120210 11062210PG",119,7,7,0,0,26-APR-026,PRINCE,241
95858,"ARTIFICIAL TREE 12M 3 BUNCH",949,1,1,0,0,26-APR-026,NYARKO,171
113960,"TOM CAKE MINI BUTTER MADELEINES 160G  15",49.99,8,8,0,0,26-APR-026,CHARLES,46
134079,"VARTA LITHIUM BATTERY CR2450 BLISTER 1",62,14,14,0,0,26-APR-026,AKUSHIKA,166
162530,"INDOMIE BELLE FULL CHICKEN INSTANT NOODLES 280G 18",16.49,3,7,-4,-65.96,26-APR-026,CLAUDIA,117
182537,"CONTAINER 3PCS SET RECT CLEAR   PP63600",69,6,9,-3,-207,26-APR-026,SOMUAH,275
184381,"CLOTHES HANGER 10PCS SET 40CM METAL XZ32658141 YWU",39.9,8,8,0,0,26-APR-026,PHILEMON,238
185378,"4PCS BEDSHEET SET K 270X250CM PRINT ASS 03BT1033",159,10,19,-9,-1431,26-APR-026,"KINGSLEY OP",195
19418,"LELE SUNFLOWER OIL 5L 3",219.99,3,3,0,0,26-APR-026,"GERALD SACK ",118
71537,"TOLSEN HEX 10P SET ON RING 15225345 20051",28.9,1,1,0,0,26-APR-026,BOFFOUR,148
65363,"TAMPICO CITRUS PUNCH DRINK 500ML 12",7.99,1,54,-53,-423.47,26-APR-026,GILBERT,162
03893,"MEANNAN GROUNDED GARLIC 120G 24",17.49,1,1,0,0,26-APR-026,BARBARA,127
114565,"FOOD CONTAINER SET 3PCS RECTANGLE COOKLOCK BG505",59,8,8,0,0,26-APR-026,SOMUAH,275
120809,"JAMAA DETERGENT BUCKET 3KG    1",102.99,2,7,-5,-514.95,26-APR-026,EMMANUEL,96
148543,"PERLA MINERAL WATER 330ML 24",1.29,5,11,-6,-7.74,26-APR-026,GILBERT,162
168081,"FILLED CUSHION P EMBD 30X50CMCHECK DC252",129,12,12,0,0,26-APR-026,"JOSEPH PATRICK",175
169245,"LAUNDRY BRUSH LUX GBB10",16.9,22,22,0,0,26-APR-026,"NANA ADJEI",222
179829,"DZIRE BLUETOOTH SPEAKER 30W PSB790",339,8,8,0,0,26-APR-026,BOFFOUR,148
180225,"PRINCESS HAND SOAP ANTIBACT MILK  HONEY 500ML  24",22.99,9,19,-10,-229.9,26-APR-026,EMMANUEL,97
187380,"WESTINGHOUSE TUMBLER DOUBLE WALL SS 40OZ WCBL0065",159,5,7,-2,-318,26-APR-026,WILLIAM,292
189429,"MCBERRRY SKY HIGH PURE MILK DELIGHT WAFER 39G  144",1.89,61,155,-94,-177.66,26-APR-026,QUARSHIE,137
21722,"SAIRO HAND SOAP SEL MARINE 500ML  12",28.99,14,14,0,0,26-APR-026,EMMANUEL,98
52876,"20CM LOCK",15,27,29,-2,-30,26-APR-026,BOFFOUR,148
CL725,"DRUM WITH LID 40LTR 38CMX55CM",99,3,3,0,0,26-APR-026,VICTORIA,283
CL583,"CRUNCHY MUNCHY KID PACK NEW 14CMX7CM",3.9,3,57,-54,-210.6,26-APR-026,"NANA KOJO",252
96739,"COMTE DE BOTHWELL CAB SAUV WINE 750ML 6",170.99,5,5,0,0,26-APR-026,CHARLES,48
95747,"AMALFI  SHAMPOO FAMILIAR OAT 750 ML  16",32.99,8,8,0,0,26-APR-026,"ANANE KOJO",5
08490,"SANKOFA SWEET PLANTAIN CHIPS CHILI BEEF 50G 25",14.99,19,19,0,0,26-APR-026,JONATHAN,131
152204,"CLAPPERS BABY WET WIPES 100PCS AURA  GREEN  12",22.49,18,30,-12,-269.88,26-APR-026,"BRIGHT NKANSAH",34
150442,"CURTAIN W8 GROMENT GOLD 54X90 BLK10",109,5,6,-1,-109,26-APR-026,MAJEED,200
160161,"MUSICAL MAT PEVA 75X60CM DW8027",239,4,4,0,0,26-APR-026,ROBIN,264
167930,"BLANKET PLUSH STRIPE 200X230CM 4COLOUR",229,12,10,2,458,26-APR-026,"KINGSLEY OP",196
46742,"JUVER DISFRUTA 10 FRUITS  10 VITAMINS JUICE 1L 12",32.99,7,7,0,0,26-APR-026,DORA,66
80160,"TOOTHBRUSH CUP RACK  SUCTION R5030 RJK",39.9,11,18,-7,-279.3,26-APR-026,"MORGAN ONGOH",217
80285,"AKAI GAS STOVE 3B INFRARED GC033A8536",749,2,3,-1,-749,26-APR-026,HERBERT,169
60951,"BINATONE RICE COOKER 22L RCSG220322042205",729,1,4,-3,-2187,26-APR-026,HAYFORD,157
X937,"EVEN FULL CREAM UHT MILK 1L 12",53.99,12,13,-1,-53.99,26-APR-026,DORIS,71
125360,"ROMAR FABRIC SOFTENER SPA 750ML  15",36.99,17,17,0,0,26-APR-026,AKORFA,31
121939,"3PCS BEDSHEET SET PR QN 150X20030CM ASRTD",149,7,7,0,0,26-APR-026,"KINGSLEY OP",195
163636,"KISS RED GRAPE SPARKLING DRINK 750ML  6",42.99,6,6,0,0,26-APR-026,CHARITY,42
160452,"FRY PAN 24CM FALU ZHNBLY 1050G24",159,5,7,-2,-318,26-APR-026,HERBERT,316
198482,"LUNCH BOX KIDS PLASTIC 3047A YWU",49.9,19,20,-1,-49.9,26-APR-026,"NANA KOJO",252
31533,"MAJICK PERFUMED 6PACK TOILET BLOCKS 378G  8",104.99,4,4,0,0,26-APR-026,AKORFA,30
86330,"CUP W COVER 450ML PLASTIC YWU",14.9,9,9,0,0,26-APR-026,WILLIAM,291
CL711,"TAKE AWAY CONTAINER 1250ML 195CMX132CMX95CM",4.5,6,56,-50,-225,26-APR-026,SYLVIA,279
111869,"PICCADILLY COREEN BISCUIT BOX 600G  4",30.99,9,14,-5,-154.95,26-APR-026,CHARLES,46
131897,"TOUCH ZONE 1L  12",17.99,12,12,0,0,26-APR-026,GEORGE,112
161467,"CURTAIN EMBOSSED 54X90  GREY",99,6,6,0,0,26-APR-026,MAJEED,201
194614,"MIGLIO FROZEN FRENCH FRIES 9MMX9MM 25KG 4",109.99,10,10,0,0,26-APR-026,APPIAH,80
N243,"LACTASOY PLAIN SOYA MILK 250ML 36",13.99,11,11,0,0,26-APR-026,DORIS,72
09224,"ALWAYS ULTRA THIN LONG WITH WINGS 8PADS X 16",23.99,27,29,-2,-47.98,26-APR-026,ELEMAWUSI,39
106810,"SHINE GARBAGE BAGS 20L   30   12",25.49,16,16,0,0,26-APR-026,ELEMAWUSI,39
124144,"ICE CUBE BAG PAREX 1909177",4.9,2,2,0,0,26-APR-026,ELEMAWUSI,40
133927,"PROFA TOM BROWN 400G  30",25.99,24,25,-1,-25.99,26-APR-026,FRANKLIN,140
166371,"COLANDER WSIDE HANDLES 375CM SSTEEL XY2309",69,8,8,0,0,26-APR-026,AMA,311
161462,"CURTAIN EMBOSSED 54X90  TAUPE",99,1,1,0,0,26-APR-026,"KINGSLEY OP",194
171982,"KIDS SOILDER JEEP TOY",40.99,9,9,0,0,26-APR-026,ROBIN,264
187300,"CURTAIN ROD MATT BLACK 3BRAKET 160300CM M16300MB",99,2,10,-8,-792,26-APR-026,PRINCE,241
193634,"GAS PIPE 3YD2CLIP ZGP3Y",49.9,14,32,-18,-898.2,26-APR-026,GLADYS,160
60932,"BINATONE HOT PLATE DOUBLE ELECTRIC COOKING ECP210",749,2,3,-1,-749,26-APR-026,HERBERT,169
96481,"DR MIGHTY WC POWER BLOCKS JASMINE 4 IN 1  48",29.99,43,43,0,0,26-APR-026,AKORFA,30
178593,"VACCUM MUG 900ML SSTEEL STAN TYPE YWU",89,6,6,0,0,26-APR-026,WILLIAM,292
206226,"KIVO COCONUT 4 IN 1 GARI SOAKING MIX 60G  40",2.79,69,59,10,27.9,26-APR-026,ESINAM,144
65902,"SUNNY BROWN SUGAR STICK 500G 24",37.99,27,27,0,0,26-APR-026,"EMMANUEL HANSON",86
96628,"SAN SIMON COMMUNION WINE 1L 6",68.99,6,6,0,0,26-APR-026,CHARITY,42
97968,"SATNAM INSECT REPELLENT LAVENDER 1417GM  48",18.99,41,41,0,0,26-APR-026,EZEKIEL,106
95663,"ODEX BLEACH  YELLOW LEMON 2L  6",50.99,6,6,0,0,26-APR-026,"BENEDICT ABBEY",24
07953,"MEANNAN CORN GRITS AKWEGBEMI  500G  24",17.49,10,10,0,0,26-APR-026,FRANKLIN,140
145416,"ARTIFICIAL PLANT 10 STICK 10 LEAF 1M BSY107",449,1,2,-1,-449,26-APR-026,NYARKO,171
164233,"BATH MAT 50X80CM BM4037",55,5,6,-1,-55,26-APR-026,"PAUL OWUSU",233
174329,"INTERNATIONAL BUSINESS PREMIER MULTICOLOUR",89,4,4,0,0,26-APR-026,ROBIN,264
39985,"PRAN PINEAPPLE JUICE TETRA PACK 1L  12",22.99,8,58,-50,-1149.5,26-APR-026,DORA,65
74494,"MENS RAINCOAT",75,88,95,-7,-525,26-APR-026,QUEENCILLA,257
69932,"BINATONE CEILING FAN 56 CF5603",595,1,1,0,0,26-APR-026,BOFFOUR,148
112461,"CONTAINER TALL PLASTIC 5677",22.9,6,6,0,0,26-APR-026,QUEENCILLA,255
125239,"DESTELLO  LIQUID DISHWASH LEMON 750ML  16",39.99,3,3,0,0,26-APR-026,"BRIGHT NKANSAH",36
125363,"ACTIVITY BOOK NAIL ART PRETTY FACEHAIR STYLE",24.9,15,15,0,0,26-APR-026,ELLA,",21"
121319,"VARTA BATTERY SUPERLIFE AA BLISTER 4",42,5,7,-2,-84,26-APR-026,"ARTHUR JONADAB",10
156989,"BATH MAT LT GREEN 50X80CM BM1656",49.9,2,2,0,0,26-APR-026,"PAUL OWUSU",233
92255,"KLEESOFT PERFUMED WASHING POWDER 420G   12",15.99,4,8,-4,-63.96,26-APR-026,GEORGE,113
102956,"FRES LIQUID SOAP ROSE 350ML  24",17.99,28,30,-2,-35.98,26-APR-026,EMMANUEL,98
10350,"ROYALTY COCKTAIL PINEAP EM SPARKLING WINE 750ML 12",47.49,16,17,-1,-47.49,26-APR-026,CHARITY,43
117100,"KENWOOD MICROWAVE OVEN 22L DGT BLACK MWM22000BK",2039,1,4,-3,-6117,26-APR-026,GLADYS,158
153227,"FABRIC SOFTNER MON BIJOU PROTECTION 17L  6",51.99,11,10,1,51.99,26-APR-026,AKORFA,32
161512,"CURTAIN FOILED 54X90 CAMEL",129,12,12,0,0,26-APR-026,MAJEED,200
172967,"ARIEL HIGH STUD LAVENDER 1KG  12",79.99,13,13,0,0,26-APR-026,GEORGE,113
18341,"LONG MOUNTAIN CHENIN BLANC WHITE WINE 75CL 12",65.99,8,8,0,0,26-APR-026,CHARLES,49
182944,"WOK PAN 26CM PALU ZHNBLY 102826",199,1,11,-10,-1990,26-APR-026,HERBERT,316
37356,"KELLOGGS RICE KRISPIES 450G 10",69.99,19,18,1,69.99,26-APR-026,DORIS,70
CL728,"CONTAINER KEEP FRESH ROUND 3200 ML 20CMX125CM",12.9,22,22,0,0,26-APR-026,SOMUAH,276
N010,"LACTASOY PLAIN SOYA MILK 125ML 60",7.49,46,36,10,74.9,26-APR-026,DORIS,72
106822,"SHINE TOILET PAPER PREMIUM 10PCS  1",48.99,1,7,-6,-293.94,26-APR-026,MAHAMA,92
144404,"SAUCEPAN WLID DEEP KADAI HA 14 SL 3MM 10088",99,9,10,-1,-99,26-APR-026,HAYFORD,320
190690,"LAUNDRY BASKET 40X30X55CM ASSORTED MYQ9 1921",99,3,4,-1,-99,26-APR-026,ODAI,229
202621,"FROSTED PLATE 10 B15810M",8.9,37,37,0,0,26-APR-026,"ABIGAIL YEVUGAH",302
49365,"UNOLI SOYABEAN COOKING  OIL 2L  4",117.99,11,11,0,0,26-APR-026,"GERALD SACK ",120
106182,"VOLTPLUS MULTI ADAPTOR VPDFA5",29,25,25,0,0,26-APR-026,BOFFOUR,148
133102,"TABLE LAMP WARM 22CM 5058",299,1,4,-3,-897,26-APR-026,HAYFORD,157
158740,"CARPET 140X200CM BROWNBLUE HAVANA B14X20M",899,2,2,0,0,26-APR-026,PRINCE,240
161584,"DZIRE CEILING FAN 36 WHITE CF 36 WHOB",349,2,2,0,0,26-APR-026,BOFFOUR,148
168908,"BABY TOILET SEAT BTS020",69,2,2,0,0,26-APR-026,"MORGAN ONGOH",218
32824,"BANETTI PASTA FUSILLI 500G  20",14.99,37,39,-2,-29.98,26-APR-026,CLAUDIA,116
X584,"CAN COKE  REGULAR 330ML 24",8.79,86,117,-31,-272.49,26-APR-026,CHARLES,50
98557,"MADAR WASHING POWDER 150G  40",5.99,46,46,0,0,26-APR-026,GEORGE,113
94082,"DZIRE GAS STOVE 3B GLASS TGGP3BG32",519,1,6,-5,-2595,26-APR-026,GLADYS,160
104496,"3TOL ANTISEPTIC LIQUID 500ML  24",28.49,7,7,0,0,26-APR-026,AKORFA,29
111628,"CARSUN CAR VACUUM CLEANER WIRED C5DX045I",159,5,5,0,0,26-APR-026,BOFFOUR,148
130784,"TOREN DELISSO MILKY COATED COCOA CREAM WAF 20G 288",2.19,14,10,4,8.76,26-APR-026,DORIS,74
14028,"DAAWAT DEVAAYA BASMATI RICE  1KG  20",40.99,23,23,0,0,26-APR-026,ELEMAWUSI,41
150440,"CURTAIN W8 GROMENT GREY 54X90 BLK10",109,1,13,-12,-1308,26-APR-026,MAJEED,200
161582,"DZIRE CEILING FAN 56 DARK BROWN CF 56 BHOB",379,2,2,0,0,26-APR-026,BOFFOUR,148
186701,"MICROWAVE FOOD PLATE PLASTIC RJK 2159",49.9,36,35,1,49.9,26-APR-026,SOMUAH,274
25976,"UMBRELLA MENS 60CM 8TIPS",55,14,14,0,0,26-APR-026,NYARKO,172
CL715,"SPICE CONTAINER 750ML 126CMX126CMX102CM",6.9,12,5,7,48.3,26-APR-026,SOMUAH,274
96987,"BALL PEN FEATHER DESIGN",1.9,26,960,-934,-1774.6,26-APR-026,"ARTHUR JONADAB",11
94165,"SATNAM PERFUMED INSECT REPELLANT BALLS 100GMS 120",11.99,71,71,0,0,26-APR-026,EZEKIEL,106
151394,"GEAR TUAR MUSIC CAR",79,10,10,0,0,26-APR-026,ROBIN,264
158737,"CARPET 140X200CM DKGREYGOLD TIMMY DS14X20M",899,1,2,-1,-899,26-APR-026,PRINCE,240
162782,"CURTAIN JACQUARD 54X90 SILVER S1222",139,12,12,0,0,26-APR-026,JUSTICE,185
168777,"CURTAIN P JAQUARD 54X84 BEIGE HKM12",139,3,6,-3,-417,26-APR-026,ADDO,205
168044,"KASA VINO RED WINE 250ML 24",9.99,19,21,-2,-19.98,26-APR-026,CHARLES,50
18448,"DEVA DISHWASHING LIQUID LEMON 400ML 24 10401",19.99,25,25,0,0,26-APR-026,"BRIGHT NKANSAH",36
201905,"THE GAME ENERGY BASED  DRINK 350ML 16",3.29,16,36,-20,-65.8,26-APR-026,GIDEON,56
197988,"MCBERRY GRANDE TWIN CHOCO WAFER 39G  144",2.09,24,131,-107,-223.63,26-APR-026,QUARSHIE,137
36056,"BARILLA SPAGHETTI 500G  24",44.99,5,5,0,0,26-APR-026,CLAUDIA,115
CL737,"BUCKET 3LTR OPAQUE 18CMX19 CM",9.9,29,46,-17,-168.3,26-APR-026,SYLVIA,280
92386,"DARLING LEMON FLAVOR ALCOHOLIC DRINK 330ML  12",6.29,9,12,-3,-18.87,26-APR-026,"CHARLES A",52
99591,"OPTIMA CABLE ORGANISER HT34",44,1,1,0,0,26-APR-026,BOFFOUR,148
119793,"SABA MULTIPURPOSE LIQUID 400ML  12",14.49,10,10,0,0,26-APR-026,"BRIGHT NKANSAH",36
112506,"HANGER SET 10PCS 405CM PLASTIC LMS207 RJK",42.9,13,13,0,0,26-APR-026,PHILEMON,239
146981,"VARTA BATTERY MAX POWER AA BLISTER 4",67,11,35,-24,-1608,26-APR-026,AKUSHIKA,166
184368,"NERO PRIME WATER 750ML  15",2.19,14,120,-106,-232.14,26-APR-026,GILBERT,162
200832,"FRYING PAN 26CM FALU ZHNBAROLY 8107626",119,5,12,-7,-833,26-APR-026,"WILFRED OSEI",287
32104,"EVERPACK CLING FILM 100SQ FT  24",17.99,16,23,-7,-125.93,26-APR-026,ELEMAWUSI,40
39955,"PRAN PREMIUM ORANGE JUICE TETRA PACK 1L  12",22.99,16,16,0,0,26-APR-026,DORA,65
67522,"SHINE KINGSIZE JUMBO ROLL ULTRA SOFT 2PLY   6",42.99,7,7,0,0,26-APR-026,MAHAMA,91
90680,"ODEX BLEACH BLUE 1200ML  12",26.99,5,5,0,0,26-APR-026,GEORGE,112
138715,"FRESHDAYS  FAM RELAX 20 EXPORT  10",61.99,10,10,0,0,26-APR-026,ELEMAWUSI,39
131045,"BREF WC BLOCK POWERACTIVE OCEAN DUO 10",65.99,4,4,0,0,26-APR-026,AKORFA,30
140562,"MEANNAN ALL PURPOSE SPICE 200G  12",31.49,10,20,-10,-314.9,26-APR-026,BARBARA,127
179251,"ENVELOPE 162X229CM A5 50PCS 80GSM A5 YW",36.9,35,35,0,0,26-APR-026,ELLA,20
100046,"DOVE BABY WIPES SENSITIVE MOISTURE 50S  12",29.99,17,17,0,0,26-APR-026,"BRIGHT NKANSAH",34
119236," HURRICANE LARGE  METAL  GLASS 120811",99,2,3,-1,-99,26-APR-026,REGINA,260
178703,"CURTAIN EMB GROMET TAUPE 52X90 02PA7142C",139,6,7,-1,-139,26-APR-026,ADDO,206
CL696,"TIARA BOWL WLID 1700ML 21CMX19CMX9CM",14.9,18,35,-17,-253.3,26-APR-026,SOMUAH,276
66940,"PINHO BRIL LAVENDER DISINFECTANT  1L  12",32.99,17,17,0,0,26-APR-026,"BENEDICT ABBEY",24
121311,"VARTA BATTERY HIGH ENERGY AA BLISTER  8",100,33,33,0,0,26-APR-026,"ARTHUR JONADAB",11
14821,"DEVA SOFTENER FLORAL 1000ML 12 10501",43.49,14,14,0,0,26-APR-026,AKORFA,31
174313,"PILOT ROLLER BALL RANGE2 LEOPARD BINK BLMR27LPDB",279,12,12,0,0,26-APR-026,"ARTHUR JONADAB",11
187662,"DOWN CHARM PILLOW 50X75CM 1200GM",219,3,12,-9,-1971,26-APR-026,"JOSEPH PATRICK",174
185298,"COLANDER WSIDE HANDLES BLACK 29CM XY2330",59,21,21,0,0,26-APR-026,AMA,311
200796,"FRYING PAN 26CM FALU ZHNBAROLY 2608G26",179,9,10,-1,-179,26-APR-026,HERBERT,316
37657,"DEVA POWER MAX BLEACH 1L  12",23.49,1,14,-13,-305.37,26-APR-026,EMMANUEL,95
35898,"MAXIM CONCENTRATED LIQUID SOAP3X THICK 45L  5",100.99,6,7,-1,-100.99,26-APR-026,GEORGE,111
67511,"SHINE TOILET ROLL ULTRA SOFT 2PLY 24 ROLLS  1",115.99,2,2,0,0,26-APR-026,MAHAMA,93
121321,"VARTA  BATTERY AAAA BLISTER 2",42,17,36,-19,-798,26-APR-026,"ARTHUR JONADAB",10
141062,"GOLD COAST ROASTERS MEDIUM100G 30",46.49,29,29,0,0,26-APR-026,ESINAM,144
182528,"CONTAINER 3PCS SET 700ML RECT CLEAR  PP66600",42.9,1,1,0,0,26-APR-026,SOMUAH,274
184367,"DEEP COLANDER WSIDE HANDLE 34CM SS 62270144",59,34,34,0,0,26-APR-026,AMA,311
23697,"MR MUSCLEGLADE ALL PURPOSE CLEANER FLORA 1L 12",54.99,4,11,-7,-384.93,26-APR-026,EMMANUEL,95
99567,"COMFORTER KING JACQUARD 6PCS SET HG1177K",599,7,7,0,0,26-APR-026,JUDE,182
114770,"FANICE VANILLA  STRAWBERRY DOUBLE TREAT 1L 1",46.99,9,9,0,0,26-APR-026,ELVIS,77
125196,"PLATINUM SUNFLOWER OIL  45L  4",199.99,18,88,-70,-13999.3,26-APR-026,"GERALD SACK ",120
164127,"BATHROOM 5PCS SET BLACKSTORY PLASTIC 162240010",269,8,8,0,0,26-APR-026,ODAI,228
158147,"AKAI GARMENT STEAMER 2000W GS001A188WT",499,1,2,-1,-499,26-APR-026,HAYFORD,157
168239,"CURTAIN JACQ GROMT GOLD 54X90 02PA6990B",179,11,11,0,0,26-APR-026,ADDO,206
186109,"2PCS DISH DRYING MAT SET 38X50CM ASS DDM01",69,13,27,-14,-966,26-APR-026,"MICHAEL BOYE",211
188008,"BUCKET WLID PLASTIC 10 HL0063CP",22.9,6,6,0,0,26-APR-026,VICTORIA,283
193396,"WALKERS NONSUCH LIQUORICE TOFFEES GIFT BOX 350G 8",139.99,3,1,2,279.98,26-APR-026,"ARTHUR JONADAB",10
192229,"MARBELLA FOOD STORAGE CONTAINER 3PCS SET HL7010DCT",22.9,4,4,0,0,26-APR-026,SOMUAH,274
192364,"STICKY NOTES SET 148X65MM MF995379",14.9,18,17,1,14.9,26-APR-026,NYARKO,170
190727,"HOOK 8PCS SET METAL UTILITY YWU",8.9,50,230,-180,-1602,26-APR-026,ODAI,225
200471,"WOK 28CM PALU ZHNBLY 811201C28",229,9,9,0,0,26-APR-026,HERBERT,315
197985,"MCBERRY PURE DELIGHT CHOCOLATE COOKIES 54G 144",1.99,24,159,-135,-268.65,26-APR-026,QUARSHIE,137
198225,"DUSTBIN SQ 12 LITRES WITH LEGS PLASTIC YWU",129,2,12,-10,-1290,26-APR-026,"NANA KOJO",250
37659,"DEVA POWER BLEACH  5L 4",95.49,0,2,-2,-190.98,26-APR-026,EMMANUEL,94
65526,"TAMPICO CITRUS PUNCH 1L 6",15.49,42,42,0,0,26-APR-026,SOLOMON,62
119622,"CUSHION 45X45 LUXURY",169,3,4,-1,-169,26-APR-026,JUDE,184
118574,"ZOFLORA DISINFECTANT 500ML  12",155.99,16,16,0,0,26-APR-026,AKORFA,30
125825,"BASKET JCJ PLASTIC 4212",9.9,1,1,0,0,26-APR-026,SOMUAH,273
134081,"VARTA RECHARGE BATTERY AA2",129,5,4,1,129,26-APR-026,AKUSHIKA,166
146056,"WATER BOTTLE PC 750ML PLASTIC 161407161",34.9,27,27,0,0,26-APR-026,WISE,296
188627,"COFFEE TABLE 30X60CM ASRTD",349,2,2,0,0,26-APR-026,FRANCIS,"ZONE 367"
189428,"MCBERRY SUGAR FREE SODA 25G  216",1.09,54,259,-205,-223.45,26-APR-026,QUARSHIE,137
190878,"DZIRE CEILING FAN 56 SMOKE BROWN CF 56 BDEC HJET",549,1,4,-3,-1647,26-APR-026,BOFFOUR,148
200291,"HH MAYONNAISE 500ML 12",38.49,7,47,-40,-1539.6,26-APR-026,CHARITY,42
198559,"BBQ UNIT CHARCOL 010B",2499,1,1,0,0,26-APR-026,HERBERT,169
45407,"CDI ABSORBENT COTTON WOOL 200GMS X 50",28.99,11,36,-25,-724.75,26-APR-026,"BRIGHT NKANSAH",34
72746,"EVP EASY TIE TRASH BAG WHITE SS 15L 30PCS  12",29.99,4,5,-1,-29.99,26-APR-026,ELEMAWUSI,40
94166,"SATNAM PERFUMED INSECT REPELLANT BALLS 200GMS 60",23.99,41,41,0,0,26-APR-026,EZEKIEL,106
102734,"CELLO LUNCH BOX PLASTIC COMPANION",29.9,39,66,-27,-807.3,26-APR-026,"PRINCE AGYEI",247
110748,"SANITA CLUB TRASH BAGS 20GALLONS X15   20",52.99,20,20,0,0,26-APR-026,ELEMAWUSI,38
14338,"MARILAN ROSQUINHAS RING BISCUITS MILK 300G  32",15.49,9,26,-17,-263.33,26-APR-026,CHARLES,46
150411,"CURTAIN W8 GROMENT BLUE 54X90 JQ033",119,12,12,0,0,26-APR-026,JUSTICE,185
162913,"CURTAIN JACQUARD 54X90 GREEN LLJ7",169,5,5,0,0,26-APR-026,"PRINCE AGYEI",245
172644,"COFRUTOS SUGARFREE ORANGE JUICE 1L  12",36.49,9,9,0,0,26-APR-026,DORA,66
174559,"DOOR CLOSER PLASTICSTEEL WIRE",28.9,6,6,0,0,26-APR-026,BOFFOUR,148
182536,"CONTAINER 3PCS SET RECT CLEAR   PP66400",49.9,10,10,0,0,26-APR-026,SOMUAH,274
198718,"SOAP DISPENSER 300ML PLASTIC METAL TOP DESIGN YWU",34.9,18,18,0,0,26-APR-026,ODAI,229
117692,"TOLSEN PADLOCK 40MM BRASS WLONG SHACKLE 55109",69,5,5,0,0,26-APR-026,BOFFOUR,148
111547,"CHIGO FRIDGE SD 86L CRG11C63STAR",1799,1,2,-1,-1799,26-APR-026,AMADU,150
148795,"CAKE TOPPER MIX NO",8.9,13,9,4,35.6,26-APR-026,SARAH,270
161473,"CURTAIN EMBOSSED 54X90  TAUPE",99,12,12,0,0,26-APR-026,JUSTICE,185
181988,"OBA SUNFLOWER OIL 3L X 6",139.99,8,14,-6,-839.94,26-APR-026,"GERALD SACK ",118
89841,"TISSUE HOLDER W SUCTION R5520 RJK",32.9,21,21,0,0,26-APR-026,"MORGAN ONGOH",218
126694,"SIDE TABLE METAL GOLD WSTRAIGHT LEG",799,1,1,0,0,26-APR-026,FRANCIS,"ZONE 367"
14809,"DEVA COCONUT LIQUID HAND SOAP 350ML 24 10205",19.49,32,33,-1,-19.49,26-APR-026,EMMANUEL,97
153045,"ENERGIZER BATTERY MAX AAABP8",115,6,19,-13,-1495,26-APR-026,"ARTHUR JONADAB",10
163072,"CURTAIN JACQUARD 54X90 BLUE DR2404",199,1,9,-8,-1592,26-APR-026,"PRINCE AGYEI",245
183520,"WATER BOTTLE PROMIST 600ML PHY B1021",49.9,12,12,0,0,26-APR-026,WISE,295
200797,"FRYING PAN 24CM FALU ZHNBAROLY 2608G24",169,8,9,-1,-169,26-APR-026,HERBERT,316
86624,"SAMSUNG FRIDGE DD 255L SIL RT31HAR4DSART25HAR4DSA",9779,1,1,0,0,26-APR-026,AMADU,150
98447,"SEARA FROZEN THIGHSBONE IN 900G  12",64.99,12,12,0,0,26-APR-026,ELVIS,75
106655,"BLING GLASS CLEANER 750ML  15",16.99,12,12,0,0,26-APR-026,"BENEDICT ABBEY",26
111385,"CUSHION 42X42CM 220GSM POLYESTER SC10134",89,6,28,-22,-1958,26-APR-026,JUDE,180
125837,"CONTAINER CHEF BOX PLASTIC 2PCS 1000ML 60742",39.9,4,4,0,0,26-APR-026,SOMUAH,275
14655,"SABA DETERGENT POWDER 800G 10",27.99,10,23,-13,-363.87,26-APR-026,EMMANUEL,96
165579,"BEDSHEET SET 3PC 235X275CM 145GSM COZYKBEDDING3",199,3,19,-16,-3184,26-APR-026,"KINGSLEY OP",196
179954,"FILLED CUSHION LN 45X45CM WHITE EHAMKCUSHION143",99,5,17,-12,-1188,26-APR-026,JUDE,182
198004,"NASCO AC SPLIT 15HP R410 GOLDEN NASJ12N1ECO",3399,2,2,0,0,26-APR-026,AMADU,WH
27774,"WC NET BLEACH  MOUNTAIN FRESH 750ML 12",53.99,5,5,0,0,26-APR-026,EMMANUEL,96
70435,"MESSAGE HANGING THERMOMETER",10.9,15,15,0,0,26-APR-026,REGINA,260
D476,"BARON DE SENAC ROSE WINE 750ML 6",81.99,2,2,0,0,26-APR-026,CHARLES,49
08833,"FAULTLESS SPRAY STARCH MTLAVENDER 567G 12",59.99,12,13,-1,-59.99,26-APR-026,AKORFA,31
117641,"WATER CUP PLASTIC BEAD DESIGN UR3127",8.9,15,15,0,0,26-APR-026,WILLIAM,291
148771,"BIRTHDAY CANDLE 6PCS",6.9,4,50,-46,-317.4,26-APR-026,REGINA,260
149909,"TOLSEN GLASS CUTTER W6PCS WHEEL TCT BLADE 41030",23.9,4,4,0,0,26-APR-026,BOFFOUR,148
151364,"CUSHION 500G FILLING BOTH SIDE 45X45CM",99,3,5,-2,-198,26-APR-026,JUDE,184
169087,"AKAI WATER HEATER INSTANT 45KW WH007A45K",1599,1,1,0,0,26-APR-026,AMADU,150
19387,"HUGGIES BABY WIPES NATURAL CARE ALOE VERA 48S 10",24.99,12,12,0,0,26-APR-026,"BRIGHT NKANSAH",34
80153,"SOAP DISH SUCTION R5140 RJK",34.9,16,16,0,0,26-APR-026,"MORGAN ONGOH",217
90604,"CURTAIN ROD SINGLE 120210 11032210AC",119,2,1,1,119,26-APR-026,PRINCE,241
106887,"TAMPICO COCKTAIL FRUIT JUICE 500ML 12",7.99,1,59,-58,-463.42,26-APR-026,GILBERT,162
106994,"AQUALIS LUXURY BATH SOAP WITH MILK 300G  24",17.99,19,19,0,0,26-APR-026,EMMANUEL,99
161812,"DECAKILA GAS STOVE 3BURNERS KMGS009B",379,4,5,-1,-379,26-APR-026,HERBERT,169
A975,"KASAPREKO ALOMO BITTERS  750ML 12",46.99,13,16,-3,-140.97,26-APR-026,"CHARLES A",52
111650,"BALLON SET 11PCS W1PCS NUMBER BALLON CHAMPAGNE",19.9,27,85,-58,-1154.2,26-APR-026,SARAH,270
115822,"PAPILION WET WIPES FLOWER PASSION PINK 64SHEETS 24",18.99,15,15,0,0,26-APR-026,"BRIGHT NKANSAH",34
129507,"BLOW UP BALL SIZE 9",6.99,100,101,-1,-6.99,26-APR-026,REGINA,560
189896,"DOVE BAR SOAP RELAXING COCONUT 135G 48",21.99,45,41,4,87.96,26-APR-026,EMMANUEL,99
190613,"BIRTHDAY CANDLE 12PCS",6.9,23,22,1,6.9,26-APR-026,SARAH,270
115843,"KELLOGGS MOONS  STARS CHOCO CEREAL 414G 10",69.99,10,10,0,0,26-APR-026,DORIS,70
156276,"MOLINERA  SUGARFREE MANGO JUICE 1L  12",31.49,11,11,0,0,26-APR-026,DORA,66
149972,"DZIRE MUSICAL BOOK STAND DZ511",159,5,6,-1,-159,26-APR-026,AMADU,WH
184481,"JUG AND GLASS 5PCS SET PLASTIC HL0040CC  HL0041C",22.9,21,21,0,0,26-APR-026,QUEENCILLA,256
113139,"PANEL YARN DYE JACQUARD WGROMMET RED TONE A12B",229,2,2,0,0,26-APR-026,AKAYIRI,190
121320,"VARTA BATTERY SUPERLIFE AAA BLISTER 4",42,10,18,-8,-336,26-APR-026,"ARTHUR JONADAB",10
156290,"ASEDA LOCAL WHITE RICE 2KG 10",65.99,15,15,0,0,26-APR-026,ELEMAWUSI,41
187657,"LED LIGHT 4PCS",69,2,2,0,0,26-APR-026,GLADYS,161
186918,"BATHMAT 50X80CM D2 CT ASTD 4COLORS JBT52205",49,1,35,-34,-1666,26-APR-026,PHILEMON,237
187050,"SPORTS BOTTLE 850ML PLASTIC YY279 YWU",59,26,16,10,590,26-APR-026,WISE,296
187095,"WATER BOTTLE 350ML KIDS PLASTIC 8118 YWU",69,21,23,-2,-138,26-APR-026,WISE,295
18343,"LONG MOUNTAIN CHARDONNAY 75CL 6",65.99,8,8,0,0,26-APR-026,CHARLES,49
205821,"PAREX ECO WC BRUSH WSTAND 1909646",26.9,12,9,3,80.7,26-APR-026,"MORGAN ONGOH",218
99931,"WINDOW SHADE YE3 200X200 BROWN",599,1,1,0,0,26-APR-026,PRINCE,240
148403,"PLACEMAT GOLDSILVER WTAG 6PCS",79,20,21,-1,-79,26-APR-026,"MICHAEL BOYE",210
151577,"GALAXY CONCEPT SPRAY  TERE  200ML 12",31.99,4,4,0,0,26-APR-026,"ANANE KOJO",5
153229,"FABRIC SOFTNER MON BIJOU LIQUIDPROTECTION 5L  4",114.99,4,4,0,0,26-APR-026,"BENEDICT ABBEY",25
187381,"WESTINGHOUSE TUMBLER DOUBLE WALL SS 25OZ WCBL0066",149,5,5,0,0,26-APR-026,WILLIAM,292
187075,"BATHROOM 6PCS SET PLASTIC YWU",199,0,3,-3,-597,26-APR-026,"MORGAN ONGOH",216
98539,"GETTOL ANTISEPTIC LEMON 250ML  24",17.99,17,17,0,0,26-APR-026,AKORFA,29
98500,"AMALFI SHOWER GEL VANILLA 750ML  16",29.99,6,6,0,0,26-APR-026,EVELYN,102
153005,"AKAI DOUGHNUT MAKER 1200W SM022A8601",299,1,6,-5,-1495,26-APR-026,HAYFORD,153
166018,"CLOTHES DRYER 4TIER WOODEN WS4054XLH1B RJK",439,1,1,0,0,26-APR-026,AKAYIRI,190
117691,"TOLSEN PADLOCK 40MM BRASS HEAVY DUTY 55114",75,4,4,0,0,26-APR-026,BOFFOUR,148
161484,"CURTAIN FOILED 54X90  BEIGE",129,12,12,0,0,26-APR-026,"PRINCE AGYEI",245
168078,"FILLED CUSHION JAQUARD 45X45CMBLACKTAUPE DC251",129,4,8,-4,-516,26-APR-026,JUDE,184
170273,"KIDS YOYO WLIGHT",16.99,72,78,-6,-101.94,26-APR-026,SARAH,269
198403,"WALL CLOCK 402X402X45 1616D",129,5,5,0,0,26-APR-026,"ARTHUR JONADAB",10
39953,"PRAN PREMIUM FRUIT COCKTAIL JUICE TETRA PACK 1L 12",22.99,8,20,-12,-275.88,26-APR-026,DORA,65
09226,"ALWAYS EXTRA LONG ULTRA THIN 7PADS X 16",23.99,14,11,3,71.97,26-APR-026,ELEMAWUSI,39
150592,"LINC PENTONIC BALL PEN BLUE 50 PCS DISPENSER 07MM",3.9,900,912,-12,-46.8,26-APR-026,"ARTHUR JONADAB",11
178465,"BATH SPONGE NYLON YWU",24.9,8,8,0,0,26-APR-026,"NANA ADJEI ",223
187051,"SPORTS BOTTLE 1000ML PLASTIC YY471 YWU",99,3,3,0,0,26-APR-026,WISE,295
190655,"PLAY BLANKET PLAYPEN",429,1,1,0,0,26-APR-026,REGINA,260
146645,"FANICE AMERICAN VANILLA ICE CREAM 500ML 1",31.99,14,16,-2,-63.98,26-APR-026,ELVIS,77
145775,"DUSTBIN PEDAL WBUCKET 28L PLASTIC M827",229,1,1,0,0,26-APR-026,"PAUL OWUSU",233
16331,"TALL HORSE SHIRAZ WINE 75CL 6",84.99,3,5,-2,-169.98,26-APR-026,CHARLES,48
161151,"FILLED CUSHION JAQUARD 45X45CMTAUPE DC236",179,1,17,-16,-2864,26-APR-026,JUSTICE,186
162705,"DINNER PLATE MELAMINE 10 INCHES FEILU 226102",12.9,90,92,-2,-25.8,26-APR-026,"ABIGAIL YEVUGAH",301
179990,"CURTAIN YD PL GROMT GOLD 54X90 24EHM004",179,12,12,0,0,26-APR-026,JUSTICE,185
27948,"LELE MACKEREL IN TOMATO SAUCE OMEGA 3 425G 24",24.99,24,44,-20,-499.8,26-APR-026,CLAUDIA,117
102613,"CERES SEASONS TREASURES JUICE 1L 12",44.99,9,33,-24,-1079.76,26-APR-026,GIDEON,59
119589,"KERRYGOLD CHEDDAR CHEESE WHITE SLICES 150G  10",45.99,5,5,0,0,26-APR-026,APPIAH,80
121937,"3PCS BEDSHEET SET SL KG 180X20030CM ASRTD",159,17,17,0,0,26-APR-026,"KINGSLEY OP",195
164136,"DUSTBIN WHITE STORY PLASTIC 161242014",129,1,1,0,0,26-APR-026,ODAI,228
178130,"PAPER DOILIES 20PCS 105 YWU",8.9,14,14,0,0,26-APR-026,"MICHAEL BOYE",212
183525,"WATER BOTTLE PICCOLO 1000ML PHY L1031",69,36,1,35,2415,26-APR-026,WISE,295
204538,"SIPPER BOTTLE INSULATED HCVB2018",85,22,22,0,0,26-APR-026,WILLIAM,292
95404,"FANTA ORANGE PET 300ML 12",6.49,4,72,-68,-441.32,26-APR-026,SOLOMON,62
102864,"BATHROOM CORNER SHELF WHOLDER PLASTIC L00289",89,4,4,0,0,26-APR-026,"MORGAN ONGOH",218
164793,"AKAI HAIR STRAIGHTENER HD006A807S",149,13,13,0,0,26-APR-026,HAYFORD,155
182194,"DZIRE FRIDGE DD 85L SILVER REFTMF11D",2249,1,2,-1,-2249,26-APR-026,AMADU,150
203951,"CERES NECTAR CRANBERRY JUICE 1L 12",28.49,8,12,-4,-113.96,26-APR-026,GIDEON,59
64480,"CELLO FRIDGE BOTTLE VEGAS 1LTR",10.9,25,22,3,32.7,26-APR-026,WISE,296
95675,"AMALFI BATH  SHOWER GEL CARROT 750ML  16",29.99,7,7,0,0,26-APR-026,EVELYN,102
100981,"CURTAIN POLYESTER 54X84  WHANGER DRTH336",169,9,16,-7,-1183,26-APR-026,AKAYIRI,190
108602,"CURTAIN 52X84 W8GROMMET BLACKOUT DESIGN 5",129,8,8,0,0,26-APR-026,MAJEED,200
126810,"JUVER DISFRUTA  ORANGE NARANJA  200ML 30",7.99,30,30,0,0,26-APR-026,SOLOMON,61
122722,"KELLOGGS CORNFLAKES 300G  10 NGR",47.99,12,11,1,47.99,26-APR-026,DORIS,70
178456,"BATH SCRUBBER COTTON AND LINEN YWU",19.9,5,5,0,0,26-APR-026,"NANA ADJEI ",223
176157,"S4 COMFORTER SET KG 200X260CM KCS42",579,4,4,0,0,26-APR-026,AKAYIRI,191
183526,"ENA PA SWEETENED CONDENSED MILK 1KG  24",34.99,8,24,-16,-559.84,26-APR-026,APPIAH,83
193471,"DOOR MAT COIR PANAMA 8MM ASTD 45X75CM",49.9,15,15,0,0,26-APR-026,JUSTICE,187
75626,"WHYTEHALL HONEY WHISKY  1L  12",117.99,10,10,0,0,26-APR-026,"CHARLES A",51
94344,"CHAIRPAD 45X45CM VELVET  ASTD5",37.9,7,23,-16,-606.4,26-APR-026,JUSTICE,187
115551,"FLOWER WPOTBULB SHADE DESIGN BLCKBRWN TA168848",69,1,1,0,0,26-APR-026,REGINA,259
169518,"BE PETIT BRURRE ORIGINAL BISCUITS 58G  30",6.49,55,55,0,0,26-APR-026,QUARSHIE,137
70249,"INDOMIE HUNGRY MAN CHICKEN FLAVOR 180G  26",11.29,1,6,-5,-56.45,26-APR-026,CLAUDIA,117
156407,"SERVING TRAY MELAMINE 18 INCHES ZHN 242218",29.9,4,4,0,0,26-APR-026,ESTHER,309
156568,"SPORTS BOTTLE 1000ML PLASTIC YWU",59,14,14,0,0,26-APR-026,WISE,296
164230,"BATH MAT 50X80CM BM3834",55,10,9,1,55,26-APR-026,"PAUL OWUSU",233
200745,"FRYING PAN 22CM FALU ZHNBAROLY 114022",119,3,3,0,0,26-APR-026,GLADYS,159
82385,"BINATONE INDUSTRIAL STANDING FAN 30 HDF3020",2269,1,5,-4,-9076,26-APR-026,BOFFOUR,148
97692,"LA SALUD NEUTRAL HOUSEHOLD CLEANER 15L 8",41.99,11,12,-1,-41.99,26-APR-026,"BENEDICT ABBEY",25
102729,"SPARTAN BRAVO LIQUID LAUNDRY DETERGENT  15 L  6",70.99,1,1,0,0,26-APR-026,GEORGE,110
116647,"PRINCE VANILLA BISCUITS 130G  20",12.99,24,39,-15,-194.85,26-APR-026,RICHMOND,134
137213,"QUILT SET BEDNBATH ULTRASONIC SOLID QS230250",249,5,5,0,0,26-APR-026,"JOSEPH PATRICK",175
134097,"PRIVATE MAXI SUPER ECO 18X16",31.99,6,6,0,0,26-APR-026,ELEMAWUSI,38
146641,"ELTRUT POTATO SAMOSA 8PCS  380G 1",50.99,7,7,0,0,26-APR-026,APPIAH,80
145134,"DUSTBIN FIT IN BLKGRY 53L 33X33X73CM PP72005",249,3,3,0,0,26-APR-026,VICTORIA,283
153296,"PHILIPS BLENDER WMILL 2L 550W HR214190",879,1,2,-1,-879,26-APR-026,HAYFORD,153
41086,"PURE HEAVEN CAN SPARKLING RED GRAPE JUICE 330ML 24",14.99,19,22,-3,-44.97,26-APR-026,GIDEON,57
74243,"TAMPICO MANGO FRUIT JUICE  300ML  12",6.49,54,54,0,0,26-APR-026,SOLOMON,63
58699,"FLORA TABLE NAPKIN ASSORTED COLOURS 1X100X15  15",6.99,12,13,-1,-6.99,26-APR-026,MAHAMA,90
CL014,"STOOL SMALL 41CMX33CMX26CM",39.9,14,16,-2,-79.8,26-APR-026,"NANA KOJO",252
125265,"ROMAR FABRIC SOFTENER CONC BABY POWDER  2L  6",84.99,8,8,0,0,26-APR-026,AKORFA,32
129614,"ACTIVITY BOOK DOT TO DOT CRAYOLA 2965CYDD",23.9,17,17,0,0,26-APR-026,ELLA,20
130728,"SWIMMING GOGGLE AQUA JUNIOR 25007",89,1,14,-13,-1157,26-APR-026,BOFFOUR,148
160252,"PERLA MINERAL WATER JAR 19L 1",27.99,3,3,0,0,26-APR-026,GLADYS,159
167021,"FRYING PAN WDETACHABLE HANDLE 26 CM 231226CM",129,7,7,0,0,26-APR-026,AMA,313
87415,"TURTLE OPEN FACE HELMET WADJUSTABLE STRAP LARGE",199,6,6,0,0,26-APR-026,SARAH,270
05124,"AKAI LED LIGHT RECHARGEABLE LS006RA9100LS026A",299,2,2,0,0,26-APR-026,HAYFORD,154
115806,"DINNER PLATE MELAMINE 10 INCHES ZHN 038105",18.9,12,12,0,0,26-APR-026,"ABIGAIL YEVUGAH",301
132191,"BRUHM GAS COOKER 4B 50X50 SILVER BGC 5540IF",1899,1,2,-1,-1899,26-APR-026,AMADU,147
153671,"ECOLINK LED SPOTLIGHT GU10 50W 2700K 929003038611",26,12,12,0,0,26-APR-026,BOFFOUR,148
149971,"DZIRE MUSICAL KEYBOARD STAND DZ532",219,1,5,-4,-876,26-APR-026,HAYFORD,157
150442,"CURTAIN W8 GROMENT GOLD 54X90 BLK10",109,1,6,-5,-545,26-APR-026,"KINGSLEY OP",194
126673,"WALL CLOCK SAKURA 36X36X42 2956",89,5,10,-5,-445,26-APR-026,"ARTHUR JONADAB",11
168606,"BOWL SET 3PCS WLID UR3415",16.9,4,4,0,0,26-APR-026,SOMUAH,274
190014,"KENWOOD GAS COOKER 3B1H 60X60 GRI SS CGE60000SS",4199,1,1,0,0,26-APR-026,AMADU,147
188876,"BATHMAT 50X80CM BM279 GREEN CP",59,2,2,0,0,26-APR-026,"PAUL OWUSU",232
38886,"HARPIC TOILET GEL CITRUS  450ML 12",30.99,6,6,0,0,26-APR-026,EMMANUEL,96
204278,"SIGMA GAS COOKER 4B 50X50 GRILL SIL SGC F5050GS",1999,1,1,0,0,26-APR-026,AMADU,147
54457,"DINNER PLATE MELAMINE 10 INCHES ZHN B047105",18.9,20,20,0,0,26-APR-026,"ABIGAIL YEVUGAH",301
120688,"WESTINGHOUSE PANINI GRILL 2SLICE 700W WKCG053",329,4,5,-1,-329,26-APR-026,HAYFORD,157
156676,"BATH SCRUBBER COTTON AND LINEN YWU",16.9,9,10,-1,-16.9,26-APR-026,"NANA ADJEI",222
168223,"BEDSHEET SET DOB MICRO PEACH 3P 90GSM 03BT0938PF",79,8,21,-13,-1027,26-APR-026,"KINGSLEY OP",194
182619,"NASCO DEEP FRYER NASDF7800GS",499,1,1,0,0,26-APR-026,HAYFORD,157
89158,"PLUSH TOY BEAR 30CM  YL42530",89,12,12,0,0,26-APR-026,AKUSHIKA,166
95107,"FRUTAIL ORANGE JUICE 1L  12",36.99,8,8,0,0,26-APR-026,SOLOMON,64
110731,"LA VONCE TOMATO MIX TIN  210G   24",7.49,24,76,-52,-389.48,26-APR-026,JONATHAN,131
124732,"STORAGE BOX 57L PLASTIC SSPD BSF00853",59,9,8,1,59,26-APR-026,QUEENCILLA,255
135070,"DECAKILA KETTLE 17L 2200W PLASTIC KEKT027W",149,3,4,-1,-149,26-APR-026,HAYFORD,153
166898,"ACTIVITY BOOK STEP INTO THE FUN FACTS",24.9,7,8,-1,-24.9,26-APR-026,ELLA,20
190689,"LAUNDRY BASKET COVERED 40X45CM ASSORTED MYQ9 1920",119,4,13,-9,-1071,26-APR-026,ODAI,229
39394,"HOLY NON ALCOHOLIC COMMUNION WINE 1L  12",51.49,11,11,0,0,26-APR-026,CHARITY,42
62703,"FRISCHLI SKIMMED UHT MILK 01 1L 12",34.99,4,4,0,0,26-APR-026,DORIS,71
D571,"GUINNESS STOUT ALC BOTTLE 330ML 24",17.89,2,267,-265,-4740.85,26-APR-026,GILBERT,162
CL431,"BUCKET WITH LID AND TAP 20LTR 35CMX36CM",59,5,7,-2,-118,26-APR-026,VICTORIA,283
100811,"LA SALUD MARSEILLE SOAP DETERGENT 4L  4",139.99,2,2,0,0,26-APR-026,GEORGE,110
104520,"FRUTAIL CRANBERRY DRINK 1L  12",37.99,18,36,-18,-683.82,26-APR-026,SOLOMON,64
105115,"KENWOOD STEAM IRON 2200W CERAMIC STP60000WB",569,5,5,0,0,26-APR-026,GLADYS,158
133189,"NEAT DISHWASH SOAP ASSORTED 5L  4",109.99,5,5,0,0,26-APR-026,GEORGE,111
146225,"WINDOW SHADE YE3160X180 BEIGE",429,1,1,0,0,26-APR-026,PRINCE,240
144810,"PENCIL CASE MATRIX 211X98X32CM P  8175",14.9,48,50,-2,-29.8,26-APR-026,"ARTHUR JONADAB",11
157338,"SHREDDED MEMORY FOAM PILLOW BBSP420",259,10,10,0,0,26-APR-026,"JOSEPH PATRICK",176
174325,"PREMIER CHESS MULTICOLOUR",55,4,4,0,0,26-APR-026,ROBIN,264
168727,"CURTAIN P VELVET FOILED 54X84 TAUPE 25FV5",209,7,7,0,0,26-APR-026,"KINGSLEY OP",194
27948,"LELE MACKEREL IN TOMATO SAUCE OMEGA 3 425G 24",24.99,20,44,-24,-599.76,26-APR-026,ABIGAIL,124
202623,"PLATE 105 S037105",14.9,42,41,1,14.9,26-APR-026,"ABIGAIL YEVUGAH",302
CL431,"BUCKET WITH LID AND TAP 20LTR 35CMX36CM",59,2,7,-5,-295,26-APR-026,VICTORIA,282
146139,"IMPERIAL LEATHER SOAP MEN  SPORT  150G   24",20.99,24,24,0,0,26-APR-026,EMMANUEL,99
149372,"NASCO FRIDGE DD 158L NASF218FL",3599,1,1,0,0,26-APR-026,AMADU,150
162834,"CURTAIN JACQUARD 54X90 BLACK S1301",139,5,11,-6,-834,26-APR-026,"PRINCE AGYEI",245
170018,"FRY PAN 20CM FALU ZHNBLY 1808320",99,8,8,0,0,26-APR-026,HERBERT,315
200644,"TCL AC SPLIT 15HP INVERTER R32 TAC12CSDXA73I",4399,1,2,-1,-4399,26-APR-026,AMADU,WH
198214,"BATHROOM SET 4PCS RESIN MARBLE BRE05444 YWU",399,5,7,-2,-798,26-APR-026,ODAI,229
125870,"POPIZZ SPARKLING DRINK PINK 750ML  6",49.99,34,35,-1,-49.99,26-APR-026,CHARITY,44
145814,"BELPAK POCKET TISSUE 10 PCS     30",12.49,23,53,-30,-374.7,26-APR-026,MAHAMA,91
150544,"KANGARO PAPER PUNCH MOD10PP",21.9,5,5,0,0,26-APR-026,ATITOGO,15
178712,"CURTAIN EMB GROMET COFFE 52X90 02PA7143F",139,5,5,0,0,26-APR-026,MAJEED,200
183425,"OPENER CAN AND BOTTLE SSWOOD HANDLE ZHN 0931",12.9,3,44,-41,-528.9,26-APR-026,NYARKO,170
192766,"CURTAIN PR BROWN 54X90 PL 2510Y",99,9,9,0,0,26-APR-026,"PRINCE AGYEI",245
86130,"HARPIC ORIGINAL POWER PLUS 450ML 12",30.99,5,5,0,0,26-APR-026,EMMANUEL,96
61251,"FLOW SANITARY PADS PURPLE   48",17.49,5,5,0,0,26-APR-026,ELEMAWUSI,39
N801,"FANTA ORANGE PET 450ML  12",8.99,64,62,2,17.98,26-APR-026,SOLOMON,62
91876,"BINATONE DRY IRON 1100W HEAVY DI12651266",315,4,4,0,0,26-APR-026,GLADYS,158
97336,"WC NET CRYSTAL RIM BLOCK PINK FLOWERS  12",44.99,14,7,7,314.93,26-APR-026,EMMANUEL,95
90628,"CURTAIN ROD EXTANDABLE SIZE 110210CM 11051210DG",75,2,10,-8,-600,26-APR-026,PRINCE,241
08026,"OMO AUTO WASH  2KG  9",172.99,4,35,-31,-5362.69,26-APR-026,EMMANUEL,95
104442,"QUERAY HAND SOAP NATURE 500ML 12",31.49,9,9,0,0,26-APR-026,EMMANUEL,97
117651,"GLASSES DECORATED PP SSPD UR3192",9.9,14,14,0,0,26-APR-026,WILLIAM,291
110758,"WALL CLOCK 305X305X4CM ALUMINUM XCOO4",159,1,1,0,0,26-APR-026,"ARTHUR JONADAB",10
125185,"TOLSEN JIGSAW BLADES HSS 5PCS SET 75MM 76812",29,23,24,-1,-29,26-APR-026,BOFFOUR,148
133912,"KERRYGOLD IRISH BUTTER UNSALTED 100G X 20",29.99,15,15,0,0,26-APR-026,APPIAH,80
129586,"FARAGELLO GOLD COCKTAIL NECTAR TETRAPACK 250ML  27",7.99,27,54,-27,-215.73,26-APR-026,SOLOMON,61
178108,"CURTAIN TIE BACK 2PCS SET 6COLOR MIX",47.9,48,48,0,0,26-APR-026,ADDO,206
CL620,"FRIDGE BOTTLE ROUND 900ML 7CMX24CM",9.9,18,17,1,9.9,26-APR-026,WISE,296
105813,"DOVE BODY WASH CUCUMBER GREEN TEA 500ML  20",70.99,10,10,0,0,26-APR-026,EVELYN,102
105822,"DOVE BODY WASH RELAXING  750ML  16",92.99,14,14,0,0,26-APR-026,EVELYN,102
113183,"MIKSI CHOCO  3 IN 1 SACHET 35G  120",4.19,50,50,0,0,26-APR-026,ESINAM,144
161147,"FILLED CUSHION JAQUARD 45X45CM GREY DC236",129,2,2,0,0,26-APR-026,JUSTICE,186
167933,"FILLED CUSHION EMBD 45X45CM 4DESIGN2",179,15,16,-1,-179,26-APR-026,"JOSEPH PATRICK",177
200606,"DANONE ULTRAMEL CUSTARD 1KG 10",58.99,23,23,0,0,26-APR-026,DORIS,72
80324,"PHONE HOLDER MAGNETIC",54,19,19,0,0,26-APR-026,BOFFOUR,148
67516,"SHINE FAMILY NAPKINS 1 PLY 100PCS X 15PK  15",6.99,15,13,2,13.98,26-APR-026,MAHAMA,90
118320,"BLING HANDWASH AQUA 500ML  12",15.99,10,10,0,0,26-APR-026,EMMANUEL,98
112573,"BATHMAT COTTON 40X60CM GREEN ASSORTED",49.9,3,164,-161,-8033.9,26-APR-026,PHILEMON,237
156807,"FILLED CUSHION PR 45X45CM ASTD",55,17,21,-4,-220,26-APR-026,"JOSEPH PATRICK",174
160808,"WINDOW SHADE BLACKOUT ROLLER 45WHITE160X180CM",379,4,4,0,0,26-APR-026,PRINCE,240
159769,"MUNCHEE MILK CRUNCH BISCUITS 26G  72",1.49,12,37,-25,-37.25,26-APR-026,QUARSHIE,137
180103,"DOVE BAR SOAP 90G MEN CLEAN COMFORT 48",16.99,74,73,1,16.99,26-APR-026,EMMANUEL,99
02236,"ROMAR SOFTENER CONC OCEAN FRESHNERS 2L  6",79.99,9,10,-1,-79.99,26-APR-026,AKORFA,32
115154,"CHATEAUX SANGRIA FORTE 500ML 24",19.99,9,9,0,0,26-APR-026,CHARLES,50
128266,"DECOR MIRROR METAL VINTAGE DESIGN 10193",549,1,1,0,0,26-APR-026,NYARKO,171
124120,"CLEANING CLOTH 9PCS SET 2107968",26.9,12,12,0,0,26-APR-026,"WILFRED OSEI",290
X585,"CAN FANTA ORANGE 330ML 24",9.49,52,57,-5,-47.45,26-APR-026,GIDEON,56
06975,"MAGGI SHRIMP TAB  6010G 24",41.99,19,19,0,0,26-APR-026,BARBARA,127
151526,"GALAXY  CONCEPT MIST SURPRISE 250ML 12",45.99,11,12,-1,-45.99,26-APR-026,"ANANE KOJO",5
157661,"DUSTBIN QUATRO GREY SWING 45L 39X33X60CM PP65607",199,5,7,-2,-398,26-APR-026,"PAUL OWUSU",232
168269,"CURTAIN EM BKT GROM BEIG 54X90 02PA6993C",109,1,1,0,0,26-APR-026,"PRINCE AGYEI",245
180218,"KLEANZ HAND SANITIZER 50ML SPRAY  46",7.29,72,84,-12,-87.48,26-APR-026,"ANANE KOJO",5
184556,"SERVING TRAY MELAMINE 14 INCHES ZHN F01814",14.9,31,31,0,0,26-APR-026,ESTHER,308
206551,"CAMPA GOLD BOOST ENERGY DRINK 250ML 24",9.99,23,23,0,0,26-APR-026,GIDEON,57
67964,"READING GLASSES WITH CASE",9,26,26,0,0,26-APR-026,"ARTHUR JONADAB",11
104869,"PRIMA FABRIC SOFTNER 45L  6",104.99,6,6,0,0,26-APR-026,AKORFA,32
107583,"RIGHT GUARD DEO SPRAY TOTAL DEFENCE ACTIVE 250ML 6",38.99,2,2,0,0,26-APR-026,"ANANE KOJO",5
108080,"CURTAIN 52X84  BLACKOUT WEMBOSSED B2020506",189,6,6,0,0,26-APR-026,"KINGSLEY OP",194
126264,"FEGGY MEAT SPRING ROLL 10PCS 450G 1",42.99,8,8,0,0,26-APR-026,APPIAH,80
154725,"VILEDA SCOURER 21 PUR ACTIVE 163380",36.4,150,150,0,0,26-APR-026,"WILFRED OSEI",289
152134,"FILE BAG CLEAR ABB",2.9,4,4,0,0,26-APR-026,ATITOGO,15
151597,"SOFT  GENTLE DEO FRESH BLOSSOM  250ML  6",46.49,16,7,9,418.41,26-APR-026,"ANANE KOJO",5
158097,"STORAGE BOX WLOCK GRY CLEAR 5L 31X19X14CM PP64601",49.9,1,1,0,0,26-APR-026,SOMUAH,274
167056,"BASKET PLASTIC 59141",69,4,4,0,0,26-APR-026,SYLVIA,279
187474,"TRASH BIN PLASTIC GREY RJK G5270",299,5,5,0,0,26-APR-026,"NANA KOJO",250
186719,"COOKWARE SET 7PCS SSTEEL HROLAND HR1771",649,1,2,-1,-649,26-APR-026,"WILFRED OSEI",288
186903,"LUNCH BOX PLASTIC A911 YWU",29.9,39,39,0,0,26-APR-026,"PRINCE AGYEI",246
185377,"4PCS BEDSHEET SET Q 230X250CM PRINT ASS 03BT1032",139,16,16,0,0,26-APR-026,"KINGSLEY OP",195
191540,"4PCS BEDSHEET SET SG 150X230CM  WHITE",149,2,1,1,149,26-APR-026,"PRINCE AGYEI",245
39261,"YAZZ  SANITARY PAD MINTY BLUE   24",17.99,33,36,-3,-53.97,26-APR-026,ELEMAWUSI,39
00376,"CERES WHISPER OF SUMMER JUICE 1L 12",44.99,8,56,-48,-2159.52,26-APR-026,GIDEON,59
08772,"COUNTRE MILK VANILLA 500ML 18",35.99,18,18,0,0,26-APR-026,DORIS,73
12139,"ROMAR WASHING GEL WHITE CLOTH 15L 9",72.99,13,13,0,0,26-APR-026,GEORGE,110
12141,"ROMAR WASHING GEL COLOUR CLOTH 15L 9",64.99,9,9,0,0,26-APR-026,GEORGE,110
168099,"FILLED CUSHION P JAQUARD 45X45CMTAUPE DC254",129,8,10,-2,-258,26-APR-026,JUDE,182
187927,"VASE GLASS 12X20CM",35.9,8,8,0,0,26-APR-026,REGINA,259
67792,"IRISH SPRING ICY BLAST SOAP 1063G 18X3PACK  18",53.99,25,26,-1,-53.99,26-APR-026,EMMANUEL,99
05112,"INDOMIE SUPER PACK ONION CHICKEN 120G 44",8.29,48,53,-5,-41.45,26-APR-026,CLAUDIA,117
109790,"INDOMIE TASTY CHICKEN NOODLES 70G 44",5.49,44,41,3,16.47,26-APR-026,CLAUDIA,117
128928,"STICKY NOTE STD 3X3 257323257330257347",5.9,5,5,0,0,26-APR-026,ATITOGO,15
155858,"CUP WSTRAW 450ML PLASTIC L00899",12.9,4,2,2,25.8,26-APR-026,WILLIAM,291
161841,"SOAP DISPENSER SET 3PCS GLASS YWU",49.9,12,12,0,0,26-APR-026,"NANA ADJEI ",221
178549,"VACUUM MUG WSTRAW 900ML SSTEEL STAN TYPE YWU",89,5,6,-1,-89,26-APR-026,WILLIAM,292
145347,"DOVE BODY WASH RELAXING 500ML  20",70.99,3,13,-10,-709.9,26-APR-026,EVELYN,102
150311,"CURTAIN W8 GROMENTS BLUE 54X90 BP033",159,2,2,0,0,26-APR-026,"KINGSLEY OP",194
153326,"BOARD GAMES LUDO",75,15,14,1,75,26-APR-026,ROBIN,264
168132,"MATTRESS PROTECT WP PJERSEY 180X200CM 117015P180",159,2,9,-7,-1113,26-APR-026,"MICHAEL BOYE",212
49252,"DEVA DISHWASHING LIQUID SOAP APPLE 25L  6",73.99,9,9,0,0,26-APR-026,GEORGE,111
99035,"PAINTING 45X90CM",329,11,11,0,0,26-APR-026,NYARKO,170
93778,"KENWOOD KETTLE 17L 2200W SS SIL ZJM01A0BK",599,6,7,-1,-599,26-APR-026,HAYFORD,153
104801,"SAMSUNG AC SPLIT 15HP R410 AR12TRHGAWKGA",7039,1,1,0,0,26-APR-026,AMADU,WH
126193,"ZOFLORA COUNTRY GARDEN 120ML  12",45.99,15,16,-1,-45.99,26-APR-026,AKORFA,30
149971,"DZIRE MUSICAL KEYBOARD STAND DZ532",219,4,5,-1,-219,26-APR-026,AMADU,WH
150417,"CURTAIN W8 GROMENT GOLD 54X90 BLK5",109,12,12,0,0,26-APR-026,"KINGSLEY OP",194
150439,"CURTAIN W8 GROMENT BEIGE 54X90 BLK9",109,12,12,0,0,26-APR-026,JUSTICE,185
167932,"FILLED CUSHION EMBD 45X45CM 4DESIGN",179,13,18,-5,-895,26-APR-026,"MICHAEL BOYE",210
89845,"CORNER RACK W SUCTION R5550 RJK",79,14,14,0,0,26-APR-026,PHILEMON,237
122311,"DON SIMON PINE COCO JUICE DRINK 500ML 12",24.49,17,18,-1,-24.49,26-APR-026,DORA,65
131318,"STARKIST TUNA FLAKE IN SUNFLOW OIL PK 3 240G 16",55.99,18,18,0,0,26-APR-026,"GIDEON GBLOGAH",123
164232,"BATH MAT 50X80CM BM3968",55,9,9,0,0,26-APR-026,"PAUL OWUSU",233
161476,"CURTAIN VELVET EMBOSSED 54X90  BEIGE",109,1,13,-12,-1308,26-APR-026,AKAYIRI,190
168704,"CAMRY ELECTRONIC KITCHEN SCALE LCD EK4350 RJK",159,5,8,-3,-477,26-APR-026,HAYFORD,154
167762,"COOKWARE 6PCS SET 2MM STEEL HROLAND HR1316 RJK",499,4,5,-1,-499,26-APR-026,"WILFRED OSEI",288
178743,"CURTAIN EMB GROMET COFFE 52X90 02PA7148F",99,2,1,1,99,26-APR-026,MAJEED,201
187809,"2PK PILLOW 48X70CM",109,5,5,0,0,26-APR-026,"JOSEPH PATRICK",176
37639,"DEVA SURFACE CLEANER PINE 1L   12",30.99,16,15,1,30.99,26-APR-026,"BENEDICT ABBEY",25
04816,"ORKIDE SUNFLOWER OIL 3L 6",199.99,8,15,-7,-1399.93,26-APR-026,"GERALD SACK ",120
125459,"WALL LAMP OUTDOOR 18X20X30CM BLACK ML213257W",229,1,2,-1,-229,26-APR-026,AMADU,WH
134175,"EARLY LEARNING EDUCATIONAL CHART FOR KIDS",7.9,100,100,0,0,26-APR-026,"ARTHUR JONADAB",11
153857,"DOCUMENT TRAY PLASTIC SY145",99,1,9,-8,-792,26-APR-026,GLADYS,159
152204,"CLAPPERS BABY WET WIPES 100PCS AURA  GREEN  12",22.49,8,30,-22,-494.78,26-APR-026,"BRIGHT NKANSAH",35
182049,"TRAY BASKET A4 FLEXIWAVE POLY",26.9,9,9,0,0,26-APR-026,SYLVIA,279
182976,"FRYING PAN 20CM FALU ZHNBLY 106820",99,12,12,0,0,26-APR-026,"WILFRED OSEI",288
X712,"DON SIMON SANGRIA TETRA PACK 1L 12",43.99,7,9,-2,-87.98,26-APR-026,CHARLES,50
95108,"FRUTAIL APPLE JUICE 1L  12",34.99,10,61,-51,-1784.49,26-APR-026,SOLOMON,64
90632,"CURTAIN ROD EXTANDABLE SIZE 210300CM 11009300DG",95,4,4,0,0,26-APR-026,PRINCE,241
125869,"POPIZZ SPARKLING DRINK APPLE 750ML  6",49.99,15,15,0,0,26-APR-026,CHARITY,44
127437,"DON SIMON NECTAR PINA COCO JUICE CAN 330ML 24",22.49,24,29,-5,-112.45,26-APR-026,GIDEON,57
146983,"VARTA BATTERY MAX POWER AAA BLISTER 4",67,14,56,-42,-2814,26-APR-026,AKUSHIKA,166
147617,"PERK MILK SHORTCAKE 38G 48",2.39,1,1,0,0,26-APR-026,QUARSHIE,137
161959,"KIDS WATER BOTTLE 400ML PLASTIC SSPD L00500",29.9,1,1,0,0,26-APR-026,WILLIAM,292
193434,"JUNIOR GENIUS",47.99,8,8,0,0,26-APR-026,ELLA,19
27770,"WC NET INTENSE SOL RIM BLOCK OCEAN FRESH 4PCS 12",70.49,21,21,0,0,26-APR-026,AKORFA,30
120808,"JAMAA DETERGENT 850G  10",23.99,10,12,-2,-47.98,26-APR-026,GEORGE,113
138728,"SANITA FT GIPSY 550 SHEET  24",18.49,11,13,-2,-36.98,26-APR-026,MAHAMA,91
157703,"STORAGE BOX WLOCK CLEAR 5L 31X19X14CM PP64600",49.9,15,14,1,49.9,26-APR-026,SYLVIA,279
179792,"PEDAL BIN METAL 37L PLASTIC 3113",349,1,1,0,0,26-APR-026,PHILEMON,239
183413,"MIDEA CHEST FREEZER SD 142L SILVER MDRC207FZN43",2799,1,1,0,0,26-APR-026,AMADU,149
40323,"JUVER DISFRUTA NARANJA ORANGE JUICE  1L  12",32.99,4,4,0,0,26-APR-026,DORA,66
92163,"SEARA CHICKEN SAUSAGE  340G  24",19.99,131,393,-262,-5237.38,26-APR-026,ELVIS,76
110771,"WALL CLOCK 35X35X4CM ALUMINUM 2268",139,1,1,0,0,26-APR-026,"ARTHUR JONADAB",10
151570,"GALAXY CONCEPT SPRAY  ONLY ONE 200ML 12",31.99,3,4,-1,-31.99,26-APR-026,"ANANE KOJO",5
161144,"FILLED CUSHION JAQUARD 45X45CM COFFEE DC2361 4",119,3,8,-5,-595,26-APR-026,"JOSEPH PATRICK",174
186162,"CARPET FELT REDBLACK 2X15M SRMRB01",189,20,17,3,567,26-APR-026,PRINCE,240
189432,"AKAI WATER PUMP 1HP SELF PRIMIING WP003A100ES",999,1,3,-2,-1998,26-APR-026,GILBERT,162
190729,"MANICURE 4PCS SET YWU",16.9,4,5,-1,-16.9,26-APR-026,"ANANE KOJO",5
31583,"ORKIDE SUNFLOWER OIL 2L  6",134.99,2,2,0,0,26-APR-026,"GERALD SACK ",120
N115,"GEISHA MACKEREL 155G 50",12.99,19,18,1,12.99,26-APR-026,ABIGAIL,124
107986,"AKAI CEILING FAN 36 EF104A3658WS",349,4,4,0,0,26-APR-026,BOFFOUR,148
110743,"SANITA CLUB TRASH BAGS  55GALLONS X15    10",73.99,10,22,-12,-887.88,26-APR-026,EMMANUEL,96
156226,"CASTILLO DE LANDA SWEET RED WINE 11 VOL 750ML 12",79.99,5,26,-21,-1679.79,26-APR-026,CHARLES,48
161483,"CURTAIN VELVET EMBOSSED 54X90  RED",109,7,7,0,0,26-APR-026,AKAYIRI,190
198895,"MIDEA AIR FRYER 45L DIGITAL BLACK MFCN45WK",779,1,1,0,0,26-APR-026,HAYFORD,157
115946,"PRIVATE EXTRA THIN ECONOMY PACK 18PCS  12",25.99,13,13,0,0,26-APR-026,ELEMAWUSI,38
124819,"BRUSH CARPET PLASTIC TP103",9.9,18,96,-78,-772.2,26-APR-026,"NANA ADJEI ",221
169370,"BOTTLE KIDS ALU PAW PATROL 500ML",49.9,19,19,0,0,26-APR-026,WILLIAM,292
179708,"MSTA COLOURED PENCIL 6C FRUITY SCENTED 315115",27.9,6,6,0,0,26-APR-026,ATITOGO,15
187314,"CURTAIN ROD POLIS CROM 2BRAKET 120210CM A07210PC",129,10,10,0,0,26-APR-026,PRINCE,241
103877,"AKAI LED LIGHT RECHARGEABLE LS012RA1018LLS027A",199,4,16,-12,-2388,26-APR-026,HAYFORD,154
104380,"DESTELLO FLOOR CLEANER ROSE TALC 1500ML  12",29.99,8,8,0,0,26-APR-026,"BENEDICT ABBEY",24
117114,"SERVING BOWL MELAMINE 12 INCHES ZHN C62212",34.9,32,32,0,0,26-APR-026,"ABIGAIL YEVUGAH ",301
164130,"DUSTBIN BLACK STORY PLASTIC 161242010000",99,1,1,0,0,26-APR-026,ODAI,228
159060,"TOILET BRUSH PP M1580 RJK",69,14,14,0,0,26-APR-026,ODAI,225
37540,"WC NET INTENSE SOL RIM BLOCK LAV FRESH 4PCS  12",70.49,10,10,0,0,26-APR-026,AKORFA,30
202776,"STA SOFT OCEAN FRESH FABRIC CONDITIONER 1L  12",82.99,12,12,0,0,26-APR-026,"BENEDICT ABBEY",25
109759,"MATA HONEY JAR 500 GM 12",45.99,15,15,0,0,26-APR-026,"EMMANUEL HANSON",85
146772,"BINATONE STANDING FAN 16 50W A1692MK5",989,1,1,0,0,26-APR-026,BOFFOUR,148
150449,"CURTAIN W8 GROMENT BEIGE 54X90 BLK11",109,6,6,0,0,26-APR-026,ADDO,206
162933,"CURTAIN JACQUARD 54X90 CREAM LLJ6",169,3,3,0,0,26-APR-026,"PRINCE AGYEI",245
179694,"SOFT PET DOG TOY WMOTION ASSORT DESIGN WACC XP91",389,1,3,-2,-778,26-APR-026,NYARKO,171
179297,"SCREWDRIVER 2PCS SET 5X75MM",45,12,12,0,0,26-APR-026,BOFFOUR,148
193458,"SOLO FLIP NOTE 222X1440CM 160 PAGES FN033",24.99,5,5,0,0,26-APR-026,GLADYS,159
32100,"EVERPACK TRASH BAG MEDIUM 25L  12",41.99,23,20,3,125.97,26-APR-026,ELEMAWUSI,39
204902,"IDEAL ORIGINAL EVAPORATED MILK 165G 24",11.79,0,800,-800,-9432,26-APR-026,"EMMANUEL QUARSHIE",146
A996,"CERES PASSION FRUIT JUICE 1L 12",44.99,5,41,-36,-1619.64,26-APR-026,GIDEON,59
119338,"KERRYGOLD CHEDDAR CHEESE RED SLICES 150G  10",45.99,10,10,0,0,26-APR-026,APPIAH,80
192742,"CURTAIN SHEER PEACH 54X90 PL Y2151",99,48,12,36,3564,26-APR-026,ADDO,205
200748,"FRYING PAN 28CM FALU ZHNBAROLY 114028",159,4,3,1,159,26-APR-026,GLADYS,159
29511,"SERVING TRAY MELAMINE 15 INCHES ZHN 3101115",27.9,20,20,0,0,26-APR-026,ESTHER,308
85494,"BANETTI BIG ELBOWS PASTA 500G  20",14.99,14,16,-2,-29.98,26-APR-026,CLAUDIA,116
92361,"FILLED CUSHION 50X50CM FUR  ASTD5",65,1,8,-7,-455,26-APR-026,JUSTICE,187
06969,"KASAPREKO TONIC WINE 750ML 12",29.99,16,16,0,0,26-APR-026,"CHARLES A",52
100245,"BEDSHEET SET KINGSIZE 125GSM 3P KBS77",179,11,12,-1,-179,26-APR-026,"KINGSLEY OP",196
102099,"DOVE BODY WASH SOOTHING ALMOND 720ML  12",93.99,21,21,0,0,26-APR-026,EVELYN,102
139174,"TOUCH LED KIDS PAW PATROL PW16699",48.9,9,9,0,0,26-APR-026,"ARTHUR JONADAB",11
137491,"BUMBLE BABY WET WIPES 100 PCS BABY SCENTED  12",26.99,3,11,-8,-215.92,26-APR-026,"BRIGHT NKANSAH",35
13476,"LELE THAI RICE 5KG 5",210.99,59,61,-2,-421.98,26-APR-026,DORIS,73
134148,"MY FIRST FUN ACTIVITY BOOKS 3",20.9,84,84,0,0,26-APR-026,ELLA,21
169246,"BROOM WSTICK ROMA GBB24",34.9,41,28,13,453.7,26-APR-026,VICTORIA,284
181959,"RAINBOW CONTAINER 5PCS SET PRINCE 51375",29.9,11,11,0,0,26-APR-026,SOMUAH,275
182965,"FRYING PAN 28CM FALU ZHNBLY 600428",149,9,9,0,0,26-APR-026,HERBERT,315
195693,"STORAGE CONTAINER RND 3PCS SET  HL7044CT",19.9,19,19,0,0,26-APR-026,SOMUAH,274
21314,"MOULINEX SANDWICH MAKER 2 SLICE SM154042",429,2,5,-3,-1287,26-APR-026,HAYFORD,157
X745,"COWBELL COFFEE  35G 10X12  120",5.99,122,129,-7,-41.93,26-APR-026,ESINAM,144
91455,"DON SIMON MULTIFRUITA JUICE DRINK 500ML 12",19.99,4,6,-2,-39.98,26-APR-026,"DORA ",65
96327,"SPRITE ZERO 1 5 L PET  6",23.99,6,22,-16,-383.84,26-APR-026,GIDEON,58
138928,"GEISHA ROSE  HONEY V1 180G  36",15.49,45,49,-4,-61.96,26-APR-026,EMMANUEL,99
139762,"6PCS COMFORTER SET KG SL 230X250CM  ASTD",549,3,5,-2,-1098,26-APR-026,"JOSEPH PATRICK",174
153254,"FREE AFRIKA MARULACREAMY  LIQUOR 900ML 12",149.99,5,5,0,0,26-APR-026,GILBERT,162
172643,"COFRUTOS SUGARFREE MULTIFRUITS JUICE 1L 12",33.99,11,11,0,0,26-APR-026,DORA,66
183297,"AKAI SANDWICH MAKER 2SLICE 750W SM024A8011",209,3,3,0,0,26-APR-026,HAYFORD,157
192942,"POMPOM ANIMAL SILICON TOY WLIGHT HCL S9252",54.99,18,17,1,54.99,26-APR-026,ROBIN,264
82432,"BINATONE MICROWAVE OVEN 20L WGRILL 2017EGMG",2099,1,1,0,0,26-APR-026,GLADYS,158
94744,"FRIDGE BOTTLE 1000ML CELLO VENUS",10.9,25,14,11,119.9,26-APR-026,WISE,296
133208,"NEAT FABRIC SOFTENER ASSORTED 1L  12",31.49,17,18,-1,-31.49,26-APR-026,AKORFA,31
129603,"OPENER WOOD 8 SHAPE DESIGN YWU",9.9,1,3,-2,-19.8,26-APR-026,NYARKO,170
145813,"BELPAK DISPENSER KITCHEN TOWEL NON PERFORATED  6",41.99,3,15,-12,-503.88,26-APR-026,MAHAMA,91
150379,"CURTAIN W8 GROMENT TAUPE 54X90 JQ029",119,47,12,35,4165,26-APR-026,ADDO,205
205584,"SIGMA LED TV 65 SAT SMART UHD STVKU65V6S",6749,1,2,-1,-6749,26-APR-026,HAYFORD,156
60897,"ANDRE ROSE SPARKLING WINE  750ML  12",124.99,8,8,0,0,26-APR-026,CHARLES,49
63956,"VITATOP MULTI FRUTA 330ML 24",13.49,23,23,0,0,26-APR-026,GIDEON,57
49202,"DEVA SOFTENER  LAVENDER  25L  6",110.99,3,1,2,221.98,26-APR-026,AKORFA,32
CL630,"PRIME CUP 500ML 11CMX8CMX10CM",2.9,57,111,-54,-156.6,26-APR-026,WILLIAM,291
106815,"SHINE GARBAGE BAGS 160L   10  12",53.99,8,8,0,0,26-APR-026,ELEMAWUSI,39
126674,"WALL CLOCK SAKURA 203X203X38 2989",47.9,1,11,-10,-479,26-APR-026,"ARTHUR JONADAB",11
165617,"BEDSHEET SET 3PCS PINK FPANAMAK3 F141578",219,5,5,0,0,26-APR-026,"KINGSLEY OP",195
180767,"DZIRE CHEST FREEZER SD 142L SILVER CFSSM151",2999,1,3,-2,-5998,26-APR-026,AMADU,147
88924,"AKAI CEILING FAN 56 EF084AC5662WS",449,1,4,-3,-1347,26-APR-026,BOFFOUR,148
72517,"SOFA LSHAPE  MELLISA  AF",3899,1,1,0,0,26-APR-026,GLADYS,161
57738,"NEON LEMON VODKA  750ML  12",69.99,11,11,0,0,26-APR-026,CHARLES,50
08353,"VITAMILK DOUBLE  CHOCO SHAKE SOYMILK 300ML 24",16.99,2,3,-1,-16.99,26-APR-026,GILBERT,162
138926,"GEISHA SHEA BUTTER  HONEY V1 180G  36",15.49,37,38,-1,-15.49,26-APR-026,EMMANUEL,99
133518,"MEN CLASSIC FLIP FLOP HMD",49,22,22,0,0,26-APR-026,ABIGAIL,333
148102,"CURTAIN WGROMET EMB JACQ BGRY 02PA6797D",119,5,5,0,0,26-APR-026,"KINGSLEY OP",194
162497,"ABOVE DEO SPRAY MAX LINE PEACEFULFASHION 250ML 12",43.49,7,7,0,0,26-APR-026,"ANANE KOJO",5
157690,"DUSTBIN MATT SWING GLD 5L 19X19Xh30CM PP50606",59,4,11,-7,-413,26-APR-026,"NANA KOJO",250
179574,"DIY HAIRBALL PICTURE CRAFT 30X30CM WSTAND ASST DE",49,14,14,0,0,26-APR-026,ROBIN,264
179023,"SQUEEZE SILICON TOYS 4COLOR OPP YW",9.9,16,23,-7,-69.3,26-APR-026,REGINA,260
195695,"BASKET STITCH WLID PLASTIC 4700ML HL0181CCL",22.9,2,2,0,0,26-APR-026,SYLVIA,279
45868,"LAYS POTATO CHIPS SALTED 23G   30",8.99,36,35,1,8.99,26-APR-026,CHARLES,46
104959,"ROMAR WASHING GEL WHITE CLOTHE 3L  4",136.99,3,4,-1,-136.99,26-APR-026,GEORGE,110
157690,"DUSTBIN MATT SWING GLD 5L 19X19Xh30CM PP50606",59,7,11,-4,-236,26-APR-026,"NANA KOJO",251
167931,"FILLED CUSHION CHENILLE 45X45CM 7COLOUR",79,2,8,-6,-474,26-APR-026,JUDE,181
198437,"STOOL 28X32CM FABRIC AND WOOD WU",179,4,5,-1,-179,26-APR-026,FELIX,"ZONE 367"
23698,"MR MUSCLEGLADE ALL PURPOSE LAVENDER FIELDS 1L 12",54.99,11,11,0,0,26-APR-026,"BENEDICT ABBEY",25
65529,"TAMPICO CITRUS PUNCH 300ML 12",6.49,48,125,-77,-499.73,26-APR-026,GIDEON,58
D998,"BINE  BLEACH 5L  4",54.99,4,9,-5,-274.95,26-APR-026,"BENEDICT ABBEY",25
99587,"OPTIMA TYPEC CABLE 1M HT31",25,10,10,0,0,26-APR-026,BOFFOUR,148
90608,"CURTAIN ROD SINGLE 120210 11051210PC",119,8,8,0,0,26-APR-026,PRINCE,241
110039,"ARTIFICIAL MOUNDLILY FLOWER  84CM 9115",15.9,21,23,-2,-31.8,26-APR-026,NYARKO,172
120437,"CANDLE SPRIAL MIX CLR 120900",5.9,43,47,-4,-23.6,26-APR-026,REGINA,260
138235,"ROSSWOOD PREM ROASTED CASHEW NUTS SPICED 168G  24",60.99,6,6,0,0,26-APR-026,CHARLES,47
150387,"AKAI FRIDGE DD COMBI 309L DIS RF076AC321DD",6499,1,1,0,0,26-APR-026,AMADU,150
161457,"CURTAIN EMBOSSED 54X90  LT GREEN",99,12,12,0,0,26-APR-026,JUSTICE,185
174420,"LETS CARRY ALONG MULTICOLOUR",12.9,3,3,0,0,26-APR-026,ELLA,20
178716,"CURTAIN EMB GROMET BURGU 52X90 02PA7144D",99,1,1,0,0,26-APR-026,"PRINCE AGYEI",245
185919,"STAEDTLER BALLPOINT PEN WCUP 50PCS 430 MSCP503",5.99,15,14,1,5.99,26-APR-026,AKUSHIKA,166
31691,"AKAI INSECT KILLER 1X6W IK0011X6WIK004",189,6,10,-4,-756,26-APR-026,AMADU,WH
35252,"HERO MIXED FRUITS JAM 350G 12",46.99,7,16,-9,-422.91,26-APR-026,APPIAH,83
202133,"PEDAL BIN 50 LT GREY UP226212",379,1,1,0,0,26-APR-026,VICTORIA,282
08277,"NESCAFE COFFEE GOLD BLEND 190G  6",234.99,6,6,0,0,26-APR-026,ESINAM,144
124072,"MOPBUCKET SET PAREX TWISTER PLASTIC 21073582",329,2,1,1,329,26-APR-026,ADDO,206
151525,"GALAXY  CONCEPT MIST 121 SEXY 250ML 12",45.99,7,7,0,0,26-APR-026,"ANANE KOJO",5
163637,"KISS WHITE GRAPE SPARKLING DRINK 750ML 6",42.99,10,11,-1,-42.99,26-APR-026,CHARITY,42
164231,"BATH MAT 50X80CM BM3835",55,1,1,0,0,26-APR-026,PHILEMON,238
169072,"NORDES GIN 700ML 6",699.99,2,12,-10,-6999.9,26-APR-026,GILBERT,167
169965,"NASCO CHEST FREEZER SD 318L SILVER NAS425FL",6789,1,2,-1,-6789,26-APR-026,AMADU,148
168006,"FILLED CUSHION P VELVET 45X45CMRED  DC242",119,12,12,0,0,26-APR-026,JUDE,182
184389,"CLOTHES HANGER 5PCS SET 40CM PLASTIC XZ3172 YWU",24.9,23,23,0,0,26-APR-026,PHILEMON,238
189569,"KIVO ENERGGARI SOAKING MIX CHOCO MALT 120G  40",4.99,4,3,1,4.99,26-APR-026,ESINAM,144
198476,"MUG 300ML METAL INSULATED BAMBOO LINE",99,24,24,0,0,26-APR-026,WILLIAM,291
40341,"LELE TUNA SLICES IN VEG OIL WITH CHILI 125G 24",28.99,24,24,0,0,26-APR-026,"GIDEON GBLOGAH",123
99940,"DOMESTOS BLEACH WHITESPARKLE 750ML  9",32.99,4,4,0,0,26-APR-026,GEORGE,112
106700,"NASCO POPCORN MAKER 1200W PC1005ACB",169,1,2,-1,-169,26-APR-026,HAYFORD,157
161091,"INFINITY POWER GEL WHITE 3L  6",134.99,4,4,0,0,26-APR-026,GEORGE,110
160845,"WINDOW SHADE BLACKOUT ROLLER 453120X180CM",279,2,2,0,0,26-APR-026,PRINCE,240
167922,"BLANKET LUXURY PLUSH 160X200CM 6COLOUR",159,8,8,0,0,26-APR-026,AKAYIRI,191
187524,"PROMESS FLAVOURED DRINK CHOCOLATE 500ML 12",18.49,7,7,0,0,26-APR-026,DORIS,72
07952,"MEANNAN CORN GRITS AKWEGBEMI 750G   12",22.99,12,13,-1,-22.99,26-APR-026,FRANKLIN,140
105355,"MOKATE 3IN1 COFFEE CLASSIC  17GX10   10",31.99,7,7,0,0,26-APR-026,ESINAM,145
170098,"HANDY ORGANIZER BASKET GLORY SMALL 50260",14.9,24,24,0,0,26-APR-026,SYLVIA,279
18464,"PRAN FROOTO MANGO JUICE 1500ML 6",34.99,23,24,-1,-34.99,26-APR-026,SOLOMON,63
198573,"CORNER SHELF PLASTIC YWU",109,9,17,-8,-872,26-APR-026,PHILEMON,237
198733,"SOAP DISPENSER SET WSPONGE AND RACK GLASS YWU",99,7,7,0,0,26-APR-026,ODAI,229
198215,"BATHROOM SET 4PCS RESIN MARBLE BRE0366AA4 YIWU",329,12,12,0,0,26-APR-026,"MORGAN ONGOH",216
40723,"EVERGREEN TISSUE PAPER 1 X15",5.49,15,15,0,0,26-APR-026,MAHAMA,90
134328,"FRESHDAYS LONG SCENTED 24 X 12",34.99,8,8,0,0,26-APR-026,ELEMAWUSI,38
130215,"PHILIPS LED BULB SSW 7570W E27 WH 929001906427",59,6,6,0,0,26-APR-026,BOFFOUR,148
130915,"DESTELLO DISHWASH ORIGINAL 750ML 16",39.99,16,16,0,0,26-APR-026,"BRIGHT NKANSAH",36
150436,"CURTAIN W8 GROMENT COFFEE 54X90 BLK9",109,7,7,0,0,26-APR-026,ADDO,206
163132,"AKAI STEAM IRON 1600W EI050A278D",209,3,3,0,0,26-APR-026,GLADYS,158
171596,"NASCO HUMIDIFIER HF1207GS",789,1,1,0,0,26-APR-026,GLADYS,161
169360,"COLORING PAD SWEET DREAM",32.9,12,14,-2,-65.8,26-APR-026,"ARTHUR JONADAB",11
87231,"BANANA MICROWAVE OVEN 20L BLACK BMW7201M",879,1,3,-2,-1758,26-APR-026,GLADYS,158
61188,"WC NET DESCALER GEL 750ML  12",53.99,4,4,0,0,26-APR-026,EMMANUEL,96
70813,"DOMESTOS BLEACH PINK POWER 750ML  9",31.99,2,2,0,0,26-APR-026,GEORGE,112
A910,"SMIRNOFF VODKA RED 1L 12",269.99,1,1,0,0,26-APR-026,CHARLES,50
02247,"SAIRO ARGAN HAND WASH 500ML 12",29.99,7,7,0,0,26-APR-026,EMMANUEL,98
121944,"3PCS BEDSPREAD SET SL KG 220X240CM ASRTD",279,9,18,-9,-2511,26-APR-026,JUSTICE,188
179957,"FILLED CUSHION LN 45X45CM YELOW EHAMKCUSHION143",99,8,8,0,0,26-APR-026,JUDE,182
187024,"RAINBOW CONTAINER 4PCS SET SQ PLASTIC  RY17890 YWU",55,18,18,0,0,26-APR-026,SOMUAH,275
19637,"NESCAFE COFFEE GOLD BLEND 95G  6",114.99,20,20,0,0,26-APR-026,ESINAM,144
36178,"KALAHARI BITTERS 750ML 12",53.99,16,16,0,0,26-APR-026,"CHARLES A",52
97763,"KELLOGGS COCO POPS 360G  10",59.99,10,12,-2,-119.98,26-APR-026,DORIS,73
161185,"KENWOOD CHEST FREEZER SD 308L CFR31000WH",5699,1,1,0,0,26-APR-026,AMADU,147
167112,"OCEAN AC SPLIT 15HP R410 ACSOKO 12",5399,1,2,-1,-5399,26-APR-026,GILBERT,162
168009,"FILLED CUSHION P VELVET 45X45CMBROWN DC242",119,3,15,-12,-1428,26-APR-026,JUSTICE,186
180340,"NASCO AC SPLIT 2HP R410 INVERTER NASDOC V18V1",9839,1,2,-1,-9839,26-APR-026,GILBERT,162
192790,"CURTAIN JQ TAUPE 54X90 PL ZGL2",149,4,16,-12,-1788,26-APR-026,AKAYIRI,190
198397,"WALL CLOCK 506X506X45 2071B",179,4,4,0,0,26-APR-026,"ARTHUR JONADAB",10
104378,"DESTELLO FLOOR CLEANER LEMONLIME 1500ML  12",29.99,1,1,0,0,26-APR-026,"BENEDICT ABBEY",24
48195,"FLORA GIANT MULTI PURPOSE TOWEL 6",44.99,5,7,-2,-89.98,26-APR-026,MAHAMA,91
N572,"PAPER NAPKINKITCHEN TOWEL LS EVERPACK  6",22.99,2,8,-6,-137.94,26-APR-026,MAHAMA,92
148536,"VASE MIX COLOR",85,10,10,0,0,26-APR-026,REGINA,259
150689,"AKAI WATER PUMP 15HP  WP001A090",799,1,1,0,0,26-APR-026,GILBERT,162
166500,"FACE TOWEL 30X30CM NAVY ZTC650WTNV",14.9,14,14,0,0,26-APR-026,"MICHAEL BOYE",211
160827,"WINDOW SHADE BLACKOUT ROLLER 45280X100CM",179,3,3,0,0,26-APR-026,PRINCE,240
179401,"AKAI GAS STOVE 3B GLASS TOP GC068A0003B",669,1,7,-6,-4014,26-APR-026,GLADYS,160
X888,"RED BULL REGULAR 250ML 24",27.99,28,31,-3,-83.97,26-APR-026,GIDEON,57
92162,"SEARA FULL CHICKEN GRILLER 13KG  10",69.99,20,62,-42,-2939.58,26-APR-026,ELVIS,75
140697,"RHYMES 1 NURSERY MY JUMBO BOOK 46X30X10CM",29.9,18,18,0,0,26-APR-026,ATITOGO,15
184926,"PLUSH BLANKET 200X230CM SOLID 4 COLORS",229,2,20,-18,-4122,26-APR-026,AKAYIRI,193
61527,"BETA MALT DRINK  PET BOTTLE 330ML 12",9.99,60,65,-5,-49.95,26-APR-026,GIDEON,58
92974,"PAINTING 60X90CM",199,2,2,0,0,26-APR-026,NYARKO,173
90637,"CURTAIN ROD EXTANDABLE SIZE 210300CM 11062300MB",95,5,7,-2,-190,26-APR-026,PRINCE,241
115802,"DZIRE GAS STOVE 2B GLASS TGGP2BBW2201",449,1,2,-1,-449,26-APR-026,GLADYS,160
128569,"RC CAR 4CH MT536137",129,10,10,0,0,26-APR-026,ROBIN,264
173699,"KIVO 4 IN 1 GARI SOAKING MIX 125G 40",4.99,46,46,0,0,26-APR-026,ESINAM,144
182958,"FRYING PAN 22CM FALU ZHNBLY 1050G22",179,1,7,-6,-1074,26-APR-026,HERBERT,315
21077,"HANGER SET 05PCS WOODEN ANTISHIP  L6611N RJK",69,11,11,0,0,26-APR-026,"NANA ADJEI",219
156289,"ASEDA BROWN RICE 5KG  5",228.99,5,5,0,0,26-APR-026,ELEMAWUSI,41
166379,"COLANDER WSIDE HANDLES 255CM SSTEEL XY2313",34.9,6,6,0,0,26-APR-026,AMA,311
164243,"BATH MAT 2PCS SET 50X8040X60CM BM3931",79,4,4,0,0,26-APR-026,"PAUL OWUSU",233
170006,"FRY PAN 26CM FALU ZHNBLY 8102326",149,10,10,0,0,26-APR-026,AMA,313
187971,"JOJONAVI SOURSOP FRUIT CAN JUICE DRINK 330ML 24",13.49,12,16,-4,-53.96,26-APR-026,GIDEON,56
106925,"DESTELLO WC CLEANING GEL LEMON FRESHNESS 750ML 16",32.99,3,3,0,0,26-APR-026,EMMANUEL,96
121319,"VARTA BATTERY SUPERLIFE AA BLISTER 4",42,2,7,-5,-210,26-APR-026,AKUSHIKA,166
138173,"QUILT EMBOSSED PRINTED 220X240CM 03CO0376",169,6,6,0,0,26-APR-026,AKAYIRI,192
133187,"NEAT LAUNDRY DETERGENT 2L  6",78.99,8,8,0,0,26-APR-026,GEORGE,110
146986,"VARTA BATTERY LONGLIFE AAA BLISTER 4",55,12,27,-15,-825,26-APR-026,"ARTHUR JONADAB",10
140765,"ACTIVITY BOOK FUN 46X30X10CM",24.9,5,5,0,0,26-APR-026,ELLA,21
182945,"WOK PAN 28CM PALU ZHNBLY 102828",229,1,1,0,0,26-APR-026,HERBERT,316
195696,"BASKET STITCH WLID PLASTIC 8300ML HL0182CCL",26.9,12,12,0,0,26-APR-026,SYLVIA,279
38042,"PARIDOX ALATA SAMINA BSGEL COCOA 450ML 20",41.99,10,29,-19,-797.81,26-APR-026,EMMANUEL,96
57746,"FANTA ORANGE PET 1L  4",15.99,14,48,-34,-543.66,26-APR-026,GIDEON,58
168227,"BEDSHEET SET QN MICRO PEACH 3PCS 90GSM 03BT0796Q",89,7,15,-8,-712,26-APR-026,"KINGSLEY OP",195
180688,"DZIRE LIGHT RECHARGEABLE  RL30823A",119,18,18,0,0,26-APR-026,HAYFORD,155
182957,"FRYING PAN 20CM FALU ZHNBLY 1050G20",159,1,6,-5,-795,26-APR-026,HERBERT,315
20639,"FARAGELLO APPLE NECTAR TETRA PACK 1L 12 BLUE",24.99,26,76,-50,-1249.5,26-APR-026,DORA,66
202561,"FROSTED FLAT PLATE 7 G3300310M",12.9,18,18,0,0,26-APR-026,"ABIGAIL YEVUGAH ",301
146229,"WINDOW SHADE YE3140X180 SILVER",429,4,4,0,0,26-APR-026,"NANA KOJO",250
164045,"COFFEE MUG INSULATED 440ML PLASTIC SSPD 161483023",29.9,1,1,0,0,26-APR-026,WILLIAM,291
57735,"NEON PINEAPPLE VODKA  750ML  12",69.99,12,12,0,0,26-APR-026,CHARLES,50
D504,"PRIMA LIQUID SOAP LEMON 25L 10",47.99,14,12,2,95.98,26-APR-026,GEORGE,112
148404,"PLACEMAT GOLDSILVER 6PCS",79,18,18,0,0,26-APR-026,"MICHAEL BOYE",211
148452,"FLOWER POT 3PCS",119,1,1,0,0,26-APR-026,REGINA,259
139762,"6PCS COMFORTER SET KG SL 230X250CM  ASTD",549,1,5,-4,-2196,26-APR-026,JUSTICE,188
149047,"SANKOFA PLANTAIN CHIPS SPICY SWEET CHILI 140G  10",41.99,8,18,-10,-419.9,26-APR-026,JONATHAN,131
149223,"SOLID MICROPEACH 4PC KING BEDSHEET 03BT07974K",229,1,1,0,0,26-APR-026,AKAYIRI,191
178538,"BUMBLE MAKEUP REMOVAL WIPES 25 PCS  144",11.49,38,110,-72,-827.28,26-APR-026,"BRIGHT NKANSAH",35
23627,"CONDOR PEAK ROSE WINE 750ML  12",79.99,5,5,0,0,26-APR-026,CHARLES,49
156569,"WATER BOTTLE 650ML PLASTIC YWU",69,11,11,0,0,26-APR-026,WISE,296
150545,"KANGARO PAPER PUNCH 55 SHEETS MOD60PP",199,7,8,-1,-199,26-APR-026,ATITOGO,15
159752,"PENCIL CASE A5 WITH ZIPPER",32.9,8,10,-2,-65.8,26-APR-026,ELLA,19
178162,"CARPET SHAGGY 160X230CM",1099,1,1,0,0,26-APR-026,PRINCE,240
194076,"PUZZLE 3D SCENE WOODEN WP3DP",65,21,20,1,65,26-APR-026,ROBIN,264
89576,"MENTOS ICE GUM SPEARMINT  24DB12BL 8PCS 288",9.59,278,281,-3,-28.77,26-APR-026,AKUSHIKA,166
83846,"MOULINEX HAND MIXER WBOWL 35L 300W WHT HM311127",599,1,4,-3,-1797,26-APR-026,HAYFORD,153
121314,"VARTA BATTERY LONGLIFE POWER AAA BLISTER 4",56,14,66,-52,-2912,26-APR-026,AKUSHIKA,166
149011,"MCBERRY MILK CREAM POUND CAKE 30G  144",2.29,12,131,-119,-272.51,26-APR-026,QUARSHIE,137
153475,"SCISSORS SAYA EXTRA LARGE SYSC09",22.9,12,12,0,0,26-APR-026,ATITOGO,16
151365,"CUSHION 500G FILLING ONE SIDE 45X45CM",99,4,5,-1,-99,26-APR-026,JUDE,182
168831,"PHILIPS LED BULB 7W B22 3000K 929002307913",21,15,15,0,0,26-APR-026,BOFFOUR,148
181535,"WESTINGHOUSE LED TV 55 SMART UHD WD55UWUPSC1",6499,1,1,0,0,26-APR-026,HAYFORD,156
184787,"BBQ GRILL BUCKET METAL",55,1,1,0,0,26-APR-026,AMA,311
183971,"AKAI FRIDGE DD 130L  RF135AC130L",2799,1,3,-2,-5598,26-APR-026,AMADU,150
69415,"HEINZ GLASS BOTTLE TOMATO KETCHUP 295G  12",31.99,12,22,-10,-319.9,26-APR-026,CHARITY,42
57499,"EVERPACK SUPER JUMBO TOWEL LGE 105X9  12",23.49,7,19,-12,-281.88,26-APR-026,MAHAMA,92
CL785,"MOP BUCKET MR CLEAN",44.9,9,9,0,0,26-APR-026,VICTORIA,282
100792,"FLIRT PURE DISTILLED VODKA LEMON  375ALC 1L  6",133.99,6,6,0,0,26-APR-026,CHARLES,50
150543,"KANGARO STAPLE REMOVER SRL45",9,24,24,0,0,26-APR-026,ATITOGO,15
158384,"CURTAIN BETSY GROMT GOLD 54X90 02PA6886B",129,2,2,0,0,26-APR-026,ADDO,205
18462,"NIVEA MEN POST SHAVE BALM SENSITIVE 100ML 12",139.99,7,7,0,0,26-APR-026,"ANANE KOJO",5
106824,"SHINE VINYL GLOVES LARGE 100PCS  10",68.99,4,4,0,0,26-APR-026,"BENEDICT ABBEY",24
147134,"PLATINUM SUNFLOWER OIL 850ML X 12",36.99,79,881,-802,-29665.98,26-APR-026,"GERALD SACK ",118
145119,"DUSTBIN FALA BLKGLD SWING 30L 35X29X 54CM PP60807",189,6,7,-1,-189,26-APR-026,"NANA KOJO",251
153115,"SERVING TRAY MELAMINE 16 INCHES ZHN A31016",29.9,22,22,0,0,26-APR-026,ESTHER,308
157664,"DUSTBIN MATT SWING WHT 5L 19X19Xh30CM PP50601",59,12,12,0,0,26-APR-026,"NANA KOJO",251
179508,"AKAI SOUND BAR 120W SB004A012",789,1,1,0,0,26-APR-026,AMADU,WH
178192,"BATH SCRUBBER COTTON AND LINEN YWU",19.9,5,4,1,19.9,26-APR-026,"NANA ADJEI",219
190095,"TABLE LAMP 220V",109,1,14,-13,-1417,26-APR-026,GLADYS,161
190726,"HOOK 7PCS SET METAL UTILITY YWU",8.9,60,219,-159,-1415.1,26-APR-026,ODAI,226
34237,"8PM WHISKY 1L 12 BOX PACK",119.99,10,10,0,0,26-APR-026,"CHARLES A",51
109986,"SEARA CHICKEN SPICY SAUSAGE 340G 24",22.99,72,151,-79,-1816.21,26-APR-026,"ELVIS ",76
114581,"LEEMEX COCOYAM FUFU FLOUR 700G 24",64.99,16,15,1,64.99,26-APR-026,CLAUDIA,115
123674,"BATHMAT COTTON PRINTED 40X60CM MYQ91757",24.9,17,17,0,0,26-APR-026,"PAUL OWUSU",232
165620,"BEDSHEET SET 3PC CHCOAL FPANAMAK3 H081524",219,9,9,0,0,26-APR-026,"KINGSLEY OP",195
168099,"FILLED CUSHION P JAQUARD 45X45CMTAUPE DC254",129,2,10,-8,-1032,26-APR-026,JUSTICE,186
182133,"COMMERCIAL RICE COOKER 25L 4000W FR250",2199,1,3,-2,-4398,26-APR-026,HAYFORD,157
168274,"CURTAIN EM BKT GROM BEIG 54X90 02PA6994C",109,1,1,0,0,26-APR-026,"PRINCE AGYEI",245
189620,"TOREN MRBITE GROAN PIST CREAM COAT W CHOC 32G 144",8.49,72,72,0,0,26-APR-026,DORIS,74
77041,"CHILDREN STORY BOOKS ASSRTED EB 00011",24.9,9,9,0,0,26-APR-026,ELLA,19
88258,"LA SALUD WC GEL CLEANER CON LEIJA 1L  12",36.49,7,7,0,0,26-APR-026,EMMANUEL,96
65359,"MULIK STRAWBERRY MILK DRINK 500ML 18",36.99,4,22,-18,-665.82,26-APR-026,DORIS,72
90421,"WC NET GEL CRYSTAL NEW PINK FLOWERS  750ML  12",53.99,2,13,-11,-593.89,26-APR-026,EMMANUEL,95
116651,"PRINCE VANILLE 60G  35",5.99,50,51,-1,-5.99,26-APR-026,QUARSHIE,137
162799,"CURTAIN JACQUARD 54X90 CHARCOAL S1211",139,11,12,-1,-139,26-APR-026,MAJEED,200
179736,"AKAI RICE COOKER DELUXE 28L 900W CK026A28LD",699,2,4,-2,-1398,26-APR-026,GLADYS,158
85347,"RIOS DE CHILE SAUVIGNON BLANC WINE 135 VOL 750ML",89.99,11,11,0,0,26-APR-026,CHARLES,48
81545,"SABA MULTIPURPOSE SOAP 100G  60",3.99,9,30,-21,-83.79,26-APR-026,EMMANUEL,99
78088,"CORNER SHELF 3LAYER METAL",89,1,8,-7,-623,26-APR-026,"NANA ADJEI ",223
94977,"SEARA CHICKEN BREAST BONELESS SKINLESS 2KG  6",169.99,10,15,-5,-849.95,26-APR-026,ELVIS,75
90627,"CURTAIN ROD EXTANDABLE SIZE 110210CM 11051210MB",75,8,8,0,0,26-APR-026,"NANA KOJO",250
104691,"BLING BLEACH IL  12",16.99,20,21,-1,-16.99,26-APR-026,GEORGE,112
103898,"BLING FLOOR CLEANER GARDENIA 5L  4",64.99,4,4,0,0,26-APR-026,"BENEDICT ABBEY",25
118110,"ACTIONWARE ORANGE JUICER  SQUARE PLASTIC",14.9,10,10,0,0,26-APR-026,HAYFORD,320
148303,"BBQ GRILL BARREL 92X39X104CM SK136",949,1,1,0,0,26-APR-026,GLADYS,160
188007,"BUCKET WLID PLASTIC 10 TTC HL0063TTCP",24.9,10,10,0,0,26-APR-026,VICTORIA,283
182960,"FRYING PAN 28CM FALU ZHNBLY 1050G28",219,1,3,-2,-438,26-APR-026,HERBERT,315
207818,"EXERCISE BOOK NOTE 1 40SHEET 80PAGES",4.49,20,20,0,0,26-APR-026,ATITOGO,15
43195,"JUVER DISFRUTA PEARPINAPPLE JUICE 1L  12",32.99,18,18,0,0,26-APR-026,DORA,66
102990,"ZEFIR GLASS CLEANER 850ML  12",18.99,8,10,-2,-37.98,26-APR-026,"BENEDICT ABBEY",26
124738,"MY FIRST BOOK SERIES 10TITLES W16PAGES 36YRS",19,7,7,0,0,26-APR-026,ELLA,20
180102,"DOVE BAR SOAP 90G PINK 48",16.99,44,22,22,373.78,26-APR-026,EMMANUEL,99
178225,"BATH SCRUBBER FIBER YWU",12.9,1,1,0,0,26-APR-026,"NANA ADJEI",222
40289,"SHINE TOILET ROLL 4 ROLL  6",19.99,2,3,-1,-19.99,26-APR-026,EMMANUEL,94
100341,"GAS PIPE 3YDS WCLIPS",59,9,9,0,0,26-APR-026,GLADYS,160
141774,"JAGERMEISTER 700ML 6",319.99,5,11,-6,-1919.94,26-APR-026,GILBERT,167
181547,"CURTAIN GROMMET LTBROWN 54X90 02PA7176B",119,1,1,0,0,26-APR-026,"KINGSLEY OP",194
179254,"ENVELOPE A4 50PCS 229X324CM 80 GSM BROWN YW",59,5,5,0,0,26-APR-026,ELLA,20
178688,"CURTAIN EMBO GROMT COFFE 52X90 02PA7149F",99,12,12,0,0,26-APR-026,JUSTICE,185
200747,"FRYING PAN 26CM FALU ZHNBAROLY 114026",139,8,8,0,0,26-APR-026,GLADYS,159
44388,"AKAI GAS STOVE 3B GC015A8301",419,1,1,0,0,26-APR-026,GLADYS,160
205569,"SIGMA LED TV 43 SATELLITE STVK43V6",2699,1,9,-8,-21592,26-APR-026,HAYFORD,156
101008,"CURTAIN POLYESTER 52X84 DRZGB191",119,12,13,-1,-119,26-APR-026,JUSTICE,185
167171,"LG SOUND BAR 160W SQC1",3029,1,1,0,0,26-APR-026,HAYFORD,157
184459,"CONTAINER 4PCS SET RND 1235L PLASTIC HL70002TC12",39.9,1,1,0,0,26-APR-026,QUEENCILLA,255
182928,"AKAI NOSE TRIMMER 3W NT001A21314",75,8,8,0,0,26-APR-026,BOFFOUR,148
34758,"HOOKS 5UNITS WALL AND DOOR MOUNTED SSTEEL YWU",14.9,36,35,1,14.9,26-APR-026,"NANA ADJEI",219
150435,"CURTAIN W8 GROMENT GREY 54X90 BLK9",109,2,6,-4,-436,26-APR-026,MAJEED,200
164665,"AKAI STEAM IRON 20002400W EI052A610S",279,3,3,0,0,26-APR-026,GLADYS,158
164594,"WATER BOTTLE SPORTS 800ML 46909",49,8,8,0,0,26-APR-026,WILLIAM,292
20134,"MONIN GRENADINE SIROP 1L 6",126,7,7,0,0,26-APR-026,CHARLES,48
37640,"DEVA SURFACE CLEANER LEMON 1L   12",30.99,11,11,0,0,26-APR-026,"BENEDICT ABBEY",25
74961,"4 PCS CONTAINER SET W PRINTS P 6600",39.9,3,3,0,0,26-APR-026,SOMUAH,276
88154,"BIFA NIKS CHOC BAR CARAMEL 50GR  6X24 144",6.99,62,63,-1,-6.99,26-APR-026,SOLOMON,64
108399,"KIVO CLASSIC BAKED BEANS IN TOMATO SAUCE 400G  12",23.49,12,79,-67,-1573.83,26-APR-026,"GIDEON GBLOGAH",122
113667,"DINNER PLATE MELAMINE 10 INCHES FEILU 83105",17.9,44,44,0,0,26-APR-026,"ABIGAIL YEVUGAH ",301
161840,"SOAP DISPENSER SET 3PCS GLASS YWU",49.9,9,9,0,0,26-APR-026,"NANA ADJEI",219
172705,"SAIRO HAND SOAP ALOE VERA  500ML  12",29.49,13,13,0,0,26-APR-026,EMMANUEL,98
188864,"BATHMAT 50X80CM BM269 BEIGE CP",59,10,10,0,0,26-APR-026,"PAUL OWUSU",231
25757,"SAKURA CLOCK W DESIGN 30CM",69,1,1,0,0,26-APR-026,"ARTHUR JONADAB",10
83748,"BINATONE STANDING FAN 18 HIGH SPEED TS1880MK2",959,1,1,0,0,26-APR-026,BOFFOUR,148
53709,"PLATINUM CORNED BEEF 340G X 24",44.99,55,348,-293,-13182.07,26-APR-026,ABIGAIL,124
97319,"BALENO FOLDED STOOL P7605",89,2,3,-1,-89,26-APR-026,"NANA KOJO",252
103902,"BLING HANDWASH LIQUID SOAP VANILLA 5L  4",84.99,7,6,1,84.99,26-APR-026,GEORGE,111
115574,"HP USB CABLE ATYPEC DHCTCT101 1M",68,3,3,0,0,26-APR-026,BOFFOUR,148
127139,"TABLE LAMP WHITE WGOLD STAND 57CM E27",799,2,3,-1,-799,26-APR-026,AMADU,WH
168086,"FILLED CUSHION P EMBD 30X50CMSUNSHINE DC252",129,12,12,0,0,26-APR-026,"JOSEPH PATRICK",177
193429,"STEAM PROJECTS FOR KIDS 22X28CM",47.99,10,10,0,0,26-APR-026,ELLA,20
190663,"PUFFY HIPPO 15CM 198G",45.99,9,10,-1,-45.99,26-APR-026,ROBIN,264
19822,"ENERGIZER BATTERY ALKALINE C MAXC 1X8 6PK",77.9,3,8,-5,-389.5,26-APR-026,"ARTHUR JONADAB",10
52716,"CAREX HANDWASH MOISTURE 250ML  6",33.99,1,1,0,0,26-APR-026,EMMANUEL,98
D587,"ROYAL FEAST THAI RICE 5KG 5",169.99,110,134,-24,-4079.76,26-APR-026,DORIS,73
N638,"TRASH BAG HOUSEHOLD 20L  12",31.99,22,21,1,31.99,26-APR-026,ELEMAWUSI,39
101008,"CURTAIN POLYESTER 52X84 DRZGB191",119,1,13,-12,-1428,26-APR-026,"KINGSLEY OP",194
127632,"PHOTO FRAME 3 IN 1 WOOD CARVING 545X15X26 23821",119,1,1,0,0,26-APR-026,REGINA,260
14654,"SABA DETERGENT POWDER 400 G   12",14.49,1,10,-9,-130.41,26-APR-026,EMMANUEL,95
156960,"BATH MAT VIOLET 50X80CM BM549",59,1,1,0,0,26-APR-026,"PAUL OWUSU",233
163774,"MONEY BANK TEDDY BEAR TY 1081",21.99,2,13,-11,-241.89,26-APR-026,"ARTHUR JONADAB",11
160819,"WINDOW SHADE BLACKOUT ROLLER 451140X180CM",329,2,2,0,0,26-APR-026,PRINCE,240
175442,"DANCING DRUMMER CAT",14.9,23,22,1,14.9,26-APR-026,REGINA,260
177836,"PHILIPS AIR FRYER 62L 1500W DIGITAL NA33209",2899,1,2,-1,-2899,26-APR-026,GLADYS,158
187310,"CURTAIN ROD POLIS GOLD 2BRAKET 120210CM A06210PG",129,8,8,0,0,26-APR-026,PRINCE,241
95666,"AMALFI  HAND SOAP ROSE 500ML  12",25.99,6,6,0,0,26-APR-026,EMMANUEL,98
00359,"EXETER CORNED BEEF 340G 24",54.99,6,15,-9,-494.91,26-APR-026,"GIDEON GBLOGAH",122
135986,"BADIA ONION POWDER 275OZ  8",44.99,13,13,0,0,26-APR-026,BARBARA,127
131401,"DUCK TOILET BLEACH MINT 750ML  8",46.49,1,1,0,0,26-APR-026,EMMANUEL,95
148532,"ARTIFICIAL PLANT 90CM",679,1,3,-2,-1358,26-APR-026,NYARKO,171
145129,"DUSTBIN QUATRO BLKBLU SWING 90L 40X53X82CM PP70702",399,3,3,0,0,26-APR-026,VICTORIA,282
145553,"ARTIFICIAL PLANT 9LEAF 165M BSY169",579,2,2,0,0,26-APR-026,NYARKO,170
150394,"AKAI FRIDGE SD 89L SILVER RF125AC89L",1899,1,2,-1,-1899,26-APR-026,AMADU,150
168016,"FILLED CUSHION P VELVET 45X45CMYELLOW DC243",99,5,5,0,0,26-APR-026,JUDE,180
182414,"COOKING POT 26CM PALU  ZHNBLY 1070T26",279,1,4,-3,-837,26-APR-026,HERBERT,316
CL771,"CONTAINER 1800ML TRANSPARENT 22CMX15CMX9CM",14.9,18,54,-36,-536.4,26-APR-026,SYLVIA,280
101016,"CURTAIN POLYESTER 52X84  WHANGER ZGB501",199,9,19,-10,-1990,26-APR-026,MAJEED,200
113654,"TOLSEN NOZZLE ADJUSTABLE 57101",38.9,2,2,0,0,26-APR-026,BOFFOUR,148
147760,"DOMS NOTE BOOK A4 HARD BOUND AISERIE 336PAGE 7898",44.9,5,5,0,0,26-APR-026,GLADYS,159
150377,"CURTAIN W8 GROMENT BLUE 54X90 JQ029",119,7,8,-1,-119,26-APR-026,ADDO,205
150407,"CURTAIN W8 GROMENT SILVER 54X90 JQ032",119,12,12,0,0,26-APR-026,ADDO,205
164472,"UMBRELLA 60CM 16RIBS TRANSPARENT",59,1,1,0,0,26-APR-026,NYARKO,172
168535,"MIRROR2PCS SET 52X26",159,7,7,0,0,26-APR-026,"MORGAN ONGOH",217
191896,"KENWOOD RICE COOKER 18L WHITE 700W RCM18",599,1,11,-10,-5990,26-APR-026,HAYFORD,157
198214,"BATHROOM SET 4PCS RESIN MARBLE BRE05444 YWU",399,2,7,-5,-1995,26-APR-026,"PAUL OWUSU",230
49146,"ACQUA PANNA NATURAL MINERAL WATER 250ML  24",17.99,33,33,0,0,26-APR-026,DORA,66
75278,"BINATONE KETTLE 17L 2200W WHITE CEJ 1780",345,2,3,-1,-345,26-APR-026,HAYFORD,153
67432,"POMO TOMATO PASTE  PILLOW PACK 105KG  12",38.99,12,51,-39,-1520.61,26-APR-026,JONATHAN,131
07716,"FANICE VANILLA 2L X 1",75.99,11,11,0,0,26-APR-026,ELVIS,77
125366,"ACTIVITY BOOK SERIES EXPLORE",24.9,72,72,0,0,26-APR-026,ELLA,19
148626,"HOOKS 4UNITS OVER THE DOOR SSTEEL YWU",24.9,15,14,1,24.9,26-APR-026,"MORGAN ONGOH",216
147687,"ENERGIZER BATTERY MAX AABP8",115,17,11,6,690,26-APR-026,"ARTHUR JONADAB",11
156604,"FOOLSCAP NOTEBOOK EXTRA LARGE ABB",99,7,7,0,0,26-APR-026,ELLA,",21"
152208,"CLAPPERS BABY WET WIPES 100PCS DERIA RED 12",22.99,5,5,0,0,26-APR-026,"BRIGHT NKANSAH",34
160450,"FRY PAN 18CM FALU ZHNBLY 852118",129,7,7,0,0,26-APR-026,HERBERT,316
182538,"CONTAINER 3PCS SET RECT CLEAR   PP66500",42.9,3,4,-1,-42.9,26-APR-026,SOMUAH,275
192844,"MELAMINE TRAY 14INCH 5014",16.99,34,34,0,0,26-APR-026,ESTHER,308
201906,"PEEVA LEMON RHUM ALC  DRINK 350ML 12",5.29,40,45,-5,-26.45,26-APR-026,"CHARLES A",52
96520,"MADAR RENZO MULTIPURPOSE LIQUID DETERGENT 400ML 12",14.99,20,26,-6,-89.94,26-APR-026,"BRIGHT NKANSAH",36
108130,"CURTAIN 52X84  W8GROMMET J2020829",189,5,13,-8,-1512,26-APR-026,MAJEED,200
108212,"LITORAL ROSE WINE 750ML 12",82.99,10,10,0,0,26-APR-026,CHARLES,49
113213,"BROOM WHANDLE GREEN FLAT PLASTIC 1652E",49.9,3,1,2,99.8,26-APR-026,VICTORIA,284
112507,"HANGER SET 10PCS 42CM METAL LMSS1172 RJK",49.9,13,11,2,99.8,26-APR-026,PHILEMON,238
121950,"BLANKET POPCORN 200X220CM ASTD",229,6,14,-8,-1832,26-APR-026,AKAYIRI,192
138573,"PILLOW ORTHOPEDIC",189,6,12,-6,-1134,26-APR-026,"JOSEPH PATRICK",176
187691,"LETTER ORNAMENTS 20X9CM",17.9,12,12,0,0,26-APR-026,REGINA,560
187935,"VASE GLASS 125X26CM",36.9,1,1,0,0,26-APR-026,REGINA,259
200746,"FRYING PAN 24CM FALU ZHNBAROLY 114024",129,5,5,0,0,26-APR-026,GLADYS,159
195730,"ELLE HOME SOAP DISPENSER SET 2PCS EB202406192",44.9,11,11,0,0,26-APR-026,"PAUL OWUSU",230
198224,"MIRROR WITH STAND PORTABLE PLASTIC YWU",44.9,17,17,0,0,26-APR-026,ODAI,225
CL615,"JUMBO BOX WFLAT LID TRANSPARENT 45LTR 54X38X31CM",99,12,12,0,0,26-APR-026,"WILFRED OSEI",286
148397,"CUP WSTRAW AND DOME LID RAINBOW DESIGN KIDS YWU",59,12,10,2,118,26-APR-026,WILLIAM,292
155139,"FLORA JOY FACIAL RUBBER TISSUE 120X5X10  50",7.99,14,39,-25,-199.75,26-APR-026,MAHAMA,90
153622,"BTS STATIONARY KIT 7 PCS SET",28.9,1,1,0,0,26-APR-026,GLADYS,159
156772,"LAUNDRY BASKET 39X70CM FOLDABLE FABRIC MESH YWU",22.9,11,12,-1,-22.9,26-APR-026,"NANA ADJEI",222
198894,"MIDEA AIR FRYER 6L DIGITAL BLACK MFCY55WK",819,1,1,0,0,26-APR-026,HAYFORD,157
71553,"TOLSEN LEATHER WORKING GLOVES 10XL 45024",55,10,10,0,0,26-APR-026,BOFFOUR,148
73657,"NASCO CHEST FREEZER SD 200L NAS210",3349,1,2,-1,-3349,26-APR-026,AMADU,149
04142,"SHINE FACIAL TISSUE  200PK  10",17.49,11,9,2,34.98,26-APR-026,MAHAMA,90
108214,"LITORAL WHITE WINE 750ML 12",82.99,9,9,0,0,26-APR-026,CHARLES,49
133197,"NEAT ASSORTED FLV ALL PURPOSE CLEANER 2L  6",66.49,8,9,-1,-66.49,26-APR-026,"BENEDICT ABBEY",25
146784,"KERRYGOLD BUTTER GARLIC  HERB 100G X 40",29.99,28,28,0,0,26-APR-026,APPIAH,80
148302,"BBQ GRILL CHARCOAL 93X33X86CM 23020K",549,1,1,0,0,26-APR-026,GLADYS,160
187522,"PROMESS FLAVOURED DRINK VANILLA 500ML 12",16.99,4,4,0,0,26-APR-026,DORIS,72
198045,"WALL CLOCK 305X305X43CM 3371D3B",85,3,10,-7,-595,26-APR-026,"ARTHUR JONADAB",10
38707,"COWBELL MOCHA 35G 120",5.99,95,90,5,29.95,26-APR-026,ESINAM,144
89803,"JIK BLEACH ORIGINAL 475ML   24",20.99,34,37,-3,-62.97,26-APR-026,GEORGE,112
119624,"CUSHION 45X45 GOLD",169,3,2,1,169,26-APR-026,JUDE,184
121944,"3PCS BEDSPREAD SET SL KG 220X240CM ASRTD",279,9,18,-9,-2511,26-APR-026,"KINGSLEY OP",196
151569,"GALAXY CONCEPT SPRAY  NOIR 200ML 12",31.99,4,5,-1,-31.99,26-APR-026,"ANANE KOJO",5
163072,"CURTAIN JACQUARD 54X90 BLUE DR2404",199,8,9,-1,-199,26-APR-026,ADDO,205
180724,"AKAI AC SPLIT 2HP R410A AC065A18KBTU",6149,1,2,-1,-6149,26-APR-026,GILBERT,162
178106,"CURTAIN TIE BACK 2PCS SET 6COLOR MIX",47.9,39,39,0,0,26-APR-026,ADDO,206
179315,"SPIRIT LEVEL WMAGNET SS 500MM",34.9,2,2,0,0,26-APR-026,BOFFOUR,148
N767,"NESCAFE 3IN1 ORIGINAL 8X10 35G  8",44.49,14,13,1,44.49,26-APR-026,ESINAM,144
94700,"FA MEN ROLL ON DRY PROTECT 50ML  24",23.99,9,10,-1,-23.99,26-APR-026,"ANANE KOJO",5
97546,"ECOSTYLE SPORT BLUE GEL 473ML  6",79.99,10,14,-4,-319.96,26-APR-026,"ANANE KOJO",5
95403,"COKE ZERO PET 300ML 12",6.49,61,112,-51,-330.99,26-APR-026,SOLOMON,61
119794,"SABA MULTIPURPOSE LIQUID 750ML  12",23.99,8,5,3,71.97,26-APR-026,"BRIGHT NKANSAH",36
128919,"STAPLER REMOVER KANGARO SR500 102807ELP",49,6,6,0,0,26-APR-026,ATITOGO,16
124936,"DARINA ORANGE 750G  20",64.99,15,15,0,0,26-APR-026,SOLOMON,62
147042,"BRUT DEO SPRAY OUD 200ML  6",38.99,3,3,0,0,26-APR-026,"ANANE KOJO",5
156338,"NASCO MICROWAVE 36L GRILL AG036AFK",1999,1,2,-1,-1999,26-APR-026,GLADYS,158
156788,"HAND TOWEL 50X90CM  ASTD FMHT",49.9,8,85,-77,-3842.3,26-APR-026,"MICHAEL BOYE",210
151385,"STUFFED TOYS ASSORTED 2025CM",43.99,7,8,-1,-43.99,26-APR-026,AKUSHIKA,166
169503,"CUSHION EMBROIDERY 380G FILLING 45X45CM EHAMK009",149,7,12,-5,-745,26-APR-026,"JOSEPH PATRICK",178
187523,"PROMESS FLAVOURED DRINK BANANA 500ML 12",18.49,6,6,0,0,26-APR-026,DORIS,72
37657,"DEVA POWER MAX BLEACH 1L  12",23.49,12,14,-2,-46.98,26-APR-026,GEORGE,112
153836,"MY FIRST AMAZING AND ULTIMATE ACTIVITY SET 22X28CM",34.9,4,4,0,0,26-APR-026,ATITOGO,15
169503,"CUSHION EMBROIDERY 380G FILLING 45X45CM EHAMK009",149,5,12,-7,-1043,26-APR-026,JUDE,182
178104,"CURTAIN TIE BACK 2PCS SET 6COLOR MIX",47.9,16,17,-1,-47.9,26-APR-026,ADDO,206
187966,"JOJONAVI  MIX FRUIT CAN JUICE DRINK  330ML 24",13.49,2,4,-2,-26.98,26-APR-026,GIDEON,56
190078,"SOLAR LAMP PORTABLE ASSORTED",109,10,17,-7,-763,26-APR-026,AMADU,WH
190504,"POP CORN BATHMAT WLATEX ASSORTED 40X60CM",79,5,5,0,0,26-APR-026,"PAUL OWUSU",231
N920,"PURE HEAVEN SPARKLING  STRAWBERRY WINE 750ML  12",51.49,9,10,-1,-51.49,26-APR-026,CHARITY,43
98562,"TOM CAKE SUGARFREE MINI MUFFINS 160G  15",49.99,8,8,0,0,26-APR-026,CHARLES,46
96933,"5 STAR KAESAR COLA DRINK 350ML 20",2.89,71,87,-16,-46.24,26-APR-026,SOLOMON,61
08007,"BB COCKTAIL DE FRUITS  330ML 24",13.49,48,154,-106,-1429.94,26-APR-026,GIDEON,56
125759,"GARDEN POT SUCCULENT",49.9,8,7,1,49.9,26-APR-026,REGINA,259
154722,"VILEDA SPONGE 31 GLITZI CRYSTAL 128228",26.9,23,23,0,0,26-APR-026,"WILFRED OSEI",289
165614,"BEDSHEET SET 3PCS BEIGE FPANAMAK3 T064045",219,1,1,0,0,26-APR-026,"KINGSLEY OP",195
157670,"DUSTBIN MATT SWING BRN 5L 19X19Xh30CM PP50600",59,6,6,0,0,26-APR-026,"NANA KOJO",250
198520,"CONDOR PEAK CHARDONNAY WINE 750ML 12",79.99,10,10,0,0,26-APR-026,CHARLES,49
42836,"DOVE SOAP BAR ORIGINAL 4X90GMS  12",67.99,11,7,4,271.96,26-APR-026,EMMANUEL,99
202567,"SIGMA WASHING MACHINE TL 105KG SWMT105TL",3499,1,1,0,0,26-APR-026,AMADU,151
88922,"AKAI CEILING FAN 56 EF082AC5610WS",399,2,2,0,0,26-APR-026,BOFFOUR,148
120165,"EVEREADY BATTERY AAA RED BP4",11,5,41,-36,-396,26-APR-026,"ARTHUR JONADAB",11
121950,"BLANKET POPCORN 200X220CM ASTD",229,5,14,-9,-2061,26-APR-026,AKAYIRI,191
154729,"VILEDA MOPSTICK SUPERMOCIO 3ACTION 152256",139,17,17,0,0,26-APR-026,VICTORIA,284
159858,"STICK NOTE SET 90SHEETS20 SHEETS",7.9,10,10,0,0,26-APR-026,ATITOGO,15
169362,"PAINTING SET PAW PATROL",25.9,24,37,-13,-336.7,26-APR-026,"ARTHUR JONADAB",11
167753,"FRY 28CM PAN 2MM ALU FORGED HROLAND HR1553 RJK",249,8,8,0,0,26-APR-026,"WILFRED OSEI",288
198583,"SNACKS TRAY 6COMPARTMENT 325X22X65CM BAMBOO YWU",159,19,19,0,0,26-APR-026,ESTHER,309
198720,"SOAP DISPENSER 300ML RND PLASTIC MARBLE FINISH YWU",54.9,19,19,0,0,26-APR-026,ODAI,229
22636,"SANKOFA PLANTAIN CHIPS CHICKEN WITH GINGER 50G  25",14.99,32,32,0,0,26-APR-026,JONATHAN,131
29084,"PRIVATE EXRATHIN NORMAL 10PAD   18",14.49,16,17,-1,-14.49,26-APR-026,ELEMAWUSI,38
71350,"DOLAIT PINEAPPLE YOGHURT 70G 10",4.99,6,6,0,0,26-APR-026,GILBERT,167
71569,"TOLSEN PLIERS SET 3P BICOLOR PLASTIC HANDLE 10400",159,3,3,0,0,26-APR-026,BOFFOUR,148
60940,"BINATONE DRY IRON 1200W 1255MK2",235,13,13,0,0,26-APR-026,GLADYS,158
04107,"WILD TURKEY BOURBON 81 PROOF WHISKY 700ML  6",262.99,7,7,0,0,26-APR-026,"CHARLES A",51
174944,"MCBERRY CHOCOLATE CEREAL BISCUITS 30G  72",1.39,60,67,-7,-9.73,26-APR-026,QUARSHIE,137
172099,"SKYVEST LED TV 32 SATELLITE 32S ORV",1739,1,1,0,0,26-APR-026,HAYFORD,156
169772,"ICE FACTORY THE PERFECT ICE CUBES ICE CUP 450G 1",14.99,12,32,-20,-299.8,26-APR-026,GILBERT,162
179918,"WALL CLOCK 305X305X54 12F8B",85,8,9,-1,-85,26-APR-026,"ARTHUR JONADAB",10
200603,"CAPEL COMMUNION WINE 0 1L 12",41.99,11,11,0,0,26-APR-026,CHARITY,42
66918,"PINHO BRIL WILD PINE PLUS DISINFECTANT  500ML  12",21.99,9,9,0,0,26-APR-026,"BENEDICT ABBEY",24
X939,"EVEN NO CREAM UHT MILK 1L 12",53.99,10,11,-1,-53.99,26-APR-026,DORIS,71
144202,"TOUCH BLISS SOFTENER  2L  6",42.99,1,8,-7,-300.93,26-APR-026,AKORFA,31
168699,"CAMRY ELECTRONIC KITCHEN SCALE W2 BOWL EK332005 RK",109,1,10,-9,-981,26-APR-026,HAYFORD,153
179583,"TEXTURED SAND PAINTING 25X30",39,10,10,0,0,26-APR-026,"ARTHUR JONADAB",11
179029,"BOUNCY BALL WITH LIGHT  OPP YW",14.99,7,13,-6,-89.94,26-APR-026,REGINA,260
200805,"FRYING PAN 20CM FALU ZHNBAROLY 260820",89,5,18,-13,-1157,26-APR-026,AMA,313
19819,"ENERGIZER BATTERY ALKALINE AAA MAX31 1X10 20PK",59.9,3,31,-28,-1677.2,26-APR-026,"ARTHUR JONADAB",11
60929,"BINATONE HOT PLATE SINGLE ELECTRIC COOKING ECP110",445,9,10,-1,-445,26-APR-026,HERBERT,169
72669,"DEVA MULTI SURFACE CLEANER FLORAL 25LT  6",81.99,10,10,0,0,26-APR-026,"BENEDICT ABBEY",25
102955,"FRES LIQUID SOAP MARINE 350ML  24",17.99,8,9,-1,-17.99,26-APR-026,EMMANUEL,98
107987,"AKAI CEILING FAN 36 EF105A3658BG",349,2,2,0,0,26-APR-026,BOFFOUR,148
109868,"101 FAIRY TALES BOOK",35.99,5,6,-1,-35.99,26-APR-026,GLADYS,159
113182,"YUMVITA RICE SACHET 50G 80",6.29,88,88,0,0,26-APR-026,FRANKLIN,141
114771,"FANICE VANILLA  CHOCOLATE DOUBLE TREAT 1L 1",46.99,6,5,1,46.99,26-APR-026,ELVIS,77
129207,"MYDIBEL FRENCH FRIES SHOESTRING  77 1KG  10",49.99,12,11,1,49.99,26-APR-026,APPIAH,80
153837,"COLOURING BOOK MY ULTIMATE COLOURING FUN 22X28CM",29.9,12,12,0,0,26-APR-026,ELLA,19
190662,"PUFFY BALL 17CM 240G 6PCS",44.99,6,14,-8,-359.92,26-APR-026,REGINA,260
198405,"WALL CLOCK 305X305X55 1208C",79,10,12,-2,-158,26-APR-026,"ARTHUR JONADAB",11
44862,"FLORA TISSUE 3 PLY 4 ROLLS  15",16.99,17,20,-3,-50.97,26-APR-026,EMMANUEL,94
33895,"JUMBO KITCHEN TOWEL 1 X 12ROLLS",21.99,9,8,1,21.99,26-APR-026,MAHAMA,92
109732,"SIEVE RIM 200X200X70MM SS SSV010 RJK",159,6,6,0,0,26-APR-026,AMA,311
109881,"PLAY WITH STICKER",16.9,36,36,0,0,26-APR-026,ELLA,19
138924,"GEISHA COCONUT MILK  HONEY V1 180G   36",15.49,36,37,-1,-15.49,26-APR-026,EMMANUEL,99
148527,"FLOWER SET DRY 5PCS",85,1,1,0,0,26-APR-026,NYARKO,170
148802,"WASHING MACHINE RACK SAILBOAT METAL YWU",199,2,2,0,0,26-APR-026,PRINCE,240
149371,"NASCO FRIDGE DD COMBI 106L NASD210FL",2399,1,2,-1,-2399,26-APR-026,AMADU,150
162273,"CANVAS H PAINTED FLOWERS GREY 70X100X3 BD23C003AW",329,3,3,0,0,26-APR-026,NYARKO,170
184266,"CLOTH HANGER 75X36CM XSJ3600",99,2,2,0,0,26-APR-026,"NANA ADJEI",219
75277,"BINATONE KETTLE 17L 2200W WHITE  CEJ 1750",395,8,9,-1,-395,26-APR-026,HAYFORD,153
90664,"LA SALUD SEA BREEZE  FLOOR CLEANER OCEAN 15 L  10",25.99,1,1,0,0,26-APR-026,"BENEDICT ABBEY",25
93777,"KENWOOD KETTLE 17L 2200W BLACK ZJP01A0BK",499,4,5,-1,-499,26-APR-026,HAYFORD,153
08759,"EMBORG LOW FAT  UHT MILK 1L 12",46.99,7,7,0,0,26-APR-026,DORIS,71
105812,"DOVE SHOWER GEL PISTACHIO 500ML 20",70.99,12,13,-1,-70.99,26-APR-026,EVELYN,102
120253,"MUSCADOR ROSE SWEET SPARKLING WINE 750ML 6",99.99,4,4,0,0,26-APR-026,CHARLES,50
113984,"BELTONIC CAN DRINK 330ML 24",8.49,32,32,0,0,26-APR-026,GIDEON,56
135650,"WATCH BOX COIN 8X8X8CM PW16675",139,1,31,-30,-4170,26-APR-026,"ARTHUR JONADAB",11
22635,"SANKOFA SWEET PLANTAIN CHIPS CINNAMON FLAV 50G 25",14.99,23,32,-9,-134.91,26-APR-026,JONATHAN,131
32618,"KENWOOD CITRUS JUICER 1L 60W JE280",449,2,2,0,0,26-APR-026,HAYFORD,153
85497,"BANETTI SHELLS  500G  20",14.99,58,53,5,74.95,26-APR-026,CLAUDIA,116
80146,"TOWEL RACK SUCTION R5040 RJK",69,21,21,0,0,26-APR-026,"MORGAN ONGOH",217
80161,"SUCTION TOWEL BAR  6 HOOKS R5070 RJK",59,6,6,0,0,26-APR-026,"MORGAN ONGOH",217
CL765,"CONTAINER SQUARE 1300ML 12CMX12CMX11CM",7.9,24,28,-4,-31.6,26-APR-026,SOMUAH,274
97351,"SAIKIRPA NAPHTHALENE BALLS JUMBO WHITE 300G  60",23.99,46,52,-6,-143.94,26-APR-026,EZEKIEL,106
03645,"LACTASOY PLAIN SOYA MILK 1L 12",41.99,14,18,-4,-167.96,26-APR-026,DORIS,72
117097,"KENWOOD MICROWAVEOVEN 30L GRILLDGT BLK MWM30000BK",3439,1,1,0,0,26-APR-026,GLADYS,158
115128,"MEANNAN ROASTED CASHEW NUT 300G  12",68.99,6,19,-13,-896.87,26-APR-026,CHARLES,46
140754,"SPORTSGAMES MY JUMBO BOOK 46X30X10CM",24.9,8,8,0,0,26-APR-026,ATITOGO,15
172700,"SAIRO SHOWER GEL ALOE VERA 1250ML  10",56.99,14,14,0,0,26-APR-026,EVELYN,102
176165,"S4 COMFORTER SET KG 200X260CM KCS45",579,5,5,0,0,26-APR-026,AKAYIRI,192
188811,"PHILIPS STEAM IRON 2000W BLUE DST202096",529,1,1,0,0,26-APR-026,GLADYS,158
76120,"PRIVATE MAXI POCKET NIGHT PAD SAVE 8X12 12",14.99,20,20,0,0,26-APR-026,ELEMAWUSI,38
85495,"BANETTI PASTA CHARLESTON 500G  20",14.99,33,30,3,44.97,26-APR-026,CLAUDIA,116
87966,"AKAI TOASTER 2 SLICE 700W TO024A1101",229,2,4,-2,-458,26-APR-026,HAYFORD,157
CL772,"CONTAINER 1800ML OPAQUE 22CMX15CMX9CM",12.9,23,41,-18,-232.2,26-APR-026,SYLVIA,279
CL580,"STORAGE BOX TRANSPARENT 12L 38CMX28CMX18CM",38.9,36,34,2,77.8,26-APR-026,"WILFRED OSEI",286
96459,"NIVEA BLACKWHITE ORIG APERSP DEO SPRAY 250ML  6",70.99,6,7,-1,-70.99,26-APR-026,"ANANE KOJO",5
102204,"BEAUTY FORMULAS FACIAL WIPES APRICOT 30S  12",20.49,12,12,0,0,26-APR-026,"BRIGHT NKANSAH",35
132294,"BREF WC BLOCK POWERACTIVE LAVENDER MONO 10",41.49,10,10,0,0,26-APR-026,AKORFA,30
161127,"FILLED CUSHION VELVET 45X45CMPURPLE DC231",69,1,12,-11,-759,26-APR-026,JUSTICE,187
180225,"PRINCESS HAND SOAP ANTIBACT MILK  HONEY 500ML  24",22.99,10,19,-9,-206.91,26-APR-026,EMMANUEL,98
187010,"BATHROOM 6PCS SET PLASTIC 8033 YWU",199,0,5,-5,-995,26-APR-026,"MORGAN ONGOH",216
197991,"MCBERRY DUBAI STRAWBERRY CHOCOLATE WAFER 20G  144",.89,12,57,-45,-40.05,26-APR-026,QUARSHIE,137
23129,"ENA PA SARDINES IN VEGETABLE OIL 125G 50",11.99,50,159,-109,-1306.91,26-APR-026,CHARITY,43
98531,"AMALFI  HAIR CONDITIONER NORMAL HAIR 750ML  12",40.99,5,8,-3,-122.97,26-APR-026,"ANANE KOJO",6
158513,"FESTIVAL FROM CUVEE 0 VANILLA WINE DRINK 750ML 6",50.99,2,2,0,0,26-APR-026,CHARITY,42
185300,"COLANDER WSIDE HANDLES BLACK 35CM XY2332",69,31,31,0,0,26-APR-026,AMA,311
N484,"MENTOS ICE GUM ORANGE MINT 129G 288",9.49,148,151,-3,-28.47,26-APR-026,AKUSHIKA,166
110272,"SHELVES WALL DECOR JH8019",279,1,4,-3,-837,26-APR-026,NYARKO,170
125871,"POPIZZ SPARKLING WHITE GRAPE 750ML  6",49.99,24,24,0,0,26-APR-026,CHARITY,44
151582,"GALAXY CONCEPT SPRAY  TRIUMPH  200ML 12",31.99,2,3,-1,-31.99,26-APR-026,"ANANE KOJO",5
169355,"SPORTS BOTTLE SWEET DREAM",16.9,11,11,0,0,26-APR-026,WILLIAM,292
187470,"TRASH BIN PLASTIC GREY RJK G2282",369,1,1,0,0,26-APR-026,"NANA KOJO",250
164666,"VARTA BATTERY RECHARGABLE AAA2",129,11,27,-16,-2064,26-APR-026,"ARTHUR JONADAB",11
182959,"FRYING PAN 26CM FALU ZHNBLY 1050G26",199,1,7,-6,-1194,26-APR-026,HERBERT,315
194630,"FOOTBALL PLAYER MINIATURE DOLL 15 ASST O51010",85,7,7,0,0,26-APR-026,ROBIN,264
81498,"DOLAIT PINEAPPLE YOGHURT 125G 10",9.99,10,20,-10,-99.9,26-APR-026,GILBERT,167
60929,"BINATONE HOT PLATE SINGLE ELECTRIC COOKING ECP110",445,1,10,-9,-4005,26-APR-026,GLADYS,160
70690,"FLIRT VODKA ORIGINAL  1L  6",133.99,1,1,0,0,26-APR-026,CHARLES,50
CL608,"BUCKET WITH LID 15LTR 32CMX32CM",29.9,63,63,0,0,26-APR-026,VICTORIA,283
105150,"ROMAR WASHING LIQUID  MARSEILLE SOAP 15L  9",64.99,8,8,0,0,26-APR-026,GEORGE,110
14603,"DOLAIT NATURE SUGAR FREE YOGHURT 125G 10",9.99,10,11,-1,-9.99,26-APR-026,GILBERT,167
175193,"SEARA MIXED VEGETABLES 4 WAY CUT 400G 28",27.99,25,25,0,0,26-APR-026,APPIAH,80
168765,"CURTAIN P JAQUARD 54X84 MINT 25TH10",189,3,3,0,0,26-APR-026,"KINGSLEY OP",194
178194,"BATH SPONGE NYLON YWU",32.9,6,6,0,0,26-APR-026,"NANA ADJEI",219
189621,"TOREN MRBITE GROAN MILKY CREAM COAT W CHO 35G 144",8.49,61,61,0,0,26-APR-026,DORIS,74
198581,"SERVING TRAY 40X28X4CM PLASTIC YWU",139,22,22,0,0,26-APR-026,ESTHER,309
198892,"PILLOW MEMORY FOAM 1200G WN250311",139,4,4,0,0,26-APR-026,"JOSEPH PATRICK",176
91774,"INDOMIE ONION CHICKEN BELLE FU NOODLES 280G 18",18.59,16,16,0,0,26-APR-026,CLAUDIA,117
06487,"ORIGINAL CHOICE DELUXE VODKA 750ML  12",54.99,11,12,-1,-54.99,26-APR-026,CHARLES,50
106766,"FEGGY VEGETABLE SPRING ROLL 10PCS 450G 1",42.99,6,8,-2,-85.98,26-APR-026,APPIAH,80
128589,"CONSTRUCTION TOY TRUCK FRICTION MT526738",85,7,7,0,0,26-APR-026,ROBIN,264
180221,"KLEANZ HAND SOAP STRAWBERRY ANTIBACTERIAL 500ML 4",22.99,12,41,-29,-666.71,26-APR-026,EMMANUEL,96
186678,"FOOD STORAGE 5300ML PLASTIC RJK YH390A",55,24,26,-2,-110,26-APR-026,QUEENCILLA,255
202138,"PEDAL BIN 50 LT GREY UP227212",259,2,2,0,0,26-APR-026,VICTORIA,282
52628,"CD BAG 21120142148CJ2278",5,33,33,0,0,26-APR-026,BOFFOUR,148
132952,"DINNER PLATE MELAMINE 11 INCHES FEILU 501116",17.9,13,13,0,0,26-APR-026,"ABIGAIL YEVUGAH",301
19820,"ENERGIZER BATTERY ALKALINE AAA MAX42 1X12PK",77.9,5,5,0,0,26-APR-026,"ARTHUR JONADAB",11
198212,"TOILET BRUSH WSTAND SSTEEL PC0127 YWU",179,2,2,0,0,26-APR-026,ODAI,225
89227,"BATHROOM MAT PLASTIC 2 DESIGN 6637CM 6939",55,32,32,0,0,26-APR-026,PHILEMON,239
94363,"AKAI STEAM IRON 2200W EI042A260SI",259,10,10,0,0,26-APR-026,GLADYS,158
96929,"NOVITA CUSTARD POWDER 1KG  12",43.49,12,12,0,0,26-APR-026,FRANKLIN,140
96986,"BALL PEN FEATHER DESIGN",2.9,72,1072,-1000,-2900,26-APR-026,"ARTHUR JONADAB",11
03057,"TOLSEN MASKING TAPE 50245",10.99,5,5,0,0,26-APR-026,BOFFOUR,148
138724,"SANITA TT CLUB 300SH 2R  20",25.99,14,15,-1,-25.99,26-APR-026,EMMANUEL,94
148544,"VASE BLACK",119,11,11,0,0,26-APR-026,REGINA,259
150408,"CURTAIN W8 GROMENT TAUPE 54X90 JQ032",119,12,12,0,0,26-APR-026,JUSTICE,185
163163,"MCVITIES RICH TEA BISCUIT 25G  48",3.79,48,48,0,0,26-APR-026,QUARSHIE,137
171061,"MOP SPONGE 218X35CM DAEWOO DESM1044",9.9,27,27,0,0,26-APR-026,ODAI,228
187013,"BATHROOM 4PCS SET PLASTIC 8033 YWU",69,3,3,0,0,26-APR-026,"PAUL OWUSU",230
192357,"STAPLER 246266 MF03131",29,9,9,0,0,26-APR-026,ATITOGO,15
23132,"ENA PA MACKEREL IN TOMATO SAUCE HO 155G 50",11.99,32,89,-57,-683.43,26-APR-026,ABIGAIL,124
89645,"BINATONE WASHING MACHINE TT 7KG BWM07",3989,1,1,0,0,26-APR-026,AMADU,151
98560,"MADAR WASHING POWDER 3KG 1",142.99,4,5,-1,-142.99,26-APR-026,EMMANUEL,94
148978,"LIDO DISHWAHING LIQUID 540ML  12",15.49,12,13,-1,-15.49,26-APR-026,"BRIGHT NKANSAH",36
162927,"CURTAIN JACQUARD 54X90 TAUPE J231",109,7,17,-10,-1090,26-APR-026,"KINGSLEY OP",194
164132,"SOAP DISPENSER PUMP BLACKSTORY PLASTIC 161240010",24.9,27,27,0,0,26-APR-026,ODAI,228
162786,"CURTAIN JACQUARD 54X90 CHARCOAL S1222",139,12,12,0,0,26-APR-026,JUSTICE,185
157669,"DIVINE GRACE EDC  500ML  24",44.99,14,14,0,0,26-APR-026,"ANANE KOJO",6
184374,"PHILIPS STEAM IRON 2000W DST20102620",499,4,4,0,0,26-APR-026,GLADYS,158
192720,"GIFT WRAPPING PAPER 50X730MM",18.9,10,10,0,0,26-APR-026,REGINA,260
202778,"STA SOFT LAVENDER DREAM FABRIC CONDITIONER 1L  12",82.99,10,10,0,0,26-APR-026,"BENEDICT ABBEY",25
D999,"BINE BLEACH 05L 15",12.49,5,21,-16,-199.84,26-APR-026,EMMANUEL,95
104890,"FANMILK FANICE CHOCOLATE ICE CREAM 500ML 6",25.99,27,27,0,0,26-APR-026,ELVIS,77
118785,"PREDATOR ENERGY DRINK 350ML 12",5.99,23,23,0,0,26-APR-026,GIDEON,57
122735,"UNIMAX TRIO DC BALLPEN BLUE 10MM FBTDCBL53",3.99,29,84,-55,-219.45,26-APR-026,AKUSHIKA,166
166526,"DERBY SHAVING FOAM NATURE GREEN 200ML  12",56.99,7,7,0,0,26-APR-026,"ANANE KOJO",5
159062,"TOILET BRUSH PP M1600 RJK",39.9,18,20,-2,-79.8,26-APR-026,ODAI,225
158735,"CARPET 140X200CM IVORYBLACK TIMMYI14X2M",799,1,2,-1,-799,26-APR-026,PRINCE,240
170079,"CONTAINER CLICK AND LOCK 360ML 303 17331",18.9,5,5,0,0,26-APR-026,"NANA KOJO",252
179981,"WINDOW CURTAIN YD PL GROMT SLBL 54X90 24EHM002",169,7,16,-9,-1521,26-APR-026,"KINGSLEY OP",194
18454,"DEVA CLEANING SPONGE 5X1    16",29.99,56,56,0,0,26-APR-026,"WILFRED OSEI",289
76450,"SKY LANTERN",2.9,5,5,0,0,26-APR-026,REGINA,560
99566,"COMFORTER QUEEN JACQUARD 6PCS SET HG1155Q",549,1,4,-3,-1647,26-APR-026,JUDE,184
105234,"MARILAN ROSQUINHAS RING BISCUITS COCONUT 300G 32",15.49,7,19,-12,-185.88,26-APR-026,CHARLES,46
110144,"BLUE BAND SPREAD FOR  BREAD 12G 10 X 25",9.49,230,23,207,1964.43,26-APR-026,"EMMANUEL HANSON",85
148392,"PLACE MAT WTAG 6PCS MIX COLS",79,5,5,0,0,26-APR-026,"MICHAEL BOYE",211
145562,"ARTIFICIAL PLANT 08M BSY189",169,1,1,0,0,26-APR-026,NYARKO,170
149963,"PENCIL CASE POPIT CAT DESIGN",29,1,1,0,0,26-APR-026,ELLA,19
149220,"AIRPRO NAPHTALENE BALLS COLOURED SMALL 150G   120",11.49,99,99,0,0,26-APR-026,EZEKIEL,106
174996,"RUN PET ENERGY DRINK 500ML 12",6.99,15,15,0,0,26-APR-026,GIDEON,57
186900,"LUNCH BOX PLASTIC 912 YWU",44.9,13,49,-36,-1616.4,26-APR-026,"PRINCE AGYEI",245
37536,"WC NET INTENSE SOL RIM BLOCK MOUNT FRESH 4PC 12",70.49,12,12,0,0,26-APR-026,AKORFA,30
49804,"DINNER PLATE MELAMINE 10 INCHES ZHN G38001105",22.9,1,1,0,0,26-APR-026,"ABIGAIL YEVUGAH ",301
50130,"FLORA TOILET ROLL 1 X 32  2",120.99,1,3,-2,-241.98,26-APR-026,MAHAMA,93
96468,"JOHNWEST TUNA CHUNKS IN SUNFLOWER OIL 125G 12",39.99,28,27,1,39.99,26-APR-026,"GIDEON GBLOGAH",122
02865,"VOLTPLUS UNIVERSAL ADAPTOR W BS PLUG VPUAG134",79,10,10,0,0,26-APR-026,BOFFOUR,148
103162,"AKAI CEILING FAN 56 WGOLD DECOR  EF096A5662",499,5,5,0,0,26-APR-026,BOFFOUR,148
109290,"MORNING FRESH DISHWASH ZESTY LEMON 1000ML  12",49.99,19,19,0,0,26-APR-026,"BRIGHT NKANSAH",36
124655,"AMALFI SHOWER GEL ARGAN OIL  750ML  16",29.99,9,9,0,0,26-APR-026,EVELYN,102
134091,"SANITA EASY LOCK  STORAGE BAG LARGE 20X25",22.99,31,31,0,0,26-APR-026,ELEMAWUSI,40
14480,"INDOMIE NOODLES SUPER PACK CHICKEN 120G 44",7.49,91,88,3,22.47,26-APR-026,CLAUDIA,117
191897,"KENWOOD RICE COOKER 18L 700W SS RCM19",669,1,9,-8,-5352,26-APR-026,HAYFORD,157
198220,"BASKet RECT 40X24X18CM METAL MESH YWU",119,6,9,-3,-357,26-APR-026,AMA,311
31227,"CONDOR PEAK RED DRY WINE 750ML 12",79.99,26,26,0,0,26-APR-026,CHARLES,47
09869,"SERVING TRAY MELAMINE 18 INCHES ZHN 803618",39.9,0,14,-14,-558.6,26-APR-026,ESTHER,306
104836,"MCVITIES ALL BUTTER SHORTBREAD 40GM  48",10.99,3,39,-36,-395.64,26-APR-026,SOLOMON,64
113976,"JAMAA SOAP CLASSIC SOAP LAMINATED 300G  24",9.99,35,35,0,0,26-APR-026,EMMANUEL,98
129072,"MASTERSEAL CONTAINER RECT PP 1200ML FRC K3021412",69,4,4,0,0,26-APR-026,SOMUAH,276
200804,"FRYING PAN 22CM FALU ZHNBAROLY 260822",99,3,13,-10,-990,26-APR-026,AMA,313
85377,"NASCO CHEST FREEZER SD 142L NAS200SK",3999,1,2,-1,-3999,26-APR-026,AMADU,148
87467,"JAMAA CLASSIC LAUNDRY SOAP 130G    48",4.29,12,12,0,0,26-APR-026,EMMANUEL,98
95677,"AMALFI BATH  SHOWER GEL ALOE VERA 750ML  16",29.99,12,12,0,0,26-APR-026,EVELYN,102
00521,"AKAI AVR 2KVA AVR003A  2000VA",779,3,3,0,0,26-APR-026,HAYFORD,156
150402,"CURTAIN W8 GROMENT SILVER 54X90 JQ031",119,0,12,-12,-1428,26-APR-026,MAJEED,201
150403,"CURTAIN W8 GROMENT TAUPE 54X90 JQ031",119,12,12,0,0,26-APR-026,JUSTICE,185
164170,"AKAI DRY IRON 1000W EI051A171S",159,3,3,0,0,26-APR-026,GLADYS,158
183298,"AKAI SANDWICH MAKER 4SLICE 1500W SM025A8012",369,6,6,0,0,26-APR-026,HAYFORD,157
197879,"SAYONA HAND MIXER WBOWL 250W SHM4358",399,1,1,0,0,26-APR-026,HAYFORD,153
52731,"DETTOL LIQUID ANTISEPTIC 165ML  36",33.49,23,23,0,0,26-APR-026,AKORFA,29
54998,"CAREX HANDWASH COMPLETE PROTECT 250ML  12",24.99,12,12,0,0,26-APR-026,EMMANUEL,98
D807,"BINE  BLEACH 25L  6",28.99,5,6,-1,-28.99,26-APR-026,"BENEDICT ABBEY",24
X222,"BAILEYS IRISH CREAM 1L 12",429.99,3,15,-12,-5159.88,26-APR-026,GILBERT,162
99586,"OPTIMA EMOJI EARBUDS HT05",54,24,24,0,0,26-APR-026,BOFFOUR,148
119618,"CUSHION 45X45 ORKIDE",149,1,1,0,0,26-APR-026,JUDE,180
185374,"3PCS BEDSHEET SET K 270X250CM PRINT ASS 03BT1029",119,19,32,-13,-1547,26-APR-026,"KINGSLEY OP",196
117662,"TOILET BRUSH SET WIN UR3245",19.9,15,21,-6,-119.4,26-APR-026,"MORGAN ONGOH",218
128958,"CALCULATOR POCKET ILLUMIX P0312D B 268237268251",69,10,10,0,0,26-APR-026,BOFFOUR,148
157198,"SERVING TRAY MELAMINE 17 INCHES ZHN T707",34.9,13,13,0,0,26-APR-026,ESTHER,309
156796,"CUSHION 45X45CM 400G",129,5,9,-4,-516,26-APR-026,JUDE,182
150427,"CURTAIN W8 GROMENT GOLD 54X90 BLK7",109,6,6,0,0,26-APR-026,"PRINCE AGYEI",245
161812,"DECAKILA GAS STOVE 3BURNERS KMGS009B",379,1,5,-4,-1516,26-APR-026,GLADYS,160
179959,"CURTAIN YD PL GROMT SLBL 54X90 24EHM001",169,14,14,0,0,26-APR-026,"KINGSLEY OP",194
182126,"PLATINUM SUNFLOWER OIL 43L 3",179.99,3,10,-7,-1259.93,26-APR-026,"GERALD SACK ",118
178574,"BATHROOM SOAP DISPENSER SQUARE YWU",69,1,3,-2,-138,26-APR-026,ODAI,229
193427,"FUTURE INNOVATORSTHE INTERNET OF THINGS 22X28CM",47.99,16,9,7,335.93,26-APR-026,ELLA,20
36651,"EVERYDAY PEPERONI BEEF SAUSAGE 500G 20",39.99,10,11,-1,-39.99,26-APR-026,ELVIS,76
202622,"FROSTED PLATE 145 B158145M",14.9,61,55,6,89.4,26-APR-026,"ABIGAIL YEVUGAH",301
86634,"NASCO FRIDGE DD 320L SILVER DF245NASF245",5399,1,1,0,0,26-APR-026,AMADU,150
57736,"NEON APPLE VODKA  750ML  12",69.99,11,11,0,0,26-APR-026,CHARLES,50
CL607,"BUCKET WITH LID 10LTR 28CMX28CM",24.9,39,39,0,0,26-APR-026,VICTORIA,283
92709,"LAUNDRY BASKET 40X50CM FABRIC YWU",42.9,1,1,0,0,26-APR-026,"NANA ADJEI ",221
134094,"PRIVATE XTHIN SUPER  8X18",12.99,16,16,0,0,26-APR-026,ELEMAWUSI,39
150404,"CURTAIN W8 GROMENT GOLD 54X90 JQ032",119,12,12,0,0,26-APR-026,JUSTICE,185
179511,"DZIRE HOME THEATRE 21CH 53W HT212SIM2023",1049,1,1,0,0,26-APR-026,HAYFORD,157
186900,"LUNCH BOX PLASTIC 912 YWU",44.9,36,49,-13,-583.7,26-APR-026,"PRINCE AGYEI",246
13613,"DOVE BODY WASH NOURISHING SILK 500ML  20",70.99,9,9,0,0,26-APR-026,EVELYN,102
134090,"SANITA EASY LOCK  STORAGE BAG MEDIUM 50X20",35.99,6,5,1,35.99,26-APR-026,ELEMAWUSI,40
151239,"MASTERSEAL CONTAINER RND PP 850ML FRC K3022312",59,13,13,0,0,26-APR-026,SOMUAH,275
168092,"FILLED CUSHION P JAQUARD 45X45CMBEIGE DC253",129,5,8,-3,-387,26-APR-026,JUSTICE,186
168731,"CURTAIN P VELVET FOILED 54X84 MINT 25FV5",209,4,4,0,0,26-APR-026,"PRINCE AGYEI",245
87569,"GAMES HUMAN BODYYOGA SONGK BOOK EB189",4.9,7,7,0,0,26-APR-026,ELLA,",21"
72613,"BROOM BIG PLAZA P6447",4.9,44,43,1,4.9,26-APR-026,ODAI,225
X612,"TITUS SARDINES IN VEGETABLE OIL 125G 50",16.99,66,216,-150,-2548.5,26-APR-026,"GIDEON GBLOGAH",122
97926,"JAMAA CLASSIC LAUNDRY BAR SOAP 200G   24",6.79,25,28,-3,-20.37,26-APR-026,EMMANUEL,98
91371,"HOTFRO LEAVE IN CONDITIONER  250ML  24",36.99,13,1,12,443.88,26-APR-026,"ANANE KOJO",6
115045,"HERO NATURAL HONEY 450G 12",129.99,13,13,0,0,26-APR-026,"EMMANUEL HANSON",85
141370,"WINE BUCKET WSHAKER 750ML SET 4PCS PLAIN 52035",119,1,1,0,0,26-APR-026,HAYFORD,320
140694,"COLOUR  ACTVITY BOOK SERIES MY UNICORN 46X30X10CM",24.9,14,14,0,0,26-APR-026,ELLA,20
161280,"CANVAS PAINTING MAPS 70X50CM PC233002",109,7,7,0,0,26-APR-026,NYARKO,173
179579,"DIY HAIRBALL PICTURE CRAFT 30X30CM WSTAND ASST DE",33.9,8,8,0,0,26-APR-026,ROBIN,264
177706,"STATIONARY SET WWRIST WATCH KIDS",38.9,1,1,0,0,26-APR-026,ELLA,20
79603,"SHINE ALUMINIUM FOIL 200SQFT 63MX30CM  12",84.99,15,15,0,0,26-APR-026,ELEMAWUSI,40
70315,"ZWAN BEEF LUNCHEON MEAT 340G 12",51.99,4,4,0,0,26-APR-026,"GIDEON GBLOGAH",123
117184,"DOMS NEON PENCIL SET 12PCS HB2 ROUND 7156",20.9,2,3,-1,-20.9,26-APR-026,"BENEDICT ABBEY",26
150419,"CURTAIN W8 GROMENT BEIGE 54X90 BLK5",109,11,11,0,0,26-APR-026,"PRINCE AGYEI",245
166384,"COLANDER WSIDE HANDLES 315CM SSTEEL XY2315",44.9,52,52,0,0,26-APR-026,AMA,311
194646,"POM POM C SILICON 2DESIGNS 179021 HCL O51019",20.99,38,39,-1,-20.99,26-APR-026,REGINA,260
189566,"KENWOOD STANDING FAN 16 IFP16000BK",499,1,2,-1,-499,26-APR-026,BOFFOUR,148
72133,"RICHOCO SMOOTHER 400G  20",41.99,10,10,0,0,26-APR-026,ESINAM,145
102260,"BODYCOLOGY MIST COCONUT HIBISCUS 236ML 12",77.99,11,10,1,77.99,26-APR-026,"ANANE KOJO",5
120023,"SERVING BOWL MELAMINE 12 INCHES ZHN C60212",24.9,7,19,-12,-298.8,26-APR-026,"ABIGAIL YEVUGAH ",301
119288,"DOMS PLASTIC CRAYON SET 28SHADES WTIN 7122",35.9,4,4,0,0,26-APR-026,"BENEDICT ABBEY",26
119290,"DOMS ART STROKES 7514",49,1,12,-11,-539,26-APR-026,GLADYS,159
124096,"TOILET BRUSH 1909992",44.9,5,5,0,0,26-APR-026,"MORGAN ONGOH",218
146620,"HARPIC POWERPLUS 1L  12",91.99,12,12,0,0,26-APR-026,EMMANUEL,96
144404,"SAUCEPAN WLID DEEP KADAI HA 14 SL 3MM 10088",99,1,10,-9,-891,26-APR-026,HERBERT,316
170082,"CONTAINER CLICK AND LOCK 800ML 305 17351",32.9,16,16,0,0,26-APR-026,SOMUAH,274
192231,"BELLORA FOOD STORAGE BOWL WLID 3PCS SET HL7012DCL",29.9,4,4,0,0,26-APR-026,SYLVIA,280
92973,"PAINTING 80X80CM",249,2,2,0,0,26-APR-026,NYARKO,173
90610,"CURTAIN ROD SINGLE 120210 11062210PC",119,6,6,0,0,26-APR-026,PRINCE,241
137275,"TOREN  TOREN WAFERS MILK DEEP FLAVOUR CW 55G 144",6.29,59,60,-1,-6.29,26-APR-026,RICHMOND,134
179162,"CHESS  BOARD GAME 31X16CM",65,4,4,0,0,26-APR-026,ROBIN,264
187686,"CUSHION POLYESTER 43X43CM 7COLOR MIX",69,4,23,-19,-1311,26-APR-026,JUDE,181
32963,"AFTER DARK PREMIUM GRAIN WHISKY 750ML 12",123.99,2,2,0,0,26-APR-026,"CHARLES A",51
69055,"DR MALT DARK CAN  330ML  24",8.19,46,60,-14,-114.66,26-APR-026,GIDEON,58
105821,"MAXIM FABRIC SOFTENER 2L  8",54.99,9,9,0,0,26-APR-026,AKORFA,31
125847,"FOOD STORAGE CONTAINER RECTANG PLASTIC 1700ML 178",9.9,2,2,0,0,26-APR-026,SOMUAH,274
121324,"VARTA BATTERY LITHIUM CR1632 BLISTER 1",42,9,9,0,0,26-APR-026,AKUSHIKA,166
187069,"BOWL FRUITS AND SALAD 2200ML ACRYLIC 6363",29.9,24,24,0,0,26-APR-026,SYLVIA,280
191898,"KENWOOD RICE COOKER 28L 1000W SS RCM28",749,1,4,-3,-2247,26-APR-026,HAYFORD,157
D138,"SMA FOLLOWON MILK PROGRESS 400G 12",174.99,13,13,0,0,26-APR-026,FRANKLIN,141
97350,"SAIKIRPA NAPHTHALENE BALLS JUMBO COLOURED 300G  60",23.99,47,51,-4,-95.96,26-APR-026,EZEKIEL,106
03471,"COKE ZERO PET 1L  4",15.99,19,81,-62,-991.38,26-APR-026,GIDEON,58
162981,"WINDOW CURTAIN JACQUARD 54X90 TAUPE LLJ3",169,1,1,0,0,26-APR-026,"KINGSLEY OP",194
159316,"HULA HOOP 8 COLOR BOX",65,1,11,-10,-650,26-APR-026,NYARKO,172
189074,"SAMSUNG LED TV 50 SAT SMART UHD UA50U8000",11699,1,1,0,0,26-APR-026,HAYFORD,156
66508,"DINNER PLATE MELAMINE 12 INCHES ZHN G3800212",18.9,33,33,0,0,26-APR-026,"ABIGAIL YEVUGAH",301
X469,"ANNAPURNA SALT 450G 5013620002",6.49,50,141,-91,-590.59,26-APR-026,DORIS,73
117718,"INDOOR NATURAL PLANT MEDIUM POT",32.9,1,1,0,0,26-APR-026,REGINA,259
200306,"HH HOT DOG 10 SAUSAGES 425G 24",26.99,22,24,-2,-53.98,26-APR-026,ABIGAIL,124
198076,"WALL CLOCK 406X406X410CM 3003T11",159,4,4,0,0,26-APR-026,"ARTHUR JONADAB",10
36727,"SMILE POCKET TISSUE 1X10X30",15.49,7,8,-1,-15.49,26-APR-026,MAHAMA,90
CL618,"CONTAINERS FANCY 4PCS SET 300ML600ML1500ML2500ML",34.9,31,45,-14,-488.6,26-APR-026,SOMUAH,274
09345,"NEDERBURG WINEMASTERS CHARDONNAY WINE 750ML 6",172.99,2,2,0,0,26-APR-026,CHARLES,48
161184,"KENWOOD CHEST FREEZER SD 248L CFR25000WH",4649,1,1,0,0,26-APR-026,AMADU,147
161489,"CURTAIN FOILED 54X90  PURPLE",129,12,16,-4,-516,26-APR-026,JUSTICE,185
160849,"WINDOW SHADE BLACKOUT ROLLER 453180X200CM",429,5,5,0,0,26-APR-026,PRINCE,240
168949,"COOKING POT 28CM 25MM BLK FALU BAROLY 28528 RJK",249,1,1,0,0,26-APR-026,HERBERT,316
179153,"AKAI WATER DISPENSER WFRIDGE 3TAPS WD033A168TLR",2099,1,2,-1,-2099,26-APR-026,AMADU,151
179252,"ENVELOPE A4 50PCS 229X324CM 80GSM WHITE COL YW",59,36,36,0,0,26-APR-026,ELLA,19
200778,"FRYING PAN 26CM FALU ZHNBAROLY 236903326",109,1,1,0,0,26-APR-026,AMA,313
48859,"SAMSUNG FRIDGE DD 203L RT26HAR2DSART20HARFAREDSA",8229,1,1,0,0,26-APR-026,AMADU,150
83751,"ANDREX TOILET ROLL GENTLE CLEAN 4S  6",74.99,1,2,-1,-74.99,26-APR-026,EMMANUEL,94
98219,"MIDEA MICROWAVE OVEN 20L WGRILL WHITE MG720CFB",1349,1,2,-1,-1349,26-APR-026,GLADYS,158
109770,"DUSTBIN WLID WHIRLPOOL DESIGN 7L PLASTIC M132",69,9,9,0,0,26-APR-026,"NANA KOJO",250
161839,"SOAP DISPENSER SET 3PCS GLASS YWU",49.9,4,12,-8,-399.2,26-APR-026,"NANA ADJEI ",221
168078,"FILLED CUSHION JAQUARD 45X45CMBLACKTAUPE DC251",129,4,8,-4,-516,26-APR-026,"JOSEPH PATRICK",177
185416,"CURTAIN BKT GROM GOLD 2P 54X90 02PA7216B",199,8,8,0,0,26-APR-026,"PRINCE AGYEI",245
192293,"LED CHANDELIER CRYSTAL DESIGN VB270",549,1,1,0,0,26-APR-026,GLADYS,158
206105,"TCL AC SPLIT 15HP R32 TAC12CSDZG11",3999,1,1,0,0,26-APR-026,GILBERT,162
88238,"BINATONE BLENDER  WMILL 350W BLG 452",669,1,5,-4,-2676,26-APR-026,HAYFORD,153
64711,"SUNRISE CREEK RED DRY WINE  11 VOL  750ML",74.99,14,29,-15,-1124.85,26-APR-026,CHARLES,48
95661,"AMALFI  HAND SOAP  LOVE 500ML  12",25.99,10,10,0,0,26-APR-026,EMMANUEL,98
115104,"CUVEE DE BARON MERLOT WINE 750ML 6",74.99,3,3,0,0,26-APR-026,CHARLES,48
157460,"WALL CLOCK 20 51X51X5CM INF6683",159,1,7,-6,-954,26-APR-026,"ARTHUR JONADAB",10
180248,"BO16 STYLING GEL TRANSPARENT 150G  6",11.59,8,13,-5,-57.95,26-APR-026,"ANANE KOJO",6
36359,"DEVA LUX LIQUID HAND STAWBERRY SOAP 350ML 24",18.99,33,33,0,0,26-APR-026,EMMANUEL,97
95664,"AMALFI  HAND SOAP OAT 500ML  12",25.99,17,17,0,0,26-APR-026,EMMANUEL,98
00521,"AKAI AVR 2KVA AVR003A  2000VA",779,1,3,-2,-1558,26-APR-026,GILBERT,162
102950,"FRES LIQUID SOAP ALOEVERA 350ML  24",17.99,19,19,0,0,26-APR-026,EMMANUEL,98
157215,"PILLOW MEMORY FOAM CRUMB 70X40CM BBSMF40",149,3,3,0,0,26-APR-026,"JOSEPH PATRICK",176
187654,"LED LIGHT 4PCS",99,5,5,0,0,26-APR-026,GLADYS,161
96432,"MILO ACTIVGO 20G  10PCS X 30",26.99,33,65,-32,-863.68,26-APR-026,ESINAM,145
106813,"SHINE GARBAGE BAGS 90L   10   12",28.99,37,38,-1,-28.99,26-APR-026,ELEMAWUSI,38
121336,"VARTA BATTERY LITHIUM CR2 BLISTER 1",77,11,34,-23,-1771,26-APR-026,AKUSHIKA,166
67037,"TOM MILK NATURAL SF DAIRY DESSERT 125G 4PCS X 6PKS",48.99,6,8,-2,-97.98,26-APR-026,FRANKLIN,140
148109,"CURTAIN WGROMET EMB JACQ GREEN 02PA6799C",119,6,1,5,595,26-APR-026,ADDO,206
168211,"AKAI FRIDGE DD 303L RF075AC46D",6199,1,1,0,0,26-APR-026,AMADU,150
168788,"CURTAIN P JAQUARD 54X84 TAUPE XGLL13",139,2,2,0,0,26-APR-026,"PRINCE AGYEI",245
79189,"5 STAR KAESAR TONIC WATER 350ML 16",2.99,18,13,5,14.95,26-APR-026,SOLOMON,61
CL713,"SPICE CONTAINER 400ML 126CMX126CMX55CM",4.9,4,28,-24,-117.6,26-APR-026,SOMUAH,274
09469,"BADIA ANISE SEED 8175OZ   8",46.49,9,9,0,0,26-APR-026,BARBARA,127
126661,"LA SALUD  BLEACH WITH DETERGENT  PINE 5L 3",77.49,3,3,0,0,26-APR-026,GEORGE,110
134095,"PRIVATE XTHIN NIGHT ECO 14X9",23.99,9,9,0,0,26-APR-026,ELEMAWUSI,38
156951,"BATH MAT LILAC 50X80CM BM549",49.9,1,1,0,0,26-APR-026,"PAUL OWUSU",232
161279,"CANVAS PAINTING SKYLINE 120X40CM PC233001",169,7,7,0,0,26-APR-026,NYARKO,173
161493,"CURTAIN FOILED 54X90  CAMEL",139,12,12,0,0,26-APR-026,"PRINCE AGYEI",245
174979,"NERO COLA CARBONATED PET DRINK 350ML 20",3.19,1,14,-13,-41.47,26-APR-026,GILBERT,162
178161,"FRY PAN 2PCS SET 24CM 28CM FALU BLY YWU",299,4,4,0,0,26-APR-026,AMA,313
187749,"CUSHION 450G 45X45CM",75,10,12,-2,-150,26-APR-026,"JOSEPH PATRICK",177
183512,"WATER BOTTLE SQUEEZE DRINK PLASTIC 1000ML TPX 9054",19.9,22,22,0,0,26-APR-026,WISE,296
195058,"ICE FACTORY REUSABLE DICE ICE CUBE 525G 1",72.99,6,6,0,0,26-APR-026,GILBERT,162
87581,"ALL SERIESBOOKS NUMBER 12050100 EB0143",18.99,49,49,0,0,26-APR-026,ELLA,19
69225,"HI5 CHOCO MALT  DRINK  500ML   12",8.49,5,5,0,0,26-APR-026,GIDEON,58
A806,"CHEVALIER PREMIUM BRANDY 700ML 6",409.99,4,9,-5,-2049.95,26-APR-026,GILBERT,167
135285,"DOVE BAR SOAP BEAUTY BAR  90G  48",16.99,61,84,-23,-390.77,26-APR-026,EMMANUEL,99
154740,"VILEDA BROOM 2IN1 OUTDOOR GARDEN 169337",159,4,4,0,0,26-APR-026,NYARKO,172
151368,"PILLOW MEMORY BEDNBATH 70X40CM",229,10,10,0,0,26-APR-026,"JOSEPH PATRICK",174
165626,"BEDSHEET SET 3PCS GREEN FPANAMAQ3 L031909",199,1,1,0,0,26-APR-026,"KINGSLEY OP",195
181162,"COFFEE TABLE SET2 RD MARBLE TOP WHITE C64",1049,1,1,0,0,26-APR-026,FRANCIS,"ZONE 367"
190650,"EDUCATIONAL DESK WLIGHTMUSIC",219,1,1,0,0,26-APR-026,REGINA,260
08026,"OMO AUTO WASH  2KG  9",172.99,7,35,-28,-4843.72,26-APR-026,GEORGE,113
122736,"UNIMAX TRIO DC BALLPEN BLACK 10MM FBTDCBK35",3.99,39,141,-102,-406.98,26-APR-026,AKUSHIKA,166
133381,"PARLE SIMPLY GOOD CRACKER ORIGINAL 449G  48",2.29,22,34,-12,-27.48,26-APR-026,QUARSHIE,137
150634,"MAKE UP SET LX0387083",119,2,2,0,0,26-APR-026,ROBIN,264
162941,"CURTAIN JACQUARD 54X90 RED J232",109,6,3,3,327,26-APR-026,MAJEED,200
175532,"DOWN ALTENATIVE PILLOW 50X75CM",329,8,8,0,0,26-APR-026,"JOSEPH PATRICK",176
168133,"MATTRESS PROTECT WP PJERSEY 200X200CM 117015P200",179,6,6,0,0,26-APR-026,AKAYIRI,191
179164,"CHECKERS BOARD GAME 185X145CM",75,5,5,0,0,26-APR-026,ROBIN,264
187932,"VASE GLASS 13X30",45.9,3,3,0,0,26-APR-026,REGINA,259
182521,"LOCKED MEGA DUSTBIN GREY WWHEEL 120L UP112LW002",349,1,1,0,0,26-APR-026,VICTORIA,282
48454,"GINO TOMATO PASTE  MIX SACHET 200G  24",10.99,72,82,-10,-109.9,26-APR-026,JONATHAN,131
C0173,"SWING BIN 10LTR 24CMX18CMX40CM",34.9,58,57,1,34.9,26-APR-026,VICTORIA,282
06509,"MEANNAN GROUNDED PEPPER 200G 12",32.99,14,15,-1,-32.99,26-APR-026,BARBARA,127
122731,"UNIMAX TRIO BALLPEN BLUE 10MM FBTIOBL55",3.99,35,51,-16,-63.84,26-APR-026,AKUSHIKA,166
148464,"BATHROOM SET 5PCS CERAMIC LUXURY YWU",99,3,3,0,0,26-APR-026,ODAI,229
149905,"TOLSEN GCLAMP 3 10112",46.9,2,2,0,0,26-APR-026,BOFFOUR,148
161151,"FILLED CUSHION JAQUARD 45X45CMTAUPE DC236",179,5,17,-12,-2148,26-APR-026,JUDE,181
160813,"WINDOW SHADE BLACKOUT ROLLER 45180X100CM",179,2,2,0,0,26-APR-026,PRINCE,240
186673,"LUNCH BOX RECTANGLE 1200ML PLASTIC RJK YH333",44.9,1,13,-12,-538.8,26-APR-026,"NANA KOJO",252
187020,"RAINBOW CONTAINER 5PCS SET PLASTIC CF75130 YWU",59,13,13,0,0,26-APR-026,SOMUAH,276
92162,"SEARA FULL CHICKEN GRILLER 13KG  10",69.99,40,62,-22,-1539.78,26-APR-026,"ELVIS ",76
96074,"NASCO CHEST FREEZER SD 200L NAS250FL",3149,1,2,-1,-3149,26-APR-026,AMADU,149
104867,"PRIMA BLEACH 1L  15",28.99,14,14,0,0,26-APR-026,GEORGE,112
167763,"COOKWARE 8PCS SET 2MM STEEL HROLAND HR13110 RJK",499,1,2,-1,-499,26-APR-026,"WILFRED OSEI",288
168060,"FILLED CUSHION P VELVET 45X45CMGREEN DC248",129,12,12,0,0,26-APR-026,JUSTICE,186
184366,"DEEP COLANDER WSIDE HANDLE 28CM SS 60910234",39.9,36,36,0,0,26-APR-026,AMA,311
69471,"SAMSUNG WASHING MACHINE TT 12KG WT12J4200",8299,1,1,0,0,26-APR-026,AMADU,151
96650,"LED BULB 40W B22 ORI",32.9,18,18,0,0,26-APR-026,BOFFOUR,148
95679,"SEPTOL ANTISEPTIC DISINFECTANT 750ML  12",58.99,1,1,0,0,26-APR-026,AKORFA,29
102952,"FRES LIQUID SOAP FRUITS  350ML  24",17.99,12,13,-1,-17.99,26-APR-026,EMMANUEL,98
113935,"WRITE AND WIPE ACTIVITY BOOK SERIES",24.9,11,11,0,0,26-APR-026,ELLA,20
145282,"DOVE BODY WASH GLOWING  500ML  20",70.99,11,11,0,0,26-APR-026,EVELYN,102
178465,"BATH SPONGE NYLON YWU",24.9,8,8,0,0,26-APR-026,"NANA ADJEI",219
193438,"CREATE A FACE STICKER FUN BOOKSCREATE 22X28CM",49.99,1,8,-7,-349.93,26-APR-026,ATITOGO,16
70195,"YAZZ BABY WIPES 80PCS   12",21.99,17,18,-1,-21.99,26-APR-026,"BRIGHT NKANSAH",34
S737,"PEAK LOW FAT UHT MILK1L 12",30.99,21,21,0,0,26-APR-026,DORIS,71
104375,"DESTELLO FLOOR CLEANER FLORAL 1500ML  12",29.99,14,14,0,0,26-APR-026,"BENEDICT ABBEY",24
104623,"SERVING TRAY 17INCHES MELAMINE TY0063 YWU",29.9,25,25,0,0,26-APR-026,ESTHER,308
122993,"BINATONE STEAM IRON 2200W SI 2225",439,3,3,0,0,26-APR-026,GLADYS,158
130530,"VACUUM FLASK 3200ML PLASTIC 8876",89,1,1,0,0,26-APR-026,WISE,295
145810,"BELPAK COMFORT T ROLL 10 ROLLS     6",38.99,1,11,-10,-389.9,26-APR-026,MAHAMA,92
162113,"ULTRA SOFT TOILET TISSUE 10S  7",29.99,4,4,0,0,26-APR-026,MAHAMA,91
158515,"FESTIVAL FROM CUVEE 0 MUSCATEL WINE DRINK 750ML 6",50.99,4,4,0,0,26-APR-026,CHARITY,42
182228,"NASCO FRIDGE DD 280L NASF228FL",4789,1,2,-1,-4789,26-APR-026,AMADU,150
183516,"WATER BOTTLE QUENCH 700ML PHYB1008",59,10,9,1,59,26-APR-026,WISE,295
192945,"BALL INFLATION SET 10PC 22CM HCL S9255",30.99,1,32,-31,-960.69,26-APR-026,AKUSHIKA,166
192318,"MOP BUCKET WWHEELS AND MOP W2 REFILS 8L T130029",409,1,5,-4,-1636,26-APR-026,NYARKO,172
166350,"CHATEAUX SANGRIA FORTE TETRA PACK 330ML 24",9.99,24,1,23,229.77,26-APR-026,CHARLES,50
161579,"DZIRE CEILING FAN 56 WHITE CF 56 WHOB",379,3,3,0,0,26-APR-026,BOFFOUR,148
168968,"TCL AC SPLIT 15HP INVERTER TAC12CSAXA73I",6199,1,2,-1,-6199,26-APR-026,AMADU,WH
179734,"AKAI RICE COOKER 28L 900W CK024A28LS",549,1,7,-6,-3294,26-APR-026,HAYFORD,157
177703,"PENCIL CASE KIDS PENCIL DESIGN",33.9,2,3,-1,-33.9,26-APR-026,GLADYS,159
185191,"AKAI STANDING FAN 18 EF126A1839S",599,1,2,-1,-599,26-APR-026,BOFFOUR,148
192859,"CURTAIN JQ PINK 54X90 PL 228",119,6,6,0,0,26-APR-026,"PRINCE AGYEI",245
CL337,"DRUM WITH LID AND TAP 70LTR 50CMX63CM",149,3,2,1,149,26-APR-026,VICTORIA,283
93459,"DRY FLOWER 155M 5PCS",99,13,13,0,0,26-APR-026,NYARKO,170
110777,"SUNNY BROWN SUGAR BOTTLE 18KG 6",81.99,11,12,-1,-81.99,26-APR-026,"EMMANUEL HANSON","85 TO 89"
148387,"CLOTHES DRYER IRON 135831 RJK",299,4,4,0,0,26-APR-026,NYARKO,173
184487,"LAUNDRY BASKET WLID PLASTIC HL0061CC",34.9,3,3,0,0,26-APR-026,VICTORIA,283
95083,"MENTOS GUM PURE FRESH WINTERGREEN 8DX6BTLX35PCS 48",71.99,39,39,0,0,26-APR-026,AKUSHIKA,166
144275,"AIRPRO TOILET BLOCK CLEANER BLUE 4IN1  144",39.99,12,48,-36,-1439.64,26-APR-026,AKORFA,30
157649,"DUSTBIN QUATRO GREY SWING 28L 36X29X49CM PP61007",129,8,8,0,0,26-APR-026,"PAUL OWUSU",233
S906,"JACK DANIELS WHISKY 1L  12",589.99,2,14,-12,-7079.88,26-APR-026,GILBERT,167
147321,"CURTAIN WGROMMET GREY 54X90 02PA6642B",99,12,12,0,0,26-APR-026,JUSTICE,185
162845,"CURTAIN JACQUARD 54X90 CHARCOAL S1262",139,12,16,-4,-556,26-APR-026,JUSTICE,185
158147,"AKAI GARMENT STEAMER 2000W GS001A188WT",499,1,2,-1,-499,26-APR-026,AMADU,WH
176155,"S4 COMFORTER SET KG 200X260CM KCS41",579,4,4,0,0,26-APR-026,AKAYIRI,193
188622,"BRUHM AC SPLIT 15HP R410 BAS12RC1W",4049,2,2,0,0,26-APR-026,AMADU,WH
26028,"UMBRELLA FOLDABLE SUN",69,18,18,0,0,26-APR-026,SARAH,269
88261,"LA SALUD FLOOR CLEANER LAVANDA 15L  10",25.99,3,3,0,0,26-APR-026,"BENEDICT ABBEY",25
N040,"PURE HEAVEN TROPICAL JUICE TETRAPAK 1L  8",35.99,14,14,0,0,26-APR-026,DORA,65
X539,"VEGA CONDENSED MILK 1KG  24",39.99,16,34,-18,-719.82,26-APR-026,"EMMANUEL HANSON",85
135856,"FABER CASTELL ART CANVAS BOARD 14X18 891418 FC",59,12,12,0,0,26-APR-026,"ARTHUR JONADAB",11
158380,"CURTAIN AMELIA GROMT GREY 54X9002PA6865D",149,2,2,0,0,26-APR-026,"PRINCE AGYEI",245
26948,"VOLTPLUS AVR 1KVA W110V ASSIST OUTPUT AVR6012",529,4,5,-1,-529,26-APR-026,HAYFORD,157
69059,"AMERICAN COLA CAN 330ML  24",8.99,1,150,-149,-1339.51,26-APR-026,GILBERT,162
07020,"YAZZ SANITARY PAD HEAVY FLOW PINK 24",17.99,41,43,-2,-35.98,26-APR-026,ELEMAWUSI,39
115944,"TOUCH BABY SOFTENER 2L  6",42.99,1,2,-1,-42.99,26-APR-026,AKORFA,32
110741,"SANITA  CLUB TRASH BAGS  30 GALLONSX20   10",39.99,18,18,0,0,26-APR-026,ELEMAWUSI,38
121316,"VARTA BATTERY LONGLIFE POWER D BLISTER 2",104,1,4,-3,-312,26-APR-026,"ARTHUR JONADAB",10
133199,"NEAT BLEACH 1L  12",19.29,12,23,-11,-212.19,26-APR-026,GEORGE,112
156275,"MOLINERA  SUGARFREE APPLE JUICE 1L  12",31.49,10,10,0,0,26-APR-026,DORA,66
149972,"DZIRE MUSICAL BOOK STAND DZ511",159,1,6,-5,-795,26-APR-026,HAYFORD,157
163460,"PHILIPS LED BULB 9W B22 3000K 929002308213",23,3,3,0,0,26-APR-026,BOFFOUR,148
179717,"RNS COLOURED PENCIL WATERSOLUBLE 24C 130176",119,10,10,0,0,26-APR-026,ATITOGO,15
185434,"BATHMAT PUFF MF 50X80CM BELLE BROWN 01MA0616B",79,3,3,0,0,26-APR-026,PHILEMON,238
73092,"CAR HOLDER MIX COLOR",25,2,2,0,0,26-APR-026,BOFFOUR,148
02830,"UNIVERSAL NOTEBOOKLAPTOP ADAPTER D66",205,1,1,0,0,26-APR-026,BOFFOUR,148
100401,"KAREES NATURAL BROWN SUGAR BOTTLE 18K 6",67.99,6,6,0,0,26-APR-026,"EMMANUEL HANSON","85 TO 89"
167931,"FILLED CUSHION CHENILLE 45X45CM 7COLOUR",79,6,8,-2,-158,26-APR-026,JUDE,180
168906,"BABY TOILET SEAT BTS016",89,2,1,1,89,26-APR-026,"NANA ADJEI",219
184106,"TCL WATER DISPENSER WFRIDGE 3TAP TYLWYR109W",2839,1,1,0,0,26-APR-026,AMADU,147
193291,"KIDS AMBULANCE TOY CAR OPP HCL",69.99,9,9,0,0,26-APR-026,ROBIN,264
31691,"AKAI INSECT KILLER 1X6W IK0011X6WIK004",189,4,10,-6,-1134,26-APR-026,HAYFORD,154
74491,"EVA RAINCOAT C1030",27.9,72,81,-9,-251.1,26-APR-026,QUEENCILLA,257
55686,"FLORA TOILET ROLL 1X24   2",95.99,3,3,0,0,26-APR-026,MAHAMA,93
65358,"MULIK CHOCOLATE MILK DRINK 500ML 18",34.99,6,6,0,0,26-APR-026,DORIS,72
104648,"PAPILION ORIENT WET TOWELS 120 SHEETS WITH CAP 18",25.99,2,3,-1,-25.99,26-APR-026,"BRIGHT NKANSAH",34
135953,"BADIA ADOBO WITH PEPPER 1063G  12",44.99,13,13,0,0,26-APR-026,BARBARA,127
155377,"SERVING TRAY MELAMINE 15 INCHES ZHN A30415",17.9,40,41,-1,-17.9,26-APR-026,ESTHER,308
165577,"BEDSHEET SET 4PC 235X275CM 145GSM COZYKBEDDING4",299,7,11,-4,-1196,26-APR-026,"KINGSLEY OP",196
178704,"CURTAIN EMB GROMET BURGU 52X90 02PA7142D",139,12,12,0,0,26-APR-026,MAJEED,201
194675,"CRYSTAL TROPHY B 4DESIGNS HCL O51036",269,1,1,0,0,26-APR-026,REGINA,259
69962,"ULTAMAX HAIR MOISTURIZER 9 SECRETS HERBS 200ML  30",65.99,20,21,-1,-65.99,26-APR-026,"ANANE KOJO",5
57869,"CUSSONS MORNING FRESH DWASH ORIGINAL  450ML  18",26.99,14,14,0,0,26-APR-026,"BRIGHT NKANSAH",36
104692,"BLING PERFUMED DISINFECTANT 1L  12",19.99,8,8,0,0,26-APR-026,"BENEDICT ABBEY",25
165129,"BELPAK SUPER KITCHEN TOWEL  6",34.99,6,14,-8,-279.92,26-APR-026,MAHAMA,91
165471,"DOMS SKETCH FINE WATER COLOUR PEN 12SHADE 80150",8.9,6,6,0,0,26-APR-026,"BENEDICT ABBEY",26
159305,"LAMINATION POUCH FILM 125MIC 100SHEETS 216X303MM",109,2,2,0,0,26-APR-026,ATITOGO,16
166907,"FOOD STORAGE 3PCS SET 2807501450ML PLASTIC 99123",89,1,1,0,0,26-APR-026,SOMUAH,274
23129,"ENA PA SARDINES IN VEGETABLE OIL 125G 50",11.99,84,159,-75,-899.25,26-APR-026,"GIDEON GBLOGAH",122
128926,"PAPER PUNCH NOPERFO30 170752ELP",79,10,19,-9,-711,26-APR-026,ATITOGO,15
138921,"GEISHA ROSE  HONEY SOAP 250G  36",18.99,31,33,-2,-37.98,26-APR-026,EMMANUEL,99
94667,"FEKKO SPRAY STRACH 550ML  12",54.99,12,11,1,54.99,26-APR-026,AKORFA,31
90784,"DR MIGHTY  WC TOILET POWER BLOCKS BLUEB 4 IN 1  48",29.99,37,39,-2,-59.98,26-APR-026,AKORFA,30
104205,"DUSTBIN 25LT SLIM PEDAL M1054",149,2,2,0,0,26-APR-026,PHILEMON,238
161989,"SOAP BOX PLASTIC L00505",9.9,4,3,1,9.9,26-APR-026,ODAI,228
67499,"SHINE TOILET ROLL ULTRA SOFT 2PLY  8 ROLLS  7",39.99,3,11,-8,-319.92,26-APR-026,MAHAMA,92
109986,"SEARA CHICKEN SPICY SAUSAGE 340G 24",22.99,37,151,-114,-2620.86,26-APR-026,ELVIS,76
148533,"ARTIFICIAL PLANT 115CM",469,1,2,-1,-469,26-APR-026,NYARKO,171
168777,"CURTAIN P JAQUARD 54X84 BEIGE HKM12",139,2,6,-4,-556,26-APR-026,"PRINCE AGYEI",245
198222,"DISPENSER BOTTLE 400ML GLASS YWU",29.9,16,15,1,29.9,26-APR-026,ODAI,229
83236,"FORTUNE CHAKKI FRESH ATTA 5KG X 4",114.99,4,4,0,0,26-APR-026,ELEMAWUSI,41
CL720,"BOWL WITH LID 24CMX10CM",9.9,12,11,1,9.9,26-APR-026,SYLVIA,280
94289,"BIKILA BITTERS 35ALC 70CL  12",74.49,16,16,0,0,26-APR-026,"CHARLES A",52
110109,"HORNBILL PURE  COCONUT OIL 1L 12",112.99,17,18,-1,-112.99,26-APR-026,"GIDEON GBLOGAH",122
115952,"SANITA CLUB 2KITCHEN TOWELS  10",24.99,4,4,0,0,26-APR-026,MAHAMA,92
129608,"OPENER BOURBON DESIGN YWU",9.9,2,12,-10,-99,26-APR-026,NYARKO,170
193294,"BRUHM GAS COOKER 4B 50X60 GRI ROTMT SS BGC5640SS",2599,1,1,0,0,26-APR-026,AMADU,147
191340,"TCL CHEST FREEZER SD 200L F257CFSL",3599,1,2,-1,-3599,26-APR-026,AMADU,148
188862,"BATHMAT 50X80CM BM244 RED CP",59,7,7,0,0,26-APR-026,"PAUL OWUSU",232
57732,"NEON CHOCOLATE VODKA 750ML  12",79.99,12,12,0,0,26-APR-026,CHARLES,50
65529,"TAMPICO CITRUS PUNCH 300ML 12",6.49,76,125,-49,-318.01,26-APR-026,SOLOMON,63
E233,"PHILIPS DRY IRON 1000W HD1172 1X8 E",329,13,13,0,0,26-APR-026,GLADYS,158
99916,"WINDOW SHADE YE3 200X200 SILVER",599,2,2,0,0,26-APR-026,PRINCE,240
91311,"GALAXY BROWN SUGAR CUBE BOTTLE 700G 12",35.99,19,31,-12,-431.88,26-APR-026,"EMMANUEL HANSON",85
119336,"KERRYGOLD WHITE CHEDDAR 200G  12",59.99,12,11,1,59.99,26-APR-026,APPIAH,80
115549,"FLOWER WPOTBULB UMBRELLA DESIGN BLACK TA168845",69,1,1,0,0,26-APR-026,REGINA,259
148799,"HAPPY BIRTHDAY BANNER MIX 2COLOR",15,11,10,1,15,26-APR-026,SARAH,270
156829,"CUSHION 5DESIGN 400G 45X45CM",119,1,1,0,0,26-APR-026,JUSTICE,186
161908,"COLLAPSIBLE DUSTBIN GREY 6000ML PLASTIC L008692",49.9,3,3,0,0,26-APR-026,"NANA KOJO",251
169976,"LIDO ZONE BLEACH 1L  12",14.99,17,30,-13,-194.87,26-APR-026,GEORGE,112
33263,"DUCK TOILET CLEANER  DEEP ACTION CITRUS 750ML 8",59.99,1,1,0,0,26-APR-026,EMMANUEL,95
82711,"BRUT DEO SPRAY SPORT STYLE 200ML  6",39.99,2,2,0,0,26-APR-026,"ANANE KOJO",5
65115,"EXERCISE BOOK NOTE 3 96PAGES HARDCOVER",20.99,8,8,0,0,26-APR-026,ELLA,",21"
102951,"FRES LIQUID SOAP COCOA  350ML  24",17.99,19,18,1,17.99,26-APR-026,EMMANUEL,98
15211,"MILO SOFT PACK 400G 12",49.99,48,49,-1,-49.99,26-APR-026,ESINAM,145
164147,"WATER BOTTLE PC 1000ML PLASTIC 161646113",39.9,7,7,0,0,26-APR-026,WISE,296
169966,"NASCO CHEST FREEZER SD 288L NAS400FL",6029,1,1,0,0,26-APR-026,AMADU,148
185190,"AKAI STANDING FAN 16 EF125A1631S",425,2,3,-1,-425,26-APR-026,BOFFOUR,148
190083,"LAMP SOLAR LAWN ENERGY",159,18,21,-3,-477,26-APR-026,AMADU,WH
26352,"SAIRO MELON HAND WASH 500ML 12",28.99,11,11,0,0,26-APR-026,EMMANUEL,98
26948,"VOLTPLUS AVR 1KVA W110V ASSIST OUTPUT AVR6012",529,1,5,-4,-2116,26-APR-026,GILBERT,162
127499,"CUSHION RITZ 18X18 INCHES",69,9,22,-13,-897,26-APR-026,JUDE,184
139331,"BINATONE STANDING FAN 18 A1810",1009,1,2,-1,-1009,26-APR-026,BOFFOUR,148
13204,"KONKORD IODIZED SALT 1000G 25",8.89,179,236,-57,-506.73,26-APR-026,DORIS,73
18379,"BO  16 CREAM RELAXER REGULAR 150G   6",15.49,22,24,-2,-30.98,26-APR-026,"ANANE KOJO",6
40315,"BARCODE STICKER A4SHEET OWN USE",79,17,17,0,0,26-APR-026,ATITOGO,16
08274,"NAN 3 OPTIPRO 400G 12",139.99,23,23,0,0,26-APR-026,FRANKLIN,141
125513,"DE CECCO FETTUCCINE PASTA 500G 8",62.99,7,7,0,0,26-APR-026,CLAUDIA,115
178647,"COMFORTER SET 7PCS KING BEIGE 230GSM 03CO0466",899,1,1,0,0,26-APR-026,JUDE,184
198006,"NASCO FRIDGE DD 107L NASF215SK",2399,1,1,0,0,26-APR-026,AMADU,150
111614,"LION DADDY CAFE RHUM WITH MONO CARTON 750ML 12",71.99,9,9,0,0,26-APR-026,"CHARLES A",51
127424,"MIDEA CHEST FREEZER SD 140L MDRC207SLF31",3639,1,1,0,0,26-APR-026,AMADU,149
121950,"BLANKET POPCORN 200X220CM ASTD",229,9,14,-5,-1145,26-APR-026,"KINGSLEY OP",196
134327,"FRESHDAYS LONG 72 X 6",69.99,8,8,0,0,26-APR-026,ELEMAWUSI,38
147136,"OBA SUNFLOWER OIL 850ML X 12",39.99,71,72,-1,-39.99,26-APR-026,"GERALD SACK ",118
147137,"PLATINUM SUNFLOWER OIL 3L X 6",124.99,18,53,-35,-4374.65,26-APR-026,"GERALD SACK ",118
142207,"FOUR SPECIAL CHOCOLATE FLAV RED WINE 750ML 6",56.99,8,18,-10,-569.9,26-APR-026,CHARLES,48
157177,"TOILET BRUSH WHOLDER ROUND PLASTIC YWU",16.9,3,3,0,0,26-APR-026,"NANA ADJEI",219
174360,"DOVE SHEA BUTTER VANILLA MOISTURE CREAM 450ML  12",62.99,11,9,2,125.98,26-APR-026,EVELYN,102
177954,"COPY COLOURING BOOK SERIES TRANSTOYS 16PG 22X28CM",8.9,31,22,9,80.1,26-APR-026,ELLA,21
185688,"8PCS COMFORTER SET KING PRINTED ASS 03CO0472",549,1,1,0,0,26-APR-026,AKAYIRI,191
182941,"FRYING PAN 26CM FALU ZHNBLY 8521 26",229,4,5,-1,-229,26-APR-026,HERBERT,316
190555,"NOTICE BOARD 90X120 A12FLDB9012060",849,1,2,-1,-849,26-APR-026,FRANCIS,"ZONE 367"
198229,"DESKTOP BIN 2 LITRES WITH LEGS PLASTIC YIWU",32.9,35,35,0,0,26-APR-026,"NANA KOJO",252
122211,"MAXIM GLASS CLEANER 450ML 25",17.99,3,3,0,0,26-APR-026,"BENEDICT ABBEY",25
121312,"VARTA BATTERY LONGLIFE POWER AA BLISTER 4",56,10,75,-65,-3640,26-APR-026,AKUSHIKA,166
153557,"KIDS BOUNCER WSOUND JUMPOLIN 101501C82",1049,1,8,-7,-7343,26-APR-026,NYARKO,172
169168,"DON SIMON APPLE GRAPE JUICE 500ML 12",24.99,16,18,-2,-49.98,26-APR-026,DORA,65
168830,"PHILIPS LED BULB 5W B22 3000K 929002307613",19,11,11,0,0,26-APR-026,BOFFOUR,148
190558,"BLACK BOARD ASTAND 52X50X82CM CB5250",579,1,2,-1,-579,26-APR-026,FRANCIS,"ZONE 367"
70477,"BINATONE STANDING FAN 20 TS2020TS2020MK2",1489,1,1,0,0,26-APR-026,BOFFOUR,148
98479,"AMALFI HAND SOAP PINA COLADA  500ML  12",25.99,16,16,0,0,26-APR-026,EMMANUEL,98
91354,"SEARA CHICKEN DRUMSTICKS TRAY 900G 12",69.99,12,13,-1,-69.99,26-APR-026,ELVIS,75
09467,"BADIA GARLIC POWDER 8505G  8",44.99,4,5,-1,-44.99,26-APR-026,BARBARA,127
101317,"DZIRE CHEST FREEZER SD 152L CFSW155C",4499,1,1,0,0,26-APR-026,AMADU,148
104907,"PLATINUM VEGETABLE PALM OIL 900ML  12",44.99,57,57,0,0,26-APR-026,"GERALD SACK ",120
105077,"VITAMILK STRAWBERRY 300ML 24",16.99,3,17,-14,-237.86,26-APR-026,GILBERT,162
146119,"SPORTS BOTTLE STAMINA 720ML PLASTIC 161513001",29.9,17,18,-1,-29.9,26-APR-026,WILLIAM,292
151036,"BIGOO APPLE DRINK 350ML 20",3.09,56,125,-69,-213.21,26-APR-026,SOLOMON,61
150304,"CURTAIN W8 GROMENTS YELLOW 54X90 BP032",159,1,1,0,0,26-APR-026,MAJEED,201
161148,"FILLED CUSHION JAQUARD 45X45CMPINK DC236",179,8,8,0,0,26-APR-026,JUDE,181
172968,"ARIEL HIGH STUD SPRING 1KG  12",56.99,1,3,-2,-113.98,26-APR-026,GEORGE,113
179185,"REFLECTIVE TAPE 5CMX5M  ASSTD COL YW",23.9,8,8,0,0,26-APR-026,BOFFOUR,148
17856,"GECKO RIDGE CHARDONNAY 2024 WINE 750ML 6",76.99,2,2,0,0,26-APR-026,CHARLES,49
189110,"GLOBE MAGNETIC LEVITATING WLIGHT EB3",499,1,2,-1,-499,26-APR-026,GLADYS,161
161175,"FILLED CUSHION JAQUARD 45X45CMTBLUE DC233233",89,4,12,-8,-712,26-APR-026,"MICHAEL BOYE",210
172767,"FOLDING CABINET 4PACK PP WHITE 55LT EH34704",1549,1,3,-2,-3098,26-APR-026,"PRINCE AGYEI",245
192878,"MELAMINE TRAY 20INCH 5020",34.9,9,10,-1,-34.9,26-APR-026,ESTHER,309
195737,"ELLE HOME SOAP DISPENSER SET 2PCS EB202406193",44.9,18,11,7,314.3,26-APR-026,"PAUL OWUSU",230
23696,"MR MUSCLEGLADE ALL PURPOSE  HARMONY 1000ML 12",54.99,0,11,-11,-604.89,26-APR-026,EMMANUEL,94
80959,"CUP WSTRAW AND DOME LID 500ML KIDS PLASTIC YWU",24.9,42,45,-3,-74.7,26-APR-026,WILLIAM,292
71539,"TOLSEN CLAW HAMMER FIBERGLASS HANDLE 16OZ 25030",69,4,4,0,0,26-APR-026,BOFFOUR,148
N011,"LACTASOY CHOCOLATE SOYA MILK 125ML 60",7.49,82,82,0,0,26-APR-026,DORIS,72
07015,"YAZZ WASHING POWDER 2KG 6",70.99,0,31,-31,-2200.69,26-APR-026,EMMANUEL,94
125866,"POPIZZ SPARKLING RED GRAPE 750ML  6",49.99,31,205,-174,-8698.26,26-APR-026,CHARITY,44
134208,"CEBON SWEETENED CONDENSED FILLED MILK 1KG  24",36.99,4,24,-20,-739.8,26-APR-026,APPIAH,83
132350,"PRAN ALOE VERA DRINK ORIGINAL 500ML 24",14.99,36,35,1,14.99,26-APR-026,SOLOMON,63
152104,"RECEIPT BOOK CARBONLESS ABB",15.9,17,16,1,15.9,26-APR-026,ATITOGO,15
162928,"CURTAIN JACQUARD 54X90 YELLOW",169,1,1,0,0,26-APR-026,"KINGSLEY OP",194
178519,"VACUUM MUG WSTRAW 900ML SSTEEL STAN TYPE YWU",89,5,5,0,0,26-APR-026,WILLIAM,292
193463,"SOLO DESK ORGANIZER DL102",42.99,2,2,0,0,26-APR-026,"ARTHUR JONADAB",11
48388,"5 STAR ENERGY DRINK 350ML  12",4.59,68,104,-36,-165.24,26-APR-026,GIDEON,57
22008,"AKAI GAS STOVE 2B GC010A8202",369,1,8,-7,-2583,26-APR-026,GLADYS,160
85566,"WHITE HILLS RESERVE WHISKY 428 750ML  12",79.99,11,11,0,0,26-APR-026,"CHARLES A",51
88925,"AKAI CEILING FAN 56 EF085AC5662WG",449,3,3,0,0,26-APR-026,BOFFOUR,148
125877,"SOAP DISPENSER WSINK TIDY SET PLASTIC 3865",9.9,5,5,0,0,26-APR-026,ODAI,225
135954,"BADIA ORGANIC CAYENNE PEPPER 496G 12",74.99,17,24,-7,-524.93,26-APR-026,BARBARA,127
130213,"PHILIPS LED BULB SSW 7570W E27 CDL 929001906727",59,1,1,0,0,26-APR-026,BOFFOUR,148
149079,"NASCO FRIDGE DD 138L NASF226SK",4639,1,2,-1,-4639,26-APR-026,AMADU,150
162392,"CAN FANTA COCKTAIL  330ML 24",10.49,43,220,-177,-1856.73,26-APR-026,GIDEON,56
162784,"CURTAIN JACQUARD 54X90 GREEN S1222",139,12,12,0,0,26-APR-026,JUSTICE,185
167713,"SOAP BOX 2PCS SET PLASTIC SN5002 YWU",14.9,13,13,0,0,26-APR-026,ODAI,228
182517,"CONTAINER 3PCS SET 900ML RECT CLEAR  PP66000",49.9,12,12,0,0,26-APR-026,SOMUAH,274
192719,"GIFT WRAPPING PAPER 5X120CM",6.99,11,12,-1,-6.99,26-APR-026,REGINA,260
190710,"WESTINGHOUSE FRY PAN 26CM WCFP206526",129,12,12,0,0,26-APR-026,HERBERT,315
188869,"BATHMAT 50X80CM BM278 SILVER CP",59,1,2,-1,-59,26-APR-026,"PAUL OWUSU",231
190992,"3PCS BEDSHEET SET KG PR 240X270CM  ASTD",149,3,23,-20,-2980,26-APR-026,"KINGSLEY OP",196
198494,"BATH GLOVE POLYESTER YWU",9.9,43,115,-72,-712.8,26-APR-026,"NANA ADJEI ",223
195694,"BASKET STITCH WLID PLASTIC 2400ML HL0180CCL",14.9,19,19,0,0,26-APR-026,SYLVIA,279
69470,"CADBURY HOT CHOCO DRINK 3IN1 450G  8",44.99,5,5,0,0,26-APR-026,ESINAM,144
X950,"CERES ORANGE JUICE 1L 12",44.99,2,26,-24,-1079.76,26-APR-026,GIDEON,59
90646,"BINATONE STEAM IRON 2400W SI 2410",565,10,10,0,0,26-APR-026,GLADYS,158
08818,"WC NET INTENSE GEL  OCEAN FRESH   750ML  12",53.99,11,11,0,0,26-APR-026,EMMANUEL,96
110747,"SANITA CLUB TRASH BAGS 10GALLONSX30   16",50.99,26,25,1,50.99,26-APR-026,ELEMAWUSI,39
128852,"BRUHM AC SPLIT 15HP R410 BAS12RCEW",5499,1,2,-1,-5499,26-APR-026,AMADU,WH
153336,"EXERCISSE BOOK NOTE 1 BOND 40L WMELCOM COVER",4.9,17,17,0,0,26-APR-026,ATITOGO,15
168989,"PLATINUM THAI JASMINE RICE 5KG 5",149.99,56,59,-3,-449.97,26-APR-026,DORIS,73
178208,"PARTY CUP  PLATE 30PCS SET  ASSTD COL YW",49,43,86,-43,-2107,26-APR-026,HERBERT,169
205569,"SIGMA LED TV 43 SATELLITE STVK43V6",2699,8,9,-1,-2699,26-APR-026,AMADU,WH
55311,"RIGHT GUARD APERSP DEO SPRAY CLEAN 250ML 6",38.99,10,6,4,155.96,26-APR-026,"ANANE KOJO",5
X457,"CHOCOLIM 800GM  12",79.99,22,18,4,319.96,26-APR-026,ESINAM,144
CL152,"BUCKET WITH LID 25LTR 38CMX39CM",52.9,5,5,0,0,26-APR-026,VICTORIA,283
CL673,"JUMBO BOX WFLIP LID TRANSPARENT 18LTR 43X29X21CM",59,13,14,-1,-59,26-APR-026,"WILFRED OSEI",286
101444,"WHITE BLUE PREMIUM WHISKY WITH CANISTER 750ML 12",96.99,16,16,0,0,26-APR-026,"CHARLES A",51
108103,"CURTAIN 52X84 BLACKOUT W8GROMMET 36",129,6,6,0,0,26-APR-026,"PRINCE AGYEI",245
169501,"CUSHION EMBROIDERY 380G FILLING 45X45CM EHAMK007",149,6,12,-6,-894,26-APR-026,"MICHAEL BOYE",211
166920,"BASKET 363X363X41 PLASTIC 4212",99,10,10,0,0,26-APR-026,SYLVIA,279
168913,"KIDS FISHING GAME KIDS OTE0664389",36.9,10,10,0,0,26-APR-026,ROBIN,264
40610,"NOVA STRAWBERRY DISHWASHING LIQUID 5KG  4",115.99,4,3,1,115.99,26-APR-026,GEORGE,111
97129,"KLEANZ HAND SANITIZER 300ML  4",28.99,18,18,0,0,26-APR-026,"ANANE KOJO",5
100031,"NANAS RICE LONG GRAIN RICE 5 BROKENNESS 45KG 5",140.99,7,7,0,0,26-APR-026,ELEMAWUSI,41
104962,"ROMAR WASHING GEL COLOR CLOTHE 3L  4",136.99,2,1,1,136.99,26-APR-026,GEORGE,110
109270,"MARILAN MARIE FINGER CLASSIC BISCUITS 170G  42",10.19,33,33,0,0,26-APR-026,RICHMOND,134
125282,"DZIRE TV BRACKET WTILT 2650 TB2650TP1102",89,8,8,0,0,26-APR-026,HAYFORD,155
123839,"BLANKET JAQUARD VELVET 150X200CM ASTD",199,2,14,-12,-2388,26-APR-026,AKAYIRI,192
138922,"GEISHA ALOE VERA  HONEY V1 180G  36",15.49,22,75,-53,-820.97,26-APR-026,EMMANUEL,99
139194,"DIGITAL WATCH KIDS PAW PATROL PW16694",56.9,4,12,-8,-455.2,26-APR-026,"ARTHUR JONADAB",11
146985,"VARTA BATTERY LONGLIFE AA BLISTER 4",55,23,36,-13,-715,26-APR-026,"ARTHUR JONADAB",10
153847,"COLOURING AND FUN CUTE TODDLERS",85,12,12,0,0,26-APR-026,ELLA,19
151277,"ATMOSPHERE LIGHT",109,7,9,-2,-218,26-APR-026,AMADU,WH
160799,"WINDOW SHADE BLACKOUT ROLLER 45WHITE80X100CM",179,3,3,0,0,26-APR-026,PRINCE,240
160838,"WINDOW SHADE BLACKOUT ROLLER 452200X200CM",459,4,4,0,0,26-APR-026,PRINCE,240
181612,"TAMASHI FRIDGE DD 128L DARK SILVER NRX155S",2899,1,2,-1,-2899,26-APR-026,AMADU,150
187307,"CURTAIN ROD ANTIQ COPP 2BRAKET 120210CM A03210AC",129,7,7,0,0,26-APR-026,PRINCE,241
187686,"CUSHION POLYESTER 43X43CM 7COLOR MIX",69,8,23,-15,-1035,26-APR-026,"MICHAEL BOYE",210
202569,"FROSTED WAVE DEEP PLATE 9 SB09",9.9,52,84,-32,-316.8,26-APR-026,"ABIGAIL YEVUGAH",301
87966,"AKAI TOASTER 2 SLICE 700W TO024A1101",229,2,4,-2,-458,26-APR-026,HAYFORD,153
120385,"BELPAK TABLE NAPKIN 1X15 PKTS  15",7.29,6,40,-34,-247.86,26-APR-026,MAHAMA,90
163076,"CURTAIN JACQUARD 54X90 MINT DR2405",199,2,6,-4,-796,26-APR-026,"PRINCE AGYEI",245
172642,"COFRUTOS SUGARFREE MANGO JUICE 1L  12",31.99,5,17,-12,-383.88,26-APR-026,DORA,66
192764,"CURTAIN PR RED 54X90 PL 2508Y",99,12,12,0,0,26-APR-026,MAJEED,200
190993,"3PCS BEDSHEET SET QN SL 230X230CM  WHITE",149,12,12,0,0,26-APR-026,"KINGSLEY OP",196
198394,"ENA PA MACKEREL IN TOMATO SAUCE 100G  50",6.49,11,12,-1,-6.49,26-APR-026,ABIGAIL,124
75826,"DOVE PINK BEAUTY CREAM BAR 135G  48",21.99,28,32,-4,-87.96,26-APR-026,EMMANUEL,99
65544,"SHINE BAKING PAPER 50MX 30CM  6",78.99,8,9,-1,-78.99,26-APR-026,ELEMAWUSI,40
CL727,"CONTAINER KEEP FRESH ROUND 2100 ML 20CMX85CM",9.9,23,94,-71,-702.9,26-APR-026,SOMUAH,276
CL574,"CONTAINER FANCY 2PCS SET 1500ML2500 ML",19.9,9,11,-2,-39.8,26-APR-026,SOMUAH,275
98499,"AMALFI SHOWER GEL OLIVE 750ML  16",29.99,8,8,0,0,26-APR-026,EVELYN,102
102205,"BEAUTY FORMULAS FACIAL WIPES CUCUMBER 30S  12",20.49,10,10,0,0,26-APR-026,"BRIGHT NKANSAH",35
113983,"BELSODA CAN DRINK 330ML 24",8.49,30,30,0,0,26-APR-026,GIDEON,56
114230,"AKAI WINE COOLER 85L 34BOTTLES WR006A85L",7289,1,1,0,0,26-APR-026,AMADU,150
124706,"AYIKOO NAPKIN 100PCS   15",6.49,6,6,0,0,26-APR-026,MAHAMA,91
186938,"LANUDRY BASKET PERFORATED 92L PLASTIC YF0025 YWU",79,15,15,0,0,26-APR-026,VICTORIA,283
185188,"AKAI STANDING FAN 16 EF123A1619S",445,1,1,0,0,26-APR-026,BOFFOUR,148
200249,"DORITOS CHEESE SUPREME CHIPS 70G  24",19.99,12,12,0,0,26-APR-026,CHARLES,46
CL758,"CRISPER CONTAINER RND 1250ML 14CMX12CM",6.9,19,20,-1,-6.9,26-APR-026,QUEENCILLA,255
92415,"WATER BOTTLE 400ML PLASTIC YWU",16.9,22,22,0,0,26-APR-026,WILLIAM,292
101017,"CURTAIN POLYESTER 52X84 WHANGER ZGB097",199,5,17,-12,-2388,26-APR-026,"PRINCE AGYEI",245
153109,"SERVING TRAY MELAMINE 17 INCHES ZHN 8059175",24.9,0,5,-5,-124.5,26-APR-026,ESTHER,306
179732,"AKAI RICE COOKER 15L 500W CK022A15LS",399,1,2,-1,-399,26-APR-026,GLADYS,158
184365,"DEEP COLANDER WSIDE HANDLE 24CM SS 60910232 57015",29.9,36,36,0,0,26-APR-026,AMA,311
CL672,"BASKET WITH HANDLES FIESTA 50CMX38CMX22CM",39.9,12,12,0,0,26-APR-026,SOMUAH,273
163071,"CURTAIN JACQUARD 54X90MINT DR2404",199,9,9,0,0,26-APR-026,ADDO,205
166896,"SCISSORS SKILLS ACTIVITY BOOK",29.9,1,1,0,0,26-APR-026,ELLA,20
179794,"DESKTOP SWING BIN 1500ML PLASTIC 3067",22.9,3,3,0,0,26-APR-026,"NANA KOJO",250
01596,"STATIONERY ITEMS ST064",19,2,2,0,0,26-APR-026,REGINA,260
133201,"SHINE ECO TROLL 10PCS  1",34.99,1,1,0,0,26-APR-026,MAHAMA,92
160430,"PHILIPS STEAM IRON 1800W HV DST102036",549,9,9,0,0,26-APR-026,GLADYS,158
167245,"TWISCO ENERGY FOOD DRINK SACHET 20G  250",2.19,4,22,-18,-39.42,26-APR-026,ESINAM,144
179086,"BUILDING BLOCK 300G",29,36,36,0,0,26-APR-026,SARAH,269
18721,"EVERPACK JUMBO TOILET ROLL 12",27.99,4,16,-12,-335.88,26-APR-026,EMMANUEL,94
D794,"TASTY TOM TOMATO PASTE SACHET 60G 50",3.29,50,133,-83,-273.07,26-APR-026,JONATHAN,131
110880,"FRUTAIL GUAVA NECTAR JUICE 1L  12",34.99,23,23,0,0,26-APR-026,SOLOMON,64
148018,"HAND PAINTING 60X90",229,6,6,0,0,26-APR-026,NYARKO,172
149580,"DOVE BAR SOAP  COCONUT 4PK  12",67.99,6,6,0,0,26-APR-026,EMMANUEL,99
150681,"DZIRE STANDING FAN 18 WREMOTE SF18R1693",889,1,1,0,0,26-APR-026,BOFFOUR,148
161509,"CURTAIN FOILED 54X90 PURPLE",129,8,8,0,0,26-APR-026,MAJEED,200
59220,"JOHNNIE WALKER BLACK LABEL 750ML  12",559.99,4,14,-10,-5599.9,26-APR-026,GILBERT,162
CL709,"TAKE AWAY CONTAINER 750ML 192CMX13CMX55CM",3.5,22,24,-2,-7,26-APR-026,SYLVIA,279
119818,"POPOUT SERIES W3D MODELS COLORINGSTICKERS",18.9,77,77,0,0,26-APR-026,ELLA,19
187969,"JOJONAVI RED GRAPE FRUIT CAN JUICE DRINK 330ML 24",13.49,11,15,-4,-53.96,26-APR-026,GIDEON,56
191336,"TCL FRIDGE DD 117L F152TMS",3199,1,1,0,0,26-APR-026,AMADU,150
198223,"SOAP DISPENSER 380ML GLASS YWU",29.9,23,23,0,0,26-APR-026,ODAI,228
37638,"DEVA POWER BLEACH  2L   8",44.99,14,14,0,0,26-APR-026,GEORGE,112
78515,"NASCO CHEST FREEZER SD 290L NAS360NAS360SK",5699,1,1,0,0,26-APR-026,AMADU,149
98585,"FANICE CHOCOLATE  ICE CREAM 250ML  12",13.99,1,1,0,0,26-APR-026,ELVIS,77
118158,"BIN BUCKET WHANDLE 16LTR PLASTIC 02041000",49.9,11,11,0,0,26-APR-026,"NANA KOJO",251
137100,"BF BRIGHTENING VITC FACIAL SERUM  30ML  12",40.99,4,5,-1,-40.99,26-APR-026,"ANANE KOJO",5
140776,"ACTIVITY BOOK SERIES LEARN EVERYDAY 46X30X15CM",38.99,21,21,0,0,26-APR-026,GLADYS,159
166503,"FACE TOWEL 30X30CM TAUPE ZTC650WTTP",14.9,22,23,-1,-14.9,26-APR-026,"MICHAEL BOYE",211
162392,"CAN FANTA COCKTAIL  330ML 24",10.49,168,220,-52,-545.48,26-APR-026,CHARLES,48
167704,"SPORTS BOTTLE 800ML PLASTIC YY577 YWU",69,7,7,0,0,26-APR-026,WISE,295
167708,"SPORTS BOTTLE 700ML YY531 YWU",34.9,6,6,0,0,26-APR-026,WISE,296
192333,"DUSTPAN WLONG HANDLE WBROOM SET PLASTIC C130024",89,1,1,0,0,26-APR-026,VICTORIA,282
32103,"EVERPACK ALUMINIUM FOIL 25FT  24",16.99,42,18,24,407.76,26-APR-026,ELEMAWUSI,40
06966,"KASAPREKO BRANDY 750ML 12",36.49,12,23,-11,-401.39,26-APR-026,"CHARLES A",52
106700,"NASCO POPCORN MAKER 1200W PC1005ACB",169,1,2,-1,-169,26-APR-026,HAYFORD,153
109878,"NUMBER WRITING BOOK 1100",24.99,6,6,0,0,26-APR-026,ELLA,19
129194,"CAR DIE CAST 6PCS SET 865141",65,14,14,0,0,26-APR-026,ROBIN,264
134157,"KNOWLEDGE ENCYCLOPEDIA HUMAN BODY 8",30.9,30,26,4,123.6,26-APR-026,ELLA,20
164595,"WATER BOTTLE SPORTS 650ML 46910",45.9,8,8,0,0,26-APR-026,WILLIAM,292
164616,"BATHROOM RACK 2 TIER HANGING METAL ORSA 929",99,1,1,0,0,26-APR-026,"MORGAN ONGOH",217
182404,"FRYING PAN 26CM PALU  ZHNBLY 57726",129,10,10,0,0,26-APR-026,AMA,313
202597,"PLATE 105 B160105",14.9,123,61,62,923.8,26-APR-026,ESTHER,308
89619,"CURTAIN JACQUARD 02PA2100",169,12,16,-4,-676,26-APR-026,JUSTICE,185
94080,"DZIRE GAS STOVE 2B GLASS TGGP2BG26",465,1,6,-5,-2325,26-APR-026,GLADYS,160
03337,"RINGS 19MM Q19SGK CURTAIN ROD",1.9,27,27,0,0,26-APR-026,ADDO,206
06576,"BRAIN BOOSTER ACTIVITIES 610 EB0492",23.9,5,5,0,0,26-APR-026,ELLA,19
134077,"VARTA LITHIUM BATTERY CR2430 BLISTER 1",62,9,9,0,0,26-APR-026,AKUSHIKA,166
148783,"BIRTHDAY CANDLE 12PCS 1",9.9,3,1,2,19.8,26-APR-026,REGINA,260
14812,"DEVA DISWASHING LIQUID LIME 700ML 24 10405",25.99,21,22,-1,-25.99,26-APR-026,"BRIGHT NKANSAH",36
166734,"HANDWRITING BOOK",14.99,4,4,0,0,26-APR-026,ELLA,19
169976,"LIDO ZONE BLEACH 1L  12",14.99,12,30,-18,-269.82,26-APR-026,EMMANUEL,96
192968,"CHOPPING BOARD SSTEEL ZHN C111",89,11,11,0,0,26-APR-026,HAYFORD,320
X955,"CERES MANGO FRUIT JUICE 1L 12",44.99,19,31,-12,-539.88,26-APR-026,GIDEON,59
103770,"GIVERS LIQUID DETERGENT 750ML  20",17.49,10,10,0,0,26-APR-026,"BRIGHT NKANSAH",36
110194,"SERVING TRAY MELAMINE 20 INCHES ZHN A318205",39.9,11,11,0,0,26-APR-026,ESTHER,308
123837,"BLANKET TEDDY BEAR 150X200CM ASTD",189,9,9,0,0,26-APR-026,AKAYIRI,193
121318,"VARTA BATTERY HIGH ENERGY C BLISTER 2",75,4,11,-7,-525,26-APR-026,"ARTHUR JONADAB",11
148532,"ARTIFICIAL PLANT 90CM",679,2,3,-1,-679,26-APR-026,NYARKO,170
154168,"B  FORMULAS FACIAL  AVOCADO SKINWIPES 25S 12",20.49,12,12,0,0,26-APR-026,"BRIGHT NKANSAH",35
149050,"SANKOFA PLANTAIN CHIP SWEET CHILI  JOLLOF 140G  10",41.99,10,10,0,0,26-APR-026,JONATHAN,131
150415,"CURTAIN W8 GROMENT GREY 54X90 BLK5",109,8,8,0,0,26-APR-026,MAJEED,200
162834,"CURTAIN JACQUARD 54X90 BLACK S1301",139,6,11,-5,-695,26-APR-026,MAJEED,200
160464,"FRY PAN 20CM FALU ZHNBLY 852120",149,7,7,0,0,26-APR-026,HERBERT,316
168225,"BEDSHEET SET KG MICRO PEACH 3PC 90GSM 03BT0940PK",99,16,16,0,0,26-APR-026,"KINGSLEY OP",196
179080,"PP ROPE 10M 10PCS OPP YW",7.9,3,3,0,0,26-APR-026,ODAI,225
81503,"DOLAIT APRICOT YOGHURT 125G 10",9.99,8,8,0,0,26-APR-026,GILBERT,167
X585,"CAN FANTA ORANGE 330ML 24",9.49,1,57,-56,-531.44,26-APR-026,GILBERT,162
117722,"VISTA SHORT HAND NOTE BOOK",6.99,5,5,0,0,26-APR-026,ATITOGO,15
115802,"DZIRE GAS STOVE 2B GLASS TGGP2BBW2201",449,1,2,-1,-449,26-APR-026,HERBERT,169
14825,"DEVA SOFTENER SENSITIVE 1L  12",43.49,10,9,1,43.49,26-APR-026,AKORFA,31
153476,"PEN STAND  ELEGANT SAYA SYPS03",19,5,5,0,0,26-APR-026,ATITOGO,15
161905,"COFFEE CUP WLID 450ML PLASTIC L00751",11.9,9,9,0,0,26-APR-026,WILLIAM,291
172704,"SAIRO HAND SOAP VANILLA 500ML  12",28.99,8,8,0,0,26-APR-026,EMMANUEL,98
168224,"BEDSHEET SET QN MICRO PEACH 3PC 90GSM 03BT0939PQ",89,15,15,0,0,26-APR-026,"KINGSLEY OP",196
168939,"FRY PAN 28CM  25MM PNK PALU BAROLY 155328 RJK",99,19,19,0,0,26-APR-026,"WILFRED OSEI",288
176435,"KIDS PRESS AGONO YOYO TOY",7.9,73,54,19,150.1,26-APR-026,REGINA,560
179300,"SCREWDRIVER 8PCS SET",49,11,11,0,0,26-APR-026,BOFFOUR,148
188855,"BATHMAT 50X80CM BM102 PINK CP",59,12,12,0,0,26-APR-026,"PAUL OWUSU",231
202596,"PLATE 125 B160125",18.9,11,11,0,0,26-APR-026,"ABIGAIL YEVUGAH",302
90634,"CURTAIN ROD EXTANDABLE SIZE 210300 11032300DG",95,2,2,0,0,26-APR-026,PRINCE,241
104802,"SAMSUNG AC SPLIT 2HP R410 AR18TCRHAGAWKGA",11149,1,1,0,0,26-APR-026,AMADU,150
154169,"B  FORMULAS FACIALWIPES  MICELLAR FACE 25S 12",20.49,11,11,0,0,26-APR-026,"BRIGHT NKANSAH",35
182127,"PLATINUM SUNFLOWER OIL 15L 8",79.99,181,230,-49,-3919.51,26-APR-026,"GERALD SACK ",119
198228,"DUSTBIN SQ 10 LITRES WITH LEGS PLASTIC YWU",99,13,14,-1,-99,26-APR-026,"NANA KOJO",251
61527,"BETA MALT DRINK  PET BOTTLE 330ML 12",9.99,1,65,-64,-639.36,26-APR-026,GILBERT,162
99289,"BALLANTINES FINEST BLENDED SCOTCH WHISKY 750ML  12",354.99,4,14,-10,-3549.9,26-APR-026,GILBERT,167
117098,"KENWOOD MICROWAVEOVEN 25L GRILLDGT BLK MWM25000BK",2989,1,1,0,0,26-APR-026,GLADYS,158
148397,"CUP WSTRAW AND DOME LID RAINBOW DESIGN KIDS YWU",59,0,10,-10,-590,26-APR-026,WILLIAM,291
155219,"MSTA WATER COLOUR PAD MASTER SERIES A3 218799",59,3,3,0,0,26-APR-026,ELLA,20
187701,"HUMIDIFI CANDOR 400ML",169,2,2,0,0,26-APR-026,GLADYS,161
198738,"SOAP DISPENSER WPUMP GLASS YWU",59,47,48,-1,-59,26-APR-026,ODAI,228
60512,"OBA CLASSIC SPAGHETTI 400G  20",9.99,39,36,3,29.97,26-APR-026,CLAUDIA,115
92163,"SEARA CHICKEN SAUSAGE  340G  24",19.99,287,393,-106,-2118.94,26-APR-026,"ELVIS ",76
100981,"CURTAIN POLYESTER 54X84  WHANGER DRTH336",169,3,16,-13,-2197,26-APR-026,AKAYIRI,193
156958,"BATH MAT YELLOW 50X80CM BM549",49.9,3,3,0,0,26-APR-026,PHILEMON,238
149582,"DOVE BAR SOAP GO FRESH CUCUMBER 4PK  12",67.99,8,8,0,0,26-APR-026,EMMANUEL,99
190726,"HOOK 7PCS SET METAL UTILITY YWU",8.9,160,219,-59,-525.1,26-APR-026,"NANA ADJEI",219
44417,"DINNER PLATE MELAMINE 10 INCHES ZHN G3300610",19.9,50,8,42,835.8,26-APR-026,"ABIGAIL YEVUGAH",301
119647,"MUTLU SPIRALLI 400G  20",12.99,12,8,4,51.96,26-APR-026,CLAUDIA,116
128969,"BASKET WHANDLE 26X18X18 PLASTIC 538 YWU",29.9,13,13,0,0,26-APR-026,SOMUAH,273
134465,"ENERGIZER FLASHLIGHT 3AAA METAL MLHH32",89,7,7,0,0,26-APR-026,"ARTHUR JONADAB",11
134080,"VARTA ALKALINE BATTERY V27A BLISTER 1",42,1,3,-2,-84,26-APR-026,AKUSHIKA,166
162825,"CURTAIN JACQUARD 54X90 GREEN S1301",139,12,12,0,0,26-APR-026,JUSTICE,185
158127,"STORAGE BOX WHANDLE CLEAR 6L 24X23X18CM PP63400",89,2,2,0,0,26-APR-026,QUEENCILLA,255
181175,"KIDS PLAYMAT 10CM 18X10M",49,2,13,-11,-539,26-APR-026,NYARKO,172
177630,"DAPHNIS ELBOWS 40250GM  40",4.99,28,30,-2,-9.98,26-APR-026,CLAUDIA,116
44387,"AKAI GAS STOVE 2B GC018A8201",349,1,6,-5,-1745,26-APR-026,GLADYS,160
76396,"BINATONE STANDING FAN 16 SFITAL1660",1169,1,1,0,0,26-APR-026,BOFFOUR,148
90603,"CURTAIN ROD SINGLE 120 TO 210 11032210AB",119,2,2,0,0,26-APR-026,PRINCE,241
108236,"DARLING CELLARS CLASSIC SWEET ROSE WINE 750ML  6",99.99,8,8,0,0,26-APR-026,CHARLES,49
133932,"PROFA TOM BROWN CERAEL MIX 800G  24",49.99,15,15,0,0,26-APR-026,FRANKLIN,140
130993,"PHILIPS LED BULB 14W B22 3000K 929002308668",31,13,49,-36,-1116,26-APR-026,BOFFOUR,148
190545,"BULLETIN BOARD 90X150CM A01FB90150S",359,1,2,-1,-359,26-APR-026,FRANCIS,"ZONE 367"
50387,"CLE FABRIC SOFTENER 500ML  12",13.49,19,19,0,0,26-APR-026,AKORFA,31
100246,"BEDSHEET SET QUEENSIZE 125GSM 3PCS QBS76",159,10,26,-16,-2544,26-APR-026,"KINGSLEY OP",196
115578,"HP CONNECTOR CABLE 5IN1 MORANDI BLUE DHCCT203",839,3,3,0,0,26-APR-026,BOFFOUR,148
130088,"DORITOS CHEESE SUPREME 145G  20",28.99,4,23,-19,-550.81,26-APR-026,JONATHAN,131
168226,"BEDSHEET SET MICRO PEACH 2PCS 90GSM 03BT0795S",69,12,15,-3,-207,26-APR-026,"KINGSLEY OP",195
178110,"CURTAIN TIE BACK 2PCS SET 6COLOR MIX",47.9,14,12,2,95.8,26-APR-026,ADDO,206
189402,"KENWOOD WATER DISPENSER WFRIDGE GLASS WDG10000BK",2649,1,2,-1,-2649,26-APR-026,AMADU,149
189501,"3PCS COMFORTER SET TWIN 66X86 MF ASST 03CO0475",229,4,1,3,687,26-APR-026,JUDE,181
188874,"BATHMAT 50X80CM BM279 PINK CP",59,10,10,0,0,26-APR-026,"PAUL OWUSU",232
X498,"MCVITIES SHORTBREAD 100G 24",24.99,3,17,-14,-349.86,26-APR-026,SOLOMON,64
CL616,"BASKET WITH LID FLORA 31CMX17CM",14.9,8,32,-24,-357.6,26-APR-026,SYLVIA,280
92228,"PANACHE 1 BEER 25CL  20",13.99,40,77,-37,-517.63,26-APR-026,GIDEON,56
163069,"CURTAIN JACQUARD 54X90 GREY DR2404",199,1,1,0,0,26-APR-026,"KINGSLEY OP",194
162778,"CURTAIN JACQUARD 54X90 BLUE 318",229,2,2,0,0,26-APR-026,"PRINCE AGYEI",245
196274,"SAMSUNG LED TV 32 SAT SMART UA32H5000",3989,1,3,-2,-7978,26-APR-026,HAYFORD,156
60862,"SHINE NAPKINS ECO 100PCS  15",5.79,10,10,0,0,26-APR-026,MAHAMA,90
97696,"LA SALUD BATHROOM CLEANER 15L  8",40.99,8,8,0,0,26-APR-026,"BENEDICT ABBEY",25
121332,"VARTA BATTERY LITHIUM CR1620 BLISTER 1",41,11,10,1,41,26-APR-026,AKUSHIKA,166
120383,"BELPAK MAX PAPER KITCHEN TOWEL 1 X6 ROLLS  6",42.49,3,9,-6,-254.94,26-APR-026,MAHAMA,91
154721,"VILEDA SPONGE 21 GLTZI CRYSTAL 111266",24.9,19,19,0,0,26-APR-026,"WILFRED OSEI",289
149044,"SANKOFA PLANTAIN CHIPS LIGHTLY SALTED 140G  10",41.99,9,9,0,0,26-APR-026,JONATHAN,131
150458,"CURTAIN W8 GROMENT 54X90 SILVER BLK49",119,36,12,24,2856,26-APR-026,ADDO,205
168790,"CURTAIN P JAQUARD 54X84 NAVY BLUE XGLL13",169,5,5,0,0,26-APR-026,AKAYIRI,190
195000,"MORNING FRESH LEMON 675ML 6",32.99,3,4,-1,-32.99,26-APR-026,"BRIGHT NKANSAH",36
96221,"DANO MILK  UHT SKIMMED  03 FAT 1L 12",31.99,7,7,0,0,26-APR-026,DORIS,71
101019,"CURTAIN POLYESTER 52X84 WHANGER ZGB101",159,8,8,0,0,26-APR-026,MAJEED,200
10759,"KELLOGGS FROSTIES 414G  10",69.99,16,26,-10,-699.9,26-APR-026,DORIS,70
160043,"SPORTS BOTTLE 750CC PLASTIC 161670010",29.9,13,13,0,0,26-APR-026,WISE,296
159304,"DOCUMENT BAG A5",6.9,4,4,0,0,26-APR-026,ATITOGO,15
169312,"CURTAIN YARN DYED GROMET BROW EHAYD078BR",179,9,9,0,0,26-APR-026,MAJEED,201
196679,"CERES PINEAPPLE 500ML 10",23.99,9,11,-2,-47.98,26-APR-026,GIDEON,59
128852,"BRUHM AC SPLIT 15HP R410 BAS12RCEW",5499,1,2,-1,-5499,26-APR-026,GILBERT,162
133207,"NEAT FABRIC SOFTENER 2L  6",66.49,9,10,-1,-66.49,26-APR-026,AKORFA,31
164794,"AKAI HAIR DRYER 900W HD007A3535",139,3,5,-2,-278,26-APR-026,HAYFORD,155
161588,"DZIRE CEILING FAN 24 WHITE CF 24 WHOB",349,1,1,0,0,26-APR-026,BOFFOUR,148
190095,"TABLE LAMP 220V",109,10,14,-4,-436,26-APR-026,AMADU,WH
188868,"BATHMAT 50X80CM BM278 PINK CP",59,11,11,0,0,26-APR-026,"PAUL OWUSU",232
165619,"BEDSHEET SET 3PCS NAVY FPANAMAK3 B061597",219,2,2,0,0,26-APR-026,"KINGSLEY OP",195
168764,"CURTAIN P JAQUARD 54X84 BLUE 25TH10",189,1,1,0,0,26-APR-026,"KINGSLEY OP",194
185326,"BATHMAT BLACK 50X80CM MP 1600GSM TR2875",109,1,1,0,0,26-APR-026,"PAUL OWUSU",231
190082,"LAMP PORTABLE MULTIFUNCTION",159,13,15,-2,-318,26-APR-026,AMADU,WH
189418,"KERRYGOLD MATURE CHEDDAR 200G  12",64.99,28,30,-2,-129.98,26-APR-026,APPIAH,80
42938,"KOTEX MAXI SANITARY PAD NORMAL18",81.99,6,6,0,0,26-APR-026,ELEMAWUSI,38
85351,"HIGHBURY CLASSIC WHISKY 750ML 6",149.99,11,17,-6,-899.94,26-APR-026,"CHARLES A",52
CL763,"CRISPER CONTAINER 4PCS SET 2000 3750 6000 9000ML",79,4,3,1,79,26-APR-026,QUEENCILLA,255
03058,"TOLSEN CLOTH DUCT TAPE 50281",34.9,11,11,0,0,26-APR-026,BOFFOUR,148
08007,"BB COCKTAIL DE FRUITS  330ML 24",13.49,2,154,-152,-2050.48,26-APR-026,GILBERT,162
102252,"BODYCOLOGY MIST PINK VANILLA WISH 236ML 12",78.49,10,10,0,0,26-APR-026,"ANANE KOJO",5
105042,"LORENZ MONSTER MUNCH ORIGINAL 75G 25",26.99,21,21,0,0,26-APR-026,JONATHAN,131
124696,"CAREX MEDICATED SOAP COCOA BUTTER 175G   24",24.49,5,5,0,0,26-APR-026,EMMANUEL,99
163065,"CURTAIN JACQUARD 54X90 BLUE DR2403",199,8,8,0,0,26-APR-026,ADDO,205
172950,"ARIEL HIGH STUD SPRING 500G  24",39.99,15,17,-2,-79.98,26-APR-026,GEORGE,113
167055,"SHOE BOX PLASTIC 56572",169,5,11,-6,-1014,26-APR-026,PHILEMON,239
49201,"DEVA SOFTENER FLORAL 25L  6",111.99,3,3,0,0,26-APR-026,AKORFA,32
100986,"CURTAIN POLYESTER 52X84 WHANGER DRTH159",159,12,13,-1,-159,26-APR-026,MAJEED,200
200251,"DORITOS SWEET CHILLI PEPPER CHIPS 70G  24",19.99,7,7,0,0,26-APR-026,JONATHAN,131
99480,"MOUNTING TAPE DOUBLE SIDE 2PCS 5MX18CM",9.99,33,33,0,0,26-APR-026,ATITOGO,16
93759,"DZIRE STEAM IRON 1600W SI250A",189,10,10,0,0,26-APR-026,GLADYS,158
106816,"SHINE GARBAGE BAGS 220L  5   12",37.49,33,68,-35,-1312.15,26-APR-026,ELEMAWUSI,38
164795,"AKAI HAIR DRYER 20002400W HD008A9629",279,14,17,-3,-837,26-APR-026,AMADU,WH
167211,"MIDEA MICROWAVE 20L BLACK MM7P012MZB",1249,1,1,0,0,26-APR-026,GLADYS,158
162677,"DINNER PLATE MELAMINE 10 INCHES FEILU 102101",12.9,87,87,0,0,26-APR-026,"ABIGAIL YEVUGAH",301
200821,"FRYING PAN 22CM FALU ZHNBAROLY 262522",99,14,14,0,0,26-APR-026,GLADYS,159
88262,"LA SALUD  FLOOR CLEANER PINE 15L  10",25.99,7,7,0,0,26-APR-026,"BENEDICT ABBEY",25
65457,"JACOB CREAM CRACKER 300G 12",49.99,10,11,-1,-49.99,26-APR-026,JONATHAN,131
103888,"BLING MULTIPURPOSE LIQUID CLEANER LEMON 5L  4",79.99,3,7,-4,-319.96,26-APR-026,GEORGE,111
123434,"BOX STACKING NOVALINE 410X255X200MM 03010303",59,2,2,0,0,26-APR-026,SOMUAH,273
131321,"STORM ENERGY DRINK 350ML 12",6.79,27,30,-3,-20.37,26-APR-026,GIDEON,57
146175,"TUMBLER WLIDSTRAW PLAIN 660ML PLASTIC 161747170",24.9,2,2,0,0,26-APR-026,WILLIAM,291
179795,"DESKTOP SWING BIN STUDENT 1500ML PLASTIC 3063",29.9,4,4,0,0,26-APR-026,"NANA KOJO",250
65155,"LORENZ CRUNCHIPS CHEESONION 100GMS 12",22.99,5,7,-2,-45.98,26-APR-026,JONATHAN,131
99909,"WINDOW SHADE YE3 200X200 BEIGE",599,2,2,0,0,26-APR-026,PRINCE,240
04114,"SPARLETTA SODA 350ML 12",5.69,1,26,-25,-142.25,26-APR-026,GILBERT,162
104374,"DESTELLO FLOOR CLEANER LEMON 1500ML  12",29.99,22,22,0,0,26-APR-026,"BENEDICT ABBEY",24
118242,"MON BIJOU SOFTENER CONCENTRATE CLASSIC 500ML  12",29.99,5,6,-1,-29.99,26-APR-026,AKORFA,31
150635,"HAIR DYING WTATTOO SET LX0475767",44.9,20,13,7,314.3,26-APR-026,ROBIN,264
164667,"AKAI STEAM IRON 18002200W CORDLESS EI053A622S",499,2,2,0,0,26-APR-026,GLADYS,158
158094,"STORAGE BOX WLOCK CLEAR 9L 36X23X16CM PP64700",89,7,7,0,0,26-APR-026,SYLVIA,279
168973,"SUNNY GOLD BROWN SUGAR CUBES 350G  24",19.99,11,11,0,0,26-APR-026,"EMMANUEL HANSON","85 TO 89"
186696,"RAINBOW CONTAINER 5PCS SET RECT PLASTIC RJK 20185",34.9,13,13,0,0,26-APR-026,SOMUAH,274
184310,"SERVING TRAY RECT 300X220MM PLASTIC UR3444",39.9,17,17,0,0,26-APR-026,ESTHER,308
188871,"BATHMAT 50X80CM BM278 GREEN CP",59,10,10,0,0,26-APR-026,"PAUL OWUSU",232
198433,"WATER BOTTLE 800ML PLASTIC FROSTED Y607 YWU",59,8,9,-1,-59,26-APR-026,WISE,295
N826,"BAVARIA SMALT APPLE DRINK  250ML 24",12.99,24,24,0,0,26-APR-026,CHARLES,48
08813,"WC NET INTENSE GEL LAVENDER FRESH 750ML  12",52.99,10,11,-1,-52.99,26-APR-026,EMMANUEL,96
10759,"KELLOGGS FROSTIES 414G  10",69.99,10,26,-16,-1119.84,26-APR-026,DORIS,73
127319,"STANDING LAMP WHITE 16M E27",999,1,1,0,0,26-APR-026,GLADYS,161
156422,"SERVING TRAY MELAMINE 15 INCHES ZHN A00415",27.9,17,17,0,0,26-APR-026,ESTHER,308
148731,"BATHROOM SET 3PCS  MOSAIC YWU",49.9,3,3,0,0,26-APR-026,"PAUL OWUSU",230
170021,"FRY PAN 24CM FALU ZHNBLY 1808324",129,7,11,-4,-516,26-APR-026,GLADYS,159
168104,"FILLED CUSHION P JAQUARD 45X45CMNAVY DC255",129,8,16,-8,-1032,26-APR-026,JUDE,181
184475,"CUP WLID 375ML PLASTIC HL0038CC180",2.9,1,1,0,0,26-APR-026,WILLIAM,291
192543,"FLAT FLOOR DUST MOP 90CM DRS08",349,11,13,-2,-698,26-APR-026,ODAI,226
190068,"FAN RECHARGABLE TRIPLE CIRCULATION",99,4,6,-2,-198,26-APR-026,AMADU,WH
200799,"FRYING PAN 20CM FALU ZHNBAROLY 2608G20",139,9,10,-1,-139,26-APR-026,HERBERT,316
46885,"DINNER PLATE MELAMINE 9 INCHES ZHN B0379",16.9,20,20,0,0,26-APR-026,"ABIGAIL YEVUGAH ",301
88232,"AKAI HOME THEATRE SYSTEM 21CH SS055AC641",1899,1,2,-1,-1899,26-APR-026,HAYFORD,157
70746,"OKF STANDARD ALOE ORIGINAL DRINK  500ML  20",20.99,12,13,-1,-20.99,26-APR-026,SOLOMON,63
N789,"JOHNNIE WALKER BLACK LABEL WHISKY 1L  12",649.99,5,29,-24,-15599.76,26-APR-026,GILBERT,162
90630,"CURTAIN ROD EXTANDABLE SIZE 110210CM 11062210DG",75,1,1,0,0,26-APR-026,PRINCE,241
133966,"STATIONERY SET CLAMSHELL 5PCS KL11497",32.9,10,10,0,0,26-APR-026,ELLA,20
161587,"DZIRE CEILING FAN 36 DARK BROWN CF 36 BHOB",349,1,1,0,0,26-APR-026,BOFFOUR,148
169073,"CARLOS BRANDY DE JEREZ SGRVA 700ML 6",674.99,1,8,-7,-4724.93,26-APR-026,GILBERT,167
168049,"FILLED CUSHION P VELVET 45X45CMBLUE DC246",149,11,16,-5,-745,26-APR-026,JUSTICE,187
23696,"MR MUSCLEGLADE ALL PURPOSE  HARMONY 1000ML 12",54.99,11,11,0,0,26-APR-026,"BENEDICT ABBEY",25
CL714,"SPICE CONTAINER 600ML 126CMX126CMX8CM",5.9,17,42,-25,-147.5,26-APR-026,SOMUAH,274
09478,"BADIA CURRY POWDER 567G  8",44.99,10,10,0,0,26-APR-026,BARBARA,127
140718,"FAIRY TALES UNCLE MOONS 46X30X15CMS",14.99,15,15,0,0,26-APR-026,ELLA,19
179073,"JIGSAW PUZZLE CARTOONS 4 IN 1 SET 3 YRS OPP YW",46.99,1,1,0,0,26-APR-026,ROBIN,264
20641,"FARAGELLO COCKTAIL NECTAR TETRA PACK 1L 12 BLUE",24.99,6,5,1,24.99,26-APR-026,DORA,66
100048,"DOVE BABY WIPES RICH MOISTURE 50S  12",29.99,16,16,0,0,26-APR-026,"BRIGHT NKANSAH",34
114769,"FANICE VANILLA  CHOCOLATE DOUBLE TREAT 2L 1",82.99,6,7,-1,-82.99,26-APR-026,ELVIS,77
129662,"PUZZLE BOOK CROSSWORD 3276CWBK14",17.9,1,1,0,0,26-APR-026,ELLA,20
155143,"FLORA VFOLD FACIAL TISSUE 21CM UNBRANDED 200  20",17.99,11,18,-7,-125.93,26-APR-026,MAHAMA,92
150381,"AKAI CHEST FREEZER SD 200L CF039AC200",3299,1,1,0,0,26-APR-026,AMADU,149
178458,"BATH SCRUBBER COTTON AND LINEN YWU",21.9,14,10,4,87.6,26-APR-026,"NANA ADJEI ",223
200294,"HH MACKEREL IN TOMATO SAUCE 155G 50",11.99,24,24,0,0,26-APR-026,ABIGAIL,124
26965,"ONGA TABLET  64TABS X 11G SHRIMP FLAVOR    24",42.99,41,42,-1,-42.99,26-APR-026,BARBARA,127
77927,"BIRTHDAY CANDLE MIX NO09",1.9,1,1,0,0,26-APR-026,REGINA,260
93442,"DRY FLOWER 14M 2PCS",85,25,25,0,0,26-APR-026,NYARKO,170
146224,"WINDOW SHADE YE3140X180 BEIGE",399,4,4,0,0,26-APR-026,PRINCE,240
59332,"DEVA LIQUID HAND SOAP CITRUS  5L  4",114.99,1,5,-4,-459.96,26-APR-026,GEORGE,111
03473,"ROMAR SOFTENER CONC MARSEILLE SOAP 2L  6",79.99,9,9,0,0,26-APR-026,AKORFA,32
159709,"MUNCHEE MILK SHORT CAKE BISCUITS 65G  48",4.19,48,58,-10,-41.9,26-APR-026,QUARSHIE,137
179978,"CURTAIN YD PL GROMT TAUPE 54X90 24EHM001",169,3,15,-12,-2028,26-APR-026,"PRINCE AGYEI",245
186110,"LACTASOY PLAIN SOYMILK 200ML 24",9.99,31,145,-114,-1138.86,26-APR-026,DORIS,72
187061,"CHILDREN DINNER SET 6PCS PLASTIC 8330",99,2,7,-5,-495,26-APR-026,"PRINCE AGYEI",246
192713,"GIFT WRAPPING PAPER 30X460MM",5.99,7,7,0,0,26-APR-026,REGINA,260
192328,"SPONGE  SCOURER 4PCS SET F130035",6.9,8,15,-7,-48.3,26-APR-026,"WILFRED OSEI",290
36051,"BARILLA PENNE RIGATE PASTA 500G  12",52.99,12,21,-9,-476.91,26-APR-026,CLAUDIA,115
85917,"YAZZ SANITARY PAD EXTRA LONG 9PADS   24",17.99,37,37,0,0,26-APR-026,ELEMAWUSI,39
88232,"AKAI HOME THEATRE SYSTEM 21CH SS055AC641",1899,1,2,-1,-1899,26-APR-026,AMADU,150
100739,"CLEANING DUSTER 90M POLYESTER SSTEEL YWU",39.9,31,31,0,0,26-APR-026,ODAI,225
119337,"KERRYGOLD RED CHEDDAR 200G  12",59.99,21,21,0,0,26-APR-026,APPIAH,80
149374,"NASCO FRIDGE DD 112L NASF213FL",2789,1,1,0,0,26-APR-026,AMADU,150
169469,"FORTUNE SPREAD FOR BREAD  10 12G    25",7.49,120,11,109,816.41,26-APR-026,"EMMANUEL HANSON",85
18457,"DEVA CLEANING CLOTH  20",32.99,9,11,-2,-65.98,26-APR-026,"WILFRED OSEI",290
CL584,"PEDAL BIN OVAL 11LTR 30CMX24CMX34CM",44.9,52,70,-18,-808.2,26-APR-026,SYLVIA,279
125253,"SHINE JUMBO TOILET ROLL 1PC WRAPPED 12",28.99,8,8,0,0,26-APR-026,EMMANUEL,94
133984,"WATER BOTTLE 500ML KL11484",45,11,11,0,0,26-APR-026,WILLIAM,292
147110,"LOREAL DEO MEN  FRESH EXTREME 250ML 6",79.99,3,3,0,0,26-APR-026,"ANANE KOJO",5
145288,"DOVE BODY WASH PAMPERING 500ML  20",70.99,29,30,-1,-70.99,26-APR-026,EVELYN,102
150450,"CURTAIN W8 GROMENT GREY 54X90 BLK12",109,2,14,-12,-1308,26-APR-026,ADDO,205
169502,"CUSHION EMBROIDERY 380G FILLING 45X45CM EHAMK008",149,1,12,-11,-1639,26-APR-026,JUSTICE,186
168938,"FRY PAN 26CM  25MM GRY PALU BAROLY 155326 RJK",99,7,7,0,0,26-APR-026,"WILFRED OSEI",288
185315,"BATHMAT NAVY 50X80CM MP 1600GSM TR2873",109,2,2,0,0,26-APR-026,"PAUL OWUSU",232
70101,"SUNLIGHT DISH WASHING LIQUID LEMON 400ML 24",27.99,16,16,0,0,26-APR-026,"BRIGHT NKANSAH",36
X141,"IMPERIAL LEATHER CLASSIC BAR  SOAP  200G 36",16.99,28,64,-36,-611.64,26-APR-026,EMMANUEL,99
00359,"EXETER CORNED BEEF 340G 24",54.99,8,15,-7,-384.93,26-APR-026,ABIGAIL,124
104372,"DESTELLO FLOOR CLEANER SPA 1500ML  12",29.99,15,15,0,0,26-APR-026,"BENEDICT ABBEY",24
135967,"BADIA ROSEMARY 1OZ  8",44.99,12,12,0,0,26-APR-026,BARBARA,127
141779,"JAGERMEISTER 40ML 96",35.49,2,50,-48,-1703.52,26-APR-026,GILBERT,167
145894,"MYDIBEL CLASSIC FRIES A  99 1KG 10",49.99,4,4,0,0,26-APR-026,APPIAH,80
149625,"WALL CLOCK 38X38X44CM ZX9467",129,2,7,-5,-645,26-APR-026,"ARTHUR JONADAB",10
61059,"PAPILION SINGLE JUMBO TOWEL 500G 200250SHEETS   6",52.99,7,8,-1,-52.99,26-APR-026,MAHAMA,91
90562,"UNOLI SUNFLOWER OIL 500ML 24",27.99,23,26,-3,-83.97,26-APR-026,"GERALD SACK ",120
121322,"VARTA BATTERY LITHIUM BLISTER 1 CR2032",30,15,16,-1,-30,26-APR-026,AKUSHIKA,166
146644,"FANICE AMERICAN VANILLA ICE CREAM 900ML 1",52.99,10,10,0,0,26-APR-026,ELVIS,77
167855,"BROOM PLASTIC WWOODEN HANDLE PC31524 RJK",14.9,22,21,1,14.9,26-APR-026,VICTORIA,284
180247,"BO16 STYLING GEL BLACK 150G  6",11.59,20,28,-8,-92.72,26-APR-026,"ANANE KOJO",6
78088,"CORNER SHELF 3LAYER METAL",89,6,8,-2,-178,26-APR-026,PHILEMON,238
91457,"DON SIMON  ORANGE JUICE DRINK 500ML 12",24.49,12,12,0,0,26-APR-026,DORA,65
132296,"BREF WC BLOCK POWERACTIVE OCEAN MONO  10",39.99,10,10,0,0,26-APR-026,AKORFA,30
13990,"LELE CORNED BEEF 198G 12",35.99,21,22,-1,-35.99,26-APR-026,ABIGAIL,124
169109,"NASCO MEAT GRINDER 800W NASMG6000GS",979,1,2,-1,-979,26-APR-026,HAYFORD,153
178685,"CURTAIN EMBO GROMT TAUPE 52X90 02PA7149C",99,12,12,0,0,26-APR-026,JUSTICE,185
205530,"NASCO LED TV 43 SAT SMART NASB43FBFLG",3499,3,4,-1,-3499,26-APR-026,AMADU,WH
124127,"SPONGE NAIL SAVER 5PCS SET 1909109",22.9,9,9,0,0,26-APR-026,"WILFRED OSEI",289
132293,"CONTAINER EASY FIT RECTANGLE 6PCS SET 51466",49.9,8,8,0,0,26-APR-026,SOMUAH,274
132062,"TOLSEN CENTRE CUTTING OFF WHEEL 2303X222MM 76147",18.9,4,4,0,0,26-APR-026,BOFFOUR,148
186160,"CARPET FELT BROWN 2X15M RMB01",189,14,14,0,0,26-APR-026,PRINCE,240
192206,"CHANDELIER WHITE WRING VB391",659,1,1,0,0,26-APR-026,GLADYS,158
48388,"5 STAR ENERGY DRINK 350ML  12",4.59,36,104,-68,-312.12,26-APR-026,GIDEON,58
35645,"PRAN FROOTO MANGO JUICE 500 ML 24",12.99,24,28,-4,-51.96,26-APR-026,SOLOMON,63
125259,"SAIRO FAMILY SHOWER  GEL OLIVE 750ML  12",29.99,10,23,-13,-389.87,26-APR-026,EVELYN,102
121016,"MIDEA WASHING MACHINE TT 7KG WHITE MT100W70WGH",2849,1,1,0,0,26-APR-026,AMADU,151
178592,"VACCUM MUG 1200ML SSTEEL STEN TYPE YWU",99,21,19,2,198,26-APR-026,WILLIAM,291
192740,"CURTAIN SHEER GREEN 54X90 PL Y2151",99,9,9,0,0,26-APR-026,"KINGSLEY OP",194
CL726,"LAUNDRY BASKET 27LTR 42CMX51CM",49.9,12,12,0,0,26-APR-026,VICTORIA,283
D166,"SUNNY BROWN SUGAR BOTTLE 800G 12",38.99,10,36,-26,-1013.74,26-APR-026,"EMMANUEL HANSON","85 TO 89"
95404,"FANTA ORANGE PET 300ML 12",6.49,2,72,-70,-454.3,26-APR-026,GILBERT,162
95731,"AMALFI  SHAMPOO ARGAN 750ML  16",32.99,11,14,-3,-98.97,26-APR-026,"ANANE KOJO",5
171348,"BLEPAK TOILET ROLL 32ROLLS  1",101.99,2,2,0,0,26-APR-026,MAHAMA,90
179736,"AKAI RICE COOKER DELUXE 28L 900W CK026A28LD",699,1,4,-3,-2097,26-APR-026,HAYFORD,157
179084,"PUZZLE ALPHA NUMERIC WOODEN PUZZLE OPP YW",28.99,45,46,-1,-28.99,26-APR-026,ROBIN,264
23696,"MR MUSCLEGLADE ALL PURPOSE  HARMONY 1000ML 12",54.99,5,11,-6,-329.94,26-APR-026,EMMANUEL,95
101070,"BINATONE WATER DISPENSER WFRIDGE3 TAPS WTD2000",2599,1,1,0,0,26-APR-026,AMADU,149
105816,"DOVE BODY WASH DEEP NOURISHING 500ML  20",70.99,25,25,0,0,26-APR-026,EVELYN,102
169008,"LEGACY GAS COOKER 50X50 4B SS LGY50X50OG",2399,1,1,0,0,26-APR-026,AMADU,147
181155,"S3 BEDSHEET QUEEN 150X20030CM ASRTD",189,1,1,0,0,26-APR-026,AKAYIRI,191
96521,"MADAR ZONE BLEACH 500ML  12",12.59,6,6,0,0,26-APR-026,GEORGE,112
179133,"SUNFLOWER WINDMILL TOYS 31CM",13.9,7,7,0,0,26-APR-026,REGINA,260
184360,"COLANDER DEEP WLONG HANDLE 24CM SS 50030113 57009",34.9,15,15,0,0,26-APR-026,AMA,311
198011,"NASCO GAS COOKER 4B 50X50 SILVER NASGC50X50SCTZ",1699,1,1,0,0,26-APR-026,AMADU,147
197117,"MCBERRY DUBAI COCONUT CHOCOLATE WAFER 20G 144",1.09,72,165,-93,-101.37,26-APR-026,QUARSHIE,137
32099,"EVERPACK TRASH BAG SMALL 10L  12",20.99,10,11,-1,-20.99,26-APR-026,ELEMAWUSI,40
95384,"CHANDELIER LED",1699,1,2,-1,-1699,26-APR-026,AMADU,WH
95403,"COKE ZERO PET 300ML 12",6.49,1,112,-111,-720.39,26-APR-026,GILBERT,162
108306,"MONOPOLY EMPIRE BOARD GAME MKL813722",119,4,4,0,0,26-APR-026,ROBIN,264
115839,"FRY PAN 28CM FALU ZHNBLY 852128",219,4,9,-5,-1095,26-APR-026,HERBERT,316
128425,"TRAY DECORATIVE METAL RECTANGLE AI050515",199,1,1,0,0,26-APR-026,NYARKO,171
153109,"SERVING TRAY MELAMINE 17 INCHES ZHN 8059175",24.9,5,5,0,0,26-APR-026,ESTHER,308
163836,"CONTAINER SET 3PCS SQUARE COOKLOCK BG512",59,1,1,0,0,26-APR-026,SOMUAH,276
161344,"DOLAIT NATURE YOGHURT UNSWEETENED 200G 1",15.49,7,7,0,0,26-APR-026,GILBERT,167
162719,"DINNER PLATE MELAMINE 10 INCHES FEILU 831052",16.9,29,99,-70,-1183,26-APR-026,"ABIGAIL YEVUGAH",301
159772,"MUNCHEE CHOCOLATE CHIP COOKIES BISCUITS 100G  48",8.99,16,54,-38,-341.62,26-APR-026,QUARSHIE,137
168122,"FILLED CUSHION P EMBD 45X45CMGEOMETRY5 DC257",139,4,10,-6,-834,26-APR-026,JUDE,181
168053,"FILLED CUSHION P VELVET 45X45CMGREEN DC247",149,6,6,0,0,26-APR-026,JUSTICE,186
194625,"WATER PUZZLE GAME CAMERA SET 2PCS HCL O51005",21.99,6,8,-2,-43.98,26-APR-026,NYARKO,170
108233,"DARLING CELLARS CLASSIC CAB SAUVIGN MERLOT 750ML 6",99.99,1,1,0,0,26-APR-026,CHARLES,48
134096,"PRIVATE MAXI  NORMAL 8X18",11.49,11,13,-2,-22.98,26-APR-026,ELEMAWUSI,39
146204,"HEAVEN PERFUMED INSECT REPELLEMT 100G  120",9.99,112,112,0,0,26-APR-026,EZEKIEL,106
162642,"OCEAN CHEST FREEZER SD 300L CFOH 300 TG KS",5889,1,1,0,0,26-APR-026,AMADU,148
159803,"KIDS INDUCTION FLYING MECH WARRIOR VEHICLE 2075",59,1,1,0,0,26-APR-026,ROBIN,264
179798,"SPRAY BOTTLE 1000ML PLASTIC 3313",22.9,9,9,0,0,26-APR-026,"PAUL OWUSU",230
181970,"JUG W6PCS TUMBLER 1500300ML MYQ9318",69,9,9,0,0,26-APR-026,WILLIAM,291
186896,"BATH MAT 39X71CM 336043 18806794166",65,22,22,0,0,26-APR-026,PHILEMON,239
192801,"CURTAIN JQ LT GREY 54X90 PL JGM3",129,4,4,0,0,26-APR-026,AKAYIRI,190
202552,"FROSTED PLATE 115 B162115M",12.9,59,59,0,0,26-APR-026,ESTHER,308
88313,"YOGABEACH MAT WITH BOLSTER YM 001",75,3,4,-1,-75,26-APR-026,FELIX,"ZONE 367"
103889,"BLING DISINFECTANT GARDENIA 5L  4",57.99,5,5,0,0,26-APR-026,"BENEDICT ABBEY",25
108227,"PARIDOX ALCOHOL WIPES 100SHEETS",46.99,17,17,0,0,26-APR-026,"BRIGHT NKANSAH",34
157461,"WALL CLOCK 12 30X30X41CM INF6715",79,4,4,0,0,26-APR-026,"ARTHUR JONADAB",10
154770,"INERTIA OFFROAD 4X4 CAR MKR200816",69,1,1,0,0,26-APR-026,ROBIN,264
166612,"COFFEE TABLE WMIRROR TOP BLACK ESPANHA",779,1,1,0,0,26-APR-026,FRANCIS,"ZONE 367"
167611,"TOLSEN UNIVERSAL BRUSH 32060",14.9,7,7,0,0,26-APR-026,BOFFOUR,148
168076,"FILLED CUSHION JAQUARD 45X45CMBLACKWHITE DC251",129,6,12,-6,-774,26-APR-026,JUDE,180
