SHOP_CODE,ITEM_CODE,ITEM_NAME,PRICE,ERP_QTY,DEPT
M03,00048,"YAZOO BANANA DRINK 400ML 10",32.99,1,SUPERMARKET
M05,00203,"MCVITIES DIGESTIVE BISCUITS 400G 20",59.99,12,SUPERMARKET
KS7,00203,"MCVITIES DIGESTIVE BISCUITS 400G 20",59.99,19,SUPERMARKET
KCS,00338,"REESES PEANUT BUTTER CUPS 42G 36",20.99,143,SUPERMARKET
MDN,00359,"EXETER CORNED BEEF 340G 24",54.99,148,SUPERMARKET
FAR,00359,"EXETER CORNED BEEF 340G 24",54.99,51,SUPERMARKET
MAS,00359,"EXETER CORNED BEEF 340G 24",54.99,48,SUPERMARKET
MDN,00360,"EXETER CORNED BEEF 198G 24",49.99,58,SUPERMARKET
HAA,00360,"EXETER CORNED BEEF 198G 24",49.99,16,SUPERMARKET
MSS,00361,"ZWAN CHICKEN LUNCHEON MEAT 340G 12",51.99,12,SUPERMARKET
ACH,00362,"ZWAN BEEF LUNCHEON MEAT 200G 12",36.99,37,SUPERMARKET
KCS,00362,"ZWAN BEEF LUNCHEON MEAT 200G 12",36.99,2,SUPERMARKET
FAR,00362,"ZWAN BEEF LUNCHEON MEAT 200G 12",36.99,13,SUPERMARKET
HAA,00362,"ZWAN BEEF LUNCHEON MEAT 200G 12",36.99,8,SUPERMARKET
M04,00363,"ZWAN CHICKEN LUNCHEON MEAT 200G 12",37.99,11,SUPERMARKET
TMP,00363,"ZWAN CHICKEN LUNCHEON MEAT 200G 12",37.99,9,SUPERMARKET
MDN,00365,"ZWAN CHICKEN HOTDOGS CAN 400G 12",46.99,11,SUPERMARKET
HAA,00366,"ZWAN CHICKEN 6 BIG FRANKS 560G 12",71.99,10,SUPERMARKET
SPN,00366,"ZWAN CHICKEN 6 BIG FRANKS 560G 12",71.99,14,SUPERMARKET
LFS,00366,"ZWAN CHICKEN 6 BIG FRANKS 560G 12",71.99,45,SUPERMARKET
M05,00376,"CERES WHISPER OF SUMMER JUICE 1L 12",44.99,26,SUPERMARKET
ADB,00377,"CERES RED GRAPE JUICE 200ML 24",14.49,32,SUPERMARKET
MDN,00377,"CERES RED GRAPE JUICE 200ML 24",14.49,24,SUPERMARKET
ACH,00380,"CERES MANGO JUICE 200ML 24",10.99,32,SUPERMARKET
GBA,00380,"CERES MANGO JUICE 200ML 24",10.99,20,SUPERMARKET
M04,00453,"GOANAS WINE 75CL 12",94.99,12,SUPERMARKET
GBA,00453,"GOANAS WINE 75CL 12",94.99,19,SUPERMARKET
SPN,00521,"AKAI AVR 2KVA AVR003A  2000VA",779,8,"ELECTRICAL APPLIANCES"
FAR,00522,"AKAI AVR 3KVA AVR006A  3000VA",1499,2,"ELECTRICAL APPLIANCES"
KS7,00633,"SERVING BOWL MELAMINE 8 INCHES ZHN C0458",14.9,20,"HOUSEWARE & KITCHENWARE"
ADB,00869,"COWBELL MILK STRAWBRY 35G 10 X12  120",5.99,221,SUPERMARKET
KCS,00869,"COWBELL MILK STRAWBRY 35G 10 X12  120",5.99,119,SUPERMARKET
KAS,00869,"COWBELL MILK STRAWBRY 35G 10 X12  120",5.99,123,SUPERMARKET
LFS,01551,"RAID MIK INSECTICIDE SPRAY 300ML  24 26339",38.99,128,SUPERMARKET
ACH,01551,"RAID MIK INSECTICIDE SPRAY 300ML  24 26339",38.99,19,SUPERMARKET
GBA,01551,"RAID MIK INSECTICIDE SPRAY 300ML  24 26339",38.99,16,SUPERMARKET
ADB,01565,"PURE HEAVEN SPARKLING  APPLE 750ML 12",51.49,10,SUPERMARKET
KAS,01566,"PURE HEAVEN SPARKLING WHITE GRAPE WINE 750ML 12",51.49,8,SUPERMARKET
ACH,01607,"BADIA CINNAMON STIICKS 354G  8",50.99,12,SUPERMARKET
MDN,01609,"BADIA PEPPER GROUND BLACK 1984G  12",134.99,29,SUPERMARKET
HAA,01609,"BADIA PEPPER GROUND BLACK 1984G  12",134.99,12,SUPERMARKET
SPN,01609,"BADIA PEPPER GROUND BLACK 1984G  12",134.99,23,SUPERMARKET
M04,01609,"BADIA PEPPER GROUND BLACK 1984G  12",134.99,22,SUPERMARKET
ACH,01743,"ORO INSECTICIDES DOUBLE ACTION SPRAY 1L  12",62.99,23,SUPERMARKET
ACH,01744,"ORO INSECTICIDE SPRAY DOUBLE ACTION 520 400ML 12",44.99,7,SUPERMARKET
HAA,01744,"ORO INSECTICIDE SPRAY DOUBLE ACTION 520 400ML 12",44.99,1,SUPERMARKET
TMP,01751,"JACOBS CREAM CRACKERS 200G 24",40.99,8,SUPERMARKET
MDN,01751,"JACOBS CREAM CRACKERS 200G 24",40.99,2,SUPERMARKET
LFS,01919,"EXERCISE PILATES EXPANDER",22,2,"SPORTS & FITNESS"
LFS,02224,"DOMESTOS ORIGINAL BLEACH  750 ML 9",32.99,3,SUPERMARKET
ADB,02247,"SAIRO ARGAN HAND WASH 500ML 12",29.99,5,SUPERMARKET
LFS,02250,"BAKERS TENNIS CLASSIC COCONUT BISCUITS 200G 12",45.99,12,SUPERMARKET
ACH,02250,"BAKERS TENNIS CLASSIC COCONUT BISCUITS 200G 12",45.99,8,SUPERMARKET
M03,02251,"BAKERS BLUE LABEL MARIE BISCUITS 200G  12",31.49,-1,SUPERMARKET
MDN,02252,"BAKER EET SUM MOR SHORTBREAD BISCUITS 200G  12",45.99,33,SUPERMARKET
KS7,02252,"BAKER EET SUM MOR SHORTBREAD BISCUITS 200G  12",45.99,8,SUPERMARKET
FAR,02258,"BAKERS CREAM CRACKERS CRISP CRACKERS 200G  12",33.99,9,SUPERMARKET
KS7,02258,"BAKERS CREAM CRACKERS CRISP CRACKERS 200G  12",33.99,10,SUPERMARKET
MSS,02258,"BAKERS CREAM CRACKERS CRISP CRACKERS 200G  12",33.99,32,SUPERMARKET
M03,02258,"BAKERS CREAM CRACKERS CRISP CRACKERS 200G  12",33.99,-8,SUPERMARKET
MDN,02264,"BAKERS PROVITA ANCIENT GRAINS CRIPBREAD 250G  12",59.99,16,SUPERMARKET
MSS,02267,"CAFE MAGNIFICO MEDIUM ROAST COFFEE 240G  12",99.99,24,SUPERMARKET
MSS,02388,"PICCADILLY GEM FAMILLY BISCUITS 1X4 900G  1",70.99,1,SUPERMARKET
LFS,02390,"PRINGLES EMMENTAL  175G 19",49.99,97,SUPERMARKET
KCS,02390,"PRINGLES EMMENTAL  175G 19",49.99,23,SUPERMARKET
TMP,02391,"PRINGLES POTATO CHIPS ORIGINAL 165G X 19",49.99,49,SUPERMARKET
HAA,02391,"PRINGLES POTATO CHIPS ORIGINAL 165G X 19",49.99,21,SUPERMARKET
MDN,02391,"PRINGLES POTATO CHIPS ORIGINAL 165G X 19",49.99,250,SUPERMARKET
KAS,02394,"HERMAN BBQ DRESSING 340ML  12",36.99,1,SUPERMARKET
TMP,02396,"BEL  COLA DRINK 350ML  16",3.39,2,SUPERMARKET
M05,02415,"BUTCHERS  CLASSIC TUNA  OCEAN FISH MOUSSE 85G 24",19.99,12,SUPERMARKET
GBA,02572,"PURE HEAVEN APPLE JUICE 1L 8",35.99,7,SUPERMARKET
M04,02572,"PURE HEAVEN APPLE JUICE 1L 8",35.99,15,SUPERMARKET
MAS,02865,"VOLTPLUS UNIVERSAL ADAPTOR W BS PLUG VPUAG134",79,14,"ELECTRICAL APPLIANCES"
M04,02865,"VOLTPLUS UNIVERSAL ADAPTOR W BS PLUG VPUAG134",79,18,"ELECTRICAL APPLIANCES"
HAA,02873,"LADDER 2 STEP LY002",449,4,"HARDWARE & BUILDING MATERIAL"
MDN,02877,"LADDER 4 STEP LJ304DL",689,1,"HARDWARE & BUILDING MATERIAL"
MDN,02878,"LADDER 7 STEPS LJ307DL",1149,2,"HARDWARE & BUILDING MATERIAL"
FAR,02990,"WALL CLOCK ZX6508",75,11,"HOME DECOR & TEXTILES"
KS7,03039,"AKAI FM RADIO WBTUSBSD CARD PR007A210BT",295,5,"ELECTRONICS & TELECOM"
HAA,03058,"TOLSEN CLOTH DUCT TAPE 50281",34.9,1,"HARDWARE & BUILDING MATERIAL"
SPN,03059,"TOLSEN NYLON CABLE TIE 25X100MM 50105",7.9,60,"HARDWARE & BUILDING MATERIAL"
SPN,03062,"GRANORO PENNE RIGATI BIO 100 ITALIANO 500G  20",29.99,5,SUPERMARKET
SPN,03068,"TOLSEN FIBREGLASS MEASURING TAPE 35022",69,29,"HARDWARE & BUILDING MATERIAL"
ADB,03076,"WEETABIX CEREAL ORIGINAL 450G 14",89.99,12,SUPERMARKET
KAS,03076,"WEETABIX CEREAL ORIGINAL 450G 14",89.99,13,SUPERMARKET
KS7,03076,"WEETABIX CEREAL ORIGINAL 450G 14",89.99,8,SUPERMARKET
HAA,03076,"WEETABIX CEREAL ORIGINAL 450G 14",89.99,21,SUPERMARKET
KCS,03076,"WEETABIX CEREAL ORIGINAL 450G 14",89.99,27,SUPERMARKET
LFS,03076,"WEETABIX CEREAL ORIGINAL 450G 14",89.99,71,SUPERMARKET
TMP,03077,"WEETABIX CEREAL ORIGINAL 225G 18",47.99,21,SUPERMARKET
KS7,03238,"LED LIGHT CANDLE REMOTE CONTROL WITH TIMER 9PCS",69,9,"ELECTRICAL APPLIANCES"
SPN,03245,"MOULINEX HAND MIXER SS BOWL 35L 300W HM312127",1025,1,"ELECTRICAL APPLIANCES"
TMP,03246,"MOULINEX CITRUS JUICER 1L PC302B27",399,1,"ELECTRICAL APPLIANCES"
LFS,03260,"CAR CAMERA 30 INCH 4G LENS 32G D300",285,2,"ELECTRONICS & TELECOM"
SPN,03275,"LG GAS COOKER 4B WROT GRILL LGG6060FA211RMA",8999,1,"GAS COOKER & ACCESSORIES"
ACH,03321,"MAMBO JUG 15L FRC K3037212",289,2,"HOUSEWARE & KITCHENWARE"
KS7,03324,"SENATOR THERMAL BOTTLE FLASK 10L SS FRC K3063414",299,4,"HOUSEWARE & KITCHENWARE"
LFS,03463,"WILD TURKEY BOURBON AMERICAN HONEY WHISKY 700ML 6",439.99,31,SUPERMARKET
KCS,03471,"COKE ZERO PET 1L  4",15.99,44,SUPERMARKET
SPN,03473,"ROMAR SOFTENER CONC MARSEILLE SOAP 2L  6",79.99,7,SUPERMARKET
MDN,03483,"WELCHS 100 FRUIT PUNCH JUICE  473ML  12",44.99,1,SUPERMARKET
GBA,03483,"WELCHS 100 FRUIT PUNCH JUICE  473ML  12",44.99,-1,SUPERMARKET
M03,03483,"WELCHS 100 FRUIT PUNCH JUICE  473ML  12",44.99,-3,SUPERMARKET
SPN,03483,"WELCHS 100 FRUIT PUNCH JUICE  473ML  12",44.99,14,SUPERMARKET
MDN,03485,"WELCHS 100 CRANBERRY JUICE  473ML  12",44.99,4,SUPERMARKET
KCS,03486,"WELCHS 100 GRAPE  JUICE  473ML  12",44.99,10,SUPERMARKET
HAA,03486,"WELCHS 100 GRAPE  JUICE  473ML  12",44.99,2,SUPERMARKET
MDN,03487,"WELCHS 100 APPLE JUICE  473ML  12",44.99,2,SUPERMARKET
FAR,03560,"UMBRELLA 57CM",55,14,"HOME DECOR & TEXTILES"
M04,03616,"BOUNTY PAPER TOWEL 2PLY SHEETS   12",70.99,-7,SUPERMARKET
MAS,03616,"BOUNTY PAPER TOWEL 2PLY SHEETS   12",70.99,3,SUPERMARKET
SPN,03616,"BOUNTY PAPER TOWEL 2PLY SHEETS   12",70.99,17,SUPERMARKET
LFS,03645,"LACTASOY PLAIN SOYA MILK 1L 12",41.99,252,SUPERMARKET
KCS,03645,"LACTASOY PLAIN SOYA MILK 1L 12",41.99,36,SUPERMARKET
KS7,03645,"LACTASOY PLAIN SOYA MILK 1L 12",41.99,36,SUPERMARKET
SPN,03659,"LOACKER CLASSIC  CREAMKAKOA 45G 25",19.99,9,SUPERMARKET
LFS,03749,"DOVE APA PEAR ALOE VERA 250ML  24",44.99,-15,SUPERMARKET
M03,03749,"DOVE APA PEAR ALOE VERA 250ML  24",44.99,1,SUPERMARKET
ADB,03760,"DOMESTOS CITRUS BLEACH 750ML  9",32.99,12,SUPERMARKET
KCS,03760,"DOMESTOS CITRUS BLEACH 750ML  9",32.99,14,SUPERMARKET
M04,03760,"DOMESTOS CITRUS BLEACH 750ML  9",32.99,9,SUPERMARKET
LFS,03809,"JOLLY RANCHER HARD CANDY ASSORTMENT 198G  12",36.99,23,SUPERMARKET
M03,03809,"JOLLY RANCHER HARD CANDY ASSORTMENT 198G  12",36.99,5,SUPERMARKET
SPN,03826,"BLUE BAND MARGARINE SPREAD 450G 24",25.99,115,SUPERMARKET
TMP,03826,"BLUE BAND MARGARINE SPREAD 450G 24",25.99,41,SUPERMARKET
GBA,03826,"BLUE BAND MARGARINE SPREAD 450G 24",25.99,5,SUPERMARKET
MSS,03892,"SMINT TIN XXL PEPPERMINT 25G X 144",21.99,-27,SUPERMARKET
MAS,03893,"MEANNAN GROUNDED GARLIC 120G 24",17.49,4,SUPERMARKET
M03,03893,"MEANNAN GROUNDED GARLIC 120G 24",17.49,-1,SUPERMARKET
LFS,03969,"NESTLE FROSTED SHREDDIES 500G  6",76.99,7,SUPERMARKET
SPN,03971,"NESTLE AERO MILK CHOCOLATE 90G  15",34.99,18,SUPERMARKET
LFS,03994,"MOBILE FLIP COVER ASSORTED",48,3,"ELECTRONICS & TELECOM"
MSS,04084,"BAKERS MEATY MEALS SMALL DOG BEEF DOG FOOD 1KG  5",99.99,-8,SUPERMARKET
KAS,04084,"BAKERS MEATY MEALS SMALL DOG BEEF DOG FOOD 1KG  5",99.99,1,SUPERMARKET
LFS,04086,"BRANSTON SMALL CHUNK PICKLE  520G  6",84.99,10,SUPERMARKET
TMP,04105,"HARIBO SUPER MIX 140G154G   12",29.99,34,SUPERMARKET
KAS,04105,"HARIBO SUPER MIX 140G154G   12",29.99,12,SUPERMARKET
KS7,04107,"WILD TURKEY BOURBON 81 PROOF WHISKY 700ML  6",262.99,4,SUPERMARKET
TMP,04114,"SPARLETTA SODA 350ML 12",5.69,27,SUPERMARKET
MDN,04114,"SPARLETTA SODA 350ML 12",5.69,16,SUPERMARKET
KAS,04114,"SPARLETTA SODA 350ML 12",5.69,-21,SUPERMARKET
ADB,04116,"SPARLETTA QUININE TONIC 350ML 12",5.99,1,SUPERMARKET
GBA,04116,"SPARLETTA QUININE TONIC 350ML 12",5.99,12,SUPERMARKET
HAA,04116,"SPARLETTA QUININE TONIC 350ML 12",5.99,13,SUPERMARKET
M03,04116,"SPARLETTA QUININE TONIC 350ML 12",5.99,21,SUPERMARKET
KAS,04116,"SPARLETTA QUININE TONIC 350ML 12",5.99,-20,SUPERMARKET
SPN,04162,"ARIZONA ICED TEA LEMON FLAVOUR 650ML 24",23.99,68,SUPERMARKET
SPN,04177,"BUTCHERS CLASSIC SALMON  SHRIMPS MOUSSE 85G 24",19.99,21,SUPERMARKET
M03,04193,"BUTCHERS DINNERS CHICKENTURKEY IN JELLY 4X100G 8",74.99,3,SUPERMARKET
MAS,04201,"BUTCHERS CDD BLUEBEEF 1X15KG",799.99,2,SUPERMARKET
MSS,04202,"BUTCHERS CLASSIC MULTIPACK CHICKEN TURKEY4X100G 8",64.99,7,SUPERMARKET
MSS,04224,"BISTO GRANULES REAL BEEF MEAT GRAVY 190G  12",64.99,62,SUPERMARKET
MSS,04226,"BISTO GRAVY GRANULES CHICKEN 190G  12",66.99,2,SUPERMARKET
FAR,04229,"HARIBO HAPPY COLA BOTTLES 140G  12",29.99,20,SUPERMARKET
ADB,04229,"HARIBO HAPPY COLA BOTTLES 140G  12",29.99,19,SUPERMARKET
KCS,04229,"HARIBO HAPPY COLA BOTTLES 140G  12",29.99,6,SUPERMARKET
LFS,04235,"BLUE DRAGON CHOW MEIN STIR FRY 120G  12",24.99,7,SUPERMARKET
KAS,04235,"BLUE DRAGON CHOW MEIN STIR FRY 120G  12",24.99,6,SUPERMARKET
SPN,04237,"BLUE DRAGON OYSTERSPRING ONION 120G  12",24.99,66,SUPERMARKET
M03,04240,"SHARWOOD BLACK BEANRED PEPPER 425G  6",67.99,2,SUPERMARKET
KAS,04240,"SHARWOOD BLACK BEANRED PEPPER 425G  6",67.99,1,SUPERMARKET
M03,04252,"UNCLE BENS CHILLI HOT SAUCE 450G  6",64.99,2,SUPERMARKET
LFS,04260,"SAMSUNG CASE NOTE 8 BACK",44,5,"ELECTRONICS & TELECOM"
TMP,04602,"SPRAY PAINT GREEN 400ML RAL6002",34.9,5,"HARDWARE & BUILDING MATERIAL"
M04,04816,"ORKIDE SUNFLOWER OIL 3L 6",199.99,1,SUPERMARKET
LFS,04825,"FAIRY FABRIC CONDITIONER MILK  HONEY 858ML 12",69.99,11,SUPERMARKET
TMP,04825,"FAIRY FABRIC CONDITIONER MILK  HONEY 858ML 12",69.99,10,SUPERMARKET
TMP,04843,"POT NOODLE BOMBAY BAD BOY 90G  12",27.99,4,SUPERMARKET
MSS,04845,"POT NOODLE CHOW MEIN 90G 12",29.99,24,SUPERMARKET
KS7,04904,"RIGHT GUARD APD MEN XTREME FRESH 150ML  6",39.99,1,SUPERMARKET
MDN,04949,"EVERPACK SPOON PLASTIC 100PCS X 30PKTS  30",17.49,20,SUPERMARKET
KAS,05112,"INDOMIE SUPER PACK ONION CHICKEN 120G 44",8.29,-20,SUPERMARKET
KAS,05144,"AXE DEO SPRAY MARINE 150ML 8240361",37.99,4,SUPERMARKET
ACH,05145,"PARIDOX ALATA SAMINA BSGEL COCOA  HARD 500ML 20",43.99,21,SUPERMARKET
KS7,05145,"PARIDOX ALATA SAMINA BSGEL COCOA  HARD 500ML 20",43.99,13,SUPERMARKET
ADB,05192,"BRUT APA MEN DEO OCEANS 200ML 6   8349549",39.99,20,SUPERMARKET
KS7,05192,"BRUT APA MEN DEO OCEANS 200ML 6   8349549",39.99,2,SUPERMARKET
ADB,05200,"DOVE ROLLON INVISIBLE DRY 50ML 6",23.99,1,SUPERMARKET
KAS,05200,"DOVE ROLLON INVISIBLE DRY 50ML 6",23.99,4,SUPERMARKET
FAR,05200,"DOVE ROLLON INVISIBLE DRY 50ML 6",23.99,15,SUPERMARKET
HAA,05212,"REXONA WOMEN ROLL ON  INVISIBLE ICE FRESH 50ML  6",22.49,6,SUPERMARKET
MSS,05218,"GLENMORANGIE ORIGINAL WHISKY 10YRS  1L 1",979.99,4,SUPERMARKET
SPN,05528,"BLESSED CHILD CEREALPLUS WEANIMIX BOTTLE 600G 12",44.49,10,SUPERMARKET
FAR,05529,"BLESSED CHILD RICEMIX BOTTLE 600G 12",44.49,10,SUPERMARKET
ACH,06432,"PINK COCKTAIL SPARKLING WINE 750 ML 12",49.99,20,SUPERMARKET
MAS,06432,"PINK COCKTAIL SPARKLING WINE 750 ML 12",49.99,12,SUPERMARKET
M04,06432,"PINK COCKTAIL SPARKLING WINE 750 ML 12",49.99,16,SUPERMARKET
MDN,06432,"PINK COCKTAIL SPARKLING WINE 750 ML 12",49.99,20,SUPERMARKET
ACH,06483,"ARDO  MIXED VEGETABLES 400G 15",27.99,18,SUPERMARKET
HAA,06507,"MEANNAN GROUNDED PEPPER 80G 24",18.99,4,SUPERMARKET
ADB,06509,"MEANNAN GROUNDED PEPPER 200G 12",32.99,13,SUPERMARKET
TMP,06510,"MEANNAN GROUNDED GINGER 80G 24",22.99,30,SUPERMARKET
MSS,06510,"MEANNAN GROUNDED GINGER 80G 24",22.99,15,SUPERMARKET
HAA,06573,"MENTAL MATHS  WORK BOOK CLASS VI EB0115",20.9,3,STATIONERY
SPN,06587,"COLOURS BOOK FOR CHILDREN EB0433",5.9,121,STATIONERY
FAR,06588,"CARTOON COLOURING BOOK CHILDREN PART 25 EB0429",6.99,112,STATIONERY
LFS,06786,"ZAAMI LYCEE YOGHURT SMOOTHIE 360ML 12",18.49,6,SUPERMARKET
KS7,06829,"LISTERINE FRESHBRUST 500ML 6",79.99,10,SUPERMARKET
MSS,06932,"DORITOS CHILLI HEATWAVE  140G  12",49.99,-22,SUPERMARKET
FAR,06934,"DORITOS NACHO CHEESE DIPS 280G  6",54.99,9,SUPERMARKET
ACH,06966,"KASAPREKO BRANDY 750ML 12",36.49,15,SUPERMARKET
M05,06968,"KASAPREKO LIME CORDIAL 750ML 12",29.99,11,SUPERMARKET
LFS,06969,"KASAPREKO TONIC WINE 750ML 12",29.99,48,SUPERMARKET
MDN,06969,"KASAPREKO TONIC WINE 750ML 12",29.99,17,SUPERMARKET
ACH,06969,"KASAPREKO TONIC WINE 750ML 12",29.99,21,SUPERMARKET
KCS,06969,"KASAPREKO TONIC WINE 750ML 12",29.99,13,SUPERMARKET
FAR,06969,"KASAPREKO TONIC WINE 750ML 12",29.99,12,SUPERMARKET
MSS,06969,"KASAPREKO TONIC WINE 750ML 12",29.99,32,SUPERMARKET
LFS,06975,"MAGGI SHRIMP TAB  6010G 24",41.99,37,SUPERMARKET
HAA,07013,"YAZZ WASHING POWDER 500G 12",18.99,23,SUPERMARKET
MDN,07014,"YAZZ WASHING POWDER 1KG 10",39.99,30,SUPERMARKET
M04,07014,"YAZZ WASHING POWDER 1KG 10",39.99,28,SUPERMARKET
M05,07014,"YAZZ WASHING POWDER 1KG 10",39.99,12,SUPERMARKET
FAR,07015,"YAZZ WASHING POWDER 2KG 6",70.99,17,SUPERMARKET
KS7,07015,"YAZZ WASHING POWDER 2KG 6",70.99,2,SUPERMARKET
HAA,07015,"YAZZ WASHING POWDER 2KG 6",70.99,17,SUPERMARKET
KAS,07015,"YAZZ WASHING POWDER 2KG 6",70.99,5,SUPERMARKET
FAR,07018,"YAZZ BABY DIAPERS LARGE 10",26.99,12,SUPERMARKET
HAA,07018,"YAZZ BABY DIAPERS LARGE 10",26.99,9,SUPERMARKET
HAA,07020,"YAZZ SANITARY PAD HEAVY FLOW PINK 24",17.99,18,SUPERMARKET
SPN,07025,"POWER HORSE ENERGY DRINK 250ML 24",20.99,14,SUPERMARKET
KCS,07025,"POWER HORSE ENERGY DRINK 250ML 24",20.99,13,SUPERMARKET
KS7,07025,"POWER HORSE ENERGY DRINK 250ML 24",20.99,23,SUPERMARKET
ADB,07029,"CORONA EXTRA BEER 355ML 24",28.99,86,SUPERMARKET
KCS,07029,"CORONA EXTRA BEER 355ML 24",28.99,78,SUPERMARKET
GBA,07029,"CORONA EXTRA BEER 355ML 24",28.99,35,SUPERMARKET
SPN,07044,"DIMES FRUITMIX NECTAR CAN 330ML 12",19.99,18,SUPERMARKET
SPN,07140,"TANGO APPLE SUGAR FREE DRINK  330ML 24",13.99,248,SUPERMARKET
M04,07206,"PRIMA ANTISEPTIC 45L  6",92.99,10,SUPERMARKET
GBA,07206,"PRIMA ANTISEPTIC 45L  6",92.99,5,SUPERMARKET
MDN,07246,"AIRPRO SCENTED OIL TEA TREE REFILL  24",57.99,15,SUPERMARKET
LFS,07287,"BACARDI RHUM GOLD 1L 12",320.99,46,SUPERMARKET
SPN,07287,"BACARDI RHUM GOLD 1L 12",320.99,68,SUPERMARKET
ACH,07287,"BACARDI RHUM GOLD 1L 12",320.99,16,SUPERMARKET
HAA,07287,"BACARDI RHUM GOLD 1L 12",320.99,15,SUPERMARKET
KCS,07406,"NESCAFE GOLD BLEND DECAF COFFEE 95G  6",114.99,5,SUPERMARKET
SPN,07488,"MARTINI ROSSO  RED 15 ALC VOL 1L 6",204.99,9,SUPERMARKET
MSS,07502,"COINTREAU 40 LIQUEUR   1L  12",499.99,12,SUPERMARKET
TMP,07626,"GRANORO SPAGHETTI RISTORANTI 1014 500GMS 24",21.99,6,SUPERMARKET
KAS,07663,"GRANORO ELICOIDALI NO 23  1023 500GMS 24",21.99,25,SUPERMARKET
KS7,07663,"GRANORO ELICOIDALI NO 23  1023 500GMS 24",21.99,18,SUPERMARKET
KS7,07673,"GRANORO DITALINI RIGATI NO 1060 500 24",21.99,-1,SUPERMARKET
M03,07673,"GRANORO DITALINI RIGATI NO 1060 500 24",21.99,9,SUPERMARKET
ACH,07715,"FANICE CUP VANILLA 140ML 12",7.49,52,SUPERMARKET
ADB,07715,"FANICE CUP VANILLA 140ML 12",7.49,-1,SUPERMARKET
FAR,07715,"FANICE CUP VANILLA 140ML 12",7.49,18,SUPERMARKET
LFS,07716,"FANICE VANILLA 2L X 1",75.99,9,SUPERMARKET
MDN,07716,"FANICE VANILLA 2L X 1",75.99,2,SUPERMARKET
M03,07716,"FANICE VANILLA 2L X 1",75.99,11,SUPERMARKET
HAA,07781,"MYDIBEL STRAIGHT CUT GRADE A 99 25KG 4",149.99,10,SUPERMARKET
M04,07781,"MYDIBEL STRAIGHT CUT GRADE A 99 25KG 4",149.99,3,SUPERMARKET
KAS,07781,"MYDIBEL STRAIGHT CUT GRADE A 99 25KG 4",149.99,10,SUPERMARKET
MSS,07952,"MEANNAN CORN GRITS AKWEGBEMI 750G   12",22.99,11,SUPERMARKET
M03,07953,"MEANNAN CORN GRITS AKWEGBEMI  500G  24",17.49,15,SUPERMARKET
FAR,07953,"MEANNAN CORN GRITS AKWEGBEMI  500G  24",17.49,30,SUPERMARKET
ACH,07957,"MEANNAN TOM BROWN  500G  24",18.99,14,SUPERMARKET
KCS,07957,"MEANNAN TOM BROWN  500G  24",18.99,17,SUPERMARKET
FAR,07969,"SAF LEVURE INSTANT YEAST PACK 500G 20",49.99,20,SUPERMARKET
MAS,07969,"SAF LEVURE INSTANT YEAST PACK 500G 20",49.99,17,SUPERMARKET
MSS,07969,"SAF LEVURE INSTANT YEAST PACK 500G 20",49.99,3,SUPERMARKET
LFS,07969,"SAF LEVURE INSTANT YEAST PACK 500G 20",49.99,7,SUPERMARKET
KS7,07972,"BAKING POWDER 450G 18",57.99,18,SUPERMARKET
GBA,07979,"PEAK MILK POWDER TIN  400G 24",109.99,22,SUPERMARKET
MAS,07979,"PEAK MILK POWDER TIN  400G 24",109.99,20,SUPERMARKET
SPN,07979,"PEAK MILK POWDER TIN  400G 24",109.99,46,SUPERMARKET
SPN,07984,"JOHNSON JOHNSON BABY OIL 200ML 6 23611",39.99,7,SUPERMARKET
SPN,07985,"JOHNSON BABY OIL 500ML 24",69.99,29,SUPERMARKET
HAA,07986,"JOHNSONJOHNSON BABY SHAMPOO 300ML 6",35.99,4,SUPERMARKET
LFS,07987,"JOHNSONJOHNSON BABY POWDER 200G X 6",45.99,6,SUPERMARKET
LFS,08007,"BB COCKTAIL DE FRUITS  330ML 24",13.49,306,SUPERMARKET
TMP,08007,"BB COCKTAIL DE FRUITS  330ML 24",13.49,83,SUPERMARKET
M05,08007,"BB COCKTAIL DE FRUITS  330ML 24",13.49,20,SUPERMARKET
GBA,08007,"BB COCKTAIL DE FRUITS  330ML 24",13.49,161,SUPERMARKET
MAS,08007,"BB COCKTAIL DE FRUITS  330ML 24",13.49,23,SUPERMARKET
M05,08124,"FANICE VANILLA 5L X 1",161.99,1,SUPERMARKET
SPN,08274,"NAN 3 OPTIPRO 400G 12",139.99,35,SUPERMARKET
ACH,08277,"NESCAFE COFFEE GOLD BLEND 190G  6",234.99,17,SUPERMARKET
KAS,08277,"NESCAFE COFFEE GOLD BLEND 190G  6",234.99,12,SUPERMARKET
KS7,08277,"NESCAFE COFFEE GOLD BLEND 190G  6",234.99,22,SUPERMARKET
LFS,08284,"LIPTON 2G X 100 BAGSSTRINGS 12",133.99,75,SUPERMARKET
MAS,08284,"LIPTON 2G X 100 BAGSSTRINGS 12",133.99,1,SUPERMARKET
KAS,08319,"HP SAUCE ORIGINAL 255G  12",33.99,1,SUPERMARKET
TMP,08324,"ROYALTY COCKTAIL RASP RUBY SPARKLING WINE 750ML 12",47.49,24,SUPERMARKET
KS7,08324,"ROYALTY COCKTAIL RASP RUBY SPARKLING WINE 750ML 12",47.49,16,SUPERMARKET
KAS,08324,"ROYALTY COCKTAIL RASP RUBY SPARKLING WINE 750ML 12",47.49,4,SUPERMARKET
TMP,08339,"EMBORG PEAS  CARROTS 900G 12",85.99,11,SUPERMARKET
M03,08351,"VITAMILK REGULAR 300ML 24",16.99,23,SUPERMARKET
MAS,08351,"VITAMILK REGULAR 300ML 24",16.99,45,SUPERMARKET
M05,08357,"VITAMILK CHAMP SOURCE OF PROTEIN TETRA PACK 125ML",5.59,27,SUPERMARKET
MSS,08365,"BATCHELOR SUPER NODDLES POT BBQ BEEF 75G 8",32.99,8,SUPERMARKET
LFS,08369,"BATCHELOR SUPER NOODLES MILD CURRY 90G 8",32.99,5,SUPERMARKET
SPN,08369,"BATCHELOR SUPER NOODLES MILD CURRY 90G 8",32.99,13,SUPERMARKET
LFS,08370,"HEINZ CHILI SAUCE 12OZ340G",74.99,24,SUPERMARKET
SPN,08434,"BLUE DRAGON SWEET CHILLIGARLIC STIR FRY 120G  12",24.99,20,SUPERMARKET
MSS,08434,"BLUE DRAGON SWEET CHILLIGARLIC STIR FRY 120G  12",24.99,12,SUPERMARKET
LFS,08477,"HARIBO GIANT STRAWBS 140G154G  12",29.99,136,SUPERMARKET
TMP,08477,"HARIBO GIANT STRAWBS 140G154G  12",29.99,38,SUPERMARKET
MDN,08483,"PASCUAL YOGHURT LF CHERRIES  BERRIES 125GX4  6",64.99,4,SUPERMARKET
GBA,08490,"SANKOFA SWEET PLANTAIN CHIPS CHILI BEEF 50G 25",14.99,25,SUPERMARKET
LFS,08497,"PASCUAL YOGHURT TC APRICOT  MANGO 125GX4 6",64.99,4,SUPERMARKET
MAS,08497,"PASCUAL YOGHURT TC APRICOT  MANGO 125GX4 6",64.99,4,SUPERMARKET
FAR,08502,"PASCUAL YOGHURT TC STRAWBERRIES 125GX4  6",65.99,8,SUPERMARKET
SPN,08520,"HARTLEYS BEST JAM BLACKCHERRY 340GX6",94.99,7,SUPERMARKET
LFS,08523,"HARTLEYS BEST JAM PINEAPPLE 300G  6",79.99,1,SUPERMARKET
MSS,08523,"HARTLEYS BEST JAM PINEAPPLE 300G  6",79.99,2,SUPERMARKET
LFS,08527,"AQUAFRESH TRIPLE PROTECT 100ML 12",29.99,18,SUPERMARKET
M04,08527,"AQUAFRESH TRIPLE PROTECT 100ML 12",29.99,4,SUPERMARKET
M03,08529,"AMBROSIA ORIGINAL CUSTARD POT 150G  12",27.99,8,SUPERMARKET
M03,08544,"BRYLCREAM ORIGINAL 150ML  6",99.99,3,SUPERMARKET
KAS,08571,"STUTE SUPERIOR TROPICAL JUICE  15L  6",51.49,6,SUPERMARKET
LFS,08574,"STUTE SUPERIOR RED GRAPE JUICE 15L  6",51.49,22,SUPERMARKET
ACH,08574,"STUTE SUPERIOR RED GRAPE JUICE 15L  6",51.49,2,SUPERMARKET
KAS,08576,"HARPIC  CITRUS GEL 725ML   12",38.99,-1,SUPERMARKET
SPN,08577,"PETIT MOULIN BONBONS FRUITS ASSORTIS 400G  20",66.99,4,SUPERMARKET
FAR,08577,"PETIT MOULIN BONBONS FRUITS ASSORTIS 400G  20",66.99,13,SUPERMARKET
FAR,08631,"SERVING BOWL MELAMINE 9 INCHES ZHN G2010S",14.9,1,"HOUSEWARE & KITCHENWARE"
HAA,08631,"SERVING BOWL MELAMINE 9 INCHES ZHN G2010S",14.9,7,"HOUSEWARE & KITCHENWARE"
MSS,08642,"RUBICON STILL MANGO JUICE  1L 12",36.99,10,SUPERMARKET
MSS,08762,"ELLEVIRE BLUEBERRY DAIRY DESSERT 4X125GX6 500G",62.99,40,SUPERMARKET
M05,08763,"COUNTRE MILK BANANA 500ML 18",35.99,9,SUPERMARKET
ACH,08765,"COUNTRE MILK STRAWBERRY 500ML 18",35.99,1,SUPERMARKET
MSS,08768,"ELLEVIRE LONG LIFE SEMISKIMMED MILK 1L 6",42.99,65,SUPERMARKET
FAR,08768,"ELLEVIRE LONG LIFE SEMISKIMMED MILK 1L 6",42.99,11,SUPERMARKET
SPN,08770,"COUNTRE MILK CHOCOLATE 500ML 18",35.99,153,SUPERMARKET
TMP,08770,"COUNTRE MILK CHOCOLATE 500ML 18",35.99,1,SUPERMARKET
KCS,08770,"COUNTRE MILK CHOCOLATE 500ML 18",35.99,6,SUPERMARKET
KAS,08770,"COUNTRE MILK CHOCOLATE 500ML 18",35.99,11,SUPERMARKET
M03,08771,"ELLEVIRE BLUEBERRY DAIRY DESSERT 01FAT 4X125GX6",64.99,12,SUPERMARKET
SPN,08772,"COUNTRE MILK VANILLA 500ML 18",35.99,90,SUPERMARKET
MDN,08772,"COUNTRE MILK VANILLA 500ML 18",35.99,16,SUPERMARKET
M03,08772,"COUNTRE MILK VANILLA 500ML 18",35.99,9,SUPERMARKET
LFS,08772,"COUNTRE MILK VANILLA 500ML 18",35.99,35,SUPERMARKET
ADB,08775,"EMBORG  FULL CREAM UHT MILK 1L 12",43.99,3,SUPERMARKET
M03,08780,"ELLEVIRE MIXED BERRIES DAIRY DESSERT 4X125G 6",64.99,8,SUPERMARKET
TMP,08780,"ELLEVIRE MIXED BERRIES DAIRY DESSERT 4X125G 6",64.99,5,SUPERMARKET
SPN,08784,"ELLEVIRE LONG LIFE SKIMMED MILK 1L 6",39.99,142,SUPERMARKET
M03,08789,"ELLEVIRE YAGGO DAIRY DESSERT BANANA 4X125G 6",59.99,3,SUPERMARKET
KAS,08789,"ELLEVIRE YAGGO DAIRY DESSERT BANANA 4X125G 6",59.99,6,SUPERMARKET
SPN,08791,"SMA INFANT FORMULA MILK GOLD 400G 12",175.99,24,SUPERMARKET
KCS,08791,"SMA INFANT FORMULA MILK GOLD 400G 12",175.99,13,SUPERMARKET
KAS,08792,"ELLEVIRE YAGGO DAIRY DESSERT STRAWBERRY 4X125G 6",59.99,7,SUPERMARKET
MDN,08813,"WC NET INTENSE GEL LAVENDER FRESH 750ML  12",52.99,10,SUPERMARKET
M04,08813,"WC NET INTENSE GEL LAVENDER FRESH 750ML  12",52.99,3,SUPERMARKET
KS7,08818,"WC NET INTENSE GEL  OCEAN FRESH   750ML  12",53.99,21,SUPERMARKET
M05,08833,"FAULTLESS SPRAY STARCH MTLAVENDER 567G 12",59.99,6,SUPERMARKET
GBA,08833,"FAULTLESS SPRAY STARCH MTLAVENDER 567G 12",59.99,8,SUPERMARKET
GBA,08835,"FAULTLESS HEAVY SPRAY STARCH LEMON 567G 12",59.99,10,SUPERMARKET
KAS,08932,"MAXIME MUSHROOM SLICES 850G 12",99.99,12,SUPERMARKET
ACH,08934,"ORO INSECTICIDE 405 DOUBLE ACTION 300ML 24",30.99,9,SUPERMARKET
LFS,09084,"SCHICK EFFECTS PLUS 1X24X12 CARTRIDE WOMEN 3PCS",12.99,34,SUPERMARKET
FAR,09134,"TASTY TOM TOMATO PASTE 2200G 6",82.99,12,SUPERMARKET
M03,09140,"ROYAL AROMA VIETNAM  RICE 5KG 5",99.99,-3,SUPERMARKET
M04,09176,"NEDERBURG SAUVIGNON BLANC WINE 750ML 6",172.99,10,SUPERMARKET
ACH,09176,"NEDERBURG SAUVIGNON BLANC WINE 750ML 6",172.99,1,SUPERMARKET
KAS,09185,"CASILLERO DEL DIABLO MERLOT WINE 750ML  6",229.99,2,SUPERMARKET
KAS,09224,"ALWAYS ULTRA THIN LONG WITH WINGS 8PADS X 16",23.99,4,SUPERMARKET
SPN,09239,"SANKOFA PLANTAIN CHIPS SPICY SWEET CHILI 50G  25",14.99,20,SUPERMARKET
KS7,09262,"TANQUERAY DRY GIN 75CL 12",339.99,2,SUPERMARKET
LFS,09271,"DUREX CLASSIC  EXCITA CONDOMS  3  X 24",34.99,27,SUPERMARKET
MDN,09271,"DUREX CLASSIC  EXCITA CONDOMS  3  X 24",34.99,17,SUPERMARKET
LFS,09274,"DUREX ELITE CONDOMS  3 24",34.99,24,SUPERMARKET
MSS,09292,"CHTOURA GARDENS COARSE WHITE BUL0GUR 900G 10",23.99,6,SUPERMARKET
M03,09301,"CHTOURA GARDENS MOGHRABIEH 900G 10",37.99,11,SUPERMARKET
LFS,09307,"CHTOURA GARDENS ROSE WATER 250ML 24",16.99,10,SUPERMARKET
KAS,09345,"NEDERBURG WINEMASTERS CHARDONNAY WINE 750ML 6",172.99,1,SUPERMARKET
FAR,09368,"NEDERBURG FOUNDATION ROSE WINE 750ML 6",174.99,5,SUPERMARKET
TMP,09467,"BADIA GARLIC POWDER 8505G  8",44.99,2,SUPERMARKET
M05,09467,"BADIA GARLIC POWDER 8505G  8",44.99,7,SUPERMARKET
SPN,09467,"BADIA GARLIC POWDER 8505G  8",44.99,16,SUPERMARKET
SPN,09469,"BADIA ANISE SEED 8175OZ   8",46.49,3,SUPERMARKET
ACH,09472,"BADIA  BAZIL SWEET 213G  8",44.99,21,SUPERMARKET
HAA,09473,"BADIA CINNAMON POWDER 567G  8",50.49,4,SUPERMARKET
LFS,09473,"BADIA CINNAMON POWDER 567G  8",50.49,10,SUPERMARKET
ACH,09478,"BADIA CURRY POWDER 567G  8",44.99,11,SUPERMARKET
MAS,09478,"BADIA CURRY POWDER 567G  8",44.99,11,SUPERMARKET
TMP,09478,"BADIA CURRY POWDER 567G  8",44.99,3,SUPERMARKET
M04,09478,"BADIA CURRY POWDER 567G  8",44.99,9,SUPERMARKET
MAS,09480,"BADIA GROUND BLACK PEPPER 567G  8",51.99,8,SUPERMARKET
KCS,09484,"BADIA POULTRY SEASONING BLEND 1559G  6",74.99,3,SUPERMARKET
MAS,09484,"BADIA POULTRY SEASONING BLEND 1559G  6",74.99,10,SUPERMARKET
SPN,09484,"BADIA POULTRY SEASONING BLEND 1559G  6",74.99,3,SUPERMARKET
TMP,09485,"BADIA STEAK SEASONING 1843G  6",79.99,5,SUPERMARKET
LFS,09486,"BADIA LEMON  PEPPER SEASONING 1843G  6",84.99,5,SUPERMARKET
KCS,09486,"BADIA LEMON  PEPPER SEASONING 1843G  6",84.99,2,SUPERMARKET
KS7,09486,"BADIA LEMON  PEPPER SEASONING 1843G  6",84.99,9,SUPERMARKET
LFS,09488,"BADIA GARLIC GROUND PARSLEY 1417G  6",99.99,6,SUPERMARKET
LFS,09489,"BADIA ITALIAN SEASONING 354G  6",76.99,8,SUPERMARKET
ACH,09489,"BADIA ITALIAN SEASONING 354G  6",76.99,10,SUPERMARKET
HAA,09492,"BADIA 1225OZ OREGANO WHOLE 142G 8",44.99,6,SUPERMARKET
KS7,09496,"BADIA ADOBO WITHOUT  PEPPER 3614G  12",89.99,14,SUPERMARKET
LFS,09498,"BADIA GINGER GROUND 12OZ  6",199.99,2,SUPERMARKET
MDN,09498,"BADIA GINGER GROUND 12OZ  6",199.99,23,SUPERMARKET
HAA,09498,"BADIA GINGER GROUND 12OZ  6",199.99,7,SUPERMARKET
SPN,09498,"BADIA GINGER GROUND 12OZ  6",199.99,7,SUPERMARKET
TMP,09499,"BADIA SEASONING COMPLETE 12OZ  12",99.99,9,SUPERMARKET
ADB,09513,"BADIA GROUND TUMERIC 1984G  12",109.99,8,SUPERMARKET
SPN,09513,"BADIA GROUND TUMERIC 1984G  12",109.99,10,SUPERMARKET
LFS,09515,"BADIA JERK SEASONING 1417G  6",80.99,-1,SUPERMARKET
KS7,09523,"BADIA CINNAMON POWDER 1134G  6",79.99,11,SUPERMARKET
HAA,09529,"BADIA FAJITA SEASONING 5954G  6",209.99,6,SUPERMARKET
LFS,09608,"COGNAC REMY MARTIN VSOP 700 ML  6",849.99,3,SUPERMARKET
KAS,09608,"COGNAC REMY MARTIN VSOP 700 ML  6",849.99,8,SUPERMARKET
KS7,09684,"BAMBINO VERMICELLIROASTED 200G  104",13.99,5,SUPERMARKET
FAR,09869,"SERVING TRAY MELAMINE 18 INCHES ZHN 803618",39.9,19,"HOUSEWARE & KITCHENWARE"
LFS,09869,"SERVING TRAY MELAMINE 18 INCHES ZHN 803618",39.9,27,"HOUSEWARE & KITCHENWARE"
KS7,09912,"GINO TOMATO PASTE 22KG 6",69.99,18,SUPERMARKET
TMP,09912,"GINO TOMATO PASTE 22KG 6",69.99,3,SUPERMARKET
HAA,09912,"GINO TOMATO PASTE 22KG 6",69.99,2,SUPERMARKET
TMP,09915,"POMO TOMATO PASTE 22KG 6",69.99,10,SUPERMARKET
MSS,09945,"FOXS CHOCOLATEY MILK CHOCOLATE ROUNDS 130G X 12",49.99,12,SUPERMARKET
KAS,09949,"FOX PARTY RING MINIS10X6X21G",34.99,1,SUPERMARKET
KCS,09978,"NESTLE LION WHITE DUO 30GX2  30",28.99,18,SUPERMARKET
FAR,09978,"NESTLE LION WHITE DUO 30GX2  30",28.99,5,SUPERMARKET
MDN,09991,"GLUE RAT TRAP BOARD 16X215CM LY8802",11.99,21,"HARDWARE & BUILDING MATERIAL"
SPN,09991,"GLUE RAT TRAP BOARD 16X215CM LY8802",11.99,46,"HARDWARE & BUILDING MATERIAL"
MSS,100031,"NANAS RICE LONG GRAIN RICE 5 BROKENNESS 45KG 5",140.99,27,SUPERMARKET
M03,100052,"DOVE BABY HEAD TO TOE WASH RICH 400ML  6",59.99,3,SUPERMARKET
HAA,100059,"STORAGE RACK WWHEELS 4 LAYER PLASTIC 7073 YWU",199,1,"HOUSEWARE & KITCHENWARE"
TMP,100059,"STORAGE RACK WWHEELS 4 LAYER PLASTIC 7073 YWU",199,1,"HOUSEWARE & KITCHENWARE"
MSS,100078,"DOVE HAND AND BODY LOTION EXDRY 400ML  12",77.99,2,SUPERMARKET
SPN,100093,"BEAUTY FORMULA FLOURIDE CHARCOAL TOOTHPASTE 125ML",29.99,129,SUPERMARKET
TMP,100242,"CELLO HOTPOT REGENT 2P 11001600ML",99,-2,"HOUSEWARE & KITCHENWARE"
LFS,100245,"BEDSHEET SET KINGSIZE 125GSM 3P KBS77",179,86,"HOME DECOR & TEXTILES"
ACH,100245,"BEDSHEET SET KINGSIZE 125GSM 3P KBS77",179,11,"HOME DECOR & TEXTILES"
MSS,100245,"BEDSHEET SET KINGSIZE 125GSM 3P KBS77",179,18,"HOME DECOR & TEXTILES"
MAS,100246,"BEDSHEET SET QUEENSIZE 125GSM 3PCS QBS76",159,12,"HOME DECOR & TEXTILES"
KS7,100246,"BEDSHEET SET QUEENSIZE 125GSM 3PCS QBS76",159,20,"HOME DECOR & TEXTILES"
FAR,100246,"BEDSHEET SET QUEENSIZE 125GSM 3PCS QBS76",159,11,"HOME DECOR & TEXTILES"
M04,100300,"MARTINI ASTI SPARK WINE 750ML  6",204.99,2,SUPERMARKET
HAA,100336,"GAS REGULATOR WMETER V80",95,12,"GAS COOKER & ACCESSORIES"
ACH,10035,"BAILEYS IRISH CREAM 200ML 24",123.99,92,SUPERMARKET
M05,10035,"BAILEYS IRISH CREAM 200ML 24",123.99,2,SUPERMARKET
LFS,100358,"STANDING ELECTRIC BLACKBOARD 60X80CM",429,1,STATIONERY
SPN,100359,"HANGING ELECTRIC BLACKBOARD 5070CM",289,8,STATIONERY
LFS,100359,"HANGING ELECTRIC BLACKBOARD 5070CM",289,21,STATIONERY
KS7,100362,"KIDS PUZZLE 60PCS 6DESIGN MIX",19.99,37,"TOYS AND ENTERTAINMENT"
KS7,100401,"KAREES NATURAL BROWN SUGAR BOTTLE 18K 6",67.99,8,SUPERMARKET
MAS,100401,"KAREES NATURAL BROWN SUGAR BOTTLE 18K 6",67.99,4,SUPERMARKET
M04,100401,"KAREES NATURAL BROWN SUGAR BOTTLE 18K 6",67.99,15,SUPERMARKET
MDN,100405,"KAREES NATURAL BROWN SUGAR BOTTLE 800G 12",33.99,12,SUPERMARKET
M04,100405,"KAREES NATURAL BROWN SUGAR BOTTLE 800G 12",33.99,19,SUPERMARKET
TMP,100405,"KAREES NATURAL BROWN SUGAR BOTTLE 800G 12",33.99,17,SUPERMARKET
KS7,100407,"GLOBE DRINKING CABINET W 3 LEGS MG45045WW15",2699,1,FURNITURE
LFS,100409,"GLOBE DRINKS TROLLEY CABINET CG42004NN07",2399,1,FURNITURE
FAR,100410,"KAREES NATURAL BROWN SUGAR BOTTLE  400G 20",19.99,19,SUPERMARKET
TMP,100410,"KAREES NATURAL BROWN SUGAR BOTTLE  400G 20",19.99,21,SUPERMARKET
MSS,100410,"KAREES NATURAL BROWN SUGAR BOTTLE  400G 20",19.99,12,SUPERMARKET
TMP,100420,"KAREES NATURAL WHITE SUGAR  BOTTLE 400G 20",19.99,20,SUPERMARKET
MDN,100420,"KAREES NATURAL WHITE SUGAR  BOTTLE 400G 20",19.99,15,SUPERMARKET
ADB,100420,"KAREES NATURAL WHITE SUGAR  BOTTLE 400G 20",19.99,20,SUPERMARKET
FAR,100420,"KAREES NATURAL WHITE SUGAR  BOTTLE 400G 20",19.99,24,SUPERMARKET
LFS,100505,"LONG MOUNTAIN NATURAL SWEET WHITE WINE 750ML 6",65.99,17,SUPERMARKET
MAS,100506,"LONG MOUNTAIN NATURAL SWEET RED WINE 750ML 6",65.99,10,SUPERMARKET
M04,100506,"LONG MOUNTAIN NATURAL SWEET RED WINE 750ML 6",65.99,43,SUPERMARKET
LFS,100554,"CURTAIN DAMASK 2PCS NAVY 02PA60553F",149,1,"HOME DECOR & TEXTILES"
M04,100657,"MASTERCHEF SKIMMER BLACK NYLON MC14309F RJK",14.9,10,"HOUSEWARE & KITCHENWARE"
LFS,100657,"MASTERCHEF SKIMMER BLACK NYLON MC14309F RJK",14.9,18,"HOUSEWARE & KITCHENWARE"
KS7,100657,"MASTERCHEF SKIMMER BLACK NYLON MC14309F RJK",14.9,18,"HOUSEWARE & KITCHENWARE"
MDN,100657,"MASTERCHEF SKIMMER BLACK NYLON MC14309F RJK",14.9,14,"HOUSEWARE & KITCHENWARE"
MAS,100658,"MASTERCHEF PIZZA CUTTER BLACK MC32009 RJK",19.9,14,"HOUSEWARE & KITCHENWARE"
ACH,100658,"MASTERCHEF PIZZA CUTTER BLACK MC32009 RJK",19.9,26,"HOUSEWARE & KITCHENWARE"
MAS,100666,"MASTERCHEF SKIMMER NYLON MC32209 RJK",19.9,17,"HOUSEWARE & KITCHENWARE"
TMP,100666,"MASTERCHEF SKIMMER NYLON MC32209 RJK",19.9,7,"HOUSEWARE & KITCHENWARE"
HAA,100666,"MASTERCHEF SKIMMER NYLON MC32209 RJK",19.9,12,"HOUSEWARE & KITCHENWARE"
SPN,100686,"BOTTLE AND CAN OPENER CA6204 RJK",6.9,4,"HOUSEWARE & KITCHENWARE"
SPN,100696,"FLOOR LAMP ADJUSTABLE WSPRINGS",479,18,"HOME DECOR & TEXTILES"
FAR,100732,"HANDRAIL LSHAPE 60X40CM 2W003",239,18,"HARDWARE & BUILDING MATERIAL"
ACH,100732,"HANDRAIL LSHAPE 60X40CM 2W003",239,5,"HARDWARE & BUILDING MATERIAL"
ACH,100739,"CLEANING DUSTER 90M POLYESTER SSTEEL YWU",39.9,13,"HOUSEWARE & KITCHENWARE"
SPN,10075,"ELLEVIRE SALTED BUTTER ROLLS 250G 12",89.99,32,SUPERMARKET
SPN,100776,"CASIO MUSICAL  KEYBOARD  CTX800C2",4689,1,"ELECTRONICS & TELECOM"
TMP,100785,"TRAMPOLINE 6FT WSAFETY NETPADDING AX00163",1699,3,"SPORTS & FITNESS"
SPN,100785,"TRAMPOLINE 6FT WSAFETY NETPADDING AX00163",1699,5,"SPORTS & FITNESS"
M03,100792,"FLIRT PURE DISTILLED VODKA LEMON  375ALC 1L  6",133.99,3,SUPERMARKET
TMP,100792,"FLIRT PURE DISTILLED VODKA LEMON  375ALC 1L  6",133.99,5,SUPERMARKET
KCS,100792,"FLIRT PURE DISTILLED VODKA LEMON  375ALC 1L  6",133.99,8,SUPERMARKET
M04,100796,"ZOMBA GREEN COCKTAIL 0 ALC 750ML 6",42.49,10,SUPERMARKET
ADB,100796,"ZOMBA GREEN COCKTAIL 0 ALC 750ML 6",42.49,7,SUPERMARKET
KCS,100799,"ZOMBA YELLOW COCKTAIL 0 ALC 750ML 6",42.49,3,SUPERMARKET
KS7,100799,"ZOMBA YELLOW COCKTAIL 0 ALC 750ML 6",42.49,5,SUPERMARKET
GBA,100799,"ZOMBA YELLOW COCKTAIL 0 ALC 750ML 6",42.49,25,SUPERMARKET
TMP,100802,"ZOMBA PINK COCKTAIL 0 ALC 750ML 6",42.49,6,SUPERMARKET
MSS,100812,"LA SALUD ORIGINAL BLUE  DETERGENT 4L  4",139.99,2,SUPERMARKET
SPN,100814,"LA SALUD COLOR CLOTHING DETERGENT GEL 4L  4",139.99,6,SUPERMARKET
KS7,100817,"LA SALUD COCONUT DETERGENT 4L  4",139.99,4,SUPERMARKET
MSS,100827,"BOSCH JIGSAW 450W GST 650 06015A8000",949,2,"HARDWARE & BUILDING MATERIAL"
ACH,100831,"BOSCH SCREW DRIVER 12V GSB 120LI 06019G81L0UUU",1949,1,"HARDWARE & BUILDING MATERIAL"
LFS,100849,"PORTABLE PILATES STUDIO",115,4,"SPORTS & FITNESS"
FAR,100854,"PROTEIN SHAKER WMIXER 550ML",49,3,"SPORTS & FITNESS"
ACH,100888,"SAYONA HOME THEATRE 100W SHT1204BT",1599,2,"ELECTRONICS & TELECOM"
TMP,100888,"SAYONA HOME THEATRE 100W SHT1204BT",1599,3,"ELECTRONICS & TELECOM"
LFS,100898,"FRUTAIL MANGO NECTAR JUICE 1L  12",34.99,175,SUPERMARKET
KAS,100898,"FRUTAIL MANGO NECTAR JUICE 1L  12",34.99,7,SUPERMARKET
LFS,100968,"CURTAIN POLYESTER 52X84  WHANGER DRTH1493",129,8,"HOME DECOR & TEXTILES"
LFS,100969,"CURTAIN POLYESTER 52X84  WHANGER DRTH194",129,29,"HOME DECOR & TEXTILES"
FAR,100969,"CURTAIN POLYESTER 52X84  WHANGER DRTH194",129,6,"HOME DECOR & TEXTILES"
KS7,100977,"CURTAIN POLYESTER 54X84  WHANGER DRTH182",229,14,"HOME DECOR & TEXTILES"
HAA,100977,"CURTAIN POLYESTER 54X84  WHANGER DRTH182",229,12,"HOME DECOR & TEXTILES"
TMP,100981,"CURTAIN POLYESTER 54X84  WHANGER DRTH336",169,17,"HOME DECOR & TEXTILES"
LFS,100985,"CURTAIN POLYESTER 52X84 WHANGER DRTH158",159,27,"HOME DECOR & TEXTILES"
SPN,100987,"CURTAIN 3D POLYESTER 52X84  WHANGER FRBB 6240",129,54,"HOME DECOR & TEXTILES"
TMP,100987,"CURTAIN 3D POLYESTER 52X84  WHANGER FRBB 6240",129,15,"HOME DECOR & TEXTILES"
MSS,100987,"CURTAIN 3D POLYESTER 52X84  WHANGER FRBB 6240",129,16,"HOME DECOR & TEXTILES"
LFS,100990,"CURTAIN POLYESTER 52X84  WHANGER DRTH016",149,21,"HOME DECOR & TEXTILES"
FAR,100990,"CURTAIN POLYESTER 52X84  WHANGER DRTH016",149,3,"HOME DECOR & TEXTILES"
ACH,100990,"CURTAIN POLYESTER 52X84  WHANGER DRTH016",149,8,"HOME DECOR & TEXTILES"
TMP,100992,"CURTAIN POLYESTER 52X84 WHANGER DRTH2371",219,1,"HOME DECOR & TEXTILES"
MSS,100993,"CURTAIN POLYESTER 52X84  WHANGER  FRBB6421",129,10,"HOME DECOR & TEXTILES"
LFS,100993,"CURTAIN POLYESTER 52X84  WHANGER  FRBB6421",129,34,"HOME DECOR & TEXTILES"
KS7,100993,"CURTAIN POLYESTER 52X84  WHANGER  FRBB6421",129,11,"HOME DECOR & TEXTILES"
MSS,101008,"CURTAIN POLYESTER 52X84 DRZGB191",119,16,"HOME DECOR & TEXTILES"
LFS,101008,"CURTAIN POLYESTER 52X84 DRZGB191",119,13,"HOME DECOR & TEXTILES"
TMP,101008,"CURTAIN POLYESTER 52X84 DRZGB191",119,12,"HOME DECOR & TEXTILES"
FAR,101008,"CURTAIN POLYESTER 52X84 DRZGB191",119,11,"HOME DECOR & TEXTILES"
MDN,101009,"CURTAIN POLYESTER 52X84 WHANGER DRZGB192",119,13,"HOME DECOR & TEXTILES"
MSS,101010,"CURTAIN POLYESTER 52X84 WHANGER BLK33",129,8,"HOME DECOR & TEXTILES"
TMP,101010,"CURTAIN POLYESTER 52X84 WHANGER BLK33",129,17,"HOME DECOR & TEXTILES"
SPN,101013,"CURTAIN POLYESTER 52X84  WHANGER BLK95",129,30,"HOME DECOR & TEXTILES"
SPN,101014,"CURTAIN POLYESTER 52X84  WHANGER BLK96",119,11,"HOME DECOR & TEXTILES"
KS7,101014,"CURTAIN POLYESTER 52X84  WHANGER BLK96",119,13,"HOME DECOR & TEXTILES"
MSS,101017,"CURTAIN POLYESTER 52X84 WHANGER ZGB097",199,10,"HOME DECOR & TEXTILES"
LFS,101020,"CURTAIN POLYESTER 52X84  WHANGER DRXH180142",109,52,"HOME DECOR & TEXTILES"
TMP,101023,"CURTAIN POLYESTER 52X84 WHANGER DRXH002",109,8,"HOME DECOR & TEXTILES"
FAR,101023,"CURTAIN POLYESTER 52X84 WHANGER DRXH002",109,6,"HOME DECOR & TEXTILES"
MAS,101023,"CURTAIN POLYESTER 52X84 WHANGER DRXH002",109,11,"HOME DECOR & TEXTILES"
ACH,101026,"CURTAIN POLYESTER 54X84 WHANGER DRXH180141",109,4,"HOME DECOR & TEXTILES"
MSS,101026,"CURTAIN POLYESTER 54X84 WHANGER DRXH180141",109,1,"HOME DECOR & TEXTILES"
TMP,101026,"CURTAIN POLYESTER 54X84 WHANGER DRXH180141",109,7,"HOME DECOR & TEXTILES"
TMP,101058,"N0 8 SEAFOODS RINGS CHIPS 20G  60",1.69,10,SUPERMARKET
LFS,101058,"N0 8 SEAFOODS RINGS CHIPS 20G  60",1.69,55,SUPERMARKET
MSS,101058,"N0 8 SEAFOODS RINGS CHIPS 20G  60",1.69,180,SUPERMARKET
MAS,101061,"N0 8 CHEESE RINGS CHIPS 20G  60",1.69,7,SUPERMARKET
MSS,101061,"N0 8 CHEESE RINGS CHIPS 20G  60",1.69,120,SUPERMARKET
TMP,101062,"N0 8  BANANA FINGERS CHIPS 20G  60",1.69,36,SUPERMARKET
LFS,101063,"N0 8 CHOCOLATE FINGERS CHIPS 20G  60",1.69,49,SUPERMARKET
MSS,101063,"N0 8 CHOCOLATE FINGERS CHIPS 20G  60",1.69,110,SUPERMARKET
MAS,101063,"N0 8 CHOCOLATE FINGERS CHIPS 20G  60",1.69,52,SUPERMARKET
MAS,101064,"N0 8 CORN CONES CHIPS 20G 60",1.69,28,SUPERMARKET
KS7,101066,"BINATONE KITCHEN MACHINE 4L 1000W KM1000",2049,1,"ELECTRICAL APPLIANCES"
M05,101073,"APTAMIL PRONUTRA GROWING UP 3 MILK 12 YRS 800G 6",351.99,1,SUPERMARKET
LFS,101073,"APTAMIL PRONUTRA GROWING UP 3 MILK 12 YRS 800G 6",351.99,21,SUPERMARKET
SPN,101073,"APTAMIL PRONUTRA GROWING UP 3 MILK 12 YRS 800G 6",351.99,5,SUPERMARKET
ADB,101077,"PERLA LUXURY MOISTURIZING SOAP ROSE 175G  18",9.99,17,SUPERMARKET
KCS,101078,"PERLA LUXURY MOISTSOAP ALOE VERA GREEN  175G  18",9.99,2,SUPERMARKET
M03,101078,"PERLA LUXURY MOISTSOAP ALOE VERA GREEN  175G  18",9.99,2,SUPERMARKET
ACH,101079,"TOPCO MULTIPURPOSE SOAP 300G   36",7.09,24,SUPERMARKET
KAS,101080,"TOPCO MULTIPURPOSE SOAP 150G   48",4.29,-1,SUPERMARKET
KS7,101085,"ARTIFICIAL LUSH GREEN GRASS CARPET 3MX4M FG3X4",729,1,"HOME DECOR & TEXTILES"
HAA,101086,"ARTIFICIAL LUSH GREEN GRASS CARPET 2MX4M FG2X4",479,1,"HOME DECOR & TEXTILES"
KS7,101087,"ARTIFICIAL LUSH GREEN GRASS CARPET 1MX4M FG1X4",249,7,"HOME DECOR & TEXTILES"
KS7,101088,"AKAI KETTLE 18L 1800W SS GREY EK029A18GE",279,2,"ELECTRICAL APPLIANCES"
FAR,101088,"AKAI KETTLE 18L 1800W SS GREY EK029A18GE",279,4,"ELECTRICAL APPLIANCES"
LFS,101088,"AKAI KETTLE 18L 1800W SS GREY EK029A18GE",279,10,"ELECTRICAL APPLIANCES"
ACH,101130,"GOLDEN TREE TQ PREMIUM 90 DARK CHOCOLATE 100G 100",38.49,9,SUPERMARKET
MSS,101130,"GOLDEN TREE TQ PREMIUM 90 DARK CHOCOLATE 100G 100",38.49,228,SUPERMARKET
LFS,101131,"GOLDEN TREE TQ PREMIUM 70 DARK CHOCOLATE 100G 100",38.49,350,SUPERMARKET
TMP,101131,"GOLDEN TREE TQ PREMIUM 70 DARK CHOCOLATE 100G 100",38.49,440,SUPERMARKET
SPN,101131,"GOLDEN TREE TQ PREMIUM 70 DARK CHOCOLATE 100G 100",38.49,612,SUPERMARKET
KAS,101131,"GOLDEN TREE TQ PREMIUM 70 DARK CHOCOLATE 100G 100",38.49,145,SUPERMARKET
SPN,101132,"GOLDEN TREE TQ PREMIUM 80 DARK CHOCOLATE 100G 100",38.49,627,SUPERMARKET
SPN,101176,"FOAM SHOULDER SUPPORT FOR WEIGHT BAR GT04",69,16,"SPORTS & FITNESS"
LFS,101181,"PUNCHING BAG MAX 45KG WATER FILLED LPB2411",459,4,"SPORTS & FITNESS"
KS7,101184,"BOXING GLOVES 12OZ LBQ231212OZ",265,12,"SPORTS & FITNESS"
KS7,101185,"BOXING GLOVES 14OZ LBQ231214OZ",219,14,"SPORTS & FITNESS"
SPN,101185,"BOXING GLOVES 14OZ LBQ231214OZ",219,1,"SPORTS & FITNESS"
KS7,101186,"BOXING GLOVES 16OZ LBQ231216OZ",265,12,"SPORTS & FITNESS"
LFS,101186,"BOXING GLOVES 16OZ LBQ231216OZ",265,15,"SPORTS & FITNESS"
FAR,101187,"WEIGHT LIFTING BELT 60CM CHAIN LPG1011",69,15,"SPORTS & FITNESS"
KS7,101203,"RESISTANCE BAND 45MM  LKC94145MM",195,4,"SPORTS & FITNESS"
ACH,101207,"SPEED PARACHUTE LKC942",85,23,"SPORTS & FITNESS"
KS7,101208,"WEIGHT LIFTING BELT VELCRO LPG1007",89,3,"SPORTS & FITNESS"
MDN,101216,"WEIGHT BENCH LKM103",2199,1,"SPORTS & FITNESS"
LFS,101251,"JAISALMER INDIAN CRAFT GIN 750ML  6",559.99,28,SUPERMARKET
MSS,101251,"JAISALMER INDIAN CRAFT GIN 750ML  6",559.99,30,SUPERMARKET
TMP,101292,"MOP TWISTED LIGHT BLUE WGREEN STRIPES SM200B RJK",59,23,"HOUSEWARE & KITCHENWARE"
SPN,101292,"MOP TWISTED LIGHT BLUE WGREEN STRIPES SM200B RJK",59,4,"HOUSEWARE & KITCHENWARE"
ACH,101292,"MOP TWISTED LIGHT BLUE WGREEN STRIPES SM200B RJK",59,21,"HOUSEWARE & KITCHENWARE"
M04,101292,"MOP TWISTED LIGHT BLUE WGREEN STRIPES SM200B RJK",59,8,"HOUSEWARE & KITCHENWARE"
M05,101386,"TASTY TOM JELLOF MIX 60G  50",3.79,143,SUPERMARKET
ADB,101386,"TASTY TOM JELLOF MIX 60G  50",3.79,67,SUPERMARKET
HAA,101408,"SHOE RACK 5LAYER 60X23X82CM SSTEEL F165 YWU",149,8,"HOUSEWARE & KITCHENWARE"
TMP,101422,"CHEF KNIFE 8INCHES WWOODEN HANDLE ER588B YWU",39.9,10,"HOUSEWARE & KITCHENWARE"
FAR,101422,"CHEF KNIFE 8INCHES WWOODEN HANDLE ER588B YWU",39.9,6,"HOUSEWARE & KITCHENWARE"
MAS,101422,"CHEF KNIFE 8INCHES WWOODEN HANDLE ER588B YWU",39.9,7,"HOUSEWARE & KITCHENWARE"
TMP,101450,"2PCS SHORT SET ACTIVE WOMEN URBANOVA ASO434",119,11,"GARMENTS AND FOOTWEAR"
FAR,101459,"MEN SUMMER SHORTS HMD",99,25,"GARMENTS AND FOOTWEAR"
KS7,101470,"SLOTTED SPOON LONG CATERING SS 40CMS SC0107",9.9,19,"HOUSEWARE & KITCHENWARE"
KCS,101473,"PASCUAL YOGIKIDS YOGURT STRAWBERRY BANANA 125G 6",58.99,2,SUPERMARKET
LFS,101473,"PASCUAL YOGIKIDS YOGURT STRAWBERRY BANANA 125G 6",58.99,1,SUPERMARKET
SPN,101475,"PASCUAL YOGI KIDS YOGURT PEACH 125G 6",58.99,1,SUPERMARKET
ACH,101485,"B4L MEN TWILL JOGGER PO772",169,3,"GARMENTS AND FOOTWEAR"
KS7,101509,"CORE ROUND NECK TSHIRT MEN ASSORTED CLR",55,3,"GARMENTS AND FOOTWEAR"
SPN,101586,"MANS SANDO 2 PCS SET SANDO  SHORT",129,1,"GARMENTS AND FOOTWEAR"
MDN,101589,"BOYS SHORTS PRINTED",45,19,"GARMENTS AND FOOTWEAR"
LFS,101598,"GIRLS JOGGERS",59,19,"GARMENTS AND FOOTWEAR"
TMP,101600,"TSHIRT GIRLS 16YRS",49,5,"GARMENTS AND FOOTWEAR"
SPN,101691,"CELERY STICKS IMPORT  PACK",112.99,105,SUPERMARKET
M03,101691,"CELERY STICKS IMPORT  PACK",112.99,10,SUPERMARKET
MSS,101747,"SLOTTED TURNER LONG CATERING SS 43CMS SC0111",9.9,8,"HOUSEWARE & KITCHENWARE"
LFS,101759,"EL OLIVERAL POMACE EXTRA VIRGIN OLIVE OIL 500ML12",119.99,12,SUPERMARKET
ACH,101759,"EL OLIVERAL POMACE EXTRA VIRGIN OLIVE OIL 500ML12",119.99,14,SUPERMARKET
KCS,101759,"EL OLIVERAL POMACE EXTRA VIRGIN OLIVE OIL 500ML12",119.99,1,SUPERMARKET
M04,101759,"EL OLIVERAL POMACE EXTRA VIRGIN OLIVE OIL 500ML12",119.99,15,SUPERMARKET
M05,101762,"EL OLIVERAL POMACE  EXTRA VIRGIN OLIVE OIL 1L 12",215.99,19,SUPERMARKET
MDN,101824,"BATH TOWEL 68X137CM  ASTD BPVZTS2",129,2,"HOME DECOR & TEXTILES"
LFS,101850,"CELLO LUNCH BOX PLASTIC ENIGMA MEDIUM",29.9,2,"HOUSEWARE & KITCHENWARE"
KS7,101850,"CELLO LUNCH BOX PLASTIC ENIGMA MEDIUM",29.9,28,"HOUSEWARE & KITCHENWARE"
SPN,101852,"CELLO LUNCH BOX PLASTIC JINGLE SMALL",14.9,17,"HOUSEWARE & KITCHENWARE"
HAA,101864,"CELLO PET BOTTLE DIAMOND",29.9,2,"HOUSEWARE & KITCHENWARE"
MSS,101865,"FRIDGE BOTTLE 1000ML SQUARE H2O",34.9,13,"HOUSEWARE & KITCHENWARE"
MAS,101866,"CELLLO WATER CONTAINER H2OOCTA",9.9,5,"HOUSEWARE & KITCHENWARE"
LFS,10189,"VIMTO ZERO MIXED FRUITS DRINK 500ML 12",26.99,11,SUPERMARKET
SPN,101897,"KITCHEN TOWELS SET 3PCS WOVEN CHECK 16X24 DC652",24.9,69,"HOME DECOR & TEXTILES"
LFS,101897,"KITCHEN TOWELS SET 3PCS WOVEN CHECK 16X24 DC652",24.9,66,"HOME DECOR & TEXTILES"
TMP,101898,"3PCS KITCHEN LINEN SET COTTON ASSORTED",32.9,9,"HOME DECOR & TEXTILES"
MDN,101901,"MATA GREEN PEAS IN BRINE EO 400G  24",15.99,25,SUPERMARKET
MSS,101902,"MATA MIXED VEGETABLES IN BRINE EO 400G  24",17.49,35,SUPERMARKET
SPN,101902,"MATA MIXED VEGETABLES IN BRINE EO 400G  24",17.49,46,SUPERMARKET
M03,101902,"MATA MIXED VEGETABLES IN BRINE EO 400G  24",17.49,18,SUPERMARKET
ACH,101902,"MATA MIXED VEGETABLES IN BRINE EO 400G  24",17.49,31,SUPERMARKET
KS7,101902,"MATA MIXED VEGETABLES IN BRINE EO 400G  24",17.49,17,SUPERMARKET
M03,101916,"LACTASOY BENEFIT SOY BARISTA SOYMILK 1L  12",99.99,9,SUPERMARKET
SPN,101952,"CONTAINER SQUARE SET OF 7PCS PLASTIC 56587",69,13,"HOUSEWARE & KITCHENWARE"
MDN,101952,"CONTAINER SQUARE SET OF 7PCS PLASTIC 56587",69,7,"HOUSEWARE & KITCHENWARE"
ACH,101954,"BASKET LAUNDRY WMAT DESIGN PLAST JULIET 1421WLPB",149,5,"HOUSEWARE & KITCHENWARE"
SPN,101954,"BASKET LAUNDRY WMAT DESIGN PLAST JULIET 1421WLPB",149,27,"HOUSEWARE & KITCHENWARE"
HAA,101959,"CONTAINER ROUND SET OF 4PCS PLASTIC 5454",19.9,4,"HOUSEWARE & KITCHENWARE"
SPN,101959,"CONTAINER ROUND SET OF 4PCS PLASTIC 5454",19.9,19,"HOUSEWARE & KITCHENWARE"
MDN,101960,"BOWL PLASTIC WLID STORE FRESH  5PCS SET 54555",32.9,8,"HOUSEWARE & KITCHENWARE"
LFS,101961,"CONTAINER RECTANGULAR SET OF 6PCS PLASTIC 58066",69,27,"HOUSEWARE & KITCHENWARE"
ACH,101961,"CONTAINER RECTANGULAR SET OF 6PCS PLASTIC 58066",69,13,"HOUSEWARE & KITCHENWARE"
TMP,101961,"CONTAINER RECTANGULAR SET OF 6PCS PLASTIC 58066",69,2,"HOUSEWARE & KITCHENWARE"
MDN,101961,"CONTAINER RECTANGULAR SET OF 6PCS PLASTIC 58066",69,12,"HOUSEWARE & KITCHENWARE"
MAS,101961,"CONTAINER RECTANGULAR SET OF 6PCS PLASTIC 58066",69,6,"HOUSEWARE & KITCHENWARE"
MDN,101971,"BOWL SET 3PCS CLICKNSEAL 59653",59,7,"HOUSEWARE & KITCHENWARE"
LFS,101999,"CUTLERY TRAY 34X27X5CM PP452007",9.9,2,"HOUSEWARE & KITCHENWARE"
LFS,102021,"DUSTBIN GRYBLK PEDAL 50L 44X45X54CM PP207006",199,2,"HOUSEWARE & KITCHENWARE"
MSS,102021,"DUSTBIN GRYBLK PEDAL 50L 44X45X54CM PP207006",199,5,"HOUSEWARE & KITCHENWARE"
KS7,102028,"TOP LADIES NOSELEVES KGSL225",19,3,"GARMENTS AND FOOTWEAR"
FAR,102035,"TOP  PYJAMA SET CHILDREN KGSL228",65,11,"GARMENTS AND FOOTWEAR"
KCS,102085,"DOVE BABY SHAMPOO 200ML  6",44.99,1,SUPERMARKET
LFS,102089,"RADOX SHOWER GEL FEEL REVIVED 225ML 6",27.99,9,SUPERMARKET
SPN,102096,"RADOX SHOWER GEL FEEL RELAXED 500ML   6",42.99,5,SUPERMARKET
HAA,102099,"DOVE BODY WASH SOOTHING ALMOND 720ML  12",93.99,1,SUPERMARKET
MAS,102105,"AIRWICKER AUTO MACHINEREFILL ASSORTED 250ML  24",171.99,5,SUPERMARKET
MSS,102105,"AIRWICKER AUTO MACHINEREFILL ASSORTED 250ML  24",171.99,7,SUPERMARKET
ACH,102106,"GLADE AUTO REFILL ASSORTED 269ML 12",90.99,6,SUPERMARKET
TMP,102138,"ENKAKO CORNER MOULD CM2",44.9,8,"HARDWARE & BUILDING MATERIAL"
SPN,102143,"ENKAKO DECORATIVE CORNER MOULD DEK3",52,5,"HARDWARE & BUILDING MATERIAL"
MDN,102143,"ENKAKO DECORATIVE CORNER MOULD DEK3",52,1,"HARDWARE & BUILDING MATERIAL"
LFS,102144,"ENKAKO DECORATIVE CORNER MOULD DEK4",52,14,"HARDWARE & BUILDING MATERIAL"
M03,102177,"EVERPACK PAPA JUMBO MULTIPURPOSE TOWEL   6",49.99,1,SUPERMARKET
ACH,102177,"EVERPACK PAPA JUMBO MULTIPURPOSE TOWEL   6",49.99,3,SUPERMARKET
KS7,102192,"PLATINUM SUNFLOWER OIL 900ML  15",44.99,29,SUPERMARKET
TMP,102197,"BEAUTY FORMULA  MAKE UP REMOVER WIPES ALOE VERA 12",20.49,8,SUPERMARKET
SPN,102199,"BEAUTY FORMULAS FACIAL WIPE DEEP CLEANSING 30S 12",20.49,29,SUPERMARKET
KS7,102204,"BEAUTY FORMULAS FACIAL WIPES APRICOT 30S  12",20.49,6,SUPERMARKET
M04,102204,"BEAUTY FORMULAS FACIAL WIPES APRICOT 30S  12",20.49,12,SUPERMARKET
TMP,102246,"DOVE FM ROLL ON  CLEAN COMFORT 50ML  6",25.99,21,SUPERMARKET
SPN,102246,"DOVE FM ROLL ON  CLEAN COMFORT 50ML  6",25.99,54,SUPERMARKET
KCS,102254,"BODYCOLOGY MIST TOASTED SUGAR 237ML  12",77.99,7,SUPERMARKET
HAA,102259,"BODYCOLOGY MIST PURE WHITE GARDENIA 236ML 12",78.49,3,SUPERMARKET
M03,102259,"BODYCOLOGY MIST PURE WHITE GARDENIA 236ML 12",78.49,7,SUPERMARKET
SPN,102261,"KIDS QUICK BRUSH 2PK 36 YR PENGUIN 12",25.99,-1,SUPERMARKET
TMP,102269,"TASTY TOM JELLOF MIX SACHT 210G  24",11.99,120,SUPERMARKET
MSS,102269,"TASTY TOM JELLOF MIX SACHT 210G  24",11.99,48,SUPERMARKET
ACH,102276,"PEPSODENT TOOTHPASTE CHARCOAL WHITE  130G  72",24.49,457,SUPERMARKET
TMP,102276,"PEPSODENT TOOTHPASTE CHARCOAL WHITE  130G  72",24.49,92,SUPERMARKET
KCS,102276,"PEPSODENT TOOTHPASTE CHARCOAL WHITE  130G  72",24.49,46,SUPERMARKET
MAS,102312,"PEAK MILK POWDER GREEN SACHET 10 12 20G  12",26.99,64,SUPERMARKET
SPN,102313,"BRAGG APPLES CIDER VINEGAR 946ML  12",245.99,9,SUPERMARKET
ACH,102315,"TOILET BRUSH P8038",16.9,24,"HOUSEWARE & KITCHENWARE"
HAA,102315,"TOILET BRUSH P8038",16.9,5,"HOUSEWARE & KITCHENWARE"
ACH,102328,"YOMI YOGHURT STRAWBERRY FLAVOUR 2L 1",112.99,5,SUPERMARKET
MSS,102329,"YOMI YOGHURT VANILLA FLAVOUR 2L 1",112.99,10,SUPERMARKET
M03,102330,"YOMI YOGHURT ORIGINAL WITH WHEAT  2L 1",112.99,1,SUPERMARKET
MSS,102331,"YOMI YOGHURT STRAWBERRY WITH WHEAT 2L 1",112.99,10,SUPERMARKET
LFS,102349,"FLASH BOWL DISINFECTANT GREEN MINT IL  12",43.49,1,SUPERMARKET
M04,102349,"FLASH BOWL DISINFECTANT GREEN MINT IL  12",43.49,12,SUPERMARKET
KS7,102350,"ROSALINDA BAKED BEANS IN TOMATO SAUCE 420G  12",16.99,22,SUPERMARKET
SPN,102378,"MELCOM MEANNAN FRESH EGGS 20PCS  PACK",70.99,-2,SUPERMARKET
LFS,102385,"SOFA SET 321 BALIN",8490,1,FURNITURE
M03,10250,"HATARI VANILLA CREAM 190G X 7 PCS X 3 PACKS",12.99,14,SUPERMARKET
LFS,102502,"MOMEASY MANUAL BREAST PUMP 45607",139,9,"TOYS AND ENTERTAINMENT"
MSS,102506,"MOMEASY GIFT SET 7PCS FEEDING BOTTLE 45622",249,7,"TOYS AND ENTERTAINMENT"
MSS,102507,"MOMEASY WEANING BOWL WHEAT SENSING SPOON 45302",40.9,17,"TOYS AND ENTERTAINMENT"
MSS,102508,"MOMEASY ORTHODONTIC PACIFIER MEDIUM FLOW WCLIP",31.9,14,"TOYS AND ENTERTAINMENT"
MDN,102510,"MOMEASY PHYSIOLOGICAL PACIFIER FLOWS 45503",19.9,15,"TOYS AND ENTERTAINMENT"
KS7,102510,"MOMEASY PHYSIOLOGICAL PACIFIER FLOWS 45503",19.9,7,"TOYS AND ENTERTAINMENT"
SPN,102511,"MOMEASY STANDARD SILICON NIPPLES 2PCS FLOWS 45405",18.9,17,"TOYS AND ENTERTAINMENT"
ACH,102513,"MOMEASY APLUS BABY SPOON WFORK SET 45341",20.9,8,"TOYS AND ENTERTAINMENT"
MSS,102513,"MOMEASY APLUS BABY SPOON WFORK SET 45341",20.9,5,"TOYS AND ENTERTAINMENT"
MAS,102516,"MOMEASY MEDICINE DISPENSER WPLASTIC CASE 46072",36.9,2,"TOYS AND ENTERTAINMENT"
SPN,102518,"MOMEASY WIDE NECK FEEDING BOTTLE 8OZ WHANDLE",39,12,"TOYS AND ENTERTAINMENT"
LFS,102518,"MOMEASY WIDE NECK FEEDING BOTTLE 8OZ WHANDLE",39,14,"TOYS AND ENTERTAINMENT"
MAS,102518,"MOMEASY WIDE NECK FEEDING BOTTLE 8OZ WHANDLE",39,14,"TOYS AND ENTERTAINMENT"
MDN,102518,"MOMEASY WIDE NECK FEEDING BOTTLE 8OZ WHANDLE",39,5,"TOYS AND ENTERTAINMENT"
SPN,102524,"MOMEASY STANDARD FEEDING BOTTLE 8OZ 44614",30.9,9,"TOYS AND ENTERTAINMENT"
SPN,102525,"MOMEASY STANDARD FEEDING BOTTLE 4OZ 44613",28.9,1,"TOYS AND ENTERTAINMENT"
KCS,102538,"AHMAD TEA ENGLISH TEA NO 1 200G 12",95.99,9,SUPERMARKET
KAS,102539,"AHMAD TEA DARJEELING TEA 100G 12",104.99,12,SUPERMARKET
MSS,102541,"AHMAD TEA DETOX GINGER TEA 40G 6",44.49,5,SUPERMARKET
M04,102542,"AHMAD TEA LEMON  GINGER 40G  5",44.49,8,SUPERMARKET
KS7,102544,"AHMAD TEA  MINT MYSTIQUE 40G  6",37.99,6,SUPERMARKET
FAR,102548,"AHMAD TEA FRIUT SELCTION 40G  6",44.49,6,SUPERMARKET
KAS,102564,"BETTY CROCKER SUPER MOIST STRAWBER CAKEMIX 375G 12",46.99,1,SUPERMARKET
LFS,102566,"BETTY CROCKER SUPER MOIST WHITE CAKE MIX 403G 12",46.99,21,SUPERMARKET
MSS,102613,"CERES SEASONS TREASURES JUICE 1L 12",44.99,81,SUPERMARKET
SPN,102613,"CERES SEASONS TREASURES JUICE 1L 12",44.99,30,SUPERMARKET
MAS,102613,"CERES SEASONS TREASURES JUICE 1L 12",44.99,28,SUPERMARKET
KAS,102621,"NANEE YOGHURT UNSWEETENED PARTIALLY SKIMMED 500G 1",37.99,-4,SUPERMARKET
SPN,102624,"NANEE GREEK YOGHURT PLAIN 500G 1",62.49,-4,SUPERMARKET
FAR,102644,"GULLON DIGESTIVE SUGAR  FREE ZERO 245G  12",35.99,3,SUPERMARKET
KAS,102647,"GULLON TRADIZIONALE WHOLEGRAIN BISCUITS 280G 16",39.99,2,SUPERMARKET
TMP,102648,"GULLON FRUTTA  FIBRA BISCUITS 300G  16",42.99,17,SUPERMARKET
MSS,102696,"RULER 30CM SUPREME EXECUTIVE ST187",6.99,2,STATIONERY
SPN,102699,"PROTRACTOR 180MM JUNIOR ST207",1,692,STATIONERY
HAA,102699,"PROTRACTOR 180MM JUNIOR ST207",1,21,STATIONERY
HAA,102703,"LETTER GUIDE STENCIL 15MM ST549",1,35,STATIONERY
ACH,102730,"SPARTAN BRAVO  LIQUID LAUNDRY DETERGENT  3 L  4",141.99,1,SUPERMARKET
HAA,102731,"SPARTAN GERMEX DISINFECTANT  CLEANER  12 L  12",41.49,16,SUPERMARKET
MAS,102731,"SPARTAN GERMEX DISINFECTANT  CLEANER  12 L  12",41.49,15,SUPERMARKET
FAR,102731,"SPARTAN GERMEX DISINFECTANT  CLEANER  12 L  12",41.49,4,SUPERMARKET
FAR,102734,"CELLO LUNCH BOX PLASTIC COMPANION",29.9,1,"HOUSEWARE & KITCHENWARE"
KCS,102735,"SPARTAN GERMEX DISINFECTANT  CLEANER  2 L   6",67.99,4,SUPERMARKET
SPN,102739,"SPARTAN SOFT FAB SOFTNER GREEN SPRING BREEZE 1L 12",76.49,18,SUPERMARKET
FAR,102739,"SPARTAN SOFT FAB SOFTNER GREEN SPRING BREEZE 1L 12",76.49,8,SUPERMARKET
KCS,102739,"SPARTAN SOFT FAB SOFTNER GREEN SPRING BREEZE 1L 12",76.49,11,SUPERMARKET
HAA,102739,"SPARTAN SOFT FAB SOFTNER GREEN SPRING BREEZE 1L 12",76.49,4,SUPERMARKET
LFS,102742,"SPARTAN SOFT FABRIC SOFTNER LAVENDAR  1L  12",76.49,1,SUPERMARKET
SPN,102744,"SPARTAN SOFT FABRIC SOFTNER PINK  1L  12",76.49,3,SUPERMARKET
KCS,102750,"SPARTAN SOFT FABRIC SOFTNER SKY BLUE 35L  4",220.99,1,SUPERMARKET
FAR,102827,"WATER STORAGE PLASTIC WELLO",19.9,1,"HOUSEWARE & KITCHENWARE"
HAA,102831,"AQUALIS BEAUTY SOAP ROSE 120G   60",8.49,28,SUPERMARKET
M04,102832,"AQUALIS BEAUTY SOAP SHEABUTTER 120G  60",8.49,25,SUPERMARKET
KS7,102835,"AQUALIS BEAUTY SOAP BLUE 200G  36",11.99,33,SUPERMARKET
HAA,102835,"AQUALIS BEAUTY SOAP BLUE 200G  36",11.99,4,SUPERMARKET
MDN,102845,"STOOL PLASTIC 477X540X600MM STOOL31",14.9,2,"HOUSEWARE & KITCHENWARE"
TMP,102864,"BATHROOM CORNER SHELF WHOLDER PLASTIC L00289",89,4,"HOUSEWARE & KITCHENWARE"
KS7,102888,"MICROWAVE BOWL COVER PLASTIC P7812",12.9,2,"HOUSEWARE & KITCHENWARE"
MDN,102935,"FRES SHOWER GEL ALOEVERA 500ML  24",20.99,16,SUPERMARKET
MDN,102937,"FRES SHOWER GEL COCOA 500ML  24",20.99,25,SUPERMARKET
M04,102944,"FRES SHOWER GEL ROSE 750ML   12",29.99,8,SUPERMARKET
LFS,102950,"FRES LIQUID SOAP ALOEVERA 350ML  24",17.99,24,SUPERMARKET
MAS,102950,"FRES LIQUID SOAP ALOEVERA 350ML  24",17.99,24,SUPERMARKET
HAA,102952,"FRES LIQUID SOAP FRUITS  350ML  24",17.99,33,SUPERMARKET
M03,102955,"FRES LIQUID SOAP MARINE 350ML  24",17.99,7,SUPERMARKET
FAR,102965,"BELAIR AIR FRESHENER LAVENDAR 150ML  36",11.99,61,SUPERMARKET
M04,102965,"BELAIR AIR FRESHENER LAVENDAR 150ML  36",11.99,29,SUPERMARKET
M04,102966,"BELAIR AIR FRESHENER ROSE 150ML  36",11.99,7,SUPERMARKET
MDN,102967,"BELAIR AIR FRESHENER TEXTILE 150ML  36",11.99,36,SUPERMARKET
HAA,102967,"BELAIR AIR FRESHENER TEXTILE 150ML  36",11.99,5,SUPERMARKET
FAR,102968,"BELAIR AIR FRESHENER VANILLA 150ML  36",11.99,12,SUPERMARKET
TMP,102968,"BELAIR AIR FRESHENER VANILLA 150ML  36",11.99,15,SUPERMARKET
MDN,102968,"BELAIR AIR FRESHENER VANILLA 150ML  36",11.99,16,SUPERMARKET
MSS,102970,"BELAIR AIR FRESHENER ORIENTAL 150ML  36",11.99,25,SUPERMARKET
HAA,102971,"JUMBO  SOAP SUCCESS CARROT 300G  30",15.99,13,SUPERMARKET
HAA,102977,"BABIYA  PERFUMED TALC POWDER 400G   36",23.49,2,SUPERMARKET
M04,102978,"BABYMED LOTION 800ML  12",44.99,2,SUPERMARKET
HAA,102980,"BABYMED SHOWER GEL 800ML  12",49.99,1,SUPERMARKET
MAS,102980,"BABYMED SHOWER GEL 800ML  12",49.99,3,SUPERMARKET
MSS,102990,"ZEFIR GLASS CLEANER 850ML  12",18.99,24,SUPERMARKET
MDN,103005,"STARS BODY MIST WHITE 90ML  48",13.49,7,SUPERMARKET
FAR,103005,"STARS BODY MIST WHITE 90ML  48",13.49,20,SUPERMARKET
MSS,103049,"DISH CLOTH SET 3PCS COTTON DESIGNER DC661",22.9,24,"HOME DECOR & TEXTILES"
MDN,103049,"DISH CLOTH SET 3PCS COTTON DESIGNER DC661",22.9,15,"HOME DECOR & TEXTILES"
ACH,103056,"MOP WMETAL HANDLE 120CM P8066",19.9,81,"HOUSEWARE & KITCHENWARE"
MAS,103063,"DAY BY DAY SHOWER GEL MEN FRESH CLEAN 500ML  24",22.49,13,SUPERMARKET
SPN,103064,"DAY BY DAY MEN LOTION 200ML  36",11.99,20,SUPERMARKET
KS7,103064,"DAY BY DAY MEN LOTION 200ML  36",11.99,41,SUPERMARKET
MDN,103067,"FOREVER YOUNG SHOWER GEL 800ML  12",47.99,5,SUPERMARKET
FAR,103067,"FOREVER YOUNG SHOWER GEL 800ML  12",47.99,7,SUPERMARKET
HAA,103067,"FOREVER YOUNG SHOWER GEL 800ML  12",47.99,6,SUPERMARKET
KS7,103068,"VIP BLACK SHOWER GEL 500ML  24",25.49,23,SUPERMARKET
MAS,103068,"VIP BLACK SHOWER GEL 500ML  24",25.49,13,SUPERMARKET
FAR,10309,"BINE BLEACH 1L 12",15.49,12,SUPERMARKET
ADB,103112,"KLEANZ BODY WASH STRAWBERRY 750ML  20",31.49,18,SUPERMARKET
MSS,103112,"KLEANZ BODY WASH STRAWBERRY 750ML  20",31.49,1,SUPERMARKET
SPN,103113,"KLEANZ BODY WASH VANILLA 750ML  20",31.49,24,SUPERMARKET
HAA,103113,"KLEANZ BODY WASH VANILLA 750ML  20",31.49,14,SUPERMARKET
KS7,103113,"KLEANZ BODY WASH VANILLA 750ML  20",31.49,20,SUPERMARKET
MAS,103113,"KLEANZ BODY WASH VANILLA 750ML  20",31.49,5,SUPERMARKET
ACH,103162,"AKAI CEILING FAN 56 WGOLD DECOR  EF096A5662",499,4,"ELECTRICAL APPLIANCES"
KCS,103197,"AVSAR FLAV WATER BMULBERRYCURRANT 200ML  24",10.99,22,SUPERMARKET
LFS,103197,"AVSAR FLAV WATER BMULBERRYCURRANT 200ML  24",10.99,118,SUPERMARKET
LFS,103200,"AVSAR FRUIT FLAV WATER MANGOPINEAPPLE 200ML  24",10.99,116,SUPERMARKET
FAR,103200,"AVSAR FRUIT FLAV WATER MANGOPINEAPPLE 200ML  24",10.99,13,SUPERMARKET
MAS,103200,"AVSAR FRUIT FLAV WATER MANGOPINEAPPLE 200ML  24",10.99,38,SUPERMARKET
TMP,103201,"AVSAR FRUIT FLAV WATER DUCHESS PEARNECTARIN 200ML",10.99,1,SUPERMARKET
KAS,103201,"AVSAR FRUIT FLAV WATER DUCHESS PEARNECTARIN 200ML",10.99,1,SUPERMARKET
SPN,103213,"ELLAS KITCHEN BABY BREKKIEBLUEBERRYPEAR 100G  6",47.99,15,SUPERMARKET
MSS,103233,"ELLAS KITCHEN FIRST TASTEPEARS 70G  7",36.99,2,SUPERMARKET
MSS,103251,"ELLAS KITCHEN S1MANGOES PEARSPAPAYA 120G  7",43.99,6,SUPERMARKET
LFS,103260,"ELLAS KITCHEN S1SWEET POTATO APPLE PUMPK 120G 7",44.99,2,SUPERMARKET
SPN,103271,"AKAI COFFEE MAKER 15L CM004A1051",375,9,"ELECTRICAL APPLIANCES"
HAA,103319,"AMALFI MOUTHWASH CLASSIC  500ML  16",22.99,13,SUPERMARKET
FAR,103363,"AMBROSIA POT CUSTARD BANANA 150G  12",28.99,11,SUPERMARKET
KCS,103363,"AMBROSIA POT CUSTARD BANANA 150G  12",28.99,1,SUPERMARKET
KAS,103365,"AMBROSIA POT CUSTARD STRAWBERRY 150G  12",27.99,6,SUPERMARKET
MAS,103378,"AMALFI HAIR DYE LIGHT BROWN 500  12",54.99,12,SUPERMARKET
HAA,103406,"AKAI MICROWAVE OVEN 23L GRILL MW064A823MSMW073A",1599,2,"ELECTRICAL APPLIANCES"
KCS,103416,"ARIEL WASHING GEL ORIGINAL 43W 133L 4",209.99,2,SUPERMARKET
KAS,103416,"ARIEL WASHING GEL ORIGINAL 43W 133L 4",209.99,4,SUPERMARKET
MSS,103416,"ARIEL WASHING GEL ORIGINAL 43W 133L 4",209.99,6,SUPERMARKET
MAS,103467,"LAUNDRY AND BATHROOM 7PCS SET PLASTIC M3029",199,1,"HOUSEWARE & KITCHENWARE"
SPN,103476,"CHILDS FARM MOISTURISINGGRAPEFRUITTEATREE 500ML 4",218.99,5,SUPERMARKET
KAS,103476,"CHILDS FARM MOISTURISINGGRAPEFRUITTEATREE 500ML 4",218.99,2,SUPERMARKET
SPN,103485,"RIGHT GUARD  TOTAL DFENCE SENSITIVE 250ML 6",42.99,1,SUPERMARKET
M05,103486,"PRIMA 80 PERFUMED DISINFECTANT 45L  6",134.99,7,SUPERMARKET
TMP,103486,"PRIMA 80 PERFUMED DISINFECTANT 45L  6",134.99,4,SUPERMARKET
KCS,103486,"PRIMA 80 PERFUMED DISINFECTANT 45L  6",134.99,1,SUPERMARKET
KS7,103486,"PRIMA 80 PERFUMED DISINFECTANT 45L  6",134.99,3,SUPERMARKET
SPN,103489,"PRIMA 80 PERFUMED DISINFECTANT 1L  15",47.99,13,SUPERMARKET
LFS,103489,"PRIMA 80 PERFUMED DISINFECTANT 1L  15",47.99,8,SUPERMARKET
MAS,103489,"PRIMA 80 PERFUMED DISINFECTANT 1L  15",47.99,20,SUPERMARKET
MDN,103490,"AMALFI SHOWER GEL  SALES MINERALES750ML  16",29.99,1,SUPERMARKET
LFS,103492,"AMALFI SHOWER GEL MINERAL CREAM 750ML  16",29.99,1,SUPERMARKET
HAA,103492,"AMALFI SHOWER GEL MINERAL CREAM 750ML  16",29.99,5,SUPERMARKET
SPN,103498,"AMALFI SHOWER GEL MINERAL PURE  750ML  16",29.99,31,SUPERMARKET
ACH,103498,"AMALFI SHOWER GEL MINERAL PURE  750ML  16",29.99,14,SUPERMARKET
HAA,10350,"ROYALTY COCKTAIL PINEAP EM SPARKLING WINE 750ML 12",47.49,13,SUPERMARKET
M03,10350,"ROYALTY COCKTAIL PINEAP EM SPARKLING WINE 750ML 12",47.49,6,SUPERMARKET
SPN,103500,"AMALFI SHOWER GEL MINERAL SUPREME 750ML  16",29.99,33,SUPERMARKET
HAA,103500,"AMALFI SHOWER GEL MINERAL SUPREME 750ML  16",29.99,4,SUPERMARKET
MSS,103514,"NEUTROGENA BLACKHEAD ELIMINATING FSCRUB 150ML 6",85,12,SUPERMARKET
SPN,103532,"ROWNTREE FRUIT PASTILLES VEGAN 143G  10",34.99,60,SUPERMARKET
SPN,103540,"HUNTERS POTATO CHIPS PESTO PARMESAN 125G  12",49.99,3,SUPERMARKET
MAS,103544,"SANEX SHOWER DERMO KIDS 720ML  6",142.99,3,SUPERMARKET
M05,103550,"SILVIKRIN HAIRSPRAY FIRM HOLD 250ML  6",70,4,SUPERMARKET
MSS,103565,"SIMPLE FACE WASH MOISTURISE 150G  6",50.99,1,SUPERMARKET
SPN,103565,"SIMPLE FACE WASH MOISTURISE 150G  6",50.99,2,SUPERMARKET
SPN,103566,"SIMPLE HYDRATING LIGHT MOISTURIZER 125ML  6",63.99,4,SUPERMARKET
LFS,103582,"BOSCH TWIST DRILLS POINTTEQ SET 10PCS 2608577348",269,1,"HARDWARE & BUILDING MATERIAL"
MAS,103593,"HAPPIES PANTS XLARGE S5 1218 KG 25PANTS  4",139.99,11,SUPERMARKET
MAS,103688,"BORGES CLASSIC OLIVE OIL 100 PURE 125ML 24",56.99,23,SUPERMARKET
TMP,103688,"BORGES CLASSIC OLIVE OIL 100 PURE 125ML 24",56.99,19,SUPERMARKET
FAR,103688,"BORGES CLASSIC OLIVE OIL 100 PURE 125ML 24",56.99,9,SUPERMARKET
HAA,103688,"BORGES CLASSIC OLIVE OIL 100 PURE 125ML 24",56.99,22,SUPERMARKET
M03,103689,"BORGES CLASSIC OLIVE OIL 100 PURE 250ML 12",109.99,6,SUPERMARKET
MAS,103690,"BORGES CLASSIC OLIVE OIL 100 PURE 500ML 12",199.99,12,SUPERMARKET
M03,103690,"BORGES CLASSIC OLIVE OIL 100 PURE 500ML 12",199.99,12,SUPERMARKET
MSS,103690,"BORGES CLASSIC OLIVE OIL 100 PURE 500ML 12",199.99,22,SUPERMARKET
SPN,103693,"BORGES CLASSIC OLIVE OIL 5L 3",1364.99,6,SUPERMARKET
LFS,103695,"BORGES EXTRA VIRGIN OIL ORIGINAL 500ML 12",196.99,21,SUPERMARKET
SPN,103764,"GIVERS LIQUID DETERGENT 5L  4",81.99,3,SUPERMARKET
ACH,103764,"GIVERS LIQUID DETERGENT 5L  4",81.99,3,SUPERMARKET
HAA,103764,"GIVERS LIQUID DETERGENT 5L  4",81.99,5,SUPERMARKET
GBA,103764,"GIVERS LIQUID DETERGENT 5L  4",81.99,5,SUPERMARKET
LFS,103768,"GIVERS LIQUID DETERGENT 200ML 25",5.99,21,SUPERMARKET
LFS,103770,"GIVERS LIQUID DETERGENT 750ML  20",17.49,8,SUPERMARKET
ACH,103770,"GIVERS LIQUID DETERGENT 750ML  20",17.49,19,SUPERMARKET
ADB,103770,"GIVERS LIQUID DETERGENT 750ML  20",17.49,7,SUPERMARKET
KCS,103770,"GIVERS LIQUID DETERGENT 750ML  20",17.49,6,SUPERMARKET
MDN,103772,"GIVERS MULTIPURPOSE CLEANER 5L  4",109.99,4,SUPERMARKET
MAS,103773,"GIVERS ROZONE 1L  20",17.49,22,SUPERMARKET
MDN,103775,"SAIRO SAVON LIQUID  HAND WASH MARINE 500ML 12",29.99,8,SUPERMARKET
MAS,103775,"SAIRO SAVON LIQUID  HAND WASH MARINE 500ML 12",29.99,10,SUPERMARKET
MSS,103778,"GIVERS ANTISEPTIC LIQUID 250ML  30",7.99,25,SUPERMARKET
M03,103781,"SAIRO SAVON LIQUID  HAND WASH STRAWBERRY 500ML 12",24.99,1,SUPERMARKET
M04,103781,"SAIRO SAVON LIQUID  HAND WASH STRAWBERRY 500ML 12",24.99,6,SUPERMARKET
ADB,103783,"GIVERS WC CLEANER 750ML  20",31.99,12,SUPERMARKET
LFS,103784,"GIVERS GLASS  CLEANER 750ML  20",17.99,15,SUPERMARKET
MDN,103784,"GIVERS GLASS  CLEANER 750ML  20",17.99,10,SUPERMARKET
MSS,103785,"GALA FEMME EDP JOUR  PINK 60ML  24",21.49,12,SUPERMARKET
SPN,103787,"OUTDOOR WALL LAMP E27 PORICI 118",285,2,"ELECTRICAL APPLIANCES"
KS7,103796,"STUTE SUPERIOR CRANBERRY 15 6",58.99,17,SUPERMARKET
M03,103796,"STUTE SUPERIOR CRANBERRY 15 6",58.99,3,SUPERMARKET
ADB,103797,"STUTE SUPERIOR APPLE 15L  6",51.49,13,SUPERMARKET
MAS,103797,"STUTE SUPERIOR APPLE 15L  6",51.49,9,SUPERMARKET
M03,103797,"STUTE SUPERIOR APPLE 15L  6",51.49,3,SUPERMARKET
HAA,103798,"STUTE DRINK ORANGE 15L  6",51.49,11,SUPERMARKET
MSS,103799,"STUTE DRINK MANGO 15L  6",51.49,1,SUPERMARKET
ADB,103810,"TWINKLE BABY WIPES ORIGINAL 100SHEETS  12",39.99,10,SUPERMARKET
MDN,103812,"GIVERS ROZONE 5L  4",69.99,4,SUPERMARKET
ADB,103812,"GIVERS ROZONE 5L  4",69.99,3,SUPERMARKET
ADB,103817,"TELON TEA ORGANIC MEN STAMINA 225G  24",41.99,8,SUPERMARKET
MSS,103817,"TELON TEA ORGANIC MEN STAMINA 225G  24",41.99,4,SUPERMARKET
M04,103819,"TELON TEA ORGANIC IMMUNE BOOSTER 225G  24",44.99,5,SUPERMARKET
M03,103820,"TELON GREEN TEA 60G  255PCS  12",29.99,1,SUPERMARKET
KS7,103821,"HYSON DIABEX TEA 15S  24",43.99,34,SUPERMARKET
M04,103822,"HYSON DIETATHIN TEA 15S 225G 24",43.99,14,SUPERMARKET
TMP,103822,"HYSON DIETATHIN TEA 15S 225G 24",43.99,18,SUPERMARKET
TMP,103823,"TELON TEA STRAWBERRY FLAV 60G 255PCS  12",29.99,12,SUPERMARKET
MAS,103823,"TELON TEA STRAWBERRY FLAV 60G 255PCS  12",29.99,6,SUPERMARKET
KS7,103823,"TELON TEA STRAWBERRY FLAV 60G 255PCS  12",29.99,6,SUPERMARKET
SPN,103823,"TELON TEA STRAWBERRY FLAV 60G 255PCS  12",29.99,57,SUPERMARKET
M04,103824,"HYSON PEPPERMINT TEA 15S  24",43.99,17,SUPERMARKET
MSS,103828,"BORGES APPLE CIDER VINEGAR 355ML 6",64.99,1,SUPERMARKET
SPN,103854,"BINATONE BLENDER WMILL 15L 350W BLG 460",669,24,"ELECTRICAL APPLIANCES"
LFS,103854,"BINATONE BLENDER WMILL 15L 350W BLG 460",669,7,"ELECTRICAL APPLIANCES"
MAS,103854,"BINATONE BLENDER WMILL 15L 350W BLG 460",669,2,"ELECTRICAL APPLIANCES"
MAS,103877,"AKAI LED LIGHT RECHARGEABLE LS012RA1018LLS027A",199,9,"ELECTRICAL APPLIANCES"
MDN,103889,"BLING DISINFECTANT GARDENIA 5L  4",57.99,3,SUPERMARKET
MDN,103892,"BLING BLEACH 5L  4",79.99,6,SUPERMARKET
TMP,103894,"IRONING BOARD 38X120 228",449,1,"HOUSEWARE & KITCHENWARE"
MSS,103894,"IRONING BOARD 38X120 228",449,2,"HOUSEWARE & KITCHENWARE"
TMP,103896,"BLING DISHWASH GEL 5L  4",79.99,2,SUPERMARKET
MDN,103896,"BLING DISHWASH GEL 5L  4",79.99,4,SUPERMARKET
LFS,103898,"BLING FLOOR CLEANER GARDENIA 5L  4",64.99,2,SUPERMARKET
ACH,103900,"BLING LAUNDRY DETERGENT LIQUID GARDENOF FLOWERS 5L",89.99,4,SUPERMARKET
HAA,103900,"BLING LAUNDRY DETERGENT LIQUID GARDENOF FLOWERS 5L",89.99,3,SUPERMARKET
MAS,103900,"BLING LAUNDRY DETERGENT LIQUID GARDENOF FLOWERS 5L",89.99,2,SUPERMARKET
KCS,103902,"BLING HANDWASH LIQUID SOAP VANILLA 5L  4",84.99,4,SUPERMARKET
ADB,103924,"TOM FOOD CANNED RED KIDNEY BEANS 425G  12",27.99,14,SUPERMARKET
HAA,103931,"TELON TEA LEMON  GINGER FLAV 60G 255PCS   12",29.99,2,SUPERMARKET
SPN,103931,"TELON TEA LEMON  GINGER FLAV 60G 255PCS   12",29.99,53,SUPERMARKET
MSS,103966,"SPOON 2PCS W1FORK SET BABY SS SC138",9.9,14,"HOUSEWARE & KITCHENWARE"
TMP,103968,"GIBSONS PINK PREMIUM GIN 700ML 6",104.99,5,SUPERMARKET
KAS,103969,"8PM HONEY WHISKY 750ML 12",104.99,6,SUPERMARKET
FAR,103974,"LG HIFI SPEAKER 3500W CLS98FCL98",11199,1,"ELECTRONICS & TELECOM"
KCS,103978,"NIVEA DEEP LOTION  400ML  12",121.99,3,SUPERMARKET
MAS,103978,"NIVEA DEEP LOTION  400ML  12",121.99,9,SUPERMARKET
M04,103978,"NIVEA DEEP LOTION  400ML  12",121.99,23,SUPERMARKET
KAS,103978,"NIVEA DEEP LOTION  400ML  12",121.99,12,SUPERMARKET
TMP,103980,"NIVEA PERFECTRADIANT 3 IN 1 CLEANSER  150ML  12",184.99,6,SUPERMARKET
MAS,103987,"EVERPACK ICE CREAM SPOON 30PKTX100PCS  30",11.99,4,SUPERMARKET
M04,104005,"KARIS CARROT BRIGHT BOOSTER SOAP 200G 48",35.99,41,SUPERMARKET
KCS,104036,"BLING INSECT GUARD DISINFECTANT 25L  1",191.99,3,SUPERMARKET
MDN,104104,"ENKAKO CEILING PANEL CP4",20.9,1,"HARDWARE & BUILDING MATERIAL"
MDN,104105,"ENKAKO CEILING ROSE CR2",39.9,1,"HARDWARE & BUILDING MATERIAL"
LFS,104106,"ENKAKO CEILING ROSE CR3",65,4,"HARDWARE & BUILDING MATERIAL"
M03,104143,"BADSHAH MASALA KITCHEN KING 100G  144",34.99,1,SUPERMARKET
KS7,104147,"CHARLIES LADDU RAJGIRA 100G 20",12.99,8,SUPERMARKET
M03,104158,"BORGES ESSENCES WITH GARLIC OLIVE OIL 500ML 12",189.99,12,SUPERMARKET
LFS,104191,"OIL DISPENSER 500ML PLASTIC M106",14.9,21,"HOUSEWARE & KITCHENWARE"
ACH,104203,"DUSTBIN SWING LID 50L PLASTIC M423",199,2,"HOUSEWARE & KITCHENWARE"
MDN,104203,"DUSTBIN SWING LID 50L PLASTIC M423",199,6,"HOUSEWARE & KITCHENWARE"
LFS,104204,"DUSTBIN WPEDAL 15L PLASTIC M1052",99,5,"HOUSEWARE & KITCHENWARE"
TMP,104205,"DUSTBIN 25LT SLIM PEDAL M1054",149,2,"HOUSEWARE & KITCHENWARE"
HAA,104206,"DUSTBIN WPEDAL 60L PLASTIC M1061",289,1,"HOUSEWARE & KITCHENWARE"
SPN,104213,"GIRNAR 3IN1 INSTANT TEA PREMIX GINGER 140G  30",49.99,50,SUPERMARKET
KS7,10422,"MDH LOCAL JAL JEERA JEERA SIP 100G  180",27.99,6,SUPERMARKET
HAA,104329,"COOKWARE SET 7PCS PALU CROWNSTAR MC6428 RJK",749,1,"HOUSEWARE & KITCHENWARE"
TMP,104363,"NESTLE CERELAC WHEAT WITH MILK 300G  12",31.99,28,SUPERMARKET
M03,104363,"NESTLE CERELAC WHEAT WITH MILK 300G  12",31.99,3,SUPERMARKET
MDN,104370,"DESTELLO FLOOR CLEANER EXOTIC 1500ML  12",29.99,16,SUPERMARKET
KCS,104370,"DESTELLO FLOOR CLEANER EXOTIC 1500ML  12",29.99,9,SUPERMARKET
TMP,104373,"DESTELLO FLOOR CLEANER MARSEILLE SOAP 1500ML  12",33.49,9,SUPERMARKET
HAA,104373,"DESTELLO FLOOR CLEANER MARSEILLE SOAP 1500ML  12",33.49,4,SUPERMARKET
LFS,104375,"DESTELLO FLOOR CLEANER FLORAL 1500ML  12",29.99,6,SUPERMARKET
ADB,104375,"DESTELLO FLOOR CLEANER FLORAL 1500ML  12",29.99,3,SUPERMARKET
M03,104375,"DESTELLO FLOOR CLEANER FLORAL 1500ML  12",29.99,2,SUPERMARKET
TMP,104376,"DESTELLO FLOOR CLEANER SUPER FRESH 1500ML  12",29.99,16,SUPERMARKET
ADB,104376,"DESTELLO FLOOR CLEANER SUPER FRESH 1500ML  12",29.99,8,SUPERMARKET
KS7,104377,"DESTELLO FLOOR CLEANER LAVENDAR 1500ML  12",33.49,4,SUPERMARKET
ADB,104378,"DESTELLO FLOOR CLEANER LEMONLIME 1500ML  12",29.99,5,SUPERMARKET
M03,104380,"DESTELLO FLOOR CLEANER ROSE TALC 1500ML  12",29.99,4,SUPERMARKET
MSS,104380,"DESTELLO FLOOR CLEANER ROSE TALC 1500ML  12",29.99,11,SUPERMARKET
ADB,104381,"DESTELLO FLOOR CLEANER NIGHT JASMINE 1500ML  12",33.49,8,SUPERMARKET
LFS,104387,"CROWNSTAR CHAF DISH RECTANGLE 2COMP MC911223 RK",399,2,"HOUSEWARE & KITCHENWARE"
ADB,104431,"JUVER SELECCION WHITE GRAPE BOTTLE JUICE 850ML 12",42.29,3,SUPERMARKET
KCS,104431,"JUVER SELECCION WHITE GRAPE BOTTLE JUICE 850ML 12",42.29,6,SUPERMARKET
MAS,104432,"JUVER SELECCION ORANGE CARROTJUICE 200ML 24",13.99,10,SUPERMARKET
SPN,104433,"JUVER SELECCION APPLE JUICE 200ML 24",15.99,29,SUPERMARKET
HAA,104433,"JUVER SELECCION APPLE JUICE 200ML 24",15.99,27,SUPERMARKET
LFS,104435,"JUVER SELECCION WHITE GRAPE JUICE 200ML 24",13.99,7,SUPERMARKET
FAR,104435,"JUVER SELECCION WHITE GRAPE JUICE 200ML 24",13.99,1,SUPERMARKET
FAR,104441,"QUERAY HAND SOAP MARINE SPA 500ML  12",31.49,16,SUPERMARKET
TMP,104496,"3TOL ANTISEPTIC LIQUID 500ML  24",28.49,7,SUPERMARKET
M04,104498,"3TOL ANTISEPTIC LIQUID 25L  6",103.99,6,SUPERMARKET
FAR,104499,"3TOL ANTISEPTIC LIQUID 5L  4",184.99,1,SUPERMARKET
GBA,104514,"MJS SALAD CREAM 237ML  12",32.99,7,SUPERMARKET
SPN,104520,"FRUTAIL CRANBERRY DRINK 1L  12",37.99,51,SUPERMARKET
ADB,104520,"FRUTAIL CRANBERRY DRINK 1L  12",37.99,9,SUPERMARKET
FAR,104520,"FRUTAIL CRANBERRY DRINK 1L  12",37.99,11,SUPERMARKET
HAA,104520,"FRUTAIL CRANBERRY DRINK 1L  12",37.99,23,SUPERMARKET
MSS,104540,"FONTISSUE TOILET TISSUE 8 ROLLS  5",33.99,15,SUPERMARKET
KS7,104540,"FONTISSUE TOILET TISSUE 8 ROLLS  5",33.99,5,SUPERMARKET
SPN,104541,"FONTISSUE TOILET TISSUE 12 ROLLS   4",49.99,8,SUPERMARKET
MDN,104541,"FONTISSUE TOILET TISSUE 12 ROLLS   4",49.99,3,SUPERMARKET
MSS,104543,"FONTISSUE TOILET TISSUE 48 ROLLS  1",174.99,-25,SUPERMARKET
MAS,104544,"ADEPA MULTIPURPOSE TOWEL 3ROLLS   8",26.99,6,SUPERMARKET
SPN,104544,"ADEPA MULTIPURPOSE TOWEL 3ROLLS   8",26.99,11,SUPERMARKET
M04,104544,"ADEPA MULTIPURPOSE TOWEL 3ROLLS   8",26.99,14,SUPERMARKET
ACH,104556,"LUNCH BOX WATER BOTTLE SET 400ML A1595 PLASTIC YWU",39.9,4,"HOUSEWARE & KITCHENWARE"
HAA,104556,"LUNCH BOX WATER BOTTLE SET 400ML A1595 PLASTIC YWU",39.9,2,"HOUSEWARE & KITCHENWARE"
MDN,104561,"TOILET TISSUE 48 ROLLS   1",154.99,1,SUPERMARKET
FAR,104561,"TOILET TISSUE 48 ROLLS   1",154.99,3,SUPERMARKET
KCS,104561,"TOILET TISSUE 48 ROLLS   1",154.99,6,SUPERMARKET
LFS,104562,"ADEPA MULTIPURPOSE TOWEL 8ROLLS   2",74.99,2,SUPERMARKET
LFS,104563,"FONTISSUE HERITAGE  SOFT TISSUE 150 SHEETS   32",11.99,1,SUPERMARKET
MSS,104563,"FONTISSUE HERITAGE  SOFT TISSUE 150 SHEETS   32",11.99,17,SUPERMARKET
TMP,104563,"FONTISSUE HERITAGE  SOFT TISSUE 150 SHEETS   32",11.99,1,SUPERMARKET
ACH,104619,"TOILET BRUSH WSTAND 485X13CM  PLASTIC SSTEEL YWU",16.9,23,"HOUSEWARE & KITCHENWARE"
MSS,104642,"MAGNIFIC BONNY ASETAT YELLOWGOLD 288GM 12",79.99,11,SUPERMARKET
SPN,104643,"MAGNIFIC ASETAT PINK 288GM 12",79.99,10,SUPERMARKET
MSS,104651,"JUBES ASSORTED FRUIT JELLIES WGELATIN12X20X48G",5.99,192,SUPERMARKET
MAS,104654,"DORI SOUR STRAWBERRY YOGHURT FLAV CANDY 70G  12",13.99,27,SUPERMARKET
ACH,104655,"DORI ASSORTED FRUIT FLAV SOUR GUMMY WORMS 60G 16",13.99,16,SUPERMARKET
FAR,104655,"DORI ASSORTED FRUIT FLAV SOUR GUMMY WORMS 60G 16",13.99,2,SUPERMARKET
HAA,104655,"DORI ASSORTED FRUIT FLAV SOUR GUMMY WORMS 60G 16",13.99,8,SUPERMARKET
SPN,104655,"DORI ASSORTED FRUIT FLAV SOUR GUMMY WORMS 60G 16",13.99,39,SUPERMARKET
ACH,104656,"DORI REGALIZ NECK OF GIRAFFE YOGURTE 2X30X30G",5.99,30,SUPERMARKET
KS7,104656,"DORI REGALIZ NECK OF GIRAFFE YOGURTE 2X30X30G",5.99,12,SUPERMARKET
ACH,104657,"DORI REGALIZ NECK OF GIRAFFE STRAWBERRY 2X30X30G",5.99,57,SUPERMARKET
KAS,104657,"DORI REGALIZ NECK OF GIRAFFE STRAWBERRY 2X30X30G",5.99,24,SUPERMARKET
KCS,104658,"DORI REGALIZ NECK OF GIRAFFE RASPBERRY 2X30X30G",5.99,28,SUPERMARKET
SPN,104670,"ORAL B JUNIOR TB STAR WARS 612 YEARS   96",55.99,2,SUPERMARKET
SPN,104671,"ORAL B KID TB PRINCESS 35 YEARS   96",44.99,31,SUPERMARKET
ACH,104682,"LADLE TURNER 345CMX10CM PLASTIC NYLON YWU",14.9,15,"HOUSEWARE & KITCHENWARE"
ADB,104691,"BLING BLEACH IL  12",16.99,11,SUPERMARKET
MAS,104691,"BLING BLEACH IL  12",16.99,7,SUPERMARKET
KAS,104781,"WASABI TYPE HORSERADISH PASTE 43 G",59.99,3,SUPERMARKET
MDN,104784,"MCVITIES DIGESTIVE ORGINAL 78G  24",9.59,17,SUPERMARKET
FAR,104784,"MCVITIES DIGESTIVE ORGINAL 78G  24",9.59,82,SUPERMARKET
KCS,104784,"MCVITIES DIGESTIVE ORGINAL 78G  24",9.59,35,SUPERMARKET
KS7,104785,"MCVITIES HOBNOBS OATY BISCUITS 78G  24",11.99,78,SUPERMARKET
HAA,104785,"MCVITIES HOBNOBS OATY BISCUITS 78G  24",11.99,16,SUPERMARKET
M04,104799,"OKF RICE MILK 500ML  20",24.99,17,SUPERMARKET
SPN,104804,"NERO NATURAL MINERAL WATER 500ML 16",1.75,1052,SUPERMARKET
SPN,104824,"KERRYGOLD FULL CREAM MILK POWDER TIN 900G 6",189.99,85,SUPERMARKET
KS7,104824,"KERRYGOLD FULL CREAM MILK POWDER TIN 900G 6",189.99,34,SUPERMARKET
MSS,104824,"KERRYGOLD FULL CREAM MILK POWDER TIN 900G 6",189.99,41,SUPERMARKET
HAA,104824,"KERRYGOLD FULL CREAM MILK POWDER TIN 900G 6",189.99,56,SUPERMARKET
KAS,104824,"KERRYGOLD FULL CREAM MILK POWDER TIN 900G 6",189.99,12,SUPERMARKET
KAS,104836,"MCVITIES ALL BUTTER SHORTBREAD 40GM  48",10.99,35,SUPERMARKET
ACH,104869,"PRIMA FABRIC SOFTNER 45L  6",104.99,3,SUPERMARKET
M04,104869,"PRIMA FABRIC SOFTNER 45L  6",104.99,8,SUPERMARKET
MDN,104869,"PRIMA FABRIC SOFTNER 45L  6",104.99,4,SUPERMARKET
LFS,104877,"COLGATE HERBAL TOOTHPASTE VALUE PACK  230G  48",28.99,206,SUPERMARKET
HAA,104877,"COLGATE HERBAL TOOTHPASTE VALUE PACK  230G  48",28.99,58,SUPERMARKET
TMP,104879,"BARILLA LINGUINE SPAGHETTI  500GM 24",47.99,17,SUPERMARKET
M05,104888,"FANMILK YAOURT NATURE SKIMMED YOGHURT 125G 24",10.49,1,SUPERMARKET
M04,104890,"FANMILK FANICE CHOCOLATE ICE CREAM 500ML 6",25.99,39,SUPERMARKET
KS7,104891,"FANMILK FANICE VANILLA ICE CREAM 500ML 6",25.99,33,SUPERMARKET
LFS,104892,"MASK 3 LAYERED ASSORTED",4.9,674,"GARMENTS AND FOOTWEAR"
TMP,104892,"MASK 3 LAYERED ASSORTED",4.9,157,"GARMENTS AND FOOTWEAR"
KS7,104894,"NOSE COVER FASHIONABLE ASSORTED",2.2,21,"GARMENTS AND FOOTWEAR"
SPN,104894,"NOSE COVER FASHIONABLE ASSORTED",2.2,108,"GARMENTS AND FOOTWEAR"
FAR,104897,"BARDINET GRENADINE SYRUP NON ALC 1L  6",93.99,7,SUPERMARKET
M04,104897,"BARDINET GRENADINE SYRUP NON ALC 1L  6",93.99,9,SUPERMARKET
ACH,104907,"PLATINUM VEGETABLE PALM OIL 900ML  12",44.99,33,SUPERMARKET
M04,104907,"PLATINUM VEGETABLE PALM OIL 900ML  12",44.99,12,SUPERMARKET
MSS,104907,"PLATINUM VEGETABLE PALM OIL 900ML  12",44.99,154,SUPERMARKET
KAS,104907,"PLATINUM VEGETABLE PALM OIL 900ML  12",44.99,13,SUPERMARKET
M04,104922,"KIPRINSKI PURE GRAIN VODKA 1L 6",77.99,6,SUPERMARKET
LFS,104922,"KIPRINSKI PURE GRAIN VODKA 1L 6",77.99,26,SUPERMARKET
KCS,104934,"TOM MILK SEMI SKIMMED UHT MILK 1L   6",43.99,30,SUPERMARKET
M04,104934,"TOM MILK SEMI SKIMMED UHT MILK 1L   6",43.99,18,SUPERMARKET
SPN,104955,"DESTELLO  MULTIPURPOSE CLEANER SPRAY 1L  12",36.99,9,SUPERMARKET
MDN,104958,"DESTELLO FURNITURE POLISH SPRAY 500ML  8",72.99,8,SUPERMARKET
SPN,104959,"ROMAR WASHING GEL WHITE CLOTHE 3L  4",136.99,6,SUPERMARKET
MAS,104960,"ROMAR WASHING LIQUID ORIGINAL 3L  4",136.99,2,SUPERMARKET
M05,104960,"ROMAR WASHING LIQUID ORIGINAL 3L  4",136.99,5,SUPERMARKET
TMP,104960,"ROMAR WASHING LIQUID ORIGINAL 3L  4",136.99,4,SUPERMARKET
M04,104960,"ROMAR WASHING LIQUID ORIGINAL 3L  4",136.99,4,SUPERMARKET
ACH,104960,"ROMAR WASHING LIQUID ORIGINAL 3L  4",136.99,6,SUPERMARKET
SPN,104961,"ROMAR WASHING LIQUID MARSEILLE SOAP 3L  4",132.99,9,SUPERMARKET
M04,104961,"ROMAR WASHING LIQUID MARSEILLE SOAP 3L  4",132.99,6,SUPERMARKET
GBA,104961,"ROMAR WASHING LIQUID MARSEILLE SOAP 3L  4",132.99,1,SUPERMARKET
KS7,104962,"ROMAR WASHING GEL COLOR CLOTHE 3L  4",136.99,7,SUPERMARKET
HAA,104962,"ROMAR WASHING GEL COLOR CLOTHE 3L  4",136.99,3,SUPERMARKET
SPN,104963,"ROMAR FAB SOFTENER CONC HIP ROSE 2000ML  6",84.99,7,SUPERMARKET
M04,104963,"ROMAR FAB SOFTENER CONC HIP ROSE 2000ML  6",84.99,9,SUPERMARKET
FAR,104978,"ROMAR SOFTENER CONC RELAX 2L  6",81.99,5,SUPERMARKET
HAA,104978,"ROMAR SOFTENER CONC RELAX 2L  6",81.99,6,SUPERMARKET
FAR,104988,"MAGNETIC PUZZLE SET 40PCS MKL098816",95,1,"TOYS AND ENTERTAINMENT"
KS7,104999,"FINGER PUPPET DINOSAUR MKL092714",19.9,30,"TOYS AND ENTERTAINMENT"
HAA,104999,"FINGER PUPPET DINOSAUR MKL092714",19.9,3,"TOYS AND ENTERTAINMENT"
MAS,105005,"YUKI MATON INSECTICIDE DOUBLE ACTION 750ML  24",64.99,9,SUPERMARKET
TMP,105005,"YUKI MATON INSECTICIDE DOUBLE ACTION 750ML  24",64.99,10,SUPERMARKET
MAS,105015,"AKAI STANDING FAN 18 EF099A1804SEF099A1804SA",589,2,"ELECTRICAL APPLIANCES"
ACH,105040,"LORENZ NATURALS BALSAMIC VINEGAR 100G  12",50.49,17,SUPERMARKET
TMP,105040,"LORENZ NATURALS BALSAMIC VINEGAR 100G  12",50.49,24,SUPERMARKET
HAA,105040,"LORENZ NATURALS BALSAMIC VINEGAR 100G  12",50.49,24,SUPERMARKET
FAR,105042,"LORENZ MONSTER MUNCH ORIGINAL 75G 25",26.99,31,SUPERMARKET
TMP,105064,"DEVA BABY WIPES  300G  24",21.99,-2,SUPERMARKET
KCS,105064,"DEVA BABY WIPES  300G  24",21.99,2,SUPERMARKET
MDN,105077,"VITAMILK STRAWBERRY 300ML 24",16.99,13,SUPERMARKET
M03,105077,"VITAMILK STRAWBERRY 300ML 24",16.99,38,SUPERMARKET
HAA,105116,"KENWOOD STEAM IRON 2600W CERAMIC STP70000WG",729,6,"ELECTRICAL APPLIANCES"
MDN,105118,"KENWOOD STEAM IRON 1100W NONSTICK STP01000WB",249,9,"ELECTRICAL APPLIANCES"
TMP,105150,"ROMAR WASHING LIQUID  MARSEILLE SOAP 15L  9",64.99,16,SUPERMARKET
FAR,105150,"ROMAR WASHING LIQUID  MARSEILLE SOAP 15L  9",64.99,11,SUPERMARKET
TMP,105186,"BOWL 3PCS SET WLID AMERICANO 40100201146829",59,1,"HOUSEWARE & KITCHENWARE"
KS7,105231,"HOMEFOODS PURE PALM OIL 1L 12",90.99,9,SUPERMARKET
FAR,105232,"HOMEFOODS PURE PALM OIL 500ML 24",42.49,10,SUPERMARKET
M04,105232,"HOMEFOODS PURE PALM OIL 500ML 24",42.49,16,SUPERMARKET
MDN,105234,"MARILAN ROSQUINHAS RING BISCUITS COCONUT 300G 32",15.49,1,SUPERMARKET
KS7,105244,"MARILAN WAFERS  LIME 115G  24",10.19,21,SUPERMARKET
M04,105249,"MARILAN COOKIES CHOCOLATE 40G  48",5.49,1,SUPERMARKET
KS7,105251,"MARILAN ORIGINAL COOKIES 40G  48",5.49,28,SUPERMARKET
KS7,105259,"MARILAN SHORTBREAD MILK 131G  28",8.49,29,SUPERMARKET
LFS,105268,"DZIRE WASHING MACHINE TT 7KG WM701976TT",3125,1,"ELECTRICAL APPLIANCES"
SPN,105277,"HOOKS FOR PUNCHING BAG",39.9,13,"HARDWARE & BUILDING MATERIAL"
FAR,105280,"CASIO ELECTRONIC CALCULATOR DJ120DPLUSWADPW",219,10,STATIONERY
MAS,105280,"CASIO ELECTRONIC CALCULATOR DJ120DPLUSWADPW",219,10,STATIONERY
KS7,105325,"JUST A MINUTE BLACK TEA 28G  10",8.99,-2,SUPERMARKET
FAR,105378,"MOKATE SUNSHINE COOKIES RINGS 160G  16",32.99,1,SUPERMARKET
LFS,105394,"PLASTIC CHAIR CAMEL MULTICOLOR",119,1,FURNITURE
MDN,105449,"RAYNERS VANILLA FLAVOUR  28ML 12 X 12",14.99,17,SUPERMARKET
KS7,105449,"RAYNERS VANILLA FLAVOUR  28ML 12 X 12",14.99,106,SUPERMARKET
MAS,105449,"RAYNERS VANILLA FLAVOUR  28ML 12 X 12",14.99,144,SUPERMARKET
ACH,105450,"RAYNERS PINEAPPLE  FLAVOUR 28ML 12 X 12",14.99,123,SUPERMARKET
MDN,105451,"RAYNERS STRAWBERRY FLAVOUR 28ML 12 X 12",14.99,3,SUPERMARKET
KCS,105467,"A1 STEAK SAUCE 283G 12",154.99,9,SUPERMARKET
SPN,105473,"WETTOL LIQUID ANTISEPTIC 500ML  12",28.49,12,SUPERMARKET
MDN,105473,"WETTOL LIQUID ANTISEPTIC 500ML  12",28.49,1,SUPERMARKET
TMP,105495,"KAWA MOKA LEKLEBI DARK ROAST GROUND 250G 20",109.99,12,SUPERMARKET
KAS,105495,"KAWA MOKA LEKLEBI DARK ROAST GROUND 250G 20",109.99,-1,SUPERMARKET
MDN,105507,"ENKAKO DECORATIVE CORNER MOULD DEK1",52,1,"HARDWARE & BUILDING MATERIAL"
SPN,105507,"ENKAKO DECORATIVE CORNER MOULD DEK1",52,12,"HARDWARE & BUILDING MATERIAL"
TMP,105509,"EAGLE EXTRA STOUT LAGER BEER 375ML 24",8.69,1,SUPERMARKET
MDN,105533,"FLOWER POT ROUND 155X12 PLASTIC 1401",8.9,83,"HOME DECOR & TEXTILES"
SPN,105533,"FLOWER POT ROUND 155X12 PLASTIC 1401",8.9,55,"HOME DECOR & TEXTILES"
MAS,105533,"FLOWER POT ROUND 155X12 PLASTIC 1401",8.9,21,"HOME DECOR & TEXTILES"
MSS,105539,"FLOWER POT 42X30 PLASTIC 1907",55,11,"HOME DECOR & TEXTILES"
TMP,105560,"MENTOS MINI ROLLS 20X10G  24",58.99,16,SUPERMARKET
ADB,105561,"MENTOS PURE FRESH WITH GREEN TEA 18PB 315G 120",36.99,227,SUPERMARKET
M05,105563,"MENTOS PURE FRESH STRAWBERRY 18PB 315G  120",36.99,88,SUPERMARKET
ACH,105563,"MENTOS PURE FRESH STRAWBERRY 18PB 315G  120",36.99,118,SUPERMARKET
KCS,105563,"MENTOS PURE FRESH STRAWBERRY 18PB 315G  120",36.99,2,SUPERMARKET
GBA,105563,"MENTOS PURE FRESH STRAWBERRY 18PB 315G  120",36.99,97,SUPERMARKET
LFS,105564,"GRANORO FARFALLE BIO 100 ITALIANO 500G  20",29.99,14,SUPERMARKET
HAA,105601,"ULKER HALLEY BISCUITS 30G 24",7.99,1,SUPERMARKET
KS7,105628,"STOOL 380X470MM STEEL BLUEREDBLK S3",179,1,FURNITURE
M04,105642,"MR SUCCESS BROWN SUGAR BOTTLE 800G 12",33.99,9,SUPERMARKET
MSS,105643,"MR SUCCESS BROWN SUGAR BOTTLE 400G 24",17.99,15,SUPERMARKET
MDN,105643,"MR SUCCESS BROWN SUGAR BOTTLE 400G 24",17.99,3,SUPERMARKET
HAA,105654,"VOLTPLUS UV DISINFECTANT LAMP WREMOTE UVC1131",439,8,"ELECTRICAL APPLIANCES"
LFS,105738,"EASY COOK FRYPAN 28CM  FRC B5540602 B2990683",249,2,"HOUSEWARE & KITCHENWARE"
SPN,105739,"EASY COOK FRYPAN 30CM FRC B5540702",289,9,"HOUSEWARE & KITCHENWARE"
KS7,105740,"EASY COOK SAUCEPAN 20CM FRC B5543002 B2982483",279,4,"HOUSEWARE & KITCHENWARE"
KS7,105741,"EASY COOK SAUCEPAN 26CM WLID FRC B5543302",569,1,"HOUSEWARE & KITCHENWARE"
SPN,105758,"GRANORO SPAGHETTI 0612BIO 500G  20",29.99,30,SUPERMARKET
LFS,105762,"GRANORO FUSILLI BIO INTEGRALE RICCA 500G  20",29.99,26,SUPERMARKET
SPN,105767,"GRANORO SPIRALI FANTASIA  500G  24",27.99,41,SUPERMARKET
LFS,105768,"GRANORO SPIRALI GRANDI 10100 500G  24",21.99,101,SUPERMARKET
SPN,105778,"BLACK HEXAGON  DUMBBELL HD75KG",269,10,"SPORTS & FITNESS"
MAS,105812,"DOVE SHOWER GEL PISTACHIO 500ML 20",70.99,22,SUPERMARKET
M03,105813,"DOVE BODY WASH CUCUMBER GREEN TEA 500ML  20",70.99,12,SUPERMARKET
FAR,105816,"DOVE BODY WASH DEEP NOURISHING 500ML  20",70.99,50,SUPERMARKET
HAA,105817,"DOVE BODY WASH CUCUMBER AND GREEN TEA 750ML  16",92.99,8,SUPERMARKET
SPN,105817,"DOVE BODY WASH CUCUMBER AND GREEN TEA 750ML  16",92.99,4,SUPERMARKET
MDN,105820,"DOVE BATH GEL NOURISHING SILK 750ML  16",92.99,16,SUPERMARKET
HAA,105821,"MAXIM FABRIC SOFTENER 2L  8",54.99,2,SUPERMARKET
HAA,105825,"ULTAMAX BODY LOTION 450ML  36",36.49,13,SUPERMARKET
M04,105825,"ULTAMAX BODY LOTION 450ML  36",36.49,14,SUPERMARKET
KAS,105844,"EAT REAL  HUMMUS CHIPS TOMATO  BASIL 45G 18",27.99,14,SUPERMARKET
MSS,105844,"EAT REAL  HUMMUS CHIPS TOMATO  BASIL 45G 18",27.99,49,SUPERMARKET
M03,105848,"EAT REAL LENTIL CHIPS SEA SALT 40G 18",27.99,2,SUPERMARKET
SPN,105897,"BASIN 12X480X420X160 GLASS BWY19160",779,3,"HARDWARE & BUILDING MATERIAL"
MDN,105900,"BASIN 12X420X145 GLASS BWY19146",689,1,"HARDWARE & BUILDING MATERIAL"
MSS,105916,"ARTIFICIAL GRASS LEGEND28 4MX4M LG284X4",2049,1,"HOME DECOR & TEXTILES"
SPN,105918,"ARTIFICIAL GRASS LEGEND28 2MX4M LG282X4",1049,1,"HOME DECOR & TEXTILES"
SPN,105964,"KIDS ELEC BIKE RED 6V 390W JMB3186",1399,1,"TOYS AND ENTERTAINMENT"
LFS,105969,"MUTLU SPAGHETTI 400G 20",9.49,334,SUPERMARKET
MDN,105969,"MUTLU SPAGHETTI 400G 20",9.49,158,SUPERMARKET
ADB,105969,"MUTLU SPAGHETTI 400G 20",9.49,52,SUPERMARKET
M04,105969,"MUTLU SPAGHETTI 400G 20",9.49,45,SUPERMARKET
ACH,105983,"LION KING POT SET 4PCS 3549 LION ALU LKING4SET",1159,1,"HOUSEWARE & KITCHENWARE"
KS7,105983,"LION KING POT SET 4PCS 3549 LION ALU LKING4SET",1159,1,"HOUSEWARE & KITCHENWARE"
TMP,105985,"BENIN 2003 POT SET 4PCS LION ALU B034SET",999,1,"HOUSEWARE & KITCHENWARE"
KS7,105985,"BENIN 2003 POT SET 4PCS LION ALU B034SET",999,1,"HOUSEWARE & KITCHENWARE"
ACH,105986,"TOGO2020 POT SET 4PCS LION ALU T204SET",999,1,"HOUSEWARE & KITCHENWARE"
ADB,105990,"BANETTI SPAGHETTI 12MM  450G  20",11.49,20,SUPERMARKET
M04,106000,"KRIS PERFUMED BODY LOTION COCOA BUTTER 200ML  36",10.49,22,SUPERMARKET
ACH,106001,"CAR SEAT COVER 78X46CM PLASTIC 5COLORS PA122",23.9,40,"HARDWARE & BUILDING MATERIAL"
MDN,106001,"CAR SEAT COVER 78X46CM PLASTIC 5COLORS PA122",23.9,7,"HARDWARE & BUILDING MATERIAL"
TMP,106027,"KITCO KETTLE COOKED CHEESECHIVES 150G  12",49.99,8,SUPERMARKET
KS7,106027,"KITCO KETTLE COOKED CHEESECHIVES 150G  12",49.99,7,SUPERMARKET
SPN,106028,"KITCO KETTLE COOKED SEASALTCIDER VINEGAR 150G  12",49.99,39,SUPERMARKET
FAR,106032,"KITCO KETTLE COOKED CHEESECHIVES 40G  24",15.99,18,SUPERMARKET
M04,106032,"KITCO KETTLE COOKED CHEESECHIVES 40G  24",15.99,22,SUPERMARKET
KS7,106067,"BUTTERKIST CINEMA SWEET POPCORN 70G  15",29.99,1,SUPERMARKET
SPN,106081,"CASA DE CAMPO OLIVE POMACE OIL 1L  12",149.99,55,SUPERMARKET
FAR,106081,"CASA DE CAMPO OLIVE POMACE OIL 1L  12",149.99,13,SUPERMARKET
M04,106081,"CASA DE CAMPO OLIVE POMACE OIL 1L  12",149.99,13,SUPERMARKET
MSS,106081,"CASA DE CAMPO OLIVE POMACE OIL 1L  12",149.99,33,SUPERMARKET
MAS,106107,"GLASS BOWL SET 5PCS REDBLUEGREENYELLOW 5GBS",44.9,5,"HOUSEWARE & KITCHENWARE"
KS7,106111,"XMAS BAG W3DGLITTERS 32X26X10CM 1198 M",6.9,70,"HOME DECOR & TEXTILES"
ACH,106164,"LEGGING GIRLS 28YRS KGSL 5206",39,1,"GARMENTS AND FOOTWEAR"
KS7,106182,"VOLTPLUS MULTI ADAPTOR VPDFA5",29,25,"ELECTRICAL APPLIANCES"
FAR,106215,"BESTWAY SWIMMING EARTH EXPLORER GLOWBALL 24  31045",33.9,13,"TOYS AND ENTERTAINMENT"
MDN,106218,"XMAS TREE 270CM  YS010",379,1,"HOME DECOR & TEXTILES"
TMP,106285,"DR FIXIT RAINCOAT 2IN1 GREY 20L",1429,1,"HARDWARE & BUILDING MATERIAL"
HAA,106354,"AMEN COMMUNION WIINE 1L 6",49.99,4,SUPERMARKET
LFS,106383,"HANDKERCHIEF SET 6PCS 27X27CM EMBROIDERED HK 326",22.5,8,"GARMENTS AND FOOTWEAR"
LFS,106404,"MIDEA LED BULB 9W B22 COOL 6500K MDLBUA6009WB22",8.25,43,"ELECTRICAL APPLIANCES"
SPN,106404,"MIDEA LED BULB 9W B22 COOL 6500K MDLBUA6009WB22",8.25,50,"ELECTRICAL APPLIANCES"
TMP,106405,"MIDEA LED BULB A 12W B22 COOL MDLBUA6012WB22",11.99,1,"ELECTRICAL APPLIANCES"
FAR,106412,"MIDEA LED PANEL LIGHT 8W COOL MDLPR8W6500K",35,1,"ELECTRICAL APPLIANCES"
KS7,106416,"MIDEA PANEL LIGHT SURFAC 24W COOL MDLPRS24W6500K",59.99,10,"ELECTRICAL APPLIANCES"
SPN,106545,"YAMAMA POMEGRANATE MOLASSES 300ML   24",43.99,30,SUPERMARKET
MDN,106562,"CHANDELIER 35W 2450LM LED CURLED D071P1A",549,1,"HOME DECOR & TEXTILES"
SPN,106562,"CHANDELIER 35W 2450LM LED CURLED D071P1A",549,1,"HOME DECOR & TEXTILES"
TMP,106593,"WALL CLOCK INFINITI FOREVER INF9450",29.9,1,"HOME DECOR & TEXTILES"
HAA,106595,"WALL CLOCK INFINITI FOREVER INF9454",329,5,"HOME DECOR & TEXTILES"
LFS,106595,"WALL CLOCK INFINITI FOREVER INF9454",329,7,"HOME DECOR & TEXTILES"
MAS,106640,"CHARLES DU LAC DEMI SEC WINE 750ML 6",48.99,7,SUPERMARKET
TMP,106644,"SHIPMASTER SILVER WHITE RHUM 1L 12",128.99,18,SUPERMARKET
MSS,106644,"SHIPMASTER SILVER WHITE RHUM 1L 12",128.99,33,SUPERMARKET
M04,106654,"BLING TOILET BOWL CLEANER 750ML  12",21.99,18,SUPERMARKET
KAS,106654,"BLING TOILET BOWL CLEANER 750ML  12",21.99,-3,SUPERMARKET
M03,106654,"BLING TOILET BOWL CLEANER 750ML  12",21.99,12,SUPERMARKET
MAS,106655,"BLING GLASS CLEANER 750ML  15",16.99,26,SUPERMARKET
M03,106655,"BLING GLASS CLEANER 750ML  15",16.99,3,SUPERMARKET
LFS,106679,"NASCO CHOPPER 400W  MC353",149,3,"ELECTRICAL APPLIANCES"
ACH,106679,"NASCO CHOPPER 400W  MC353",149,9,"ELECTRICAL APPLIANCES"
KS7,106697,"NASCO COFFEE MAKER 15L WFILTER CM9410TCM941TGS",489,1,"ELECTRICAL APPLIANCES"
TMP,106720,"MASK 3 LAYERED WEYE SHIELD ASSORTED",5.9,100,SUNDRY
ACH,106766,"FEGGY VEGETABLE SPRING ROLL 10PCS 450G 1",42.99,7,SUPERMARKET
ADB,106766,"FEGGY VEGETABLE SPRING ROLL 10PCS 450G 1",42.99,15,SUPERMARKET
KCS,106766,"FEGGY VEGETABLE SPRING ROLL 10PCS 450G 1",42.99,15,SUPERMARKET
FAR,106767,"PRIMERO ICE CHEST 32L SET 3P WESKIMOJUG TPX7005",499,2,"HOUSEWARE & KITCHENWARE"
KS7,106767,"PRIMERO ICE CHEST 32L SET 3P WESKIMOJUG TPX7005",499,2,"HOUSEWARE & KITCHENWARE"
FAR,106770,"PROXON ICE CHEST SET 4PCS WESKIMOPLATIN TPX2061",1099,2,"HOUSEWARE & KITCHENWARE"
ACH,106808,"SHINE GARBAGE BAGS 10L  30   12",21.99,1,SUPERMARKET
M04,106808,"SHINE GARBAGE BAGS 10L  30   12",21.99,15,SUPERMARKET
HAA,106810,"SHINE GARBAGE BAGS 20L   30   12",25.49,5,SUPERMARKET
ACH,106810,"SHINE GARBAGE BAGS 20L   30   12",25.49,4,SUPERMARKET
SPN,106811,"SHINE GARBAGE BAGS 40L   30   12",35.99,31,SUPERMARKET
ACH,106811,"SHINE GARBAGE BAGS 40L   30   12",35.99,13,SUPERMARKET
KCS,106811,"SHINE GARBAGE BAGS 40L   30   12",35.99,19,SUPERMARKET
KS7,106811,"SHINE GARBAGE BAGS 40L   30   12",35.99,14,SUPERMARKET
M05,106812,"SHINE GARBAGE BAGS 60L   30   12",49.99,7,SUPERMARKET
TMP,106812,"SHINE GARBAGE BAGS 60L   30   12",49.99,10,SUPERMARKET
TMP,106813,"SHINE GARBAGE BAGS 90L   10   12",28.99,2,SUPERMARKET
ADB,106813,"SHINE GARBAGE BAGS 90L   10   12",28.99,4,SUPERMARKET
KAS,106814,"SHINE GARBAGE BAGS 120L   10  12",35.99,11,SUPERMARKET
TMP,106817,"SHINE PAPER PLATES ROUND 18CM  25PCS  20",19.99,3,SUPERMARKET
MDN,106817,"SHINE PAPER PLATES ROUND 18CM  25PCS  20",19.99,1,SUPERMARKET
FAR,106817,"SHINE PAPER PLATES ROUND 18CM  25PCS  20",19.99,20,SUPERMARKET
KAS,106819,"SHINE PAPER PLATES ROUND 14CM  25PCS  40",15.99,1,SUPERMARKET
KS7,106820,"SHINE PAPER PLATES SQAURE 14CM  25PCS  40",15.99,36,SUPERMARKET
MSS,106820,"SHINE PAPER PLATES SQAURE 14CM  25PCS  40",15.99,1,SUPERMARKET
ACH,106821,"SHINE PAPER PLATE RECTANGULAR 18 X14CM 25PCS  20",19.99,11,SUPERMARKET
KAS,106822,"SHINE TOILET PAPER PREMIUM 10PCS  1",48.99,1,SUPERMARKET
LFS,106843,"FACE MASK ADULT SKUBA FABRIC MIXED DESIGN",1.5,92,"GARMENTS AND FOOTWEAR"
SPN,106844,"STAR FRESH GEL CARD LAVENDAR FRESH 8ML  12",18.49,115,SUPERMARKET
ACH,106845,"STAR FRESH GEL CARD STRAWBERRY FRESH 8ML  12",18.49,48,SUPERMARKET
MAS,106845,"STAR FRESH GEL CARD STRAWBERRY FRESH 8ML  12",18.49,22,SUPERMARKET
LFS,106846,"STAR FRESH GEL CARD FRESH LINEN FRESH 8ML  12",18.49,43,SUPERMARKET
ADB,106847,"STAR FRESH GEL CARD LEMON FRESH 8ML  12",18.49,10,SUPERMARKET
M03,106885,"BLACK RAM PREMIUM BLENDED WHISKY 700ML 6",124.99,5,SUPERMARKET
ACH,106885,"BLACK RAM PREMIUM BLENDED WHISKY 700ML 6",124.99,8,SUPERMARKET
MAS,106885,"BLACK RAM PREMIUM BLENDED WHISKY 700ML 6",124.99,7,SUPERMARKET
LFS,106886,"MAJESTY SEMI SWEET RED WINE 750ML 6",78.99,19,SUPERMARKET
ADB,106886,"MAJESTY SEMI SWEET RED WINE 750ML 6",78.99,5,SUPERMARKET
KCS,106886,"MAJESTY SEMI SWEET RED WINE 750ML 6",78.99,5,SUPERMARKET
MAS,106886,"MAJESTY SEMI SWEET RED WINE 750ML 6",78.99,6,SUPERMARKET
TMP,106887,"TAMPICO COCKTAIL FRUIT JUICE 500ML 12",7.99,48,SUPERMARKET
M04,106892,"PARLE GINGER SNAP COOKIES 52G  48",2.29,18,SUPERMARKET
KS7,106894,"PARLE GINGER SNAP COOKIES 24G  72",1.09,85,SUPERMARKET
KCS,106924,"DESTELLO WC GEL BLEACH LEMON FRESHNESS 750ML  16",35.99,12,SUPERMARKET
ADB,106926,"DESTELLO WC  CLEANING GEL OCEAN FRESHNESS 750ML 16",32.99,13,SUPERMARKET
KCS,106926,"DESTELLO WC  CLEANING GEL OCEAN FRESHNESS 750ML 16",32.99,24,SUPERMARKET
HAA,106926,"DESTELLO WC  CLEANING GEL OCEAN FRESHNESS 750ML 16",32.99,5,SUPERMARKET
ACH,106927,"DESTELLO WC  CLEANING GEL PINE  FRESHNESS 750ML 16",32.99,14,SUPERMARKET
M05,106953,"6TH SENSE LONDON DRY GIN 1L 6",119.99,3,SUPERMARKET
KAS,106954,"LION DOR BRANDY 1L 6",140.99,1,SUPERMARKET
KS7,106991,"AQUALIS LUXURY BATH SOAP APRICOT 300G   24",17.99,12,SUPERMARKET
HAA,106992,"AQUALIS LUXURY BATH SOAP GLYCERINE 300G   24",17.99,7,SUPERMARKET
M03,106995,"AQUALIS BLACK SOAP 120G   60",8.49,1,SUPERMARKET
SPN,107000,"AQUALIS SEDUCTION JUMBO SOAP 300G  30",15.99,31,SUPERMARKET
M04,107000,"AQUALIS SEDUCTION JUMBO SOAP 300G  30",15.99,21,SUPERMARKET
SPN,107009,"FIRE TRUCK TOY 128 WREMOTE CONTROL RED MT449874",179,6,"TOYS AND ENTERTAINMENT"
LFS,107034,"MAYBELLINE FIT ME FDATION 375 JAVA X 3",74.49,11,SUPERMARKET
SPN,107034,"MAYBELLINE FIT ME FDATION 375 JAVA X 3",74.49,8,SUPERMARKET
SPN,107035,"MAYBELLINE FIT ME FDATION 378 COOL X 3",74.49,11,SUPERMARKET
FAR,107044,"MAYBELLINE INSTERASER CONCEALER  149 DEEP BROWN 3",69.99,1,SUPERMARKET
M03,107079,"HERMAN MAYO 1 GALLON 378L X   4",249.99,2,SUPERMARKET
HAA,107103,"OKF CAPPUCCINO 240ML  30",13.99,5,SUPERMARKET
TMP,107104,"OKF CAFFEE LATTE 240ML  30",13.99,49,SUPERMARKET
LFS,107106,"MAYBELLINE TATTOO BROW WATERPROOF GEL 07 BLACK X 3",69.99,33,SUPERMARKET
LFS,107123,"MAYBELLINE RAL CS STICK 382 RED FOR ME X 3",55.49,6,SUPERMARKET
LFS,107172,"MAYBELLINE SSTAY INK CRAYON 40 LAUGH LOUDER X 3",63.99,10,SUPERMARKET
M05,107218,"BAUDUCCO WAFER WITH STRAWBERRY FLAV 78G  30",8.49,26,SUPERMARKET
SPN,107218,"BAUDUCCO WAFER WITH STRAWBERRY FLAV 78G  30",8.49,56,SUPERMARKET
KS7,107218,"BAUDUCCO WAFER WITH STRAWBERRY FLAV 78G  30",8.49,58,SUPERMARKET
M04,107219,"BAUDUCCO WAFER WITH VANILLA FLAV  78G 30",8.49,28,SUPERMARKET
HAA,107226,"20KG WEIGHT SET PVC BOX YORK FITNESS DWS20KG",899,2,"SPORTS & FITNESS"
LFS,107227,"50KG WEIGHT SET PVC BOX YORK FITNESS DWS50KG",2299,1,"SPORTS & FITNESS"
TMP,107239,"BAUDUCCO COOKIES MAXI CHOCOLATE BASE 96G 42",14.99,30,SUPERMARKET
SPN,107240,"BAUDUCCO SALT TOAST CLASICA 142G  36",14.99,101,SUPERMARKET
MAS,107241,"BAUDUCCO WHOLE WHEAT TOAST 142G  36",14.99,24,SUPERMARKET
MSS,107242,"BAUDUCCO MULTIGRAINS TOAST 142G  36",14.99,27,SUPERMARKET
TMP,107242,"BAUDUCCO MULTIGRAINS TOAST 142G  36",14.99,56,SUPERMARKET
M05,107275,"HAPPYFLAKES WHITE OATS BOX 500G  12",24.99,230,SUPERMARKET
ADB,107275,"HAPPYFLAKES WHITE OATS BOX 500G  12",24.99,34,SUPERMARKET
FAR,107287,"SUNNY GOLD GARI PLAIN 1KG 12",34.99,11,SUPERMARKET
M03,107370,"MOIRS ALMOND ESSENCE 40ML  20",16.99,-3,SUPERMARKET
KAS,107372,"MOIRS LEMON  ESSENCE 40ML  20",16.99,5,SUPERMARKET
MSS,107391,"TSHIRT LADIES XSXXL PRINTED COTTON",65,1,"GARMENTS AND FOOTWEAR"
ACH,107408,"CUVEE BELLE GROVE RED WINE 750ML 6",67.99,3,SUPERMARKET
TMP,107410,"CUVEE BELLE GROVE MEDIUM SWEET RED WINE 750ML 6",67.99,29,SUPERMARKET
HAA,107412,"MARTINI ROSSI LAPERITIVO FIERO 750ML 6",210.99,9,SUPERMARKET
SPN,107511,"YAMAZAKURA WHISKY 1L 1",1859.99,3,SUPERMARKET
TMP,107551,"BOLD 2IN1 LIQUID LAVENDERCHAMOMILE 26W 840ML  6",159.99,11,SUPERMARKET
KAS,107551,"BOLD 2IN1 LIQUID LAVENDERCHAMOMILE 26W 840ML  6",159.99,3,SUPERMARKET
LFS,107583,"RIGHT GUARD DEO SPRAY TOTAL DEFENCE ACTIVE 250ML 6",38.99,2,SUPERMARKET
ADB,107583,"RIGHT GUARD DEO SPRAY TOTAL DEFENCE ACTIVE 250ML 6",38.99,2,SUPERMARKET
TMP,10759,"KELLOGGS FROSTIES 414G  10",69.99,10,SUPERMARKET
MAS,107608,"KIWI SHOE POLISH RENEWS BLACK LEATHER 50ML 144",13.99,86,SUPERMARKET
M04,107608,"KIWI SHOE POLISH RENEWS BLACK LEATHER 50ML 144",13.99,89,SUPERMARKET
SPN,107619,"ZIPLOC POUCH SANDWICH BAGS 30S  24",59.99,-1,SUPERMARKET
ADB,107623,"JUVER DISFRUTA ORANGE  JUICE 2L 6",62.99,5,SUPERMARKET
MSS,107623,"JUVER DISFRUTA ORANGE  JUICE 2L 6",62.99,6,SUPERMARKET
LFS,107624,"JUVER  DISFRUTA  PEACH MELOCOTON JUICE 2L 6",62.99,6,SUPERMARKET
M04,107624,"JUVER  DISFRUTA  PEACH MELOCOTON JUICE 2L 6",62.99,10,SUPERMARKET
M04,107625,"JUVER DISFRUTA  MANGO JUICE 2L  6",62.99,10,SUPERMARKET
M03,107625,"JUVER DISFRUTA  MANGO JUICE 2L  6",62.99,1,SUPERMARKET
ACH,107626,"JUVER  DISFRUTA  PINEAPPLE PINA JUICE 2L 6",62.99,35,SUPERMARKET
TMP,107626,"JUVER  DISFRUTA  PINEAPPLE PINA JUICE 2L 6",62.99,20,SUPERMARKET
ACH,107627,"JUVER DISFRUTA 10 FRUITS  10 VITAMINS  JUICE 2L 6",61.99,8,SUPERMARKET
FAR,107627,"JUVER DISFRUTA 10 FRUITS  10 VITAMINS  JUICE 2L 6",61.99,3,SUPERMARKET
MDN,107628,"JUVER  DISFRUTA TROPICAL FRUITS JUICE 2L 6",61.99,10,SUPERMARKET
FAR,107630,"JUVER  DISFRUTA  PEAR PNEAPPLE JUICE 2L 6",62.99,6,SUPERMARKET
KS7,107630,"JUVER  DISFRUTA  PEAR PNEAPPLE JUICE 2L 6",62.99,6,SUPERMARKET
M04,107631,"JUVER  EXOTIC GUAVA GUAYABA JUICE 1L 10",36.99,13,SUPERMARKET
SPN,107631,"JUVER  EXOTIC GUAVA GUAYABA JUICE 1L 10",36.99,6,SUPERMARKET
MAS,107632,"JUVER  EXOTIC CRANBERRY JUICE 1L  10",36.99,17,SUPERMARKET
MSS,107633,"JUVER EXOTIC MANGO JUICE 1L 10",36.99,11,SUPERMARKET
SPN,107633,"JUVER EXOTIC MANGO JUICE 1L 10",36.99,20,SUPERMARKET
MAS,107634,"JUVER  PASSION FRUIT MARACUYA JUICE 1L  10",36.99,10,SUPERMARKET
MSS,107634,"JUVER  PASSION FRUIT MARACUYA JUICE 1L  10",36.99,17,SUPERMARKET
ACH,107635,"JUVER  PINEAPPLE COCONUT JUICE 1L  10",36.99,12,SUPERMARKET
MDN,107635,"JUVER  PINEAPPLE COCONUT JUICE 1L  10",36.99,1,SUPERMARKET
KS7,107636,"JUVER RED FRUITS FRUTOS ROJOS  JUICE 1L 10",36.99,20,SUPERMARKET
HAA,107636,"JUVER RED FRUITS FRUTOS ROJOS  JUICE 1L 10",36.99,8,SUPERMARKET
M05,107637,"JUVER MANGO ORANGE CARROT  JUICE 1L  10",36.99,14,SUPERMARKET
M05,107640,"JUVER  100  APPLE MANZANA JUICE 1L 12",45.99,21,SUPERMARKET
ADB,107640,"JUVER  100  APPLE MANZANA JUICE 1L 12",45.99,9,SUPERMARKET
MAS,107641,"JUVER 100  ORANGE NARANJA JUICE  1L 12",35.49,21,SUPERMARKET
M04,107642,"JUVER  100  PINEAPPLE PINA JUICE 1L 12",39.99,14,SUPERMARKET
KCS,107643,"JUVER  100  MULTIFRUIT  JUICE 1L  12",39.99,20,SUPERMARKET
FAR,107643,"JUVER  100  MULTIFRUIT  JUICE 1L  12",39.99,10,SUPERMARKET
ACH,107643,"JUVER  100  MULTIFRUIT  JUICE 1L  12",39.99,11,SUPERMARKET
ACH,107646,"JUVER  SELECCION  TOMATO TOMATE JUICE  200ML 24",14.49,10,SUPERMARKET
MSS,107646,"JUVER  SELECCION  TOMATO TOMATE JUICE  200ML 24",14.49,5,SUPERMARKET
MSS,107647,"JUVER DISFRUTA  APRICOT  JUICE 1L 12",32.99,28,SUPERMARKET
M05,107647,"JUVER DISFRUTA  APRICOT  JUICE 1L 12",32.99,14,SUPERMARKET
TMP,107648,"JUVER  DISFRUITA PEAR JUICE 1L  12",32.99,16,SUPERMARKET
KCS,107728,"HAPPYFLAKES ORIGINAL TASTE CORN FLAKES 500G  10",46.99,15,SUPERMARKET
SPN,107730,"NICOLETTA BAKING SUPPLIES  CUSTARD POWVAN 200G  8",42.99,3,SUPERMARKET
M03,107730,"NICOLETTA BAKING SUPPLIES  CUSTARD POWVAN 200G  8",42.99,3,SUPERMARKET
KAS,107746,"ROBERTSONS SPICE HERBS PARSLEY 14G  10",38.99,5,SUPERMARKET
M04,107785,"GREEN WORLD  EXTRA KILLER INSECTICIDE 750ML  12",64.99,15,SUPERMARKET
KAS,107789,"GREENWORLD ECO CLEAN AFRESHNER LAVENDER 500ML 12",44.99,7,SUPERMARKET
KAS,107790,"GREENWORLD ECO CLEAN AFRESHNER DELLILLY500ML 12",44.99,12,SUPERMARKET
HAA,107791,"GREENWORLD AFRESHNER LIMEORANGE BLOSSOM 400ML 48",34.99,10,SUPERMARKET
KS7,107791,"GREENWORLD AFRESHNER LIMEORANGE BLOSSOM 400ML 48",34.99,12,SUPERMARKET
SPN,107792,"GREEN WORLD AIR SPRAY AIRFRESHNER LILLY 300ML 24",28.99,3,SUPERMARKET
M03,107792,"GREEN WORLD AIR SPRAY AIRFRESHNER LILLY 300ML 24",28.99,14,SUPERMARKET
HAA,107795,"GREEN WORLD  AIRFRESHNER AFTER RAIN 300ML  24",25.99,3,SUPERMARKET
FAR,107815,"PUMA COLA DRINK 350ML 16",3.29,43,SUPERMARKET
KS7,107815,"PUMA COLA DRINK 350ML 16",3.29,6,SUPERMARKET
M05,107821,"DANO COOL COW FILLED MILK POWDER 22G 10X16",33.49,15,SUPERMARKET
GBA,107821,"DANO COOL COW FILLED MILK POWDER 22G 10X16",33.49,24,SUPERMARKET
KCS,107822,"DANO STRAWBRY FLAVOURED MILK 35G 10X8",33.49,4,SUPERMARKET
MAS,107832,"VOTIVE CANDLE AROMATHERAPY 30HRS BURNING DS7080",19.9,2,"HOME DECOR & TEXTILES"
M03,107855,"AMERICAN GOURMET FRENCH DRESSING 237ML 12",42.99,17,SUPERMARKET
GBA,107857,"MATA NATURAL HONEY 400G  12",44.99,4,SUPERMARKET
LFS,107857,"MATA NATURAL HONEY 400G  12",44.99,8,SUPERMARKET
ACH,107857,"MATA NATURAL HONEY 400G  12",44.99,17,SUPERMARKET
FAR,107857,"MATA NATURAL HONEY 400G  12",44.99,15,SUPERMARKET
MAS,107857,"MATA NATURAL HONEY 400G  12",44.99,12,SUPERMARKET
MDN,107857,"MATA NATURAL HONEY 400G  12",44.99,11,SUPERMARKET
ACH,107874,"LAUNDRY BASKET WWHEELS PLASTIC 14221422WLPB",219,1,"HOUSEWARE & KITCHENWARE"
KS7,107874,"LAUNDRY BASKET WWHEELS PLASTIC 14221422WLPB",219,5,"HOUSEWARE & KITCHENWARE"
LFS,107884,"SCHOOLOFFICE PAPER CLIP SET 100PCS 50MM",14,112,STATIONERY
M05,107896,"ELTRUT BEEF SAMOSA 8PCS  380G 1",50.99,15,SUPERMARKET
FAR,107897,"ELTRUT VEGETABLES SPRING ROLL 8PCS 380G 1",50.99,21,SUPERMARKET
M05,107898,"ELTRUT CHICKEN SAMOSA 8PCS  380G 1",50.99,15,SUPERMARKET
HAA,107898,"ELTRUT CHICKEN SAMOSA 8PCS  380G 1",50.99,4,SUPERMARKET
M04,107898,"ELTRUT CHICKEN SAMOSA 8PCS  380G 1",50.99,19,SUPERMARKET
FAR,107899,"ELTRUT BEEF  VEGETABLES SPRING ROLL 8PCS 380G 1",50.99,10,SUPERMARKET
HAA,107899,"ELTRUT BEEF  VEGETABLES SPRING ROLL 8PCS 380G 1",50.99,4,SUPERMARKET
KS7,107906,"SHISHA MOUTH TIP SET 30PCS YWU",4.9,37,"HOUSEWARE & KITCHENWARE"
ACH,107912,"AB CHAIR HJ10001",1449,6,"SPORTS & FITNESS"
FAR,107913,"AB CHAIR HJB041B",1149,2,"SPORTS & FITNESS"
LFS,107914,"NATARAJ MATH SET WPLASTIC CASE",14.5,-17,STATIONERY
SPN,107935,"BAYARA FLAXSEEDS 400G  10",24.99,19,SUPERMARKET
M03,107940,"BAYARA DATES PASTE 1KG",59.99,2,SUPERMARKET
M03,107941,"BAYARA PREMIUM KHALAS DATES VACUUM 1KG 8",79.99,-7,SUPERMARKET
SPN,107943,"BAYARA SALTED PEANUTS SNACK 150G  10",24.99,2,SUPERMARKET
MSS,107943,"BAYARA SALTED PEANUTS SNACK 150G  10",24.99,15,SUPERMARKET
M03,107947,"BAYARA ARABIC MIX SNACKS 150G  10",34.99,1,SUPERMARKET
SPN,107960,"BAYARA TRAIL MIX 200G  12",64.99,18,SUPERMARKET
SPN,107979,"ONE YOGO STRAWBERRY YOGHURT 330ML 12",20.99,35,SUPERMARKET
MSS,107980,"ONE YOGO STRAWBERRY WHEAT YOGHURT 330ML 12",20.99,2,SUPERMARKET
M05,107980,"ONE YOGO STRAWBERRY WHEAT YOGHURT 330ML 12",20.99,-4,SUPERMARKET
ACH,107980,"ONE YOGO STRAWBERRY WHEAT YOGHURT 330ML 12",20.99,12,SUPERMARKET
TMP,107980,"ONE YOGO STRAWBERRY WHEAT YOGHURT 330ML 12",20.99,6,SUPERMARKET
MDN,107980,"ONE YOGO STRAWBERRY WHEAT YOGHURT 330ML 12",20.99,2,SUPERMARKET
MSS,107981,"ONE YOGO VANILLA WHEAT YOGHURT 330ML 12",20.99,-10,SUPERMARKET
SPN,107983,"ONE YOGO SUGAR FREE WHEAT YOGHURT 330ML 12",20.99,52,SUPERMARKET
LFS,107984,"ONE YOGO GREEK YOGHURT 500ML 12",59.99,2,SUPERMARKET
MSS,107986,"AKAI CEILING FAN 36 EF104A3658WS",349,2,"ELECTRICAL APPLIANCES"
KS7,107987,"AKAI CEILING FAN 36 EF105A3658BG",349,1,"ELECTRICAL APPLIANCES"
TMP,107997,"TABLE LAMP 57CM MEL12",399,8,"HOME DECOR & TEXTILES"
MSS,107998,"BAYARA PREMIUM MIX ENERGY SNACKS 200G  12",69.99,9,SUPERMARKET
MSS,108000,"BAYARA PREMIUM MIX SUPREME SNACKS 200G  12",99.99,13,SUPERMARKET
M03,108000,"BAYARA PREMIUM MIX SUPREME SNACKS 200G  12",99.99,5,SUPERMARKET
KAS,108003,"BAYARA PEPPERCORN MIX 200G  12",107.99,3,SUPERMARKET
MSS,108005,"BAYARA WALNUTS JUMBO 200G  12",99.99,13,SUPERMARKET
LFS,108019,"CREIGHTONS VANILLAMACA HANDBODY LOTION 400ML  6",82.99,16,SUPERMARKET
MDN,108080,"CURTAIN 52X84  BLACKOUT WEMBOSSED B2020506",189,15,"HOME DECOR & TEXTILES"
KS7,108080,"CURTAIN 52X84  BLACKOUT WEMBOSSED B2020506",189,8,"HOME DECOR & TEXTILES"
TMP,108103,"CURTAIN 52X84 BLACKOUT W8GROMMET 36",129,9,"HOME DECOR & TEXTILES"
FAR,108103,"CURTAIN 52X84 BLACKOUT W8GROMMET 36",129,2,"HOME DECOR & TEXTILES"
TMP,108130,"CURTAIN 52X84  W8GROMMET J2020829",189,9,"HOME DECOR & TEXTILES"
MSS,108133,"CURTAIN 52X84  W8GROMMET J2020826",189,16,"HOME DECOR & TEXTILES"
HAA,108133,"CURTAIN 52X84  W8GROMMET J2020826",189,9,"HOME DECOR & TEXTILES"
HAA,108134,"CURTAIN 52X84  W8GROMMET J2020825",139,6,"HOME DECOR & TEXTILES"
TMP,108137,"CURTAIN 52X84  W8GROMMET J2020802",179,1,"HOME DECOR & TEXTILES"
FAR,108156,"HARIBO BUBBLEGUM BOTTLES ZING 140G160G176G   12",29.99,16,SUPERMARKET
GBA,108156,"HARIBO BUBBLEGUM BOTTLES ZING 140G160G176G   12",29.99,13,SUPERMARKET
MSS,108156,"HARIBO BUBBLEGUM BOTTLES ZING 140G160G176G   12",29.99,128,SUPERMARKET
KCS,108158,"HARIBO RAINBOW STRIPS ZING 130G143G  12",29.99,7,SUPERMARKET
M04,108172,"MCVITIES DARK CHOCOLATE TWIN PACK 632G  6",94.99,5,SUPERMARKET
M03,108172,"MCVITIES DARK CHOCOLATE TWIN PACK 632G  6",94.99,6,SUPERMARKET
MSS,108174,"MCVITIES DARK CHOCOLATE DIGESTIVES 433G  12",72.99,36,SUPERMARKET
LFS,108180,"WRIGLEYS SKITTLES CRAZY SOUR 45G  36",12.99,18,SUPERMARKET
LFS,108185,"NESTLE SHREDDIES CEREAL 460G 6",72.99,12,SUPERMARKET
FAR,108211,"DLUCIO VENDIMIA TEMPRANA BLANCO WINE  750ML 6",127.99,5,SUPERMARKET
HAA,108212,"LITORAL ROSE WINE 750ML 12",82.99,23,SUPERMARKET
SPN,108214,"LITORAL WHITE WINE 750ML 12",82.99,43,SUPERMARKET
ADB,108214,"LITORAL WHITE WINE 750ML 12",82.99,8,SUPERMARKET
KCS,108215,"BARON DE SENAC RED SWEET WINE 750ML 6",83.99,13,SUPERMARKET
KS7,108224,"HENDRICKS GIN 700ML 12",769.99,5,SUPERMARKET
ACH,108227,"PARIDOX ALCOHOL WIPES 100SHEETS",46.99,15,SUPERMARKET
HAA,108227,"PARIDOX ALCOHOL WIPES 100SHEETS",46.99,23,SUPERMARKET
MSS,108227,"PARIDOX ALCOHOL WIPES 100SHEETS",46.99,38,SUPERMARKET
MAS,108227,"PARIDOX ALCOHOL WIPES 100SHEETS",46.99,14,SUPERMARKET
ACH,108229,"GREEN WORLD  EXTRA KILLER INSECTICIDE 400ML  24",40.99,19,SUPERMARKET
SPN,108229,"GREEN WORLD  EXTRA KILLER INSECTICIDE 400ML  24",40.99,38,SUPERMARKET
SPN,108233,"DARLING CELLARS CLASSIC CAB SAUVIGN MERLOT 750ML 6",99.99,5,SUPERMARKET
ACH,108235,"DARLING CELLARS CLASSIC SWEET RED 750ML  6",109.99,7,SUPERMARKET
ADB,108235,"DARLING CELLARS CLASSIC SWEET RED 750ML  6",109.99,1,SUPERMARKET
KS7,108250,"FACE SHIELD PLASTIC",1.9,170,"GARMENTS AND FOOTWEAR"
TMP,108265,"FRICTION TOY TRUCK POWERFUL E46 MKL047066",79,10,"TOYS AND ENTERTAINMENT"
MDN,108305,"MONOPOLY GLOBAL VILLAGE BOARD GAME MK655494",49,10,"TOYS AND ENTERTAINMENT"
KS7,108343,"GREEN WORLD AIR FRESHNER ANTI TOBACCO 300ML 24",29.99,3,SUPERMARKET
LFS,108344,"WHISPERING ANGEL CAVES DESCLANS ROSE WINE 750ML 6",339.99,31,SUPERMARKET
ADB,108344,"WHISPERING ANGEL CAVES DESCLANS ROSE WINE 750ML 6",339.99,12,SUPERMARKET
HAA,108344,"WHISPERING ANGEL CAVES DESCLANS ROSE WINE 750ML 6",339.99,9,SUPERMARKET
M04,108344,"WHISPERING ANGEL CAVES DESCLANS ROSE WINE 750ML 6",339.99,25,SUPERMARKET
M03,108348,"ABIDO CHICKEN SHAWARMA SPICES 50G 10",30.99,13,SUPERMARKET
LFS,108353,"ABIDO SPICES CURRY SWEET 50G   144",15.99,-3,SUPERMARKET
LFS,108355,"ABIDO  SPICES BARAKA NIGELLA SEEDS 50G  144",14.99,116,SUPERMARKET
LFS,108358,"ABIDO KAFTA SPICES 50G  10",25.99,26,SUPERMARKET
MSS,108361,"ABIDO  MOGRABIEE SPICES 50G  144",19.99,110,SUPERMARKET
SPN,108364,"ABIDO PHILADELPHIA SPICES 50G 10",18.99,38,SUPERMARKET
MSS,108365,"ABIDO  CARAWIA SPICES 50G  144",15.99,12,SUPERMARKET
LFS,108367,"ABIDO SOJOK SPICES 50G  10",19.99,10,SUPERMARKET
M03,108369,"AL BSAT HALAWA PLAIN 454G  24",70.49,24,SUPERMARKET
MSS,10837,"WATER JUG W4PCS TUMBLERS PLASTIC 5079 YWU",29.9,10,"HOUSEWARE & KITCHENWARE"
SPN,108372,"AL WAZEER OLIVE OIL  500ML  12",120.99,33,SUPERMARKET
KAS,108373,"LUNCHEON MEAT AL TAGHZIAH BEEF 340G  20",36.99,6,SUPERMARKET
MSS,108374,"LUNCHEON MEAT AL TAGHZIAH CHICKEN 200G  24",18.99,30,SUPERMARKET
TMP,108374,"LUNCHEON MEAT AL TAGHZIAH CHICKEN 200G  24",18.99,5,SUPERMARKET
ACH,108397,"PARLE SIMPLY GOOD DIGESTIVE HONEY  OATS 72G  36",5.49,11,SUPERMARKET
HAA,108397,"PARLE SIMPLY GOOD DIGESTIVE HONEY  OATS 72G  36",5.49,49,SUPERMARKET
MAS,108397,"PARLE SIMPLY GOOD DIGESTIVE HONEY  OATS 72G  36",5.49,95,SUPERMARKET
KAS,108397,"PARLE SIMPLY GOOD DIGESTIVE HONEY  OATS 72G  36",5.49,18,SUPERMARKET
ACH,108399,"KIVO CLASSIC BAKED BEANS IN TOMATO SAUCE 400G  12",23.49,18,SUPERMARKET
MSS,108450,"BLUE SKIES VANILLA BEAN  ICE CREAM 450ML 1",51.99,6,SUPERMARKET
ACH,108451,"BLUE SKIES COFFEE LATTE  ICE CREAM 450ML 1",51.99,4,SUPERMARKET
ADB,108468,"FIZZY COLA DRINK 350ML 20",3.19,75,SUPERMARKET
M04,108468,"FIZZY COLA DRINK 350ML 20",3.19,57,SUPERMARKET
ACH,108469,"FIZZY SODA WATER 350ML 16",3.19,5,SUPERMARKET
MDN,108469,"FIZZY SODA WATER 350ML 16",3.19,35,SUPERMARKET
SPN,108509,"CASTANIA ROASTED NUTS  PEANUTS ROASTED 40G  10",9.99,3,SUPERMARKET
TMP,108516,"CHTOURA PICKLES GARDEN CUCUMBER 600G  12",53.99,2,SUPERMARKET
LFS,108517,"CHTOURA  CONSERVES GARDEN STUFFED EGGPLANT 350G 12",66.99,6,SUPERMARKET
TMP,108526,"CHTOURA CONSERVES GARDEN EGGPLANT DIP 370G  24",54.49,24,SUPERMARKET
FAR,108526,"CHTOURA CONSERVES GARDEN EGGPLANT DIP 370G  24",54.49,24,SUPERMARKET
KS7,108526,"CHTOURA CONSERVES GARDEN EGGPLANT DIP 370G  24",54.49,16,SUPERMARKET
TMP,108534,"CHTOURA CONSERVES GARDEN FAVA BEANS LEBANESE 400G",14.99,3,SUPERMARKET
MSS,108556,"DARINA IFD STRAWBERRY 25G  120",4.99,51,SUPERMARKET
SPN,108556,"DARINA IFD STRAWBERRY 25G  120",4.99,1,SUPERMARKET
MSS,108573,"DOMO CUSTARD CHOCOLATE 300G  12",62.99,7,SUPERMARKET
M03,108577,"DOMO CUSTARD STRAWBERRY 300G  12",62.99,6,SUPERMARKET
SPN,108579,"FANTASIA CHIPS FRITES 55G  12",16.99,59,SUPERMARKET
FAR,108581,"GOLDEN PHEASANT TOMATO PASTE 1000G   6",169.99,6,SUPERMARKET
SPN,108583,"CHTOURA OLIVES GARDEN GREEN 600G  12",72.49,26,SUPERMARKET
MSS,108589,"HORSE HEAD CEYLON TEA 350G  24",129.99,11,SUPERMARKET
ADB,108592,"CHTOURA GARDEN LEMON SUBSTITUTE 330ML  24",14.99,16,SUPERMARKET
SPN,108653,"NAJJAR COFFEE PLAIN 200G  20",77.99,80,SUPERMARKET
TMP,108666,"CHTOURA GARDEN OLIVE OIL ALFIA 250ML   12",70.99,12,SUPERMARKET
KAS,108674,"PUCK CREAM PLAIN KASHTA 175G  48",33.99,47,SUPERMARKET
SPN,108677,"PUCK CHEESE GLASS 240G  24",56.99,37,SUPERMARKET
M04,108706,"XTRA ORANGE  CARROT JUICE 1L  12",27.99,1,SUPERMARKET
FAR,108758,"YAMAMA POMEGRANATE MOLASSES 750ML   12",91.49,4,SUPERMARKET
SPN,108763,"YAMAMA VINEGAR RED 1L  12",19.99,1,SUPERMARKET
FAR,108764,"CURTAIN BLACKOUT WGROMET GREY 02PA6201A",109,1,"HOME DECOR & TEXTILES"
SPN,108797,"ARUBA ICE TEA LEMON 22G   120",4.99,83,SUPERMARKET
SPN,108799,"ARUBA ICE TEA PEACH 22G   120",3.99,138,SUPERMARKET
MSS,108815,"FANTASIA BUGLES CHIPS ORIGINAL 48G  12",19.99,22,SUPERMARKET
TMP,108816,"FANTASIA PICO BELLOS CHIPS 55G 12",15.99,11,SUPERMARKET
SPN,108845,"LEGGINGS KIDSCOTTONLYCRA KGSL 2243",29.9,2,"GARMENTS AND FOOTWEAR"
SPN,108889,"MARILAN MAGIC TOAST WHOLEGRAIN CRISPBREAD 110G 24",15.99,24,SUPERMARKET
MDN,108890,"MARILAN MAGIC TOAST MULTICREALS CRISPBREAD 110G 24",15.99,10,SUPERMARKET
FAR,108892,"MARILAN STRAWBERRY WAFER 80G  24",7.29,44,SUPERMARKET
FAR,108893,"MARILAN LIME WAFER 80G  24",7.49,12,SUPERMARKET
TMP,108898,"BOOST ENERGY DRINK RED BERRY 250ML  24",13.99,38,SUPERMARKET
ACH,108898,"BOOST ENERGY DRINK RED BERRY 250ML  24",13.99,15,SUPERMARKET
KAS,108952,"FEVER TREE REFRESHINGLY LIGHT MEDI TONIC 150ML  24",17.99,4,SUPERMARKET
MSS,108953,"FEVER TREE REFRESHING LIGHT TONIC WATER 150ML  24",17.99,2,SUPERMARKET
LFS,108965,"WRIGLEYS SKITTLES TROPICAL 45G  36",14.99,4,SUPERMARKET
KS7,108984,"FESTIVA SWEET CONDENSED MILK 1LTS  24",39.99,26,SUPERMARKET
LFS,108989,"PLATINUM JASMINE VIETNAMESE RICE 45KG  5",84.99,317,SUPERMARKET
MSS,108989,"PLATINUM JASMINE VIETNAMESE RICE 45KG  5",84.99,80,SUPERMARKET
TMP,109020,"FLOWER VASE 15X115 CERAMIC YS818S",99,59,"HOME DECOR & TEXTILES"
MSS,109020,"FLOWER VASE 15X115 CERAMIC YS818S",99,1,"HOME DECOR & TEXTILES"
KS7,109037,"FLOWER VASE 105X24 GLASS TUBE 2ROSE GOLD",25.9,1,"HOME DECOR & TEXTILES"
TMP,109105,"LED CEILING LAMP BLUEWHT LD3100A36W2",229,1,"HOME DECOR & TEXTILES"
HAA,109123,"LED CEILING LAMP 12W ROUND LD400412W",89,1,"ELECTRICAL APPLIANCES"
FAR,109125,"LED CEILING LAMP 12W SQUARE LD400812W",99,34,"ELECTRICAL APPLIANCES"
TMP,109126,"LED CEILING LAMP 24W SQUARE LD400824W",179,2,"ELECTRICAL APPLIANCES"
FAR,109166," BOSCH SCREWDRIVER BIT SET 38PCS BLUE 2607017511",399,1,"HARDWARE & BUILDING MATERIAL"
HAA,109166," BOSCH SCREWDRIVER BIT SET 38PCS BLUE 2607017511",399,1,"HARDWARE & BUILDING MATERIAL"
FAR,109187,"BOSCH WOOD DRILL BIT SET 7P BRAD POINT 2607017034",79,5,"HARDWARE & BUILDING MATERIAL"
KS7,109207,"TSHIRT 9MNTHS5YRS BOYS EMBROIDERED KGSL2252",36,8,"GARMENTS AND FOOTWEAR"
KS7,109212,"PILLOW VACUUM 810 GM",85,-1,"HOME DECOR & TEXTILES"
MSS,109219,"NASCO FRIDGE SD 93L SILVER NASF110S",1699,1,"ELECTRICAL APPLIANCES"
LFS,109232,"BOSCH GAS COOKER 4B 60X60 SS HGB320E50M",18999,1,"GAS COOKER & ACCESSORIES"
KS7,109258,"MUG 415ML CERAMIC STRIPES M86003",9.9,51,"HOUSEWARE & KITCHENWARE"
FAR,109260,"CELLO HOTPOT SET 2PCS 10001600 SAPPHIRE",99,3,"HOUSEWARE & KITCHENWARE"
ACH,109277,"MOMEASY BABY SPOON 2PC SET SS 45340",18.9,3,"TOYS AND ENTERTAINMENT"
LFS,109278,"MOMEASY BABY BIB 46075",20.9,1,"TOYS AND ENTERTAINMENT"
FAR,109287,"FESTIVA PRAWN CRACKERS 227G  60",11.99,76,SUPERMARKET
MSS,109287,"FESTIVA PRAWN CRACKERS 227G  60",11.99,58,SUPERMARKET
FAR,109289,"MORNING FRESH DISHWASH ORIGINAL 1000ML  12",49.99,16,SUPERMARKET
KS7,109289,"MORNING FRESH DISHWASH ORIGINAL 1000ML  12",49.99,14,SUPERMARKET
GBA,109289,"MORNING FRESH DISHWASH ORIGINAL 1000ML  12",49.99,13,SUPERMARKET
ACH,109289,"MORNING FRESH DISHWASH ORIGINAL 1000ML  12",49.99,34,SUPERMARKET
MAS,109290,"MORNING FRESH DISHWASH ZESTY LEMON 1000ML  12",49.99,2,SUPERMARKET
MSS,109290,"MORNING FRESH DISHWASH ZESTY LEMON 1000ML  12",49.99,43,SUPERMARKET
ACH,109290,"MORNING FRESH DISHWASH ZESTY LEMON 1000ML  12",49.99,37,SUPERMARKET
M03,109290,"MORNING FRESH DISHWASH ZESTY LEMON 1000ML  12",49.99,1,SUPERMARKET
MAS,109328,"ROMAR AUTOM AIRFRESH REFILL TALC 250ML  6",46.99,4,SUPERMARKET
MSS,109328,"ROMAR AUTOM AIRFRESH REFILL TALC 250ML  6",46.99,1,SUPERMARKET
M04,109328,"ROMAR AUTOM AIRFRESH REFILL TALC 250ML  6",46.99,7,SUPERMARKET
ADB,109329,"ROMAR AUTOM AIRFRESH REFILL ANTI TOBACCO 250ML  8",48.99,5,SUPERMARKET
MAS,109329,"ROMAR AUTOM AIRFRESH REFILL ANTI TOBACCO 250ML  8",48.99,2,SUPERMARKET
SPN,109330,"ROMAR  AIRFRESHNER TALC 300ML  8",38.99,10,SUPERMARKET
M05,109331,"ROMAR  AIRFRESHNERANTI TABACCO 300ML  8",40.99,8,SUPERMARKET
ACH,109331,"ROMAR  AIRFRESHNERANTI TABACCO 300ML  8",40.99,10,SUPERMARKET
M04,109331,"ROMAR  AIRFRESHNERANTI TABACCO 300ML  8",40.99,16,SUPERMARKET
MSS,109331,"ROMAR  AIRFRESHNERANTI TABACCO 300ML  8",40.99,12,SUPERMARKET
FAR,109394,"DAPHNIS EXTRA VIRGIN OLIVE OIL 500ML 12",184.99,17,SUPERMARKET
M04,109395,"DAPHNIS EXTRA VIRGIN OLIVE OIL 250ML 24",90.99,29,SUPERMARKET
MAS,109396,"CROSS OLIVE OIL 100ML 40",29.99,33,SUPERMARKET
ACH,109397,"CROSS OLIVE OIL 250ML 24",62.99,11,SUPERMARKET
MDN,109397,"CROSS OLIVE OIL 250ML 24",62.99,57,SUPERMARKET
FAR,109397,"CROSS OLIVE OIL 250ML 24",62.99,39,SUPERMARKET
MAS,109397,"CROSS OLIVE OIL 250ML 24",62.99,15,SUPERMARKET
MSS,109397,"CROSS OLIVE OIL 250ML 24",62.99,26,SUPERMARKET
FAR,109432,"LED LAMP WWIRELESS PHONE CHARGER GRAIN S21",339,1,"ELECTRICAL APPLIANCES"
LFS,109448,"CONTAINER ROUND SET OF 3PCS PLASTIC 5642",12.9,40,"HOUSEWARE & KITCHENWARE"
FAR,109448,"CONTAINER ROUND SET OF 3PCS PLASTIC 5642",12.9,20,"HOUSEWARE & KITCHENWARE"
TMP,109543,"LED CEILING LAMP BRUSHED STEEL LINES ML82460",349,2,"HOME DECOR & TEXTILES"
ADB,109553,"BEAUTY SECRET AFRICAN BLCK SOAP SHEA HONEY 142G 48",39.99,17,SUPERMARKET
ACH,109560,"DINNER PLATE MELAMINE 8 INCHES ZHN FP9308",9.9,30,"HOUSEWARE & KITCHENWARE"
HAA,109569,"GIFT SET WPLATEBOWLSPOONFORKTRAY P510",16.9,17,"HOUSEWARE & KITCHENWARE"
MDN,109571,"JUG WLID CHEQS 1300ML DXB Q3654",39.9,1,"HOUSEWARE & KITCHENWARE"
MSS,109574,"FRYTOL VEGETABLE COOKING OIL 900ML 12",38.99,105,SUPERMARKET
KAS,109574,"FRYTOL VEGETABLE COOKING OIL 900ML 12",38.99,7,SUPERMARKET
ACH,109639,"BATHROOM SET 5PCS PLASTIC SSPD UP160",49.9,1,"HOUSEWARE & KITCHENWARE"
ACH,109656,"BABY BOOTIES WCARTOON DESIGN BB 256",12.9,1,"GARMENTS AND FOOTWEAR"
TMP,109702,"FOOTPRINT SAUVIGNON BLANC WINE 750ML 6",109.99,6,SUPERMARKET
MDN,109702,"FOOTPRINT SAUVIGNON BLANC WINE 750ML 6",109.99,6,SUPERMARKET
M05,109712,"FIESTA ROSE GRAPE  NON ALC WINE  750ML  6",41.99,7,SUPERMARKET
LFS,109712,"FIESTA ROSE GRAPE  NON ALC WINE  750ML  6",41.99,11,SUPERMARKET
KCS,109712,"FIESTA ROSE GRAPE  NON ALC WINE  750ML  6",41.99,4,SUPERMARKET
MAS,109712,"FIESTA ROSE GRAPE  NON ALC WINE  750ML  6",41.99,2,SUPERMARKET
ACH,109725,"CUTLERY HOLDER 385X150X180MM WBASKET SS KFB03A RK",14.9,12,"HOUSEWARE & KITCHENWARE"
MSS,109728,"SPICE SET TABLETOP 5PCS SET B1605A RJK",99,21,"HOUSEWARE & KITCHENWARE"
LFS,109733,"SIEVE RIM 270X270X70MM SS SSV040 RJK",199,10,"HOUSEWARE & KITCHENWARE"
MAS,109733,"SIEVE RIM 270X270X70MM SS SSV040 RJK",199,9,"HOUSEWARE & KITCHENWARE"
ACH,109739,"CUSHION VELVET POPPOM 43X43CM 400G SDF01",89,2,"HOME DECOR & TEXTILES"
KS7,109751,"PARTY PLATE SET 10PCS 9  WCUP BIRTHDAY MIX DESIGN",18.9,56,"TOYS AND ENTERTAINMENT"
SPN,109754,"BIRTDAY PARTY PLATE  CUP 10PCS SET MIX DESIGN",10.9,11,"TOYS AND ENTERTAINMENT"
M05,109759,"MATA HONEY JAR 500 GM 12",45.99,7,SUPERMARKET
ACH,109759,"MATA HONEY JAR 500 GM 12",45.99,21,SUPERMARKET
MDN,109759,"MATA HONEY JAR 500 GM 12",45.99,13,SUPERMARKET
SPN,109759,"MATA HONEY JAR 500 GM 12",45.99,13,SUPERMARKET
MDN,109764,"AMERICAN GOURMET ICING SUGAR 500G 24",28.99,20,SUPERMARKET
FAR,109765,"AMERICAN GOURMET BAKING POWDER 100G 48",16.99,15,SUPERMARKET
MAS,109766,"AMERICAN GOURMET BICARBONATE SODA 100G 48",13.99,33,SUPERMARKET
MSS,109770,"DUSTBIN WLID WHIRLPOOL DESIGN 7L PLASTIC M132",69,5,"HOUSEWARE & KITCHENWARE"
LFS,109771,"DUSTBIN WLID WHIRLPOOL DESIGN 11L PLASTIC M133",69,1,"HOUSEWARE & KITCHENWARE"
M05,109790,"INDOMIE TASTY CHICKEN NOODLES 70G 44",5.49,80,SUPERMARKET
ACH,109790,"INDOMIE TASTY CHICKEN NOODLES 70G 44",5.49,380,SUPERMARKET
SPN,109797,"MEDICAL PLAY SET WTEDDY BEAR B1215144",99,3,"TOYS AND ENTERTAINMENT"
KS7,109805,"CHEESE STACK GAME 3YEARS B1157473",34.9,25,"TOYS AND ENTERTAINMENT"
TMP,109853,"LOVELY BOARD BOOK",14.99,1,STATIONERY
SPN,109854,"FIRST PADDED BOARD BOOKS",16.99,20,STATIONERY
FAR,109856,"MAGIC BATH BOOKS",38.9,25,STATIONERY
KS7,109856,"MAGIC BATH BOOKS",38.9,11,STATIONERY
ACH,109860,"WONDERFUL STORY BOARD BOOKS",21.99,22,STATIONERY
HAA,109863,"MINI ENGLISH DICTIONARY",28.99,27,STATIONERY
KS7,109863,"MINI ENGLISH DICTIONARY",28.99,2,STATIONERY
LFS,109866,"COPY COLOUR BOOKS",12.99,21,STATIONERY
HAA,109866,"COPY COLOUR BOOKS",12.99,8,STATIONERY
TMP,109866,"COPY COLOUR BOOKS",12.99,24,STATIONERY
LFS,109868,"101 FAIRY TALES BOOK",35.99,6,STATIONERY
HAA,109874,"MY BOOK OF ART  CRAFT",15.9,47,STATIONERY
LFS,109880,"COLOUR WITH CRAYONS BOOK",12.9,21,STATIONERY
LFS,109882,"LEARN WITH PHONICS BOOK",41.9,7,STATIONERY
SPN,109886,"365 MATHS ACTIVITY BOOK",42.99,18,STATIONERY
ACH,109941,"SONY HIFI SPEAKER MHCV83DMEA3",12649,1,"ELECTRONICS & TELECOM"
KAS,109959,"CASA DE CAMPO GREEN PEAS 400G   12",17.99,6,SUPERMARKET
M05,109966,"CASA DE CAMPO PEELED PLUM TOMATOES 400G 12",29.99,6,SUPERMARKET
SPN,109966,"CASA DE CAMPO PEELED PLUM TOMATOES 400G 12",29.99,31,SUPERMARKET
MSS,109967,"CASA DE CAMPO EXTRA VIRGIN OLIVE OIL G 500ML12",119.99,60,SUPERMARKET
LFS,109968,"RYVITA THINS CHEDDAR PEPPER 125G  6",49.99,13,SUPERMARKET
FAR,109986,"SEARA CHICKEN SPICY SAUSAGE 340G 24",22.99,192,SUPERMARKET
MSS,110012,"LED CEILING LAMP FLOWER WREMOTE 6214",499,3,"HOME DECOR & TEXTILES"
MDN,110030,"BED QUEEN SIZE 1500X2000MM GREY NORDIN Q",4890,1,FURNITURE
KS7,110031,"ARTIFICIAL ROSE FLOWER 10 BUNCH  27CM 9112",25.9,18,"HOME DECOR & TEXTILES"
KS7,110039,"ARTIFICIAL MOUNDLILY FLOWER  84CM 9115",15.9,31,"HOME DECOR & TEXTILES"
KS7,110042,"ARTIFICIAL PEONY FLOWER 60CM 9121",21.9,17,"HOME DECOR & TEXTILES"
HAA,110046,"ARTIFICIAL PEONY FLOWER  50CM 9130",4.9,17,"HOME DECOR & TEXTILES"
HAA,110054,"ARTIFICIAL DELPHINIUM FLOWER 2BRNCH 85CM 2020093",19.9,3,"HOME DECOR & TEXTILES"
HAA,110057,"ARTIFICIAL TULIP FLOWER 3 BUNCH 100CM 20200910",10.9,2,"HOME DECOR & TEXTILES"
FAR,110063,"ARTIFICIAL CHRYSANTHEMUM FLWER 5BNH 88CM 20200924",18.9,10,"HOME DECOR & TEXTILES"
SPN,110064,"ARTIFICIAL BALL FLOWER 3BUNCH 64CM 20200925",16.9,5,"HOME DECOR & TEXTILES"
MAS,110064,"ARTIFICIAL BALL FLOWER 3BUNCH 64CM 20200925",16.9,2,"HOME DECOR & TEXTILES"
MAS,110067,"ARTIFICIAL 2 LEAF FLOWER 68CM 20200931",10.9,15,"HOME DECOR & TEXTILES"
MDN,110109,"HORNBILL PURE  COCONUT OIL 1L 12",112.99,14,SUPERMARKET
FAR,110109,"HORNBILL PURE  COCONUT OIL 1L 12",112.99,10,SUPERMARKET
M04,110109,"HORNBILL PURE  COCONUT OIL 1L 12",112.99,17,SUPERMARKET
ACH,110110,"HORNBILL PURE  COCONUT OIL 500ML 24",63.99,20,SUPERMARKET
FAR,110112,"KENWOOD WINE COOLER 43BOTTLES BCW43000BK",13999,1,"ELECTRICAL APPLIANCES"
MAS,110112,"KENWOOD WINE COOLER 43BOTTLES BCW43000BK",13999,1,"ELECTRICAL APPLIANCES"
KS7,110115,"KENWOOD KETTLE 17L 2200W ZJP00000WH",499,-5,"ELECTRICAL APPLIANCES"
KS7,110117,"KENWOOD AIR FRYER 11L 2000W HFP90000BK",2189,1,"ELECTRICAL APPLIANCES"
ACH,110141,"BOYS TWILL JOGGERS",99,1,"GARMENTS AND FOOTWEAR"
M04,110144,"BLUE BAND SPREAD FOR  BREAD 12G 10 X 25",9.49,45,SUPERMARKET
ACH,110152,"HANGER METAL 31820201247 RJK",29.9,6,"HOUSEWARE & KITCHENWARE"
MDN,110152,"HANGER METAL 31820201247 RJK",29.9,7,"HOUSEWARE & KITCHENWARE"
KS7,110152,"HANGER METAL 31820201247 RJK",29.9,4,"HOUSEWARE & KITCHENWARE"
MAS,110152,"HANGER METAL 31820201247 RJK",29.9,4,"HOUSEWARE & KITCHENWARE"
ACH,110194,"SERVING TRAY MELAMINE 20 INCHES ZHN A318205",39.9,28,"HOUSEWARE & KITCHENWARE"
MDN,110203,"SENATOR THERMAL BOTTLE 1L BLK SILV FRC K3064414",399,1,"HOUSEWARE & KITCHENWARE"
LFS,110226,"HEX DUMBBELL HD5KG",179,4,"SPORTS & FITNESS"
HAA,110226,"HEX DUMBBELL HD5KG",179,2,"SPORTS & FITNESS"
KS7,110230,"HEX DUMBBELL HD125KG",459,2,"SPORTS & FITNESS"
ACH,110231,"HEX DUMBBELL HD15KG",549,1,"SPORTS & FITNESS"
LFS,110246,"SAFARI POTATO GRILLS SALTVINEGAR 60G  16",26.99,37,SUPERMARKET
KAS,110246,"SAFARI POTATO GRILLS SALTVINEGAR 60G  16",26.99,2,SUPERMARKET
M03,110248,"SAFARI POTATO GRILLS SALTVINEGAR 125G  12",46.99,4,SUPERMARKET
SPN,110255,"HUNTERS BROWN RICE CRACKERS MULTIGRAIN 100G  12",62.99,13,SUPERMARKET
LFS,110256,"FIORENTINI ORGANIC CEREAL CAKE RICE 120G  12",79.99,11,SUPERMARKET
TMP,110270,"SHELVES WALL DECOR JH80082",449,1,"HOME DECOR & TEXTILES"
TMP,110271,"SHELVES WALL DECOR ZZY002",359,5,"HOME DECOR & TEXTILES"
MAS,110272,"SHELVES WALL DECOR JH8019",279,6,"HOME DECOR & TEXTILES"
TMP,110273,"SHELVES WALL DECOR ZZY011",529,1,"HOME DECOR & TEXTILES"
FAR,110290,"HANGING CHANDELIER 45W CHROME 19601PCH",499,1,"HOME DECOR & TEXTILES"
MSS,110310,"LED CEILING LAMP 2X60W FLOWER LD33875",549,2,"HOME DECOR & TEXTILES"
HAA,110333,"CURTAIN ROD SINGLE 1619MM POLCHROM 11305210PC",69,1,"HOME DECOR & TEXTILES"
MSS,110346,"OVOS KISSES 40 MILK CHOCOLATE 100G 100",29.99,107,SUPERMARKET
FAR,110348,"OVOS KISSES 70 DRAK CHOCOLATE 100G 100",28.99,23,SUPERMARKET
LFS,110387,"KITCHEN TOWEL 10PS 33X33",49,68,"HOME DECOR & TEXTILES"
TMP,110389," GIFT SET COUPLE MS1800110",9.9,19,"HOME DECOR & TEXTILES"
LFS,110391,"GIFT SET TEDDY BEAR WTOY CAR L05257",9.9,10,"HOME DECOR & TEXTILES"
TMP,110396," GIFT SET BAGKEYHOLDERWATCH MS171461",34.9,24,"HOME DECOR & TEXTILES"
TMP,110398," GIFT SET BAGPERFUME RED MS171452",34.9,13,"HOME DECOR & TEXTILES"
KS7,110415,"AREA RUGS CUT SHUTTLE  120X180 CM",79,6,"HOME DECOR & TEXTILES"
ACH,110415,"AREA RUGS CUT SHUTTLE  120X180 CM",79,15,"HOME DECOR & TEXTILES"
KS7,110426,"BALLOON 20CM I LOVE YOU TRANSPARENT",6.9,316,"TOYS AND ENTERTAINMENT"
MAS,110427,"BALLOON 20CM LOVE YOU TRANSPARENT",7.9,27,"TOYS AND ENTERTAINMENT"
KS7,110430,"BALLOON 20CM WLIGHTSTICK",13.9,3,"TOYS AND ENTERTAINMENT"
KS7,110431,"BALLOON 20CM WLIGHTSTICK LOVE SHAPE TRANSPARENT",17.9,46,"TOYS AND ENTERTAINMENT"
HAA,110431,"BALLOON 20CM WLIGHTSTICK LOVE SHAPE TRANSPARENT",17.9,15,"TOYS AND ENTERTAINMENT"
TMP,110472,"CAMPARI BITTERS 200ML  24",79.99,9,SUPERMARKET
MAS,110472,"CAMPARI BITTERS 200ML  24",79.99,17,SUPERMARKET
LFS,110474,"OKF ALOEVERA SUGAR FREE 500ML  20",20.99,6,SUPERMARKET
SPN,110474,"OKF ALOEVERA SUGAR FREE 500ML  20",20.99,22,SUPERMARKET
ACH,110479,"OKF SPARKLING LEMON DRINK 350ML  24",16.99,4,SUPERMARKET
LFS,110491,"ZIP STAR LED FLOOD LIGHT 50W IP66",179,7,"ELECTRICAL APPLIANCES"
SPN,110503,"LED PANEL LIGHT 2 COLOR CONDUIT 186W",45,2,"ELECTRICAL APPLIANCES"
MSS,110510,"LED BULB 10W RGB COLOR",8,20,"ELECTRICAL APPLIANCES"
KS7,110512,"LED BULB 45W LEAVES 3COL RGB FOLDABLE",30,12,"ELECTRICAL APPLIANCES"
M05,110663,"MEANNAN FINEST QUALITY GARI 2K 6",49.99,10,SUPERMARKET
MDN,110663,"MEANNAN FINEST QUALITY GARI 2K 6",49.99,6,SUPERMARKET
ACH,110686,"MEANNAN SHITO PEPPER SAUCE 650G 12",84.99,12,SUPERMARKET
MDN,110686,"MEANNAN SHITO PEPPER SAUCE 650G 12",84.99,3,SUPERMARKET
KS7,110693,"WALL CLOCK 25X9X22CM WHITEBLACK VICTORIA L005S",25.9,1,"HOME DECOR & TEXTILES"
KS7,110703,"WALL CLOCK 24X10X24CM BRONZE VICTORIA L1901",39.9,1,"HOME DECOR & TEXTILES"
HAA,110730,"LA VONCE TOMATO MIX SACHET 70G  100",2.19,19,SUPERMARKET
ACH,110730,"LA VONCE TOMATO MIX SACHET 70G  100",2.19,96,SUPERMARKET
TMP,110731,"LA VONCE TOMATO MIX TIN  210G   24",7.49,12,SUPERMARKET
SPN,110732,"LA VONCE TOMATO MIX SACHET 400G  24",13.49,107,SUPERMARKET
TMP,110733,"LA VONCE TOMATO PASTE TIN 22KG  6",57.99,5,SUPERMARKET
SPN,110738,"WAIST PA SYSTEM PORTABLE MINI  WUSBSD",359,3,"ELECTRONICS & TELECOM"
MAS,110740,"WETTOL ANTISEPTIC 45L   4",166.99,3,SUPERMARKET
KS7,110741,"SANITA  CLUB TRASH BAGS  30 GALLONSX20   10",39.99,5,SUPERMARKET
ACH,110742,"SANITA  CLUB TRASH BAGS 50GALLONSX20   10",60.99,18,SUPERMARKET
FAR,110742,"SANITA  CLUB TRASH BAGS 50GALLONSX20   10",60.99,11,SUPERMARKET
MDN,110743,"SANITA CLUB TRASH BAGS  55GALLONS X15    10",73.99,1,SUPERMARKET
ADB,110743,"SANITA CLUB TRASH BAGS  55GALLONS X15    10",73.99,12,SUPERMARKET
HAA,110743,"SANITA CLUB TRASH BAGS  55GALLONS X15    10",73.99,15,SUPERMARKET
HAA,110744,"SANITA CLUB TRASH BAGS 70GALLONSX10   10",59.99,13,SUPERMARKET
MSS,110744,"SANITA CLUB TRASH BAGS 70GALLONSX10   10",59.99,6,SUPERMARKET
KS7,110744,"SANITA CLUB TRASH BAGS 70GALLONSX10   10",59.99,-12,SUPERMARKET
ACH,110745,"SANITA CLUB TRASH BAGS 5GALLONSX30    24",30.49,32,SUPERMARKET
GBA,110745,"SANITA CLUB TRASH BAGS 5GALLONSX30    24",30.49,2,SUPERMARKET
KAS,110745,"SANITA CLUB TRASH BAGS 5GALLONSX30    24",30.49,2,SUPERMARKET
ADB,110746,"SANITA CLUB TRASH BAGS  8GALONSX30PCS   20",21.99,6,SUPERMARKET
MDN,110747,"SANITA CLUB TRASH BAGS 10GALLONSX30   16",50.99,15,SUPERMARKET
FAR,110747,"SANITA CLUB TRASH BAGS 10GALLONSX30   16",50.99,2,SUPERMARKET
MSS,110748,"SANITA CLUB TRASH BAGS 20GALLONS X15   20",52.99,9,SUPERMARKET
SPN,110748,"SANITA CLUB TRASH BAGS 20GALLONS X15   20",52.99,1,SUPERMARKET
M04,110750,"HALA GARBAGE BAGS BIODEGRADABLE 50GALLONSX10  14",32.99,30,SUPERMARKET
SPN,110750,"HALA GARBAGE BAGS BIODEGRADABLE 50GALLONSX10  14",32.99,4,SUPERMARKET
M05,110752,"HALA TRASH GARBAGE BIODEGRADABLE 8GALLONS X88   12",56.99,3,SUPERMARKET
KCS,110752,"HALA TRASH GARBAGE BIODEGRADABLE 8GALLONS X88   12",56.99,1,SUPERMARKET
M05,110753,"HALA TRASH BAGS BIODEGRADABLE 10GALLONSX80   12",55.19,12,SUPERMARKET
ACH,110753,"HALA TRASH BAGS BIODEGRADABLE 10GALLONSX80   12",55.19,9,SUPERMARKET
M04,110753,"HALA TRASH BAGS BIODEGRADABLE 10GALLONSX80   12",55.19,10,SUPERMARKET
KS7,110758,"WALL CLOCK 305X305X4CM ALUMINUM XCOO4",159,3,"HOME DECOR & TEXTILES"
SPN,110758,"WALL CLOCK 305X305X4CM ALUMINUM XCOO4",159,1,"HOME DECOR & TEXTILES"
HAA,110758,"WALL CLOCK 305X305X4CM ALUMINUM XCOO4",159,3,"HOME DECOR & TEXTILES"
TMP,110768,"WALL CLOCK 305X305X4CM ALUMINUM 5551",79,2,"HOME DECOR & TEXTILES"
FAR,110776,"MEANNAN COATED PEANUTS 300G 12",32.99,16,SUPERMARKET
MSS,110776,"MEANNAN COATED PEANUTS 300G 12",32.99,5,SUPERMARKET
M04,110776,"MEANNAN COATED PEANUTS 300G 12",32.99,11,SUPERMARKET
ACH,110777,"SUNNY BROWN SUGAR BOTTLE 18KG 6",81.99,13,SUPERMARKET
SPN,110777,"SUNNY BROWN SUGAR BOTTLE 18KG 6",81.99,46,SUPERMARKET
MAS,110778,"SUNNY BROWN SUGAR SACHET 12KG 24",59.99,18,SUPERMARKET
M05,110778,"SUNNY BROWN SUGAR SACHET 12KG 24",59.99,37,SUPERMARKET
M05,110779,"SUNNY GOLD GARI MIX WITH PEANUT 150G 24",9.99,1,SUPERMARKET
MDN,110779,"SUNNY GOLD GARI MIX WITH PEANUT 150G 24",9.99,1,SUPERMARKET
SPN,110795,"TELON DECAF BLACK TEA 255 TEABAGS   12",35.99,57,SUPERMARKET
TMP,110795,"TELON DECAF BLACK TEA 255 TEABAGS   12",35.99,11,SUPERMARKET
KS7,110800,"CARPET EE SERIES",1099,1,"HOME DECOR & TEXTILES"
HAA,110872,"CURTAIN ROD DOUBLE W2BRACKETS 13111D210AB",89,2,"HOME DECOR & TEXTILES"
HAA,110874,"CURTAIN ROD DOUBLE W2BRACKETS 16112D210AB",79,3,"HOME DECOR & TEXTILES"
M05,110880,"FRUTAIL GUAVA NECTAR JUICE 1L  12",34.99,24,SUPERMARKET
TMP,110880,"FRUTAIL GUAVA NECTAR JUICE 1L  12",34.99,18,SUPERMARKET
KS7,110880,"FRUTAIL GUAVA NECTAR JUICE 1L  12",34.99,4,SUPERMARKET
GBA,110880,"FRUTAIL GUAVA NECTAR JUICE 1L  12",34.99,11,SUPERMARKET
M05,110884,"NATURAL FIELDS PURE HONEY 350G 12",31.99,16,SUPERMARKET
M03,110884,"NATURAL FIELDS PURE HONEY 350G 12",31.99,13,SUPERMARKET
LFS,110911,"CHIVAS REGAL WHISKY 12 YO 40 200ML 24",182.99,22,SUPERMARKET
SPN,110911,"CHIVAS REGAL WHISKY 12 YO 40 200ML 24",182.99,36,SUPERMARKET
M03,110921,"THE GLENLIVET WHISKY 15YO 40 700ML 6",1649.99,7,SUPERMARKET
MSS,110921,"THE GLENLIVET WHISKY 15YO 40 700ML 6",1649.99,5,SUPERMARKET
MDN,110931,"YOGLAIT DRINKING YOGHURT RASPBERRY 200ML 1",9.99,3,SUPERMARKET
LFS,110932,"YOGLAIT DRINKING YOGHURT PLAIN 200ML 1",9.99,23,SUPERMARKET
MDN,110932,"YOGLAIT DRINKING YOGHURT PLAIN 200ML 1",9.99,3,SUPERMARKET
ADB,110936,"YOGLAIT  YOGHURT RASPBERRY 500G 1",36.99,10,SUPERMARKET
SPN,110937,"YOGLAIT  YOGHURT UNSWEETENED 500G 1",36.99,3,SUPERMARKET
FAR,111039,"FINDING DORY COLOR N STYLE PURSE 3YRS TAT93023",28.9,5,"TOYS AND ENTERTAINMENT"
ACH,111125,"CATHOLIC BY THE NUMBER CARD GAME GOG8016",35,1,"TOYS AND ENTERTAINMENT"
ACH,111160,"LACOS WAX MENS SHIRT",129,5,"GARMENTS AND FOOTWEAR"
LFS,111195,"LADIES JEANS ASSORTED",129,5,"GARMENTS AND FOOTWEAR"
M03,111215,"ALPRO COCONUT  DRINK 1KL 8",60.99,8,SUPERMARKET
LFS,111276,"TWININGS PURE GREEN TEA 20S  4",67.99,6,SUPERMARKET
LFS,111334,"CHABLIS DOMAINE DE VAUROUX WINE 750ML 6",579.99,5,SUPERMARKET
KS7,111379,"ILLUSTRATED WORLD FAMOUS CLASSIC BOOK ED773",12.9,75,STATIONERY
MAS,111379,"ILLUSTRATED WORLD FAMOUS CLASSIC BOOK ED773",12.9,57,STATIONERY
MSS,111382,"COPY TO COLOR 2IN1 BOOK W12TITLES ED776",15.9,1,STATIONERY
MAS,111382,"COPY TO COLOR 2IN1 BOOK W12TITLES ED776",15.9,41,STATIONERY
MSS,111384,"LINES  CURVES BOOK W5TITLES ED778",18.9,12,STATIONERY
MDN,111385,"CUSHION 42X42CM 220GSM POLYESTER SC10134",89,30,"HOME DECOR & TEXTILES"
HAA,111387,"EARLY READERS FOR BEGINNERS W20TITLES ED780",11.9,50,STATIONERY
MAS,111387,"EARLY READERS FOR BEGINNERS W20TITLES ED780",11.9,48,STATIONERY
MAS,111400,"ENGLISH WORK AND ACTIVITY BOOK W4TITLE ED793",39.9,4,STATIONERY
LFS,111402,"EDUCATIONAL CHART W15TITLE HARD LAMINATED ED795",31.9,16,STATIONERY
FAR,111402,"EDUCATIONAL CHART W15TITLE HARD LAMINATED ED795",31.9,53,STATIONERY
MSS,111402,"EDUCATIONAL CHART W15TITLE HARD LAMINATED ED795",31.9,6,STATIONERY
HAA,111404,"LITTLE FRIENDS MORAL STORY BOOK LEVEL 3 ED797",11.9,3,STATIONERY
MAS,111404,"LITTLE FRIENDS MORAL STORY BOOK LEVEL 3 ED797",11.9,78,STATIONERY
HAA,111406,"BENNY EMOTIONAL SKILLS BOOK W6TITLES ED799",9.9,19,STATIONERY
MAS,111411,"ALL TIME GREAT CLASSICS W30TITLE ED804",19.9,3,STATIONERY
ACH,111465,"SERVING BOWL MELAMINE 10 INCHES ZHN F20110",9.9,2,"HOUSEWARE & KITCHENWARE"
MDN,111466,"SERVING BOWL MELAMINE 9 INCHES ZHN BO949",12.9,8,"HOUSEWARE & KITCHENWARE"
ADB,111516,"MEANNAN SUYA SPICES 150G 12",34.99,11,SUPERMARKET
M03,111516,"MEANNAN SUYA SPICES 150G 12",34.99,3,SUPERMARKET
FAR,111535,"BOWL 3PCS SET GLASS TW6PE",99,8,"HOUSEWARE & KITCHENWARE"
TMP,111544,"CERAMIC TABLE LAMP GREY DKW19056",229,1,"HOME DECOR & TEXTILES"
HAA,111547,"CHIGO FRIDGE SD 86L CRG11C63STAR",1799,1,"ELECTRICAL APPLIANCES"
MAS,111552,"CHIGO FRIDGE DD 212L CRT24C8",4699,1,"ELECTRICAL APPLIANCES"
HAA,111563,"CERAMIC TABLE LAMP WSILVER DESIGN MKW01526",189,1,"HOME DECOR & TEXTILES"
HAA,111567,"WINDOW SHADE WHITE WBEIGE 140X200 WYB2140X200",79,1,"HOME DECOR & TEXTILES"
ACH,111614,"LION DADDY CAFE RHUM WITH MONO CARTON 750ML 12",71.99,12,SUPERMARKET
MDN,111615,"ONE MORE PURE CRAFT VODKAACL 428VV 750ML 12",99.99,7,SUPERMARKET
MDN,111630,"CARSUN CAR AIR PUMP WIRED C5EX0505",329,3,"HARDWARE & BUILDING MATERIAL"
M05,111639,"BLOSSOM HILL CRISP  FRUITY  ROSE 5WINE 750ML 6",84.99,5,SUPERMARKET
TMP,111639,"BLOSSOM HILL CRISP  FRUITY  ROSE 5WINE 750ML 6",84.99,1,SUPERMARKET
KCS,111639,"BLOSSOM HILL CRISP  FRUITY  ROSE 5WINE 750ML 6",84.99,10,SUPERMARKET
SPN,111642,"BLOSSOM HILL GIN FIZZ LEMONROSEMARY WINE 750ML 6",90.49,16,SUPERMARKET
M04,111643,"BLOSSOM HILL GIN FIZZ RHUBARB WINE 750ML 6",89.99,7,SUPERMARKET
SPN,111644,"BLOSSM HILL PALE ROSE WINE 750ML 6",109.99,2,SUPERMARKET
TMP,111646,"OLD SMUGGLER WHISKY 700ML 6",136.99,17,SUPERMARKET
TMP,111650,"BALLON SET 11PCS W1PCS NUMBER BALLON CHAMPAGNE",19.9,2,"TOYS AND ENTERTAINMENT"
MDN,111655,"BALLOON SET 12PCS WEASY SEAL MIX COLORS",17.9,23,"TOYS AND ENTERTAINMENT"
HAA,111655,"BALLOON SET 12PCS WEASY SEAL MIX COLORS",17.9,39,"TOYS AND ENTERTAINMENT"
HAA,111658,"BIRTHDAY NUMBER CANDLE MIXED",3.9,4,"TOYS AND ENTERTAINMENT"
SPN,111668,"PADLOCK WPASSWORD BRASS 504",145,15,"HARDWARE & BUILDING MATERIAL"
SPN,111712,"HUNTS DICED PETITE TOMATOES 145OZ  12",38.99,4,SUPERMARKET
SPN,111721,"HERSHEYS UNSWEETEENED COCOA 8OZ  12",109.99,31,SUPERMARKET
MAS,111722,"HERSHEYS SEMI SWT CHOCO CHIPS  12OZ  12",99.99,12,SUPERMARKET
LFS,111725,"WISHBONE EXVIRGIN OLIVE OIL LEMON DRESSING 15OZ 6",76.99,12,SUPERMARKET
KAS,111725,"WISHBONE EXVIRGIN OLIVE OIL LEMON DRESSING 15OZ 6",76.99,2,SUPERMARKET
M05,111728,"POST MARSHMALLOW FRUITY PEBBLES 11OZ  12",69.99,12,SUPERMARKET
MAS,111728,"POST MARSHMALLOW FRUITY PEBBLES 11OZ  12",69.99,11,SUPERMARKET
MAS,111745,"POST GOLDEN CRISP 148OZ  12",69.99,12,SUPERMARKET
MAS,111747,"POST COCOA PEBBLES 15OZ  12",72.99,12,SUPERMARKET
M05,111747,"POST COCOA PEBBLES 15OZ  12",72.99,12,SUPERMARKET
KCS,111747,"POST COCOA PEBBLES 15OZ  12",72.99,12,SUPERMARKET
FAR,111754,"NUTRIBOM INFANT CEREAL BOX BANANAAPPLE 300G 16",27.99,1,SUPERMARKET
LFS,111754,"NUTRIBOM INFANT CEREAL BOX BANANAAPPLE 300G 16",27.99,24,SUPERMARKET
M04,111755,"NUTRIBOM INFANT CEREAL BOX WHEATHONEY 300G 16",27.99,1,SUPERMARKET
SPN,111784,"ICE CUBE TRAY W33CUBES PLASTIC MP001",4.9,1,"HOUSEWARE & KITCHENWARE"
SPN,111805,"ANTISKID PEDAL PLATE MANUAL BLACK C2JX0881",59,8,"HARDWARE & BUILDING MATERIAL"
HAA,111806,"ANTISKID PEDAL GEAR PLATE MANUAL C2JX2031",99,7,"HARDWARE & BUILDING MATERIAL"
SPN,111806,"ANTISKID PEDAL GEAR PLATE MANUAL C2JX2031",99,3,"HARDWARE & BUILDING MATERIAL"
LFS,111811,"AKAI SOUNDBAR 21 WLESS SUBWOOFER 120W SB003A284",2649,1,"ELECTRONICS & TELECOM"
LFS,111821,"PERK MILKRICH COOKIES 81G  36",7.49,229,SUPERMARKET
KS7,111821,"PERK MILKRICH COOKIES 81G  36",7.49,26,SUPERMARKET
KS7,111867,"AQUA VITAE COMMINIUN WINE 1L 12",64.99,12,SUPERMARKET
HAA,111869,"PICCADILLY COREEN BISCUIT BOX 600G  4",30.99,3,SUPERMARKET
MSS,111891,"FRUIT GUSHERS  TROPICAL FLAVORS 48OZ  10",42.99,19,SUPERMARKET
FAR,111910,"NATURE VALLEY CRUNCHY GRANOLA DARK CHOCPEANUT 42G",12.99,87,SUPERMARKET
LFS,111916,"BUGLES NACHO CHEESE FLAV CRISPY CORN SNACKS 75OZ",66.99,7,SUPERMARKET
SPN,111916,"BUGLES NACHO CHEESE FLAV CRISPY CORN SNACKS 75OZ",66.99,16,SUPERMARKET
KS7,111923,"BETTY CROCKER DEVILS FOOD CAKE MIX 375G 6",49.99,14,SUPERMARKET
KAS,111926,"BETTY CROCKER COOKIE MIX CHOCOLATE CHIP 75OZ  9",31.99,10,SUPERMARKET
KAS,111949,"BETTY CROCKER POUND CAKE MIX 16OZ  12",50.99,13,SUPERMARKET
FAR,112040,"MY SMART COLOURING SET W10BOOKS ED812",119,6,STATIONERY
TMP,112048,"HOOPS W6SECTIONS MULTI ACTIVITY GY 019",20.9,16,"TOYS AND ENTERTAINMENT"
KS7,112059,"WOMEN SHORTS SOLID COLOR",55,8,"GARMENTS AND FOOTWEAR"
M05,112083,"KIVO TOMATO MIX SUP 1KG  12",32.99,18,SUPERMARKET
LFS,112086,"KIVO TOMATO MIX SUP 200G   24",8.99,32,SUPERMARKET
GBA,112086,"KIVO TOMATO MIX SUP 200G   24",8.99,31,SUPERMARKET
HAA,112086,"KIVO TOMATO MIX SUP 200G   24",8.99,24,SUPERMARKET
M03,112094,"KELLOGGS MOONS  STARS CHOCO CEREAL 28G  80",2.79,-1,SUPERMARKET
SPN,112096,"JOHNNIE WALKER DOUBLE BLACK WHISKY 750ML 6",749.99,40,SUPERMARKET
ACH,112141,"TABLE TENNIS BALL SET 6PC ORANGEWHITE ABS",11.99,46,"SPORTS & FITNESS"
TMP,112179,"KENWOOD SANDWICH MAKER 4SLICE PLASTIC SMP50000WH",799,9,"ELECTRICAL APPLIANCES"
KS7,112179,"KENWOOD SANDWICH MAKER 4SLICE PLASTIC SMP50000WH",799,1,"ELECTRICAL APPLIANCES"
KS7,112231,"FOOTBALL SHINPADS LARGE WVELCRO STRAP",39,2,"SPORTS & FITNESS"
SPN,112234,"FOOTBALL GLOVES REDGREENBLUE",159,2,"SPORTS & FITNESS"
ACH,112241,"BULL DOG TOY 38CM DARK BROWN GGBNBGP31A",139,4,"TOYS AND ENTERTAINMENT"
HAA,112241,"BULL DOG TOY 38CM DARK BROWN GGBNBGP31A",139,4,"TOYS AND ENTERTAINMENT"
MAS,112265,"TEA SPOON 6PCS SET SSTEEL 2673 YWU",30.9,11,"HOUSEWARE & KITCHENWARE"
TMP,112349,"GRANDMAS GROUNDNUT PASTE 500G  20",33.99,22,SUPERMARKET
GBA,112349,"GRANDMAS GROUNDNUT PASTE 500G  20",33.99,19,SUPERMARKET
HAA,112354,"CLOVER SUPER M STRAWBERRY FLAV MED FAT MILK 1L  6",47.49,6,SUPERMARKET
SPN,112360,"CLOVER SUPER M CHOCOLAT FLAV MED FAT MILK 200ML 24",15.99,51,SUPERMARKET
HAA,112360,"CLOVER SUPER M CHOCOLAT FLAV MED FAT MILK 200ML 24",15.99,12,SUPERMARKET
SPN,112418,"CONTAINER SET 4PCS PILOT PLASTIC L55854",79,33,"HOUSEWARE & KITCHENWARE"
ACH,112418,"CONTAINER SET 4PCS PILOT PLASTIC L55854",79,12,"HOUSEWARE & KITCHENWARE"
MDN,112461,"CONTAINER TALL PLASTIC 5677",22.9,24,"HOUSEWARE & KITCHENWARE"
SPN,112466,"BOTTLE WATER INSULATED PLASTIC LAUREN 450ML L7285",24.9,8,"HOUSEWARE & KITCHENWARE"
MAS,112506,"HANGER SET 10PCS 405CM PLASTIC LMS207 RJK",42.9,10,"HOUSEWARE & KITCHENWARE"
MDN,112506,"HANGER SET 10PCS 405CM PLASTIC LMS207 RJK",42.9,11,"HOUSEWARE & KITCHENWARE"
ACH,112507,"HANGER SET 10PCS 42CM METAL LMSS1172 RJK",49.9,10,"HOUSEWARE & KITCHENWARE"
KS7,112507,"HANGER SET 10PCS 42CM METAL LMSS1172 RJK",49.9,22,"HOUSEWARE & KITCHENWARE"
FAR,112507,"HANGER SET 10PCS 42CM METAL LMSS1172 RJK",49.9,25,"HOUSEWARE & KITCHENWARE"
KS7,112508,"HANGER SET 5PCS 4OCM PLASTIC LP6300 RJK",36.9,7,"HOUSEWARE & KITCHENWARE"
SPN,112508,"HANGER SET 5PCS 4OCM PLASTIC LP6300 RJK",36.9,102,"HOUSEWARE & KITCHENWARE"
ADB,11254,"SIR EDWARDS 1L 6",209.99,7,SUPERMARKET
KS7,11254,"SIR EDWARDS 1L 6",209.99,3,SUPERMARKET
ACH,11254,"SIR EDWARDS 1L 6",209.99,3,SUPERMARKET
HAA,112542,"SLOTTED LADLE B SSNYLON LX165595B YWU",9.9,17,"HOUSEWARE & KITCHENWARE"
HAA,112543,"SLOTTED LADLE S SSNYLON LX165599B YWU",9.9,59,"HOUSEWARE & KITCHENWARE"
KS7,112552,"POTATO PRESSER WOODENNYLON LX165622B YWU",9.9,75,"HOUSEWARE & KITCHENWARE"
MDN,112554,"SLOTTED LADLE WOODENNYLON LX165619B YWU",9.9,214,"HOUSEWARE & KITCHENWARE"
M05,112559,"GOODYS SPICY SHITO HOT BEEF 930G 12",149.99,9,SUPERMARKET
MAS,112573,"BATHMAT COTTON 40X60CM GREEN ASSORTED",49.9,14,"HOME DECOR & TEXTILES"
MDN,112575,"RUG COTTON 50X80CM ASSORTED",44.9,16,"HOME DECOR & TEXTILES"
SPN,112645,"CURTAIN 54X90  ARLES BURGUNDY 02PA6225E",149,2,"HOME DECOR & TEXTILES"
ACH,112741,"AKAI AIRPOT 20L BLACKSS EK035A3013P",1099,2,"ELECTRICAL APPLIANCES"
HAA,112749,"CURTAIN ROD SINGLE 1619MM MATTE GOLD 11401210MG",95,1,"HOME DECOR & TEXTILES"
SPN,112792,"DOVE SPRAY  APPLE  WHITE TEA  250ML 24",44.99,215,SUPERMARKET
HAA,112794,"DOVE SPRAY GRAPEFRUIT  250ML  24",44.99,11,SUPERMARKET
M04,112812,"BESTONE GARDEN PEAS IN WATER 560G  12",49.99,10,SUPERMARKET
M05,112812,"BESTONE GARDEN PEAS IN WATER 560G  12",49.99,13,SUPERMARKET
LFS,112812,"BESTONE GARDEN PEAS IN WATER 560G  12",49.99,5,SUPERMARKET
KS7,112812,"BESTONE GARDEN PEAS IN WATER 560G  12",49.99,16,SUPERMARKET
SPN,112874,"AMAZONE EDT GDK  100ML  36",31.49,36,SUPERMARKET
M04,112885,"SHINE PAPER CUPS 80Z 50PCS  20",28.99,9,SUPERMARKET
MDN,112923,"CURTAIN 54X84  W8GROMMET J2020868",119,7,"HOME DECOR & TEXTILES"
LFS,112923,"CURTAIN 54X84  W8GROMMET J2020868",119,1,"HOME DECOR & TEXTILES"
FAR,112959,"CHANDELIER 96W 185265V WHITE SQUARE BLACK",699,3,"HOME DECOR & TEXTILES"
LFS,113047,"KENWOOD STEAM IRON 2000W STP40000WP",429,2,"ELECTRICAL APPLIANCES"
TMP,113078,"SHINE CRYSTAL KNIVES 50PCS  40",14.99,11,SUPERMARKET
KS7,113090,"MR MUSCLE TOILET CLEANER CITRUS 750ML  12",66.99,1,SUPERMARKET
ADB,113091,"MR MUSCLE TOILET CLEANER MINT 750ML  12",66.99,4,SUPERMARKET
KS7,113091,"MR MUSCLE TOILET CLEANER MINT 750ML  12",66.99,1,SUPERMARKET
KCS,113091,"MR MUSCLE TOILET CLEANER MINT 750ML  12",66.99,11,SUPERMARKET
KCS,113100,"TROPICAL SUN COCONUT MILK 400ML  12",39.99,1,SUPERMARKET
HAA,113113,"CURTAIN FLOCKING WGROMMET DESIGN2 02PA3181B",69,1,"HOME DECOR & TEXTILES"
MDN,113139,"PANEL YARN DYE JACQUARD WGROMMET RED TONE A12B",229,5,"HOME DECOR & TEXTILES"
LFS,113150,"COLGATE TOOTHBRUSH ZIGZAG CHARCOAL 6X12  72",20.99,111,SUPERMARKET
MDN,113150,"COLGATE TOOTHBRUSH ZIGZAG CHARCOAL 6X12  72",20.99,20,SUPERMARKET
M04,113150,"COLGATE TOOTHBRUSH ZIGZAG CHARCOAL 6X12  72",20.99,145,SUPERMARKET
KCS,113182,"YUMVITA RICE SACHET 50G 80",6.29,86,SUPERMARKET
ADB,113182,"YUMVITA RICE SACHET 50G 80",6.29,96,SUPERMARKET
FAR,113184,"MIKSI COFFEE  3 IN 1 SACHET 35G 120",4.19,60,SUPERMARKET
M03,113184,"MIKSI COFFEE  3 IN 1 SACHET 35G 120",4.19,48,SUPERMARKET
MSS,113210,"BROOM WHANDLE BLUE PLASTIC BT168215",29.9,4,"HOUSEWARE & KITCHENWARE"
MSS,113213,"BROOM WHANDLE GREEN FLAT PLASTIC 1652E",49.9,4,"HOUSEWARE & KITCHENWARE"
LFS,113215,"BROOM WHANDLE BLUE PINK PLASTIC 1692E",42.9,2,"HOUSEWARE & KITCHENWARE"
TMP,113220,"WOMEN WRABON SKIRT",129,2,"GARMENTS AND FOOTWEAR"
KAS,113244,"MOP COTTON WHITE 1322",49.9,-3,"HOUSEWARE & KITCHENWARE"
SPN,113270,"PRAN ALLTIME POTATO SPICY BISCUITS 100G  48",9.99,140,SUPERMARKET
M03,113270,"PRAN ALLTIME POTATO SPICY BISCUITS 100G  48",9.99,-1,SUPERMARKET
M04,113270,"PRAN ALLTIME POTATO SPICY BISCUITS 100G  48",9.99,21,SUPERMARKET
MSS,113271,"PRAN ALL TIME BISK CLUB POTATO BISCUITS 80G  48",6.99,23,SUPERMARKET
KS7,113316,"BENNY CREVETTE  SEASONING 17G 42",1.99,1,SUPERMARKET
MDN,113317,"BENNY CHICKEN  SEASONING 17G 42",1.99,17,SUPERMARKET
M03,113325,"PEDIGREE RODEO DOG TREATS CHICKEN 123G X 12",34.99,3,SUPERMARKET
TMP,113349,"HEXAGON PORTS 11X11CM",15.9,1,"HOME DECOR & TEXTILES"
ACH,113360,"RECTANGULAR TRAY 20X11CM",8.9,2,"HOME DECOR & TEXTILES"
M03,113376,"HELBAWI  BASMATI RICE 907G  10",55.49,9,SUPERMARKET
LFS,113378,"HELBAWI ITALIAN RICE 907G  10",66.99,1,SUPERMARKET
LFS,113434,"FRIDGE BOTTLE GLASS 1000ML C00254",4.9,9,"HOUSEWARE & KITCHENWARE"
HAA,113434,"FRIDGE BOTTLE GLASS 1000ML C00254",4.9,1,"HOUSEWARE & KITCHENWARE"
M04,113460,"BLING MAGIC LEMON MULTIPURPOSE LIQUID 200ML  24",6.99,27,SUPERMARKET
TMP,113461,"BLING MAGIC LEMON MULTIPURPOSE LIQUID 750ML   12",16.99,15,SUPERMARKET
MDN,113461,"BLING MAGIC LEMON MULTIPURPOSE LIQUID 750ML   12",16.99,11,SUPERMARKET
KS7,113461,"BLING MAGIC LEMON MULTIPURPOSE LIQUID 750ML   12",16.99,19,SUPERMARKET
LFS,113472,"ABIDO TURMERIC 50G 10",11.99,5,SUPERMARKET
KS7,113490,"ABRO SPRAY PAINT GLOSS BLACK 227G",21.9,13,"HARDWARE & BUILDING MATERIAL"
SPN,113653,"TOLSEN HAND CULTIVATOR 55X90MM 57504",24.9,6,"HARDWARE & BUILDING MATERIAL"
SPN,113663,"DINNER PLATE MELAMINE 10 INCHES FEILU 81105",17.9,36,"HOUSEWARE & KITCHENWARE"
TMP,113667,"DINNER PLATE MELAMINE 10 INCHES FEILU 83105",17.9,33,"HOUSEWARE & KITCHENWARE"
MDN,113667,"DINNER PLATE MELAMINE 10 INCHES FEILU 83105",17.9,183,"HOUSEWARE & KITCHENWARE"
LFS,113669,"DINNER PLATE MELAMINE 10 INCHES FEILU 4979",14.9,21,"HOUSEWARE & KITCHENWARE"
TMP,113669,"DINNER PLATE MELAMINE 10 INCHES FEILU 4979",14.9,19,"HOUSEWARE & KITCHENWARE"
MDN,113669,"DINNER PLATE MELAMINE 10 INCHES FEILU 4979",14.9,20,"HOUSEWARE & KITCHENWARE"
FAR,113677,"DINNER PLATE MELAMINE 9 INCHES FEILU 1659",9.9,30,"HOUSEWARE & KITCHENWARE"
KS7,113682,"SERVING BOWL MELAMINE 9 INCHES FEILU 3109",14.9,57,"HOUSEWARE & KITCHENWARE"
LFS,113684,"SERVING BOWL MELAMINE 10 INCHES FEILU 6310",14.99,78,"HOUSEWARE & KITCHENWARE"
MAS,113684,"SERVING BOWL MELAMINE 10 INCHES FEILU 6310",14.99,62,"HOUSEWARE & KITCHENWARE"
MAS,113720,"SERVING BOWL MELAMINE 9 INCHES FEILU 1589",12.9,8,"HOUSEWARE & KITCHENWARE"
HAA,113725,"SERVING BOWL MELAMINE 11 INCHES FEILU 5011",24.9,128,"HOUSEWARE & KITCHENWARE"
LFS,113740,"KRAFT SPICY HONEY BBQ 510G  12",47.99,24,SUPERMARKET
ACH,113786,"MC BERRY LONDON SHORTBREAD BISCUIT 80G 36",6.29,21,SUPERMARKET
GBA,113787,"MCBERRY LONDON OATS DIGESTIVE 80G 36",6.29,155,SUPERMARKET
ADB,113788,"PURE DELIGHT MILK CREAM WAFER 39G 72",3.19,64,SUPERMARKET
ACH,113789,"MCBERRY BREAKFAST CEREAL BISCUITS 30G  72",1.39,99,SUPERMARKET
TMP,113789,"MCBERRY BREAKFAST CEREAL BISCUITS 30G  72",1.39,6,SUPERMARKET
KS7,113789,"MCBERRY BREAKFAST CEREAL BISCUITS 30G  72",1.39,35,SUPERMARKET
HAA,113789,"MCBERRY BREAKFAST CEREAL BISCUITS 30G  72",1.39,11,SUPERMARKET
LFS,113811,"MCBERRY DEXTERS 32 BUTTER CREAM CRACKERS 30G  48",1.39,98,SUPERMARKET
GBA,113811,"MCBERRY DEXTERS 32 BUTTER CREAM CRACKERS 30G  48",1.39,64,SUPERMARKET
ACH,113825,"FOX MUSICAL SOFT TOY 14X8X22CM MT467439",135,3,"TOYS AND ENTERTAINMENT"
LFS,113826,"ELEPHANT MUSICAL SOFT TOY 16X13X22CM MT467443",135,4,"TOYS AND ENTERTAINMENT"
LFS,113828,"CALF SOFT TOY WLULLABY FUNCTION MT467552",139,4,"TOYS AND ENTERTAINMENT"
KS7,113828,"CALF SOFT TOY WLULLABY FUNCTION MT467552",139,3,"TOYS AND ENTERTAINMENT"
MSS,113927,"BRINOX QUICHE PAN 24CM NONSTICK BAKEWARE 1460106",14.9,8,"HOUSEWARE & KITCHENWARE"
HAA,113933,"CHILDREN HEALTH EDUCATION BOOK 1",24.9,57,STATIONERY
ACH,113934,"ULTIMATE COPY COLOURING BOOK 1 2 34",34.9,5,STATIONERY
FAR,113934,"ULTIMATE COPY COLOURING BOOK 1 2 34",34.9,51,STATIONERY
MAS,113934,"ULTIMATE COPY COLOURING BOOK 1 2 34",34.9,12,STATIONERY
MDN,113935,"WRITE AND WIPE ACTIVITY BOOK SERIES",24.9,31,STATIONERY
LFS,113938,"KINDERGARTEN WORKSHEETS BOOK SERIES MATHENGLISH",41.9,53,STATIONERY
ACH,113938,"KINDERGARTEN WORKSHEETS BOOK SERIES MATHENGLISH",41.9,36,STATIONERY
KS7,113939,"101 GRANDMABIBLE STORY SERIES",34.99,23,STATIONERY
MDN,113955,"BELCOLA CAN DRINK 330ML 24",8.49,12,SUPERMARKET
ADB,113955,"BELCOLA CAN DRINK 330ML 24",8.49,34,SUPERMARKET
KCS,113955,"BELCOLA CAN DRINK 330ML 24",8.49,14,SUPERMARKET
MAS,113955,"BELCOLA CAN DRINK 330ML 24",8.49,30,SUPERMARKET
M04,113955,"BELCOLA CAN DRINK 330ML 24",8.49,-2,SUPERMARKET
MSS,113956,"BELGINGERALE CAN DRINK 330ML 24",8.49,6,SUPERMARKET
GBA,113956,"BELGINGERALE CAN DRINK 330ML 24",8.49,7,SUPERMARKET
FAR,113957,"BELBITTER LEMON CAN DRINK 330ML 24",9.29,16,SUPERMARKET
M04,113959,"COLGATE TB OPTIC WHITE 360   72",28.99,30,SUPERMARKET
FAR,113960,"TOM CAKE MINI BUTTER MADELEINES 160G  15",49.99,11,SUPERMARKET
TMP,113964,"TOM CAKE LEMON MINI MUFFINS 160G  15",44.99,19,SUPERMARKET
KS7,113964,"TOM CAKE LEMON MINI MUFFINS 160G  15",44.99,17,SUPERMARKET
KCS,113964,"TOM CAKE LEMON MINI MUFFINS 160G  15",44.99,9,SUPERMARKET
LFS,113983,"BELSODA CAN DRINK 330ML 24",8.49,179,SUPERMARKET
TMP,113983,"BELSODA CAN DRINK 330ML 24",8.49,35,SUPERMARKET
KCS,113983,"BELSODA CAN DRINK 330ML 24",8.49,30,SUPERMARKET
KAS,113983,"BELSODA CAN DRINK 330ML 24",8.49,15,SUPERMARKET
FAR,113984,"BELTONIC CAN DRINK 330ML 24",8.49,22,SUPERMARKET
MAS,113984,"BELTONIC CAN DRINK 330ML 24",8.49,28,SUPERMARKET
MSS,113984,"BELTONIC CAN DRINK 330ML 24",8.49,42,SUPERMARKET
LFS,113986,"ENKAKO CORNER MOULD CM1",44.9,2,"HARDWARE & BUILDING MATERIAL"
M05,113992,"TOM MILK PEACH  DAIRY DESSERT 125G 6",48.99,4,SUPERMARKET
ADB,113992,"TOM MILK PEACH  DAIRY DESSERT 125G 6",48.99,6,SUPERMARKET
FAR,113992,"TOM MILK PEACH  DAIRY DESSERT 125G 6",48.99,11,SUPERMARKET
MDN,113992,"TOM MILK PEACH  DAIRY DESSERT 125G 6",48.99,17,SUPERMARKET
M04,113992,"TOM MILK PEACH  DAIRY DESSERT 125G 6",48.99,15,SUPERMARKET
SPN,113995,"BOSCH SMALL ANGLE GRINDER GWS 700 06013A30L0",655,2,"HARDWARE & BUILDING MATERIAL"
MSS,113995,"BOSCH SMALL ANGLE GRINDER GWS 700 06013A30L0",655,2,"HARDWARE & BUILDING MATERIAL"
ACH,113996,"HELEMENS ALL PURPOSE SPICES 120G 24",27.99,4,SUPERMARKET
M04,113996,"HELEMENS ALL PURPOSE SPICES 120G 24",27.99,10,SUPERMARKET
KS7,114016,"AKAI BREAKFAST MAKER 3IN1 9L BLACK BM001A3104",1199,1,"ELECTRICAL APPLIANCES"
MSS,114016,"AKAI BREAKFAST MAKER 3IN1 9L BLACK BM001A3104",1199,1,"ELECTRICAL APPLIANCES"
HAA,114016,"AKAI BREAKFAST MAKER 3IN1 9L BLACK BM001A3104",1199,3,"ELECTRICAL APPLIANCES"
ACH,114157,"GERARD BETRAND ROSE CHARDONNAY 750ML 6",209.99,5,SUPERMARKET
ACH,114158,"GERARD BETRAND COTE DES PINOT NOIR RED 750ML 6",209.99,3,SUPERMARKET
ADB,114160,"GETTOL ANTISEPTIC CLASSIC 500ML  24",32.49,23,SUPERMARKET
GBA,114160,"GETTOL ANTISEPTIC CLASSIC 500ML  24",32.49,36,SUPERMARKET
MAS,114160,"GETTOL ANTISEPTIC CLASSIC 500ML  24",32.49,26,SUPERMARKET
MSS,114160,"GETTOL ANTISEPTIC CLASSIC 500ML  24",32.49,6,SUPERMARKET
ADB,114173,"BARONE MONTALTO VINO SPUMANTE WINE 750ML 12",99.99,6,SUPERMARKET
MAS,114174,"MOSKETTO SWEET RED WINE 750ML 6",99.99,2,SUPERMARKET
MAS,114177,"DOVE HANDWASH DEEPLY NOURISHING  250ML 12",35.99,17,SUPERMARKET
MSS,114177,"DOVE HANDWASH DEEPLY NOURISHING  250ML 12",35.99,9,SUPERMARKET
MSS,114182,"BOSCH JUICER 700W BLUESILVER MES3500GB",4499,3,"ELECTRICAL APPLIANCES"
KAS,114191,"FEVER TREE MEDITERRANEAN TONIC WATER 200ML  24",13.99,10,SUPERMARKET
LFS,114192,"BOSCH LIQUIDISER MACHINE 700W BLACK MMB43G3BGB",3449,1,"ELECTRICAL APPLIANCES"
SPN,114197,"BOSCH VACUUM CLEANER GL40 PROSILENCE BGL4S69AGB",3999,1,"ELECTRICAL APPLIANCES"
MDN,114230,"AKAI WINE COOLER 85L 34BOTTLES WR006A85L",7289,1,"ELECTRICAL APPLIANCES"
FAR,114230,"AKAI WINE COOLER 85L 34BOTTLES WR006A85L",7289,1,"ELECTRICAL APPLIANCES"
MAS,114230,"AKAI WINE COOLER 85L 34BOTTLES WR006A85L",7289,2,"ELECTRICAL APPLIANCES"
ACH,114248,"GIRLS CASUAL BLACK LEATHER SHOES A01474",109,2,"GARMENTS AND FOOTWEAR"
MSS,114278,"LINCY DOOR LOCK W5KEYS 800G IRONALU GOLD",189,1,"HARDWARE & BUILDING MATERIAL"
MSS,114302,"KENWOOD WINE COOLER 55BOTTLES BCW55000BK",18999,1,"ELECTRICAL APPLIANCES"
FAR,114353,"BEVERAGE DISPENSER 5L 19X51CM GLASS YWU",199,1,"HOUSEWARE & KITCHENWARE"
FAR,114375,"MAYBELLINE FIT ME FOUNDATION MATTE 348 GOLDEN",74.49,6,SUPERMARKET
LFS,114383,"MAYBELLINE SENSATIONAL LIQ MATTE 11 MADE EASY",41.99,9,SUPERMARKET
SPN,114386,"MAYBELLINE SENSATIONAL LIQ MATTE 08AS SENSATION ME",41.99,11,SUPERMARKET
LFS,114401,"PRESIDENT SLICED BURGER CHEESE 200G 36",51.99,71,SUPERMARKET
ACH,114485,"CASSEROLE 2800ML GLASS TEMPERED G27003",119,9,"HOUSEWARE & KITCHENWARE"
MDN,114487,"SOUP BOWL 2PCS SET  CERAMIC T103021",219,2,"HOUSEWARE & KITCHENWARE"
GBA,114493,"ZOFLORA CONCENTRATED DISINFECTANT 120ML  12",44.99,4,SUPERMARKET
MDN,114520,"SERVICE SET 2MM BURGPOWDBLUGREY PEARL BG249",2.9,3,"HOUSEWARE & KITCHENWARE"
MDN,114522,"VEGETABLE PEELER 2MM SAPPHIRE CLASSIC BG267",12.9,38,"HOUSEWARE & KITCHENWARE"
LFS,114523,"VEGETABLE PEELER 2MM SAPPHIRE SIDE BG268",12.9,123,"HOUSEWARE & KITCHENWARE"
KS7,114529,"SERVING BOWL MELAMINE 8 INCHES ZHN C6138",14.9,1,"HOUSEWARE & KITCHENWARE"
HAA,114529,"SERVING BOWL MELAMINE 8 INCHES ZHN C6138",14.9,13,"HOUSEWARE & KITCHENWARE"
LFS,114530,"SERVING BOWL MELAMINE 9 INCHES ZHN C6139",19.9,3,"HOUSEWARE & KITCHENWARE"
ACH,114533,"SERVING BOWL MELAMINE 7 INCHES ZHN 320107",8.9,1,"HOUSEWARE & KITCHENWARE"
SPN,114542,"PAPER TOWEL HOLDER PLASTIC BG327",19.9,7,"HOUSEWARE & KITCHENWARE"
HAA,114556,"POT SET 3PCS PLASTIC LUNA BG439",9.9,3,"HOUSEWARE & KITCHENWARE"
ACH,114563,"KNIFE SET 10PCS PLASTIC BURGGREYBLU TERRA BG472",2.9,11,"HOUSEWARE & KITCHENWARE"
HAA,114564,"STRAINER ROUND 2MM PLASTIC BG476",4.9,1,"HOUSEWARE & KITCHENWARE"
KAS,114574,"LOYD GREEN MINT TEA 20 PCS X15G   10",24.99,1,SUPERMARKET
M05,114581,"LEEMEX COCOYAM FUFU FLOUR 700G 24",64.99,22,SUPERMARKET
HAA,114581,"LEEMEX COCOYAM FUFU FLOUR 700G 24",64.99,8,SUPERMARKET
M04,114581,"LEEMEX COCOYAM FUFU FLOUR 700G 24",64.99,9,SUPERMARKET
ACH,114604,"BAG NATURAL JUTE W20CM HANDLE",109,4,LUGGAGE
MDN,114604,"BAG NATURAL JUTE W20CM HANDLE",109,8,LUGGAGE
HAA,114604,"BAG NATURAL JUTE W20CM HANDLE",109,12,LUGGAGE
SPN,114608,"CUSHION 16X16  400G JACQUARD",34.9,2,"HOME DECOR & TEXTILES"
HAA,114632,"JAR 660CC BURGPOWDGREYBLUE FIESTA M335",4.9,3,"HOUSEWARE & KITCHENWARE"
LFS,114714,"LETS SPELL 5 LETTER6 LETTER WORDS BOOK EB  844",12.9,7,STATIONERY
KS7,114716,"ENGLISH DICTIONARY MINI 619PAGES EB847",32.99,1,STATIONERY
MAS,114716,"ENGLISH DICTIONARY MINI 619PAGES EB847",32.99,31,STATIONERY
FAR,114717,"GRAMMAR BOOK WITH VOCAB  COMPOSITION EB849",79,15,STATIONERY
MAS,114717,"GRAMMAR BOOK WITH VOCAB  COMPOSITION EB849",79,22,STATIONERY
MDN,114720,"RACKET SET W2 BALL TY 175",27.99,4,"TOYS AND ENTERTAINMENT"
SPN,114720,"RACKET SET W2 BALL TY 175",27.99,2,"TOYS AND ENTERTAINMENT"
MAS,114752,"FRICTION MOTOR TOY 120 RED MT489941",85,11,"TOYS AND ENTERTAINMENT"
FAR,114757,"ZOMBA ORANGE COCKTAIL 0 ALC 750ML 6",42.49,4,SUPERMARKET
KCS,114757,"ZOMBA ORANGE COCKTAIL 0 ALC 750ML 6",42.49,11,SUPERMARKET
LFS,114757,"ZOMBA ORANGE COCKTAIL 0 ALC 750ML 6",42.49,35,SUPERMARKET
SPN,114758,"SENAC SPARKLING ORANGE 750ML  6",48.99,14,SUPERMARKET
MDN,114768,"FANICE VANILLA  STRAWBERRY DOUBLE TREAT 2L 1",82.99,-6,SUPERMARKET
SPN,114770,"FANICE VANILLA  STRAWBERRY DOUBLE TREAT 1L 1",46.99,-14,SUPERMARKET
LFS,114770,"FANICE VANILLA  STRAWBERRY DOUBLE TREAT 1L 1",46.99,7,SUPERMARKET
HAA,114770,"FANICE VANILLA  STRAWBERRY DOUBLE TREAT 1L 1",46.99,12,SUPERMARKET
KCS,114770,"FANICE VANILLA  STRAWBERRY DOUBLE TREAT 1L 1",46.99,23,SUPERMARKET
ACH,114770,"FANICE VANILLA  STRAWBERRY DOUBLE TREAT 1L 1",46.99,10,SUPERMARKET
M03,114770,"FANICE VANILLA  STRAWBERRY DOUBLE TREAT 1L 1",46.99,4,SUPERMARKET
KCS,114771,"FANICE VANILLA  CHOCOLATE DOUBLE TREAT 1L 1",46.99,3,SUPERMARKET
M03,114771,"FANICE VANILLA  CHOCOLATE DOUBLE TREAT 1L 1",46.99,12,SUPERMARKET
M03,114781,"NIVEA MEN DEEP ESPRESSO ROLL ON 50ML  30",37.99,1,SUPERMARKET
SPN,114988,"XOC CHARCOAL TOOTHPASTETBRUSH  100ML  12",29.99,22,SUPERMARKET
FAR,114988,"XOC CHARCOAL TOOTHPASTETBRUSH  100ML  12",29.99,11,SUPERMARKET
HAA,114988,"XOC CHARCOAL TOOTHPASTETBRUSH  100ML  12",29.99,6,SUPERMARKET
SPN,115030,"MJS TOMATO KETCHUP 340G 24",17.99,55,SUPERMARKET
KS7,115034,"MJS 100 PURE HONEY 500G 12",55.99,-1,SUPERMARKET
M05,115040,"MJS RED VINEGAR 473ML 24",16.99,11,SUPERMARKET
MSS,115040,"MJS RED VINEGAR 473ML 24",16.99,32,SUPERMARKET
MDN,115045,"HERO NATURAL HONEY 450G 12",129.99,69,SUPERMARKET
ADB,115045,"HERO NATURAL HONEY 450G 12",129.99,10,SUPERMARKET
KS7,115046,"HERO NATURAL HONEY 365G 12",79.99,7,SUPERMARKET
KCS,115046,"HERO NATURAL HONEY 365G 12",79.99,5,SUPERMARKET
LFS,115047,"DAPHNIS MUSHROOM WHOLE 400G 12",21.99,12,SUPERMARKET
ACH,115047,"DAPHNIS MUSHROOM WHOLE 400G 12",21.99,34,SUPERMARKET
TMP,115047,"DAPHNIS MUSHROOM WHOLE 400G 12",21.99,37,SUPERMARKET
ADB,115055,"DAPHNIS TOMATO PASSATA 680G 12",31.49,6,SUPERMARKET
M03,115055,"DAPHNIS TOMATO PASSATA 680G 12",31.49,2,SUPERMARKET
HAA,115057,"SARA CORNED MEAT 200G 24",21.99,32,SUPERMARKET
MDN,115057,"SARA CORNED MEAT 200G 24",21.99,21,SUPERMARKET
LFS,115058,"SARA CORNED MEAT 400G 24",40.99,22,SUPERMARKET
KCS,115058,"SARA CORNED MEAT 400G 24",40.99,37,SUPERMARKET
MAS,115058,"SARA CORNED MEAT 400G 24",40.99,28,SUPERMARKET
SPN,115072,"LADIES DENIM CARGO TROUSER ASSORTED",159,8,"GARMENTS AND FOOTWEAR"
MAS,115122,"CHEF KNIFE 8INCHES WHOLE METAL YWU",44.9,24,"HOUSEWARE & KITCHENWARE"
TMP,115122,"CHEF KNIFE 8INCHES WHOLE METAL YWU",44.9,15,"HOUSEWARE & KITCHENWARE"
HAA,115128,"MEANNAN ROASTED CASHEW NUT 300G  12",68.99,14,SUPERMARKET
MAS,115128,"MEANNAN ROASTED CASHEW NUT 300G  12",68.99,19,SUPERMARKET
KS7,115133,"WARDROBE 4D WOODEN WHITEPINK ASTRO 42860120",2190,1,FURNITURE
M04,115142,"FESTIVAL CROSS COMMUNION WINE 1L 12",46.99,3,SUPERMARKET
KS7,115154,"CHATEAUX SANGRIA FORTE 500ML 24",19.99,14,SUPERMARKET
HAA,115154,"CHATEAUX SANGRIA FORTE 500ML 24",19.99,13,SUPERMARKET
M04,115154,"CHATEAUX SANGRIA FORTE 500ML 24",19.99,41,SUPERMARKET
M03,115154,"CHATEAUX SANGRIA FORTE 500ML 24",19.99,1,SUPERMARKET
MDN,115166,"VOLTPLUS EXTENSION SOCKET 5WAY 2M VPEC5W2M1S",139,14,"ELECTRICAL APPLIANCES"
KS7,115166,"VOLTPLUS EXTENSION SOCKET 5WAY 2M VPEC5W2M1S",139,1,"ELECTRICAL APPLIANCES"
HAA,115166,"VOLTPLUS EXTENSION SOCKET 5WAY 2M VPEC5W2M1S",139,7,"ELECTRICAL APPLIANCES"
SPN,115168,"VOLTPLUS EXTENSION SOCKET 4W2M ISWIT VPEC4W2MMS",149,4,"ELECTRICAL APPLIANCES"
FAR,115169,"VOLTPLUS EXTENSION SOCKET 4W2M SWUSB VPEC4W2MMSU",189,3,"ELECTRICAL APPLIANCES"
HAA,115169,"VOLTPLUS EXTENSION SOCKET 4W2M SWUSB VPEC4W2MMSU",189,8,"ELECTRICAL APPLIANCES"
LFS,115178,"TRICYCLE WMUSICLIGHT REDBLUEGREEN YTS725",399,4,"TOYS AND ENTERTAINMENT"
MAS,115179,"BABY WALKER WMUSIC ORANGEBLUEGREEN YW608",259,7,"TOYS AND ENTERTAINMENT"
LFS,115180,"PICCADILLY CHOCO COOKIES  1X12X6  30G 72",1.19,116,SUPERMARKET
TMP,115180,"PICCADILLY CHOCO COOKIES  1X12X6  30G 72",1.19,43,SUPERMARKET
MAS,115180,"PICCADILLY CHOCO COOKIES  1X12X6  30G 72",1.19,106,SUPERMARKET
HAA,115180,"PICCADILLY CHOCO COOKIES  1X12X6  30G 72",1.19,60,SUPERMARKET
FAR,115181,"BABY WALKER WMUSIC YW619",329,5,"TOYS AND ENTERTAINMENT"
MDN,115199,"STRETTONS GIN 750ML PINK 12",104.99,3,SUPERMARKET
FAR,115199,"STRETTONS GIN 750ML PINK 12",104.99,7,SUPERMARKET
SPN,115203,"RUSSIAN BEAR VODKA WILDBERRY WITH GUARANA 750ML 6",90.99,1,SUPERMARKET
ACH,115235,"STORAGE STOOL 35X43CM B36669 13968541999 YWU",399,-2,"HOUSEWARE & KITCHENWARE"
FAR,115235,"STORAGE STOOL 35X43CM B36669 13968541999 YWU",399,1,"HOUSEWARE & KITCHENWARE"
SPN,115252,"LED WALL LIGHT 20CM MOONROUND DESIGM WHITEWARM",99,3,"HOME DECOR & TEXTILES"
HAA,115255,"LED WALL LIGHT 20CM ROUND SHAPE WHITEWARM",99,5,"HOME DECOR & TEXTILES"
MSS,115255,"LED WALL LIGHT 20CM ROUND SHAPE WHITEWARM",99,2,"HOME DECOR & TEXTILES"
SPN,115255,"LED WALL LIGHT 20CM ROUND SHAPE WHITEWARM",99,6,"HOME DECOR & TEXTILES"
SPN,115257,"WALL LIGHT E27 WHITEGOLD",79,1,"HOME DECOR & TEXTILES"
SPN,115260,"WALL LIGHT E27 GLOBE SHAPE WCRYSTAL",59,2,"HOME DECOR & TEXTILES"
SPN,115289,"LED CEILING LAMP 36WX2 400MM PINKGLDBLUWHT",279,3,"HOME DECOR & TEXTILES"
MSS,115292,"LED CEILING LAMP 36WX2 400MM  WHITEWARM 6110",299,4,"HOME DECOR & TEXTILES"
TMP,115292,"LED CEILING LAMP 36WX2 400MM  WHITEWARM 6110",299,1,"HOME DECOR & TEXTILES"
LFS,115306,"HIGH FASHION NEWYORK COLLECTION TOPWEAR",449,1,"GARMENTS AND FOOTWEAR"
ACH,115320,"PALM PRINTED CREW NECK TSHIRT",59,3,"GARMENTS AND FOOTWEAR"
KS7,115320,"PALM PRINTED CREW NECK TSHIRT",59,1,"GARMENTS AND FOOTWEAR"
MSS,115320,"PALM PRINTED CREW NECK TSHIRT",59,2,"GARMENTS AND FOOTWEAR"
SPN,115336,"LA SALUD  DETERGENT 40 WASHES MARSEILLE 265L  4",88.99,7,SUPERMARKET
M04,115341,"LA SALUD FLOOR CLEANER LAVANDAR  5L  3",96.99,1,SUPERMARKET
LFS,115354,"TRAY FLEXI ORGANIZER 4PCS SET GRYBLK PP50041",9.9,1,"HOUSEWARE & KITCHENWARE"
LFS,115371,"TROLLEY WWHEEL 3LAYER RECT 49X32X68CM PP506005",149,5,"HOUSEWARE & KITCHENWARE"
KS7,115390,"TABLE LAMP WARM B36793 135068939931",429,1,"HOME DECOR & TEXTILES"
HAA,115390,"TABLE LAMP WARM B36793 135068939931",429,3,"HOME DECOR & TEXTILES"
MDN,115399,"CUSHION 45X45CM 400G 2COLOR B36798 15967963586",39.9,1,"HOME DECOR & TEXTILES"
MSS,115408,"BOUNCING BALL 9PCS 64MM D12061 136768110513",199,4,"TOYS AND ENTERTAINMENT"
ACH,115423,"MRS BECTORS TRUFILLS BROWN SHELL 160G  24",16.99,46,SUPERMARKET
SPN,115426,"MRS BECTORS GOLDEN BYTES CASHEW COOKIES 76G 48",7.99,271,SUPERMARKET
FAR,115426,"MRS BECTORS GOLDEN BYTES CASHEW COOKIES 76G 48",7.99,54,SUPERMARKET
MAS,115426,"MRS BECTORS GOLDEN BYTES CASHEW COOKIES 76G 48",7.99,48,SUPERMARKET
TMP,115426,"MRS BECTORS GOLDEN BYTES CASHEW COOKIES 76G 48",7.99,144,SUPERMARKET
M04,115427,"MRS BECTORS GOLDEN BYTES BUTTER COOKIES 76G 48",7.99,46,SUPERMARKET
ACH,115428,"MRS BECTORS TRUFILLS CHOCO FILLED 40G  144",4.49,121,SUPERMARKET
MDN,115470,"BATH TOWEL 70X140CM ASTD MTS5",99,3,"HOME DECOR & TEXTILES"
LFS,115480,"L SHAPE SOFA SET LEXUS",5290,1,FURNITURE
ACH,115480,"L SHAPE SOFA SET LEXUS",5290,1,FURNITURE
SPN,115513,"OFFROAD PICKUP TOY TRUCK SPRAY INERTIAL MKM491125",55,14,"TOYS AND ENTERTAINMENT"
LFS,115528,"JIGSAW PUZZLE SET 500PC 14YR COLLAGEDOG MKM518701",69,5,"TOYS AND ENTERTAINMENT"
KS7,115533,"MINI PLANTER 8X5CM POLYRESINPU HH124",23.9,3,"HOME DECOR & TEXTILES"
TMP,115541,"MINI PLANTER 16X8CM CERAMICPLASTIC XIAO202142",25.9,5,"HOME DECOR & TEXTILES"
MAS,115545,"FLOWER WPOT 20CM BLACK ZL2116",59,1,"HOME DECOR & TEXTILES"
TMP,115549,"FLOWER WPOTBULB UMBRELLA DESIGN BLACK TA168845",69,6,"HOME DECOR & TEXTILES"
LFS,115551,"FLOWER WPOTBULB SHADE DESIGN BLCKBRWN TA168848",69,3,"HOME DECOR & TEXTILES"
KS7,115557,"KING SIZE BED 150X200 UPHOLSTER BLUE MLM171005K",4590,2,FURNITURE
ACH,115559,"SHINE BAGASSE 9INCH ROUND PLATES 25PCS  20",61.99,7,SUPERMARKET
MDN,115563,"HP WIRED SPEAKER  BLACK DHE6002",439,1,"ELECTRONICS & TELECOM"
TMP,115563,"HP WIRED SPEAKER  BLACK DHE6002",439,1,"ELECTRONICS & TELECOM"
KS7,115575,"HP USB CABLE TYPEC 1M WHITE DHCTC102 1M",58,14,"ELECTRONICS & TELECOM"
KS7,115577,"HP CONNECTOR CABLE C TO HDMI DHCCT202",275,8,"ELECTRONICS & TELECOM"
HAA,115577,"HP CONNECTOR CABLE C TO HDMI DHCCT202",275,8,"ELECTRONICS & TELECOM"
KS7,115579,"HP HDMI CABLE 20HIGH SPEED BLACK DHCHD012M",105,4,"ELECTRONICS & TELECOM"
HAA,115603,"CURTAIN ROD 1619MM BLACK NICKEL 16302300BN",69,1,"HOME DECOR & TEXTILES"
LFS,115611,"FLOWER VASE 19X75X18 SYM",47.9,1,"HOME DECOR & TEXTILES"
FAR,115615,"FLOWER VASE 14X85X30 SJ2054",69,12,"HOME DECOR & TEXTILES"
TMP,115617,"FLOWER VASE 17X9X23 SJ2058",59,14,"HOME DECOR & TEXTILES"
KS7,115640,"AKAI BLENDER WMILL 1L 300W BLACKWHITE BD056AT25",379,1,"ELECTRICAL APPLIANCES"
ADB,115642,"AKAI BLENDER WMILL 1L 350W SSBLACK BD058A103",299,1,"ELECTRICAL APPLIANCES"
HAA,115671,"LED WALL LAMP 10W IRONGLASSWOOD NTMBK WP21160C",399,7,"HOME DECOR & TEXTILES"
KS7,115671,"LED WALL LAMP 10W IRONGLASSWOOD NTMBK WP21160C",399,24,"HOME DECOR & TEXTILES"
FAR,115707,"MAGGI SEASONING POWDER SHRIMP FLAV 100G  80",10.89,23,SUPERMARKET
M05,115716,"ENAPA TOMATO KETCHUP 340G 24",12.49,2,SUPERMARKET
TMP,115716,"ENAPA TOMATO KETCHUP 340G 24",12.49,36,SUPERMARKET
GBA,115716,"ENAPA TOMATO KETCHUP 340G 24",12.49,32,SUPERMARKET
MAS,115716,"ENAPA TOMATO KETCHUP 340G 24",12.49,13,SUPERMARKET
ACH,115716,"ENAPA TOMATO KETCHUP 340G 24",12.49,11,SUPERMARKET
MDN,115732,"DUSTBIN 50L BLACK WPEDALLID UP009",99,1,"HOUSEWARE & KITCHENWARE"
LFS,115774,"DOLAIT PLAIN SWEETENED YOGHURT 1KG 1",70.99,3,SUPERMARKET
KS7,115787,"GLADE AEROSOL INVIGORATE OCEAN ADVENTURE 300ML  12",34.99,2,SUPERMARKET
M03,115795,"SALSIUS FINE PINK  HIMALAYAN SALT BOTTLE 500G  24",43.49,17,SUPERMARKET
SPN,115796,"STRETCH FLARE TROUSER WOMEN",125,1,"GARMENTS AND FOOTWEAR"
LFS,115802,"DZIRE GAS STOVE 2B GLASS TGGP2BBW2201",449,3,"GAS COOKER & ACCESSORIES"
TMP,115802,"DZIRE GAS STOVE 2B GLASS TGGP2BBW2201",449,2,"GAS COOKER & ACCESSORIES"
FAR,115802,"DZIRE GAS STOVE 2B GLASS TGGP2BBW2201",449,3,"GAS COOKER & ACCESSORIES"
HAA,115802,"DZIRE GAS STOVE 2B GLASS TGGP2BBW2201",449,1,"GAS COOKER & ACCESSORIES"
MSS,115802,"DZIRE GAS STOVE 2B GLASS TGGP2BBW2201",449,2,"GAS COOKER & ACCESSORIES"
GBA,115803,"DZIRE GAS COOKER 3B GLASS TGGP3BBW3201",539,1,"GAS COOKER & ACCESSORIES"
KS7,115806,"DINNER PLATE MELAMINE 10 INCHES ZHN 038105",18.9,22,"HOUSEWARE & KITCHENWARE"
ACH,115806,"DINNER PLATE MELAMINE 10 INCHES ZHN 038105",18.9,72,"HOUSEWARE & KITCHENWARE"
HAA,115825,"PAPILION LIQUID SOAP COCONUT 400ML  12",18.99,-2,SUPERMARKET
ADB,115826,"PAPILION LIQUID SOAP ORANGE 400ML  12",21.99,4,SUPERMARKET
MAS,115827,"COOKING TOOLS 5PCS SET SSTEEL S85005",69,48,"HOUSEWARE & KITCHENWARE"
KS7,115827,"COOKING TOOLS 5PCS SET SSTEEL S85005",69,42,"HOUSEWARE & KITCHENWARE"
M04,115827,"COOKING TOOLS 5PCS SET SSTEEL S85005",69,20,"HOUSEWARE & KITCHENWARE"
MAS,115828,"BOWL 3 PCS SET CERAMIC T103030",219,3,"HOUSEWARE & KITCHENWARE"
TMP,115837,"WOK PAN 28CM FALU ZHNBLY 1027C28",189,5,"HOUSEWARE & KITCHENWARE"
MDN,115837,"WOK PAN 28CM FALU ZHNBLY 1027C28",189,8,"HOUSEWARE & KITCHENWARE"
HAA,115838,"WOK PAN 24CM FALU ZHNBLY 1027C24",149,7,"HOUSEWARE & KITCHENWARE"
LFS,115839,"FRY PAN 28CM FALU ZHNBLY 852128",219,1,"HOUSEWARE & KITCHENWARE"
KCS,115843,"KELLOGGS MOONS  STARS CHOCO CEREAL 414G 10",69.99,11,SUPERMARKET
M04,115843,"KELLOGGS MOONS  STARS CHOCO CEREAL 414G 10",69.99,15,SUPERMARKET
HAA,115843,"KELLOGGS MOONS  STARS CHOCO CEREAL 414G 10",69.99,39,SUPERMARKET
KS7,115863,"GARDEN SCISSORS",115,3,"HARDWARE & BUILDING MATERIAL"
TMP,115875,"PAPER PLANT POT SET 10PCS 10X95CM",11.9,33,"HOME DECOR & TEXTILES"
LFS,115876,"PAPER PLANT POT SET 12PCS 20X75X45CM",13.9,45,"HOME DECOR & TEXTILES"
MAS,115896,"BREAD KNIFE 10 ",4.9,71,"HOUSEWARE & KITCHENWARE"
KS7,115906,"TABLE TENNIS NET RACK",79,2,"SPORTS & FITNESS"
MDN,115913,"TOTAL RESISTANCE EXERCISER",155,18,"SPORTS & FITNESS"
KS7,115913,"TOTAL RESISTANCE EXERCISER",155,29,"SPORTS & FITNESS"
TMP,115914,"PULL STRAP",79,10,"SPORTS & FITNESS"
KS7,115914,"PULL STRAP",79,73,"SPORTS & FITNESS"
MAS,115914,"PULL STRAP",79,17,"SPORTS & FITNESS"
MSS,115917,"PEDAL PULLER BLUEPINK",125,1,"SPORTS & FITNESS"
LFS,115917,"PEDAL PULLER BLUEPINK",125,20,"SPORTS & FITNESS"
MSS,115918,"HEALTHY FIGURE TRIMMER",59,1,"SPORTS & FITNESS"
LFS,115925,"STINGRAY BENCH PRESS SFWORKOUTB",899,1,"SPORTS & FITNESS"
TMP,115925,"STINGRAY BENCH PRESS SFWORKOUTB",899,1,"SPORTS & FITNESS"
ACH,115925,"STINGRAY BENCH PRESS SFWORKOUTB",899,3,"SPORTS & FITNESS"
MSS,115944,"TOUCH BABY SOFTENER 2L  6",42.99,5,SUPERMARKET
M04,115944,"TOUCH BABY SOFTENER 2L  6",42.99,4,SUPERMARKET
KS7,115945,"PRIVATE EXTRA THIN NIGHT PAD  7PCS  18",13.49,20,SUPERMARKET
ADB,115945,"PRIVATE EXTRA THIN NIGHT PAD  7PCS  18",13.49,10,SUPERMARKET
KS7,115946,"PRIVATE EXTRA THIN ECONOMY PACK 18PCS  12",25.99,19,SUPERMARKET
MAS,115946,"PRIVATE EXTRA THIN ECONOMY PACK 18PCS  12",25.99,15,SUPERMARKET
KAS,115946,"PRIVATE EXTRA THIN ECONOMY PACK 18PCS  12",25.99,5,SUPERMARKET
M04,115948,"ROMAR AIR REFRESHNER COCONUT 300ML  8",39.99,6,SUPERMARKET
TMP,115949,"BINE ANTIBACTERIAL SOAP 500ML 20",15.99,12,SUPERMARKET
MDN,115949,"BINE ANTIBACTERIAL SOAP 500ML 20",15.99,79,SUPERMARKET
KAS,115949,"BINE ANTIBACTERIAL SOAP 500ML 20",15.99,22,SUPERMARKET
M03,115949,"BINE ANTIBACTERIAL SOAP 500ML 20",15.99,9,SUPERMARKET
MDN,115950,"SANITA MULTIPURPOSE ALUMINIUM FOIL 10MX40CM  32",28.99,18,SUPERMARKET
ADB,115951,"SANITA CLUB TOILET TISSUE 6PCS  6",79.99,3,SUPERMARKET
M04,115953,"SANITA CLUB TOILET TISSUE 12PCS  4",145.99,5,SUPERMARKET
ACH,115953,"SANITA CLUB TOILET TISSUE 12PCS  4",145.99,7,SUPERMARKET
FAR,115953,"SANITA CLUB TOILET TISSUE 12PCS  4",145.99,5,SUPERMARKET
MDN,115954," ROMAR AIRREFRESHNER LAVENDER 300ML  8",39.99,7,SUPERMARKET
M03,115954," ROMAR AIRREFRESHNER LAVENDER 300ML  8",39.99,5,SUPERMARKET
KCS,115956,"PRIVATE EXTRA THIN SUPER PAD  12",22.99,10,SUPERMARKET
SPN,115960,"MOUTON CADET SAUVIGNON WHITE WINE 750ML 1",210.99,11,SUPERMARKET
LFS,115964,"DAVID OFF XO COGNAC 700ML 1",3449.99,1,SUPERMARKET
LFS,115970,"THE BOTANIST GIN 70CL  6",569.99,6,SUPERMARKET
MAS,115985,"BEVERLY SPARKLING WHITE DRINK 750ML 12",42.99,5,SUPERMARKET
MSS,116010,"COLMANS MINT SAUCES 165G  8",36.99,10,SUPERMARKET
SPN,116016,"COSTA COFFEE CLASSIC LATTE 250ML X 12",33.99,41,SUPERMARKET
SPN,116028,"NATURE VALLEY VARIETY 5 PACK 5X42G  5",49.99,21,SUPERMARKET
LFS,116028,"NATURE VALLEY VARIETY 5 PACK 5X42G  5",49.99,2,SUPERMARKET
KCS,116037,"NESTLE MILKYBAR BUTTONS TUBE 94G 11",42.99,5,SUPERMARKET
KAS,116043,"PEDIGREE SCHMACKOS DOG TREAT POULTRY  144G   9",34.99,1,SUPERMARKET
MSS,116043,"PEDIGREE SCHMACKOS DOG TREAT POULTRY  144G   9",34.99,11,SUPERMARKET
SPN,116043,"PEDIGREE SCHMACKOS DOG TREAT POULTRY  144G   9",34.99,36,SUPERMARKET
LFS,116045,"POPCHIPS BBQ 50G  16",30.99,8,SUPERMARKET
KAS,116048,"POPCHIPS SOUR CREAM ONION 50G  16",29.99,3,SUPERMARKET
M03,116072,"LOREAL MEN EXPERT CHARCOAL SCRUB 100ML   6",110,1,SUPERMARKET
LFS,116078,"MARYLAND DOUBLE CHOCO COOKIES 200G 20",35.99,42,SUPERMARKET
KAS,116078,"MARYLAND DOUBLE CHOCO COOKIES 200G 20",35.99,1,SUPERMARKET
KAS,116083,"MARS GALAXY SMOOTH CARAMEL BLOCK 135G  24",42.99,13,SUPERMARKET
HAA,116089,"MARS MMS MINIS COOKIE 180G  8",49.99,2,SUPERMARKET
MDN,116098,"BATHROOM SCALE WBATTERIES CHN PP1400V0",169,8,"HOUSEWARE & KITCHENWARE"
ACH,116239,"AKAI WATER HEATER INSTANT 3L 4500W WH006A45",1149,4,"ELECTRICAL APPLIANCES"
TMP,116239,"AKAI WATER HEATER INSTANT 3L 4500W WH006A45",1149,2,"ELECTRICAL APPLIANCES"
TMP,116316,"ARTIFICIAL FLOWER 9TIPS 8COLOR MIX",29.9,5,"HOME DECOR & TEXTILES"
LFS,116332,"GIORDANO T SHIRT MENS POLO STRIPE EMBRDY 01019224",249,9,"GARMENTS AND FOOTWEAR"
LFS,116335,"BALLOON ARCH ROD 26X32M W10KNUCKLE",499,16,"TOYS AND ENTERTAINMENT"
TMP,116335,"BALLOON ARCH ROD 26X32M W10KNUCKLE",499,6,"TOYS AND ENTERTAINMENT"
MSS,116335,"BALLOON ARCH ROD 26X32M W10KNUCKLE",499,16,"TOYS AND ENTERTAINMENT"
LFS,116337,"BALLOON ARCH ROD 26X32M W10KNUCKLE",599,25,"TOYS AND ENTERTAINMENT"
SPN,116356,"MARIE BRIZARD CACAO  BRUN LIQUEUR 700ML  6",221.99,2,SUPERMARKET
MSS,116356,"MARIE BRIZARD CACAO  BRUN LIQUEUR 700ML  6",221.99,2,SUPERMARKET
TMP,116362,"MASTERCHEF CAKE TURNER  STAINLESS STEEL MCC43",4.9,4,"HOUSEWARE & KITCHENWARE"
GBA,116397,"LONGRICH TOOTHPASTE 200G  60",79.99,33,SUPERMARKET
M04,116397,"LONGRICH TOOTHPASTE 200G  60",79.99,12,SUPERMARKET
TMP,116410,"CANDLE HOLDER NET VOTIVES1365",19.9,1,"HOME DECOR & TEXTILES"
TMP,116415,"DECOR MIRROR1405",149,2,"HOME DECOR & TEXTILES"
MAS,116468,"CLOSEUP REDHOT EVERFRESH TOOTHPASTE 140G  72",19.99,54,SUPERMARKET
SPN,116468,"CLOSEUP REDHOT EVERFRESH TOOTHPASTE 140G  72",19.99,327,SUPERMARKET
M05,116471,"CLOSEUP REDHOT EVERFRESH TOOTHPASTE 60G  72",9.49,132,SUPERMARKET
GBA,116471,"CLOSEUP REDHOT EVERFRESH TOOTHPASTE 60G  72",9.49,59,SUPERMARKET
M04,116471,"CLOSEUP REDHOT EVERFRESH TOOTHPASTE 60G  72",9.49,53,SUPERMARKET
LFS,116479,"NANA MILK PLAIN YOGHURT 1KG  1",39.99,28,SUPERMARKET
TMP,116483,"SIGNATURE AC SPLIT 20HP R410 SIG SP18",6499,2,"ELECTRICAL APPLIANCES"
MSS,116484,"SIGNATURE AC SPLIT 25HP R410 SIG SP24",9499,1,"ELECTRICAL APPLIANCES"
MDN,116501,"CERAMIC BOWL 3PCS SET T103078",189,7,"HOUSEWARE & KITCHENWARE"
MSS,116501,"CERAMIC BOWL 3PCS SET T103078",189,7,"HOUSEWARE & KITCHENWARE"
SPN,116509,"FAMILY SET 10 PCS PLASTIC 201610",349,4,"HOUSEWARE & KITCHENWARE"
MDN,116569,"BASKETBALL SPORTS 7",49.9,61,"SPORTS & FITNESS"
LFS,116576,"KENWOOD HAND MIXER WBOWL PLASTIC 300W HMP22000WH",749,3,"ELECTRICAL APPLIANCES"
MSS,116579,"KENWOOD BREAD MAKER BMM13000WH",1999,2,"ELECTRICAL APPLIANCES"
TMP,116603,"FORMAL SHIRT MEN STRUCTURE POLYCOTTON CAMBRIDGE",129,2,"GARMENTS AND FOOTWEAR"
M03,116610,"BLING HANDWASH SHEA COCOA 500ML  12",15.49,1,SUPERMARKET
M04,116621,"SAIDA MAJOR CHOCOLAT BISCUIT 160G  20",11.99,14,SUPERMARKET
TMP,116622,"SAIDA MAJOR FRAISE STRAWBERRY BISCUIT 160G  20",11.99,30,SUPERMARKET
MSS,116623,"SAIDA MAJOR VANILLA BISCUIT 160G  20",12.49,9,SUPERMARKET
M03,116629,"ENAPA EVAPORATED MILK 160G 24",7.99,5,SUPERMARKET
LFS,116629,"ENAPA EVAPORATED MILK 160G 24",7.99,197,SUPERMARKET
M05,116631,"SAIDA CHOCOLATE WAFER  65G   28",5.99,12,SUPERMARKET
LFS,116631,"SAIDA CHOCOLATE WAFER  65G   28",5.99,116,SUPERMARKET
SPN,116632,"SAIDA VANILLA WAFER  65G   28",5.99,130,SUPERMARKET
MAS,116632,"SAIDA VANILLA WAFER  65G   28",5.99,37,SUPERMARKET
M04,116632,"SAIDA VANILLA WAFER  65G   28",5.99,15,SUPERMARKET
MAS,116633,"SAIDA FRAISE STRAWBERRY WAFER  65G   28",5.99,17,SUPERMARKET
MDN,116634,"SAIDA NOISETTE HAZELNUT WAFER  65G   28",5.99,35,SUPERMARKET
MSS,116639,"KARIS EVEN TONE UV HANDBODY LOTION 400ML  3",62.99,6,SUPERMARKET
M04,116639,"KARIS EVEN TONE UV HANDBODY LOTION 400ML  3",62.99,3,SUPERMARKET
KS7,116647,"PRINCE VANILLA BISCUITS 130G  20",12.99,22,SUPERMARKET
M05,116649,"PRINCE CHOCOLATE 130G   20",12.99,23,SUPERMARKET
M03,116649,"PRINCE CHOCOLATE 130G   20",12.99,8,SUPERMARKET
M04,116650,"PRINCE CHOCOLATE 60G  35",3.5,15,SUPERMARKET
GBA,116651,"PRINCE VANILLE 60G  35",5.99,43,SUPERMARKET
ADB,116665,"SAIDA GAUFRETTES CHOCO WAFER 100G  24",8.99,95,SUPERMARKET
M03,116665,"SAIDA GAUFRETTES CHOCO WAFER 100G  24",8.99,15,SUPERMARKET
MAS,116665,"SAIDA GAUFRETTES CHOCO WAFER 100G  24",8.99,16,SUPERMARKET
LFS,116672,"SAIDA CROUSTILLE  MINI WAFER HAZELNUT 30G 192",2.5,1631,SUPERMARKET
FAR,116672,"SAIDA CROUSTILLE  MINI WAFER HAZELNUT 30G 192",2.5,21,SUPERMARKET
MSS,116672,"SAIDA CROUSTILLE  MINI WAFER HAZELNUT 30G 192",2.5,604,SUPERMARKET
ADB,116672,"SAIDA CROUSTILLE  MINI WAFER HAZELNUT 30G 192",2.5,143,SUPERMARKET
KS7,116677,"LU TUC CLASSIC BISCUIT 65G  24",6.99,42,SUPERMARKET
MSS,116677,"LU TUC CLASSIC BISCUIT 65G  24",6.99,64,SUPERMARKET
HAA,116678,"LU MINI TUC CLASSIC BISCUIT 30G  30",3.49,31,SUPERMARKET
SPN,116678,"LU MINI TUC CLASSIC BISCUIT 30G  30",3.49,68,SUPERMARKET
M04,116678,"LU MINI TUC CLASSIC BISCUIT 30G  30",3.49,31,SUPERMARKET
M04,116691,"KARIS VITAMIN BOOST BRIGHT CLARIFY SOAP 200G 48",54.99,45,SUPERMARKET
ACH,116901,"WATER BOTTLE WSTRAW GRAPE SHAPE PLASTIC L00821",18.9,30,"HOUSEWARE & KITCHENWARE"
HAA,116901,"WATER BOTTLE WSTRAW GRAPE SHAPE PLASTIC L00821",18.9,14,"HOUSEWARE & KITCHENWARE"
LFS,116909,"PAINTING DESIGN 55X65CM41",249,11,"HOME DECOR & TEXTILES"
ACH,116927,"PAINTING DESIGN 80X120CM FLOWER D195395",349,1,"HOME DECOR & TEXTILES"
M04,116966,"MCCAIN CUT GREEN BEANS 250G  24",31.49,5,SUPERMARKET
SPN,117020,"ONION  PURPLE IMPORT  PACK",19.99,66,SUPERMARKET
KAS,117020,"ONION  PURPLE IMPORT  PACK",19.99,44,SUPERMARKET
TMP,117021,"ONION   PURPLE IMPORT  KG",19.99,28.115,SUPERMARKET
FAR,117036,"ICE CUBE TRAY SET 2PCS CHERRY MYQ91701",44.9,19,"HOUSEWARE & KITCHENWARE"
MAS,117036,"ICE CUBE TRAY SET 2PCS CHERRY MYQ91701",44.9,19,"HOUSEWARE & KITCHENWARE"
FAR,117039,"ICE CUBE TRAY SET 2PCS ICE AGE MYQ91703",32.9,23,"HOUSEWARE & KITCHENWARE"
SPN,117039,"ICE CUBE TRAY SET 2PCS ICE AGE MYQ91703",32.9,48,"HOUSEWARE & KITCHENWARE"
SPN,117043,"TABASCO GREEN PEPPER SAUCE 60ML 12",49.99,71,SUPERMARKET
ACH,117052,"PANZANI BOLOGNAISE EXTRA SAUCE 425G 15",61.99,10,SUPERMARKET
MDN,117081,"BLING DETERGENT POWDER 45KG  2",148.99,2,SUPERMARKET
LFS,117086,"CHIGO WASHING MACHINE FL 7KG SILVER CWF70G01",3899,2,"ELECTRICAL APPLIANCES"
ADB,117094,"3TOL ANTISEPTIC LIQUID LIME FRESH 250ML  24",17.99,1,SUPERMARKET
KS7,117094,"3TOL ANTISEPTIC LIQUID LIME FRESH 250ML  24",17.99,31,SUPERMARKET
KS7,117097,"KENWOOD MICROWAVEOVEN 30L GRILLDGT BLK MWM30000BK",3439,3,"ELECTRICAL APPLIANCES"
ACH,117100,"KENWOOD MICROWAVE OVEN 22L DGT BLACK MWM22000BK",2039,1,"ELECTRICAL APPLIANCES"
MAS,117110,"SERVING BOWL MELAMINE 10 INCHES ZHN C62010",19.9,42,"HOUSEWARE & KITCHENWARE"
LFS,117110,"SERVING BOWL MELAMINE 10 INCHES ZHN C62010",19.9,13,"HOUSEWARE & KITCHENWARE"
LFS,117114,"SERVING BOWL MELAMINE 12 INCHES ZHN C62212",34.9,25,"HOUSEWARE & KITCHENWARE"
MAS,117114,"SERVING BOWL MELAMINE 12 INCHES ZHN C62212",34.9,48,"HOUSEWARE & KITCHENWARE"
ACH,117121,"SERVING BOWL MELAMINE 6 INCHES ZHN C0126",9.9,8,"HOUSEWARE & KITCHENWARE"
MAS,117146,"ENJOY WHISK PP BEIGE FRC K0060614",49.9,5,"HOUSEWARE & KITCHENWARE"
MDN,117149,"MSEAL CONTAINER RECT GLASS 2000ML FRC N1041110",229,4,"HOUSEWARE & KITCHENWARE"
FAR,117149,"MSEAL CONTAINER RECT GLASS 2000ML FRC N1041110",229,1,"HOUSEWARE & KITCHENWARE"
LFS,117182,"DOMS PENCILS SET 12PCS TRIANGLE DARK ZOOM 3412",21.9,2,STATIONERY
FAR,117182,"DOMS PENCILS SET 12PCS TRIANGLE DARK ZOOM 3412",21.9,34,STATIONERY
TMP,117194,"DOMS COLOUR PENCIL SET 12PCS FULL SIZE 3445",19.9,2,STATIONERY
MDN,117204,"DOMS WAX CRAYONS SET 24PCS EXTRA LONG 3450",18.9,31,STATIONERY
TMP,117208,"DOMS CRAYON SET 14PCS PLASTIC IN TIN 7120",20.9,29,STATIONERY
TMP,117209,"DOMS WATER COLOUR CAKES SET 12PCS 23MM 7427",19.9,3,STATIONERY
HAA,117211,"DOMS WATER COLOUR CAKES 36PCS 23MM 7429",49,8,STATIONERY
KS7,117238,"DOMS AQUA WATER COLOR PENS FBB BOX 12 SHADE 7265",12.9,2,STATIONERY
TMP,117238,"DOMS AQUA WATER COLOR PENS FBB BOX 12 SHADE 7265",12.9,30,STATIONERY
ACH,117246,"DOMS CDDVDOHP MARKER PENS BOX 10PCS BLUE 7660",24.9,32,STATIONERY
FAR,117247,"DOMS CDDVDOHP MARKER PENS BOX 10PCS BLACK 7662",24.9,9,STATIONERY
KS7,117247,"DOMS CDDVDOHP MARKER PENS BOX 10PCS BLACK 7662",24.9,2,STATIONERY
SPN,117247,"DOMS CDDVDOHP MARKER PENS BOX 10PCS BLACK 7662",24.9,43,STATIONERY
M03,117250,"DOMS DUST COLLECTOR SHARPENER BLISTER PCK 1PC 8191",3.9,8,STATIONERY
FAR,117256,"DOMS TEMPERA COLOURS 6 SHADES 3454",3.9,11,STATIONERY
ADB,117256,"DOMS TEMPERA COLOURS 6 SHADES 3454",3.9,17,STATIONERY
M03,117256,"DOMS TEMPERA COLOURS 6 SHADES 3454",3.9,48,STATIONERY
MSS,117260,"DOMS DUST FREE ERASER BOX 20PCS 3420",15.9,4,STATIONERY
FAR,117263,"DOMS SPORTS COLLECTABLE CAR ERASER DISPLAY 7285",3.9,22,STATIONERY
LFS,117271,"DOMS Q SCALE 15CM POUCH 1PC 3434",4.9,-1,STATIONERY
MAS,117281,"8PM WHISKY 375ML 24",23.99,7,SUPERMARKET
MSS,117290,"WESTINGHOUSE SAUCE PAN WLID 20CM WCSP0070020GGY",399,2,"HOUSEWARE & KITCHENWARE"
LFS,117291,"WESTINGHOUSE FRYPAN 24CM GRANITE WCFP0070024GGY",259,16,"HOUSEWARE & KITCHENWARE"
KS7,117293,"WESTINGHOUSE SAUCE PAN WLID 18CM WCSP0009018MBB",319,8,"HOUSEWARE & KITCHENWARE"
ACH,117295,"WESTINGHOUSE SAUCE PAN WLID 20CM WCSP0009020MBB",299,3,"HOUSEWARE & KITCHENWARE"
MDN,117295,"WESTINGHOUSE SAUCE PAN WLID 20CM WCSP0009020MBB",299,3,"HOUSEWARE & KITCHENWARE"
KS7,117295,"WESTINGHOUSE SAUCE PAN WLID 20CM WCSP0009020MBB",299,1,"HOUSEWARE & KITCHENWARE"
MDN,117297,"WESTINGHOUSE WIRE LIGHT 295CM WARM",32.9,11,"HOME DECOR & TEXTILES"
KS7,117297,"WESTINGHOUSE WIRE LIGHT 295CM WARM",32.9,2,"HOME DECOR & TEXTILES"
TMP,117298,"WESTINGHOUSE STRING LIGHT 320CM CLEAR BALL",44.9,8,"HOME DECOR & TEXTILES"
FAR,117298,"WESTINGHOUSE STRING LIGHT 320CM CLEAR BALL",44.9,5,"HOME DECOR & TEXTILES"
ACH,117299,"WESTINGHOUSE LIGHT BULB 380CM STRING LIGHT",39.9,2,"HOME DECOR & TEXTILES"
TMP,117299,"WESTINGHOUSE LIGHT BULB 380CM STRING LIGHT",39.9,1,"HOME DECOR & TEXTILES"
MAS,117300,"WESTINGHOUSE LED TREE 60CM",89,6,"HOME DECOR & TEXTILES"
SPN,117301,"WESTINGHOUSE LED TREE WFLOWER 60CM",89,8,"HOME DECOR & TEXTILES"
HAA,117307,"CHRISTMAS TREE 12M 300TIPS ELEGANT",119,1,"HOME DECOR & TEXTILES"
TMP,117321,"CHRISTMAS TREE 15M 259TIPS ELEGANT H08E",629,8,"HOME DECOR & TEXTILES"
LFS,117323,"CHRISTMAS TREE 12M 240TIPS ELEGANT H06E",299,5,"HOME DECOR & TEXTILES"
TMP,117326,"CHRISTMAS TREE 21M 936TIPS ELEGANT H06E",1099,6,"HOME DECOR & TEXTILES"
LFS,117328,"CHRISTMAS TREE 12M 352TIPS ELEGANT A21",549,23,"HOME DECOR & TEXTILES"
TMP,117328,"CHRISTMAS TREE 12M 352TIPS ELEGANT A21",549,5,"HOME DECOR & TEXTILES"
MSS,117329,"CHRISTMAS TREE 15M 662TIPS ELEGANT A21",999,4,"HOME DECOR & TEXTILES"
HAA,117376,"XMAS DECOR 16X27CM WPAPER CARD BAG JHZD2981",25.9,2,"HOME DECOR & TEXTILES"
SPN,117376,"XMAS DECOR 16X27CM WPAPER CARD BAG JHZD2981",25.9,9,"HOME DECOR & TEXTILES"
HAA,117381,"XMAS DECOR W2BELLSANTA CLAUSE JHA81032",34.9,2,"HOME DECOR & TEXTILES"
TMP,117384,"XMAS DECOR 7X6CM WBOX JHA81064",32.9,10,"HOME DECOR & TEXTILES"
MDN,117385,"XMAS FOAM BALL 6CM WHITEYELLOW JHA2016A",27.9,28,"HOME DECOR & TEXTILES"
HAA,117385,"XMAS FOAM BALL 6CM WHITEYELLOW JHA2016A",27.9,11,"HOME DECOR & TEXTILES"
MDN,117389,"XMAS FOAM BALL 7CM REDWHITE JHA2010",42.9,13,"HOME DECOR & TEXTILES"
LFS,117390,"XMAS FOAM BALL 6CM WHITERED JHRM60285",26.9,5,"HOME DECOR & TEXTILES"
KS7,117392,"XMAS FOAM BALL 6CM WHITEGOLD JHA2015A",29.9,3,"HOME DECOR & TEXTILES"
KS7,117396,"XMAS FOAM BALL 6CM REDWHITEGOLD JHA2003A",27.9,2,"HOME DECOR & TEXTILES"
SPN,117396,"XMAS FOAM BALL 6CM REDWHITEGOLD JHA2003A",27.9,2,"HOME DECOR & TEXTILES"
HAA,117401,"XMAS FOAM BALL 5CM REDSILVER JHRM5214",17.9,29,"HOME DECOR & TEXTILES"
MSS,117401,"XMAS FOAM BALL 5CM REDSILVER JHRM5214",17.9,1,"HOME DECOR & TEXTILES"
FAR,117402,"XMAS FOAM BALL 5CM RED JHRM5225",19.9,1,"HOME DECOR & TEXTILES"
FAR,117406,"XMAS GLASS BALL 3CM WHITE JH2021165",55,65,"HOME DECOR & TEXTILES"
SPN,117406,"XMAS GLASS BALL 3CM WHITE JH2021165",55,290,"HOME DECOR & TEXTILES"
MSS,117407,"XMAS GLASS BALL 3CM RED JH2021172",49.9,12,"HOME DECOR & TEXTILES"
MSS,117411,"XMAS GLASS BALL 3CM MULTICOLOR JH2021189",49.9,29,"HOME DECOR & TEXTILES"
LFS,117413,"XMAS HAT 28X40 REDWHITE",6.9,4,"HOME DECOR & TEXTILES"
LFS,117416,"XMAS TREE 180CM 260TIPS WBLUE LIGHT",1699,1,"HOME DECOR & TEXTILES"
HAA,117420,"XMAS TREE 120CM 130TIP WLIGHT",749,4,"HOME DECOR & TEXTILES"
ACH,117428,"XMAS GIFT BAG 8X24X18CM 8626S  SANTA DESIGN",9.9,113,"HOME DECOR & TEXTILES"
MDN,117430,"XMAS GIFT BAG 40X30X12CM LARGE REDWHITE 4DESIGNS",15.9,1,"HOME DECOR & TEXTILES"
SPN,117432,"XMAS WINE BAG 82X36X128CM  SANTAWINE DESIGN",9.9,27,"HOME DECOR & TEXTILES"
MDN,117432,"XMAS WINE BAG 82X36X128CM  SANTAWINE DESIGN",9.9,3,"HOME DECOR & TEXTILES"
M05,117441,"HARIBO SOUR SPARKS 140G  12",29.99,11,SUPERMARKET
MDN,117441,"HARIBO SOUR SPARKS 140G  12",29.99,10,SUPERMARKET
KAS,117441,"HARIBO SOUR SPARKS 140G  12",29.99,11,SUPERMARKET
TMP,117461,"XMAS DECOR BALL SET 20PCS 4CM JHZJ21011",34.9,3,"HOME DECOR & TEXTILES"
KS7,117470,"XMAS DECOR BALL 6CM JHY2101242",30.9,-1,"HOME DECOR & TEXTILES"
FAR,117479,"COTTNY SEAMLESS FOOTIES SET 3PCS LADIES 40081",39,39,"GARMENTS AND FOOTWEAR"
KS7,117482,"XMAS DECOR BALL SET 20PCS 4CM JHZJ21021",32.9,-2,"HOME DECOR & TEXTILES"
SPN,117496,"XMAS DECOR BALL 4CM JHZJ21043",39.9,60,"HOME DECOR & TEXTILES"
MSS,117496,"XMAS DECOR BALL 4CM JHZJ21043",39.9,13,"HOME DECOR & TEXTILES"
ACH,117498,"XMAS DECOR BALL 4CM JHZJ21045",39.9,110,"HOME DECOR & TEXTILES"
SPN,117499,"XMAS DECOR BALL 4CM JHZJ21052",20.9,3,"HOME DECOR & TEXTILES"
HAA,117507,"XMAS DECOR BALL 5CM JHZJ21148",44.9,1,"HOME DECOR & TEXTILES"
ADB,117509,"LONDON BISCUIT CREAM CRACKERS 300G  18",27.99,16,SUPERMARKET
ACH,117509,"LONDON BISCUIT CREAM CRACKERS 300G  18",27.99,24,SUPERMARKET
ACH,117512,"XMAS DECOR BALL 5CM JH19A883",39.9,20,"HOME DECOR & TEXTILES"
HAA,117512,"XMAS DECOR BALL 5CM JH19A883",39.9,10,"HOME DECOR & TEXTILES"
SPN,117514,"XMAS DECOR BALL 6CM JH19A896",36.9,2,"HOME DECOR & TEXTILES"
LFS,117517,"XMAS DECOR BALL SET 37PCS 4PCS JHHY20253",55,20,"HOME DECOR & TEXTILES"
ACH,117517,"XMAS DECOR BALL SET 37PCS 4PCS JHHY20253",55,32,"HOME DECOR & TEXTILES"
HAA,117518,"XMAS DECOR BALL SET 50PCS 5CM JHHY20236",79,1,"HOME DECOR & TEXTILES"
TMP,117535,"TSHIRT 814YRS WPRINT SS 30331",15,2,"GARMENTS AND FOOTWEAR"
SPN,117536,"TSHIRT 814YRS BOYS WPRINT SS 30330",19.9,20,"GARMENTS AND FOOTWEAR"
KS7,117539,"TSHIRT 636MONTHS GIRLS  WPRINT SS 10957",24.9,6,"GARMENTS AND FOOTWEAR"
FAR,117587,"BEATER PLASTIC URVE UR3004",4.9,8,"HOUSEWARE & KITCHENWARE"
MAS,117591,"FLOOR MAT 50X80CM ASTD JSMA0181",99,15,"HOME DECOR & TEXTILES"
MAS,117593,"FLOOR MAT 45X75CM ASTD JSMA021",59,23,"HOME DECOR & TEXTILES"
ACH,117594,"FLOOR RUNNER 45X120CM ASTD JSMA022",109,2,"HOME DECOR & TEXTILES"
TMP,117598,"FLOOR MAT 50X80CM ASTDBW",69,10,"HOME DECOR & TEXTILES"
MSS,117598,"FLOOR MAT 50X80CM ASTDBW",69,23,"HOME DECOR & TEXTILES"
ACH,117605,"GARLIC SQUEEZER 80X30X30MM ASST COLOR UR3010",2.9,24,"HOUSEWARE & KITCHENWARE"
KS7,117610,"PLUNGER PLASTIC UR3016",16.9,-1,"HOUSEWARE & KITCHENWARE"
KS7,117620,"STRAINER PLASTIC 12CM UR3073",16.9,47,"HOUSEWARE & KITCHENWARE"
MDN,117621,"STRAINER PLASTIC UR3074",19.9,1,"HOUSEWARE & KITCHENWARE"
HAA,117621,"STRAINER PLASTIC UR3074",19.9,9,"HOUSEWARE & KITCHENWARE"
TMP,117622,"STRAINER PLASTIC UR3075",29.9,8,"HOUSEWARE & KITCHENWARE"
KS7,117622,"STRAINER PLASTIC UR3075",29.9,13,"HOUSEWARE & KITCHENWARE"
KS7,117625,"MANUAL WATER PUMP 105X105X210MM DANTELLA UR3083",4.9,2,"HOUSEWARE & KITCHENWARE"
LFS,117633,"DINNER PLATE WHITE CERAMIC 105 INCHES P12021",12.9,21,"HOUSEWARE & KITCHENWARE"
KS7,117634,"MORTAR PP ASST COLOR HOUSEBYHOUSE UR3116",4.9,9,"HOUSEWARE & KITCHENWARE"
KS7,117641,"WATER CUP PLASTIC BEAD DESIGN UR3127",8.9,13,"HOUSEWARE & KITCHENWARE"
LFS,117649,"BOTTLE OPENER PPSTEEL UR3178",4.9,15,"HOUSEWARE & KITCHENWARE"
SPN,117651,"GLASSES DECORATED PP SSPD UR3192",9.9,27,"HOUSEWARE & KITCHENWARE"
FAR,117655,"FLOOR BRUSH PLASTIC SSPD UR3237",19.9,2,"HOUSEWARE & KITCHENWARE"
HAA,117665,"DUSTPANBRUSH SET WRUBBER PICKPLASTIC UR3249",26.9,7,"HOUSEWARE & KITCHENWARE"
HAA,117670,"TOILET BRUSH WSTAND PLASTIC UR3266",24.9,29,"HOUSEWARE & KITCHENWARE"
SPN,117670,"TOILET BRUSH WSTAND PLASTIC UR3266",24.9,43,"HOUSEWARE & KITCHENWARE"
SPN,117677,"BOWL 3LT RECTANGULAR PP ASST COLORS STAR UR3295",9.9,8,"HOUSEWARE & KITCHENWARE"
MAS,117691,"TOLSEN PADLOCK 40MM BRASS HEAVY DUTY 55114",75,2,"HARDWARE & BUILDING MATERIAL"
ACH,117691,"TOLSEN PADLOCK 40MM BRASS HEAVY DUTY 55114",75,6,"HARDWARE & BUILDING MATERIAL"
TMP,117691,"TOLSEN PADLOCK 40MM BRASS HEAVY DUTY 55114",75,1,"HARDWARE & BUILDING MATERIAL"
TMP,117692,"TOLSEN PADLOCK 40MM BRASS WLONG SHACKLE 55109",69,26,"HARDWARE & BUILDING MATERIAL"
MDN,117693,"TOLSEN GARDEN RAKE 155MM WPLASTIC HANDLE 57510",59,1,"HARDWARE & BUILDING MATERIAL"
MDN,117695,"TOLSEN JACK STAND 2TONS 65482",279,4,"HARDWARE & BUILDING MATERIAL"
LFS,117715,"LG LED TV 49 SAT SMART UHD 4K 49UN7340PVC",8899,1,"ELECTRONICS & TELECOM"
LFS,117719,"VISTA RULED EXAM PAPER 50PCS",89,3,STATIONERY
ACH,117751,"AUTOKLINA DASHBOARD  INTERIOR POLISHGLOSS 250ML",44.99,14,"HARDWARE & BUILDING MATERIAL"
SPN,117751,"AUTOKLINA DASHBOARD  INTERIOR POLISHGLOSS 250ML",44.99,22,"HARDWARE & BUILDING MATERIAL"
LFS,117852,"DOCTOR PLAY SET 3IN1 43PCS 200986519",115,1,"TOYS AND ENTERTAINMENT"
TMP,117875,"MANILA PAPERLINELEFT WINDOW ENVELOPE 50PCS PACK",24.99,10,STATIONERY
MDN,117875,"MANILA PAPERLINELEFT WINDOW ENVELOPE 50PCS PACK",24.99,56,STATIONERY
LFS,117884,"MANILA A4 WHITE ENVELOPE 50PCS PACK",72,46,STATIONERY
MDN,117886,"MANILA A5 WHITE ENVELOPE 50PCS PACK",46.99,1,STATIONERY
KS7,117890,"RINGO CHIPS PEANUT 16G  40",3.49,22,SUPERMARKET
M03,117890,"RINGO CHIPS PEANUT 16G  40",3.49,36,SUPERMARKET
KS7,117896,"RINGO CHIPS COCKTAIL 13G  40",3.49,30,SUPERMARKET
KAS,117897,"RINGO CHIPS HOTSPICY 16G  40",3.49,20,SUPERMARKET
LFS,117916,"LUNCHEON MEAT AL TAGHZIAH TURKEY 840G  12",119.99,13,SUPERMARKET
LFS,117918,"AL RIFAI ROASTED NUTS MIX KERNEL TINS 450G 12",244.99,21,SUPERMARKET
SPN,117922,"AL RIFAI ROASTED NUTS CLASSIC MIX TINS 450G  12",105.99,18,SUPERMARKET
KCS,117923,"AL RIFAI ROASTED NUTS SUPER EXTRA TIN 450G  12",159.99,8,SUPERMARKET
SPN,117938,"ARUBA SUGARFREE INSTANT DRINK PINEAPPLE 9G  144",5.99,111,SUPERMARKET
KAS,117940,"MACCAW GRENADINE JUICE CARTON 180ML",6.99,3,SUPERMARKET
KAS,117951,"MACCAW ORANGECARROT JUICE GLASS 250ML",13.99,6,SUPERMARKET
MSS,117957,"MACCAW PINEAPPLE JUICE CARTON 1L  8",49.99,1,SUPERMARKET
SPN,117993,"MIDEA LED SPOTLIGHT 3W WARM MDLSP03W3000K",16.5,20,"ELECTRICAL APPLIANCES"
TMP,118046,"NIVEA FACE Q10 DAY CARE 50ML  12",198.99,3,SUPERMARKET
MSS,118046,"NIVEA FACE Q10 DAY CARE 50ML  12",198.99,7,SUPERMARKET
M03,118046,"NIVEA FACE Q10 DAY CARE 50ML  12",198.99,1,SUPERMARKET
KS7,118047,"NIVEA FACE Q10 NIGHT CARE 50ML  12",198.99,20,SUPERMARKET
ADB,118047,"NIVEA FACE Q10 NIGHT CARE 50ML  12",198.99,12,SUPERMARKET
KS7,118058,"SIDE PLATE 8INCH CERAMIC P15012",4.9,10,"HOUSEWARE & KITCHENWARE"
HAA,118110,"ACTIONWARE ORANGE JUICER  SQUARE PLASTIC",14.9,1,"HOUSEWARE & KITCHENWARE"
MDN,118117,"ACTIONWARE LEMON SQUEEZER WBOTTLE OPENER  HDUTY",42.9,4,"HOUSEWARE & KITCHENWARE"
M05,118124,"NESQUIK CEREAL 375G 6",79.99,9,SUPERMARKET
MSS,118147,"DOUBLE MATTRESS BED BATH 5475 ASHFOAM",1599,10,FURNITURE
TMP,118147,"DOUBLE MATTRESS BED BATH 5475 ASHFOAM",1599,7,FURNITURE
FAR,118148,"QUEEN MATTRESS BED BATH 7275 ASHFOAM",1949,1,FURNITURE
LFS,118148,"QUEEN MATTRESS BED BATH 7275 ASHFOAM",1949,10,FURNITURE
ACH,118150,"RACK 3LAYER KITCHEN PLASTIC 01040000",179,7,"HOUSEWARE & KITCHENWARE"
MDN,118158,"BIN BUCKET WHANDLE 16LTR PLASTIC 02041000",49.9,10,"HOUSEWARE & KITCHENWARE"
MSS,118225,"YOGA MAT 176X61X04CM PRINTED PVC LKEM3001",119,1,"SPORTS & FITNESS"
TMP,118227,"TRAINING VEST 4COLORS PROESCE LWP2030",39,6,"SPORTS & FITNESS"
M05,118242,"MON BIJOU SOFTENER CONCENTRATE CLASSIC 500ML  12",29.99,7,SUPERMARKET
HAA,118242,"MON BIJOU SOFTENER CONCENTRATE CLASSIC 500ML  12",29.99,2,SUPERMARKET
M03,118277,"EASY MOUZOO GRAPE NECTAR GLASS BOTTLE 250ML  24",10.99,7,SUPERMARKET
MAS,118277,"EASY MOUZOO GRAPE NECTAR GLASS BOTTLE 250ML  24",10.99,64,SUPERMARKET
M05,118278,"EASY MOUZOO GRAPE NECTAR GLASS BOTTLE 1L  6",32.99,5,SUPERMARKET
LFS,118278,"EASY MOUZOO GRAPE NECTAR GLASS BOTTLE 1L  6",32.99,28,SUPERMARKET
SPN,118279,"FARAGELLO GOLD GRAPE NECTAR GLASS BOTTLE 1L  6",33.99,42,SUPERMARKET
KS7,118287,"FARAGELLO GOLD GRAPE NECTAR BOTTLE 250ML  24",11.99,50,SUPERMARKET
KCS,118287,"FARAGELLO GOLD GRAPE NECTAR BOTTLE 250ML  24",11.99,22,SUPERMARKET
KS7,118289,"FARAGELLO GOLD APPLE NECTAR GLASS BOTTLE 1L  6",33.99,12,SUPERMARKET
KAS,118289,"FARAGELLO GOLD APPLE NECTAR GLASS BOTTLE 1L  6",33.99,3,SUPERMARKET
LFS,118289,"FARAGELLO GOLD APPLE NECTAR GLASS BOTTLE 1L  6",33.99,35,SUPERMARKET
SPN,118303,"MYST NATURAL MINERAL WATER 500ML 15",2.69,534,SUPERMARKET
TMP,118303,"MYST NATURAL MINERAL WATER 500ML 15",2.69,103,SUPERMARKET
KS7,118303,"MYST NATURAL MINERAL WATER 500ML 15",2.69,30,SUPERMARKET
M05,118304,"MYST NATURAL MINERAL WATER 750ML 15",2.99,148,SUPERMARKET
TMP,118304,"MYST NATURAL MINERAL WATER 750ML 15",2.99,62,SUPERMARKET
GBA,118304,"MYST NATURAL MINERAL WATER 750ML 15",2.99,103,SUPERMARKET
HAA,118304,"MYST NATURAL MINERAL WATER 750ML 15",2.99,-14,SUPERMARKET
M03,118305,"ENCONA EXTRA HOT PEPPER SAUCE 142ML   6",34.99,7,SUPERMARKET
FAR,118309,"PURDEYS REFOCUS DARK FRUIT 330ML   12",19.99,13,SUPERMARKET
M04,118309,"PURDEYS REFOCUS DARK FRUIT 330ML   12",19.99,8,SUPERMARKET
LFS,118313,"CASA DE CAMPO CHOPPED TOMATOES 400G  12",22.99,48,SUPERMARKET
TMP,118313,"CASA DE CAMPO CHOPPED TOMATOES 400G  12",22.99,1,SUPERMARKET
KAS,118318,"MARMITE 250G 12",114.99,1,SUPERMARKET
M05,118320,"BLING HANDWASH AQUA 500ML  12",15.99,12,SUPERMARKET
M04,118361,"JELZIN PURE CHERRY  LIQUOR 700ML  6",76.49,5,SUPERMARKET
KS7,118365,"RUSKOV VODKA 700ML   6",70.99,1,SUPERMARKET
TMP,118366,"JACK DANIEL WHISKY BOUBON SINGLE BARREL 700ML  6",899.99,12,SUPERMARKET
M03,118366,"JACK DANIEL WHISKY BOUBON SINGLE BARREL 700ML  6",899.99,3,SUPERMARKET
LFS,118377,"FLYING SHADOW RC SPRAY DRIFT CAR LIGMUS MKN247098",459,5,"TOYS AND ENTERTAINMENT"
SPN,118409,"BOSCH METAL CUTTING DISC 230MM NEW 2608619770",24.99,6,"HARDWARE & BUILDING MATERIAL"
HAA,118413,"BOSCH ROTARY HAMMER GBH 220 06112A60L0",2149,1,"HARDWARE & BUILDING MATERIAL"
LFS,118444,"BUTTERKIST CRUNCHY TOFFEE POPCORN 78G  15",29.99,27,SUPERMARKET
M03,118444,"BUTTERKIST CRUNCHY TOFFEE POPCORN 78G  15",29.99,6,SUPERMARKET
MAS,118445,"SHINE PAPER CUPS 12OZ 50PCS  20",31.99,23,SUPERMARKET
M03,118457,"FOXS FABULOUS TRIPLE CHOCO COOKIES  180G  8",42.99,9,SUPERMARKET
TMP,118457,"FOXS FABULOUS TRIPLE CHOCO COOKIES  180G  8",42.99,5,SUPERMARKET
ACH,118465,"KENWOOD VACUUM CLEANER BAGLESS 1800W VBP50000BB",1449,2,"ELECTRICAL APPLIANCES"
LFS,118486,"MILKA CAKE N CHOC 175G  16",44.99,10,SUPERMARKET
M03,118492,"SWIZZLES SQUASHIES BUBBLEGUM DRUMSTICK 120G  12",28.99,1,SUPERMARKET
HAA,118515,"TOREN CLASSIC CHOCOLATE RED 50G 144",4.49,2,SUPERMARKET
ACH,118517,"TOREN CLASSIC CHOCOLATE RED 100G 72",11.49,8,SUPERMARKET
M03,118517,"TOREN CLASSIC CHOCOLATE RED 100G 72",11.49,2,SUPERMARKET
KAS,118517,"TOREN CLASSIC CHOCOLATE RED 100G 72",11.49,49,SUPERMARKET
FAR,118521,"TOREN TAMAM MILK CHOCOLATE 42G 144",6.49,204,SUPERMARKET
MSS,118521,"TOREN TAMAM MILK CHOCOLATE 42G 144",6.49,3,SUPERMARKET
KAS,118521,"TOREN TAMAM MILK CHOCOLATE 42G 144",6.49,169,SUPERMARKET
MSS,118554,"AIRWICK REED DIFFUSER BAHAMAS 25ML 5",70.99,4,SUPERMARKET
FAR,118561,"AIRWICK FRESH N UP WILD BERRIES 375ML  12",41.99,1,SUPERMARKET
HAA,118561,"AIRWICK FRESH N UP WILD BERRIES 375ML  12",41.99,1,SUPERMARKET
SPN,118562,"VIRGINIA GREEN EXTRAVIRGIN GLAS OLIVE OIL 500ML 12",134.99,34,SUPERMARKET
MAS,118563,"VIRGINIA GREEN EXTRA VIRGIN GLASS OLIVE OIL 1L 12",254.99,3,SUPERMARKET
KAS,118563,"VIRGINIA GREEN EXTRA VIRGIN GLASS OLIVE OIL 1L 12",254.99,12,SUPERMARKET
ACH,118565,"BALENCIA PURE PRT  OLIVE OIL  1L  12",164.99,14,SUPERMARKET
LFS,118565,"BALENCIA PURE PRT  OLIVE OIL  1L  12",164.99,14,SUPERMARKET
KS7,118565,"BALENCIA PURE PRT  OLIVE OIL  1L  12",164.99,17,SUPERMARKET
M04,118566,"BALENCIA POMACE OLIVE WITH EXTRA VIRGI OIL 1L 12",179.99,7,SUPERMARKET
KAS,118566,"BALENCIA POMACE OLIVE WITH EXTRA VIRGI OIL 1L 12",179.99,12,SUPERMARKET
SPN,118566,"BALENCIA POMACE OLIVE WITH EXTRA VIRGI OIL 1L 12",179.99,11,SUPERMARKET
KS7,118566,"BALENCIA POMACE OLIVE WITH EXTRA VIRGI OIL 1L 12",179.99,18,SUPERMARKET
MDN,118574,"ZOFLORA DISINFECTANT 500ML  12",155.99,3,SUPERMARKET
LFS,118578,"DOMESTOS POWER 5 TOILET BLOCKS PINK MAGNOLIA 55G 9",29.99,7,SUPERMARKET
ACH,118599,"JOGGERS MEN SOLID OFFWHITE HMD",119,13,"GARMENTS AND FOOTWEAR"
MAS,118617,"COFFEE TEA CUP 6PCS SET GLASS 290ML G25006 LTREND",32.9,11,"HOUSEWARE & KITCHENWARE"
TMP,118617,"COFFEE TEA CUP 6PCS SET GLASS 290ML G25006 LTREND",32.9,61,"HOUSEWARE & KITCHENWARE"
MSS,118627,"DENIM JEANS WOMEN 262830323436 JEALOUS",65,1,"GARMENTS AND FOOTWEAR"
SPN,118705,"OUTDOOR CHAIR METAL REST",2409,2,FURNITURE
TMP,118705,"OUTDOOR CHAIR METAL REST",2409,1,FURNITURE
MSS,118765,"MEN HEAVY TSHIRT ASSORTED",79,23,"GARMENTS AND FOOTWEAR"
LFS,118768,"DAAWAT CUPPA RICE DUM BIRYANI 87G  24",44.99,24,SUPERMARKET
LFS,118769,"DAAWAT CUPPA RICE SCHEZWAN 86G  24",44.99,22,SUPERMARKET
ACH,118785,"PREDATOR ENERGY DRINK 350ML 12",5.99,51,SUPERMARKET
SPN,118785,"PREDATOR ENERGY DRINK 350ML 12",5.99,27,SUPERMARKET
FAR,118801,"LED WALL LAMP 12WX2 BLACKWHITE LD34771BK",79,1,"HOME DECOR & TEXTILES"
TMP,118802,"LED CEILING LAMP 128WX2 WREMOTE FLORAL LD4434",699,1,"HOME DECOR & TEXTILES"
FAR,118802,"LED CEILING LAMP 128WX2 WREMOTE FLORAL LD4434",699,1,"HOME DECOR & TEXTILES"
ACH,118807,"SWIMMING SUIT KIDS 45YRS ROUCHE AR00043680903",175,4,"SPORTS & FITNESS"
FAR,118826,"SWIMMING SUIT KIDS 1415YRS MONUMENTS AR1A4777303",279,4,"SPORTS & FITNESS"
LFS,118827,"SWIMMING SUIT KIDS 1213YRS MONUMENTS AR1A4777304",219,15,"SPORTS & FITNESS"
KS7,118829,"SWIMMING SUIT KIDS 89YRS MONUMENTS AR1A4779401",219,13,"SPORTS & FITNESS"
LFS,118832,"SWIMMING SUIT KID 1213Y MONUMENT ROS AR1A4779404",279,15,"SPORTS & FITNESS"
FAR,118837,"SWIMMING SUIT KID 23YR FISHBONE MANG AR1A4853502",195,4,"SPORTS & FITNESS"
KS7,118838,"SWIMMING SUIT KIDS 45YRS FILL AGATHA AR1A4866901",155,21,"SPORTS & FITNESS"
KS7,118841,"SWIMMING SUIT KIDS 23YRS FILL MANG AR1A4869502",155,5,"SPORTS & FITNESS"
ACH,118842,"SWIMMING SUIT KIDS 45YRS GILL VILET AR1A4873901",195,10,"SPORTS & FITNESS"
MSS,118845,"CYLINDRICAL HOLDER",12.9,1,"HOME DECOR & TEXTILES"
SPN,118845,"CYLINDRICAL HOLDER",12.9,-1,"HOME DECOR & TEXTILES"
TMP,118846,"SWIMMING SUIT KIDS 23YRS GILL VILET AR1A4873902",155,2,"SPORTS & FITNESS"
ACH,118850,"SWIM BERMUDA SHORTS MEN L ICONS BLK AR1B1545005",295,1,"SPORTS & FITNESS"
SPN,118854,"SWIM SHORTS KID 1011Y FUNDAMENTAL AR1B3524101",165,5,"SPORTS & FITNESS"
LFS,118864,"CURTAIN JACQUARD WGROMMET BLUE 02PA6402I",69,1,"HOME DECOR & TEXTILES"
ACH,118868,"SWIM SHORTS KIDS 1011YRS FUNDAMENTAL AR1B3527105",109,8,"SPORTS & FITNESS"
FAR,118870,"SWIM SHORTS KID 1213YRS FUNDAMENTAL AR1B35282402",159,1,"SPORTS & FITNESS"
LFS,118872,"SWIMMING SUIT KID 89YRS TATTOO AR1B4361505",195,3,"SPORTS & FITNESS"
LFS,118879,"SWIM BRIEF KIDS 12YRS THUNDER RED AR216194605",119,8,"SPORTS & FITNESS"
FAR,118882,"SWIM BRIEF KIDS 45YRS BLUE THUNDER AR216198103",119,3,"SPORTS & FITNESS"
LFS,118883,"SWIM BRIEF KIDS 23YRS BLUE THUNDER AR216198104",119,8,"SPORTS & FITNESS"
SPN,118883,"SWIM BRIEF KIDS 23YRS BLUE THUNDER AR216198104",119,1,"SPORTS & FITNESS"
KS7,118895,"SWIM SUIT WOMEN 34 TECH HIGH AR2A2415505",259,3,"SPORTS & FITNESS"
SPN,118898,"SWIM SUIT WOMEN 34 GREEN TECH HIGH AR2A2416105",259,5,"SPORTS & FITNESS"
LFS,118901,"SWIM SUIT WOMEN 34 BLUE TECH HIGH AR2A2417205",259,7,"SPORTS & FITNESS"
ACH,118901,"SWIM SUIT WOMEN 34 BLUE TECH HIGH AR2A2417205",259,4,"SPORTS & FITNESS"
LFS,118903,"SWIM SUIT WOMEN 36 BLACK PRO AR2A2425504",239,14,"SPORTS & FITNESS"
FAR,118904,"SWIM SUIT WOMEN 34 BLACK PRO AR2A2425505",239,10,"SPORTS & FITNESS"
LFS,118905,"SWIM SUIT WOMEN 32 BLACK PRO AR2A2425506",239,6,"SPORTS & FITNESS"
TMP,118905,"SWIM SUIT WOMEN 32 BLACK PRO AR2A2425506",239,1,"SPORTS & FITNESS"
SPN,118906,"SWIM SUIT WOMEN 32 RED LIGHTECH AR2A2434504",239,3,"SPORTS & FITNESS"
ACH,118909,"SWIM SUIT WOMEN 32 GREEN LIGHTECH AR2A2436104",239,5,"SPORTS & FITNESS"
LFS,118911,"SWIM SUIT WOMEN 36 GREEN LIGHTECH AR2A2436106",239,5,"SPORTS & FITNESS"
SPN,118919,"SWIM SUIT WOMEN 28 UNBELIEVABLE AR2A6925004",369,5,"SPORTS & FITNESS"
SPN,118921,"SWIM SUIT WOMEN 32 UNBELIEVABLE AR2A6925006",369,4,"SPORTS & FITNESS"
LFS,118922,"SWIM SUIT WOMEN 34 UNBELIEVABLE AR2A6925007",369,4,"SPORTS & FITNESS"
TMP,118927,"SWIM SHORTS MEN XXXL REBEL AR404941701",175,1,"SPORTS & FITNESS"
ACH,118945,"SWIM ARMBAND KID 1860KG 312YR ROLLUP AR9521730",105,1,"SPORTS & FITNESS"
TMP,118947,"SWIM ARMBND KID 13 AWT SOFT AR952441002",139,24,"SPORTS & FITNESS"
KS7,118951,"BADMINTON RACKET SET  SOLAR 300 DL10281144",285,1,"SPORTS & FITNESS"
LFS,119025,"GIORDANO T SHIRT MENS POLO SUPREMACY BOLD 01011311",249,27,"GARMENTS AND FOOTWEAR"
SPN,119047,"GIORDANO T SHIRT WOMEN POLO NAPOLEON 05311210",229,1,"GARMENTS AND FOOTWEAR"
M05,119079,"HAPPYFLAKES COCOA BALLS 250G  12",31.99,7,SUPERMARKET
KAS,119079,"HAPPYFLAKES COCOA BALLS 250G  12",31.99,12,SUPERMARKET
M03,119079,"HAPPYFLAKES COCOA BALLS 250G  12",31.99,4,SUPERMARKET
SPN,119079,"HAPPYFLAKES COCOA BALLS 250G  12",31.99,133,SUPERMARKET
SPN,119081,"HAPPYFLAKES COCOA FLAKES 280G  12",31.99,38,SUPERMARKET
KAS,119081,"HAPPYFLAKES COCOA FLAKES 280G  12",31.99,12,SUPERMARKET
M04,119082,"HAPPYFLAKES CORNFLAKES SUGARFREE 270G  12",32.99,17,SUPERMARKET
SPN,119083,"HAPPYFLAKES RAISIN BRAN 240G  12",34.99,48,SUPERMARKET
KS7,119083,"HAPPYFLAKES RAISIN BRAN 240G  12",34.99,11,SUPERMARKET
ACH,119087,"LADIES BODY HUGGERS SXL RUPA 8051 20204",29,26,"GARMENTS AND FOOTWEAR"
M03,119107,"HAPPYFLAKES CHOCOLATE GRANOLA  375G 8",44.99,4,SUPERMARKET
MSS,119109,"HAPPYFLAKES FRUIT GRANOLA 375G 8",44.99,30,SUPERMARKET
ADB,119109,"HAPPYFLAKES FRUIT GRANOLA 375G 8",44.99,8,SUPERMARKET
MDN,119205,"PANDA TOY 35CM UTAS0011",159,7,"TOYS AND ENTERTAINMENT"
MDN,119213,"GIRRAFFE TOY 25CM SITTING UTAS0005",135,5,"TOYS AND ENTERTAINMENT"
MAS,119213,"GIRRAFFE TOY 25CM SITTING UTAS0005",135,5,"TOYS AND ENTERTAINMENT"
KS7,119224,"PLUNK GAME 3YRS B1447491",34.9,16,"TOYS AND ENTERTAINMENT"
FAR,119228,"LANTERN LARGE METAL TAPER STEELGLASS 120803",119,3,"HOME DECOR & TEXTILES"
ACH,119239,"HURRICANE MEDIUM DECOR CANE GLASSRATAN 1208125",139,3,"HOME DECOR & TEXTILES"
KS7,119239,"HURRICANE MEDIUM DECOR CANE GLASSRATAN 1208125",139,1,"HOME DECOR & TEXTILES"
FAR,119242,"TLIGHT HOLDER SILVER  BLUE AGATEALUMINUM 1208130",59,1,"HOME DECOR & TEXTILES"
KS7,119243,"TLIGHT HOLDER SILVER PINK AGATEALUMINUM 1208131",59,4,"HOME DECOR & TEXTILES"
LFS,119267,"DOMS PENCIL SET 12PCS FUSION XTRA SUPER DARK 7675",28.9,19,STATIONERY
ACH,119288,"DOMS PLASTIC CRAYON SET 28SHADES WTIN 7122",35.9,11,STATIONERY
MDN,119290,"DOMS ART STROKES 7514",49,6,STATIONERY
HAA,119307,"REXONA ROLL ON  BIORYTHM 50ML  6",25.99,4,SUPERMARKET
FAR,119309,"REXONA ROLL ON  COBALT 50ML  24",24.99,12,SUPERMARKET
ACH,119309,"REXONA ROLL ON  COBALT 50ML  24",24.99,29,SUPERMARKET
HAA,119311,"REXONA ROLL ON  SHOWER FRESH  50ML  6",22.99,8,SUPERMARKET
HAA,119313,"REXONA ROLL ON  SPORTS DEFENCE 50ML  6",25.99,9,SUPERMARKET
MDN,119315,"REXONA SPRAY  SPORTS COOL MEN 72H 200ML 6",42.99,11,SUPERMARKET
TMP,119316,"REXONA SPRAY  INVISIBLE ICE FRESH 200ML  6",42.99,1,SUPERMARKET
SPN,119316,"REXONA SPRAY  INVISIBLE ICE FRESH 200ML  6",42.99,1,SUPERMARKET
LFS,119317,"REXONA SPRAY  COBALT DRY 200ML  6",42.99,20,SUPERMARKET
ACH,119317,"REXONA SPRAY  COBALT DRY 200ML  6",42.99,39,SUPERMARKET
KCS,119317,"REXONA SPRAY  COBALT DRY 200ML  6",42.99,1,SUPERMARKET
MDN,119318,"REXONA SPRAY  ALOE VERA 200ML  6",42.99,1,SUPERMARKET
KCS,119318,"REXONA SPRAY  ALOE VERA 200ML  6",42.99,-1,SUPERMARKET
FAR,119320,"PANTENE SHAMPOO COLOURED HAIR REPAIR 400ML  24",57.99,3,SUPERMARKET
TMP,119322,"PANTENE CONDITIONER REPAIRS  PROTECT 400ML  6",104.99,7,SUPERMARKET
HAA,119322,"PANTENE CONDITIONER REPAIRS  PROTECT 400ML  6",104.99,9,SUPERMARKET
FAR,119322,"PANTENE CONDITIONER REPAIRS  PROTECT 400ML  6",104.99,7,SUPERMARKET
M05,119322,"PANTENE CONDITIONER REPAIRS  PROTECT 400ML  6",104.99,5,SUPERMARKET
SPN,119328,"PANTENE SHAMPOO COLOUR PROTECT 400ML  6",59.99,19,SUPERMARKET
MDN,119333,"KERRYGOLD BUTTER SALTED 200G  40",67.99,470,SUPERMARKET
MSS,119333,"KERRYGOLD BUTTER SALTED 200G  40",67.99,868,SUPERMARKET
M04,119333,"KERRYGOLD BUTTER SALTED 200G  40",67.99,15,SUPERMARKET
HAA,119334,"KERRYGOLD BUTTER UNSALTED  200G  40",67.99,50,SUPERMARKET
MSS,119334,"KERRYGOLD BUTTER UNSALTED  200G  40",67.99,451,SUPERMARKET
KCS,119334,"KERRYGOLD BUTTER UNSALTED  200G  40",67.99,35,SUPERMARKET
GBA,119334,"KERRYGOLD BUTTER UNSALTED  200G  40",67.99,23,SUPERMARKET
ACH,119336,"KERRYGOLD WHITE CHEDDAR 200G  12",59.99,9,SUPERMARKET
SPN,119479,"WESTINGHOUSE DISH RACK WCKM0084",319,8,"HOUSEWARE & KITCHENWARE"
HAA,119481,"WESTINGHOUSE TEASPOON SET 6PCS WCCL00076TS",99,20,"HOUSEWARE & KITCHENWARE"
ACH,119489,"WESTINGHOUSE THERMOS FLASK WCBL00210800BU",149,9,"HOUSEWARE & KITCHENWARE"
MSS,119489,"WESTINGHOUSE THERMOS FLASK WCBL00210800BU",149,15,"HOUSEWARE & KITCHENWARE"
LFS,119589,"KERRYGOLD CHEDDAR CHEESE WHITE SLICES 150G  10",45.99,44,SUPERMARKET
KCS,119590,"FARAGELLO GOLD MANGO NECTAR  BOTTLE 1L  6",33.99,12,SUPERMARKET
MAS,119591,"FARAGELLO GOLD GUAVA NECTAR GLASS BOTTLE 1L  6",33.99,6,SUPERMARKET
KCS,119591,"FARAGELLO GOLD GUAVA NECTAR GLASS BOTTLE 1L  6",33.99,8,SUPERMARKET
KS7,119592,"FARAGELLO GOLD COCKTAIL NECTAR GLASS BOTTLE 1L  6",33.99,15,SUPERMARKET
HAA,119593,"FARAGELLO GOLD  GUAVA NECTAR BOTTLE 250ML 24",11.99,31,SUPERMARKET
KCS,119593,"FARAGELLO GOLD  GUAVA NECTAR BOTTLE 250ML 24",11.99,35,SUPERMARKET
SPN,119593,"FARAGELLO GOLD  GUAVA NECTAR BOTTLE 250ML 24",11.99,23,SUPERMARKET
KAS,119593,"FARAGELLO GOLD  GUAVA NECTAR BOTTLE 250ML 24",11.99,10,SUPERMARKET
ADB,119593,"FARAGELLO GOLD  GUAVA NECTAR BOTTLE 250ML 24",11.99,19,SUPERMARKET
MDN,119594,"FARAGELLO GOLD MANGO NECTAR GLASS BOTTLE 250ML  24",11.99,34,SUPERMARKET
LFS,119594,"FARAGELLO GOLD MANGO NECTAR GLASS BOTTLE 250ML  24",11.99,75,SUPERMARKET
MAS,119594,"FARAGELLO GOLD MANGO NECTAR GLASS BOTTLE 250ML  24",11.99,28,SUPERMARKET
HAA,119594,"FARAGELLO GOLD MANGO NECTAR GLASS BOTTLE 250ML  24",11.99,29,SUPERMARKET
LFS,119595,"FARAGELLO GOLD COCKTAIL GLASS BOTTLE 250ML  24",11.99,174,SUPERMARKET
LFS,119606,"DELI  KERRYGOLD WHITE CHEDDAR BLOCK PER KG",239.99,-.16,SUPERMARKET
HAA,119611,"CUSHION 45X45 JEANS",99,1,"HOME DECOR & TEXTILES"
MDN,119613,"CUSHION 45X45 ASOS",179,4,"HOME DECOR & TEXTILES"
HAA,119613,"CUSHION 45X45 ASOS",179,7,"HOME DECOR & TEXTILES"
MDN,119622,"CUSHION 45X45 LUXURY",169,5,"HOME DECOR & TEXTILES"
LFS,119623,"CUSHION 45X45 DIAMOND",169,1,"HOME DECOR & TEXTILES"
MDN,119624,"CUSHION 45X45 GOLD",169,11,"HOME DECOR & TEXTILES"
ACH,119634,"BED N BATH BEDSHEET W2PILLOWCOVER WHITESATIN",99,3,"HOME DECOR & TEXTILES"
ACH,119647,"MUTLU SPIRALLI 400G  20",12.99,24,SUPERMARKET
KS7,119647,"MUTLU SPIRALLI 400G  20",12.99,20,SUPERMARKET
GBA,119647,"MUTLU SPIRALLI 400G  20",12.99,18,SUPERMARKET
ACH,119648,"MUTLU BIG ELBOW 400G  20",12.99,39,SUPERMARKET
KCS,119648,"MUTLU BIG ELBOW 400G  20",12.99,23,SUPERMARKET
MSS,119648,"MUTLU BIG ELBOW 400G  20",12.99,11,SUPERMARKET
ACH,119651,"MUTLU CAVATAPPI  MACARONI 400G  20",11.99,17,SUPERMARKET
MSS,119651,"MUTLU CAVATAPPI  MACARONI 400G  20",11.99,102,SUPERMARKET
MSS,119654,"KIVO PEPPER POWDER 400G  12",43.99,35,SUPERMARKET
KCS,119654,"KIVO PEPPER POWDER 400G  12",43.99,12,SUPERMARKET
FAR,119658,"KIVO GOOD TIME NON DAIRY CREAMER 250G  251",19.99,29,SUPERMARKET
SPN,119666,"KELLOGGS CORNFLAKES 45G  100",6.49,467,SUPERMARKET
FAR,119666,"KELLOGGS CORNFLAKES 45G  100",6.49,-1,SUPERMARKET
KS7,119698,"BAKERS PROVITA MULTIGRAIN CRISP BREAD 250G  12",59.99,4,SUPERMARKET
ACH,119729,"LAYS POTATO CHIPS CARIB ONIONBALS VINEGAR 23G  30",8.99,68,SUPERMARKET
TMP,119729,"LAYS POTATO CHIPS CARIB ONIONBALS VINEGAR 23G  30",8.99,35,SUPERMARKET
LFS,119756,"FANCY APPLE CIDER 330ML  24",22.49,24,SUPERMARKET
ADB,119793,"SABA MULTIPURPOSE LIQUID 400ML  12",14.49,19,SUPERMARKET
KAS,119793,"SABA MULTIPURPOSE LIQUID 400ML  12",14.49,3,SUPERMARKET
KS7,119794,"SABA MULTIPURPOSE LIQUID 750ML  12",23.99,2,SUPERMARKET
KCS,119794,"SABA MULTIPURPOSE LIQUID 750ML  12",23.99,1,SUPERMARKET
LFS,119794,"SABA MULTIPURPOSE LIQUID 750ML  12",23.99,59,SUPERMARKET
MDN,119794,"SABA MULTIPURPOSE LIQUID 750ML  12",23.99,164,SUPERMARKET
HAA,119815,"ACTIVITY FLASH CARD WPEN",55,5,STATIONERY
KS7,119822,"201 ACTIVITY BOOK",44.99,5,STATIONERY
HAA,119833,"WELCHS 100 MANGO PASSION FRUIT JUICE  473ML  12",44.99,1,SUPERMARKET
MSS,119847,"AMERICAN GOURMET CHOCLATE SYRUP 22OZ  12",68.99,16,SUPERMARKET
SPN,119847,"AMERICAN GOURMET CHOCLATE SYRUP 22OZ  12",68.99,13,SUPERMARKET
LFS,119848,"AMERICAN GOURMET STRAWBERRY SYRUP 22OZ  12",64.99,7,SUPERMARKET
ACH,119848,"AMERICAN GOURMET STRAWBERRY SYRUP 22OZ  12",64.99,16,SUPERMARKET
SPN,119848,"AMERICAN GOURMET STRAWBERRY SYRUP 22OZ  12",64.99,32,SUPERMARKET
M04,119848,"AMERICAN GOURMET STRAWBERRY SYRUP 22OZ  12",64.99,9,SUPERMARKET
TMP,119848,"AMERICAN GOURMET STRAWBERRY SYRUP 22OZ  12",64.99,11,SUPERMARKET
MDN,119849,"AMERICAN GOURMET PANCAKE SYRUP  24OZ   12",79.99,10,SUPERMARKET
HAA,119849,"AMERICAN GOURMET PANCAKE SYRUP  24OZ   12",79.99,8,SUPERMARKET
KCS,119849,"AMERICAN GOURMET PANCAKE SYRUP  24OZ   12",79.99,7,SUPERMARKET
KAS,119897,"CADBURY STOCKING SELECTION BOX 174G  10",134.99,3,SUPERMARKET
SPN,119909,"MARS CARAMEL MILK DRINK 350ML  8",44.99,26,SUPERMARKET
LFS,119923,"MARS MALTESERS MINI REINDEER PACK 59G  24",42.99,2,SUPERMARKET
SPN,119932,"MARS SNICKERS DRINK 350ML  8",44.99,16,SUPERMARKET
LFS,119939,"JACOBS MINI CHEDDARS ORIGINAL 200G  9",74.99,7,SUPERMARKET
SPN,119945,"NESTLE LITTLE ROLO POUCH 103G  8",39.99,33,SUPERMARKET
KAS,119945,"NESTLE LITTLE ROLO POUCH 103G  8",39.99,1,SUPERMARKET
ADB,119952,"SCHWEPPES INDIAN TONIC WATER 150ML  24",12.99,14,SUPERMARKET
TMP,119983,"POST RAISIN BRAN 25OZ  12",89.99,12,SUPERMARKET
M03,119983,"POST RAISIN BRAN 25OZ  12",89.99,3,SUPERMARKET
LFS,119989,"NERDS WATERMELON CHERRY 165OZ49G  36",22.99,72,SUPERMARKET
M04,119989,"NERDS WATERMELON CHERRY 165OZ49G  36",22.99,11,SUPERMARKET
MAS,119995,"SWEETARTS GIANT CHEWY 15OZ   36",19.99,346,SUPERMARKET
MSS,120008,"HUNTS FIRE ROAST DICED TOMATOES IN SAUCE 145OZ 12",38.99,15,SUPERMARKET
KAS,120008,"HUNTS FIRE ROAST DICED TOMATOES IN SAUCE 145OZ 12",38.99,13,SUPERMARKET
MAS,120013,"NERDS ROPE RAINBOW  26G 09OZ  24",19.99,283,SUPERMARKET
M04,120013,"NERDS ROPE RAINBOW  26G 09OZ  24",19.99,30,SUPERMARKET
SPN,120013,"NERDS ROPE RAINBOW  26G 09OZ  24",19.99,222,SUPERMARKET
KS7,120017,"SOLID COLOR CREW NECK TSHIRT UNISEX",59,4,"GARMENTS AND FOOTWEAR"
SPN,120017,"SOLID COLOR CREW NECK TSHIRT UNISEX",59,8,"GARMENTS AND FOOTWEAR"
LFS,120023,"SERVING BOWL MELAMINE 12 INCHES ZHN C60212",24.9,19,"HOUSEWARE & KITCHENWARE"
HAA,120024,"DINNER PLATE MELAMINE 8 INCHES ZHN  B5068",9.9,4,"HOUSEWARE & KITCHENWARE"
HAA,120037,"SERVING BOWL MELAMINE 9 INCHES ZHN C0699",24.9,44,"HOUSEWARE & KITCHENWARE"
HAA,120038,"SERVING BOWL MELAMINE 8 INCHES ZHN C0698",9.9,14,"HOUSEWARE & KITCHENWARE"
KS7,120038,"SERVING BOWL MELAMINE 8 INCHES ZHN C0698",9.9,4,"HOUSEWARE & KITCHENWARE"
SPN,120078,"CASA DE CAMPO BLOSSOM HONEY 500G 12",82.99,2,SUPERMARKET
LFS,120078,"CASA DE CAMPO BLOSSOM HONEY 500G 12",82.99,3,SUPERMARKET
LFS,120079,"CASA DE CAMPO CHICK PEAS 400G  12",16.99,25,SUPERMARKET
FAR,120079,"CASA DE CAMPO CHICK PEAS 400G  12",16.99,11,SUPERMARKET
SPN,120079,"CASA DE CAMPO CHICK PEAS 400G  12",16.99,78,SUPERMARKET
LFS,120084,"CASA DE CAMPO RED KIDNEY BEANS 400G  12",17.99,23,SUPERMARKET
KAS,120089,"HARIBO PICK N MIX FRIED EGGS 3KG X  4",249.99,6,SUPERMARKET
KAS,120091,"HARIBO PICK N MIX HEART THROBS 3KG  4",249.99,3,SUPERMARKET
SPN,120126,"LED WALL LIGHT PLAIN FLOWER SQUARE 3008",119,6,"HOME DECOR & TEXTILES"
KS7,120126,"LED WALL LIGHT PLAIN FLOWER SQUARE 3008",119,10,"HOME DECOR & TEXTILES"
TMP,120128,"LED WALL LIGHT PLAINBLACK 3003",129,1,"HOME DECOR & TEXTILES"
KS7,120135,"LED CEILING LIGHT ROUND 3COL 2718",229,2,"ELECTRICAL APPLIANCES"
TMP,120146,"LED CHANDELIER CRYSTALS G1801",599,2,"HOME DECOR & TEXTILES"
KS7,120146,"LED CHANDELIER CRYSTALS G1801",599,2,"HOME DECOR & TEXTILES"
LFS,120154,"LED DOWNLIGHT 5W COB",29.9,2,"ELECTRICAL APPLIANCES"
KS7,120164,"EVEREADY BATTERY AA RED BP4",11,3,"ELECTRICAL APPLIANCES"
HAA,120164,"EVEREADY BATTERY AA RED BP4",11,3,"ELECTRICAL APPLIANCES"
TMP,120165,"EVEREADY BATTERY AAA RED BP4",11,45,"ELECTRICAL APPLIANCES"
ADB,120166,"EVEREADY LED PLASTIC TORCH LIGHT C2D",35,15,"ELECTRICAL APPLIANCES"
TMP,120167,"EVEREADY LED PLASTIC TORCH LIGHT 2AA",26,10,"ELECTRICAL APPLIANCES"
FAR,120167,"EVEREADY LED PLASTIC TORCH LIGHT 2AA",26,12,"ELECTRICAL APPLIANCES"
SPN,120167,"EVEREADY LED PLASTIC TORCH LIGHT 2AA",26,11,"ELECTRICAL APPLIANCES"
MAS,120168,"ENERGIZER LED LANTERN GPLN451",179,3,"ELECTRICAL APPLIANCES"
HAA,120188,"VALEA VINURI CABERNET RED SEMI SWEET WINE  13 6",114.99,3,SUPERMARKET
M04,120188,"VALEA VINURI CABERNET RED SEMI SWEET WINE  13 6",114.99,2,SUPERMARKET
LFS,120210,"INFUSER BOTTLE 500ML PLASTIC 2681IF",24.9,8,"HOUSEWARE & KITCHENWARE"
MDN,120253,"MUSCADOR ROSE SWEET SPARKLING WINE 750ML 6",99.99,5,SUPERMARKET
LFS,120273,"MARILAN CLASSIC MILK BISCUITS 350G  24",19.99,17,SUPERMARKET
KS7,120273,"MARILAN CLASSIC MILK BISCUITS 350G  24",19.99,35,SUPERMARKET
MSS,120273,"MARILAN CLASSIC MILK BISCUITS 350G  24",19.99,23,SUPERMARKET
FAR,120302,"MARILAN CREAM CRACKERS 350G  27",20.49,37,SUPERMARKET
HAA,120302,"MARILAN CREAM CRACKERS 350G  27",20.49,26,SUPERMARKET
KS7,120302,"MARILAN CREAM CRACKERS 350G  27",20.49,34,SUPERMARKET
ADB,120304,"MARILAN TARLETTE CHOCOLATE BISCUITS 140G 36",10.49,34,SUPERMARKET
KS7,120315,"SONY SOUNDBAR HTS100F",1599,1,"ELECTRONICS & TELECOM"
FAR,120315,"SONY SOUNDBAR HTS100F",1599,1,"ELECTRONICS & TELECOM"
MSS,120331,"SNOWFLAKE BAKING AIDS CUSTARD POWDER 250G  12",24.99,6,SUPERMARKET
MSS,120374,"NASCO SPEAKER PORTABLE NSAUDHC02",375,2,"ELECTRONICS & TELECOM"
LFS,120383,"BELPAK MAX PAPER KITCHEN TOWEL 1 X6 ROLLS  6",42.49,15,SUPERMARKET
M04,120383,"BELPAK MAX PAPER KITCHEN TOWEL 1 X6 ROLLS  6",42.49,4,SUPERMARKET
MSS,120384,"BELPAK JUMBO  PAPER KITCHEN TOWEL 1 X6 ROLLS  12",21.99,114,SUPERMARKET
LFS,120385,"BELPAK TABLE NAPKIN 1X15 PKTS  15",7.29,13,SUPERMARKET
ACH,120415,"3TOL ANTISEPTIC LIQUID 250ML   24",17.99,10,SUPERMARKET
KCS,120415,"3TOL ANTISEPTIC LIQUID 250ML   24",17.99,23,SUPERMARKET
M04,120415,"3TOL ANTISEPTIC LIQUID 250ML   24",17.99,13,SUPERMARKET
KS7,120418,"DRESSING MIRROR ALUM 14540 D08",549,-1,"HOME DECOR & TEXTILES"
KS7,120421,"DRESSING MIRROR IRON 15037 B11",399,-1,"HOME DECOR & TEXTILES"
SPN,120430,"MAX GIRLS CAMISOLES 2PCS MYQ91741",69,1,"GARMENTS AND FOOTWEAR"
SPN,120437,"CANDLE SPRIAL MIX CLR 120900",5.9,79,"HOME DECOR & TEXTILES"
MSS,120454,"CELLO PET BOTTLE MOZZY 1000",14.9,11,"HOUSEWARE & KITCHENWARE"
HAA,120454,"CELLO PET BOTTLE MOZZY 1000",14.9,12,"HOUSEWARE & KITCHENWARE"
LFS,120460,"CELLO PET BOTLLE TAG 1000",19.9,6,"HOUSEWARE & KITCHENWARE"
TMP,120460,"CELLO PET BOTLLE TAG 1000",19.9,1,"HOUSEWARE & KITCHENWARE"
MDN,120517,"BRINOX QUICHE PAN 24CM BAKEWARE 1461106",9.9,2,"HOUSEWARE & KITCHENWARE"
MDN,120587,"TV STAND 65  RA2002 18MT",1949,1,FURNITURE
KS7,120599,"WARDROBE 10D NEW MURANO 83530132108",5490,1,FURNITURE
SPN,120601,"WARDROBE 6D FLASH IIWHTPINKWHT  62920120",2390,3,FURNITURE
ACH,120622,"TV UNIT W3 DRAWER HTI521HGF003",4479,2,FURNITURE
TMP,120671,"PEDIASURE STRAWBERRY DRINK 237ML 24",42.49,4,SUPERMARKET
MDN,120673,"ENSURE ORIGINAL MILK CHOCOLATE DRINK 237ML 24",45.99,1,SUPERMARKET
MSS,120675,"ENSURE  VANILLA DRINK 237ML 24",40.99,2,SUPERMARKET
M04,120675,"ENSURE  VANILLA DRINK 237ML 24",40.99,53,SUPERMARKET
ADB,120675,"ENSURE  VANILLA DRINK 237ML 24",40.99,9,SUPERMARKET
LFS,120677,"KIRKLAND SOYMILK VANILLA DRINK 946ML 12",55.99,14,SUPERMARKET
M03,120678,"WELCH JELLIES MIXED FRUIT 227G 90",4.99,1,SUPERMARKET
LFS,120688,"WESTINGHOUSE PANINI GRILL 2SLICE 700W WKCG053",329,5,"ELECTRICAL APPLIANCES"
LFS,120690,"WESTINGHOUSE ROBOT VACUUM CLEANER WFVCR290BK",2135,1,"ELECTRICAL APPLIANCES"
TMP,120702,"WESTINGHOUSE CURLING IRON 1 CERAMIC WH1124",235,3,"ELECTRICAL APPLIANCES"
TMP,120703,"WESTINGHOUSE PEDICALLUS REMOVER WH1123",135,2,"ELECTRICAL APPLIANCES"
ACH,120711,"TEA TREE CLEANSING WIPES TWIN PACK 25S  12",28.99,14,SUPERMARKET
KCS,120711,"TEA TREE CLEANSING WIPES TWIN PACK 25S  12",28.99,7,SUPERMARKET
M03,120711,"TEA TREE CLEANSING WIPES TWIN PACK 25S  12",28.99,13,SUPERMARKET
M04,120711,"TEA TREE CLEANSING WIPES TWIN PACK 25S  12",28.99,8,SUPERMARKET
M03,120739,"DELIKASS SMOKED HAM SLICE 160G 20",69.99,-2,SUPERMARKET
M04,120739,"DELIKASS SMOKED HAM SLICE 160G 20",69.99,26,SUPERMARKET
FAR,120743,"DELIKASS TURKEY SLICE  200G 20",72.99,11,SUPERMARKET
TMP,120743,"DELIKASS TURKEY SLICE  200G 20",72.99,19,SUPERMARKET
LFS,120808,"JAMAA DETERGENT 850G  10",23.99,11,SUPERMARKET
MDN,120808,"JAMAA DETERGENT 850G  10",23.99,4,SUPERMARKET
M04,120809,"JAMAA DETERGENT BUCKET 3KG    1",102.99,-1,SUPERMARKET
SPN,120846,"CUSSONS BABY WIPES MILD  GENTLE 80 SHEETS  24",23.99,17,SUPERMARKET
M04,120846,"CUSSONS BABY WIPES MILD  GENTLE 80 SHEETS  24",23.99,19,SUPERMARKET
GBA,120846,"CUSSONS BABY WIPES MILD  GENTLE 80 SHEETS  24",23.99,24,SUPERMARKET
ADB,120847,"CUSSONS BABY WIPES SOFT  SMOOTH 80 SHEETS  24",23.99,6,SUPERMARKET
TMP,120847,"CUSSONS BABY WIPES SOFT  SMOOTH 80 SHEETS  24",23.99,49,SUPERMARKET
M04,120847,"CUSSONS BABY WIPES SOFT  SMOOTH 80 SHEETS  24",23.99,16,SUPERMARKET
MDN,120852,"PERSIL POWDER DETERGENTS NONBIO 15KG  4",143.99,1,SUPERMARKET
HAA,120892,"NICHE CHOCOLATE DRINK 180ML 24",6.99,8,SUPERMARKET
MDN,120892,"NICHE CHOCOLATE DRINK 180ML 24",6.99,2,SUPERMARKET
MSS,120906,"LED WALL LIGHT 5W TRIANGLE WHITE",69,4,"HOME DECOR & TEXTILES"
M03,120917,"PEACOCK THAI RICE 5KG  5",209.99,16,SUPERMARKET
M04,120917,"PEACOCK THAI RICE 5KG  5",209.99,101,SUPERMARKET
M04,120951,"ARIZONA ASSORTED 591ML  24",25.99,1,SUPERMARKET
TMP,120957,"DINING SET 14 WGLASS TOP TABLE SILVIA 14",2490,1,FURNITURE
FAR,121016,"MIDEA WASHING MACHINE TT 7KG WHITE MT100W70WGH",2849,1,"ELECTRICAL APPLIANCES"
LFS,121024,"CHESS BOARD GAME 56410",109,1,"TOYS AND ENTERTAINMENT"
TMP,121034,"TANGRAM 4YRS 04421",59,1,"TOYS AND ENTERTAINMENT"
HAA,121034,"TANGRAM 4YRS 04421",59,3,"TOYS AND ENTERTAINMENT"
MAS,121034,"TANGRAM 4YRS 04421",59,5,"TOYS AND ENTERTAINMENT"
ACH,121039,"MEMORY CARD GAME  PROFESSIONS 3YRS 50954",38.9,3,"TOYS AND ENTERTAINMENT"
ACH,121042,"PLAYING WCAPITAL LETTERS 32PCS 3YRS 52698",38.9,1,"TOYS AND ENTERTAINMENT"
HAA,121042,"PLAYING WCAPITAL LETTERS 32PCS 3YRS 52698",38.9,2,"TOYS AND ENTERTAINMENT"
LFS,121043,"BLOCK PUZZLE SET HAPPY FARM 36PCS 2YRS 52732",65,2,"TOYS AND ENTERTAINMENT"
LFS,121062,"KIDS SWING PLANE 09345",899,1,"TOYS AND ENTERTAINMENT"
HAA,121151,"PICCADILLY POPCORN LIGHTLY SALTED 15G 20",1.29,47,SUPERMARKET
LFS,121175,"FRIBOI TENDERLOIN 45LB CHAIN OFF PER KG",369.99,15.5,SUPERMARKET
KAS,121181,"FRIBOI TOPSIDE UK 6KG UP CAP ON PER KG",149.99,9.87,SUPERMARKET
LFS,121182,"1953 SHORT RIB WINDOW65KGUP PER KG",179.99,8.24,SUPERMARKET
FAR,121190,"FRIBOI TENDERLOIN CHAIN ON 45 LB PER KG",319.99,3.815,SUPERMARKET
SPN,121197,"WARDROBE 6D 4DRW ALMONDOFF WHIT GUARUJA 64720140",4690,2,FURNITURE
KS7,121305,"DUSSE VSOP COGNAC 40 75CL 6",1249.99,4,SUPERMARKET
LFS,121309,"ONE  YOGO SUGAR FREE  YOGHURT 2L 1",114.99,3,SUPERMARKET
MAS,121309,"ONE  YOGO SUGAR FREE  YOGHURT 2L 1",114.99,2,SUPERMARKET
MSS,121309,"ONE  YOGO SUGAR FREE  YOGHURT 2L 1",114.99,-2,SUPERMARKET
LFS,121311,"VARTA BATTERY HIGH ENERGY AA BLISTER  8",100,16,"ELECTRICAL APPLIANCES"
ACH,121311,"VARTA BATTERY HIGH ENERGY AA BLISTER  8",100,2,"ELECTRICAL APPLIANCES"
HAA,121311,"VARTA BATTERY HIGH ENERGY AA BLISTER  8",100,48,"ELECTRICAL APPLIANCES"
HAA,121312,"VARTA BATTERY LONGLIFE POWER AA BLISTER 4",56,52,"ELECTRICAL APPLIANCES"
TMP,121313,"VARTA BATTERY LONGLIFE POWER AA BLISTER 2",36,38,"ELECTRICAL APPLIANCES"
SPN,121313,"VARTA BATTERY LONGLIFE POWER AA BLISTER 2",36,124,"ELECTRICAL APPLIANCES"
FAR,121313,"VARTA BATTERY LONGLIFE POWER AA BLISTER 2",36,56,"ELECTRICAL APPLIANCES"
MSS,121314,"VARTA BATTERY LONGLIFE POWER AAA BLISTER 4",56,4,"ELECTRICAL APPLIANCES"
ADB,121315,"VARTA BATTERY LONGLIFE POWER AAA BLISTER 2",36,24,"ELECTRICAL APPLIANCES"
HAA,121316,"VARTA BATTERY LONGLIFE POWER D BLISTER 2",104,4,"ELECTRICAL APPLIANCES"
SPN,121316,"VARTA BATTERY LONGLIFE POWER D BLISTER 2",104,3,"ELECTRICAL APPLIANCES"
SPN,121317,"VARTA BATTERY LONGLIFE POWER 9V BLISTER 1",75,14,"ELECTRICAL APPLIANCES"
LFS,12132,"SHINE BLACK GLOVES LARGE 100PCS  10",72.99,7,SUPERMARKET
MSS,12132,"SHINE BLACK GLOVES LARGE 100PCS  10",72.99,2,SUPERMARKET
KS7,12132,"SHINE BLACK GLOVES LARGE 100PCS  10",72.99,10,SUPERMARKET
M04,12132,"SHINE BLACK GLOVES LARGE 100PCS  10",72.99,1,SUPERMARKET
M05,12132,"SHINE BLACK GLOVES LARGE 100PCS  10",72.99,4,SUPERMARKET
ACH,121320,"VARTA BATTERY SUPERLIFE AAA BLISTER 4",42,2,"ELECTRICAL APPLIANCES"
LFS,121321,"VARTA  BATTERY AAAA BLISTER 2",42,1,"ELECTRICAL APPLIANCES"
TMP,121322,"VARTA BATTERY LITHIUM BLISTER 1 CR2032",30,22,"ELECTRICAL APPLIANCES"
KS7,121324,"VARTA BATTERY LITHIUM CR1632 BLISTER 1",42,3,"ELECTRICAL APPLIANCES"
ACH,121332,"VARTA BATTERY LITHIUM CR1620 BLISTER 1",41,16,"ELECTRICAL APPLIANCES"
MAS,121336,"VARTA BATTERY LITHIUM CR2 BLISTER 1",77,8,"ELECTRICAL APPLIANCES"
MSS,121348,"KIDS MOTO RIDE ON WMUSICMP3USB JFM71",2090,2,"TOYS AND ENTERTAINMENT"
LFS,121351,"KIDS CAR RIDEON WBLUETOOTHUSBMP3 JFC83",2199,1,"TOYS AND ENTERTAINMENT"
TMP,12139,"ROMAR WASHING GEL WHITE CLOTH 15L 9",72.99,14,SUPERMARKET
FAR,12139,"ROMAR WASHING GEL WHITE CLOTH 15L 9",72.99,10,SUPERMARKET
KS7,12139,"ROMAR WASHING GEL WHITE CLOTH 15L 9",72.99,8,SUPERMARKET
M05,12141,"ROMAR WASHING GEL COLOUR CLOTH 15L 9",64.99,7,SUPERMARKET
ADB,121430,"BISTRO BELGIQUE FRENCH FRIES STRAIGHT 9X9 25KG 4",114.99,9,SUPERMARKET
ACH,121430,"BISTRO BELGIQUE FRENCH FRIES STRAIGHT 9X9 25KG 4",114.99,16,SUPERMARKET
FAR,121430,"BISTRO BELGIQUE FRENCH FRIES STRAIGHT 9X9 25KG 4",114.99,50,SUPERMARKET
M03,121430,"BISTRO BELGIQUE FRENCH FRIES STRAIGHT 9X9 25KG 4",114.99,12,SUPERMARKET
MSS,121453,"LED CHRISTMAS LIGHT STAR DESIGN 63662",169,19,"HOME DECOR & TEXTILES"
M05,121456,"OBA SUNFLOWER OIL 900 ML  12",47.99,24,SUPERMARKET
M03,121456,"OBA SUNFLOWER OIL 900 ML  12",47.99,12,SUPERMARKET
ADB,121458,"PLATINUM SUNFLOWER OIL 900ML  12",47.99,9,SUPERMARKET
HAA,121458,"PLATINUM SUNFLOWER OIL 900ML  12",47.99,95,SUPERMARKET
LFS,121458,"PLATINUM SUNFLOWER OIL 900ML  12",47.99,95,SUPERMARKET
MSS,121561,"MUSHROOMS WHITE BUTTONS PUNNET 250G",71.99,-2,SUPERMARKET
KAS,121561,"MUSHROOMS WHITE BUTTONS PUNNET 250G",71.99,-1,SUPERMARKET
M03,121562,"ASPARAGUS 200G  10",169.99,2,SUPERMARKET
M04,121594,"THE ORIGINAL GOLD BAR BLENDED WHISKY 750ML 6",1399.99,3,SUPERMARKET
ACH,121605,"FRY PAN 24CM FALU ZHNBLY 105024",109,1,"HOUSEWARE & KITCHENWARE"
MSS,121623,"PICK  MIX CANDIES KG",249.99,115.93,SUPERMARKET
KCS,121623,"PICK  MIX CANDIES KG",249.99,63.37,SUPERMARKET
M03,121623,"PICK  MIX CANDIES KG",249.99,60.565,SUPERMARKET
TMP,121623,"PICK  MIX CANDIES KG",249.99,196.66,SUPERMARKET
MAS,121627,"BLUE DIAMOND ALMOND BREEZE VANILLA UNSWEETE 1L 6",85.99,1,SUPERMARKET
KAS,121631,"BAYARA SOUK DATES KHALAS 1KGX10",84.99,2.895,SUPERMARKET
ACH,121632,"BAYARA SOUK APRICOT DRIED JUMBO 1KG",499.99,11.71,SUPERMARKET
KAS,121637,"BAYARA SOUK COCONUT POWDER 1KG",174.99,.285,SUPERMARKET
M05,121639,"BAYARA SOUK CRANBERRIES DRIED 1KG",249.99,-.045,SUPERMARKET
M05,121641,"BAYARA SOUK FIGS DRIED JUMBO 10KG",449.99,9.91,SUPERMARKET
ACH,121643,"BAYARA SOUK PRUNES DRIED 1KG",199.99,.685,SUPERMARKET
FAR,121643,"BAYARA SOUK PRUNES DRIED 1KG",199.99,1.322,SUPERMARKET
MSS,121644,"BAYARA SOUK RAISINS BROWN MEDIUM 1KG",149.99,1.835,SUPERMARKET
M03,121644,"BAYARA SOUK RAISINS BROWN MEDIUM 1KG",149.99,2.35,SUPERMARKET
LFS,121646,"BAYARA SOUK KIWI SLICES 1KG",279.99,1.665,SUPERMARKET
M05,121647,"BAYARA SOUK MANGO SLICED 1KG",224.99,3.025,SUPERMARKET
FAR,121647,"BAYARA SOUK MANGO SLICED 1KG",224.99,2.09,SUPERMARKET
SPN,121647,"BAYARA SOUK MANGO SLICED 1KG",224.99,6.468,SUPERMARKET
M04,121647,"BAYARA SOUK MANGO SLICED 1KG",224.99,2.045,SUPERMARKET
LFS,121648,"BAYARA SOUK PAPAYA CUBES 1KG",179.99,5.635,SUPERMARKET
MSS,121648,"BAYARA SOUK PAPAYA CUBES 1KG",179.99,2.781,SUPERMARKET
KAS,121650,"BAYARA SOUK PINEAPPLE RINGS 1KG",399.99,3.3,SUPERMARKET
M05,121651,"BLUE DIAMOND ALMOND BREEZE BARISTA BLEND 1L 6",85.99,1,SUPERMARKET
MAS,121651,"BLUE DIAMOND ALMOND BREEZE BARISTA BLEND 1L 6",85.99,7,SUPERMARKET
KCS,121651,"BLUE DIAMOND ALMOND BREEZE BARISTA BLEND 1L 6",85.99,11,SUPERMARKET
KAS,121653,"BAYARA SOUK EXOTIC COCKTAIL MIX 2KG",204.99,2.19,SUPERMARKET
SPN,121653,"BAYARA SOUK EXOTIC COCKTAIL MIX 2KG",204.99,12.995,SUPERMARKET
M04,121653,"BAYARA SOUK EXOTIC COCKTAIL MIX 2KG",204.99,7.41,SUPERMARKET
KCS,121654,"BAYARA SOUK DRIED MIXED FRUITSNUTS 2KG",349.99,2.165,SUPERMARKET
M04,121654,"BAYARA SOUK DRIED MIXED FRUITSNUTS 2KG",349.99,1.31,SUPERMARKET
LFS,121655,"BAYARA SOUK TRAIL MIX 2KG",299.99,2.371,SUPERMARKET
FAR,121655,"BAYARA SOUK TRAIL MIX 2KG",299.99,5.526,SUPERMARKET
LFS,121657,"BAYARA SOUK ALMONDS BLANCHED JUMBO 1KG",429.99,.001,SUPERMARKET
M03,121657,"BAYARA SOUK ALMONDS BLANCHED JUMBO 1KG",429.99,2.69,SUPERMARKET
SPN,121658,"ENTERTAINMENT UNIT NOGAL TRENDOFF WHITE NT1025",1449,1,FURNITURE
MSS,121658,"ENTERTAINMENT UNIT NOGAL TRENDOFF WHITE NT1025",1449,1,FURNITURE
SPN,121660,"BAYARA SOUK ALMONDS MEDIUM 5KG",369.99,30.014,SUPERMARKET
SPN,121663,"BAYARA SOUK BRAZIL NUTS PREMIUM 2KG  10",999.99,12.057,SUPERMARKET
KAS,121665,"BAYARA SOUK CASHEWS MEDIUM 1KG",459.99,2.065,SUPERMARKET
LFS,121665,"BAYARA SOUK CASHEWS MEDIUM 1KG",459.99,21.975,SUPERMARKET
ACH,121665,"BAYARA SOUK CASHEWS MEDIUM 1KG",459.99,29.79,SUPERMARKET
MDN,121667,"OFFICE DESK NOGAL TREND 51015",1049,1,FURNITURE
LFS,121671,"BAYARA SOUK MACADAMIA NUTS 1KG",899.99,5.28,SUPERMARKET
SPN,121671,"BAYARA SOUK MACADAMIA NUTS 1KG",899.99,3.678,SUPERMARKET
M03,121671,"BAYARA SOUK MACADAMIA NUTS 1KG",899.99,2.68,SUPERMARKET
KAS,121671,"BAYARA SOUK MACADAMIA NUTS 1KG",899.99,2.675,SUPERMARKET
MSS,121673,"BAYARA SOUK PECAN NUTS PREMIUM 1KG",659.99,-1.345,SUPERMARKET
MSS,121678,"BAYARA SOUK WALNUT JUMBO 3KG",479.99,.461,SUPERMARKET
M05,121682,"BAYARA SOUK RED KIDNEY BEANS 5KG",99.99,6.945,SUPERMARKET
M03,121685,"BAYARA SOUK CHANA DAL 5KG",59.99,10.765,SUPERMARKET
M04,121685,"BAYARA SOUK CHANA DAL 5KG",59.99,6.685,SUPERMARKET
MSS,121690,"BAYARA SOUK OATS 1KG",64.99,-.29,SUPERMARKET
KCS,121690,"BAYARA SOUK OATS 1KG",64.99,2.945,SUPERMARKET
SPN,121690,"BAYARA SOUK OATS 1KG",64.99,-1.02,SUPERMARKET
FAR,121692,"BAYARA SOUK TOOR DAL 5KG",84.99,5.952,SUPERMARKET
FAR,121693,"BAYARA SOUK GREEN MOONG WHOLE 5KG",74.99,.859,SUPERMARKET
M03,121694,"BAYARA SOUK MOONG SPLIT 5KG",79.99,-.355,SUPERMARKET
M05,121695,"BAYARA SOUK YELLOW MOONG DAL 5KG",74.99,3.785,SUPERMARKET
FAR,121695,"BAYARA SOUK YELLOW MOONG DAL 5KG",74.99,5,SUPERMARKET
SPN,121695,"BAYARA SOUK YELLOW MOONG DAL 5KG",74.99,14.356,SUPERMARKET
LFS,121696,"BAYARA SOUK POPCORN 5KG",49.99,2.333,SUPERMARKET
M04,121696,"BAYARA SOUK POPCORN 5KG",49.99,1.725,SUPERMARKET
LFS,121698,"BAYARA SOUK CHIA SEEDS 1KG",144.99,10.084,SUPERMARKET
KAS,121699,"BAYARA SOUK FLAXSEED 1KG  10",59.99,1.945,SUPERMARKET
M03,121699,"BAYARA SOUK FLAXSEED 1KG  10",59.99,-2.31,SUPERMARKET
KAS,121701,"BAYARA SOUK ALMONDS BBQ JUMBO 2KG",369.99,2.33,SUPERMARKET
ACH,121702,"BAYARA SOUK JUMBO SALTED ALMONDS 2KG",399.99,4.755,SUPERMARKET
KAS,121703,"BAYARA SOUK CASHEW CHEESE JUMBO 2KG 2",469.99,-.17,SUPERMARKET
MSS,121703,"BAYARA SOUK CASHEW CHEESE JUMBO 2KG 2",469.99,5.49,SUPERMARKET
KCS,121704,"BAYARA SOUK CASHEWS CHILLI JUMBO 2KG",469.99,1.92,SUPERMARKET
KAS,121705,"BAYARA SOUK CASHEWS SALTED MEDIUM 2KG",449.99,1.355,SUPERMARKET
ACH,121705,"BAYARA SOUK CASHEWS SALTED MEDIUM 2KG",449.99,4.575,SUPERMARKET
FAR,121705,"BAYARA SOUK CASHEWS SALTED MEDIUM 2KG",449.99,1.908,SUPERMARKET
SPN,121705,"BAYARA SOUK CASHEWS SALTED MEDIUM 2KG",449.99,3.558,SUPERMARKET
ACH,121708,"BAYARA SOUK CORN CHILLI PREMIUM 2KG",264.99,3.955,SUPERMARKET
M04,121708,"BAYARA SOUK CORN CHILLI PREMIUM 2KG",264.99,1.36,SUPERMARKET
M03,121708,"BAYARA SOUK CORN CHILLI PREMIUM 2KG",264.99,1.275,SUPERMARKET
M05,121710,"BAYARA SOUK PISTACHIOS SALTED JUMBO 5KG",524.99,3.865,SUPERMARKET
KCS,121711,"BAYARA SOUK SUNFLOWER SEEDS SALTED 2KG",109.99,2.215,SUPERMARKET
LFS,121715,"BAYARA SOUK CHILLI POWDER KASHMIRI 5KG",149.99,-.55,SUPERMARKET
M04,121715,"BAYARA SOUK CHILLI POWDER KASHMIRI 5KG",149.99,4.885,SUPERMARKET
ACH,121720,"BAYARA SOUK CORIANDER WHOLE 5KG",99.99,5,SUPERMARKET
FAR,121721,"BAYARA SOUK CUMIN POWDER 5KG",179.99,1.546,SUPERMARKET
SPN,121723,"BAYARA SOUK GARLIC POWDER 125KG",109.99,3.389,SUPERMARKET
LFS,121723,"BAYARA SOUK GARLIC POWDER 125KG",109.99,10.715,SUPERMARKET
SPN,121725,"BAYARA SOUK PAPRIKA POWDER 5KG",119.99,3.18,SUPERMARKET
FAR,121725,"BAYARA SOUK PAPRIKA POWDER 5KG",119.99,2.048,SUPERMARKET
KAS,121729,"BAYARA SOUK BIRYANI MASALA POWDER 5KG",219.99,.15,SUPERMARKET
SPN,121731,"BAYARA SOUK CURRY POWDER 5KG",114.99,12.478,SUPERMARKET
M05,121733,"BAYARA SOUK MADRAS CURRY POWDER 5KG",89.99,5.085,SUPERMARKET
ACH,121733,"BAYARA SOUK MADRAS CURRY POWDER 5KG",89.99,6.788,SUPERMARKET
M05,121736,"BAYARA SOUK SESAME SEEDS 5KG",109.99,1.449,SUPERMARKET
M05,121737,"BAYARA SOUK TURMERIC POWDER 5KG",109.99,1.625,SUPERMARKET
KAS,121737,"BAYARA SOUK TURMERIC POWDER 5KG",109.99,3.265,SUPERMARKET
M03,121737,"BAYARA SOUK TURMERIC POWDER 5KG",109.99,.42,SUPERMARKET
M03,121738,"ENCONA HOT PEPPER SAUCE ORIGINAL 142ML  6",34.99,4,SUPERMARKET
LFS,121825,"CLOTHES PEG SET 12PCS RAPID",9.9,4,"HOUSEWARE & KITCHENWARE"
LFS,121826,"CLOTHES PEG SET 12PCS MEGA",12.9,32,"HOUSEWARE & KITCHENWARE"
KS7,121826,"CLOTHES PEG SET 12PCS MEGA",12.9,16,"HOUSEWARE & KITCHENWARE"
LFS,121829,"BED KINGSIZE MELAMINE ULK22NR6099018X2M",3899,1,FURNITURE
M04,121895,"TONITTO ICE CREAM CONE 1 BOX 24 PCS",5.99,31,SUPERMARKET
SPN,121895,"TONITTO ICE CREAM CONE 1 BOX 24 PCS",5.99,-1095,SUPERMARKET
M03,121931,"DELIWOODYS LUNCH LOAF 750G 1",110.99,-.64,SUPERMARKET
LFS,121934,"2PCS PILLOW COVER PR 50X75CM ASRTD",34.9,3,"HOME DECOR & TEXTILES"
MDN,121936,"3PCS BEDSHEET SET SL QN 150X20030CM ASRTD",139,18,"HOME DECOR & TEXTILES"
HAA,121936,"3PCS BEDSHEET SET SL QN 150X20030CM ASRTD",139,21,"HOME DECOR & TEXTILES"
MSS,121936,"3PCS BEDSHEET SET SL QN 150X20030CM ASRTD",139,6,"HOME DECOR & TEXTILES"
FAR,121937,"3PCS BEDSHEET SET SL KG 180X20030CM ASRTD",159,11,"HOME DECOR & TEXTILES"
