SHOP_CODE,ITEM_CODE,ITEM_NAME,PRICE,AUDIT_QTY,DEPT,GROUP,SUB-GROUP
MKL,02865,"VOLTPLUS UNIVERSAL ADAPTOR W/ BS PLUG VP-UAG134",79,0,"ELECTRICAL APPLIANCES",ELECTRICALS,"ELE ACCESSORIES"
MKL,06969,"KASAPREKO TONIC WINE 750ML 12",29.99,0,SUPERMARKET,"BEVERAGES ALCOHOLIC",WINES
MKL,100984,"CURTAIN POLYESTER 52X84"" W/HANGER DR-TH157-2",159,0,"HOME DECOR & TEXTILES",CURTAINS,"GROMMET CURTAINS"
MKL,120620,"COMFORTER QUEEN SOLID MICROPEACH 4PC 03C0361Q",449,0,"HOME DECOR & TEXTILES","BLANKETS QUILTS COMFORTERS AND BEDCOVERS",COMFORTERS
MKL,128776,"TEXTLIGHTER 12YRS+ LUXOR 2PCS 4011/2BC",13.9,0,STATIONERY,"GENERAL STATIONERY","   WRITING SUPPLIES"
MKL,131134,"DUSTPAN SANTA MARIA 26X6X32CM 001.0965",4.9,0,"HOUSEWARE & KITCHENWARE","HOME HYGIENE","BROOM BRUSHES DUSTPANS"
MKL,133384,"PARLE MALTY BISCUITS 45GG 48",2.29,0,SUPERMARKET,"FOOD CUPBOARD",BISCUITS
MKL,15211,"MILO SOFT PACK 400G 12",49.99,0,SUPERMARKET,BEVERAGES,"COCOA POWDER"
MKL,159741,"MUNCHEE MSC CHOCO MILK BISCUITS 35G  72",1.99,0,SUPERMARKET,"FOOD CUPBOARD",BISCUITS
MKL,191975,"DINNER SPOON 42G1155 ZHN",24.9,0,"HOUSEWARE & KITCHENWARE","CUTLERY ITEMS","SPOONS FORKS KNIFE AND CUTLERY SET"
MKL,193041,"PEELER 6PCS SET ZHN KB618",12.9,0,"HOUSEWARE & KITCHENWARE","KNIFE AND CHOPPING BOARD","VEG AND FRUIT PEELERS"
MKL,40290,"SHINE KITCHEN TOWEL ( 2PCS) 6",28.99,0,SUPERMARKET,"HOME AND PERSONAL CARE",DISPOSABLE
MKL,51352,"PHILIPS BLENDER W/MILL 1.5L 400W HR2102",719,0,"ELECTRICAL APPLIANCES","FOOD PROCESSOR/BLENDER",BLENDERS
MKL,59830,"PALMOLIVE SHOWER GEL GMT SPA STRAWBERRY 500ML 12",76.99,0,SUPERMARKET,"HOME AND PERSONAL CARE","PERSONAL WASH"
MKL,71134,"MILO ALL IN ONE NUTRIMIX 800GM 12",103.99,0,SUPERMARKET,BEVERAGES,"DRINKING POWDERS"
MKL,87231,"BANANA MICROWAVE OVEN 20L BLACK BMW7201M",879,0,"ELECTRICAL APPLIANCES",MICROWAVE,"SOLO MICROWAVE"
MKL,97248,"SAIRO SHOWER GEL INTENSE 600ML  12",26.99,0,SUPERMARKET,"HOME AND PERSONAL CARE","PERSONAL WASH"
MKL,CL768,"CRISPER CONTAINER RND 700ML 12CMX10CM",3.9,0,"HOUSEWARE & KITCHENWARE","STORAGE AND ORGANIZER","STORAGE CONTAINERS"
MKL,D641,"PURE HEAVEN PINEAPPLE+COCONUT JUICE 1L 8",35.99,0,SUPERMARKET,BEVERAGES,JUICE
MKL,X585,"CAN FANTA ORANGE 330ML 24",9.49,0,SUPERMARKET,BEVERAGES,DRINKS
MKL,X736,"HEINZ BAKED BEANS 415G 24",24.99,0,SUPERMARKET,"FOOD CUPBOARD","CANNED FOOD"
MKL,X833,"DOVE AP ROLL-ON ORIGINAL 48HRS  50ML 6",25.99,0,SUPERMARKET,"HOME AND PERSONAL CARE",FRAGRANCES
MKL,102313,"BRAGG APPLES CIDER VINEGAR 946ML  12",245.99,0,SUPERMARKET,"FOOD CUPBOARD",CONDIMENTS
MKL,102952,"FRES LIQUID SOAP FRUITS  350ML  24",17.99,0,SUPERMARKET,"HOME AND PERSONAL CARE","PERSONAL WASH"
MKL,103067,"FOREVER YOUNG SHOWER GEL 800ML  12",47.99,0,SUPERMARKET,"HOME AND PERSONAL CARE","PERSONAL WASH"
MKL,107819,"DANO COOL COW FILLED MILK POWDER 12G (10X 26)",18.49,0,SUPERMARKET,"FOOD CUPBOARD","MILK AND CREAMERS"
MKL,115426,"MRS BECTORS GOLDEN BYTES CASHEW COOKIES 76G 48",7.99,0,SUPERMARKET,"FOOD CUPBOARD",BISCUITS
MKL,117206,"DOMS WAX CRAYONS SET 16PCS EXTRA LONG 3449",13.9,0,STATIONERY,"SCHOOL AND CHILDREN STATIONERY","ART AND HOBBY SETS"
MKL,124755,"EASY TO READ MORAL STORIES 12TITLES 16PAGES 47YRS",7.9,0,STATIONERY,"CHILDREN BOOKS AND GEN REF","BOOKS AND LEARNINGS"
MKL,126216,"AIRPRO MINI CLIP A/FRSHENER CRISP LINEN 2.5ML  6",20.49,0,SUPERMARKET,"HOME AND PERSONAL CARE",FRESHENERS
MKL,135389,"AKAI MICROWAVE OVEN 20L MW075A-020MS",999,0,"ELECTRICAL APPLIANCES",MICROWAVE,"SOLO MICROWAVE"
MKL,149451,"LAV TUMBLER 3PCS SET LVVLR354A",39.9,0,"HOUSEWARE & KITCHENWARE",GLASSWARE,"GLASS / TUMBLER /WINE / CHAMPAGNE"
MKL,149726,"SKIMMER BLACK ILC ICC777KA0128 RJK",24.9,0,"HOUSEWARE & KITCHENWARE","KITCHEN TOOLS AND CULTARY","COOKING TOOL LADLES AND SERVERS"
MKL,186110,"LACTASOY PLAIN SOYMILK 200ML 24",9.99,0,SUPERMARKET,"FOOD CUPBOARD","MILK AND CREAMERS"
MKL,189568,"KIVO 4 IN 1 GARI SOAKING MIX COCONUT 120G  40",4.99,0,SUPERMARKET,"FOOD CUPBOARD",FLOURS
MKL,190115,"MANICURE KIT 12",49.9,0,"HOME DECOR & TEXTILES","HOME IMPROVEMENT","BATH ACCESSORIES"
MKL,24026,"VASELINE PJ BLUE SEAL ORIGINAL 100ML 12",24.99,0,SUPERMARKET,"HOME AND PERSONAL CARE","SKIN CARE"
MKL,32104,"EVERPACK CLING FILM 100SQ FT  24",23.99,0,SUPERMARKET,"HOME AND PERSONAL CARE",DISPOSABLE
MKL,51588,"TZEPAO SANPIEN JIU LIQUOR 500ML 24",85.99,0,SUPERMARKET,"BEVERAGES ALCOHOLIC",LIQUER
MKL,57039,"GREENWORLD MOSQUITO COIL NON-SMOKE   60",11.99,0,SUPERMARKET,"HOME AND PERSONAL CARE","INSECTICIDES AND RODENT CONTROL"
MKL,61769,"ONGA CHICKEN TABLET 11GMS X 64PCS X  24 PACK",42.99,0,SUPERMARKET,"FOOD CUPBOARD",CONDIMENTS
MKL,64101,"DOLAIT BANANA DRINKING YOGHURT 200ML 10",9.99,0,SUPERMARKET,"FRESH DAIRY AND EGGS",Yoghurt
MKL,75249,"TUMBLER ZOMBIE 330ML DXB L4700N7793",6.9,0,"HOUSEWARE & KITCHENWARE",GLASSWARE,"GLASS / TUMBLER /WINE / CHAMPAGNE"
MKL,90565,"LELE TUNA FLAKES IN SOYA BEAN OIL 160G  24",18.99,0,SUPERMARKET,"FOOD CUPBOARD","CANNED FOOD"
MKL,98607,"PARLE CHOCO RINGS  BISCUITS 52G  48",2.29,0,SUPERMARKET,"FOOD CUPBOARD",BISCUITS
MKL,X438,"NESTLE CERELAC WHEAT TIN 400G 12",48.99,0,SUPERMARKET,"FOOD CUPBOARD","BREAKFAST CEREALS"
MKL,109569,"GIFT SET W/PLATE+BOWL+SPOON+FORK+TRAY P-510",12.9,0,"HOUSEWARE & KITCHENWARE",SERVEWARE,"SERVING SET"
MKL,114229,"BLING ANTISEPTIC PLUS 500ML  24",25.49,0,SUPERMARKET,"HOME AND PERSONAL CARE","HEALTH AND WELLNESS"
MKL,128146,"AKAI MICROWAVE OVEN 30L GRILL MW074A-030MS",1999,0,"ELECTRICAL APPLIANCES",MICROWAVE,"GRILL MICROWAVE"
MKL,130918,"COLGATE TOOTHBRUSH DOUBLE ACTION CHARCOAL VP  72",15.99,0,SUPERMARKET,"HOME AND PERSONAL CARE","ORAL CARE"
MKL,13865,"ALWAYS NORMALVALUE PACK ULTRA THIN LONG 16PADS  8",44.99,0,SUPERMARKET,"HOME AND PERSONAL CARE","FEMININE CARE"
MKL,14828,"DEVA SOFTENER  SENSITIVE 2L  6",82.99,0,SUPERMARKET,"HOME AND PERSONAL CARE","LAUNDRY CARE"
MKL,155211,"MSTA SHARPENER NO.7 (X07-3)(1X48) 134099",5.9,0,STATIONERY,"OFFICE STATIONERY","OFFICE BASIC AND STATIONERY"
MKL,159740,"MUNCHEE MSC CHOCO MILK BISCUITS 45G  48",3.29,0,SUPERMARKET,"FOOD CUPBOARD",BISCUITS
MKL,159772,"MUNCHEE CHOCOLATE CHIP COOKIES BISCUITS 100G  48",8.99,0,SUPERMARKET,"FOOD CUPBOARD",BISCUITS
MKL,168565,"MCBERRY MAXI CHOCO COOKIE BAR 17G  72",1.29,0,SUPERMARKET,"FOOD CUPBOARD",BISCUITS
MKL,183593,"CERAMIC COUPE DINNER PLATE 105 25FDL001 RJK",22.9,0,"HOUSEWARE & KITCHENWARE",DINNERWARE,PLATE
MKL,191979,"DINNER SPOON 45G0325 ZHN",24.9,0,"HOUSEWARE & KITCHENWARE","CUTLERY ITEMS","SPOONS FORKS KNIFE AND CUTLERY SET"
MKL,199226,"KISS CIDER  PEACH VANILLA 500ML 24",23.99,0,SUPERMARKET,"BEVERAGES ALCOHOLIC",CIDER
MKL,53984,"8"" MATTRESS 180X200CM HD K/S LAT",2699,0,FURNITURE,MATTRESS,"King Size"
MKL,59332,"DEVA LIQUID HAND SOAP CITRUS  5L  4",114.99,0,SUPERMARKET,"HOME AND PERSONAL CARE","PERSONAL WASH"
MKL,76415,"VOLTPLUS AVS TV GUARD 5A AVS5A-B/VP-TG-AVS5T",165,0,"ELECTRICAL APPLIANCES",ELECTRICALS,AVR/AVS
MKL,82391,"BINATONE AVR 5KVA DVS-5000",2369,0,"ELECTRICAL APPLIANCES",ELECTRICALS,AVR/AVS
MKL,94430,"LELE KETCHUP 340G   24",13.99,0,SUPERMARKET,"FOOD CUPBOARD","SPREADS AND TOPPING"
MKL,CL726,"LAUNDRY BASKET 27LTR 42CMX51CM",49.9,0,"HOUSEWARE & KITCHENWARE",LAUNDARY,"LAUNDARY BASKET"
MKL,N770,"FANTA ORANGE  1.5 L PET  6",23.99,0,SUPERMARKET,BEVERAGES,DRINKS
MKL,X432,"CARNATION TEA CREAMER 150G 48",9.99,0,SUPERMARKET,"FOOD CUPBOARD","MILK AND CREAMERS"
MKL,X471,"NESTLE CERELAC 3FRUITS TIN 400G 12",53.99,0,SUPERMARKET,"FOOD CUPBOARD","BABY FOOD"
MKL,08833,"FAULTLESS SPRAY STARCH MT.LAVENDER 567G 12",59.99,0,SUPERMARKET,"HOME AND PERSONAL CARE","LAUNDRY CARE"
MKL,102276,"PEPSODENT TOOTHPASTE CHARCOAL WHITE  130G  72",24.49,0,SUPERMARKET,"HOME AND PERSONAL CARE","ORAL CARE"
MKL,10759,"KELLOGGS FROSTIES 414G  10",69.99,0,SUPERMARKET,"FOOD CUPBOARD","BREAKFAST CEREALS"
MKL,127895,"MCBERRY TWIST VANNILLA  CUPCAKE 15G  72",1.19,0,SUPERMARKET,"FOOD CUPBOARD",SNACKS
MKL,138349,"PRESIDENT  WHOLE CREAM UHT MILK 3.5% 1L  6",40.99,0,SUPERMARKET,"FOOD CUPBOARD","MILK AND CREAMERS"
MKL,139682,"MCBERRY ALPHA CRACKER BISCUIT 47G  48",2.49,0,SUPERMARKET,"FOOD CUPBOARD",BISCUITS
MKL,145810,"BELPAK COMFORT T- ROLL 10 ROLLS     6",38.99,0,SUPERMARKET,"HOME AND PERSONAL CARE",DISPOSABLE
MKL,159710,"MUNCHEE MILK SHORT CAKE BISCUITS 45G  48",3.29,0,SUPERMARKET,"FOOD CUPBOARD",BISCUITS
MKL,162015,"DOOR MAT COIR PVC 15MM ASSORTED 45X75CM",85,0,"HOME DECOR & TEXTILES","FLOOR MATS","DOOR MAT"
MKL,166263,"LAV TUMBLER 3PCS SET LV-ART256 AY104PFI3M0121A",49.9,0,"HOUSEWARE & KITCHENWARE",GLASSWARE,"GLASS / TUMBLER /WINE / CHAMPAGNE"
MKL,167775,"COOKWARE 7PCS SET 2MM DIE CAST HROLAND HR1053 RJK",1249,0,"HOUSEWARE & KITCHENWARE",COOKWARE,"COOKWARE SET"
MKL,16844,"NIVEA EXPRESS HYDRATION BODY LOTION 400ML 12",127.99,0,SUPERMARKET,"HOME AND PERSONAL CARE","SKIN CARE"
MKL,173725,"KIVO 100% NATURAL CURRY PLUS POWDER 50G 80",5.49,0,SUPERMARKET,"FOOD CUPBOARD","SPICES AND HERBS"
MKL,39985,"PRAN PINEAPPLE JUICE TETRA PACK 1L  12",22.99,0,SUPERMARKET,BEVERAGES,JUICE
MKL,39989,"PRAN APPLE NECTAR JUICE  1L  12",22.99,0,SUPERMARKET,BEVERAGES,JUICE
MKL,40289,"SHINE TOILET ROLL (4 ROLL)  6",19.99,0,SUPERMARKET,"HOME AND PERSONAL CARE",DISPOSABLE
MKL,57869,"CUSSONS MORNING FRESH D/WASH ORIGINAL  450ML  18",26.99,0,SUPERMARKET,"HOME AND PERSONAL CARE","HOUSEHOLD CLEANERS"
MKL,61533,"PARLE MILK AND MALT 27G  72",1.09,0,SUPERMARKET,"FOOD CUPBOARD",BISCUITS
MKL,71327,"MELCOM FACIAL TISSUES 2PLY 165S  36",11.49,0,SUPERMARKET,"HOME AND PERSONAL CARE",DISPOSABLE
MKL,72785,"HEAVEN INSECTICIDE  SPRAY 400ML 24",50.99,0,SUPERMARKET,"HOME AND PERSONAL CARE","INSECTICIDES AND RODENT CONTROL"
MKL,81328,"TASTY TOM TOMATO MIX SACHET 200G  24",10.99,0,SUPERMARKET,"FOOD CUPBOARD",CONDIMENTS
MKL,83960,"AKAI AVR 2KVA DIGITAL AVR047AD-2KVA",799,0,"ELECTRICAL APPLIANCES",ELECTRICALS,AVR/AVS
MKL,86443,"WATER BOTTLE 600ML PLASTIC INSULATEDKIDSBTSJUNIOR",39.9,0,"HOUSEWARE & KITCHENWARE","FLASK AND BOTTLES",BOTTLE
MKL,93778,"KENWOOD KETTLE 1.7L 2200W SS SIL ZJM01.A0BK",599,0,"ELECTRICAL APPLIANCES",KETTLE,"STAINLESS STEEL KETTLE"
MKL,96434,"MILO ALL IN ONE NUTRI-MIX 37G 10PCS X 20",44.99,0,SUPERMARKET,BEVERAGES,"DRINKING POWDERS"
MKL,A913,"JOHNNIE WALKER RED LABEL WHISKY  1L 12",399.99,0,SUPERMARKET,"BEVERAGES ALCOHOLIC",WHISKEY
MKL,X443,"NESTLE CERELAC RICE TIN 400G 12",50.99,0,SUPERMARKET,"FOOD CUPBOARD","BABY FOOD"
MKL,05200,"DOVE ROLL-ON INVISIBLE DRY 50ML 6",24.99,0,SUPERMARKET,"HOME AND PERSONAL CARE",FRAGRANCES
MKL,113210,"BROOM WHANDLE BLUE PLASTIC BT168215",19.9,0,"HOUSEWARE & KITCHENWARE","HOME HYGIENE","BROOM BRUSHES DUSTPANS"
MKL,113215,"BROOM W/HANDLE BLUE PINK PLASTIC 1692E",19.9,0,"HOUSEWARE & KITCHENWARE","HOME HYGIENE","BROOM BRUSHES DUSTPANS"
MKL,130991,"PHILIPS LED BULB 14W E27 6500K 8"" 929002299968",31,0,"ELECTRICAL APPLIANCES","LIGHT BULBS","LED BULB"
MKL,138926,"GEISHA SHEA BUTTER  HONEY V1 180G  36",15.49,0,SUPERMARKET,"HOME AND PERSONAL CARE","PERSONAL WASH"
MKL,148439,"DESSERT PLATE 8INCHES CERAMIC GGK YWU",29.9,0,"HOUSEWARE & KITCHENWARE",DINNERWARE,PLATE
MKL,159743,"MUNCHEE MSC STRAWBERRY MILK BISCUITS 45G 48",3.29,0,SUPERMARKET,"FOOD CUPBOARD",BISCUITS
MKL,174944,"MCBERRY CHOCOLATE CEREAL BISCUITS 30G  72",1.39,0,SUPERMARKET,"FOOD CUPBOARD",BISCUITS
MKL,184461,"CONTAINER 4PCS RND PTD 1235L PLASTIC HL70002TCP-12",42.9,0,"HOUSEWARE & KITCHENWARE","STORAGE AND ORGANIZER","STORAGE CONTAINERS"
MKL,30615,"COLGATE LIQUID CALCIUM TOOTHPASTE 140 G  72",19.99,0,SUPERMARKET,"HOME AND PERSONAL CARE","ORAL CARE"
MKL,60512,"OBA CLASSIC SPAGHETTI 400G  20",9.99,0,SUPERMARKET,"FOOD CUPBOARD","PASTA AND SPAGHETTI"
MKL,69992,"DOLAIT YOGHURT NATURE 500G 1",35.99,0,SUPERMARKET,"FRESH DAIRY AND EGGS",Yoghurt
MKL,84509,"CHRISTMAS DECORATION 12PCS B",9.9,0,"HOME DECOR & TEXTILES","XMAS SEASONAL","xmas season"
MKL,N789,"JOHNNIE WALKER BLACK LABEL WHISKY 1L  12",699.99,0,SUPERMARKET,"BEVERAGES ALCOHOLIC",WHISKEY
MKL,X030,"KEY SOAP BAR 1000G 16",37.99,0,SUPERMARKET,"HOME AND PERSONAL CARE","LAUNDRY CARE"
MKL,X554,"SAVANNA DRY CIDER  330ML 24",24.99,0,SUPERMARKET,"BEVERAGES ALCOHOLIC",CIDER
MKL,03826,"BLUE BAND MARGARINE SPREAD 450G 24",25.99,0,SUPERMARKET,"FOOD CUPBOARD","SPREADS AND TOPPING"
MKL,100898,"FRUTAIL MANGO NECTAR JUICE 1L  12",34.99,0,SUPERMARKET,BEVERAGES,JUICE
MKL,110145,"BOWL 3000ML PLASTIC ELITE-4 P 556",14.9,0,"HOUSEWARE & KITCHENWARE",DINNERWARE,BOWLS
MKL,124118,"CLEANING CLOTH MICROFIBER 3PCS SET 1909453",59,0,"HOUSEWARE & KITCHENWARE","HOME HYGIENE","CLEANING CLOTHES"
MKL,127757,"PAPER BOX CAKE DOUBLE TIER 14 385X385X28CM YWU",59,0,"HOUSEWARE & KITCHENWARE",BAKEWARE,MOULDS
MKL,138932,"GEISHA GERMIG NEEM & BASIL V1 180G 36",15.49,0,SUPERMARKET,"HOME AND PERSONAL CARE","PERSONAL WASH"
MKL,148446,"MUG 350ML CERAMIC DESIGNER YWU",4.9,0,"HOUSEWARE & KITCHENWARE",DINNERWARE,MUGS
MKL,149456,"LAV TUMBLER SET OF 3PCS LV-VLR374AX",49.9,0,"HOUSEWARE & KITCHENWARE",GLASSWARE,"GLASS / TUMBLER /WINE / CHAMPAGNE"
MKL,154897,"WATER BOTTLE 1000ML PLASTIC CHECKERS",9.9,0,"HOUSEWARE & KITCHENWARE","FLASK AND BOTTLES",BOTTLE
MKL,167239,"COWBELL MILK PWDER VITARICH SACHET 23G  120",3.99,0,SUPERMARKET,"FOOD CUPBOARD","MILK AND CREAMERS"
MKL,197770,"MCBERRY BIG DADDY CHOCO WAFER 39G 144",2.19,0,SUPERMARKET,"FOOD CUPBOARD",BISCUITS
MKL,29084,"PRIVATE EXRA-THIN NORMAL (10PAD)   18",14.49,0,SUPERMARKET,"HOME AND PERSONAL CARE","FEMININE CARE"
MKL,48208,"ALUMINIUM FOIL CONTAINER 12PCS  SMALL  45",27.99,0,SUPERMARKET,"HOME AND PERSONAL CARE",DISPOSABLE
MKL,55700,"MILO ACTIGEN E 800G 12",84.99,0,SUPERMARKET,BEVERAGES,"DRINKING POWDERS"
MKL,65526,"TAMPICO CITRUS PUNCH 1L 6",15.49,0,SUPERMARKET,BEVERAGES,JUICE
MKL,67522,"SHINE KING-SIZE JUMBO ROLL ULTRA SOFT 2PLY   6",42.99,0,SUPERMARKET,"HOME AND PERSONAL CARE",DISPOSABLE
MKL,67728,"PEPSODENT TRIPLE ACTION TOOTH PASTE 140G 72",22.99,0,SUPERMARKET,"HOME AND PERSONAL CARE","ORAL CARE"
MKL,70101,"SUNLIGHT DISH WASHING LIQUID LEMON 400ML 24",27.99,0,SUPERMARKET,"HOME AND PERSONAL CARE","HOUSEHOLD CLEANERS"
MKL,72132,"RICHOCO SMOOTHER 800G  12",79.99,0,SUPERMARKET,BEVERAGES,"DRINKING POWDERS"
MKL,73976,"LESIEUR MAYONNAISE WITH FRESH EGGS 235G  12",33.49,0,SUPERMARKET,"FOOD CUPBOARD","SPREADS AND TOPPING"
MKL,82784,"NUTRIBOM INFANT CEREAL BAG  OATS  200G 12",18.99,0,SUPERMARKET,"FOOD CUPBOARD","BABY FOOD"
MKL,85349,"RIOS DE CHILE CABERNET SAUVIGON WINE 13.5%VOL750ML",89.99,0,SUPERMARKET,"BEVERAGES ALCOHOLIC",WINES
MKL,96430,"NIDO ESSENTIA 23G 10PCS X 12",46.49,0,SUPERMARKET,"FOOD CUPBOARD","DRINKING POWDER"
MKL,L010,"LIPTON YELLOW LABEL TEA BAGS 25 X 2G  24",19.29,0,SUPERMARKET,BEVERAGES,TEA
MKL,N483,"MENTOS ICE GUM ARCTIC MINT 12.9G X 288",8.99,0,SUPERMARKET,"FOOD CUPBOARD",CONFECTIONERY
MKL,N801,"FANTA ORANGE PET 450ML  12",8.99,0,SUPERMARKET,BEVERAGES,DRINKS
MKL,X724,"MCVITIES SHORTBREAD 200G 24",47.99,0,SUPERMARKET,"FOOD CUPBOARD",BISCUITS
MKL,03076,"WEETABIX CEREAL ORIGINAL 450G 14",89.99,0,SUPERMARKET,"FOOD CUPBOARD","BREAKFAST CEREALS"
MKL,112083,"KIVO TOMATO MIX SUP 1KG  12",32.99,0,SUPERMARKET,"FOOD CUPBOARD",CONDIMENTS
MKL,112467,"LUNCH BOX PLASTIC RECT SLIM SMALL 437X3ML L3705X3M",29.9,0,"HOUSEWARE & KITCHENWARE","STORAGE AND ORGANIZER","LUNCH BOXES TIFFINS AND FOOD FLASK"
MKL,113956,"BEL-GINGERALE CAN DRINK 330ML 24",8.49,0,SUPERMARKET,BEVERAGES,DRINKS
MKL,124120,"CLEANING CLOTH 9PCS SET 2107968",26.9,0,"HOUSEWARE & KITCHENWARE","HOME HYGIENE","CLEANING CLOTHES"
MKL,125293,"AIRPRO HANGIN BOTTLE A/F INVISI/ INVICTUS 10ML 12",35.99,0,SUPERMARKET,"HOME AND PERSONAL CARE",FRESHENERS
MKL,133381,"PARLE SIMPLY GOOD CRACKER ORIGINAL 44.9G  48",2.29,0,SUPERMARKET,"FOOD CUPBOARD",BISCUITS
MKL,149447,"LAV STEMWARE 3PCS SET LVELL563A",59,0,"HOUSEWARE & KITCHENWARE",GLASSWARE,"GLASS / TUMBLER /WINE / CHAMPAGNE"
MKL,15322,"NUTRIBOM INFANT CEREAL PAPER BOX MAIZE 300G 16",27.99,0,SUPERMARKET,"FOOD CUPBOARD","BABY FOOD"
MKL,161584,"DZIRE CEILING FAN 36"" WHITE CF 36 W-HOB",349,0,"ELECTRICAL APPLIANCES",FAN,"CEILING FAN"
MKL,169469,"FORTUNE SPREAD FOR BREAD ( 10* 12G )   25",7.49,0,SUPERMARKET,"FOOD CUPBOARD","SPREADS AND TOPPING"
MKL,174262,"BRISKFARM TOMATO MIX 56G  50",1.99,0,SUPERMARKET,"FOOD CUPBOARD",CONDIMENTS
MKL,177951,"COLOURING BOOK CREATIVE ABC/F&V/TOYS 22X28CM",14.9,0,STATIONERY,"CHILDREN BOOKS AND GEN REF","BOOKS AND LEARNINGS"
MKL,18153,"POMO TOMATO PASTE 60G SACH 50",3.29,0,SUPERMARKET,"FOOD CUPBOARD",CONDIMENTS
MKL,18748,"NESTLE CERELAC BL RICE 50G 10X8  80",6.99,0,SUPERMARKET,"FOOD CUPBOARD","BREAKFAST CEREALS"
MKL,191058,"KIVO NON-DIARY CREAMER 200G  26",11.99,0,SUPERMARKET,"FOOD CUPBOARD","MILK AND CREAMERS"
MKL,19816,"ENERGIZER BATTERY ALKALINE AA MAX-AA 1X12 BP3-1",59.9,0,"ELECTRICAL APPLIANCES",BATTERIES,BATTERY
MKL,20129,"PRINGLES SOUR CREAM & ONION 165G  19",44.99,0,SUPERMARKET,"FOOD CUPBOARD",SNACKS
MKL,30345,"RENDEZ VOUS NON ALC SPARK. WINE PINK 75CL 6",40.99,0,SUPERMARKET,"BEVERAGES ALCOHOLIC",WINES
MKL,61188,"WC NET DESCALER GEL 750ML  12",53.99,0,SUPERMARKET,"HOME AND PERSONAL CARE","HOUSEHOLD CLEANERS"
MKL,66315,"LELE STRAWBERRY FLAVOURED TEA  37.5G 12",17.99,0,SUPERMARKET,BEVERAGES,TEA
MKL,86130,"HARPIC ORIGINAL POWER PLUS 450ML 12",30.99,0,SUPERMARKET,"HOME AND PERSONAL CARE","HOUSEHOLD CLEANERS"
MKL,92247,"KELLOGGS COCO POPS 25G  100",4.29,0,SUPERMARKET,"FOOD CUPBOARD","BREAKFAST CEREALS"
MKL,92696,"LADLE TURNER SLOTTED CX18192 PLASTIC YWU",16.9,0,"HOUSEWARE & KITCHENWARE","KITCHEN TOOLS AND CULTARY","COOKING TOOL LADLES AND SERVERS"
MKL,D997,"MALTA GUINNESS CAN 330ML 24",12.99,0,SUPERMARKET,BEVERAGES,DRINKS
MKL,S951,"CONDOR PEAK SHIRAZ WINE 750ML 12",79.99,0,SUPERMARKET,"BEVERAGES ALCOHOLIC",WINES
MKL,X446,"NESCAFE CLASSIC 50G 48",58.99,0,SUPERMARKET,BEVERAGES,COFFEE
MKL,X887,"BIC 2BLADE LADY SHAVING STICK SACHET5  20",50.99,0,SUPERMARKET,"HOME AND PERSONAL CARE","FEMININE CARE"
MKL,106812,"SHINE GARBAGE BAGS 60L  ( 30)   12",49.99,0,SUPERMARKET,"HOME AND PERSONAL CARE",DISPOSABLE
MKL,109289,"MORNING FRESH DISHWASH ORIGINAL 1000ML  12",49.99,0,SUPERMARKET,"HOME AND PERSONAL CARE","HOUSEHOLD CLEANERS"
MKL,120921,"AWAKE MINERAL WATER 330ML 15",1.79,0,SUPERMARKET,BEVERAGES,"MINERAL WATER"
MKL,122736,"UNIMAX TRIO DC BALLPEN BLACK 1.0MM FBTDCBK35",3.99,0,STATIONERY,"GENERAL STATIONERY","   WRITING SUPPLIES"
MKL,124079,"WIPER WINDOW PAREX PLASTIC 1909966",12.9,0,"HOUSEWARE & KITCHENWARE","HOME HYGIENE","MOPPING AND WIPING"
MKL,125631,"PLATE SOUP EMBOSSED PORCELAIN 875 38833 RJK",12.9,0,"HOUSEWARE & KITCHENWARE",DINNERWARE,PLATE
MKL,126219,"AIRPRO AIRFRESHNER ORGANIC CAN WARM VANILLA 42G 24",39.99,0,SUPERMARKET,"HOME AND PERSONAL CARE",FRESHENERS
MKL,132027,"DINNER SPOON 6PCS 21CM 45G DYC1 YWU",34.9,0,"HOUSEWARE & KITCHENWARE","CUTLERY ITEMS","SPOONS FORKS KNIFE AND CUTLERY SET"
MKL,14506,"PAPYRUS NAPKIN 100X15",6.79,0,SUPERMARKET,"HOME AND PERSONAL CARE",DISPOSABLE
MKL,147619,"KING CRACKER DELUXE 21G 72",1.19,0,SUPERMARKET,"FOOD CUPBOARD",BISCUITS
MKL,164392,"DINNER PLATE EMBOSSED 1025 WK24001 RJK",29.9,0,"HOUSEWARE & KITCHENWARE",DINNERWARE,PLATE
MKL,177948,"MY ACTIVITY SERIES ALPHAB/DICTIONARY 32PGS 22X28CM",16.9,0,STATIONERY,"CHILDREN BOOKS AND GEN REF","BOOKS AND LEARNINGS"
MKL,177954,"COPY COLOURING BOOK SERIES TRANS/TOYS 16PG 22X28CM",8.9,0,STATIONERY,"CHILDREN BOOKS AND GEN REF","BOOKS AND LEARNINGS"
MKL,19386,"HUGGIES  BABY WIPES ALL OVER CLEAN  56-S  10",27.99,0,SUPERMARKET,"HOME AND PERSONAL CARE","INFANT AND BABY CARE"
MKL,19819,"ENERGIZER BATTERY ALKALINE AAA MAX-31 1X10 20PK",59.9,0,"ELECTRICAL APPLIANCES",BATTERIES,BATTERY
MKL,39483,"PEPSODENT CAVITY FIGHTER  TOOTHPASTE 175G 72",22.99,0,SUPERMARKET,"HOME AND PERSONAL CARE","ORAL CARE"
MKL,43168,"PLATINUM SARDINES IN VEGETABLE OIL 125G 50",10.99,0,SUPERMARKET,"FOOD CUPBOARD","CANNED FOOD"
MKL,50951,"JOHNNIE WALKER GOLD LABEL WHISKY  750ML 6",899.99,0,SUPERMARKET,"BEVERAGES ALCOHOLIC",WHISKEY
MKL,70249,"INDOMIE HUNGRY MAN CHICKEN FLAVOR 180G  26",11.29,0,SUPERMARKET,"FOOD CUPBOARD","NOODLES AND SOUP"
MKL,70746,"OKF STANDARD ALOE ORIGINAL DRINK  500ML  20",20.99,0,SUPERMARKET,BEVERAGES,JUICE
MKL,72789,"MEANNAN GARI 1K 12",25.99,0,SUPERMARKET,"FOOD CUPBOARD",FLOURS
MKL,73149,"GINO TOMATO MIX SACHET 60G  50",3.29,0,SUPERMARKET,"FOOD CUPBOARD",CONDIMENTS
MKL,82055,"CASTILLO REAL TINTO WINE 1L  12",47.99,0,SUPERMARKET,"BEVERAGES ALCOHOLIC",WINES
MKL,86514,"NO 8 EXOTIC SNACKS 40G  72",1.09,0,SUPERMARKET,"FOOD CUPBOARD",SNACKS
MKL,88248,"LG LED TV 43"" SATELLITE 43LK5100PVB/43LM5500",5999,0,"ELECTRONICS & TELECOM","LED TV","SATELLITE TV"
MKL,89272,"TRAY 42X29CM BLACK PLASTIC JB18 YWU",26.9,0,"HOUSEWARE & KITCHENWARE",SERVEWARE,"SERVING TRAYS"
MKL,89582,"MENTOS CHEWY DRAGEES FRUIT SACHET (50PCS) 135G  40",35.99,0,SUPERMARKET,"FOOD CUPBOARD",CONFECTIONERY
MKL,91237,"SAIRO BATH&SHOWER GEL MELON SENSATION 750ML 8",50.99,0,SUPERMARKET,"HOME AND PERSONAL CARE","PERSONAL WASH"
MKL,91532,"DETTOL SOAP EVEN TONE  160G  48",21.99,0,SUPERMARKET,"HOME AND PERSONAL CARE","PERSONAL WASH"
MKL,98551,"GETTOL ANTISEPTIC LEMON 75ML  48",6.99,0,SUPERMARKET,"HOME AND PERSONAL CARE","HEALTH AND WELLNESS"
MKL,CL503,"CENTURY CL503 CASSEROLE 2500 ML 6",35.9,0,"HOUSEWARE & KITCHENWARE","CENTURY PRODUCTS",CASSEROLE
MKL,CL740,"BUCKET 5LTR OPAQUE 21CMX23CM",12.9,0,"HOUSEWARE & KITCHENWARE",LAUNDARY,"BUCKETS AND BASINS"
MKL,E233,"PHILIPS DRY IRON 1000W HD1172 1X8 E",329,0,"ELECTRICAL APPLIANCES","LINEN CARE","DRY IRON"
MKL,N367,"PURE HEAVEN SPK WINE MANGO & WHITE GRAPE 750ML 12",51.49,0,SUPERMARKET,"BEVERAGES ALCOHOLIC",WINES
MKL,N747,"COWBELL CHOCOMALT 35G 120",5.99,0,SUPERMARKET,BEVERAGES,"DRINKING POWDERS"
MKL,X457,"CHOCOLIM 800GM  12",79.99,0,SUPERMARKET,BEVERAGES,"DRINKING POWDERS"
MKL,X472,"IDEAL ORIGINAL EVAPORATED MILK 370G 24",26.99,0,SUPERMARKET,"FOOD CUPBOARD","MILK AND CREAMERS"
MKL,100245,"BEDSHEET SET KINGSIZE 125GSM 3P KBS-77",179,0,"HOME DECOR & TEXTILES","BED SHEET","KING SIZE BEDSHEET"
MKL,109574,"FRYTOL VEGETABLE COOKING OIL 900ML 12",38.99,0,SUPERMARKET,"FOOD CUPBOARD","EDIBLE OILS AND GHEE"
MKL,110144,"BLUE BAND SPREAD FOR  BREAD 12G 10 X 25",9.49,0,SUPERMARKET,"FOOD CUPBOARD","SPREADS AND TOPPING"
MKL,117182,"DOMS PENCILS SET 12PCS TRIANGLE DARK ZOOM 3412",21.9,0,STATIONERY,"GENERAL STATIONERY","   WRITING SUPPLIES"
MKL,124135,"SPONGE 3PCS SET 1909830/1909779",26.9,0,"HOUSEWARE & KITCHENWARE","HOME HYGIENE","SPONGE SCRUBBERS AND SCOURERS"
MKL,125306,"AIRPRO A/FRESHNER ORGANIC CAN  COFFEE  42G  24",39.99,0,SUPERMARKET,"HOME AND PERSONAL CARE",FRESHENERS
MKL,129605,"OPENER SURFBOARD DESIGN YWU",4.9,0,"HOUSEWARE & KITCHENWARE","CUTLERY ITEMS",OPENERS
MKL,14654,"SABA DETERGENT POWDER 400 G   12",14.49,0,SUPERMARKET,"HOME AND PERSONAL CARE","LAUNDRY CARE"
MKL,162518,"MINIMIE INSTANT NOODLES SLURPY CHICKEN 120G 40",5.29,0,SUPERMARKET,"FOOD CUPBOARD","PASTA AND SPAGHETTI"
MKL,29874,"LELE BAKED BEANS IN TOMATO SAUCE 420G 12",14.49,0,SUPERMARKET,"FOOD CUPBOARD","CANNED FOOD"
MKL,30669,"HARPIC GEL ACTIVE FRESH LAVENDER 725ML   12",38.99,0,SUPERMARKET,"HOME AND PERSONAL CARE","HOUSEHOLD CLEANERS"
MKL,61059,"PAPILION SINGLE JUMBO TOWEL 500G 200/250SHEETS   6",52.99,0,SUPERMARKET,"HOME AND PERSONAL CARE",DISPOSABLE
MKL,61767,"YUMVITA INFANT CEREAL WHEAT 50G (10SC X 8ST) 80",6.29,0,SUPERMARKET,"FOOD CUPBOARD","BABY FOOD"
MKL,69154,"AWAKE MINERAL WATER 500ML  16",1.99,0,SUPERMARKET,BEVERAGES,"MINERAL WATER"
MKL,70623,"GINO PEPPER & ONION TOMATO SEASONING MIX 60G  50",3.29,0,SUPERMARKET,"FOOD CUPBOARD",CONDIMENTS
MKL,87939,"ENA PA LIGHT MEAT TUNA IN SOYA OIL CHUNK 160G  24",20.99,0,SUPERMARKET,"FOOD CUPBOARD","CANNED FOOD"
MKL,91548,"DETTOL SOAP SKINCARE  110G  72",14.49,0,SUPERMARKET,"HOME AND PERSONAL CARE","PERSONAL WASH"
MKL,105801,"DILMAH JASMIN GREEN TEA 20TB 30G 12",23.99,0,SUPERMARKET,BEVERAGES,TEA
MKL,107821,"DANO COOL COW FILLED MILK POWDER 22G (10X16)",33.49,0,SUPERMARKET,"FOOD CUPBOARD","MILK AND CREAMERS"
MKL,113100,"TROPICAL SUN COCONUT MILK 400ML  12",39.99,0,SUPERMARKET,"FOOD CUPBOARD","MILK AND CREAMERS"
MKL,129135,"TOY FLASHING TOP KIDZ 66000",19.9,0,"TOYS AND ENTERTAINMENT","BACKYARD PLAY","CATCHER AND SLING SHOTS"
MKL,13207,"ROSA MAYONAISE 1L 6 (12-522)",97.99,0,SUPERMARKET,"FOOD CUPBOARD","SPREADS AND TOPPING"
MKL,142207,"FOUR SPECIAL CHOCOLATE FLAV. RED WINE 750ML 6",56.99,0,SUPERMARKET,"BEVERAGES ALCOHOLIC",WINES
MKL,149441,"LAV TUMBLER 3PCS SET LVGAI369A",39.9,0,"HOUSEWARE & KITCHENWARE",GLASSWARE,"GLASS / TUMBLER /WINE / CHAMPAGNE"
MKL,167746,"COOKWARE 10PCS SET 2MM DIECAST HROLAND HR1171 RK",1199,0,"HOUSEWARE & KITCHENWARE",COOKWARE,"COOKWARE SET"
MKL,168561,"H&H RICH TEA CREAMS STRAWBERRY 32G  72",1.39,0,SUPERMARKET,"FOOD CUPBOARD",BISCUITS
MKL,184383,"CLOTHES HANGER 10PCS SET 40CM PLAST Y106140CM YWU",59,0,"HOUSEWARE & KITCHENWARE",LAUNDARY,"CLOTH HANGERS"
MKL,44388,"AKAI GAS STOVE 3B GC015A-8301",419,0,"GAS COOKER & ACCESSORIES","GAS COOKER","TABLE TOP GAS STOVE"
MKL,59829,"PALMOLIVE SG AROMA SENSATON MINERAL SCRUB 500ML 12",77.99,0,SUPERMARKET,"HOME AND PERSONAL CARE","PERSONAL WASH"
MKL,67534,"SHINE FAMILY DISPOSABLE CUP 500CC (20S X50PCS)  20",27.99,0,SUPERMARKET,"HOME AND PERSONAL CARE",DISPOSABLE
MKL,72072,"FA ROLL ON BRIGHTENING & CARE 50ML   24",23.99,0,SUPERMARKET,"HOME AND PERSONAL CARE",FRAGRANCES
MKL,90234,"RENDEZ VOUS NON AL. SPARK WINE WHI GRAPE  75CL  6",40.99,0,SUPERMARKET,"BEVERAGES ALCOHOLIC",WINES
MKL,CL744,"OHEMA CASSEROLE 3000ML 32CMX25CMX18CM",36.9,0,"HOUSEWARE & KITCHENWARE",SERVEWARE,CASSEROLES
MKL,D797,"TASTY TOM TOMATO PASTE E/O 400GMS 24",16.99,0,SUPERMARKET,"FOOD CUPBOARD",CONDIMENTS
MKL,106700,"NASCO POPCORN MAKER 1200W PC1005A-CB",169,0,"ELECTRICAL APPLIANCES","COMMERCIAL APPLIANCES","POPCORN MAKER"
MKL,108397,"PARLE SIMPLY GOOD DIGESTIVE HONEY & OATS 72G  36",5.49,0,SUPERMARKET,"FOOD CUPBOARD",BISCUITS
MKL,125273,"AIRPRO HANGING BOTTLE AFRESHNER C.AVENTUS 10ML 12",35.99,0,SUPERMARKET,"HOME AND PERSONAL CARE",FRESHENERS
MKL,125785,"PIYA SWEETENED CONDENSED MILK 1KG 24",43.99,0,SUPERMARKET,"FOOD CUPBOARD","MILK AND CREAMERS"
MKL,128827,"TASTY TOM JOLLOF MIX 1.1KG  12",47.49,0,SUPERMARKET,"FOOD CUPBOARD","SPREADS AND TOPPING"
MKL,138928,"GEISHA ROSE & HONEY V1 180G  36",15.49,0,SUPERMARKET,"HOME AND PERSONAL CARE","PERSONAL WASH"
MKL,147137,"PLATINUM SUNFLOWER OIL 3L X 6",139.99,0,SUPERMARKET,"FOOD CUPBOARD","EDIBLE OILS AND GHEE"
MKL,149457,"LAV TUMBLER 3PCS SET LVTOK350A",29.9,0,"HOUSEWARE & KITCHENWARE",GLASSWARE,"GLASS / TUMBLER /WINE / CHAMPAGNE"
MKL,156290,"ASEDA LOCAL WHITE RICE 2KG 10",65.99,0,SUPERMARKET,"FOOD CUPBOARD","RAW RICE"
MKL,195594,"FOOD COVER METAL  6050-28",12.9,0,"HOUSEWARE & KITCHENWARE",KITCHENWARE,"KITCHEN ACCESSORIES"
MKL,200302,"H&H SEASONING (NOODLES & SPAGHETTI) (12X50) 10G 50",15.99,0,SUPERMARKET,"FOOD CUPBOARD",CONDIMENTS
MKL,202509,"MONTY MOON CHIPS CLASSIC  25G  50",2.99,0,SUPERMARKET,"FOOD CUPBOARD",SAVOURIES
MKL,23131,"ENA PA MACKEREL IN TOMATO SAUCE 200G 48",12.99,0,SUPERMARKET,"FOOD CUPBOARD","CANNED FOOD"
MKL,27774,"WC NET BLEACH  MOUNTAIN FRESH 750ML 12",53.99,0,SUPERMARKET,"HOME AND PERSONAL CARE","HOUSEHOLD CLEANERS"
MKL,59337,"DEVA SCOURING POWDER 500G  24",24.99,0,SUPERMARKET,"HOME AND PERSONAL CARE","HOUSEHOLD CLEANERS"
MKL,90468,"MATA SLICE MUSHROOMS 400G  24",21.99,0,SUPERMARKET,"FOOD CUPBOARD","CANNED FOOD"
MKL,95644,"JOVEN CAPEL SPARKLING WHITE WINE 750ML 6",128.99,0,SUPERMARKET,"BEVERAGES ALCOHOLIC","SPARKLING WINES"
MKL,97546,"ECOSTYLE SPORT BLUE GEL 473ML  6",79.99,0,SUPERMARKET,"HOME AND PERSONAL CARE","HAIR CARE"
MKL,06556,"DISH CLOTH PRINTED 2 PCS DC 514",22.9,0,"HOME DECOR & TEXTILES","DISH CLOTHS AND NAPKINS","KITCHEN NAPKIN AND TOWELS"
MKL,104978,"ROMAR SOFTENER CONC. RELAX 2L  6",81.99,0,SUPERMARKET,"HOME AND PERSONAL CARE","LAUNDRY CARE"
MKL,113150,"COLGATE TOOTHBRUSH ZIGZAG CHARCOAL( 6X12)  72",20.99,0,SUPERMARKET,"HOME AND PERSONAL CARE","ORAL CARE"
MKL,125283,"DZIRE TV BRACKET W/TILT 32""- 65"" TB3265T-P1103",149,0,"ELECTRONICS & TELECOM","VIDEO ACCESSORIES","TV BRACKET AND ACCESSORIES"
MKL,148003,"OCEAN GAS COOKER 4B 60X60 GRIL BLK MGCO 6640 NMXCZ",3979,0,"GAS COOKER & ACCESSORIES","GAS COOKER","FREE STANDING GAS COOKER"
MKL,149767,"BAKING SPOON SPATULA SILICONE ILB BD600KA0422 RK",24.9,0,"HOUSEWARE & KITCHENWARE","KITCHEN TOOLS AND CULTARY",SPATULA
MKL,164220,"COFRUTOS PINEAPPLE BOTTLE JUICE 1L  6",47.99,0,SUPERMARKET,BEVERAGES,JUICE
MKL,164673,"DINNER SET 18PCS SET CERAMIC ET-0220-2",99,0,"HOUSEWARE & KITCHENWARE",DINNERWARE,DINNER-SETS
MKL,167245,"TWISCO ENERGY FOOD DRINK SACHET 20G  250",2.19,0,SUPERMARKET,BEVERAGES,"DRINKING POWDERS"
MKL,173699,"KIVO 4 IN 1 GARI SOAKING MIX 125G 40",4.99,0,SUPERMARKET,"FOOD CUPBOARD","BREAKFAST CEREALS"
MKL,175384,"MUNCHEE MORNING DELIGHT CHOCOLATE BISCUIT 26G  72",1.39,0,SUPERMARKET,"FOOD CUPBOARD",BISCUITS
MKL,180227,"PRINCESS HAND SOAP ANTIBACTERIAL ROSE 500ML  4",22.99,0,SUPERMARKET,"HOME AND PERSONAL CARE","PERSONAL WASH"
MKL,33893,"EVERPACK DISPOSABLE  CUPS 250CC (50PCS X 20PK)  20",21.99,0,SUPERMARKET,"HOME AND PERSONAL CARE",DISPOSABLE
MKL,60783,"NIVEA COCOA BUTTER LOTION  400ML   12",79.99,0,SUPERMARKET,"HOME AND PERSONAL CARE","SKIN CARE"
MKL,65904,"SUNNY GOLD TOM BROWN BOTTLE 1KG 6",70.99,0,SUPERMARKET,"FOOD CUPBOARD","BREAKFAST CEREALS"
MKL,85495,"BANETTI PASTA CHARLESTON 500G  20",14.99,0,SUPERMARKET,"FOOD CUPBOARD","PASTA AND SPAGHETTI"
MKL,91536,"DETTOL SOAP BEST EVER COOL  155G    48",21.99,0,SUPERMARKET,"HOME AND PERSONAL CARE","PERSONAL WASH"
MKL,96111,"NIVEA LIP BALM HUDRO CARE  4.8G  12",37.99,0,SUPERMARKET,"HOME AND PERSONAL CARE","SKIN CARE"
MKL,96432,"MILO ACTIV-GO 20G  10PCS X 30",24.99,0,SUPERMARKET,BEVERAGES,"DRINKING POWDERS"
MKL,97649,"SUNLIGHT BAR YELLOW 120G  48",7.29,0,SUPERMARKET,"HOME AND PERSONAL CARE","LAUNDRY CARE"
MKL,CL686,"ROYAL CASSEROLE PLASTIC 1500ML 25CMX22CMX13CM",24.9,0,"HOUSEWARE & KITCHENWARE",SERVEWARE,CASSEROLES
MKL,D636,"HEINZ SALAD CREAM 285G 12",44.99,0,SUPERMARKET,"FOOD CUPBOARD","SPREADS AND TOPPING"
MKL,X470,"BLUE BAND MARGARINE ORIGINAL 450G 24",38.99,0,SUPERMARKET,"FOOD CUPBOARD","SPREADS AND TOPPING"
MKL,X955,"CERES MANGO FRUIT JUICE 1L 12",39.49,0,SUPERMARKET,BEVERAGES,JUICE
MKL,100140,"SOUP BOWL 2PCS SET  CERAMIC T103022",29.9,0,"HOUSEWARE & KITCHENWARE",DINNERWARE,BOWLS
MKL,119794,"SABA MULTIPURPOSE LIQUID 750ML  12",23.99,0,SUPERMARKET,"HOME AND PERSONAL CARE","HOUSEHOLD CLEANERS"
MKL,149073,"NIDO ESSENTIA 350G 12",67.99,0,SUPERMARKET,"FOOD CUPBOARD","MILK AND CREAMERS"
MKL,167400,"BOWL 6INCHES CERAMIC EMBOSSED WHITE EBCM6 RJK",19.9,0,"HOUSEWARE & KITCHENWARE",DINNERWARE,BOWLS
MKL,169811,"AKAI AIR COOLER 12L AC063A-19R",1399,0,"ELECTRICAL APPLIANCES","AIR CONDITIONING","AIR COOLERS"
MKL,18819,"STELLA ARTOIS LAGER BEER BOTTLE  330ML  24",24.99,0,SUPERMARKET,"BEVERAGES ALCOHOLIC","BOTTLE BEER"
MKL,39477,"PEPSODENT CAVITY FIGHTER TOOTHPASTE 65G  72",9.49,0,SUPERMARKET,"HOME AND PERSONAL CARE","ORAL CARE"
MKL,57960,"MCVITIES ALL BUTTER SHORT BREAD 280G  12",66.99,0,SUPERMARKET,"FOOD CUPBOARD",BISCUITS
MKL,65360,"MULIK BANANA MILK DRINK 500ML 18",36.99,0,SUPERMARKET,BEVERAGES,DRINKS
MKL,82782,"NUTRIBOM INFANT CEREAL BAG - WHEAT & HONEY 200G 12",18.99,0,SUPERMARKET,"FOOD CUPBOARD","BABY FOOD"
MKL,91194,"VOLTIC MINERAL WATER 500ML 15",2.19,0,SUPERMARKET,BEVERAGES,"MINERAL WATER"
MKL,N800,"COKE PET 450ML  12",8.99,0,SUPERMARKET,BEVERAGES,DRINKS
MKL,00363,"ZWAN CHICKEN LUNCHEON MEAT 200G 12",37.99,0,SUPERMARKET,"FOOD CUPBOARD","CANNED FOOD"
MKL,01853,"BINE MULITI PURPOSE LIQUID SOAP 250ML  24",4.99,0,SUPERMARKET,"HOME AND PERSONAL CARE","HOUSEHOLD CLEANERS"
MKL,06968,"KASAPREKO LIME CORDIAL 750ML 12",29.99,0,SUPERMARKET,"BEVERAGES ALCOHOLIC",LIQUER
MKL,106811,"SHINE GARBAGE BAGS 40L  ( 30)   12",35.99,0,SUPERMARKET,"HOME AND PERSONAL CARE",DISPOSABLE
MKL,134388,"MCBERRY FRENCH DONUTS 35G  144",2.49,0,SUPERMARKET,"FOOD CUPBOARD",SNACKS
MKL,151142,"LIGHT 240 50M 10PCS MULTI COLOUR",189,0,"HOME DECOR & TEXTILES","XMAS SEASONAL","xmas season"
MKL,156279,"MOLINERA SUGARFREE PINEAPPLE JUICE 1L  12",29.99,0,SUPERMARKET,BEVERAGES,JUICE
MKL,173723,"KIVO PEPPER POWDER  50G 80",5.99,0,SUPERMARKET,"FOOD CUPBOARD","SPICES AND HERBS"
MKL,179600,"CLAMP BINDER 19MM 12PCS/BOX YW",5.9,0,STATIONERY,"OFFICE STATIONERY","OFFICE BASIC AND STATIONERY"
MKL,184107,"CERAMIC MUG EMBOSSED 330ML EBCM1-330 RJK",9.9,0,"HOUSEWARE & KITCHENWARE",DINNERWARE,MUGS
MKL,18454,"DEVA CLEANING SPONGE 5X1    16",29.99,0,SUPERMARKET,"HOME AND PERSONAL CARE","HOUSEHOLD CLEANERS"
MKL,190050,"BEER GLASS 450ML FOOTBALL YWU",14.9,0,"HOUSEWARE & KITCHENWARE",GLASSWARE,"BEER MUGS AND BEER GLASS"
MKL,32410,"ZESTA STRAWBERRY TEA (25 X 1.8G)  12",23.99,0,SUPERMARKET,BEVERAGES,"FLAVOURED TEA"
MKL,34237,"8PM WHISKY 1L 12 (BOX PACK)",119.99,0,SUPERMARKET,"BEVERAGES ALCOHOLIC",WHISKEY
MKL,44862,"FLORA TISSUE 3 PLY (4 ROLLS)  15",16.99,0,SUPERMARKET,"HOME AND PERSONAL CARE",DISPOSABLE
MKL,49705,"FA  ROLL-ON ATTRACTION FORCE 50ML  24",23.99,0,SUPERMARKET,"HOME AND PERSONAL CARE",FRAGRANCES
MKL,54361,"WASHING BRUSH CHAIRMAN P5220",4.9,0,"HOUSEWARE & KITCHENWARE","HOME HYGIENE","BROOM BRUSHES DUSTPANS"
MKL,54412,"BEL-AQUA NATURAL MINERAL WATER  750ML  15",2.49,0,SUPERMARKET,BEVERAGES,"MINERAL WATER"
MKL,73973,"LESIEUR MAYONNAISE WITH FRESH EGGS 475G  12",56.99,0,SUPERMARKET,"FOOD CUPBOARD","SPREADS AND TOPPING"
MKL,87467,"JAMAA CLASSIC LAUNDRY SOAP 130G    48",4.29,0,SUPERMARKET,"HOME AND PERSONAL CARE","LAUNDRY CARE"
MKL,94236,"MADAR DETERGENT BAR BLUE 195G  36",8.29,0,SUPERMARKET,"HOME AND PERSONAL CARE","LAUNDRY CARE"
MKL,X222,"BAILEYS IRISH CREAM 1L 12",456.99,0,SUPERMARKET,"BEVERAGES ALCOHOLIC",LIQUER
MKL,00361,"ZWAN CHICKEN LUNCHEON MEAT 340G 12",51.99,0,SUPERMARKET,"FOOD CUPBOARD","CANNED FOOD"
MKL,02391,"PRINGLES POTATO CHIPS ORIGINAL 165G X 19",44.99,0,SUPERMARKET,"FOOD CUPBOARD",SNACKS
MKL,100986,"CURTAIN POLYESTER 52X84"" W/HANGER DR-TH159",159,0,"HOME DECOR & TEXTILES",CURTAINS,"GROMMET CURTAINS"
MKL,106820,"SHINE PAPER PLATES SQAURE 14CM  (25PCS)  40",15.99,0,SUPERMARKET,"HOME AND PERSONAL CARE",DISPOSABLE
MKL,110743,"SANITA CLUB TRASH BAGS  55GALLONS X15    10",73.99,0,SUPERMARKET,"HOME AND PERSONAL CARE",DISPOSABLE
MKL,122722,"KELLOGGS CORNFLAKES 300G  10 NGR",47.99,0,SUPERMARKET,"FOOD CUPBOARD","BREAKFAST CEREALS"
MKL,13204,"KONKORD IODIZED SALT 1000G 25",8.89,0,SUPERMARKET,"FOOD CUPBOARD","SALT  SUGAR AND JAGGERY"
MKL,134251,"LISTERINE MOUTHWASH SPEARMINT 500ML 6",67.99,0,SUPERMARKET,"HOME AND PERSONAL CARE","ORAL CARE"
MKL,149286,"CERES NECTAR TROP BLAST JUICE  DRINK  1L 12",34.99,0,SUPERMARKET,BEVERAGES,JUICE
MKL,171347,"BELPAK TOILET ROLL (24ROLLS)  1",77.99,0,SUPERMARKET,"HOME AND PERSONAL CARE",DISPOSABLE
MKL,38886,"HARPIC TOILET GEL CITRUS  450ML 12",30.99,0,SUPERMARKET,"HOME AND PERSONAL CARE","HOUSEHOLD CLEANERS"
MKL,39670,"CUP MELAMINE ZHN 1052",16.9,0,"HOUSEWARE & KITCHENWARE","MELAMINE WARE","MEL MUGS AND CUPS"
MKL,60940,"BINATONE DRY IRON 1200W 1255/MK2",235,0,"ELECTRICAL APPLIANCES","LINEN CARE","DRY IRON"
MKL,78483,"BABY POTTY VOLK DESIGN BLUE/PINK  N305",49.9,0,"HOUSEWARE & KITCHENWARE",BATHROOM,"BATHROOM TOILET SEAT / BABY POTTY BATH TUB"
MKL,95403,"COKE ZERO PET 300ML 12",6.49,0,SUPERMARKET,BEVERAGES,DRINKS
MKL,A902,"CONDOR PEAK CARBERNET RED WINE 750ML 12",79.99,0,SUPERMARKET,"BEVERAGES ALCOHOLIC",WINES
MKL,D570,"HUNTERS GOLD CIDER BOTTLE 330ML 24",24.99,0,SUPERMARKET,"BEVERAGES ALCOHOLIC",CIDER
MKL,101386,"TASTY TOM JELLOF MIX 60G  50",3.79,0,SUPERMARKET,"FOOD CUPBOARD",CONDIMENTS
MKL,113209,"BROOM WHANDLE BLUE PINK PLASTIC BT167215/867",19.9,0,"HOUSEWARE & KITCHENWARE","HOME HYGIENE","BROOM BRUSHES DUSTPANS"
MKL,133054,"NUTZY PEANUT CRISPY SNACK 280G 12",31.99,0,SUPERMARKET,"FOOD CUPBOARD","SPREADS AND TOPPING"
MKL,156276,"MOLINERA  SUGARFREE MANGO JUICE 1L  12",31.49,0,SUPERMARKET,BEVERAGES,JUICE
MKL,159769,"MUNCHEE MILK CRUNCH BISCUITS 26G  72",1.49,0,SUPERMARKET,"FOOD CUPBOARD",BISCUITS
MKL,166341,"LAV STEMWARE 3PCS SET LVMIS560A",49.9,0,"HOUSEWARE & KITCHENWARE",GLASSWARE,"GLASS / TUMBLER /WINE / CHAMPAGNE"
MKL,173708,"KIVO ZERO NUTS GARI SOAKINGMIX 125G 40",4.99,0,SUPERMARKET,"FOOD CUPBOARD",SNACKS
MKL,25362,"EMBORG SKIMMED UHT MILK 1L 12",46.99,0,SUPERMARKET,"FOOD CUPBOARD","MILK AND CREAMERS"
MKL,30921,"LELE SARDINE IN SOYA OIL (OMG 3) 125G  50",16.49,0,SUPERMARKET,"FOOD CUPBOARD","CANNED FOOD"
MKL,35805,"ROYAL DADDY BROWN SUGAR 1KG  20",34.99,0,SUPERMARKET,"FOOD CUPBOARD","SALT  SUGAR AND JAGGERY"
MKL,57618,"ROYAL AROMA VIETNAM RICE - 25KG",499.99,0,SUPERMARKET,"FOOD CUPBOARD","RAW RICE"
MKL,64664,"COLGATE TOOTHPASTE TRIPLE ACTION  MINT 140G  72",19.99,0,SUPERMARKET,"HOME AND PERSONAL CARE","ORAL CARE"
MKL,69807,"SHINE FAMILY DELUXE NAPKINS (30PKX50PCS)  30",11.49,0,SUPERMARKET,"HOME AND PERSONAL CARE",DISPOSABLE
MKL,78977,"CHRISTMAS CHAIN 2.7M MIX COLOR 1403",8.9,0,"HOME DECOR & TEXTILES","XMAS SEASONAL","xmas season"
MKL,87945,"COLGATE TP NATURAL EXTRACTS LEMON OIL 75ML  48",38.99,0,SUPERMARKET,"HOME AND PERSONAL CARE","ORAL CARE"
MKL,89788,"SPRITE ZERO PET 450ML  12",8.99,0,SUPERMARKET,BEVERAGES,DRINKS
MKL,97651,"SUNLIGHT GREEN DISH WASH BTL 400ML  24",27.99,0,SUPERMARKET,"HOME AND PERSONAL CARE","HOUSEHOLD CLEANERS"
MKL,CL781,"FOOD FLASK 2500ML",39.9,0,"HOUSEWARE & KITCHENWARE",SERVEWARE,CASSEROLES
MKL,N011,"LACTASOY CHOCOLATE SOYA MILK 125ML 60",7.49,0,SUPERMARKET,"FOOD CUPBOARD","MILK AND CREAMERS"
MKL,08772,"COUNTRE MILK VANILLA 500ML 18",35.99,0,SUPERMARKET,BEVERAGES,DRINKS
MKL,106770,"PROXON ICE CHEST SET 4PCS W/ESKIMO/PLATIN TPX-2061",1099,0,"HOUSEWARE & KITCHENWARE","STORAGE AND ORGANIZER","ICE BUCKETS"
MKL,108229,"GREEN WORLD  EXTRA KILLER INSECTICIDE 400ML  24",40.99,0,SUPERMARKET,"HOME AND PERSONAL CARE",FRESHENERS
MKL,138925,"GEISHA LEMON  HONEY V1 180G  36",15.49,0,SUPERMARKET,"HOME AND PERSONAL CARE","PERSONAL WASH"
MKL,145256,"PEELER PLASTIC S.S BLADE 0050-820",2.9,0,"HOUSEWARE & KITCHENWARE","KNIFE AND CHOPPING BOARD","VEG AND FRUIT PEELERS"
MKL,14655,"SABA DETERGENT POWDER 800G 10",27.99,0,SUPERMARKET,"HOME AND PERSONAL CARE","LAUNDRY CARE"
MKL,172105,"LG AC SPLIT 2.5HP INVERTER S4Q24K2QAL",16999,0,"ELECTRICAL APPLIANCES","AIR CONDITIONING","SPLIT AC"
MKL,172969,"ARIEL HIGH STUD DOWNY 1KG  12",79.99,0,SUPERMARKET,"HOME AND PERSONAL CARE","LAUNDRY CARE"
MKL,174401,"WAX CRAYONS EXTRA LONG 2371",12.9,0,STATIONERY,"SCHOOL AND CHILDREN STATIONERY","ART AND HOBBY SETS"
MKL,62785,"STONE DECORATION 350G MIX COLOUR",5.9,0,"HOME DECOR & TEXTILES","HOME DECOR","OutdoorANDIndoor Decor"
MKL,91549,"DETTOL SOAP BEST EVER COOL 105G 72",14.99,0,SUPERMARKET,"HOME AND PERSONAL CARE","PERSONAL WASH"
MKL,94241,"MADAR RENZO M/PURPOSE LEMON LIQUID SOAP 750ML  12",24.99,0,SUPERMARKET,"HOME AND PERSONAL CARE","HOUSEHOLD CLEANERS"
MKL,02247,"SAIRO ARGAN HAND WASH 500ML 12",29.99,0,SUPERMARKET,"HOME AND PERSONAL CARE","PERSONAL WASH"
MKL,106024,"SAMSUNG LED TV 32"" SAT SMART UA32T5300",3689,0,"ELECTRONICS & TELECOM","LED TV","SMART TV"
MKL,106990,"AQUALIS LUXURY BATH SOAP APRICOT 460G   16",27.99,0,SUPERMARKET,"HOME AND PERSONAL CARE","PERSONAL WASH"
MKL,117670,"TOILET BRUSH WSTAND PLASTIC UR-3266",22.9,0,"HOUSEWARE & KITCHENWARE","HOME HYGIENE","TOILET BRUSHES"
MKL,126213,"AIRPRO MINI CLIP AIRREFRSHENER PARADISE  2.5ML 6",20.49,0,SUPERMARKET,"HOME AND PERSONAL CARE",FRESHENERS
MKL,128588,"BULLET DART GUN TOY MT530152",109,0,"TOYS AND ENTERTAINMENT","ROLE PLAY AND PRETEND TOYS","SPY GEAR AND GADGETS"
MKL,159765,"MUNCHEE DIGESTIVE BISCUITS 35G  72",2.19,0,SUPERMARKET,"FOOD CUPBOARD",BISCUITS
MKL,38707,"COWBELL MOCHA 35G 120",5.99,0,SUPERMARKET,BEVERAGES,"DRINKING POWDERS"
MKL,53553,"8"" MATTRESS 200*150CM HD Q/S LAT",2229,0,FURNITURE,MATTRESS,"Queen Size"
MKL,61535,"PARLE -G ORIGINAL GLUCO BISCUITS 21GM  72",1.09,0,SUPERMARKET,"FOOD CUPBOARD",BISCUITS
MKL,71755,"PARIDOX ALATA SAMINA BSGEL HONEY 450ML 20",41.99,0,SUPERMARKET,"HOME AND PERSONAL CARE","PERSONAL WASH"
MKL,71822,"COOL BREEZE HANGING AIRFRESH. FROST FRUIT 11ML 24",19.49,0,SUPERMARKET,"HOME AND PERSONAL CARE",FRESHENERS
MKL,06432,"PINK COCKTAIL SPARKLING WINE 750 ML 12",49.99,0,SUPERMARKET,"BEVERAGES ALCOHOLIC",WINES
MKL,100030,"NANA-S RICE LONG GRAIN RICE 5% BROKENNESS 1KG 20",32.99,0,SUPERMARKET,"FOOD CUPBOARD","RAW RICE"
MKL,104377,"DESTELLO FLOOR CLEANER LAVENDAR 1500ML  12",33.49,0,SUPERMARKET,"HOME AND PERSONAL CARE","HOUSEHOLD CLEANERS"
MKL,110884,"NATURAL FIELDS PURE HONEY 350G 12",31.99,0,SUPERMARKET,"FOOD CUPBOARD","SPREADS AND TOPPING"
MKL,117260,"DOMS DUST FREE ERASER BOX 20PCS 3420",15.9,0,STATIONERY,"GENERAL STATIONERY","   WRITING SUPPLIES"
MKL,118278,"EASY MOUZOO GRAPE NECTAR GLASS BOTTLE 1L  6",32.99,0,SUPERMARKET,BEVERAGES,JUICE
MKL,125303,"SHINE 10 PACK SINGLE WRAPPED TOILET PAPER   1",46.99,0,SUPERMARKET,"HOME AND PERSONAL CARE",DISPOSABLE
MKL,126205,"AIRPRO HANGING BOTTLE AFRESHNER D OFF COOL 10ML 12",35.99,0,SUPERMARKET,"HOME AND PERSONAL CARE",FRESHENERS
MKL,129598,"WINE BOTTLE OPENER YWU",4.9,0,"HOUSEWARE & KITCHENWARE","CUTLERY ITEMS",OPENERS
MKL,141409,"SALT&PEPPER SHAKER SET 5.2X7CM 56052",9.9,0,"HOUSEWARE & KITCHENWARE",KITCHENWARE,"SALT AND PEPPER/CRUETS"
MKL,29397,"BEL-AQUA NATURAL MINERAL WATER 500ML 15",2.39,0,SUPERMARKET,BEVERAGES,"MINERAL WATER"
MKL,71863,"BIC FLEX 3 COMFORT STICK 3BLADE ( 3 BLISTER )   10",95.99,0,SUPERMARKET,"HOME AND PERSONAL CARE","FEMININE CARE"
MKL,CL575,"STACK FOOD CONTAINER 1500ML 16.5CMX14.5CMX10.5CM",9.9,0,"HOUSEWARE & KITCHENWARE","STORAGE AND ORGANIZER","STORAGE CONTAINERS"
MKL,CL582,"STORAGE BOX TRANSPARENT 20L 38CMX28CMX31CM",49.9,0,"HOUSEWARE & KITCHENWARE","STORAGE AND ORGANIZER","STORAGE CONTAINERS"
MKL,K402,"SS KNIFE DESERT4P1761261 48A",9.9,0,"HOUSEWARE & KITCHENWARE","CUTLERY ITEMS","SPOONS FORKS KNIFE AND CUTLERY SET"
MKL,106182,"VOLTPLUS MULTI ADAPTOR VP-DFA5",29,0,"ELECTRICAL APPLIANCES",ELECTRICALS,"ELE ACCESSORIES"
MKL,159764,"MUNCHEE DIGESTIVE BISCUITS 52G  48",3.99,0,SUPERMARKET,"FOOD CUPBOARD",BISCUITS
MKL,167241,"COWBELL MILK POWDER VITARICH  SACHET 14G  240",2.19,0,SUPERMARKET,"FOOD CUPBOARD","MILK AND CREAMERS"
MKL,21722,"SAIRO HAND SOAP SEL MARINE 500ML  12",28.99,0,SUPERMARKET,"HOME AND PERSONAL CARE","PERSONAL WASH"
MKL,53438,"COLGATE TP LIQUID CALCIUM 230G VALUE PACK  48",27.99,0,SUPERMARKET,"HOME AND PERSONAL CARE","ORAL CARE"
MKL,58187,"COLGATE TOOTHPASTE HERBAL 70ML  72",11.99,0,SUPERMARKET,"HOME AND PERSONAL CARE","ORAL CARE"
MKL,98736,"SIBLOU WHITE TUNA IN WATER 170G 48",41.99,0,SUPERMARKET,"FOOD CUPBOARD","CANNED FOOD"
MKL,X936,"LAUGHING COW LAVACHE QUIRIT CHEESE  8PCS 112G 36",28.99,0,SUPERMARKET,"FRESH DAIRY AND EGGS",cheeses
MKL,120648,"JK A4 PAPER 80 GSM",79.99,0,STATIONERY,"OFFICE STATIONERY",PAPER
MKL,153246,"DINING SET 1+4 D01150L",1849,0,FURNITURE,"DINING SETS","4 SEATER SET"
MKL,178592,"VACCUM MUG 1200ML SSTEEL STEN TYPE YWU",99,0,"HOUSEWARE & KITCHENWARE",DINNERWARE,"METAL MUGS"
MKL,30583,"LISTERINE COOL MINT MILDER(ZERO MILD ) 500ML  6",69.99,0,SUPERMARKET,"HOME AND PERSONAL CARE","ORAL CARE"
MKL,49721,"SIBLOU LIGHT MEAT TUNA CHUNK IN RED CHILLI 160G 48",29.99,0,SUPERMARKET,"FOOD CUPBOARD","CANNED FOOD"
MKL,55557,"PRAN GUAVA JUICE TETRA PACK 1L  12",22.99,0,SUPERMARKET,BEVERAGES,JUICE
MKL,60471,"TUMBLER 6PCS SET OCA 400ML 76290200771876",29.9,0,"HOUSEWARE & KITCHENWARE",GLASSWARE,"GLASS / TUMBLER /WINE / CHAMPAGNE"
MKL,67741,"ALVARO PEAR PET 330ML  12",10.49,0,SUPERMARKET,BEVERAGES,JUICE
MKL,83614,"GOLDCOAST NATURAL COCOA POWDER UNSWEETENED 400G 12",64.99,0,SUPERMARKET,BEVERAGES,"DRINKING POWDERS"
MKL,96249,"GOLFERS SHOT BARREL AGED WHISKY GLASS MC 750ML 6",169.99,0,SUPERMARKET,"BEVERAGES ALCOHOLIC",WHISKEY
MKL,CL602,"BASIN 9LTR 36CMX13CM",13.9,0,"HOUSEWARE & KITCHENWARE",LAUNDARY,"BUCKETS AND BASINS"
MKL,D586,"GOODYS SHITO BEEF HOT/ MILD 320G 12",74.99,0,SUPERMARKET,"FOOD CUPBOARD","PEPPER SAUCE"
MKL,08813,"WC NET INTENSE GEL LAVENDER FRESH 750ML  12",53.99,0,SUPERMARKET,"HOME AND PERSONAL CARE","HOUSEHOLD CLEANERS"
MKL,100506,"LONG MOUNTAIN NATURAL SWEET RED WINE 750ML 6",65.99,0,SUPERMARKET,"BEVERAGES ALCOHOLIC",WINES
MKL,101996,"RAINBOW CONTAINER 7PCS SET PP21737",69,0,"HOUSEWARE & KITCHENWARE","STORAGE AND ORGANIZER","STORAGE CONTAINERS"
MKL,103889,"BLING DISINFECTANT GARDENIA 5L  4",57.99,0,SUPERMARKET,"HOME AND PERSONAL CARE","HOUSEHOLD CLEANERS"
MKL,121769,"ROSALINDA MACKEREL 425G  24",21.99,0,SUPERMARKET,"FOOD CUPBOARD","CANNED FOOD"
MKL,122216,"AIRPRO AIRFRSHNER ORG.CAN SWEET PINEAPPLE 42G  24",39.99,0,SUPERMARKET,"HOME AND PERSONAL CARE",FRESHENERS
MKL,148849,"CUP CAKE STAND 5TIER GOLDSILVER YWU",14.9,0,"HOUSEWARE & KITCHENWARE",BAKEWARE,"BAKING TOOLS AND ACCESSORIES"
MKL,159761,"MUNCHEE ANYTIME CRACKER BISCUITS 46G  48",2.49,0,SUPERMARKET,"FOOD CUPBOARD",BISCUITS
MKL,168968,"TCL AC SPLIT 1.5HP INVERTER TAC-12CSA/XA73I",6199,0,"ELECTRICAL APPLIANCES","AIR CONDITIONING","SPLIT AC"
MKL,180223,"KLEANZ HAND SOAP APPLE ANTIBACTERIAL 500ML 24",22.99,0,SUPERMARKET,"HOME AND PERSONAL CARE","PERSONAL WASH"
MKL,S597,"PEAK FULL CREAM UHT MILK 1L 12",37.49,0,SUPERMARKET,"FOOD CUPBOARD","MILK AND CREAMERS"
MKL,119594,"FARAGELLO GOLD MANGO NECTAR GLASS BOTTLE 250ML  24",11.99,0,SUPERMARKET,BEVERAGES,JUICE
MKL,130793,"TOREN LEMON DEEP FLAV CRISPY WAF 55G 144",6.29,0,SUPERMARKET,"FOOD CUPBOARD",BISCUITS
MKL,131321,"STORM ENERGY DRINK 350ML 12",6.79,0,SUPERMARKET,BEVERAGES,DRINKS
MKL,154896,"FRIDGE BOTTLE 1000ML PLASTIC FLORENCE",9.9,0,"HOUSEWARE & KITCHENWARE","FLASK AND BOTTLES",BOTTLE
MKL,161965,"OIL&VINEGAR CRUET 245ML GLASS C-00517",9.9,0,"HOUSEWARE & KITCHENWARE",KITCHENWARE,"SAUCE/ VINEGAR/ BOTTLES AND SETS"
MKL,164672,"DINNER SET 12PCS SET CERAMIC ET-0220-1",99,0,"HOUSEWARE & KITCHENWARE",DINNERWARE,DINNER-SETS
MKL,167244,"MIKSI STRAWBERRY SACHET 35G  120",3.29,0,SUPERMARKET,BEVERAGES,"DRINKING POWDERS"
MKL,185788,"MCVITIES BUTTER SHORTBREAD BITES 25G  48",7.59,0,SUPERMARKET,"FOOD CUPBOARD",BISCUITS
MKL,94193,"CUP WSWIRL LID AND STRAW KIDS PLASTIC 42215801 YWU",9.9,0,"HOUSEWARE & KITCHENWARE","FLASK AND BOTTLES","CUPS AND TUMBLERS"
MKL,94243,"MADAR DETERGENT POWDER 400G  12",16.99,0,SUPERMARKET,"HOME AND PERSONAL CARE","LAUNDRY CARE"
MKL,CL591,"QUEEN OF CASSEROLE 2PCS SET 850 1350 MLSSI SSPD",62.9,0,"HOUSEWARE & KITCHENWARE",SERVEWARE,CASSEROLES
MKL,X616,"PRINGLES PIZZA FLAVOUR 165G  19",44.99,0,SUPERMARKET,"FOOD CUPBOARD",SNACKS
MKL,102315,"TOILET BRUSH P-8038",14.9,0,"HOUSEWARE & KITCHENWARE","HOME HYGIENE","TOILET BRUSHES"
MKL,112542,"SLOTTED LADLE B SSNYLON LX165595B YWU",9.9,0,"HOUSEWARE & KITCHENWARE","KITCHEN TOOLS AND CULTARY","COOKING TOOL LADLES AND SERVERS"
MKL,116098,"BATHROOM SCALE WBATTERIES CHN PP1400V0",129,0,"HOUSEWARE & KITCHENWARE","WEIGHING SCALE","BATHROOM SCALE"
MKL,121458,"PLATINUM SUNFLOWER OIL 900ML  12",47.99,0,SUPERMARKET,"FOOD CUPBOARD","EDIBLE OILS AND GHEE"
MKL,123176,"OCEAN BEER MUG SET 2PCS 355ML MUNICH 0003",59,0,"HOUSEWARE & KITCHENWARE",GLASSWARE,"BEER MUGS AND BEER GLASS"
MKL,125258,"SAIRO FAMILY SHOWER GEL SPA 750ML  12",29.99,0,SUPERMARKET,"HOME AND PERSONAL CARE","PERSONAL WASH"
MKL,125869,"POPIZZ SPARKLING DRINK APPLE 750ML  6",49.99,0,SUPERMARKET,"BEVERAGES ALCOHOLIC",WINES
MKL,126230,"AIRPRO A/FRSHNER UFO MEMBRANE P.COLADA 6.5ML 24",29.99,0,SUPERMARKET,"HOME AND PERSONAL CARE",FRESHENERS
MKL,141413,"SALT&PEPPER SET ROUND 6X5.5CM 56042-J",9.9,0,"HOUSEWARE & KITCHENWARE",KITCHENWARE,"SALT AND PEPPER/CRUETS"
MKL,163165,"MCVITIES DIGESTIVE 52G  24",4.99,0,SUPERMARKET,"FOOD CUPBOARD",BISCUITS
MKL,174979,"NERO COLA CARBONATED PET DRINK 350ML 20",3.19,0,SUPERMARKET,BEVERAGES,DRINKS
MKL,46602,"PARIDOX FRESH ALATA SAMINA SOAP LEMON 500G  20",43.99,0,SUPERMARKET,"HOME AND PERSONAL CARE","PERSONAL WASH"
MKL,48195,"FLORA GIANT MULTI PURPOSE TOWEL 6",44.99,0,SUPERMARKET,"HOME AND PERSONAL CARE",DISPOSABLE
MKL,55555,"MELCOM SUPERSAVER CARD SILVER",20,0,MISCELLANEOUS,MISCELLANEOUS,"GIFT VOUCHERS"
MKL,08770,"COUNTRE MILK CHOCOLATE 500ML 18",35.99,0,SUPERMARKET,BEVERAGES,DRINKS
MKL,137007,"PEPSODENT TOOTHPASTE (CAVITY FIGHTER) 110G 72",12.99,0,SUPERMARKET,"HOME AND PERSONAL CARE","ORAL CARE"
MKL,14805,"DEVA ALOE VERA LIQUID HAND SOAP 350ML 24",18.99,0,SUPERMARKET,"HOME AND PERSONAL CARE","PERSONAL WASH"
MKL,161978,"SALT&PEPPER SHAKER SET 245ML GLASS C-00153",14.9,0,"HOUSEWARE & KITCHENWARE",KITCHENWARE,"SALT AND PEPPER/CRUETS"
MKL,184609,"SOUP BOWL 7"" CERAMIC STKLT SK08 RJK",9.9,0,"HOUSEWARE & KITCHENWARE",DINNERWARE,BOWLS
MKL,186703,"LUNCH SET 2PCS PLASTIC KIDS BTS RJK 1810A",42.9,0,"HOUSEWARE & KITCHENWARE","STORAGE AND ORGANIZER","LUNCH BOXES TIFFINS AND FOOD FLASK"
MKL,189566,"KENWOOD STANDING FAN 16"" IFP16.000BK",499,0,"ELECTRICAL APPLIANCES",FAN,"STANDING FAN"
MKL,190051,"BEER GLASS 500ML 2PCS SET  YWU",24.9,0,"HOUSEWARE & KITCHENWARE",GLASSWARE,"BEER MUGS AND BEER GLASS"
MKL,197116,"MCBERRY DUBAI CHOCOLATE ORIGINAL WAFER 20G 144",1.09,0,SUPERMARKET,"FOOD CUPBOARD",BISCUITS
MKL,23063,"CUSSONS BABY OIL (MILD&GENT.) 100ML 48",12.49,0,SUPERMARKET,"HOME AND PERSONAL CARE","INFANT AND BABY CARE"
MKL,68217,"JULIET BEAUTY SOAP ALOE VERA 225G 36",12.99,0,SUPERMARKET,"HOME AND PERSONAL CARE","PERSONAL WASH"
MKL,90603,"CURTAIN ROD SINGLE 120 TO 210 11032-210AB",119,0,"HOME DECOR & TEXTILES","CURTAIN RODS","CURTAIN RODS"
MKL,98478,"AMALFI HAND SOAP PEACH  500ML 12",25.99,0,SUPERMARKET,"HOME AND PERSONAL CARE","PERSONAL WASH"
MKL,A794,"VOLTIC MINERAL WATER 750ML 12",2.89,0,SUPERMARKET,BEVERAGES,"MINERAL WATER"
MKL,X615,"PRINGLES ORIGINAL 40G 12",19.99,0,SUPERMARKET,"FOOD CUPBOARD",SNACKS
MKL,103781,"SAIRO SAVON LIQUID  HAND WASH STRAWBERRY 500ML 12",24.99,0,SUPERMARKET,"HOME AND PERSONAL CARE","PERSONAL WASH"
MKL,124096,"TOILET BRUSH 1909992",44.9,0,"HOUSEWARE & KITCHENWARE","HOME HYGIENE","TOILET BRUSHES"
MKL,125264,"ROMAR FABRIC SOFTENER CONC. SPA  2L  6",84.99,0,SUPERMARKET,"HOME AND PERSONAL CARE","LAUNDRY CARE"
MKL,126471,"JUVER DISFRUTA  APPLE DRINK 330ML 18",14.49,0,SUPERMARKET,BEVERAGES,JUICE
MKL,132156,"MAT ANTI-SLIP 30X150CM GS220721D",5.9,0,"HOME DECOR & TEXTILES","HOME FURNISHING","BATH LINEN"
MKL,14809,"DEVA COCONUT LIQUID HAND SOAP 350ML 24 10205",19.49,0,SUPERMARKET,"HOME AND PERSONAL CARE","PERSONAL WASH"
MKL,149011,"MCBERRY MILK CREAM POUND CAKE 30G  144",2.29,0,SUPERMARKET,"FOOD CUPBOARD",SNACKS
MKL,200294,"H&H MACKEREL IN TOMATO SAUCE 155G 50",11.99,0,SUPERMARKET,"FOOD CUPBOARD","CANNED FOOD"
MKL,202512,"MONTY MOON CHIPS CHOCO 25G  50",2.99,0,SUPERMARKET,"FOOD CUPBOARD",SAVOURIES
MKL,40322,"JUVER DISFRUTA NECTA FRUTAS TROPICAL JUICE 1L  12",31.99,0,SUPERMARKET,BEVERAGES,JUICE
MKL,97665,"MJ-S MAYONNAISE ORIGINAL 946ML (32OZ)  12",61.99,0,SUPERMARKET,"FOOD CUPBOARD","SPREADS AND TOPPING"
MKL,102192,"PLATINUM SUNFLOWER OIL 900ML  15",44.99,0,SUPERMARKET,"FOOD CUPBOARD","EDIBLE OILS AND GHEE"
MKL,117263,"DOMS SPORTS COLLECTABLE CAR ERASER DISPLAY 7285",3.9,0,STATIONERY,"GENERAL STATIONERY","   WRITING SUPPLIES"
MKL,122217,"AIRPRO TOUCH &SPRAY AIRFRSHNER FR.VANILLA 36ML 6",35.99,0,SUPERMARKET,"HOME AND PERSONAL CARE",FRESHENERS
MKL,164847,"COOKWARE 5PCS SET DSP",999,0,"HOUSEWARE & KITCHENWARE",COOKWARE,"COOKWARE SET"
MKL,175866,"KISS VODKA MIX 18% DRINK 250ML 24",15.29,0,SUPERMARKET,"BEVERAGES ALCOHOLIC","VODKA BOTTLES"
MKL,X679,"MAGGI AROME 250ML 24",29.49,0,SUPERMARKET,"FOOD CUPBOARD",CONDIMENTS
MKL,138924,"GEISHA COCONUT MILK  HONEY V1 180G   36",15.49,0,SUPERMARKET,"HOME AND PERSONAL CARE","PERSONAL WASH"
MKL,156650,"KIDS TUMBLER WLID AND STRAW 450ML PLASTIC T002 YWU",59,0,"HOUSEWARE & KITCHENWARE","FLASK AND BOTTLES","CUPS AND TUMBLERS"
MKL,157462,"CROWNSTAR COOKWARE 6PC SET MC2228 RK",349,0,"HOUSEWARE & KITCHENWARE",COOKWARE,"COOKWARE SET"
MKL,167396,"DINNER PLATE 10INCHES CERAMIC EMBOSSED WBCE105 RJK",16.9,0,"HOUSEWARE & KITCHENWARE",DINNERWARE,PLATE
MKL,172208,"MCBEERY LOVAN 2X CHOCOLATE WAFER 15G 144",1.19,0,SUPERMARKET,"FOOD CUPBOARD",BISCUITS
MKL,185445,"CURTAIN BKT GROM BROWN 54X90"" 02-PA-7261C",109,0,"HOME DECOR & TEXTILES",CURTAINS,"GROMMET CURTAINS"
MKL,51038,"ENERGIZER BATTERY LITHIUM 3V ECR2025-LITHIUM",25,0,"ELECTRICAL APPLIANCES",BATTERIES,BATTERY
MKL,07023,"YAZZ SANITARY PAD  EXTRA LONG MINTY 24",17.99,0,SUPERMARKET,"HOME AND PERSONAL CARE","FEMININE CARE"
MKL,100687,"APPLE LAUNDRY BASKET WITH LID BIG REC-78",9.9,0,"HOUSEWARE & KITCHENWARE",LAUNDARY,"LAUNDRY BASKET/ITEMS"
MKL,141435,"SKIMMER PIPE HANDLE 9  59054",9.9,0,"HOUSEWARE & KITCHENWARE","KITCHEN TOOLS AND CULTARY","COOKING TOOL LADLES AND SERVERS"
MKL,162267,"DZIRE MOSQUITO SWATTER W/UV LAMP MRL-I388",129,0,"ELECTRICAL APPLIANCES",ELECTRICALS,"ELE ACCESSORIES"
MKL,164132,"SOAP DISPENSER PUMP BLACKSTORY PLASTIC 161240-010",24.9,0,"HOUSEWARE & KITCHENWARE",BATHROOM,"SOAP DISH CASE DISPENSERS"
MKL,168858,"CHEF KNIFE 75 S2510 RJK",16.9,0,"HOUSEWARE & KITCHENWARE","KNIFE AND CHOPPING BOARD","SINGLE KNIFE"
MKL,18767,"VITAMILK BANANA 300ML  24",16.99,0,SUPERMARKET,BEVERAGES,DRINKS
MKL,95658,"AMALFI HAND SOAP  ALOE VERA 500ML   12",25.99,0,SUPERMARKET,"HOME AND PERSONAL CARE","HOUSEHOLD CLEANERS"
MKL,CL607,"BUCKET WITH LID 10LTR 28CMX28CM",22.9,0,"HOUSEWARE & KITCHENWARE",LAUNDARY,"BUCKETS AND BASINS"
MKL,N037,"BULLET ENERGY DRINK ORIGINAL 250ML  24",11.99,0,SUPERMARKET,BEVERAGES,DRINKS
MKL,100798,"ZOMBA RED COCKTAIL 0% ALC 750ML 6",42.49,0,SUPERMARKET,"BEVERAGES ALCOHOLIC",WINES
MKL,103854,"BINATONE BLENDER W/MILL 1.5L 350W BLG 460",669,0,"ELECTRICAL APPLIANCES","FOOD PROCESSOR/BLENDER",BLENDERS
MKL,153419,"VACUUM FLASK MIRACLE MASTERCHEF MC-F3217",69,0,"HOUSEWARE & KITCHENWARE","FLASK AND BOTTLES",FLASK
MKL,156293,"ASEDA POP CORN KERNEL 500G  12",21.99,0,SUPERMARKET,"FOOD CUPBOARD",SNACKS
MKL,160122,"PARLE SIMPLY GOOD CEREAL BISCUITS 25G  72",1.09,0,SUPERMARKET,"FOOD CUPBOARD",BISCUITS
MKL,184369,"NERO PRIME WATER 500ML  15",1.89,0,SUPERMARKET,BEVERAGES,"MINERAL WATER"
MKL,186699,"RAINBOW CONTAINER 5PC SET ROUND PLASTIC RJK 2020-5",34.9,0,"HOUSEWARE & KITCHENWARE","STORAGE AND ORGANIZER","STORAGE CONTAINERS"
MKL,28412,"COOKWARE SET 8PCS PALU CROWNSTAR RJK 3094MC1094",849,0,"HOUSEWARE & KITCHENWARE",COOKWARE,"COOKWARE SET"
MKL,75250,"TUMBLER WILLY 380ML DXB L4698N7794",6.9,0,"HOUSEWARE & KITCHENWARE",GLASSWARE,"GLASS / TUMBLER /WINE / CHAMPAGNE"
MKL,N071,"SUNNY BROWN SUGAR SACHET 800G  30",40.99,0,SUPERMARKET,"FOOD CUPBOARD","SALT  SUGAR AND JAGGERY"
MKL,187185,"COOKING BRUSH SILICONE RJK B-D600KA0520",19.9,0,"HOUSEWARE & KITCHENWARE","KITCHEN TOOLS AND CULTARY","COOKING BRUSH"
MKL,31691,"AKAI INSECT KILLER 1X6W IK001-1X6W/IK004",189,0,"ELECTRICAL APPLIANCES",ELECTRICALS,"ELE ACCESSORIES"
MKL,A992,"CERES PINEAPPLE FRUIT JUICE 1L 12",39.49,0,SUPERMARKET,BEVERAGES,JUICE
MKL,X539,"VEGA CONDENSED MILK 1KG  24",39.99,0,SUPERMARKET,"FOOD CUPBOARD","MILK AND CREAMERS"
MKL,131467,"OBA EVAPORATED MILK 160G 48",8.29,0,SUPERMARKET,"FOOD CUPBOARD","MILK AND CREAMERS"
MKL,137496,"BUMBLE BABY WET WIPES ROSE DREAM 120PCS   12",31.99,0,SUPERMARKET,"HOME AND PERSONAL CARE","INFANT AND BABY CARE"
MKL,14826,"DEVA SOFTENER FLORAL 2L   6",83.99,0,SUPERMARKET,"HOME AND PERSONAL CARE","LAUNDRY CARE"
MKL,164399,"MUG EMBOSSED 280ML WK24004 RJK",4.9,0,"HOUSEWARE & KITCHENWARE",DINNERWARE,MUGS
MKL,166265,"LAV TUMBLER 3PCS SET LV-EMP368A",39.9,0,"HOUSEWARE & KITCHENWARE",GLASSWARE,"GLASS / TUMBLER /WINE / CHAMPAGNE"
MKL,168192,"OMO HANDWASH POWDER 600G  36",40.99,0,SUPERMARKET,"HOME AND PERSONAL CARE","LAUNDRY CARE"
MKL,190728,"MANICURE 5PCS SET YWU",19.9,0,"HOUSEWARE & KITCHENWARE",BATHROOM,"BATHROOM ACCESSORIES"
MKL,30033,"VEGA THAI HOM MALI JASMINE RICE 5KG  5",249.99,0,SUPERMARKET,"FOOD CUPBOARD","RAW RICE"
MKL,86785,"SCOURER 5PCS SET YWU",6.9,0,"HOUSEWARE & KITCHENWARE","HOME HYGIENE","BROOM BRUSHES DUSTPANS"
MKL,87583,"JAF-K ROASTED GROUNDNUT 220G  24",24.99,0,SUPERMARKET,"FOOD CUPBOARD",SNACKS
MKL,95804,"GIFT BAG 26X32X10CM",9.9,0,"HOME DECOR & TEXTILES","XMAS SEASONAL","xmas season"
MKL,09224,"ALWAYS ULTRA THIN LONG WITH WINGS 8PADS X 16",22.99,0,SUPERMARKET,"HOME AND PERSONAL CARE","FEMININE CARE"
MKL,105969,"MUTLU SPAGHETTI 400G 20",9.49,0,SUPERMARKET,"FOOD CUPBOARD","PASTA AND SPAGHETTI"
MKL,156706,"LADLE SPOON SSTEEL YWU",29.9,0,"HOUSEWARE & KITCHENWARE","CUTLERY ITEMS","SPOONS FORKS KNIFE AND CUTLERY SET"
MKL,183268,"BEER GLASS 6PCS SET 390ML WILLY BW 4514 RJK",49.9,0,"HOUSEWARE & KITCHENWARE",GLASSWARE,"BEER MUGS AND BEER GLASS"
MKL,80959,"CUP WSTRAW AND DOME LID 500ML KIDS PLASTIC YWU",24.9,0,"HOUSEWARE & KITCHENWARE",DINNERWARE,CUP
MKL,91197,"SAIRO BATH&SHOWER GEL STRAWBERRY SENSATION 750M  8",51.99,0,SUPERMARKET,"HOME AND PERSONAL CARE","PERSONAL WASH"
MKL,119648,"MUTLU BIG ELBOW 400G  20",12.99,0,SUPERMARKET,"FOOD CUPBOARD","NOODLES AND SOUP"
MKL,135070,"DECAKILA KETTLE 1.7L 2200W PLASTIC KEKT027W",149,0,"ELECTRICAL APPLIANCES",KETTLE,"PLASTIC KETTLE"
MKL,167767,"COOKWARE 6PCS SET 2MM STEEL HROLAND HR1314 RJK",649,0,"HOUSEWARE & KITCHENWARE",COOKWARE,"COOKWARE SET"
MKL,170089,"CLASSIC JAR 1000ML 80817",12.9,0,"HOUSEWARE & KITCHENWARE","STORAGE AND ORGANIZER","STORAGE CONTAINERS"
MKL,198394,"ENA PA MACKEREL IN TOMATO SAUCE 100G  50",6.49,0,SUPERMARKET,"FOOD CUPBOARD","CANNED FOOD"
MKL,202224,"LG LED TV 55"" SAT SMART UHD 55UA85006LA",10999,0,"ELECTRONICS & TELECOM","LED TV","SMART TV"
MKL,85346,"RIOS DE CHILE CARMENERE WINE 13.5% VOL 750ML  6",89.99,0,SUPERMARKET,"BEVERAGES ALCOHOLIC",WINES
MKL,97129,"KLEANZ HAND SANITIZER 300ML  4",28.99,0,SUPERMARKET,"HOME AND PERSONAL CARE","PERSONAL WASH"
MKL,N642,"EVERPACK SPOON PLASTIC 50PCS  40",9.49,0,SUPERMARKET,"HOME AND PERSONAL CARE",DISPOSABLE
MKL,138920,"GEISHA ALOE VERA  HONEY SOAP 250G 36",18.99,0,SUPERMARKET,"HOME AND PERSONAL CARE","PERSONAL WASH"
MKL,16899,"PLATINUM MACKEREL IN TOMATO SAUCE 425G 24",22.99,0,SUPERMARKET,"FOOD CUPBOARD","CANNED FOOD"
MKL,174980,"NERO ORANGE CARBONATED PET DRINK 350ML 20",3.19,0,SUPERMARKET,BEVERAGES,DRINKS
MKL,186838,"MY FIRST 1000 WORDS",29,0,STATIONERY,"CHILDREN BOOKS AND GEN REF","BOOKS AND LEARNINGS"
MKL,26352,"SAIRO MELON HAND WASH 500ML 12",28.99,0,SUPERMARKET,"HOME AND PERSONAL CARE","PERSONAL WASH"
MKL,39465,"CAMPARI BITTERS 1L 6",298.99,0,SUPERMARKET,"BEVERAGES ALCOHOLIC",LIQUER
MKL,82390,"BINATONE AVR 2KVA DVS-2000",1159,0,"ELECTRICAL APPLIANCES",ELECTRICALS,AVR/AVS
MKL,97249,"SAIRO ROLL- ON  MEN STRESS CARE 50ML   12",23.99,0,SUPERMARKET,"HOME AND PERSONAL CARE",FRAGRANCES
MKL,CL737,"BUCKET 3LTR OPAQUE 18CMX19 CM",9.9,0,"HOUSEWARE & KITCHENWARE",LAUNDARY,"BUCKETS AND BASINS"
MKL,100666,"MASTERCHEF SKIMMER NYLON MC32209 RJK",19.9,0,"HOUSEWARE & KITCHENWARE","KITCHEN TOOLS AND CULTARY","COOKING TOOL LADLES AND SERVERS"
MKL,112265,"TEA SPOON 6PCS SET SSTEEL 2673 YWU",26.9,0,"HOUSEWARE & KITCHENWARE","CUTLERY ITEMS","SPOONS FORKS KNIFE AND CUTLERY SET"
MKL,132705,"DZIRE HOT PLATE SINGLE 1000W HPSS1000-6122A",129,0,"ELECTRICAL APPLIANCES","HOTPLATE  BBQ  GRILL","HOT PLATE"
MKL,190057,"GLASS JAR 7PCS SET GOLD 1500ML220ML YWU",99,0,"HOUSEWARE & KITCHENWARE",GLASSWARE,"CANISTERS AND JARS"
MKL,27769,"WC NET BLEACH GEL OCEAN FRESH  750ML 12",53.99,0,SUPERMARKET,"HOME AND PERSONAL CARE","HOUSEHOLD CLEANERS"
MKL,54999,"CAREX HANDWASH ALOE VERA 250ML  12",24.99,0,SUPERMARKET,"HOME AND PERSONAL CARE","PERSONAL WASH"
MKL,70868,"STARKIST TUNA FLAKES FISH WITH PEPPER 160G  24",36.99,0,SUPERMARKET,"FOOD CUPBOARD","CANNED FOOD"
MKL,CL693,"TIARA BOWL WLID 2800ML 25CMX22CMX10CM",18.9,0,"HOUSEWARE & KITCHENWARE",SERVEWARE,"SERVING BOWL"
MKL,101110,"ZOMBA BLUE COCKTAIL 0% ALC 750ML 6",42.49,0,SUPERMARKET,"BEVERAGES ALCOHOLIC",WINES
MKL,106818,"SHINE PAPER PLATES SQUARE 18CM  (25PCS)  20",20.49,0,SUPERMARKET,"HOME AND PERSONAL CARE",DISPOSABLE
MKL,109286,"CUSSONS BABY JELLY  210G  24",27.99,0,SUPERMARKET,"HOME AND PERSONAL CARE","INFANT AND BABY CARE"
MKL,124808,"BASKET TRAY MULTIPURPOSE PLASTIC TP-593",4.9,0,"HOUSEWARE & KITCHENWARE","STORAGE AND ORGANIZER",BASKET
MKL,125282,"DZIRE TV BRACKET W/TILT 26""-50"" TB2650T-P1102",89,0,"ELECTRONICS & TELECOM","VIDEO ACCESSORIES","TV BRACKET AND ACCESSORIES"
MKL,125284,"DZIRE TV BRACKET FULL MOTION 26""-50"" TB2650FU-43P",189,0,"ELECTRONICS & TELECOM","VIDEO ACCESSORIES","TV BRACKET AND ACCESSORIES"
MKL,148626,"HOOKS 4UNITS OVER THE DOOR SSTEEL YWU",24.9,0,"HOUSEWARE & KITCHENWARE",LAUNDARY,HOOKS
MKL,155545,"HOOK DAISY 3 X SET OF 2 PLASTIC BG-258",9.9,0,"HOUSEWARE & KITCHENWARE",LAUNDARY,HOOKS
MKL,166545,"WATER BOTTLE 1380ML PLASTIC PNP3315",9.9,0,"HOUSEWARE & KITCHENWARE","FLASK AND BOTTLES",BOTTLE
MKL,177900,"TOREN WAFERS BUBBLE GUM CREAM  55G  144",6.29,0,SUPERMARKET,"FOOD CUPBOARD",BISCUITS
MKL,189567,"KENWOOD STANDING FAN 18"" IFP18.000BK",699,0,"ELECTRICAL APPLIANCES",FAN,"STANDING FAN"
MKL,61187,"WC NET  INTENSE GEL MOUNTAIN FRESH  750ML  12",53.99,0,SUPERMARKET,"HOME AND PERSONAL CARE","HOUSEHOLD CLEANERS"
MKL,CL757,"MMFORA CHAIR 40CMX36CMX57CM",69,0,"HOUSEWARE & KITCHENWARE","HOUSE HOLD PRODUCTS","HOUSE HOLD"
MKL,102613,"CERES SEASON-S TREASURES JUICE 1L 12",39.49,0,SUPERMARKET,BEVERAGES,JUICE
MKL,105077,"VITAMILK STRAWBERRY 300ML 24",16.99,0,SUPERMARKET,BEVERAGES,DRINKS
MKL,118282,"FARAGELLO GOLD APPLE NECTAR  BOTTLE 250ML  24",11.99,0,SUPERMARKET,BEVERAGES,JUICE
MKL,26950,"VOLTPLUS AVR 2KVA W/110V ASSIST OUTPUT AVR-6022",779,0,"ELECTRICAL APPLIANCES",ELECTRICALS,AVR/AVS
MKL,36775,"FROSTY BITE ICE CREAM CHOCOLATE TUB 1800ML 1",64.99,0,SUPERMARKET,"FROZEN FOOD",ICE-CREAM
MKL,76087,"TOP CHOCO CHOCOLATE SPREAD 250G  18",23.49,0,SUPERMARKET,"FOOD CUPBOARD","SPREADS AND TOPPING"
MKL,115802,"DZIRE GAS STOVE 2B GLASS TGGP2B-BW2201",449,0,"GAS COOKER & ACCESSORIES","GAS COOKER","TABLE TOP GAS STOVE"
MKL,127755,"PAPER BOX CAKE DOUBLE TIER 12 335X335X28CM YWU",39.9,0,"HOUSEWARE & KITCHENWARE",BAKEWARE,MOULDS
MKL,160513,"STRAINER COLLAPSIBLE PLASTIC 18X24 SQ PLASTIC YWU",12.9,0,"HOUSEWARE & KITCHENWARE","KITCHEN TOOLS AND CULTARY","STRAINER AND FILTERS"
MKL,185378,"4PCS BEDSHEET SET K 270X250CM PRINT ASS 03-BT-1033",159,0,"HOME DECOR & TEXTILES","BED SHEET","KING SIZE BEDSHEET"
MKL,64715,"PARLE RIK RAK CHOCOLATE FILLED WAFER 18G 72",1.09,0,SUPERMARKET,"FOOD CUPBOARD",BISCUITS
MKL,70033,"DOORMAT USA 44X66",49.9,0,"HOME DECOR & TEXTILES","FLOOR MATS","DOOR MAT"
MKL,82385,"BINATONE INDUSTRIAL STANDING FAN 30"" HDF3020",2269,0,"ELECTRICAL APPLIANCES",FAN,"INDUSTRIAL FAN"
MKL,97692,"LA SALUD NEUTRAL HOUSEHOLD CLEANER 1.5L 8",40.99,0,SUPERMARKET,"HOME AND PERSONAL CARE","HOUSEHOLD CLEANERS"
MKL,99678,"CURTAIN SHOWER ROD SINGLE EXT.  1.1-2",59,0,"HOME DECOR & TEXTILES","CURTAIN RODS","CURTAIN RODS"
MKL,106892,"PARLE GINGER SNAP COOKIES 52G  48",2.29,0,SUPERMARKET,"FOOD CUPBOARD",BISCUITS
MKL,107815,"PUMA COLA DRINK 350ML 16",3.29,0,SUPERMARKET,BEVERAGES,DRINKS
MKL,133972,"BEL ICE ALC. LEMON FLAVOURED DRINK 5.5% 330ML 24",8.49,0,SUPERMARKET,"BEVERAGES ALCOHOLIC",CIDER
MKL,156277,"MOLINERA SUGARFREE MULTIFRUIT JUICE 1L  12",29.99,0,SUPERMARKET,BEVERAGES,JUICE
MKL,169243,"BROOM WSTICK NAPOLI GBB24",34.9,0,"HOUSEWARE & KITCHENWARE","HOME HYGIENE","BROOM BRUSHES DUSTPANS"
MKL,172893,"TAMPICO APPLE PUNCH  JUICE 500ML 12",7.99,0,SUPERMARKET,BEVERAGES,JUICE
MKL,174259,"GINO JOLLOF TOMATO SEASONING MIX 60G  50",3.29,0,SUPERMARKET,"FOOD CUPBOARD",CONDIMENTS
MKL,179198,"MAGIC NANO TAPE 3CMX3M YW",29.9,0,STATIONERY,"PACKAGING AND MAILING","   TAPES AND DISPENSERS"
MKL,192915,"G&S HUNGRY CLASSIC VANILLA BREAD 350GMS 1",39.99,0,SUPERMARKET,BAKERY,BREADS
MKL,58699,"FLORA TABLE NAPKIN ASSORTED COLOURS (1X100X15)  15",6.99,0,SUPERMARKET,"HOME AND PERSONAL CARE",DISPOSABLE
MKL,CL608,"BUCKET WITH LID 15LTR 32CMX32CM",34.9,0,"HOUSEWARE & KITCHENWARE",LAUNDARY,"BUCKETS AND BASINS"
MKL,103049,"DISH CLOTH SET 3PCS COTTON DESIGNER DC-661",22.9,0,"HOME DECOR & TEXTILES","DISH CLOTHS AND NAPKINS","KITCHEN NAPKIN AND TOWELS"
MKL,137498,"BUMBLE BABY WET WIPES HONEYSUCKLE 72PCS   12",22.99,0,SUPERMARKET,"HOME AND PERSONAL CARE","INFANT AND BABY CARE"
MKL,48241,"DELTA JOY MULTIPURPOSE  TOWEL 250SHEET (21CM) 12",21.99,0,SUPERMARKET,"HOME AND PERSONAL CARE",DISPOSABLE
MKL,65363,"TAMPICO CITRUS PUNCH DRINK 500ML 12",7.99,0,SUPERMARKET,BEVERAGES,JUICE
MKL,99393,"DOOR HANGER 5720182339 YWU",4.9,0,"HOUSEWARE & KITCHENWARE",LAUNDARY,"CLOTH HANGERS"
MKL,CL738,"BUCKET 5LTR TRANSPARENT 21CMX23CM",14.9,0,"HOUSEWARE & KITCHENWARE",LAUNDARY,"BUCKETS AND BASINS"
MKL,107785,"GREEN WORLD  EXTRA KILLER INSECTICIDE 750ML  12",64.99,0,SUPERMARKET,"HOME AND PERSONAL CARE","INSECTICIDES AND RODENT CONTROL"
MKL,164027,"JOLLY BASKET -SMALL  PLASTIC 50360",9.9,0,"HOUSEWARE & KITCHENWARE","STORAGE AND ORGANIZER",BASKET
MKL,167757,"COOKWARE 6PCS SET 2MM STEEL HROLAND HR1311 RJK",399,0,"HOUSEWARE & KITCHENWARE",COOKWARE,"COOKWARE SET"
MKL,185364,"HAPPY FLAKES CUBE SUGAR 500G 24",18.99,0,SUPERMARKET,"FOOD CUPBOARD","SALT  SUGAR AND JAGGERY"
MKL,189519,"SMIRNOFF ICE DOUBLE BLACK CAN  330ML 24",18.49,0,SUPERMARKET,"BEVERAGES ALCOHOLIC",CIDER
MKL,72093,"4"" MATTRESS  27X72INCH HD STUDENT2 LAT",399,0,FURNITURE,MATTRESS,"Student Size"
MKL,97340,"CHALLENGE INSECTICIDE SPRAY  400ML  24",41.49,0,SUPERMARKET,"HOME AND PERSONAL CARE","INSECTICIDES AND RODENT CONTROL"
MKL,103969,"8PM HONEY WHISKY 750ML 12",104.99,0,SUPERMARKET,"BEVERAGES ALCOHOLIC",WHISKEY
MKL,40723,"EVERGREEN TISSUE PAPER 1 X15",6.99,0,SUPERMARKET,"HOME AND PERSONAL CARE",DISPOSABLE
MKL,79158,"COLGATE MOUTHWASH PLAX ICY SOFT MINT 250ML  24",51.99,0,SUPERMARKET,"HOME AND PERSONAL CARE","ORAL CARE"
MKL,115165,"VOLTPLUS EXTENSION SOCKET 3WAY 2M VP-EC3W2M1S",119,0,"ELECTRICAL APPLIANCES",ELECTRICALS,"EXTENSION CORD"
MKL,132415,"CUSHION 45X45CM SK210125",34.9,0,"HOME DECOR & TEXTILES","COVERS CUSHION/PILLOW/CHAIR",CUSHION
MKL,164044,"VACCUM FLASK 1200ML PLASTIC 161705-005",29.9,0,"HOUSEWARE & KITCHENWARE","FLASK AND BOTTLES",FLASK
MKL,164221,"MOLINERA RED GRAPE BOTTLE JUICE 1L   6",47.99,0,SUPERMARKET,BEVERAGES,JUICE
MKL,171739,"SIDE PLATE EMBOSSED CERAMIC 9 INCHES LDSSTK8",2.9,0,"HOUSEWARE & KITCHENWARE",DINNERWARE,PLATE
MKL,56629,"PAPILION SHOWER GEL FRUIT THERAPY  400ML  12",27.99,0,SUPERMARKET,"HOME AND PERSONAL CARE","PERSONAL WASH"
MKL,148623,"HOOKS 5UNITS OVER THE DOOR SSTEEL YWU",26.9,0,"HOUSEWARE & KITCHENWARE",LAUNDARY,HOOKS
MKL,167404,"DINNER PLATE PORCELAIN 1025 PDP1025 RJK",9.9,0,"HOUSEWARE & KITCHENWARE",DINNERWARE,PLATE
MKL,181959,"RAINBOW CONTAINER 5PCS SET PRINCE 5137-5",24.9,0,"HOUSEWARE & KITCHENWARE","STORAGE AND ORGANIZER","STORAGE CONTAINERS"
MKL,200226,"H&H CANNED MUSHROOM PIECES 400G  12",20.49,0,SUPERMARKET,"FOOD CUPBOARD","CANNED FOOD"
MKL,109786,"CONTAINER SET 4PCS LOCK&FIT PLASTIC  M-1069",109,0,"HOUSEWARE & KITCHENWARE","STORAGE AND ORGANIZER","STORAGE CONTAINERS"
MKL,14713,"EASY MOUZOO GUAVA TETRAPACK JUICE 1L 12",23.99,0,SUPERMARKET,BEVERAGES,JUICE
MKL,151038,"BIGOO GRAPES DRINK 350ML 20",2.99,0,SUPERMARKET,BEVERAGES,DRINKS
MKL,85565,"WHITE BLUE PREMIUM WHISKY WITH MONOCARTON 750ML 12",99.99,0,SUPERMARKET,"BEVERAGES ALCOHOLIC",WHISKEY
MKL,94946,"PEPSODENT TOOTHBRUSH JUNIOR 7-13YRS 1X60PC",8.99,0,SUPERMARKET,"HOME AND PERSONAL CARE","ORAL CARE"
MKL,N484,"MENTOS ICE GUM ORANGE MINT 12.9G 288",8.99,0,SUPERMARKET,"FOOD CUPBOARD",CONFECTIONERY
MKL,143194,"BOWL SOUP W/SPOON+FORK LEEZA 600ML MB-1",19.9,0,"HOUSEWARE & KITCHENWARE",DINNERWARE,BOWLS
MKL,178836,"AKAI HAIR STRAIGHTNER 45W HD010A-21323S",219,0,"ELECTRICAL APPLIANCES","HAIR DRESSINGMASSAGER","HAIR STRAIGHTNER"
MKL,201277,"TRACE & COLOUR BOOK",14.9,0,STATIONERY,"CHILDREN BOOKS AND GEN REF","BOOKS AND LEARNINGS"
MKL,72787,"HEAVEN NAPHTHALENE BALL (CANFA) 150G  120",10.99,0,SUPERMARKET,"HOME AND PERSONAL CARE","INSECTICIDES AND RODENT CONTROL"
MKL,CL137,"BOWL NTROWA 15LTR 44CMX15CM",19.9,0,"HOUSEWARE & KITCHENWARE",SERVEWARE,"SERVING BOWL"
MKL,180205,"PRINCESS POWDER S/S 200GR  4",14.99,0,SUPERMARKET,"HOME AND PERSONAL CARE","SKIN CARE"
MKL,35804,"ROYAL DADDY WHITE SUGAR 1KG 20",35.99,0,SUPERMARKET,"FOOD CUPBOARD","SALT  SUGAR AND JAGGERY"
MKL,116901,"WATER BOTTLE 800ML GRAPE SHAPE PLASTIC L00821",9.9,0,"HOUSEWARE & KITCHENWARE","FLASK AND BOTTLES",BOTTLE
MKL,183283,"ICECREAM CUP 6PC SET 250ML VANILLA PJ 929 RJK",59,0,"HOUSEWARE & KITCHENWARE",GLASSWARE,"ICE-CREAM CUPS AND BOWL /DESSERT SET"
MKL,188870,"BATHMAT 50X80CM BM-278 BEIGE CP",59,0,"HOME DECOR & TEXTILES","BATH AND LAUNDRY","BATH MATS"
MKL,198989,"PLATINUM JASMINE VIETNAMESE RICE 22.5KG",499.99,0,SUPERMARKET,"FOOD CUPBOARD","RAW RICE"
MKL,71239,"COOL BREEZE MEMBRANE AIR FRESHNER F.BREEZE 8ML  12",22.99,0,SUPERMARKET,"HOME AND PERSONAL CARE",FRESHENERS
MKL,84872,"PAINTING W/ FRAME 36X46CM FLOWER DESIGN",89,0,"HOME DECOR & TEXTILES","HOME DECOR","WallANDTable Decor"
MKL,95760,"CHRISTMAS DECORATION 4CM 12PCS 19BC467",16.9,0,"HOME DECOR & TEXTILES","XMAS SEASONAL","xmas season"
MKL,07014,"YAZZ WASHING POWDER 1KG 10",39.99,0,SUPERMARKET,"HOME AND PERSONAL CARE","LAUNDRY CARE"
MKL,179599,"CLAMP BINDER 25MM 8PCS/BOX",5.9,0,STATIONERY,"OFFICE STATIONERY","OFFICE BASIC AND STATIONERY"
MKL,61347,"ORIJIN BITTERS WITH HERBAL EXTRACTS 750ML  12",53.99,0,SUPERMARKET,"BEVERAGES ALCOHOLIC",BITTERS
MKL,80841,"RINGS FOR CURTAIN ROD METAL Q00128",1.9,0,"HOME DECOR & TEXTILES","CURTAIN ACESSORIES","ASSORTED ACCESSORIES"
MKL,92697,"TONG 12CM SSTEEL LX09090 YWU",14.9,0,"HOUSEWARE & KITCHENWARE","KITCHEN TOOLS AND CULTARY",TONGS
MKL,134090,"SANITA EASY LOCK  STORAGE BAG MEDIUM 50X20",35.99,0,SUPERMARKET,"HOME AND PERSONAL CARE",DISPOSABLE
MKL,145809,"BELPAK CLASSIC T- ROLL 10 ROLLS    6",36.99,0,SUPERMARKET,"HOME AND PERSONAL CARE",DISPOSABLE
MKL,181593,"NASCO FRIDGE DD 98L NASF2-13S",2799,0,"ELECTRICAL APPLIANCES",REFRIGERATOR,"DD TMF REFRIGERATOR"
MKL,187173,"CHEF KNIFE 8INCHES RJK ID-A838KD0001",29.9,0,"HOUSEWARE & KITCHENWARE","KNIFE AND CHOPPING BOARD","SINGLE KNIFE"
MKL,CL293,"DRUM WITH LID 70LTR 50CMX63CM",139,0,"HOUSEWARE & KITCHENWARE","HOUSE HOLD PRODUCTS","STORAGE DRUMS"
MKL,S949,"KRIS HAND&BODY LOTION ELEGANT YELLOW 100ML 72",6.49,0,SUPERMARKET,"HOME AND PERSONAL CARE","SKIN CARE"
MKL,104825,"KERRYGOLD FULL CREAM MILK POWDER TIN 400G 12",89.99,0,SUPERMARKET,"FOOD CUPBOARD","MILK AND CREAMERS"
MKL,128810,"STATIONARY SET STUDENTS 12YR+ LUXOR 6PCS 1301/6BC",19.9,0,STATIONERY,"GENERAL STATIONERY","   WRITING SUPPLIES"
MKL,168366,"MUG 445ML FAM2446ERS221119020 RJK",4.9,0,"HOUSEWARE & KITCHENWARE",DINNERWARE,MUGS
MKL,184617,"SIDE PLATE 9"" CERAMIC STKLT FP02 RJK",12.9,0,"HOUSEWARE & KITCHENWARE",DINNERWARE,PLATE
MKL,38491,"FRYTOL VEGETABLE COOKING OIL 4.5L 4",169.99,0,SUPERMARKET,"FOOD CUPBOARD","EDIBLE OILS AND GHEE"
MKL,40609,"NOVA LEMON DISHWASHING LIQUID 5L  4",115.99,0,SUPERMARKET,"HOME AND PERSONAL CARE","HOUSEHOLD CLEANERS"
MKL,71234,"COOL BREEZE MEMBRANE AIR FRESHENER LAVENDER 8ML 12",22.49,0,SUPERMARKET,"HOME AND PERSONAL CARE",FRESHENERS
MKL,86918,"NUTRISNAX OATS DIGESTIVE BISCUITS 70G  36",5.59,0,SUPERMARKET,"FOOD CUPBOARD",BISCUITS
MKL,134757,"BASKET TRAY PERFORATED PP50353",4.9,0,"HOUSEWARE & KITCHENWARE","STORAGE AND ORGANIZER",BASKET
MKL,177952,"COPY COLOURING BOOK SERIES ALPHA/NUMB 16PG 22X28CM",7.9,0,STATIONERY,"CHILDREN BOOKS AND GEN REF","BOOKS AND LEARNINGS"
MKL,103784,"GIVERS GLASS  CLEANER 750ML  20",17.99,0,SUPERMARKET,"HOME AND PERSONAL CARE","HOUSEHOLD CLEANERS"
MKL,140593,"STRAINER FINE MESH 650ML PLASTIC L-00840",34.9,0,"HOUSEWARE & KITCHENWARE","KITCHEN TOOLS AND CULTARY","STRAINER AND FILTERS"
MKL,X938,"EVEN  HALF CREAM UHT MILK 1L 12",53.99,0,SUPERMARKET,"FOOD CUPBOARD","MILK AND CREAMERS"
MKL,104520,"FRUTAIL CRANBERRY DRINK 1L  12",37.99,0,SUPERMARKET,BEVERAGES,JUICE
MKL,108989,"PLATINUM JASMINE VIETNAMESE RICE 4.5KG  5",84.99,0,SUPERMARKET,"FOOD CUPBOARD","RAW RICE"
MKL,191896,"KENWOOD RICE COOKER 1.8L WHITE 700W RCM18",599,0,"ELECTRICAL APPLIANCES","RICE/ MULTI COOKER","POT TYPE RICE COOKER"
MKL,32101,"EVERPACK TRASH BAG LARGE 55L  6",69.99,0,SUPERMARKET,"HOME AND PERSONAL CARE",DISPOSABLE
MKL,91312,"GALAXY WHITE SUGAR CUBE BOTTLE 700G 12",36.99,0,SUPERMARKET,"FOOD CUPBOARD","SALT  SUGAR AND JAGGERY"
MKL,N566,"AKWAABA TISSUE  SMALL SIZE 76SHEETS 36",7.99,0,SUPERMARKET,"HOME AND PERSONAL CARE",DISPOSABLE
MKL,110753,"HALA TRASH BAGS BIODEGRADABLE 10GALLONSX80   12",55.19,0,SUPERMARKET,"HOME AND PERSONAL CARE",DISPOSABLE
MKL,190049,"BEER GLASS 650ML FOOTBALL YWU",16.9,0,"HOUSEWARE & KITCHENWARE",GLASSWARE,"BEER MUGS AND BEER GLASS"
MKL,37659,"DEVA POWER BLEACH  5L 4",95.49,0,SUPERMARKET,"HOME AND PERSONAL CARE","HOUSEHOLD CLEANERS"
MKL,D123,"CONDOR PEAK MALBEC 750ML 12",79.99,0,SUPERMARKET,"BEVERAGES ALCOHOLIC",WINES
MKL,127680,"GEISHA BLACK SOAP 180G  36",17.99,0,SUPERMARKET,"HOME AND PERSONAL CARE","PERSONAL WASH"
MKL,178129,"PAPER DOILIES 20PCS 85 YWU",4.9,0,"HOUSEWARE & KITCHENWARE",BAKEWARE,"BAKING TOOLS AND ACCESSORIES"
MKL,187175,"UTILITY KNIFE RJK ID-A838KD0010",16.9,0,"HOUSEWARE & KITCHENWARE","KNIFE AND CHOPPING BOARD","SINGLE KNIFE"
MKL,29452,"CUSSONS BABY OIL SOFT & SMOOTH 200ML 24",20.49,0,SUPERMARKET,"HOME AND PERSONAL CARE","INFANT AND BABY CARE"
MKL,103201,"AVSAR FRUIT FLAV WATER DUCHESS PEAR&NECTARIN 200ML",10.99,0,SUPERMARKET,BEVERAGES,"MINERAL WATER"
MKL,150777,"SPRITE ZERO PET 1L 4",15.99,0,SUPERMARKET,BEVERAGES,DRINKS
MKL,174949,"KITCHEN LILEN SET 3PCS MYQ9-262",59,0,"HOME DECOR & TEXTILES","DISH CLOTHS AND NAPKINS","APRON AND GLOVES"
MKL,59769,"PARIDOX ALATA SAMINA B&S GEL PAPAYA&TUMER 450ML 20",41.99,0,SUPERMARKET,"HOME AND PERSONAL CARE","PERSONAL WASH"
MKL,186184,"DECORATIVE PAINTING 30.8X23.6X20.4CM WN250810",39.9,0,"HOME DECOR & TEXTILES","HOME DECOR","WallANDTable Decor"
MKL,80497,"KNIFE 6PCS SET  2938KN RJK",9.9,0,"HOUSEWARE & KITCHENWARE","KNIFE AND CHOPPING BOARD","KNIFE SETS"
MKL,87138,"CHEF KNIFE 8INCHES MASTERCHEF YWU",29.9,0,"HOUSEWARE & KITCHENWARE","KNIFE AND CHOPPING BOARD","SINGLE KNIFE"
MKL,06975,"MAGGI SHRIMP TAB  (60*10G) 24",41.99,0,SUPERMARKET,"FOOD CUPBOARD",CONDIMENTS
MKL,104955,"DESTELLO  MULTIPURPOSE CLEANER SPRAY 1L  12",36.99,0,SUPERMARKET,"HOME AND PERSONAL CARE","HOUSEHOLD CLEANERS"
MKL,114166,"MADAR RENZO DISHWASH LEMON 2L  6",57.99,0,SUPERMARKET,"HOME AND PERSONAL CARE","HOUSEHOLD CLEANERS"
MKL,120619,"COMFORTER DOUBLE MICROPEACH 4PC 03C00360D",399,0,"HOME DECOR & TEXTILES","BLANKETS QUILTS COMFORTERS AND BEDCOVERS",COMFORTERS
MKL,125177,"NASCO AC SPLIT 2HP R410 NAS-M18N1-MIRROR",8799,0,"ELECTRICAL APPLIANCES","AIR CONDITIONING","SPLIT AC"
MKL,138808,"BUMBLE BABY WET WIPES 100 PCS MEDITERRANEAN  12",26.99,0,SUPERMARKET,"HOME AND PERSONAL CARE","INFANT AND BABY CARE"
MKL,141411,"SALT&PEPPER SET 5.2X9CM 56053",9.9,0,"HOUSEWARE & KITCHENWARE",KITCHENWARE,"SALT AND PEPPER/CRUETS"
MKL,141778,"JAGERMEISTER 100ML 48",83.99,0,SUPERMARKET,"BEVERAGES ALCOHOLIC",BITTERS
MKL,143274,"CHOPPING BOARD WOODEN LARGE 14X19  CHB-4",179,0,"HOUSEWARE & KITCHENWARE","KNIFE AND CHOPPING BOARD","CHOPPING BOARDS AND CHOPPERS"
MKL,147136,"OBA SUNFLOWER OIL 850ML X 12",39.99,0,SUPERMARKET,"FOOD CUPBOARD","EDIBLE OILS AND GHEE"
MKL,150687,"AKAI STANDING FAN 18"" EF112A-1808S",649,0,"ELECTRICAL APPLIANCES",FAN,"STANDING FAN"
MKL,152261,"MCBERRY PURE DELIGHT BITE MILK CREAM WAFER 13G 72",1.29,0,SUPERMARKET,"FOOD CUPBOARD",BISCUITS
MKL,163163,"MCVITIES RICH TEA BISCUIT 25G  48",3.69,0,SUPERMARKET,"FOOD CUPBOARD",BISCUITS
MKL,184616,"SIDE PLATE 8"" CERAMIC STKLT FP01 RJK",9.9,0,"HOUSEWARE & KITCHENWARE",DINNERWARE,PLATE
MKL,200644,"TCL AC SPLIT 1.5HP INVERTER R32 TAC-12CSD/XA73I",4399,0,"ELECTRICAL APPLIANCES","AIR CONDITIONING","SPLIT AC"
MKL,40552,"HAPPY DELIGHT PINE MANGO & PASSION JUICE  200ML24",3.79,0,SUPERMARKET,BEVERAGES,JUICE
MKL,58190,"COLGATE TOOTHBRUSH ZIGZAG PLUS MEDIUM  120",12.99,0,SUPERMARKET,"HOME AND PERSONAL CARE","ORAL CARE"
MKL,72676,"DEVA SCOURING POWDER LIME 500GMS * 24",24.99,0,SUPERMARKET,"HOME AND PERSONAL CARE","HOUSEHOLD CLEANERS"
MKL,79603,"SHINE ALUMINIUM FOIL 200SQ.FT (6.3MX30CM)  12",85.99,0,SUPERMARKET,"HOME AND PERSONAL CARE",DISPOSABLE
MKL,82785,"NUTRIBOM INFANT CEREAL BAG  BANANA & APPLE 200G 12",18.99,0,SUPERMARKET,"FOOD CUPBOARD","BABY FOOD"
MKL,91317,"FORTUNE DELICIOUS ALL PURPOSE MARGARINE 250G   60",10.49,0,SUPERMARKET,"FOOD CUPBOARD","SPREADS AND TOPPING"
MKL,CL362,"BUCKET WITH LID AND TAP 25LTR 38CMX39CM",69,0,"HOUSEWARE & KITCHENWARE",LAUNDARY,"BUCKETS AND BASINS"
MKL,D120,"GREEN GIANT NATURALLY SWEET CORN 340G 12",39.99,0,SUPERMARKET,"FOOD CUPBOARD",SNACKS
MKL,TH032,"THERMOS COOLER WEEKEND 32LTR 2 SSPD",299,0,"HOUSEWARE & KITCHENWARE","STORAGE AND ORGANIZER","ICE CHEST AND COOLERS"
MKL,00940,"OLD ADMIRAL BRANDY 750ML 12",63.99,0,SUPERMARKET,"BEVERAGES ALCOHOLIC",LIQUER
MKL,06744,"NIDO 1 + PREDIO 400G 12",129.99,0,SUPERMARKET,"FOOD CUPBOARD","DRINKING POWDER"
MKL,101063,"N0 8 CHOCOLATE FINGERS CHIPS 20G  60",1.69,0,SUPERMARKET,"FOOD CUPBOARD",SNACKS
MKL,101865,"FRIDGE BOTTLE 1000ML PLASTIC SQUARE H20",9.9,0,"HOUSEWARE & KITCHENWARE","FLASK AND BOTTLES",BOTTLE
MKL,106995,"AQUALIS BLACK SOAP 120G   60",8.49,0,SUPERMARKET,"HOME AND PERSONAL CARE","PERSONAL WASH"
MKL,113959,"COLGATE TB OPTIC WHITE 360   72",28.99,0,SUPERMARKET,"HOME AND PERSONAL CARE","ORAL CARE"
MKL,119647,"MUTLU SPIRALLI 400G  20",11.99,0,SUPERMARKET,"FOOD CUPBOARD","NOODLES AND SOUP"
MKL,122268,"LAV STEMWARE 6PCS SET LVVEN541F",99,0,"HOUSEWARE & KITCHENWARE",GLASSWARE,"GLASS / TUMBLER /WINE / CHAMPAGNE"
MKL,122728,"UNIMAX JOYMATE BALLPEN BLACK 1.0MM FBJYMBK10",1.49,0,STATIONERY,"GENERAL STATIONERY","   WRITING SUPPLIES"
MKL,159767,"MUNCHEE MILK CRUNCH BISCUITS 47G  48",2.59,0,SUPERMARKET,"FOOD CUPBOARD",BISCUITS
MKL,162705,"DINNER PLATE MELAMINE 10 INCHES FEILU 226102",9.9,0,"HOUSEWARE & KITCHENWARE","MELAMINE WARE","MEL PLATE"
MKL,168044,"KASA VINO RED WINE 250ML 24",9.99,0,SUPERMARKET,"BEVERAGES ALCOHOLIC",WINES
MKL,169248,"BROOM WSTICK IDEAL GBB175",24.9,0,"HOUSEWARE & KITCHENWARE","HOME HYGIENE","BROOM BRUSHES DUSTPANS"
MKL,185281,"COWBELL EVAPORATED FILLED MILK 100ML  24",8.69,0,SUPERMARKET,"FOOD CUPBOARD","MILK AND CREAMERS"
MKL,196674,"CERES APPLE 500ML 10",23.99,0,SUPERMARKET,BEVERAGES,JUICE
MKL,19815,"ENERGIZER BATTERY ALKALINE AA MAX-MINI 1X20 BP2",37.9,0,"ELECTRICAL APPLIANCES",BATTERIES,BATTERY
MKL,70606,"FUFU BOWL 9INCHES WPLATE CERAMIC WHITE T16001-9",29.9,0,"HOUSEWARE & KITCHENWARE",DINNERWARE,BOWLS
MKL,91429,"SANTA HELENA SOFT & FRUITY SEMI SWEET WINE 750ML 6",78.99,0,SUPERMARKET,"BEVERAGES ALCOHOLIC",WINES
MKL,05112,"INDOMIE SUPER PACK ONION CHICKEN 120G 44",8.29,0,SUPERMARKET,"FOOD CUPBOARD","NOODLES AND SOUP"
MKL,09226,"ALWAYS EXTRA LONG ULTRA THIN 7PADS X 16",22.99,0,SUPERMARKET,"HOME AND PERSONAL CARE","FEMININE CARE"
MKL,09915,"POMO TOMATO PASTE 2.2KG 6",69.99,0,SUPERMARKET,"FOOD CUPBOARD",CONDIMENTS
MKL,103877,"AKAI LED LIGHT RECHARGEABLE LS012RA-1018L/LS027A",199,0,"ELECTRICAL APPLIANCES",LIGHTING/LAMPS,"TORCH/ LANTERN"
MKL,117078,"VOLTPLUS MULTI ADAPTOR 13A W/USB SLOT VP-AD13AU",79,0,"ELECTRICAL APPLIANCES",ELECTRICALS,"ELE ACCESSORIES"
MKL,125866,"POPIZZ SPARKLING RED GRAPE 750ML  6",49.99,0,SUPERMARKET,"BEVERAGES ALCOHOLIC",WINES
MKL,14480,"INDOMIE NOODLES SUPER PACK CHICKEN 120G 44",7.49,0,SUPERMARKET,"FOOD CUPBOARD","NOODLES AND SOUP"
MKL,147134,"PLATINUM SUNFLOWER OIL 850ML X 12",34.99,0,SUPERMARKET,"FOOD CUPBOARD","EDIBLE OILS AND GHEE"
MKL,147618,"ROYAL KING CRACKER DELUXE 43G  48",2.99,0,SUPERMARKET,"FOOD CUPBOARD",BISCUITS
MKL,150592,"LINC PENTONIC BALL PEN BLUE 50 PCS DISPENSER 0.7MM",3.9,0,STATIONERY,"GENERAL STATIONERY","   WRITING SUPPLIES"
MKL,18749,"NESTLE CERELAC BL WHEAT 50G 10X8",6.99,0,SUPERMARKET,"FOOD CUPBOARD","BREAKFAST CEREALS"
MKL,192931,"AKAI QLED TV 43"" 2K SMART LT-4309T2S2QSMT",3499,0,"ELECTRONICS & TELECOM","LED TV",OLED/QLED
MKL,193503,"LAV STEMWARE 6PCS SET LVMIS560F",89,0,"HOUSEWARE & KITCHENWARE",GLASSWARE,"GLASS / TUMBLER /WINE / CHAMPAGNE"
MKL,19766,"ROYAL GALAXY WHITE SUGAR  2KG 10",66.99,0,SUPERMARKET,"FOOD CUPBOARD","SALT  SUGAR AND JAGGERY"
MKL,22804,"BLUE BAND SPREAD FOR BREAD 900G 12",39.49,0,SUPERMARKET,"FOOD CUPBOARD","SPREADS AND TOPPING"
MKL,26350,"SAIRO DERMO HAND WASH 500ML 12",28.99,0,SUPERMARKET,"HOME AND PERSONAL CARE","PERSONAL WASH"
MKL,29079,"PRIVATE MISS TEEN PAD  (10X18) 18",17.49,0,SUPERMARKET,"HOME AND PERSONAL CARE","FEMININE CARE"
MKL,39261,"YAZZ  SANITARY PAD MINTY (BLUE)   24",17.99,0,SUPERMARKET,"HOME AND PERSONAL CARE","FEMININE CARE"
MKL,49192,"POMO TOMATO PASTE (PILLOW PACK)  200G 24",10.99,0,SUPERMARKET,"FOOD CUPBOARD","TOMATO PASTE"
MKL,92695,"LADLE TURNER CX18191 PLASTIC YWU",14.9,0,"HOUSEWARE & KITCHENWARE","KITCHEN TOOLS AND CULTARY","COOKING TOOL LADLES AND SERVERS"
MKL,98609,"PARLE CHOCO RINGS BISCUITS 24G  72",1.09,0,SUPERMARKET,"FOOD CUPBOARD",BISCUITS
MKL,D571,"GUINNESS STOUT ALC. BOTTLE 330ML 24",17.89,0,SUPERMARKET,"BEVERAGES ALCOHOLIC","BOTTLE BEER"
MKL,D635,"BINE DISINFECTANT 0.5L  25",15.99,0,SUPERMARKET,"HOME AND PERSONAL CARE","HOUSEHOLD CLEANERS"
MKL,H801,"BANQUET CHAIR CY02/SF1013-1 MAR",579,0,FURNITURE,"BAR AND HOTEL","Banquet Chairs"
MKL,05124,"AKAI LED LIGHT RECHARGEABLE LS006RA-9100/LS026A",299,0,"ELECTRICAL APPLIANCES",LIGHTING/LAMPS,"TORCH/ LANTERN"
MKL,100657,"MASTERCHEF SKIMMER BLACK NYLON MC14309F RJK",14.9,0,"HOUSEWARE & KITCHENWARE","KITCHEN TOOLS AND CULTARY","COOKING TOOL LADLES AND SERVERS"
MKL,122731,"UNIMAX TRIO BALLPEN BLUE 1.0MM FBTIOBL55",3.99,0,STATIONERY,"GENERAL STATIONERY","   WRITING SUPPLIES"
MKL,124707,"AYIKOO TOILET ROLL MEGA 10S PACK   7",36.99,0,SUPERMARKET,"HOME AND PERSONAL CARE",DISPOSABLE
MKL,125302,"AIRPRO A/FRESHNER ORGANIC CAN BUBBLE GUM 42G 24",39.99,0,SUPERMARKET,"HOME AND PERSONAL CARE",FRESHENERS
MKL,128951,"SCISSORS 147341/147334/147358/147365",9,0,STATIONERY,"OFFICE STATIONERY","OFFICE BASIC AND STATIONERY"
MKL,129119,"SCISSOR KITCHEN LX19035 YWU",14.9,0,"HOUSEWARE & KITCHENWARE","KNIFE AND CHOPPING BOARD",SCISSORS
MKL,138596,"HAYHAY 30G  X 24 X 8 BOXES COCONUT 192",5.19,0,SUPERMARKET,"FOOD CUPBOARD",BISCUITS
MKL,167238,"COWBELL MILK POWDER PREMIUM SACHET  23G 210",4.99,0,SUPERMARKET,"FOOD CUPBOARD","MILK AND CREAMERS"
MKL,22065,"CADBURY HOT CHOCOLATE DRINK 10PCS X 12 - 30G",39.99,0,SUPERMARKET,BEVERAGES,"DRINKING POWDERS"
MKL,40319,"JUVER DISFRUTA (MANZANA) APPLE  JUICE  1L  12",32.99,0,SUPERMARKET,BEVERAGES,JUICE
MKL,44018,"MADAR ANTIBACTERIAL HANDWASH ASSOTED 300ML 24",14.49,0,SUPERMARKET,"HOME AND PERSONAL CARE","PERSONAL WASH"
MKL,44080,"VITAMILK SOYMILK 250ML  36",11.29,0,SUPERMARKET,BEVERAGES,DRINKS
MKL,48424,"LILY TOILET ROLL 2PLY X 10 BIG ROLLS PCS SET 7",46.99,0,SUPERMARKET,"HOME AND PERSONAL CARE",DISPOSABLE
MKL,69380,"TEASHOP BOURBON CREAMS BISCUIT 70GM  48",7.49,0,SUPERMARKET,"FOOD CUPBOARD",BISCUITS
MKL,87956,"LIFEBUOY BAR SOAP TOTAL10  175G  72",20.99,0,SUPERMARKET,"HOME AND PERSONAL CARE","PERSONAL WASH"
MKL,91538,"DETTOL SOAP ORIGINAL 160G   48",21.99,0,SUPERMARKET,"HOME AND PERSONAL CARE","PERSONAL WASH"
MKL,98155,"VERNA MINERAL WATER  750ML 16",1.89,0,SUPERMARKET,BEVERAGES,"MINERAL WATER"
MKL,113983,"BEL-SODA CAN DRINK 330ML 24",8.49,0,SUPERMARKET,BEVERAGES,DRINKS
MKL,119651,"MUTLU CAVATAPPI  MACARONI 400G  20",11.99,0,SUPERMARKET,"FOOD CUPBOARD","NOODLES AND SOUP"
MKL,155983,"PEPSODENT KIDS T/PASTE ORANGE 45GMS 120",9.99,0,SUPERMARKET,"HOME AND PERSONAL CARE","ORAL CARE"
MKL,156711,"TRIVET 20CM IRON YWU",12.9,0,"HOUSEWARE & KITCHENWARE",KITCHENWARE,"KITCHEN ACCESSORIES"
MKL,162885,"CUSHION PRINTED 40X40CM MYQ9-1872",39.9,0,"HOME DECOR & TEXTILES",CUSHIONS,"ASSORTED CUSHIONS"
MKL,164568,"AVSAR FLAVOURED WATER COOL LIME 200ML 24",10.99,0,SUPERMARKET,BEVERAGES,"MINERAL WATER"
MKL,168866,"KNIFE SET 3PCS 5535 CPCA2018033PCS RJK",59,0,"HOUSEWARE & KITCHENWARE","KNIFE AND CHOPPING BOARD","KNIFE SETS"
MKL,179734,"AKAI RICE COOKER 2.8L 900W CK024A-2.8LS",549,0,"ELECTRICAL APPLIANCES","RICE/ MULTI COOKER","POT TYPE RICE COOKER"
MKL,189734,"PERLA STILL MINERAL WATER 330ML 12",16.99,0,SUPERMARKET,BEVERAGES,"MINERAL WATER"
MKL,22805,"BLUE BAND MARGARINE SPREAD FOR BREAD 75G 48",5.99,0,SUPERMARKET,"FOOD CUPBOARD","SPREADS AND TOPPING"
MKL,36359,"DEVA LUX LIQUID HAND STAWBERRY SOAP 350ML 24",18.99,0,SUPERMARKET,"HOME AND PERSONAL CARE","PERSONAL WASH"
MKL,43873,"COLGATE EXTRA CLEAN TOOTHBRUSH   120",14.99,0,SUPERMARKET,"HOME AND PERSONAL CARE","ORAL CARE"
MKL,57499,"EVERPACK SUPER JUMBO TOWEL LGE (10.5""X9"")  12",28.99,0,SUPERMARKET,"HOME AND PERSONAL CARE",DISPOSABLE
MKL,60514,"VASELINE DRY SKIN REPAIR LOTION  400ML  48",49.99,0,SUPERMARKET,"HOME AND PERSONAL CARE","SKIN CARE"
MKL,84938,"PLASTIC KNIFE  50PCS",8.99,0,SUPERMARKET,"HOME AND PERSONAL CARE",DISPOSABLE
MKL,95706,"AMALFI  SHAMPOO  APPLE 400ML  10",24.99,0,SUPERMARKET,"HOME AND PERSONAL CARE","HAIR CARE"
MKL,99282,"JAMESON IRISH WHISKY 750ML 12",439.99,0,SUPERMARKET,"BEVERAGES ALCOHOLIC",WHISKEY
MKL,D796,"TASTY TOM TOMATO PASTE E/O 210G 24",10.99,0,SUPERMARKET,"FOOD CUPBOARD",CONDIMENTS
MKL,X950,"CERES ORANGE JUICE 1L 12",39.49,0,SUPERMARKET,BEVERAGES,JUICE
MKL,07979,"PEAK MILK POWDER TIN  400G 24",109.99,0,SUPERMARKET,"FOOD CUPBOARD","MILK AND CREAMERS"
MKL,100031,"NANA-S RICE LONG GRAIN RICE 5% BROKENNESS 4.5KG 5",140.99,0,SUPERMARKET,"FOOD CUPBOARD","RAW RICE"
MKL,104370,"DESTELLO FLOOR CLEANER EXOTIC 1500ML  12",29.99,0,SUPERMARKET,"HOME AND PERSONAL CARE","HOUSEHOLD CLEANERS"
MKL,113976,"JAMAA SOAP CLASSIC SOAP LAMINATED 300G  24",9.99,0,SUPERMARKET,"HOME AND PERSONAL CARE","LAUNDRY CARE"
MKL,136056,"JOHNNIE WALKER BLACK ICONS WHISKY 700ML 12",469.99,0,SUPERMARKET,"BEVERAGES ALCOHOLIC",WHISKEY
MKL,164193,"ENAPA MACKREL IN TOMATO SAUCE EASY OPEN 200G  48",12.99,0,SUPERMARKET,"FOOD CUPBOARD","CANNED FOOD"
MKL,167657,"MUG 350 ML CERAMIC DESINGER YWU",4.9,0,"HOUSEWARE & KITCHENWARE",DINNERWARE,MUGS
MKL,184491,"PLATE 6PCS SET PLASTIC HL0067DC/6-18",19.9,0,"HOUSEWARE & KITCHENWARE",DINNERWARE,PLATE
MKL,23061,"CUSSONS BABY POWDER (MILD & GENTLE) 200G 48",15.99,0,SUPERMARKET,"HOME AND PERSONAL CARE","INFANT AND BABY CARE"
MKL,30617,"COLGATE HERBAL TOOTHPASTE 140G  72",20.99,0,SUPERMARKET,"HOME AND PERSONAL CARE","ORAL CARE"
MKL,43020,"SHINE CRYSTAL FORK (50PCS)  40",8.99,0,SUPERMARKET,"HOME AND PERSONAL CARE",DISPOSABLE
MKL,46746,"PAPILION LIQUID HAND WASH -ALMOND -VANILLA   500ML",21.99,0,SUPERMARKET,"HOME AND PERSONAL CARE","PERSONAL WASH"
MKL,53304,"VERNA MINERAL WATER  500ML 16",1.69,0,SUPERMARKET,BEVERAGES,"MINERAL WATER"
MKL,60932,"BINATONE HOT PLATE DOUBLE ELECTRIC COOKING ECP210",749,0,"ELECTRICAL APPLIANCES","HOTPLATE  BBQ  GRILL","HOT PLATE"
MKL,75278,"BINATONE KETTLE 1.7L 2200W WHITE CEJ 1780",345,0,"ELECTRICAL APPLIANCES",KETTLE,"PLASTIC KETTLE"
MKL,76020,"GEURTS STRAWBERRY JAM 450G 12",46.99,0,SUPERMARKET,"FOOD CUPBOARD","HONEY  JAM AND MARMALADE"
MKL,85698,"AKAI LED LIGHT RECHARGEABLE LS024A-1032/LS030A",259,0,"ELECTRICAL APPLIANCES",LIGHTING/LAMPS,"TORCH/ LANTERN"
MKL,93193,"HAND FAN MIX DESIGNCOLOR",10.9,0,"TOYS AND ENTERTAINMENT","PARTY SUPPLIES","CELEBRATION DECOR AND ACCESSORIES"
MKL,N485,"MENTOS ICE GUM PEPPERMINT 11.4G  288",8.49,0,SUPERMARKET,"FOOD CUPBOARD",CONFECTIONERY
MKL,X141,"IMPERIAL LEATHER CLASSIC BAR  SOAP  200G 36",16.99,0,SUPERMARKET,"HOME AND PERSONAL CARE","PERSONAL WASH"
MKL,04949,"EVERPACK SPOON PLASTIC 100PCS X 30PKTS  30",20.99,0,SUPERMARKET,"HOME AND PERSONAL CARE",DISPOSABLE
MKL,102246,"DOVE FM ROLL ON  CLEAN COMFORT 50ML  6",24.99,0,SUPERMARKET,"HOME AND PERSONAL CARE",FRAGRANCES
MKL,118578,"DOMESTOS POWER 5 TOILET BLOCKS PINK MAGNOLIA 55G 9",29.99,0,SUPERMARKET,"HOME AND PERSONAL CARE",FRESHENERS
MKL,147617,"PERK MILK SHORTCAKE 38G 48",2.39,0,SUPERMARKET,"FOOD CUPBOARD",BISCUITS
MKL,158495,"X NATURAL MINERAL WATER 500ML 16",2.09,0,SUPERMARKET,BEVERAGES,"MINERAL WATER"
MKL,162416,"CHAIR PAD 40X40CMS POLYESTER MYQ9-1871",25.9,0,"HOME DECOR & TEXTILES","COVERS CUSHION/PILLOW/CHAIR","ASSORTED PILLOWS AND CUSHIONS"
MKL,168976,"NUTRISNAX NUTRIBAR 20% OATS 24G 72",1.19,0,SUPERMARKET,"FOOD CUPBOARD",BISCUITS
MKL,178378,"WISDOMS REFINED TABLE SALT 400G  50",5.49,0,SUPERMARKET,"FOOD CUPBOARD","SALT  SUGAR AND JAGGERY"
MKL,184022,"FANTA STRAWBERRY PET DRINK 1.5L 6",23.99,0,SUPERMARKET,BEVERAGES,DRINKS
MKL,197773,"MCBERRY BIG DADDY MILK WAFER 39G 144",2.19,0,SUPERMARKET,"FOOD CUPBOARD",BISCUITS
MKL,62416,"SAMSUNG WASHING MACHINE TT 6KG WT60H2500HP/NQ",4549,0,"ELECTRICAL APPLIANCES","WASHING MACHINE","TWIN TUB WM"
MKL,64531,"PURE HEAVEN MULTIFRUIT JUICE 1L 8",35.99,0,SUPERMARKET,BEVERAGES,JUICE
MKL,71448,"SERVING TRAY MELAMINE 16 INCHES ZHN B27016",39.9,0,"HOUSEWARE & KITCHENWARE","MELAMINE WARE","MEL TRAY"
MKL,X883,"BIC SENSITIVE 1BLADE  ORANGE SACHET OF 5 40",16.99,0,SUPERMARKET,"HOME AND PERSONAL CARE","MENS GROOMING"
MKL,X888,"RED BULL REGULAR 250ML 24",27.99,0,SUPERMARKET,BEVERAGES,DRINKS
MKL,112086,"KIVO TOMATO MIX SUP 200G   24",8.99,0,SUPERMARKET,"FOOD CUPBOARD",CONDIMENTS
MKL,119311,"REXONA ROLL ON  SHOWER FRESH  50ML  6",22.99,0,SUPERMARKET,"HOME AND PERSONAL CARE",FRAGRANCES
MKL,124145,"BAKING PAPER 8MT 30CM 2107553",19.9,0,"HOUSEWARE & KITCHENWARE",BAKEWARE,"BAKING TOOLS AND ACCESSORIES"
MKL,131047,"BREF WC BLOCK POWERACTIVE PINE DUO 10",65.99,0,SUPERMARKET,"HOME AND PERSONAL CARE",FRESHENERS
MKL,152273,"NUTRISNAX MORNING BREAK  CEREAL & OATS 24G  72",1.19,0,SUPERMARKET,"FOOD CUPBOARD",BISCUITS
MKL,167852,"BROOM PLASTIC WWOODEN HANDLE B104 RJK",12.9,0,"HOUSEWARE & KITCHENWARE","HOME HYGIENE","BROOM BRUSHES DUSTPANS"
MKL,183275,"COCKTAIL 6PCS SET 300ML MOZ  PJ 21611 RJK",59,0,"HOUSEWARE & KITCHENWARE",GLASSWARE,"GLASS / TUMBLER /WINE / CHAMPAGNE"
MKL,190077,"DESKTOP FAN RECHARGABLE 3 IN 1",29,0,"ELECTRICAL APPLIANCES",FAN,"TABLE FAN"
MKL,191409,"KIVO 4 IN 1 GARI SOAKING MIX STRAWBERRY 120G  40",4.99,0,SUPERMARKET,"FOOD CUPBOARD",FLOURS
MKL,193009,"CORK OPENER ZHN A21426",12.9,0,"HOUSEWARE & KITCHENWARE","CUTLERY ITEMS",OPENERS
MKL,19842,"FROSTY BITE ICE CREAM CUP VANILLA 150ML 24",6.99,0,SUPERMARKET,"FROZEN FOOD",ICE-CREAM
MKL,25057,"LELE CHUNKS LIGHT MEAT TUNA 160G 24",24.99,0,SUPERMARKET,"FOOD CUPBOARD","CANNED FOOD"
MKL,67037,"TOM MILK NATURAL SF DAIRY DESSERT 125G 4PCS X 6PKS",48.99,0,SUPERMARKET,"FRESH DAIRY AND EGGS",Yoghurt
MKL,N115,"GEISHA MACKEREL 155G 50",12.99,0,SUPERMARKET,"FOOD CUPBOARD","CANNED FOOD"
MKL,X435,"NAN 1 OPTIPRO 400G 12",139.99,0,SUPERMARKET,"FOOD CUPBOARD","BABY FOOD"
MKL,04421,"ELECTROLUX KETTLE 1.7L 2200W EEWA3330",599,0,"ELECTRICAL APPLIANCES",KETTLE,"PLASTIC KETTLE"
MKL,126209,"AIRPRO  AIRFRESHENER GEL  LAVENDER 128G  24",24.49,0,SUPERMARKET,"HOME AND PERSONAL CARE",FRESHENERS
MKL,135981,"DUSTBIN GREY WSWING LID 50 LT PLASTIC UP237-212",49.9,0,"HOUSEWARE & KITCHENWARE","HOME HYGIENE",DUSTBINS
MKL,170028,"AKAI FUFU MAKER 6L SS MG004A-6LS",759,0,"ELECTRICAL APPLIANCES","HAND BLENDER/MIXER/CHOPPER",CHOPPER
MKL,61862,"MASTERCHEF VACUUM FLAS 1.0L MC-F9001",119,0,"HOUSEWARE & KITCHENWARE",KITCHENWARE,"SALT AND PEPPER/CRUETS"
MKL,00359,"EXETER CORNED BEEF 340G 24",59.99,0,SUPERMARKET,"FOOD CUPBOARD","CANNED FOOD"
MKL,104784,"MCVITIES DIGESTIVE ORGINAL 78G  24",9.59,0,SUPERMARKET,"FOOD CUPBOARD",BISCUITS
MKL,113244,"MOP COTTON WHITE 1322",19.9,0,"HOUSEWARE & KITCHENWARE","HOME HYGIENE","MOPPING AND WIPING"
MKL,115826,"PAPILION LIQUID SOAP ORANGE 400ML  12",21.99,0,SUPERMARKET,"HOME AND PERSONAL CARE","PERSONAL WASH"
MKL,120165,"EVEREADY BATTERY AAA RED BP4",11,0,"ELECTRICAL APPLIANCES",BATTERIES,BATTERY
MKL,135328,"MADAR POWDER BUCKET 1KG 6",52.99,0,SUPERMARKET,"HOME AND PERSONAL CARE","LAUNDRY CARE"
MKL,135342,"MADAR GLASS CLEANER 750ML 12",21.99,0,SUPERMARKET,"HOME AND PERSONAL CARE","HOUSEHOLD CLEANERS"
MKL,138785,"LG LED TV 32"" SMART 32LQ630B6LB/32LQ600BPTA",4079,0,"ELECTRONICS & TELECOM","LED TV","SMART TV"
MKL,14723,"EASY MOUZOO GUAVA JUICE GLASS BOTTLE 250ML  24",10.99,0,SUPERMARKET,BEVERAGES,JUICE
MKL,150544,"KANGARO PAPER PUNCH MOD-10PP",21.9,0,STATIONERY,"OFFICE STATIONERY","OFFICE BASIC AND STATIONERY"
MKL,162389,"X NATURAL MINERAL WATER 750ML 15",2.39,0,SUPERMARKET,BEVERAGES,"MINERAL WATER"
MKL,162702,"DINNER PLATE MELAMINE 14 INCHES FEILU 22514",9.9,0,"HOUSEWARE & KITCHENWARE","MELAMINE WARE","MEL PLATE"
MKL,18751,"NESTLE CERELAC BL 3FRUITS 50G 10X8",7.59,0,SUPERMARKET,"FOOD CUPBOARD","BREAKFAST CEREALS"
MKL,193005,"BOTTLE OPENER ZHN KB841",5.9,0,"HOUSEWARE & KITCHENWARE","CUTLERY ITEMS",OPENERS
MKL,205682,"888 10% ALC LEMON FLAVORED CARBO DRINK 350ML 12",4.99,0,SUPERMARKET,"BEVERAGES ALCOHOLIC",CIDER
MKL,51039,"ENERGIZER BATTERY LITHIUM 3V ECR2032-LITHIUM",25,0,"ELECTRICAL APPLIANCES",BATTERIES,BATTERY
MKL,60934,"BINATONE STANDING FAN 16"" VS 16551656",699,0,"ELECTRICAL APPLIANCES",FAN,"STANDING FAN"
MKL,89217,"EXPENDABLE SPONGE LS8899 YWU",4.9,0,"HOUSEWARE & KITCHENWARE","HOME HYGIENE","SPONGE SCRUBBERS AND SCOURERS"
MKL,96520,"MADAR RENZO MULTIPURPOSE LIQUID DETERGENT 400ML 12",14.99,0,SUPERMARKET,"HOME AND PERSONAL CARE","HOUSEHOLD CLEANERS"
MKL,105812,"DOVE SHOWER GEL PISTACHIO 500ML 20",70.99,0,SUPERMARKET,"HOME AND PERSONAL CARE","PERSONAL WASH"
MKL,109766,"AMERICAN GOURMET BICARBONATE SODA 100G 48",13.99,0,SUPERMARKET,"FOOD CUPBOARD","BAKING INGREDIENTS"
MKL,125253,"SHINE JUMBO TOILET ROLL (1PC WRAPPED) 12",28.99,0,SUPERMARKET,"HOME AND PERSONAL CARE",DISPOSABLE
MKL,125263,"ROMAR FABRIC SOFTENER CONC. ARGAN 2L  6",81.99,0,SUPERMARKET,"HOME AND PERSONAL CARE","LAUNDRY CARE"
MKL,172950,"ARIEL HIGH STUD SPRING 500G  24",39.99,0,SUPERMARKET,"HOME AND PERSONAL CARE","LAUNDRY CARE"
MKL,175030,"PRACTICE BOOK CAP/SMA LETTER WRITING EB1193/EB1194",12.99,0,STATIONERY,"CHILDREN BOOKS AND GEN REF","BOOKS AND LEARNINGS"
MKL,177630,"DAPHNIS ELBOWS 40*250GM  40",4.99,0,SUPERMARKET,"FOOD CUPBOARD","PASTA AND SPAGHETTI"
MKL,183627,"DINNER KNIFE 6PCS 2954KN",22.9,0,"HOUSEWARE & KITCHENWARE","CUTLERY ITEMS","SPOONS FORKS KNIFE AND CUTLERY SET"
MKL,188989,"PLATINUM BEEF PATE 400G X 20",27.99,0,SUPERMARKET,"FOOD CUPBOARD","CANNED FOOD"
MKL,19424,"ZWAN CHOPPED HAM & PORK 200G   12",58.99,0,SUPERMARKET,"FOOD CUPBOARD","CANNED FOOD"
MKL,28649,"SASSO INSECTICIDE SPRAY 300ML  24",46.99,0,SUPERMARKET,"HOME AND PERSONAL CARE","INSECTICIDES AND RODENT CONTROL"
MKL,35646,"PRAN FROOTO MANGO JUICE 1000 ML 12",24.99,0,SUPERMARKET,BEVERAGES,JUICE
MKL,61058,"PAPILION  2 ROLLS TOWEL  100SHEETS   12",28.99,0,SUPERMARKET,"HOME AND PERSONAL CARE",DISPOSABLE
MKL,67793,"IRISH SPRING ALOE SOAP 106.3G (18X3PACK)  18",53.99,0,SUPERMARKET,"HOME AND PERSONAL CARE","PERSONAL WASH"
MKL,74184,"DON SIMON RED GRAPE CAN DRINK 330ML 24",22.49,0,SUPERMARKET,BEVERAGES,DRINKS
MKL,81511,"DOLAIT NATURAL APRICOT YOGURT 200G 1",15.49,0,SUPERMARKET,"FRESH DAIRY AND EGGS",Yoghurt
MKL,04199,"VASELINE MEN COOLING BODY LOTION 400ML 48",49.99,0,SUPERMARKET,"HOME AND PERSONAL CARE","SKIN CARE"
MKL,101077,"PERLA LUXURY MOISTURIZING SOAP ROSE 175G  18",9.99,0,SUPERMARKET,"HOME AND PERSONAL CARE","PERSONAL WASH"
MKL,113958,"BEL-MALT ORIGINAL CAN DRINK 330ML 24",9.99,0,SUPERMARKET,BEVERAGES,DRINKS
MKL,114487,"SOUP BOWL 2PCS SET  CERAMIC T103021",29.9,0,"HOUSEWARE & KITCHENWARE",DINNERWARE,BOWLS
MKL,120718,"EVIAN WATER SPORTS CAP 750ML  12",24.99,0,SUPERMARKET,BEVERAGES,"MINERAL WATER"
MKL,124123,"SPONGE GREEN 5PCS SET 1909108",22.9,0,"HOUSEWARE & KITCHENWARE","HOME HYGIENE","SPONGE SCRUBBERS AND SCOURERS"
MKL,153263,"LAV STEMWARE 3PCS SET LVELL583A",49.9,0,"HOUSEWARE & KITCHENWARE",GLASSWARE,"GLASS / TUMBLER /WINE / CHAMPAGNE"
MKL,171535,"VACCUM FLASK-STONE 1550ML  161707-158",29.9,0,"HOUSEWARE & KITCHENWARE","FLASK AND BOTTLES",FLASK
MKL,59220,"JOHNNIE WALKER BLACK LABEL 750ML  12",549.99,0,SUPERMARKET,"BEVERAGES ALCOHOLIC",WHISKEY
MKL,59831,"PALMOLIVE SG AROMA SENSATION ANTI STESS  500ML  12",77.99,0,SUPERMARKET,"HOME AND PERSONAL CARE","PERSONAL WASH"
MKL,96107,"NIVEA SHOWER GEL DEEP 500ML  12 (200585)",139.99,0,SUPERMARKET,"HOME AND PERSONAL CARE","PERSONAL WASH"
MKL,N479,"NUTELLA CHOCOLATE SPREAD 350G 15",104.99,0,SUPERMARKET,"FOOD CUPBOARD","SPREADS AND TOPPING"
MKL,08736,"GOODYS SPICY SHITO HOT BEEF 845G 12",144.99,0,SUPERMARKET,"FOOD CUPBOARD","PEPPER SAUCE"
MKL,108103,"CURTAIN 52X84"" BLACKOUT W/8GROMMET 36",129,0,"HOME DECOR & TEXTILES",CURTAINS,"GROMMET CURTAINS"
MKL,122735,"UNIMAX TRIO DC BALLPEN BLUE 1.0MM FBTDCBL53",3.99,0,STATIONERY,"GENERAL STATIONERY","   WRITING SUPPLIES"
MKL,14505,"MARINA LUNCH NAPKIN 100X15",7.59,0,SUPERMARKET,"HOME AND PERSONAL CARE",DISPOSABLE
MKL,152259,"MCBERRY LOVAN VANILLA CAKE 22G  72",1.29,0,SUPERMARKET,"FOOD CUPBOARD",CONFECTIONERY
MKL,154755,"WATER FUN ANIMAL SILICONE MKR186713",59,0,"TOYS AND ENTERTAINMENT","ROLE PLAY AND PRETEND TOYS","ANIMAL TOYS"
MKL,170275,"KIDS WATER GUN TOY 30CM",36.99,0,"TOYS AND ENTERTAINMENT","BACKYARD PLAY","SWIMMING AND POOL ACCESSORIES"
MKL,173724,"KIVO 100% NATURAL CURRY PLUS POWDER 3.5G 240",.49,0,SUPERMARKET,"FOOD CUPBOARD","SPICES AND HERBS"
MKL,184293,"LG LED TV 43 SAT SMART 43LR60006LA",5999,0,"ELECTRONICS & TELECOM","LED TV","SMART TV"
MKL,22008,"AKAI GAS STOVE 2B GC010A-8202",369,0,"GAS COOKER & ACCESSORIES","GAS COOKER","TABLE TOP GAS STOVE"
MKL,52962,"GOODYS SPICY SHITO HOT BEEF /MILD430G  12",89.99,0,SUPERMARKET,"FOOD CUPBOARD","PEPPER SAUCE"
MKL,CL741,"OHEMA CASSEROLE 500ML 19CMX15CMX13CM",12.9,0,"HOUSEWARE & KITCHENWARE",SERVEWARE,CASSEROLES
MKL,N243,"LACTASOY PLAIN SOYA MILK 250ML 36",13.99,0,SUPERMARKET,"FOOD CUPBOARD","MILK AND CREAMERS"
MKL,122732,"UNIMAX TRIO BALLPEN BLACK 1.0MM FBTIOBK29",3.99,0,STATIONERY,"GENERAL STATIONERY","   WRITING SUPPLIES"
MKL,148442,"MUG 350ML CERAMIC GGK YWU",19.9,0,"HOUSEWARE & KITCHENWARE",DINNERWARE,MUGS
MKL,15324,"NUTRIBOM INFANT CEREAL PAPER BOX RICE 300G  16",27.99,0,SUPERMARKET,"FOOD CUPBOARD","BABY FOOD"
MKL,173746,"KIVO GINGER GARLIC & ONION POWDER 25G 120",5.99,0,SUPERMARKET,"FOOD CUPBOARD","SPICES AND HERBS"
MKL,188884,"TECNO MOBILE SPARK 40 4GB/128GB KM5",1799,0,"ELECTRONICS & TELECOM","MOBILE PHONES AND TABLETS","SMART MOBILE"
MKL,36776,"FLORA POCKET TISSUE 1X6X50",8.29,0,SUPERMARKET,"HOME AND PERSONAL CARE",DISPOSABLE
MKL,45430,"PEPSODENT HERBAL SALT&MINT 130G  72",18.99,0,SUPERMARKET,"HOME AND PERSONAL CARE","ORAL CARE"
MKL,85351,"HIGHBURY CLASSIC WHISKY 750ML 6",149.99,0,SUPERMARKET,"BEVERAGES ALCOHOLIC",WHISKEY
MKL,X498,"MCVITIES SHORTBREAD 100G 24",25.99,0,SUPERMARKET,"FOOD CUPBOARD",BISCUITS
MKL,117270,"DOMS X1 PREMIUM MATH INSTRUMENT BOX 7125",45.9,0,STATIONERY,"SCHOOL AND CHILDREN STATIONERY","  MATHS AND GEOMETRY SETS"
MKL,158427,"DZIRE INDUSTRIAL STANDING FAN 24"" 80W IFS24-DCFG60",1839,0,"ELECTRICAL APPLIANCES",FAN,"INDUSTRIAL FAN"
MKL,184471,"PEDAL BIN 11L PLASTIC HL0027C-6",44.9,0,"HOUSEWARE & KITCHENWARE","HOME HYGIENE",DUSTBINS
MKL,19822,"ENERGIZER BATTERY ALKALINE C MAX-C 1X8 6PK",77.9,0,"ELECTRICAL APPLIANCES",BATTERIES,BATTERY
MKL,64090,"YAZZ DUKE TOOTHBRUSH MEDIUM BRISTLE  72",3.39,0,SUPERMARKET,"HOME AND PERSONAL CARE","ORAL CARE"
MKL,69932,"BINATONE CEILING FAN 56"" CF5603",595,0,"ELECTRICAL APPLIANCES",FAN,"CEILING FAN"
MKL,97064,"BEER GLASS 6PCS SET YWU",49.9,0,"HOUSEWARE & KITCHENWARE",GLASSWARE,"BEER MUGS AND BEER GLASS"
MKL,D483,"INALCA BEEF PATE 400G  24",26.99,0,SUPERMARKET,"FOOD CUPBOARD","CANNED FOOD"
MKL,X582,"PEAK FULL CREAM EVAPORATED MILK 160G  48",15.99,0,SUPERMARKET,"FOOD CUPBOARD","MILK AND CREAMERS"
MKL,X951,"CERES APPLE FRUIT JUICE 1L 12",39.49,0,SUPERMARKET,BEVERAGES,JUICE
MKL,08571,"STUTE SUPERIOR TROPICAL JUICE  1.5L  6",53.99,0,SUPERMARKET,BEVERAGES,JUICE
MKL,102979,"BABYMED LOTION 200ML  60",16.49,0,SUPERMARKET,"HOME AND PERSONAL CARE","INFANT AND BABY CARE"
MKL,110730,"LA VONCE TOMATO MIX SACHET 70G  100",2.19,0,SUPERMARKET,"FOOD CUPBOARD",CONDIMENTS
MKL,113182,"YUMVITA RICE SACHET 50G 80",6.29,0,SUPERMARKET,"FOOD CUPBOARD","BREAKFAST CEREALS"
MKL,117082,"BLING DISHWASH GEL MAGIC LEMON 750ML  12",14.99,0,SUPERMARKET,"HOME AND PERSONAL CARE","HOUSEHOLD CLEANERS"
MKL,12699,"EVERPACK PICNIC TABLE NAPKIN   15",8.49,0,SUPERMARKET,"HOME AND PERSONAL CARE",DISPOSABLE
MKL,127067,"AKAI STEAM IRON 2200W CERAMIC EI049A-281",299,0,"ELECTRICAL APPLIANCES","LINEN CARE","STEAM IRONS"
MKL,151037,"BIGOO LEMON LIME DRINK 350ML 20",2.99,0,SUPERMARKET,BEVERAGES,DRINKS
MKL,155622,"DINNER PLATE MELAMINE 10 INCHES FEILU 6710",9.9,0,"HOUSEWARE & KITCHENWARE","MELAMINE WARE","MEL PLATE"
MKL,207976,"LUX BAR SOAP  NOURISHING  170G 48",22.99,0,SUPERMARKET,"HOME AND PERSONAL CARE","PERSONAL WASH"
MKL,36727,"SMILE POCKET TISSUE 1X10X30",15.49,0,SUPERMARKET,"HOME AND PERSONAL CARE",DISPOSABLE
MKL,49718,"FA ROLL-ON AQUA FRESH 50ML  24",23.99,0,SUPERMARKET,"HOME AND PERSONAL CARE",FRAGRANCES
MKL,63990,"NIVEA MEN BODY LOTION MAXIMUM HYDRATION 400ML  12",124.99,0,SUPERMARKET,"HOME AND PERSONAL CARE","SKIN CARE"
MKL,86438,"WATER BOTTLE 900ML PLASTIC INSULATED KIDSBTSTRENDS",9.9,0,"HOUSEWARE & KITCHENWARE","FLASK AND BOTTLES",BOTTLE
MKL,07015,"YAZZ WASHING POWDER 2KG 6",70.99,0,SUPERMARKET,"HOME AND PERSONAL CARE","LAUNDRY CARE"
MKL,109868,"101 FAIRY TALES BOOK",35.99,0,STATIONERY,"CHILDREN BOOKS AND GEN REF","BOOKS AND LEARNINGS"
MKL,112559,"GOODYS SHITO BEEF HOT/MILD 930G 12",149.99,0,SUPERMARKET,"FOOD CUPBOARD",CONDIMENTS
MKL,149626,"WALL CLOCK 23X23X4CM ZX-9465",59,0,"HOME DECOR & TEXTILES","HOME DECOR","WallANDTable Decor"
MKL,169159,"ROMAR AIR REFRESHNER ROSES 750ML   6",68.99,0,SUPERMARKET,"HOME AND PERSONAL CARE",FRESHENERS
MKL,183271,"TUMBLER 6PCS SET 330ML PICCA PJ 19212 RJK",49.9,0,"HOUSEWARE & KITCHENWARE",GLASSWARE,"GLASS / TUMBLER /WINE / CHAMPAGNE"
MKL,18341,"LONG MOUNTAIN CHENIN BLANC WHITE WINE 75CL 12",65.99,0,SUPERMARKET,"BEVERAGES ALCOHOLIC",WINES
MKL,42974,"SERVING BOWL MELAMINE 9 INCHES ZHN C0359",16.9,0,"HOUSEWARE & KITCHENWARE","MELAMINE WARE","MEL BOWL/BOWL+COVER"
MKL,48859,"SAMSUNG FRIDGE DD 203L RT26HAR2DSA/RT20HAR/FAREDSA",8229,0,"ELECTRICAL APPLIANCES",REFRIGERATOR,"DD TMF REFRIGERATOR"
MKL,96097,"BINATONE JUICER 1000W JE880/JE1000",1705,0,"ELECTRICAL APPLIANCES",JUICER,"CENTRIFUGAL JUICER"
MKL,115707,"MAGGI SEASONING POWDER SHRIMP FLAV 100G  80",10.89,0,SUPERMARKET,"FOOD CUPBOARD",CONDIMENTS
MKL,138364,"DALGETY GOOD NIGHT SLEEP 40G  36",59.99,0,SUPERMARKET,BEVERAGES,TEA
MKL,141775,"JAGERMEISTER 500ML 6",239.99,0,SUPERMARKET,"BEVERAGES ALCOHOLIC",BITTERS
MKL,150598,"LINC PENTONIC MULTIPURPOSE GUMSTICK 12PC DISPENSER",7.9,0,STATIONERY,"GENERAL STATIONERY","   WRITING SUPPLIES"
MKL,177628,"DAPHNIS PENNE 40*250G  40",4.99,0,SUPERMARKET,"FOOD CUPBOARD","PASTA AND SPAGHETTI"
MKL,183350,"CLOTHES DRYING RACK SDK119035321",429,0,"HOUSEWARE & KITCHENWARE",LAUNDARY,"CLOTH DRYER"
MKL,184368,"NERO PRIME WATER 750ML  15",2.19,0,SUPERMARKET,BEVERAGES,"MINERAL WATER"
MKL,70756,"OKF STANDARD ALOE MANGO DRINK  1.5L  12",47.99,0,SUPERMARKET,BEVERAGES,JUICE
MKL,89841,"TISSUE HOLDER W SUCTION R5520 RJK",32.9,0,"HOUSEWARE & KITCHENWARE",BATHROOM,"BATHROOM SHELF RACKS HOLDERS"
MKL,90564,"LELE TUNA CHUNKS IN SOYA BEAN OIL  80G  48",15.19,0,SUPERMARKET,"FOOD CUPBOARD","CANNED FOOD"
MKL,03077,"WEETABIX CEREAL ORIGINAL 225G 18",47.99,0,SUPERMARKET,"FOOD CUPBOARD","BREAKFAST CEREALS"
MKL,105233,"HOMEFOODS TROPISOUP PALM CREAM SUOP 800G 12",71.99,0,SUPERMARKET,"FOOD CUPBOARD","CANNED FOOD"
MKL,122284,"TOOTHPICK W/SOLID CASE",4.9,0,"HOUSEWARE & KITCHENWARE","HOUSE HOLD PRODUCTS","HOUSE HOLD"
MKL,134091,"SANITA EASY LOCK  STORAGE BAG LARGE 20X25",22.99,0,SUPERMARKET,"HOME AND PERSONAL CARE",DISPOSABLE
MKL,51240,"COLGATE TOOTHBRUSH DOUBLE ACTION 120",8.99,0,SUPERMARKET,"HOME AND PERSONAL CARE","ORAL CARE"
MKL,86437,"WATER BOTTLE 900ML PLASTIC SPORTS PURO",9.9,0,"HOUSEWARE & KITCHENWARE","FLASK AND BOTTLES",BOTTLE
MKL,86515,"CORNELLY CORN SNACKS 50G  72",1.09,0,SUPERMARKET,"FOOD CUPBOARD",SNACKS
MKL,102518,"MOMEASY WIDE NECK FEEDING BOTTLE 8OZ W/HANDLE",39,0,"TOYS AND ENTERTAINMENT",INFANTS,FEEDING
MKL,102996,"LEA COMPLEXION CARE SOAP MIMOSA 150G  48",10.89,0,SUPERMARKET,"HOME AND PERSONAL CARE","PERSONAL WASH"
MKL,110742,"SANITA  CLUB TRASH BAGS 50GALLONSX20   10",60.99,0,SUPERMARKET,"HOME AND PERSONAL CARE",DISPOSABLE
MKL,113984,"BEL-TONIC CAN DRINK 330ML 24",8.49,0,SUPERMARKET,BEVERAGES,DRINKS
MKL,13990,"LELE CORNED BEEF 198G 12",36.99,0,SUPERMARKET,"FOOD CUPBOARD","CANNED FOOD"
MKL,159988,"DUSTBIN  21 LITRE METAL BLACK WIRE 23X26CM YWU",24.9,0,"HOUSEWARE & KITCHENWARE","HOME HYGIENE",DUSTBINS
MKL,18372,"PRINCESS COCOA BUTTER LOTION 400ML  4",25.99,0,SUPERMARKET,"HOME AND PERSONAL CARE","SKIN CARE"
MKL,18750,"NESTLE CERELAC BL MAIZE 50G 10X8",6.99,0,SUPERMARKET,"FOOD CUPBOARD","BREAKFAST CEREALS"
MKL,37062,"HARPIC ACTIVE FRESH MOUNTAIN PINE  725ML   12",38.99,0,SUPERMARKET,"HOME AND PERSONAL CARE","HOUSEHOLD CLEANERS"
MKL,87650,"PILLOW MOULD MEMORY FOAM 900G JACQUARD MH002-1",199,0,"HOME DECOR & TEXTILES",PILLOWS,PILLOWS
MKL,92726,"FRUIT BASKET 25X13CM METAL WIRE Y2018 YWU",65,0,"HOUSEWARE & KITCHENWARE","STORAGE AND ORGANIZER",BASKET
MKL,96497,"SWAN BROWN SUGAR STICKS 200G 12",25.99,0,SUPERMARKET,"FOOD CUPBOARD","SALT  SUGAR AND JAGGERY"
MKL,106810,"SHINE GARBAGE BAGS 20L  ( 30)   12",25.49,0,SUPERMARKET,"HOME AND PERSONAL CARE",DISPOSABLE
MKL,111821,"PERK MILKRICH COOKIES 81G  36",7.49,0,SUPERMARKET,"FOOD CUPBOARD",BISCUITS
MKL,124125,"SPONGE NAIL SAVER 2PCS SET 2107971",9.9,0,"HOUSEWARE & KITCHENWARE","HOME HYGIENE","SPONGE SCRUBBERS AND SCOURERS"
MKL,137493,"BUMBLE BABY WET WIPES 120 PCS LA BELLA  12",31.99,0,SUPERMARKET,"HOME AND PERSONAL CARE","INFANT AND BABY CARE"
MKL,172100,"SKYVEST LED TV 43"" SATELLITE 43S ORV",3049,0,"ELECTRONICS & TELECOM","LED TV","SATELLITE TV"
MKL,24021,"VASELINE PJ (BLUE SEAL) ORIGINAL 250ML  36",51.99,0,SUPERMARKET,"HOME AND PERSONAL CARE","SKIN CARE"
MKL,39955,"PRAN PREMIUM ORANGE JUICE TETRA PACK 1L  12",22.99,0,SUPERMARKET,BEVERAGES,JUICE
MKL,43198,"JUVER DISFRUTA NECTAR PEACH JUICE 1L  12",32.99,0,SUPERMARKET,BEVERAGES,JUICE
MKL,59680,"ROYAL DIGESTIVE BISCUIT 24G 72",1.69,0,SUPERMARKET,"FOOD CUPBOARD",BISCUITS
MKL,69544,"ROMAR AUTOM AIRFRESH REFILL ROSES 250ML  6",48.99,0,SUPERMARKET,"HOME AND PERSONAL CARE",FRESHENERS
MKL,96521,"MADAR ZONE BLEACH 500ML  12",12.99,0,SUPERMARKET,"HOME AND PERSONAL CARE","HOUSEHOLD CLEANERS"
MKL,97042,"KEY CHAIN W/  I LOVE GHANA",5.9,0,SUNDRY,"HOME ESSENTIALS","DECORATIVE ITEMS/SCULPTURES"
MKL,CL696,"TIARA BOWL WLID 1700ML 21CMX19CMX9CM",12.9,0,"HOUSEWARE & KITCHENWARE",SERVEWARE,"SERVING BOWL"
MKL,N113,"GILLETTE 2 BLADE ( 5PC IN  POUCH ) 24",35.99,0,SUPERMARKET,"HOME AND PERSONAL CARE","MENS GROOMING"
MKL,X484,"GINO BAKED BEANS 425G 12",23.99,0,SUPERMARKET,"FOOD CUPBOARD","CANNED FOOD"
MKL,115949,"BINE ANTIBACTERIAL SOAP 500ML 20",15.99,0,SUPERMARKET,"HOME AND PERSONAL CARE","PERSONAL WASH"
MKL,13203,"KONKORD IODIZED SALT 500G 50",4.49,0,SUPERMARKET,"FOOD CUPBOARD","SALT  SUGAR AND JAGGERY"
MKL,167658,"MUG 350 ML CERAMIC DESINGER YWU",4.9,0,"HOUSEWARE & KITCHENWARE",DINNERWARE,MUGS
MKL,18464,"PRAN FROOTO MANGO JUICE 1500ML 6",34.99,0,SUPERMARKET,BEVERAGES,JUICE
MKL,191056,"KOYO NON-DIARY CREAMER 200G  26",13.49,0,SUPERMARKET,"FOOD CUPBOARD","MILK AND CREAMERS"
MKL,42283,"PELICAN XXX RUM 750ML 12",99.99,0,SUPERMARKET,"BEVERAGES ALCOHOLIC",RHUM
MKL,51935,"ALUMINIUM FOIL CONTAINER 12PCS 3-SECTION",9.9,0,"HOUSEWARE & KITCHENWARE",DISPOSABLES,"DISPOSABLE CONTAINERS"
MKL,60997,"SUNNY BROWN SUGAR SACHET 400G 50",21.99,0,SUPERMARKET,"FOOD CUPBOARD","SALT  SUGAR AND JAGGERY"
MKL,70753,"OKF STANDARD ALOE  ORIGINAL DRINK  1.5L  12",46.99,0,SUPERMARKET,BEVERAGES,JUICE
MKL,98735,"SIBLOU WHITE TUNA IN OIL 170G  48",41.99,0,SUPERMARKET,"FOOD CUPBOARD","CANNED FOOD"
MKL,103051,"DAY BY DAY SHOWER GEL HONEY 750ML  12",31.99,0,SUPERMARKET,"HOME AND PERSONAL CARE","PERSONAL WASH"
MKL,118279,"FARAGELLO GOLD GRAPE NECTAR GLASS BOTTLE 1L  6",33.99,0,SUPERMARKET,BEVERAGES,JUICE
MKL,125267,"SAIRO GOLD HAND WASH 500ML  12",28.99,0,SUPERMARKET,"HOME AND PERSONAL CARE","PERSONAL WASH"
MKL,148791,"CAKE TOPPER HAPPY BIRTHDAY MIX COLOR",6.9,0,"TOYS AND ENTERTAINMENT","PARTY SUPPLIES","CELEBRATION DECOR AND ACCESSORIES"
MKL,159763,"MUNCHEE DIGESTIVE BISCUITS 65G  48",3.59,0,SUPERMARKET,"FOOD CUPBOARD",BISCUITS
MKL,191898,"KENWOOD RICE COOKER 2.8L 1000W SS RCM28",749,0,"ELECTRICAL APPLIANCES","RICE/ MULTI COOKER","POT TYPE RICE COOKER"
MKL,200291,"H&H MAYONNAISE 500ML 12",38.49,0,SUPERMARKET,"FOOD CUPBOARD","SPREADS AND TOPPING"
MKL,70100,"SUNLIGHT DISH WASHING LIQUID LEMON 750ML 15",42.99,0,SUPERMARKET,"HOME AND PERSONAL CARE","HOUSEHOLD CLEANERS"
MKL,90607,"CURTAIN ROD SINGLE 120-210 11051-210PG",119,0,"HOME DECOR & TEXTILES","CURTAIN RODS","CURTAIN RODS"
MKL,A973,"KASAPREKO CARNIVAL STRAWBERRY 750ML 12",44.99,0,SUPERMARKET,"BEVERAGES ALCOHOLIC",LIQUER
MKL,02387,"PICCADILLY GEM BISCUITS 250G  15",15.99,0,SUPERMARKET,"FOOD CUPBOARD",BISCUITS
MKL,116610,"BLING HANDWASH SHEA COCOA 500ML  12",15.49,0,SUPERMARKET,"HOME AND PERSONAL CARE","PERSONAL WASH"
MKL,132079,"KEY BAR MULTIPURPOSE 800G  16",30.99,0,SUPERMARKET,"HOME AND PERSONAL CARE","LAUNDRY CARE"
MKL,209241,"PEPSODENT TP FIFA FRESH BREATH MV 95G 36",22.99,0,SUPERMARKET,"HOME AND PERSONAL CARE","ORAL CARE"
MKL,64102,"DOLAIT MANGO DRINKING YOGHURT 200ML 10",9.99,0,SUPERMARKET,"FRESH DAIRY AND EGGS",Yoghurt
MKL,76891,"UNOLI SUNFLOWER OIL 1L 15",54.99,0,SUPERMARKET,"FOOD CUPBOARD","EDIBLE OILS AND GHEE"
MKL,81504,"DOLAIT NATURAL YOGHURT STRAWBERRY 200G 1",15.49,0,SUPERMARKET,"FRESH DAIRY AND EGGS",Yoghurt
MKL,90526,"JOHNNIE WALKER BLACK LABEL 200ML 24",144.99,0,SUPERMARKET,"BEVERAGES ALCOHOLIC",WHISKEY
MKL,94242,"MADAR DETERGENT POWDER 800G   10",31.49,0,SUPERMARKET,"HOME AND PERSONAL CARE","LAUNDRY CARE"
MKL,X777,"NESTLE CERELAC MAIZE TIN 400G 12",49.99,0,SUPERMARKET,"FOOD CUPBOARD","BABY FOOD"
MKL,102951,"FRES LIQUID SOAP COCOA  350ML  24",17.99,0,SUPERMARKET,"HOME AND PERSONAL CARE","PERSONAL WASH"
MKL,106655,"BLING GLASS CLEANER 750ML  15",16.99,0,SUPERMARKET,"HOME AND PERSONAL CARE","HOUSEHOLD CLEANERS"
MKL,107321,"DZIRE ELECTRIC AIRPOT 4.2L EA-50HMS",689,0,"ELECTRICAL APPLIANCES",KETTLE,THERMOPOT
MKL,131082,"ROMAR REFILL AUTOM AIR FRESH LOVE DCL 250ML  6",48.99,0,SUPERMARKET,"HOME AND PERSONAL CARE",FRESHENERS
MKL,169976,"LIDO ZONE BLEACH 1L  12",14.99,0,SUPERMARKET,"HOME AND PERSONAL CARE","HOUSEHOLD CLEANERS"
MKL,78719,"PAINTING WITH FRAME 50*60CM MIX DESIGN 2",89,0,"HOME DECOR & TEXTILES","HOME DECOR","WallANDTable Decor"
MKL,N159,"KINGSBITE CHOCOLATE 100G (10TABS/BOX  X 10) 100",31.99,0,SUPERMARKET,"FOOD CUPBOARD",CONFECTIONERY
MKL,149449,"LAV TUMBLER SET OF 3PCS LV-LAL376A",39.9,0,"HOUSEWARE & KITCHENWARE",GLASSWARE,"GLASS / TUMBLER /WINE / CHAMPAGNE"
MKL,164599,"TOWEL HOLDER METAL ORSA 902",29.9,0,"HOUSEWARE & KITCHENWARE",BATHROOM,"BATHROOM SHELF RACKS HOLDERS"
MKL,192229,"MARBELLA FOOD STORAGE CONTAINER 3PCS SET HL7010DCT",22.9,0,"HOUSEWARE & KITCHENWARE","STORAGE AND ORGANIZER","STORAGE CONTAINERS"
MKL,39954,"PRAN MANGO JUICE TETRA PACK 1L  12",22.99,0,SUPERMARKET,BEVERAGES,JUICE
MKL,130798,"TOREN MILK CHOCO  COATED WAFER COCOA CREAM 38G 144",6.29,0,SUPERMARKET,"FOOD CUPBOARD",BISCUITS
MKL,150651,"FROSTY BITE FANTASY CHOCOLATE 70G",8.99,0,SUPERMARKET,"FROZEN FOOD",ICE-CREAM
MKL,166546,"WATER BOTTLE 1370ML PLASTIC PNP3316TH7",9.9,0,"HOUSEWARE & KITCHENWARE","FLASK AND BOTTLES",BOTTLE
MKL,18347,"LONG MOUNTAIN CABERNET SAUVIGNON RED WINE 75CL 6",69.99,0,SUPERMARKET,"BEVERAGES ALCOHOLIC",WINES
MKL,194678,"CERAMIC BOWL 8.75 INCHES RB-001",19.9,0,"HOUSEWARE & KITCHENWARE",DINNERWARE,BOWLS
MKL,200275,"H&H CANNED SWEET CORN 340G  24",14.49,0,SUPERMARKET,"FOOD CUPBOARD","CANNED FOOD"
MKL,36024,"VASELINE BODY LOTION COCOGLOW 400ML",49.99,0,SUPERMARKET,"HOME AND PERSONAL CARE","SKIN CARE"
MKL,72673,"DEVA SOFTENER  SENSITIVE  4L  4",135.99,0,SUPERMARKET,"HOME AND PERSONAL CARE","LAUNDRY CARE"
MKL,78969,"CHRISTMAS PVC TREE DECORATION 50CM",8.9,0,"HOME DECOR & TEXTILES","XMAS SEASONAL","xmas season"
MKL,79218,"8"" MATTRESS 54X75INCH  HD D/S LAT",1769,0,FURNITURE,MATTRESS,"Double Size"
MKL,91235,"SAIRO BATH&SHOWER GEL COCONUT SENSATION 750ML 8",50.99,0,SUPERMARKET,"HOME AND PERSONAL CARE","PERSONAL WASH"
MKL,CL571,"CONTAINERS FANCY WITH LID 2500ML 26CMX18CMX8CM",13.3,0,"HOUSEWARE & KITCHENWARE","STORAGE AND ORGANIZER","STORAGE CONTAINERS"
MKL,00380,"CERES MANGO JUICE 200ML 24",12.99,0,SUPERMARKET,BEVERAGES,JUICE
MKL,08026,"OMO AUTO WASH  2KG  9",172.99,0,SUPERMARKET,"HOME AND PERSONAL CARE","LAUNDRY CARE"
MKL,105486,"DZIRE BLENDER W/MILL 1.5L 350W BLP-202W350",299,0,"ELECTRICAL APPLIANCES","FOOD PROCESSOR/BLENDER",BLENDERS
MKL,138594,"HAYHAY  BOXES CARAMEL ( 24 X 8 ) 30G 192",5.19,0,SUPERMARKET,"FOOD CUPBOARD",BISCUITS
MKL,152187,"TCL WASHING MACHINE FL 8KG P608FL",7189,0,"ELECTRICAL APPLIANCES","WASHING MACHINE","FRONT LOAD WM"
MKL,164127,"BATHROOM 5PCS SET BLACKSTORY PLASTIC 162240-010",199,0,"HOUSEWARE & KITCHENWARE",BATHROOM,"BATH SETS /BATHROOM SETS"
MKL,171351,"BELPAK FACIAL TISSUE BOX  36",10.99,0,SUPERMARKET,"HOME AND PERSONAL CARE",DISPOSABLE
MKL,86330,"CUP W COVER 450ML PLASTIC YWU",14.9,0,"HOUSEWARE & KITCHENWARE","FLASK AND BOTTLES","CUPS AND TUMBLERS"
MKL,92308,"ENA PA SUPERIOR DARK SOY SAUCE 500ML  12",25.99,0,SUPERMARKET,"FOOD CUPBOARD",CONDIMENTS
MKL,CL671,"COFFEE FLASK PU INSULATED 900ML 12.2CMX10CMX25CM",16.9,0,"HOUSEWARE & KITCHENWARE","FLASK AND BOTTLES",FLASK
MKL,117646,"SOAP CASE PLASTIC UR-3144",6.9,0,"HOUSEWARE & KITCHENWARE",BATHROOM,"SOAP DISH CASE DISPENSERS"
MKL,118150,"RACK 3LAYER KITCHEN PLASTIC 01040000",99,0,"HOUSEWARE & KITCHENWARE",KITCHENWARE,"RACKS AND HOLDERS"
MKL,61541,"RUSH ENERGY DRINK 350ML 12",4.99,0,SUPERMARKET,BEVERAGES,DRINKS
MKL,108399,"KIVO CLASSIC BAKED BEANS IN TOMATO SAUCE 400G  12",19.49,0,SUPERMARKET,"FOOD CUPBOARD","CANNED FOOD"
MKL,112508,"HANGER SET 5PCS 4OCM PLASTIC LP6300 RJK",32.9,0,"HOUSEWARE & KITCHENWARE",LAUNDARY,"CLOTH HANGERS"
MKL,117621,"STRAINER PLASTIC UR-3074",19.9,0,"HOUSEWARE & KITCHENWARE","KITCHEN TOOLS AND CULTARY","STRAINER AND FILTERS"
MKL,124133,"SPONGE NAIL SAVER 4PCS SET 1909831",16.9,0,"HOUSEWARE & KITCHENWARE","HOME HYGIENE","SPONGE SCRUBBERS AND SCOURERS"
MKL,149453,"LAV TUMBLER 3PCS SET LVVLR374A",39.9,0,"HOUSEWARE & KITCHENWARE",GLASSWARE,"GLASS / TUMBLER /WINE / CHAMPAGNE"
MKL,165068,"GLASS JUG WLID 1860ML GJW18 RJK",39.9,0,"HOUSEWARE & KITCHENWARE",GLASSWARE,"JUGS/JUG WITH LIDS"
MKL,198393,"ENA PA MAYONNAISE 250ML  12",25.49,0,SUPERMARKET,"FOOD CUPBOARD","SPREADS AND TOPPING"
MKL,51037,"ENERGIZER BATTERY LITHIUM 3V ECR2016-LITHIUM",25,0,"ELECTRICAL APPLIANCES",BATTERIES,BATTERY
MKL,88061,"PEAK  FULL CREAM UHT MILK  500ML 12",22.99,0,SUPERMARKET,"FOOD CUPBOARD","MILK AND CREAMERS"
MKL,91433,"BECKY QUEEN GRAFIK & TIMES 250G  12",30.99,0,SUPERMARKET,"FOOD CUPBOARD","BREAKFAST CEREALS"
MKL,129611,"OPENER ANIMAL DESIGN YWU",4.9,0,"HOUSEWARE & KITCHENWARE","CUTLERY ITEMS",OPENERS
MKL,36774,"FROSTY BITE ICE CREAM STRAWBERRY TUB 1800ML 1",64.99,0,SUPERMARKET,"FROZEN FOOD",ICE-CREAM
MKL,103055,"DAY BY DAY LOTION GRENADINE 500ML  24",24.29,0,SUPERMARKET,"HOME AND PERSONAL CARE","SKIN CARE"
MKL,159709,"MUNCHEE MILK SHORT CAKE BISCUITS 65G  48",4.19,0,SUPERMARKET,"FOOD CUPBOARD",BISCUITS
MKL,160253,"PERLA MINERAL WATER JAR 6L 1",12.19,0,SUPERMARKET,BEVERAGES,"MINERAL WATER"
MKL,169162,"DERRBY SHAVING STICK BANYO PK5  14",18.99,0,SUPERMARKET,"HOME AND PERSONAL CARE","MENS GROOMING"
MKL,69055,"DR. MALT DARK CAN  330ML  24",8.19,0,SUPERMARKET,BEVERAGES,DRINKS
MKL,102311,"PEAK MILK POWDER  GREEN SACHET 350G 6",47.99,0,SUPERMARKET,"FOOD CUPBOARD","MILK AND CREAMERS"
MKL,118155,"BASIN QUADRALOGIC PLASTIC 24LTR 02020220",49.9,0,"HOUSEWARE & KITCHENWARE",LAUNDARY,"BUCKETS AND BASINS"
MKL,137491,"BUMBLE BABY WET WIPES 100 PCS BABY SCENTED  12",26.99,0,SUPERMARKET,"HOME AND PERSONAL CARE","INFANT AND BABY CARE"
MKL,166548,"WATER BOTTLE SET 2PCS PLASTIC PNP35032X2P2",9.9,0,"HOUSEWARE & KITCHENWARE","FLASK AND BOTTLES",BOTTLE
MKL,174270,"TOP CHOCOLATE SPREAD IN A TUBE 100G  24",10.99,0,SUPERMARKET,"FOOD CUPBOARD","SPREADS AND TOPPING"
MKL,126229,"AIRPRO AIRREFRSHENER UFO MEMBRANE S/BERRY 6.5ML 24",29.99,0,SUPERMARKET,"HOME AND PERSONAL CARE",FRESHENERS
MKL,133927,"PROFA TOM BROWN 400G  30",25.99,0,SUPERMARKET,"FOOD CUPBOARD","BREAKFAST CEREALS"
MKL,18342,"LONG MOUNTAIN SAUVIGNON BLANC WINE 75CL 6",65.99,0,SUPERMARKET,"BEVERAGES ALCOHOLIC",WINES
MKL,184788,"TUMBLER 6PCS SET GLASS 330ML",89,0,"HOUSEWARE & KITCHENWARE",GLASSWARE,"GLASS / TUMBLER /WINE / CHAMPAGNE"
MKL,191983,"DINNER SPOON 51G0359 ZHN",24.9,0,"HOUSEWARE & KITCHENWARE","CUTLERY ITEMS","SPOONS FORKS KNIFE AND CUTLERY SET"
MKL,197091,"MCBERRY CORN FLAKES 25G  100",2.19,0,SUPERMARKET,"FOOD CUPBOARD","BREAKFAST CEREALS"
MKL,20641,"FARAGELLO COCKTAIL NECTAR TETRA PACK 1L 12 (BLUE)",24.99,0,SUPERMARKET,BEVERAGES,JUICE
MKL,57746,"FANTA ORANGE PET 1L  4",15.99,0,SUPERMARKET,BEVERAGES,DRINKS
MKL,CL431,"BUCKET WITH LID AND TAP 20LTR 35CMX36CM",49.9,0,"HOUSEWARE & KITCHENWARE",LAUNDARY,"BUCKETS AND BASINS"
MKL,119307,"REXONA ROLL ON  BIORYTHM 50ML  6",25.99,0,SUPERMARKET,"HOME AND PERSONAL CARE",FRAGRANCES
MKL,139250,"PARIN NECTAR NATURAL HONNEY 50G 24",16.99,0,SUPERMARKET,"FOOD CUPBOARD","HONEY  JAM AND MARMALADE"
MKL,166955,"BRUHM LED TV 32"" SAT BTF-32S",2499,0,"ELECTRONICS & TELECOM","LED TV","SATELLITE TV"
MKL,175047,"FOUR SPECIAL AMOR RED MOSCATO WINE 750ML 6",62.99,0,SUPERMARKET,"BEVERAGES ALCOHOLIC",WINES
MKL,182987,"HANGER 445X12MM W02A HOBC S6 RJK",69,0,"HOUSEWARE & KITCHENWARE",LAUNDARY,"CLOTH HANGERS"
MKL,204551,"UNOLI SOYABEAN OIL 900ML  20",45.99,0,SUPERMARKET,"FOOD CUPBOARD","EDIBLE OILS AND GHEE"
MKL,91230,"SAIRO BATH&SHOWER GEL CUCUMBER SENSATION 750ML 8",50.99,0,SUPERMARKET,"HOME AND PERSONAL CARE","PERSONAL WASH"
MKL,CL302,"CENTURY CL302 FLASK FIESTA PRTD 6",20,0,"HOUSEWARE & KITCHENWARE","CENTURY PRODUCTS",CENTURY
MKL,115951,"SANITA CLUB TOILET TISSUE 6PCS  6",79.99,0,SUPERMARKET,"HOME AND PERSONAL CARE",DISPOSABLE
MKL,12419,"LACTASOY CHOCOLATE SOYA MILK 500ML 12",24.99,0,SUPERMARKET,"FOOD CUPBOARD","MILK AND CREAMERS"
MKL,14712,"EASY MOUZOO MANGO  TETRAPACK JUICE 1L 12",23.99,0,SUPERMARKET,BEVERAGES,JUICE
MKL,153019,"FLAMINGO SOFT NAPKIN  15",7.99,0,SUPERMARKET,"HOME AND PERSONAL CARE",DISPOSABLE
MKL,167853,"BROOM PLASTIC WWOODEN HANDLE B501B RJK",19.9,0,"HOUSEWARE & KITCHENWARE","HOME HYGIENE","BROOM BRUSHES DUSTPANS"
MKL,180314,"STYLE UP PARFUM ORIGINAL 50ML  48",10.99,0,SUPERMARKET,"HOME AND PERSONAL CARE",FRAGRANCES
MKL,192057,"CUTTING TOOLS SET WITH CHOPPING BOARD LDS3082025F",289,0,"HOUSEWARE & KITCHENWARE","KNIFE AND CHOPPING BOARD","CHOPPING BOARD AND KNIFE SET"
MKL,95659,"AMALFI  HAND SOAP BERRIES  500ML  12",25.99,0,SUPERMARKET,"HOME AND PERSONAL CARE","PERSONAL WASH"
MKL,99644,"PRINCESS ROLL ON ROSE 50ML  6",9.99,0,SUPERMARKET,"HOME AND PERSONAL CARE",FRAGRANCES
MKL,CL613,"BASIN WITH LID 6LTR 32CMX15CM",18.9,0,"HOUSEWARE & KITCHENWARE",LAUNDARY,"BUCKETS AND BASINS"
MKL,X775,"CHELSEA TEA RED 200G 10",41.49,0,SUPERMARKET,BEVERAGES,TEA
MKL,100048,"DOVE BABY WIPES RICH MOISTURE 50S  12",29.99,0,SUPERMARKET,"HOME AND PERSONAL CARE","INFANT AND BABY CARE"
MKL,139776,"MUG 330ML CERAMIC SQUARE YWU",4.9,0,"HOUSEWARE & KITCHENWARE",DINNERWARE,MUGS
MKL,153261,"LAV TUMBLER 6PCS LV-ARA209F",9.9,0,"HOUSEWARE & KITCHENWARE",GLASSWARE,"GLASS / TUMBLER /WINE / CHAMPAGNE"
MKL,166379,"COLANDER WSIDE HANDLES 25.5CM SSTEEL XY-2313",32.9,0,"HOUSEWARE & KITCHENWARE","KITCHEN TOOLS AND CULTARY",COLANDERS
MKL,175387,"MUNCHEE MORNING DELIGHT CREAL BISCUIT 22G  72",1.49,0,SUPERMARKET,"FOOD CUPBOARD",BISCUITS
MKL,175392,"MUNCHEE CHOCO CRUNCH BISCUIT 26G  72",1.39,0,SUPERMARKET,"FOOD CUPBOARD",BISCUITS
MKL,37883,"GEURTS CHERRY JAM 450G 12",46.99,0,SUPERMARKET,"FOOD CUPBOARD","SPREADS AND TOPPING"
MKL,72669,"DEVA MULTI SURFACE CLEANER FLORAL 2.5LT * 6",81.99,0,SUPERMARKET,"HOME AND PERSONAL CARE","HOUSEHOLD CLEANERS"
MKL,124108,"WINDOW CLEANING CLOTH MICROFIBER 1909450",9.9,0,"HOUSEWARE & KITCHENWARE","HOME HYGIENE","CLEANING CLOTHES"
MKL,134326,"FRESHDAYS LONG 18 X 12",20.99,0,SUPERMARKET,"HOME AND PERSONAL CARE","FEMININE CARE"
MKL,179133,"SUNFLOWER WINDMILL TOYS 31CM",13.9,0,"TOYS AND ENTERTAINMENT","PUSH AND PULL ALONG TOYS","PRESS AND SPIN TOYS"
MKL,179574,"DIY HAIRBALL PICTURE CRAFT 30X30CM W/STAND ASST DE",49,0,STATIONERY,"SCHOOL AND CHILDREN STATIONERY","ART AND HOBBY SETS"
MKL,120383,"BELPAK MAX PAPER KITCHEN TOWEL (1 X6 ROLLS)  6",42.49,0,SUPERMARKET,"HOME AND PERSONAL CARE",DISPOSABLE
MKL,149746,"SCISSORS ALL PURPOSE AMB301KA0017 RJK",22.9,0,"HOUSEWARE & KITCHENWARE","KNIFE AND CHOPPING BOARD",SCISSORS
MKL,161073,"AKAI CHEST FREEZER SD 145L CF046AC-145W",2849,0,"ELECTRICAL APPLIANCES",FREEZER,"SINGLE DOOR FREEZER"
MKL,161583,"DZIRE CEILING FAN 56"" SMOKE BROWN CF 56 B-DEC POLO",419,0,"ELECTRICAL APPLIANCES",FAN,"CEILING FAN"
MKL,19894,"FROSTY BITE ICE CREAM CUP STRAWBERRY 150ML 24",6.99,0,SUPERMARKET,"FROZEN FOOD",ICE-CREAM
MKL,71823,"COOL BREEZE HANGING AIR FRESHNER CRANBERRY 11ML 24",18.99,0,SUPERMARKET,"HOME AND PERSONAL CARE",FRESHENERS
MKL,CL104,"BASIN 14LTR 40CMX18CM",22.9,0,"HOUSEWARE & KITCHENWARE",SERVEWARE,"SERVING BOWL"
MKL,D136,"LUNCH NAPKINS PLAIN 100SHTS 15",11.99,0,SUPERMARKET,"HOME AND PERSONAL CARE",DISPOSABLE
MKL,156619,"ARTIFICIAL FLOWER 6 COLOUR MIX",89,0,"HOME DECOR & TEXTILES",DECORATIVE,"Artificial FlowersANDPlants"
MKL,29396,"BEL-AQUA NATURAL MINERAL WATER 1.5L 12",6.19,0,SUPERMARKET,BEVERAGES,"MINERAL WATER"
MKL,122795,"BATHROOM CORNER SHELF 3 LAYER PLASTIC UR-3077",59,0,"HOUSEWARE & KITCHENWARE",BATHROOM,"BATHROOM SHELF RACKS HOLDERS"
MKL,136951,"DISH RACK 47.5X28X6CM SK-47",19.9,0,"HOUSEWARE & KITCHENWARE",KITCHENWARE,"DISH RACKS"
MKL,147406,"MCBERRY ALPHA 3 + 3 CRACKER 24G  72",1.29,0,SUPERMARKET,"FOOD CUPBOARD",BISCUITS
MKL,160269,"SAUCE BOTTLE 2PCS SET 600ML PLASTIC 8800A YWU",12.9,0,"HOUSEWARE & KITCHENWARE",KITCHENWARE,"SAUCE/ VINEGAR/ BOTTLES AND SETS"
MKL,164170,"AKAI DRY IRON 1000W EI051A-171S",159,0,"ELECTRICAL APPLIANCES","LINEN CARE","DRY IRON"
MKL,167851,"BROOM PLASTIC WWOODEN HANDLE H013 RJK",19.9,0,"HOUSEWARE & KITCHENWARE","HOME HYGIENE","BROOM BRUSHES DUSTPANS"
MKL,200292,"H&H TOMATO KETCHUP 340G 24",19.49,0,SUPERMARKET,"FOOD CUPBOARD",CONDIMENTS
MKL,N925,"PRINGLES HOT & SPICY  165G  19",44.99,0,SUPERMARKET,"FOOD CUPBOARD",SNACKS
MKL,123913,"SCOURING PAD 10PCS SET  CHSP1510 YWU",4.9,0,"HOUSEWARE & KITCHENWARE","HOME HYGIENE","SPONGE SCRUBBERS AND SCOURERS"
MKL,190725,"MANICURE 6PCS SET YWU",22.9,0,"HOUSEWARE & KITCHENWARE",BATHROOM,"BATHROOM ACCESSORIES"
MKL,43364,"COLGATE KIDS TP BUBBLE FRUIT (2-5YRS) 50ML  144",15.99,0,SUPERMARKET,"HOME AND PERSONAL CARE","ORAL CARE"
MKL,64104,"DOLAIT STRAWBERRY DRINKING YOGHURT 200ML 10",9.99,0,SUPERMARKET,"FRESH DAIRY AND EGGS",Yoghurt
MKL,83925,"TOP CHOCO ON -THE -GO 80G 24",9.99,0,SUPERMARKET,"FOOD CUPBOARD",CONFECTIONERY
MKL,87570,"COLOUR JOY W/WRITE ALONG VEGETABLE/FRUITS EB158",4.9,0,STATIONERY,"CHILDREN BOOKS AND GEN REF","BOOKS AND LEARNINGS"
MKL,104540,"FONTISSUE TOILET TISSUE 8 ROLLS  5",33.99,0,SUPERMARKET,"HOME AND PERSONAL CARE",DISPOSABLE
MKL,182127,"PLATINUM SUNFLOWER OIL 1.5L 8",79.99,0,SUPERMARKET,"FOOD CUPBOARD","EDIBLE OILS AND GHEE"
MKL,CL612,"ROYALE CASSEROLE 2PCS SET 1000ML 1500ML  SSI",79,0,"HOUSEWARE & KITCHENWARE",SERVEWARE,CASSEROLES
MKL,CL714,"SPICE CONTAINER 600ML 12.6CMX12.6CMX8CM",4.9,0,"HOUSEWARE & KITCHENWARE","STORAGE AND ORGANIZER","STORAGE CONTAINERS"
MKL,125275,"AIRPRO MINI CLIP A/REFRSHNER BLOSSOM 2.5ML 6",20.49,0,SUPERMARKET,"HOME AND PERSONAL CARE",FRESHENERS
MKL,150688,"AKAI STANDING FAN 18"" W/REMOTE EF111A-1803S",749,0,"ELECTRICAL APPLIANCES",FAN,"STANDING FAN"
MKL,184266,"CLOTH HANGER 7.5X36CM XSJ3600",99,0,"HOUSEWARE & KITCHENWARE",LAUNDARY,"CLOTH HANGERS"
MKL,200304,"H&H SEASONING (BEEF) (12X50) 10G  50",15.99,0,SUPERMARKET,"FOOD CUPBOARD",CONDIMENTS
MKL,184354,"TISSUE HOLDER RAINBOW SS 60060343",19.9,0,"HOUSEWARE & KITCHENWARE",BATHROOM,"BATHROOM SHELF RACKS HOLDERS"
MKL,42280,"OLD MANSION VSOP DELUXE BRANDY 750ML 12",99.99,0,SUPERMARKET,"BEVERAGES ALCOHOLIC","COGNAC / BRANDY"
MKL,54362,"SUPER STAR WASHING BRUSH  P-5224",1.9,0,"HOUSEWARE & KITCHENWARE","HOME IMPROVEMENT",BRUSH
MKL,94667,"FEKKO SPRAY STRACH 550ML  12",54.99,0,SUPERMARKET,"HOME AND PERSONAL CARE","LAUNDRY CARE"
MKL,156042,"COOKWARE SET 5PCS PALU BLACK CHN B472S544",899,0,"HOUSEWARE & KITCHENWARE",COOKWARE,"COOKWARE SET"
MKL,170040,"ORGANIZER RIBBED BOX WITHOUT LID 11L 13008",24.9,0,"HOUSEWARE & KITCHENWARE","STORAGE AND ORGANIZER","RACK SHELF DRAWERS ORGANIZERS"
MKL,179155,"FOOTBALL PLAYER MINIATURE DOLL 15 ASSTD DESIGN YW",85,0,"TOYS AND ENTERTAINMENT","DOLLS AND DOLLHOUSES","FASHION DOLLS "
MKL,181824,"CERAMIC SQ PLATE 10.5INCHES LDS001",29.9,0,"HOUSEWARE & KITCHENWARE",DINNERWARE,PLATE
MKL,104894,"NOSE COVER FASHIONABLE ASSORTED",2.2,0,"GARMENTS AND FOOTWEAR","FASHION ACCESSORIES","NOSE COVER"
MKL,106991,"AQUALIS LUXURY BATH SOAP APRICOT 300G   24",17.99,0,SUPERMARKET,"HOME AND PERSONAL CARE","PERSONAL WASH"
MKL,113238,"CORNER BRUSH 36CM PLASTIC 112/E",9.9,0,"HOUSEWARE & KITCHENWARE","HOME HYGIENE","BROOM BRUSHES DUSTPANS"
MKL,123487,"DISH RACK 48X27X8CM PP505001",24.9,0,"HOUSEWARE & KITCHENWARE",KITCHENWARE,"DISH RACKS"
MKL,124706,"AYIKOO NAPKIN 100PCS   15",5.99,0,SUPERMARKET,"HOME AND PERSONAL CARE",DISPOSABLE
MKL,145376,"FUNNEL SILICONE COLLAPSIBLE 04GD205",2.9,0,"HOUSEWARE & KITCHENWARE","KITCHEN TOOLS AND CULTARY","STRAINER AND FILTERS"
MKL,61581,"FARAGELLO GUAVA NECTAR TETRA PACK 1L 12 (BLUE)",24.99,0,SUPERMARKET,BEVERAGES,JUICE
MKL,63888,"SABA DETERGENT POWDER 150G  40",4.99,0,SUPERMARKET,"HOME AND PERSONAL CARE","LAUNDRY CARE"
MKL,90610,"CURTAIN ROD SINGLE 120-210 11062-210PC",119,0,"HOME DECOR & TEXTILES","CURTAIN RODS","CURTAIN RODS"
MKL,202186,"SOFTCARE A SANITARY PAD YELLOW 16PCS  24",16.49,0,SUPERMARKET,"HOME AND PERSONAL CARE","FEMININE CARE"
MKL,CL743,"OHEMA CASSEROLE 2000ML 27CMX21CMX16CM",26.9,0,"HOUSEWARE & KITCHENWARE",SERVEWARE,CASSEROLES
MKL,145813,"BELPAK DISPENSER KITCHEN TOWEL (NON PERFORATED)  6",41.99,0,SUPERMARKET,"HOME AND PERSONAL CARE",DISPOSABLE
MKL,178094,"CUP AND SAUCER SET 12PCS CERAMIC EMBOSSED YWU",135,0,"HOUSEWARE & KITCHENWARE",DINNERWARE,CUP
MKL,187713,"BATH MAT PLASTIC 50X80CM 4COLOR MIX",65,0,"HOME DECOR & TEXTILES","HOME FURNISHING","BATH LINEN"
MKL,54360,"BRUSH WASHING VICE PRESIDENT P5219",2.9,0,"HOUSEWARE & KITCHENWARE","HOME HYGIENE","BROOM BRUSHES DUSTPANS"
MKL,61527,"BETA MALT DRINK  PET BOTTLE 330ML 12",9.99,0,SUPERMARKET,BEVERAGES,DRINKS
MKL,07013,"YAZZ WASHING POWDER 500G 12",18.99,0,SUPERMARKET,"HOME AND PERSONAL CARE","LAUNDRY CARE"
MKL,13594,"DOVE  ROLL-ON GO FRESH GRAPE FRUIT&L.GRASS 50ML  6",25.99,0,SUPERMARKET,"HOME AND PERSONAL CARE",FRAGRANCES
MKL,179178,"DIY PAINTED PLASTER  4PCS",32.9,0,"TOYS AND ENTERTAINMENT","ART CRAFTS AND HOBBY KITS","STAMPS  STICKERS AND MAGNETS"
MKL,107210,"DZIRE BLUETOOTH SPEAKER W/USB/FM/TF CARD PS-396",119,0,"ELECTRONICS & TELECOM",AUDIO,"PORTABLE/BT SPEAKER"
MKL,CL567,"CONTAINER RND TRANSPARENT 3 PCS SET 11L 5.5L 2L",59,0,"HOUSEWARE & KITCHENWARE","STORAGE AND ORGANIZER","STORAGE CONTAINERS"
MKL,104623,"SERVING TRAY 17INCHES MELAMINE TY0063 YWU",26.9,0,"HOUSEWARE & KITCHENWARE","MELAMINE WARE","MEL TRAY"
MKL,CL745,"OHEMA CASSEROLE 2PCS SET 500 & 1000 ML",29.9,0,"HOUSEWARE & KITCHENWARE",SERVEWARE,CASSEROLES
MKL,CL772,"CONTAINER 1800ML OPAQUE 22CMX15CMX9CM",12.9,0,"HOUSEWARE & KITCHENWARE","STORAGE AND ORGANIZER","STORAGE CONTAINERS"
MKL,127070,"DZIRE DRY IRON 1000-1200W HEAVY DI-338",249,0,"ELECTRICAL APPLIANCES","LINEN CARE","DRY IRON"
MKL,172946,"ARIEL HIGH STUD LAVENDER 500G  24",39.99,0,SUPERMARKET,"HOME AND PERSONAL CARE","LAUNDRY CARE"
MKL,187167,"CHEF KNIFE 8INCHES RJK ID-A823KD0001",34.9,0,"HOUSEWARE & KITCHENWARE","KNIFE AND CHOPPING BOARD","CHEF KNIFE"
MKL,95692,"ODEX BLEACH  LEMON 4L  4",93.99,0,SUPERMARKET,"HOME AND PERSONAL CARE","HOUSEHOLD CLEANERS"
MKL,96074,"NASCO CHEST FREEZER SD 200L NAS-250FL",3149,0,"ELECTRICAL APPLIANCES",FREEZER,"SINGLE DOOR FREEZER"
MKL,187171,"KNIFE SET 5PCS RJK ID-A823SA1002",99,0,"HOUSEWARE & KITCHENWARE","KNIFE AND CHOPPING BOARD","KNIFE SETS"
MKL,194962,"LADLE SLOTTED SPOON SILICONE ZHN HR22PC-20DS",8.9,0,"HOUSEWARE & KITCHENWARE","KITCHEN TOOLS AND CULTARY","COOKING TOOL LADLES AND SERVERS"
MKL,26327,"BELPAK FUN NAPKIN  15",5.99,0,SUPERMARKET,"HOME AND PERSONAL CARE",DISPOSABLE
MKL,38044,"PARIDOX ALATA SAMINA B&S GEL LEMON 450ML 20",41.99,0,SUPERMARKET,"HOME AND PERSONAL CARE","PERSONAL WASH"
MKL,78983,"CHRISTMAS STICKER 54CM MIX DESIGN",7.9,0,"HOME DECOR & TEXTILES","XMAS SEASONAL","xmas season"
MKL,95709,"AMALFI  SHAMPOO  STRAWBERRY  400ML  10",23.99,0,SUPERMARKET,"HOME AND PERSONAL CARE","HAIR CARE"
MKL,131639,"CAKE FONDANT CUTTER 3PCS SET A8109",1.9,0,"HOUSEWARE & KITCHENWARE",BAKEWARE,MOULDS
MKL,144786,"KNIFE DINNER 6PCS SET SIGMA",9.9,0,"HOUSEWARE & KITCHENWARE","CUTLERY ITEMS","SPOONS FORKS KNIFE AND CUTLERY SET"
MKL,156676,"BATH SCRUBBER COTTON AND LINEN YWU",16.9,0,"HOUSEWARE & KITCHENWARE",BATHROOM,"BATH BRUSH SPONGES SCOURERS"
MKL,186194,"AKAI POWER BLENDER W/MILL 2L 1000W PCJ BD080A-005C",999,0,"ELECTRICAL APPLIANCES","COMMERCIAL APPLIANCES","COMMERCIAL BLENDER"
MKL,42442,"SWAN CUBES PURE BROWN SUGAR 500G  50",19.99,0,SUPERMARKET,"FOOD CUPBOARD","SALT  SUGAR AND JAGGERY"
MKL,112454,"CEREAL CONTAINER NO.1 1425ML PLASTIC L5111-DM",4.9,0,"HOUSEWARE & KITCHENWARE","STORAGE AND ORGANIZER","STORAGE CONTAINERS"
MKL,149836,"VOLTPLUS EXTENSION SOCKET 3W2M USB VP-EC3W2M1SUC",169,0,"ELECTRICAL APPLIANCES",ELECTRICALS,"EXTENSION CORD"
MKL,97041,"KEY CHAIN W GHANA FLAG COLOR",3.9,0,SUNDRY,"HOME ESSENTIALS","DECORATIVE ITEMS/SCULPTURES"
MKL,165067,"GLASS JUG WLID 1860ML GJ18 RJK",39.9,0,"HOUSEWARE & KITCHENWARE",GLASSWARE,"JUGS/JUG WITH LIDS"
MKL,176034,"BROOM WSTICK VENUS GBB18",34.9,0,"HOUSEWARE & KITCHENWARE","HOME HYGIENE","BROOM BRUSHES DUSTPANS"
MKL,97968,"SATNAM INSECT REPELLENT LAVENDER 141.7GM  48",18.99,0,SUPERMARKET,"HOME AND PERSONAL CARE","INSECTICIDES AND RODENT CONTROL"
MKL,104907,"PLATINUM VEGETABLE PALM OIL 900ML  12",44.99,0,SUPERMARKET,"FOOD CUPBOARD","EDIBLE OILS AND GHEE"
MKL,168698,"CAMRY MONITOR SCALE EF976S483 RJK",125,0,"HOUSEWARE & KITCHENWARE","WEIGHING SCALE","BATHROOM SCALE"
MKL,29453,"CUSSONS BABY OIL MILD & GENTLE 200ML 24",20.49,0,SUPERMARKET,"HOME AND PERSONAL CARE","INFANT AND BABY CARE"
MKL,153001,"AKAI SANDWICH MAKER 2SLICE 750W SM020A-8021",309,0,"ELECTRICAL APPLIANCES","SANDWICH MAKER","2 SLICE SANDWICH MAKER"
MKL,84506,"CHRISTMAS DECORATION DRUMS&BALLS 6PCS 5.5CM",11.9,0,"HOME DECOR & TEXTILES","XMAS SEASONAL","xmas season"
MKL,88170,"FONTISSUE NEW TROLL 2PLY 4ROLLS   10",17.99,0,SUPERMARKET,"HOME AND PERSONAL CARE",DISPOSABLE
MKL,115169,"VOLTPLUS EXTENSION SOCKET 4W2M SW+USB VP-EC4W2MMSU",189,0,"ELECTRICAL APPLIANCES",ELECTRICALS,"EXTENSION CORD"
MKL,117370,"XMAS DECOR W/3BELLS DESIGN GOLD JHWFW21-190",8.9,0,"HOME DECOR & TEXTILES","XMAS SEASONAL","xmas season"
MKL,122227,"AIRPRO AIRFRSHNER GEL  TUTTI FRUTTI MANIA 128G  24",24.99,0,SUPERMARKET,"HOME AND PERSONAL CARE",FRESHENERS
MKL,134144,"MY FIRST 3- LETTER WORDS (3+)",22.9,0,STATIONERY,"CHILDREN BOOKS AND GEN REF","BOOKS AND LEARNINGS"
MKL,186040,"GLASS JUG WCUP 7PCS SET 1800210ML 19137DDE RJK",149,0,"HOUSEWARE & KITCHENWARE","STORAGE AND ORGANIZER","STORAGE CONTAINERS"
MKL,102981,"BABYMED POMADE 250ML  48",25.99,0,SUPERMARKET,"HOME AND PERSONAL CARE","INFANT AND BABY CARE"
MKL,08763,"COUNTRE MILK BANANA 500ML 18",35.99,0,SUPERMARKET,BEVERAGES,DRINKS
MKL,100504,"LONG MOUNTAIN NATURAL SWEET ROSE WINE 750ML 6",65.99,0,SUPERMARKET,"BEVERAGES ALCOHOLIC",WINES
MKL,113788,"PURE DELIGHT MILK CREAM WAFER 39G 72",3.19,0,SUPERMARKET,"FOOD CUPBOARD",BISCUITS
MKL,125196,"PLATINUM SUNFLOWER OIL  4.5L  4",199.99,0,SUPERMARKET,"FOOD CUPBOARD","EDIBLE OILS AND GHEE"
MKL,129298,"STRAINER COLLAPSIBLE STALKED L00572",9.9,0,"HOUSEWARE & KITCHENWARE","KITCHEN TOOLS AND CULTARY","STRAINER AND FILTERS"
MKL,153593,"AKAI LED TV 55"" SAT SMART UHD WEBOS LT-5506T2S2SMT",6579,0,"ELECTRONICS & TELECOM","LED TV","SMART TV"
MKL,161919,"JAR W/RING LID LARGE 1000ML GLASS C-00116",22.9,0,"HOUSEWARE & KITCHENWARE",SERVEWARE,"SERVING JUGS"
MKL,167358,"GOMETS YOGHURT ASSORT. JELLY ROLLS 12X30 32G",3.49,0,SUPERMARKET,"FOOD CUPBOARD",CONFECTIONERY
MKL,168606,"BOWL SET 3PCS W/LID UR-3415",16.9,0,"HOUSEWARE & KITCHENWARE",DINNERWARE,BOWLS
MKL,184610,"FUFU BOWL 8"" CERAMIC STKLT SK09 RJK",12.9,0,"HOUSEWARE & KITCHENWARE",DINNERWARE,BOWLS
MKL,189563,"KIVO 100% NATURAL HOT SHITTO 225G  24",35.99,0,SUPERMARKET,"FOOD CUPBOARD",CONDIMENTS
MKL,197526,"LUX BAR SOAP GLOWING SKIN 170G 48",22.99,0,SUPERMARKET,"HOME AND PERSONAL CARE","PERSONAL WASH"
MKL,200217,"TEA ZUP BLACK TEA 48*25*1.5G 48",7.49,0,SUPERMARKET,BEVERAGES,DRINKS
MKL,32824,"BANETTI PASTA FUSILLI 500G  20",14.99,0,SUPERMARKET,"FOOD CUPBOARD","NOODLES AND SOUP"
MKL,42390,"OCEAN SPRAY CRANBERRY CLASSIC JUICE 1L 12",40.99,0,SUPERMARKET,BEVERAGES,JUICE
MKL,62429,"YAZZ PANTY LINER  48",13.29,0,SUPERMARKET,"HOME AND PERSONAL CARE","FEMININE CARE"
MKL,87638,"LORD 11 TWIN DISPOSABLE RAZORS (5RAZORS)  40",7.99,0,SUPERMARKET,"HOME AND PERSONAL CARE","MENS GROOMING"
MKL,89691,"WATER BOTTLE 1000ML PLASTIC RUGBY",9.9,0,"HOUSEWARE & KITCHENWARE","FLASK AND BOTTLES",BOTTLE
MKL,91241,"SAIRO BATH&SHOWER GELGOLD EXCL. FRAGRANCE  750ML 8",50.99,0,SUPERMARKET,"HOME AND PERSONAL CARE","PERSONAL WASH"
MKL,91254,"CLEANOL ANTISEPTIC DISINFECTANT 500ML   12",26.99,0,SUPERMARKET,"HOME AND PERSONAL CARE","HEALTH AND WELLNESS"
MKL,94947,"PEPSODENT TOOTHBRUSH KIDS 2-6YRS 1X60",8.99,0,SUPERMARKET,"HOME AND PERSONAL CARE","ORAL CARE"
MKL,97315,"PAINTING BOOK 4 TITLES EB693",4.9,0,STATIONERY,"CHILDREN BOOKS AND GEN REF","BOOKS AND LEARNINGS"
MKL,99677,"CURTAIN SHOWER 3 RODS 808080",22.9,0,"HOME DECOR & TEXTILES","CURTAIN RODS","CURTAIN RODS"
MKL,N659,"INDOMIE NOODLES ONION CHICKEN 70G 44",4.99,0,SUPERMARKET,"FOOD CUPBOARD","NOODLES AND SOUP"
MKL,N758,"MEDISOFT REPELLENT LEMON GREEN LOTION 100ML 72",14.49,0,SUPERMARKET,"HOME AND PERSONAL CARE","SKIN CARE"
MKL,00362,"ZWAN BEEF LUNCHEON MEAT 200G 12",36.99,0,SUPERMARKET,"FOOD CUPBOARD","CANNED FOOD"
MKL,00869,"COWBELL MILK STRAWBRY 35G (10 X12)  120",5.99,0,SUPERMARKET,BEVERAGES,"DRINKING POWDERS"
MKL,08007,"BB COCKTAIL DE FRUITS  330ML 24",13.49,0,SUPERMARKET,BEVERAGES,DRINKS
MKL,105476,"KENWOOD BLENDER W/MILL 1.5L 500W BLP15.150BK/WH",855,0,"ELECTRICAL APPLIANCES","FOOD PROCESSOR/BLENDER",BLENDERS
MKL,116095,"BATHROOM SCALE CHN PP1600V0",249,0,"HOUSEWARE & KITCHENWARE","WEIGHING SCALE","BATHROOM SCALE"
MKL,119658,"KIVO GOOD TIME NON DAIRY CREAMER 250G  25+1",19.99,0,SUPERMARKET,"FOOD CUPBOARD","DRINKING POWDER"
MKL,126217,"AIRPRO A/FRESHNER ORGANIC CAN WILD S/BERRY 42G  24",39.99,0,SUPERMARKET,"HOME AND PERSONAL CARE",FRESHENERS
MKL,131397,"LISTERINE  COOL MINT MOUTHWASH 500ML  6",69.99,0,SUPERMARKET,"HOME AND PERSONAL CARE","ORAL CARE"
MKL,131641,"CAKE FONDANT CUTTER 3PCS SET A8111",1.9,0,"HOUSEWARE & KITCHENWARE",BAKEWARE,MOULDS
MKL,148278,"BELPAK  PERFUMED T-ROLL (ROSE)",41.99,0,SUPERMARKET,"HOME AND PERSONAL CARE",DISPOSABLE
MKL,148915,"SEWING KIT",16.9,0,"HARDWARE & BUILDING MATERIAL","HARDWARE ITEMS","HOME UTILITY"
MKL,159060,"TOILET BRUSH PP M1580 RJK",65,0,"HOUSEWARE & KITCHENWARE","HOME HYGIENE","TOILET BRUSHES"
MKL,160466,"TUMBLER GLASS 6PCS SET 270ML G25005 LTREND",29.9,0,"HOUSEWARE & KITCHENWARE",GLASSWARE,"GLASS / TUMBLER /WINE / CHAMPAGNE"
MKL,179162,"CHESS  BOARD GAME 31X16CM",65,0,"TOYS AND ENTERTAINMENT","BOARD GAMES AND PUZZLES","FAMILY GAMES"
MKL,180250,"BO-16 HAIR MIST ASSORTED 125ML   6",42.99,0,SUPERMARKET,"HOME AND PERSONAL CARE","HAIR CARE"
MKL,181988,"OBA SUNFLOWER OIL 3L X 6",149.99,0,SUPERMARKET,"FOOD CUPBOARD","EDIBLE OILS AND GHEE"
MKL,191897,"KENWOOD RICE COOKER 1.8L 700W SS RCM19",669,0,"ELECTRICAL APPLIANCES","RICE/ MULTI COOKER","POT TYPE RICE COOKER"
MKL,58188,"COLGATE TOOTHBRUSH KIDS VALUE (EXTRA SOFT)    72",11.99,0,SUPERMARKET,"HOME AND PERSONAL CARE","ORAL CARE"
MKL,80161,"SUCTION TOWEL BAR  6 HOOKS R5070 RJK",59,0,"HOUSEWARE & KITCHENWARE",LAUNDARY,HOOKS
MKL,X459,"BLUE BAND MARGARINE ORIGINAL 250G 24",21.49,0,SUPERMARKET,"FOOD CUPBOARD","SPREADS AND TOPPING"
MKL,03616,"BOUNTY PAPER TOWEL 2PLY SHEETS   12",70.99,0,SUPERMARKET,"HOME AND PERSONAL CARE",DISPOSABLE
MKL,122265,"LAV WINE GLASS MIS535A",59,0,"HOUSEWARE & KITCHENWARE",GLASSWARE,"GLASS / TUMBLER /WINE / CHAMPAGNE"
MKL,124075,"MOP&BUCKET SET PLASTIC 1909197",199,0,"HOUSEWARE & KITCHENWARE","HOME HYGIENE","MOPPING AND WIPING"
MKL,168868,"KNIFE SET 4PCS 45 CPNEW01BSLERE4PB RJK",14.9,0,"HOUSEWARE & KITCHENWARE","KNIFE AND CHOPPING BOARD","KNIFE SETS"
MKL,63870,"CAMEL ANTI. SOAP COOLING MENTHOL 175G 36",15.49,0,SUPERMARKET,"HOME AND PERSONAL CARE","PERSONAL WASH"
MKL,69806,"SHINE FAMILY LUNCH NAPKIN (15PKX100PCS)  15",9.99,0,SUPERMARKET,"HOME AND PERSONAL CARE",DISPOSABLE
MKL,94163,"SATNAM PERFUMED INSECT REPELLANT LEMON 141.7GMS",18.99,0,SUPERMARKET,"HOME AND PERSONAL CARE","INSECTICIDES AND RODENT CONTROL"
MKL,X452,"MILO ACTIGEN TIN 400G 12",57.99,0,SUPERMARKET,BEVERAGES,"DRINKING POWDERS"
MKL,X769,"STARKIST SOLID TUNA STEAK IN SUNFLOW. OIL 160G  24",36.99,0,SUPERMARKET,"FOOD CUPBOARD","CANNED FOOD"
MKL,109866,"COPY COLOUR BOOKS",12.99,0,STATIONERY,"CHILDREN BOOKS AND GEN REF","BOOKS AND LEARNINGS"
MKL,131128,"SPONGE MULTI-PURPOSE ESFRELUX 4PCS 001.0765",2.9,0,"HOUSEWARE & KITCHENWARE","HOME HYGIENE","SPONGE SCRUBBERS AND SCOURERS"
MKL,150593,"LINC PENTONIC BALL PEN AST 50 PC IN DISPENSR 0.7MM",3.9,0,STATIONERY,"GENERAL STATIONERY","   WRITING SUPPLIES"
MKL,165636,"NESTLE CARNATION TEA CREAMER 370G  24",23.99,0,SUPERMARKET,"FOOD CUPBOARD","MILK AND CREAMERS"
MKL,25741,"LUNCH BOX POTLUCK MASTERCHEF SS+PLASTIC 3.6L",299,0,"HOUSEWARE & KITCHENWARE","STORAGE AND ORGANIZER","LUNCH BOXES TIFFINS AND FOOD FLASK"
MKL,38042,"PARIDOX ALATA SAMINA B&SGEL COCOA 450ML 20",41.99,0,SUPERMARKET,"HOME AND PERSONAL CARE","PERSONAL WASH"
MKL,39953,"PRAN PREMIUM FRUIT COCKTAIL JUICE TETRA PACK 1L 12",22.99,0,SUPERMARKET,BEVERAGES,JUICE
MKL,51660,"EVERPACK TROLL  FLUFFY JASMIN / ALOE VERA (10X7) 7",44.99,0,SUPERMARKET,"HOME AND PERSONAL CARE",DISPOSABLE
MKL,89856,"SHINE DISPO. CUP 500CC DELUXE  (16S X 50PCS)  20",28.99,0,SUPERMARKET,"HOME AND PERSONAL CARE",DISPOSABLE
MKL,90784,"DR MIGHTY  WC TOILET POWER BLOCKS BLUEB 4 IN 1  48",29.99,0,SUPERMARKET,"HOME AND PERSONAL CARE",FRESHENERS
MKL,96431,"NIDO ESSENTIA NUTRIPAK 14G 10PCS X 26",24.99,0,SUPERMARKET,"FOOD CUPBOARD","DRINKING POWDER"
MKL,133985,"WATER BOTTLE 500ML KL11451",45,0,STATIONERY,"SCHOOL AND CHILDREN STATIONERY","SCHOOL WATER BOTTLES"
MKL,153260,"LAV TUMBLER 6PC LV-DIA15F",69,0,"HOUSEWARE & KITCHENWARE",GLASSWARE,"GLASS / TUMBLER /WINE / CHAMPAGNE"
MKL,168549,"H&H RICH TEA CREAMS CHOCOLATE 32G  72",1.39,0,SUPERMARKET,"FOOD CUPBOARD",BISCUITS
MKL,40889,"GEURTS MIXED FRUIT JAM 450GMS  12",46.99,0,SUPERMARKET,"FOOD CUPBOARD","SPREADS AND TOPPING"
MKL,80285,"AKAI GAS STOVE 3B INFRARED GC033A-8536",699,0,"GAS COOKER & ACCESSORIES","GAS COOKER","TABLE TOP GAS STOVE"
MKL,89172,"DISH RACK WTRAY PLASTIC S800L YWU",19.9,0,"HOUSEWARE & KITCHENWARE",KITCHENWARE,"DISH RACKS"
MKL,89188,"DISH RACK 2LAYER 49X37X35 PLASTIC CMS60162 YWU",139,0,"HOUSEWARE & KITCHENWARE",KITCHENWARE,"DISH RACKS"
MKL,89866,"SHINE FACIAL TISSUE LARGE (150PCS)  36",12.99,0,SUPERMARKET,"HOME AND PERSONAL CARE",DISPOSABLE
MKL,91233,"SAIRO BATH&SHOWER GEL MARINE SALT 750ML 8",50.99,0,SUPERMARKET,"HOME AND PERSONAL CARE","PERSONAL WASH"
MKL,00529,"AKAI AVR 5KVA  AVR004A - 5000VA",1699,0,"ELECTRICAL APPLIANCES",ELECTRICALS,AVR/AVS
MKL,08759,"EMBORG LOW FAT  UHT MILK 1L 12",46.99,0,SUPERMARKET,"FOOD CUPBOARD","MILK AND CREAMERS"
MKL,119332,"COLGATE TOOTHBRUSH DOUBLE ACTION CHARCOAL 120",10.99,0,SUPERMARKET,"HOME AND PERSONAL CARE","ORAL CARE"
MKL,124052,"HOOK DAISY 6X1 PLASTIC BG-256",9.9,0,"HOUSEWARE & KITCHENWARE",LAUNDARY,HOOKS
MKL,137271,"TORENTOREN WAFERS STRAWBERRY D FLAVOUR CW 55G 144",6.29,0,SUPERMARKET,"FOOD CUPBOARD",CONFECTIONERY
MKL,145170,"SINK ORGANIZER STATION PICNIC 3859",9.9,0,"HOUSEWARE & KITCHENWARE","STORAGE AND ORGANIZER","RACK SHELF DRAWERS ORGANIZERS"
MKL,163637,"KISS WHITE GRAPE SPARKLING DRINK 750ML 6",42.99,0,SUPERMARKET,"BEVERAGES ALCOHOLIC",WINES
MKL,184372,"NERO WISKY COLA DRINK 350ML 12",5.99,0,SUPERMARKET,BEVERAGES,DRINKS
MKL,184613,"SOUP PLATE 7INCH CERAMIC STKLT SK12 RJK",9.9,0,"HOUSEWARE & KITCHENWARE",DINNERWARE,PLATE
MKL,18794,"SURE MEN APA QUANTUM DRY SPRAY 250ML 6",44.99,0,SUPERMARKET,"HOME AND PERSONAL CARE",FRAGRANCES
MKL,67430,"GINO TOMATO PASTE ( PILLOW PACK) 380G  24",16.99,0,SUPERMARKET,"FOOD CUPBOARD","TOMATO PASTE"
MKL,77584,"DR MIGHTY WC POWER BALLS GREEN LEMON 5 IN 1  24",24.99,0,SUPERMARKET,"HOME AND PERSONAL CARE",FRESHENERS
MKL,X584,"CAN COKE  REGULAR 330ML 24",8.79,0,SUPERMARKET,BEVERAGES,DRINKS
MKL,103822,"HYSON DIETATHIN TEA 15S 22.5G 24",43.99,0,SUPERMARKET,BEVERAGES,TEA
MKL,119666,"KELLOGGS CORNFLAKES 45G  100",6.49,0,SUPERMARKET,"FOOD CUPBOARD","BREAKFAST CEREALS"
MKL,139265,"FLAMINGO EXTRA KLEEN VIRGIN TROLL 1X10 7",46.99,0,SUPERMARKET,"HOME AND PERSONAL CARE",DISPOSABLE
MKL,146722,"AKAI BLENDER W/MILL 1.5L 400W BD038A-1031",449,0,"ELECTRICAL APPLIANCES","FOOD PROCESSOR/BLENDER",BLENDERS
MKL,157421,"FILLED CUSHION PRINTED 40X40CM ASSORTED MYQ9-1811",69,0,"HOME DECOR & TEXTILES","COVERS CUSHION/PILLOW/CHAIR",CUSHION
MKL,167506,"XMAS TREE 1.8M 900T",529,0,"HOME DECOR & TEXTILES","XMAS SEASONAL","xmas season"
MKL,18459,"FOUR SPECIAL SWEET RED WINE 750ML 6",58.99,0,SUPERMARKET,"BEVERAGES ALCOHOLIC",WINES
MKL,53709,"PLATINUM CORNED BEEF 340G X 24",44.99,0,SUPERMARKET,"FOOD CUPBOARD","CANNED FOOD"
MKL,82781,"NUTRIBOM INFANT CEREAL BAG  RICE  200G 12",18.99,0,SUPERMARKET,"FOOD CUPBOARD","BABY FOOD"
MKL,85348,"RIOS DE CHILE MERLOT WINE 13.5%VOL  750ML  6",89.99,0,SUPERMARKET,"BEVERAGES ALCOHOLIC",WINES
MKL,92415,"WATER BOTTLE 400ML PLASTIC YWU",14.9,0,"HOUSEWARE & KITCHENWARE","FLASK AND BOTTLES",BOTTLE
MKL,CL676,"PET JAR ROUND 1000ML 12.5CMX20.5CM",3.9,0,"HOUSEWARE & KITCHENWARE","STORAGE AND ORGANIZER","STORAGE CONTAINERS"
MKL,D312,"COKE PET 1.5L 6",23.99,0,SUPERMARKET,BEVERAGES,DRINKS
MKL,S737,"PEAK LOW FAT UHT MILK1L 12",30.99,0,SUPERMARKET,"FOOD CUPBOARD","MILK AND CREAMERS"
MKL,111751,"NUTRIBOM INFANT CEREAL PAPER BOXMULTIGRAIN 300G 16",27.99,0,SUPERMARKET,"FOOD CUPBOARD","BABY FOOD"
MKL,117587,"BEATER PLASTIC URVE UR-3004",4.9,0,"HOUSEWARE & KITCHENWARE","KITCHEN TOOLS AND CULTARY","WHISKER BEATER AND MIXERS"
MKL,14811,"DEVA DISWASHING LIQUID LEMON 700ML 24 10404",25.99,0,SUPERMARKET,"HOME AND PERSONAL CARE","HOUSEHOLD CLEANERS"
MKL,167503,"BEVERAGE DISPENSER WRACK 49L 57801 RJK",169,0,"HOUSEWARE & KITCHENWARE",GLASSWARE,"DISPENSERS / DECANTER SETS"
MKL,16842,"NIVEA FEMALE ROLL-ON DRY 50MLX30 (81611)",37.99,0,SUPERMARKET,"HOME AND PERSONAL CARE",FRAGRANCES
MKL,177949,"CHARACTER BUILDING SERIES 24PAGES 22X28CM",19.99,0,STATIONERY,"CHILDREN BOOKS AND GEN REF","BOOKS AND LEARNINGS"
MKL,26965,"ONGA TABLET  (64TABS X 11G) SHRIMP FLAVOR    24",42.99,0,SUPERMARKET,"FOOD CUPBOARD",CONDIMENTS
MKL,50144,"YUMVITA INFANT CEREAL MAIZE & WHEAT 50G 80",6.29,0,SUPERMARKET,BEVERAGES,"DRINKING POWDERS"
MKL,50880,"CONDOR PEAK NATURALLY SWEET RED WINE 750ML 12",79.99,0,SUPERMARKET,"BEVERAGES ALCOHOLIC",WINES
MKL,86440,"WATER BOTTLE 900ML PLASTIC PURO GLISS",9.9,0,"HOUSEWARE & KITCHENWARE","FLASK AND BOTTLES",BOTTLE
MKL,89587,"AKAI LED LIGHT RECHARGEABLESMD  LS005RA-600/LS025A",269,0,"ELECTRICAL APPLIANCES",LIGHTING/LAMPS,"TORCH/ LANTERN"
MKL,98373,"MCBERRY BOURBON CREAM BISCUIT 32G  72",1.79,0,SUPERMARKET,"FOOD CUPBOARD",BISCUITS
MKL,N050,"SUNNY WHITE SUGAR 800G  30",43.99,0,SUPERMARKET,"FOOD CUPBOARD","SALT  SUGAR AND JAGGERY"
MKL,X429,"IDEAL ORIGINAL EVAPORATED MILK 150G 24",10.89,0,SUPERMARKET,"FOOD CUPBOARD","MILK AND CREAMERS"
MKL,137272,"TOREN-TOREN WAFERS HAZELNUT D FLAVOUR C W 55G 144",6.29,0,SUPERMARKET,"FOOD CUPBOARD",CONFECTIONERY
MKL,139331,"BINATONE STANDING FAN 18"" A1810",1009,0,"ELECTRICAL APPLIANCES",FAN,"STANDING FAN"
MKL,158430,"DZIRE INDUSTRIAL STANDING FAN 30""120W IFS30-DCFG75",1889,0,"ELECTRICAL APPLIANCES",FAN,"INDUSTRIAL FAN"
MKL,161577,"DZIRE CEILING FAN 56"" WHITE CF 56 W-VIS",349,0,"ELECTRICAL APPLIANCES",FAN,"CEILING FAN"
MKL,165128,"MELCOM TROLL SUPREME (10ROLLS)  6",39.99,0,SUPERMARKET,"HOME AND PERSONAL CARE",DISPOSABLE
MKL,165732,"CELLO TAPE PLAIN 48MIC 4.5CMX160M",17.9,0,STATIONERY,"PACKAGING AND MAILING","   TAPES AND DISPENSERS"
MKL,179511,"DZIRE HOME THEATRE 2.1CH 53W HT212S-IM2023",1049,0,"ELECTRONICS & TELECOM",AUDIO,"HOME THEATRE"
MKL,184462,"CONTAINER 3PCS SET RND PTD 1153L PLASTIC HL7003TCP",24.9,0,"HOUSEWARE & KITCHENWARE","STORAGE AND ORGANIZER","STORAGE CONTAINERS"
MKL,D243,"CERES SECRECT OF THE VALLEY JUICE 200ML  24",12.99,0,SUPERMARKET,BEVERAGES,JUICE
MKL,109290,"MORNING FRESH DISHWASH ZESTY LEMON 1000ML  12",49.99,0,SUPERMARKET,"HOME AND PERSONAL CARE","HOUSEHOLD CLEANERS"
MKL,110733,"LA VONCE TOMATO PASTE TIN 2.2KG  6",59.99,0,SUPERMARKET,"FOOD CUPBOARD",CONDIMENTS
MKL,149763,"BAKING LADDLE SOUP SILICONE ILB BD600KA0408 RK",29.9,0,"HOUSEWARE & KITCHENWARE","KITCHEN TOOLS AND CULTARY","COOKING TOOL LADLES AND SERVERS"
MKL,160124,"PARLE MULTI VITA MARIE BISCUITS 49.5G  48",2.29,0,SUPERMARKET,"FOOD CUPBOARD",BISCUITS
MKL,44387,"AKAI GAS STOVE 2B GC018A-8201",349,0,"GAS COOKER & ACCESSORIES","GAS COOKER","TABLE TOP GAS STOVE"
MKL,81545,"SABA MULTIPURPOSE SOAP 100G  60",3.99,0,SUPERMARKET,"HOME AND PERSONAL CARE","LAUNDRY CARE"
MKL,90540,"NIVEA BODY LOTION NATURAL FAIRNESS 250ML  12",59.99,0,SUPERMARKET,"HOME AND PERSONAL CARE","SKIN CARE"
MKL,114160,"GETTOL ANTISEPTIC CLASSIC 500ML  24",33.99,0,SUPERMARKET,"HOME AND PERSONAL CARE","HEALTH AND WELLNESS"
MKL,166542,"WATER BOTTLE 1300ML PLASTIC PNP3309",9.9,0,"HOUSEWARE & KITCHENWARE","FLASK AND BOTTLES",BOTTLE
MKL,169319,"DZIRE HIFI SPEAKER 40W RECHA W/L MIC HIFI8DR-M2801",1299,0,"ELECTRONICS & TELECOM",AUDIO,"HI-FI SPEAKER SYSTEM"
MKL,78798,"CHOPPING BOARD 22X32X13CM BAMBOO YWU",24.9,0,"HOUSEWARE & KITCHENWARE","KNIFE AND CHOPPING BOARD","CHOPPING BOARDS AND CHOPPERS"
MKL,87909,"SERVING BOWL MELAMINE 11 INCHES ZHN B07711",24.9,0,"HOUSEWARE & KITCHENWARE","MELAMINE WARE","MEL BOWL/BOWL+COVER"
MKL,A901,"CONDOR PEAK BLANC WINE 750ML 12",79.99,0,SUPERMARKET,"BEVERAGES ALCOHOLIC",WINES
MKL,D683,"LACTASOY CHOCOLATE SOYA MILK 250ML 36",13.99,0,SUPERMARKET,"FOOD CUPBOARD","MILK AND CREAMERS"
MKL,108602,"CURTAIN 52X84"" W/8GROMMET BLACKOUT DESIGN 5",129,0,"HOME DECOR & TEXTILES",CURTAINS,"GROMMET CURTAINS"
MKL,109780,"JUICE SQUEEZER 600ML PLASTIC M-220",24.9,0,"HOUSEWARE & KITCHENWARE","KNIFE AND CHOPPING BOARD","PRESS AND SQUEEZERS"
MKL,128779,"HIGHLIGHTER MINI 12YRS+ LUXOR 4PCS 4000/4BC",11.9,0,STATIONERY,"GENERAL STATIONERY","   WRITING SUPPLIES"
MKL,138921,"GEISHA ROSE  HONEY SOAP 250G  36",18.99,0,SUPERMARKET,"HOME AND PERSONAL CARE","PERSONAL WASH"
MKL,14820,"DEVA WINDOW CLEANER 500ML 15 10801",21.99,0,SUPERMARKET,"HOME AND PERSONAL CARE","HOUSEHOLD CLEANERS"
MKL,186666,"LUNCH BOX W/YOGURT CUP PLASTIC RJK YH448",129,0,"HOUSEWARE & KITCHENWARE","STORAGE AND ORGANIZER","LUNCH BOXES TIFFINS AND FOOD FLASK"
MKL,191846,"MUNCHEE OAT BREEZE DIGESTIVE BISCUITS 84G  36",8.99,0,SUPERMARKET,"FOOD CUPBOARD",BISCUITS
MKL,209242,"PEPSODENT TP FIFA PLAQUE FGHTR MV 95G 36",22.99,0,SUPERMARKET,"HOME AND PERSONAL CARE","ORAL CARE"
MKL,23130,"ENA PA MACKEREL IN TOMATO SAUCE  EO  425G  24",22.99,0,SUPERMARKET,"FOOD CUPBOARD","CANNED FOOD"
MKL,35645,"PRAN FROOTO MANGO JUICE 500 ML 24",12.99,0,SUPERMARKET,BEVERAGES,JUICE
MKL,37884,"GEURTS PINEAPPLE JAM 450G 12",46.99,0,SUPERMARKET,"FOOD CUPBOARD","HONEY  JAM AND MARMALADE"
MKL,41042,"SEWING MACHINE BUTTERFLY PLASTIC BASE &COVER",1129,0,"HARDWARE & BUILDING MATERIAL","HARDWARE ITEMS","HOME UTILITY"
MKL,97636,"FARAGELLO GOLD GUAVA NECTAR JUICE TETRA PACK 1L 12",29.99,0,SUPERMARKET,BEVERAGES,JUICE
MKL,99574,"KREMELA CREAMER 200G  25",16.49,0,SUPERMARKET,"FOOD CUPBOARD","MILK AND CREAMERS"
MKL,CL683,"QUEEN OF CASSEROLE 1800ML PI 27CMX22CMX14CM",36.9,0,"HOUSEWARE & KITCHENWARE",SERVEWARE,CASSEROLES
MKL,100046,"DOVE BABY WIPES SENSITIVE MOISTURE 50S  12",29.99,0,SUPERMARKET,"HOME AND PERSONAL CARE","INFANT AND BABY CARE"
MKL,141425,"SKIMMER PEARL 13  59048",9.9,0,"HOUSEWARE & KITCHENWARE","KITCHEN TOOLS AND CULTARY","COOKING TOOL LADLES AND SERVERS"
MKL,145814,"BELPAK POCKET TISSUE (10 PCS)     30",12.49,0,SUPERMARKET,"HOME AND PERSONAL CARE",DISPOSABLE
MKL,148543,"PERLA MINERAL WATER 330ML 24",1.29,0,SUPERMARKET,BEVERAGES,"MINERAL WATER"
MKL,159386,"AKAI CHEST FREEZER SD 99L WHITE CF073AC-99L",3039,0,"ELECTRICAL APPLIANCES",FREEZER,"SINGLE DOOR FREEZER"
MKL,182985,"HANGER 41CM RP1142S8 RJK",42.9,0,"HOUSEWARE & KITCHENWARE",LAUNDARY,"CLOTH HANGERS"
MKL,183270,"TUMBLER 6PCS SET 390ML AKARI BW 15814 RJK",59,0,"HOUSEWARE & KITCHENWARE",GLASSWARE,"GLASS / TUMBLER /WINE / CHAMPAGNE"
MKL,23289,"TICTAC ORANGE 10.2G 60",6.99,0,SUPERMARKET,"FOOD CUPBOARD",CONFECTIONERY
MKL,41517,"SPOON MELAMINE ZHN E002",8.9,0,"HOUSEWARE & KITCHENWARE","MELAMINE WARE","MEL MUGS AND CUPS"
MKL,42961,"KOTEX MAXI SANITARY PAD SUPER16",59.99,0,SUPERMARKET,"HOME AND PERSONAL CARE","FEMININE CARE"
MKL,64004,"NIVEA DEO ROLL ON FRESH NATURAL 50ML  30",37.99,0,SUPERMARKET,"HOME AND PERSONAL CARE",FRAGRANCES
MKL,69470,"CADBURY HOT CHOCO DRINK 3IN1 360G  8",49.99,0,SUPERMARKET,BEVERAGES,"DRINKING POWDERS"
MKL,92724,"SHOWER CADDY METAL WIRE YWU",69,0,"HOUSEWARE & KITCHENWARE",BATHROOM,"BATHROOM SHELF RACKS HOLDERS"
MKL,N488,"DETTOL ANTISEPTIC LIQUID 1L 12",185.99,0,SUPERMARKET,"HOME AND PERSONAL CARE","HEALTH AND WELLNESS"
MKL,X953,"CERES SECRET OF THE VALLEY 1L 12",39.49,0,SUPERMARKET,BEVERAGES,JUICE
MKL,113982,"BIG BOSS ENERGY DRINK CAN 330ML 24",8.49,0,SUPERMARKET,BEVERAGES,DRINKS
MKL,14806,"DEVA OCEAN LIQUID HAND SOAP 350ML 24",19.49,0,SUPERMARKET,"HOME AND PERSONAL CARE","PERSONAL WASH"
MKL,155145,"FLORA JOY UNWRAPPED  TOILET ROLL VIRGIN (10X7)  7",37.99,0,SUPERMARKET,"HOME AND PERSONAL CARE",DISPOSABLE
MKL,161344,"DOLAIT NATURE YOGHURT UNSWEETENED 200G 1",15.49,0,SUPERMARKET,"FRESH DAIRY AND EGGS",Yoghurt
MKL,196678,"CERES SECRETS OF VALLEY 500ML 10",23.99,0,SUPERMARKET,BEVERAGES,JUICE
MKL,200301,"H&H SEASONING (CHICKEN) (12X50) 10G  50",15.99,0,SUPERMARKET,"FOOD CUPBOARD",CONDIMENTS
MKL,44832,"CERES HANEPOOT WHITE GRAPE JUICE 1L  12",39.49,0,SUPERMARKET,BEVERAGES,JUICE
MKL,77579,"DR MIGHTY WC POWER BALLS LAVENDER 5 IN 1  24",24.99,0,SUPERMARKET,"HOME AND PERSONAL CARE",FRESHENERS
MKL,95693,"ODEX BLEACH FLOWER 4L  4",93.99,0,SUPERMARKET,"HOME AND PERSONAL CARE","HOUSEHOLD CLEANERS"
MKL,CL724,"SWING BIN 40LTR 38CMX38CMX68CM",99,0,"HOUSEWARE & KITCHENWARE","HOME HYGIENE",DUSTBINS
MKL,X653,"VOLTIC MINERAL WATER 1.5L 6",5.89,0,SUPERMARKET,BEVERAGES,"MINERAL WATER"
MKL,104877,"COLGATE HERBAL TOOTHPASTE VALUE PACK  230G  48",25.99,0,SUPERMARKET,"HOME AND PERSONAL CARE","ORAL CARE"
MKL,113183,"MIKSI CHOCO  3 IN 1 SACHET 35G  120",4.19,0,SUPERMARKET,BEVERAGES,"DRINKING POWDERS"
MKL,159739,"MUNCHEE MILK SHORT CAKE CHOCO BISCUITS 65G  48",4.19,0,SUPERMARKET,"FOOD CUPBOARD",BISCUITS
MKL,159758,"MUNCHEE GINGER BISCUITS 35G  72",2.69,0,SUPERMARKET,"FOOD CUPBOARD",BISCUITS
MKL,167759,"COOKWARE 20PCS SET 2MM STEEL HROLAND HR1461 RJK",2499,0,"HOUSEWARE & KITCHENWARE",COOKWARE,"COOKWARE SET"
MKL,186696,"RAINBOW CONTAINER 5PCS SET RECT PLASTIC RJK 2018-5",34.9,0,"HOUSEWARE & KITCHENWARE","STORAGE AND ORGANIZER","STORAGE CONTAINERS"
MKL,65800,"BABY WALKER MIX COLOUR 666",699,0,"TOYS AND ENTERTAINMENT",INFANTS,"BABY WALKER"
MKL,98013,"RAINBOW CONTAINER RECT 7PCS SET PLASTIC 7065-7",29.9,0,"HOUSEWARE & KITCHENWARE","STORAGE AND ORGANIZER","STORAGE CONTAINERS"
MKL,X038,"CAMEL ANTISEPTIC SOAP (L/F) 175G 36",15.49,0,SUPERMARKET,"HOME AND PERSONAL CARE","PERSONAL WASH"
MKL,107115,"TELON GREEN TEA&MINT  60G  12",29.99,0,SUPERMARKET,BEVERAGES,TEA
MKL,19820,"ENERGIZER BATTERY ALKALINE AAA MAX-42 1X12PK",77.9,0,"ELECTRICAL APPLIANCES",BATTERIES,BATTERY
MKL,49723,"SIBLOU LIGHT MEAT TUNA CHUNKS IN VEG OIL 160G  48",29.99,0,SUPERMARKET,"FOOD CUPBOARD","CANNED FOOD"
MKL,57878,"CUSSONS MORNING FRESH D/WASH ZESTY LEMON 450ML  18",26.99,0,SUPERMARKET,"HOME AND PERSONAL CARE","HOUSEHOLD CLEANERS"
MKL,87968,"ENA PA NON-DAIRY CREAMER 225G  50",13.99,0,SUPERMARKET,"FOOD CUPBOARD","MILK AND CREAMERS"
MKL,CL703,"TIARA BOWL WITH LID 3PCS SET 1000ML 1700ML 2800ML",49.9,0,"HOUSEWARE & KITCHENWARE",SERVEWARE,"SERVING BOWL"
MKL,101064,"N0 8 CORN CONES CHIPS 20G 60",1.69,0,SUPERMARKET,"FOOD CUPBOARD",SNACKS
MKL,109790,"INDOMIE TASTY CHICKEN NOODLES 70G 44",5.49,0,SUPERMARKET,"FOOD CUPBOARD","NOODLES AND SOUP"
MKL,135338,"MADAR ANTISEPTIC SOAP 150G 24",7.99,0,SUPERMARKET,"HOME AND PERSONAL CARE","HEALTH AND WELLNESS"
MKL,151036,"BIGOO APPLE DRINK 350ML 20",3.09,0,SUPERMARKET,BEVERAGES,DRINKS
MKL,180716,"UNITY TUNA FLAKES IN VEGETABLE OIL 185G 48",20.99,0,SUPERMARKET,"FOOD CUPBOARD","CANNED FOOD"
MKL,183456,"HARMONY PILLOW 50X70+3.5CM 3DF 850GM",129,0,"HOME DECOR & TEXTILES",CUSHIONS,"ASSORTED CUSHIONS"
MKL,66940,"PINHO BRIL LAVENDER DISINFECTANT  1L  12",32.99,0,SUPERMARKET,"HOME AND PERSONAL CARE","HEALTH AND WELLNESS"
MKL,72784,"HEAVEN INSECTICIDES  SPRAY 750ML 12",74.99,0,SUPERMARKET,"HOME AND PERSONAL CARE","INSECTICIDES AND RODENT CONTROL"
MKL,94082,"DZIRE GAS STOVE 3B GLASS TGGP3B-G32",519,0,"GAS COOKER & ACCESSORIES","GAS COOKER","TABLE TOP GAS STOVE"
MKL,CL601,"BASIN 6LTR 31CMX12CM",9.9,0,"HOUSEWARE & KITCHENWARE",LAUNDARY,"BUCKETS AND BASINS"
MKL,104785,"MCVITIES HOBNOBS OATY BISCUITS 78G  24",11.99,0,SUPERMARKET,"FOOD CUPBOARD",BISCUITS
MKL,15210,"MEANNAN MIXED SPICES 80G 24",21.99,0,SUPERMARKET,"FOOD CUPBOARD","SPICES AND HERBS"
MKL,168989,"PLATINUM THAI JASMINE RICE 5KG 5",149.99,0,SUPERMARKET,"FOOD CUPBOARD","RAW RICE"
MKL,183599,"CERAMIC SOUP PLATE 85 24FDL018 RJK",19.9,0,"HOUSEWARE & KITCHENWARE",DINNERWARE,PLATE
MKL,184101,"PEELER VEGFRUIT 77502 KA074",2.9,0,"HOUSEWARE & KITCHENWARE","KNIFE AND CHOPPING BOARD","VEG AND FRUIT PEELERS"
MKL,184389,"CLOTHES HANGER 5PCS SET 40CM PLASTIC XZ3172 YWU",24.9,0,"HOUSEWARE & KITCHENWARE",LAUNDARY,"CLOTH HANGERS"
MKL,46403,"SERVING BOWL MELAMINE 9 INCHES ZHN G320129",16.9,0,"HOUSEWARE & KITCHENWARE","MELAMINE WARE","MEL BOWL/BOWL+COVER"
MKL,77928,"24PCS BIRTHDAY CANDLE",4.9,0,"TOYS AND ENTERTAINMENT","PARTY SUPPLIES","CANDLES AND CANDLE STAND"
MKL,104363,"NESTLE CERELAC WHEAT WITH MILK 300G  12",31.99,0,SUPERMARKET,"FOOD CUPBOARD","BREAKFAST CEREALS"
MKL,147574,"MOMEASY TODDLER TOILET TRAINING SEAT 46807",99,0,"TOYS AND ENTERTAINMENT",INFANTS,"BABY GENERAL CARE"
MKL,162721,"FUFU BOWL 8INCHES CERAMIC  EMBOSSED B60012-8",18.9,0,"HOUSEWARE & KITCHENWARE",DINNERWARE,BOWLS
MKL,169948,"KEL CHARCOAL TOOTHPASTE 150G  48",26.49,0,SUPERMARKET,"HOME AND PERSONAL CARE","ORAL CARE"
MKL,184111,"CERAMIC MUG EMBOSSED 330ML EBCM5330 RJK",9.9,0,"HOUSEWARE & KITCHENWARE",DINNERWARE,MUGS
MKL,202602,"PERK CHOCO BUTTER COOKIES 70G  36",10.99,0,SUPERMARKET,"FOOD CUPBOARD",BISCUITS
MKL,97763,"KELLOGGS COCO POPS 360G  10",59.99,0,SUPERMARKET,"FOOD CUPBOARD","BREAKFAST CEREALS"
MKL,102269,"TASTY TOM JELLOF MIX SACHT 210G  24",11.99,0,SUPERMARKET,"FOOD CUPBOARD",CONDIMENTS
MKL,107857,"MATA NATURAL HONEY 400G  12",44.99,0,SUPERMARKET,"FOOD CUPBOARD","HONEY  JAM AND MARMALADE"
MKL,121826,"CLOTHES PEG SET 12PCS MEGA",12.9,0,"HOUSEWARE & KITCHENWARE",LAUNDARY,"CLOTH PEGS / CLIP"
MKL,138922,"GEISHA ALOE VERA  HONEY V1 180G  36",15.49,0,SUPERMARKET,"HOME AND PERSONAL CARE","PERSONAL WASH"
MKL,139701,"MCBERRY PURE DELIGHT VANILLA CAKE SLICES 27G 144",2.99,0,SUPERMARKET,"FOOD CUPBOARD",SNACKS
MKL,167514,"XMAS TREE 1.5M 510T",629,0,"HOME DECOR & TEXTILES","XMAS SEASONAL","xmas season"
MKL,179140,"MAGNETIC DRAWING BOARD GAME 26X24X2",79,0,"TOYS AND ENTERTAINMENT","LEARNING AND EDUCATIONAL TOYS","LAPTOPS  TABLETS AND LEARNING PADS"
MKL,200299,"H&H SEASONING (GOAT) (12X50) 10G  50",15.99,0,SUPERMARKET,"FOOD CUPBOARD",CONDIMENTS
MKL,103052,"DAY BY DAY SHOWER GEL ROSE 750ML  12",31.99,0,SUPERMARKET,"HOME AND PERSONAL CARE","PERSONAL WASH"
MKL,119479,"WESTINGHOUSE DISH RACK WCKM0084",319,0,"HOUSEWARE & KITCHENWARE",KITCHENWARE,"DISH RACKS"
MKL,125896,"LAV TUMBLER 6PCS SET LVBRO29F",89,0,"HOUSEWARE & KITCHENWARE",GLASSWARE,"GLASS / TUMBLER /WINE / CHAMPAGNE"
MKL,154563,"VOLTPLUS AVS FRIDGE GUARD 13A VPFG13A-2125",149,0,"ELECTRICAL APPLIANCES",ELECTRICALS,AVR/AVS
MKL,156579,"ARTIFICIAL FLOWER",79,0,"HOME DECOR & TEXTILES","HOME DECOR",DECORATIVE
MKL,156746,"WHISK SSTEEL YWU",16.9,0,"HOUSEWARE & KITCHENWARE","KITCHEN TOOLS AND CULTARY","WHISKER BEATER AND MIXERS"
MKL,178039,"BOWL EMBOSSED 7 SW007EB RJK",14.9,0,"HOUSEWARE & KITCHENWARE",DINNERWARE,BOWLS
MKL,91243,"SAIRO BABY SHAMPOO 750ML  16",25.99,0,SUPERMARKET,"HOME AND PERSONAL CARE","INFANT AND BABY CARE"
MKL,99072,"BARBEQUE UNIT ROUND WDOME TOP 56CM 2020B180 YWU",1199,0,"HOUSEWARE & KITCHENWARE",KITCHENWARE,"BBQ AND ACCESSORIES"
MKL,102955,"FRES LIQUID SOAP MARINE 350ML  24",17.99,0,SUPERMARKET,"HOME AND PERSONAL CARE","PERSONAL WASH"
MKL,132712,"DZIRE HOT PLATE SINGLE 1000W HAND HPSSH1000-8100AS",185,0,"ELECTRICAL APPLIANCES","HOTPLATE  BBQ  GRILL","HOT PLATE"
MKL,133382,"PARLE SIMPLY GOOD CRACKER ORIGINAL 24G  72",1.09,0,SUPERMARKET,"FOOD CUPBOARD",BISCUITS
MKL,146119,"WATER BOTTLE 720ML PLASTIC SPORTS STAMINA161513001",19.9,0,"HOUSEWARE & KITCHENWARE","FLASK AND BOTTLES",BOTTLE
MKL,153296,"PHILIPS BLENDER W/MILL 2L 550W HR2141/90",879,0,"ELECTRICAL APPLIANCES","FOOD PROCESSOR/BLENDER",BLENDERS
MKL,172953,"ARIEL HIGH STUD FLORAL 500G 24",39.99,0,SUPERMARKET,"HOME AND PERSONAL CARE","LAUNDRY CARE"
MKL,184167,"CHARLIE TOTAL FLUORIDE PROT TOOTHPAST 130G 72",10.99,0,SUPERMARKET,"HOME AND PERSONAL CARE","ORAL CARE"
MKL,192914,"G&S HUNGRY CHOCOLATE CASHEWNUT BREAD 350GMS 1",39.99,0,SUPERMARKET,BAKERY,BREADS
MKL,64800,"YOGURTE 100 ORIGINAL CHEWY CANDY  100G   36",13.99,0,SUPERMARKET,"FOOD CUPBOARD",CONFECTIONERY
MKL,95783,"CHRISTMAS TREE TOP 28X27CM 19Q30",15.9,0,"HOME DECOR & TEXTILES","XMAS SEASONAL","xmas season"
MKL,CL618,"CONTAINERS FANCY 4PCS SET 300ML600ML1500ML2500ML",32.9,0,"HOUSEWARE & KITCHENWARE","STORAGE AND ORGANIZER","STORAGE CONTAINERS"
MKL,101017,"CURTAIN POLYESTER 52X84"" W/HANGER ZGB097",199,0,"HOME DECOR & TEXTILES",CURTAINS,"GROMMET CURTAINS"
MKL,101902,"MATA MIXED VEGETABLES IN BRINE E/O 400G  24",17.49,0,SUPERMARKET,"FOOD CUPBOARD","CANNED FOOD"
MKL,131565,"HAPPYFLAKES WHITE OATS BAG 500G  20",19.99,0,SUPERMARKET,"FOOD CUPBOARD","BREAKFAST CEREALS"
MKL,135344,"LIDO MULTIPURPOSE SOAP BIG 220G 36",7.99,0,SUPERMARKET,"HOME AND PERSONAL CARE","LAUNDRY CARE"
MKL,144771,"BRUSH DUST CLEAN SOFT FRESH CARPET P8322",9.9,0,"HOUSEWARE & KITCHENWARE","HOME HYGIENE","BROOM BRUSHES DUSTPANS"
MKL,184386,"CLOTHES HANGER 5PCS SET 40CM PLASTIC XZ8107 YWU",14.9,0,"HOUSEWARE & KITCHENWARE",LAUNDARY,"CLOTH HANGERS"
MKL,98474,"AMALFI  HAND SOAP  ICE CREAM  500ML  12",25.99,0,SUPERMARKET,"HOME AND PERSONAL CARE","PERSONAL WASH"
MKL,98944,"SLATE WHITE BOARD&PRINTED ALPHABET TY-305A",24.99,0,"TOYS AND ENTERTAINMENT","LEARNING AND EDUCATIONAL TOYS","WRITING TOOLS"
MKL,104963,"ROMAR FAB SOFTENER CONC HIP ROSE 2000ML  6",84.99,0,SUPERMARKET,"HOME AND PERSONAL CARE","LAUNDRY CARE"
MKL,166741,"PLAY WITH DOTS",9.99,0,STATIONERY,"CHILDREN BOOKS AND GEN REF","BOOKS AND LEARNINGS"
MKL,167762,"COOKWARE 6PCS SET 2MM STEEL HROLAND HR1316 RJK",499,0,"HOUSEWARE & KITCHENWARE",COOKWARE,"COOKWARE SET"
MKL,16829,"NIVEA LOTION SMOOTH SENSATION  400ML 12(88144)",124.99,0,SUPERMARKET,"HOME AND PERSONAL CARE","SKIN CARE"
MKL,196675,"CERES MEDLRY 500ML 10",23.99,0,SUPERMARKET,BEVERAGES,JUICE
MKL,67755,"GALAXY BROWN NATURAL  SUGAR  BOTTLE 850G",34.99,0,SUPERMARKET,"FOOD CUPBOARD","SALT  SUGAR AND JAGGERY"
MKL,72799,"ENA PA LIGHT MEAT TUNA IN SOYA OIL FLAKES 160G  24",15.99,0,SUPERMARKET,"FOOD CUPBOARD","CANNED FOOD"
MKL,06966,"KASAPREKO BRANDY 750ML 12",36.49,0,SUPERMARKET,"BEVERAGES ALCOHOLIC","COGNAC / BRANDY"
MKL,12418,"LACTASOY PLAIN SOYA MILK 500ML 12",24.99,0,SUPERMARKET,"FOOD CUPBOARD","MILK AND CREAMERS"
MKL,126223,"AIRPRO AIRFRESHNER ORGANIC CAN BLACKCRYSTAL 42G 24",39.99,0,SUPERMARKET,"HOME AND PERSONAL CARE",FRESHENERS
MKL,179717,"RNS COLOURED PENCIL WATER-SOLUBLE 24C 130176",119,0,STATIONERY,"SCHOOL AND CHILDREN STATIONERY","ART AND HOBBY SETS"
MKL,24024,"VASELINE PJ (BLUE SEAL) ALOE VERA 100ML 144",24.99,0,SUPERMARKET,"HOME AND PERSONAL CARE","SKIN CARE"
MKL,33579,"FROSTY BITE ICE CREAM VANILLA TUB 550ML 6",22.49,0,SUPERMARKET,"FROZEN FOOD",ICE-CREAM
MKL,88238,"BINATONE BLENDER  W/MILL 350W BLG 452",669,0,"ELECTRICAL APPLIANCES","FOOD PROCESSOR/BLENDER",BLENDERS
MKL,CL587,"QUEEN OF CASSROLE 850ML 21CMX17CMX11CM",16.9,0,"HOUSEWARE & KITCHENWARE",SERVEWARE,CASSEROLES
MKL,122219,"AIRPRO AIRFRSHNER ORG. CAN CHERRY LUCIOUS 42G 24",39.99,0,SUPERMARKET,"HOME AND PERSONAL CARE",FRESHENERS
MKL,125285,"DZIRE DVD BRACKET 350X250MM TBDVDS-Q10",199,0,"ELECTRONICS & TELECOM","VIDEO ACCESSORIES","TV BRACKET AND ACCESSORIES"
MKL,148804,"SHOE AND HAT RACK 4LAYER METAL YWU",179,0,"HOUSEWARE & KITCHENWARE",LAUNDARY,"SHOE RACKS"
MKL,81281,"SHINE MAXI ROLL 2PLY  6",76.99,0,SUPERMARKET,"HOME AND PERSONAL CARE",DISPOSABLE
MKL,88944,"PRINTED APRON  24""X 34""(60 X 80 CMS)  APR 22",9.9,0,"HOME DECOR & TEXTILES","DISH CLOTHS AND NAPKINS","APRON AND GLOVES"
MKL,92228,"PANACHE 1% BEER 25CL  20",13.99,0,SUPERMARKET,"BEVERAGES ALCOHOLIC","BOTTLE BEER"
MKL,94346,"LELE GINGER FLAVOR TEA 37.5G  25X12",17.99,0,SUPERMARKET,BEVERAGES,TEA
MKL,D719,"GRAN VEGA ROSE WINE 750ML 6",79.99,0,SUPERMARKET,"BEVERAGES ALCOHOLIC",WINES
MKL,124060,"FOOTBALL KIDS SIZE-2 MIX DESIGN",32.9,0,"TOYS AND ENTERTAINMENT","SPORTS AND GAMES","FOOT BALL"
MKL,149075,"MINIMIE INSTANT NOODLES SLURRY CHICKEN 70G  40",3.59,0,SUPERMARKET,"FOOD CUPBOARD","NOODLES AND SOUP"
MKL,19823,"ENERGIZER BATTERY ALKALINE 9V MAX-9V OLT 1X12PK",71.9,0,"ELECTRICAL APPLIANCES",BATTERIES,BATTERY
MKL,67502,"SHINE TOILET ROLL ULTRA SOFT 2PLY (10 ROLLS)  7",47.99,0,SUPERMARKET,"HOME AND PERSONAL CARE",DISPOSABLE
MKL,N040,"PURE HEAVEN TROPICAL JUICE TETRAPAK 1L  8",35.99,0,SUPERMARKET,BEVERAGES,JUICE
MKL,122226,"AIRPRO AIRREFRSHENER GEL  PEACH PUNCH 128G  24",24.49,0,SUPERMARKET,"HOME AND PERSONAL CARE",FRESHENERS
MKL,133056,"NUTZY PEANUT BUTTER CREAM SMOOTH 510G  12",45.49,0,SUPERMARKET,"FOOD CUPBOARD","SPREADS AND TOPPING"
MKL,141414,"NAPKIN HOLDER TRIANGLE 16.5CM 56009-B",9.9,0,"HOUSEWARE & KITCHENWARE",BATHROOM,"BATHROOM SHELF RACKS HOLDERS"
MKL,14283,"CAMEL ZESTY LIME FRESH LIQUID 125ML 48",16.99,0,SUPERMARKET,"HOME AND PERSONAL CARE","HEALTH AND WELLNESS"
MKL,32787,"EASY MOUZOO GUAVA TETRAPACK DRINK 200ML 27",5.49,0,SUPERMARKET,BEVERAGES,JUICE
MKL,119595,"FARAGELLO GOLD COCKTAIL GLASS BOTTLE 250ML  24",11.99,0,SUPERMARKET,BEVERAGES,JUICE
MKL,124122,"SPONGE GREEN 2PCS SET 2107970",4.9,0,"HOUSEWARE & KITCHENWARE","HOME HYGIENE","SPONGE SCRUBBERS AND SCOURERS"
MKL,131547,"YOGA STRAWBERRY WITH WHEAT YOGHURT 330ML 1",19.99,0,SUPERMARKET,"FRESH DAIRY AND EGGS",Yoghurt
MKL,135892,"FABER CASTELL PENCIL HB 7420 BLACK 12PC SET 510992",15.9,0,STATIONERY,"GENERAL STATIONERY","   WRITING SUPPLIES"
MKL,184782,"DISH RACK DELICIOUS",179,0,"HOUSEWARE & KITCHENWARE",KITCHENWARE,"DISH RACKS"
MKL,114493,"ZOFLORA CONCENTRATED DISINFECTANT 120ML  12",44.99,0,SUPERMARKET,"HOME AND PERSONAL CARE","HOUSEHOLD CLEANERS"
MKL,116471,"CLOSEUP REDHOT EVERFRESH TOOTHPASTE 60G  72",9.49,0,SUPERMARKET,"HOME AND PERSONAL CARE","ORAL CARE"
MKL,148325,"DINNER PLATE COUPE SHAPE 1025 2023C RJK",14.9,0,"HOUSEWARE & KITCHENWARE",DINNERWARE,PLATE
MKL,148802,"WASHING MACHINE RACK SAILBOAT METAL YWU",189,0,"HOUSEWARE & KITCHENWARE",BATHROOM,"BATHROOM SHELF RACKS HOLDERS"
MKL,152682,"DINING SET 1+6 BLACK AVATAR DTGJ-C170/DCGJ-A197",2490,0,FURNITURE,"DINING SETS","6 SEATER SET"
MKL,202191,"SOFTCARE SANITARY PAD A 285MM GOLD 16PCS  24",16.49,0,SUPERMARKET,"HOME AND PERSONAL CARE","FEMININE CARE"
MKL,134754,"MIXING BOWL 4200ML 28X28X13CM PP181003",12.9,0,"HOUSEWARE & KITCHENWARE",DINNERWARE,BOWLS
MKL,184068,"COMFORT ROYAL MAGIC FABRIC CONDITIONER 20ML 30",21.49,0,SUPERMARKET,"HOME AND PERSONAL CARE","LAUNDRY CARE"
MKL,54507,"FANTA COCKTAIL PET 1.5L 6",23.99,0,SUPERMARKET,BEVERAGES,DRINKS
MKL,95761,"AMALFI SHAMPOO KERATIN ANTI DANDRUFF SPA 750ML  16",32.99,0,SUPERMARKET,"HOME AND PERSONAL CARE","HAIR CARE"
MKL,103768,"GIVERS LIQUID DETERGENT 200ML 25",5.99,0,SUPERMARKET,"HOME AND PERSONAL CARE","LAUNDRY CARE"
MKL,118152,"BASKET LOW TRY TYPE PLASTIC 02010200",29.9,0,"HOUSEWARE & KITCHENWARE","STORAGE AND ORGANIZER",BASKET
MKL,141421,"PAN SPOON SLOTTED PEARL 13  59046",9.9,0,"HOUSEWARE & KITCHENWARE","KITCHEN TOOLS AND CULTARY","COOKING TOOL LADLES AND SERVERS"
MKL,141440,"TONG SPAGHETTI PIPE HANDLE 9  59056",9.9,0,"HOUSEWARE & KITCHENWARE","KITCHEN TOOLS AND CULTARY",TONGS
MKL,143232,"POUCH SEALER CLIP LEEZA 18PCS SET 3.5  FB-1",2.9,0,"HOUSEWARE & KITCHENWARE",KITCHENWARE,"KITCHEN ACCESSORIES"
MKL,165129,"BELPAK SUPER KITCHEN TOWEL  6",34.99,0,SUPERMARKET,"HOME AND PERSONAL CARE",DISPOSABLE
MKL,186038,"GLASS JUG WCUP 7PCS SET 1680260ML 19117DDE RJK",149,0,"HOUSEWARE & KITCHENWARE",GLASSWARE,"JUGS/JUG WITH LIDS"
MKL,120167,"EVEREADY LED PLASTIC TORCH LIGHT 2AA",26,0,"ELECTRICAL APPLIANCES",LIGHTING/LAMPS,"TORCH/ LANTERN"
MKL,134095,"PRIVATE X-THIN NIGHT ECO 14X9",23.99,0,SUPERMARKET,"HOME AND PERSONAL CARE","FEMININE CARE"
MKL,157464,"CROWNSTAR COOKWARE 10P SET WLID MC2234 RK",649,0,"HOUSEWARE & KITCHENWARE",COOKWARE,"COOKWARE SET"
MKL,200343,"AMERICAN CHEF WHITE VINEGAR PET 473ML 24",14.99,0,SUPERMARKET,"FOOD CUPBOARD",CONDIMENTS
MKL,50388,"CLE FABRIC SOFTENER 1000ML  10",25.49,0,SUPERMARKET,"HOME AND PERSONAL CARE","LAUNDRY CARE"
MKL,91422,"DOLAIT NATURAL YOGURT VANILLA 200G  1",15.49,0,SUPERMARKET,"FRESH DAIRY AND EGGS",Yoghurt
MKL,95730,"AMALFI  SHAMPOO FAMILIAR ALOE  750ML  16",32.99,0,SUPERMARKET,"HOME AND PERSONAL CARE","HAIR CARE"
MKL,S973,"CAMEL ANTISEPTIC SOAP ALOE VERA 175G 36",15.49,0,SUPERMARKET,"HOME AND PERSONAL CARE","PERSONAL WASH"
MKL,13476,"LELE THAI RICE 5KG 5",210.99,0,SUPERMARKET,"FOOD CUPBOARD","RAW RICE"
MKL,134774,"BASKET 3L 29X20X12CM PP500341",9.9,0,"HOUSEWARE & KITCHENWARE","STORAGE AND ORGANIZER",BASKET
MKL,18343,"LONG MOUNTAIN CHARDONNAY 75CL 6",65.99,0,SUPERMARKET,"BEVERAGES ALCOHOLIC",WINES
MKL,18373,"PRINCESS COCOA BUTTER CREAM 260ML  4",25.49,0,SUPERMARKET,"HOME AND PERSONAL CARE","SKIN CARE"
MKL,189428,"MCBERRY SUGAR FREE SODA 25G  216",1.29,0,SUPERMARKET,"FOOD CUPBOARD",BISCUITS
MKL,151040,"BIGOO COCONUT DRINK 350ML 20",2.99,0,SUPERMARKET,BEVERAGES,DRINKS
MKL,188869,"BATHMAT 50X80CM BM-278 SILVER CP",59,0,"HOME DECOR & TEXTILES","BATH AND LAUNDRY","BATH MATS"
MKL,91842,"AKAI PRESSURE MULTI COOKER 6L 1000W PCK001A-D60",899,0,"ELECTRICAL APPLIANCES","RICE/ MULTI COOKER","MULTI COOKER"
MKL,100796,"ZOMBA GREEN COCKTAIL 0% ALC 750ML 6",42.49,0,SUPERMARKET,"BEVERAGES ALCOHOLIC",WINES
MKL,118304,"MYST NATURAL MINERAL WATER 750ML 15",2.99,0,SUPERMARKET,BEVERAGES,"MINERAL WATER"
MKL,49382,"DELTA  FACIAL TISSUE 1X150X36",11.49,0,SUPERMARKET,"HOME AND PERSONAL CARE",DISPOSABLE
MKL,78088,"CORNER SHELF 3LAYER METAL",89,0,"HOUSEWARE & KITCHENWARE",BATHROOM,"BATHROOM SHELF RACKS HOLDERS"
MKL,106354,"AMEN COMMUNION WIINE 1L 6",48.99,0,SUPERMARKET,"BEVERAGES ALCOHOLIC",WINES
MKL,115645,"AKAI JUICER 1.2L 350W SS/BLACK JC006A-619",649,0,"ELECTRICAL APPLIANCES",JUICER,"CENTRIFUGAL JUICER"
MKL,131521,"GOODYS SPICY HOT SHITO 165G 12",39.99,0,SUPERMARKET,"FOOD CUPBOARD",CONDIMENTS
MKL,134780,"DISH RACK WTRAY 55X41X19CM PP50509",109,0,"HOUSEWARE & KITCHENWARE",KITCHENWARE,"DISH RACKS"
MKL,168856,"BREAD KNIFE 75 CPQT018BR RJK",16.9,0,"HOUSEWARE & KITCHENWARE","KNIFE AND CHOPPING BOARD","SINGLE KNIFE"
MKL,186695,"RAINBOW CONTAINER 7PCS SET RECT PLASTIC 8018-7",49.9,0,"HOUSEWARE & KITCHENWARE","STORAGE AND ORGANIZER","STORAGE CONTAINERS"
MKL,CL580,"STORAGE BOX TRANSPARENT 12L 38CMX28CMX18CM",42.9,0,"HOUSEWARE & KITCHENWARE","STORAGE AND ORGANIZER","STORAGE CONTAINERS"
MKL,104961,"ROMAR WASHING LIQUID MARSEILLE SOAP 3L  4",132.99,0,SUPERMARKET,"HOME AND PERSONAL CARE","HOUSEHOLD CLEANERS"
MKL,126174,"ORGANIZER PLASTIC BSF-00903",19.9,0,"HOUSEWARE & KITCHENWARE","STORAGE AND ORGANIZER","RACK SHELF DRAWERS ORGANIZERS"
MKL,136091,"KIRKLAND PREMIUM TOWEL 12 ROLLS  12",61.99,0,SUPERMARKET,"HOME AND PERSONAL CARE",DISPOSABLE
MKL,CL721,"BOWL FANCY TINTED 20CMX9CM",5.9,0,"HOUSEWARE & KITCHENWARE",SERVEWARE,"SERVING BOWL"
MKL,201901,"PEEVA COLA CARBONATED SOFT DRINK 350ML 20",2.79,0,SUPERMARKET,BEVERAGES,DRINKS
MKL,99290,"WHISKY CHIVAS REGAL 12 YEARS 750ML 12",849.99,0,SUPERMARKET,"BEVERAGES ALCOHOLIC",WHISKEY
MKL,118147,"DOUBLE MATTRESS BED BATH 54""*75"" ASHFOAM",1729,0,FURNITURE,MATTRESS,"Double Size"
MKL,119654,"KIVO PEPPER POWDER 400G  12",43.99,0,SUPERMARKET,"FOOD CUPBOARD","SPICES AND HERBS"
MKL,122803,"LUNCH BOX KIDS PLASTIC UR-3323",19.9,0,"HOUSEWARE & KITCHENWARE","STORAGE AND ORGANIZER","LUNCH BOXES TIFFINS AND FOOD FLASK"
MKL,183438,"TUMBLER GLASS EMBOSSED 454ML 3PCS SET 3GS04 RJK",34.9,0,"HOUSEWARE & KITCHENWARE",GLASSWARE,"GLASS / TUMBLER /WINE / CHAMPAGNE"
MKL,197776,"MCBERRY CHOCO BALLS 19G  100",2.19,0,SUPERMARKET,"FOOD CUPBOARD",BISCUITS
MKL,37640,"DEVA SURFACE CLEANER LEMON 1L   12",30.99,0,SUPERMARKET,"HOME AND PERSONAL CARE","HOUSEHOLD CLEANERS"
MKL,78640,"CHRISTMAS TREE TOP MIX COLOR 17128",4.9,0,"HOME DECOR & TEXTILES","XMAS SEASONAL","xmas season"
MKL,152998,"AKAI SANDWICH MAKER 4SLICE 1500W SM021A-8002",449,0,"ELECTRICAL APPLIANCES","SANDWICH MAKER","4 SLICE SANDWICH MAKER"
MKL,168697,"CAMRY PERSONAL SCALE LED DISPLAY ABS EB701013 RJK",199,0,"HOUSEWARE & KITCHENWARE","WEIGHING SCALE","BATHROOM SCALE"
MKL,189702,"FANTA COCKTAIL PET 450ML  12",8.99,0,SUPERMARKET,BEVERAGES,DRINKS
MKL,197738,"BOWL 8INCHES CERAMIC EMBOSSED WHITE SW008EB",19.9,0,"HOUSEWARE & KITCHENWARE",DINNERWARE,BOWLS
MKL,90034,"SUITCASE EVA NYLON W/4WHEELS 20"" 1865-20",389,0,LUGGAGE,"SUITCASE / TROLLEYCASE",EVA/SOFT
MKL,105455,"AKAI AIR COOLER 38L W/REMOTE AC045A-5500B2",2789,0,"ELECTRICAL APPLIANCES","AIR CONDITIONING","AIR COOLERS"
MKL,126470,"JUVER DISFRUTA  MANGO DRINK 330ML 18",13.99,0,SUPERMARKET,BEVERAGES,JUICE
MKL,133028,"CHOPPING BOARD 28X38X18CM BAMBOO YWU",69,0,"HOUSEWARE & KITCHENWARE","KNIFE AND CHOPPING BOARD","CHOPPING BOARDS AND CHOPPERS"
MKL,149625,"WALL CLOCK 38X38X4.4CM ZX-9467",129,0,"HOME DECOR & TEXTILES","HOME DECOR","WallANDTable Decor"
MKL,104804,"NERO NATURAL MINERAL WATER 500ML 16",1.69,0,SUPERMARKET,BEVERAGES,"MINERAL WATER"
MKL,128757,"BUBBLE UP TONIC WATER 330ML 24",8.49,0,SUPERMARKET,BEVERAGES,DRINKS
MKL,56622,"TRADITION FACIAL TISSUE  2PLY  150TISSUES   36",11.49,0,SUPERMARKET,"HOME AND PERSONAL CARE",DISPOSABLE
MKL,103200,"AVSAR FRUIT FLAV WATER MANGO&PINEAPPLE 200ML  24",10.99,0,SUPERMARKET,BEVERAGES,"MINERAL WATER"
MKL,170088,"CLASSIC JAR 500ML 80816",9.9,0,"HOUSEWARE & KITCHENWARE","STORAGE AND ORGANIZER","STORAGE CONTAINERS"
MKL,193040,"PEELER 5PCS SET ZHN HD-131",12.9,0,"HOUSEWARE & KITCHENWARE","KNIFE AND CHOPPING BOARD","VEG AND FRUIT PEELERS"
MKL,200251,"DORITOS SWEET CHILLI PEPPER CHIPS 70G  24",20.99,0,SUPERMARKET,"FOOD CUPBOARD",SNACKS
MKL,84484,"CHRISTMAS RIBBON 32X35CM",59,0,"HOME DECOR & TEXTILES","XMAS SEASONAL","xmas season"
MKL,S928,"CERES APPLE BOTTLE 275ML 24",24.99,0,SUPERMARKET,BEVERAGES,JUICE
MKL,184618,"DINNER PLATE 10"" CERAMIC STKLT FP03 RJK",19.9,0,"HOUSEWARE & KITCHENWARE",DINNERWARE,PLATE
MKL,192222,"LEON FOOD STORAGE CONTAINER 3PCS SET HL7008DCT",24.9,0,"HOUSEWARE & KITCHENWARE","STORAGE AND ORGANIZER","STORAGE CONTAINERS"
MKL,86385,"ORIJIN HERBAL BITTERS 200ML 48",19.99,0,SUPERMARKET,"BEVERAGES ALCOHOLIC",BITTERS
MKL,100983,"CURTAIN POLYESTER 52X84  WHANGER SI001",149,0,"HOME DECOR & TEXTILES",CURTAINS,"GROMMET CURTAINS"
MKL,109733,"SIEVE RIM 270X270X70MM SS SSV040 RJK",19.9,0,"HOUSEWARE & KITCHENWARE",KITCHENWARE,"KITCHEN ACCESSORIES"
MKL,119592,"FARAGELLO GOLD COCKTAIL NECTAR GLASS BOTTLE 1L  6",33.99,0,SUPERMARKET,BEVERAGES,JUICE
MKL,180723,"AKAI AC SPLIT 1.5HP R410A AC064A-12KBTU",3999,0,"ELECTRICAL APPLIANCES","AIR CONDITIONING","SPLIT AC"
MKL,184069,"COMFORT BLUE ULTRA  FABRIC CONDITIONER 20ML 30",21.49,0,SUPERMARKET,"HOME AND PERSONAL CARE","LAUNDRY CARE"
MKL,185402,"CURTAIN JACQ GROM GRAY 54X90"" 02-PA-7263A",89,0,"HOME DECOR & TEXTILES",CURTAINS,"GROMMET CURTAINS"
MKL,186042,"GLASS JUG WCUP 7PCS SET 1600240ML 19157DDE RJK",149,0,"HOUSEWARE & KITCHENWARE","STORAGE AND ORGANIZER","STORAGE CONTAINERS"
MKL,78281,"BINATONE BLENDER W/MILL 1.5L 500W BLG595/BLG595MK2",839,0,"ELECTRICAL APPLIANCES","FOOD PROCESSOR/BLENDER",BLENDERS
MKL,117468,"XMAS DECOR BALL 4CM JHY-2106530",22.9,0,"HOME DECOR & TEXTILES","XMAS SEASONAL","xmas season"
MKL,178456,"BATH SCRUBBER COTTON AND LINEN YWU",19.9,0,"HOUSEWARE & KITCHENWARE","HOME HYGIENE","SPONGE SCRUBBERS AND SCOURERS"
MKL,179129,"BALL INFLATION 22CM 10PC",22.9,0,"TOYS AND ENTERTAINMENT","SPORTS AND GAMES",BALLS
MKL,102931,"DAY BY DAY GRENADINE SOAP 200G  60",18.99,0,SUPERMARKET,"HOME AND PERSONAL CARE","PERSONAL WASH"
MKL,189502,"3PC COMFORTER SET QUEEN 86""X86"" MF ASST 03-CO-0476",279,0,"HOME DECOR & TEXTILES","BLANKETS QUILTS COMFORTERS AND BEDCOVERS",COMFORTERS
MKL,36427,"GRACE GINGER BEER 330ML  24",16.99,0,SUPERMARKET,"BEVERAGES ALCOHOLIC","CAN BEER"
MKL,40547,"HAPPY DELIGHT MULTIFRUIT JUICE 200ML 24",5.29,0,SUPERMARKET,BEVERAGES,JUICE
MKL,61043,"12  MATTRESS 190X210CM ORTHOPEDIC PILLOWTOP(KS)",7090,0,FURNITURE,MATTRESS,"King Size"
MKL,82186,"NASCO STANDING FAN 18"" 3 IN 1 FS4531",329,0,"ELECTRICAL APPLIANCES",FAN,"STANDING FAN"
MKL,183607,"CERAMIC DINNER PLATE 9 FLW9INCH RJK",19.9,0,"HOUSEWARE & KITCHENWARE",DINNERWARE,PLATE
MKL,200613,"HUNGRY BREAD VANILLA FRUIT CAKE 300G 1",39.99,0,SUPERMARKET,BAKERY,BREADS
MKL,53554,"FROSTY BITE FANTASY VANILLA POUCH 70G 30",8.99,0,SUPERMARKET,"FROZEN FOOD",ICE-CREAM
MKL,95109,"FRUTAIL PINEAPPLE JUICE 1L  12",36.99,0,SUPERMARKET,BEVERAGES,JUICE
MKL,CL684,"QUEEN OF CASSEROLE 2500ML PI 29CMX24CMX14CM",29.9,0,"HOUSEWARE & KITCHENWARE",SERVEWARE,CASSEROLES
MKL,110777,"SUNNY BROWN SUGAR BOTTLE 1.8KG 6",81.99,0,SUPERMARKET,"FOOD CUPBOARD","SALT  SUGAR AND JAGGERY"
MKL,115945,"PRIVATE EXTRA THIN NIGHT PAD  7PCS  18",13.49,0,SUPERMARKET,"HOME AND PERSONAL CARE","FEMININE CARE"
MKL,149371,"NASCO FRIDGE DD COMBI 106L NASD2-10FL",2399,0,"ELECTRICAL APPLIANCES",REFRIGERATOR,"DD BMF REFRIGERATOR"
MKL,157733,"FOUR SPECIAL NATURALLY SWEET WHITE WINE 750ML 6",62.99,0,SUPERMARKET,"BEVERAGES ALCOHOLIC",WINES
MKL,190722,"SCISSORS 3PCS SET YWU",14.9,0,"HOUSEWARE & KITCHENWARE","KNIFE AND CHOPPING BOARD",SCISSORS
MKL,44687,"LELE SUNFLOWER OIL 1 L 12",49.99,0,SUPERMARKET,"FOOD CUPBOARD","EDIBLE OILS AND GHEE"
MKL,72672,"DEVA SOFTENER LAVENDER  4L  4",135.99,0,SUPERMARKET,"HOME AND PERSONAL CARE","LAUNDRY CARE"
MKL,147687,"ENERGIZER BATTERY MAX AABP8",115,0,"ELECTRICAL APPLIANCES",BATTERIES,BATTERY
MKL,179736,"AKAI RICE COOKER DELUXE 2.8L 900W CK026A-2.8LD",699,0,"ELECTRICAL APPLIANCES","RICE/ MULTI COOKER","DELUXE RICE COOKER"
MKL,01551,"RAID MIK INSECTICIDE SPRAY 300ML  24 (26-339)",38.99,0,SUPERMARKET,"HOME AND PERSONAL CARE","INSECTICIDES AND RODENT CONTROL"
MKL,100846,"NOTE BOOK W/BALL PEN 4DESIGN MIX",19.99,0,STATIONERY,"SCHOOL AND CHILDREN STATIONERY","NOTE BOOKS"
MKL,128946,"SCISSORS OFP0155 129149",14.9,0,STATIONERY,"OFFICE STATIONERY","OFFICE BASIC AND STATIONERY"
MKL,179235,"SALES ORDER BOOK 16.5X12CM",11.9,0,STATIONERY,"OFFICE STATIONERY","BUSINESS CARDS AND BOOKS"
MKL,104329,"COOKWARE SET 7PCS PALU CROWNSTAR RJK MC6428",749,0,"HOUSEWARE & KITCHENWARE",COOKWARE,"COOKWARE SET"
MKL,115199,"STRETTON""S GIN 750ML PINK 12",104.99,0,SUPERMARKET,"BEVERAGES ALCOHOLIC","GIN ."
MKL,141779,"JAGERMEISTER 40ML 96",35.49,0,SUPERMARKET,"BEVERAGES ALCOHOLIC",BITTERS
MKL,145808,"BELPAK ECO T-ROLL 10 ROLLS     6",33.49,0,SUPERMARKET,"HOME AND PERSONAL CARE",DISPOSABLE
MKL,86442,"WATER BOTTLE 600ML PLASTIC PURO KIDS",9.9,0,"HOUSEWARE & KITCHENWARE","FLASK AND BOTTLES",BOTTLE
MKL,T0001,TEST,.01,0,MISCELLANEOUS,MISCELLANEOUS,MISCELLANEOUS
MKL,143032,"AKAI INSECT KILLER 2X20W IK005A-2X20W",599,0,"ELECTRICAL APPLIANCES",ELECTRICALS,"ELE ACCESSORIES"
MKL,156275,"MOLINERA  SUGARFREE APPLE JUICE 1L  12",31.49,0,SUPERMARKET,BEVERAGES,JUICE
MKL,161113,"AKAI TOASTER OVEN 25L TO026A-25L",849,0,"ELECTRICAL APPLIANCES","TOASTER/TOSTER OVEN","TOASTER OVEN"
MKL,176031,"BROOM WSTICK COBRA GBB23",29.9,0,"HOUSEWARE & KITCHENWARE","HOME HYGIENE","BROOM BRUSHES DUSTPANS"
MKL,37657,"DEVA POWER MAX BLEACH 1L  12",22.99,0,SUPERMARKET,"HOME AND PERSONAL CARE","HOUSEHOLD CLEANERS"
MKL,41000,"WATER BOTTLE 1000ML PLASTIC PNP3312",9.9,0,"HOUSEWARE & KITCHENWARE","FLASK AND BOTTLES",BOTTLE
MKL,99605,"PRINCESS BODY MIST JASMINE 50ML  48",8.49,0,SUPERMARKET,"HOME AND PERSONAL CARE",FRAGRANCES
MKL,186815,"TRACE AND COLOUR BOOK",10.9,0,STATIONERY,"CHILDREN BOOKS AND GEN REF","BOOKS AND LEARNINGS"
MKL,104207,"DUSTBIN WPEDAL 40L PLASTIC M-1056",209,0,"HOUSEWARE & KITCHENWARE","HOME HYGIENE",DUSTBINS
MKL,163839,"CONTAINER SET 3PCS SQUARE PRIME BG-755",19.9,0,"HOUSEWARE & KITCHENWARE","STORAGE AND ORGANIZER","STORAGE CONTAINERS"
MKL,168882,"KITCHEN TOOL SET 6PCS CPQL006 RJK",79,0,"HOUSEWARE & KITCHENWARE","KITCHEN TOOLS AND CULTARY","COOKING TOOL SET"
MKL,90604,"CURTAIN ROD SINGLE 120-210 11032-210AC",119,0,"HOME DECOR & TEXTILES","CURTAIN RODS","CURTAIN RODS"
MKL,92931,"FUFU BOWL 9INCH CERAMIC WHITE H88004 YWU",24.9,0,"HOUSEWARE & KITCHENWARE",DINNERWARE,BOWLS
MKL,167505,"XMAS TREE 1.5M 550T",329,0,"HOME DECOR & TEXTILES","XMAS SEASONAL","xmas season"
MKL,180247,"BO-16 STYLING GEL (BLACK) 150G  6",11.59,0,SUPERMARKET,"HOME AND PERSONAL CARE","HAIR CARE"
MKL,65112,"COLGATE BABY TP STRAWBERRY (0-2YRS) 50ML  144",15.99,0,SUPERMARKET,"HOME AND PERSONAL CARE","ORAL CARE"
MKL,167336,"NASCO GAS COOKER 5B 2SHELVESTAND WHT NASGS-K5BW-S",799,0,"GAS COOKER & ACCESSORIES","GAS COOKER","FREE STANDING GAS COOKER"
MKL,179513,"CUTLERY SET 39PCS WG241108 RJK",199,0,"HOUSEWARE & KITCHENWARE","CUTLERY ITEMS","CUTLERY SET"
MKL,154901,"WATER BOTTLE 900ML PLASTIC INSULATED PURO ICETRON",9.9,0,"HOUSEWARE & KITCHENWARE","FLASK AND BOTTLES",BOTTLE
MKL,161588,"DZIRE CEILING FAN 24"" WHITE CF 24 W-HOB",349,0,"ELECTRICAL APPLIANCES",FAN,"CEILING FAN"
MKL,183279,"TUMBLER 6PCS SET 330ML PINOT FT 0112 RJK",59,0,"HOUSEWARE & KITCHENWARE",GLASSWARE,"GLASS / TUMBLER /WINE / CHAMPAGNE"
MKL,190735,"EYE LASH CLIP YWU",12.9,0,"HOUSEWARE & KITCHENWARE",BATHROOM,"BATHROOM ACCESSORIES"
MKL,102995,"LEA COMPLEXION CARE SOAP ROSE  150G  48",10.89,0,SUPERMARKET,"HOME AND PERSONAL CARE","PERSONAL WASH"
MKL,109771,"DUSTBIN WLID WHIRLPOOL DESIGN 11L PLASTIC M-133",69,0,"HOUSEWARE & KITCHENWARE","HOME HYGIENE",DUSTBINS
MKL,168859,"UTILITY KNIFE 45 HCH147 RJK",14.9,0,"HOUSEWARE & KITCHENWARE","KNIFE AND CHOPPING BOARD","SINGLE KNIFE"
MKL,182225,"NASCO WASHING MACHINE TT 6KG NASTT-B60FL",1899,0,"ELECTRICAL APPLIANCES","WASHING MACHINE","TWIN TUB WM"
MKL,194710,"PLATE CERAMIC 8INCHES QW-003",9.9,0,"HOUSEWARE & KITCHENWARE",DINNERWARE,PLATE
MKL,118148,"QUEEN MATTRESS BED BATH 72""*75"" ASHFOAM",2090,0,FURNITURE,MATTRESS,"Queen Size"
MKL,190101,"FAN LED W/LIGHT 1800",229,0,"ELECTRICAL APPLIANCES",FAN,"BOX TOWER MISC FAN"
MKL,48388,"5 STAR ENERGY DRINK 350ML  12",4.59,0,SUPERMARKET,BEVERAGES,DRINKS
MKL,118277,"EASY MOUZOO GRAPE NECTAR GLASS BOTTLE 250ML  24",10.99,0,SUPERMARKET,BEVERAGES,JUICE
MKL,167011,"BIN SET WFLAT LID BLK FINISH RND 5L STEP 5YPG RJK",95,0,"HOUSEWARE & KITCHENWARE","HOME HYGIENE",DUSTBINS
MKL,CL605,"MIXING BOWL SMALL 27CMX24CMX12CM",16.9,0,"HOUSEWARE & KITCHENWARE",SERVEWARE,"SERVING BOWL"
MKL,08353,"VITAMILK DOUBLE  CHOCO SHAKE SOYMILK 300ML 24",16.99,0,SUPERMARKET,BEVERAGES,DRINKS
MKL,101010,"CURTAIN POLYESTER 52X84"" W/HANGER BLK33",129,0,"HOME DECOR & TEXTILES",CURTAINS,"GROMMET CURTAINS"
MKL,102512,"MOMEASY WIDENECK SILICON NIPPLES 2PCS FLOW-S 45403",29,0,"TOYS AND ENTERTAINMENT",INFANTS,FEEDING
MKL,103064,"DAY BY DAY MEN LOTION 200ML  36",11.99,0,SUPERMARKET,"HOME AND PERSONAL CARE","SKIN CARE"
MKL,123466,"CONTAINER TALL SQ. 5400ML 20X20X21CM PP13811",12.9,0,"HOUSEWARE & KITCHENWARE","STORAGE AND ORGANIZER","STORAGE CONTAINERS"
MKL,126206,"AIRPRO HANGING BOTTLE A/FRESHNER DIOR FHEIT 10ML12",35.99,0,SUPERMARKET,"HOME AND PERSONAL CARE",FRESHENERS
MKL,132350,"PRAN ALOE VERA DRINK ORIGINAL 500ML 24",14.99,0,SUPERMARKET,BEVERAGES,JUICE
MKL,164314,"COFFEE AND TEA PRESS 500ML PLASTIC AP-9481",9.9,0,"HOUSEWARE & KITCHENWARE",DINNERWARE,"TEA AND COFFEE SETS"
MKL,166544,"WATER BOTTLE 1790ML PLASTIC PNP3443",9.9,0,"HOUSEWARE & KITCHENWARE","FLASK AND BOTTLES",BOTTLE
MKL,185419,"CURTAIN BKT GROM BURG 2P 54X90"" 02-PA-7216E",199,0,"HOME DECOR & TEXTILES",CURTAINS,"GROMMET CURTAINS"
MKL,197991,"MCBERRY DUBAI STRAWBERRY CHOCOLATE WAFER 20G  144",.89,0,SUPERMARKET,"FOOD CUPBOARD",BISCUITS
MKL,200277,"CLOTHES HANGER 6PCS SET ASSTD 6036000075865",16.9,0,"HOUSEWARE & KITCHENWARE",LAUNDARY,"CLOTH HANGERS"
MKL,23065,"CUSSONS BABY SOAP (SOFT & SMOOTH) 70G 96",5.99,0,SUPERMARKET,"HOME AND PERSONAL CARE","INFANT AND BABY CARE"
MKL,146900,"VOLTIC NATURAL MINERAL WATER PREMIUM PET 750ML 12",7.19,0,SUPERMARKET,BEVERAGES,"MINERAL WATER"
MKL,149290,"CERES NECTAR MULTIFRUT FUS JUICE DRINK 1L 12",34.99,0,SUPERMARKET,BEVERAGES,JUICE
MKL,198904,"SLEMFIT MINERAL WATER 500ML 16",1.69,0,SUPERMARKET,BEVERAGES,"MINERAL WATER"
MKL,35550,"RAMBO BEEF PATE 400G  20",26.99,0,SUPERMARKET,"FOOD CUPBOARD","CANNED FOOD"
MKL,38487,"FRYTOL VEGETABLE COOKING OIL 1.8L 6",76.99,0,SUPERMARKET,"FOOD CUPBOARD","EDIBLE OILS AND GHEE"
MKL,79119,"KASAPREKO BLACK ROCK HONEY WHISKY 750ML 12",46.99,0,SUPERMARKET,"BEVERAGES ALCOHOLIC",WHISKEY
MKL,87942,"COLGATETOOTHPASTE NAT. EXT. CHARCOAL&MINT 75ML 48",38.99,0,SUPERMARKET,"HOME AND PERSONAL CARE","ORAL CARE"
MKL,CL725,"DRUM WITH LID 40LTR 38CMX55CM",95,0,"HOUSEWARE & KITCHENWARE","HOUSE HOLD PRODUCTS","STORAGE DRUMS"
MKL,CL759,"CRISPER CONTAINER RND 2000ML 16CMX14CM",7.9,0,"HOUSEWARE & KITCHENWARE","STORAGE AND ORGANIZER","STORAGE CONTAINERS"
MKL,X612,"TITUS SARDINES IN VEGETABLE OIL 125G 50",16.99,0,SUPERMARKET,"FOOD CUPBOARD","CANNED FOOD"
MKL,116468,"CLOSEUP REDHOT EVERFRESH TOOTHPASTE 140G  72",19.99,0,SUPERMARKET,"HOME AND PERSONAL CARE","ORAL CARE"
MKL,152252,"H&H RICH TEA SANDWICH VANILA CREAMS 32G  72",1.39,0,SUPERMARKET,"FOOD CUPBOARD",BISCUITS
MKL,161836,"MCBERRY LAYERS CHOCOLATE COATED CAKE 30G  144",2.29,0,SUPERMARKET,"FOOD CUPBOARD",SNACKS
MKL,26940,"HEINEKEN LAGER BEER BTL 330ML 24",29.99,0,SUPERMARKET,"BEVERAGES ALCOHOLIC","BOTTLE BEER"
MKL,63930,"LELE TUNA FLAKES IN SOYA BEAN OIL 80G 48",10.49,0,SUPERMARKET,"FOOD CUPBOARD","CANNED FOOD"
MKL,92329,"COWBELL BANANA MILK 35G 120",5.99,0,SUPERMARKET,BEVERAGES,"DRINKING POWDERS"
MKL,98705,"FA  ROLL ON SPORT CITRUS GREEN SCENT 50ML  24",23.99,0,SUPERMARKET,"HOME AND PERSONAL CARE",FRAGRANCES
MKL,99647,"PRINCESS ROLL ON LILAC 50ML  6",9.99,0,SUPERMARKET,"HOME AND PERSONAL CARE",FRAGRANCES
MKL,CL762,"CRISPER CONTAINER RND 9000ML 26CMX22CM",29.9,0,"HOUSEWARE & KITCHENWARE","STORAGE AND ORGANIZER","STORAGE CONTAINERS"
MKL,125870,"POPIZZ SPARKLING DRINK PINK 750ML  6",49.99,0,SUPERMARKET,"BEVERAGES ALCOHOLIC",WINES
MKL,127905,"MCBERRY BELLA CHOCOLATE CREAM CAKE 30G 144",2.49,0,SUPERMARKET,"FOOD CUPBOARD",SNACKS
MKL,158432,"DZIRE INDUSTRIAL WALL FAN 26"" IFW26-DCFW65",1689,0,"ELECTRICAL APPLIANCES",FAN,"INDUSTRIAL FAN"
MKL,158513,"FESTIVAL FROM CUVEE 0% VANILLA WINE DRINK 750ML 6",50.99,0,SUPERMARKET,"BEVERAGES ALCOHOLIC",WINES
MKL,180324,"COCOA-CARE BODY LOTION S/S 265ML  6",17.99,0,SUPERMARKET,"HOME AND PERSONAL CARE","SKIN CARE"
MKL,23104,"MCVITIES GINGER NUTS 250G 12",54.99,0,SUPERMARKET,"FOOD CUPBOARD",BISCUITS
MKL,26952,"VOLTPLUS AVR 5KVA W/110V ASSIST OUTPUT AVR-6055",1679,0,"ELECTRICAL APPLIANCES",ELECTRICALS,AVR/AVS
MKL,46545,"DREAMS FACIAL TISSUE 150SHEETS  36",21.49,0,SUPERMARKET,"HOME AND PERSONAL CARE",DISPOSABLE
MKL,66921,"PINHO BRIL WILD PINE PLUS DISINFECTANT 1L  12",32.99,0,SUPERMARKET,"HOME AND PERSONAL CARE","HOUSEHOLD CLEANERS"
MKL,88922,"AKAI CEILING FAN 56"" EF082A-C5610WS",399,0,"ELECTRICAL APPLIANCES",FAN,"CEILING FAN"
MKL,98547,"GETTOL ANTISEPTIC LEMON 125ML  48",9.99,0,SUPERMARKET,"HOME AND PERSONAL CARE","HEALTH AND WELLNESS"
MKL,98800,"IDEAL ORIGINAL EVAPORATED MILK 29G  10 X 18",32.99,0,SUPERMARKET,"FOOD CUPBOARD","DRINKING POWDER"
MKL,99567,"COMFORTER KING JACQUARD 6PCS SET HG1177K",599,0,"HOME DECOR & TEXTILES","BLANKETS QUILTS COMFORTERS AND BEDCOVERS",COMFORTERS
MKL,CL761,"CRISPER CONTAINER RND 6000ML 23CMX20CM",20.9,0,"HOUSEWARE & KITCHENWARE","STORAGE AND ORGANIZER","STORAGE CONTAINERS"
MKL,D423,"LACTASOY CHOCOLATE SOYA MILK 1L  12",41.99,0,SUPERMARKET,"FOOD CUPBOARD","MILK AND CREAMERS"
MKL,D794,"TASTY TOM TOMATO PASTE SACHET 60G 50",3.29,0,SUPERMARKET,"FOOD CUPBOARD",CONDIMENTS
MKL,129816,"ROPE NYLON 3MMX30M REDBLUEWHITE YWU",4.9,0,"HOUSEWARE & KITCHENWARE",LAUNDARY,"CLOTH LINE/ STRING"
MKL,135096,"SIDE TABLE BLACK MARBLE",449,0,FURNITURE,"COFFEE / END / NESTING TABLES","END TABLES"
MKL,160889,"SERVING BOWL MELAMINE 9 INCHES FEILU 15869",9.9,0,"HOUSEWARE & KITCHENWARE","MELAMINE WARE","MEL BOWL/BOWL+COVER"
MKL,161582,"DZIRE CEILING FAN 56"" DARK BROWN CF 56 B-HOB",379,0,"ELECTRICAL APPLIANCES",FAN,"CEILING FAN"
MKL,166005,"SO FRESH TROPICAL PUNCH FRUIT JUICE 1L 6",26.99,0,SUPERMARKET,BEVERAGES,JUICE
MKL,167246,"TWISCO ENERGY FOOD DRINK SACHET 400G  12",38.99,0,SUPERMARKET,BEVERAGES,"DRINKING POWDERS"
MKL,52717,"CUSSONS BABY OIL SOFT & SMOOTH 100ML  48",12.49,0,SUPERMARKET,"HOME AND PERSONAL CARE","INFANT AND BABY CARE"
MKL,67408,"HOMEFOODS FRIED RICE SEASONING 160G  15",16.49,0,SUPERMARKET,"FOOD CUPBOARD",CONDIMENTS
MKL,103199,"AVSAR FRUIT FLAV WATER GREEN APPLE 200ML  24",10.99,0,SUPERMARKET,BEVERAGES,"MINERAL WATER"
MKL,112026,"COLGATE TOOTHPASTE CHARCOAL GENTLE CLEAN  120G  48",22.99,0,SUPERMARKET,"HOME AND PERSONAL CARE","ORAL CARE"
MKL,134557,"BUTTER DISH 6.9X3.7"" SUG229/G",9.9,0,"HOUSEWARE & KITCHENWARE",GLASSWARE,CONTAINERS
MKL,151030,"BIGOO ORANGE DRINK 350ML 20",2.99,0,SUPERMARKET,BEVERAGES,DRINKS
MKL,183263,"BEER MUG 4PCS SET 610ML BREMEN PJ 10821 RJK",79,0,"HOUSEWARE & KITCHENWARE",GLASSWARE,"BEER MUGS AND BEER GLASS"
MKL,184604,"FUFU BOWL 8"" CERAMIC STKLT SK03 RJK",24.9,0,"HOUSEWARE & KITCHENWARE",DINNERWARE,BOWLS
MKL,189501,"3PCS COMFORTER SET TWIN 66""X86"" MF ASST 03-CO-0475",229,0,"HOME DECOR & TEXTILES","BLANKETS QUILTS COMFORTERS AND BEDCOVERS",COMFORTERS
MKL,50881,"KISS CIDER WILD STRAWBERRY  500ML  24",23.99,0,SUPERMARKET,"BEVERAGES ALCOHOLIC",CIDER
MKL,76414,"VOLTPLUS AVS  FRIDGE GUARD 5A VP-FG-AVS5F/VP-AVS5",165,0,"ELECTRICAL APPLIANCES",ELECTRICALS,AVR/AVS
MKL,80082,"AKAI HOME THEATRE SYSTEM 5.1CH HT020A-MF93 28W+12X",1699,0,"ELECTRONICS & TELECOM",AUDIO,"HOME THEATRE"
MKL,95464,"CHRISTMAS HAT",25.9,0,"HOME DECOR & TEXTILES","XMAS SEASONAL","xmas season"
MKL,96114,"NIVEA LIP BALM ORIGINAL CARE 4.8G  12",37.99,0,SUPERMARKET,"HOME AND PERSONAL CARE","SKIN CARE"
MKL,97241,"ROMAR SOFTENER CONC. DELICATE 2L  6",82.99,0,SUPERMARKET,"HOME AND PERSONAL CARE","LAUNDRY CARE"
MKL,CL746,"OHEMA CASSEROLE 2PCS SET 2000 & 3000 ML",59,0,"HOUSEWARE & KITCHENWARE",SERVEWARE,CASSEROLES
MKL,115428,"MRS BECTORS TRUFILLS CHOCO FILLED 40G  144",4.49,0,SUPERMARKET,"FOOD CUPBOARD",BISCUITS
MKL,122993,"BINATONE STEAM IRON 2200W SI 2225",439,0,"ELECTRICAL APPLIANCES","LINEN CARE","STEAM IRONS"
MKL,147161,"PLATINUM SUNFLOWER OIL 1.8L X 6",99.99,0,SUPERMARKET,"FOOD CUPBOARD","EDIBLE OILS AND GHEE"
MKL,159744,"MUNCHEE MSC STRAWBERRY MILK BISCUITS 35G  72",1.99,0,SUPERMARKET,"FOOD CUPBOARD",BISCUITS
MKL,200308,"H&H CHICKEN LUNCHEON MEAT 198G 24",21.99,0,SUPERMARKET,"FOOD CUPBOARD","CANNED FOOD"
MKL,22623,"CRATE FOR CLUB LAGER 625ML 21697",18.99,0,SUPERMARKET,"BEVERAGES ALCOHOLIC","BOTTLE BEER"
MKL,54998,"CAREX HANDWASH ORIGINAL 250ML  12",24.99,0,SUPERMARKET,"HOME AND PERSONAL CARE","PERSONAL WASH"
MKL,63999,"NIVEA DEO ROLL ON FEMALE INVISIBLE  50ML  30",33.99,0,SUPERMARKET,"HOME AND PERSONAL CARE",FRAGRANCES
MKL,84922,"PLASTIC COFFEE CUP LID 8OZ  50PCS",9.9,0,SUPERMARKET,"HOME AND PERSONAL CARE",DISPOSABLE
MKL,91456,"DON SIMON MANGO JUICE DRINK 500ML 12",24.99,0,SUPERMARKET,BEVERAGES,JUICE
MKL,94363,"AKAI STEAM IRON 2200W EI042A-260SI",259,0,"ELECTRICAL APPLIANCES","LINEN CARE","STEAM IRONS"
MKL,108134,"CURTAIN 52X84  W/8GROMMET J2020825",139,0,"HOME DECOR & TEXTILES",CURTAINS,"GROMMET CURTAINS"
MKL,113789,"MCBERRY BREAKFAST CEREAL BISCUITS 30G  72",1.39,0,SUPERMARKET,"FOOD CUPBOARD",BISCUITS
MKL,120166,"EVEREADY LED PLASTIC TORCH LIGHT C2D",35,0,"ELECTRICAL APPLIANCES",LIGHTING/LAMPS,"TORCH/ LANTERN"
MKL,124072,"MOP&BUCKET SET PAREX TWISTER PLASTIC 2107358-2",299,0,"HOUSEWARE & KITCHENWARE","HOME HYGIENE","MOPPING AND WIPING"
MKL,145413,"TABLE CLOTH CLIPS 4PCS SET SS 0003-4",2.9,0,"HOUSEWARE & KITCHENWARE",KITCHENWARE,"KITCHEN ACCESSORIES"
MKL,153256,"LAV STEMWARE 3PC LV-EMP541A",59,0,"HOUSEWARE & KITCHENWARE",GLASSWARE,"GLASS / TUMBLER /WINE / CHAMPAGNE"
MKL,162640,"OCEAN CHEST FREEZER SD 150L CFOH 150 TG KS",3879,0,"ELECTRICAL APPLIANCES",FREEZER,"SINGLE DOOR FREEZER"
MKL,166371,"COLANDER WSIDE HANDLES 37.5CM SSTEEL XY-2309",69,0,"HOUSEWARE & KITCHENWARE","KITCHEN TOOLS AND CULTARY",COLANDERS
MKL,169952,"TRUESMILE TOOTHPASTE & BRUSH CHARCOAL 100ML  12",25.99,0,SUPERMARKET,"HOME AND PERSONAL CARE","ORAL CARE"
MKL,99915,"WINDOW SHADE YE3 180X200 SILVER",549,0,"HOME DECOR & TEXTILES",BLINDS,"1.8 mtrs"
MKL,CL627,"QUEEN OF CASSEROLE 2PCS SET PLASTIC 1800ML2500ML",59,0,"HOUSEWARE & KITCHENWARE",SERVEWARE,CASSEROLES
MKL,CL776,"FOOD FLASK 1500ML",29.9,0,"HOUSEWARE & KITCHENWARE",SERVEWARE,CASSEROLES
MKL,08576,"HARPIC  CITRUS GEL 725ML   12",38.99,0,SUPERMARKET,"HOME AND PERSONAL CARE","HOUSEHOLD CLEANERS"
MKL,100968,"CURTAIN POLYESTER 52X84  WHANGER DRTH1493",129,0,"HOME DECOR & TEXTILES",CURTAINS,"GROMMET CURTAINS"
MKL,101951,"CONTAINER RECTANGULAR SET OF 7PCS PLASTIC 5667-7",29.9,0,"HOUSEWARE & KITCHENWARE","STORAGE AND ORGANIZER","STORAGE CONTAINERS"
MKL,113418,"FRIDGE ORGANIZER VERTICAL PLASTIC BSF-00800",9.9,0,"HOUSEWARE & KITCHENWARE","STORAGE AND ORGANIZER","RACK SHELF DRAWERS ORGANIZERS"
MKL,113955,"BEL-COLA CAN DRINK 330ML 24",8.49,0,SUPERMARKET,BEVERAGES,DRINKS
MKL,125897,"LAV TUMBLER 6PCS SET LVTOK354F",99,0,"HOUSEWARE & KITCHENWARE",GLASSWARE,"GLASS / TUMBLER /WINE / CHAMPAGNE"
MKL,137269,"TOREN -TOREN WAFERS BOURBONVANILLA DEEP FCW 55G144",6.29,0,SUPERMARKET,"FOOD CUPBOARD",CONFECTIONERY
MKL,148545,"PERLA MINERAL WATER 500ML 15",1.59,0,SUPERMARKET,BEVERAGES,"MINERAL WATER"
MKL,32825,"BANETTI SMALL ELBOWS 500G  20",14.99,0,SUPERMARKET,"FOOD CUPBOARD","NOODLES AND SOUP"
MKL,33499,"GILLETTE BLUE 2 PLUS POUCH 3RAZORS TWIN BLADE  40",22.99,0,SUPERMARKET,"HOME AND PERSONAL CARE","MENS GROOMING"
MKL,80326,"CAR CHARGER USB 8 IN 1",54,0,"ELECTRONICS & TELECOM","CAR AUDIO AND VIDEO","CAR ELECTRONIC ACCESSORIES"
MKL,92081,"MAGGI DEDEEDE CUBE 600G  24",63.99,0,SUPERMARKET,"FOOD CUPBOARD",CONDIMENTS
MKL,98710,"GALAXY SPARKLING WINE FRUIT COCKTAI DRINK 750ML 12",57.99,0,SUPERMARKET,"BEVERAGES ALCOHOLIC",WINES
MKL,00522,"AKAI AVR 3KVA AVR006A - 3000VA",1499,0,"ELECTRICAL APPLIANCES",ELECTRICALS,AVR/AVS
MKL,133055,"NUTZY PEANUT BUTTER EXTRA CRUNCHY 510G  12",45.49,0,SUPERMARKET,"FOOD CUPBOARD","SPREADS AND TOPPING"
MKL,14503,"FLORA WRAPPED TROLL 2PLY 1 X 10 X 7",40.99,0,SUPERMARKET,"HOME AND PERSONAL CARE",DISPOSABLE
MKL,145875,"SIDE PLATE EMBOSSED CERAMIC ESPSP01 RJK",9.9,0,"HOUSEWARE & KITCHENWARE",DINNERWARE,PLATE
MKL,182003,"FABER CASTELL TRIFLOW BALL PEN 0.7MM 50PCS GREEN",2.9,0,STATIONERY,"GENERAL STATIONERY","   WRITING SUPPLIES"
MKL,34900,"GILLETTE 2 POUCH 3-S 2BLADES  40",18.99,0,SUPERMARKET,"HOME AND PERSONAL CARE","MENS GROOMING"
MKL,72609,"TOILET BRUSH  LEON P6423",4.9,0,"HOUSEWARE & KITCHENWARE","HOME HYGIENE","TOILET BRUSHES"
MKL,86896,"COOL BREEZE MEMBRANE AIR FRESHNER OCEAN  8ML 12",22.99,0,SUPERMARKET,"HOME AND PERSONAL CARE",FRESHENERS
MKL,H233,"6"" MATTRESS 36X75INCH HD S/S LAT",1049,0,FURNITURE,MATTRESS,"Single Size"
MKL,X712,"DON SIMON SANGRIA TETRA PACK 1L 12",43.99,0,SUPERMARKET,BEVERAGES,JUICE
MKL,104836,"MCVITIES ALL BUTTER SHORTBREAD 40GM  48",11.99,0,SUPERMARKET,"FOOD CUPBOARD",BISCUITS
MKL,119591,"FARAGELLO GOLD GUAVA NECTAR GLASS BOTTLE 1L  6",33.99,0,SUPERMARKET,BEVERAGES,JUICE
MKL,126193,"ZOFLORA COUNTRY GARDEN 120ML  12",45.99,0,SUPERMARKET,"HOME AND PERSONAL CARE","HOUSEHOLD CLEANERS"
MKL,131311,"CROWNSTAR COOKWARE 6PCS SET MC22028 RK",449,0,"HOUSEWARE & KITCHENWARE",COOKWARE,"COOKWARE SET"
MKL,167727,"PEGS 20PCS SET PLASTIC YWU",16.89948,0,"HOUSEWARE & KITCHENWARE",LAUNDARY,"CLOTH PEGS / CLIP"
MKL,187176,"MEASURING CUP 5PCS SET PLASTIC RJK B-D007KA1063-1",22.9,0,"HOUSEWARE & KITCHENWARE",BAKEWARE,"BAKING TOOLS AND ACCESSORIES"
MKL,50883,"KISS CIDER CHERRY  500ML  24",23.99,0,SUPERMARKET,"BEVERAGES ALCOHOLIC",CIDER
MKL,64661,"IRISH SPRING BODY WASH ORIGINAL 591ML  4",119.99,0,SUPERMARKET,"HOME AND PERSONAL CARE","PERSONAL WASH"
MKL,72507,"LELE WHITE SUGAR 1KG  10",21.99,0,SUPERMARKET,"FOOD CUPBOARD","SALT  SUGAR AND JAGGERY"
MKL,CL766,"CONTAINER SQUARE 2900ML 16CMX16CMX14CM",14.9,0,"HOUSEWARE & KITCHENWARE","STORAGE AND ORGANIZER","STORAGE CONTAINERS"
MKL,N766,"NESTLE CHOCOMILO ENERGY CUBE 137.5G 40",25.49,0,SUPERMARKET,"FOOD CUPBOARD",CONFECTIONERY
MKL,109277,"MOMEASY BABY SPOON 2PC SET SS 45340",18.9,0,"TOYS AND ENTERTAINMENT",INFANTS,FEEDING
MKL,134319,"PRIVATE MAXI POCKET SUPER 9 X 12",15.49,0,SUPERMARKET,"HOME AND PERSONAL CARE","FEMININE CARE"
MKL,159855,"PAPER NOTE WITH CONTAINER (100X5)500SHEETS 76X76MM",16.9,0,STATIONERY,"OFFICE STATIONERY","OFFICE BASIC AND STATIONERY"
MKL,172967,"ARIEL HIGH STUD LAVENDER 1KG  12",79.99,0,SUPERMARKET,"HOME AND PERSONAL CARE","LAUNDRY CARE"
MKL,178132,"CAKE CUPS 9CM 100PCS SET YWU",4.9,0,"HOUSEWARE & KITCHENWARE",BAKEWARE,"BAKING UTENSILS"
MKL,72613,"BROOM BIG PLAZA P6447",4.9,0,"HOUSEWARE & KITCHENWARE","HOME HYGIENE","BROOM BRUSHES DUSTPANS"
MKL,83504,"JOHNSONS TOP TO TOE BABY WASH 500ML  12",58.99,0,SUPERMARKET,"HOME AND PERSONAL CARE","INFANT AND BABY CARE"
MKL,CL728,"CONTAINER KEEP FRESH ROUND 3200 ML 20CMX12.5CM",12.9,0,"HOUSEWARE & KITCHENWARE","STORAGE AND ORGANIZER","STORAGE CONTAINERS"
MKL,D536,"BIC SENSITIVE 3BLADE STICK BROWN S.OF 4  20",64.99,0,SUPERMARKET,"HOME AND PERSONAL CARE","MENS GROOMING"
MKL,N636,"PAPER NAPKIN / KITCHEN TOWEL EVERPACK M/S  6",21.99,0,SUPERMARKET,"HOME AND PERSONAL CARE",DISPOSABLE
MKL,110732,"LA VONCE TOMATO MIX SACHET 400G  24",13.99,0,SUPERMARKET,"FOOD CUPBOARD",CONDIMENTS
MKL,26351,"SAIRO INTENSE HAND WASH 500ML 12",29.49,0,SUPERMARKET,"HOME AND PERSONAL CARE","PERSONAL WASH"
MKL,32924,"FABER CASTELL RULERS PLATIC TRANS 15CM 6--170640",2.9,0,STATIONERY,"OFFICE STATIONERY","OFFICE BASIC AND STATIONERY"
MKL,63666,"JULIET BEAUTY SOAP ROS SCENTS 225G  36",12.99,0,SUPERMARKET,"HOME AND PERSONAL CARE","PERSONAL WASH"
MKL,95645,"JOVEN CAPEL SPARKLING ROSE WINE 750ML 6",128.99,0,SUPERMARKET,"BEVERAGES ALCOHOLIC","SPARKLING WINES"
MKL,S897,"CERES RED GRAPE JUICE 1L 12",39.49,0,SUPERMARKET,BEVERAGES,JUICE
MKL,X722,"PRINGLES PAPRIKA 40G   12",19.99,0,SUPERMARKET,"FOOD CUPBOARD",SNACKS
MKL,X954,"CERES GUAVA JUICE 1L 12",39.49,0,SUPERMARKET,BEVERAGES,JUICE
MKL,04641,"SERVING BOWL MELAMINE 8 INCHES ZHN C09885",12.9,0,"HOUSEWARE & KITCHENWARE","MELAMINE WARE","MEL BOWL/BOWL+COVER"
MKL,100802,"ZOMBA PINK COCKTAIL 0% ALC 750ML 6",42.49,0,SUPERMARKET,"BEVERAGES ALCOHOLIC",WINES
MKL,104543,"FONTISSUE TOILET TISSUE 48 ROLLS  1",174.99,0,SUPERMARKET,"HOME AND PERSONAL CARE",DISPOSABLE
MKL,110882,"NATURAL FIELDS PURE HONEY 650G  12",55.99,0,SUPERMARKET,"FOOD CUPBOARD","SPREADS AND TOPPING"
MKL,125276,"AIRPRO MINI CLIP A/REFRSHNER VIOLET BLAST 2.5ML 6",20.49,0,SUPERMARKET,"HOME AND PERSONAL CARE",FRESHENERS
MKL,126204,"AIRPRO HANGING BOTTLE A/FRESHNER ARMANI SI 10ML 12",35.99,0,SUPERMARKET,"HOME AND PERSONAL CARE",FRESHENERS
MKL,154895,"WATER BOTTLE 1000ML PLASTIC AQUA SPARKLE",9.9,0,"HOUSEWARE & KITCHENWARE","FLASK AND BOTTLES",BOTTLE
MKL,162677,"DINNER PLATE MELAMINE 10 INCHES FEILU 102101",12.9,0,"HOUSEWARE & KITCHENWARE","MELAMINE WARE","MEL PLATE"
MKL,183437,"TUMBLER GLASS EMBOSSED 454ML 3PCS SET 3GS03 RJK",42.9,0,"HOUSEWARE & KITCHENWARE",GLASSWARE,"GLASS / TUMBLER /WINE / CHAMPAGNE"
MKL,197973,"MCBERRY SIMA COOKIES BISCUITS 18G  72",1.09,0,SUPERMARKET,"FOOD CUPBOARD",BISCUITS
MKL,197985,"MCBERRY PURE DELIGHT CHOCOLATE COOKIES 54G 144",1.99,0,SUPERMARKET,"FOOD CUPBOARD",BISCUITS
MKL,125262,"ROMAR FABRIC SOFTENER CONC. FLORA 2L  6",81.99,0,SUPERMARKET,"HOME AND PERSONAL CARE","LAUNDRY CARE"
MKL,183625,"TEA SPOON 6PCS 1806TS",16.9,0,"HOUSEWARE & KITCHENWARE","CUTLERY ITEMS","SPOONS FORKS KNIFE AND CUTLERY SET"
MKL,188628,"COFFEE TABLE 50X60CM ASRTD",429,0,FURNITURE,"COFFEE / END / NESTING TABLES","COFFEE TABLES"
MKL,200293,"H&H CANNED TUNA IN VEGETABLE OIL 160G 24",24.49,0,SUPERMARKET,"FOOD CUPBOARD","CANNED FOOD"
MKL,39376,"GEURTS APRICOT JAM 450G 12",46.99,0,SUPERMARKET,"FOOD CUPBOARD","SPREADS AND TOPPING"
MKL,89619,"CURTAIN JACQUARD 02-PA-2100",169,0,"HOME DECOR & TEXTILES",CURTAINS,"GROMMET CURTAINS"
MKL,90601,"CURTAIN ROD SINGLE 120 TO 210 11009-210AB",119,0,"HOME DECOR & TEXTILES","CURTAIN RODS","CURTAIN RODS"
MKL,98499,"AMALFI SHOWER GEL OLIVE 750ML  16",30.99,0,SUPERMARKET,"HOME AND PERSONAL CARE","PERSONAL WASH"
MKL,CL389,"CENTURY CL389 FRUIT BASKET LARGE 24",7,0,"HOUSEWARE & KITCHENWARE","CENTURY PRODUCTS","PL BASKET"
MKL,103773,"GIVERS ROZONE 1L  20",17.49,0,SUPERMARKET,"HOME AND PERSONAL CARE","HOUSEHOLD CLEANERS"
MKL,125867,"POPIZZ SPARKLING DRINK BLUE 750ML  6",49.99,0,SUPERMARKET,"BEVERAGES ALCOHOLIC",WINES
MKL,156289,"ASEDA BROWN RICE 5KG  5",229.99,0,SUPERMARKET,"FOOD CUPBOARD","RAW RICE"
MKL,183277,"TUMBLER 6PCS SET 400ML FLORIDA BW 14714 RJK",59,0,"HOUSEWARE & KITCHENWARE",GLASSWARE,"GLASS / TUMBLER /WINE / CHAMPAGNE"
MKL,97664,"MJ-S  MAYONNAISE 510ML   12",46.99,0,SUPERMARKET,"FOOD CUPBOARD","SPREADS AND TOPPING"
MKL,99665,"STYLE UP ROLL ON ACTIVE 50ML  6",9.99,0,SUPERMARKET,"HOME AND PERSONAL CARE",FRAGRANCES
MKL,140977,"KIKI SUPASTAR MULTIFRUIT DRINK 250ML 24",4.19,0,SUPERMARKET,BEVERAGES,JUICE
MKL,150689,"AKAI WATER PUMP 1.5HP  WP001A-090",799,0,"ELECTRICAL APPLIANCES","WATER PUMPS","CENTRIFUGAL WP"
MKL,159684,"AMERICAN CHEF WHITE VINEGAR 946ML 12",28.99,0,SUPERMARKET,"FOOD CUPBOARD",CONDIMENTS
MKL,167458,"XMAS TREE 1.2M 350T",219,0,"HOME DECOR & TEXTILES","XMAS SEASONAL","xmas season"
MKL,65902,"SUNNY BROWN SUGAR STICK 500G 24",37.99,0,SUPERMARKET,"FOOD CUPBOARD","SALT  SUGAR AND JAGGERY"
MKL,85497,"BANETTI SHELLS  500G  20",14.99,0,SUPERMARKET,"FOOD CUPBOARD","PASTA AND SPAGHETTI"
MKL,91234,"SAIRO BATH&SHOWER GEL MARINE EXCLUSIVE 750ML 8",51.99,0,SUPERMARKET,"HOME AND PERSONAL CARE","PERSONAL WASH"
MKL,94164,"SATNAM PERFUMED INSECT REPELLANT STRAWBERY 140GM",18.99,0,SUPERMARKET,"HOME AND PERSONAL CARE","INSECTICIDES AND RODENT CONTROL"
MKL,D166,"SUNNY BROWN SUGAR BOTTLE 800G 12",38.99,0,SUPERMARKET,"FOOD CUPBOARD","SALT  SUGAR AND JAGGERY"
MKL,134325,"FRESHDAYS NORMAL SCENTED 72 X 6",59.99,0,SUPERMARKET,"HOME AND PERSONAL CARE","FEMININE CARE"
MKL,14812,"DEVA DISWASHING LIQUID LIME 700ML 24 10405",25.99,0,SUPERMARKET,"HOME AND PERSONAL CARE","HOUSEHOLD CLEANERS"
MKL,172892,"TAMPICO GRAPE PUNCH  JUICE 500ML 12",7.99,0,SUPERMARKET,BEVERAGES,JUICE
MKL,23129,"ENA PA SARDINES IN VEGETABLE OIL 125G 50",11.99,0,SUPERMARKET,"FOOD CUPBOARD","CANNED FOOD"
MKL,27615,"BANETTI PASTA PENNE RIGATE 500G 20",14.99,0,SUPERMARKET,"FOOD CUPBOARD","NOODLES AND SOUP"
MKL,32172,"VACCUM MUG 450ML PLASTIC INNER STEEL YWU",18.9,0,"HOUSEWARE & KITCHENWARE",DINNERWARE,MUGS
MKL,36985,"IRISH SPRING ORIGINAL SOAP 106.3G (18X3PACK) 18",53.99,0,SUPERMARKET,"HOME AND PERSONAL CARE","PERSONAL WASH"
MKL,99609,"PRINCESS BODY MIST LILAC 50ML  48",8.49,0,SUPERMARKET,"HOME AND PERSONAL CARE",FRAGRANCES
MKL,CL014,"STOOL SMALL 41CMX33CMX26CM",39.9,0,"HOUSEWARE & KITCHENWARE","HOUSE HOLD PRODUCTS","STOOL PLASTIC"
MKL,113236,"LAUNDRY SCRUBBING BRUSH BLUE PLASTIC 115E",9.9,0,"HOUSEWARE & KITCHENWARE",LAUNDARY,"LAUNDARY BRUSH"
MKL,182986,"HANGER 41CM RP1142CS8 RJK",49.9,0,"HOUSEWARE & KITCHENWARE",LAUNDARY,"CLOTH HANGERS"
MKL,97926,"JAMAA CLASSIC LAUNDRY BAR SOAP 200G   24",6.99,0,SUPERMARKET,"HOME AND PERSONAL CARE","LAUNDRY CARE"
MKL,CL735,"BUCKET 3LTR TRANSPARENT 18CMX19CM",9.9,0,"HOUSEWARE & KITCHENWARE",LAUNDARY,"BUCKETS AND BASINS"
MKL,N767,"NESCAFE 3IN1 ORIGINAL (8X10) 35G  8",44.49,0,SUPERMARKET,BEVERAGES,COFFEE
MKL,186058,"AKAI POWER BLENDER 2L 1200W SILENT BD079A-11C",1499,0,"ELECTRICAL APPLIANCES","COMMERCIAL APPLIANCES","COMMERCIAL BLENDER"
MKL,26023,"SOUP PLATE MELAMINE 11 INCHES ZHN 11B016",16.9,0,"HOUSEWARE & KITCHENWARE","MELAMINE WARE","MEL PLATE"
MKL,64089,"YAZZ MONARCH TOOTHBRUSH MEDUIM BRISTLE   72",3.39,0,SUPERMARKET,"HOME AND PERSONAL CARE","ORAL CARE"
MKL,70581,"VISTALINE SKETCH PAD 20PAGES",13.99,0,STATIONERY,"SCHOOL AND CHILDREN STATIONERY","ART AND HOBBY SETS"
MKL,89802,"JIK BLEACH ORIGINAL 950ML   12",31.99,0,SUPERMARKET,"HOME AND PERSONAL CARE","HOUSEHOLD CLEANERS"
MKL,115952,"SANITA CLUB 2KITCHEN TOWELS  10",24.99,0,SUPERMARKET,"HOME AND PERSONAL CARE",DISPOSABLE
MKL,130131,"AWAKE MELCOM WATER 750ML 16",2.29,0,SUPERMARKET,BEVERAGES,"MINERAL WATER"
MKL,166262,"LAV STEMWARE 6PCS SET LVNEV576F",89,0,"HOUSEWARE & KITCHENWARE",GLASSWARE,"GLASS / TUMBLER /WINE / CHAMPAGNE"
MKL,190055,"GLASS JAR 7PCS SET GOLD 1500ML230ML YWU",99,0,"HOUSEWARE & KITCHENWARE",GLASSWARE,"CANISTERS AND JARS"
MKL,97352,"SAIKIRPA NAPHTHALENE BALLS WHITE 300G  60",23.99,0,SUPERMARKET,"HOME AND PERSONAL CARE","INSECTICIDES AND RODENT CONTROL"
MKL,CL588,"QUEEN OF CASSROLE 1350ML 24CMX19CMX12CM",24.9,0,"HOUSEWARE & KITCHENWARE",SERVEWARE,CASSEROLES
MKL,CL764,"CONTAINER 6PCS 700ML 1250ML 2000ML 3750 ML 6L 9L",89,0,"HOUSEWARE & KITCHENWARE","STORAGE AND ORGANIZER","STORAGE CONTAINERS"
MKL,159711,"MUNCHEE MILK SHORT CAKE BISCUITS 35G  72",1.99,0,SUPERMARKET,"FOOD CUPBOARD",BISCUITS
MKL,180248,"BO-16 STYLING GEL (TRANSPARENT) 150G  6",11.59,0,SUPERMARKET,"HOME AND PERSONAL CARE","HAIR CARE"
MKL,191928,"DINNER SPOON 52G0355 ZHN",24.9,0,"HOUSEWARE & KITCHENWARE","CUTLERY ITEMS","SPOONS FORKS KNIFE AND CUTLERY SET"
MKL,75626,"WHYTEHALL HONEY WHISKY  1L  12",117.99,0,SUPERMARKET,"BEVERAGES ALCOHOLIC",WHISKEY
MKL,76926,"FRESHDAYS NORMAL SCENTED PANTY LINER 24 LINERS  12",26.99,0,SUPERMARKET,"HOME AND PERSONAL CARE","FEMININE CARE"
MKL,96821,"DOVE MEN ROLL ON COOL FRESH 50ML 6",24.99,0,SUPERMARKET,"HOME AND PERSONAL CARE",FRAGRANCES
MKL,99400,"TOILET BRUSH 2PCS SET 5720182357 YWU",4.9,0,"HOUSEWARE & KITCHENWARE","HOME HYGIENE","TOILET BRUSHES"
MKL,124731,"FOOD CONTAINER 550ML PLASTIC BSF-00856",12.9,0,"HOUSEWARE & KITCHENWARE","STORAGE AND ORGANIZER","STORAGE CONTAINERS"
MKL,166543,"WATER BOTTLE 1700ML PLASTIC PNP3311",9.9,0,"HOUSEWARE & KITCHENWARE","FLASK AND BOTTLES",BOTTLE
MKL,89576,"MENTOS ICE GUM SPEARMINT  24DB*12BL *8PCS 288",9.59,0,SUPERMARKET,"FOOD CUPBOARD",CONFECTIONERY
MKL,104374,"DESTELLO FLOOR CLEANER LEMON 1500ML  12",29.99,0,SUPERMARKET,"HOME AND PERSONAL CARE","HOUSEHOLD CLEANERS"
MKL,120457,"WATER BOTTLE 1000ML PLASTIC VENICE",9.9,0,"HOUSEWARE & KITCHENWARE","FLASK AND BOTTLES",BOTTLE
MKL,194899,"COOKING TOOL 2PCS SET SILICONE ZHN S-T02",6.9,0,"HOUSEWARE & KITCHENWARE","KITCHEN TOOLS AND CULTARY","COOKING TOOL SET"
MKL,97653,"SUNLIGHT GREEN DISH WASH BTL 750ML  15",45.99,0,SUPERMARKET,"HOME AND PERSONAL CARE","HOUSEHOLD CLEANERS"
MKL,103492,"AMALFI SHOWER GEL MINERAL CREAM 750ML  16",30.99,0,SUPERMARKET,"HOME AND PERSONAL CARE","PERSONAL WASH"
MKL,188581,"KIDS BUBBLE WATER STICK COLORED 10CM 6615113110245",4.9,0,"TOYS AND ENTERTAINMENT","BACKYARD PLAY","SWIMMING AND POOL ACCESSORIES"
MKL,26331,"TOM TOM STRONG MENTHOL FLAV. CANDY 128G  24",14.49,0,SUPERMARKET,"FOOD CUPBOARD",CONFECTIONERY
MKL,85642,"DESERT SPOON LARGE  SINGLE PIECE  SC77",9.9,0,"HOUSEWARE & KITCHENWARE","CUTLERY ITEMS","SPOONS FORKS KNIFE AND CUTLERY SET"
MKL,103987,"EVERPACK ICE CREAM SPOON (30PKTX100PCS)  30",16.99,0,SUPERMARKET,"HOME AND PERSONAL CARE",DISPOSABLE
MKL,113454,"WATER BOTTLE 800ML PINEAPPLE SHAPE PLASTIC L00758",9.9,0,"HOUSEWARE & KITCHENWARE","FLASK AND BOTTLES",BOTTLE
MKL,117247,"DOMS CD-DVD/OHP MARKER PENS BOX 10PCS BLACK 7662",24.9,0,STATIONERY,"GENERAL STATIONERY","   WRITING SUPPLIES"
MKL,CL711,"TAKE AWAY CONTAINER 1250ML 19.5CMX13.2CMX9.5CM",3.9,0,"HOUSEWARE & KITCHENWARE",DISPOSABLES,"DISPOSABLE CONTAINERS"
MKL,122218,"AIRPRO  AIRREFRSHENER GEL RIO TROPICA 128G  24",24.99,0,SUPERMARKET,"HOME AND PERSONAL CARE",FRESHENERS
MKL,163446,"TERRY HAND TOWEL SET 2PCS BEDNBATH TRY 2095",55,0,"HOME DECOR & TEXTILES","HOME FURNISHING","BATH LINEN"
MKL,85679,"PLASTIC CONTAINERS WITH LID 20PCS HW650 RJK",46.9,0,"HOUSEWARE & KITCHENWARE","STORAGE AND ORGANIZER","STORAGE CONTAINERS"
MKL,D750,"CERES MEDLEY JUICE 1L 12",39.49,0,SUPERMARKET,BEVERAGES,JUICE
MKL,125281,"DZIRE TV BRACKET 26""-55""  TB2655F-9212S",65,0,"ELECTRONICS & TELECOM","VIDEO ACCESSORIES","TV BRACKET AND ACCESSORIES"
MKL,14827,"DEVA SOFTENER  LAVENDER 2L  6",82.99,0,SUPERMARKET,"HOME AND PERSONAL CARE","LAUNDRY CARE"
MKL,148797,"CAKE TOPPER HAPPY BIRTHDAY GOLD MIX DESIGN",4.9,0,"TOYS AND ENTERTAINMENT","PARTY SUPPLIES","CELEBRATION DECOR AND ACCESSORIES"
MKL,150454,"CURTAIN W/8 GROMENT BEIGE 54X90"" BLK12",109,0,"HOME DECOR & TEXTILES",CURTAINS,"GROMMET CURTAINS"
MKL,43019,"SHINE CRYSTAL SPOONS (50PCS)  40",8.99,0,SUPERMARKET,"HOME AND PERSONAL CARE",DISPOSABLE
MKL,CL542,"BOWL ETO 3000ML 28CMX9CM",7.9,0,"HOUSEWARE & KITCHENWARE",SERVEWARE,"SERVING BOWL"
MKL,CL611,"ROYALE CASSEROLE 2PCS SET 1000ML 1500ML PL",59,0,"HOUSEWARE & KITCHENWARE",SERVEWARE,CASSEROLES
MKL,104562,"ADEPA MULTIPURPOSE TOWEL 8ROLLS   2",75.99,0,SUPERMARKET,"HOME AND PERSONAL CARE",DISPOSABLE
MKL,104648,"PAPILION ORIENT WET TOWELS 120 SHEETS WITH CAP 18",28.99,0,SUPERMARKET,"HOME AND PERSONAL CARE","INFANT AND BABY CARE"
MKL,159745,"MUNCHEE GINGER BISCUITS 65G  48",4.79,0,SUPERMARKET,"FOOD CUPBOARD",BISCUITS
MKL,71248,"COOL BREEZE HANGING AIR FRESHNER VANILLA 11G  24",18.99,0,SUPERMARKET,"HOME AND PERSONAL CARE",FRESHENERS
MKL,92371,"TWO IN ONE FUN SLATE TY 210",55,0,"TOYS AND ENTERTAINMENT","LEARNING AND EDUCATIONAL TOYS","WRITING TOOLS"
MKL,CL674,"JUMBO BOX WFLIP LIDS TRANSPARENT 26LTR 43X29X30CM",66.9,0,"HOUSEWARE & KITCHENWARE","STORAGE AND ORGANIZER","STORAGE CONTAINERS"
MKL,122286,"TOOTHPICK W/PLASTIC CASE",2.9,0,"HOUSEWARE & KITCHENWARE","HOUSE HOLD PRODUCTS","HOUSE HOLD"
MKL,168861,"KNIFEPEELER SET 2PCS 353 CP038PR2AP RJK",12.9,0,"HOUSEWARE & KITCHENWARE","KNIFE AND CHOPPING BOARD","VEG AND FRUIT PEELERS"
MKL,186668,"LUNCH BOX W/YOGURT CUP PLASTIC RJK YH449",139,0,"HOUSEWARE & KITCHENWARE","STORAGE AND ORGANIZER","LUNCH BOXES TIFFINS AND FOOD FLASK"
MKL,39377,"GEURTS ORANGE MARMALADE JAM 450G 12",46.99,0,SUPERMARKET,"FOOD CUPBOARD","SPREADS AND TOPPING"
MKL,125360,"ROMAR FABRIC SOFTENER SPA 750ML  15",36.99,0,SUPERMARKET,"HOME AND PERSONAL CARE","LAUNDRY CARE"
MKL,148547,"PERLA MINERAL WATER 750ML 16",1.79,0,SUPERMARKET,BEVERAGES,"MINERAL WATER"
MKL,167397,"DINNER SET PORCELAIN WHITE 12PCS ST3235 RJK",129,0,"HOUSEWARE & KITCHENWARE",DINNERWARE,DINNER-SETS
MKL,184371,"NERO ICE LEMON DRINK 350ML  12",5.99,0,SUPERMARKET,BEVERAGES,DRINKS
MKL,40614,"NOVA OCEAN PUREZONE BLUE 750ML  24",26.99,0,SUPERMARKET,"HOME AND PERSONAL CARE","HOUSEHOLD CLEANERS"
MKL,84512,"CHRISTMAS DECORATION 9+1PCS",7.9,0,"HOME DECOR & TEXTILES","XMAS SEASONAL","xmas season"
MKL,95404,"FANTA ORANGE PET 300ML 12",6.49,0,SUPERMARKET,BEVERAGES,DRINKS
MKL,N637,"EVERPACK FORK PLASTIC 50PCS*60",7.99,0,SUPERMARKET,"HOME AND PERSONAL CARE",DISPOSABLE
MKL,131522,"GOODYS SPICY HOT SHITO  800G 12",149.99,0,SUPERMARKET,"FOOD CUPBOARD",CONDIMENTS
MKL,158496,"X NATURAL MINERAL WATER 350ML 12",2.29,0,SUPERMARKET,BEVERAGES,"MINERAL WATER"
MKL,159063,"TOOTH BRUSH HOLDER PP F1350 RJK",29.9,0,"HOUSEWARE & KITCHENWARE",BATHROOM,"BATHROOM SHELF RACKS HOLDERS"
MKL,159742,"MUNCHEE MSC STRAWBERRY MILK BISCUIT 65G  48",4.19,0,SUPERMARKET,"FOOD CUPBOARD",BISCUITS
MKL,196274,"SAMSUNG LED TV 32"" SAT SMART UA32H5000",3989,0,"ELECTRONICS & TELECOM","LED TV","SMART TV"
MKL,75618,"CASSEROLES  NOVEL 2 PCS SET 10001500ML",9.9,0,"HOUSEWARE & KITCHENWARE",SERVEWARE,CASSEROLES
MKL,CL704,"QUEEN OF CASSEROLE 2PCS SET PLASTIC 850ML 1350ML",38.9,0,"HOUSEWARE & KITCHENWARE",SERVEWARE,CASSEROLES
MKL,161905,"COFFEE CUP W/LID 450ML PLASTIC L-00751",12.9,0,"HOUSEWARE & KITCHENWARE",DINNERWARE,CUP
MKL,169705,"MOULINEX BLENDER W/MILL 1.5L 450W BLACK LM2B2828",679,0,"ELECTRICAL APPLIANCES","FOOD PROCESSOR/BLENDER",BLENDERS
MKL,114593,"CONTAINER SET WLOCK 3X1200ML PLASTIC BG-617",19.9,0,"HOUSEWARE & KITCHENWARE","STORAGE AND ORGANIZER","STORAGE CONTAINERS"
MKL,141433,"PAN SPOON SLOTTED PIPE HANDLE 9  59052",9.9,0,"HOUSEWARE & KITCHENWARE","KITCHEN TOOLS AND CULTARY","COOKING TOOL LADLES AND SERVERS"
MKL,158512,"FESTIVAL FROM CUVEE 0% CHOCOLATE WINE DRINK 750ML",49.99,0,SUPERMARKET,"BEVERAGES ALCOHOLIC",WINES
MKL,187470,"TRASH BIN PLASTIC GREY RJK G2282",369,0,"HOUSEWARE & KITCHENWARE","HOME HYGIENE",DUSTBINS
MKL,104331,"COOKWARE SET 5PCS PALU CROWNSTAR RJK MC6426",549,0,"HOUSEWARE & KITCHENWARE",COOKWARE,"COOKWARE SET"
MKL,133057,"NUTZY PEANUT BUTTETR HONEY 510G  12",49.99,0,SUPERMARKET,"FOOD CUPBOARD","SPREADS AND TOPPING"
MKL,164617,"KITCHEN ORGAZINER RACK METAL 134",39.9,0,"HOUSEWARE & KITCHENWARE","STORAGE AND ORGANIZER","RACK SHELF DRAWERS ORGANIZERS"
MKL,170027,"AKAI POWER BLENDER W/MILL 3L 800W BD075A-3LS",1039,0,"ELECTRICAL APPLIANCES","COMMERCIAL APPLIANCES","COMMERCIAL BLENDER"
MKL,CL214,"BOWL ODO 400ML 14CMX4CM",1.5,0,"HOUSEWARE & KITCHENWARE",SERVEWARE,"SERVING BOWL"
MKL,112461,"CONTAINER TALL PLASTIC 5677",19.9,0,"HOUSEWARE & KITCHENWARE","STORAGE AND ORGANIZER","STORAGE CONTAINERS"
MKL,153268,"LAV STEMWARE 3PCS SET LV-MIS552A",59,0,"HOUSEWARE & KITCHENWARE",GLASSWARE,"GLASS / TUMBLER /WINE / CHAMPAGNE"
MKL,159062,"TOILET BRUSH PP M1600 RJK",39.9,0,"HOUSEWARE & KITCHENWARE","HOME HYGIENE","TOILET BRUSHES"
MKL,162012,"DOOR MAT SISAL LATEX 8MM ASSORTED 40X60CM",49.9,0,"HOME DECOR & TEXTILES","FLOOR MATS","DOOR MAT"
MKL,164131,"TOILET BRUSH WHOLDER BLACKSTORY PLASTIC 161241-010",69,0,"HOUSEWARE & KITCHENWARE","HOME HYGIENE","TOILET BRUSHES"
MKL,18448,"DEVA DISHWASHING LIQUID LEMON 400ML 24 10401",19.99,0,SUPERMARKET,"HOME AND PERSONAL CARE","HOUSEHOLD CLEANERS"
MKL,205681,"REO COLA CARBONATED SOFT DRINK  350ML 16",2.99,0,SUPERMARKET,BEVERAGES,DRINKS
MKL,93895,"AVIOS BAKING TRAY RECTANGLE 10L AVSBT1 RJK",39.9,0,"HOUSEWARE & KITCHENWARE",BAKEWARE,"BAKING TRAY"
MKL,98539,"GETTOL ANTISEPTIC LEMON 250ML  24",18.99,0,SUPERMARKET,"HOME AND PERSONAL CARE","HEALTH AND WELLNESS"
MKL,128564,"RC CAR 4CH MT535024",129,0,"TOYS AND ENTERTAINMENT","TOYS CARS TRAINS AND VEHICLES","BATTERY OPERATED REMOTE CONTROL"
MKL,197727,"DINNER SET PORCELAIN WHITE 48PCS SW048-W",399,0,"HOUSEWARE & KITCHENWARE",DINNERWARE,DINNER-SETS
MKL,77092,"DON SIMON MULTIFRUITA CAN 330ML 24",22.49,0,SUPERMARKET,BEVERAGES,JUICE
MKL,148382,"LAUNDRY BASKET WSHELF SET IRON 2TIER F10013 RJK",399,0,"HOUSEWARE & KITCHENWARE",LAUNDARY,"LAUNDARY BASKET"
MKL,155422,"GAS LIGHTER MYQ9-1821",19,0,"GAS COOKER & ACCESSORIES","GAS COOKER","GAS REGULATOR AND ACCESSORIES"
MKL,155544,"HOOK APPLE 3 X SET OF 2 PLASTIC BG-257",9.9,0,"HOUSEWARE & KITCHENWARE",LAUNDARY,HOOKS
MKL,169320,"AKAI HIFI SPEAKER 40W RECHAR W/LMIC HT028A-2614",1399,0,"ELECTRONICS & TELECOM",AUDIO,"HI-FI SPEAKER SYSTEM"
MKL,185212,"PLATE 6 CLP6 RJK",4.9,0,"HOUSEWARE & KITCHENWARE",DINNERWARE,PLATE
MKL,187168,"BREAD KNIFE 8INCHES RJK ID-A823KD0002",24.9,0,"HOUSEWARE & KITCHENWARE","KNIFE AND CHOPPING BOARD","SINGLE KNIFE"
MKL,188859,"BATHMAT 50X80CM BM-244 IVORY CP",59,0,"HOME DECOR & TEXTILES","BATH AND LAUNDRY","BATH MATS"
MKL,CL673,"JUMBO BOX WFLIP LID TRANSPARENT 18LTR 43X29X21CM",59,0,"HOUSEWARE & KITCHENWARE","STORAGE AND ORGANIZER","STORAGE CONTAINERS"
MKL,CL727,"CONTAINER KEEP FRESH ROUND 2100 ML 20CMX8.5CM",9.9,0,"HOUSEWARE & KITCHENWARE","STORAGE AND ORGANIZER","STORAGE CONTAINERS"
MKL,102507,"MOMEASY WEANING BOWL W/HEAT SENSING SPOON 45302",40.9,0,"TOYS AND ENTERTAINMENT",INFANTS,FEEDING
MKL,182106,"FARAGELLO GRAPE NECTAR TETRA PACK 1L 12 (BLUE)",24.99,0,SUPERMARKET,BEVERAGES,JUICE
MKL,193002,"CORK OPENER 2PCS SET ZHN KB718",9.9,0,"HOUSEWARE & KITCHENWARE","CUTLERY ITEMS",OPENERS
MKL,197723,"DINNER SET PORCELAIN WHITE 36PCS SW036-W",289,0,"HOUSEWARE & KITCHENWARE",DINNERWARE,DINNER-SETS
MKL,66508,"DINNER PLATE MELAMINE 12 INCHES ZHN G3800212",16.9,0,"HOUSEWARE & KITCHENWARE","MELAMINE WARE","MEL PLATE"
MKL,69993,"DOLAIT YOGHURT STRAWBERRY 500G 1",35.99,0,SUPERMARKET,"FRESH DAIRY AND EGGS",Yoghurt
MKL,138571,"PILLOW DONA BALL FIBRE",72.9,0,"HOME DECOR & TEXTILES",PILLOWS,PILLOWS
MKL,141427,"TURNER SLOTTED PEARL 13 59049",9.9,0,"HOUSEWARE & KITCHENWARE","KITCHEN TOOLS AND CULTARY","COOKING TOOL LADLES AND SERVERS"
MKL,185377,"4PCS BEDSHEET SET Q 230X250CM PRINT ASS 03-BT-1032",139,0,"HOME DECOR & TEXTILES","BED SHEET","QUEEN SIZE BEDSHEET"
MKL,65358,"MULIK CHOCOLATE MILK DRINK 500ML 18",34.99,0,SUPERMARKET,BEVERAGES,DRINKS
MKL,75021,"UNOLI HUILE SUNFLOWER OIL 5L  3",259.99,0,SUPERMARKET,"FOOD CUPBOARD","EDIBLE OILS AND GHEE"
MKL,94851,"NIVEA Q10+VITAMIN C FIRMING LOTION 400ML  12",99.99,0,SUPERMARKET,"HOME AND PERSONAL CARE","SKIN CARE"
MKL,100818,"DINNER KNIFE 6PCS 2944KN",9.9,0,"HOUSEWARE & KITCHENWARE","CUTLERY ITEMS","SPOONS FORKS KNIFE AND CUTLERY SET"
MKL,87296,"BINATONE BLENDER 1.5L 500W BLG 620/621",909,0,"ELECTRICAL APPLIANCES","FOOD PROCESSOR/BLENDER",BLENDERS
MKL,149768,"BAKING SPOON SILICONE ILB BD600KA0423 RJK",29.9,0,"HOUSEWARE & KITCHENWARE","KITCHEN TOOLS AND CULTARY",SPATULA
MKL,93300,"DZIRE STANDING FAN 18"" SF18-054",519,0,"ELECTRICAL APPLIANCES",FAN,"STANDING FAN"
MKL,95522,"CHRISTMAS DECORATION 4CM 20PCS 19H8-51",24.9,0,"HOME DECOR & TEXTILES","XMAS SEASONAL","xmas season"
MKL,99721,"SOLDIER MENTHOLATED BALM 60ML  6",15.49,0,SUPERMARKET,"HOME AND PERSONAL CARE","HEALTH AND WELLNESS"
MKL,120807,"JAMAA DETERGENT 420G  12",12.99,0,SUPERMARKET,"HOME AND PERSONAL CARE","LAUNDRY CARE"
MKL,13991,"LELE CORNED BEEF 340G 12",51.99,0,SUPERMARKET,"FOOD CUPBOARD","CANNED FOOD"
MKL,161282,"CANVAS PAINTING AFRICAN 40X40CM PC233004",55,0,"HOME DECOR & TEXTILES","HOME DECOR","WallANDTable Decor"
MKL,49002,"4PCS KNIFE SET 2937K RJK",2.9,0,"HOUSEWARE & KITCHENWARE","KNIFE AND CHOPPING BOARD","KNIFE SETS"
MKL,55861,"PHILIPS TOASTER 2 SLICE POP UP 800W HD2595",355,0,"ELECTRICAL APPLIANCES","TOASTER/TOSTER OVEN",TOASTERS
MKL,93655,"MINIMIE ATSOMO SNACK  50G   60",3.99,0,SUPERMARKET,"FOOD CUPBOARD",SAVOURIES
MKL,CL773,"CONTAINER 300ML TRANSPARENT 26CMX18CMX10CM",19.9,0,"HOUSEWARE & KITCHENWARE","STORAGE AND ORGANIZER","STORAGE CONTAINERS"
MKL,108227,"PARIDOX ALCOHOL WIPES 100SHEETS",46.99,0,SUPERMARKET,"HOME AND PERSONAL CARE",DISPOSABLE
MKL,121778,"KOTEX PANTY LINERS NORMAL 35 SHEETS  12",55.99,0,SUPERMARKET,"HOME AND PERSONAL CARE","FEMININE CARE"
MKL,141370,"WINE BUCKET W/SHAKER 750ML SET 4PCS PLAIN 52035",49.9,0,"HOUSEWARE & KITCHENWARE",KITCHENWARE,"BAR TOOLS AND ACCESSORIES"
MKL,180215,"PRINCE PERFUME FOR HIM 50ML  6",12.99,0,SUPERMARKET,"HOME AND PERSONAL CARE",FRAGRANCES
MKL,64711,"SUNRISE CREEK RED DRY WINE  11% VOL  750ML",74.99,0,SUPERMARKET,"BEVERAGES ALCOHOLIC",WINES
MKL,94240,"MADAR ZONE BLEACH 1L  12",19.99,0,SUPERMARKET,"HOME AND PERSONAL CARE","HOUSEHOLD CLEANERS"
MKL,101060,"N0 8 SPICY RINGS CHIPS 20G 60",1.69,0,SUPERMARKET,"FOOD CUPBOARD",SNACKS
MKL,23132,"ENA PA MACKEREL IN TOMATO SAUCE H/O 155G 50",11.99,0,SUPERMARKET,"FOOD CUPBOARD","CANNED FOOD"
MKL,85700,"AKAI LED LIGHT RECHARGEABLE LS013RA-1044L/LS028A",229,0,"ELECTRICAL APPLIANCES",LIGHTING/LAMPS,"TORCH/ LANTERN"
MKL,128939,"TAPE DOUBLE SIDED FOAM (24X5) 172541",39,0,STATIONERY,"PACKAGING AND MAILING","   TAPES AND DISPENSERS"
MKL,14720,"EASY MOUZOO GUAVA JUICE  GLASS BOTTLE  1L   6",32.99,0,SUPERMARKET,BEVERAGES,JUICE
MKL,158514,"FESTIVAL FROM CUVEE 0% STRAWBERRY WINE DRINK 750ML",51.99,0,SUPERMARKET,"BEVERAGES ALCOHOLIC",WINES
MKL,161587,"DZIRE CEILING FAN 36"" DARK BROWN CF 36 B-HOB",349,0,"ELECTRICAL APPLIANCES",FAN,"CEILING FAN"
MKL,201278,"BENNY ADVENTURES TALES",15.9,0,STATIONERY,"CHILDREN BOOKS AND GEN REF","BOOKS AND LEARNINGS"
MKL,78644,"CHRISTMAS DECORATION 6PCS 5CM MIX COLOR 2658",4.9,0,"HOME DECOR & TEXTILES","XMAS SEASONAL","xmas season"
MKL,103112,"KLEANZ BODY WASH STRAWBERRY 750ML  20",31.49,0,SUPERMARKET,"HOME AND PERSONAL CARE","PERSONAL WASH"
MKL,131544,"YOGA VANILLA  YOGHURT 330ML 1",19.99,0,SUPERMARKET,"FRESH DAIRY AND EGGS",Yoghurt
MKL,164548,"NERO BOVINO CARBONATED PET DRINK 350ML 20",3.19,0,SUPERMARKET,BEVERAGES,DRINKS
MKL,197525,"LUX BAR SOAP  MAGICAL ORCHID 170G 48",22.99,0,SUPERMARKET,"HOME AND PERSONAL CARE","PERSONAL WASH"
MKL,92676,"CAKE BOARD ROUND 12CM THICKNESS  30CM YWU",16.9,0,"HOUSEWARE & KITCHENWARE",BAKEWARE,MOULDS
MKL,155864,"SOAP DISPENSER GLASS C-00519",26.9,0,"HOUSEWARE & KITCHENWARE",BATHROOM,"SOAP DISH CASE DISPENSERS"
MKL,157177,"TOILET BRUSH WHOLDER ROUND PLASTIC YWU",16.9,0,"HOUSEWARE & KITCHENWARE","HOME HYGIENE","TOILET BRUSHES"
MKL,164028,"JOLLY BASKET -MEDIUM  PLASTIC 50361",16.9,0,"HOUSEWARE & KITCHENWARE","STORAGE AND ORGANIZER",BASKET
MKL,164219,"COFRUTOS ORANGE BOTTLE JUICE 1L  6",47.99,0,SUPERMARKET,BEVERAGES,JUICE
MKL,197524,"LUX BAR SOAP ROMANTIC HIBISCUS 170G 48",22.99,0,SUPERMARKET,"HOME AND PERSONAL CARE","PERSONAL WASH"
MKL,95700,"AMALFI BABY SHAM.BABY ARGAN INTENSE SHINE 750ML 16",32.99,0,SUPERMARKET,"HOME AND PERSONAL CARE","HAIR CARE"
MKL,CL701,"PLATE SQUARE SMALL 20CMX20CMX3CM",4.9,0,"HOUSEWARE & KITCHENWARE",DINNERWARE,PLATE
MKL,14810,"DEVA TROPICAL LIQUID HAND SOAP 350ML 24 10206",18.99,0,SUPERMARKET,"HOME AND PERSONAL CARE","PERSONAL WASH"
MKL,179869,"PASTELITER 4020P/2BC",12.9,0,STATIONERY,"SCHOOL AND CHILDREN STATIONERY","ART AND HOBBY SETS"
MKL,185374,"3PCS BEDSHEET SET K 270X250CM PRINT ASS 03-BT-1029",119,0,"HOME DECOR & TEXTILES","BED SHEET","KING SIZE BEDSHEET"
MKL,51995,"SOFTCARE SANITARY PAD PINK 16PCS   24",23.99,0,SUPERMARKET,"HOME AND PERSONAL CARE","FEMININE CARE"
MKL,A803,"MANDINGO BITTERS 700ML 12",59.49,0,SUPERMARKET,"BEVERAGES ALCOHOLIC",BITTERS
MKL,102516,"MOMEASY MEDICINE DISPENSER W/PLASTIC CASE 46072",36.9,0,"TOYS AND ENTERTAINMENT",INFANTS,"BABY GENERAL CARE"
MKL,120683,"DAEWOO TV BRACKET 32-55"" W/TILT DE-TVB1069",88,0,"ELECTRONICS & TELECOM","VIDEO ACCESSORIES","TV BRACKET AND ACCESSORIES"
MKL,CL672,"BASKET WITH HANDLES FIESTA 50CMX38CMX22CM",38.9,0,"HOUSEWARE & KITCHENWARE","STORAGE AND ORGANIZER",BASKET
MKL,106819,"SHINE PAPER PLATES ROUND 14CM  (25PCS)  40",15.99,0,SUPERMARKET,"HOME AND PERSONAL CARE",DISPOSABLE
MKL,117310,"CHRISTMAS TREE 2.1M 1500TIPS ELEGANT",729,0,"HOME DECOR & TEXTILES","XMAS SEASONAL","xmas season"
MKL,125259,"SAIRO FAMILY SHOWER  GEL OLIVE 750ML  12",29.99,0,SUPERMARKET,"HOME AND PERSONAL CARE","PERSONAL WASH"
MKL,139769,"MUG 330ML STRIPES CERAMIC YWU",4.9,0,"HOUSEWARE & KITCHENWARE",DINNERWARE,MUGS
MKL,145159,"SINK STATION PICNIC 3854",9.9,0,"HOUSEWARE & KITCHENWARE",KITCHENWARE,"KITCHEN ACCESSORIES"
MKL,25976,"UMBRELLA MEN-S 60CM 8TIPS",55,0,"HOME DECOR & TEXTILES","HOME DECOR",XMAS
MKL,37540,"WC NET INTENSE SOL RIM BLOCK LAV. FRESH (4PCS)  12",70.99,0,SUPERMARKET,"HOME AND PERSONAL CARE",FRESHENERS
MKL,100969,"CURTAIN POLYESTER 52X84  WHANGER DRTH194",129,0,"HOME DECOR & TEXTILES",CURTAINS,"GROMMET CURTAINS"
MKL,161579,"DZIRE CEILING FAN 56"" WHITE CF 56 W-HOB",379,0,"ELECTRICAL APPLIANCES",FAN,"CEILING FAN"
MKL,202146,"SWING BIN HIPPO WLID 50 LT GREY GREEN UP237W-212",219,0,"HOUSEWARE & KITCHENWARE","HOME HYGIENE",DUSTBINS
MKL,CL698,"KIDS BOWL WITH LID 15CMX5CM",5.9,0,"HOUSEWARE & KITCHENWARE",SERVEWARE,"SERVING BOWL"
MKL,103816,"HYSON DETOX TEA 15S 225G 24",43.99,0,SUPERMARKET,BEVERAGES,TEA
MKL,49017,"CERES CRANBERRY & KIWI JUICE 1L  12",39.49,0,SUPERMARKET,BEVERAGES,JUICE
MKL,CL603,"BASIN 15LTR 43CMX16CM",24.9,0,"HOUSEWARE & KITCHENWARE",LAUNDARY,"BUCKETS AND BASINS"
MKL,100505,"LONG MOUNTAIN NATURAL SWEET WHITE WINE 750ML 6",65.99,0,SUPERMARKET,"BEVERAGES ALCOHOLIC",WINES
MKL,100981,"CURTAIN POLYESTER 54X84  W/HANGER DR-TH336",169,0,"HOME DECOR & TEXTILES",CURTAINS,"GROMMET CURTAINS"
MKL,179159,"STEPPING BALL WITH LIGHT 3",26.9,0,"TOYS AND ENTERTAINMENT","SPORTS AND GAMES",BALLS
MKL,183435,"TUMBLER GLASS EMBOSSED 400ML 3PCS SET 3GS01 RJK",34.9,0,"HOUSEWARE & KITCHENWARE",GLASSWARE,"GLASS / TUMBLER /WINE / CHAMPAGNE"
MKL,187172,"KITCHEN TOOLS 5PCS SET NYLON RJK AG-C973BA1201",129,0,"HOUSEWARE & KITCHENWARE","KITCHEN TOOLS AND CULTARY","COOKING TOOL SET"
MKL,141423,"LADDLE PEARL 13  59047",16.9,0,"HOUSEWARE & KITCHENWARE","KITCHEN TOOLS AND CULTARY","COOKING TOOL LADLES AND SERVERS"
MKL,99666,"STYLE UP ROLL ON SPORT 50ML  6",9.99,0,SUPERMARKET,"HOME AND PERSONAL CARE",FRAGRANCES
MKL,115371,"TROLLEY WWHEEL 3LAYER RECT 49X32X68CM PP506005",149,0,"HOUSEWARE & KITCHENWARE",KITCHENWARE,"RACKS AND HOLDERS"
MKL,169358,"PLATE KIDS SWEET DREAM",16.9,0,"TOYS AND ENTERTAINMENT",INFANTS,FEEDING
MKL,179144,"KIDS SAXOPHONE TOY",89,0,"TOYS AND ENTERTAINMENT","MUSICAL KIDS INSTRUMENTS","FLUTE AND WHISTLES"
MKL,201264,"CHALLENGING CROSSWORD BOOK",25.9,0,STATIONERY,"CHILDREN BOOKS AND GEN REF","BOOKS AND LEARNINGS"
MKL,CL700,"PLATE SQUARE LARGE 27CMX27CMX3CM",6.9,0,"HOUSEWARE & KITCHENWARE",DINNERWARE,PLATE
MKL,124119,"CLEANING CLOTH MICROFIBRE 4PCS SET 1909447",59,0,"HOUSEWARE & KITCHENWARE","HOME HYGIENE","CLEANING CLOTHES"
MKL,151350,"CLOCK FOOTBALL BASKETBALL",49.9,0,"HOME DECOR & TEXTILES","HOME DECOR","WallANDTable Decor"
MKL,178552,"FLORA ALUMINIUM FOIL 25FT  24",15.99,0,SUPERMARKET,"HOME AND PERSONAL CARE",DISPOSABLE
MKL,182194,"DZIRE FRIDGE DD 85L SILVER REF-TMF-11D",2199,0,"ELECTRICAL APPLIANCES",REFRIGERATOR,"DD TMF REFRIGERATOR"
MKL,99716,"STYLE UP BODY LOTION 265ML  6",16.99,0,SUPERMARKET,"HOME AND PERSONAL CARE","SKIN CARE"
MKL,162014,"DOOR MAT COIR TUFF 16MM ASSORTED 40X70CM",99,0,"HOME DECOR & TEXTILES","FLOOR MATS","DOOR MAT"
MKL,184485,"CADDY BASKET PLASTIC HL0035CC",4.9,0,"HOUSEWARE & KITCHENWARE",BATHROOM,"BATHROOM SHELF RACKS HOLDERS"
MKL,202216,"OBA GARI SOAKINGS MIX 4 IN 1 125G  40",3.99,0,SUPERMARKET,"FOOD CUPBOARD","BREAKFAST CEREALS"
MKL,72679,"NOVA PUREZONE BLUE 2LTS  8",49.99,0,SUPERMARKET,"HOME AND PERSONAL CARE","HOUSEHOLD CLEANERS"
MKL,126211,"AIRPRO TOUCH&SPRAY A/FRSHENER PINA COLADA 36ML  6",35.99,0,SUPERMARKET,"HOME AND PERSONAL CARE",FRESHENERS
MKL,141391,"TONG UTILITY VINYL COATED 30CM 59024-A",24.9,0,"HOUSEWARE & KITCHENWARE","KITCHEN TOOLS AND CULTARY",TONGS
MKL,148383,"LAUNDRY BASKET WSHELF SET IRON 3TIER F10014 RJK",469,0,"HOUSEWARE & KITCHENWARE",LAUNDARY,"LAUNDARY BASKET"
MKL,156291,"ASEDA LOCAL WHITE RICE 5KG 5",139.99,0,SUPERMARKET,"FOOD CUPBOARD","RAW RICE"
MKL,179916,"PEACOCK THAI RICE 1KG  12",45.99,0,SUPERMARKET,"FOOD CUPBOARD","RAW RICE"
MKL,26305,"PRINGLES SALT&VINEGAR 165G  19",44.99,0,SUPERMARKET,"FOOD CUPBOARD",SNACKS
MKL,82783,"NUTRIBOM INFANT CEREAL BAG  MULTIGRAIN  200G 12",18.99,0,SUPERMARKET,"FOOD CUPBOARD","BABY FOOD"
MKL,90609,"CURTAIN ROD SINGLE 120-210 11062-210PG",119,0,"HOME DECOR & TEXTILES","CURTAIN RODS","CURTAIN RODS"
MKL,91430,"CHOP TIME SERVIETTE 29CMX29CM 100SHEETS  15",7.49,0,SUPERMARKET,"HOME AND PERSONAL CARE",DISPOSABLE
MKL,91774,"INDOMIE ONION CHICKEN BELLE FU NOODLES 280G 18",18.59,0,SUPERMARKET,"FOOD CUPBOARD","NOODLES AND SOUP"
MKL,94080,"DZIRE GAS STOVE 2B GLASS TGGP2B-G26",465,0,"GAS COOKER & ACCESSORIES","GAS COOKER","TABLE TOP GAS STOVE"
MKL,X890,"DETTOL ANTISEPTIC LIQUID 500ML   24",65.99,0,SUPERMARKET,"HOME AND PERSONAL CARE","HEALTH AND WELLNESS"
MKL,155865,"SPRAY BOTTLE OIL 245CC C-00518",19.9,0,"HOUSEWARE & KITCHENWARE","FLASK AND BOTTLES",BOTTLE
MKL,181844,"BANKU PAN WLID 20CM ALUMINUM LDS016",169,0,"HOUSEWARE & KITCHENWARE",COOKWARE,"POTS AND PAN"
MKL,67737,"MALTA GUINNESS PET 330ML  12",11.49,0,SUPERMARKET,BEVERAGES,DRINKS
MKL,94271,"DRESSING MIRROR WOOD 150X40 003",329,0,"HOME DECOR & TEXTILES","HOME DECOR","WallANDTable Decor"
MKL,03471,"COKE ZERO PET 1L  4",15.99,0,SUPERMARKET,BEVERAGES,DRINKS
MKL,09134,"TASTY TOM TOMATO PASTE 2200G 6",82.99,0,SUPERMARKET,"FOOD CUPBOARD",CONDIMENTS
MKL,194895,"COOKING TOOL 3PCS SET SILICONE ZHN ZC-3PC",22.9,0,"HOUSEWARE & KITCHENWARE","KITCHEN TOOLS AND CULTARY","COOKING TOOL SET"
MKL,65359,"MULIK STRAWBERRY MILK DRINK 500ML 18",36.99,0,SUPERMARKET,BEVERAGES,DRINKS
MKL,67505,"SHINE TOILET ROLL ULTRA SOFT 2PLY (12 PACK)  1",54.99,0,SUPERMARKET,"HOME AND PERSONAL CARE",DISPOSABLE
MKL,CL620,"FRIDGE BOTTLE 900ML ROUND 7CMX24CM",9.9,0,"HOUSEWARE & KITCHENWARE","FLASK AND BOTTLES",BOTTLE
MKL,CL695,"TIARA BOWL WLID 1000ML 18CMX16CMX7CM",12.9,0,"HOUSEWARE & KITCHENWARE",SERVEWARE,"SERVING BOWL"
MKL,107021,"CT+ SHOWER GEL 800ML 12",47.99,0,SUPERMARKET,"HOME AND PERSONAL CARE","PERSONAL WASH"
MKL,125871,"POPIZZ SPARKLING WHITE GRAPE 750ML  6",49.99,0,SUPERMARKET,"BEVERAGES ALCOHOLIC",WINES
MKL,180240,"SOLDIER (MENTHOLATED) BAR SOAP 125G  36",12.99,0,SUPERMARKET,"HOME AND PERSONAL CARE","PERSONAL WASH"
MKL,183281,"BEER GLASS 6PCS SET 405ML OHANA BW 3914 RJK",49.9,0,"HOUSEWARE & KITCHENWARE",GLASSWARE,"BEER MUGS AND BEER GLASS"
MKL,50882,"KISS CIDER PEAR  500ML  24",23.99,0,SUPERMARKET,"BEVERAGES ALCOHOLIC",CIDER
MKL,71877,"PEAK EVAPORATED FILLED GREEN MILK 160G 48",9.99,0,SUPERMARKET,"FOOD CUPBOARD","MILK AND CREAMERS"
MKL,81329,"TASTY TOM TOMATO MIX SACHET 1.05KG  12",39.49,0,SUPERMARKET,"FOOD CUPBOARD",CONDIMENTS
MKL,91202,"SAIRO BATH&SHOWER GEL VANILLA SENSATION 750M  8",50.99,0,SUPERMARKET,"HOME AND PERSONAL CARE","PERSONAL WASH"
MKL,95417,"CHRISTMAS LED LIGHT IN MULTICOLOR 9.5M 100PCS",49.9,0,"HOME DECOR & TEXTILES","XMAS SEASONAL","xmas season"
MKL,131045,"BREF WC BLOCK POWERACTIVE OCEAN DUO 10",65.99,0,SUPERMARKET,"HOME AND PERSONAL CARE",FRESHENERS
MKL,167399,"MUG 320ML CERAMIC SOLID WHITE WBC11 RJK",9.9,0,"HOUSEWARE & KITCHENWARE",DINNERWARE,MUGS
MKL,168194,"PEPSODENT TP CHARCOAL LEMON 90G  72",14.99,0,SUPERMARKET,"HOME AND PERSONAL CARE","ORAL CARE"
MKL,182126,"PLATINUM SUNFLOWER OIL 4.3L 3",179.99,0,SUPERMARKET,"FOOD CUPBOARD","EDIBLE OILS AND GHEE"
MKL,190720,"BOTTLE OPENER METAL PLASTIC BOTTLE SHAPE YWU",9.9,0,"HOUSEWARE & KITCHENWARE","CUTLERY ITEMS",OPENERS
MKL,90608,"CURTAIN ROD SINGLE 120-210 11051-210PC",119,0,"HOME DECOR & TEXTILES","CURTAIN RODS","CURTAIN RODS"
MKL,92104,"DISH RACK S SHAPE 2LAYER METAL HSWJTS2201 YWU",125,0,"HOUSEWARE & KITCHENWARE",KITCHENWARE,"DISH RACKS"
MKL,CL710,"TAKE AWAY CONTAINER 1000ML 19.5CMX13.2CMX7.5CM",3.5,0,"HOUSEWARE & KITCHENWARE",DISPOSABLES,"DISPOSABLE CONTAINERS"
MKL,I007,"LINOLEUM PVC FOAM THCK 1.2MM X 70"" X 30YDS BC",26.9,0,"HOME DECOR & TEXTILES","LINOLEUM CARPETS","LINOLEUM CARPET"
MKL,112506,"HANGER SET 10PCS 405CM PLASTIC LMS207 RJK",39.9,0,"HOUSEWARE & KITCHENWARE",LAUNDARY,"CLOTH HANGERS"
MKL,175391,"MUNCHEE BANANA CRUNCH BISCUIT 26G  72",1.39,0,SUPERMARKET,"FOOD CUPBOARD",BISCUITS
MKL,186039,"GLASS JUG WCUP 7PCS SET 1680165ML 19127DDE RJK",149,0,"HOUSEWARE & KITCHENWARE","STORAGE AND ORGANIZER","STORAGE CONTAINERS"
MKL,187186,"BAKING TOOL 3PCS SET SILICONE RJK PP-D600KA1113",44.9,0,"HOUSEWARE & KITCHENWARE",BAKEWARE,"BAKING TOOLS AND ACCESSORIES"
MKL,30938,"CINDY VIETNAM RICE 5KG 5",94.99,0,SUPERMARKET,"FOOD CUPBOARD","RAW RICE"
MKL,66922,"PINHO BRIL LEMON FLOWERS DISINFECTANT 1L  12",32.99,0,SUPERMARKET,"HOME AND PERSONAL CARE","HOUSEHOLD CLEANERS"
MKL,98541,"GETTOL ANTISEPTIC LEMON 500ML  24",33.99,0,SUPERMARKET,"HOME AND PERSONAL CARE","HEALTH AND WELLNESS"
MKL,118157,"TUB BASIN 95LTR PLASTIC 02020400",29.9,0,"HOUSEWARE & KITCHENWARE",LAUNDARY,"BUCKETS AND BASINS"
MKL,184373,"NERO EXOTICA DRINK 350ML  12",6.19,0,SUPERMARKET,BEVERAGES,DRINKS
MKL,184486,"LAUNDRY BASKET PLASTIC HL0042C  36",9.9,0,"HOUSEWARE & KITCHENWARE",LAUNDARY,"LAUNDARY BASKET"
MKL,190163,"TCL QLED TV 50"" SMART 2K 50S5K",5199,0,"ELECTRONICS & TELECOM","LED TV",OLED/QLED
MKL,32827,"BANETTI VERMICELLI 500G  20",14.99,0,SUPERMARKET,"FOOD CUPBOARD","NOODLES AND SOUP"
MKL,36782,"COLGATE MAX FRESH TOOTHPASTE 130ML 72",27.99,0,SUPERMARKET,"HOME AND PERSONAL CARE","ORAL CARE"
MKL,43843,"STYLE UP HAIR GEL 80ML  6",26.99,0,SUPERMARKET,"HOME AND PERSONAL CARE","HAIR CARE"
MKL,104962,"ROMAR WASHING GEL COLOR CLOTHE 3L  4",136.99,0,SUPERMARKET,"HOME AND PERSONAL CARE","LAUNDRY CARE"
MKL,121457,"OBA SUNFLOWER OIL 5L X 4",244.99,0,SUPERMARKET,"FOOD CUPBOARD","EDIBLE OILS AND GHEE"
MKL,14504,"TENDO / TANGO WRAPPED T/ROLL 1 X 10 X 7",34.99,0,SUPERMARKET,"HOME AND PERSONAL CARE",FRESHENERS
MKL,157218,"KONKORD IODIZED SALT 300G 12",5.99,0,SUPERMARKET,"FOOD CUPBOARD","SALT  SUGAR AND JAGGERY"
MKL,159061,"TOILET BRUSH PP M1590 RJK",39.9,0,"HOUSEWARE & KITCHENWARE","HOME HYGIENE","TOILET BRUSHES"
MKL,179073,"JIGSAW PUZZLE CARTOONS 4 IN 1 SET 3+ YRS OPP YW",46.99,0,"TOYS AND ENTERTAINMENT","BOARD GAMES AND PUZZLES","KIDS PUZZLES"
MKL,22624,"CRATE FOR CLUB LAGER MINI 330ML 21699",18.99,0,SUPERMARKET,"BEVERAGES ALCOHOLIC","BOTTLE BEER"
MKL,76084,"TOP CHOCO CHOCOLATE SPREAD 500G  12",44.99,0,SUPERMARKET,"FOOD CUPBOARD","SPREADS AND TOPPING"
MKL,87297,"BINATONE SANDWICH MAKER 2 SLICE ST-801",445,0,"ELECTRICAL APPLIANCES","SANDWICH MAKER","2 SLICE SANDWICH MAKER"
MKL,150650,"FROSTY BITE FANTASY SALTED CARAMEL 90G",19.49,0,SUPERMARKET,"FROZEN FOOD",ICE-CREAM
MKL,176032,"BROOM WSTICK TURTLE GBB24",19.9,0,"HOUSEWARE & KITCHENWARE","HOME HYGIENE","BROOM BRUSHES DUSTPANS"
MKL,177947,"FAIRY TALE UNCLE MOON BOOK SERIES 16PGS 22X28CM",8.9,0,STATIONERY,"CHILDREN BOOKS AND GEN REF","BOOKS AND LEARNINGS"
MKL,194699,"SERVIND BOWL W/LID 1000ML GLASS RB-058",29.9,0,"HOUSEWARE & KITCHENWARE",GLASSWARE,"CASSEROLES AND BOWLS WITH LID"
MKL,32786,"EASY MOUZOO MANGO TETRAPACK 200ML 27",5.49,0,SUPERMARKET,BEVERAGES,JUICE
MKL,CL685,"ROYAL CASSEROLE PLASTIC 1000ML 22CMX19CMX12CM",19.9,0,"HOUSEWARE & KITCHENWARE",SERVEWARE,CASSEROLES
MKL,111380,"BIBLE STORY OLD TESTAMENT BOOK W12TITLE ED774",12.9,0,STATIONERY,"CHILDREN BOOKS AND GEN REF","BOOKS AND LEARNINGS"
MKL,117194,"DOMS COLOUR PENCIL SET 12PCS FULL SIZE 3445",19.9,0,STATIONERY,"SCHOOL AND CHILDREN STATIONERY","ART AND HOBBY SETS"
MKL,183276,"WHISKEY 6PCS SET 475ML TUSCANY BW 8217 RJK",49.9,0,"HOUSEWARE & KITCHENWARE",GLASSWARE,"GLASS / TUMBLER /WINE / CHAMPAGNE"
MKL,193042,"PEELER 6PCS SET ZHN KB1688",12.9,0,"HOUSEWARE & KITCHENWARE","KNIFE AND CHOPPING BOARD","VEG AND FRUIT PEELERS"
MKL,26353,"SAIRO OATS HAND WASH 500ML 12",24.99,0,SUPERMARKET,"HOME AND PERSONAL CARE","PERSONAL WASH"
MKL,70477,"BINATONE STANDING FAN 20"" TS2020/TS2020MK2",1489,0,"ELECTRICAL APPLIANCES",FAN,"STANDING FAN"
MKL,CL742,"OHEMA CASSEROLE 1000ML 23CMX18CMX14CM",18.9,0,"HOUSEWARE & KITCHENWARE",SERVEWARE,CASSEROLES
MKL,104192,"SALAD SPINNER 5LT M-123",19.9,0,"HOUSEWARE & KITCHENWARE","KITCHEN TOOLS AND CULTARY",COLANDERS
MKL,178584,"MASON JAR WSTRAW 450ML GLASS FOOTBALL YWU",9.9,0,"HOUSEWARE & KITCHENWARE","FLASK AND BOTTLES","GLASS BOTTLE"
MKL,183278,"TUMBLER 6PCS SET 560ML PINOT BW 18020 RJK",69,0,"HOUSEWARE & KITCHENWARE",GLASSWARE,"GLASS / TUMBLER /WINE / CHAMPAGNE"
MKL,56679,"CAMEL ANTISEPTIC LIME FRESH  1L  12",109.99,0,SUPERMARKET,"HOME AND PERSONAL CARE","HEALTH AND WELLNESS"
MKL,N114,"GILLETTE BLUE 2 PLUS TWIN BLADE (5PC IN POUCH)  24",42.99,0,SUPERMARKET,"HOME AND PERSONAL CARE","MENS GROOMING"
MKL,110142,"CAN OPENER PLASTIC 26320182204 YWU",2.9,0,"HOUSEWARE & KITCHENWARE","CUTLERY ITEMS",OPENERS
MKL,129120,"SCISSOR KITCHEN LX19016 YWU",9.9,0,"HOUSEWARE & KITCHENWARE","KNIFE AND CHOPPING BOARD",SCISSORS
MKL,179802,"BIG KAT CHOCOLATE WAFERS 15G 30",1.99,0,SUPERMARKET,"FOOD CUPBOARD",BISCUITS
MKL,84513,"CHRISTMAS DECORATION 9PCS",7.9,0,"HOME DECOR & TEXTILES","XMAS SEASONAL","xmas season"
MKL,95405,"FANTA COCKTAIL PET 300ML 12",6.49,0,SUPERMARKET,BEVERAGES,DRINKS
MKL,102312,"PEAK MILK POWDER GREEN SACHET (10 *12) 20G  12",26.99,0,SUPERMARKET,"FOOD CUPBOARD","MILK AND CREAMERS"
MKL,115429,"MRS BECTORS WHEELEZZ MILK SHORT CAKE 40G  72",2.49,0,SUPERMARKET,"FOOD CUPBOARD",BISCUITS
MKL,19817,"ENERGIZER BATTERY ALKALINE AA MAX-42 1X12 BP42",77.9,0,"ELECTRICAL APPLIANCES",BATTERIES,BATTERY
MKL,200295,"H&H BLACK TEA ( 27 * 2G ) 54G  24",14.99,0,SUPERMARKET,BEVERAGES,TEA
MKL,23627,"CONDOR PEAK ROSE WINE 750ML  12",79.99,0,SUPERMARKET,"BEVERAGES ALCOHOLIC",WINES
MKL,N308,"CAMEL STANDARD LIQUID 250ML 24",29.99,0,SUPERMARKET,"HOME AND PERSONAL CARE","HEALTH AND WELLNESS"
MKL,102950,"FRES LIQUID SOAP ALOEVERA 350ML  24",17.99,0,SUPERMARKET,"HOME AND PERSONAL CARE","PERSONAL WASH"
MKL,150603,"KISS PANACHE RASPERRY CITRUS 0.5% BEER 330ML 24",11.59,0,SUPERMARKET,"BEVERAGES ALCOHOLIC","CAN BEER"
MKL,164611,"SHOWER RACK HANGING METAL 2 TIER ORSA 173",99,0,"HOUSEWARE & KITCHENWARE",BATHROOM,"BATHROOM SHELF RACKS HOLDERS"
MKL,76902,"UNOLI MAYONNAISE 500ML  12",44.99,0,SUPERMARKET,"FOOD CUPBOARD","SPREADS AND TOPPING"
MKL,18344,"LONG MOUNTAIN MERLOT  RED WINE 75CL 6",69.99,0,SUPERMARKET,"BEVERAGES ALCOHOLIC",WINES
MKL,184614,"SOUP PLATE 8INCH CERAMIC STKLT SK13 RJK",9.9,0,"HOUSEWARE & KITCHENWARE",DINNERWARE,PLATE
MKL,197992,"MCBERRY CHEESE BALLS 15G  72",1.19,0,SUPERMARKET,"FOOD CUPBOARD",BISCUITS
MKL,89621,"JACQUARD PANEL VELVET CURTAIN  PA-2101",179,0,"HOME DECOR & TEXTILES",CURTAINS,"GROMMET CURTAINS"
MKL,91213,"SAIRO BATH&SHOWER GEL ARGAN NATURAL OILS 750ML  8",50.99,0,SUPERMARKET,"HOME AND PERSONAL CARE","PERSONAL WASH"
MKL,CL576,"STACK FOOD CONTAINER 500ML 16.2CMX13CMX8CM",8.9,0,"HOUSEWARE & KITCHENWARE","STORAGE AND ORGANIZER","STORAGE CONTAINERS"
MKL,X469,"ANNAPURNA SALT 450G 50-13620002",6.49,0,SUPERMARKET,"FOOD CUPBOARD","SALT  SUGAR AND JAGGERY"
MKL,104343,"NON WOVEN STORAGE RACK W/DRAWER  84X30X60CM",279,0,FURNITURE,"CHEST OF DRAWERS",COD
MKL,113786,"MC BERRY LONDON SHORTBREAD BISCUIT 80G 36",6.29,0,SUPERMARKET,"FOOD CUPBOARD",BISCUITS
MKL,152684,"DINING SET 1+4 MAMAROX DTGJ-C223/DCGJ-A216",2790,0,FURNITURE,"DINING SETS","4 SEATER SET"
MKL,62668,"ROBB LEMON MENTHOL SWEETS  (30PCS)  110G  24",11.49,0,SUPERMARKET,"FOOD CUPBOARD",CONFECTIONERY
MKL,77655,"PARIDOX AFRICAN  BLACK SOAP HONEY BATG GEL500G  20",43.99,0,SUPERMARKET,"HOME AND PERSONAL CARE","PERSONAL WASH"
MKL,109732,"SIEVE RIM 200X200X70MM SS SSV010 RJK",14.9,0,"HOUSEWARE & KITCHENWARE",KITCHENWARE,"KITCHEN ACCESSORIES"
MKL,117242,"DOMS REFILO PERMANENT MARKER PEN 12PCS BLACK 7414",79,0,STATIONERY,"GENERAL STATIONERY","   WRITING SUPPLIES"
MKL,118595,"PALMOLIVE SHOWER GEL COCONUT MILK 500ML  12",41.99,0,SUPERMARKET,"HOME AND PERSONAL CARE","PERSONAL WASH"
MKL,150314,"CURTAIN W/8 GROMENTS BURGUNDY 54X90"" BP033",159,0,"HOME DECOR & TEXTILES",CURTAINS,"GROMMET CURTAINS"
MKL,159753,"PENCIL CASE WITH ZIPPER",9.9,0,STATIONERY,"GENERAL STATIONERY","   WRITING SUPPLIES"
MKL,193038,"PEELER 6PCS SET ZHN HD-126",22.9,0,"HOUSEWARE & KITCHENWARE","KNIFE AND CHOPPING BOARD","VEG AND FRUIT PEELERS"
MKL,203950,"CERES NECTAR MANGO MANIA JUICE 1L 12",28.49,0,SUPERMARKET,BEVERAGES,JUICE
MKL,60121,"COOKWARE 10PCS SET PALU CROWNSTAR MC303AL RJK",1299,0,"HOUSEWARE & KITCHENWARE",KITCHENWARE,"ALUMINIUM COOKWARE"
MKL,00521,"AKAI AVR 2KVA AVR003A - 2000VA",779,0,"ELECTRICAL APPLIANCES",ELECTRICALS,AVR/AVS
MKL,98528,"PLATINUM SUNFLOWER OIL (TU.) 5L  4",239.99,0,SUPERMARKET,"FOOD CUPBOARD","EDIBLE OILS AND GHEE"
MKL,CL574,"CONTAINER FANCY 2PCS SET 1500ML2500 ML",22.9,0,"HOUSEWARE & KITCHENWARE","STORAGE AND ORGANIZER","STORAGE CONTAINERS"
MKL,126225,"AIRPRO AIRFRSHNER DUAL SCENT LEMON/STRAW. 30ML  6",34.99,0,SUPERMARKET,"HOME AND PERSONAL CARE",FRESHENERS
MKL,129612,"OPENER CHEF DESIGN YWU",4.9,0,"HOUSEWARE & KITCHENWARE","CUTLERY ITEMS",OPENERS
MKL,190690,"LAUNDRY BASKET 40X30X55CM ASSORTED MYQ9 -1921",99,0,"HOUSEWARE & KITCHENWARE",LAUNDARY,"LAUNDARY BASKET"
MKL,64717,"PARLE RIK RAK STRAWBERRY FILLED WAFER 18G 72",1.09,0,SUPERMARKET,"FOOD CUPBOARD",BISCUITS
MKL,67792,"IRISH SPRING ICY BLAST SOAP 106.3G (18X3PACK)  18",53.99,0,SUPERMARKET,"HOME AND PERSONAL CARE","PERSONAL WASH"
MKL,95661,"AMALFI  HAND SOAP  LOVE 500ML  12",25.99,0,SUPERMARKET,"HOME AND PERSONAL CARE","PERSONAL WASH"
MKL,137497,"BUMBLE BABY WET WIPES BABY SCENTED 72PCS   12",22.99,0,SUPERMARKET,"HOME AND PERSONAL CARE","INFANT AND BABY CARE"
MKL,174324,"BRAINVITA MULTICOLOUR",37.9,0,"TOYS AND ENTERTAINMENT","BOARD GAMES AND PUZZLES","KIDS PUZZLES"
MKL,14821,"DEVA SOFTENER FLORAL 1000ML 12 10501",43.49,0,SUPERMARKET,"HOME AND PERSONAL CARE","HOUSEHOLD CLEANERS"
MKL,161278,"BELPAK LOVE NAPKIN   15",5.99,0,SUPERMARKET,"HOME AND PERSONAL CARE",DISPOSABLE
MKL,94959,"DR MIGHTY WC POWER BALLS BELLFLOWER  5 IN 1 24",24.99,0,SUPERMARKET,"HOME AND PERSONAL CARE",FRESHENERS
MKL,97350,"SAIKIRPA NAPHTHALENE BALLS JUMBO COLOURED 300G  60",23.99,0,SUPERMARKET,"HOME AND PERSONAL CARE","INSECTICIDES AND RODENT CONTROL"
MKL,H0550,"L-ARTISAN MAPLE PECAN COOKIES",29.99,0,SUPERMARKET,BAKERY,COOKIES
MKL,168972,"TIME WAFER MASTER GOFRETTE VANILLA 20G  288",2.99,0,SUPERMARKET,"FOOD CUPBOARD",BISCUITS
MKL,182097,"FARAGELLO GOLD ORANGE NECTAR TETRAPACK 1L 12",31.99,0,SUPERMARKET,BEVERAGES,JUICE
MKL,06571,"MEANNAN GROUNDED GINGER 200G 12",41.49,0,SUPERMARKET,"FOOD CUPBOARD","SPICES AND HERBS"
MKL,130501,"TOREN WAFERS CARRE HAZELNUT CREAM WAFER 125G 24",22.99,0,SUPERMARKET,"FOOD CUPBOARD",BISCUITS
MKL,67999,"EVP COFFEE CUP CLEAR 80CC SINGLE LAYER (20X100) 20",13.49,0,SUPERMARKET,"HOME AND PERSONAL CARE",DISPOSABLE
MKL,CL619,"FRIDGE BOTTLE 900ML SQUARE 7CMX24CM",9.9,0,"HOUSEWARE & KITCHENWARE","FLASK AND BOTTLES",BOTTLE
MKL,CL763,"CRISPER CONTAINER 4PCS SET 2000 3750 6000 9000ML",69,0,"HOUSEWARE & KITCHENWARE","STORAGE AND ORGANIZER","STORAGE CONTAINERS"
MKL,103892,"BLING BLEACH 5L  4",79.99,0,SUPERMARKET,"HOME AND PERSONAL CARE","HOUSEHOLD CLEANERS"
MKL,122312,"SENAC SPARKLING ORANGE DRINK  375ML 12",29.99,0,SUPERMARKET,"BEVERAGES ALCOHOLIC",WINES
MKL,135887,"FABER CASTELL TEXTLINER GREEN HIGHLIGHTER 154863",6.99,0,STATIONERY,"GENERAL STATIONERY","   WRITING SUPPLIES"
MKL,141401,"TONG SPAGHETTI ROUND END 8  19003-K",12.9,0,"HOUSEWARE & KITCHENWARE","KITCHEN TOOLS AND CULTARY",TONGS
MKL,14722,"EASY MOUZOO MANGO JUICE GLASS BOTTLE 250ML 24",10.99,0,SUPERMARKET,BEVERAGES,JUICE
MKL,69757,"LELE MINT FLAVOURED TEA (25X37.5G)  12",17.99,0,SUPERMARKET,BEVERAGES,"FLAVOURED TEA"
MKL,88239,"BINATONE BLENDER 1.5L 350W WHITE BLG 450 MK2",669,0,"ELECTRICAL APPLIANCES","FOOD PROCESSOR/BLENDER",BLENDERS
MKL,95110,"FRUTAIL COCKTAIL JUICE 1L  12",34.99,0,SUPERMARKET,BEVERAGES,JUICE
MKL,99566,"COMFORTER QUEEN JACQUARD 6PCS SET HG1155Q",549,0,"HOME DECOR & TEXTILES","BLANKETS QUILTS COMFORTERS AND BEDCOVERS",COMFORTERS
MKL,CL716,"SPICE CONTAINER 3PCS SET 400ML 600ML 750ML",16.9,0,"HOUSEWARE & KITCHENWARE","STORAGE AND ORGANIZER","STORAGE CONTAINERS"
MKL,125359,"ROMAR FABRIC SOFTENER TALC 750ML  15",36.99,0,SUPERMARKET,"HOME AND PERSONAL CARE","LAUNDRY CARE"
MKL,14724,"EASY MOUZOO COCKTAIL JUICE GLASS BOTTLE 250ML 24",10.99,0,SUPERMARKET,BEVERAGES,JUICE
MKL,183264,"BEER MUG 4PCS SET 575ML HANNOVER PJ 14220 RJK",79,0,"HOUSEWARE & KITCHENWARE",GLASSWARE,"BEER MUGS AND BEER GLASS"
MKL,184294,"LG LED TV 65 SAT SMART UHD 4K 65UT73006LA",15999,0,"ELECTRONICS & TELECOM","LED TV","SMART TV"
MKL,184390,"CLOTHES HANGER 3PCS SET 44CM WOODEN M2302 YWU",29.9,0,"HOUSEWARE & KITCHENWARE",LAUNDARY,"CLOTH HANGERS"
MKL,184460,"CONTAINER 3PCS SET RND PTD 123L PLASTIC HL70001TCP",29.9,0,"HOUSEWARE & KITCHENWARE","STORAGE AND ORGANIZER","STORAGE CONTAINERS"
MKL,113725,"SERVING BOWL MELAMINE 11 INCHES FEILU 5011",19.9,0,"HOUSEWARE & KITCHENWARE","MELAMINE WARE","MEL BOWL/BOWL+COVER"
MKL,14721,"EASY MOUZOO COCKTAIL JUICE GLASS BOTTLE  1L  6",32.99,0,SUPERMARKET,BEVERAGES,JUICE
MKL,152683,"DINING SET 1+4 DARK GREY EMMA DTGJ-C240/DCGJ-834",2090,0,FURNITURE,"DINING SETS","4 SEATER SET"
MKL,97663,"MJ-S MAYONNAISE ORIGINAL  473ML  12",38.99,0,SUPERMARKET,"FOOD CUPBOARD","SPREADS AND TOPPING"
MKL,CL246,"PLATE ENAMBA PRINTED 21CMX3CM",2.9,0,"HOUSEWARE & KITCHENWARE",DINNERWARE,PLATE
MKL,121456,"OBA SUNFLOWER OIL 900 ML  12",47.99,0,SUPERMARKET,"FOOD CUPBOARD","EDIBLE OILS AND GHEE"
MKL,175865,"ALTAR NON ALCOHOLIC COMMUNION  WINE 1L 12",43.49,0,SUPERMARKET,BEVERAGES,JUICE
MKL,21077,"HANGER SET 05PCS WOODEN ANTISHIP  L6611N RJK",59,0,"HOUSEWARE & KITCHENWARE",LAUNDARY,"CLOTH HANGERS"
MKL,48384,"5 STAR VANDA COOL DRINK 350ML  16",2.89,0,SUPERMARKET,BEVERAGES,DRINKS
MKL,195596,"FOOD COVER METAL  6050-35",19.9,0,"HOUSEWARE & KITCHENWARE",KITCHENWARE,"KITCHEN ACCESSORIES"
MKL,196679,"CERES PINEAPPLE 500ML 10",23.99,0,SUPERMARKET,BEVERAGES,JUICE
MKL,32593,"NIVEA BODY LOTION PERFECT & RADIANT  400ML 12",81.99,0,SUPERMARKET,"HOME AND PERSONAL CARE","SKIN CARE"
MKL,49728,"FA  ROLL-ON CARRIBEAN LEMON 50ML  24",23.49,0,SUPERMARKET,"HOME AND PERSONAL CARE",FRAGRANCES
MKL,99558,"FANTA STRAWBERRY PET 300ML 12",6.49,0,SUPERMARKET,BEVERAGES,DRINKS
MKL,116479,"NANA MILK PLAIN YOGHURT 1KG  1",39.99,0,SUPERMARKET,"FRESH DAIRY AND EGGS",Yoghurt
MKL,124710,"AYIKOO THE FAT ONE PAPER TOWEL 1X6",41.99,0,SUPERMARKET,"HOME AND PERSONAL CARE",DISPOSABLE
MKL,19418,"LELE SUNFLOWER OIL 5L 3",209.99,0,SUPERMARKET,"FOOD CUPBOARD","EDIBLE OILS AND GHEE"
MKL,49726,"FA ROLL-ON PINK PASSION 50ML  24",23.99,0,SUPERMARKET,"HOME AND PERSONAL CARE",FRAGRANCES
MKL,87300,"BINATONE BLENDER 1.5L WSTIR STICK 350W BLK BLG 403",659,0,"ELECTRICAL APPLIANCES","FOOD PROCESSOR/BLENDER",BLENDERS
MKL,115154,"CHATEAUX SANGRIA FORTE 500ML 24",19.99,0,SUPERMARKET,"BEVERAGES ALCOHOLIC",WINES
MKL,206551,"CAMPA GOLD BOOST ENERGY DRINK 250ML 24",9.99,0,SUPERMARKET,BEVERAGES,DRINKS
MKL,54456,"SERVING BOWL MELAMINE 9 INCHES ZHN C04795",16.9,0,"HOUSEWARE & KITCHENWARE","MELAMINE WARE","MEL BOWL/BOWL+COVER"
MKL,64713,"CASTILLO  DE LANDA  SHIRAZ WINE 12% VOL 750ML",69.99,0,SUPERMARKET,"BEVERAGES ALCOHOLIC",WINES
MKL,94237,"MADAR DETERGENT BAR BLUE 115G  48",4.49,0,SUPERMARKET,"HOME AND PERSONAL CARE","LAUNDRY CARE"
MKL,03645,"LACTASOY PLAIN SOYA MILK 1L 12",41.99,0,SUPERMARKET,"FOOD CUPBOARD","MILK AND CREAMERS"
MKL,101444,"WHITE BLUE PREMIUM WHISKY WITH CANISTER 750ML 12",96.99,0,SUPERMARKET,"BEVERAGES ALCOHOLIC",WHISKEY
MKL,114753,"FRICTION JEEP TOY 120 BLACK MT489936",95,0,"TOYS AND ENTERTAINMENT","TOYS CARS TRAINS AND VEHICLES","FRICTION TOYS"
MKL,124247,"MOP COTTON HEAD  METAL HANDLE RED HIELX01 RJK",48.9,0,"HOUSEWARE & KITCHENWARE","HOME HYGIENE","MOPPING AND WIPING"
MKL,144851,"CONTAINER CROMA BIG W LID P  8459",9.9,0,"HOUSEWARE & KITCHENWARE","STORAGE AND ORGANIZER","STORAGE CONTAINERS"
MKL,152269,"PERK CHOCO SHORTCAKE 38G 48",2.39,0,SUPERMARKET,"FOOD CUPBOARD",BISCUITS
MKL,19385,"RAID MULTI PURPOSE INSECT KILLER 500ML 12",59.99,0,SUPERMARKET,"HOME AND PERSONAL CARE","INSECTICIDES AND RODENT CONTROL"
MKL,19818,"ENERGIZER BATTERY ALKALINE AAA MAX-AAA BP2-1X20PK",37.9,0,"ELECTRICAL APPLIANCES",BATTERIES,BATTERY
MKL,49250,"DEVA HAND SOAP STRAWBERRY 2.5L  6",67.99,0,SUPERMARKET,"HOME AND PERSONAL CARE","PERSONAL WASH"
MKL,85347,"RIOS DE CHILE SAUVIGNON BLANC WINE 13.5% VOL 750ML",89.99,0,SUPERMARKET,"BEVERAGES ALCOHOLIC",WINES
MKL,99662,"STYLE UP ROLL ON SENSITIVE 50ML  6",9.99,0,SUPERMARKET,"HOME AND PERSONAL CARE",FRAGRANCES
MKL,102967,"BELAIR AIR FRESHENER TEXTILE 150ML  36",11.99,0,SUPERMARKET,"HOME AND PERSONAL CARE",FRESHENERS
MKL,118287,"FARAGELLO GOLD GRAPE NECTAR BOTTLE 250ML  24",11.99,0,SUPERMARKET,BEVERAGES,JUICE
MKL,131392,"LISTERINE TOTAL CARE MOUTHWASH 250ML  6",49.99,0,SUPERMARKET,"HOME AND PERSONAL CARE","ORAL CARE"
MKL,168552,"MCBERRY TIGER NUT BISCUITS 30G  72",1.39,0,SUPERMARKET,"FOOD CUPBOARD",BISCUITS
MKL,183608,"CERAMIC DINNER PLATE FLW10INCHFLW11INCH RJK",19.9,0,"HOUSEWARE & KITCHENWARE",DINNERWARE,PLATE
MKL,200317,"H&H BEEF LUNCHEON MEAT 340G  24",43.99,0,SUPERMARKET,"FOOD CUPBOARD","CANNED FOOD"
MKL,72788,"HEAVEN MOSQUITO COILS 60 PACKETS",19.99,0,SUPERMARKET,"HOME AND PERSONAL CARE","INSECTICIDES AND RODENT CONTROL"
MKL,95107,"FRUTAIL ORANGE JUICE 1L  12",36.99,0,SUPERMARKET,BEVERAGES,JUICE
MKL,149454,"LAV TUMBLER 3PCS SET LVGAI365A",34.9,0,"HOUSEWARE & KITCHENWARE",GLASSWARE,"GLASS / TUMBLER /WINE / CHAMPAGNE"
MKL,149500,"CAN OPENER SOFTGRIP SSTEEL BLACK BRKG001 YWU",59,0,"HOUSEWARE & KITCHENWARE","CUTLERY ITEMS",OPENERS
MKL,195595,"FOOD COVER METAL  6050-30",14.9,0,"HOUSEWARE & KITCHENWARE",KITCHENWARE,"KITCHEN ACCESSORIES"
MKL,96815,"NO 8 CHOCOLATE SNACK 30G  72",.69,0,SUPERMARKET,"FOOD CUPBOARD",SNACKS
MKL,134328,"FRESHDAYS LONG SCENTED 24 X 12",34.99,0,SUPERMARKET,"HOME AND PERSONAL CARE","FEMININE CARE"
MKL,161901,"BOWL W/RING LID MEDIUM 250ML PLASTIC L-00881",9.9,0,"HOUSEWARE & KITCHENWARE","STORAGE AND ORGANIZER","STORAGE CONTAINERS"
MKL,58151,"TOP CHOCO PURE COCOA POWDER 400G  6",99.99,0,SUPERMARKET,BEVERAGES,COFFEE
MKL,89270,"TRAY 38X24CM BLACK PLASTIC JB08 YWU",16.9,0,"HOUSEWARE & KITCHENWARE",SERVEWARE,"SERVING TRAYS"
MKL,148441,"BOWL 5INCHES CERAMIC GGK YWU",26.9,0,"HOUSEWARE & KITCHENWARE",DINNERWARE,BOWLS
MKL,179733,"AKAI RICE COOKER 1.8L 700W CK023A-1.8LS",439,0,"ELECTRICAL APPLIANCES","RICE/ MULTI COOKER","POT TYPE RICE COOKER"
MKL,197976,"MCBERRY BUTTER FINGERS BISCUITS 26G  72",1.09,0,SUPERMARKET,"FOOD CUPBOARD",BISCUITS
MKL,85602,"DISH CLOTH 2 PCS SET DC 599",19.9,0,"HOME DECOR & TEXTILES","DISH CLOTHS AND NAPKINS","KITCHEN NAPKIN AND TOWELS"
MKL,101954,"BASKET LAUNDRY W/MAT DESIGN PLAST JULIET 1421WL-PB",149,0,"HOUSEWARE & KITCHENWARE",LAUNDARY,"LAUNDRY BASKET/ITEMS"
MKL,106821,"SHINE PAPER PLATE RECTANGULAR 18 X14CM (25PCS)  20",19.99,0,SUPERMARKET,"HOME AND PERSONAL CARE",DISPOSABLE
MKL,163641,"KISS BLUE SPARKLING DRINK 750ML  6",42.99,0,SUPERMARKET,"BEVERAGES ALCOHOLIC",WINES
MKL,179253,"ENVELOPE A3 50PCS 32.4X40.05CM BROWN YW",99,0,STATIONERY,"PACKAGING AND MAILING","   ENVELOPES"
MKL,87990,"JUVER SELECCION PEACH BOTTLE JUICE  850ML  12",42.49,0,SUPERMARKET,BEVERAGES,JUICE
MKL,CL622,"FRIDGE BOTTLE 650ML ROUND 7CMX18CM",8.9,0,"HOUSEWARE & KITCHENWARE","FLASK AND BOTTLES",BOTTLE
MKL,CL625,"PET JAR SQUARE 1500ML 11CMX11CMX16CM",4.9,0,"HOUSEWARE & KITCHENWARE","STORAGE AND ORGANIZER","STORAGE CONTAINERS"
MKL,110744,"SANITA CLUB TRASH BAGS 70GALLONSX10   10",59.99,0,SUPERMARKET,"HOME AND PERSONAL CARE",DISPOSABLE
MKL,160055,"CANISTER SQUARE 15LT GLASS SSPD 143015500/000",34.9,0,"HOUSEWARE & KITCHENWARE",GLASSWARE,"CANISTERS AND JARS"
MKL,63513,"MEDISOFT DEODORANT PREMIUM SOAP WHITE 175G  48",18.99,0,SUPERMARKET,"HOME AND PERSONAL CARE","PERSONAL WASH"
MKL,103005,"STARS BODY MIST WHITE 90ML  48",13.49,0,SUPERMARKET,"HOME AND PERSONAL CARE",FRAGRANCES
MKL,141389,"SHAKER COCKTAIL RECIPE 600ML 13001-R",49.9,0,"HOUSEWARE & KITCHENWARE",KITCHENWARE,"BAR TOOLS AND ACCESSORIES"
MKL,87966,"AKAI TOASTER 2 SLICE 700W TO024A-1101",229,0,"ELECTRICAL APPLIANCES","TOASTER/TOSTER OVEN",TOASTERS
MKL,145179,"SINK DRAINER ADJUSTABLE EXTENDABLE PICNIC 3146",9.9,0,"HOUSEWARE & KITCHENWARE",KITCHENWARE,"KITCHEN ACCESSORIES"
MKL,163893,"FRIDGE BOTTLE 1500 ML PLASTIC SEA BLUE DELUXE 2621",9.9,0,"HOUSEWARE & KITCHENWARE","FLASK AND BOTTLES",BOTTLE
MKL,119478,"WESTINGHOUSE DISH RACK WCKM0086",129,0,"HOUSEWARE & KITCHENWARE",KITCHENWARE,"DISH RACKS"
MKL,14825,"DEVA SOFTENER SENSITIVE 1L  12",43.49,0,SUPERMARKET,"HOME AND PERSONAL CARE","LAUNDRY CARE"
MKL,183452,"TUMBLER GLASS 550ML 3PCS SET 3GS07 RJK",42.9,0,"HOUSEWARE & KITCHENWARE",GLASSWARE,"GLASS / TUMBLER /WINE / CHAMPAGNE"
MKL,64710,"CASTILLO DE LANDA TEMPRANILLO WINE  12 VOL 750ML",79.99,0,SUPERMARKET,"BEVERAGES ALCOHOLIC",WINES
MKL,99614,"STYLE UP ROLL ON ORIGINAL 50ML  48",9.99,0,SUPERMARKET,"HOME AND PERSONAL CARE",FRAGRANCES
MKL,CL530,"CEN CL530 FLORA BASKET 1X12",5.2,0,"HOUSEWARE & KITCHENWARE","CENTURY PRODUCTS",CENTURY
MKL,CL628,"QUEEN OF CASSEROLE 2PCS SET STEEL 1800ML 2500ML",99,0,"HOUSEWARE & KITCHENWARE",SERVEWARE,CASSEROLES
MKL,113417,"FUN CUP WITH PIPETTE 2PCS PLASTIC BSF-00533",9.9,0,"HOUSEWARE & KITCHENWARE","FLASK AND BOTTLES","CUPS AND TUMBLERS"
MKL,134093,"PRIVATE SUPER  POCKET ECO 18X6",29.99,0,SUPERMARKET,"HOME AND PERSONAL CARE","FEMININE CARE"
MKL,14716,"EASY MOUZOO PINEAPPLE TETRAPACK JUICE 1L 12",23.99,0,SUPERMARKET,BEVERAGES,JUICE
MKL,184388,"CLOTHES HANGER 5PCS SET 41CM PLASTIC XZ3166 YWU",29.9,0,"HOUSEWARE & KITCHENWARE",LAUNDARY,"CLOTH HANGERS"
MKL,149050,"SANKOFA PLANTAIN CHIP SWEET CHILI  JOLLOF 140G  10",41.99,0,SUPERMARKET,"FOOD CUPBOARD",SNACKS
MKL,27129,"TOILET BRUSH WSTAND PLASTIC 303 YWU",9.9,0,"HOUSEWARE & KITCHENWARE","HOME HYGIENE","TOILET BRUSHES"
MKL,104691,"BLING BLEACH IL  12",16.99,0,SUPERMARKET,"HOME AND PERSONAL CARE","HOUSEHOLD CLEANERS"
MKL,164043,"VACCUM FLASK 1200ML PLASTIC 161713-590",29.9,0,"HOUSEWARE & KITCHENWARE","FLASK AND BOTTLES",FLASK
MKL,198520,"CONDOR PEAK CHARDONNAY WINE 750ML 12",79.99,0,SUPERMARKET,"BEVERAGES ALCOHOLIC",WINES
MKL,76901,"UNOLI MAYONNAISE 1000ML / 961G 6",87.99,0,SUPERMARKET,"FOOD CUPBOARD","SPREADS AND TOPPING"
MKL,120847,"CUSSONS BABY WIPES SOFT & SMOOTH 80 SHEETS  24",23.99,0,SUPERMARKET,"HOME AND PERSONAL CARE","INFANT AND BABY CARE"
MKL,92398,"PLASTIC BUCKET 1700 REC-B-54 SSPD",9.9,0,"HOUSEWARE & KITCHENWARE",LAUNDARY,"BUCKETS AND BASINS"
MKL,100985,"CURTAIN POLYESTER 52X84"" W/HANGER DR-TH158",159,0,"HOME DECOR & TEXTILES",CURTAINS,"GROMMET CURTAINS"
MKL,126212,"AIRPRO  MINI CLIP AIRREFRSHENER CITRUS 2.5ML 6",20.49,0,SUPERMARKET,"HOME AND PERSONAL CARE",FRESHENERS
MKL,167515,"XMAS TREE 1.8M 810T",999,0,"HOME DECOR & TEXTILES","XMAS SEASONAL","xmas season"
MKL,168862,"KNIFE FRUIT 6PCS 325 SILHMJ6FK RJK",19.9,0,"HOUSEWARE & KITCHENWARE","KNIFE AND CHOPPING BOARD","KNIFE SETS"
MKL,92811,"ROLLING PIN 45CM WOODEN 001 YWU",39.9,0,"HOUSEWARE & KITCHENWARE",KITCHENWARE,"KITCHEN ACCESSORIES"
MKL,90168,"COOKING TOOLS 6PCS SET NYLON JH17 YWU",16.9,0,"HOUSEWARE & KITCHENWARE","KITCHEN TOOLS AND CULTARY","COOKING TOOL SET"
MKL,141371,"WINE BUCKET W/SHAKER SET 5PCS 500ML 52058",49.9,0,"HOUSEWARE & KITCHENWARE",KITCHENWARE,"BAR TOOLS AND ACCESSORIES"
MKL,154900,"WATER BOTTLE 600ML PLASTIC INSULATED PURO ICETRON",9.9,0,"HOUSEWARE & KITCHENWARE","FLASK AND BOTTLES",BOTTLE
MKL,164616,"BATHROOM RACK 2 TIER HANGING METAL ORSA 929",79,0,"HOUSEWARE & KITCHENWARE",BATHROOM,"BATHROOM SHELF RACKS HOLDERS"
MKL,185373,"3PCS BEDSHEET SET Q 230X250CM PRINT ASS 03-BT-1028",99,0,"HOME DECOR & TEXTILES","BED SHEET","QUEEN SIZE BEDSHEET"
MKL,94194,"GRATER WCONTAINER ROUND 24CM Y1588928 YWU",19.9,0,"HOUSEWARE & KITCHENWARE","KNIFE AND CHOPPING BOARD",GRATER
MKL,180233,"DZIRE MINI WATER DISPENSER 1.3L 4W PWD-AP222",59,0,"ELECTRICAL APPLIANCES","WATER DISPENSER","WD PORTABLE"
MKL,120209,"FRIDGE BOTTLE 550ML PLASTIC 2675",9.9,0,"HOUSEWARE & KITCHENWARE","FLASK AND BOTTLES",BOTTLE
MKL,184108,"CERAMIC MUG EMBOSSED 330ML EBCM2-330 RJK",9.9,0,"HOUSEWARE & KITCHENWARE",DINNERWARE,MUGS
MKL,94165,"SATNAM PERFUMED INSECT REPELLANT BALLS 100GMS 120",11.99,0,SUPERMARKET,"HOME AND PERSONAL CARE","INSECTICIDES AND RODENT CONTROL"
MKL,183303,"MEASURING JUG 250ML PLASTIC BG-670",9.9,0,"HOUSEWARE & KITCHENWARE",BAKEWARE,"BAKING TOOLS AND ACCESSORIES"
MKL,148384,"SHOPPING BASKET HANDY IRONWOOD F10293 RJK",129,0,"HOUSEWARE & KITCHENWARE","STORAGE AND ORGANIZER",BASKET
MKL,149720,"GRATER BLACK ILC ICC777KA0001 RJK",19.9,0,"HOUSEWARE & KITCHENWARE","KNIFE AND CHOPPING BOARD",GRATER
MKL,03561,"UMBRELLA 68CM",45.9,0,"HOME DECOR & TEXTILES","HOME DECOR",XMAS
MKL,97341,"CHALLENGE MOSQUITO COIL  60",9.99,0,SUPERMARKET,"HOME AND PERSONAL CARE","INSECTICIDES AND RODENT CONTROL"
MKL,99499,"KITCHEN SPONGE AND SCRUBBER 10PCS FW826 YWU",22.9,0,"HOUSEWARE & KITCHENWARE","HOME HYGIENE","SPONGE SCRUBBERS AND SCOURERS"
MKL,161312,"BELPAK ECO TROLL  WRAPPED (10ROLLS )  6",35.99,0,SUPERMARKET,"HOME AND PERSONAL CARE",DISPOSABLE
MKL,167402,"BOWL 8INCHES CERAMIC EMBOSSED WHITE  EBC85 RJK",29.9,0,"HOUSEWARE & KITCHENWARE",DINNERWARE,BOWLS
MKL,111614,"LION DADDY CAFE RHUM WITH MONO CARTON 750ML 12",71.99,0,SUPERMARKET,"BEVERAGES ALCOHOLIC",RHUM
MKL,131318,"STARKIST TUNA FLAKE IN SUNFLOW OIL (PK 3) 240G 16",55.99,0,SUPERMARKET,"FOOD CUPBOARD","CANNED FOOD"
MKL,185447,"CURTAIN BKT GROM SILVER 54X90"" 02-PA-7261E",109,0,"HOME DECOR & TEXTILES",CURTAINS,"GROMMET CURTAINS"
MKL,99770,"BO-16 HAIR FOOD YELLOW 225ML  4",27.99,0,SUPERMARKET,"HOME AND PERSONAL CARE","HAIR CARE"
MKL,156719,"WATER BOTTLE 1000ML PLASTIC SPORTS YWU",69,0,"HOUSEWARE & KITCHENWARE","FLASK AND BOTTLES",BOTTLE
MKL,95108,"FRUTAIL APPLE JUICE 1L  12",34.99,0,SUPERMARKET,BEVERAGES,JUICE
MKL,100799,"ZOMBA YELLOW COCKTAIL 0% ALC 750ML 6",42.49,0,SUPERMARKET,"BEVERAGES ALCOHOLIC",WINES
MKL,127740,"PAPER CUP DOLLIES MIX COLOUR 1000PCS 8CM YWU",9.9,0,"HOUSEWARE & KITCHENWARE",BAKEWARE,MOULDS
MKL,41003,"WATER BOTTLE 1000ML PLASTIC PNP3343",9.9,0,"HOUSEWARE & KITCHENWARE","FLASK AND BOTTLES",BOTTLE
MKL,50130,"FLORA TOILET ROLL (1 X 32)  2",124.99,0,SUPERMARKET,"HOME AND PERSONAL CARE",DISPOSABLE
MKL,83786,"BEKO WASHING MACHINE FL 7KG SILVER BAW 385",8749,0,"ELECTRICAL APPLIANCES","WASHING MACHINE","FRONT LOAD WM"
MKL,A975,"KASAPREKO ALOMO BITTERS  750ML 12",46.99,0,SUPERMARKET,"BEVERAGES ALCOHOLIC",BITTERS
MKL,129589,"FARAGELLO GOLD PINEAPPLE NECTAR TETRAPACK 250ML 27",7.99,0,SUPERMARKET,BEVERAGES,JUICE
MKL,133981,"BACKPACK PVC 29CM KL11462",49,0,STATIONERY,"SCHOOL AND CHILDREN STATIONERY",BACKPACKS
MKL,153045,"ENERGIZER BATTERY MAX AAABP8",115,0,"ELECTRICAL APPLIANCES",BATTERIES,BATTERY
MKL,197591,"PLATINUM CRYSTAL SUGAR 1KG 10",24.99,0,SUPERMARKET,"FOOD CUPBOARD","SALT  SUGAR AND JAGGERY"
MKL,103783,"GIVERS W/C CLEANER 750ML  20",31.99,0,SUPERMARKET,"HOME AND PERSONAL CARE","HOUSEHOLD CLEANERS"
MKL,104692,"BLING PERFUMED DISINFECTANT 1L  12",19.99,0,SUPERMARKET,"HOME AND PERSONAL CARE","HOUSEHOLD CLEANERS"
MKL,105232,"HOMEFOODS PURE PALM OIL 500ML 24",42.49,0,SUPERMARKET,"FOOD CUPBOARD","EDIBLE OILS AND GHEE"
MKL,149620,"DISH RACK XY-A1503-1",149,0,"HOUSEWARE & KITCHENWARE",KITCHENWARE,"DISH RACKS"
MKL,97638,"FARAGELLO GOLD COCKTAIL NECTAR TETRA PACK 1L 12",29.99,0,SUPERMARKET,BEVERAGES,JUICE
MKL,04142,"SHINE FACIAL TISSUE  200PK  10",17.49,0,SUPERMARKET,"HOME AND PERSONAL CARE",DISPOSABLE
MKL,119793,"SABA MULTIPURPOSE LIQUID 400ML  12",14.49,0,SUPERMARKET,"HOME AND PERSONAL CARE","HOUSEHOLD CLEANERS"
MKL,124141,"SCOURER METALLIC PAREX 3PCS SET 2107568",29.9,0,"HOUSEWARE & KITCHENWARE","HOME HYGIENE","SPONGE SCRUBBERS AND SCOURERS"
MKL,200306,"H&H HOT DOG 10 SAUSAGES 425G 24",26.99,0,SUPERMARKET,"FOOD CUPBOARD","CANNED FOOD"
MKL,102177,"EVERPACK PAPA JUMBO MULTI-PURPOSE TOWEL   6",49.99,0,SUPERMARKET,"HOME AND PERSONAL CARE",DISPOSABLE
MKL,113211,"BROOM WHANDLE SOFT BRISTLE PLASTIC 1002/E",19.9,0,"HOUSEWARE & KITCHENWARE","HOME HYGIENE","BROOM BRUSHES DUSTPANS"
MKL,133053,"NUTZY PEANUT CRISPY SNACK 40G  144",2.59,0,SUPERMARKET,"FOOD CUPBOARD","SPREADS AND TOPPING"
MKL,149288,"CERES NECTAR CARRIB CRUSH JUICE DRINK 1L 12",34.99,0,SUPERMARKET,BEVERAGES,JUICE
MKL,150394,"AKAI FRIDGE SD 89L SILVER RF125AC-89L",1899,0,"ELECTRICAL APPLIANCES",REFRIGERATOR,"SD REFRIGERATOR"
MKL,154771,"ASEDA BROWN RICE 2KG 10",92.99,0,SUPERMARKET,"FOOD CUPBOARD","RAW RICE"
MKL,91236,"SAIRO BATH&SHOWER GEL PAPAYASENSATION 750ML 8",51.99,0,SUPERMARKET,"HOME AND PERSONAL CARE","PERSONAL WASH"
MKL,96519,"MADAR RENZO MULTIPURPOSE LIQUID DETERGENT 200ML 24",8.49,0,SUPERMARKET,"HOME AND PERSONAL CARE","HOUSEHOLD CLEANERS"
MKL,101901,"MATA GREEN PEAS IN BRINE E/O 400G  24",15.99,0,SUPERMARKET,"FOOD CUPBOARD","CANNED FOOD"
MKL,103063,"DAY BY DAY SHOWER GEL MEN FRESH CLEAN 500ML  24",22.49,0,SUPERMARKET,"HOME AND PERSONAL CARE","PERSONAL WASH"
MKL,103897,"IRONING BOARD 33X110 214",349,0,"HOUSEWARE & KITCHENWARE",LAUNDARY,"IRONING BOARDS"
MKL,148518,"ARTIFICIAL FLOWER 65CM 363/147-1/0667/0661",15.9,0,"HOME DECOR & TEXTILES","HOME DECOR",DECORATIVE
MKL,197090,"MCBERRY CHOCO FLAKES BISCUITS 19G  100",1.99,0,SUPERMARKET,"FOOD CUPBOARD",BISCUITS
MKL,60515,"VASELINE ALOE SOOTHE LOTION  400ML  48",49.99,0,SUPERMARKET,"HOME AND PERSONAL CARE","SKIN CARE"
MKL,63512,"MEDISOFT DEODORANT PREMIUM SOAP PINK 175G  48",18.99,0,SUPERMARKET,"HOME AND PERSONAL CARE","PERSONAL WASH"
MKL,99720,"SOLDIER MENTHOLATED POWDER 80G   6",9.99,0,SUPERMARKET,"HOME AND PERSONAL CARE","SKIN CARE"
MKL,CL566,"ROUND STORAGE CRYSTAL CONTAINER 3PCS SET SSPD",38.9,0,"HOUSEWARE & KITCHENWARE","STORAGE AND ORGANIZER","STORAGE CONTAINERS"
MKL,148809,"CLOTHES HANGER 2LAYER MULTIPURPOSE METAL YWU",199,0,"HOUSEWARE & KITCHENWARE",LAUNDARY,"CLOTH HANGERS"
MKL,191057,"KIVO 4 IN 1 GARI SOAKING MIX  IN CUP 125G  12",10.99,0,SUPERMARKET,"FOOD CUPBOARD",FLOURS
MKL,60853,"INKUNIM FOODS NATURAL HONEY 660G 12",84.99,0,SUPERMARKET,"FOOD CUPBOARD","HONEY  JAM AND MARMALADE"
MKL,71229,"COOL BREEZE MEMBRANE AIR FRESHENER FREESIA 8ML  12",22.99,0,SUPERMARKET,"HOME AND PERSONAL CARE",FRESHENERS
MKL,120178,"BASKET 619X510X188MM PLASTIC NO.5 1665",49.9,0,"HOUSEWARE & KITCHENWARE","STORAGE AND ORGANIZER",BASKET
MKL,144404,"SAUCEPAN W/LID DEEP KADAI H.A 14 S/L 3MM 10088",49.9,0,"HOUSEWARE & KITCHENWARE",COOKWARE,WOKS
MKL,163132,"AKAI STEAM IRON 1600W EI050A-278D",209,0,"ELECTRICAL APPLIANCES","LINEN CARE","STEAM IRONS"
MKL,16828,"NIVEA NOURISHING MILK LOTION 400ML 12(80203)",79.99,0,SUPERMARKET,"HOME AND PERSONAL CARE","SKIN CARE"
MKL,179212,"LAN YARD CARD W/CLIP AND CORD OPP YW",2.9,0,STATIONERY,"OFFICE STATIONERY","OFFICE BASIC AND STATIONERY"
MKL,186043,"GLASS JUG WCUP 7PCS SET 1800165ML 19167DDE RJK",149,0,"HOUSEWARE & KITCHENWARE","STORAGE AND ORGANIZER","STORAGE CONTAINERS"
MKL,197115,"MCBERRY SIMA CHOCOLATE COOKIES 18G  72",1.09,0,SUPERMARKET,"FOOD CUPBOARD",BISCUITS
MKL,201904,"PEEVA BOTTLE MINERAL WATER  500ML 20",1.39,0,SUPERMARKET,BEVERAGES,"MINERAL WATER"
MKL,51422,"CLUB SHANDY BOSOE 330ML 24",12.49,0,SUPERMARKET,"BEVERAGES ALCOHOLIC","BOTTLE BEER"
MKL,175348,"AKAI AIR FRYER 8L 1700W DIGITAL SS AF011A-8001D",999,0,"ELECTRICAL APPLIANCES",FRYERS,"AIR/HALOGEN FRYER"
MKL,19821,"ENERGIZER BATTERY ALKALINE D MAX-D 1X2 6PK",99.9,0,"ELECTRICAL APPLIANCES",BATTERIES,BATTERY
MKL,91552,"COLGATE MOUTH WASH PLAX PEPPERMINT 250ML  24",51.99,0,SUPERMARKET,"HOME AND PERSONAL CARE","ORAL CARE"
MKL,99663,"STYLE UP ROLL ON SPICE 50ML  6",9.99,0,SUPERMARKET,"HOME AND PERSONAL CARE",FRAGRANCES
MKL,99694,"DUSTBIN SMALL  WHIRLPOOL PLASTIC YWU",29.9,0,"HOUSEWARE & KITCHENWARE","HOME HYGIENE",DUSTBINS
MKL,02572,"PURE HEAVEN APPLE JUICE 1L 8",35.99,0,SUPERMARKET,BEVERAGES,JUICE
MKL,10286,"S/S CHAMPAGNE BUCKET SS091",19.9,0,"HOUSEWARE & KITCHENWARE","STORAGE AND ORGANIZER","ICE BUCKETS"
MKL,113787,"MCBERRY LONDON OATS DIGESTIVE 80G 36",6.29,0,SUPERMARKET,"FOOD CUPBOARD",BISCUITS
MKL,118617,"COFFEE TEA CUP 6PCS SET GLASS 290ML G25006 LTREND",19.9,0,"HOUSEWARE & KITCHENWARE",DINNERWARE,"TEA AND COFFEE SETS"
MKL,129815,"ROPE NYLON 3MMX20M REDBLUEWHITE YWU",2.9,0,"HOUSEWARE & KITCHENWARE",LAUNDARY,"CLOTH LINE/ STRING"
MKL,163452,"TERRY FACE TOWEL SET 4PC BEDNBATH TRY 3001",42.9,0,"HOME DECOR & TEXTILES","HOME FURNISHING","BATH LINEN"
MKL,91452,"POPULAR FILLED EVAPORATED MILK 150G 24",7.89,0,SUPERMARKET,"FOOD CUPBOARD","MILK AND CREAMERS"
MKL,X824,"ORAL B PRO EXPERT EXTRA CLEAN 96",64.99,0,SUPERMARKET,"HOME AND PERSONAL CARE","ORAL CARE"
MKL,X939,"EVEN NO CREAM UHT MILK 1L 12",53.99,0,SUPERMARKET,"FOOD CUPBOARD","MILK AND CREAMERS"
MKL,132029,"DINNER FORK 6PCS 21CM 40G DYC2 YWU",39.9,0,"HOUSEWARE & KITCHENWARE","CUTLERY ITEMS","SPOONS FORKS KNIFE AND CUTLERY SET"
MKL,145816,"BELPAK ECO GREEN NAPKIN   15",5.99,0,SUPERMARKET,"HOME AND PERSONAL CARE",DISPOSABLE
MKL,159854,"STICKY NOTE (100X5) 500SHEET ASSORTED COL 76X76MM",22.9,0,STATIONERY,"OFFICE STATIONERY","OFFICE BASIC AND STATIONERY"
MKL,89208,"SCOURER PAD 5PCS SET SPONGE AP055 YWU",9.9,0,"HOUSEWARE & KITCHENWARE","HOME HYGIENE","SPONGE SCRUBBERS AND SCOURERS"
MKL,98453,"WC NET GEL CRYSTAL TOILET CLEANER CITRUS 750ML  12",57.99,0,SUPERMARKET,"HOME AND PERSONAL CARE","HOUSEHOLD CLEANERS"
MKL,120917,"PEACOCK THAI RICE 5KG  5",209.99,0,SUPERMARKET,"FOOD CUPBOARD","RAW RICE"
MKL,179401,"AKAI GAS STOVE 3B GLASS TOP GC068A-0003B",669,0,"GAS COOKER & ACCESSORIES","GAS COOKER","TABLE TOP GAS STOVE"
MKL,183439,"TUMBLER GLASS 454ML 3PCS SET 3GS05 RJK",29.9,0,"HOUSEWARE & KITCHENWARE",GLASSWARE,"GLASS / TUMBLER /WINE / CHAMPAGNE"
MKL,69759,"LELE KETCHUP UPSIDE DOWN 370G  24",19.99,0,SUPERMARKET,"FOOD CUPBOARD","SPREADS AND TOPPING"
MKL,64662,"IRISH SPRING BODY WASH MOISTURE BLAST 591ML  4",119.99,0,SUPERMARKET,"HOME AND PERSONAL CARE","PERSONAL WASH"
MKL,91311,"GALAXY BROWN SUGAR CUBE BOTTLE 700G 12",35.99,0,SUPERMARKET,"FOOD CUPBOARD","SALT  SUGAR AND JAGGERY"
MKL,D711,"GEISHA MACKEREL 425G 24 (12-225)",25.99,0,SUPERMARKET,"FOOD CUPBOARD","CANNED FOOD"
MKL,103066,"DAY BY DAY LOTION MEN SPORT 500ML  24",25.99,0,SUPERMARKET,"HOME AND PERSONAL CARE","SKIN CARE"
MKL,114561,"SPOON SET 10PCS PLASTIC BG-470",9.9,0,"HOUSEWARE & KITCHENWARE","CUTLERY ITEMS","SPOONS FORKS KNIFE AND CUTLERY SET"
MKL,129817,"ROPE NYLON 5MMX10M REDBLUEWHITE YWU",2.9,0,"HOUSEWARE & KITCHENWARE",LAUNDARY,"CLOTH LINE/ STRING"
MKL,179024,"TOYS KITCHENWARE SET  3+YEARS 108D-3 OPP YW",34.9,0,"TOYS AND ENTERTAINMENT","ROLE PLAY AND PRETEND TOYS","KITCHEN / HOME APPLIANCE AND FOOD SETS "
MKL,183266,"BEER GLASS 6PCS SET 380ML PORTO BW 4613 RJK",49.9,0,"HOUSEWARE & KITCHENWARE",GLASSWARE,"BEER MUGS AND BEER GLASS"
MKL,37638,"DEVA POWER BLEACH  2L   8",44.99,0,SUPERMARKET,"HOME AND PERSONAL CARE","HOUSEHOLD CLEANERS"
MKL,96181,"PAPILION BABY COTTON BUDS 60PCS   144",15.99,0,SUPERMARKET,"HOME AND PERSONAL CARE","INFANT AND BABY CARE"
MKL,109770,"DUSTBIN WLID WHIRLPOOL DESIGN 7L PLASTIC M-132",59,0,"HOUSEWARE & KITCHENWARE","HOME HYGIENE",DUSTBINS
MKL,110745,"SANITA CLUB TRASH BAGS 5GALLONSX30    24",30.49,0,SUPERMARKET,"HOME AND PERSONAL CARE",DISPOSABLE
MKL,126195,"ZOFLORA LINEN FRESH   120ML  12",45.99,0,SUPERMARKET,"HOME AND PERSONAL CARE","HOUSEHOLD CLEANERS"
MKL,180221,"KLEANZ HAND SOAP STRAWBERRY ANTIBACTERIAL 500ML 4",22.99,0,SUPERMARKET,"HOME AND PERSONAL CARE","PERSONAL WASH"
MKL,151029,"BIGOO COLA DRINK 350ML 20",2.99,0,SUPERMARKET,BEVERAGES,DRINKS
MKL,182130,"FARAGELLO MANGO NECTAR TETRA PACK 1L 12 (BLUE)",24.99,0,SUPERMARKET,BEVERAGES,JUICE
MKL,193039,"PEELER 6PCS SET ZHN HD-127",22.9,0,"HOUSEWARE & KITCHENWARE","KNIFE AND CHOPPING BOARD","VEG AND FRUIT PEELERS"
MKL,26948,"VOLTPLUS AVR 1KVA W/110V ASSIST OUTPUT AVR-6012",529,0,"ELECTRICAL APPLIANCES",ELECTRICALS,AVR/AVS
MKL,80162,"TISSUE HOLDER SUCTION R5080 RJK",79,0,"HOUSEWARE & KITCHENWARE",BATHROOM,"BATHROOM SHELF RACKS HOLDERS"
MKL,00453,"GOANAS WINE 75CL 12",94.99,0,SUPERMARKET,"BEVERAGES ALCOHOLIC",WINES
MKL,162010,"DOOR MAT COIR PANAMA 8MM ASSORTED 40X60CM",49.9,0,"HOME DECOR & TEXTILES","FLOOR MATS","DOOR MAT"
MKL,49381,"DELTA XMAS FACIAL TISSUE ASSORTED COLOUR 150S  36",11.49,0,SUPERMARKET,"HOME AND PERSONAL CARE",DISPOSABLE
MKL,65361,"MULIK VANILLA MILK DRINK 500ML 18",36.99,0,SUPERMARKET,BEVERAGES,DRINKS
MKL,120378,"FREEDOM BOTTLE BEER 330ML 24",10.99,0,SUPERMARKET,"BEVERAGES ALCOHOLIC","BOTTLE BEER"
MKL,148419,"CUP AND SAUCER WSPOON CERAMIC MR RIGHT YWU HK1176",32.9,0,"HOUSEWARE & KITCHENWARE",DINNERWARE,"TEA AND COFFEE SETS"
MKL,190689,"LAUNDRY BASKET COVERED 40X45CM ASSORTED MYQ9 -1920",89,0,"HOUSEWARE & KITCHENWARE",LAUNDARY,"LAUNDARY BASKET"
MKL,202511,"MONTY MOON CHIPS CHEESE 25G  50",2.99,0,SUPERMARKET,"FOOD CUPBOARD",SAVOURIES
MKL,71821,"COOL BREEZE MEMBRANE AIR FRESHNER VANILLA 8ML  12",22.99,0,SUPERMARKET,"HOME AND PERSONAL CARE",FRESHENERS
MKL,73615,"HAPPY SHOPPER KITCHEN FOIL 75MX30CM  72",15.99,0,SUPERMARKET,"HOME AND PERSONAL CARE",DISPOSABLE
MKL,183287,"BEER MUG 6PCS SET 410ML ROSE PJ 4914 RJK",69,0,"HOUSEWARE & KITCHENWARE",GLASSWARE,"BEER MUGS AND BEER GLASS"
MKL,33580,"FROSTY BITE ICE CREAM CHOCOLATE TUB 550ML 6",22.49,0,SUPERMARKET,"FROZEN FOOD",ICE-CREAM
MKL,64096,"YAZZ DUCHESS TOOTHBRUSH HARD BRISTLES  72",3.39,0,SUPERMARKET,"HOME AND PERSONAL CARE","ORAL CARE"
MKL,113213,"BROOM WHANDLE GREEN FLAT PLASTIC 1652E",19.9,0,"HOUSEWARE & KITCHENWARE","HOME HYGIENE","BROOM BRUSHES DUSTPANS"
MKL,131112,"BEST MOTHER EVAPORATED MILK 160G 24",6.99,0,SUPERMARKET,"FOOD CUPBOARD","MILK AND CREAMERS"
MKL,157829,"AMMERLANDER FULL CREAM UHT MILK 3.8%  1L  10",34.99,0,SUPERMARKET,"FOOD CUPBOARD","MILK AND CREAMERS"
MKL,160884,"DINNER PLATE MELAMINE 10 INCHES FEILU 215105",14.9,0,"HOUSEWARE & KITCHENWARE","MELAMINE WARE","MEL PLATE"
MKL,200289,"H&H MAYONNAISE 250ML 12",27.49,0,SUPERMARKET,"FOOD CUPBOARD","SPREADS AND TOPPING"
MKL,X808,"PRIMA LIQUID SOAP LEMON 4.5L 6",79.99,0,SUPERMARKET,"HOME AND PERSONAL CARE","HOUSEHOLD CLEANERS"
MKL,149717,"CERAMIC MUG WGOLD RIM 12OZ GGK BC12 LPRO RJK",9.9,0,"HOUSEWARE & KITCHENWARE",DINNERWARE,MUGS
MKL,172968,"ARIEL HIGH STUD SPRING 1KG  12",74.99,0,SUPERMARKET,"HOME AND PERSONAL CARE","LAUNDRY CARE"
MKL,179037,"MOTOCYCLE DIE CAST TOYS ASST DESIGN OPP YW",59,0,"TOYS AND ENTERTAINMENT","TOYS CARS TRAINS AND VEHICLES","FRICTION TOYS"
MKL,200315,"H&H BEEF LUNCHEON MEAT 198G 24",21.99,0,SUPERMARKET,"FOOD CUPBOARD","CANNED FOOD"
MKL,67516,"SHINE FAMILY NAPKINS 1 PLY (100PCS X 15PK)  15",6.99,0,SUPERMARKET,"HOME AND PERSONAL CARE",DISPOSABLE
MKL,106789,"KELLOGGS CORNFLAKES 450G  10 NGR",71.99,0,SUPERMARKET,"FOOD CUPBOARD","BREAKFAST CEREALS"
MKL,117610,"PLUNGER PLASTIC UR-3016",16.9,0,"HOUSEWARE & KITCHENWARE","HOME HYGIENE","TOILET BRUSHES"
MKL,156626,"TOOTH PICK 300PCS BAMBOO YWU",5.9,0,"HOUSEWARE & KITCHENWARE","HOUSE HOLD PRODUCTS","HOUSE HOLD"
MKL,57745,"COKE PET 1L 6",14.99,0,SUPERMARKET,BEVERAGES,DRINKS
MKL,95409,"SPRITE ZERO PET 300ML 12",6.49,0,SUPERMARKET,BEVERAGES,DRINKS
MKL,117262,"DOMS COLOURED ERASERS 20PCS 7246",6.9,0,STATIONERY,"GENERAL STATIONERY","   WRITING SUPPLIES"
MKL,156703,"LADLE SLOTTED SSTEEL YWU",29.9,0,"HOUSEWARE & KITCHENWARE","KITCHEN TOOLS AND CULTARY","COOKING TOOL LADLES AND SERVERS"
MKL,184480,"JUG AND GLASS 5PCS SET PLASTIC HL0050CC + HL0051C",16.9,0,"HOUSEWARE & KITCHENWARE","STORAGE AND ORGANIZER","STORAGE CONTAINERS"
MKL,189503,"3PC COMFORTER SET KING 102""X86"" MF ASST 03-CO-0477",329,0,"HOME DECOR & TEXTILES","BLANKETS QUILTS COMFORTERS AND BEDCOVERS",COMFORTERS
MKL,192232,"BELLORA FOOD STORAGE BOWL 3PCS SET HL7012DC",19.9,0,"HOUSEWARE & KITCHENWARE","STORAGE AND ORGANIZER","STORAGE CONTAINERS"
MKL,38828,"DINNER PLATE COUPE 10INCHES CERAMIC WHT WF10FP RJK",12.9,0,"HOUSEWARE & KITCHENWARE",DINNERWARE,PLATE
MKL,89845,"CORNER RACK W SUCTION R5550 RJK",79,0,"HOUSEWARE & KITCHENWARE",BATHROOM,"BATHROOM SHELF RACKS HOLDERS"
MKL,95111,"FRUTAIL RED GRAPE NECTAR 1L  12",34.99,0,SUPERMARKET,BEVERAGES,JUICE
MKL,110747,"SANITA CLUB TRASH BAGS 10GALLONSX30   16",50.99,0,SUPERMARKET,"HOME AND PERSONAL CARE",DISPOSABLE
MKL,128935,"TAPE DISPENSER CRYSTAL CLEAR (18X33) 157654",21.9,0,STATIONERY,"PACKAGING AND MAILING","   TAPES AND DISPENSERS"
MKL,140569,"MEANNAN PLANTAIN CHIPS & PEANUTS 100G  12",12.49,0,SUPERMARKET,"FOOD CUPBOARD",SNACKS
MKL,169160,"ROMAR AIR REFRESHNER VANILLA 750ML   6",68.99,0,SUPERMARKET,"HOME AND PERSONAL CARE",FRESHENERS
MKL,202840,"WINE GLASS WITH DECANTER 7PCS SET G26012",119,0,"HOUSEWARE & KITCHENWARE",GLASSWARE,"GLASS / TUMBLER /WINE / CHAMPAGNE"
MKL,65584,"TISSUE HOLDER MIX DESIGN YWU",4.9,0,"HOUSEWARE & KITCHENWARE","HOME HYGIENE",HOLDERS
MKL,101058,"N0 8 SEAFOODS RINGS CHIPS 20G  60",1.69,0,SUPERMARKET,"FOOD CUPBOARD",SNACKS
MKL,145811,"BELPAK MEGA KITCHEN TOWEL    6",41.99,0,SUPERMARKET,"HOME AND PERSONAL CARE",DISPOSABLE
MKL,03473,"ROMAR SOFTENER CONC. MARSEILLE SOAP 2L  6",79.99,0,SUPERMARKET,"HOME AND PERSONAL CARE","LAUNDRY CARE"
MKL,104673,"DZIRE RICE COOKER DELUXE 1.5L 500W RCD15-FJ30B",389,0,"ELECTRICAL APPLIANCES","RICE/ MULTI COOKER","DELUXE RICE COOKER"
MKL,193004,"BOTTLE OPENER ZHN KB842",5.9,0,"HOUSEWARE & KITCHENWARE","CUTLERY ITEMS",OPENERS
MKL,194966,"LADLE SLOTTED TURNER SILICONE ZHN HR22PC-16DS",8.9,0,"HOUSEWARE & KITCHENWARE","KITCHEN TOOLS AND CULTARY","COOKING TOOL LADLES AND SERVERS"
MKL,37652,"DEVA GLASS CLEANER 750ML  12",25.99,0,SUPERMARKET,"HOME AND PERSONAL CARE","HOUSEHOLD CLEANERS"
MKL,148388,"PLACE MAT W/TAG ROUND MIX COLOR 6PCS",99,0,"HOME DECOR & TEXTILES","DISH CLOTHS AND NAPKINS","ASSORTED ITEMS"
MKL,169950,"KEL 360 TOOTHPASTE 150G  48",22.49,0,SUPERMARKET,"HOME AND PERSONAL CARE","ORAL CARE"
MKL,194173,"COLGATE TB DOUBLE ACTION  HERBAL (1 PK 10X12) 120",9.49,0,SUPERMARKET,"HOME AND PERSONAL CARE","ORAL CARE"
MKL,153491,"BEL ALKAPLUS MELCOM MINERAL WATER 500ML 15",2.29,0,SUPERMARKET,BEVERAGES,"MINERAL WATER"
MKL,55688,"AFRIWARA ORIGINAL SANTOS SWEET 125G  20",9.89,0,SUPERMARKET,"FOOD CUPBOARD",CONFECTIONERY
MKL,68990,"DESSERT KNIFE 4PCS SET SS 1620",19.9,0,"HOUSEWARE & KITCHENWARE","CUTLERY ITEMS","SPOONS FORKS KNIFE AND CUTLERY SET"
MKL,50387,"CLE FABRIC SOFTENER 500ML  12",13.49,0,SUPERMARKET,"HOME AND PERSONAL CARE","LAUNDRY CARE"
MKL,95416,"CHRISTMAS LED LIGHT IN MULTICOLOR 9.5M 100PCS",49.9,0,"HOME DECOR & TEXTILES","XMAS SEASONAL","xmas season"
MKL,97697,"LA SALUD MARBEL & CERAMIC CLEANSER 1.5L 8",47.49,0,SUPERMARKET,"HOME AND PERSONAL CARE","HOUSEHOLD CLEANERS"
MKL,146176,"TRAY ICE CUBE COMBINE COLOUR 161019-560",16.9,0,"HOUSEWARE & KITCHENWARE","STORAGE AND ORGANIZER","ICE TRAYS"
MKL,107986,"AKAI CEILING FAN 36"" EF104A-3658WS",349,0,"ELECTRICAL APPLIANCES",FAN,"CEILING FAN"
MKL,183269,"WHISKEY 6PCS SET 325ML BARLEY PJ 191101 RJK",49.9,0,"HOUSEWARE & KITCHENWARE",GLASSWARE,"GLASS / TUMBLER /WINE / CHAMPAGNE"
MKL,193007,"CORK OPENER ZHN KB252",19.9,0,"HOUSEWARE & KITCHENWARE","CUTLERY ITEMS",OPENERS
MKL,101422,"CHEF KNIFE 8INCHES WWOODEN HANDLE ER588B YWU",34.9,0,"HOUSEWARE & KITCHENWARE","KNIFE AND CHOPPING BOARD","VEG AND FRUIT SLICERS"
MKL,103775,"SAIRO SAVON LIQUID  HAND WASH MARINE 500ML 12",29.99,0,SUPERMARKET,"HOME AND PERSONAL CARE","PERSONAL WASH"
MKL,113460,"BLING MAGIC LEMON MULTIPURPOSE LIQUID 200ML  24",6.99,0,SUPERMARKET,"HOME AND PERSONAL CARE","HOUSEHOLD CLEANERS"
MKL,129587,"FARAGELLO GOLD APPLE NECTAR TETRAPACK 250ML  27",7.99,0,SUPERMARKET,BEVERAGES,JUICE
MKL,14819,"DEVA ALL PURPOSE CLEANER LIQUID FLORAL 1L  12",31.99,0,SUPERMARKET,"HOME AND PERSONAL CARE","HOUSEHOLD CLEANERS"
MKL,CL713,"SPICE CONTAINER 400ML 12.6CMX12.6CMX5.5CM",4.5,0,"HOUSEWARE & KITCHENWARE","STORAGE AND ORGANIZER","STORAGE CONTAINERS"
MKL,134321,"PRIVATE MAXI POCKET NIGHT ECO 16 X 6",30.49,0,SUPERMARKET,"HOME AND PERSONAL CARE","FEMININE CARE"
MKL,179510,"AKAI SOUND BAR W/SUBWOOFER 180W SB005A-013",1399,0,"ELECTRONICS & TELECOM",AUDIO,"SOUND BAR"
MKL,202848,"DINNER SET 16PCS MATT CERAMIC T164002",199,0,"HOUSEWARE & KITCHENWARE",DINNERWARE,DINNER-SETS
MKL,65905,"SUNNY GOLD WHITE SUGAR STICKS 500G 24",38.99,0,SUPERMARKET,"FOOD CUPBOARD","SALT  SUGAR AND JAGGERY"
MKL,86312,"SAMSUNG BACK COVER J4 32GB",2,0,"ELECTRONICS & TELECOM","MOBILE ACCESSORIES","MOBILE COVERS/SCREEN PROTECTORS"
MKL,A974,"KASAPREKO DRY GIN 750ML 12",45.99,0,SUPERMARKET,"BEVERAGES ALCOHOLIC","GIN ."
MKL,124886,"SOAP DISH WSUCTION CUP TITIZ PVC SSPD TP237",4.9,0,"HOUSEWARE & KITCHENWARE",BATHROOM,"SOAP DISH CASE DISPENSERS"
MKL,144983,"MUG EMBOSSED AVIOS 1213OZ EMBC1213 RJK",4.9,0,"HOUSEWARE & KITCHENWARE",DINNERWARE,MUGS
MKL,178131,"PAPER DOILIES 20PCS 125 YWU",9.9,0,"HOUSEWARE & KITCHENWARE",BAKEWARE,"BAKING TOOLS AND ACCESSORIES"
MKL,84633,"COAT STAND METAL YWU",119,0,"HOUSEWARE & KITCHENWARE",LAUNDARY,"CLOTH DRYER"
MKL,69143,"VISTA TEACHERS NOTE BOOKS N/P",22.99,0,STATIONERY,"SCHOOL AND CHILDREN STATIONERY","NOTE BOOKS"
MKL,114751,"FRICTION MOTOR TOY 120 WHITE MT489942",75,0,"TOYS AND ENTERTAINMENT","TOYS CARS TRAINS AND VEHICLES","FRICTION TOYS"
MKL,129576,"DINNER PLATE EMBOSSED AVIOS 105 DP105 RJK",16.9,0,"HOUSEWARE & KITCHENWARE",DINNERWARE,PLATE
MKL,159295,"BOOK MONEY SAFE BOX SMALL",129,0,"TOYS AND ENTERTAINMENT","ROLE PLAY AND PRETEND TOYS","CASHIER AND SHOP SETS"
MKL,CL423,"PICNIC TOTE BOX 12 LTR -6",49.9,0,"HOUSEWARE & KITCHENWARE","STORAGE AND ORGANIZER","STORAGE CONTAINERS"
MKL,108131,"CURTAIN 52X84  W/8GROMMET J2020828",139,0,"HOME DECOR & TEXTILES",CURTAINS,"GROMMET CURTAINS"
MKL,179732,"AKAI RICE COOKER 1.5L 500W CK022A-1.5LS",399,0,"ELECTRICAL APPLIANCES","RICE/ MULTI COOKER","POT TYPE RICE COOKER"
MKL,69543,"PARIDOX NATURAL SKIN TONER GEL 450ML  20",45.99,0,SUPERMARKET,"HOME AND PERSONAL CARE","PERSONAL WASH"
MKL,91551,"COLGATE MOUTH WASH PLAX PEPPERMINT 500ML 12",82.99,0,SUPERMARKET,"HOME AND PERSONAL CARE","ORAL CARE"
MKL,120808,"JAMAA DETERGENT 850G  10",24.99,0,SUPERMARKET,"HOME AND PERSONAL CARE","LAUNDRY CARE"
MKL,156578,"ARTIFICIAL FLOWER",69,0,"HOME DECOR & TEXTILES","HOME DECOR",DECORATIVE
MKL,159989,"DUSTBIN 29 LITRE METAL BLACK WIRE  26X28CM YWU",29.9,0,"HOUSEWARE & KITCHENWARE","HOME HYGIENE",DUSTBINS
MKL,207968,"LUX BAR SOAP  FLAW-LESS 170G 48",22.99,0,SUPERMARKET,"HOME AND PERSONAL CARE","PERSONAL WASH"
MKL,92763,"BAMBOO KABEB STICK  50X35CM 115 YWU",6.9,0,"HOUSEWARE & KITCHENWARE",KITCHENWARE,"BBQ AND ACCESSORIES"
MKL,117192,"DOMS CRAYONS SET 6PCS PLASTIC GRIPPIE 8354",35,0,STATIONERY,"SCHOOL AND CHILDREN STATIONERY","ART AND HOBBY SETS"
MKL,208749,"IDEAL ORIGINAL EVAPORATED MILK 410G 24",29.99,0,SUPERMARKET,"FOOD CUPBOARD","MILK AND CREAMERS"
MKL,197089,"MCBERRY WHEAT PUFFS CEREAL WITH HONEY 19G 100",2.19,0,SUPERMARKET,"FOOD CUPBOARD",BISCUITS
MKL,42441,"SWAN CUBES WHITE SUGAR 500G 50",17.99,0,SUPERMARKET,"FOOD CUPBOARD","SALT  SUGAR AND JAGGERY"
MKL,78007,"MITTENS 2P SET 100 COTTON  PTH05",22.9,0,"HOME DECOR & TEXTILES","DISH CLOTHS AND NAPKINS","APRON AND GLOVES"
MKL,CN238,"PICTURE 3D",79,0,"HOME DECOR & TEXTILES","HOME DECOR",DECORATIVE
MKL,194961,"LADLE SLOTTED SPOON SILICONE ZHN HR22PC-18DS",7.9,0,"HOUSEWARE & KITCHENWARE","KITCHEN TOOLS AND CULTARY","COOKING TOOL LADLES AND SERVERS"
MKL,202242,"FARAGELLO PINEAPPLE NECTAR TETRA PACK 1L 12 (BLUE)",24.99,0,SUPERMARKET,BEVERAGES,JUICE
MKL,120385,"BELPAK TABLE NAPKIN 1X15 PKTS)  15",7.29,0,SUPERMARKET,"HOME AND PERSONAL CARE",DISPOSABLE
MKL,145696,"BIN WFLAT LID MATT FINISH RND 30L PEDAL AAA30 RK",359,0,"HOUSEWARE & KITCHENWARE","HOME HYGIENE",DUSTBINS
MKL,197397,"LG LED TV 50"" SMART UHD 4K 50UA85006LA",11099,0,"ELECTRONICS & TELECOM","LED TV","SMART TV"
MKL,53555,"FROSTY BITE FANTASY STRAWBERRY 70G 30",8.99,0,SUPERMARKET,"FROZEN FOOD",ICE-CREAM
MKL,179036,"KIDS TOY TOOL SET PLAYSET 3+YRS OPP YW",29.9,0,"TOYS AND ENTERTAINMENT","ROLE PLAY AND PRETEND TOYS","KIDS- TOOL SETS"
MKL,194970,"LADLE SLOTTED TURNER SILICONE ZHN HR22PC-14DS",7.9,0,"HOUSEWARE & KITCHENWARE","KITCHEN TOOLS AND CULTARY","COOKING TOOL LADLES AND SERVERS"
MKL,140586,"DISPENSER BEVERAGE WSTAND 4500ML PLASTIC BSF-00928",49.9,0,"HOUSEWARE & KITCHENWARE",GLASSWARE,"DISPENSERS / DECANTER SETS"
MKL,177946,"FAIRY TALES WONDERFUL 10BOOK PACK",109,0,STATIONERY,"CHILDREN BOOKS AND GEN REF","BOOKS AND LEARNINGS"
MKL,92386,"DARLING LEMON FLAVOR ALCOHOLIC DRINK 330ML  12",6.29,0,SUPERMARKET,"BEVERAGES ALCOHOLIC","BOTTLE BEER"
MKL,104671,"ORAL B KID TB PRINCESS (3-5 YEARS)   96",44.99,0,SUPERMARKET,"HOME AND PERSONAL CARE","ORAL CARE"
MKL,149364,"MONT NATURAL MINERAL WATER 500ML 15",1.99,0,SUPERMARKET,BEVERAGES,"MINERAL WATER"
MKL,156723,"WATER BOTTLE 800ML PLASTIC SPORTS YWU",59,0,"HOUSEWARE & KITCHENWARE","FLASK AND BOTTLES",BOTTLE
MKL,158101,"BASKET PERFORATED 5800ML 29X19X10CM PP63900",14.9,0,"HOUSEWARE & KITCHENWARE","STORAGE AND ORGANIZER",BASKET
MKL,182384,"BBQ PORTABLE & FOLDABLE CG1",159,0,"HOUSEWARE & KITCHENWARE",KITCHENWARE,"BBQ AND ACCESSORIES"
MKL,168857,"CARVING KNIFE 725 CPQT018CR RJK",16.9,0,"HOUSEWARE & KITCHENWARE","KNIFE AND CHOPPING BOARD","SINGLE KNIFE"
MKL,114529,"SERVING BOWL MELAMINE 8 INCHES ZHN C6138",14.9,0,"HOUSEWARE & KITCHENWARE","MELAMINE WARE","MEL BOWL/BOWL+COVER"
MKL,183598,"CERAMIC SIDE PLATE 8 24FDL020 RJK",19.9,0,"HOUSEWARE & KITCHENWARE",DINNERWARE,PLATE
MKL,105645,"DEEP PLATE 8INCHES PLASTIC AB3 SSPD YWU",4.9,0,"HOUSEWARE & KITCHENWARE",SERVEWARE,"SERVING TRAYS"
MKL,126208,"AIRPRO  AIRFRESHENER GEL PINA COLADA 128G 24",24.99,0,SUPERMARKET,"HOME AND PERSONAL CARE",FRESHENERS
MKL,137492,"BUMBLE BABY WET WIPES 100 PCS ROSE DREAM  12",26.99,0,SUPERMARKET,"HOME AND PERSONAL CARE","INFANT AND BABY CARE"
MKL,148386,"SHOPPING BASKET IRONWOOD HANDY F10015 RJK",79,0,"HOUSEWARE & KITCHENWARE","STORAGE AND ORGANIZER",BASKET
MKL,106894,"PARLE GINGER SNAP COOKIES 24G  72",1.09,0,SUPERMARKET,"FOOD CUPBOARD",BISCUITS
MKL,114371,"SHINE CRYSTAL TEASPOONS (50PCS)  50",7.99,0,SUPERMARKET,"HOME AND PERSONAL CARE",DISPOSABLE
MKL,120115,"LAUNDRY BASKET W/LID 43L DROP DESIGN SLIM M-174",159,0,"HOUSEWARE & KITCHENWARE",LAUNDARY,"LAUNDRY BASKET/ITEMS"
MKL,129586,"FARAGELLO GOLD COCKTAIL NECTAR TETRAPACK 250ML  27",7.99,0,SUPERMARKET,BEVERAGES,JUICE
MKL,76088,"TOP CHOCO CHOCOLATE SPREAD 150G  24",14.49,0,SUPERMARKET,"FOOD CUPBOARD","SPREADS AND TOPPING"
MKL,104541,"FONTISSUE TOILET TISSUE 12 ROLLS   4",49.99,0,SUPERMARKET,"HOME AND PERSONAL CARE",DISPOSABLE
MKL,14282,"CAMEL STANDARD LIQUID 125ML 48",16.99,0,SUPERMARKET,"HOME AND PERSONAL CARE","HEALTH AND WELLNESS"
MKL,169712,"AKAI BLENDER W/MILL 1.5L 400W BD074A-639M",349,0,"ELECTRICAL APPLIANCES","FOOD PROCESSOR/BLENDER",BLENDERS
MKL,183978,"CERAMIC BOWL 6"" ZBG-11 RJK",8.9,0,"HOUSEWARE & KITCHENWARE",DINNERWARE,BOWLS
MKL,36728,"FLORA POCKET TISSUE  1X10X30",13.99,0,SUPERMARKET,"HOME AND PERSONAL CARE",DISPOSABLE
MKL,107808,"JUG W/CUP / LID 3000ML PLASTIC HW1024C",29.9,0,"HOUSEWARE & KITCHENWARE",SERVEWARE,"SERVING JUGS"
MKL,124127,"SPONGE NAIL SAVER 5PCS SET 1909109",22.9,0,"HOUSEWARE & KITCHENWARE","HOME HYGIENE","SPONGE SCRUBBERS AND SCOURERS"
MKL,179226,"SCHOOL NAME STICKER 17.5X25CM 10 OPP YW",7.9,0,STATIONERY,"OFFICE STATIONERY","OFFICE BASIC AND STATIONERY"
MKL,115950,"SANITA MULTIPURPOSE ALUMINIUM FOIL 10MX40CM  32",28.99,0,SUPERMARKET,"HOME AND PERSONAL CARE",DISPOSABLE
MKL,132031,"TEA SPOON 6PCS 15CM 22G DYC3 YWU",29.9,0,"HOUSEWARE & KITCHENWARE","CUTLERY ITEMS","SPOONS FORKS KNIFE AND CUTLERY SET"
MKL,49252,"DEVA DISHWASHING LIQUID SOAP APPLE 2.5L  6",73.99,0,SUPERMARKET,"HOME AND PERSONAL CARE","HOUSEHOLD CLEANERS"
MKL,139702,"MCBERRY PURE DELIGHT MARBLE CAKE SLICES 27G 144",2.89,0,SUPERMARKET,"FOOD CUPBOARD",SNACKS
MKL,14719,"EASY MOUZOO MANGO JUICE GLASS BOTTLE 1L 6",32.99,0,SUPERMARKET,BEVERAGES,JUICE
MKL,90117,"HAND MIRROR WHANDLE YWU",29.9,0,"HOUSEWARE & KITCHENWARE",BATHROOM,"BATHROOM ACCESSORIES"
MKL,129603,"OPENER WOOD 8 SHAPE DESIGN YWU",4.9,0,"HOUSEWARE & KITCHENWARE","CUTLERY ITEMS",OPENERS
MKL,193003,"BOTTLE OPENER ZHN KB887",3.9,0,"HOUSEWARE & KITCHENWARE","CUTLERY ITEMS",OPENERS
MKL,51989,"SOFTCARE SANITARY PAD A+ 285MM GOLD  (16PCS)  24",23.99,0,SUPERMARKET,"HOME AND PERSONAL CARE","FEMININE CARE"
MKL,71757,"PARIDOX ALATA SAMINA B&SGEL NONI 450ML  20",41.99,0,SUPERMARKET,"HOME AND PERSONAL CARE","PERSONAL WASH"
MKL,83961,"AKAI AVR 5KVA DIGITAL AVR048AD-5KVA",1799,0,"ELECTRICAL APPLIANCES",ELECTRICALS,AVR/AVS
MKL,162807,"NASCO LED TV 32"" SAT NAS-J32FBFL/B32FBFL",1619,0,"ELECTRONICS & TELECOM","LED TV","SATELLITE TV"
MKL,185415,"CURTAIN BKT GROM BEIG 2P 54X90"" 02-PA-7216A",199,0,"HOME DECOR & TEXTILES",CURTAINS,"GROMMET CURTAINS"
MKL,69587,"MR KANNY CORNFLAKES IN BOX 500G 16",59.99,0,SUPERMARKET,"FOOD CUPBOARD","BREAKFAST CEREALS"
MKL,129601,"OPENER WFRIDGE MAGNET 6X155X12 YWU",4.9,0,"HOUSEWARE & KITCHENWARE","CUTLERY ITEMS",OPENERS
MKL,36408,"2000 WIHTE SUGAR 1KG  10",37.99,0,SUPERMARKET,"FOOD CUPBOARD","SALT  SUGAR AND JAGGERY"
MKL,184381,"CLOTHES HANGER 10PCS SET 40CM METAL XZ32658141 YWU",36.9,0,"HOUSEWARE & KITCHENWARE",LAUNDARY,"CLOTH HANGERS"
MKL,183267,"BEER GLASS 6PCS SET 570ML HOPS BW 8120 RJK",69,0,"HOUSEWARE & KITCHENWARE",GLASSWARE,"BEER MUGS AND BEER GLASS"
MKL,200149,"LELE BLACK TEA ( 25*2G ) 50G  24",10.99,0,SUPERMARKET,BEVERAGES,TEA
MKL,20639,"FARAGELLO APPLE NECTAR TETRA PACK 1L 12 (BLUE)",24.99,0,SUPERMARKET,BEVERAGES,JUICE
MKL,X937,"EVEN FULL CREAM UHT MILK 1L 12",53.99,0,SUPERMARKET,"FOOD CUPBOARD","MILK AND CREAMERS"
MKL,102966,"BELAIR AIR FRESHENER ROSE 150ML  36",11.99,0,SUPERMARKET,"HOME AND PERSONAL CARE",FRESHENERS
MKL,103811,"TWINKLE BABY WIPES ALOEVERA 100SHEETS  12",41.49,0,SUPERMARKET,"HOME AND PERSONAL CARE","INFANT AND BABY CARE"
MKL,119283,"DOMS PENCIL SET 12PCS A1 HEXAGONAL 3414",21.9,0,STATIONERY,"GENERAL STATIONERY","   WRITING SUPPLIES"
MKL,125287,"AIRPRO AEROSOL LAVENDER  300ML  24",28.99,0,SUPERMARKET,"HOME AND PERSONAL CARE",FRESHENERS
MKL,162530,"INDOMIE BELLE FULL CHICKEN INSTANT NOODLES 280G 18",16.49,0,SUPERMARKET,"FOOD CUPBOARD","PASTA AND SPAGHETTI"
MKL,91432,"BECKY QUEEN PEANUT CRAUNCH 230G  12",30.99,0,SUPERMARKET,"FOOD CUPBOARD","BREAKFAST CEREALS"
MKL,N861,"CAMEL ZESTY LIME FRESH LIQUID 250ML 24",29.99,0,SUPERMARKET,"HOME AND PERSONAL CARE","HEALTH AND WELLNESS"
MKL,129822,"ROPE POLYPROPYLENE 8MMX10M YWU",9.9,0,"HOUSEWARE & KITCHENWARE",LAUNDARY,"CLOTH LINE/ STRING"
MKL,167849,"BROOM PLASTIC WWOODEN HANDLE H012 RJK",19.9,0,"HOUSEWARE & KITCHENWARE","HOME HYGIENE","BROOM BRUSHES DUSTPANS"
MKL,178193,"BATH GLOVES COTTON AND LINEN YWU",24.9,0,"HOUSEWARE & KITCHENWARE",BATHROOM,"BATHROOM ACCESSORIES"
MKL,184526,"3PCS BEDSPREAD SET PR 102X86"" MPBSK ASTD",279,0,"HOME DECOR & TEXTILES","BLANKETS QUILTS COMFORTERS AND BEDCOVERS",BEDSPREAD
MKL,96188,"PARIDOX ALATA SAMINA GEL SKIN TONER 500ML 20",44.99,0,SUPERMARKET,"HOME AND PERSONAL CARE","PERSONAL WASH"
MKL,98372,"ENA PA BAKED BEANS IN TOMATO SAUCE 420G  12",14.99,0,SUPERMARKET,"FOOD CUPBOARD","CANNED FOOD"
MKL,156705,"LALDE SOUP SSTEEL YWU",29.9,0,"HOUSEWARE & KITCHENWARE","KITCHEN TOOLS AND CULTARY","COOKING TOOL LADLES AND SERVERS"
MKL,180218,"KLEANZ HAND SANITIZER 50ML (SPRAY)  46",7.29,0,SUPERMARKET,"HOME AND PERSONAL CARE","PERSONAL WASH"
MKL,206554,"KIVO 4 IN 1 STRAWBERRY GARI SOAKING CUPS 120G 12",10.99,0,SUPERMARKET,"FOOD CUPBOARD",FLOURS
MKL,32102,"EVERPACK ALUMINIUM FOIL 37.5FT  24",26.99,0,SUPERMARKET,"HOME AND PERSONAL CARE",DISPOSABLE
MKL,88403,"SAUCE BOTTLE 2PCS SET D8878813A YWU",9.9,0,"HOUSEWARE & KITCHENWARE",KITCHENWARE,"SAUCE/ VINEGAR/ BOTTLES AND SETS"
MKL,106887,"TAMPICO COCKTAIL FRUIT JUICE 500ML 12",7.99,0,SUPERMARKET,BEVERAGES,JUICE
MKL,119286,"DOMS PENCIL SET 6PCS BI-COLOR 12SHADES 7172",17.9,0,STATIONERY,"GENERAL STATIONERY","   WRITING SUPPLIES"
MKL,CL760,"CRISPER CONTAINER RND 3750ML 20CMX17CM",14.9,0,"HOUSEWARE & KITCHENWARE","STORAGE AND ORGANIZER","STORAGE CONTAINERS"
MKL,106997,"AQUALIS BLACK SOAP 200G   36",11.99,0,SUPERMARKET,"HOME AND PERSONAL CARE","PERSONAL WASH"
MKL,134756,"BASKET TRAY PERFORATED PP50352",4.9,0,"HOUSEWARE & KITCHENWARE","STORAGE AND ORGANIZER",BASKET
MKL,135407,"SALAD BOWL 7  WHITE 7SBGGK LPRO RJK",19.9,0,"HOUSEWARE & KITCHENWARE",DINNERWARE,BOWLS
MKL,157091,"AKAI HOME THEATRE SYSTEM 2.1CH HT026A-646",1699,0,"ELECTRONICS & TELECOM",AUDIO,"HOME THEATRE"
MKL,202839,"WINE GLASS 6PCS SET 3011",99,0,"HOUSEWARE & KITCHENWARE",GLASSWARE,"GLASS / TUMBLER /WINE / CHAMPAGNE"
MKL,95402,"COKE PET 300ML 12",6.49,0,SUPERMARKET,BEVERAGES,DRINKS
MKL,99646,"PRINCESS ROLL ON JASMINE 50ML  48",9.99,0,SUPERMARKET,"HOME AND PERSONAL CARE",FRAGRANCES
MKL,149663,"DZIRE FRIDGE SD 89L SILVER REF-SD-1113A",1799,0,"ELECTRICAL APPLIANCES",REFRIGERATOR,"SD REFRIGERATOR"
MKL,156280,"MOLINERA SUGARFREE REDGRAPE JUICE 1L 12",33.49,0,SUPERMARKET,BEVERAGES,JUICE
MKL,161075,"AKAI FRIDGE DD 205L SILVER RF060AC-28D",3499,0,"ELECTRICAL APPLIANCES",REFRIGERATOR,"DD TMF REFRIGERATOR"
MKL,162672,"SERVING BOWL MELAMINE 10 INCHES FEILU 787106",16.9,0,"HOUSEWARE & KITCHENWARE","MELAMINE WARE","MEL BOWL/BOWL+COVER"
MKL,163638,"KISS APPLE SPARKLING DRINK 750ML  6",42.99,0,SUPERMARKET,"BEVERAGES ALCOHOLIC",WINES
MKL,168660,"HEAVEN DARK SOY SAUCE 150ML  48",10.99,0,SUPERMARKET,"FOOD CUPBOARD",CONDIMENTS
MKL,168872,"KNIFE FRUIT 6PCS 4 HTCD015 RJK",19.9,0,"HOUSEWARE & KITCHENWARE","KNIFE AND CHOPPING BOARD","KNIFE SETS"
MKL,169370,"BOTTLE KIDS ALU PAW PATROL 500ML",49.9,0,STATIONERY,"SCHOOL AND CHILDREN STATIONERY","SCHOOL WATER BOTTLES"
MKL,49251,"DEVA DISHWASHING LIQUID SOAP LEMON 2.5L  6",73.99,0,SUPERMARKET,"HOME AND PERSONAL CARE","HOUSEHOLD CLEANERS"
MKL,87987,"JUVER SELECCION ORANGE BOTTLE JUICE  850ML  12",42.49,0,SUPERMARKET,BEVERAGES,JUICE
MKL,98479,"AMALFI HAND SOAP PINA COLADA  500ML  12",25.99,0,SUPERMARKET,"HOME AND PERSONAL CARE","PERSONAL WASH"
MKL,104670,"ORAL B JUNIOR TB STAR WARS (6-12) YEARS   96",55.99,0,SUPERMARKET,"HOME AND PERSONAL CARE","ORAL CARE"
MKL,134246,"LISTERINE MOUTHWASH MILD & MINTY 500ML 6",76.99,0,SUPERMARKET,"HOME AND PERSONAL CARE","ORAL CARE"
MKL,138235,"ROSSWOOD PREM ROASTED CASHEW NUTS SPICED 168G  24",60.99,0,SUPERMARKET,"FOOD CUPBOARD",SNACKS
MKL,88165,"FONS ULTRA SERVIETTE TISSUE IPLY 100SHEETS  30",10.29,0,SUPERMARKET,"HOME AND PERSONAL CARE",DISPOSABLE
MKL,101013,"CURTAIN POLYESTER 52X84  WHANGER BLK95",129,0,"HOME DECOR & TEXTILES",CURTAINS,"GROMMET CURTAINS"
MKL,114184,"SKYFALLS DISPENSING MINERAL WATER 17L 1",39.99,0,SUPERMARKET,BEVERAGES,"MINERAL WATER"
MKL,168869,"KNIFE FRUIT 6PCS 45 CPQT01B45UT6DB RJK",29.9,0,"HOUSEWARE & KITCHENWARE","KNIFE AND CHOPPING BOARD","KNIFE SETS"
MKL,95691,"ODEX BLEACH REGULAR 4L  4",93.99,0,SUPERMARKET,"HOME AND PERSONAL CARE","HOUSEHOLD CLEANERS"
MKL,99602,"ENA PA NON-DAIRY CREAMER 20G 200",1.89,0,SUPERMARKET,"FOOD CUPBOARD","MILK AND CREAMERS"
MKL,130133,"AWAKE MELCOM WATER 330ML  15",1.79,0,SUPERMARKET,BEVERAGES,"MINERAL WATER"
MKL,138806,"BUMBLE BABY WET WIPES 100 PCS LA BELLA  12",26.99,0,SUPERMARKET,"HOME AND PERSONAL CARE","INFANT AND BABY CARE"
MKL,169949,"KEL KIDS TOOTHPASTE 75G  48",14.49,0,SUPERMARKET,"HOME AND PERSONAL CARE","ORAL CARE"
MKL,192231,"BELLORA FOOD STORAGE BOWL W/LID 3PCS SET HL7012DCL",29.9,0,"HOUSEWARE & KITCHENWARE","STORAGE AND ORGANIZER","STORAGE CONTAINERS"
MKL,106993,"AQUALIS LUXURY BATH SOAP CARROT OIL 300G  24",17.99,0,SUPERMARKET,"HOME AND PERSONAL CARE","PERSONAL WASH"
MKL,141431,"PAN SPOON PIPE HANDLE 9  59051",9.9,0,"HOUSEWARE & KITCHENWARE","KITCHEN TOOLS AND CULTARY","COOKING TOOL LADLES AND SERVERS"
MKL,164277,"FROSTY BITE CHOCOLATE TUB 250ML 12",13.49,0,SUPERMARKET,"FROZEN FOOD",ICE-CREAM
MKL,168208,"AKAI CHEST FREEZER SD 100L CF045AC-100W",3089,0,"ELECTRICAL APPLIANCES",FREEZER,"SINGLE DOOR FREEZER"
MKL,168419,"SOUP PLATE 85 FDL018 RJK",16.9,0,"HOUSEWARE & KITCHENWARE",DINNERWARE,PLATE
MKL,194968,"LADLE SOUP SPOON SILICONE ZHN HR22PC-13DS",9.9,0,"HOUSEWARE & KITCHENWARE","KITCHEN TOOLS AND CULTARY","COOKING TOOL LADLES AND SERVERS"
MKL,37465,"CUSSONS BABY LOTION MILD & GENTLE  200ML 24",20.49,0,SUPERMARKET,"HOME AND PERSONAL CARE","INFANT AND BABY CARE"
MKL,98943,"MY BLOCKS LEGO GAMES 32PCS TY-304",22.99,0,"TOYS AND ENTERTAINMENT","BLOCKS AND CONSTRUCTION SETS","STACKING AND PLUGGING TOYS"
MKL,116480,"NANA MILK PLAIN YOGHURT 500G  1",23.99,0,SUPERMARKET,"FRESH DAIRY AND EGGS",Yoghurt
MKL,180235,"STYLE UP SHOWER GEL REFRESH 1050ML  20",42.99,0,SUPERMARKET,"HOME AND PERSONAL CARE","PERSONAL WASH"
MKL,190054,"SERVING BOWL 7PCS SET 1300ML300ML GLASS YWU",79,0,"HOUSEWARE & KITCHENWARE",GLASSWARE,"GLASS BOWL"
MKL,190729,"MANICURE 4PCS SET YWU",16.9,0,"HOUSEWARE & KITCHENWARE",BATHROOM,"BATHROOM ACCESSORIES"
MKL,192002,"MELCOM KITCHEN TOWEL XL 6",32.99,0,SUPERMARKET,"HOME AND PERSONAL CARE",DISPOSABLE
MKL,66683,"EVP COLORED DISPO. 2LAYER CUPS 500CC(50PX20)  20",46.99,0,SUPERMARKET,"HOME AND PERSONAL CARE",DISPOSABLE
MKL,156224,"CASTILLO DE LANDA ROSE SWEET WINE 11%VOL 750ML 12",79.99,0,SUPERMARKET,"BEVERAGES ALCOHOLIC",WINES
MKL,159990,"DUSTBIN 44 LITRE METAL BLACK WIRE 29X34CM YWU",36.9,0,"HOUSEWARE & KITCHENWARE","HOME HYGIENE",DUSTBINS
MKL,183505,"CUP MELAMINE ZHN 2360",9.9,0,"HOUSEWARE & KITCHENWARE","MELAMINE WARE","MEL MUGS AND CUPS"
MKL,60380,"SERVING BOWL MELAMINE 10 INCHES ZHN G3201210",19.9,0,"HOUSEWARE & KITCHENWARE","MELAMINE WARE","MEL BOWL/BOWL+COVER"
MKL,134437,"KRACKS CHIPS PAPRIKA 160G  14",42.99,0,SUPERMARKET,"FOOD CUPBOARD",SNACKS
MKL,18384,"BABY BOY POWDER MS 180G   4",12.99,0,SUPERMARKET,"HOME AND PERSONAL CARE","INFANT AND BABY CARE"
MKL,186107,"2PCS OVEN MITTEN&POT HOLDER SET 18X30CM ASS OVM-01",34.9,0,"HOME DECOR & TEXTILES","DISH CLOTHS AND NAPKINS","APRON AND GLOVES"
MKL,80153,"SOAP DISH SUCTION R5140 RJK",34.9,0,"HOUSEWARE & KITCHENWARE",BATHROOM,"SOAP DISH CASE DISPENSERS"
MKL,85653,"EASY MOUZOO APPLE JUICE GLASS BOTTLE 250ML  24",10.99,0,SUPERMARKET,BEVERAGES,JUICE
MKL,153259,"LAV TUMBLER 6PC LV-LBR308F",9.9,0,"HOUSEWARE & KITCHENWARE",GLASSWARE,"GLASS / TUMBLER /WINE / CHAMPAGNE"
MKL,153266,"LAV STEMWARE 3PCS LV-EMP568A",59,0,"HOUSEWARE & KITCHENWARE",GLASSWARE,"GLASS / TUMBLER /WINE / CHAMPAGNE"
MKL,CL616,"BASKET WITH LID FLORA 31CMX17CM",14.9,0,"HOUSEWARE & KITCHENWARE","STORAGE AND ORGANIZER",BASKET
MKL,N857,"CUSSONS BABY SOAP MILD &GENTLE 70G 96",5.99,0,SUPERMARKET,"HOME AND PERSONAL CARE","INFANT AND BABY CARE"
MKL,102968,"BELAIR AIR FRESHENER VANILLA 150ML  36",11.99,0,SUPERMARKET,"HOME AND PERSONAL CARE",FRESHENERS
MKL,113811,"MCBERRY DEXTERS 3+2 BUTTER CREAM CRACKERS 30G  48",1.39,0,SUPERMARKET,"FOOD CUPBOARD",BISCUITS
MKL,119267,"DOMS PENCIL SET 12PCS FUSION X-TRA SUPER DARK 7675",28.9,0,STATIONERY,"GENERAL STATIONERY","   WRITING SUPPLIES"
MKL,138815,"BALL PEN PROXIMA 25PC JAR BLACK DOMS 8658",28.9,0,STATIONERY,"GENERAL STATIONERY","   WRITING SUPPLIES"
MKL,179207,"DIARY 80 GSM 17.1X24.3CM B5 ASST DESIGN COL YW",22.9,0,STATIONERY,"SCHOOL AND CHILDREN STATIONERY","NOTE BOOKS"
MKL,85566,"WHITE HILLS RESERVE WHISKY 42.8% 750ML  12",79.99,0,SUPERMARKET,"BEVERAGES ALCOHOLIC",WHISKEY
MKL,99664,"STYLE UP ROLL ON FRESH 50ML  6",9.99,0,SUPERMARKET,"HOME AND PERSONAL CARE",FRAGRANCES
MKL,112554,"SLOTTED LADLE WOODENNYLON LX165619B YWU",9.9,0,"HOUSEWARE & KITCHENWARE","KITCHEN TOOLS AND CULTARY","COOKING TOOL LADLES AND SERVERS"
MKL,207818,"EXERCISE BOOK NOTE 1 40SHEET 80PAGES",4.49,0,STATIONERY,"SCHOOL AND CHILDREN STATIONERY","NOTE BOOKS"
MKL,50456,"TOP CHOCO BREAD SPREAD 650G  12",53.99,0,SUPERMARKET,"FOOD CUPBOARD","SPREADS AND TOPPING"
MKL,104672,"ORAL B TOOTHBRUSH MICKEY SOFT)   96",27.49,0,SUPERMARKET,"HOME AND PERSONAL CARE","ORAL CARE"
MKL,100813,"DINNER KNIFE 6 PCS T-01KN",9.9,0,"HOUSEWARE & KITCHENWARE","CUTLERY ITEMS","SPOONS FORKS KNIFE AND CUTLERY SET"
MKL,197088,"MCBERRY CHOCO VANILLA BALLS BISCUITS 19G  100",1.99,0,SUPERMARKET,"FOOD CUPBOARD",BISCUITS
MKL,32100,"EVERPACK TRASH BAG MEDIUM 25L  12",54.99,0,SUPERMARKET,"HOME AND PERSONAL CARE",DISPOSABLE
MKL,86916,"BRAGG APPLES CIDER VINEGAR 473ML  12",144.99,0,SUPERMARKET,"FOOD CUPBOARD",CONDIMENTS
MKL,119593,"FARAGELLO GOLD  GUAVA NECTAR BOTTLE 250ML 24",11.99,0,SUPERMARKET,BEVERAGES,JUICE
MKL,134089,"SANITA EASY LOCK  STORAGE BAG SMALL 50X20",21.99,0,SUPERMARKET,"HOME AND PERSONAL CARE",DISPOSABLE
MKL,149765,"BAKING SPATULA SILICONE ILB BD600KA0420 RJK",24.9,0,"HOUSEWARE & KITCHENWARE","KITCHEN TOOLS AND CULTARY",SPATULA
MKL,164408,"WATER BOTTLE 690ML PLASTIC INSULATED BTSKOOL RIDER",9.9,0,"HOUSEWARE & KITCHENWARE","FLASK AND BOTTLES",BOTTLE
MKL,110131,"SPAGHETTI TONG 20CM SS S2093",9.9,0,"HOUSEWARE & KITCHENWARE","KITCHEN TOOLS AND CULTARY",TONGS
MKL,197988,"MCBERRY GRANDE TWIN CHOCO WAFER 39G  144",2.09,0,SUPERMARKET,"FOOD CUPBOARD",BISCUITS
MKL,68488,"BARON DE FRANC MEDIUM SWEET RED WINE 750ML  6",72.99,0,SUPERMARKET,"BEVERAGES ALCOHOLIC",WINES
MKL,179131,"ANIMAL HOPPERS TOYS ASSORTED DESIGN 1300G YW",119,0,"TOYS AND ENTERTAINMENT","ROLE PLAY AND PRETEND TOYS","ANIMAL TOYS"
MKL,209240,"PEPSODENT TP FIFA ANTIBACTERIA MV 95G 36",22.99,0,SUPERMARKET,"HOME AND PERSONAL CARE","ORAL CARE"
MKL,98557,"MADAR WASHING POWDER 150G  40",5.99,0,SUPERMARKET,"HOME AND PERSONAL CARE","LAUNDRY CARE"
MKL,N921,"PURE HEAVEN SPK WINE PEACH & WHITE GRAPE 750ML  12",51.49,0,SUPERMARKET,"BEVERAGES ALCOHOLIC",WINES
MKL,179161,"POPIT ASSORTED DESIGN TOYS",24.9,0,"TOYS AND ENTERTAINMENT","SOFT TOYS","STUFFED ANIMALS"
MKL,183629,"DINNER KNIFE 6PCS 2920KN",22.9,0,"HOUSEWARE & KITCHENWARE","CUTLERY ITEMS","SPOONS FORKS KNIFE AND CUTLERY SET"
MKL,106551,"MIDEA LED BULB A 9W E27 COOL MDL-BUA6009W-6500K",8.25,0,"ELECTRICAL APPLIANCES","LIGHT BULBS","LED BULB"
MKL,129304,"BOWL DOUBLE COLOUR PLASTIC L-00489",12.9,0,"HOUSEWARE & KITCHENWARE",SERVEWARE,"SERVING BOWL"
MKL,85590,"PLAY & LEARN BLOCKS SETS P-1287",12.99,0,"TOYS AND ENTERTAINMENT","BLOCKS AND CONSTRUCTION SETS","STACKING AND PLUGGING TOYS"
MKL,97250,"SAIRO  ROLL- ON  UNISEX DERMO 50ML   12",17.99,0,SUPERMARKET,"HOME AND PERSONAL CARE",FRAGRANCES
MKL,110507,"EPLUS LED BULB 9W 85-265V",22,0,"ELECTRICAL APPLIANCES","LIGHT BULBS","LED BULB"
MKL,CL717,"CONTAINER 4900ML OPAQUE 30CMX21CMX12CM",29.9,0,"HOUSEWARE & KITCHENWARE","STORAGE AND ORGANIZER","STORAGE CONTAINERS"
MKL,N862,"CAMEL ZESTY LIME FRESH LIQUID 500ML 24",56.99,0,SUPERMARKET,"HOME AND PERSONAL CARE","HEALTH AND WELLNESS"
MKL,117652,"STORAGE BOX 3PCS SET PLASTIC UR-3209",14.9,0,"HOUSEWARE & KITCHENWARE","STORAGE AND ORGANIZER","STORAGE CONTAINERS"
MKL,131548,"YOGA VANILA WITH WHEAT YOGHURT 330ML 1",19.99,0,SUPERMARKET,"FRESH DAIRY AND EGGS",Yoghurt
MKL,139760,"MUG 330ML CERAMIC WSILVER LINE YWU",14.9,0,"HOUSEWARE & KITCHENWARE",DINNERWARE,MUGS
MKL,164084,"DIVIDED CONTAINER AIRTIGHT PLASTIC 161575-012",19.9,0,"HOUSEWARE & KITCHENWARE","STORAGE AND ORGANIZER","STORAGE CONTAINERS"
MKL,88232,"AKAI HOME THEATRE SYSTEM 2.1CH SS055A-C641",1899,0,"ELECTRONICS & TELECOM",AUDIO,"HOME THEATRE"
MKL,CL715,"SPICE CONTAINER 750ML 12.6CMX12.6CMX10.2CM",5.5,0,"HOUSEWARE & KITCHENWARE","STORAGE AND ORGANIZER","STORAGE CONTAINERS"
MKL,17838,"SURE MEN APA ACTIVE DRY SPRAY 250ML 6",44.99,0,SUPERMARKET,"HOME AND PERSONAL CARE",FRAGRANCES
MKL,187474,"TRASH BIN PLASTIC GREY RJK G5270",299,0,"HOUSEWARE & KITCHENWARE","HOME HYGIENE",DUSTBINS
MKL,78641,"CHRISTMAS TREE TOP  MIX COLOR 1707",7.9,0,"HOME DECOR & TEXTILES","XMAS SEASONAL","xmas season"
MKL,100246,"BEDSHEET SET QUEENSIZE 125GSM 3PCS QBS-76",159,0,"HOME DECOR & TEXTILES","BED SHEET","QUEEN SIZE BEDSHEET"
MKL,166368,"COLANDER WSIDE HANDLES 22.5CM SSTEEL XY-2306",28.9,0,"HOUSEWARE & KITCHENWARE","KITCHEN TOOLS AND CULTARY",COLANDERS
MKL,103764,"GIVERS LIQUID DETERGENT 5L  4",81.99,0,SUPERMARKET,"HOME AND PERSONAL CARE","LAUNDRY CARE"
MKL,108214,"LITORAL WHITE WINE 750ML 12",82.99,0,SUPERMARKET,"BEVERAGES ALCOHOLIC",WINES
MKL,115211,"TABLE LAMP 37CM APPROX 2COLOR MIX CT1501-51S",279,0,"HOME DECOR & TEXTILES","HOME DECOR","DECORATIVE LIGHTS AND LAMPS"
MKL,138371,"DALGETY INSTANT GINSENG & GINGER (9G*10) 45",30.99,0,SUPERMARKET,BEVERAGES,TEA
MKL,184785,"WHISKEY GLASS 6PCS SET 340ML DSKB103-2A/2B",75,0,"HOUSEWARE & KITCHENWARE",GLASSWARE,"GLASS / TUMBLER /WINE / CHAMPAGNE"
MKL,92867,"TOYS BUBBLE GUN SET LX0305646",85,0,"TOYS AND ENTERTAINMENT","BACKYARD PLAY","SWIMMING AND POOL ACCESSORIES"
MKL,102864,"BATHROOM CORNER SHELF W/HOLDER PLASTIC L-00289",29.9,0,"HOUSEWARE & KITCHENWARE",BATHROOM,"BATHROOM SHELF RACKS HOLDERS"
MKL,112343,"OCEAN FRIDGE DD 216L SILVER OC 272 TZS A+",5979,0,"ELECTRICAL APPLIANCES",REFRIGERATOR,"DD TMF REFRIGERATOR"
MKL,178219,"BATH SPONGE SET NYLON YWU",19.9,0,"HOUSEWARE & KITCHENWARE",BATHROOM,"BATH BRUSH SPONGES SCOURERS"
MKL,182385,"BBQ PORTABLE WCOOLER BAG",49.9,0,"HOUSEWARE & KITCHENWARE",KITCHENWARE,"BAR TOOLS AND ACCESSORIES"
MKL,92276,"AIRPORT CHAIR 3SEATER 180X66X79CM B503",1490,0,FURNITURE,"OFFICE  STUDY AND COMPUTER TABLES AND BOOKCASE","CHAIRS OFFICE AND STUDY"
MKL,CL720,"BOWL WITH LID 24CMX10CM",9.9,0,"HOUSEWARE & KITCHENWARE",SERVEWARE,"SERVING BOWL"
MKL,148385,"SHOPPING BASKET HANDY IRONWOOD ROUND F10626 RJK",69,0,"HOUSEWARE & KITCHENWARE","STORAGE AND ORGANIZER",BASKET
MKL,164715,"IRONING BOARD 241",479,0,"HOUSEWARE & KITCHENWARE",LAUNDARY,"IRONING BOARD WITH STORAGE"
MKL,181838,"DEEP PLATE STAINLESS STEEL 22CM LDS011",8.9,0,"HOUSEWARE & KITCHENWARE",DINNERWARE,PLATE
MKL,46884,"SERVING BOWL MELAMINE 10 INCHES ZHN C03510",22.9,0,"HOUSEWARE & KITCHENWARE","MELAMINE WARE","MEL BOWL/BOWL+COVER"
MKL,92265,"SOFTCARE A+ SANITARY PAD YELLOW 16PCS   24",23.99,0,SUPERMARKET,"HOME AND PERSONAL CARE","FEMININE CARE"
MKL,92777,"TUMBLER 4PCS SET PLASTIC 4580M37 YWU",9.9,0,"HOUSEWARE & KITCHENWARE",DINNERWARE,CUP
MKL,A993,"CERES RED GRAPE BOTTLE 275ML 24",24.99,0,SUPERMARKET,BEVERAGES,JUICE
MKL,CL155,"BUCKET WITH LID 20LTR 35CMX36CM",44.9,0,"HOUSEWARE & KITCHENWARE",LAUNDARY,"BUCKETS AND BASINS"
MKL,106822,"SHINE TOILET PAPER PREMIUM (10PCS)  1",48.99,0,SUPERMARKET,"HOME AND PERSONAL CARE",DISPOSABLE
MKL,129588,"FARAGELLO GOLD ORANGE NECTAR TETRAPACK 250ML  27",7.99,0,SUPERMARKET,BEVERAGES,JUICE
MKL,131068,"SAIRO ROLL ON ANTI-WHITE MARKS 50ML  12",22.99,0,SUPERMARKET,"HOME AND PERSONAL CARE",FRAGRANCES
MKL,198454,"LELE MAYONNAISE 250G  12",25.99,0,SUPERMARKET,"FOOD CUPBOARD","SPREADS AND TOPPING"
MKL,60956,"BINATONE BLENDER  W/MILL 1.5L 350W BLG402/402 MK2",669,0,"ELECTRICAL APPLIANCES","FOOD PROCESSOR/BLENDER",BLENDERS
MKL,121151,"PICCADILLY POPCORN LIGHTLY SALTED 15G 20",1.19,0,SUPERMARKET,"FOOD CUPBOARD",BISCUITS
MKL,50455,"TOP CHOCO BREAD SPREAD 370G 12",31.99,0,SUPERMARKET,"FOOD CUPBOARD","SPREADS AND TOPPING"
MKL,78971,"CHRISTMAS DECORATION STAR 60PCS",6.9,0,"HOME DECOR & TEXTILES","XMAS SEASONAL","xmas season"
MKL,CL699,"BOWL FUFU 2000ML 23CMX22CMX9CM",5.9,0,"HOUSEWARE & KITCHENWARE",SERVEWARE,"SERVING BOWL"
MKL,122003,"DOLAIT PINA COLADA  DRINKING YOGURT 200ML 10",9.99,0,SUPERMARKET,"FRESH DAIRY AND EGGS",Yoghurt
MKL,148448,"MUG 350ML CERAMIC DESIGNER YWU",12.9,0,"HOUSEWARE & KITCHENWARE",DINNERWARE,MUGS
MKL,167509,"XMAS TREE 1.2M 350T",499,0,"HOME DECOR & TEXTILES","XMAS SEASONAL","xmas season"
MKL,183436,"TUMBLER GLASS EMBOSSED 400ML 3PCS SET 3GS02 RJK",34.9,0,"HOUSEWARE & KITCHENWARE",GLASSWARE,"GLASS / TUMBLER /WINE / CHAMPAGNE"
MKL,193477,"DOOR MAT RUBBER PP 16MM ASTD 50X80CM",65,0,"HOME DECOR & TEXTILES","FLOOR MATS","DOOR MAT"
MKL,202184,"SOFTCARE PINK SANITARY PAD 16PCS   24",16.49,0,SUPERMARKET,"HOME AND PERSONAL CARE","FEMININE CARE"
MKL,179579,"DIY HAIRBALL PICTURE CRAFT 30X30CM W/STAND ASST DE",33.9,0,STATIONERY,"SCHOOL AND CHILDREN STATIONERY","ART AND HOBBY SETS"
MKL,88923,"AKAI CEILING FAN 56"" EF083A-C5610BG",399,0,"ELECTRICAL APPLIANCES",FAN,"CEILING FAN"
MKL,168874,"KNIFE FRUIT SET 6PCS 4 CP003STM6DB RJK",19.9,0,"HOUSEWARE & KITCHENWARE","KNIFE AND CHOPPING BOARD","KNIFE SETS"
MKL,183274,"ICECREAM CUP 6PC SET 200ML GELATO PJ 027 RJK",49.9,0,"HOUSEWARE & KITCHENWARE",GLASSWARE,"ICE-CREAM CUPS AND BOWL /DESSERT SET"
MKL,185176,"DINNER PLATE 10INCHES CERAMIC WHITE BCJ105 RJK",12.9,0,"HOUSEWARE & KITCHENWARE",DINNERWARE,PLATE
MKL,29331,"ANNAPURNA IODISED SALT 200G  100",3.19,0,SUPERMARKET,"FOOD CUPBOARD","SALT  SUGAR AND JAGGERY"
MKL,71756,"PARIDOX ALATA SAMINA B&SGEL MORINGA 450ML 20",41.99,0,SUPERMARKET,"HOME AND PERSONAL CARE","PERSONAL WASH"
MKL,CL604,"FOOD COVER 25CMX14CM",11.9,0,"HOUSEWARE & KITCHENWARE",KITCHENWARE,"KITCHEN ACCESSORIES"
MKL,H0073,"L-ARTISAN BANANA COOKIES 80GM",11.99,0,SUPERMARKET,BAKERY,"BANANA COOKIES"
MKL,X989,"MEDISOFT SOAP PINK 90G 72",6.99,0,SUPERMARKET,"HOME AND PERSONAL CARE","PERSONAL WASH"
MKL,129610,"OPENER 125X4 YWU",4.9,0,"HOUSEWARE & KITCHENWARE","CUTLERY ITEMS",OPENERS
MKL,159752,"PENCIL CASE A5 WITH ZIPPER",32.9,0,STATIONERY,"GENERAL STATIONERY","   WRITING SUPPLIES"
MKL,164276,"FROSTY BITE STRAWBERRY TUB 250ML 12",13.49,0,SUPERMARKET,"FROZEN FOOD",ICE-CREAM
MKL,161900,"BOWL W/RING LID LARGE 500ML PLASTIC L-00882",14.9,0,"HOUSEWARE & KITCHENWARE","STORAGE AND ORGANIZER","STORAGE CONTAINERS"
MKL,180688,"DZIRE LIGHT RECHARGEABLE  RL30-823A",119,0,"ELECTRICAL APPLIANCES",LIGHTING/LAMPS,"TORCH/ LANTERN"
MKL,124861,"MEASURING JUG  500ML PLASTIC AP-9059",4.9,0,"HOUSEWARE & KITCHENWARE",BAKEWARE,"BAKING TOOLS AND ACCESSORIES"
MKL,167395,"DINNER PLATE 105 WBC105 RJK",14.9,0,"HOUSEWARE & KITCHENWARE",DINNERWARE,PLATE
MKL,49364,"UNOLI SOYABEAN OIL 1L  12",59.49,0,SUPERMARKET,"FOOD CUPBOARD","EDIBLE OILS AND GHEE"
MKL,180219,"KLEANZ HAND SOAP ORIGINAL ANTIBACTERIAL 500ML  4",22.99,0,SUPERMARKET,"HOME AND PERSONAL CARE","PERSONAL WASH"
MKL,194947,"LADLE TURNER LONG SILICONE ZHN HR22PC-22DS",8.9,0,"HOUSEWARE & KITCHENWARE","KITCHEN TOOLS AND CULTARY","COOKING TOOL LADLES AND SERVERS"
MKL,114716,"ENGLISH DICTIONARY MINI 619PAGES EB-847",32.99,0,STATIONERY,"CHILDREN BOOKS AND GEN REF","BOOKS AND LEARNINGS"
MKL,179850,"AKAI BLENDER W/MILL 1.8L 500W BD076A-87M",369,0,"ELECTRICAL APPLIANCES","FOOD PROCESSOR/BLENDER",BLENDERS
MKL,183265,"BEER MUG 6PCS SET 550ML DOMINGO PJ 511901 RJK",99,0,"HOUSEWARE & KITCHENWARE",GLASSWARE,"BEER MUGS AND BEER GLASS"
MKL,84515,"CHRISTMAS DECORATION 12PCS",5.9,0,"HOME DECOR & TEXTILES","XMAS SEASONAL","xmas season"
MKL,140567,"MEANNAN WHITE SUGAR 1KG  12",35.99,0,SUPERMARKET,"FOOD CUPBOARD","SALT  SUGAR AND JAGGERY"
MKL,15886,"BINE MULTI PURPOSE LIQUID SOAP 1L  12",18.99,0,SUPERMARKET,"HOME AND PERSONAL CARE","HOUSEHOLD CLEANERS"
MKL,110746,"SANITA CLUB TRASH BAGS  8GALONSX30PCS   20",21.99,0,SUPERMARKET,"HOME AND PERSONAL CARE",DISPOSABLE
MKL,164274,"FROSTY BITE VANILLA TUB 250ML 12",13.49,0,SUPERMARKET,"FROZEN FOOD",ICE-CREAM
MKL,14822,"DEVA SOFTENER LAVENDER 1000ML 12 10502",43.99,0,SUPERMARKET,"HOME AND PERSONAL CARE","LAUNDRY CARE"
MKL,88961,"SERVING BOWL MELAMINE 10 INCHES ZHN C09610",19.9,0,"HOUSEWARE & KITCHENWARE","MELAMINE WARE","MEL BOWL/BOWL+COVER"
MKL,101079,"TOPCO MULTIPURPOSE SOAP 300G   36",7.49,0,SUPERMARKET,"HOME AND PERSONAL CARE","LAUNDRY CARE"
MKL,127555,"DZIRE WASHING MACHINE TT 7.2 KG WMTT72-8006S",2639,0,"ELECTRICAL APPLIANCES","WASHING MACHINE","TWIN TUB WM"
MKL,167502,"BEVERAGE DISPENSER  WLIDBASE 6L 97004W RJK",239,0,"HOUSEWARE & KITCHENWARE",GLASSWARE,"DISPENSERS / DECANTER SETS"
MKL,179014,"TOY DUMPER TRUCK TOY  OPP YW",21.9,0,"TOYS AND ENTERTAINMENT","TOYS CARS TRAINS AND VEHICLES","FRICTION TOYS"
MKL,97745,"BINATONE RICE COOKER 2.8L RCSG 2805",979,0,"ELECTRICAL APPLIANCES","RICE/ MULTI COOKER","POT TYPE RICE COOKER"
MKL,99923,"WINDOW SHADE YE3 200X200 BROWN",599,0,"HOME DECOR & TEXTILES",BLINDS,"2.0 mtrs"
MKL,108468,"FIZZY COLA DRINK 350ML 20",3.19,0,SUPERMARKET,BEVERAGES,DRINKS
MKL,126220,"AIRPRO  AIRREFRSHNER ORGANIC CAN  NEW CAR 42G 24",39.99,0,SUPERMARKET,"HOME AND PERSONAL CARE",FRESHENERS
MKL,179801,"TOILET BRUSH WSTAND PLASTIC 5035",19.9,0,"HOUSEWARE & KITCHENWARE","HOME HYGIENE","TOILET BRUSHES"
MKL,183602,"CERAMIC BELL BOWL 425 24FDL132 RJK",14.9,0,"HOUSEWARE & KITCHENWARE",DINNERWARE,BOWLS
MKL,129600,"OPENER WFRIDGE MAGNET 85X13X12 YWU",4.9,0,"HOUSEWARE & KITCHENWARE","CUTLERY ITEMS",OPENERS
MKL,133029,"CHOPPING BOARD 30X40X18CM BAMBOO YWU",79,0,"HOUSEWARE & KITCHENWARE","KNIFE AND CHOPPING BOARD","CHOPPING BOARDS AND CHOPPERS"
MKL,136952,"DISH RACK 44.5X30.5X5CM SK-48",19.9,0,"HOUSEWARE & KITCHENWARE",KITCHENWARE,"DISH RACKS"
MKL,183606,"CERAMIC COUPE DINNER PLATE 95 FLW95INCH RJK",19.9,0,"HOUSEWARE & KITCHENWARE",DINNERWARE,PLATE
MKL,34901,"HABIBA COCOA BUTTER POMADE BS  250ML 6",27.99,0,SUPERMARKET,"HOME AND PERSONAL CARE","SKIN CARE"
MKL,98560,"MADAR WASHING POWDER 3KG 1",142.99,0,SUPERMARKET,"HOME AND PERSONAL CARE","LAUNDRY CARE"
MKL,CL127,"PLATE ENAMPA 21CMX3CM",2.9,0,"HOUSEWARE & KITCHENWARE",DINNERWARE,PLATE
MKL,122876,"SERVING BOWL MELAMINE 9 INCHES FEILU 74295",9.9,0,"HOUSEWARE & KITCHENWARE","MELAMINE WARE","MEL BOWL/BOWL+COVER"
MKL,18381,"BABY GIRL POWDER M/S 180G   4",12.99,0,SUPERMARKET,"HOME AND PERSONAL CARE","INFANT AND BABY CARE"
MKL,19895,"FROSTY BITE ICE CREAM CUP CHOCOLATE 150ML 24",6.99,0,SUPERMARKET,"FROZEN FOOD",ICE-CREAM
MKL,32791,"EASY MOUZOO ORANGE TETRAPACK  200ML 27",5.49,0,SUPERMARKET,BEVERAGES,JUICE
MKL,87294,"HUAWEI MOBILE Y7 2018 SCREEN PROTECTOR",29,0,"ELECTRONICS & TELECOM","MOBILE ACCESSORIES","MOBILE COVERS/SCREEN PROTECTORS"
MKL,164619,"CORNER SHELF 2TIER METAL ORSA 910",79,0,"HOUSEWARE & KITCHENWARE",BATHROOM,"BATHROOM SHELF RACKS HOLDERS"
MKL,74494,"MEN-S RAINCOAT",75,0,"HOME DECOR & TEXTILES","HOME DECOR",XMAS
MKL,113461,"BLING MAGIC LEMON MULTIPURPOSE LIQUID 750ML   12",15.99,0,SUPERMARKET,"HOME AND PERSONAL CARE","HOUSEHOLD CLEANERS"
MKL,180232,"STYLE UP SHOWER GEL FOCUS 1050ML  20",42.99,0,SUPERMARKET,"HOME AND PERSONAL CARE","PERSONAL WASH"
MKL,197830,"NESTLE CERELAC WHEAT& MILK NO REFIND SUGAR 400G 12",50.99,0,SUPERMARKET,"FOOD CUPBOARD","BABY FOOD"
MKL,CL606,"MIXING BOWL LARGE 30CMX27CMX14CM",19.9,0,"HOUSEWARE & KITCHENWARE",SERVEWARE,"SERVING BOWL"
MKL,CL709,"TAKE AWAY CONTAINER 750ML 19.2CMX13CMX5.5CM",2.9,0,"HOUSEWARE & KITCHENWARE",DISPOSABLES,"DISPOSABLE CONTAINERS"
MKL,186191,"DZIRE POWER BLENDER W/MILL 2L 550W PCJAR BLC-HB001",689,0,"ELECTRICAL APPLIANCES","COMMERCIAL APPLIANCES","COMMERCIAL BLENDER"
MKL,85651,"EASY MOUZOO APPLE JUICE GLASS BOTTLE 1L  6",32.99,0,SUPERMARKET,BEVERAGES,JUICE
MKL,88468,"SERVING TRAY 35CM ROUND PLASTIC YWU",16.9,0,"HOUSEWARE & KITCHENWARE",SERVEWARE,"SERVING TRAYS"
MKL,103766,"GIVERS LIQUID DETERGENT 2.5L  6",53.99,0,SUPERMARKET,"HOME AND PERSONAL CARE","LAUNDRY CARE"
MKL,129578,"BOWL EMBOSSED AVIOS 7 DB107 RJK",12.9,0,"HOUSEWARE & KITCHENWARE",DINNERWARE,BOWLS
MKL,162155,"TEA STRAINER PLASTIC SS 21CMS",6.9,0,"HOUSEWARE & KITCHENWARE",BATHROOM,"SOAP DISH CASE DISPENSERS"
MKL,179577,"DIY HAIRBALL PICTURE CRAFT 22X22CM W/STAND ASST DE",29.9,0,STATIONERY,"SCHOOL AND CHILDREN STATIONERY","ART AND HOBBY SETS"
MKL,39829,"CAMEL STANDARD LIQUID 1L  12",108.99,0,SUPERMARKET,"HOME AND PERSONAL CARE","HEALTH AND WELLNESS"
MKL,118289,"FARAGELLO GOLD APPLE NECTAR GLASS BOTTLE 1L  6",33.99,0,SUPERMARKET,BEVERAGES,JUICE
MKL,71232,"COOL BREEZE MEMBRANE AIR FRESHNER CRANBERRY 8ML 12",22.99,0,SUPERMARKET,"HOME AND PERSONAL CARE",FRESHENERS
MKL,153196,"SERVING BOWL MELAMINE 8 INCHES FEILU 143116",19.9,0,"HOUSEWARE & KITCHENWARE","MELAMINE WARE","MEL BOWL/BOWL+COVER"
MKL,178130,"PAPER DOILIES 20PCS 105 YWU",8.9,0,"HOUSEWARE & KITCHENWARE",BAKEWARE,"BAKING TOOLS AND ACCESSORIES"
MKL,179141,"MOUTH ORGAN MELODICA MIX COLOR 16",23.9,0,"TOYS AND ENTERTAINMENT","MUSICAL KIDS INSTRUMENTS","FLUTE AND WHISTLES"
MKL,202517,"MONTY MOON CHIPS BANANA 25G  50",2.99,0,SUPERMARKET,"FOOD CUPBOARD",SAVOURIES
MKL,94700,"FA MEN ROLL ON DRY PROTECT 50ML  24",23.99,0,SUPERMARKET,"HOME AND PERSONAL CARE",FRAGRANCES
MKL,171738,"SOUP PLATE ROUND CERAMIC 8INCHES LDSSTK7",2.9,0,"HOUSEWARE & KITCHENWARE",DINNERWARE,PLATE
MKL,182129,"PLATINUM SUNFLOWER OIL 820ML 15",39.99,0,SUPERMARKET,"FOOD CUPBOARD","EDIBLE OILS AND GHEE"
MKL,65188,"AKAI LED BULB 5W CDL E27 LB001A-5WE27C",19,0,"ELECTRICAL APPLIANCES","LIGHT BULBS","LED BULB"
MKL,68563,"LELE BLACK TEA 100X24  12",34.99,0,SUPERMARKET,BEVERAGES,TEA
MKL,87623,"SENAC SPARKLING COCKTAIL GREEN 375ML 12",29.99,0,SUPERMARKET,"BEVERAGES ALCOHOLIC",WINES
MKL,110752,"HALA TRASH GARBAGE BIODEGRADABLE 8GALLONS X88   12",56.99,0,SUPERMARKET,"HOME AND PERSONAL CARE",DISPOSABLE
MKL,54455,"SERVING BOWL MELAMINE 8 INCHES ZHN C04785",12.9,0,"HOUSEWARE & KITCHENWARE","MELAMINE WARE","MEL BOWL/BOWL+COVER"
MKL,74900,"VOLTPLUS UNIVERSAL ADAPTOR W/BS PLUG VP-UA134",109,0,"ELECTRICAL APPLIANCES",ELECTRICALS,"ELE ACCESSORIES"
MKL,153207,"SERVING BOWL MELAMINE 10 INCHES FEILU 5010",19.9,0,"HOUSEWARE & KITCHENWARE","MELAMINE WARE","MEL BOWL/BOWL+COVER"
MKL,61041,"12  MATTRESS 54X75 INCH ORTHOPEDIC PILLOWTOP(DM)",5490,0,FURNITURE,MATTRESS,"Double Size"
MKL,71449,"DINNER PLATE MELAMINE 8 INCHES ZHN B27018",44.9,0,"HOUSEWARE & KITCHENWARE","MELAMINE WARE","MEL PLATE"
MKL,93759,"DZIRE STEAM IRON 1600W SI-250A",189,0,"ELECTRICAL APPLIANCES","LINEN CARE","STEAM IRONS"
MKL,CL337,"DRUM WITH LID AND TAP 70LTR 50CMX63CM",149,0,"HOUSEWARE & KITCHENWARE","HOUSE HOLD PRODUCTS","STORAGE DRUMS"
MKL,135811,"SERVING BOWL MELAMINE 9 INCHES FEILU 72209",12.9,0,"HOUSEWARE & KITCHENWARE","MELAMINE WARE","MEL BOWL/BOWL+COVER"
MKL,183628,"DINNER KNIFE 6PCS 1806KN",22.9,0,"HOUSEWARE & KITCHENWARE","CUTLERY ITEMS","SPOONS FORKS KNIFE AND CUTLERY SET"
MKL,89988,"PICCADILLY GEM WORKERS PACK ( 1X4 ) 1KG  4",70.99,0,SUPERMARKET,"FOOD CUPBOARD",BISCUITS
MKL,108983,"FESTIVA  EVAPORATED MILK 170G 48",7.49,0,SUPERMARKET,"FOOD CUPBOARD","MILK AND CREAMERS"
MKL,131340,"MEASURING SPOON WICE SCOOP 10PCS SET PLASTIC YWU",14.9,0,"HOUSEWARE & KITCHENWARE",BAKEWARE,"BAKING TOOLS AND ACCESSORIES"
MKL,184353,"TISSUE HOLDER D SHAPE SS 62080208",14.9,0,"HOUSEWARE & KITCHENWARE",BATHROOM,"BATHROOM SHELF RACKS HOLDERS"
MKL,187174,"BREAD KNIFE RJK ID-A838KD0002",24.9,0,"HOUSEWARE & KITCHENWARE","KNIFE AND CHOPPING BOARD","SINGLE KNIFE"
MKL,89868,"SHINE FACIAL TISSUE BOUTIQUE (100PCS)  36",10.99,0,SUPERMARKET,"HOME AND PERSONAL CARE",DISPOSABLE
MKL,101019,"CURTAIN POLYESTER 52X84"" W/HANGER ZGB101",159,0,"HOME DECOR & TEXTILES",CURTAINS,"GROMMET CURTAINS"
MKL,189518,"SMIRNOFF ICE PINEAPPLE PUNCH CAN 330ML  6",16.99,0,SUPERMARKET,"BEVERAGES ALCOHOLIC",CIDER
MKL,190929,"JAMAA DETERGENT POWDER 4.5KG 3",129.99,0,SUPERMARKET,"HOME AND PERSONAL CARE","LAUNDRY CARE"
MKL,179337,"SCHOOL STICKER 17.5X25CM OPP YW",7.9,0,STATIONERY,"SCHOOL AND CHILDREN STATIONERY","STICKERS AND LABELS"
MKL,27770,"WC NET INTENSE SOL RIM BLOCK OCEAN FRESH (4PCS) 12",70.99,0,SUPERMARKET,"HOME AND PERSONAL CARE",FRESHENERS
MKL,171349,"BELPAK TOILET ROLL DELUXE 3PLY  6",40.99,0,SUPERMARKET,"HOME AND PERSONAL CARE",DISPOSABLE
MKL,69478,"BEKO CHEST FREEZER SD 530L MARBLE TOP WHT HS-530",11999,0,"ELECTRICAL APPLIANCES",FREEZER,"SINGLE DOOR FREEZER"
MKL,CL152,"BUCKET WITH LID 25LTR 38CMX39CM",59,0,"HOUSEWARE & KITCHENWARE",LAUNDARY,"BUCKETS AND BASINS"
MKL,137273,"TOREN-TOREN WAFERS COCOA CREAM D FLAVOUR CW 55G144",6.29,0,SUPERMARKET,"FOOD CUPBOARD",CONFECTIONERY
MKL,88960,"SERVING BOWL MELAMINE 9 INCHES ZHN C0969",12.9,0,"HOUSEWARE & KITCHENWARE","MELAMINE WARE","MEL BOWL/BOWL+COVER"
MKL,117372,"XMAS DECOR W/2CANES DESIGN GOLD JHWFW21-221",14.9,0,"HOME DECOR & TEXTILES","XMAS SEASONAL","xmas season"
MKL,182984,"HANGER 42CM RP6442S10 RJK",29.9,0,"HOUSEWARE & KITCHENWARE",LAUNDARY,"CLOTH HANGERS"
MKL,88959,"SERVING BOWL MELAMINE 12 INCHES ZHN C60112",34.9,0,"HOUSEWARE & KITCHENWARE","MELAMINE WARE","MEL BOWL/BOWL+COVER"
MKL,167398,"MUG 11OZ GDM11 RJK",4.9,0,"HOUSEWARE & KITCHENWARE",DINNERWARE,MUGS
MKL,169246,"BROOM WSTICK ROMA GBB24",34.9,0,"HOUSEWARE & KITCHENWARE","HOME HYGIENE","BROOM BRUSHES DUSTPANS"
MKL,202842,"DINNER SET 16PCS CERAMIC BLACK T12091",149,0,"HOUSEWARE & KITCHENWARE",DINNERWARE,DINNER-SETS
MKL,70195,"YAZZ BABY WIPES 80PCS   12",21.99,0,SUPERMARKET,"HOME AND PERSONAL CARE","INFANT AND BABY CARE"
MKL,103128,"PRINCESS CARO PAA CREAM 260G  4",22.49,0,SUPERMARKET,"HOME AND PERSONAL CARE","SKIN CARE"
MKL,14714,"EASY MOUZOO APPLE  TETRAPACK JUICE 1L 12",23.99,0,SUPERMARKET,BEVERAGES,JUICE
MKL,36773,"FROSTY BITE ICE CREAM VANILLA TUB 1800ML 1",64.99,0,SUPERMARKET,"FROZEN FOOD",ICE-CREAM
MKL,100658,"MASTERCHEF PIZZA CUTTER BLACK MC32009 RJK",19.9,0,"HOUSEWARE & KITCHENWARE","KNIFE AND CHOPPING BOARD",CUTTERS
MKL,31074,"ROYAL GALAXY WHITE SUGAR - 1KG  20",33.99,0,SUPERMARKET,"FOOD CUPBOARD","SALT  SUGAR AND JAGGERY"
MKL,102928,"AQUALIS BEAUTY SOAP MILK 460G  16",27.99,0,SUPERMARKET,"HOME AND PERSONAL CARE","PERSONAL WASH"
MKL,119590,"FARAGELLO GOLD MANGO NECTAR  BOTTLE 1L  6",33.99,0,SUPERMARKET,BEVERAGES,JUICE
MKL,125274,"AIRPRO MINI CLIP A/REFRSHNER FRESH VANILLA 2.5ML 6",20.49,0,SUPERMARKET,"HOME AND PERSONAL CARE",FRESHENERS
MKL,135409,"DINNER PLATE 105 WHITE 105DPGGK RJK",16.9,0,"HOUSEWARE & KITCHENWARE",DINNERWARE,PLATE
MKL,162656,"SERVING BOWL MELAMINE 10 INCHES FEILU 30102",19.9,0,"HOUSEWARE & KITCHENWARE","MELAMINE WARE","MEL BOWL/BOWL+COVER"
MKL,168360,"MUG 350ML FAM2445 RJK",4.9,0,"HOUSEWARE & KITCHENWARE",DINNERWARE,MUGS
MKL,14818,"DEVA ALL PURPOSE CLEANER LIQUID LAVENDER 1000ML 12",30.99,0,SUPERMARKET,"HOME AND PERSONAL CARE","HOUSEHOLD CLEANERS"
MKL,148827,"LUNCH SET 2PCS PLASTIC KIDS BTS YWU",59,0,"HOUSEWARE & KITCHENWARE","STORAGE AND ORGANIZER","LUNCH BOXES TIFFINS AND FOOD FLASK"
MKL,115168,"VOLTPLUS EXTENSION SOCKET 4W2M I.SWIT VP-EC4W2MMS",149,0,"ELECTRICAL APPLIANCES",ELECTRICALS,"EXTENSION CORD"
MKL,129391,"PLATE FOOTBALL DESIGN DISPOSABLE 10PCS SET 18CM",6,0,"TOYS AND ENTERTAINMENT","PARTY SUPPLIES",DISPOSABLES
MKL,148569,"WATER BOTTLE 1000ML PLASTIC CHARACTER KIDS BTS YWU",89,0,"HOUSEWARE & KITCHENWARE","FLASK AND BOTTLES",BOTTLE
MKL,197374,"MIDEA CHEST FREEZER SD 143L INVERTER MDRC265FZG43D",2799,0,"ELECTRICAL APPLIANCES",FREEZER,"SINGLE DOOR FREEZER"
MKL,46742,"JUVER DISFRUTA 10 FRUITS & 10 VITAMINS JUICE 1L 12",32.99,0,SUPERMARKET,BEVERAGES,JUICE
MKL,65106,"FROSTY BITE FANTASY PEANUTS CRUNCH POUCH 80G 30",11.49,0,SUPERMARKET,"FROZEN FOOD",ICE-CREAM
MKL,CL774,"CONTAINER 3000ML OPAQUE 26CMX18CMX10CM",19.6,0,"HOUSEWARE & KITCHENWARE","STORAGE AND ORGANIZER","STORAGE CONTAINERS"
MKL,116539,"FROSTY BITE VANILLA &STRAWBERRY ICE CREAM 1800ML 1",72.99,0,SUPERMARKET,"FROZEN FOOD",ICE-CREAM
MKL,83660,"TOP CHOCO PURE COCOA POWDER  200G 12",49.99,0,SUPERMARKET,BEVERAGES,"DRINKING POWDERS"
MKL,96481,"DR MIGHTY WC POWER BLOCKS JASMINE 4 IN 1  48",29.99,0,SUPERMARKET,"HOME AND PERSONAL CARE",FRESHENERS
MKL,59874,"WATER BOTTLE 1100ML PLASTIC PNP3340TH7",9.9,0,"HOUSEWARE & KITCHENWARE","FLASK AND BOTTLES",BOTTLE
MKL,112543,"SLOTTED LADLE S SSNYLON LX165599B YWU",9.9,0,"HOUSEWARE & KITCHENWARE","KITCHEN TOOLS AND CULTARY","COOKING TOOL LADLES AND SERVERS"
MKL,140590,"SAVERBOX AVACADO PLASTIC L-00866",18.9,0,"HOUSEWARE & KITCHENWARE","STORAGE AND ORGANIZER","STORAGE CONTAINERS"
MKL,189086,"RIBBON 5CM X 3YARDS",9.9,0,"HOME DECOR & TEXTILES","XMAS SEASONAL","xmas season"
MKL,127749,"PAPER BOX CAKE HEIGHTEN 10 30X30X34CM YWU",44.9,0,"HOUSEWARE & KITCHENWARE",BAKEWARE,MOULDS
MKL,179871,"FOCUS ICY BALL PEN 1MM 1760/9BC",22.9,0,STATIONERY,"GENERAL STATIONERY","   WRITING SUPPLIES"
MKL,164615,"KITCHEN ORGAZINER RACK METAL 128",39.9,0,"HOUSEWARE & KITCHENWARE","STORAGE AND ORGANIZER","RACK SHELF DRAWERS ORGANIZERS"
MKL,146646,"BEL-AQUA MINERAL WATER 4L JAR 1",11.49,0,SUPERMARKET,BEVERAGES,"MINERAL WATER"
MKL,16297,"BINE DISINFECTANT 2.5L 6",54.99,0,SUPERMARKET,"HOME AND PERSONAL CARE","HOUSEHOLD CLEANERS"
MKL,24023,"VASELINE PJ (BLUE SEAL) ALOE VERA 250ML 36",51.99,0,SUPERMARKET,"HOME AND PERSONAL CARE","SKIN CARE"
MKL,120846,"CUSSONS BABY WIPES MILD & GENTLE 80 SHEETS  24",23.99,0,SUPERMARKET,"HOME AND PERSONAL CARE","INFANT AND BABY CARE"
MKL,145773,"DUSTBIN PEDAL W/BUCKET 17L PLASTIC M-825",159,0,"HOUSEWARE & KITCHENWARE","HOME HYGIENE",DUSTBINS
MKL,89177,"DISH RACK PLASTIC WTRAY  44X32CM PLASTIC S900L YWU",79,0,"HOUSEWARE & KITCHENWARE",KITCHENWARE,"DISH RACKS"
MKL,140591,"SAVERBOX STRAWBERRY PLASTIC L-00867",18.9,0,"HOUSEWARE & KITCHENWARE","STORAGE AND ORGANIZER","STORAGE CONTAINERS"
MKL,164394,"SIDE PLATE EMBOSSED 75 WK24002 RJK",14.9,0,"HOUSEWARE & KITCHENWARE",DINNERWARE,PLATE
MKL,164806,"WATER BOTTLE 1500ML PLASTIC HW2372",9.9,0,"HOUSEWARE & KITCHENWARE","FLASK AND BOTTLES",BOTTLE
MKL,111657,"BALLOON SET 8PCS W/STAND MIX COLOR",49,0,"TOYS AND ENTERTAINMENT","PARTY SUPPLIES","CELEBRATION DECOR AND ACCESSORIES"
MKL,121825,"CLOTHES PEG SET 12PCS RAPID",9.9,0,"HOUSEWARE & KITCHENWARE",LAUNDARY,"CLOTH PEGS / CLIP"
MKL,38043,"PARIDOX ALATA SAMINA B&S GEL ALOE VERA 450ML 20",41.99,0,SUPERMARKET,"HOME AND PERSONAL CARE","PERSONAL WASH"
MKL,29334,"ANNAPURNA IODISED SALT 900G  25",12.49,0,SUPERMARKET,"FOOD CUPBOARD","SALT  SUGAR AND JAGGERY"
MKL,96496,"SWAN WHITE SUGAR STICKS 250G 12",24.99,0,SUPERMARKET,"FOOD CUPBOARD","SALT  SUGAR AND JAGGERY"
MKL,09345,"NEDERBURG WINEMASTERS CHARDONNAY WINE 750ML 6",129.99,0,SUPERMARKET,"BEVERAGES ALCOHOLIC",WINES
MKL,103113,"KLEANZ BODY WASH VANILLA 750ML  20",31.49,0,SUPERMARKET,"HOME AND PERSONAL CARE","PERSONAL WASH"
MKL,90147,"FOOD COVER 28CM METAL YWU",12.9,0,"HOUSEWARE & KITCHENWARE",KITCHENWARE,"KITCHEN ACCESSORIES"
MKL,101016,"CURTAIN POLYESTER 52X84  WHANGER ZGB501",199,0,"HOME DECOR & TEXTILES",CURTAINS,"GROMMET CURTAINS"
MKL,127739,"PAPER CUP DOLLIES MIX COLOUR 1000PCS 95CM YWU",9.9,0,"HOUSEWARE & KITCHENWARE",BAKEWARE,MOULDS
MKL,151039,"BIGOO COCKTAIL DRINK 350ML 20",2.99,0,SUPERMARKET,BEVERAGES,DRINKS
MKL,75019,"UNOLI HUILE SUNFLOWER OIL 900ML  15",50.49,0,SUPERMARKET,"FOOD CUPBOARD","EDIBLE OILS AND GHEE"
MKL,162392,"CAN FANTA COCKTAIL  330ML 24",9.49,0,SUPERMARKET,BEVERAGES,DRINKS
MKL,190498,"BORDER PRINT BATHMAT W/LATEX ASSORTED 40X60CM",25.9,0,"HOME DECOR & TEXTILES","HOME FURNISHING","BATH LINEN"
MKL,103966,"SPOON 2PCS W1FORK SET BABY SS SC138",6.9,0,"HOUSEWARE & KITCHENWARE","CUTLERY ITEMS","SPOONS FORKS KNIFE AND CUTLERY SET"
MKL,179160,"FINGER SPINNER  ASSORTED 12",20.9,0,"TOYS AND ENTERTAINMENT","PUSH AND PULL ALONG TOYS","PRESS AND SPIN TOYS"
MKL,162676,"SERVING BOWL MELAMINE 9 INCHES FEILU 34309",14.9,0,"HOUSEWARE & KITCHENWARE","MELAMINE WARE","MEL BOWL/BOWL+COVER"
MKL,166004,"SO FRESH MANGO FRUIT JUICE 1L 6",26.49,0,SUPERMARKET,BEVERAGES,JUICE
MKL,CL630,"PRIME CUP 500ML 11CMX8CMX10CM",2.9,0,"HOUSEWARE & KITCHENWARE","FLASK AND BOTTLES","CUPS AND TUMBLERS"
MKL,104205,"DUSTBIN 25LT SLIM PEDAL M-1054",129,0,"HOUSEWARE & KITCHENWARE","HOME HYGIENE",DUSTBINS
MKL,141429,"TONG SPAGHETTI PEARL 13  59050",9.9,0,"HOUSEWARE & KITCHENWARE","KITCHEN TOOLS AND CULTARY",TONGS
MKL,114542,"PAPER TOWEL HOLDER PLASTIC BG-327",9.9,0,"HOUSEWARE & KITCHENWARE",BATHROOM,"BATHROOM SHELF RACKS HOLDERS"
MKL,200331,"H&H NON DAIRY CREAMER 240G  50",20.99,0,SUPERMARKET,"FOOD CUPBOARD","MILK AND CREAMERS"
MKL,117620,"STRAINER PLASTIC 12CM UR-3073",19.9,0,"HOUSEWARE & KITCHENWARE","KITCHEN TOOLS AND CULTARY","STRAINER AND FILTERS"
MKL,CL767,"CONTAINER 2PCS SET SQUARE 1300 2900 L",19.9,0,"HOUSEWARE & KITCHENWARE","STORAGE AND ORGANIZER","STORAGE CONTAINERS"
MKL,126214,"AIRPRO MINI CLIP AIRREFRSHENER  NEW CAR  2.5ML 6",20.49,0,SUPERMARKET,"HOME AND PERSONAL CARE",FRESHENERS
MKL,180214,"PRINCESS PERFUME FOR HER 50ML  6",12.99,0,SUPERMARKET,"HOME AND PERSONAL CARE",FRAGRANCES
MKL,185418,"CURTAIN BKT GROM COFF 2P 54X90"" 02-PA-7216D",199,0,"HOME DECOR & TEXTILES",CURTAINS,"GROMMET CURTAINS"
MKL,149365,"MONT NATURAL MINERAL WATER 330ML 20",1.65,0,SUPERMARKET,BEVERAGES,"MINERAL WATER"
MKL,123674,"BATHMAT COTTON PRINTED 40X60CM MYQ91757",24.9,0,"HOME DECOR & TEXTILES","HOME FURNISHING","BATH LINEN"
MKL,159986,"MUG 330ML CERAMIC STATEMENT YWU",4.9,0,"HOUSEWARE & KITCHENWARE",DINNERWARE,MUGS
MKL,32790,"EASY MOUZOO PINEAPPLE TETRA PACK  200ML 27",5.49,0,SUPERMARKET,BEVERAGES,JUICE
MKL,166003,"SO FRESH ORANGE FRUIT JUICE 1L 6",26.49,0,SUPERMARKET,BEVERAGES,JUICE
MKL,102994,"LEA COMPLEXION CARE SOAP LYS 150G  48",10.89,0,SUPERMARKET,"HOME AND PERSONAL CARE","PERSONAL WASH"
MKL,107987,"AKAI CEILING FAN 36"" EF105A-3658BG",349,0,"ELECTRICAL APPLIANCES",FAN,"CEILING FAN"
MKL,141434,"LADDLE PIPE HANDLE 9  59053",9.9,0,"HOUSEWARE & KITCHENWARE","KITCHEN TOOLS AND CULTARY","COOKING TOOL LADLES AND SERVERS"
MKL,168361,"MUG SET 4PCS SEE5S019ZH2305220 RJK",24.9,0,"HOUSEWARE & KITCHENWARE",DINNERWARE,MUGS
MKL,156577,"ARTIFICIAL FLOWER",95,0,"HOME DECOR & TEXTILES","HOME DECOR",DECORATIVE
MKL,168878,"KITCHEN TOOL SET 3PCS CPCB06 RJK",44.9,0,"HOUSEWARE & KITCHENWARE","KITCHEN TOOLS AND CULTARY","COOKING TOOL SET"
MKL,99771,"BO-16 HAIR FOOD BLUE 225ML  4",27.99,0,SUPERMARKET,"HOME AND PERSONAL CARE","HAIR CARE"
MKL,161248,"DZIRE HOME THEATRE SYSTEM 3.1CH 60W HT313S-6030",739,0,"ELECTRONICS & TELECOM",AUDIO,"HOME THEATRE"
MKL,190730,"MANICURE 3PCS SET YWU",9.9,0,"HOUSEWARE & KITCHENWARE",BATHROOM,"BATHROOM ACCESSORIES"
MKL,89690,"BINATONE DRY IRON 1000W HEAVY DI-1275",479,0,"ELECTRICAL APPLIANCES","LINEN CARE","DRY IRON"
MKL,07498,"EMBOSSED BOWL 6 INCHES SW006E RJK",9.9,0,"HOUSEWARE & KITCHENWARE",DINNERWARE,BOWLS
MKL,167500,"BEVERAGE DISPENSER WRACK 57L 97026 RJK",179,0,"HOUSEWARE & KITCHENWARE",GLASSWARE,"DISPENSERS / DECANTER SETS"
MKL,64032,"LEEMEX PLANTAIN FUFU FLOUR 700GMS 24",64.99,0,SUPERMARKET,"FOOD CUPBOARD",FLOURS
MKL,156226,"CASTILLO DE LANDA SWEET RED WINE 11% VOL 750ML 12",79.99,0,SUPERMARKET,"BEVERAGES ALCOHOLIC",WINES
MKL,164029,"JOLLY BASKET -LARGE PLASTIC 50362",29.9,0,"HOUSEWARE & KITCHENWARE","STORAGE AND ORGANIZER",BASKET
MKL,169249,"DUSTPAN WBRUSH TWINS GBB22",34.9,0,"HOUSEWARE & KITCHENWARE","HOME HYGIENE","BROOM BRUSHES DUSTPANS"
MKL,78975,"CHRISTMAS DECORATION BELLS MIX COLOR 195-14",6.9,0,"HOME DECOR & TEXTILES","XMAS SEASONAL","xmas season"
MKL,128552,"LAUNDRY BASKET COLLAPSIBLE A202203 RK",29.9,0,"HOUSEWARE & KITCHENWARE",LAUNDARY,"LAUNDARY BASKET"
MKL,128553,"LAUNDRY BASKET COLLAPSIBLE A202205 RK",29.9,0,"HOUSEWARE & KITCHENWARE",LAUNDARY,"LAUNDARY BASKET"
MKL,156697,"WHISK SSTEEL YWU",22.9,0,"HOUSEWARE & KITCHENWARE","KITCHEN TOOLS AND CULTARY","WHISKER BEATER AND MIXERS"
MKL,190731,"MANICURE 3PCS SET YWU",6.9,0,"HOUSEWARE & KITCHENWARE",BATHROOM,"BATHROOM ACCESSORIES"
MKL,86370,"BASIN 21 LITRES PLASTIC SSPD YWU",29.9,0,"HOUSEWARE & KITCHENWARE",LAUNDARY,"BUCKETS AND BASINS"
MKL,129608,"OPENER BOURBON DESIGN YWU",4.9,0,"HOUSEWARE & KITCHENWARE","CUTLERY ITEMS",OPENERS
MKL,148557,"VASE MIX COLOR 20X13CM",35.9,0,"HOME DECOR & TEXTILES","HOME DECOR",DECORATIVE
MKL,32788,"EASY MOUZOO APPLE JUICE TETRA PK 200ML  27",5.49,0,SUPERMARKET,BEVERAGES,JUICE
MKL,64712,"CASTILLO DE LANDA CAB. SAUVIGNON WINE 12%V 750ML",69.99,0,SUPERMARKET,"BEVERAGES ALCOHOLIC",WINES
MKL,80377,"PILATES STUDIO",69,0,"SPORTS & FITNESS","EXERCISE AND FITNESS","Yoga  Pilates AND Soft Gym"
MKL,102969,"BELAIR AIR FRESHENER BAKHOUR 150ML  36",11.99,0,SUPERMARKET,"HOME AND PERSONAL CARE",FRESHENERS
MKL,133980,"BACKPACK PVC 29CM KL11492",49,0,STATIONERY,"SCHOOL AND CHILDREN STATIONERY",BACKPACKS
MKL,148279,"BELPAK  PERFUMED T-ROLL (LAVENDER)   6",43.99,0,SUPERMARKET,"HOME AND PERSONAL CARE",DISPOSABLE
MKL,167857,"DUSTPAN WBRUSH PLASTIC RZS01 RJK",19.9,0,"HOUSEWARE & KITCHENWARE","HOME HYGIENE","BROOM BRUSHES DUSTPANS"
MKL,204902,"IDEAL ORIGINAL EVAPORATED MILK 165G 24",11.79,0,SUPERMARKET,"FOOD CUPBOARD","MILK AND CREAMERS"
MKL,57162,"DEVA HAND SANITIZER 200ML  12",16.99,0,SUPERMARKET,"HOME AND PERSONAL CARE","PERSONAL WASH"
MKL,139770,"MUG 340ML CERAMIC FRUITS YWU",4.9,0,"HOUSEWARE & KITCHENWARE",DINNERWARE,MUGS
MKL,CL235,"F/BALL BASIN 24L 12 SSPD",34.9,0,"HOUSEWARE & KITCHENWARE",LAUNDARY,"BUCKETS AND BASINS"
MKL,08473,"CAPEL APPLE NON ALCOHOLIC SPARKLING WINE 750ML  6",56.99,0,SUPERMARKET,"BEVERAGES ALCOHOLIC",WINES
MKL,22456,"SERVING BOWL MELAMINE 10 INCHES ZHN C012",19.9,0,"HOUSEWARE & KITCHENWARE","MELAMINE WARE","MEL BOWL/BOWL+COVER"
MKL,112507,"HANGER SET 10PCS 42CM METAL LMSS1172 RJK",44.9,0,"HOUSEWARE & KITCHENWARE",LAUNDARY,"CLOTH HANGERS"
MKL,125292,"AIRPRO AEROSOL VANILLA  300ML  24",28.99,0,SUPERMARKET,"HOME AND PERSONAL CARE",FRESHENERS
MKL,168369,"DINNER PLATE W2MM GOLD RIM 105 FBD55C2013F RJK",19.9,0,"HOUSEWARE & KITCHENWARE",DINNERWARE,PLATE
MKL,183280,"BEER MUG 6PCS SET 400ML WEISH PJ 10914 RJK",79,0,"HOUSEWARE & KITCHENWARE",GLASSWARE,"BEER MUGS AND BEER GLASS"
MKL,183451,"TUMBLER GLASS 450ML 3PCS SET 3GS06 RJK",42.9,0,"HOUSEWARE & KITCHENWARE",GLASSWARE,"GLASS / TUMBLER /WINE / CHAMPAGNE"
MKL,194647,"WINE GLASS 3PCS SET RB-063",39.9,0,"HOUSEWARE & KITCHENWARE",GLASSWARE,"GLASS / TUMBLER /WINE / CHAMPAGNE"
MKL,201262,"BABY ANIMALS STORY BOARD BOOK",15.9,0,STATIONERY,"CHILDREN BOOKS AND GEN REF","BOOKS AND LEARNINGS"
MKL,85917,"YAZZ SANITARY PAD EXTRA LONG (9PADS)   24",17.99,0,SUPERMARKET,"HOME AND PERSONAL CARE","FEMININE CARE"
MKL,125630,"PLATE EMBOSSED PORCELAIN 8 38832 RJK",12.9,0,"HOUSEWARE & KITCHENWARE",DINNERWARE,PLATE
MKL,159065,"STOOL PP X1830 RJK",69,0,"HOUSEWARE & KITCHENWARE","HOUSE HOLD PRODUCTS","STOOL PLASTIC"
MKL,167240,"AKAI BLENDER W/MILL 1.5L 350W BD072A-M374",329,0,"ELECTRICAL APPLIANCES","FOOD PROCESSOR/BLENDER",BLENDERS
MKL,74491,"EVA RAINCOAT C1030",27.9,0,"HOME DECOR & TEXTILES","HOME DECOR",XMAS
MKL,100815,"DINNER KNIFE 6PCS 102KN",9.9,0,"HOUSEWARE & KITCHENWARE","CUTLERY ITEMS","SPOONS FORKS KNIFE AND CUTLERY SET"
MKL,64103,"DOLAIT NATURAL SUGAR DRINKING YOGHURT 200ML 10",9.99,0,SUPERMARKET,"FRESH DAIRY AND EGGS",Yoghurt
MKL,69225,"HI5 CHOCO MALT  DRINK  500ML   12",8.49,0,SUPERMARKET,BEVERAGES,DRINKS
MKL,102866,"KIDS LUNCH BOX MONKEY FACE PLASTIC L-00615",9.9,0,"HOUSEWARE & KITCHENWARE","STORAGE AND ORGANIZER","LUNCH BOXES TIFFINS AND FOOD FLASK"
MKL,153442,"BELPAK PERFUMED  T-ROLL (LEMON) 10 ROLLS     6",43.99,0,SUPERMARKET,"HOME AND PERSONAL CARE",DISPOSABLE
MKL,166547,"WATER BOTTLE SET 2PCS PLASTIC PNP35022X2P2",9.9,0,"HOUSEWARE & KITCHENWARE","FLASK AND BOTTLES",BOTTLE
MKL,101088,"AKAI KETTLE 1.8L 1800W SS GREY EK029A-18GE",279,0,"ELECTRICAL APPLIANCES",KETTLE,"STAINLESS STEEL KETTLE"
MKL,117246,"DOMS CD-DVD/OHP MARKER PENS BOX 10PCS BLUE 7660",24.9,0,STATIONERY,"GENERAL STATIONERY","   WRITING SUPPLIES"
MKL,49334,"DINNER PLATE MELAMINE 11 INCHES ZHN B00211",16.9,0,"HOUSEWARE & KITCHENWARE","MELAMINE WARE","MEL PLATE"
