00362,0,LFS
00377,0,LFS
00869,0,LFS
02388,0,LFS
02413,0,LFS
03483,0,LFS
00323,0,LFS
00338,0,LFS
04843,0,LFS
03809,0,LFS
03901,0,LFS
04105,0,LFS
04235,0,LFS
06975,0,LFS
07142,0,LFS
07206,0,LFS
07503,0,LFS
05193,0,LFS
05833,0,LFS
06786,0,LFS
06968,0,LFS
09271,0,LFS
09301,0,LFS
09307,0,LFS
09484,0,LFS
08324,0,LFS
08353,0,LFS
08475,0,LFS
08477,0,LFS
08480,0,LFS
08497,0,LFS
08653,0,LFS
08833,0,LFS
100504,0,LFS
100799,0,LFS
101064,0,LFS
101071,0,LFS
101073,0,LFS
102254,0,LFS
101077,0,LFS
101444,0,LFS
09511,0,LFS
09608,0,LFS
100405,0,LFS
100410,0,LFS
103249,0,LFS
102276,0,LFS
102290,0,LFS
102303,0,LFS
102310,0,LFS
102378,0,LFS
102529,0,LFS
102542,0,LFS
102623,0,LFS
102952,0,LFS
102968,0,LFS
103068,0,LFS
103113,0,LFS
103764,0,LFS
103796,0,LFS
103889,0,LFS
104157,0,LFS
104158,0,LFS
103424,0,LFS
103461,0,LFS
103492,0,LFS
103539,0,LFS
103593,0,LFS
105234,0,LFS
104293,0,LFS
104376,0,LFS
104543,0,LFS
104544,0,LFS
104656,0,LFS
104794,0,LFS
104796,0,LFS
105905,0,LFS
106361,0,LFS
106655,0,LFS
106816,0,LFS
106846,0,LFS
105494,0,LFS
105762,0,LFS
105822,0,LFS
107855,0,LFS
107940,0,LFS
106993,0,LFS
107103,0,LFS
107106,0,LFS
107196,0,LFS
107204,0,LFS
107242,0,LFS
107625,0,LFS
107627,0,LFS
107629,0,LFS
107634,0,LFS
107635,0,LFS
107637,0,LFS
107648,0,LFS
108351,0,LFS
108354,0,LFS
108366,0,LFS
108545,0,LFS
108581,0,LFS
107942,0,LFS
107993,0,LFS
108172,0,LFS
108212,0,LFS
110880,0,LFS
110911,0,LFS
110921,0,LFS
108890,0,LFS
108959,0,LFS
109289,0,LFS
109554,0,LFS
109713,0,LFS
109764,0,LFS
109961,0,LFS
109975,0,LFS
112885,0,LFS
113184,0,LFS
113271,0,LFS
113317,0,LFS
112793,0,LFS
111747,0,LFS
111880,0,LFS
111904,0,LFS
115718,0,LFS
115843,0,LFS
113740,0,LFS
113952,0,LFS
113957,0,LFS
113958,0,LFS
113996,0,LFS
114175,0,LFS
114401,0,LFS
114440,0,LFS
114763,0,LFS
115107,0,LFS
115156,0,LFS
115357,0,LFS
117020,0,LFS
117043,0,LFS
117338,0,LFS
116632,0,LFS
115963,0,LFS
116015,0,LFS
116051,0,LFS
116076,0,LFS
118566,0,LFS
117946,0,LFS
118231,0,LFS
118445,0,LFS
118457,0,LFS
118517,0,LFS
139509,0,LFS
139524,0,LFS
139539,0,LFS
136245,0,LFS
139701,0,LFS
139730,0,LFS
136381,0,LFS
138194,0,LFS
138216,0,LFS
136645,0,LFS
136647,0,LFS
138233,0,LFS
138238,0,LFS
138265,0,LFS
138267,0,LFS
136695,0,LFS
136725,0,LFS
136768,0,LFS
131794,0,LFS
13207,0,LFS
134674,0,LFS
134764,0,LFS
138461,0,LFS
134805,0,LFS
134814,0,LFS
134819,0,LFS
134822,0,LFS
136928,0,LFS
132833,0,LFS
132839,0,LFS
134855,0,LFS
13487,0,LFS
137058,0,LFS
137071,0,LFS
137075,0,LFS
133051,0,LFS
137081,0,LFS
137094,0,LFS
133191,0,LFS
135093,0,LFS
137170,0,LFS
137186,0,LFS
137189,0,LFS
138921,0,LFS
133208,0,LFS
13333,0,LFS
137264,0,LFS
137269,0,LFS
137338,0,LFS
135347,0,LFS
135388,0,LFS
137442,0,LFS
139105,0,LFS
133935,0,LFS
135733,0,LFS
135744,0,LFS
135843,0,LFS
137491,0,LFS
137531,0,LFS
135852,0,LFS
135857,0,LFS
135933,0,LFS
135953,0,LFS
137540,0,LFS
137562,0,LFS
134205,0,LFS
135955,0,LFS
139351,0,LFS
137744,0,LFS
134426,0,LFS
136118,0,LFS
136120,0,LFS
136122,0,LFS
127074,0,LFS
127079,0,LFS
127152,0,LFS
131314,0,LFS
122210,0,LFS
122221,0,LFS
122224,0,LFS
127574,0,LFS
127609,0,LFS
131491,0,LFS
131492,0,LFS
131518,0,LFS
131544,0,LFS
12254,0,LFS
119328,0,LFS
119333,0,LFS
119334,0,LFS
122722,0,LFS
125985,0,LFS
125996,0,LFS
128044,0,LFS
128048,0,LFS
128053,0,LFS
128164,0,LFS
128171,0,LFS
119592,0,LFS
119666,0,LFS
119698,0,LFS
119715,0,LFS
125998,0,LFS
126000,0,LFS
128251,0,LFS
128670,0,LFS
128756,0,LFS
128757,0,LFS
129034,0,LFS
119849,0,LFS
123546,0,LFS
129048,0,LFS
129063,0,LFS
119923,0,LFS
12398,0,LFS
124424,0,LFS
126219,0,LFS
126220,0,LFS
129160,0,LFS
119936,0,LFS
119945,0,LFS
124452,0,LFS
124465,0,LFS
124484,0,LFS
126264,0,LFS
129735,0,LFS
129830,0,LFS
129919,0,LFS
119983,0,LFS
124695,0,LFS
13013,0,LFS
13014,0,LFS
13018,0,LFS
130191,0,LFS
120102,0,LFS
125008,0,LFS
125011,0,LFS
126372,0,LFS
126378,0,LFS
120273,0,LFS
126438,0,LFS
126471,0,LFS
126483,0,LFS
120739,0,LFS
126516,0,LFS
126553,0,LFS
130601,0,LFS
120741,0,LFS
120959,0,LFS
125255,0,LFS
121181,0,LFS
121457,0,LFS
125287,0,LFS
126737,0,LFS
126839,0,LFS
121617,0,LFS
121647,0,LFS
121650,0,LFS
126841,0,LFS
131055,0,LFS
121685,0,LFS
131073,0,LFS
131075,0,LFS
150129,0,LFS
152772,0,LFS
154748,0,LFS
154753,0,LFS
154771,0,LFS
157140,0,LFS
157216,0,LFS
152778,0,LFS
155043,0,LFS
157348,0,LFS
150745,0,LFS
155080,0,LFS
155228,0,LFS
150841,0,LFS
150960,0,LFS
155242,0,LFS
155256,0,LFS
147908,0,LFS
151027,0,LFS
151040,0,LFS
154090,0,LFS
155668,0,LFS
155669,0,LFS
155736,0,LFS
14809,0,LFS
14819,0,LFS
14821,0,LFS
151562,0,LFS
151582,0,LFS
154185,0,LFS
155765,0,LFS
155836,0,LFS
155837,0,LFS
155878,0,LFS
148832,0,LFS
151587,0,LFS
148976,0,LFS
149012,0,LFS
149096,0,LFS
151909,0,LFS
152063,0,LFS
154296,0,LFS
154326,0,LFS
155958,0,LFS
155984,0,LFS
149122,0,LFS
154376,0,LFS
152221,0,LFS
149288,0,LFS
149292,0,LFS
149337,0,LFS
152481,0,LFS
149391,0,LFS
149396,0,LFS
149499,0,LFS
152533,0,LFS
154490,0,LFS
154501,0,LFS
154503,0,LFS
156483,0,LFS
149735,0,LFS
149871,0,LFS
149874,0,LFS
152592,0,LFS
144275,0,LFS
144278,0,LFS
144281,0,LFS
144291,0,LFS
140841,0,LFS
140879,0,LFS
144320,0,LFS
144323,0,LFS
144751,0,LFS
145288,0,LFS
145448,0,LFS
145461,0,LFS
145475,0,LFS
147795,0,LFS
141056,0,LFS
141293,0,LFS
145258,0,LFS
145568,0,LFS
145573,0,LFS
145574,0,LFS
145575,0,LFS
139876,0,LFS
14303,0,LFS
140010,0,LFS
140012,0,LFS
140021,0,LFS
140092,0,LFS
140146,0,LFS
143153,0,LFS
146392,0,LFS
140229,0,LFS
143263,0,LFS
146497,0,LFS
146522,0,LFS
140236,0,LFS
143461,0,LFS
146640,0,LFS
146646,0,LFS
142121,0,LFS
143556,0,LFS
146764,0,LFS
146784,0,LFS
146813,0,LFS
140292,0,LFS
143682,0,LFS
146885,0,LFS
140335,0,LFS
140344,0,LFS
140346,0,LFS
142291,0,LFS
143748,0,LFS
143774,0,LFS
140378,0,LFS
142421,0,LFS
140440,0,LFS
144015,0,LFS
144017,0,LFS
144024,0,LFS
14715,0,LFS
140449,0,LFS
142618,0,LFS
147161,0,LFS
14719,0,LFS
14723,0,LFS
14737,0,LFS
140540,0,LFS
140552,0,LFS
140563,0,LFS
140570,0,LFS
142625,0,LFS
142634,0,LFS
144194,0,LFS
147417,0,LFS
140660,0,LFS
140707,0,LFS
147621,0,LFS
147633,0,LFS
175190,0,LFS
175193,0,LFS
169397,0,LFS
171207,0,LFS
171220,0,LFS
171222,0,LFS
171223,0,LFS
175311,0,LFS
169458,0,LFS
173554,0,LFS
173614,0,LFS
175364,0,LFS
169618,0,LFS
171305,0,LFS
171307,0,LFS
171308,0,LFS
171374,0,LFS
171387,0,LFS
173705,0,LFS
173720,0,LFS
169862,0,LFS
169884,0,LFS
169905,0,LFS
169930,0,LFS
171785,0,LFS
171788,0,LFS
173809,0,LFS
173815,0,LFS
173828,0,LFS
169976,0,LFS
169978,0,LFS
172032,0,LFS
173861,0,LFS
173922,0,LFS
168190,0,LFS
170032,0,LFS
170034,0,LFS
170048,0,LFS
174046,0,LFS
174110,0,LFS
174135,0,LFS
168305,0,LFS
16834,0,LFS
174214,0,LFS
170267,0,LFS
170295,0,LFS
172702,0,LFS
17435,0,LFS
174361,0,LFS
174362,0,LFS
174378,0,LFS
168565,0,LFS
168847,0,LFS
170314,0,LFS
170320,0,LFS
170341,0,LFS
172773,0,LFS
172785,0,LFS
172794,0,LFS
174477,0,LFS
174620,0,LFS
174626,0,LFS
174640,0,LFS
168863,0,LFS
168885,0,LFS
170410,0,LFS
172807,0,LFS
172831,0,LFS
170426,0,LFS
170445,0,LFS
172874,0,LFS
174769,0,LFS
169138,0,LFS
169140,0,LFS
169147,0,LFS
169157,0,LFS
171040,0,LFS
171078,0,LFS
171103,0,LFS
174944,0,LFS
169163,0,LFS
171151,0,LFS
171160,0,LFS
166887,0,LFS
166889,0,LFS
166891,0,LFS
166930,0,LFS
164722,0,LFS
164918,0,LFS
165011,0,LFS
167130,0,LFS
159074,0,LFS
164781,0,LFS
164862,0,LFS
15918,0,LFS
159183,0,LFS
162495,0,LFS
162510,0,LFS
162512,0,LFS
165462,0,LFS
157446,0,LFS
159512,0,LFS
165557,0,LFS
157600,0,LFS
157601,0,LFS
162924,0,LFS
157802,0,LFS
157805,0,LFS
159740,0,LFS
163140,0,LFS
157951,0,LFS
157985,0,LFS
159762,0,LFS
159791,0,LFS
163163,0,LFS
165820,0,LFS
165834,0,LFS
165858,0,LFS
158329,0,LFS
163250,0,LFS
163379,0,LFS
163421,0,LFS
165981,0,LFS
158449,0,LFS
158467,0,LFS
158468,0,LFS
163476,0,LFS
163572,0,LFS
158494,0,LFS
158544,0,LFS
158548,0,LFS
160355,0,LFS
163610,0,LFS
166114,0,LFS
166119,0,LFS
160392,0,LFS
16374,0,LFS
166188,0,LFS
166212,0,LFS
158805,0,LFS
158812,0,LFS
15886,0,LFS
166289,0,LFS
166293,0,LFS
166317,0,LFS
158906,0,LFS
164017,0,LFS
164116,0,LFS
164149,0,LFS
164193,0,LFS
166350,0,LFS
16639,0,LFS
161345,0,LFS
161596,0,LFS
166686,0,LFS
161836,0,LFS
162025,0,LFS
162099,0,LFS
162331,0,LFS
164277,0,LFS
166750,0,LFS
181704,0,LFS
181716,0,LFS
184411,0,LFS
184412,0,LFS
184419,0,LFS
185341,0,LFS
185466,0,LFS
185467,0,LFS
185468,0,LFS
185469,0,LFS
181748,0,LFS
183150,0,LFS
185535,0,LFS
185569,0,LFS
185570,0,LFS
181910,0,LFS
181950,0,LFS
183220,0,LFS
183231,0,LFS
183272,0,LFS
183393,0,LFS
184599,0,LFS
180653,0,LFS
180668,0,LFS
182068,0,LFS
183453,0,LFS
183463,0,LFS
183467,0,LFS
183468,0,LFS
184661,0,LFS
180703,0,LFS
182356,0,LFS
182365,0,LFS
183481,0,LFS
183488,0,LFS
183490,0,LFS
180716,0,LFS
182456,0,LFS
183494,0,LFS
183542,0,LFS
184750,0,LFS
180852,0,LFS
182589,0,LFS
18366,0,LFS
184813,0,LFS
184818,0,LFS
184832,0,LFS
180898,0,LFS
182609,0,LFS
182618,0,LFS
182633,0,LFS
183696,0,LFS
184840,0,LFS
180917,0,LFS
180920,0,LFS
182651,0,LFS
182665,0,LFS
182674,0,LFS
183712,0,LFS
18372,0,LFS
183741,0,LFS
183742,0,LFS
184996,0,LFS
185014,0,LFS
185020,0,LFS
185021,0,LFS
181068,0,LFS
181071,0,LFS
181083,0,LFS
181086,0,LFS
181097,0,LFS
181103,0,LFS
185034,0,LFS
185041,0,LFS
183823,0,LFS
183892,0,LFS
181218,0,LFS
181223,0,LFS
182874,0,LFS
183935,0,LFS
181258,0,LFS
182904,0,LFS
182913,0,LFS
184196,0,LFS
181436,0,LFS
181440,0,LFS
181441,0,LFS
181465,0,LFS
183079,0,LFS
177272,0,LFS
178664,0,LFS
178749,0,LFS
178757,0,LFS
180587,0,LFS
180589,0,LFS
180594,0,LFS
180597,0,LFS
176484,0,LFS
178991,0,LFS
180607,0,LFS
176543,0,LFS
179276,0,LFS
179279,0,LFS
176605,0,LFS
176606,0,LFS
176627,0,LFS
177282,0,LFS
177293,0,LFS
177304,0,LFS
177318,0,LFS
177320,0,LFS
177324,0,LFS
177329,0,LFS
179338,0,LFS
179412,0,LFS
179413,0,LFS
179433,0,LFS
175554,0,LFS
176668,0,LFS
177348,0,LFS
177351,0,LFS
179479,0,LFS
175598,0,LFS
175601,0,LFS
175609,0,LFS
175611,0,LFS
177474,0,LFS
179534,0,LFS
179584,0,LFS
175646,0,LFS
175665,0,LFS
176733,0,LFS
177519,0,LFS
179766,0,LFS
175671,0,LFS
175689,0,LFS
175772,0,LFS
176779,0,LFS
179771,0,LFS
179803,0,LFS
177638,0,LFS
177640,0,LFS
179907,0,LFS
176856,0,LFS
175897,0,LFS
176923,0,LFS
176939,0,LFS
176944,0,LFS
176945,0,LFS
177903,0,LFS
177904,0,LFS
177905,0,LFS
177915,0,LFS
175927,0,LFS
175948,0,LFS
176950,0,LFS
176965,0,LFS
177937,0,LFS
177938,0,LFS
177943,0,LFS
180175,0,LFS
180210,0,LFS
180213,0,LFS
180216,0,LFS
180235,0,LFS
180241,0,LFS
180324,0,LFS
176074,0,LFS
176188,0,LFS
176190,0,LFS
176192,0,LFS
177059,0,LFS
177072,0,LFS
178529,0,LFS
180492,0,LFS
176213,0,LFS
177147,0,LFS
177149,0,LFS
177158,0,LFS
178537,0,LFS
180535,0,LFS
180543,0,LFS
176289,0,LFS
177164,0,LFS
178575,0,LFS
178597,0,LFS
178661,0,LFS
180549,0,LFS
176352,0,LFS
177208,0,LFS
177224,0,LFS
195809,0,LFS
195848,0,LFS
192138,0,LFS
192145,0,LFS
192154,0,LFS
192158,0,LFS
192165,0,LFS
192185,0,LFS
194477,0,LFS
195192,0,LFS
195860,0,LFS
195871,0,LFS
192265,0,LFS
195217,0,LFS
195221,0,LFS
195222,0,LFS
195228,0,LFS
195229,0,LFS
195240,0,LFS
195934,0,LFS
196042,0,LFS
192948,0,LFS
193022,0,LFS
194529,0,LFS
195244,0,LFS
195245,0,LFS
191459,0,LFS
193060,0,LFS
194576,0,LFS
195278,0,LFS
195279,0,LFS
194581,0,LFS
191542,0,LFS
191544,0,LFS
193171,0,LFS
193190,0,LFS
194612,0,LFS
195336,0,LFS
195340,0,LFS
195341,0,LFS
195350,0,LFS
191555,0,LFS
193197,0,LFS
193211,0,LFS
194760,0,LFS
195371,0,LFS
195379,0,LFS
191580,0,LFS
191581,0,LFS
191597,0,LFS
193236,0,LFS
193302,0,LFS
195390,0,LFS
195394,0,LFS
195397,0,LFS
191612,0,LFS
191616,0,LFS
193318,0,LFS
194804,0,LFS
194810,0,LFS
194813,0,LFS
195422,0,LFS
195453,0,LFS
191714,0,LFS
193797,0,LFS
194103,0,LFS
194118,0,LFS
194128,0,LFS
194129,0,LFS
195474,0,LFS
195483,0,LFS
195487,0,LFS
195488,0,LFS
191727,0,LFS
194142,0,LFS
194154,0,LFS
194161,0,LFS
19418,0,LFS
195075,0,LFS
195489,0,LFS
191818,0,LFS
194200,0,LFS
194214,0,LFS
195089,0,LFS
195094,0,LFS
195519,0,LFS
195524,0,LFS
195526,0,LFS
195620,0,LFS
194308,0,LFS
195137,0,LFS
195138,0,LFS
195140,0,LFS
195634,0,LFS
195656,0,LFS
195669,0,LFS
195671,0,LFS
192046,0,LFS
192056,0,LFS
194412,0,LFS
195160,0,LFS
195169,0,LFS
195180,0,LFS
195185,0,LFS
195722,0,LFS
195744,0,LFS
195781,0,LFS
192125,0,LFS
194446,0,LFS
188552,0,LFS
188554,0,LFS
189600,0,LFS
189602,0,LFS
189608,0,LFS
189610,0,LFS
191366,0,LFS
191367,0,LFS
187160,0,LFS
187190,0,LFS
189620,0,LFS
189633,0,LFS
189635,0,LFS
189644,0,LFS
189648,0,LFS
189650,0,LFS
189653,0,LFS
189656,0,LFS
189660,0,LFS
189663,0,LFS
189688,0,LFS
189790,0,LFS
189806,0,LFS
189809,0,LFS
189849,0,LFS
189851,0,LFS
189855,0,LFS
189863,0,LFS
191430,0,LFS
191432,0,LFS
191434,0,LFS
187220,0,LFS
189698,0,LFS
189702,0,LFS
189705,0,LFS
189728,0,LFS
189743,0,LFS
189760,0,LFS
189770,0,LFS
185629,0,LFS
185663,0,LFS
188576,0,LFS
188598,0,LFS
189992,0,LFS
185695,0,LFS
187541,0,LFS
187543,0,LFS
188702,0,LFS
188705,0,LFS
188707,0,LFS
190284,0,LFS
185739,0,LFS
185758,0,LFS
185787,0,LFS
185788,0,LFS
187632,0,LFS
187653,0,LFS
18767,0,LFS
18770,0,LFS
187733,0,LFS
188772,0,LFS
190510,0,LFS
190561,0,LFS
185987,0,LFS
187771,0,LFS
187858,0,LFS
187949,0,LFS
188780,0,LFS
186154,0,LFS
188822,0,LFS
188826,0,LFS
190775,0,LFS
18625,0,LFS
186304,0,LFS
188880,0,LFS
190833,0,LFS
190841,0,LFS
186322,0,LFS
186341,0,LFS
186362,0,LFS
188097,0,LFS
188170,0,LFS
190867,0,LFS
190964,0,LFS
186382,0,LFS
186392,0,LFS
186394,0,LFS
188184,0,LFS
18819,0,LFS
188192,0,LFS
188196,0,LFS
188211,0,LFS
189025,0,LFS
189034,0,LFS
189037,0,LFS
189038,0,LFS
189042,0,LFS
191014,0,LFS
186401,0,LFS
186468,0,LFS
186469,0,LFS
186471,0,LFS
186472,0,LFS
188230,0,LFS
188231,0,LFS
191052,0,LFS
191064,0,LFS
186641,0,LFS
186647,0,LFS
186648,0,LFS
18825,0,LFS
189337,0,LFS
191097,0,LFS
191120,0,LFS
186651,0,LFS
186664,0,LFS
186721,0,LFS
188291,0,LFS
189356,0,LFS
189359,0,LFS
189362,0,LFS
191136,0,LFS
191155,0,LFS
188336,0,LFS
188341,0,LFS
189406,0,LFS
189413,0,LFS
189418,0,LFS
189470,0,LFS
189474,0,LFS
191243,0,LFS
191244,0,LFS
191255,0,LFS
191286,0,LFS
186808,0,LFS
188345,0,LFS
188358,0,LFS
189480,0,LFS
189484,0,LFS
189510,0,LFS
189563,0,LFS
191346,0,LFS
191362,0,LFS
186893,0,LFS
188389,0,LFS
188476,0,LFS
203389,0,LFS
200976,0,LFS
200987,0,LFS
201592,0,LFS
203405,0,LFS
203416,0,LFS
203420,0,LFS
201019,0,LFS
201620,0,LFS
201634,0,LFS
201636,0,LFS
201030,0,LFS
201031,0,LFS
201046,0,LFS
201657,0,LFS
200115,0,LFS
201075,0,LFS
201076,0,LFS
203085,0,LFS
200139,0,LFS
201086,0,LFS
201736,0,LFS
203109,0,LFS
203113,0,LFS
200162,0,LFS
200179,0,LFS
201910,0,LFS
202001,0,LFS
202042,0,LFS
203115,0,LFS
203138,0,LFS
200199,0,LFS
200210,0,LFS
201151,0,LFS
203158,0,LFS
203161,0,LFS
200241,0,LFS
200251,0,LFS
200274,0,LFS
202091,0,LFS
202112,0,LFS
203185,0,LFS
200280,0,LFS
200283,0,LFS
200285,0,LFS
200302,0,LFS
202118,0,LFS
202120,0,LFS
203212,0,LFS
200312,0,LFS
202347,0,LFS
202348,0,LFS
202407,0,LFS
203241,0,LFS
200340,0,LFS
200342,0,LFS
200343,0,LFS
201363,0,LFS
201366,0,LFS
201379,0,LFS
201391,0,LFS
201403,0,LFS
202452,0,LFS
202510,0,LFS
202516,0,LFS
202591,0,LFS
202604,0,LFS
202629,0,LFS
200506,0,LFS
201415,0,LFS
201432,0,LFS
203289,0,LFS
203293,0,LFS
200512,0,LFS
200604,0,LFS
201441,0,LFS
201453,0,LFS
202779,0,LFS
202780,0,LFS
200643,0,LFS
200650,0,LFS
200867,0,LFS
200878,0,LFS
201476,0,LFS
202823,0,LFS
202836,0,LFS
202889,0,LFS
202894,0,LFS
203348,0,LFS
200904,0,LFS
201549,0,LFS
197606,0,LFS
197631,0,LFS
19766,0,LFS
199397,0,LFS
200054,0,LFS
199427,0,LFS
200076,0,LFS
200095,0,LFS
196792,0,LFS
196803,0,LFS
196805,0,LFS
199448,0,LFS
199508,0,LFS
196155,0,LFS
196840,0,LFS
197718,0,LFS
197722,0,LFS
197726,0,LFS
197732,0,LFS
199534,0,LFS
196180,0,LFS
196199,0,LFS
196203,0,LFS
196210,0,LFS
196848,0,LFS
196852,0,LFS
196860,0,LFS
197831,0,LFS
197865,0,LFS
199561,0,LFS
199570,0,LFS
199584,0,LFS
196214,0,LFS
196228,0,LFS
197986,0,LFS
199599,0,LFS
199608,0,LFS
196242,0,LFS
196253,0,LFS
196254,0,LFS
196263,0,LFS
196919,0,LFS
196925,0,LFS
198237,0,LFS
198265,0,LFS
198271,0,LFS
198275,0,LFS
198349,0,LFS
199610,0,LFS
196269,0,LFS
198366,0,LFS
198393,0,LFS
199690,0,LFS
196313,0,LFS
197038,0,LFS
198516,0,LFS
199698,0,LFS
196375,0,LFS
196378,0,LFS
197091,0,LFS
197104,0,LFS
197105,0,LFS
198944,0,LFS
198945,0,LFS
198981,0,LFS
199739,0,LFS
196402,0,LFS
196407,0,LFS
196421,0,LFS
197166,0,LFS
199107,0,LFS
199108,0,LFS
199791,0,LFS
197185,0,LFS
199160,0,LFS
199897,0,LFS
196544,0,LFS
196562,0,LFS
197295,0,LFS
197311,0,LFS
199172,0,LFS
199174,0,LFS
199175,0,LFS
199189,0,LFS
199928,0,LFS
196602,0,LFS
197329,0,LFS
197330,0,LFS
199227,0,LFS
199234,0,LFS
199947,0,LFS
199951,0,LFS
199959,0,LFS
199964,0,LFS
199967,0,LFS
196656,0,LFS
196658,0,LFS
197417,0,LFS
197446,0,LFS
197448,0,LFS
197475,0,LFS
199239,0,LFS
199242,0,LFS
199245,0,LFS
199253,0,LFS
199256,0,LFS
199266,0,LFS
200003,0,LFS
197508,0,LFS
197515,0,LFS
199365,0,LFS
200041,0,LFS
197538,0,LFS
19755,0,LFS
53709,0,LFS
29874,0,LFS
29875,0,LFS
30535,0,LFS
30580,0,LFS
37653,0,LFS
30632,0,LFS
44803,0,LFS
44832,0,LFS
54965,0,LFS
54999,0,LFS
31232,0,LFS
31289,0,LFS
31316,0,LFS
38221,0,LFS
38223,0,LFS
38707,0,LFS
44844,0,LFS
44862,0,LFS
45383,0,LFS
31533,0,LFS
31625,0,LFS
31626,0,LFS
31636,0,LFS
47177,0,LFS
47185,0,LFS
32410,0,LFS
32412,0,LFS
39302,0,LFS
48261,0,LFS
22279,0,LFS
39955,0,LFS
48388,0,LFS
48799,0,LFS
48802,0,LFS
33237,0,LFS
33251,0,LFS
33252,0,LFS
40154,0,LFS
40242,0,LFS
49364,0,LFS
33579,0,LFS
40549,0,LFS
49721,0,LFS
49723,0,LFS
49728,0,LFS
25470,0,LFS
25718,0,LFS
33580,0,LFS
34122,0,LFS
40605,0,LFS
40609,0,LFS
40764,0,LFS
35252,0,LFS
41482,0,LFS
50908,0,LFS
51041,0,LFS
51159,0,LFS
35646,0,LFS
36024,0,LFS
42310,0,LFS
42334,0,LFS
42390,0,LFS
42441,0,LFS
42442,0,LFS
42545,0,LFS
36357,0,LFS
42710,0,LFS
52228,0,LFS
27176,0,LFS
36649,0,LFS
42836,0,LFS
42961,0,LFS
53292,0,LFS
53309,0,LFS
53331,0,LFS
36773,0,LFS
36939,0,LFS
53402,0,LFS
53547,0,LFS
29334,0,LFS
29450,0,LFS
205083,0,LFS
205089,0,LFS
206798,0,LFS
209274,0,LFS
209285,0,LFS
209302,0,LFS
209303,0,LFS
203848,0,LFS
206880,0,LFS
206898,0,LFS
206930,0,LFS
209309,0,LFS
209310,0,LFS
209521,0,LFS
209664,0,LFS
209671,0,LFS
204103,0,LFS
206857,0,LFS
206858,0,LFS
206859,0,LFS
203459,0,LFS
204246,0,LFS
204392,0,LFS
204401,0,LFS
205131,0,LFS
205196,0,LFS
205222,0,LFS
205227,0,LFS
203488,0,LFS
203500,0,LFS
204407,0,LFS
204420,0,LFS
205241,0,LFS
205245,0,LFS
205248,0,LFS
205249,0,LFS
205251,0,LFS
205255,0,LFS
205256,0,LFS
207028,0,LFS
207029,0,LFS
207031,0,LFS
203512,0,LFS
203517,0,LFS
203528,0,LFS
204466,0,LFS
204471,0,LFS
204488,0,LFS
204526,0,LFS
205262,0,LFS
205263,0,LFS
205280,0,LFS
205285,0,LFS
205286,0,LFS
207064,0,LFS
207066,0,LFS
203552,0,LFS
203553,0,LFS
204559,0,LFS
205310,0,LFS
205313,0,LFS
205351,0,LFS
205355,0,LFS
207074,0,LFS
207108,0,LFS
203574,0,LFS
204621,0,LFS
204627,0,LFS
204635,0,LFS
205481,0,LFS
205483,0,LFS
205487,0,LFS
207116,0,LFS
207124,0,LFS
207127,0,LFS
207133,0,LFS
207135,0,LFS
207138,0,LFS
207141,0,LFS
207143,0,LFS
203592,0,LFS
204646,0,LFS
204649,0,LFS
204650,0,LFS
204691,0,LFS
204703,0,LFS
204705,0,LFS
204713,0,LFS
205494,0,LFS
205504,0,LFS
205537,0,LFS
205676,0,LFS
207152,0,LFS
207153,0,LFS
207154,0,LFS
203624,0,LFS
204734,0,LFS
206121,0,LFS
206148,0,LFS
206228,0,LFS
207207,0,LFS
203648,0,LFS
204743,0,LFS
204748,0,LFS
204759,0,LFS
206540,0,LFS
206546,0,LFS
206556,0,LFS
207223,0,LFS
203681,0,LFS
204780,0,LFS
204783,0,LFS
204795,0,LFS
204809,0,LFS
204810,0,LFS
206558,0,LFS
206573,0,LFS
207270,0,LFS
203716,0,LFS
206608,0,LFS
206617,0,LFS
206622,0,LFS
203731,0,LFS
203752,0,LFS
204866,0,LFS
206645,0,LFS
208280,0,LFS
208378,0,LFS
203756,0,LFS
203777,0,LFS
204888,0,LFS
204929,0,LFS
206675,0,LFS
206737,0,LFS
208634,0,LFS
208639,0,LFS
204972,0,LFS
204973,0,LFS
204983,0,LFS
204990,0,LFS
204993,0,LFS
205008,0,LFS
206781,0,LFS
208734,0,LFS
208735,0,LFS
205033,0,LFS
205042,0,LFS
N266,0,LFS
97346,0,LFS
97377,0,LFS
97380,0,LFS
99664,0,LFS
99716,0,LFS
N483,0,LFS
N485,0,LFS
94290,0,LFS
97525,0,LFS
99877,0,LFS
N659,0,LFS
94430,0,LFS
94701,0,LFS
94775,0,LFS
A794,0,LFS
A807,0,LFS
A808,0,LFS
89932,0,LFS
94803,0,LFS
A973,0,LFS
90406,0,LFS
90469,0,LFS
90505,0,LFS
94936,0,LFS
94938,0,LFS
94965,0,LFS
94994,0,LFS
98084,0,LFS
90527,0,LFS
90540,0,LFS
90565,0,LFS
90620,0,LFS
94998,0,LFS
95094,0,LFS
95403,0,LFS
98101,0,LFS
98103,0,LFS
98108,0,LFS
98123,0,LFS
D503,0,LFS
95660,0,LFS
98124,0,LFS
98128,0,LFS
D641,0,LFS
D711,0,LFS
90876,0,LFS
98300,0,LFS
98373,0,LFS
98447,0,LFS
91243,0,LFS
91311,0,LFS
95731,0,LFS
98500,0,LFS
98503,0,LFS
98507,0,LFS
D998,0,LFS
95931,0,LFS
96163,0,LFS
98528,0,LFS
98549,0,LFS
98557,0,LFS
H0011,0,LFS
H0024,0,LFS
H0027,0,LFS
H0041,0,LFS
H0042,0,LFS
H0049,0,LFS
H0073,0,LFS
H0074,0,LFS
91547,0,LFS
96181,0,LFS
96186,0,LFS
96188,0,LFS
98583,0,LFS
98609,0,LFS
H0123,0,LFS
96459,0,LFS
H0191,0,LFS
H0197,0,LFS
H0212,0,LFS
91899,0,LFS
96462,0,LFS
96470,0,LFS
96475,0,LFS
96496,0,LFS
96532,0,LFS
96545,0,LFS
98909,0,LFS
99129,0,LFS
99133,0,LFS
H0374,0,LFS
H0375,0,LFS
H0384,0,LFS
H0402,0,LFS
92065,0,LFS
92163,0,LFS
92170,0,LFS
96567,0,LFS
96571,0,LFS
96574,0,LFS
99162,0,LFS
99171,0,LFS
99173,0,LFS
H0414,0,LFS
L010,0,LFS
96856,0,LFS
96920,0,LFS
99221,0,LFS
99282,0,LFS
N010,0,LFS
N040,0,LFS
92310,0,LFS
97129,0,LFS
97250,0,LFS
71134,0,LFS
71183,0,LFS
71247,0,LFS
71351,0,LFS
64663,0,LFS
64713,0,LFS
64794,0,LFS
79430,0,LFS
79491,0,LFS
81376,0,LFS
64800,0,LFS
64818,0,LFS
81253,0,LFS
81410,0,LFS
55374,0,LFS
55494,0,LFS
64857,0,LFS
71822,0,LFS
71823,0,LFS
81511,0,LFS
82704,0,LFS
55685,0,LFS
56619,0,LFS
65371,0,LFS
65457,0,LFS
65461,0,LFS
82711,0,LFS
82792,0,LFS
56630,0,LFS
66315,0,LFS
72395,0,LFS
83236,0,LFS
66899,0,LFS
66900,0,LFS
72784,0,LFS
73047,0,LFS
83363,0,LFS
57861,0,LFS
66921,0,LFS
66922,0,LFS
66940,0,LFS
67040,0,LFS
83671,0,LFS
83759,0,LFS
59332,0,LFS
59337,0,LFS
67511,0,LFS
67522,0,LFS
74113,0,LFS
74247,0,LFS
74864,0,LFS
84923,0,LFS
85252,0,LFS
59674,0,LFS
68201,0,LFS
68202,0,LFS
74978,0,LFS
85351,0,LFS
85489,0,LFS
85651,0,LFS
60512,0,LFS
60594,0,LFS
75458,0,LFS
75626,0,LFS
75656,0,LFS
85917,0,LFS
85986,0,LFS
60637,0,LFS
68484,0,LFS
68487,0,LFS
68488,0,LFS
68563,0,LFS
68577,0,LFS
68858,0,LFS
76012,0,LFS
86515,0,LFS
86896,0,LFS
61348,0,LFS
69380,0,LFS
76088,0,LFS
76710,0,LFS
76886,0,LFS
76894,0,LFS
87495,0,LFS
69544,0,LFS
69638,0,LFS
76901,0,LFS
76926,0,LFS
76947,0,LFS
87957,0,LFS
62703,0,LFS
63666,0,LFS
77313,0,LFS
77586,0,LFS
63999,0,LFS
77708,0,LFS
64088,0,LFS
64101,0,LFS
64382,0,LFS
64389,0,LFS
70754,0,LFS
S951,0,LFS
X435,0,LFS
X457,0,LFS
X472,0,LFS
X483,0,LFS
X582,0,LFS
X724,0,LFS
X807,0,LFS
X887,0,LFS
X950,0,LFS
X953,0,LFS
X980,0,LFS
00363,0,LFS
00383,0,LFS
02268,0,LFS
02281,0,LFS
02391,0,LFS
02415,0,LFS
01609,0,LFS
04816,0,LFS
05112,0,LFS
03488,0,LFS
03900,0,LFS
07015,0,LFS
07669,0,LFS
07960,0,LFS
07969,0,LFS
08007,0,LFS
05816,0,LFS
06966,0,LFS
09486,0,LFS
09488,0,LFS
08340,0,LFS
08369,0,LFS
08482,0,LFS
08642,0,LFS
08768,0,LFS
08789,0,LFS
08813,0,LFS
08835,0,LFS
09224,0,LFS
10075,0,LFS
100802,0,LFS
100898,0,LFS
101062,0,LFS
101916,0,LFS
102203,0,LFS
102246,0,LFS
101386,0,LFS
09945,0,LFS
100414,0,LFS
103211,0,LFS
103233,0,LFS
103272,0,LFS
102264,0,LFS
102486,0,LFS
102564,0,LFS
102566,0,LFS
102572,0,LFS
102742,0,LFS
103052,0,LFS
103067,0,LFS
103778,0,LFS
103781,0,LFS
103784,0,LFS
103827,0,LFS
103888,0,LFS
103500,0,LFS
103540,0,LFS
103542,0,LFS
103552,0,LFS
103688,0,LFS
104433,0,LFS
104605,0,LFS
104658,0,LFS
104781,0,LFS
104866,0,LFS
104890,0,LFS
104891,0,LFS
104897,0,LFS
104907,0,LFS
106654,0,LFS
106766,0,LFS
106808,0,LFS
106027,0,LFS
106039,0,LFS
105449,0,LFS
105643,0,LFS
105819,0,LFS
105848,0,LFS
107745,0,LFS
107746,0,LFS
107821,0,LFS
107933,0,LFS
107941,0,LFS
106887,0,LFS
106894,0,LFS
106954,0,LFS
107035,0,LFS
107089,0,LFS
107104,0,LFS
107107,0,LFS
107153,0,LFS
107171,0,LFS
107218,0,LFS
107230,0,LFS
107275,0,LFS
107410,0,LFS
107624,0,LFS
107732,0,LFS
108494,0,LFS
108512,0,LFS
108573,0,LFS
108583,0,LFS
108450,0,LFS
108456,0,LFS
107979,0,LFS
107983,0,LFS
107984,0,LFS
108156,0,LFS
108158,0,LFS
108160,0,LFS
108174,0,LFS
108214,0,LFS
108233,0,LFS
110742,0,LFS
110747,0,LFS
110752,0,LFS
110795,0,LFS
110908,0,LFS
110934,0,LFS
110937,0,LFS
108823,0,LFS
108901,0,LFS
109331,0,LFS
109702,0,LFS
109766,0,LFS
109986,0,LFS
110248,0,LFS
110250,0,LFS
110591,0,LFS
113078,0,LFS
113270,0,LFS
113326,0,LFS
111641,0,LFS
111723,0,LFS
111751,0,LFS
111770,0,LFS
115426,0,LFS
115773,0,LFS
113982,0,LFS
114155,0,LFS
114158,0,LFS
114172,0,LFS
114173,0,LFS
114769,0,LFS
115046,0,LFS
115058,0,LFS
115154,0,LFS
115194,0,LFS
115338,0,LFS
116674,0,LFS
117094,0,LFS
117281,0,LFS
117337,0,LFS
116651,0,LFS
115952,0,LFS
115966,0,LFS
115985,0,LFS
116046,0,LFS
118769,0,LFS
118785,0,LFS
119307,0,LFS
117919,0,LFS
117938,0,LFS
118242,0,LFS
118273,0,LFS
118279,0,LFS
118282,0,LFS
118289,0,LFS
118313,0,LFS
118366,0,LFS
118492,0,LFS
118521,0,LFS
118554,0,LFS
136186,0,LFS
136248,0,LFS
136300,0,LFS
138028,0,LFS
139579,0,LFS
139682,0,LFS
134496,0,LFS
134508,0,LFS
139836,0,LFS
134585,0,LFS
136639,0,LFS
136646,0,LFS
136663,0,LFS
138235,0,LFS
138289,0,LFS
131608,0,LFS
131687,0,LFS
134626,0,LFS
134641,0,LFS
136764,0,LFS
138317,0,LFS
138366,0,LFS
131791,0,LFS
131795,0,LFS
131897,0,LFS
132079,0,LFS
134659,0,LFS
134665,0,LFS
134797,0,LFS
136824,0,LFS
138370,0,LFS
132081,0,LFS
132165,0,LFS
136918,0,LFS
136931,0,LFS
138580,0,LFS
137074,0,LFS
138593,0,LFS
134923,0,LFS
134926,0,LFS
137099,0,LFS
137121,0,LFS
138722,0,LFS
138728,0,LFS
138805,0,LFS
133187,0,LFS
133188,0,LFS
133192,0,LFS
133195,0,LFS
135113,0,LFS
137144,0,LFS
137168,0,LFS
138925,0,LFS
138926,0,LFS
137266,0,LFS
137276,0,LFS
137277,0,LFS
139000,0,LFS
133381,0,LFS
133416,0,LFS
135435,0,LFS
133794,0,LFS
133912,0,LFS
133952,0,LFS
135741,0,LFS
137497,0,LFS
139242,0,LFS
133963,0,LFS
133968,0,LFS
133972,0,LFS
134120,0,LFS
137543,0,LFS
135967,0,LFS
137653,0,LFS
139394,0,LFS
139399,0,LFS
134320,0,LFS
137794,0,LFS
137821,0,LFS
139404,0,LFS
134401,0,LFS
13613,0,LFS
125867,0,LFS
12699,0,LFS
127046,0,LFS
127075,0,LFS
127203,0,LFS
131316,0,LFS
131318,0,LFS
122206,0,LFS
122227,0,LFS
127341,0,LFS
127663,0,LFS
127776,0,LFS
131522,0,LFS
122463,0,LFS
127465,0,LFS
127479,0,LFS
128172,0,LFS
119594,0,LFS
128678,0,LFS
128683,0,LFS
119721,0,LFS
119848,0,LFS
123332,0,LFS
126092,0,LFS
126093,0,LFS
126193,0,LFS
129058,0,LFS
129096,0,LFS
126205,0,LFS
126208,0,LFS
129106,0,LFS
124447,0,LFS
124654,0,LFS
124656,0,LFS
126226,0,LFS
126246,0,LFS
126288,0,LFS
126307,0,LFS
126312,0,LFS
126318,0,LFS
129587,0,LFS
129588,0,LFS
129589,0,LFS
129829,0,LFS
120013,0,LFS
124667,0,LFS
124696,0,LFS
126352,0,LFS
126353,0,LFS
126361,0,LFS
130073,0,LFS
130231,0,LFS
120267,0,LFS
120268,0,LFS
125106,0,LFS
126421,0,LFS
13040,0,LFS
130501,0,LFS
120378,0,LFS
120384,0,LFS
120710,0,LFS
120711,0,LFS
125149,0,LFS
125243,0,LFS
125244,0,LFS
126517,0,LFS
126532,0,LFS
126543,0,LFS
126550,0,LFS
126556,0,LFS
126558,0,LFS
130589,0,LFS
120958,0,LFS
125258,0,LFS
125275,0,LFS
126568,0,LFS
130689,0,LFS
121182,0,LFS
121310,0,LFS
121346,0,LFS
121456,0,LFS
126743,0,LFS
126807,0,LFS
121629,0,LFS
121648,0,LFS
131057,0,LFS
126944,0,LFS
126960,0,LFS
131069,0,LFS
131071,0,LFS
131112,0,LFS
121718,0,LFS
121738,0,LFS
157095,0,LFS
152624,0,LFS
157248,0,LFS
157249,0,LFS
157250,0,LFS
150140,0,LFS
150676,0,LFS
150722,0,LFS
152881,0,LFS
152882,0,LFS
154928,0,LFS
150748,0,LFS
150830,0,LFS
155076,0,LFS
155081,0,LFS
155114,0,LFS
155115,0,LFS
155140,0,LFS
155145,0,LFS
147864,0,LFS
150945,0,LFS
153442,0,LFS
155259,0,LFS
147876,0,LFS
147909,0,LFS
151130,0,LFS
155640,0,LFS
151396,0,LFS
155674,0,LFS
155679,0,LFS
155713,0,LFS
154096,0,LFS
154155,0,LFS
155722,0,LFS
155753,0,LFS
14810,0,LFS
148365,0,LFS
148366,0,LFS
151570,0,LFS
154189,0,LFS
151628,0,LFS
155907,0,LFS
155910,0,LFS
154353,0,LFS
155936,0,LFS
155959,0,LFS
155982,0,LFS
149119,0,LFS
152089,0,LFS
154388,0,LFS
156009,0,LFS
156032,0,LFS
149270,0,LFS
149284,0,LFS
152217,0,LFS
152220,0,LFS
154412,0,LFS
154420,0,LFS
154429,0,LFS
154430,0,LFS
149287,0,LFS
149289,0,LFS
149334,0,LFS
152488,0,LFS
154468,0,LFS
156281,0,LFS
156282,0,LFS
156291,0,LFS
149388,0,LFS
149389,0,LFS
152525,0,LFS
152537,0,LFS
154479,0,LFS
156382,0,LFS
149530,0,LFS
149547,0,LFS
152573,0,LFS
152575,0,LFS
156429,0,LFS
149855,0,LFS
149866,0,LFS
152591,0,LFS
144277,0,LFS
147658,0,LFS
147761,0,LFS
140909,0,LFS
140928,0,LFS
144313,0,LFS
144453,0,LFS
144528,0,LFS
145282,0,LFS
145444,0,LFS
147842,0,LFS
147844,0,LFS
140987,0,LFS
141276,0,LFS
145237,0,LFS
14556,0,LFS
145565,0,LFS
145577,0,LFS
139892,0,LFS
141306,0,LFS
141430,0,LFS
145816,0,LFS
140015,0,LFS
140018,0,LFS
141557,0,LFS
145960,0,LFS
14603,0,LFS
146039,0,LFS
146302,0,LFS
146436,0,LFS
143283,0,LFS
146479,0,LFS
140235,0,LFS
140239,0,LFS
146616,0,LFS
140256,0,LFS
140259,0,LFS
140260,0,LFS
140269,0,LFS
140276,0,LFS
143519,0,LFS
14355,0,LFS
140296,0,LFS
143647,0,LFS
147010,0,LFS
140314,0,LFS
140337,0,LFS
147033,0,LFS
140375,0,LFS
140377,0,LFS
14245,0,LFS
143800,0,LFS
140427,0,LFS
142557,0,LFS
143908,0,LFS
143915,0,LFS
14400,0,LFS
140462,0,LFS
142567,0,LFS
142614,0,LFS
144030,0,LFS
147183,0,LFS
142622,0,LFS
142662,0,LFS
144151,0,LFS
140739,0,LFS
142708,0,LFS
144224,0,LFS
147538,0,LFS
147619,0,LFS
147622,0,LFS
142774,0,LFS
142791,0,LFS
142875,0,LFS
175162,0,LFS
175196,0,LFS
175224,0,LFS
169242,0,LFS
169417,0,LFS
169419,0,LFS
175272,0,LFS
169519,0,LFS
171292,0,LFS
173564,0,LFS
173574,0,LFS
173575,0,LFS
173621,0,LFS
171306,0,LFS
173641,0,LFS
173660,0,LFS
173677,0,LFS
169661,0,LFS
171370,0,LFS
171375,0,LFS
169800,0,LFS
173732,0,LFS
173792,0,LFS
167367,0,LFS
171784,0,LFS
171881,0,LFS
173793,0,LFS
173804,0,LFS
173806,0,LFS
173811,0,LFS
173826,0,LFS
173837,0,LFS
167720,0,LFS
171961,0,LFS
173873,0,LFS
173886,0,LFS
167833,0,LFS
167878,0,LFS
169991,0,LFS
170029,0,LFS
170033,0,LFS
172058,0,LFS
172075,0,LFS
172077,0,LFS
173976,0,LFS
168298,0,LFS
172158,0,LFS
172262,0,LFS
174093,0,LFS
168399,0,LFS
16842,0,LFS
172646,0,LFS
174174,0,LFS
174262,0,LFS
168473,0,LFS
168475,0,LFS
168479,0,LFS
168482,0,LFS
170298,0,LFS
170303,0,LFS
172722,0,LFS
172728,0,LFS
17434,0,LFS
174359,0,LFS
174370,0,LFS
174373,0,LFS
168500,0,LFS
168657,0,LFS
168846,0,LFS
170317,0,LFS
172791,0,LFS
172795,0,LFS
174507,0,LFS
174641,0,LFS
168929,0,LFS
168975,0,LFS
172829,0,LFS
172834,0,LFS
172845,0,LFS
174671,0,LFS
174759,0,LFS
174768,0,LFS
169023,0,LFS
169073,0,LFS
170442,0,LFS
172856,0,LFS
174870,0,LFS
174885,0,LFS
169141,0,LFS
169154,0,LFS
174892,0,LFS
169199,0,LFS
169206,0,LFS
171177,0,LFS
166857,0,LFS
159004,0,LFS
159019,0,LFS
164875,0,LFS
164887,0,LFS
164993,0,LFS
165129,0,LFS
165130,0,LFS
165371,0,LFS
157381,0,LFS
157384,0,LFS
157439,0,LFS
157515,0,LFS
157536,0,LFS
157537,0,LFS
159409,0,LFS
162530,0,LFS
162567,0,LFS
165512,0,LFS
165516,0,LFS
165569,0,LFS
165644,0,LFS
159585,0,LFS
159599,0,LFS
162968,0,LFS
157793,0,LFS
159674,0,LFS
165750,0,LFS
165792,0,LFS
165795,0,LFS
165796,0,LFS
157916,0,LFS
159743,0,LFS
163202,0,LFS
158041,0,LFS
158073,0,LFS
158200,0,LFS
158337,0,LFS
163374,0,LFS
166000,0,LFS
158422,0,LFS
158464,0,LFS
160119,0,LFS
160125,0,LFS
160131,0,LFS
158534,0,LFS
163648,0,LFS
163650,0,LFS
166145,0,LFS
158795,0,LFS
163660,0,LFS
163699,0,LFS
166222,0,LFS
166250,0,LFS
166287,0,LFS
166321,0,LFS
158884,0,LFS
164011,0,LFS
164124,0,LFS
166325,0,LFS
166344,0,LFS
161566,0,LFS
164207,0,LFS
164251,0,LFS
166687,0,LFS
161832,0,LFS
162234,0,LFS
164259,0,LFS
164276,0,LFS
164280,0,LFS
166702,0,LFS
166708,0,LFS
166729,0,LFS
158977,0,LFS
158987,0,LFS
18529,0,LFS
185327,0,LFS
185332,0,LFS
185338,0,LFS
181574,0,LFS
183113,0,LFS
183124,0,LFS
183127,0,LFS
184407,0,LFS
184416,0,LFS
185401,0,LFS
185483,0,LFS
181780,0,LFS
183149,0,LFS
183180,0,LFS
184446,0,LFS
184454,0,LFS
184503,0,LFS
185560,0,LFS
185578,0,LFS
185580,0,LFS
181914,0,LFS
181924,0,LFS
183228,0,LFS
184577,0,LFS
184585,0,LFS
180656,0,LFS
181988,0,LFS
18344,0,LFS
18347,0,LFS
184664,0,LFS
184675,0,LFS
182187,0,LFS
182359,0,LFS
18348,0,LFS
183485,0,LFS
184695,0,LFS
180708,0,LFS
182463,0,LFS
182568,0,LFS
182569,0,LFS
183495,0,LFS
183500,0,LFS
183528,0,LFS
183532,0,LFS
184743,0,LFS
180865,0,LFS
183574,0,LFS
184763,0,LFS
180887,0,LFS
182625,0,LFS
182628,0,LFS
182642,0,LFS
183685,0,LFS
183691,0,LFS
180926,0,LFS
182654,0,LFS
182658,0,LFS
182663,0,LFS
183710,0,LFS
184952,0,LFS
184995,0,LFS
183745,0,LFS
183749,0,LFS
18376,0,LFS
185012,0,LFS
185015,0,LFS
181099,0,LFS
183771,0,LFS
183776,0,LFS
185029,0,LFS
185030,0,LFS
185036,0,LFS
181126,0,LFS
181145,0,LFS
182803,0,LFS
182806,0,LFS
183813,0,LFS
183827,0,LFS
18384,0,LFS
181194,0,LFS
182836,0,LFS
182847,0,LFS
185181,0,LFS
181231,0,LFS
181236,0,LFS
183931,0,LFS
184119,0,LFS
182915,0,LFS
182920,0,LFS
182997,0,LFS
184144,0,LFS
184145,0,LFS
184151,0,LFS
184254,0,LFS
184368,0,LFS
184391,0,LFS
185281,0,LFS
185287,0,LFS
181443,0,LFS
181475,0,LFS
181476,0,LFS
183008,0,LFS
183009,0,LFS
183014,0,LFS
183057,0,LFS
177259,0,LFS
177277,0,LFS
178750,0,LFS
17877,0,LFS
178990,0,LFS
17900,0,LFS
179188,0,LFS
179205,0,LFS
180614,0,LFS
176538,0,LFS
179101,0,LFS
179274,0,LFS
179287,0,LFS
177283,0,LFS
177288,0,LFS
175487,0,LFS
177344,0,LFS
177347,0,LFS
177357,0,LFS
175593,0,LFS
176721,0,LFS
177385,0,LFS
177421,0,LFS
175642,0,LFS
175643,0,LFS
175652,0,LFS
176739,0,LFS
176756,0,LFS
179723,0,LFS
179728,0,LFS
179730,0,LFS
179750,0,LFS
175774,0,LFS
176785,0,LFS
177615,0,LFS
177619,0,LFS
177625,0,LFS
177666,0,LFS
177669,0,LFS
175843,0,LFS
175877,0,LFS
176862,0,LFS
177800,0,LFS
177809,0,LFS
177818,0,LFS
180087,0,LFS
180106,0,LFS
175880,0,LFS
175882,0,LFS
17694,0,LFS
176940,0,LFS
177898,0,LFS
180124,0,LFS
180138,0,LFS
175908,0,LFS
175909,0,LFS
175930,0,LFS
175969,0,LFS
177000,0,LFS
177926,0,LFS
177933,0,LFS
177939,0,LFS
176040,0,LFS
177018,0,LFS
17838,0,LFS
180248,0,LFS
18047,0,LFS
176215,0,LFS
177112,0,LFS
177145,0,LFS
178561,0,LFS
180513,0,LFS
180545,0,LFS
180546,0,LFS
177168,0,LFS
177179,0,LFS
178595,0,LFS
178604,0,LFS
178607,0,LFS
180554,0,LFS
180555,0,LFS
180568,0,LFS
177194,0,LFS
195810,0,LFS
192159,0,LFS
192174,0,LFS
194464,0,LFS
194468,0,LFS
195190,0,LFS
195196,0,LFS
195201,0,LFS
195205,0,LFS
195211,0,LFS
195863,0,LFS
195864,0,LFS
195866,0,LFS
195867,0,LFS
192217,0,LFS
192251,0,LFS
194515,0,LFS
195215,0,LFS
195234,0,LFS
195922,0,LFS
192650,0,LFS
192926,0,LFS
192951,0,LFS
194533,0,LFS
195249,0,LFS
195250,0,LFS
195256,0,LFS
195257,0,LFS
195259,0,LFS
191451,0,LFS
191452,0,LFS
191456,0,LFS
191485,0,LFS
193059,0,LFS
194570,0,LFS
194575,0,LFS
195277,0,LFS
191493,0,LFS
193094,0,LFS
194588,0,LFS
194590,0,LFS
194591,0,LFS
194594,0,LFS
194597,0,LFS
194598,0,LFS
194601,0,LFS
195308,0,LFS
195325,0,LFS
191523,0,LFS
191525,0,LFS
191530,0,LFS
193170,0,LFS
193173,0,LFS
193176,0,LFS
194609,0,LFS
194615,0,LFS
195338,0,LFS
195347,0,LFS
191550,0,LFS
191556,0,LFS
193208,0,LFS
193221,0,LFS
195356,0,LFS
195358,0,LFS
195366,0,LFS
191576,0,LFS
191588,0,LFS
191589,0,LFS
191594,0,LFS
191598,0,LFS
193238,0,LFS
193248,0,LFS
193299,0,LFS
195382,0,LFS
191606,0,LFS
191609,0,LFS
191611,0,LFS
195424,0,LFS
195429,0,LFS
191627,0,LFS
191644,0,LFS
193609,0,LFS
194987,0,LFS
195433,0,LFS
195450,0,LFS
195454,0,LFS
195456,0,LFS
191671,0,LFS
191704,0,LFS
191705,0,LFS
194127,0,LFS
195471,0,LFS
195486,0,LFS
194144,0,LFS
194152,0,LFS
194160,0,LFS
195046,0,LFS
195049,0,LFS
195072,0,LFS
195491,0,LFS
195494,0,LFS
191817,0,LFS
191847,0,LFS
194218,0,LFS
195084,0,LFS
195093,0,LFS
195109,0,LFS
194375,0,LFS
195628,0,LFS
195670,0,LFS
195675,0,LFS
192002,0,LFS
192059,0,LFS
192061,0,LFS
192071,0,LFS
192075,0,LFS
195175,0,LFS
195766,0,LFS
192088,0,LFS
192095,0,LFS
194428,0,LFS
188506,0,LFS
188510,0,LFS
188511,0,LFS
189588,0,LFS
189605,0,LFS
189606,0,LFS
191365,0,LFS
191382,0,LFS
191409,0,LFS
189627,0,LFS
189631,0,LFS
189632,0,LFS
189657,0,LFS
189794,0,LFS
189810,0,LFS
189846,0,LFS
189857,0,LFS
189862,0,LFS
189867,0,LFS
189868,0,LFS
191438,0,LFS
191442,0,LFS
191443,0,LFS
191450,0,LFS
187200,0,LFS
187212,0,LFS
187312,0,LFS
189689,0,LFS
189750,0,LFS
189754,0,LFS
189909,0,LFS
185590,0,LFS
185622,0,LFS
185662,0,LFS
189990,0,LFS
189997,0,LFS
190062,0,LFS
190171,0,LFS
190175,0,LFS
190176,0,LFS
190178,0,LFS
185697,0,LFS
185704,0,LFS
185709,0,LFS
185717,0,LFS
185720,0,LFS
18751,0,LFS
187530,0,LFS
18758,0,LFS
188670,0,LFS
188690,0,LFS
188692,0,LFS
188698,0,LFS
188701,0,LFS
190229,0,LFS
190358,0,LFS
188732,0,LFS
188769,0,LFS
188773,0,LFS
190562,0,LFS
185947,0,LFS
187909,0,LFS
188783,0,LFS
188796,0,LFS
188798,0,LFS
188812,0,LFS
190593,0,LFS
190678,0,LFS
186171,0,LFS
187985,0,LFS
187990,0,LFS
190777,0,LFS
186307,0,LFS
188073,0,LFS
188074,0,LFS
188088,0,LFS
188843,0,LFS
188890,0,LFS
188130,0,LFS
188140,0,LFS
188165,0,LFS
188971,0,LFS
189010,0,LFS
189018,0,LFS
186367,0,LFS
186375,0,LFS
186378,0,LFS
190990,0,LFS
191015,0,LFS
18654,0,LFS
188235,0,LFS
191061,0,LFS
191074,0,LFS
186609,0,LFS
186642,0,LFS
186643,0,LFS
188251,0,LFS
188279,0,LFS
189340,0,LFS
189352,0,LFS
191124,0,LFS
186650,0,LFS
186725,0,LFS
188288,0,LFS
188292,0,LFS
188308,0,LFS
189366,0,LFS
189368,0,LFS
191171,0,LFS
191183,0,LFS
186781,0,LFS
188317,0,LFS
188320,0,LFS
188321,0,LFS
189414,0,LFS
189471,0,LFS
191212,0,LFS
188348,0,LFS
188363,0,LFS
188364,0,LFS
189481,0,LFS
189482,0,LFS
189493,0,LFS
191321,0,LFS
186978,0,LFS
186980,0,LFS
188388,0,LFS
203393,0,LFS
200979,0,LFS
200984,0,LFS
200986,0,LFS
201596,0,LFS
201599,0,LFS
20161,0,LFS
203001,0,LFS
203418,0,LFS
203423,0,LFS
201005,0,LFS
201012,0,LFS
203432,0,LFS
203433,0,LFS
203448,0,LFS
201055,0,LFS
201059,0,LFS
201658,0,LFS
201667,0,LFS
201676,0,LFS
201677,0,LFS
200111,0,LFS
201065,0,LFS
201066,0,LFS
201073,0,LFS
201078,0,LFS
201811,0,LFS
201901,0,LFS
203097,0,LFS
200178,0,LFS
200194,0,LFS
201911,0,LFS
202017,0,LFS
203129,0,LFS
200207,0,LFS
200214,0,LFS
200215,0,LFS
201165,0,LFS
202078,0,LFS
203153,0,LFS
203159,0,LFS
203167,0,LFS
200219,0,LFS
201203,0,LFS
202106,0,LFS
200282,0,LFS
200295,0,LFS
200308,0,LFS
201276,0,LFS
203196,0,LFS
200313,0,LFS
20129,0,LFS
201332,0,LFS
202182,0,LFS
202270,0,LFS
202346,0,LFS
202406,0,LFS
203234,0,LFS
203239,0,LFS
200394,0,LFS
201361,0,LFS
201377,0,LFS
202517,0,LFS
203261,0,LFS
20041,0,LFS
200492,0,LFS
200496,0,LFS
200499,0,LFS
201411,0,LFS
202712,0,LFS
202728,0,LFS
200613,0,LFS
201435,0,LFS
201456,0,LFS
201461,0,LFS
202787,0,LFS
202789,0,LFS
203307,0,LFS
200647,0,LFS
200865,0,LFS
202815,0,LFS
203345,0,LFS
203349,0,LFS
201533,0,LFS
200934,0,LFS
200943,0,LFS
201573,0,LFS
197602,0,LFS
197620,0,LFS
199398,0,LFS
200053,0,LFS
200057,0,LFS
200058,0,LFS
200063,0,LFS
200070,0,LFS
19942,0,LFS
200085,0,LFS
200092,0,LFS
200096,0,LFS
196809,0,LFS
196812,0,LFS
199513,0,LFS
199516,0,LFS
196101,0,LFS
196107,0,LFS
196152,0,LFS
196167,0,LFS
196824,0,LFS
197757,0,LFS
197770,0,LFS
197773,0,LFS
199531,0,LFS
19621,0,LFS
196861,0,LFS
199572,0,LFS
199579,0,LFS
196211,0,LFS
196222,0,LFS
196234,0,LFS
197985,0,LFS
199593,0,LFS
196244,0,LFS
196248,0,LFS
196252,0,LFS
196912,0,LFS
196915,0,LFS
196916,0,LFS
196929,0,LFS
198267,0,LFS
199623,0,LFS
196290,0,LFS
196298,0,LFS
196977,0,LFS
199653,0,LFS
196306,0,LFS
196336,0,LFS
197015,0,LFS
197040,0,LFS
197073,0,LFS
196364,0,LFS
197112,0,LFS
197113,0,LFS
198936,0,LFS
198958,0,LFS
198966,0,LFS
198982,0,LFS
198986,0,LFS
199746,0,LFS
199752,0,LFS
197131,0,LFS
197139,0,LFS
197161,0,LFS
197174,0,LFS
199032,0,LFS
199110,0,LFS
199789,0,LFS
19643,0,LFS
196443,0,LFS
197179,0,LFS
197191,0,LFS
197267,0,LFS
199120,0,LFS
199122,0,LFS
199127,0,LFS
199146,0,LFS
199152,0,LFS
199864,0,LFS
199891,0,LFS
196454,0,LFS
197315,0,LFS
197324,0,LFS
199901,0,LFS
199922,0,LFS
199925,0,LFS
199927,0,LFS
199932,0,LFS
199937,0,LFS
196601,0,LFS
197402,0,LFS
197403,0,LFS
197407,0,LFS
199224,0,LFS
199962,0,LFS
199965,0,LFS
196637,0,LFS
197468,0,LFS
197471,0,LFS
199260,0,LFS
199971,0,LFS
200013,0,LFS
196669,0,LFS
196674,0,LFS
196679,0,LFS
196685,0,LFS
197514,0,LFS
197524,0,LFS
197530,0,LFS
200030,0,LFS
200040,0,LFS
200045,0,LFS
200047,0,LFS
196711,0,LFS
196735,0,LFS
197536,0,LFS
197588,0,LFS
53670,0,LFS
37574,0,LFS
37637,0,LFS
37651,0,LFS
37652,0,LFS
44323,0,LFS
54507,0,LFS
30713,0,LFS
37829,0,LFS
44666,0,LFS
44743,0,LFS
44744,0,LFS
38487,0,LFS
45394,0,LFS
46728,0,LFS
39034,0,LFS
46742,0,LFS
21153,0,LFS
21300,0,LFS
21396,0,LFS
21720,0,LFS
21721,0,LFS
31643,0,LFS
31704,0,LFS
31706,0,LFS
31737,0,LFS
32104,0,LFS
48241,0,LFS
22065,0,LFS
22070,0,LFS
22278,0,LFS
32435,0,LFS
32469,0,LFS
39954,0,LFS
48807,0,LFS
22635,0,LFS
32787,0,LFS
32788,0,LFS
32901,0,LFS
33238,0,LFS
49143,0,LFS
49190,0,LFS
23065,0,LFS
23132,0,LFS
23289,0,LFS
23698,0,LFS
40236,0,LFS
40239,0,LFS
40321,0,LFS
40322,0,LFS
49251,0,LFS
24023,0,LFS
33305,0,LFS
40349,0,LFS
40547,0,LFS
40551,0,LFS
25057,0,LFS
25471,0,LFS
34182,0,LFS
50144,0,LFS
26287,0,LFS
34644,0,LFS
34859,0,LFS
35250,0,LFS
41609,0,LFS
50910,0,LFS
50948,0,LFS
35645,0,LFS
51422,0,LFS
26630,0,LFS
42699,0,LFS
42706,0,LFS
42814,0,LFS
52716,0,LFS
27576,0,LFS
27615,0,LFS
36411,0,LFS
36650,0,LFS
52729,0,LFS
52962,0,LFS
43873,0,LFS
53403,0,LFS
53443,0,LFS
53634,0,LFS
29396,0,LFS
29453,0,LFS
29807,0,LFS
205065,0,LFS
205069,0,LFS
205072,0,LFS
205074,0,LFS
205081,0,LFS
205095,0,LFS
205097,0,LFS
205098,0,LFS
205127,0,LFS
206805,0,LFS
209271,0,LFS
209275,0,LFS
206811,0,LFS
206820,0,LFS
206839,0,LFS
206878,0,LFS
206927,0,LFS
203950,0,LFS
203991,0,LFS
204101,0,LFS
204239,0,LFS
206844,0,LFS
206848,0,LFS
206951,0,LFS
206974,0,LFS
205143,0,LFS
205148,0,LFS
205160,0,LFS
205190,0,LFS
205197,0,LFS
205225,0,LFS
206995,0,LFS
206997,0,LFS
207007,0,LFS
207010,0,LFS
203489,0,LFS
205236,0,LFS
205246,0,LFS
205257,0,LFS
207035,0,LFS
207037,0,LFS
204482,0,LFS
204551,0,LFS
204552,0,LFS
205260,0,LFS
205271,0,LFS
207046,0,LFS
207055,0,LFS
203554,0,LFS
204609,0,LFS
205298,0,LFS
205342,0,LFS
205343,0,LFS
205357,0,LFS
207075,0,LFS
207098,0,LFS
207100,0,LFS
207112,0,LFS
204625,0,LFS
205478,0,LFS
205482,0,LFS
205485,0,LFS
207137,0,LFS
207140,0,LFS
207142,0,LFS
204683,0,LFS
204715,0,LFS
204717,0,LFS
205503,0,LFS
205678,0,LFS
205681,0,LFS
207191,0,LFS
204731,0,LFS
204736,0,LFS
204739,0,LFS
204740,0,LFS
205759,0,LFS
206224,0,LFS
207204,0,LFS
207213,0,LFS
203654,0,LFS
203663,0,LFS
204757,0,LFS
204767,0,LFS
206516,0,LFS
207225,0,LFS
207226,0,LFS
207234,0,LFS
203680,0,LFS
203689,0,LFS
204768,0,LFS
204774,0,LFS
204788,0,LFS
204790,0,LFS
204794,0,LFS
204808,0,LFS
206560,0,LFS
207250,0,LFS
207266,0,LFS
207269,0,LFS
203703,0,LFS
203705,0,LFS
204835,0,LFS
204848,0,LFS
206615,0,LFS
206624,0,LFS
206627,0,LFS
207968,0,LFS
207977,0,LFS
203734,0,LFS
203740,0,LFS
204861,0,LFS
204865,0,LFS
204867,0,LFS
204869,0,LFS
206652,0,LFS
206660,0,LFS
208489,0,LFS
204895,0,LFS
204896,0,LFS
204953,0,LFS
206680,0,LFS
206723,0,LFS
206733,0,LFS
208608,0,LFS
208723,0,LFS
203802,0,LFS
204962,0,LFS
204963,0,LFS
204994,0,LFS
205001,0,LFS
205012,0,LFS
206758,0,LFS
206776,0,LFS
206780,0,LFS
208731,0,LFS
205028,0,LFS
205053,0,LFS
205058,0,LFS
N159,0,LFS
N262,0,LFS
94165,0,LFS
97351,0,LFS
97352,0,LFS
97364,0,LFS
99558,0,LFS
99574,0,LFS
99602,0,LFS
99609,0,LFS
99614,0,LFS
99647,0,LFS
99663,0,LFS
N484,0,LFS
N516,0,LFS
94241,0,LFS
99901,0,LFS
N542,0,LFS
N565,0,LFS
N570,0,LFS
N572,0,LFS
N642,0,LFS
94297,0,LFS
94346,0,LFS
97653,0,LFS
97664,0,LFS
97690,0,LFS
A803,0,LFS
A804,0,LFS
89988,0,LFS
90175,0,LFS
94851,0,LFS
97720,0,LFS
97725,0,LFS
97760,0,LFS
97977,0,LFS
98058,0,LFS
98060,0,LFS
A897,0,LFS
90370,0,LFS
90374,0,LFS
90381,0,LFS
94931,0,LFS
94946,0,LFS
94959,0,LFS
98067,0,LFS
D423,0,LFS
90621,0,LFS
90622,0,LFS
95004,0,LFS
95110,0,LFS
95415,0,LFS
D478,0,LFS
D571,0,LFS
90784,0,LFS
98136,0,LFS
98304,0,LFS
98404,0,LFS
D797,0,LFS
91373,0,LFS
95761,0,LFS
98501,0,LFS
98505,0,LFS
D978,0,LFS
F0051,0,LFS
F0072,0,LFS
F0125,0,LFS
F0180,0,LFS
91432,0,LFS
91534,0,LFS
95900,0,LFS
96092,0,LFS
98546,0,LFS
H0007,0,LFS
H0009,0,LFS
H0026,0,LFS
H0046,0,LFS
H0053,0,LFS
H0072,0,LFS
91538,0,LFS
96183,0,LFS
96249,0,LFS
98705,0,LFS
H0104,0,LFS
H0129,0,LFS
H0177,0,LFS
91653,0,LFS
96431,0,LFS
96432,0,LFS
H0216,0,LFS
91747,0,LFS
96464,0,LFS
99106,0,LFS
99127,0,LFS
99131,0,LFS
H0356,0,LFS
H0401,0,LFS
92169,0,LFS
96590,0,LFS
96603,0,LFS
96604,0,LFS
H0404,0,LFS
96844,0,LFS
96858,0,LFS
96862,0,LFS
99266,0,LFS
99268,0,LFS
92308,0,LFS
92309,0,LFS
92329,0,LFS
97124,0,LFS
97126,0,LFS
97128,0,LFS
97280,0,LFS
71239,0,LFS
71585,0,LFS
89581,0,LFS
64473,0,LFS
79453,0,LFS
79585,0,LFS
64830,0,LFS
64842,0,LFS
80371,0,LFS
80994,0,LFS
81411,0,LFS
81421,0,LFS
81431,0,LFS
81433,0,LFS
55526,0,LFS
65261,0,LFS
65359,0,LFS
71621,0,LFS
71817,0,LFS
81498,0,LFS
55700,0,LFS
55929,0,LFS
65462,0,LFS
65526,0,LFS
72127,0,LFS
56679,0,LFS
66443,0,LFS
72676,0,LFS
72677,0,LFS
83362,0,LFS
57659,0,LFS
66700,0,LFS
72679,0,LFS
72798,0,LFS
73050,0,LFS
57985,0,LFS
58163,0,LFS
73835,0,LFS
73973,0,LFS
83664,0,LFS
83704,0,LFS
59213,0,LFS
67579,0,LFS
74184,0,LFS
84828,0,LFS
84926,0,LFS
60371,0,LFS
67755,0,LFS
74953,0,LFS
75020,0,LFS
85663,0,LFS
68335,0,LFS
68465,0,LFS
75826,0,LFS
86408,0,LFS
61258,0,LFS
76084,0,LFS
76087,0,LFS
76120,0,LFS
76714,0,LFS
86916,0,LFS
86981,0,LFS
61581,0,LFS
69640,0,LFS
76979,0,LFS
87639,0,LFS
62668,0,LFS
70101,0,LFS
77310,0,LFS
88154,0,LFS
63994,0,LFS
64004,0,LFS
70623,0,LFS
70689,0,LFS
70701,0,LFS
77712,0,LFS
64011,0,LFS
64096,0,LFS
64102,0,LFS
64158,0,LFS
70747,0,LFS
70748,0,LFS
N830,0,LFS
N880,0,LFS
N912,0,LFS
N920,0,LFS
N972,0,LFS
X030,0,LFS
X038,0,LFS
X495,0,LFS
X709,0,LFS
X769,0,LFS
X883,0,LFS
X889,0,LFS
X939,0,LFS
X954,0,LFS
X955,0,LFS
00376,0,LFS
00380,0,LFS
02252,0,LFS
02221,0,LFS
00049,0,LFS
00204,0,LFS
04949,0,LFS
03734,0,LFS
03825,0,LFS
03892,0,LFS
04201,0,LFS
04240,0,LFS
07018,0,LFS
07972,0,LFS
08274,0,LFS
07246,0,LFS
07502,0,LFS
07626,0,LFS
05207,0,LFS
06926,0,LFS
09303,0,LFS
09368,0,LFS
09489,0,LFS
08341,0,LFS
08431,0,LFS
08712,0,LFS
08765,0,LFS
08772,0,LFS
08778,0,LFS
08792,0,LFS
100798,0,LFS
101060,0,LFS
102101,0,LFS
102195,0,LFS
101475,0,LFS
09499,0,LFS
100218,0,LFS
103197,0,LFS
102269,0,LFS
102331,0,LFS
10247,0,LFS
102538,0,LFS
102560,0,LFS
102613,0,LFS
102621,0,LFS
102835,0,LFS
10309,0,LFS
103114,0,LFS
103168,0,LFS
103694,0,LFS
103768,0,LFS
103824,0,LFS
103896,0,LFS
104147,0,LFS
103489,0,LFS
103538,0,LFS
104541,0,LFS
104561,0,LFS
104643,0,LFS
104654,0,LFS
104691,0,LFS
104824,0,LFS
104827,0,LFS
104836,0,LFS
104877,0,LFS
104963,0,LFS
105077,0,LFS
105906,0,LFS
105969,0,LFS
105990,0,LFS
106810,0,LFS
106812,0,LFS
106813,0,LFS
106067,0,LFS
106354,0,LFS
105512,0,LFS
105563,0,LFS
105564,0,LFS
105758,0,LFS
105812,0,LFS
105816,0,LFS
107815,0,LFS
107896,0,LFS
107899,0,LFS
107939,0,LFS
107099,0,LFS
107109,0,LFS
107167,0,LFS
107217,0,LFS
107287,0,LFS
107617,0,LFS
108348,0,LFS
108376,0,LFS
108549,0,LFS
108598,0,LFS
108397,0,LFS
107947,0,LFS
108227,0,LFS
110753,0,LFS
110931,0,LFS
110935,0,LFS
111334,0,LFS
108891,0,LFS
108904,0,LFS
109967,0,LFS
109968,0,LFS
109969,0,LFS
109970,0,LFS
110244,0,LFS
110663,0,LFS
110733,0,LFS
112086,0,LFS
112090,0,LFS
112096,0,LFS
112509,0,LFS
113182,0,LFS
113608,0,LFS
112791,0,LFS
111725,0,LFS
111728,0,LFS
111737,0,LFS
111910,0,LFS
111923,0,LFS
115427,0,LFS
115428,0,LFS
115559,0,LFS
115707,0,LFS
115842,0,LFS
113788,0,LFS
113789,0,LFS
113984,0,LFS
114157,0,LFS
114174,0,LFS
114770,0,LFS
114988,0,LFS
115180,0,LFS
116083,0,LFS
116672,0,LFS
117044,0,LFS
117064,0,LFS
117082,0,LFS
116479,0,LFS
116629,0,LFS
116631,0,LFS
115949,0,LFS
116010,0,LFS
116053,0,LFS
118562,0,LFS
118563,0,LFS
119082,0,LFS
119083,0,LFS
117948,0,LFS
117953,0,LFS
117959,0,LFS
117960,0,LFS
118305,0,LFS
118515,0,LFS
118516,0,LFS
118519,0,LFS
134434,0,LFS
13620,0,LFS
137847,0,LFS
137991,0,LFS
139660,0,LFS
139666,0,LFS
136429,0,LFS
138195,0,LFS
139816,0,LFS
134583,0,LFS
138231,0,LFS
138232,0,LFS
138264,0,LFS
131578,0,LFS
136800,0,LFS
136885,0,LFS
138371,0,LFS
138390,0,LFS
138456,0,LFS
138463,0,LFS
134812,0,LFS
136917,0,LFS
136919,0,LFS
136930,0,LFS
138575,0,LFS
138591,0,LFS
137063,0,LFS
138609,0,LFS
132842,0,LFS
132864,0,LFS
132903,0,LFS
133056,0,LFS
13503,0,LFS
138719,0,LFS
138724,0,LFS
138798,0,LFS
138813,0,LFS
133199,0,LFS
133204,0,LFS
135031,0,LFS
135112,0,LFS
137165,0,LFS
138928,0,LFS
138932,0,LFS
138949,0,LFS
138957,0,LFS
138958,0,LFS
133207,0,LFS
137274,0,LFS
138987,0,LFS
135332,0,LFS
135344,0,LFS
137470,0,LFS
137477,0,LFS
139079,0,LFS
139088,0,LFS
133951,0,LFS
135850,0,LFS
137492,0,LFS
139250,0,LFS
134089,0,LFS
134092,0,LFS
134127,0,LFS
134128,0,LFS
134133,0,LFS
13587,0,LFS
137544,0,LFS
139303,0,LFS
139339,0,LFS
134251,0,LFS
134261,0,LFS
13597,0,LFS
135986,0,LFS
137619,0,LFS
137724,0,LFS
135997,0,LFS
137819,0,LFS
125869,0,LFS
125871,0,LFS
125890,0,LFS
127032,0,LFS
127076,0,LFS
131227,0,LFS
12207,0,LFS
127568,0,LFS
127818,0,LFS
131399,0,LFS
131489,0,LFS
127437,0,LFS
127895,0,LFS
119317,0,LFS
119335,0,LFS
122792,0,LFS
122794,0,LFS
12303,0,LFS
125986,0,LFS
125995,0,LFS
128179,0,LFS
119589,0,LFS
119590,0,LFS
119651,0,LFS
119658,0,LFS
123336,0,LFS
123337,0,LFS
129094,0,LFS
119901,0,LFS
119909,0,LFS
12419,0,LFS
126204,0,LFS
126217,0,LFS
126224,0,LFS
119932,0,LFS
119933,0,LFS
124427,0,LFS
124460,0,LFS
129499,0,LFS
129518,0,LFS
129586,0,LFS
129736,0,LFS
119999,0,LFS
124657,0,LFS
12997,0,LFS
130131,0,LFS
130133,0,LFS
120084,0,LFS
125010,0,LFS
125017,0,LFS
126381,0,LFS
126382,0,LFS
120188,0,LFS
125025,0,LFS
125030,0,LFS
126420,0,LFS
126422,0,LFS
126423,0,LFS
126480,0,LFS
13038,0,LFS
120379,0,LFS
126489,0,LFS
126491,0,LFS
126525,0,LFS
126539,0,LFS
126541,0,LFS
126542,0,LFS
126547,0,LFS
126548,0,LFS
126551,0,LFS
120847,0,LFS
125260,0,LFS
125274,0,LFS
126563,0,LFS
126663,0,LFS
130769,0,LFS
121309,0,LFS
126800,0,LFS
126808,0,LFS
126809,0,LFS
121644,0,LFS
125325,0,LFS
125358,0,LFS
125386,0,LFS
125388,0,LFS
126913,0,LFS
126919,0,LFS
131045,0,LFS
125404,0,LFS
125516,0,LFS
126950,0,LFS
126971,0,LFS
131070,0,LFS
131160,0,LFS
121711,0,LFS
121895,0,LFS
156553,0,LFS
15686,0,LFS
157071,0,LFS
154710,0,LFS
154758,0,LFS
157247,0,LFS
150723,0,LFS
152777,0,LFS
152793,0,LFS
153100,0,LFS
157261,0,LFS
157346,0,LFS
150749,0,LFS
150777,0,LFS
155086,0,LFS
155138,0,LFS
155139,0,LFS
151007,0,LFS
153251,0,LFS
153364,0,LFS
153488,0,LFS
155258,0,LFS
155333,0,LFS
151028,0,LFS
153525,0,LFS
154033,0,LFS
147930,0,LFS
151172,0,LFS
154047,0,LFS
155705,0,LFS
151485,0,LFS
151489,0,LFS
14812,0,LFS
14820,0,LFS
148278,0,LFS
154183,0,LFS
155805,0,LFS
155834,0,LFS
148545,0,LFS
154204,0,LFS
154207,0,LFS
155919,0,LFS
155921,0,LFS
148978,0,LFS
149011,0,LFS
149075,0,LFS
149097,0,LFS
149098,0,LFS
154286,0,LFS
155983,0,LFS
149105,0,LFS
15210,0,LFS
154392,0,LFS
154394,0,LFS
149285,0,LFS
152211,0,LFS
152218,0,LFS
154431,0,LFS
149295,0,LFS
149342,0,LFS
152494,0,LFS
156277,0,LFS
149361,0,LFS
149426,0,LFS
152503,0,LFS
152510,0,LFS
152513,0,LFS
149548,0,LFS
149558,0,LFS
149577,0,LFS
149580,0,LFS
152559,0,LFS
152577,0,LFS
154571,0,LFS
154577,0,LFS
156494,0,LFS
149662,0,LFS
149669,0,LFS
140911,0,LFS
140916,0,LFS
140918,0,LFS
147834,0,LFS
147839,0,LFS
140943,0,LFS
140977,0,LFS
141066,0,LFS
141271,0,LFS
141304,0,LFS
145169,0,LFS
145491,0,LFS
145563,0,LFS
145572,0,LFS
145576,0,LFS
13990,0,LFS
141308,0,LFS
145809,0,LFS
145811,0,LFS
140024,0,LFS
140027,0,LFS
140038,0,LFS
140055,0,LFS
146101,0,LFS
140098,0,LFS
141658,0,LFS
141688,0,LFS
143225,0,LFS
146407,0,LFS
146443,0,LFS
146499,0,LFS
14654,0,LFS
140237,0,LFS
141778,0,LFS
143457,0,LFS
143478,0,LFS
146647,0,LFS
146672,0,LFS
146688,0,LFS
146750,0,LFS
14028,0,LFS
146755,0,LFS
140302,0,LFS
142171,0,LFS
142188,0,LFS
142199,0,LFS
146861,0,LFS
146882,0,LFS
143775,0,LFS
143778,0,LFS
143779,0,LFS
147037,0,LFS
147039,0,LFS
140365,0,LFS
140367,0,LFS
140380,0,LFS
140384,0,LFS
143864,0,LFS
143899,0,LFS
147066,0,LFS
147090,0,LFS
147091,0,LFS
140413,0,LFS
144027,0,LFS
147110,0,LFS
147137,0,LFS
140447,0,LFS
142612,0,LFS
14722,0,LFS
14724,0,LFS
140507,0,LFS
140546,0,LFS
140569,0,LFS
142621,0,LFS
142633,0,LFS
142640,0,LFS
142647,0,LFS
142670,0,LFS
144193,0,LFS
147414,0,LFS
147432,0,LFS
144232,0,LFS
147606,0,LFS
147617,0,LFS
147624,0,LFS
147641,0,LFS
140813,0,LFS
175177,0,LFS
175178,0,LFS
175198,0,LFS
169238,0,LFS
169241,0,LFS
169396,0,LFS
171189,0,LFS
171225,0,LFS
175301,0,LFS
175344,0,LFS
175345,0,LFS
169470,0,LFS
171268,0,LFS
173567,0,LFS
173572,0,LFS
175361,0,LFS
169531,0,LFS
171294,0,LFS
171342,0,LFS
171349,0,LFS
173661,0,LFS
167138,0,LFS
169751,0,LFS
171365,0,LFS
171516,0,LFS
173717,0,LFS
173724,0,LFS
167242,0,LFS
169772,0,LFS
169870,0,LFS
171678,0,LFS
173746,0,LFS
173756,0,LFS
173758,0,LFS
173765,0,LFS
173766,0,LFS
173767,0,LFS
173778,0,LFS
173781,0,LFS
169931,0,LFS
171789,0,LFS
173810,0,LFS
173813,0,LFS
173835,0,LFS
173840,0,LFS
169949,0,LFS
169963,0,LFS
169979,0,LFS
173855,0,LFS
173878,0,LFS
173889,0,LFS
170054,0,LFS
173974,0,LFS
174040,0,LFS
168191,0,LFS
16828,0,LFS
172251,0,LFS
174096,0,LFS
174111,0,LFS
168304,0,LFS
172644,0,LFS
172647,0,LFS
17429,0,LFS
168466,0,LFS
172707,0,LFS
168561,0,LFS
172781,0,LFS
172793,0,LFS
174472,0,LFS
174506,0,LFS
174625,0,LFS
16892,0,LFS
168928,0,LFS
170408,0,LFS
170409,0,LFS
174673,0,LFS
174742,0,LFS
174763,0,LFS
16899,0,LFS
169072,0,LFS
170440,0,LFS
170449,0,LFS
170555,0,LFS
172857,0,LFS
169139,0,LFS
169143,0,LFS
169148,0,LFS
169155,0,LFS
172976,0,LFS
172979,0,LFS
174894,0,LFS
169197,0,LFS
169214,0,LFS
164443,0,LFS
166870,0,LFS
159023,0,LFS
164880,0,LFS
164898,0,LFS
164917,0,LFS
159045,0,LFS
159076,0,LFS
165138,0,LFS
157374,0,LFS
159232,0,LFS
159353,0,LFS
165459,0,LFS
157540,0,LFS
157555,0,LFS
165636,0,LFS
157587,0,LFS
157622,0,LFS
159664,0,LFS
162904,0,LFS
157742,0,LFS
159684,0,LFS
159688,0,LFS
159691,0,LFS
159692,0,LFS
159739,0,LFS
165758,0,LFS
165793,0,LFS
157829,0,LFS
157908,0,LFS
158002,0,LFS
159758,0,LFS
159761,0,LFS
159793,0,LFS
165802,0,LFS
158034,0,LFS
159891,0,LFS
159893,0,LFS
160099,0,LFS
16329,0,LFS
163419,0,LFS
165919,0,LFS
158461,0,LFS
163442,0,LFS
166069,0,LFS
166071,0,LFS
158511,0,LFS
158539,0,LFS
158541,0,LFS
158543,0,LFS
160241,0,LFS
160252,0,LFS
163613,0,LFS
163638,0,LFS
163661,0,LFS
163700,0,LFS
163701,0,LFS
166193,0,LFS
166229,0,LFS
158816,0,LFS
161043,0,LFS
163915,0,LFS
166314,0,LFS
158911,0,LFS
161233,0,LFS
161239,0,LFS
164123,0,LFS
166323,0,LFS
166514,0,LFS
166520,0,LFS
166521,0,LFS
161547,0,LFS
164212,0,LFS
164227,0,LFS
166572,0,LFS
166632,0,LFS
166696,0,LFS
158970,0,LFS
158971,0,LFS
161833,0,LFS
185292,0,LFS
185295,0,LFS
185310,0,LFS
185323,0,LFS
181580,0,LFS
181585,0,LFS
181711,0,LFS
184414,0,LFS
185340,0,LFS
185364,0,LFS
185480,0,LFS
185519,0,LFS
181746,0,LFS
183167,0,LFS
185545,0,LFS
185551,0,LFS
185562,0,LFS
185577,0,LFS
181915,0,LFS
183230,0,LFS
183273,0,LFS
184546,0,LFS
18459,0,LFS
180657,0,LFS
180664,0,LFS
180665,0,LFS
180671,0,LFS
181987,0,LFS
182027,0,LFS
182061,0,LFS
182063,0,LFS
182097,0,LFS
183406,0,LFS
183464,0,LFS
183466,0,LFS
184625,0,LFS
18464,0,LFS
182358,0,LFS
182360,0,LFS
182362,0,LFS
184679,0,LFS
184687,0,LFS
184700,0,LFS
180803,0,LFS
182554,0,LFS
182560,0,LFS
183493,0,LFS
183496,0,LFS
183498,0,LFS
183526,0,LFS
184751,0,LFS
182575,0,LFS
184757,0,LFS
184839,0,LFS
180890,0,LFS
180900,0,LFS
182623,0,LFS
183693,0,LFS
184874,0,LFS
184877,0,LFS
184945,0,LFS
180921,0,LFS
180929,0,LFS
180941,0,LFS
18373,0,LFS
184975,0,LFS
184980,0,LFS
184991,0,LFS
181058,0,LFS
182696,0,LFS
183767,0,LFS
185024,0,LFS
185026,0,LFS
181072,0,LFS
182801,0,LFS
183768,0,LFS
185037,0,LFS
185042,0,LFS
185043,0,LFS
185046,0,LFS
185051,0,LFS
181122,0,LFS
181146,0,LFS
182808,0,LFS
183812,0,LFS
185140,0,LFS
181185,0,LFS
181210,0,LFS
181215,0,LFS
182830,0,LFS
182844,0,LFS
182853,0,LFS
182854,0,LFS
183884,0,LFS
185183,0,LFS
181242,0,LFS
182894,0,LFS
182901,0,LFS
184024,0,LFS
184037,0,LFS
181247,0,LFS
181259,0,LFS
181420,0,LFS
182903,0,LFS
182993,0,LFS
184153,0,LFS
184167,0,LFS
184182,0,LFS
184252,0,LFS
184371,0,LFS
185284,0,LFS
181479,0,LFS
18153,0,LFS
183007,0,LFS
183075,0,LFS
183082,0,LFS
177263,0,LFS
180580,0,LFS
180581,0,LFS
180583,0,LFS
176493,0,LFS
178994,0,LFS
178995,0,LFS
179145,0,LFS
179220,0,LFS
180623,0,LFS
180636,0,LFS
176546,0,LFS
179113,0,LFS
179225,0,LFS
175450,0,LFS
176613,0,LFS
179295,0,LFS
179436,0,LFS
176648,0,LFS
176651,0,LFS
176661,0,LFS
177356,0,LFS
179500,0,LFS
179502,0,LFS
175597,0,LFS
175600,0,LFS
175625,0,LFS
175640,0,LFS
176732,0,LFS
177392,0,LFS
177551,0,LFS
176769,0,LFS
176777,0,LFS
176801,0,LFS
177579,0,LFS
179836,0,LFS
175793,0,LFS
177628,0,LFS
177636,0,LFS
179950,0,LFS
179979,0,LFS
175833,0,LFS
175839,0,LFS
175868,0,LFS
175873,0,LFS
175875,0,LFS
177811,0,LFS
177816,0,LFS
180122,0,LFS
175881,0,LFS
175886,0,LFS
175902,0,LFS
175905,0,LFS
176938,0,LFS
176946,0,LFS
177906,0,LFS
177922,0,LFS
175942,0,LFS
175955,0,LFS
175966,0,LFS
176966,0,LFS
176979,0,LFS
177001,0,LFS
177003,0,LFS
177927,0,LFS
177934,0,LFS
177936,0,LFS
177941,0,LFS
180203,0,LFS
180212,0,LFS
176004,0,LFS
177019,0,LFS
177047,0,LFS
177048,0,LFS
177054,0,LFS
178047,0,LFS
178054,0,LFS
180240,0,LFS
180242,0,LFS
177071,0,LFS
177094,0,LFS
178495,0,LFS
178512,0,LFS
178528,0,LFS
180377,0,LFS
178531,0,LFS
180523,0,LFS
180538,0,LFS
177159,0,LFS
177181,0,LFS
178578,0,LFS
178608,0,LFS
180566,0,LFS
177221,0,LFS
195813,0,LFS
195834,0,LFS
192180,0,LFS
194463,0,LFS
195195,0,LFS
195206,0,LFS
195872,0,LFS
192202,0,LFS
194511,0,LFS
194512,0,LFS
195219,0,LFS
195239,0,LFS
196000,0,LFS
196041,0,LFS
192913,0,LFS
194540,0,LFS
195262,0,LFS
195266,0,LFS
191453,0,LFS
191464,0,LFS
191484,0,LFS
193070,0,LFS
195271,0,LFS
195282,0,LFS
195287,0,LFS
191494,0,LFS
193111,0,LFS
194582,0,LFS
195301,0,LFS
191516,0,LFS
191518,0,LFS
193169,0,LFS
194607,0,LFS
194616,0,LFS
195343,0,LFS
195348,0,LFS
195349,0,LFS
195351,0,LFS
191573,0,LFS
193220,0,LFS
194753,0,LFS
195360,0,LFS
195376,0,LFS
191579,0,LFS
194778,0,LFS
195380,0,LFS
195396,0,LFS
195402,0,LFS
191600,0,LFS
191607,0,LFS
191617,0,LFS
191620,0,LFS
195425,0,LFS
193728,0,LFS
193747,0,LFS
194988,0,LFS
195438,0,LFS
195440,0,LFS
195443,0,LFS
191675,0,LFS
191676,0,LFS
191679,0,LFS
19410,0,LFS
194124,0,LFS
195037,0,LFS
195463,0,LFS
191721,0,LFS
194148,0,LFS
194193,0,LFS
195047,0,LFS
195074,0,LFS
195495,0,LFS
195507,0,LFS
195517,0,LFS
194195,0,LFS
194208,0,LFS
194217,0,LFS
194229,0,LFS
194380,0,LFS
195658,0,LFS
195674,0,LFS
192050,0,LFS
192063,0,LFS
192065,0,LFS
192076,0,LFS
194414,0,LFS
195166,0,LFS
195181,0,LFS
192096,0,LFS
192099,0,LFS
192100,0,LFS
192114,0,LFS
192123,0,LFS
188564,0,LFS
189599,0,LFS
187147,0,LFS
187187,0,LFS
187195,0,LFS
189621,0,LFS
189666,0,LFS
189687,0,LFS
189808,0,LFS
189866,0,LFS
191433,0,LFS
191436,0,LFS
187219,0,LFS
187229,0,LFS
189731,0,LFS
189737,0,LFS
189741,0,LFS
189757,0,LFS
189917,0,LFS
189966,0,LFS
185633,0,LFS
185640,0,LFS
185642,0,LFS
18859,0,LFS
188643,0,LFS
188661,0,LFS
190026,0,LFS
185710,0,LFS
185714,0,LFS
18750,0,LFS
190181,0,LFS
190183,0,LFS
185723,0,LFS
185753,0,LFS
185821,0,LFS
188741,0,LFS
186110,0,LFS
186117,0,LFS
188787,0,LFS
188789,0,LFS
188797,0,LFS
188814,0,LFS
187981,0,LFS
187995,0,LFS
188023,0,LFS
188824,0,LFS
188829,0,LFS
188834,0,LFS
190776,0,LFS
186284,0,LFS
186286,0,LFS
18629,0,LFS
186299,0,LFS
186308,0,LFS
188091,0,LFS
188844,0,LFS
188955,0,LFS
190854,0,LFS
186318,0,LFS
186339,0,LFS
186342,0,LFS
188174,0,LFS
188969,0,LFS
189002,0,LFS
189007,0,LFS
189009,0,LFS
186386,0,LFS
188185,0,LFS
188190,0,LFS
189026,0,LFS
189031,0,LFS
189036,0,LFS
189115,0,LFS
191004,0,LFS
191019,0,LFS
191020,0,LFS
188218,0,LFS
188219,0,LFS
189117,0,LFS
191058,0,LFS
191063,0,LFS
191075,0,LFS
186612,0,LFS
188241,0,LFS
188253,0,LFS
188256,0,LFS
189197,0,LFS
191088,0,LFS
191092,0,LFS
191094,0,LFS
191095,0,LFS
191107,0,LFS
191108,0,LFS
191115,0,LFS
191121,0,LFS
191122,0,LFS
191125,0,LFS
188293,0,LFS
188305,0,LFS
189364,0,LFS
189394,0,LFS
191153,0,LFS
191162,0,LFS
186770,0,LFS
186779,0,LFS
186787,0,LFS
186797,0,LFS
186803,0,LFS
188330,0,LFS
188337,0,LFS
189412,0,LFS
189428,0,LFS
189459,0,LFS
189475,0,LFS
191228,0,LFS
191296,0,LFS
186871,0,LFS
186872,0,LFS
188350,0,LFS
188353,0,LFS
189479,0,LFS
189505,0,LFS
189526,0,LFS
189569,0,LFS
191358,0,LFS
187113,0,LFS
203382,0,LFS
200977,0,LFS
201598,0,LFS
202987,0,LFS
201617,0,LFS
203434,0,LFS
201033,0,LFS
201656,0,LFS
201665,0,LFS
203062,0,LFS
200103,0,LFS
200108,0,LFS
200113,0,LFS
200116,0,LFS
200117,0,LFS
200123,0,LFS
201072,0,LFS
201727,0,LFS
203066,0,LFS
203070,0,LFS
203073,0,LFS
200143,0,LFS
200148,0,LFS
200154,0,LFS
201088,0,LFS
201096,0,LFS
201109,0,LFS
201730,0,LFS
201731,0,LFS
203093,0,LFS
200188,0,LFS
200189,0,LFS
200193,0,LFS
201125,0,LFS
201913,0,LFS
202039,0,LFS
203116,0,LFS
200205,0,LFS
201166,0,LFS
20315,0,LFS
20316,0,LFS
200221,0,LFS
201190,0,LFS
202087,0,LFS
200279,0,LFS
200281,0,LFS
200288,0,LFS
200299,0,LFS
201237,0,LFS
201263,0,LFS
201279,0,LFS
202126,0,LFS
202169,0,LFS
203208,0,LFS
200318,0,LFS
200330,0,LFS
200331,0,LFS
201338,0,LFS
202177,0,LFS
202179,0,LFS
202183,0,LFS
202345,0,LFS
203248,0,LFS
200338,0,LFS
202509,0,LFS
202511,0,LFS
202590,0,LFS
202601,0,LFS
202602,0,LFS
203256,0,LFS
200435,0,LFS
200439,0,LFS
200498,0,LFS
201428,0,LFS
202730,0,LFS
202731,0,LFS
202735,0,LFS
202745,0,LFS
202763,0,LFS
203287,0,LFS
200515,0,LFS
201455,0,LFS
202773,0,LFS
202778,0,LFS
202785,0,LFS
202788,0,LFS
202795,0,LFS
203313,0,LFS
202816,0,LFS
202820,0,LFS
202891,0,LFS
203325,0,LFS
203326,0,LFS
203337,0,LFS
200881,0,LFS
200884,0,LFS
200893,0,LFS
200895,0,LFS
201508,0,LFS
202929,0,LFS
202975,0,LFS
203368,0,LFS
200952,0,LFS
201551,0,LFS
201565,0,LFS
197623,0,LFS
197715,0,LFS
199373,0,LFS
199387,0,LFS
19939,0,LFS
199391,0,LFS
199400,0,LFS
200051,0,LFS
200060,0,LFS
200061,0,LFS
200064,0,LFS
200065,0,LFS
200066,0,LFS
200069,0,LFS
196757,0,LFS
196787,0,LFS
199419,0,LFS
199424,0,LFS
199474,0,LFS
199478,0,LFS
196810,0,LFS
199446,0,LFS
199452,0,LFS
199526,0,LFS
196170,0,LFS
196843,0,LFS
197724,0,LFS
199544,0,LFS
199546,0,LFS
199549,0,LFS
199550,0,LFS
199554,0,LFS
196185,0,LFS
196188,0,LFS
196195,0,LFS
196847,0,LFS
196853,0,LFS
197899,0,LFS
197972,0,LFS
197973,0,LFS
199562,0,LFS
199580,0,LFS
197976,0,LFS
197991,0,LFS
197992,0,LFS
199585,0,LFS
199586,0,LFS
199603,0,LFS
199606,0,LFS
196236,0,LFS
196246,0,LFS
196923,0,LFS
196926,0,LFS
198255,0,LFS
198256,0,LFS
198259,0,LFS
199611,0,LFS
199618,0,LFS
196949,0,LFS
196962,0,LFS
198360,0,LFS
198368,0,LFS
198373,0,LFS
198378,0,LFS
198391,0,LFS
199666,0,LFS
196308,0,LFS
196310,0,LFS
197054,0,LFS
197072,0,LFS
198454,0,LFS
198518,0,LFS
196384,0,LFS
197092,0,LFS
197109,0,LFS
197110,0,LFS
197114,0,LFS
198930,0,LFS
198933,0,LFS
198964,0,LFS
198989,0,LFS
199754,0,LFS
196416,0,LFS
197147,0,LFS
197167,0,LFS
199035,0,LFS
199113,0,LFS
196432,0,LFS
197181,0,LFS
199121,0,LFS
199885,0,LFS
19645,0,LFS
197276,0,LFS
197277,0,LFS
197293,0,LFS
197326,0,LFS
199181,0,LFS
199187,0,LFS
199926,0,LFS
199938,0,LFS
196575,0,LFS
197349,0,LFS
199216,0,LFS
199948,0,LFS
199952,0,LFS
199956,0,LFS
199960,0,LFS
199961,0,LFS
196635,0,LFS
197473,0,LFS
200017,0,LFS
197518,0,LFS
197527,0,LFS
197528,0,LFS
199272,0,LFS
199273,0,LFS
199353,0,LFS
199354,0,LFS
199357,0,LFS
199359,0,LFS
200033,0,LFS
200035,0,LFS
200036,0,LFS
196714,0,LFS
197586,0,LFS
197589,0,LFS
197598,0,LFS
197599,0,LFS
53692,0,LFS
54056,0,LFS
37642,0,LFS
37645,0,LFS
37756,0,LFS
43910,0,LFS
38043,0,LFS
38044,0,LFS
44753,0,LFS
54716,0,LFS
45868,0,LFS
46735,0,LFS
209673,0,LFS
31623,0,LFS
39036,0,LFS
39261,0,LFS
46784,0,LFS
211081,0,LFS
21386,0,LFS
31644,0,LFS
32103,0,LFS
39395,0,LFS
39483,0,LFS
47927,0,LFS
22071,0,LFS
22072,0,LFS
48454,0,LFS
48803,0,LFS
22304,0,LFS
22339,0,LFS
39989,0,LFS
23129,0,LFS
23598,0,LFS
23627,0,LFS
33249,0,LFS
24021,0,LFS
24345,0,LFS
40343,0,LFS
40570,0,LFS
49718,0,LFS
49927,0,LFS
24985,0,LFS
40574,0,LFS
40766,0,LFS
41061,0,LFS
50882,0,LFS
34417,0,LFS
34900,0,LFS
35059,0,LFS
50906,0,LFS
42300,0,LFS
51456,0,LFS
36054,0,LFS
36066,0,LFS
36068,0,LFS
36249,0,LFS
42649,0,LFS
26965,0,LFS
36407,0,LFS
36608,0,LFS
36728,0,LFS
36729,0,LFS
42944,0,LFS
52743,0,LFS
27769,0,LFS
29084,0,LFS
36824,0,LFS
43198,0,LFS
43907,0,LFS
53554,0,LFS
29331,0,LFS
29391,0,LFS
29452,0,LFS
29842,0,LFS
37494,0,LFS
37536,0,LFS
205063,0,LFS
205064,0,LFS
205066,0,LFS
205067,0,LFS
205085,0,LFS
205094,0,LFS
205096,0,LFS
206787,0,LFS
206789,0,LFS
206809,0,LFS
209272,0,LFS
209273,0,LFS
209304,0,LFS
206815,0,LFS
206830,0,LFS
206921,0,LFS
206931,0,LFS
209311,0,LFS
209662,0,LFS
209665,0,LFS
209669,0,LFS
203947,0,LFS
203951,0,LFS
204102,0,LFS
204107,0,LFS
204240,0,LFS
206856,0,LFS
206979,0,LFS
203462,0,LFS
203470,0,LFS
204384,0,LFS
204388,0,LFS
205147,0,LFS
205192,0,LFS
205215,0,LFS
207000,0,LFS
207009,0,LFS
203486,0,LFS
203490,0,LFS
203494,0,LFS
203495,0,LFS
204410,0,LFS
205234,0,LFS
205253,0,LFS
205254,0,LFS
207023,0,LFS
203518,0,LFS
204528,0,LFS
204554,0,LFS
205264,0,LFS
207065,0,LFS
204565,0,LFS
204566,0,LFS
204607,0,LFS
205332,0,LFS
205347,0,LFS
207099,0,LFS
207110,0,LFS
204610,0,LFS
204630,0,LFS
205398,0,LFS
205403,0,LFS
205407,0,LFS
207121,0,LFS
207125,0,LFS
207134,0,LFS
203612,0,LFS
204640,0,LFS
204643,0,LFS
205496,0,LFS
205527,0,LFS
205679,0,LFS
205682,0,LFS
207148,0,LFS
204726,0,LFS
204741,0,LFS
206176,0,LFS
206213,0,LFS
207202,0,LFS
203650,0,LFS
204744,0,LFS
204766,0,LFS
20641,0,LFS
206539,0,LFS
206541,0,LFS
206553,0,LFS
207243,0,LFS
203685,0,LFS
203692,0,LFS
204781,0,LFS
204785,0,LFS
204797,0,LFS
206565,0,LFS
206586,0,LFS
207249,0,LFS
203701,0,LFS
204845,0,LFS
206610,0,LFS
206618,0,LFS
206623,0,LFS
208217,0,LFS
204882,0,LFS
206637,0,LFS
206646,0,LFS
206651,0,LFS
206653,0,LFS
203759,0,LFS
203760,0,LFS
204932,0,LFS
204952,0,LFS
206685,0,LFS
206731,0,LFS
206745,0,LFS
208636,0,LFS
204977,0,LFS
204984,0,LFS
204992,0,LFS
205002,0,LFS
205011,0,LFS
206753,0,LFS
206754,0,LFS
208740,0,LFS
203816,0,LFS
203817,0,LFS
205015,0,LFS
205026,0,LFS
205034,0,LFS
205052,0,LFS
205054,0,LFS
205057,0,LFS
N259,0,LFS
97336,0,LFS
97345,0,LFS
97372,0,LFS
99285,0,LFS
99559,0,LFS
99646,0,LFS
99720,0,LFS
99721,0,LFS
N520,0,LFS
94237,0,LFS
94243,0,LFS
97533,0,LFS
97558,0,LFS
99881,0,LFS
N636,0,LFS
N665,0,LFS
N766,0,LFS
N770,0,LFS
94753,0,LFS
97651,0,LFS
97692,0,LFS
A797,0,LFS
94793,0,LFS
97974,0,LFS
A974,0,LFS
90367,0,LFS
90401,0,LFS
94924,0,LFS
94968,0,LFS
98070,0,LFS
98082,0,LFS
D138,0,LFS
D312,0,LFS
D375,0,LFS
90562,0,LFS
90564,0,LFS
95108,0,LFS
D527,0,LFS
90687,0,LFS
95664,0,LFS
D719,0,LFS
91194,0,LFS
91230,0,LFS
91234,0,LFS
95694,0,LFS
98299,0,LFS
D794,0,LFS
91235,0,LFS
91312,0,LFS
91354,0,LFS
95737,0,LFS
98482,0,LFS
98489,0,LFS
98492,0,LFS
F0052,0,LFS
F0107,0,LFS
F0124,0,LFS
H0003,0,LFS
H0006,0,LFS
95934,0,LFS
96111,0,LFS
98541,0,LFS
98547,0,LFS
H0039,0,LFS
H0045,0,LFS
H0065,0,LFS
96174,0,LFS
96192,0,LFS
96222,0,LFS
98584,0,LFS
98592,0,LFS
98615,0,LFS
98623,0,LFS
98637,0,LFS
H0094,0,LFS
H0095,0,LFS
H0139,0,LFS
H0167,0,LFS
H0173,0,LFS
91623,0,LFS
91651,0,LFS
91679,0,LFS
91681,0,LFS
91685,0,LFS
91686,0,LFS
91730,0,LFS
98710,0,LFS
98716,0,LFS
H0196,0,LFS
H0302,0,LFS
H0307,0,LFS
H0317,0,LFS
92063,0,LFS
96461,0,LFS
96525,0,LFS
H0352,0,LFS
H0370,0,LFS
92081,0,LFS
96561,0,LFS
96562,0,LFS
96573,0,LFS
96609,0,LFS
96644,0,LFS
99158,0,LFS
92228,0,LFS
92256,0,LFS
96836,0,LFS
96963,0,LFS
99206,0,LFS
99219,0,LFS
99220,0,LFS
99222,0,LFS
99223,0,LFS
N088,0,LFS
92377,0,LFS
93549,0,LFS
97015,0,LFS
97272,0,LFS
71145,0,LFS
71234,0,LFS
78429,0,LFS
79158,0,LFS
64548,0,LFS
79393,0,LFS
81308,0,LFS
81380,0,LFS
65155,0,LFS
65156,0,LFS
65360,0,LFS
65363,0,LFS
71821,0,LFS
81667,0,LFS
82705,0,LFS
55688,0,LFS
55796,0,LFS
65529,0,LFS
65544,0,LFS
82790,0,LFS
82855,0,LFS
56687,0,LFS
72507,0,LFS
83094,0,LFS
57661,0,LFS
57745,0,LFS
57848,0,LFS
57859,0,LFS
66822,0,LFS
72785,0,LFS
72788,0,LFS
72789,0,LFS
83619,0,LFS
58151,0,LFS
83676,0,LFS
83751,0,LFS
59208,0,LFS
67502,0,LFS
74503,0,LFS
74855,0,LFS
83925,0,LFS
84876,0,LFS
84932,0,LFS
67661,0,LFS
68187,0,LFS
60384,0,LFS
60598,0,LFS
68217,0,LFS
75497,0,LFS
60653,0,LFS
68722,0,LFS
75902,0,LFS
76003,0,LFS
76020,0,LFS
68918,0,LFS
68919,0,LFS
76887,0,LFS
61521,0,LFS
76903,0,LFS
76914,0,LFS
76980,0,LFS
77014,0,LFS
77015,0,LFS
87806,0,LFS
87942,0,LFS
62696,0,LFS
63243,0,LFS
63930,0,LFS
69713,0,LFS
69807,0,LFS
88008,0,LFS
70195,0,LFS
70323,0,LFS
78112,0,LFS
64089,0,LFS
64159,0,LFS
70750,0,LFS
70758,0,LFS
70813,0,LFS
N862,0,LFS
N873,0,LFS
S952,0,LFS
X195,0,LFS
X434,0,LFS
X456,0,LFS
X484,0,LFS
X488,0,LFS
X498,0,LFS
X554,0,LFS
X653,0,LFS
X812,0,LFS
X890,0,LFS
X989,0,LFS
00359,0,LFS
03459,0,LFS
04252,0,LFS
04817,0,LFS
04846,0,LFS
03645,0,LFS
04086,0,LFS
04177,0,LFS
04224,0,LFS
07020,0,LFS
07663,0,LFS
07715,0,LFS
07952,0,LFS
07956,0,LFS
07957,0,LFS
07979,0,LFS
07208,0,LFS
07404,0,LFS
05838,0,LFS
06432,0,LFS
06509,0,LFS
06829,0,LFS
06932,0,LFS
06969,0,LFS
09262,0,LFS
09274,0,LFS
09494,0,LFS
08351,0,LFS
08355,0,LFS
08434,0,LFS
08439,0,LFS
08495,0,LFS
08574,0,LFS
08775,0,LFS
08784,0,LFS
08785,0,LFS
08818,0,LFS
08919,0,LFS
09140,0,LFS
100420,0,LFS
100505,0,LFS
100812,0,LFS
101058,0,LFS
101901,0,LFS
101110,0,LFS
101473,0,LFS
09513,0,LFS
09518,0,LFS
09523,0,LFS
09948,0,LFS
102287,0,LFS
102311,0,LFS
102377,0,LFS
102622,0,LFS
102935,0,LFS
102937,0,LFS
102956,0,LFS
102969,0,LFS
102990,0,LFS
103695,0,LFS
103696,0,LFS
103698,0,LFS
103822,0,LFS
103925,0,LFS
103968,0,LFS
103969,0,LFS
104028,0,LFS
103382,0,LFS
103438,0,LFS
103553,0,LFS
104363,0,LFS
104540,0,LFS
104542,0,LFS
104562,0,LFS
104642,0,LFS
104644,0,LFS
104799,0,LFS
105907,0,LFS
106026,0,LFS
106545,0,LFS
106640,0,LFS
106647,0,LFS
106822,0,LFS
106824,0,LFS
105388,0,LFS
10545,0,LFS
105764,0,LFS
105813,0,LFS
105844,0,LFS
107851,0,LFS
107898,0,LFS
107172,0,LFS
107408,0,LFS
107583,0,LFS
107622,0,LFS
107632,0,LFS
107642,0,LFS
108344,0,LFS
108360,0,LFS
108367,0,LFS
108524,0,LFS
108453,0,LFS
107960,0,LFS
107980,0,LFS
107988,0,LFS
108019,0,LFS
108182,0,LFS
110745,0,LFS
110748,0,LFS
110749,0,LFS
110936,0,LFS
111216,0,LFS
108888,0,LFS
109328,0,LFS
109399,0,LFS
109763,0,LFS
110110,0,LFS
110243,0,LFS
110256,0,LFS
110257,0,LFS
110475,0,LFS
110731,0,LFS
112083,0,LFS
113183,0,LFS
113327,0,LFS
112794,0,LFS
111342,0,LFS
111646,0,LFS
111722,0,LFS
111736,0,LFS
111745,0,LFS
111869,0,LFS
111878,0,LFS
111926,0,LFS
115716,0,LFS
115787,0,LFS
115821,0,LFS
115939,0,LFS
113614,0,LFS
113955,0,LFS
113983,0,LFS
114156,0,LFS
114176,0,LFS
114184,0,LFS
114757,0,LFS
115349,0,LFS
116374,0,LFS
117081,0,LFS
116468,0,LFS
116007,0,LFS
116063,0,LFS
119109,0,LFS
119291,0,LFS
119309,0,LFS
117916,0,LFS
117917,0,LFS
117944,0,LFS
118124,0,LFS
118244,0,LFS
118304,0,LFS
118444,0,LFS
118514,0,LFS
139494,0,LFS
134436,0,LFS
134440,0,LFS
134441,0,LFS
136292,0,LFS
139652,0,LFS
139702,0,LFS
134501,0,LFS
134506,0,LFS
136374,0,LFS
138221,0,LFS
139859,0,LFS
134522,0,LFS
138224,0,LFS
138225,0,LFS
138266,0,LFS
138300,0,LFS
131576,0,LFS
131581,0,LFS
131724,0,LFS
134635,0,LFS
134637,0,LFS
136779,0,LFS
136794,0,LFS
138331,0,LFS
138349,0,LFS
138357,0,LFS
13203,0,LFS
138385,0,LFS
138389,0,LFS
134813,0,LFS
134832,0,LFS
137006,0,LFS
138587,0,LFS
132490,0,LFS
134888,0,LFS
134900,0,LFS
137068,0,LFS
132845,0,LFS
132872,0,LFS
134940,0,LFS
137084,0,LFS
137100,0,LFS
137112,0,LFS
138725,0,LFS
138794,0,LFS
138799,0,LFS
138803,0,LFS
133189,0,LFS
135047,0,LFS
137155,0,LFS
137174,0,LFS
137224,0,LFS
137225,0,LFS
138950,0,LFS
135285,0,LFS
135327,0,LFS
137336,0,LFS
137339,0,LFS
133402,0,LFS
13373,0,LFS
133792,0,LFS
135338,0,LFS
135340,0,LFS
137346,0,LFS
133936,0,LFS
133959,0,LFS
135747,0,LFS
137496,0,LFS
137498,0,LFS
137524,0,LFS
139161,0,LFS
139203,0,LFS
134096,0,LFS
134121,0,LFS
135950,0,LFS
137542,0,LFS
137548,0,LFS
137556,0,LFS
137565,0,LFS
137566,0,LFS
137567,0,LFS
137579,0,LFS
139307,0,LFS
134246,0,LFS
139398,0,LFS
134317,0,LFS
136051,0,LFS
137740,0,LFS
137781,0,LFS
139402,0,LFS
134371,0,LFS
134423,0,LFS
136151,0,LFS
127031,0,LFS
127198,0,LFS
131174,0,LFS
12206,0,LFS
122217,0,LFS
122220,0,LFS
122225,0,LFS
122312,0,LFS
127286,0,LFS
131397,0,LFS
131487,0,LFS
131490,0,LFS
131521,0,LFS
122457,0,LFS
122491,0,LFS
127397,0,LFS
127477,0,LFS
127889,0,LFS
119336,0,LFS
119337,0,LFS
127926,0,LFS
123141,0,LFS
126009,0,LFS
128848,0,LFS
126095,0,LFS
129044,0,LFS
12399,0,LFS
12404,0,LFS
124051,0,LFS
12413,0,LFS
126207,0,LFS
126209,0,LFS
126225,0,LFS
129230,0,LFS
119952,0,LFS
124473,0,LFS
129289,0,LFS
124694,0,LFS
130074,0,LFS
130084,0,LFS
13015,0,LFS
120040,0,LFS
120077,0,LFS
125006,0,LFS
130219,0,LFS
130226,0,LFS
130229,0,LFS
120302,0,LFS
125105,0,LFS
125115,0,LFS
126412,0,LFS
126414,0,LFS
13037,0,LFS
130451,0,LFS
125136,0,LFS
126492,0,LFS
126523,0,LFS
126533,0,LFS
126535,0,LFS
126538,0,LFS
126544,0,LFS
126552,0,LFS
126554,0,LFS
126560,0,LFS
120808,0,LFS
125250,0,LFS
125264,0,LFS
126572,0,LFS
126578,0,LFS
126579,0,LFS
126655,0,LFS
130703,0,LFS
12141,0,LFS
121430,0,LFS
125293,0,LFS
125304,0,LFS
126838,0,LFS
121562,0,LFS
121632,0,LFS
121634,0,LFS
121654,0,LFS
121708,0,LFS
125410,0,LFS
126939,0,LFS
126962,0,LFS
126969,0,LFS
126972,0,LFS
131080,0,LFS
121723,0,LFS
121728,0,LFS
121731,0,LFS
121775,0,LFS
12205,0,LFS
156547,0,LFS
149886,0,LFS
149893,0,LFS
152663,0,LFS
154717,0,LFS
154736,0,LFS
154747,0,LFS
157217,0,LFS
157224,0,LFS
157225,0,LFS
150570,0,LFS
150584,0,LFS
150650,0,LFS
150651,0,LFS
155045,0,LFS
150771,0,LFS
15318,0,LFS
153240,0,LFS
153241,0,LFS
153243,0,LFS
153244,0,LFS
155070,0,LFS
155075,0,LFS
155079,0,LFS
155171,0,LFS
155172,0,LFS
147853,0,LFS
147872,0,LFS
150838,0,LFS
151024,0,LFS
153252,0,LFS
153284,0,LFS
155336,0,LFS
147877,0,LFS
153601,0,LFS
153602,0,LFS
153896,0,LFS
155575,0,LFS
155591,0,LFS
155639,0,LFS
155645,0,LFS
147910,0,LFS
151173,0,LFS
151182,0,LFS
154056,0,LFS
155652,0,LFS
155673,0,LFS
147956,0,LFS
151490,0,LFS
154131,0,LFS
155760,0,LFS
14824,0,LFS
151526,0,LFS
151577,0,LFS
155846,0,LFS
148829,0,LFS
151586,0,LFS
151597,0,LFS
154199,0,LFS
155908,0,LFS
155913,0,LFS
155914,0,LFS
155932,0,LFS
149047,0,LFS
152032,0,LFS
154291,0,LFS
155952,0,LFS
155957,0,LFS
149111,0,LFS
15211,0,LFS
154384,0,LFS
156224,0,LFS
149290,0,LFS
149324,0,LFS
149341,0,LFS
152492,0,LFS
152496,0,LFS
154443,0,LFS
154447,0,LFS
156278,0,LFS
152515,0,LFS
154500,0,LFS
156292,0,LFS
149557,0,LFS
149576,0,LFS
152540,0,LFS
154572,0,LFS
149869,0,LFS
152606,0,LFS
144261,0,LFS
144290,0,LFS
144292,0,LFS
140902,0,LFS
140920,0,LFS
140933,0,LFS
144451,0,LFS
145454,0,LFS
147832,0,LFS
147836,0,LFS
141062,0,LFS
14506,0,LFS
14557,0,LFS
145570,0,LFS
145571,0,LFS
145578,0,LFS
145579,0,LFS
139894,0,LFS
141402,0,LFS
141428,0,LFS
145673,0,LFS
14576,0,LFS
145808,0,LFS
145814,0,LFS
140026,0,LFS
141560,0,LFS
146127,0,LFS
141650,0,LFS
146434,0,LFS
140222,0,LFS
140224,0,LFS
141710,0,LFS
143255,0,LFS
141774,0,LFS
14338,0,LFS
143444,0,LFS
143466,0,LFS
146643,0,LFS
140250,0,LFS
141892,0,LFS
146854,0,LFS
140289,0,LFS
140305,0,LFS
142198,0,LFS
14366,0,LFS
146902,0,LFS
147003,0,LFS
142322,0,LFS
143738,0,LFS
143764,0,LFS
143785,0,LFS
147118,0,LFS
147136,0,LFS
140448,0,LFS
14721,0,LFS
147336,0,LFS
147379,0,LFS
140508,0,LFS
140536,0,LFS
140557,0,LFS
140566,0,LFS
140568,0,LFS
144180,0,LFS
144183,0,LFS
147429,0,LFS
147473,0,LFS
140703,0,LFS
140721,0,LFS
142677,0,LFS
147605,0,LFS
142781,0,LFS
175047,0,LFS
169389,0,LFS
171190,0,LFS
171192,0,LFS
175347,0,LFS
175354,0,LFS
175355,0,LFS
169467,0,LFS
169518,0,LFS
171248,0,LFS
171269,0,LFS
173543,0,LFS
173603,0,LFS
173607,0,LFS
169523,0,LFS
169571,0,LFS
169749,0,LFS
171363,0,LFS
169783,0,LFS
169882,0,LFS
171519,0,LFS
173763,0,LFS
167361,0,LFS
167413,0,LFS
173839,0,LFS
169951,0,LFS
169959,0,LFS
169962,0,LFS
171937,0,LFS
173865,0,LFS
173871,0,LFS
173893,0,LFS
173916,0,LFS
173968,0,LFS
172056,0,LFS
174020,0,LFS
174039,0,LFS
16829,0,LFS
170114,0,LFS
172206,0,LFS
172220,0,LFS
174138,0,LFS
168303,0,LFS
172341,0,LFS
174215,0,LFS
17427,0,LFS
16844,0,LFS
168450,0,LFS
168452,0,LFS
170310,0,LFS
168645,0,LFS
168844,0,LFS
170352,0,LFS
172792,0,LFS
172796,0,LFS
174469,0,LFS
168876,0,LFS
168879,0,LFS
170416,0,LFS
172827,0,LFS
174764,0,LFS
169074,0,LFS
170431,0,LFS
172853,0,LFS
172854,0,LFS
172892,0,LFS
172946,0,LFS
174771,0,LFS
174855,0,LFS
174872,0,LFS
169137,0,LFS
169142,0,LFS
172962,0,LFS
172971,0,LFS
175046,0,LFS
169159,0,LFS
169160,0,LFS
169192,0,LFS
171142,0,LFS
171176,0,LFS
162399,0,LFS
162401,0,LFS
164548,0,LFS
164575,0,LFS
166928,0,LFS
166959,0,LFS
164914,0,LFS
164915,0,LFS
159055,0,LFS
164824,0,LFS
164858,0,LFS
16487,0,LFS
165135,0,LFS
157382,0,LFS
157385,0,LFS
159355,0,LFS
159423,0,LFS
159549,0,LFS
162531,0,LFS
16297,0,LFS
157791,0,LFS
159690,0,LFS
159693,0,LFS
159710,0,LFS
163118,0,LFS
163139,0,LFS
165764,0,LFS
165790,0,LFS
165791,0,LFS
165797,0,LFS
159745,0,LFS
159760,0,LFS
159829,0,LFS
163167,0,LFS
163168,0,LFS
165818,0,LFS
158033,0,LFS
159847,0,LFS
163372,0,LFS
163407,0,LFS
165998,0,LFS
165999,0,LFS
160124,0,LFS
163427,0,LFS
163593,0,LFS
166066,0,LFS
166076,0,LFS
166079,0,LFS
158493,0,LFS
158495,0,LFS
158547,0,LFS
163612,0,LFS
163639,0,LFS
166111,0,LFS
160374,0,LFS
16062,0,LFS
16063,0,LFS
160861,0,LFS
160865,0,LFS
163657,0,LFS
16373,0,LFS
166215,0,LFS
161092,0,LFS
161093,0,LFS
161094,0,LFS
158886,0,LFS
164254,0,LFS
164257,0,LFS
166673,0,LFS
158951,0,LFS
158968,0,LFS
158974,0,LFS
158996,0,LFS
162339,0,LFS
162373,0,LFS
185291,0,LFS
185309,0,LFS
18531,0,LFS
18533,0,LFS
181578,0,LFS
181717,0,LFS
181721,0,LFS
181740,0,LFS
181742,0,LFS
183104,0,LFS
183145,0,LFS
184415,0,LFS
184442,0,LFS
185342,0,LFS
181745,0,LFS
183156,0,LFS
183159,0,LFS
183164,0,LFS
183182,0,LFS
185529,0,LFS
185581,0,LFS
185583,0,LFS
185585,0,LFS
181920,0,LFS
181927,0,LFS
181932,0,LFS
181977,0,LFS
183394,0,LFS
180651,0,LFS
180658,0,LFS
180669,0,LFS
182065,0,LFS
18341,0,LFS
18343,0,LFS
183465,0,LFS
183470,0,LFS
183471,0,LFS
183482,0,LFS
183484,0,LFS
183486,0,LFS
183492,0,LFS
184677,0,LFS
184693,0,LFS
180752,0,LFS
180781,0,LFS
184727,0,LFS
184796,0,LFS
180889,0,LFS
180911,0,LFS
184864,0,LFS
184910,0,LFS
184911,0,LFS
182667,0,LFS
183702,0,LFS
183706,0,LFS
183717,0,LFS
184985,0,LFS
184990,0,LFS
184993,0,LFS
180950,0,LFS
181056,0,LFS
181057,0,LFS
182684,0,LFS
182685,0,LFS
183733,0,LFS
183744,0,LFS
183747,0,LFS
183748,0,LFS
185006,0,LFS
185016,0,LFS
185018,0,LFS
185022,0,LFS
185025,0,LFS
182767,0,LFS
182772,0,LFS
183780,0,LFS
183781,0,LFS
183791,0,LFS
183794,0,LFS
185052,0,LFS
182810,0,LFS
183824,0,LFS
183828,0,LFS
181206,0,LFS
182848,0,LFS
182851,0,LFS
185177,0,LFS
185202,0,LFS
181219,0,LFS
181235,0,LFS
182858,0,LFS
182865,0,LFS
182897,0,LFS
183936,0,LFS
183957,0,LFS
184023,0,LFS
184069,0,LFS
18524,0,LFS
181248,0,LFS
184369,0,LFS
181428,0,LFS
181467,0,LFS
181470,0,LFS
183003,0,LFS
183041,0,LFS
183059,0,LFS
183078,0,LFS
177261,0,LFS
178771,0,LFS
180577,0,LFS
178993,0,LFS
179197,0,LFS
180602,0,LFS
180634,0,LFS
176588,0,LFS
17906,0,LFS
179077,0,LFS
179270,0,LFS
179271,0,LFS
179282,0,LFS
175431,0,LFS
177280,0,LFS
177290,0,LFS
177295,0,LFS
177297,0,LFS
177328,0,LFS
177332,0,LFS
177334,0,LFS
179339,0,LFS
179400,0,LFS
176632,0,LFS
176639,0,LFS
176671,0,LFS
177350,0,LFS
179493,0,LFS
179498,0,LFS
175622,0,LFS
175650,0,LFS
175664,0,LFS
175669,0,LFS
179627,0,LFS
179629,0,LFS
179746,0,LFS
179748,0,LFS
179757,0,LFS
176781,0,LFS
176811,0,LFS
176816,0,LFS
179877,0,LFS
179906,0,LFS
179937,0,LFS
175832,0,LFS
175835,0,LFS
176880,0,LFS
177808,0,LFS
177820,0,LFS
177822,0,LFS
180090,0,LFS
180103,0,LFS
180105,0,LFS
175901,0,LFS
176941,0,LFS
177917,0,LFS
177919,0,LFS
177921,0,LFS
180139,0,LFS
180151,0,LFS
175954,0,LFS
176955,0,LFS
176976,0,LFS
17698,0,LFS
177004,0,LFS
178019,0,LFS
178043,0,LFS
178045,0,LFS
180185,0,LFS
180218,0,LFS
180219,0,LFS
176013,0,LFS
177016,0,LFS
177023,0,LFS
17703,0,LFS
177052,0,LFS
178052,0,LFS
178057,0,LFS
178059,0,LFS
178378,0,LFS
177095,0,LFS
178433,0,LFS
17851,0,LFS
178524,0,LFS
176214,0,LFS
176216,0,LFS
176217,0,LFS
176237,0,LFS
177138,0,LFS
177139,0,LFS
178550,0,LFS
178554,0,LFS
176255,0,LFS
176256,0,LFS
176287,0,LFS
176292,0,LFS
178565,0,LFS
178606,0,LFS
178609,0,LFS
178610,0,LFS
180550,0,LFS
180551,0,LFS
180556,0,LFS
180569,0,LFS
176372,0,LFS
176451,0,LFS
195814,0,LFS
195831,0,LFS
192161,0,LFS
192177,0,LFS
192186,0,LFS
195194,0,LFS
195861,0,LFS
195870,0,LFS
195873,0,LFS
195898,0,LFS
194498,0,LFS
195230,0,LFS
195236,0,LFS
192947,0,LFS
194544,0,LFS
195254,0,LFS
195267,0,LFS
195268,0,LFS
193079,0,LFS
195285,0,LFS
195289,0,LFS
191501,0,LFS
193093,0,LFS
193109,0,LFS
193121,0,LFS
195316,0,LFS
191526,0,LFS
191528,0,LFS
191531,0,LFS
193192,0,LFS
194614,0,LFS
194662,0,LFS
191551,0,LFS
191552,0,LFS
191571,0,LFS
193200,0,LFS
19321,0,LFS
194740,0,LFS
194767,0,LFS
195353,0,LFS
195364,0,LFS
193223,0,LFS
193235,0,LFS
193240,0,LFS
193300,0,LFS
195387,0,LFS
195389,0,LFS
195405,0,LFS
191624,0,LFS
194836,0,LFS
194839,0,LFS
195413,0,LFS
191626,0,LFS
191642,0,LFS
193613,0,LFS
193715,0,LFS
193744,0,LFS
193769,0,LFS
194868,0,LFS
195459,0,LFS
191678,0,LFS
19385,0,LFS
194123,0,LFS
195039,0,LFS
195041,0,LFS
195465,0,LFS
195485,0,LFS
191725,0,LFS
191751,0,LFS
194140,0,LFS
194159,0,LFS
194189,0,LFS
195053,0,LFS
195058,0,LFS
195493,0,LFS
191836,0,LFS
194205,0,LFS
195085,0,LFS
195128,0,LFS
195602,0,LFS
194310,0,LFS
194377,0,LFS
195135,0,LFS
191995,0,LFS
192045,0,LFS
192064,0,LFS
194381,0,LFS
194404,0,LFS
194421,0,LFS
195178,0,LFS
192093,0,LFS
192127,0,LFS
194444,0,LFS
188529,0,LFS
189609,0,LFS
189617,0,LFS
189623,0,LFS
189625,0,LFS
189642,0,LFS
189670,0,LFS
189684,0,LFS
189852,0,LFS
191426,0,LFS
191444,0,LFS
191445,0,LFS
187228,0,LFS
189730,0,LFS
189739,0,LFS
189759,0,LFS
189761,0,LFS
189764,0,LFS
189896,0,LFS
189976,0,LFS
185644,0,LFS
188569,0,LFS
188574,0,LFS
188659,0,LFS
190174,0,LFS
185673,0,LFS
185693,0,LFS
185722,0,LFS
187523,0,LFS
187529,0,LFS
190214,0,LFS
185730,0,LFS
18772,0,LFS
187731,0,LFS
187736,0,LFS
190361,0,LFS
186116,0,LFS
187894,0,LFS
187905,0,LFS
187919,0,LFS
188788,0,LFS
190594,0,LFS
190598,0,LFS
186151,0,LFS
186176,0,LFS
187971,0,LFS
188825,0,LFS
190817,0,LFS
188067,0,LFS
188090,0,LFS
188962,0,LFS
190852,0,LFS
190856,0,LFS
186317,0,LFS
186334,0,LFS
186337,0,LFS
188133,0,LFS
189001,0,LFS
190866,0,LFS
190929,0,LFS
190945,0,LFS
186368,0,LFS
186379,0,LFS
186390,0,LFS
189043,0,LFS
190973,0,LFS
191008,0,LFS
186474,0,LFS
18822,0,LFS
188227,0,LFS
188232,0,LFS
189125,0,LFS
189155,0,LFS
191044,0,LFS
191047,0,LFS
191057,0,LFS
191067,0,LFS
188276,0,LFS
188278,0,LFS
191090,0,LFS
188299,0,LFS
189361,0,LFS
189365,0,LFS
189369,0,LFS
191134,0,LFS
191159,0,LFS
191168,0,LFS
191174,0,LFS
191182,0,LFS
191186,0,LFS
188314,0,LFS
188323,0,LFS
189478,0,LFS
191208,0,LFS
191285,0,LFS
188346,0,LFS
188349,0,LFS
188354,0,LFS
188366,0,LFS
189529,0,LFS
191324,0,LFS
191348,0,LFS
191355,0,LFS
191361,0,LFS
186891,0,LFS
186927,0,LFS
186973,0,LFS
186982,0,LFS
186985,0,LFS
188387,0,LFS
203386,0,LFS
200985,0,LFS
201593,0,LFS
203011,0,LFS
203403,0,LFS
201003,0,LFS
201007,0,LFS
201008,0,LFS
201018,0,LFS
201023,0,LFS
201624,0,LFS
201627,0,LFS
201633,0,LFS
203025,0,LFS
203431,0,LFS
203445,0,LFS
203450,0,LFS
201035,0,LFS
201044,0,LFS
201661,0,LFS
203061,0,LFS
200105,0,LFS
200110,0,LFS
200112,0,LFS
200121,0,LFS
200122,0,LFS
201063,0,LFS
201716,0,LFS
203072,0,LFS
200137,0,LFS
200140,0,LFS
200149,0,LFS
201091,0,LFS
201735,0,LFS
201119,0,LFS
202016,0,LFS
203124,0,LFS
203139,0,LFS
200204,0,LFS
201145,0,LFS
202067,0,LFS
203157,0,LFS
200220,0,LFS
200242,0,LFS
200243,0,LFS
201186,0,LFS
201221,0,LFS
202079,0,LFS
202088,0,LFS
202097,0,LFS
202099,0,LFS
202108,0,LFS
200276,0,LFS
200294,0,LFS
201249,0,LFS
201260,0,LFS
202121,0,LFS
202160,0,LFS
202168,0,LFS
202172,0,LFS
203197,0,LFS
202216,0,LFS
202239,0,LFS
202336,0,LFS
202338,0,LFS
200346,0,LFS
200347,0,LFS
200348,0,LFS
201381,0,LFS
202499,0,LFS
202513,0,LFS
202595,0,LFS
202598,0,LFS
202630,0,LFS
202690,0,LFS
200493,0,LFS
200500,0,LFS
200504,0,LFS
201431,0,LFS
202759,0,LFS
203278,0,LFS
203285,0,LFS
200511,0,LFS
200513,0,LFS
200514,0,LFS
200605,0,LFS
200621,0,LFS
201438,0,LFS
201440,0,LFS
201451,0,LFS
203303,0,LFS
200633,0,LFS
200634,0,LFS
200862,0,LFS
200864,0,LFS
200874,0,LFS
201463,0,LFS
201473,0,LFS
200887,0,LFS
200931,0,LFS
201502,0,LFS
201507,0,LFS
201511,0,LFS
201514,0,LFS
203367,0,LFS
200950,0,LFS
197601,0,LFS
197716,0,LFS
199379,0,LFS
200056,0,LFS
200073,0,LFS
196767,0,LFS
199415,0,LFS
199423,0,LFS
199472,0,LFS
199476,0,LFS
199477,0,LFS
196799,0,LFS
196802,0,LFS
199450,0,LFS
199458,0,LFS
199467,0,LFS
199501,0,LFS
196094,0,LFS
196156,0,LFS
196844,0,LFS
197730,0,LFS
197756,0,LFS
197830,0,LFS
196190,0,LFS
196198,0,LFS
196864,0,LFS
196866,0,LFS
197873,0,LFS
199573,0,LFS
196215,0,LFS
197981,0,LFS
198236,0,LFS
199589,0,LFS
199594,0,LFS
196235,0,LFS
196239,0,LFS
196257,0,LFS
196922,0,LFS
198268,0,LFS
198276,0,LFS
199609,0,LFS
199612,0,LFS
199619,0,LFS
199620,0,LFS
196270,0,LFS
196272,0,LFS
196287,0,LFS
196935,0,LFS
196938,0,LFS
196946,0,LFS
196965,0,LFS
196983,0,LFS
198363,0,LFS
198371,0,LFS
198376,0,LFS
198382,0,LFS
198385,0,LFS
199648,0,LFS
199681,0,LFS
199682,0,LFS
199687,0,LFS
196307,0,LFS
197016,0,LFS
197028,0,LFS
197058,0,LFS
197060,0,LFS
198409,0,LFS
198519,0,LFS
199708,0,LFS
199730,0,LFS
197090,0,LFS
197103,0,LFS
197121,0,LFS
198943,0,LFS
198953,0,LFS
199734,0,LFS
199740,0,LFS
199743,0,LFS
199756,0,LFS
197136,0,LFS
197143,0,LFS
199037,0,LFS
199114,0,LFS
199116,0,LFS
199117,0,LFS
199790,0,LFS
197183,0,LFS
197197,0,LFS
196555,0,LFS
196559,0,LFS
197291,0,LFS
199171,0,LFS
199173,0,LFS
199940,0,LFS
199941,0,LFS
197328,0,LFS
197358,0,LFS
197406,0,LFS
199946,0,LFS
199953,0,LFS
199958,0,LFS
196640,0,LFS
196642,0,LFS
197456,0,LFS
197476,0,LFS
197479,0,LFS
199237,0,LFS
199241,0,LFS
199255,0,LFS
199264,0,LFS
199970,0,LFS
200002,0,LFS
197480,0,LFS
197505,0,LFS
197506,0,LFS
197507,0,LFS
199355,0,LFS
199358,0,LFS
199364,0,LFS
196697,0,LFS
196751,0,LFS
196756,0,LFS
197585,0,LFS
197590,0,LFS
53689,0,LFS
53951,0,LFS
30613,0,LFS
37569,0,LFS
43913,0,LFS
43986,0,LFS
44075,0,LFS
30721,0,LFS
37819,0,LFS
37883,0,LFS
37884,0,LFS
38042,0,LFS
44667,0,LFS
44750,0,LFS
54720,0,LFS
30929,0,LFS
31282,0,LFS
45418,0,LFS
31621,0,LFS
31635,0,LFS
211072,0,LFS
21393,0,LFS
32100,0,LFS
39264,0,LFS
47938,0,LFS
22058,0,LFS
22063,0,LFS
32475,0,LFS
32593,0,LFS
39676,0,LFS
22338,0,LFS
22624,0,LFS
32791,0,LFS
32824,0,LFS
40167,0,LFS
40289,0,LFS
40315,0,LFS
40319,0,LFS
49365,0,LFS
49366,0,LFS
49422,0,LFS
24887,0,LFS
33578,0,LFS
49650,0,LFS
40617,0,LFS
40723,0,LFS
35251,0,LFS
51179,0,LFS
42283,0,LFS
42544,0,LFS
51959,0,LFS
51970,0,LFS
36053,0,LFS
42622,0,LFS
27610,0,LFS
36663,0,LFS
36673,0,LFS
42926,0,LFS
42955,0,LFS
52749,0,LFS
53332,0,LFS
53334,0,LFS
27948,0,LFS
36775,0,LFS
36782,0,LFS
36821,0,LFS
36828,0,LFS
36985,0,LFS
43168,0,LFS
43195,0,LFS
53397,0,LFS
53442,0,LFS
29441,0,LFS
37236,0,LFS
37389,0,LFS
205080,0,LFS
205088,0,LFS
205104,0,LFS
206785,0,LFS
208950,0,LFS
203853,0,LFS
206828,0,LFS
206836,0,LFS
206899,0,LFS
206900,0,LFS
206920,0,LFS
206928,0,LFS
209308,0,LFS
209313,0,LFS
209663,0,LFS
203949,0,LFS
204085,0,LFS
204106,0,LFS
204143,0,LFS
204146,0,LFS
204242,0,LFS
206845,0,LFS
206969,0,LFS
206980,0,LFS
206981,0,LFS
203473,0,LFS
204383,0,LFS
205138,0,LFS
205155,0,LFS
205229,0,LFS
206991,0,LFS
203487,0,LFS
203502,0,LFS
203506,0,LFS
203507,0,LFS
204423,0,LFS
205243,0,LFS
205247,0,LFS
205259,0,LFS
207022,0,LFS
207025,0,LFS
204487,0,LFS
204556,0,LFS
205267,0,LFS
205268,0,LFS
207053,0,LFS
207056,0,LFS
207063,0,LFS
203551,0,LFS
204557,0,LFS
204602,0,LFS
204603,0,LFS
204604,0,LFS
205316,0,LFS
205322,0,LFS
205338,0,LFS
205352,0,LFS
207086,0,LFS
207102,0,LFS
207114,0,LFS
203565,0,LFS
204612,0,LFS
205399,0,LFS
205404,0,LFS
207123,0,LFS
203593,0,LFS
204636,0,LFS
204639,0,LFS
204644,0,LFS
204714,0,LFS
205573,0,LFS
205673,0,LFS
205680,0,LFS
204719,0,LFS
204722,0,LFS
204723,0,LFS
204728,0,LFS
204729,0,LFS
206119,0,LFS
206128,0,LFS
207211,0,LFS
207218,0,LFS
203643,0,LFS
204752,0,LFS
207219,0,LFS
207230,0,LFS
207245,0,LFS
203682,0,LFS
203683,0,LFS
203690,0,LFS
204770,0,LFS
204782,0,LFS
206557,0,LFS
206570,0,LFS
206572,0,LFS
207251,0,LFS
207259,0,LFS
203710,0,LFS
203714,0,LFS
203715,0,LFS
204850,0,LFS
206607,0,LFS
206629,0,LFS
206633,0,LFS
204872,0,LFS
204875,0,LFS
204878,0,LFS
204880,0,LFS
206647,0,LFS
206648,0,LFS
206657,0,LFS
208493,0,LFS
203758,0,LFS
203763,0,LFS
203764,0,LFS
204889,0,LFS
204899,0,LFS
204928,0,LFS
204931,0,LFS
204942,0,LFS
204947,0,LFS
204951,0,LFS
206673,0,LFS
206674,0,LFS
206729,0,LFS
204968,0,LFS
204970,0,LFS
204975,0,LFS
204978,0,LFS
205010,0,LFS
205019,0,LFS
205021,0,LFS
205025,0,LFS
205027,0,LFS
205029,0,LFS
205056,0,LFS
205061,0,LFS
N243,0,LFS
93627,0,LFS
93632,0,LFS
93664,0,LFS
93719,0,LFS
94164,0,LFS
99287,0,LFS
99596,0,LFS
99644,0,LFS
99730,0,LFS
94242,0,LFS
97532,0,LFS
99771,0,LFS
99899,0,LFS
N747,0,LFS
N758,0,LFS
N767,0,LFS
89950,0,LFS
A909,0,LFS
A913,0,LFS
A992,0,LFS
90375,0,LFS
94925,0,LFS
94966,0,LFS
98086,0,LFS
D166,0,LFS
D241,0,LFS
D297,0,LFS
95001,0,LFS
95077,0,LFS
95083,0,LFS
95090,0,LFS
95109,0,LFS
95406,0,LFS
D504,0,LFS
90860,0,LFS
98125,0,LFS
98143,0,LFS
90861,0,LFS
90881,0,LFS
91233,0,LFS
95707,0,LFS
98405,0,LFS
D750,0,LFS
D796,0,LFS
D927,0,LFS
91236,0,LFS
91237,0,LFS
95724,0,LFS
95736,0,LFS
95818,0,LFS
98493,0,LFS
98496,0,LFS
F0077,0,LFS
F0078,0,LFS
F0802,0,LFS
91467,0,LFS
91468,0,LFS
H0054,0,LFS
H0070,0,LFS
H0079,0,LFS
H0080,0,LFS
91552,0,LFS
91553,0,LFS
96194,0,LFS
98585,0,LFS
98638,0,LFS
H0088,0,LFS
H0096,0,LFS
H0097,0,LFS
H0144,0,LFS
H0148,0,LFS
91727,0,LFS
H0304,0,LFS
91741,0,LFS
91902,0,LFS
96553,0,LFS
98912,0,LFS
H0383,0,LFS
92200,0,LFS
96554,0,LFS
96564,0,LFS
96595,0,LFS
96611,0,LFS
96617,0,LFS
96640,0,LFS
99166,0,LFS
99169,0,LFS
99170,0,LFS
99174,0,LFS
H0407,0,LFS
92247,0,LFS
92255,0,LFS
96821,0,LFS
99217,0,LFS
99225,0,LFS
99273,0,LFS
N011,0,LFS
97243,0,LFS
97248,0,LFS
97251,0,LFS
71327,0,LFS
78428,0,LFS
88561,0,LFS
89582,0,LFS
89803,0,LFS
64521,0,LFS
81329,0,LFS
89829,0,LFS
89857,0,LFS
89922,0,LFS
89923,0,LFS
64806,0,LFS
64819,0,LFS
79586,0,LFS
81419,0,LFS
81436,0,LFS
55535,0,LFS
65112,0,LFS
81728,0,LFS
82710,0,LFS
55999,0,LFS
65902,0,LFS
72101,0,LFS
56685,0,LFS
72386,0,LFS
83090,0,LFS
83192,0,LFS
83196,0,LFS
83249,0,LFS
57618,0,LFS
57746,0,LFS
66604,0,LFS
66605,0,LFS
73045,0,LFS
83614,0,LFS
83626,0,LFS
57878,0,LFS
58203,0,LFS
58208,0,LFS
58209,0,LFS
67241,0,LFS
67242,0,LFS
73752,0,LFS
73859,0,LFS
83661,0,LFS
83665,0,LFS
83750,0,LFS
58699,0,LFS
67432,0,LFS
67516,0,LFS
83772,0,LFS
59680,0,LFS
59709,0,LFS
75054,0,LFS
85346,0,LFS
85349,0,LFS
85497,0,LFS
85565,0,LFS
85566,0,LFS
85653,0,LFS
60437,0,LFS
60515,0,LFS
85974,0,LFS
86133,0,LFS
60651,0,LFS
60853,0,LFS
68734,0,LFS
61173,0,LFS
61444,0,LFS
68859,0,LFS
68915,0,LFS
69055,0,LFS
69059,0,LFS
69063,0,LFS
69091,0,LFS
61541,0,LFS
69522,0,LFS
76972,0,LFS
87612,0,LFS
87623,0,LFS
87956,0,LFS
63512,0,LFS
69757,0,LFS
69962,0,LFS
87991,0,LFS
88075,0,LFS
64003,0,LFS
70251,0,LFS
70388,0,LFS
78009,0,LFS
78010,0,LFS
88170,0,LFS
64104,0,LFS
64106,0,LFS
64390,0,LFS
70755,0,LFS
N861,0,LFS
S737,0,LFS
S906,0,LFS
S928,0,LFS
X167,0,LFS
X390,0,LFS
X432,0,LFS
X433,0,LFS
X443,0,LFS
X452,0,LFS
X459,0,LFS
X722,0,LFS
X736,0,LFS
X776,0,LFS
X777,0,LFS
X885,0,LFS
X894,0,LFS
X936,0,LFS
00366,0,LFS
02250,0,LFS
02258,0,LFS
02397,0,LFS
03463,0,LFS
03484,0,LFS
01751,0,LFS
01853,0,LFS
00315,0,LFS
03659,0,LFS
03826,0,LFS
03929,0,LFS
04013,0,LFS
04114,0,LFS
04116,0,LFS
04180,0,LFS
04199,0,LFS
04227,0,LFS
07022,0,LFS
07029,0,LFS
07140,0,LFS
07671,0,LFS
07673,0,LFS
08277,0,LFS
06507,0,LFS
06571,0,LFS
09472,0,LFS
09478,0,LFS
08357,0,LFS
08490,0,LFS
08504,0,LFS
08527,0,LFS
08577,0,LFS
08595,0,LFS
08780,0,LFS
09134,0,LFS
100792,0,LFS
100796,0,LFS
100804,0,LFS
10189,0,LFS
102099,0,LFS
101130,0,LFS
100413,0,LFS
102313,0,LFS
102539,0,LFS
102549,0,LFS
102965,0,LFS
102967,0,LFS
103005,0,LFS
103164,0,LFS
103691,0,LFS
103776,0,LFS
103821,0,LFS
104212,0,LFS
103797,0,LFS
103383,0,LFS
103486,0,LFS
103490,0,LFS
103550,0,LFS
105261,0,LFS
104442,0,LFS
104519,0,LFS
104531,0,LFS
104657,0,LFS
104784,0,LFS
104822,0,LFS
104869,0,LFS
104906,0,LFS
104922,0,LFS
105391,0,LFS
105467,0,LFS
105601,0,LFS
105767,0,LFS
105820,0,LFS
107819,0,LFS
107021,0,LFS
107062,0,LFS
107163,0,LFS
107166,0,LFS
107426,0,LFS
107640,0,LFS
107647,0,LFS
107728,0,LFS
108345,0,LFS
108355,0,LFS
108357,0,LFS
108358,0,LFS
108516,0,LFS
108517,0,LFS
108758,0,LFS
108000,0,LFS
110776,0,LFS
110882,0,LFS
110932,0,LFS
111171,0,LFS
111276,0,LFS
108893,0,LFS
108898,0,LFS
108983,0,LFS
109286,0,LFS
109394,0,LFS
109765,0,LFS
110261,0,LFS
110732,0,LFS
113461,0,LFS
112559,0,LFS
111721,0,LFS
111730,0,LFS
111755,0,LFS
115425,0,LFS
115429,0,LFS
115774,0,LFS
113787,0,LFS
113811,0,LFS
113956,0,LFS
113964,0,LFS
113976,0,LFS
113989,0,LFS
114160,0,LFS
114193,0,LFS
114768,0,LFS
114781,0,LFS
115040,0,LFS
115045,0,LFS
115106,0,LFS
115128,0,LFS
115339,0,LFS
116078,0,LFS
116678,0,LFS
117042,0,LFS
116471,0,LFS
116621,0,LFS
116634,0,LFS
115951,0,LFS
115965,0,LFS
116008,0,LFS
116045,0,LFS
118767,0,LFS
119107,0,LFS
117937,0,LFS
117951,0,LFS
118236,0,LFS
118277,0,LFS
118317,0,LFS
118455,0,LFS
118486,0,LFS
139497,0,LFS
139503,0,LFS
139536,0,LFS
139553,0,LFS
137843,0,LFS
138048,0,LFS
134480,0,LFS
134481,0,LFS
138214,0,LFS
139855,0,LFS
139870,0,LFS
134511,0,LFS
131584,0,LFS
131610,0,LFS
134597,0,LFS
134632,0,LFS
131825,0,LFS
13204,0,LFS
134663,0,LFS
134693,0,LFS
136828,0,LFS
136890,0,LFS
138386,0,LFS
138404,0,LFS
132083,0,LFS
132166,0,LFS
134829,0,LFS
136921,0,LFS
136995,0,LFS
132492,0,LFS
134898,0,LFS
134901,0,LFS
137060,0,LFS
137069,0,LFS
138596,0,LFS
138606,0,LFS
132879,0,LFS
133050,0,LFS
133053,0,LFS
13497,0,LFS
137117,0,LFS
138710,0,LFS
138718,0,LFS
138808,0,LFS
133197,0,LFS
137124,0,LFS
137178,0,LFS
137183,0,LFS
138962,0,LFS
133212,0,LFS
133213,0,LFS
137265,0,LFS
137268,0,LFS
133789,0,LFS
135331,0,LFS
139114,0,LFS
135848,0,LFS
139248,0,LFS
134091,0,LFS
134119,0,LFS
135860,0,LFS
139345,0,LFS
134208,0,LFS
135989,0,LFS
137636,0,LFS
137664,0,LFS
139353,0,LFS
139360,0,LFS
139391,0,LFS
135999,0,LFS
134350,0,LFS
136121,0,LFS
127033,0,LFS
127072,0,LFS
127073,0,LFS
131173,0,LFS
131392,0,LFS
131395,0,LFS
127207,0,LFS
127321,0,LFS
127342,0,LFS
127680,0,LFS
131415,0,LFS
131493,0,LFS
131516,0,LFS
131547,0,LFS
127901,0,LFS
127906,0,LFS
122789,0,LFS
123121,0,LFS
123137,0,LFS
128042,0,LFS
128050,0,LFS
128198,0,LFS
119593,0,LFS
126012,0,LFS
119729,0,LFS
123276,0,LFS
123843,0,LFS
126094,0,LFS
129042,0,LFS
129059,0,LFS
12418,0,LFS
126216,0,LFS
129163,0,LFS
126228,0,LFS
126283,0,LFS
129606,0,LFS
12989,0,LFS
129961,0,LFS
120008,0,LFS
124707,0,LFS
124710,0,LFS
124798,0,LFS
126346,0,LFS
126354,0,LFS
130193,0,LFS
120103,0,LFS
126371,0,LFS
126383,0,LFS
126406,0,LFS
130218,0,LFS
130250,0,LFS
120275,0,LFS
125113,0,LFS
126411,0,LFS
120671,0,LFS
120732,0,LFS
125134,0,LFS
125150,0,LFS
126522,0,LFS
126531,0,LFS
126546,0,LFS
126561,0,LFS
120807,0,LFS
121151,0,LFS
126565,0,LFS
126570,0,LFS
126656,0,LFS
130685,0,LFS
130696,0,LFS
121190,0,LFS
121455,0,LFS
125276,0,LFS
125292,0,LFS
125296,0,LFS
126814,0,LFS
126840,0,LFS
130920,0,LFS
121631,0,LFS
121641,0,LFS
121643,0,LFS
121646,0,LFS
121653,0,LFS
125360,0,LFS
126936,0,LFS
126938,0,LFS
121695,0,LFS
121702,0,LFS
125428,0,LFS
125513,0,LFS
126963,0,LFS
131076,0,LFS
125686,0,LFS
125712,0,LFS
125866,0,LFS
150040,0,LFS
152760,0,LFS
154602,0,LFS
154719,0,LFS
157233,0,LFS
150572,0,LFS
155068,0,LFS
157256,0,LFS
150727,0,LFS
150778,0,LFS
150829,0,LFS
150833,0,LFS
153177,0,LFS
153208,0,LFS
155083,0,LFS
155143,0,LFS
155146,0,LFS
150843,0,LFS
153358,0,LFS
147904,0,LFS
151030,0,LFS
151038,0,LFS
154031,0,LFS
155589,0,LFS
151169,0,LFS
151181,0,LFS
154055,0,LFS
154061,0,LFS
155678,0,LFS
155714,0,LFS
147941,0,LFS
147945,0,LFS
147953,0,LFS
147995,0,LFS
154111,0,LFS
154146,0,LFS
154149,0,LFS
155734,0,LFS
14806,0,LFS
14827,0,LFS
154178,0,LFS
155789,0,LFS
155799,0,LFS
155806,0,LFS
148882,0,LFS
151592,0,LFS
154233,0,LFS
154270,0,LFS
154280,0,LFS
155896,0,LFS
155909,0,LFS
149050,0,LFS
149100,0,LFS
152085,0,LFS
149107,0,LFS
154377,0,LFS
154380,0,LFS
154385,0,LFS
154391,0,LFS
156071,0,LFS
149219,0,LFS
152269,0,LFS
152273,0,LFS
154407,0,LFS
154414,0,LFS
156135,0,LFS
149291,0,LFS
149332,0,LFS
154434,0,LFS
156269,0,LFS
156271,0,LFS
156289,0,LFS
149364,0,LFS
149387,0,LFS
154505,0,LFS
156293,0,LFS
156296,0,LFS
156362,0,LFS
156389,0,LFS
156398,0,LFS
149538,0,LFS
152557,0,LFS
152558,0,LFS
154568,0,LFS
154575,0,LFS
156497,0,LFS
149659,0,LFS
149868,0,LFS
152582,0,LFS
144276,0,LFS
147654,0,LFS
140897,0,LFS
140922,0,LFS
144523,0,LFS
144545,0,LFS
145445,0,LFS
145447,0,LFS
14546,0,LFS
145488,0,LFS
141092,0,LFS
145088,0,LFS
140001,0,LFS
140003,0,LFS
140006,0,LFS
141449,0,LFS
140067,0,LFS
141544,0,LFS
146139,0,LFS
140143,0,LFS
143227,0,LFS
140213,0,LFS
140225,0,LFS
146518,0,LFS
146751,0,LFS
140262,0,LFS
140271,0,LFS
142052,0,LFS
143508,0,LFS
143512,0,LFS
146767,0,LFS
140286,0,LFS
140297,0,LFS
143649,0,LFS
146900,0,LFS
140316,0,LFS
14372,0,LFS
143769,0,LFS
143782,0,LFS
147042,0,LFS
147056,0,LFS
140361,0,LFS
147100,0,LFS
140411,0,LFS
140430,0,LFS
143916,0,LFS
143985,0,LFS
14714,0,LFS
142610,0,LFS
144082,0,LFS
147342,0,LFS
140506,0,LFS
140535,0,LFS
144147,0,LFS
144187,0,LFS
144192,0,LFS
147436,0,LFS
147516,0,LFS
140613,0,LFS
140725,0,LFS
140743,0,LFS
140798,0,LFS
140810,0,LFS
175182,0,LFS
175201,0,LFS
169446,0,LFS
171202,0,LFS
171217,0,LFS
173466,0,LFS
175319,0,LFS
169448,0,LFS
171264,0,LFS
173557,0,LFS
169529,0,LFS
173623,0,LFS
173656,0,LFS
173659,0,LFS
173669,0,LFS
171372,0,LFS
173716,0,LFS
173718,0,LFS
173726,0,LFS
169881,0,LFS
171531,0,LFS
173769,0,LFS
169900,0,LFS
169933,0,LFS
167577,0,LFS
169954,0,LFS
169955,0,LFS
169957,0,LFS
169960,0,LFS
169985,0,LFS
172024,0,LFS
173845,0,LFS
173846,0,LFS
173851,0,LFS
173857,0,LFS
173875,0,LFS
173903,0,LFS
167875,0,LFS
169996,0,LFS
170024,0,LFS
172044,0,LFS
172071,0,LFS
174015,0,LFS
174027,0,LFS
174030,0,LFS
174037,0,LFS
168198,0,LFS
168201,0,LFS
170101,0,LFS
172080,0,LFS
174098,0,LFS
174100,0,LFS
174139,0,LFS
174157,0,LFS
170147,0,LFS
170203,0,LFS
172539,0,LFS
172642,0,LFS
174171,0,LFS
174212,0,LFS
168425,0,LFS
16849,0,LFS
170278,0,LFS
170296,0,LFS
170297,0,LFS
170300,0,LFS
174341,0,LFS
168552,0,LFS
168587,0,LFS
168625,0,LFS
170312,0,LFS
170315,0,LFS
170344,0,LFS
170387,0,LFS
170392,0,LFS
172772,0,LFS
172788,0,LFS
172797,0,LFS
174622,0,LFS
168890,0,LFS
168976,0,LFS
170396,0,LFS
174747,0,LFS
172855,0,LFS
172893,0,LFS
172957,0,LFS
172958,0,LFS
172964,0,LFS
172967,0,LFS
173231,0,LFS
173232,0,LFS
173235,0,LFS
173237,0,LFS
174979,0,LFS
169190,0,LFS
169195,0,LFS
171140,0,LFS
164467,0,LFS
159008,0,LFS
159025,0,LFS
159027,0,LFS
159037,0,LFS
164726,0,LFS
164754,0,LFS
164780,0,LFS
165133,0,LFS
165147,0,LFS
157380,0,LFS
157395,0,LFS
159137,0,LFS
159148,0,LFS
165464,0,LFS
157442,0,LFS
157444,0,LFS
157535,0,LFS
157538,0,LFS
157541,0,LFS
16255,0,LFS
165511,0,LFS
157598,0,LFS
159600,0,LFS
159628,0,LFS
165647,0,LFS
157772,0,LFS
159686,0,LFS
159695,0,LFS
159708,0,LFS
159741,0,LFS
159742,0,LFS
157902,0,LFS
157953,0,LFS
158004,0,LFS
159763,0,LFS
159767,0,LFS
159769,0,LFS
159796,0,LFS
163200,0,LFS
165814,0,LFS
165857,0,LFS
159892,0,LFS
159941,0,LFS
163409,0,LFS
163422,0,LFS
165983,0,LFS
158441,0,LFS
158445,0,LFS
160121,0,LFS
163469,0,LFS
163560,0,LFS
166002,0,LFS
158480,0,LFS
158496,0,LFS
158513,0,LFS
158535,0,LFS
158545,0,LFS
163636,0,LFS
163637,0,LFS
166124,0,LFS
166130,0,LFS
15885,0,LFS
158874,0,LFS
163751,0,LFS
163917,0,LFS
163944,0,LFS
163950,0,LFS
166319,0,LFS
166322,0,LFS
161276,0,LFS
161278,0,LFS
164013,0,LFS
164109,0,LFS
164117,0,LFS
164184,0,LFS
166519,0,LFS
158929,0,LFS
164220,0,LFS
158972,0,LFS
162114,0,LFS
162190,0,LFS
164274,0,LFS
166699,0,LFS
158992,0,LFS
162375,0,LFS
185289,0,LFS
18530,0,LFS
185314,0,LFS
18532,0,LFS
181579,0,LFS
181591,0,LFS
183086,0,LFS
183103,0,LFS
183112,0,LFS
183137,0,LFS
184393,0,LFS
184410,0,LFS
184417,0,LFS
184425,0,LFS
185465,0,LFS
185473,0,LFS
185476,0,LFS
185478,0,LFS
185525,0,LFS
181761,0,LFS
18449,0,LFS
185528,0,LFS
185530,0,LFS
185531,0,LFS
185564,0,LFS
185566,0,LFS
185574,0,LFS
185587,0,LFS
181909,0,LFS
181973,0,LFS
181974,0,LFS
181983,0,LFS
183226,0,LFS
183255,0,LFS
184582,0,LFS
184598,0,LFS
180655,0,LFS
180666,0,LFS
180667,0,LFS
181990,0,LFS
182062,0,LFS
182127,0,LFS
182130,0,LFS
183476,0,LFS
184658,0,LFS
182373,0,LFS
18349,0,LFS
184678,0,LFS
180753,0,LFS
180804,0,LFS
183538,0,LFS
182571,0,LFS
182582,0,LFS
183548,0,LFS
184759,0,LFS
180878,0,LFS
180883,0,LFS
180888,0,LFS
180896,0,LFS
182608,0,LFS
183669,0,LFS
183672,0,LFS
180932,0,LFS
180942,0,LFS
182664,0,LFS
184988,0,LFS
180948,0,LFS
180951,0,LFS
182743,0,LFS
184997,0,LFS
181084,0,LFS
185050,0,LFS
181121,0,LFS
181147,0,LFS
181148,0,LFS
182825,0,LFS
181181,0,LFS
181184,0,LFS
181190,0,LFS
182837,0,LFS
182838,0,LFS
182843,0,LFS
182849,0,LFS
183883,0,LFS
185182,0,LFS
185203,0,LFS
181227,0,LFS
181233,0,LFS
182861,0,LFS
182896,0,LFS
182899,0,LFS
184036,0,LFS
184049,0,LFS
184118,0,LFS
18414,0,LFS
185286,0,LFS
181451,0,LFS
181469,0,LFS
177278,0,LFS
178667,0,LFS
178759,0,LFS
180571,0,LFS
180588,0,LFS
176483,0,LFS
178958,0,LFS
179186,0,LFS
176559,0,LFS
179223,0,LFS
179281,0,LFS
175386,0,LFS
175390,0,LFS
175391,0,LFS
176621,0,LFS
177281,0,LFS
177285,0,LFS
177300,0,LFS
177323,0,LFS
177331,0,LFS
177335,0,LFS
179377,0,LFS
175489,0,LFS
175490,0,LFS
175603,0,LFS
175628,0,LFS
179504,0,LFS
175644,0,LFS
175648,0,LFS
176750,0,LFS
176759,0,LFS
177538,0,LFS
177540,0,LFS
179724,0,LFS
179754,0,LFS
176786,0,LFS
176787,0,LFS
177590,0,LFS
177598,0,LFS
177601,0,LFS
179837,0,LFS
175779,0,LFS
175782,0,LFS
176806,0,LFS
176842,0,LFS
177629,0,LFS
177630,0,LFS
179977,0,LFS
175865,0,LFS
175866,0,LFS
177806,0,LFS
177807,0,LFS
177813,0,LFS
177823,0,LFS
177878,0,LFS
180084,0,LFS
180099,0,LFS
175883,0,LFS
175887,0,LFS
175894,0,LFS
176942,0,LFS
176948,0,LFS
177911,0,LFS
177916,0,LFS
177920,0,LFS
177923,0,LFS
180150,0,LFS
180163,0,LFS
175943,0,LFS
177925,0,LFS
180172,0,LFS
180215,0,LFS
180217,0,LFS
180221,0,LFS
176015,0,LFS
176029,0,LFS
176072,0,LFS
177014,0,LFS
177053,0,LFS
178312,0,LFS
17839,0,LFS
180227,0,LFS
176079,0,LFS
177097,0,LFS
178435,0,LFS
178518,0,LFS
180378,0,LFS
18049,0,LFS
178548,0,LFS
178552,0,LFS
178559,0,LFS
180547,0,LFS
176286,0,LFS
177185,0,LFS
178590,0,LFS
178598,0,LFS
178600,0,LFS
177199,0,LFS
177228,0,LFS
192135,0,LFS
192157,0,LFS
194469,0,LFS
195189,0,LFS
195213,0,LFS
192198,0,LFS
192201,0,LFS
192215,0,LFS
192249,0,LFS
192272,0,LFS
192303,0,LFS
194505,0,LFS
195985,0,LFS
195990,0,LFS
192914,0,LFS
192950,0,LFS
193020,0,LFS
194542,0,LFS
195252,0,LFS
195264,0,LFS
191466,0,LFS
191471,0,LFS
191473,0,LFS
191475,0,LFS
193077,0,LFS
195270,0,LFS
195273,0,LFS
195283,0,LFS
191511,0,LFS
193123,0,LFS
194602,0,LFS
191529,0,LFS
191541,0,LFS
193191,0,LFS
191566,0,LFS
191568,0,LFS
19322,0,LFS
194757,0,LFS
194764,0,LFS
195355,0,LFS
195359,0,LFS
195362,0,LFS
195375,0,LFS
191584,0,LFS
193230,0,LFS
193247,0,LFS
194780,0,LFS
194782,0,LFS
194785,0,LFS
194798,0,LFS
195391,0,LFS
195392,0,LFS
195398,0,LFS
195403,0,LFS
191601,0,LFS
191621,0,LFS
193387,0,LFS
194809,0,LFS
194825,0,LFS
195408,0,LFS
191636,0,LFS
191638,0,LFS
193763,0,LFS
194865,0,LFS
194896,0,LFS
194974,0,LFS
194986,0,LFS
191703,0,LFS
195006,0,LFS
195034,0,LFS
194173,0,LFS
195069,0,LFS
195078,0,LFS
195515,0,LFS
191835,0,LFS
191841,0,LFS
194194,0,LFS
195086,0,LFS
195101,0,LFS
195523,0,LFS
195609,0,LFS
194249,0,LFS
194333,0,LFS
195650,0,LFS
195653,0,LFS
191992,0,LFS
192060,0,LFS
192070,0,LFS
194425,0,LFS
195170,0,LFS
195184,0,LFS
195780,0,LFS
192102,0,LFS
192103,0,LFS
192126,0,LFS
192131,0,LFS
192133,0,LFS
194439,0,LFS
194440,0,LFS
194447,0,LFS
194462,0,LFS
188508,0,LFS
188530,0,LFS
191368,0,LFS
191408,0,LFS
191418,0,LFS
191422,0,LFS
189622,0,LFS
189667,0,LFS
189792,0,LFS
189848,0,LFS
189859,0,LFS
189861,0,LFS
191435,0,LFS
18730,0,LFS
189725,0,LFS
189727,0,LFS
189752,0,LFS
189758,0,LFS
189766,0,LFS
189946,0,LFS
189964,0,LFS
189965,0,LFS
185595,0,LFS
185630,0,LFS
18748,0,LFS
188565,0,LFS
188646,0,LFS
188653,0,LFS
189989,0,LFS
190027,0,LFS
190179,0,LFS
187522,0,LFS
187524,0,LFS
187534,0,LFS
188673,0,LFS
188704,0,LFS
190286,0,LFS
185743,0,LFS
185761,0,LFS
185762,0,LFS
185823,0,LFS
187649,0,LFS
18765,0,LFS
187735,0,LFS
188723,0,LFS
188728,0,LFS
188740,0,LFS
190359,0,LFS
186115,0,LFS
187906,0,LFS
187908,0,LFS
187964,0,LFS
187966,0,LFS
188785,0,LFS
188805,0,LFS
190632,0,LFS
190681,0,LFS
190683,0,LFS
187970,0,LFS
187973,0,LFS
187974,0,LFS
187984,0,LFS
188013,0,LFS
188818,0,LFS
188821,0,LFS
188823,0,LFS
18624,0,LFS
18628,0,LFS
186282,0,LFS
186298,0,LFS
188077,0,LFS
188879,0,LFS
190821,0,LFS
190842,0,LFS
186340,0,LFS
186363,0,LFS
188129,0,LFS
189004,0,LFS
190927,0,LFS
190935,0,LFS
190949,0,LFS
186369,0,LFS
186370,0,LFS
186371,0,LFS
186380,0,LFS
186388,0,LFS
188189,0,LFS
188191,0,LFS
188197,0,LFS
188213,0,LFS
189023,0,LFS
189062,0,LFS
189114,0,LFS
190997,0,LFS
191003,0,LFS
186400,0,LFS
186460,0,LFS
186467,0,LFS
186470,0,LFS
18652,0,LFS
188228,0,LFS
191059,0,LFS
191060,0,LFS
191065,0,LFS
186613,0,LFS
188252,0,LFS
188280,0,LFS
189349,0,LFS
191123,0,LFS
186649,0,LFS
186659,0,LFS
186705,0,LFS
188283,0,LFS
189358,0,LFS
189370,0,LFS
191131,0,LFS
191152,0,LFS
191169,0,LFS
191172,0,LFS
186757,0,LFS
186776,0,LFS
188313,0,LFS
189429,0,LFS
189472,0,LFS
191216,0,LFS
186805,0,LFS
186807,0,LFS
188365,0,LFS
189483,0,LFS
189506,0,LFS
191342,0,LFS
186890,0,LFS
188371,0,LFS
188404,0,LFS
188482,0,LFS
203388,0,LFS
200980,0,LFS
200991,0,LFS
202995,0,LFS
203411,0,LFS
203413,0,LFS
203414,0,LFS
203417,0,LFS
200996,0,LFS
201029,0,LFS
201648,0,LFS
203441,0,LFS
203449,0,LFS
201054,0,LFS
203039,0,LFS
20107,0,LFS
201081,0,LFS
201725,0,LFS
200133,0,LFS
200142,0,LFS
201780,0,LFS
203092,0,LFS
203095,0,LFS
203104,0,LFS
200170,0,LFS
200176,0,LFS
200185,0,LFS
200191,0,LFS
202018,0,LFS
203118,0,LFS
203134,0,LFS
200202,0,LFS
200203,0,LFS
201155,0,LFS
200272,0,LFS
201172,0,LFS
201192,0,LFS
201208,0,LFS
202080,0,LFS
203168,0,LFS
203193,0,LFS
200289,0,LFS
200293,0,LFS
200306,0,LFS
201245,0,LFS
201272,0,LFS
202166,0,LFS
203200,0,LFS
200319,0,LFS
200320,0,LFS
200326,0,LFS
202180,0,LFS
202240,0,LFS
202310,0,LFS
202340,0,LFS
203221,0,LFS
203242,0,LFS
203243,0,LFS
200345,0,LFS
201383,0,LFS
201389,0,LFS
202500,0,LFS
203249,0,LFS
203260,0,LFS
203265,0,LFS
200482,0,LFS
200486,0,LFS
200489,0,LFS
200503,0,LFS
200508,0,LFS
200510,0,LFS
201412,0,LFS
201421,0,LFS
202729,0,LFS
202770,0,LFS
203284,0,LFS
203286,0,LFS
203295,0,LFS
200616,0,LFS
201454,0,LFS
202774,0,LFS
202796,0,LFS
200627,0,LFS
200694,0,LFS
201484,0,LFS
201485,0,LFS
202817,0,LFS
202822,0,LFS
203332,0,LFS
203333,0,LFS
203346,0,LFS
200889,0,LFS
200894,0,LFS
201542,0,LFS
203354,0,LFS
200933,0,LFS
197622,0,LFS
197627,0,LFS
199378,0,LFS
199388,0,LFS
200048,0,LFS
200062,0,LFS
196770,0,LFS
199414,0,LFS
199481,0,LFS
199487,0,LFS
199498,0,LFS
200084,0,LFS
200093,0,LFS
200098,0,LFS
200099,0,LFS
196819,0,LFS
199444,0,LFS
199510,0,LFS
199517,0,LFS
199518,0,LFS
199519,0,LFS
199527,0,LFS
196141,0,LFS
196154,0,LFS
196173,0,LFS
197717,0,LFS
199530,0,LFS
19618,0,LFS
196186,0,LFS
196189,0,LFS
196202,0,LFS
196205,0,LFS
196206,0,LFS
196208,0,LFS
196868,0,LFS
199576,0,LFS
199583,0,LFS
196227,0,LFS
199588,0,LFS
199605,0,LFS
196247,0,LFS
196258,0,LFS
196261,0,LFS
196921,0,LFS
196927,0,LFS
196934,0,LFS
198269,0,LFS
198272,0,LFS
198273,0,LFS
199622,0,LFS
196265,0,LFS
196267,0,LFS
196295,0,LFS
196937,0,LFS
196957,0,LFS
196961,0,LFS
196963,0,LFS
196969,0,LFS
196972,0,LFS
198359,0,LFS
198361,0,LFS
198365,0,LFS
199645,0,LFS
196329,0,LFS
199706,0,LFS
196372,0,LFS
198942,0,LFS
198949,0,LFS
19895,0,LFS
198968,0,LFS
198980,0,LFS
196405,0,LFS
197137,0,LFS
197150,0,LFS
197163,0,LFS
197175,0,LFS
197176,0,LFS
199762,0,LFS
199797,0,LFS
197182,0,LFS
197192,0,LFS
197193,0,LFS
197201,0,LFS
197269,0,LFS
197270,0,LFS
199128,0,LFS
199139,0,LFS
199862,0,LFS
199899,0,LFS
196499,0,LFS
196540,0,LFS
197273,0,LFS
197294,0,LFS
197310,0,LFS
197319,0,LFS
199194,0,LFS
199195,0,LFS
199900,0,LFS
197405,0,LFS
199226,0,LFS
199945,0,LFS
199949,0,LFS
199950,0,LFS
199957,0,LFS
196627,0,LFS
196647,0,LFS
197418,0,LFS
197440,0,LFS
197459,0,LFS
200004,0,LFS
200006,0,LFS
196683,0,LFS
197482,0,LFS
197517,0,LFS
199360,0,LFS
200028,0,LFS
200042,0,LFS
197570,0,LFS
197597,0,LFS
29881,0,LFS
30033,0,LFS
37575,0,LFS
43911,0,LFS
54412,0,LFS
37761,0,LFS
37830,0,LFS
44687,0,LFS
44689,0,LFS
38222,0,LFS
38224,0,LFS
38491,0,LFS
45561,0,LFS
31624,0,LFS
39052,0,LFS
39193,0,LFS
46744,0,LFS
46748,0,LFS
21688,0,LFS
31637,0,LFS
31638,0,LFS
32099,0,LFS
32411,0,LFS
39376,0,LFS
39377,0,LFS
48067,0,LFS
48195,0,LFS
21941,0,LFS
22068,0,LFS
32555,0,LFS
39953,0,LFS
48798,0,LFS
48800,0,LFS
22356,0,LFS
32790,0,LFS
32825,0,LFS
40094,0,LFS
40152,0,LFS
49192,0,LFS
23130,0,LFS
23131,0,LFS
23291,0,LFS
23738,0,LFS
49204,0,LFS
49382,0,LFS
24341,0,LFS
24819,0,LFS
33280,0,LFS
33555,0,LFS
40489,0,LFS
49726,0,LFS
34237,0,LFS
40571,0,LFS
50330,0,LFS
50388,0,LFS
50455,0,LFS
50456,0,LFS
41483,0,LFS
26367,0,LFS
35550,0,LFS
35884,0,LFS
35902,0,LFS
36049,0,LFS
42314,0,LFS
51344,0,LFS
51961,0,LFS
26463,0,LFS
26469,0,LFS
26633,0,LFS
26640,0,LFS
36052,0,LFS
36067,0,LFS
42566,0,LFS
52479,0,LFS
52726,0,LFS
27575,0,LFS
27632,0,LFS
36664,0,LFS
42928,0,LFS
43019,0,LFS
43026,0,LFS
53274,0,LFS
53304,0,LFS
53333,0,LFS
36822,0,LFS
43387,0,LFS
43444,0,LFS
43843,0,LFS
53357,0,LFS
53555,0,LFS
37356,0,LFS
37465,0,LFS
37493,0,LFS
205070,0,LFS
205073,0,LFS
205077,0,LFS
205079,0,LFS
205086,0,LFS
206792,0,LFS
206808,0,LFS
209270,0,LFS
209305,0,LFS
203847,0,LFS
203849,0,LFS
206817,0,LFS
209484,0,LFS
209659,0,LFS
209672,0,LFS
204105,0,LFS
204108,0,LFS
204109,0,LFS
204147,0,LFS
204243,0,LFS
204245,0,LFS
206847,0,LFS
206876,0,LFS
206877,0,LFS
206978,0,LFS
203464,0,LFS
204394,0,LFS
204398,0,LFS
205219,0,LFS
205221,0,LFS
206987,0,LFS
207004,0,LFS
203493,0,LFS
203504,0,LFS
204405,0,LFS
204460,0,LFS
205237,0,LFS
205240,0,LFS
207021,0,LFS
207032,0,LFS
204490,0,LFS
204540,0,LFS
205265,0,LFS
205274,0,LFS
207042,0,LFS
207050,0,LFS
203548,0,LFS
204563,0,LFS
204605,0,LFS
205360,0,LFS
207071,0,LFS
207072,0,LFS
207101,0,LFS
207104,0,LFS
203561,0,LFS
203569,0,LFS
203571,0,LFS
204624,0,LFS
207122,0,LFS
204645,0,LFS
204718,0,LFS
205498,0,LFS
205500,0,LFS
205675,0,LFS
205677,0,LFS
205757,0,LFS
207150,0,LFS
207180,0,LFS
203627,0,LFS
204725,0,LFS
204727,0,LFS
204732,0,LFS
204733,0,LFS
204742,0,LFS
206131,0,LFS
207198,0,LFS
207199,0,LFS
207215,0,LFS
203651,0,LFS
203653,0,LFS
204751,0,LFS
204761,0,LFS
20639,0,LFS
206542,0,LFS
206543,0,LFS
207229,0,LFS
207236,0,LFS
207237,0,LFS
207241,0,LFS
207244,0,LFS
204779,0,LFS
204792,0,LFS
204811,0,LFS
207247,0,LFS
204836,0,LFS
204851,0,LFS
206605,0,LFS
206611,0,LFS
206612,0,LFS
206616,0,LFS
206625,0,LFS
206636,0,LFS
207951,0,LFS
203746,0,LFS
203753,0,LFS
204870,0,LFS
204871,0,LFS
206643,0,LFS
206644,0,LFS
208491,0,LFS
204892,0,LFS
204894,0,LFS
204901,0,LFS
204902,0,LFS
204930,0,LFS
204934,0,LFS
204943,0,LFS
204944,0,LFS
204956,0,LFS
206672,0,LFS
206691,0,LFS
206698,0,LFS
206748,0,LFS
208632,0,LFS
208637,0,LFS
204966,0,LFS
204971,0,LFS
204986,0,LFS
204988,0,LFS
204997,0,LFS
204998,0,LFS
205007,0,LFS
206759,0,LFS
206775,0,LFS
208733,0,LFS
208737,0,LFS
208942,0,LFS
205018,0,LFS
205024,0,LFS
205050,0,LFS
N247,0,LFS
99290,0,LFS
N488,0,LFS
94289,0,LFS
97520,0,LFS
N637,0,LFS
97697,0,LFS
90027,0,LFS
90028,0,LFS
97759,0,LFS
97981,0,LFS
A914,0,LFS
90319,0,LFS
90371,0,LFS
90377,0,LFS
90378,0,LFS
90382,0,LFS
90483,0,LFS
90485,0,LFS
94927,0,LFS
98083,0,LFS
98110,0,LFS
90824,0,LFS
90843,0,LFS
95666,0,LFS
95673,0,LFS
98126,0,LFS
98129,0,LFS
98264,0,LFS
D683,0,LFS
91202,0,LFS
D853,0,LFS
91377,0,LFS
95730,0,LFS
F0810,0,LFS
91465,0,LFS
95899,0,LFS
H0010,0,LFS
H0029,0,LFS
H0050,0,LFS
H0052,0,LFS
96170,0,LFS
98618,0,LFS
H0085,0,LFS
H0131,0,LFS
H0132,0,LFS
H0136,0,LFS
H0137,0,LFS
H0165,0,LFS
98736,0,LFS
H0194,0,LFS
H0215,0,LFS
91742,0,LFS
91989,0,LFS
96521,0,LFS
96534,0,LFS
99128,0,LFS
92202,0,LFS
96563,0,LFS
96583,0,LFS
96610,0,LFS
L957,0,LFS
96838,0,LFS
96933,0,LFS
99211,0,LFS
N037,0,LFS
N115,0,LFS
92352,0,LFS
92386,0,LFS
93085,0,LFS
97271,0,LFS
71229,0,LFS
71490,0,LFS
78427,0,LFS
79156,0,LFS
89576,0,LFS
89788,0,LFS
64517,0,LFS
64661,0,LFS
64662,0,LFS
64711,0,LFS
79446,0,LFS
81277,0,LFS
64843,0,LFS
64846,0,LFS
81135,0,LFS
81159,0,LFS
81403,0,LFS
81408,0,LFS
81420,0,LFS
55372,0,LFS
65106,0,LFS
65160,0,LFS
65358,0,LFS
71641,0,LFS
71863,0,LFS
81672,0,LFS
55686,0,LFS
55702,0,LFS
65901,0,LFS
82781,0,LFS
57350,0,LFS
57499,0,LFS
72393,0,LFS
72506,0,LFS
72561,0,LFS
83086,0,LFS
83286,0,LFS
83289,0,LFS
66683,0,LFS
66914,0,LFS
72790,0,LFS
72799,0,LFS
73149,0,LFS
58187,0,LFS
73976,0,LFS
67505,0,LFS
67529,0,LFS
67581,0,LFS
67582,0,LFS
73977,0,LFS
83782,0,LFS
84807,0,LFS
59829,0,LFS
59865,0,LFS
67793,0,LFS
75019,0,LFS
75021,0,LFS
85500,0,LFS
60381,0,LFS
60514,0,LFS
68458,0,LFS
85990,0,LFS
60897,0,LFS
60997,0,LFS
75828,0,LFS
75912,0,LFS
86385,0,LFS
86410,0,LFS
61238,0,LFS
61257,0,LFS
61347,0,LFS
69122,0,LFS
76236,0,LFS
86918,0,LFS
61527,0,LFS
69470,0,LFS
76978,0,LFS
77008,0,LFS
69992,0,LFS
88061,0,LFS
77722,0,LFS
64035,0,LFS
64103,0,LFS
70746,0,LFS
70751,0,LFS
N840,0,LFS
N841,0,LFS
N845,0,LFS
N875,0,LFS
N913,0,LFS
X204,0,LFS
X438,0,LFS
X612,0,LFS
X623,0,LFS
X808,0,LFS
X819,0,LFS
X938,0,LFS
02224,0,LFS
02236,0,LFS
02259,0,LFS
02264,0,LFS
02266,0,LFS
02267,0,LFS
02572,0,LFS
03062,0,LFS
03077,0,LFS
04815,0,LFS
04829,0,LFS
03766,0,LFS
04091,0,LFS
04229,0,LFS
04237,0,LFS
07716,0,LFS
07781,0,LFS
07985,0,LFS
08284,0,LFS
07406,0,LFS
05192,0,LFS
05200,0,LFS
06510,0,LFS
06744,0,LFS
09480,0,LFS
09485,0,LFS
08339,0,LFS
08370,0,LFS
08523,0,LFS
08736,0,LFS
08759,0,LFS
08771,0,LFS
09084,0,LFS
09089,0,LFS
100816,0,LFS
101061,0,LFS
102192,0,LFS
101131,0,LFS
101251,0,LFS
100079,0,LFS
100401,0,LFS
103199,0,LFS
103270,0,LFS
102350,0,LFS
102558,0,LFS
102624,0,LFS
102739,0,LFS
102839,0,LFS
102951,0,LFS
102955,0,LFS
102966,0,LFS
103112,0,LFS
103689,0,LFS
103690,0,LFS
103692,0,LFS
103895,0,LFS
103898,0,LFS
103900,0,LFS
103987,0,LFS
103816,0,LFS
103362,0,LFS
103363,0,LFS
103365,0,LFS
103441,0,LFS
103532,0,LFS
103546,0,LFS
103575,0,LFS
105253,0,LFS
105255,0,LFS
104220,0,LFS
104370,0,LFS
104520,0,LFS
104655,0,LFS
104785,0,LFS
104804,0,LFS
104889,0,LFS
106000,0,LFS
106508,0,LFS
106638,0,LFS
106789,0,LFS
106844,0,LFS
106028,0,LFS
106076,0,LFS
106081,0,LFS
105493,0,LFS
105511,0,LFS
105560,0,LFS
107936,0,LFS
106885,0,LFS
106892,0,LFS
106989,0,LFS
107173,0,LFS
107241,0,LFS
107427,0,LFS
107623,0,LFS
108346,0,LFS
108511,0,LFS
108452,0,LFS
107981,0,LFS
108180,0,LFS
108185,0,LFS
108229,0,LFS
110778,0,LFS
110797,0,LFS
111292,0,LFS
108815,0,LFS
108965,0,LFS
108989,0,LFS
109157,0,LFS
109290,0,LFS
109330,0,LFS
109790,0,LFS
109979,0,LFS
110237,0,LFS
110246,0,LFS
110588,0,LFS
110730,0,LFS
111949,0,LFS
113325,0,LFS
112812,0,LFS
111614,0,LFS
111712,0,LFS
111821,0,LFS
111877,0,LFS
113960,0,LFS
114166,0,LFS
114383,0,LFS
115057,0,LFS
115327,0,LFS
116677,0,LFS
117095,0,LFS
116540,0,LFS
116622,0,LFS
116647,0,LFS
116649,0,LFS
115970,0,LFS
116009,0,LFS
116048,0,LFS
116062,0,LFS
118768,0,LFS
119079,0,LFS
119081,0,LFS
119315,0,LFS
117441,0,LFS
118303,0,LFS
118311,0,LFS
118437,0,LFS
118443,0,LFS
13955,0,LFS
134437,0,LFS
134438,0,LFS
138023,0,LFS
138059,0,LFS
134495,0,LFS
136365,0,LFS
138193,0,LFS
138212,0,LFS
138213,0,LFS
138218,0,LFS
136637,0,LFS
136661,0,LFS
138236,0,LFS
131590,0,LFS
134631,0,LFS
134634,0,LFS
136726,0,LFS
136777,0,LFS
138309,0,LFS
131823,0,LFS
131899,0,LFS
134702,0,LFS
134777,0,LFS
136798,0,LFS
136866,0,LFS
136920,0,LFS
136927,0,LFS
137007,0,LFS
138578,0,LFS
132491,0,LFS
137062,0,LFS
137067,0,LFS
137073,0,LFS
138607,0,LFS
132855,0,LFS
133052,0,LFS
133054,0,LFS
133055,0,LFS
137076,0,LFS
137089,0,LFS
138804,0,LFS
138809,0,LFS
138812,0,LFS
133190,0,LFS
133193,0,LFS
133206,0,LFS
135092,0,LFS
137172,0,LFS
137238,0,LFS
13520,0,LFS
135229,0,LFS
13525,0,LFS
139004,0,LFS
139006,0,LFS
139017,0,LFS
139020,0,LFS
133382,0,LFS
133384,0,LFS
133790,0,LFS
135395,0,LFS
137343,0,LFS
133793,0,LFS
133927,0,LFS
133932,0,LFS
135746,0,LFS
135845,0,LFS
137486,0,LFS
137490,0,LFS
137493,0,LFS
137526,0,LFS
137539,0,LFS
139249,0,LFS
139265,0,LFS
133967,0,LFS
133971,0,LFS
134093,0,LFS
134094,0,LFS
13594,0,LFS
135954,0,LFS
137552,0,LFS
137553,0,LFS
134240,0,LFS
135966,0,LFS
137658,0,LFS
137663,0,LFS
139359,0,LFS
139382,0,LFS
139390,0,LFS
134332,0,LFS
137752,0,LFS
137792,0,LFS
134388,0,LFS
136093,0,LFS
125870,0,LFS
126997,0,LFS
127034,0,LFS
127078,0,LFS
122219,0,LFS
127284,0,LFS
127337,0,LFS
127339,0,LFS
127775,0,LFS
131416,0,LFS
131488,0,LFS
131494,0,LFS
127409,0,LFS
127905,0,LFS
127931,0,LFS
128173,0,LFS
119338,0,LFS
119591,0,LFS
119595,0,LFS
119699,0,LFS
123138,0,LFS
119789,0,LFS
119793,0,LFS
119794,0,LFS
123548,0,LFS
126097,0,LFS
129040,0,LFS
129046,0,LFS
129061,0,LFS
12397,0,LFS
126211,0,LFS
129164,0,LFS
129207,0,LFS
129215,0,LFS
124438,0,LFS
124486,0,LFS
124651,0,LFS
124652,0,LFS
126263,0,LFS
126316,0,LFS
129356,0,LFS
129599,0,LFS
119989,0,LFS
120014,0,LFS
124658,0,LFS
124659,0,LFS
124697,0,LFS
124706,0,LFS
124802,0,LFS
126347,0,LFS
130205,0,LFS
124965,0,LFS
130221,0,LFS
120186,0,LFS
120253,0,LFS
120278,0,LFS
125104,0,LFS
125111,0,LFS
125120,0,LFS
126415,0,LFS
120415,0,LFS
125156,0,LFS
126514,0,LFS
126518,0,LFS
126521,0,LFS
126557,0,LFS
130581,0,LFS
120743,0,LFS
120892,0,LFS
120917,0,LFS
120921,0,LFS
121175,0,LFS
125246,0,LFS
125254,0,LFS
125262,0,LFS
125263,0,LFS
126640,0,LFS
121179,0,LFS
12132,0,LFS
125302,0,LFS
125306,0,LFS
126811,0,LFS
126812,0,LFS
130784,0,LFS
130918,0,LFS
125354,0,LFS
126898,0,LFS
126937,0,LFS
131038,0,LFS
121688,0,LFS
121692,0,LFS
125406,0,LFS
125409,0,LFS
126943,0,LFS
126946,0,LFS
126958,0,LFS
121769,0,LFS
122003,0,LFS
125624,0,LFS
125642,0,LFS
125850,0,LFS
156542,0,LFS
156545,0,LFS
156997,0,LFS
157078,0,LFS
157093,0,LFS
149941,0,LFS
152741,0,LFS
157235,0,LFS
150561,0,LFS
150563,0,LFS
150571,0,LFS
150603,0,LFS
150677,0,LFS
150678,0,LFS
154929,0,LFS
157262,0,LFS
157263,0,LFS
15322,0,LFS
153228,0,LFS
153242,0,LFS
153245,0,LFS
155078,0,LFS
155116,0,LFS
147856,0,LFS
147861,0,LFS
153301,0,LFS
153491,0,LFS
147894,0,LFS
151026,0,LFS
151108,0,LFS
153521,0,LFS
153522,0,LFS
153526,0,LFS
153725,0,LFS
154035,0,LFS
155592,0,LFS
151176,0,LFS
154042,0,LFS
154060,0,LFS
155711,0,LFS
155719,0,LFS
147990,0,LFS
151486,0,LFS
154098,0,LFS
154160,0,LFS
155730,0,LFS
155735,0,LFS
14813,0,LFS
14822,0,LFS
14828,0,LFS
148370,0,LFS
151545,0,LFS
151554,0,LFS
151569,0,LFS
154176,0,LFS
154182,0,LFS
148547,0,LFS
148891,0,LFS
154303,0,LFS
154335,0,LFS
149103,0,LFS
149110,0,LFS
149120,0,LFS
152087,0,LFS
149286,0,LFS
152219,0,LFS
154413,0,LFS
152482,0,LFS
152501,0,LFS
156226,0,LFS
156290,0,LFS
149393,0,LFS
149399,0,LFS
152509,0,LFS
152514,0,LFS
154483,0,LFS
154498,0,LFS
154499,0,LFS
156391,0,LFS
149551,0,LFS
154576,0,LFS
149870,0,LFS
142898,0,LFS
144266,0,LFS
140900,0,LFS
140921,0,LFS
140927,0,LFS
144314,0,LFS
144335,0,LFS
144337,0,LFS
144452,0,LFS
14486,0,LFS
14533,0,LFS
140942,0,LFS
141268,0,LFS
145167,0,LFS
145492,0,LFS
139906,0,LFS
13991,0,LFS
139953,0,LFS
141330,0,LFS
14573,0,LFS
140013,0,LFS
145889,0,LFS
140155,0,LFS
140167,0,LFS
14315,0,LFS
146204,0,LFS
146391,0,LFS
146393,0,LFS
140228,0,LFS
143366,0,LFS
146498,0,LFS
141776,0,LFS
141777,0,LFS
143440,0,LFS
146620,0,LFS
146624,0,LFS
146641,0,LFS
146645,0,LFS
146674,0,LFS
143501,0,LFS
143518,0,LFS
146763,0,LFS
146765,0,LFS
146857,0,LFS
140285,0,LFS
142207,0,LFS
143690,0,LFS
146976,0,LFS
143776,0,LFS
147055,0,LFS
140358,0,LFS
143893,0,LFS
147101,0,LFS
147102,0,LFS
142553,0,LFS
142563,0,LFS
140464,0,LFS
140472,0,LFS
142617,0,LFS
144045,0,LFS
144058,0,LFS
144118,0,LFS
140512,0,LFS
140542,0,LFS
140544,0,LFS
140548,0,LFS
144170,0,LFS
147517,0,LFS
142678,0,LFS
144247,0,LFS
140799,0,LFS
140804,0,LFS
14282,0,LFS
175176,0,LFS
175179,0,LFS
175210,0,LFS
175223,0,LFS
171188,0,LFS
171194,0,LFS
171204,0,LFS
169455,0,LFS
169460,0,LFS
169465,0,LFS
171265,0,LFS
175384,0,LFS
169530,0,LFS
169570,0,LFS
171347,0,LFS
171351,0,LFS
167155,0,LFS
169743,0,LFS
171389,0,LFS
171515,0,LFS
173712,0,LFS
173725,0,LFS
167246,0,LFS
16729,0,LFS
169780,0,LFS
169792,0,LFS
169876,0,LFS
173753,0,LFS
173757,0,LFS
173762,0,LFS
173770,0,LFS
167358,0,LFS
167360,0,LFS
173808,0,LFS
173821,0,LFS
167570,0,LFS
167643,0,LFS
169950,0,LFS
169961,0,LFS
167725,0,LFS
170056,0,LFS
173975,0,LFS
174017,0,LFS
174032,0,LFS
168286,0,LFS
170063,0,LFS
172120,0,LFS
174132,0,LFS
174161,0,LFS
168332,0,LFS
168351,0,LFS
16839,0,LFS
172479,0,LFS
172648,0,LFS
174264,0,LFS
174270,0,LFS
170268,0,LFS
172771,0,LFS
17432,0,LFS
168549,0,LFS
170319,0,LFS
170342,0,LFS
170378,0,LFS
172775,0,LFS
172789,0,LFS
172790,0,LFS
168971,0,LFS
168973,0,LFS
172828,0,LFS
172842,0,LFS
172849,0,LFS
174758,0,LFS
174760,0,LFS
169129,0,LFS
170433,0,LFS
170969,0,LFS
169145,0,LFS
169146,0,LFS
169156,0,LFS
171076,0,LFS
172959,0,LFS
172960,0,LFS
173212,0,LFS
169158,0,LFS
169187,0,LFS
162398,0,LFS
162400,0,LFS
164508,0,LFS
166890,0,LFS
164724,0,LFS
164996,0,LFS
167135,0,LFS
159053,0,LFS
164772,0,LFS
165128,0,LFS
165137,0,LFS
157386,0,LFS
159519,0,LFS
162890,0,LFS
165513,0,LFS
165514,0,LFS
159639,0,LFS
162906,0,LFS
163021,0,LFS
157796,0,LFS
159678,0,LFS
159679,0,LFS
159709,0,LFS
165798,0,LFS
157958,0,LFS
15803,0,LFS
159772,0,LFS
163165,0,LFS
163201,0,LFS
165856,0,LFS
165916,0,LFS
159890,0,LFS
16331,0,LFS
163420,0,LFS
165923,0,LFS
165994,0,LFS
165997,0,LFS
158460,0,LFS
158465,0,LFS
158469,0,LFS
160105,0,LFS
160118,0,LFS
160122,0,LFS
160152,0,LFS
163556,0,LFS
166027,0,LFS
166074,0,LFS
158514,0,LFS
160249,0,LFS
160253,0,LFS
163603,0,LFS
166112,0,LFS
166120,0,LFS
166134,0,LFS
158766,0,LFS
160403,0,LFS
160871,0,LFS
163691,0,LFS
163713,0,LFS
166221,0,LFS
158868,0,LFS
166285,0,LFS
166288,0,LFS
166301,0,LFS
166308,0,LFS
158894,0,LFS
161234,0,LFS
164012,0,LFS
164014,0,LFS
164015,0,LFS
164016,0,LFS
166528,0,LFS
158922,0,LFS
161696,0,LFS
164219,0,LFS
161699,0,LFS
161834,0,LFS
161927,0,LFS
162113,0,LFS
166715,0,LFS
166721,0,LFS
166731,0,LFS
166813,0,LFS
162370,0,LFS
162378,0,LFS
185294,0,LFS
185308,0,LFS
185337,0,LFS
181582,0,LFS
181708,0,LFS
183129,0,LFS
183140,0,LFS
18539,0,LFS
185463,0,LFS
185464,0,LFS
185479,0,LFS
181743,0,LFS
183162,0,LFS
183168,0,LFS
184453,0,LFS
185537,0,LFS
185554,0,LFS
181919,0,LFS
181972,0,LFS
181975,0,LFS
183233,0,LFS
184544,0,LFS
184601,0,LFS
180659,0,LFS
181986,0,LFS
182023,0,LFS
18346,0,LFS
180694,0,LFS
183479,0,LFS
183491,0,LFS
184701,0,LFS
180805,0,LFS
183497,0,LFS
183499,0,LFS
183531,0,LFS
183536,0,LFS
184740,0,LFS
184755,0,LFS
180851,0,LFS
182591,0,LFS
183547,0,LFS
183549,0,LFS
183552,0,LFS
183553,0,LFS
183611,0,LFS
184758,0,LFS
184800,0,LFS
180882,0,LFS
180895,0,LFS
182611,0,LFS
182613,0,LFS
184849,0,LFS
180916,0,LFS
182650,0,LFS
182652,0,LFS
182655,0,LFS
182672,0,LFS
183718,0,LFS
183720,0,LFS
184969,0,LFS
181059,0,LFS
181064,0,LFS
181065,0,LFS
183736,0,LFS
183750,0,LFS
184999,0,LFS
185000,0,LFS
185003,0,LFS
185017,0,LFS
181101,0,LFS
182771,0,LFS
182788,0,LFS
183779,0,LFS
185032,0,LFS
183797,0,LFS
183803,0,LFS
183819,0,LFS
181186,0,LFS
181189,0,LFS
181200,0,LFS
182840,0,LFS
183903,0,LFS
185205,0,LFS
181226,0,LFS
182866,0,LFS
182895,0,LFS
183958,0,LFS
184068,0,LFS
181245,0,LFS
181252,0,LFS
181257,0,LFS
181316,0,LFS
182918,0,LFS
182919,0,LFS
182926,0,LFS
182990,0,LFS
184149,0,LFS
184178,0,LFS
184253,0,LFS
181422,0,LFS
181432,0,LFS
183029,0,LFS
183055,0,LFS
183077,0,LFS
177254,0,LFS
177276,0,LFS
180576,0,LFS
176502,0,LFS
176504,0,LFS
176505,0,LFS
178931,0,LFS
179117,0,LFS
179187,0,LFS
179209,0,LFS
179215,0,LFS
176539,0,LFS
179262,0,LFS
179277,0,LFS
175437,0,LFS
175439,0,LFS
17661,0,LFS
176615,0,LFS
177294,0,LFS
177306,0,LFS
179296,0,LFS
179414,0,LFS
177339,0,LFS
177341,0,LFS
179477,0,LFS
175594,0,LFS
175633,0,LFS
176696,0,LFS
175654,0,LFS
175662,0,LFS
176735,0,LFS
176761,0,LFS
177539,0,LFS
177574,0,LFS
176776,0,LFS
177596,0,LFS
179853,0,LFS
176840,0,LFS
176855,0,LFS
177643,0,LFS
177667,0,LFS
179916,0,LFS
175823,0,LFS
180088,0,LFS
180089,0,LFS
175890,0,LFS
175893,0,LFS
176947,0,LFS
177913,0,LFS
177918,0,LFS
175907,0,LFS
175922,0,LFS
176968,0,LFS
176983,0,LFS
177002,0,LFS
177931,0,LFS
177932,0,LFS
177940,0,LFS
178042,0,LFS
180214,0,LFS
176003,0,LFS
176018,0,LFS
177020,0,LFS
178046,0,LFS
178184,0,LFS
180232,0,LFS
180246,0,LFS
180247,0,LFS
180258,0,LFS
176076,0,LFS
177098,0,LFS
178497,0,LFS
178515,0,LFS
178521,0,LFS
180362,0,LFS
176220,0,LFS
176250,0,LFS
177113,0,LFS
178540,0,LFS
180541,0,LFS
180542,0,LFS
176267,0,LFS
176283,0,LFS
176285,0,LFS
176303,0,LFS
177162,0,LFS
178594,0,LFS
176318,0,LFS
176357,0,LFS
176366,0,LFS
177192,0,LFS
177193,0,LFS
195203,0,LFS
195204,0,LFS
195892,0,LFS
192200,0,LFS
192260,0,LFS
192534,0,LFS
195223,0,LFS
195994,0,LFS
195996,0,LFS
192915,0,LFS
192952,0,LFS
193017,0,LFS
194525,0,LFS
194528,0,LFS
194537,0,LFS
194539,0,LFS
194541,0,LFS
194543,0,LFS
195248,0,LFS
195251,0,LFS
195265,0,LFS
191465,0,LFS
193078,0,LFS
194565,0,LFS
195272,0,LFS
195274,0,LFS
195288,0,LFS
195294,0,LFS
191488,0,LFS
191489,0,LFS
191490,0,LFS
191506,0,LFS
191509,0,LFS
193088,0,LFS
193148,0,LFS
195315,0,LFS
195318,0,LFS
191514,0,LFS
191543,0,LFS
191545,0,LFS
193167,0,LFS
194611,0,LFS
195346,0,LFS
193210,0,LFS
193213,0,LFS
193216,0,LFS
194755,0,LFS
195365,0,LFS
195368,0,LFS
195377,0,LFS
193232,0,LFS
193301,0,LFS
195381,0,LFS
195385,0,LFS
191602,0,LFS
191615,0,LFS
19334,0,LFS
193403,0,LFS
194808,0,LFS
194823,0,LFS
195409,0,LFS
195431,0,LFS
191643,0,LFS
193611,0,LFS
195434,0,LFS
195436,0,LFS
195449,0,LFS
195460,0,LFS
191716,0,LFS
194122,0,LFS
195002,0,LFS
195040,0,LFS
195482,0,LFS
195484,0,LFS
194145,0,LFS
194155,0,LFS
195505,0,LFS
195509,0,LFS
191819,0,LFS
195527,0,LFS
195600,0,LFS
195610,0,LFS
194350,0,LFS
195136,0,LFS
195151,0,LFS
195153,0,LFS
195626,0,LFS
195642,0,LFS
192074,0,LFS
194408,0,LFS
194411,0,LFS
195179,0,LFS
195718,0,LFS
192091,0,LFS
192094,0,LFS
192105,0,LFS
192108,0,LFS
188562,0,LFS
189585,0,LFS
189598,0,LFS
189607,0,LFS
189613,0,LFS
189619,0,LFS
191425,0,LFS
18715,0,LFS
187189,0,LFS
18719,0,LFS
189629,0,LFS
189636,0,LFS
189646,0,LFS
189647,0,LFS
189649,0,LFS
189668,0,LFS
189678,0,LFS
189683,0,LFS
189799,0,LFS
189854,0,LFS
189860,0,LFS
189865,0,LFS
189870,0,LFS
187205,0,LFS
189701,0,LFS
189734,0,LFS
189763,0,LFS
189768,0,LFS
189788,0,LFS
189911,0,LFS
189948,0,LFS
189959,0,LFS
185592,0,LFS
185598,0,LFS
185620,0,LFS
188571,0,LFS
188578,0,LFS
188579,0,LFS
188599,0,LFS
189994,0,LFS
189995,0,LFS
190032,0,LFS
185681,0,LFS
185715,0,LFS
185716,0,LFS
187527,0,LFS
187627,0,LFS
185818,0,LFS
187751,0,LFS
190411,0,LFS
185828,0,LFS
186111,0,LFS
186113,0,LFS
187928,0,LFS
187960,0,LFS
187965,0,LFS
190773,0,LFS
187969,0,LFS
187976,0,LFS
188820,0,LFS
18623,0,LFS
188071,0,LFS
188075,0,LFS
188076,0,LFS
190831,0,LFS
186312,0,LFS
186335,0,LFS
186365,0,LFS
188125,0,LFS
188990,0,LFS
189014,0,LFS
190865,0,LFS
186376,0,LFS
186387,0,LFS
188188,0,LFS
189033,0,LFS
189045,0,LFS
189078,0,LFS
189116,0,LFS
190975,0,LFS
188236,0,LFS
189123,0,LFS
189148,0,LFS
189149,0,LFS
191049,0,LFS
191051,0,LFS
191054,0,LFS
191056,0,LFS
186645,0,LFS
188245,0,LFS
188247,0,LFS
189346,0,LFS
189351,0,LFS
191085,0,LFS
186655,0,LFS
186684,0,LFS
186687,0,LFS
186700,0,LFS
188281,0,LFS
188304,0,LFS
188307,0,LFS
189360,0,LFS
189404,0,LFS
191179,0,LFS
191184,0,LFS
186775,0,LFS
186780,0,LFS
186784,0,LFS
186796,0,LFS
189411,0,LFS
189424,0,LFS
189468,0,LFS
189469,0,LFS
191219,0,LFS
188357,0,LFS
188359,0,LFS
188361,0,LFS
189519,0,LFS
189527,0,LFS
189568,0,LFS
191351,0,LFS
186925,0,LFS
187146,0,LFS
188374,0,LFS
188380,0,LFS
188385,0,LFS
203387,0,LFS
200978,0,LFS
203404,0,LFS
203419,0,LFS
201626,0,LFS
20163,0,LFS
201637,0,LFS
201640,0,LFS
201045,0,LFS
201053,0,LFS
201057,0,LFS
200107,0,LFS
200109,0,LFS
201071,0,LFS
201726,0,LFS
203090,0,LFS
200155,0,LFS
201738,0,LFS
200169,0,LFS
201120,0,LFS
200209,0,LFS
201162,0,LFS
20205,0,LFS
202074,0,LFS
200236,0,LFS
200253,0,LFS
201193,0,LFS
202095,0,LFS
202104,0,LFS
203177,0,LFS
203190,0,LFS
200291,0,LFS
200292,0,LFS
200301,0,LFS
201268,0,LFS
201270,0,LFS
202115,0,LFS
203198,0,LFS
203199,0,LFS
200315,0,LFS
200328,0,LFS
200329,0,LFS
200333,0,LFS
200334,0,LFS
201337,0,LFS
202188,0,LFS
202238,0,LFS
203236,0,LFS
203237,0,LFS
201339,0,LFS
20140,0,LFS
200475,0,LFS
200484,0,LFS
200501,0,LFS
201423,0,LFS
201424,0,LFS
201434,0,LFS
202722,0,LFS
202760,0,LFS
202761,0,LFS
202771,0,LFS
203277,0,LFS
203279,0,LFS
200517,0,LFS
200606,0,LFS
200615,0,LFS
200620,0,LFS
202776,0,LFS
202797,0,LFS
203302,0,LFS
203311,0,LFS
200637,0,LFS
201462,0,LFS
201464,0,LFS
201479,0,LFS
202818,0,LFS
202819,0,LFS
203335,0,LFS
200955,0,LFS
201547,0,LFS
201569,0,LFS
197609,0,LFS
197618,0,LFS
197621,0,LFS
197624,0,LFS
199375,0,LFS
199395,0,LFS
200071,0,LFS
196768,0,LFS
200078,0,LFS
200082,0,LFS
200086,0,LFS
200094,0,LFS
200097,0,LFS
196801,0,LFS
199441,0,LFS
199451,0,LFS
199464,0,LFS
196160,0,LFS
196825,0,LFS
196841,0,LFS
197719,0,LFS
197731,0,LFS
197735,0,LFS
197737,0,LFS
197753,0,LFS
199532,0,LFS
199548,0,LFS
196209,0,LFS
197864,0,LFS
199568,0,LFS
199581,0,LFS
196223,0,LFS
196230,0,LFS
196893,0,LFS
197988,0,LFS
198235,0,LFS
199600,0,LFS
199602,0,LFS
196238,0,LFS
196924,0,LFS
198274,0,LFS
199643,0,LFS
196276,0,LFS
196280,0,LFS
196296,0,LFS
196951,0,LFS
196968,0,LFS
198367,0,LFS
198369,0,LFS
198377,0,LFS
198379,0,LFS
198384,0,LFS
196309,0,LFS
196315,0,LFS
197007,0,LFS
197025,0,LFS
197032,0,LFS
197042,0,LFS
197059,0,LFS
198520,0,LFS
199703,0,LFS
199715,0,LFS
19637,0,LFS
197115,0,LFS
197117,0,LFS
197120,0,LFS
197122,0,LFS
197125,0,LFS
198910,0,LFS
198928,0,LFS
19894,0,LFS
198956,0,LFS
198983,0,LFS
199755,0,LFS
196404,0,LFS
197134,0,LFS
199105,0,LFS
199118,0,LFS
199787,0,LFS
199792,0,LFS
199799,0,LFS
196438,0,LFS
197180,0,LFS
197272,0,LFS
199126,0,LFS
199896,0,LFS
196513,0,LFS
197313,0,LFS
197318,0,LFS
199191,0,LFS
199196,0,LFS
199924,0,LFS
199931,0,LFS
199943,0,LFS
196584,0,LFS
196595,0,LFS
196603,0,LFS
197363,0,LFS
197364,0,LFS
199199,0,LFS
199228,0,LFS
199954,0,LFS
199955,0,LFS
197441,0,LFS
199235,0,LFS
199252,0,LFS
199257,0,LFS
199969,0,LFS
199973,0,LFS
199974,0,LFS
200007,0,LFS
200008,0,LFS
200011,0,LFS
200018,0,LFS
196675,0,LFS
196680,0,LFS
197510,0,LFS
197511,0,LFS
197529,0,LFS
199275,0,LFS
199362,0,LFS
199366,0,LFS
200023,0,LFS
200025,0,LFS
200031,0,LFS
200037,0,LFS
197569,0,LFS
197587,0,LFS
197591,0,LFS
197600,0,LFS
53688,0,LFS
53721,0,LFS
30593,0,LFS
37639,0,LFS
37757,0,LFS
44322,0,LFS
44446,0,LFS
54410,0,LFS
30664,0,LFS
30770,0,LFS
30789,0,LFS
37970,0,LFS
30927,0,LFS
31228,0,LFS
38690,0,LFS
45430,0,LFS
39065,0,LFS
39260,0,LFS
31641,0,LFS
32102,0,LFS
39304,0,LFS
48197,0,LFS
32582,0,LFS
39768,0,LFS
39778,0,LFS
48660,0,LFS
22623,0,LFS
22804,0,LFS
22805,0,LFS
23061,0,LFS
33014,0,LFS
40133,0,LFS
49150,0,LFS
23104,0,LFS
33267,0,LFS
49252,0,LFS
49420,0,LFS
49448,0,LFS
33492,0,LFS
34050,0,LFS
40614,0,LFS
40767,0,LFS
50145,0,LFS
50387,0,LFS
50722,0,LFS
50883,0,LFS
51240,0,LFS
26331,0,LFS
35898,0,LFS
42299,0,LFS
42302,0,LFS
51342,0,LFS
51958,0,LFS
36063,0,LFS
36178,0,LFS
36309,0,LFS
42568,0,LFS
27202,0,LFS
27605,0,LFS
27627,0,LFS
36427,0,LFS
36651,0,LFS
42963,0,LFS
43017,0,LFS
28649,0,LFS
36964,0,LFS
29447,0,LFS
37160,0,LFS
205075,0,LFS
205087,0,LFS
205093,0,LFS
205099,0,LFS
206799,0,LFS
208948,0,LFS
208951,0,LFS
209269,0,LFS
209281,0,LFS
203850,0,LFS
206814,0,LFS
206819,0,LFS
206831,0,LFS
206903,0,LFS
204223,0,LFS
204241,0,LFS
206849,0,LFS
206950,0,LFS
206975,0,LFS
206977,0,LFS
206982,0,LFS
206985,0,LFS
203455,0,LFS
203472,0,LFS
204247,0,LFS
204396,0,LFS
205210,0,LFS
205214,0,LFS
205231,0,LFS
205232,0,LFS
205233,0,LFS
206986,0,LFS
206988,0,LFS
207005,0,LFS
207006,0,LFS
204415,0,LFS
205238,0,LFS
205244,0,LFS
205250,0,LFS
205258,0,LFS
207011,0,LFS
207024,0,LFS
207036,0,LFS
203520,0,LFS
204485,0,LFS
204486,0,LFS
204489,0,LFS
204534,0,LFS
204536,0,LFS
205266,0,LFS
205272,0,LFS
205273,0,LFS
205275,0,LFS
205278,0,LFS
205282,0,LFS
205284,0,LFS
205290,0,LFS
205291,0,LFS
207057,0,LFS
204567,0,LFS
204570,0,LFS
204581,0,LFS
205309,0,LFS
205315,0,LFS
205345,0,LFS
207103,0,LFS
204633,0,LFS
205405,0,LFS
205406,0,LFS
205480,0,LFS
205484,0,LFS
207120,0,LFS
203590,0,LFS
203596,0,LFS
203609,0,LFS
204637,0,LFS
204647,0,LFS
204704,0,LFS
204716,0,LFS
205495,0,LFS
205499,0,LFS
205574,0,LFS
207144,0,LFS
207175,0,LFS
207193,0,LFS
204720,0,LFS
204721,0,LFS
204735,0,LFS
206108,0,LFS
206214,0,LFS
206227,0,LFS
207197,0,LFS
207209,0,LFS
207210,0,LFS
204745,0,LFS
204753,0,LFS
204758,0,LFS
204760,0,LFS
204763,0,LFS
206524,0,LFS
206548,0,LFS
206551,0,LFS
203678,0,LFS
203688,0,LFS
206596,0,LFS
207263,0,LFS
207264,0,LFS
203708,0,LFS
204815,0,LFS
204844,0,LFS
204854,0,LFS
204857,0,LFS
206614,0,LFS
206630,0,LFS
206634,0,LFS
207754,0,LFS
207952,0,LFS
203742,0,LFS
203749,0,LFS
204881,0,LFS
206641,0,LFS
206649,0,LFS
206658,0,LFS
208391,0,LFS
208490,0,LFS
203776,0,LFS
204890,0,LFS
204900,0,LFS
204949,0,LFS
204957,0,LFS
204958,0,LFS
206742,0,LFS
208641,0,LFS
208715,0,LFS
204959,0,LFS
204969,0,LFS
204974,0,LFS
204987,0,LFS
204991,0,LFS
204996,0,LFS
208730,0,LFS
208732,0,LFS
208742,0,LFS
208749,0,LFS
203820,0,LFS
205043,0,LFS
205046,0,LFS
205060,0,LFS
93650,0,LFS
93665,0,LFS
97335,0,LFS
97361,0,LFS
99289,0,LFS
99603,0,LFS
99662,0,LFS
N349,0,LFS
94240,0,LFS
97522,0,LFS
97596,0,LFS
99884,0,LFS
99946,0,LFS
90176,0,LFS
90229,0,LFS
90234,0,LFS
94806,0,LFS
97761,0,LFS
97763,0,LFS
A902,0,LFS
A993,0,LFS
A996,0,LFS
90385,0,LFS
90403,0,LFS
94932,0,LFS
94942,0,LFS
94962,0,LFS
94969,0,LFS
D248,0,LFS
94996,0,LFS
95076,0,LFS
95093,0,LFS
95404,0,LFS
98104,0,LFS
98105,0,LFS
98109,0,LFS
98118,0,LFS
90819,0,LFS
95644,0,LFS
98135,0,LFS
91213,0,LFS
95677,0,LFS
95695,0,LFS
95713,0,LFS
98372,0,LFS
D724,0,LFS
D956,0,LFS
91317,0,LFS
95747,0,LFS
95823,0,LFS
95895,0,LFS
98521,0,LFS
D997,0,LFS
F0004,0,LFS
91433,0,LFS
91466,0,LFS
96114,0,LFS
96165,0,LFS
96168,0,LFS
98562,0,LFS
98567,0,LFS
H0044,0,LFS
H0048,0,LFS
H0064,0,LFS
H0076,0,LFS
91556,0,LFS
96213,0,LFS
98607,0,LFS
H0138,0,LFS
H0169,0,LFS
91628,0,LFS
91663,0,LFS
91665,0,LFS
91715,0,LFS
98800,0,LFS
98883,0,LFS
H0300,0,LFS
H0305,0,LFS
91739,0,LFS
91746,0,LFS
91774,0,LFS
91898,0,LFS
91901,0,LFS
96460,0,LFS
96481,0,LFS
H0381,0,LFS
H0403,0,LFS
92162,0,LFS
92203,0,LFS
92204,0,LFS
96628,0,LFS
99149,0,LFS
99152,0,LFS
99167,0,LFS
99168,0,LFS
H0413,0,LFS
96845,0,LFS
96929,0,LFS
99272,0,LFS
99281,0,LFS
N087,0,LFS
N113,0,LFS
92382,0,LFS
93418,0,LFS
97241,0,LFS
97254,0,LFS
71136,0,LFS
71248,0,LFS
79189,0,LFS
89479,0,LFS
89789,0,LFS
64411,0,LFS
64515,0,LFS
64531,0,LFS
64710,0,LFS
64715,0,LFS
79440,0,LFS
79583,0,LFS
81328,0,LFS
64853,0,LFS
80992,0,LFS
81407,0,LFS
64990,0,LFS
65111,0,LFS
65161,0,LFS
65277,0,LFS
71755,0,LFS
71756,0,LFS
71816,0,LFS
81497,0,LFS
65470,0,LFS
65904,0,LFS
65905,0,LFS
72133,0,LFS
72298,0,LFS
82783,0,LFS
56627,0,LFS
56628,0,LFS
56686,0,LFS
66439,0,LFS
66546,0,LFS
83055,0,LFS
83254,0,LFS
57757,0,LFS
66564,0,LFS
66603,0,LFS
66915,0,LFS
72801,0,LFS
83509,0,LFS
83513,0,LFS
83627,0,LFS
57869,0,LFS
66918,0,LFS
67028,0,LFS
83660,0,LFS
59218,0,LFS
67430,0,LFS
67499,0,LFS
67534,0,LFS
74365,0,LFS
84805,0,LFS
84883,0,LFS
84910,0,LFS
84963,0,LFS
59773,0,LFS
67583,0,LFS
67741,0,LFS
75457,0,LFS
68507,0,LFS
68557,0,LFS
68570,0,LFS
75914,0,LFS
76010,0,LFS
61174,0,LFS
76708,0,LFS
76799,0,LFS
86980,0,LFS
86991,0,LFS
86992,0,LFS
87467,0,LFS
87469,0,LFS
87496,0,LFS
61767,0,LFS
76902,0,LFS
77006,0,LFS
63513,0,LFS
69806,0,LFS
77309,0,LFS
88009,0,LFS
64000,0,LFS
70687,0,LFS
77655,0,LFS
78012,0,LFS
88163,0,LFS
88560,0,LFS
64032,0,LFS
64090,0,LFS
70749,0,LFS
N857,0,LFS
N921,0,LFS
N970,0,LFS
S597,0,LFS
X141,0,LFS
X469,0,LFS
X470,0,LFS
X584,0,LFS
X585,0,LFS
X615,0,LFS
X756,0,LFS
X765,0,LFS
X815,0,LFS
X833,0,LFS
X888,0,LFS
X937,0,LFS
X951,0,LFS
03471,0,LFS
03473,0,LFS
01551,0,LFS
01566,0,LFS
04825,0,LFS
04871,0,LFS
03486,0,LFS
03883,0,LFS
03969,0,LFS
04092,0,LFS
04162,0,LFS
04226,0,LFS
07042,0,LFS
07141,0,LFS
07986,0,LFS
06934,0,LFS
09226,0,LFS
09239,0,LFS
09467,0,LFS
09473,0,LFS
09492,0,LFS
08358,0,LFS
08376,0,LFS
08432,0,LFS
08473,0,LFS
08484,0,LFS
08502,0,LFS
08526,0,LFS
08571,0,LFS
08650,0,LFS
08654,0,LFS
08790,0,LFS
09186,0,LFS
100506,0,LFS
101691,0,LFS
101759,0,LFS
101902,0,LFS
102177,0,LFS
101132,0,LFS
09912,0,LFS
100031,0,LFS
103200,0,LFS
103213,0,LFS
103322,0,LFS
102328,0,LFS
102330,0,LFS
102541,0,LFS
102548,0,LFS
102950,0,LFS
103051,0,LFS
103063,0,LFS
103165,0,LFS
103693,0,LFS
103772,0,LFS
103773,0,LFS
103783,0,LFS
103902,0,LFS
103978,0,LFS
104135,0,LFS
103812,0,LFS
103378,0,LFS
103416,0,LFS
10350,0,LFS
10422,0,LFS
104292,0,LFS
104375,0,LFS
104934,0,LFS
104959,0,LFS
105006,0,LFS
106811,0,LFS
106815,0,LFS
105397,0,LFS
10544,0,LFS
105817,0,LFS
105818,0,LFS
105821,0,LFS
107854,0,LFS
106886,0,LFS
107034,0,LFS
107038,0,LFS
107123,0,LFS
107143,0,LFS
107152,0,LFS
107164,0,LFS
107165,0,LFS
107174,0,LFS
107219,0,LFS
107240,0,LFS
107412,0,LFS
107551,0,LFS
107608,0,LFS
107733,0,LFS
108353,0,LFS
108374,0,LFS
108709,0,LFS
108451,0,LFS
108454,0,LFS
108468,0,LFS
107943,0,LFS
107982,0,LFS
108191,0,LFS
108235,0,LFS
110734,0,LFS
110743,0,LFS
110750,0,LFS
110794,0,LFS
111215,0,LFS
108952,0,LFS
109395,0,LFS
109396,0,LFS
109397,0,LFS
109574,0,LFS
109703,0,LFS
109759,0,LFS
109959,0,LFS
109978,0,LFS
110472,0,LFS
110686,0,LFS
111946,0,LFS
11254,0,LFS
112997,0,LFS
113089,0,LFS
113460,0,LFS
112792,0,LFS
111748,0,LFS
111754,0,LFS
111867,0,LFS
111906,0,LFS
111918,0,LFS
115423,0,LFS
115785,0,LFS
115786,0,LFS
115826,0,LFS
113953,0,LFS
115030,0,LFS
115161,0,LFS
116089,0,LFS
116665,0,LFS
116980,0,LFS
117021,0,LFS
116539,0,LFS
116633,0,LFS
115954,0,LFS
115964,0,LFS
116016,0,LFS
118578,0,LFS
119311,0,LFS
117454,0,LFS
117509,0,LFS
117918,0,LFS
117962,0,LFS
118278,0,LFS
118287,0,LFS
118518,0,LFS
139506,0,LFS
134439,0,LFS
134442,0,LFS
138046,0,LFS
139567,0,LFS
139647,0,LFS
139654,0,LFS
138152,0,LFS
139829,0,LFS
139839,0,LFS
139854,0,LFS
134582,0,LFS
136635,0,LFS
136649,0,LFS
138230,0,LFS
138282,0,LFS
131577,0,LFS
134594,0,LFS
136674,0,LFS
136776,0,LFS
138362,0,LFS
138363,0,LFS
134695,0,LFS
136875,0,LFS
138369,0,LFS
138382,0,LFS
138464,0,LFS
132084,0,LFS
132173,0,LFS
132296,0,LFS
132350,0,LFS
132816,0,LFS
134896,0,LFS
134903,0,LFS
137008,0,LFS
133057,0,LFS
137092,0,LFS
137104,0,LFS
138806,0,LFS
138810,0,LFS
13515,0,LFS
137179,0,LFS
137181,0,LFS
137260,0,LFS
138920,0,LFS
138922,0,LFS
138952,0,LFS
135284,0,LFS
13529,0,LFS
137263,0,LFS
137272,0,LFS
137275,0,LFS
135342,0,LFS
135396,0,LFS
137473,0,LFS
133796,0,LFS
13578,0,LFS
135849,0,LFS
137523,0,LFS
137538,0,LFS
134090,0,LFS
134095,0,LFS
134122,0,LFS
137551,0,LFS
137563,0,LFS
137571,0,LFS
139304,0,LFS
139305,0,LFS
135956,0,LFS
137646,0,LFS
137650,0,LFS
137659,0,LFS
139358,0,LFS
139400,0,LFS
139401,0,LFS
134327,0,LFS
137799,0,LFS
137800,0,LFS
136091,0,LFS
125978,0,LFS
125980,0,LFS
127020,0,LFS
127200,0,LFS
131205,0,LFS
131296,0,LFS
131321,0,LFS
127374,0,LFS
131422,0,LFS
131467,0,LFS
122435,0,LFS
127457,0,LFS
127478,0,LFS
127902,0,LFS
122784,0,LFS
122899,0,LFS
12302,0,LFS
123136,0,LFS
128174,0,LFS
119606,0,LFS
119648,0,LFS
119654,0,LFS
128201,0,LFS
128827,0,LFS
119756,0,LFS
123806,0,LFS
123835,0,LFS
126195,0,LFS
129038,0,LFS
129049,0,LFS
129055,0,LFS
124025,0,LFS
126214,0,LFS
126223,0,LFS
129101,0,LFS
129174,0,LFS
119944,0,LFS
124458,0,LFS
129840,0,LFS
119995,0,LFS
126342,0,LFS
130178,0,LFS
124985,0,LFS
125103,0,LFS
125119,0,LFS
126478,0,LFS
126479,0,LFS
126482,0,LFS
13029,0,LFS
130431,0,LFS
120383,0,LFS
120678,0,LFS
125152,0,LFS
125196,0,LFS
125242,0,LFS
126519,0,LFS
126529,0,LFS
126540,0,LFS
126555,0,LFS
126559,0,LFS
130588,0,LFS
130609,0,LFS
120846,0,LFS
121177,0,LFS
125251,0,LFS
125259,0,LFS
125261,0,LFS
125273,0,LFS
126652,0,LFS
12139,0,LFS
125301,0,LFS
130796,0,LFS
130798,0,LFS
121623,0,LFS
121651,0,LFS
125353,0,LFS
126934,0,LFS
131042,0,LFS
121706,0,LFS
125517,0,LFS
126967,0,LFS
131068,0,LFS
131082,0,LFS
121737,0,LFS
125717,0,LFS
15702,0,LFS
149890,0,LFS
149931,0,LFS
152653,0,LFS
152666,0,LFS
152669,0,LFS
152774,0,LFS
15475,0,LFS
154759,0,LFS
157172,0,LFS
157221,0,LFS
152781,0,LFS
152870,0,LFS
152883,0,LFS
155044,0,LFS
157251,0,LFS
157258,0,LFS
157347,0,LFS
15324,0,LFS
155077,0,LFS
155082,0,LFS
155132,0,LFS
155147,0,LFS
147854,0,LFS
147868,0,LFS
151020,0,LFS
153253,0,LFS
155335,0,LFS
147885,0,LFS
151025,0,LFS
151029,0,LFS
151036,0,LFS
151134,0,LFS
155643,0,LFS
147932,0,LFS
147935,0,LFS
154041,0,LFS
147936,0,LFS
147950,0,LFS
151405,0,LFS
151507,0,LFS
154092,0,LFS
155759,0,LFS
151519,0,LFS
151567,0,LFS
154180,0,LFS
155800,0,LFS
155804,0,LFS
155833,0,LFS
155845,0,LFS
148715,0,LFS
155912,0,LFS
155918,0,LFS
148914,0,LFS
149073,0,LFS
149095,0,LFS
154294,0,LFS
155934,0,LFS
149142,0,LFS
154378,0,LFS
154389,0,LFS
156033,0,LFS
149220,0,LFS
152259,0,LFS
152261,0,LFS
152291,0,LFS
152299,0,LFS
154409,0,LFS
149293,0,LFS
152476,0,LFS
156279,0,LFS
149377,0,LFS
152505,0,LFS
152506,0,LFS
152532,0,LFS
154475,0,LFS
154508,0,LFS
154523,0,LFS
156428,0,LFS
149582,0,LFS
152567,0,LFS
152574,0,LFS
154548,0,LFS
154578,0,LFS
154583,0,LFS
156433,0,LFS
156435,0,LFS
156437,0,LFS
156438,0,LFS
156439,0,LFS
149661,0,LFS
149867,0,LFS
149877,0,LFS
152618,0,LFS
144264,0,LFS
144274,0,LFS
147655,0,LFS
147656,0,LFS
140843,0,LFS
140919,0,LFS
145259,0,LFS
145442,0,LFS
145455,0,LFS
145483,0,LFS
14555,0,LFS
145569,0,LFS
139871,0,LFS
139911,0,LFS
140000,0,LFS
14562,0,LFS
14566,0,LFS
145734,0,LFS
145810,0,LFS
140011,0,LFS
140014,0,LFS
140032,0,LFS
145894,0,LFS
141656,0,LFS
141690,0,LFS
146438,0,LFS
140209,0,LFS
140218,0,LFS
143273,0,LFS
146467,0,LFS
146521,0,LFS
140233,0,LFS
141775,0,LFS
143382,0,LFS
14655,0,LFS
146644,0,LFS
140272,0,LFS
146774,0,LFS
146859,0,LFS
140281,0,LFS
146961,0,LFS
147005,0,LFS
147006,0,LFS
140353,0,LFS
142327,0,LFS
143781,0,LFS
140383,0,LFS
143903,0,LFS
144018,0,LFS
14716,0,LFS
147185,0,LFS
140538,0,LFS
140573,0,LFS
142668,0,LFS
144160,0,LFS
144162,0,LFS
144186,0,LFS
147439,0,LFS
147618,0,LFS
140786,0,LFS
142801,0,LFS
175174,0,LFS
175215,0,LFS
175222,0,LFS
169323,0,LFS
169422,0,LFS
171208,0,LFS
173312,0,LFS
175312,0,LFS
169453,0,LFS
169454,0,LFS
169463,0,LFS
169469,0,LFS
171266,0,LFS
171267,0,LFS
173558,0,LFS
173602,0,LFS
169525,0,LFS
169527,0,LFS
169532,0,LFS
171324,0,LFS
173622,0,LFS
173668,0,LFS
167239,0,LFS
169741,0,LFS
171369,0,LFS
173708,0,LFS
173723,0,LFS
167244,0,LFS
167245,0,LFS
169767,0,LFS
171534,0,LFS
171536,0,LFS
173777,0,LFS
173780,0,LFS
167332,0,LFS
167365,0,LFS
167366,0,LFS
171703,0,LFS
171720,0,LFS
171777,0,LFS
171783,0,LFS
171876,0,LFS
171922,0,LFS
169948,0,LFS
169958,0,LFS
173849,0,LFS
167779,0,LFS
167856,0,LFS
169988,0,LFS
172079,0,LFS
174025,0,LFS
174041,0,LFS
168194,0,LFS
16830,0,LFS
172118,0,LFS
172123,0,LFS
172261,0,LFS
174078,0,LFS
174103,0,LFS
174109,0,LFS
174112,0,LFS
174114,0,LFS
168306,0,LFS
170163,0,LFS
172340,0,LFS
174172,0,LFS
174179,0,LFS
174259,0,LFS
168470,0,LFS
16848,0,LFS
172700,0,LFS
168660,0,LFS
168845,0,LFS
168849,0,LFS
170313,0,LFS
170316,0,LFS
170318,0,LFS
170354,0,LFS
170386,0,LFS
172774,0,LFS
172784,0,LFS
168867,0,LFS
168891,0,LFS
168974,0,LFS
174661,0,LFS
170428,0,LFS
172950,0,LFS
172953,0,LFS
174795,0,LFS
169153,0,LFS
172961,0,LFS
174980,0,LFS
169166,0,LFS
169204,0,LFS
171152,0,LFS
162389,0,LFS
164725,0,LFS
164995,0,LFS
167129,0,LFS
159131,0,LFS
164792,0,LFS
164867,0,LFS
165125,0,LFS
165134,0,LFS
157359,0,LFS
162485,0,LFS
157517,0,LFS
157539,0,LFS
159424,0,LFS
159526,0,LFS
159560,0,LFS
162546,0,LFS
162604,0,LFS
162902,0,LFS
162903,0,LFS
165570,0,LFS
157588,0,LFS
157595,0,LFS
157602,0,LFS
157621,0,LFS
159584,0,LFS
162962,0,LFS
162980,0,LFS
165658,0,LFS
159689,0,LFS
159696,0,LFS
159711,0,LFS
163046,0,LFS
163120,0,LFS
165794,0,LFS
165800,0,LFS
157959,0,LFS
159744,0,LFS
159756,0,LFS
163194,0,LFS
165816,0,LFS
165862,0,LFS
158211,0,LFS
158268,0,LFS
165984,0,LFS
158350,0,LFS
158355,0,LFS
158443,0,LFS
158448,0,LFS
158463,0,LFS
158470,0,LFS
160120,0,LFS
163428,0,LFS
163591,0,LFS
166001,0,LFS
166005,0,LFS
158508,0,LFS
158512,0,LFS
158522,0,LFS
158532,0,LFS
158542,0,LFS
158549,0,LFS
160171,0,LFS
163641,0,LFS
166115,0,LFS
158803,0,LFS
160873,0,LFS
163659,0,LFS
163752,0,LFS
163780,0,LFS
163948,0,LFS
166283,0,LFS
166318,0,LFS
158883,0,LFS
161232,0,LFS
161275,0,LFS
161314,0,LFS
164183,0,LFS
166343,0,LFS
166525,0,LFS
161344,0,LFS
164216,0,LFS
164221,0,LFS
164222,0,LFS
166691,0,LFS
158975,0,LFS
161831,0,LFS
162184,0,LFS
162186,0,LFS
164275,0,LFS
164438,0,LFS
164439,0,LFS
166700,0,LFS
185290,0,LFS
185334,0,LFS
181584,0,LFS
181709,0,LFS
183096,0,LFS
183128,0,LFS
184426,0,LFS
185405,0,LFS
185477,0,LFS
181744,0,LFS
181760,0,LFS
183155,0,LFS
183161,0,LFS
183169,0,LFS
184502,0,LFS
185543,0,LFS
185576,0,LFS
181928,0,LFS
183229,0,LFS
183232,0,LFS
183395,0,LFS
180642,0,LFS
182106,0,LFS
182126,0,LFS
183424,0,LFS
183469,0,LFS
182279,0,LFS
182355,0,LFS
183478,0,LFS
183487,0,LFS
184703,0,LFS
182460,0,LFS
182559,0,LFS
183527,0,LFS
183535,0,LFS
184710,0,LFS
184736,0,LFS
180850,0,LFS
182573,0,LFS
182581,0,LFS
182594,0,LFS
183564,0,LFS
184811,0,LFS
180899,0,LFS
183688,0,LFS
184854,0,LFS
184865,0,LFS
180943,0,LFS
182653,0,LFS
182671,0,LFS
183705,0,LFS
18371,0,LFS
184978,0,LFS
184994,0,LFS
180957,0,LFS
180962,0,LFS
183743,0,LFS
183766,0,LFS
185019,0,LFS
185028,0,LFS
181073,0,LFS
182765,0,LFS
182769,0,LFS
183778,0,LFS
183782,0,LFS
185040,0,LFS
181178,0,LFS
182817,0,LFS
183814,0,LFS
185125,0,LFS
181195,0,LFS
181205,0,LFS
182835,0,LFS
182846,0,LFS
185179,0,LFS
182900,0,LFS
18522,0,LFS
181249,0,LFS
182992,0,LFS
184278,0,LFS
181462,0,LFS
183074,0,LFS
177230,0,LFS
178768,0,LFS
17878,0,LFS
180605,0,LFS
176525,0,LFS
176548,0,LFS
176561,0,LFS
179263,0,LFS
179278,0,LFS
175392,0,LFS
175429,0,LFS
177279,0,LFS
175493,0,LFS
177340,0,LFS
177353,0,LFS
177355,0,LFS
179486,0,LFS
179496,0,LFS
175641,0,LFS
177416,0,LFS
179530,0,LFS
175649,0,LFS
175661,0,LFS
176744,0,LFS
177543,0,LFS
179718,0,LFS
179725,0,LFS
175687,0,LFS
175690,0,LFS
175770,0,LFS
177610,0,LFS
179820,0,LFS
179823,0,LFS
175783,0,LFS
176808,0,LFS
179873,0,LFS
175831,0,LFS
175834,0,LFS
175869,0,LFS
175895,0,LFS
177900,0,LFS
177901,0,LFS
177908,0,LFS
177924,0,LFS
180148,0,LFS
175906,0,LFS
175910,0,LFS
175963,0,LFS
177007,0,LFS
177928,0,LFS
177935,0,LFS
180200,0,LFS
180205,0,LFS
180206,0,LFS
176010,0,LFS
176025,0,LFS
176050,0,LFS
177036,0,LFS
177041,0,LFS
177049,0,LFS
180243,0,LFS
180250,0,LFS
180314,0,LFS
180320,0,LFS
176073,0,LFS
176077,0,LFS
177058,0,LFS
177061,0,LFS
178522,0,LFS
180381,0,LFS
180490,0,LFS
176221,0,LFS
178534,0,LFS
178546,0,LFS
17856,0,LFS
180530,0,LFS
180539,0,LFS
180540,0,LFS
176257,0,LFS
177160,0,LFS
177187,0,LFS
180561,0,LFS
177190,0,LFS
177203,0,LFS
195822,0,LFS
192136,0,LFS
192137,0,LFS
192141,0,LFS
192167,0,LFS
192184,0,LFS
195193,0,LFS
195200,0,LFS
195207,0,LFS
195852,0,LFS
195862,0,LFS
195891,0,LFS
192218,0,LFS
192270,0,LFS
192314,0,LFS
192349,0,LFS
194514,0,LFS
194516,0,LFS
195216,0,LFS
195225,0,LFS
195995,0,LFS
195998,0,LFS
193021,0,LFS
194524,0,LFS
194526,0,LFS
195263,0,LFS
191468,0,LFS
193032,0,LFS
193071,0,LFS
193072,0,LFS
194554,0,LFS
194564,0,LFS
191486,0,LFS
191492,0,LFS
191499,0,LFS
193104,0,LFS
193125,0,LFS
194586,0,LFS
194599,0,LFS
194603,0,LFS
191532,0,LFS
191534,0,LFS
193174,0,LFS
195332,0,LFS
195342,0,LFS
191546,0,LFS
191548,0,LFS
191549,0,LFS
191554,0,LFS
191561,0,LFS
191567,0,LFS
193217,0,LFS
195352,0,LFS
195354,0,LFS
191578,0,LFS
191582,0,LFS
193271,0,LFS
193303,0,LFS
194795,0,LFS
195386,0,LFS
191623,0,LFS
195406,0,LFS
195407,0,LFS
195410,0,LFS
195418,0,LFS
191629,0,LFS
193719,0,LFS
194919,0,LFS
194989,0,LFS
195446,0,LFS
195462,0,LFS
194112,0,LFS
194114,0,LFS
195005,0,LFS
195036,0,LFS
195038,0,LFS
191722,0,LFS
194132,0,LFS
194150,0,LFS
194162,0,LFS
195071,0,LFS
195503,0,LFS
195508,0,LFS
191840,0,LFS
191846,0,LFS
195080,0,LFS
195088,0,LFS
195107,0,LFS
195599,0,LFS
191987,0,LFS
194342,0,LFS
194346,0,LFS
194376,0,LFS
195133,0,LFS
195148,0,LFS
195152,0,LFS
195652,0,LFS
195655,0,LFS
191991,0,LFS
191994,0,LFS
192003,0,LFS
195183,0,LFS
195714,0,LFS
195725,0,LFS
19575,0,LFS
192087,0,LFS
192113,0,LFS
192115,0,LFS
192122,0,LFS
192128,0,LFS
188545,0,LFS
188559,0,LFS
189604,0,LFS
191364,0,LFS
191381,0,LFS
187148,0,LFS
187196,0,LFS
189640,0,LFS
189654,0,LFS
189680,0,LFS
189850,0,LFS
189864,0,LFS
191427,0,LFS
191446,0,LFS
18721,0,LFS
189700,0,LFS
189708,0,LFS
189726,0,LFS
189733,0,LFS
189765,0,LFS
189871,0,LFS
189872,0,LFS
189897,0,LFS
189924,0,LFS
189973,0,LFS
189974,0,LFS
185594,0,LFS
185607,0,LFS
187451,0,LFS
18749,0,LFS
188566,0,LFS
188655,0,LFS
188657,0,LFS
190028,0,LFS
190061,0,LFS
185678,0,LFS
185683,0,LFS
185696,0,LFS
185703,0,LFS
187528,0,LFS
188667,0,LFS
188703,0,LFS
190287,0,LFS
185741,0,LFS
185742,0,LFS
185744,0,LFS
185749,0,LFS
185757,0,LFS
187724,0,LFS
18775,0,LFS
188718,0,LFS
188719,0,LFS
188745,0,LFS
190413,0,LFS
190499,0,LFS
185832,0,LFS
185834,0,LFS
186112,0,LFS
186118,0,LFS
187968,0,LFS
188790,0,LFS
188799,0,LFS
188800,0,LFS
186147,0,LFS
186149,0,LFS
186155,0,LFS
186156,0,LFS
186157,0,LFS
186175,0,LFS
187975,0,LFS
188006,0,LFS
188014,0,LFS
188817,0,LFS
188827,0,LFS
190779,0,LFS
18630,0,LFS
186300,0,LFS
188087,0,LFS
188960,0,LFS
186343,0,LFS
188102,0,LFS
188989,0,LFS
189013,0,LFS
189021,0,LFS
190863,0,LFS
190950,0,LFS
186385,0,LFS
188194,0,LFS
189035,0,LFS
190971,0,LFS
186397,0,LFS
186399,0,LFS
186466,0,LFS
18653,0,LFS
188237,0,LFS
188238,0,LFS
189124,0,LFS
189126,0,LFS
189150,0,LFS
191066,0,LFS
188246,0,LFS
188277,0,LFS
189339,0,LFS
189345,0,LFS
191096,0,LFS
191100,0,LFS
191116,0,LFS
191119,0,LFS
189355,0,LFS
189357,0,LFS
189395,0,LFS
191129,0,LFS
191161,0,LFS
186777,0,LFS
186778,0,LFS
186785,0,LFS
189417,0,LFS
189473,0,LFS
189476,0,LFS
191201,0,LFS
191214,0,LFS
191220,0,LFS
191289,0,LFS
186856,0,LFS
188352,0,LFS
188356,0,LFS
188369,0,LFS
189485,0,LFS
191316,0,LFS
191345,0,LFS
191347,0,LFS
191363,0,LFS
187125,0,LFS
188372,0,LFS
203401,0,LFS
200990,0,LFS
203406,0,LFS
203410,0,LFS
201001,0,LFS
201635,0,LFS
203032,0,LFS
20105,0,LFS
201655,0,LFS
200101,0,LFS
201064,0,LFS
201706,0,LFS
201099,0,LFS
201818,0,LFS
201902,0,LFS
201905,0,LFS
203094,0,LFS
200160,0,LFS
200163,0,LFS
200173,0,LFS
200186,0,LFS
201121,0,LFS
202038,0,LFS
202040,0,LFS
202044,0,LFS
203120,0,LFS
200208,0,LFS
200211,0,LFS
200212,0,LFS
200217,0,LFS
201153,0,LFS
201157,0,LFS
201168,0,LFS
203156,0,LFS
203164,0,LFS
200223,0,LFS
200226,0,LFS
200256,0,LFS
202086,0,LFS
202096,0,LFS
202100,0,LFS
202113,0,LFS
203184,0,LFS
203188,0,LFS
203192,0,LFS
200286,0,LFS
200304,0,LFS
202116,0,LFS
202123,0,LFS
200325,0,LFS
200327,0,LFS
201330,0,LFS
202186,0,LFS
202285,0,LFS
202405,0,LFS
203244,0,LFS
200341,0,LFS
200349,0,LFS
200350,0,LFS
20134,0,LFS
202508,0,LFS
202593,0,LFS
203253,0,LFS
200474,0,LFS
200485,0,LFS
201422,0,LFS
201425,0,LFS
201433,0,LFS
20272,0,LFS
202720,0,LFS
202732,0,LFS
203297,0,LFS
200543,0,LFS
200622,0,LFS
201439,0,LFS
202772,0,LFS
203314,0,LFS
203315,0,LFS
200625,0,LFS
200630,0,LFS
200635,0,LFS
200640,0,LFS
200641,0,LFS
201468,0,LFS
202890,0,LFS
202898,0,LFS
202899,0,LFS
203330,0,LFS
203331,0,LFS
200882,0,LFS
200890,0,LFS
200905,0,LFS
200928,0,LFS
201497,0,LFS
201518,0,LFS
201541,0,LFS
200959,0,LFS
200962,0,LFS
201562,0,LFS
201563,0,LFS
201574,0,LFS
197608,0,LFS
197626,0,LFS
197630,0,LFS
199374,0,LFS
199394,0,LFS
200055,0,LFS
196785,0,LFS
196786,0,LFS
199435,0,LFS
199483,0,LFS
200075,0,LFS
200083,0,LFS
200090,0,LFS
196814,0,LFS
199443,0,LFS
199447,0,LFS
199449,0,LFS
199463,0,LFS
199515,0,LFS
199520,0,LFS
199522,0,LFS
196165,0,LFS
196169,0,LFS
196821,0,LFS
197720,0,LFS
197729,0,LFS
197733,0,LFS
197751,0,LFS
199528,0,LFS
199529,0,LFS
196850,0,LFS
196857,0,LFS
197863,0,LFS
199571,0,LFS
196216,0,LFS
196233,0,LFS
197987,0,LFS
196262,0,LFS
196917,0,LFS
198258,0,LFS
198266,0,LFS
198318,0,LFS
198320,0,LFS
199617,0,LFS
196291,0,LFS
196293,0,LFS
196294,0,LFS
196940,0,LFS
196967,0,LFS
196982,0,LFS
198374,0,LFS
198380,0,LFS
198383,0,LFS
196303,0,LFS
196304,0,LFS
196305,0,LFS
197055,0,LFS
197057,0,LFS
197064,0,LFS
197078,0,LFS
198515,0,LFS
199702,0,LFS
196343,0,LFS
196352,0,LFS
197083,0,LFS
197124,0,LFS
198904,0,LFS
198927,0,LFS
198929,0,LFS
198965,0,LFS
198967,0,LFS
199736,0,LFS
199737,0,LFS
199753,0,LFS
199757,0,LFS
197135,0,LFS
199112,0,LFS
199119,0,LFS
199764,0,LFS
199793,0,LFS
197195,0,LFS
197196,0,LFS
197205,0,LFS
199123,0,LFS
199125,0,LFS
199141,0,LFS
199143,0,LFS
199147,0,LFS
199886,0,LFS
199888,0,LFS
199890,0,LFS
199892,0,LFS
196504,0,LFS
197296,0,LFS
197303,0,LFS
197307,0,LFS
197316,0,LFS
199903,0,LFS
199904,0,LFS
199933,0,LFS
199934,0,LFS
196568,0,LFS
19736,0,LFS
197404,0,LFS
199966,0,LFS
199968,0,LFS
197463,0,LFS
197470,0,LFS
200016,0,LFS
196682,0,LFS
197509,0,LFS
197525,0,LFS
197526,0,LFS
199271,0,LFS
199274,0,LFS
199350,0,LFS
199361,0,LFS
200032,0,LFS
200038,0,LFS
197592,0,LFS
30583,0,LFS
37540,0,LFS
37638,0,LFS
37640,0,LFS
37759,0,LFS
44080,0,LFS
54532,0,LFS
30792,0,LFS
30921,0,LFS
54535,0,LFS
54998,0,LFS
31227,0,LFS
38769,0,LFS
46602,0,LFS
31456,0,LFS
31605,0,LFS
46746,0,LFS
21662,0,LFS
21697,0,LFS
21712,0,LFS
31639,0,LFS
32105,0,LFS
48188,0,LFS
48228,0,LFS
32477,0,LFS
39716,0,LFS
39985,0,LFS
48383,0,LFS
22638,0,LFS
23063,0,LFS
49017,0,LFS
33250,0,LFS
33257,0,LFS
40172,0,LFS
49445,0,LFS
49513,0,LFS
24026,0,LFS
40348,0,LFS
40541,0,LFS
40569,0,LFS
49764,0,LFS
25362,0,LFS
33895,0,LFS
34110,0,LFS
40572,0,LFS
40573,0,LFS
40604,0,LFS
40722,0,LFS
40765,0,LFS
50130,0,LFS
26296,0,LFS
34901,0,LFS
26305,0,LFS
26329,0,LFS
26389,0,LFS
35899,0,LFS
26940,0,LFS
36056,0,LFS
36384,0,LFS
36389,0,LFS
42621,0,LFS
52717,0,LFS
52727,0,LFS
27277,0,LFS
36435,0,LFS
36670,0,LFS
36704,0,LFS
42828,0,LFS
42925,0,LFS
43020,0,LFS
53306,0,LFS
27774,0,LFS
43376,0,LFS
53438,0,LFS
53665,0,LFS
29397,0,LFS
29448,0,LFS
29451,0,LFS
206790,0,LFS
206806,0,LFS
208989,0,LFS
209240,0,LFS
209242,0,LFS
209277,0,LFS
209307,0,LFS
203840,0,LFS
203845,0,LFS
206834,0,LFS
206917,0,LFS
206918,0,LFS
209312,0,LFS
209453,0,LFS
209464,0,LFS
209661,0,LFS
204097,0,LFS
204104,0,LFS
206843,0,LFS
206853,0,LFS
206863,0,LFS
206946,0,LFS
206970,0,LFS
206971,0,LFS
206973,0,LFS
206976,0,LFS
206983,0,LFS
203456,0,LFS
203460,0,LFS
203475,0,LFS
204328,0,LFS
204390,0,LFS
205153,0,LFS
205165,0,LFS
205193,0,LFS
205194,0,LFS
205218,0,LFS
205223,0,LFS
206990,0,LFS
206992,0,LFS
206996,0,LFS
207002,0,LFS
203485,0,LFS
207026,0,LFS
207030,0,LFS
207033,0,LFS
207040,0,LFS
203511,0,LFS
203524,0,LFS
204529,0,LFS
204531,0,LFS
205269,0,LFS
205287,0,LFS
205292,0,LFS
207054,0,LFS
207060,0,LFS
207067,0,LFS
203545,0,LFS
203549,0,LFS
204558,0,LFS
204568,0,LFS
204584,0,LFS
204606,0,LFS
205327,0,LFS
205334,0,LFS
205340,0,LFS
207115,0,LFS
204631,0,LFS
204634,0,LFS
205402,0,LFS
207136,0,LFS
203591,0,LFS
203610,0,LFS
205505,0,LFS
205529,0,LFS
205538,0,LFS
205755,0,LFS
203630,0,LFS
204737,0,LFS
206124,0,LFS
206215,0,LFS
207194,0,LFS
207196,0,LFS
207200,0,LFS
207203,0,LFS
207205,0,LFS
207206,0,LFS
207208,0,LFS
207212,0,LFS
207214,0,LFS
204747,0,LFS
204750,0,LFS
204755,0,LFS
206552,0,LFS
207224,0,LFS
207235,0,LFS
207239,0,LFS
207242,0,LFS
204778,0,LFS
204812,0,LFS
206603,0,LFS
207258,0,LFS
203697,0,LFS
204843,0,LFS
204847,0,LFS
204849,0,LFS
204852,0,LFS
204856,0,LFS
206631,0,LFS
207876,0,LFS
204858,0,LFS
204863,0,LFS
204876,0,LFS
206640,0,LFS
206642,0,LFS
206650,0,LFS
206655,0,LFS
208492,0,LFS
203762,0,LFS
203765,0,LFS
204891,0,LFS
204936,0,LFS
204946,0,LFS
204955,0,LFS
206666,0,LFS
206678,0,LFS
206727,0,LFS
208612,0,LFS
208712,0,LFS
208728,0,LFS
208729,0,LFS
204964,0,LFS
204981,0,LFS
204989,0,LFS
206755,0,LFS
206756,0,LFS
208736,0,LFS
208738,0,LFS
208739,0,LFS
208741,0,LFS
208786,0,LFS
205039,0,LFS
205040,0,LFS
205047,0,LFS
93635,0,LFS
93663,0,LFS
97331,0,LFS
97360,0,LFS
97373,0,LFS
99605,0,LFS
99666,0,LFS
99732,0,LFS
99734,0,LFS
N367,0,LFS
94236,0,LFS
97595,0,LFS
99770,0,LFS
99902,0,LFS
N566,0,LFS
N638,0,LFS
94667,0,LFS
94668,0,LFS
97636,0,LFS
97638,0,LFS
97665,0,LFS
A795,0,LFS
94895,0,LFS
97908,0,LFS
97968,0,LFS
A901,0,LFS
90266,0,LFS
90368,0,LFS
94923,0,LFS
94928,0,LFS
94939,0,LFS
94940,0,LFS
94947,0,LFS
94964,0,LFS
94977,0,LFS
98091,0,LFS
D136,0,LFS
D243,0,LFS
90537,0,LFS
90561,0,LFS
95107,0,LFS
95405,0,LFS
95409,0,LFS
98102,0,LFS
98119,0,LFS
D479,0,LFS
D570,0,LFS
90825,0,LFS
90859,0,LFS
98305,0,LFS
98479,0,LFS
D865,0,LFS
91241,0,LFS
91412,0,LFS
98483,0,LFS
98514,0,LFS
91460,0,LFS
91532,0,LFS
98525,0,LFS
98552,0,LFS
98566,0,LFS
H0008,0,LFS
H0043,0,LFS
H0062,0,LFS
H0075,0,LFS
91548,0,LFS
91549,0,LFS
91554,0,LFS
96221,0,LFS
H0087,0,LFS
H0093,0,LFS
91683,0,LFS
91687,0,LFS
91719,0,LFS
91725,0,LFS
96434,0,LFS
98735,0,LFS
98882,0,LFS
H0182,0,LFS
H0188,0,LFS
H0214,0,LFS
91900,0,LFS
91968,0,LFS
92064,0,LFS
96519,0,LFS
96520,0,LFS
99124,0,LFS
99132,0,LFS
H0330,0,LFS
H0354,0,LFS
92201,0,LFS
96575,0,LFS
96615,0,LFS
96739,0,LFS
96770,0,LFS
99135,0,LFS
99157,0,LFS
99159,0,LFS
99172,0,LFS
99190,0,LFS
N050,0,LFS
93419,0,LFS
93420,0,LFS
93555,0,LFS
97008,0,LFS
97249,0,LFS
71348,0,LFS
71619,0,LFS
78433,0,LFS
78503,0,LFS
78849,0,LFS
79119,0,LFS
81393,0,LFS
64796,0,LFS
64838,0,LFS
79603,0,LFS
81398,0,LFS
81425,0,LFS
55557,0,LFS
65159,0,LFS
65361,0,LFS
65370,0,LFS
71757,0,LFS
71877,0,LFS
81478,0,LFS
81503,0,LFS
81504,0,LFS
81671,0,LFS
55728,0,LFS
56002,0,LFS
56135,0,LFS
56622,0,LFS
65467,0,LFS
66029,0,LFS
72254,0,LFS
66316,0,LFS
66523,0,LFS
72394,0,LFS
72397,0,LFS
83361,0,LFS
66912,0,LFS
72746,0,LFS
58188,0,LFS
66920,0,LFS
67041,0,LFS
73552,0,LFS
83765,0,LFS
83771,0,LFS
58871,0,LFS
59220,0,LFS
84724,0,LFS
84920,0,LFS
59769,0,LFS
59991,0,LFS
67584,0,LFS
67728,0,LFS
67737,0,LFS
74932,0,LFS
85348,0,LFS
85494,0,LFS
75495,0,LFS
60785,0,LFS
68485,0,LFS
75807,0,LFS
86516,0,LFS
61187,0,LFS
61188,0,LFS
76715,0,LFS
61455,0,LFS
61769,0,LFS
62260,0,LFS
69543,0,LFS
69643,0,LFS
76946,0,LFS
77049,0,LFS
87622,0,LFS
87821,0,LFS
87945,0,LFS
63870,0,LFS
63888,0,LFS
69794,0,LFS
69993,0,LFS
77576,0,LFS
77584,0,LFS
87990,0,LFS
88082,0,LFS
63990,0,LFS
70249,0,LFS
70690,0,LFS
77709,0,LFS
77726,0,LFS
64105,0,LFS
70757,0,LFS
70868,0,LFS
S897,0,LFS
X222,0,LFS
X446,0,LFS
X471,0,LFS
X723,0,LFS
X727,0,LFS
X745,0,LFS
X824,0,LFS
02387,0,LFS
02390,0,LFS
03076,0,LFS
00940,0,LFS
01607,0,LFS
00050,0,LFS
00313,0,LFS
03887,0,LFS
04191,0,LFS
07013,0,LFS
07014,0,LFS
07953,0,LFS
08026,0,LFS
07287,0,LFS
08336,0,LFS
08396,0,LFS
08483,0,LFS
08520,0,LFS
08762,0,LFS
08788,0,LFS
08791,0,LFS
100791,0,LFS
101063,0,LFS
101762,0,LFS
102089,0,LFS
101079,0,LFS
09915,0,LFS
09949,0,LFS
100064,0,LFS
102267,0,LFS
102306,0,LFS
102329,0,LFS
102488,0,LFS
10250,0,LFS
102563,0,LFS
102628,0,LFS
103064,0,LFS
103128,0,LFS
103766,0,LFS
103770,0,LFS
104214,0,LFS
103350,0,LFS
103476,0,LFS
105228,0,LFS
104259,0,LFS
104274,0,LFS
104441,0,LFS
104514,0,LFS
104529,0,LFS
104651,0,LFS
104692,0,LFS
104825,0,LFS
104829,0,LFS
104879,0,LFS
104960,0,LFS
104961,0,LFS
105040,0,LFS
105042,0,LFS
105150,0,LFS
106644,0,LFS
106823,0,LFS
106032,0,LFS
105450,0,LFS
105492,0,LFS
105509,0,LFS
105561,0,LFS
105642,0,LFS
105768,0,LFS
107856,0,LFS
107857,0,LFS
107897,0,LFS
107938,0,LFS
106992,0,LFS
106994,0,LFS
107134,0,LFS
107239,0,LFS
107585,0,LFS
10759,0,LFS
107628,0,LFS
107633,0,LFS
107636,0,LFS
107641,0,LFS
107730,0,LFS
108365,0,LFS
108574,0,LFS
108752,0,LFS
108399,0,LFS
107946,0,LFS
107948,0,LFS
107998,0,LFS
108189,0,LFS
108236,0,LFS
110751,0,LFS
110777,0,LFS
110884,0,LFS
110933,0,LFS
108889,0,LFS
108978,0,LFS
109287,0,LFS
109553,0,LFS
109761,0,LFS
109966,0,LFS
110109,0,LFS
110144,0,LFS
110474,0,LFS
112026,0,LFS
112046,0,LFS
112349,0,LFS
113150,0,LFS
113472,0,LFS
111891,0,LFS
111916,0,LFS
113610,0,LFS
113786,0,LFS
113959,0,LFS
113992,0,LFS
114386,0,LFS
114581,0,LFS
114758,0,LFS
114771,0,LFS
115055,0,LFS
116675,0,LFS
116480,0,LFS
115948,0,LFS
115953,0,LFS
116029,0,LFS
116039,0,LFS
116052,0,LFS
116077,0,LFS
118565,0,LFS
117743,0,LFS
117922,0,LFS
117923,0,LFS
117957,0,LFS
117982,0,LFS
118167,0,LFS
139498,0,LFS
139534,0,LFS
139540,0,LFS
139552,0,LFS
134435,0,LFS
134443,0,LFS
134444,0,LFS
136228,0,LFS
139578,0,LFS
139655,0,LFS
139779,0,LFS
134497,0,LFS
136376,0,LFS
138196,0,LFS
138211,0,LFS
139796,0,LFS
136636,0,LFS
136640,0,LFS
136648,0,LFS
136654,0,LFS
136656,0,LFS
131565,0,LFS
131582,0,LFS
131657,0,LFS
134596,0,LFS
134602,0,LFS
134607,0,LFS
138328,0,LFS
134709,0,LFS
13476,0,LFS
136869,0,LFS
136876,0,LFS
138383,0,LFS
138445,0,LFS
136978,0,LFS
138516,0,LFS
132813,0,LFS
132830,0,LFS
134883,0,LFS
134904,0,LFS
134909,0,LFS
137065,0,LFS
138595,0,LFS
138610,0,LFS
138613,0,LFS
13871,0,LFS
13882,0,LFS
133198,0,LFS
137142,0,LFS
137151,0,LFS
137177,0,LFS
137226,0,LFS
137261,0,LFS
138924,0,LFS
135225,0,LFS
135328,0,LFS
137267,0,LFS
137273,0,LFS
137341,0,LFS
135341,0,LFS
135343,0,LFS
135351,0,LFS
135846,0,LFS
137489,0,LFS
137495,0,LFS
137500,0,LFS
137532,0,LFS
139193,0,LFS
135951,0,LFS
135952,0,LFS
137549,0,LFS
137550,0,LFS
137614,0,LFS
139333,0,LFS
139340,0,LFS
134174,0,LFS
134180,0,LFS
139349,0,LFS
13936,0,LFS
13938,0,LFS
139393,0,LFS
139396,0,LFS
139397,0,LFS
134321,0,LFS
134325,0,LFS
137817,0,LFS
134368,0,LFS
134372,0,LFS
134425,0,LFS
136139,0,LFS
136157,0,LFS
127064,0,LFS
127194,0,LFS
127197,0,LFS
127204,0,LFS
131214,0,LFS
122213,0,LFS
122226,0,LFS
127662,0,LFS
127774,0,LFS
131414,0,LFS
131486,0,LFS
131495,0,LFS
131496,0,LFS
131543,0,LFS
131548,0,LFS
127398,0,LFS
127546,0,LFS
119322,0,LFS
119332,0,LFS
125992,0,LFS
119429,0,LFS
119647,0,LFS
119847,0,LFS
123339,0,LFS
123547,0,LFS
123829,0,LFS
126096,0,LFS
119926,0,LFS
126210,0,LFS
126212,0,LFS
126213,0,LFS
129104,0,LFS
129105,0,LFS
129154,0,LFS
129159,0,LFS
129342,0,LFS
129429,0,LFS
129498,0,LFS
12992,0,LFS
12994,0,LFS
119979,0,LFS
120015,0,LFS
130083,0,LFS
130132,0,LFS
130217,0,LFS
120279,0,LFS
126413,0,LFS
126416,0,LFS
126475,0,LFS
126481,0,LFS
120385,0,LFS
120477,0,LFS
125135,0,LFS
126487,0,LFS
126513,0,LFS
126515,0,LFS
126524,0,LFS
126534,0,LFS
126536,0,LFS
125249,0,LFS
125253,0,LFS
125268,0,LFS
126576,0,LFS
126577,0,LFS
121305,0,LFS
121458,0,LFS
125297,0,LFS
126738,0,LFS
126739,0,LFS
126746,0,LFS
126747,0,LFS
126802,0,LFS
130793,0,LFS
126935,0,LFS
131047,0,LFS
121665,0,LFS
121682,0,LFS
125413,0,LFS
125429,0,LFS
131067,0,LFS
131074,0,LFS
131170,0,LFS
121732,0,LFS
125622,0,LFS
125785,0,LFS
156544,0,LFS
157094,0,LFS
149887,0,LFS
149889,0,LFS
157218,0,LFS
157222,0,LFS
157236,0,LFS
150583,0,LFS
152776,0,LFS
154880,0,LFS
153217,0,LFS
153227,0,LFS
153229,0,LFS
15323,0,LFS
155084,0,LFS
155137,0,LFS
155142,0,LFS
147846,0,LFS
147860,0,LFS
147862,0,LFS
153254,0,LFS
153404,0,LFS
153484,0,LFS
153489,0,LFS
147896,0,LFS
147897,0,LFS
147898,0,LFS
151037,0,LFS
151039,0,LFS
151165,0,LFS
153523,0,LFS
154034,0,LFS
155457,0,LFS
155593,0,LFS
155600,0,LFS
155646,0,LFS
147926,0,LFS
151178,0,LFS
154053,0,LFS
154058,0,LFS
154062,0,LFS
147952,0,LFS
147996,0,LFS
14805,0,LFS
155729,0,LFS
155731,0,LFS
155732,0,LFS
155756,0,LFS
155758,0,LFS
14811,0,LFS
14818,0,LFS
14825,0,LFS
14826,0,LFS
148279,0,LFS
151566,0,LFS
154196,0,LFS
155802,0,LFS
155803,0,LFS
155835,0,LFS
148543,0,LFS
148548,0,LFS
148565,0,LFS
151583,0,LFS
151588,0,LFS
151591,0,LFS
151717,0,LFS
154268,0,LFS
154285,0,LFS
149044,0,LFS
149109,0,LFS
149116,0,LFS
149218,0,LFS
152215,0,LFS
152252,0,LFS
154404,0,LFS
154406,0,LFS
154424,0,LFS
156152,0,LFS
152495,0,LFS
154452,0,LFS
156276,0,LFS
149365,0,LFS
149462,0,LFS
149522,0,LFS
152511,0,LFS
152512,0,LFS
154497,0,LFS
156294,0,LFS
149579,0,LFS
152572,0,LFS
152579,0,LFS
154567,0,LFS
154580,0,LFS
149815,0,LFS
149872,0,LFS
149873,0,LFS
14480,0,LFS
145347,0,LFS
147837,0,LFS
147840,0,LFS
141067,0,LFS
145017,0,LFS
14503,0,LFS
145559,0,LFS
139998,0,LFS
139999,0,LFS
141417,0,LFS
14572,0,LFS
145813,0,LFS
140007,0,LFS
140035,0,LFS
140037,0,LFS
140181,0,LFS
141689,0,LFS
146435,0,LFS
140219,0,LFS
140234,0,LFS
140238,0,LFS
140240,0,LFS
143442,0,LFS
146675,0,LFS
146752,0,LFS
140258,0,LFS
140265,0,LFS
142002,0,LFS
146773,0,LFS
140288,0,LFS
140342,0,LFS
143753,0,LFS
147054,0,LFS
140374,0,LFS
14246,0,LFS
143868,0,LFS
147103,0,LFS
143977,0,LFS
144028,0,LFS
147106,0,LFS
14712,0,LFS
14713,0,LFS
147134,0,LFS
142570,0,LFS
14720,0,LFS
14736,0,LFS
140534,0,LFS
140541,0,LFS
140554,0,LFS
140562,0,LFS
140567,0,LFS
147406,0,LFS
140596,0,LFS
140648,0,LFS
140704,0,LFS
142703,0,LFS
147562,0,LFS
14283,0,LFS
175180,0,LFS
175199,0,LFS
169430,0,LFS
171183,0,LFS
171205,0,LFS
173238,0,LFS
173573,0,LFS
173699,0,LFS
167157,0,LFS
173719,0,LFS
167241,0,LFS
167243,0,LFS
169799,0,LFS
169883,0,LFS
171518,0,LFS
173754,0,LFS
167353,0,LFS
169904,0,LFS
169915,0,LFS
171786,0,LFS
171787,0,LFS
171879,0,LFS
171880,0,LFS
173818,0,LFS
173830,0,LFS
167564,0,LFS
169952,0,LFS
169956,0,LFS
173844,0,LFS
173899,0,LFS
173902,0,LFS
169992,0,LFS
170031,0,LFS
170049,0,LFS
172119,0,LFS
172125,0,LFS
172145,0,LFS
172207,0,LFS
174079,0,LFS
174117,0,LFS
168318,0,LFS
172643,0,LFS
174217,0,LFS
170299,0,LFS
170301,0,LFS
170306,0,LFS
172723,0,LFS
174360,0,LFS
168504,0,LFS
168661,0,LFS
170343,0,LFS
170356,0,LFS
172803,0,LFS
172804,0,LFS
168871,0,LFS
168877,0,LFS
168881,0,LFS
168972,0,LFS
172806,0,LFS
174762,0,LFS
168989,0,LFS
169006,0,LFS
169022,0,LFS
169128,0,LFS
169131,0,LFS
172875,0,LFS
174773,0,LFS
169144,0,LFS
171104,0,LFS
172974,0,LFS
174996,0,LFS
169162,0,LFS
169222,0,LFS
171141,0,LFS
162392,0,LFS
164568,0,LFS
159017,0,LFS
164922,0,LFS
164994,0,LFS
164997,0,LFS
165085,0,LFS
159044,0,LFS
159082,0,LFS
164771,0,LFS
164773,0,LFS
164828,0,LFS
164829,0,LFS
164874,0,LFS
165141,0,LFS
157394,0,LFS
157440,0,LFS
159558,0,LFS
165645,0,LFS
157593,0,LFS
159583,0,LFS
163038,0,LFS
163047,0,LFS
165749,0,LFS
157823,0,LFS
157869,0,LFS
157904,0,LFS
159764,0,LFS
159765,0,LFS
159816,0,LFS
159835,0,LFS
165859,0,LFS
165861,0,LFS
163252,0,LFS
16330,0,LFS
165921,0,LFS
165996,0,LFS
158412,0,LFS
158419,0,LFS
158438,0,LFS
158451,0,LFS
158471,0,LFS
163520,0,LFS
166003,0,LFS
166004,0,LFS
166032,0,LFS
166065,0,LFS
158483,0,LFS
158515,0,LFS
158536,0,LFS
163621,0,LFS
163652,0,LFS
163653,0,LFS
158749,0,LFS
158750,0,LFS
158756,0,LFS
158770,0,LFS
160867,0,LFS
163707,0,LFS
163750,0,LFS
166199,0,LFS
158804,0,LFS
158818,0,LFS
158862,0,LFS
163773,0,LFS
163920,0,LFS
161274,0,LFS
166352,0,LFS
166516,0,LFS
166518,0,LFS
166526,0,LFS
161635,0,LFS
164213,0,LFS
164218,0,LFS
164226,0,LFS
164228,0,LFS
166692,0,LFS
158963,0,LFS
161933,0,LFS
164262,0,LFS
164421,0,LFS
166703,0,LFS
166802,0,LFS
166812,0,LFS
162374,0,LFS
162377,0,LFS
185293,0,LFS
185312,0,LFS
181715,0,LFS
181736,0,LFS
184392,0,LFS
184413,0,LFS
184420,0,LFS
18538,0,LFS
185521,0,LFS
181750,0,LFS
181757,0,LFS
181779,0,LFS
183165,0,LFS
183170,0,LFS
183181,0,LFS
184505,0,LFS
184536,0,LFS
185534,0,LFS
185540,0,LFS
185555,0,LFS
185568,0,LFS
181912,0,LFS
181916,0,LFS
183214,0,LFS
18339,0,LFS
183396,0,LFS
183402,0,LFS
184600,0,LFS
180641,0,LFS
183405,0,LFS
18342,0,LFS
184674,0,LFS
182185,0,LFS
183477,0,LFS
183480,0,LFS
183489,0,LFS
184682,0,LFS
184684,0,LFS
184702,0,LFS
183530,0,LFS
183537,0,LFS
184729,0,LFS
184733,0,LFS
180839,0,LFS
180863,0,LFS
180867,0,LFS
182572,0,LFS
182586,0,LFS
182588,0,LFS
182593,0,LFS
182603,0,LFS
182604,0,LFS
182606,0,LFS
183551,0,LFS
183575,0,LFS
180892,0,LFS
183670,0,LFS
183687,0,LFS
183692,0,LFS
182647,0,LFS
183707,0,LFS
184959,0,LFS
184967,0,LFS
184982,0,LFS
184983,0,LFS
180945,0,LFS
181063,0,LFS
182700,0,LFS
183734,0,LFS
183761,0,LFS
185004,0,LFS
185023,0,LFS
181070,0,LFS
182787,0,LFS
183784,0,LFS
18379,0,LFS
183792,0,LFS
183793,0,LFS
185031,0,LFS
185039,0,LFS
185049,0,LFS
181177,0,LFS
181179,0,LFS
182818,0,LFS
18381,0,LFS
182842,0,LFS
183852,0,LFS
183912,0,LFS
181234,0,LFS
182898,0,LFS
183974,0,LFS
184022,0,LFS
181269,0,LFS
181335,0,LFS
182921,0,LFS
184372,0,LFS
184373,0,LFS
181442,0,LFS
181450,0,LFS
181453,0,LFS
181456,0,LFS
181473,0,LFS
181474,0,LFS
181568,0,LFS
177271,0,LFS
177274,0,LFS
177275,0,LFS
178756,0,LFS
178761,0,LFS
178770,0,LFS
180570,0,LFS
176488,0,LFS
178959,0,LFS
179115,0,LFS
179194,0,LFS
180622,0,LFS
179060,0,LFS
179075,0,LFS
175432,0,LFS
176611,0,LFS
176616,0,LFS
177292,0,LFS
177330,0,LFS
175555,0,LFS
177337,0,LFS
177382,0,LFS
175631,0,LFS
176681,0,LFS
176708,0,LFS
177409,0,LFS
179558,0,LFS
179563,0,LFS
175645,0,LFS
175651,0,LFS
175653,0,LFS
175659,0,LFS
175670,0,LFS
176742,0,LFS
176747,0,LFS
177541,0,LFS
179610,0,LFS
176766,0,LFS
176800,0,LFS
177575,0,LFS
177587,0,LFS
177599,0,LFS
179772,0,LFS
179819,0,LFS
175786,0,LFS
176812,0,LFS
176844,0,LFS
177658,0,LFS
179867,0,LFS
179890,0,LFS
175830,0,LFS
175838,0,LFS
175874,0,LFS
176863,0,LFS
177797,0,LFS
177798,0,LFS
177801,0,LFS
177810,0,LFS
180100,0,LFS
175879,0,LFS
175885,0,LFS
175892,0,LFS
175903,0,LFS
176925,0,LFS
176937,0,LFS
177907,0,LFS
180156,0,LFS
180166,0,LFS
176999,0,LFS
177950,0,LFS
178044,0,LFS
180196,0,LFS
180209,0,LFS
180211,0,LFS
175991,0,LFS
176020,0,LFS
176041,0,LFS
176054,0,LFS
17841,0,LFS
180223,0,LFS
180225,0,LFS
176088,0,LFS
176189,0,LFS
177064,0,LFS
177074,0,LFS
180386,0,LFS
180387,0,LFS
176209,0,LFS
176218,0,LFS
177131,0,LFS
177153,0,LFS
178532,0,LFS
178542,0,LFS
178544,0,LFS
178562,0,LFS
176307,0,LFS
177161,0,LFS
177182,0,LFS
177183,0,LFS
177184,0,LFS
177186,0,LFS
178568,0,LFS
178588,0,LFS
178599,0,LFS
177188,0,LFS
177204,0,LFS
177205,0,LFS
177218,0,LFS
195845,0,LFS
192147,0,LFS
192160,0,LFS
192193,0,LFS
194478,0,LFS
195198,0,LFS
195868,0,LFS
195896,0,LFS
192216,0,LFS
192264,0,LFS
192267,0,LFS
192269,0,LFS
194496,0,LFS
195218,0,LFS
195226,0,LFS
195242,0,LFS
192652,0,LFS
194532,0,LFS
195255,0,LFS
195260,0,LFS
193076,0,LFS
191496,0,LFS
191512,0,LFS
191513,0,LFS
193117,0,LFS
195304,0,LFS
191519,0,LFS
194617,0,LFS
195339,0,LFS
191563,0,LFS
191564,0,LFS
193212,0,LFS
194745,0,LFS
191574,0,LFS
191577,0,LFS
191599,0,LFS
193239,0,LFS
193304,0,LFS
194802,0,LFS
195400,0,LFS
194812,0,LFS
195416,0,LFS
194937,0,LFS
195441,0,LFS
195444,0,LFS
194125,0,LFS
195028,0,LFS
195473,0,LFS
191723,0,LFS
191726,0,LFS
191752,0,LFS
194137,0,LFS
194192,0,LFS
195502,0,LFS
195512,0,LFS
191839,0,LFS
194197,0,LFS
194199,0,LFS
195090,0,LFS
195096,0,LFS
195116,0,LFS
195125,0,LFS
195518,0,LFS
195521,0,LFS
195598,0,LFS
194240,0,LFS
194307,0,LFS
195131,0,LFS
195139,0,LFS
195141,0,LFS
195143,0,LFS
195147,0,LFS
195149,0,LFS
195625,0,LFS
195630,0,LFS
194402,0,LFS
195159,0,LFS
195177,0,LFS
192097,0,LFS
192119,0,LFS
192129,0,LFS
194437,0,LFS
188528,0,LFS
188560,0,LFS
188563,0,LFS
189593,0,LFS
189615,0,LFS
191405,0,LFS
191421,0,LFS
191424,0,LFS
189624,0,LFS
189630,0,LFS
189641,0,LFS
189643,0,LFS
189681,0,LFS
189797,0,LFS
189856,0,LFS
189858,0,LFS
191439,0,LFS
191448,0,LFS
189696,0,LFS
189697,0,LFS
189749,0,LFS
189916,0,LFS
189923,0,LFS
188656,0,LFS
189987,0,LFS
190170,0,LFS
185698,0,LFS
185701,0,LFS
188697,0,LFS
188700,0,LFS
190180,0,LFS
185735,0,LFS
185751,0,LFS
185771,0,LFS
188791,0,LFS
188813,0,LFS
186152,0,LFS
186153,0,LFS
188830,0,LFS
190778,0,LFS
190819,0,LFS
190820,0,LFS
186177,0,LFS
186283,0,LFS
18631,0,LFS
186310,0,LFS
188078,0,LFS
188081,0,LFS
190828,0,LFS
186328,0,LFS
188157,0,LFS
188171,0,LFS
188176,0,LFS
189000,0,LFS
188186,0,LFS
189028,0,LFS
189047,0,LFS
189048,0,LFS
191031,0,LFS
186398,0,LFS
186465,0,LFS
188217,0,LFS
188220,0,LFS
188224,0,LFS
188234,0,LFS
189119,0,LFS
189131,0,LFS
189132,0,LFS
189153,0,LFS
189154,0,LFS
189157,0,LFS
191053,0,LFS
191062,0,LFS
191077,0,LFS
188254,0,LFS
189347,0,LFS
188284,0,LFS
188285,0,LFS
188290,0,LFS
189353,0,LFS
189354,0,LFS
191132,0,LFS
191139,0,LFS
191160,0,LFS
191163,0,LFS
191170,0,LFS
189407,0,LFS
189456,0,LFS
191196,0,LFS
191230,0,LFS
188347,0,LFS
189528,0,LFS
191317,0,LFS
186976,0,LFS
188376,0,LFS
188377,0,LFS
188382,0,LFS
203384,0,LFS
203385,0,LFS
200988,0,LFS
200989,0,LFS
200993,0,LFS
201579,0,LFS
201591,0,LFS
201594,0,LFS
201605,0,LFS
201615,0,LFS
202989,0,LFS
203421,0,LFS
203422,0,LFS
201616,0,LFS
201618,0,LFS
201644,0,LFS
203444,0,LFS
201670,0,LFS
201684,0,LFS
203042,0,LFS
203065,0,LFS
200104,0,LFS
201061,0,LFS
201729,0,LFS
203067,0,LFS
203068,0,LFS
203074,0,LFS
200136,0,LFS
200157,0,LFS
201085,0,LFS
201806,0,LFS
201819,0,LFS
201900,0,LFS
201904,0,LFS
201906,0,LFS
203103,0,LFS
203105,0,LFS
201131,0,LFS
202043,0,LFS
203126,0,LFS
201144,0,LFS
201150,0,LFS
203152,0,LFS
200222,0,LFS
200224,0,LFS
200254,0,LFS
201210,0,LFS
202082,0,LFS
203189,0,LFS
201257,0,LFS
202114,0,LFS
202117,0,LFS
202122,0,LFS
202171,0,LFS
203201,0,LFS
203215,0,LFS
200317,0,LFS
200321,0,LFS
200322,0,LFS
200323,0,LFS
200324,0,LFS
202190,0,LFS
202242,0,LFS
202339,0,LFS
202343,0,LFS
202344,0,LFS
203224,0,LFS
200389,0,LFS
202501,0,LFS
202512,0,LFS
202599,0,LFS
202641,0,LFS
203251,0,LFS
203252,0,LFS
203259,0,LFS
202727,0,LFS
202734,0,LFS
202762,0,LFS
203276,0,LFS
203288,0,LFS
203294,0,LFS
200624,0,LFS
201449,0,LFS
201460,0,LFS
202775,0,LFS
202784,0,LFS
203310,0,LFS
200632,0,LFS
200639,0,LFS
200866,0,LFS
201531,0,LFS
201545,0,LFS
202983,0,LFS
200936,0,LFS
197605,0,LFS
197607,0,LFS
197616,0,LFS
197619,0,LFS
197625,0,LFS
197628,0,LFS
199377,0,LFS
199399,0,LFS
199401,0,LFS
200050,0,LFS
200052,0,LFS
200074,0,LFS
196775,0,LFS
196788,0,LFS
199407,0,LFS
199409,0,LFS
199413,0,LFS
199420,0,LFS
199425,0,LFS
199431,0,LFS
199436,0,LFS
199439,0,LFS
199440,0,LFS
199524,0,LFS
196139,0,LFS
196150,0,LFS
196162,0,LFS
196837,0,LFS
196839,0,LFS
197725,0,LFS
197728,0,LFS
197739,0,LFS
197740,0,LFS
197776,0,LFS
199536,0,LFS
199538,0,LFS
199541,0,LFS
196176,0,LFS
196187,0,LFS
196201,0,LFS
196204,0,LFS
196846,0,LFS
196854,0,LFS
196863,0,LFS
197866,0,LFS
199555,0,LFS
196212,0,LFS
196213,0,LFS
196219,0,LFS
196232,0,LFS
196875,0,LFS
199587,0,LFS
199592,0,LFS
199601,0,LFS
196241,0,LFS
196243,0,LFS
196255,0,LFS
196930,0,LFS
196931,0,LFS
198263,0,LFS
198327,0,LFS
198353,0,LFS
199613,0,LFS
199621,0,LFS
199638,0,LFS
196282,0,LFS
196299,0,LFS
198364,0,LFS
198375,0,LFS
198381,0,LFS
197020,0,LFS
197023,0,LFS
197048,0,LFS
198394,0,LFS
19842,0,LFS
198521,0,LFS
198549,0,LFS
198550,0,LFS
198551,0,LFS
198552,0,LFS
199721,0,LFS
199727,0,LFS
197088,0,LFS
197089,0,LFS
197116,0,LFS
198935,0,LFS
198948,0,LFS
199735,0,LFS
199741,0,LFS
199750,0,LFS
196389,0,LFS
197132,0,LFS
197133,0,LFS
197177,0,LFS
199104,0,LFS
199109,0,LFS
199111,0,LFS
196440,0,LFS
196441,0,LFS
197184,0,LFS
197200,0,LFS
197266,0,LFS
199859,0,LFS
199869,0,LFS
199889,0,LFS
199893,0,LFS
196456,0,LFS
197325,0,LFS
199163,0,LFS
199179,0,LFS
199180,0,LFS
199186,0,LFS
199923,0,LFS
197348,0,LFS
197365,0,LFS
19738,0,LFS
199200,0,LFS
199219,0,LFS
199944,0,LFS
196616,0,LFS
197469,0,LFS
199261,0,LFS
199972,0,LFS
196672,0,LFS
196678,0,LFS
197481,0,LFS
197493,0,LFS
199270,0,LFS
199349,0,LFS
199367,0,LFS
196693,0,LFS
196710,0,LFS
196748,0,LFS
197571,0,LFS
30274,0,LFS
30590,0,LFS
30615,0,LFS
44018,0,LFS
44341,0,LFS
30617,0,LFS
30790,0,LFS
30793,0,LFS
37968,0,LFS
44746,0,LFS
54533,0,LFS
54534,0,LFS
54915,0,LFS
55073,0,LFS
30938,0,LFS
38465,0,LFS
38770,0,LFS
38945,0,LFS
46088,0,LFS
46545,0,LFS
31583,0,LFS
31594,0,LFS
39192,0,LFS
46747,0,LFS
21699,0,LFS
31701,0,LFS
31702,0,LFS
32101,0,LFS
39303,0,LFS
39394,0,LFS
39465,0,LFS
39477,0,LFS
32476,0,LFS
48382,0,LFS
48384,0,LFS
48424,0,LFS
32786,0,LFS
40149,0,LFS
49146,0,LFS
33244,0,LFS
40153,0,LFS
40275,0,LFS
24024,0,LFS
24343,0,LFS
24751,0,LFS
33496,0,LFS
33499,0,LFS
40341,0,LFS
40552,0,LFS
49527,0,LFS
24988,0,LFS
24993,0,LFS
34148,0,LFS
34149,0,LFS
34277,0,LFS
40591,0,LFS
40889,0,LFS
50326,0,LFS
50423,0,LFS
50880,0,LFS
50881,0,LFS
34422,0,LFS
41228,0,LFS
41372,0,LFS
41489,0,LFS
51177,0,LFS
26353,0,LFS
35805,0,LFS
35952,0,LFS
42280,0,LFS
51343,0,LFS
51954,0,LFS
26814,0,LFS
36051,0,LFS
36271,0,LFS
36383,0,LFS
42817,0,LFS
52487,0,LFS
52686,0,LFS
36727,0,LFS
42938,0,LFS
43023,0,LFS
43024,0,LFS
52767,0,LFS
53307,0,LFS
27770,0,LFS
36845,0,LFS
36862,0,LFS
37153,0,LFS
43035,0,LFS
43395,0,LFS
29444,0,LFS
37162,0,LFS
205071,0,LFS
205084,0,LFS
205090,0,LFS
205091,0,LFS
205092,0,LFS
205100,0,LFS
205110,0,LFS
206800,0,LFS
206807,0,LFS
208949,0,LFS
209241,0,LFS
209268,0,LFS
209306,0,LFS
206821,0,LFS
209488,0,LFS
203948,0,LFS
204100,0,LFS
206850,0,LFS
206851,0,LFS
206862,0,LFS
206968,0,LFS
203461,0,LFS
203474,0,LFS
205209,0,LFS
205230,0,LFS
206989,0,LFS
207001,0,LFS
207003,0,LFS
207008,0,LFS
203484,0,LFS
203491,0,LFS
203503,0,LFS
204457,0,LFS
205235,0,LFS
205239,0,LFS
205242,0,LFS
205252,0,LFS
207018,0,LFS
207019,0,LFS
207034,0,LFS
207038,0,LFS
207039,0,LFS
203519,0,LFS
204484,0,LFS
204532,0,LFS
204555,0,LFS
205261,0,LFS
205270,0,LFS
205283,0,LFS
207051,0,LFS
203550,0,LFS
204560,0,LFS
204577,0,LFS
204579,0,LFS
204608,0,LFS
205314,0,LFS
205325,0,LFS
205336,0,LFS
207105,0,LFS
207113,0,LFS
204617,0,LFS
204623,0,LFS
204632,0,LFS
205401,0,LFS
207117,0,LFS
207139,0,LFS
203597,0,LFS
204642,0,LFS
204648,0,LFS
204706,0,LFS
205501,0,LFS
207145,0,LFS
207176,0,LFS
207185,0,LFS
203638,0,LFS
204724,0,LFS
204730,0,LFS
204738,0,LFS
206073,0,LFS
206145,0,LFS
207201,0,LFS
204746,0,LFS
204749,0,LFS
204754,0,LFS
204756,0,LFS
204762,0,LFS
204764,0,LFS
206494,0,LFS
206544,0,LFS
206545,0,LFS
206554,0,LFS
206555,0,LFS
207221,0,LFS
207228,0,LFS
207246,0,LFS
203687,0,LFS
203691,0,LFS
204769,0,LFS
204773,0,LFS
204796,0,LFS
204814,0,LFS
206559,0,LFS
206569,0,LFS
206597,0,LFS
207248,0,LFS
207257,0,LFS
207261,0,LFS
207265,0,LFS
207267,0,LFS
207268,0,LFS
204820,0,LFS
204841,0,LFS
204842,0,LFS
204846,0,LFS
206606,0,LFS
206613,0,LFS
206628,0,LFS
206632,0,LFS
206635,0,LFS
207976,0,LFS
203745,0,LFS
204862,0,LFS
204864,0,LFS
204868,0,LFS
204883,0,LFS
206638,0,LFS
206639,0,LFS
206665,0,LFS
208281,0,LFS
208283,0,LFS
204886,0,LFS
204950,0,LFS
204954,0,LFS
206683,0,LFS
206700,0,LFS
206709,0,LFS
206716,0,LFS
206721,0,LFS
206736,0,LFS
204965,0,LFS
204967,0,LFS
204980,0,LFS
204985,0,LFS
204999,0,LFS
206761,0,LFS
208743,0,LFS
208744,0,LFS
208750,0,LFS
208933,0,LFS
208943,0,LFS
205017,0,LFS
205020,0,LFS
205031,0,LFS
205041,0,LFS
205055,0,LFS
N157,0,LFS
N202,0,LFS
N308,0,LFS
93655,0,LFS
93718,0,LFS
97342,0,LFS
97344,0,LFS
97350,0,LFS
97353,0,LFS
99595,0,LFS
99665,0,LFS
N479,0,LFS
97594,0,LFS
99880,0,LFS
99882,0,LFS
94309,0,LFS
94765,0,LFS
97649,0,LFS
97663,0,LFS
97693,0,LFS
97696,0,LFS
94821,0,LFS
97757,0,LFS
97926,0,LFS
A975,0,LFS
90265,0,LFS
90405,0,LFS
90420,0,LFS
90421,0,LFS
90463,0,LFS
90504,0,LFS
94926,0,LFS
98073,0,LFS
90559,0,LFS
95111,0,LFS
95402,0,LFS
98112,0,LFS
D483,0,LFS
D502,0,LFS
D586,0,LFS
90823,0,LFS
90826,0,LFS
90853,0,LFS
95645,0,LFS
95658,0,LFS
98263,0,LFS
D635,0,LFS
D718,0,LFS
91102,0,LFS
91197,0,LFS
95696,0,LFS
95706,0,LFS
98298,0,LFS
98446,0,LFS
98472,0,LFS
D889,0,LFS
91374,0,LFS
95752,0,LFS
95896,0,LFS
98499,0,LFS
F0071,0,LFS
F0075,0,LFS
H0001,0,LFS
H0002,0,LFS
H0004,0,LFS
91422,0,LFS
95906,0,LFS
96091,0,LFS
96107,0,LFS
96167,0,LFS
98539,0,LFS
98560,0,LFS
H0013,0,LFS
H0016,0,LFS
H0037,0,LFS
H0077,0,LFS
91536,0,LFS
91550,0,LFS
91551,0,LFS
91555,0,LFS
96184,0,LFS
96327,0,LFS
98616,0,LFS
H0128,0,LFS
H0130,0,LFS
91717,0,LFS
91723,0,LFS
91726,0,LFS
91733,0,LFS
91738,0,LFS
96430,0,LFS
H0192,0,LFS
H0199,0,LFS
H0213,0,LFS
H0306,0,LFS
H0308,0,LFS
91811,0,LFS
91988,0,LFS
96468,0,LFS
98910,0,LFS
99134,0,LFS
H0349,0,LFS
H0380,0,LFS
96555,0,LFS
96608,0,LFS
96781,0,LFS
96815,0,LFS
99165,0,LFS
99187,0,LFS
H0411,0,LFS
92239,0,LFS
99205,0,LFS
99284,0,LFS
N071,0,LFS
N114,0,LFS
92353,0,LFS
97019,0,LFS
71350,0,LFS
78246,0,LFS
79192,0,LFS
64474,0,LFS
64664,0,LFS
64712,0,LFS
64717,0,LFS
79468,0,LFS
81324,0,LFS
81326,0,LFS
81351,0,LFS
81364,0,LFS
81379,0,LFS
89852,0,LFS
89914,0,LFS
89924,0,LFS
64845,0,LFS
80814,0,LFS
80991,0,LFS
80993,0,LFS
81134,0,LFS
81401,0,LFS
81406,0,LFS
81424,0,LFS
81428,0,LFS
55487,0,LFS
55488,0,LFS
71811,0,LFS
71981,0,LFS
81505,0,LFS
81545,0,LFS
55994,0,LFS
56005,0,LFS
65469,0,LFS
72126,0,LFS
72132,0,LFS
82782,0,LFS
82784,0,LFS
82785,0,LFS
57162,0,LFS
57163,0,LFS
66048,0,LFS
66540,0,LFS
72670,0,LFS
57554,0,LFS
72786,0,LFS
72787,0,LFS
73148,0,LFS
57960,0,LFS
58190,0,LFS
67037,0,LFS
67038,0,LFS
73277,0,LFS
83693,0,LFS
59330,0,LFS
67519,0,LFS
67576,0,LFS
74856,0,LFS
84938,0,LFS
85257,0,LFS
59830,0,LFS
67665,0,LFS
67792,0,LFS
67999,0,LFS
68197,0,LFS
75354,0,LFS
85495,0,LFS
85667,0,LFS
85985,0,LFS
60898,0,LFS
68483,0,LFS
76007,0,LFS
86514,0,LFS
86912,0,LFS
61352,0,LFS
68916,0,LFS
69154,0,LFS
69225,0,LFS
69415,0,LFS
76111,0,LFS
76891,0,LFS
86938,0,LFS
61533,0,LFS
61535,0,LFS
62429,0,LFS
69587,0,LFS
69639,0,LFS
87583,0,LFS
87614,0,LFS
87638,0,LFS
87807,0,LFS
87939,0,LFS
62702,0,LFS
63665,0,LFS
69965,0,LFS
69967,0,LFS
70100,0,LFS
77306,0,LFS
77579,0,LFS
87968,0,LFS
87987,0,LFS
63959,0,LFS
70602,0,LFS
77923,0,LFS
88164,0,LFS
70753,0,LFS
70756,0,LFS
70816,0,LFS
N789,0,LFS
N800,0,LFS
N801,0,LFS
N828,0,LFS
N829,0,LFS
N844,0,LFS
N925,0,LFS
S973,0,LFS
X429,0,LFS
X436,0,LFS
X466,0,LFS
X539,0,LFS
X616,0,LFS
X679,0,LFS
X693,0,LFS
X712,0,LFS
