SHOP_CODE,ITEM_CODE,AUDIT_QTY,GROUP,SUB-GROUP
MKL,02247,0,"HOME AND PERSONAL CARE","PERSONAL WASH"
MKL,02387,50,"FOOD CUPBOARD",BISCUITS
MKL,02391,0,"FOOD CUPBOARD",SNACKS
MKL,00359,0,"FOOD CUPBOARD","CANNED FOOD"
MKL,00361,0,"FOOD CUPBOARD","CANNED FOOD"
MKL,00362,30,"FOOD CUPBOARD","CANNED FOOD"
MKL,00363,14,"FOOD CUPBOARD","CANNED FOOD"
MKL,00376,0,BEVERAGES,JUICE
MKL,00380,0,BEVERAGES,JUICE
MKL,00453,0,"BEVERAGES ALCOHOLIC",WINES
MKL,00521,0,ELECTRICALS,AVR/AVS
MKL,00522,0,ELECTRICALS,AVR/AVS
MKL,00529,0,ELECTRICALS,AVR/AVS
MKL,00869,0,BEVERAGES,"DRINKING POWDERS"
MKL,00940,60,"BEVERAGES ALCOHOLIC",LIQUER
MKL,01853,0,"HOME AND PERSONAL CARE","HOUSEHOLD CLEANERS"
MKL,02572,0,BEVERAGES,JUICE
MKL,02865,2,ELECTRICALS,"ELE ACCESSORIES"
MKL,03076,15,"FOOD CUPBOARD","BREAKFAST CEREALS"
MKL,03077,0,"FOOD CUPBOARD","BREAKFAST CEREALS"
MKL,03471,0,BEVERAGES,DRINKS
MKL,03473,0,"HOME AND PERSONAL CARE","LAUNDRY CARE"
MKL,03561,0,"HOME DECOR",XMAS
MKL,03616,0,"HOME AND PERSONAL CARE",DISPOSABLE
MKL,03645,0,"FOOD CUPBOARD","MILK AND CREAMERS"
MKL,03826,0,"FOOD CUPBOARD","SPREADS AND TOPPING"
MKL,04949,3,"HOME AND PERSONAL CARE",DISPOSABLE
MKL,05112,65,"FOOD CUPBOARD","NOODLES AND SOUP"
MKL,05124,0,LIGHTING/LAMPS,"TORCH/ LANTERN"
MKL,04421,0,KETTLE,"PLASTIC KETTLE"
MKL,04641,0,"MELAMINE WARE","MEL BOWL/BOWL+COVER"
MKL,04142,1,"HOME AND PERSONAL CARE",DISPOSABLE
MKL,04199,58,"HOME AND PERSONAL CARE","SKIN CARE"
MKL,08007,0,BEVERAGES,DRINKS
MKL,08026,0,"HOME AND PERSONAL CARE","LAUNDRY CARE"
MKL,05200,0,"HOME AND PERSONAL CARE",FRAGRANCES
MKL,06432,0,"BEVERAGES ALCOHOLIC",WINES
MKL,06556,0,"DISH CLOTHS AND NAPKINS","KITCHEN NAPKIN AND TOWELS"
MKL,06571,0,"FOOD CUPBOARD","SPICES AND HERBS"
MKL,06744,0,"FOOD CUPBOARD","DRINKING POWDER"
MKL,06966,0,"BEVERAGES ALCOHOLIC","COGNAC / BRANDY"
MKL,06968,0,"BEVERAGES ALCOHOLIC",LIQUER
MKL,06969,0,"BEVERAGES ALCOHOLIC",WINES
MKL,06975,0,"FOOD CUPBOARD",CONDIMENTS
MKL,07013,80,"HOME AND PERSONAL CARE","LAUNDRY CARE"
MKL,07014,1,"HOME AND PERSONAL CARE","LAUNDRY CARE"
MKL,07015,0,"HOME AND PERSONAL CARE","LAUNDRY CARE"
MKL,07023,0,"HOME AND PERSONAL CARE","FEMININE CARE"
MKL,07498,0,DINNERWARE,BOWLS
MKL,07979,35,"FOOD CUPBOARD","MILK AND CREAMERS"
MKL,08571,0,BEVERAGES,JUICE
MKL,08576,0,"HOME AND PERSONAL CARE","HOUSEHOLD CLEANERS"
MKL,09134,0,"FOOD CUPBOARD",CONDIMENTS
MKL,09224,0,"HOME AND PERSONAL CARE","FEMININE CARE"
MKL,09226,0,"HOME AND PERSONAL CARE","FEMININE CARE"
MKL,08736,0,"FOOD CUPBOARD","PEPPER SAUCE"
MKL,08759,0,"FOOD CUPBOARD","MILK AND CREAMERS"
MKL,08763,0,BEVERAGES,DRINKS
MKL,08770,0,BEVERAGES,DRINKS
MKL,08772,0,BEVERAGES,DRINKS
MKL,08813,0,"HOME AND PERSONAL CARE","HOUSEHOLD CLEANERS"
MKL,08833,0,"HOME AND PERSONAL CARE","LAUNDRY CARE"
MKL,08353,0,BEVERAGES,DRINKS
MKL,08473,0,"BEVERAGES ALCOHOLIC",WINES
MKL,100657,0,"KITCHEN TOOLS AND CULTARY","COOKING TOOL LADLES AND SERVERS"
MKL,100658,0,"KNIFE AND CHOPPING BOARD",CUTTERS
MKL,100666,0,"KITCHEN TOOLS AND CULTARY","COOKING TOOL LADLES AND SERVERS"
MKL,100687,0,LAUNDARY,"LAUNDRY BASKET/ITEMS"
MKL,09345,0,"BEVERAGES ALCOHOLIC",WINES
MKL,09915,52,"FOOD CUPBOARD",CONDIMENTS
MKL,100030,50,"FOOD CUPBOARD","RAW RICE"
MKL,100031,0,"FOOD CUPBOARD","RAW RICE"
MKL,100046,0,"HOME AND PERSONAL CARE","INFANT AND BABY CARE"
MKL,100048,0,"HOME AND PERSONAL CARE","INFANT AND BABY CARE"
MKL,100140,0,DINNERWARE,BOWLS
MKL,100245,0,"BED SHEET","KING SIZE BEDSHEET"
MKL,100246,13,"BED SHEET","QUEEN SIZE BEDSHEET"
MKL,100504,0,"BEVERAGES ALCOHOLIC",WINES
MKL,100505,25,"BEVERAGES ALCOHOLIC",WINES
MKL,100506,0,"BEVERAGES ALCOHOLIC",WINES
MKL,100968,0,CURTAINS,"GROMMET CURTAINS"
MKL,100969,0,CURTAINS,"GROMMET CURTAINS"
MKL,100981,0,CURTAINS,"GROMMET CURTAINS"
MKL,100983,0,CURTAINS,"GROMMET CURTAINS"
MKL,100984,0,CURTAINS,"GROMMET CURTAINS"
MKL,100985,0,CURTAINS,"GROMMET CURTAINS"
MKL,100986,0,CURTAINS,"GROMMET CURTAINS"
MKL,101010,0,CURTAINS,"GROMMET CURTAINS"
MKL,101386,0,"FOOD CUPBOARD",CONDIMENTS
MKL,101422,0,"KNIFE AND CHOPPING BOARD","VEG AND FRUIT SLICERS"
MKL,101013,0,CURTAINS,"GROMMET CURTAINS"
MKL,101016,0,CURTAINS,"GROMMET CURTAINS"
MKL,101017,13,CURTAINS,"GROMMET CURTAINS"
MKL,101019,0,CURTAINS,"GROMMET CURTAINS"
MKL,101058,0,"FOOD CUPBOARD",SNACKS
MKL,101060,10,"FOOD CUPBOARD",SNACKS
MKL,101063,0,"FOOD CUPBOARD",SNACKS
MKL,101064,10,"FOOD CUPBOARD",SNACKS
MKL,101077,0,"HOME AND PERSONAL CARE","PERSONAL WASH"
MKL,101079,0,"HOME AND PERSONAL CARE","LAUNDRY CARE"
MKL,101088,0,KETTLE,"STAINLESS STEEL KETTLE"
MKL,101110,0,"BEVERAGES ALCOHOLIC",WINES
MKL,100796,0,"BEVERAGES ALCOHOLIC",WINES
MKL,100798,0,"BEVERAGES ALCOHOLIC",WINES
MKL,100799,0,"BEVERAGES ALCOHOLIC",WINES
MKL,100802,0,"BEVERAGES ALCOHOLIC",WINES
MKL,100813,0,"CUTLERY ITEMS","SPOONS FORKS KNIFE AND CUTLERY SET"
MKL,100815,0,"CUTLERY ITEMS","SPOONS FORKS KNIFE AND CUTLERY SET"
MKL,100818,0,"CUTLERY ITEMS","SPOONS FORKS KNIFE AND CUTLERY SET"
MKL,100846,0,"SCHOOL AND CHILDREN STATIONERY","NOTE BOOKS"
MKL,100898,0,BEVERAGES,JUICE
MKL,102246,0,"HOME AND PERSONAL CARE",FRAGRANCES
MKL,102269,0,"FOOD CUPBOARD",CONDIMENTS
MKL,101444,0,"BEVERAGES ALCOHOLIC",WHISKEY
MKL,101865,0,"FLASK AND BOTTLES",BOTTLE
MKL,101901,84,"FOOD CUPBOARD","CANNED FOOD"
MKL,101902,0,"FOOD CUPBOARD","CANNED FOOD"
MKL,101951,6,"STORAGE AND ORGANIZER","STORAGE CONTAINERS"
MKL,101954,0,LAUNDARY,"LAUNDRY BASKET/ITEMS"
MKL,101996,0,"STORAGE AND ORGANIZER","STORAGE CONTAINERS"
MKL,102177,0,"HOME AND PERSONAL CARE",DISPOSABLE
MKL,102192,52,"FOOD CUPBOARD","EDIBLE OILS AND GHEE"
MKL,102613,0,BEVERAGES,JUICE
MKL,10286,0,"STORAGE AND ORGANIZER","ICE BUCKETS"
MKL,102864,0,BATHROOM,"BATHROOM SHELF RACKS HOLDERS"
MKL,102866,1,"STORAGE AND ORGANIZER","LUNCH BOXES TIFFINS AND FOOD FLASK"
MKL,102276,0,"HOME AND PERSONAL CARE","ORAL CARE"
MKL,102311,0,"FOOD CUPBOARD","MILK AND CREAMERS"
MKL,102312,0,"FOOD CUPBOARD","MILK AND CREAMERS"
MKL,102313,0,"FOOD CUPBOARD",CONDIMENTS
MKL,102315,0,"HOME HYGIENE","TOILET BRUSHES"
MKL,102507,0,INFANTS,FEEDING
MKL,102512,0,INFANTS,FEEDING
MKL,102516,2,INFANTS,"BABY GENERAL CARE"
MKL,102518,0,INFANTS,FEEDING
MKL,102928,0,"HOME AND PERSONAL CARE","PERSONAL WASH"
MKL,102931,0,"HOME AND PERSONAL CARE","PERSONAL WASH"
MKL,102950,0,"HOME AND PERSONAL CARE","PERSONAL WASH"
MKL,102951,0,"HOME AND PERSONAL CARE","PERSONAL WASH"
MKL,102952,0,"HOME AND PERSONAL CARE","PERSONAL WASH"
MKL,102955,0,"HOME AND PERSONAL CARE","PERSONAL WASH"
MKL,102966,0,"HOME AND PERSONAL CARE",FRESHENERS
MKL,102967,0,"HOME AND PERSONAL CARE",FRESHENERS
MKL,102968,0,"HOME AND PERSONAL CARE",FRESHENERS
MKL,102969,0,"HOME AND PERSONAL CARE",FRESHENERS
MKL,102979,0,"HOME AND PERSONAL CARE","INFANT AND BABY CARE"
MKL,102981,28,"HOME AND PERSONAL CARE","INFANT AND BABY CARE"
MKL,102994,0,"HOME AND PERSONAL CARE","PERSONAL WASH"
MKL,102995,0,"HOME AND PERSONAL CARE","PERSONAL WASH"
MKL,102996,0,"HOME AND PERSONAL CARE","PERSONAL WASH"
MKL,103005,0,"HOME AND PERSONAL CARE",FRAGRANCES
MKL,103049,0,"DISH CLOTHS AND NAPKINS","KITCHEN NAPKIN AND TOWELS"
MKL,103051,0,"HOME AND PERSONAL CARE","PERSONAL WASH"
MKL,103052,0,"HOME AND PERSONAL CARE","PERSONAL WASH"
MKL,103055,58,"HOME AND PERSONAL CARE","SKIN CARE"
MKL,103063,0,"HOME AND PERSONAL CARE","PERSONAL WASH"
MKL,103064,11,"HOME AND PERSONAL CARE","SKIN CARE"
MKL,103066,618,"HOME AND PERSONAL CARE","SKIN CARE"
MKL,103067,0,"HOME AND PERSONAL CARE","PERSONAL WASH"
MKL,103112,0,"HOME AND PERSONAL CARE","PERSONAL WASH"
MKL,103113,30,"HOME AND PERSONAL CARE","PERSONAL WASH"
MKL,103128,4,"HOME AND PERSONAL CARE","SKIN CARE"
MKL,103197,0,BEVERAGES,"MINERAL WATER"
MKL,103199,0,BEVERAGES,"MINERAL WATER"
MKL,103200,0,BEVERAGES,"MINERAL WATER"
MKL,103201,0,BEVERAGES,"MINERAL WATER"
MKL,103492,0,"HOME AND PERSONAL CARE","PERSONAL WASH"
MKL,103897,0,LAUNDARY,"IRONING BOARDS"
MKL,103966,0,"CUTLERY ITEMS","SPOONS FORKS KNIFE AND CUTLERY SET"
MKL,103969,0,"BEVERAGES ALCOHOLIC",WHISKEY
MKL,104329,0,COOKWARE,"COOKWARE SET"
MKL,104331,0,COOKWARE,"COOKWARE SET"
MKL,104343,0,"CHEST OF DRAWERS",COD
MKL,104363,15,"FOOD CUPBOARD","BREAKFAST CEREALS"
MKL,104370,0,"HOME AND PERSONAL CARE","HOUSEHOLD CLEANERS"
MKL,104374,0,"HOME AND PERSONAL CARE","HOUSEHOLD CLEANERS"
MKL,104377,0,"HOME AND PERSONAL CARE","HOUSEHOLD CLEANERS"
MKL,103987,33,"HOME AND PERSONAL CARE",DISPOSABLE
MKL,104192,0,"KITCHEN TOOLS AND CULTARY",COLANDERS
MKL,104205,0,"HOME HYGIENE",DUSTBINS
MKL,104207,0,"HOME HYGIENE",DUSTBINS
MKL,103764,0,"HOME AND PERSONAL CARE","LAUNDRY CARE"
MKL,103766,0,"HOME AND PERSONAL CARE","LAUNDRY CARE"
MKL,103768,0,"HOME AND PERSONAL CARE","LAUNDRY CARE"
MKL,103773,0,"HOME AND PERSONAL CARE","HOUSEHOLD CLEANERS"
MKL,103775,0,"HOME AND PERSONAL CARE","PERSONAL WASH"
MKL,103781,0,"HOME AND PERSONAL CARE","PERSONAL WASH"
MKL,103783,0,"HOME AND PERSONAL CARE","HOUSEHOLD CLEANERS"
MKL,103784,0,"HOME AND PERSONAL CARE","HOUSEHOLD CLEANERS"
MKL,103811,0,"HOME AND PERSONAL CARE","INFANT AND BABY CARE"
MKL,103816,0,BEVERAGES,TEA
MKL,103822,0,BEVERAGES,TEA
MKL,103854,0,"FOOD PROCESSOR/BLENDER",BLENDERS
MKL,103877,0,LIGHTING/LAMPS,"TORCH/ LANTERN"
MKL,103889,4,"HOME AND PERSONAL CARE","HOUSEHOLD CLEANERS"
MKL,103892,0,"HOME AND PERSONAL CARE","HOUSEHOLD CLEANERS"
MKL,105077,0,BEVERAGES,DRINKS
MKL,105232,0,"FOOD CUPBOARD","EDIBLE OILS AND GHEE"
MKL,104520,0,BEVERAGES,JUICE
MKL,104540,0,"HOME AND PERSONAL CARE",DISPOSABLE
MKL,104541,0,"HOME AND PERSONAL CARE",DISPOSABLE
MKL,104543,0,"HOME AND PERSONAL CARE",DISPOSABLE
MKL,104562,0,"HOME AND PERSONAL CARE",DISPOSABLE
MKL,104623,0,"MELAMINE WARE","MEL TRAY"
MKL,104648,0,"HOME AND PERSONAL CARE","INFANT AND BABY CARE"
MKL,104670,0,"HOME AND PERSONAL CARE","ORAL CARE"
MKL,104671,0,"HOME AND PERSONAL CARE","ORAL CARE"
MKL,104672,0,"HOME AND PERSONAL CARE","ORAL CARE"
MKL,104673,0,"RICE/ MULTI COOKER","DELUXE RICE COOKER"
MKL,104691,0,"HOME AND PERSONAL CARE","HOUSEHOLD CLEANERS"
MKL,104784,0,"FOOD CUPBOARD",BISCUITS
MKL,104785,0,"FOOD CUPBOARD",BISCUITS
MKL,104804,0,BEVERAGES,"MINERAL WATER"
MKL,104825,0,"FOOD CUPBOARD","MILK AND CREAMERS"
MKL,104836,0,"FOOD CUPBOARD",BISCUITS
MKL,104877,0,"HOME AND PERSONAL CARE","ORAL CARE"
MKL,104894,0,"FASHION ACCESSORIES","NOSE COVER"
MKL,104907,0,"FOOD CUPBOARD","EDIBLE OILS AND GHEE"
MKL,104955,0,"HOME AND PERSONAL CARE","HOUSEHOLD CLEANERS"
MKL,104961,0,"HOME AND PERSONAL CARE","HOUSEHOLD CLEANERS"
MKL,104962,0,"HOME AND PERSONAL CARE","LAUNDRY CARE"
MKL,104963,2,"HOME AND PERSONAL CARE","LAUNDRY CARE"
MKL,104978,1,"HOME AND PERSONAL CARE","LAUNDRY CARE"
MKL,105476,0,"FOOD PROCESSOR/BLENDER",BLENDERS
MKL,105486,0,"FOOD PROCESSOR/BLENDER",BLENDERS
MKL,105801,25,BEVERAGES,TEA
MKL,105812,0,"HOME AND PERSONAL CARE","PERSONAL WASH"
MKL,105645,5,SERVEWARE,"SERVING TRAYS"
MKL,105233,0,"FOOD CUPBOARD","CANNED FOOD"
MKL,105455,0,"AIR CONDITIONING","AIR COOLERS"
MKL,106700,0,"COMMERCIAL APPLIANCES","POPCORN MAKER"
MKL,106770,0,"STORAGE AND ORGANIZER","ICE BUCKETS"
MKL,106789,0,"FOOD CUPBOARD","BREAKFAST CEREALS"
MKL,105969,22,"FOOD CUPBOARD","PASTA AND SPAGHETTI"
MKL,106024,9,"LED TV","SMART TV"
MKL,106182,30,ELECTRICALS,"ELE ACCESSORIES"
MKL,106354,0,"BEVERAGES ALCOHOLIC",WINES
MKL,106551,800489,"LIGHT BULBS","LED BULB"
MKL,107021,36,"HOME AND PERSONAL CARE","PERSONAL WASH"
MKL,107321,0,KETTLE,THERMOPOT
MKL,107115,0,BEVERAGES,TEA
MKL,107210,25,AUDIO,"PORTABLE/BT SPEAKER"
MKL,106810,0,"HOME AND PERSONAL CARE",DISPOSABLE
MKL,106811,0,"HOME AND PERSONAL CARE",DISPOSABLE
MKL,106812,0,"HOME AND PERSONAL CARE",DISPOSABLE
MKL,106818,0,"HOME AND PERSONAL CARE",DISPOSABLE
MKL,106819,27,"HOME AND PERSONAL CARE",DISPOSABLE
MKL,106820,8,"HOME AND PERSONAL CARE",DISPOSABLE
MKL,106821,0,"HOME AND PERSONAL CARE",DISPOSABLE
MKL,106822,0,"HOME AND PERSONAL CARE",DISPOSABLE
MKL,106887,0,BEVERAGES,JUICE
MKL,106892,0,"FOOD CUPBOARD",BISCUITS
MKL,106894,0,"FOOD CUPBOARD",BISCUITS
MKL,106990,0,"HOME AND PERSONAL CARE","PERSONAL WASH"
MKL,106991,0,"HOME AND PERSONAL CARE","PERSONAL WASH"
MKL,106993,0,"HOME AND PERSONAL CARE","PERSONAL WASH"
MKL,106995,0,"HOME AND PERSONAL CARE","PERSONAL WASH"
MKL,106997,0,"HOME AND PERSONAL CARE","PERSONAL WASH"
MKL,107586,0,"HOME AND PERSONAL CARE",FRAGRANCES
MKL,10759,0,"FOOD CUPBOARD","BREAKFAST CEREALS"
MKL,107785,0,"HOME AND PERSONAL CARE","INSECTICIDES AND RODENT CONTROL"
MKL,107808,0,SERVEWARE,"SERVING JUGS"
MKL,107815,0,BEVERAGES,DRINKS
MKL,107819,0,"FOOD CUPBOARD","MILK AND CREAMERS"
MKL,107821,0,"FOOD CUPBOARD","MILK AND CREAMERS"
MKL,107857,0,"FOOD CUPBOARD","HONEY  JAM AND MARMALADE"
MKL,107986,0,FAN,"CEILING FAN"
MKL,107987,0,FAN,"CEILING FAN"
MKL,108103,0,CURTAINS,"GROMMET CURTAINS"
MKL,108131,0,CURTAINS,"GROMMET CURTAINS"
MKL,108134,8,CURTAINS,"GROMMET CURTAINS"
MKL,117192,0,"SCHOOL AND CHILDREN STATIONERY","ART AND HOBBY SETS"
MKL,117194,0,"SCHOOL AND CHILDREN STATIONERY","ART AND HOBBY SETS"
MKL,117206,0,"SCHOOL AND CHILDREN STATIONERY","ART AND HOBBY SETS"
MKL,115707,0,"FOOD CUPBOARD",CONDIMENTS
MKL,117242,0,"GENERAL STATIONERY","   WRITING SUPPLIES"
MKL,117246,0,"GENERAL STATIONERY","   WRITING SUPPLIES"
MKL,117247,0,"GENERAL STATIONERY","   WRITING SUPPLIES"
MKL,117260,0,"GENERAL STATIONERY","   WRITING SUPPLIES"
MKL,117262,0,"GENERAL STATIONERY","   WRITING SUPPLIES"
MKL,117263,0,"GENERAL STATIONERY","   WRITING SUPPLIES"
MKL,117270,0,"SCHOOL AND CHILDREN STATIONERY","  MATHS AND GEOMETRY SETS"
MKL,118277,0,BEVERAGES,JUICE
MKL,118278,0,BEVERAGES,JUICE
MKL,118279,0,BEVERAGES,JUICE
MKL,118282,0,BEVERAGES,JUICE
MKL,118287,0,BEVERAGES,JUICE
MKL,118289,0,BEVERAGES,JUICE
MKL,118304,0,BEVERAGES,"MINERAL WATER"
MKL,115802,0,"GAS COOKER","TABLE TOP GAS STOVE"
MKL,117310,0,"XMAS SEASONAL","xmas season"
MKL,115826,0,"HOME AND PERSONAL CARE","PERSONAL WASH"
MKL,117370,0,"XMAS SEASONAL","xmas season"
MKL,117372,0,"XMAS SEASONAL","xmas season"
MKL,115945,0,"HOME AND PERSONAL CARE","FEMININE CARE"
MKL,115949,0,"HOME AND PERSONAL CARE","PERSONAL WASH"
MKL,115950,0,"HOME AND PERSONAL CARE",DISPOSABLE
MKL,115951,0,"HOME AND PERSONAL CARE",DISPOSABLE
MKL,115952,0,"HOME AND PERSONAL CARE",DISPOSABLE
MKL,117468,0,"XMAS SEASONAL","xmas season"
MKL,118578,0,"HOME AND PERSONAL CARE",FRESHENERS
MKL,118595,25,"HOME AND PERSONAL CARE","PERSONAL WASH"
MKL,117587,0,"KITCHEN TOOLS AND CULTARY","WHISKER BEATER AND MIXERS"
MKL,116095,0,"WEIGHING SCALE","BATHROOM SCALE"
MKL,116098,0,"WEIGHING SCALE","BATHROOM SCALE"
MKL,117610,0,"HOME HYGIENE","TOILET BRUSHES"
MKL,117620,0,"KITCHEN TOOLS AND CULTARY","STRAINER AND FILTERS"
MKL,117621,0,"KITCHEN TOOLS AND CULTARY","STRAINER AND FILTERS"
MKL,115154,21,"BEVERAGES ALCOHOLIC",WINES
MKL,115165,0,ELECTRICALS,"EXTENSION CORD"
MKL,115168,0,ELECTRICALS,"EXTENSION CORD"
MKL,115169,41,ELECTRICALS,"EXTENSION CORD"
MKL,115199,0,"BEVERAGES ALCOHOLIC","GIN ."
MKL,117646,5,BATHROOM,"SOAP DISH CASE DISPENSERS"
MKL,117652,0,"STORAGE AND ORGANIZER","STORAGE CONTAINERS"
MKL,117670,0,"HOME HYGIENE","TOILET BRUSHES"
MKL,115211,0,"HOME DECOR","DECORATIVE LIGHTS AND LAMPS"
MKL,115371,0,KITCHENWARE,"RACKS AND HOLDERS"
MKL,115426,0,"FOOD CUPBOARD",BISCUITS
MKL,115428,0,"FOOD CUPBOARD",BISCUITS
MKL,115429,0,"FOOD CUPBOARD",BISCUITS
MKL,116468,0,"HOME AND PERSONAL CARE","ORAL CARE"
MKL,116471,0,"HOME AND PERSONAL CARE","ORAL CARE"
MKL,116479,0,"FRESH DAIRY AND EGGS",Yoghurt
MKL,116480,0,"FRESH DAIRY AND EGGS",Yoghurt
MKL,116901,0,"FLASK AND BOTTLES",BOTTLE
MKL,116539,0,"FROZEN FOOD",ICE-CREAM
MKL,117078,0,ELECTRICALS,"ELE ACCESSORIES"
MKL,117082,0,"HOME AND PERSONAL CARE","HOUSEHOLD CLEANERS"
MKL,116610,0,"HOME AND PERSONAL CARE","PERSONAL WASH"
MKL,117182,0,"GENERAL STATIONERY","   WRITING SUPPLIES"
MKL,118147,20,MATTRESS,"Double Size"
MKL,118148,0,MATTRESS,"Queen Size"
MKL,118150,0,KITCHENWARE,"RACKS AND HOLDERS"
MKL,118152,0,"STORAGE AND ORGANIZER",BASKET
MKL,118155,0,LAUNDARY,"BUCKETS AND BASINS"
MKL,118157,0,LAUNDARY,"BUCKETS AND BASINS"
MKL,115645,8,JUICER,"CENTRIFUGAL JUICER"
MKL,112467,0,"STORAGE AND ORGANIZER","LUNCH BOXES TIFFINS AND FOOD FLASK"
MKL,112506,0,LAUNDARY,"CLOTH HANGERS"
MKL,112507,0,LAUNDARY,"CLOTH HANGERS"
MKL,112508,0,LAUNDARY,"CLOTH HANGERS"
MKL,112542,0,"KITCHEN TOOLS AND CULTARY","COOKING TOOL LADLES AND SERVERS"
MKL,112543,0,"KITCHEN TOOLS AND CULTARY","COOKING TOOL LADLES AND SERVERS"
MKL,114160,0,"HOME AND PERSONAL CARE","HEALTH AND WELLNESS"
MKL,114166,0,"HOME AND PERSONAL CARE","HOUSEHOLD CLEANERS"
MKL,114184,4,BEVERAGES,"MINERAL WATER"
MKL,109277,0,INFANTS,FEEDING
MKL,110730,0,"FOOD CUPBOARD",CONDIMENTS
MKL,110732,0,"FOOD CUPBOARD",CONDIMENTS
MKL,110733,0,"FOOD CUPBOARD",CONDIMENTS
MKL,110742,0,"HOME AND PERSONAL CARE",DISPOSABLE
MKL,110743,0,"HOME AND PERSONAL CARE",DISPOSABLE
MKL,110744,0,"HOME AND PERSONAL CARE",DISPOSABLE
MKL,110745,0,"HOME AND PERSONAL CARE",DISPOSABLE
MKL,110746,0,"HOME AND PERSONAL CARE",DISPOSABLE
MKL,110747,0,"HOME AND PERSONAL CARE",DISPOSABLE
MKL,110752,0,"HOME AND PERSONAL CARE",DISPOSABLE
MKL,110753,0,"HOME AND PERSONAL CARE",DISPOSABLE
MKL,112554,0,"KITCHEN TOOLS AND CULTARY","COOKING TOOL LADLES AND SERVERS"
MKL,112559,0,"FOOD CUPBOARD",CONDIMENTS
MKL,114229,0,"HOME AND PERSONAL CARE","HEALTH AND WELLNESS"
MKL,109286,0,"HOME AND PERSONAL CARE","INFANT AND BABY CARE"
MKL,109289,-18,"HOME AND PERSONAL CARE","HOUSEHOLD CLEANERS"
MKL,109290,0,"HOME AND PERSONAL CARE","HOUSEHOLD CLEANERS"
MKL,110777,0,"FOOD CUPBOARD","SALT  SUGAR AND JAGGERY"
MKL,114371,22,"HOME AND PERSONAL CARE",DISPOSABLE
MKL,109569,0,SERVEWARE,"SERVING SET"
MKL,110882,0,"FOOD CUPBOARD","SPREADS AND TOPPING"
MKL,110884,0,"FOOD CUPBOARD","SPREADS AND TOPPING"
MKL,114487,0,DINNERWARE,BOWLS
MKL,114493,0,"HOME AND PERSONAL CARE","HOUSEHOLD CLEANERS"
MKL,114529,5,"MELAMINE WARE","MEL BOWL/BOWL+COVER"
MKL,114542,0,BATHROOM,"BATHROOM SHELF RACKS HOLDERS"
MKL,109574,0,"FOOD CUPBOARD","EDIBLE OILS AND GHEE"
MKL,11111,0,MISCELLANEOUS,"GIFT VOUCHERS"
MKL,114561,0,"CUTLERY ITEMS","SPOONS FORKS KNIFE AND CUTLERY SET"
MKL,114593,3,"STORAGE AND ORGANIZER","STORAGE CONTAINERS"
MKL,109732,0,KITCHENWARE,"KITCHEN ACCESSORIES"
MKL,109733,0,KITCHENWARE,"KITCHEN ACCESSORIES"
MKL,113100,0,"FOOD CUPBOARD","MILK AND CREAMERS"
MKL,113150,0,"HOME AND PERSONAL CARE","ORAL CARE"
MKL,113182,0,"FOOD CUPBOARD","BREAKFAST CEREALS"
MKL,113183,0,BEVERAGES,"DRINKING POWDERS"
MKL,114635,0,"STORAGE AND ORGANIZER","STORAGE CONTAINERS"
MKL,114716,0,"CHILDREN BOOKS AND GEN REF","BOOKS AND LEARNINGS"
MKL,114751,0,"TOYS CARS TRAINS AND VEHICLES","FRICTION TOYS"
MKL,114753,0,"TOYS CARS TRAINS AND VEHICLES","FRICTION TOYS"
MKL,109766,0,"FOOD CUPBOARD","BAKING INGREDIENTS"
MKL,109770,0,"HOME HYGIENE",DUSTBINS
MKL,109771,0,"HOME HYGIENE",DUSTBINS
MKL,109780,0,"KNIFE AND CHOPPING BOARD","PRESS AND SQUEEZERS"
MKL,109786,0,"STORAGE AND ORGANIZER","STORAGE CONTAINERS"
MKL,109790,0,"FOOD CUPBOARD","NOODLES AND SOUP"
MKL,111380,0,"CHILDREN BOOKS AND GEN REF","BOOKS AND LEARNINGS"
MKL,113209,0,"HOME HYGIENE","BROOM BRUSHES DUSTPANS"
MKL,113210,7,"HOME HYGIENE","BROOM BRUSHES DUSTPANS"
MKL,113211,-497868,"HOME HYGIENE","BROOM BRUSHES DUSTPANS"
MKL,113213,0,"HOME HYGIENE","BROOM BRUSHES DUSTPANS"
MKL,113215,9,"HOME HYGIENE","BROOM BRUSHES DUSTPANS"
MKL,108214,0,"BEVERAGES ALCOHOLIC",WINES
MKL,108227,0,"HOME AND PERSONAL CARE",DISPOSABLE
MKL,108229,0,"HOME AND PERSONAL CARE",FRESHENERS
MKL,113236,0,LAUNDARY,"LAUNDARY BRUSH"
MKL,113238,0,"HOME HYGIENE","BROOM BRUSHES DUSTPANS"
MKL,113244,0,"HOME HYGIENE","MOPPING AND WIPING"
MKL,109866,0,"CHILDREN BOOKS AND GEN REF","BOOKS AND LEARNINGS"
MKL,109868,0,"CHILDREN BOOKS AND GEN REF","BOOKS AND LEARNINGS"
MKL,109878,6,"CHILDREN BOOKS AND GEN REF","BOOKS AND LEARNINGS"
MKL,113417,0,"FLASK AND BOTTLES","CUPS AND TUMBLERS"
MKL,113418,0,"STORAGE AND ORGANIZER","RACK SHELF DRAWERS ORGANIZERS"
MKL,108397,0,"FOOD CUPBOARD",BISCUITS
MKL,108399,0,"FOOD CUPBOARD","CANNED FOOD"
MKL,111614,0,"BEVERAGES ALCOHOLIC",RHUM
MKL,113454,0,"FLASK AND BOTTLES",BOTTLE
MKL,113461,0,"HOME AND PERSONAL CARE","HOUSEHOLD CLEANERS"
MKL,108468,0,BEVERAGES,DRINKS
MKL,111657,0,"PARTY SUPPLIES","CELEBRATION DECOR AND ACCESSORIES"
MKL,111751,0,"FOOD CUPBOARD","BABY FOOD"
MKL,111821,0,"FOOD CUPBOARD",BISCUITS
MKL,113725,0,"MELAMINE WARE","MEL BOWL/BOWL+COVER"
MKL,108602,0,CURTAINS,"GROMMET CURTAINS"
MKL,110131,0,"KITCHEN TOOLS AND CULTARY",TONGS
MKL,110142,0,"CUTLERY ITEMS",OPENERS
MKL,110144,0,"FOOD CUPBOARD","SPREADS AND TOPPING"
MKL,110145,35,DINNERWARE,BOWLS
MKL,113786,0,"FOOD CUPBOARD",BISCUITS
MKL,113787,4,"FOOD CUPBOARD",BISCUITS
MKL,113788,0,"FOOD CUPBOARD",BISCUITS
MKL,113789,0,"FOOD CUPBOARD",BISCUITS
MKL,113811,0,"FOOD CUPBOARD",BISCUITS
MKL,112026,0,"HOME AND PERSONAL CARE","ORAL CARE"
MKL,112083,0,"FOOD CUPBOARD",CONDIMENTS
MKL,112086,0,"FOOD CUPBOARD",CONDIMENTS
MKL,113938,0,"CHILDREN BOOKS AND GEN REF","BOOKS AND LEARNINGS"
MKL,113955,0,BEVERAGES,DRINKS
MKL,113956,0,BEVERAGES,DRINKS
MKL,113958,0,BEVERAGES,DRINKS
MKL,113959,0,"HOME AND PERSONAL CARE","ORAL CARE"
MKL,113976,0,"HOME AND PERSONAL CARE","LAUNDRY CARE"
MKL,108983,1,"FOOD CUPBOARD","MILK AND CREAMERS"
MKL,108989,0,"FOOD CUPBOARD","RAW RICE"
MKL,110507,0,"LIGHT BULBS","LED BULB"
MKL,112265,0,"CUTLERY ITEMS","SPOONS FORKS KNIFE AND CUTLERY SET"
MKL,112343,2,REFRIGERATOR,"DD TMF REFRIGERATOR"
MKL,113982,0,BEVERAGES,DRINKS
MKL,113983,0,BEVERAGES,DRINKS
MKL,113984,0,BEVERAGES,DRINKS
MKL,112454,0,"STORAGE AND ORGANIZER","STORAGE CONTAINERS"
MKL,112461,0,"STORAGE AND ORGANIZER","STORAGE CONTAINERS"
MKL,124424,2.5,"FRUITS- IMPORT",Fruits
MKL,122722,26,"FOOD CUPBOARD","BREAKFAST CEREALS"
MKL,123913,0,"HOME HYGIENE","SPONGE SCRUBBERS AND SCOURERS"
MKL,122728,0,"GENERAL STATIONERY","   WRITING SUPPLIES"
MKL,122731,0,"GENERAL STATIONERY","   WRITING SUPPLIES"
MKL,122732,100,"GENERAL STATIONERY","   WRITING SUPPLIES"
MKL,122735,0,"GENERAL STATIONERY","   WRITING SUPPLIES"
MKL,122736,0,"GENERAL STATIONERY","   WRITING SUPPLIES"
MKL,124052,0,LAUNDARY,HOOKS
MKL,124060,0,"SPORTS AND GAMES","FOOT BALL"
MKL,124072,0,"HOME HYGIENE","MOPPING AND WIPING"
MKL,124075,0,"HOME HYGIENE","MOPPING AND WIPING"
MKL,124079,0,"HOME HYGIENE","MOPPING AND WIPING"
MKL,125177,0,"AIR CONDITIONING","SPLIT AC"
MKL,122795,3,BATHROOM,"BATHROOM SHELF RACKS HOLDERS"
MKL,122803,0,"STORAGE AND ORGANIZER","LUNCH BOXES TIFFINS AND FOOD FLASK"
MKL,124096,0,"HOME HYGIENE","TOILET BRUSHES"
MKL,124108,0,"HOME HYGIENE","CLEANING CLOTHES"
MKL,124118,0,"HOME HYGIENE","CLEANING CLOTHES"
MKL,124119,0,"HOME HYGIENE","CLEANING CLOTHES"
MKL,124120,0,"HOME HYGIENE","CLEANING CLOTHES"
MKL,124122,0,"HOME HYGIENE","SPONGE SCRUBBERS AND SCOURERS"
MKL,124123,0,"HOME HYGIENE","SPONGE SCRUBBERS AND SCOURERS"
MKL,124125,0,"HOME HYGIENE","SPONGE SCRUBBERS AND SCOURERS"
MKL,125196,0,"FOOD CUPBOARD","EDIBLE OILS AND GHEE"
MKL,122876,0,"MELAMINE WARE","MEL BOWL/BOWL+COVER"
MKL,124127,0,"HOME HYGIENE","SPONGE SCRUBBERS AND SCOURERS"
MKL,124133,0,"HOME HYGIENE","SPONGE SCRUBBERS AND SCOURERS"
MKL,124135,0,"HOME HYGIENE","SPONGE SCRUBBERS AND SCOURERS"
MKL,124141,5,"HOME HYGIENE","SPONGE SCRUBBERS AND SCOURERS"
MKL,124145,0,BAKEWARE,"BAKING TOOLS AND ACCESSORIES"
MKL,12418,0,"FOOD CUPBOARD","MILK AND CREAMERS"
MKL,12419,0,"FOOD CUPBOARD","MILK AND CREAMERS"
MKL,125253,0,"HOME AND PERSONAL CARE",DISPOSABLE
MKL,125258,0,"HOME AND PERSONAL CARE","PERSONAL WASH"
MKL,125259,50,"HOME AND PERSONAL CARE","PERSONAL WASH"
MKL,125262,1,"HOME AND PERSONAL CARE","LAUNDRY CARE"
MKL,125263,0,"HOME AND PERSONAL CARE","LAUNDRY CARE"
MKL,125264,0,"HOME AND PERSONAL CARE","LAUNDRY CARE"
MKL,122993,0,"LINEN CARE","STEAM IRONS"
MKL,124247,0,"HOME HYGIENE","MOPPING AND WIPING"
MKL,123176,0,GLASSWARE,"BEER MUGS AND BEER GLASS"
MKL,124706,0,"HOME AND PERSONAL CARE",DISPOSABLE
MKL,124707,0,"HOME AND PERSONAL CARE",DISPOSABLE
MKL,122216,0,"HOME AND PERSONAL CARE",FRESHENERS
MKL,123466,0,"STORAGE AND ORGANIZER","STORAGE CONTAINERS"
MKL,124710,0,"HOME AND PERSONAL CARE",DISPOSABLE
MKL,124731,0,"STORAGE AND ORGANIZER","STORAGE CONTAINERS"
MKL,122217,0,"HOME AND PERSONAL CARE",FRESHENERS
MKL,122218,0,"HOME AND PERSONAL CARE",FRESHENERS
MKL,122219,0,"HOME AND PERSONAL CARE",FRESHENERS
MKL,122226,45,"HOME AND PERSONAL CARE",FRESHENERS
MKL,122227,0,"HOME AND PERSONAL CARE",FRESHENERS
MKL,122265,0,GLASSWARE,"GLASS / TUMBLER /WINE / CHAMPAGNE"
MKL,122268,0,GLASSWARE,"GLASS / TUMBLER /WINE / CHAMPAGNE"
MKL,123487,0,KITCHENWARE,"DISH RACKS"
MKL,122284,0,"HOUSE HOLD PRODUCTS","HOUSE HOLD"
MKL,122286,241,"HOUSE HOLD PRODUCTS","HOUSE HOLD"
MKL,122312,0,"BEVERAGES ALCOHOLIC",WINES
MKL,124755,0,"CHILDREN BOOKS AND GEN REF","BOOKS AND LEARNINGS"
MKL,123674,0,"HOME FURNISHING","BATH LINEN"
MKL,124808,0,"STORAGE AND ORGANIZER",BASKET
MKL,124861,0,BAKEWARE,"BAKING TOOLS AND ACCESSORIES"
MKL,124886,0,BATHROOM,"SOAP DISH CASE DISPENSERS"
MKL,120457,0,"FLASK AND BOTTLES",BOTTLE
MKL,121769,0,"FOOD CUPBOARD","CANNED FOOD"
MKL,119267,12,"GENERAL STATIONERY","   WRITING SUPPLIES"
MKL,119283,0,"GENERAL STATIONERY","   WRITING SUPPLIES"
MKL,119286,0,"GENERAL STATIONERY","   WRITING SUPPLIES"
MKL,119307,0,"HOME AND PERSONAL CARE",FRAGRANCES
MKL,119311,0,"HOME AND PERSONAL CARE",FRAGRANCES
MKL,120619,0,"BLANKETS QUILTS COMFORTERS AND BEDCOVERS",COMFORTERS
MKL,120620,0,"BLANKETS QUILTS COMFORTERS AND BEDCOVERS",COMFORTERS
MKL,120648,0,"OFFICE STATIONERY",PAPER
MKL,121778,8,"HOME AND PERSONAL CARE","FEMININE CARE"
MKL,121825,5,LAUNDARY,"CLOTH PEGS / CLIP"
MKL,121826,0,LAUNDARY,"CLOTH PEGS / CLIP"
MKL,119332,0,"HOME AND PERSONAL CARE","ORAL CARE"
MKL,120683,0,"VIDEO ACCESSORIES","TV BRACKET AND ACCESSORIES"
MKL,119478,0,KITCHENWARE,"DISH RACKS"
MKL,119479,0,KITCHENWARE,"DISH RACKS"
MKL,120718,0,BEVERAGES,"MINERAL WATER"
MKL,122003,0,"FRESH DAIRY AND EGGS",Yoghurt
MKL,119590,0,BEVERAGES,JUICE
MKL,119591,0,BEVERAGES,JUICE
MKL,119592,0,BEVERAGES,JUICE
MKL,119593,0,BEVERAGES,JUICE
MKL,119594,58,BEVERAGES,JUICE
MKL,119595,0,BEVERAGES,JUICE
MKL,120807,4,"HOME AND PERSONAL CARE","LAUNDRY CARE"
MKL,120808,0,"HOME AND PERSONAL CARE","LAUNDRY CARE"
MKL,120846,0,"HOME AND PERSONAL CARE","INFANT AND BABY CARE"
MKL,120847,0,"HOME AND PERSONAL CARE","INFANT AND BABY CARE"
MKL,120917,0,"FOOD CUPBOARD","RAW RICE"
MKL,120921,0,BEVERAGES,"MINERAL WATER"
MKL,119647,0,"FOOD CUPBOARD","NOODLES AND SOUP"
MKL,119648,0,"FOOD CUPBOARD","NOODLES AND SOUP"
MKL,119651,0,"FOOD CUPBOARD","NOODLES AND SOUP"
MKL,119654,0,"FOOD CUPBOARD","SPICES AND HERBS"
MKL,119658,22,"FOOD CUPBOARD","DRINKING POWDER"
MKL,119666,15,"FOOD CUPBOARD","BREAKFAST CEREALS"
MKL,118617,0,DINNERWARE,"TEA AND COFFEE SETS"
MKL,119793,0,"HOME AND PERSONAL CARE","HOUSEHOLD CLEANERS"
MKL,119794,0,"HOME AND PERSONAL CARE","HOUSEHOLD CLEANERS"
MKL,121151,0,"FOOD CUPBOARD",BISCUITS
MKL,121456,0,"FOOD CUPBOARD","EDIBLE OILS AND GHEE"
MKL,121457,0,"FOOD CUPBOARD","EDIBLE OILS AND GHEE"
MKL,121458,0,"FOOD CUPBOARD","EDIBLE OILS AND GHEE"
MKL,120115,0,LAUNDARY,"LAUNDRY BASKET/ITEMS"
MKL,120165,6,BATTERIES,BATTERY
MKL,120166,0,LIGHTING/LAMPS,"TORCH/ LANTERN"
MKL,120167,0,LIGHTING/LAMPS,"TORCH/ LANTERN"
MKL,120178,0,"STORAGE AND ORGANIZER",BASKET
MKL,120209,0,"FLASK AND BOTTLES",BOTTLE
MKL,120378,0,"BEVERAGES ALCOHOLIC","BOTTLE BEER"
MKL,120383,0,"HOME AND PERSONAL CARE",DISPOSABLE
MKL,120385,0,"HOME AND PERSONAL CARE",DISPOSABLE
MKL,13207,0,"FOOD CUPBOARD","SPREADS AND TOPPING"
MKL,132079,0,"HOME AND PERSONAL CARE","LAUNDRY CARE"
MKL,130918,0,"HOME AND PERSONAL CARE","ORAL CARE"
MKL,130991,0,"LIGHT BULBS","LED BULB"
MKL,130131,0,BEVERAGES,"MINERAL WATER"
MKL,130133,0,BEVERAGES,"MINERAL WATER"
MKL,131045,0,"HOME AND PERSONAL CARE",FRESHENERS
MKL,131047,0,"HOME AND PERSONAL CARE",FRESHENERS
MKL,131068,19,"HOME AND PERSONAL CARE",FRAGRANCES
MKL,132156,0,"HOME FURNISHING","BATH LINEN"
MKL,131082,0,"HOME AND PERSONAL CARE",FRESHENERS
MKL,131112,0,"FOOD CUPBOARD","MILK AND CREAMERS"
MKL,131128,10,"HOME HYGIENE","SPONGE SCRUBBERS AND SCOURERS"
MKL,131134,0,"HOME HYGIENE","BROOM BRUSHES DUSTPANS"
MKL,132291,0,"STORAGE AND ORGANIZER","ICE CHEST AND COOLERS"
MKL,129586,0,BEVERAGES,JUICE
MKL,129587,0,BEVERAGES,JUICE
MKL,129588,0,BEVERAGES,JUICE
MKL,129589,0,BEVERAGES,JUICE
MKL,129598,0,"CUTLERY ITEMS",OPENERS
MKL,129600,0,"CUTLERY ITEMS",OPENERS
MKL,129601,0,"CUTLERY ITEMS",OPENERS
MKL,129603,0,"CUTLERY ITEMS",OPENERS
MKL,129605,0,"CUTLERY ITEMS",OPENERS
MKL,129608,0,"CUTLERY ITEMS",OPENERS
MKL,129610,0,"CUTLERY ITEMS",OPENERS
MKL,129611,2,"CUTLERY ITEMS",OPENERS
MKL,129612,62,"CUTLERY ITEMS",OPENERS
MKL,131311,0,COOKWARE,"COOKWARE SET"
MKL,131318,0,"FOOD CUPBOARD","CANNED FOOD"
MKL,131321,0,BEVERAGES,DRINKS
MKL,131340,5,BAKEWARE,"BAKING TOOLS AND ACCESSORIES"
MKL,132350,0,BEVERAGES,JUICE
MKL,131392,0,"HOME AND PERSONAL CARE","ORAL CARE"
MKL,131397,0,"HOME AND PERSONAL CARE","ORAL CARE"
MKL,132415,0,"COVERS CUSHION/PILLOW/CHAIR",CUSHION
MKL,129815,0,LAUNDARY,"CLOTH LINE/ STRING"
MKL,129816,0,LAUNDARY,"CLOTH LINE/ STRING"
MKL,129817,0,LAUNDARY,"CLOTH LINE/ STRING"
MKL,129822,0,LAUNDARY,"CLOTH LINE/ STRING"
MKL,131467,0,"FOOD CUPBOARD","MILK AND CREAMERS"
MKL,131521,0,"FOOD CUPBOARD",CONDIMENTS
MKL,131522,52,"FOOD CUPBOARD",CONDIMENTS
MKL,130501,0,"FOOD CUPBOARD",BISCUITS
MKL,131544,0,"FRESH DAIRY AND EGGS",Yoghurt
MKL,131547,5,"FRESH DAIRY AND EGGS",Yoghurt
MKL,131548,0,"FRESH DAIRY AND EGGS",Yoghurt
MKL,131565,0,"FOOD CUPBOARD","BREAKFAST CEREALS"
MKL,132705,0,"HOTPLATE  BBQ  GRILL","HOT PLATE"
MKL,132712,0,"HOTPLATE  BBQ  GRILL","HOT PLATE"
MKL,131639,0,BAKEWARE,MOULDS
MKL,131641,0,BAKEWARE,MOULDS
MKL,130793,122,"FOOD CUPBOARD",BISCUITS
MKL,130798,0,"FOOD CUPBOARD",BISCUITS
MKL,132027,0,"CUTLERY ITEMS","SPOONS FORKS KNIFE AND CUTLERY SET"
MKL,132029,0,"CUTLERY ITEMS","SPOONS FORKS KNIFE AND CUTLERY SET"
MKL,13203,0,"FOOD CUPBOARD","SALT  SUGAR AND JAGGERY"
MKL,132031,0,"CUTLERY ITEMS","SPOONS FORKS KNIFE AND CUTLERY SET"
MKL,133028,91,"KNIFE AND CHOPPING BOARD","CHOPPING BOARDS AND CHOPPERS"
MKL,133029,0,"KNIFE AND CHOPPING BOARD","CHOPPING BOARDS AND CHOPPERS"
MKL,13204,0,"FOOD CUPBOARD","SALT  SUGAR AND JAGGERY"
MKL,133053,0,"FOOD CUPBOARD","SPREADS AND TOPPING"
MKL,133054,6,"FOOD CUPBOARD","SPREADS AND TOPPING"
MKL,133055,0,"FOOD CUPBOARD","SPREADS AND TOPPING"
MKL,133056,0,"FOOD CUPBOARD","SPREADS AND TOPPING"
MKL,133057,0,"FOOD CUPBOARD","SPREADS AND TOPPING"
MKL,129119,0,"KNIFE AND CHOPPING BOARD",SCISSORS
MKL,129120,0,"KNIFE AND CHOPPING BOARD",SCISSORS
MKL,129135,0,"BACKYARD PLAY","CATCHER AND SLING SHOTS"
MKL,126012,39,"FRUITS- IMPORT",Fruits
MKL,12699,0,"HOME AND PERSONAL CARE",DISPOSABLE
MKL,129298,0,"KITCHEN TOOLS AND CULTARY","STRAINER AND FILTERS"
MKL,129304,0,SERVEWARE,"SERVING BOWL"
MKL,127067,6,"LINEN CARE","STEAM IRONS"
MKL,127070,0,"LINEN CARE","DRY IRON"
MKL,128552,13,LAUNDARY,"LAUNDARY BASKET"
MKL,128553,3,LAUNDARY,"LAUNDARY BASKET"
MKL,129391,1,"PARTY SUPPLIES",DISPOSABLES
MKL,128564,0,"TOYS CARS TRAINS AND VEHICLES","BATTERY OPERATED REMOTE CONTROL"
MKL,128588,0,"ROLE PLAY AND PRETEND TOYS","SPY GEAR AND GADGETS"
MKL,129576,0,DINNERWARE,PLATE
MKL,129578,91,DINNERWARE,BOWLS
MKL,126174,0,"STORAGE AND ORGANIZER","RACK SHELF DRAWERS ORGANIZERS"
MKL,126195,0,"HOME AND PERSONAL CARE","HOUSEHOLD CLEANERS"
MKL,125267,0,"HOME AND PERSONAL CARE","PERSONAL WASH"
MKL,125273,0,"HOME AND PERSONAL CARE",FRESHENERS
MKL,125274,0,"HOME AND PERSONAL CARE",FRESHENERS
MKL,125275,0,"HOME AND PERSONAL CARE",FRESHENERS
MKL,125276,0,"HOME AND PERSONAL CARE",FRESHENERS
MKL,125281,0,"VIDEO ACCESSORIES","TV BRACKET AND ACCESSORIES"
MKL,125282,0,"VIDEO ACCESSORIES","TV BRACKET AND ACCESSORIES"
MKL,125283,0,"VIDEO ACCESSORIES","TV BRACKET AND ACCESSORIES"
MKL,125284,0,"VIDEO ACCESSORIES","TV BRACKET AND ACCESSORIES"
MKL,125285,0,"VIDEO ACCESSORIES","TV BRACKET AND ACCESSORIES"
MKL,125287,12,"HOME AND PERSONAL CARE",FRESHENERS
MKL,125292,0,"HOME AND PERSONAL CARE",FRESHENERS
MKL,125293,0,"HOME AND PERSONAL CARE",FRESHENERS
MKL,125302,0,"HOME AND PERSONAL CARE",FRESHENERS
MKL,126204,0,"HOME AND PERSONAL CARE",FRESHENERS
MKL,126205,0,"HOME AND PERSONAL CARE",FRESHENERS
MKL,126206,0,"HOME AND PERSONAL CARE",FRESHENERS
MKL,126208,0,"HOME AND PERSONAL CARE",FRESHENERS
MKL,126209,2,"HOME AND PERSONAL CARE",FRESHENERS
MKL,126211,0,"HOME AND PERSONAL CARE",FRESHENERS
MKL,126212,0,"HOME AND PERSONAL CARE",FRESHENERS
MKL,126213,0,"HOME AND PERSONAL CARE",FRESHENERS
MKL,126214,0,"HOME AND PERSONAL CARE",FRESHENERS
MKL,126216,0,"HOME AND PERSONAL CARE",FRESHENERS
MKL,126217,0,"HOME AND PERSONAL CARE",FRESHENERS
MKL,126219,0,"HOME AND PERSONAL CARE",FRESHENERS
MKL,126220,0,"HOME AND PERSONAL CARE",FRESHENERS
MKL,126223,0,"HOME AND PERSONAL CARE",FRESHENERS
MKL,126225,0,"HOME AND PERSONAL CARE",FRESHENERS
MKL,128757,0,BEVERAGES,DRINKS
MKL,125303,0,"HOME AND PERSONAL CARE",DISPOSABLE
MKL,125306,0,"HOME AND PERSONAL CARE",FRESHENERS
MKL,126229,0,"HOME AND PERSONAL CARE",FRESHENERS
MKL,126230,0,"HOME AND PERSONAL CARE",FRESHENERS
MKL,128776,12,"GENERAL STATIONERY","   WRITING SUPPLIES"
MKL,128779,0,"GENERAL STATIONERY","   WRITING SUPPLIES"
MKL,125359,30,"HOME AND PERSONAL CARE","LAUNDRY CARE"
MKL,125360,0,"HOME AND PERSONAL CARE","LAUNDRY CARE"
MKL,127555,0,"WASHING MACHINE","TWIN TUB WM"
MKL,128810,0,"GENERAL STATIONERY","   WRITING SUPPLIES"
MKL,128827,13,"FOOD CUPBOARD","SPREADS AND TOPPING"
MKL,127680,0,"HOME AND PERSONAL CARE","PERSONAL WASH"
MKL,127739,0,BAKEWARE,MOULDS
MKL,127740,0,BAKEWARE,MOULDS
MKL,127749,50,BAKEWARE,MOULDS
MKL,127755,0,BAKEWARE,MOULDS
MKL,126470,0,BEVERAGES,JUICE
MKL,126471,0,BEVERAGES,JUICE
MKL,127757,0,BAKEWARE,MOULDS
MKL,125630,0,DINNERWARE,PLATE
MKL,125631,0,DINNERWARE,PLATE
MKL,127895,0,"FOOD CUPBOARD",SNACKS
MKL,127905,0,"FOOD CUPBOARD",SNACKS
MKL,128935,0,"PACKAGING AND MAILING","   TAPES AND DISPENSERS"
MKL,128939,0,"PACKAGING AND MAILING","   TAPES AND DISPENSERS"
MKL,128946,12,"OFFICE STATIONERY","OFFICE BASIC AND STATIONERY"
MKL,128951,0,"OFFICE STATIONERY","OFFICE BASIC AND STATIONERY"
MKL,125785,0,"FOOD CUPBOARD","MILK AND CREAMERS"
MKL,125866,0,"BEVERAGES ALCOHOLIC",WINES
MKL,125867,0,"BEVERAGES ALCOHOLIC",WINES
MKL,125869,0,"BEVERAGES ALCOHOLIC",WINES
MKL,125870,0,"BEVERAGES ALCOHOLIC",WINES
MKL,125871,0,"BEVERAGES ALCOHOLIC",WINES
MKL,125896,0,GLASSWARE,"GLASS / TUMBLER /WINE / CHAMPAGNE"
MKL,125897,0,GLASSWARE,"GLASS / TUMBLER /WINE / CHAMPAGNE"
MKL,128146,0,MICROWAVE,"GRILL MICROWAVE"
MKL,142207,0,"BEVERAGES ALCOHOLIC",WINES
MKL,138571,0,PILLOWS,PILLOWS
MKL,139776,0,DINNERWARE,MUGS
MKL,138594,24,"FOOD CUPBOARD",BISCUITS
MKL,138596,0,"FOOD CUPBOARD",BISCUITS
MKL,13865,1,"HOME AND PERSONAL CARE","FEMININE CARE"
MKL,13990,0,"FOOD CUPBOARD","CANNED FOOD"
MKL,13991,0,"FOOD CUPBOARD","CANNED FOOD"
MKL,138785,0,"LED TV","SMART TV"
MKL,138806,0,"HOME AND PERSONAL CARE","INFANT AND BABY CARE"
MKL,138808,0,"HOME AND PERSONAL CARE","INFANT AND BABY CARE"
MKL,138815,3,"GENERAL STATIONERY","   WRITING SUPPLIES"
MKL,138920,0,"HOME AND PERSONAL CARE","PERSONAL WASH"
MKL,138921,0,"HOME AND PERSONAL CARE","PERSONAL WASH"
MKL,138922,0,"HOME AND PERSONAL CARE","PERSONAL WASH"
MKL,138924,0,"HOME AND PERSONAL CARE","PERSONAL WASH"
MKL,138925,0,"HOME AND PERSONAL CARE","PERSONAL WASH"
MKL,138926,0,"HOME AND PERSONAL CARE","PERSONAL WASH"
MKL,138928,0,"HOME AND PERSONAL CARE","PERSONAL WASH"
MKL,138932,0,"HOME AND PERSONAL CARE","PERSONAL WASH"
MKL,140977,0,BEVERAGES,JUICE
MKL,139250,0,"FOOD CUPBOARD","HONEY  JAM AND MARMALADE"
MKL,141370,0,KITCHENWARE,"BAR TOOLS AND ACCESSORIES"
MKL,141371,1,KITCHENWARE,"BAR TOOLS AND ACCESSORIES"
MKL,141389,0,KITCHENWARE,"BAR TOOLS AND ACCESSORIES"
MKL,141391,0,"KITCHEN TOOLS AND CULTARY",TONGS
MKL,141401,0,"KITCHEN TOOLS AND CULTARY",TONGS
MKL,139265,0,"HOME AND PERSONAL CARE",DISPOSABLE
MKL,141409,9,KITCHENWARE,"SALT AND PEPPER/CRUETS"
MKL,141411,0,KITCHENWARE,"SALT AND PEPPER/CRUETS"
MKL,141413,0,KITCHENWARE,"SALT AND PEPPER/CRUETS"
MKL,141414,0,BATHROOM,"BATHROOM SHELF RACKS HOLDERS"
MKL,141421,0,"KITCHEN TOOLS AND CULTARY","COOKING TOOL LADLES AND SERVERS"
MKL,141423,0,"KITCHEN TOOLS AND CULTARY","COOKING TOOL LADLES AND SERVERS"
MKL,141425,0,"KITCHEN TOOLS AND CULTARY","COOKING TOOL LADLES AND SERVERS"
MKL,141427,0,"KITCHEN TOOLS AND CULTARY","COOKING TOOL LADLES AND SERVERS"
MKL,141429,0,"KITCHEN TOOLS AND CULTARY",TONGS
MKL,141431,0,"KITCHEN TOOLS AND CULTARY","COOKING TOOL LADLES AND SERVERS"
MKL,141433,0,"KITCHEN TOOLS AND CULTARY","COOKING TOOL LADLES AND SERVERS"
MKL,141434,0,"KITCHEN TOOLS AND CULTARY","COOKING TOOL LADLES AND SERVERS"
MKL,141435,0,"KITCHEN TOOLS AND CULTARY","COOKING TOOL LADLES AND SERVERS"
MKL,141440,0,"KITCHEN TOOLS AND CULTARY",TONGS
MKL,139331,9,FAN,"STANDING FAN"
MKL,138235,0,"FOOD CUPBOARD",SNACKS
MKL,141775,21,"BEVERAGES ALCOHOLIC",BITTERS
MKL,141778,0,"BEVERAGES ALCOHOLIC",BITTERS
MKL,141779,0,"BEVERAGES ALCOHOLIC",BITTERS
MKL,138349,0,"FOOD CUPBOARD","MILK AND CREAMERS"
MKL,138364,0,BEVERAGES,TEA
MKL,138371,0,BEVERAGES,TEA
MKL,139682,0,"FOOD CUPBOARD",BISCUITS
MKL,139701,20,"FOOD CUPBOARD",SNACKS
MKL,139702,0,"FOOD CUPBOARD",SNACKS
MKL,139760,9,DINNERWARE,MUGS
MKL,139769,0,DINNERWARE,MUGS
MKL,139770,0,DINNERWARE,MUGS
MKL,140567,0,"FOOD CUPBOARD","SALT  SUGAR AND JAGGERY"
MKL,140569,12,"FOOD CUPBOARD",SNACKS
MKL,140586,0,GLASSWARE,"DISPENSERS / DECANTER SETS"
MKL,140590,0,"STORAGE AND ORGANIZER","STORAGE CONTAINERS"
MKL,140591,0,"STORAGE AND ORGANIZER","STORAGE CONTAINERS"
MKL,140593,0,"KITCHEN TOOLS AND CULTARY","STRAINER AND FILTERS"
MKL,135811,0,"MELAMINE WARE","MEL BOWL/BOWL+COVER"
MKL,134557,0,GLASSWARE,CONTAINERS
MKL,137269,30,"FOOD CUPBOARD",CONFECTIONERY
MKL,135887,0,"GENERAL STATIONERY","   WRITING SUPPLIES"
MKL,135892,0,"GENERAL STATIONERY","   WRITING SUPPLIES"
MKL,137271,10,"FOOD CUPBOARD",CONFECTIONERY
MKL,137272,20,"FOOD CUPBOARD",CONFECTIONERY
MKL,137273,10,"FOOD CUPBOARD",CONFECTIONERY
MKL,13594,0,"HOME AND PERSONAL CARE",FRAGRANCES
MKL,133927,0,"FOOD CUPBOARD","BREAKFAST CEREALS"
MKL,134754,0,DINNERWARE,BOWLS
MKL,134756,0,"STORAGE AND ORGANIZER",BASKET
MKL,134757,0,"STORAGE AND ORGANIZER",BASKET
MKL,13476,25,"FOOD CUPBOARD","RAW RICE"
MKL,135981,0,"HOME HYGIENE",DUSTBINS
MKL,137491,0,"HOME AND PERSONAL CARE","INFANT AND BABY CARE"
MKL,137492,0,"HOME AND PERSONAL CARE","INFANT AND BABY CARE"
MKL,137493,10,"HOME AND PERSONAL CARE","INFANT AND BABY CARE"
MKL,137496,10,"HOME AND PERSONAL CARE","INFANT AND BABY CARE"
MKL,137497,1,"HOME AND PERSONAL CARE","INFANT AND BABY CARE"
MKL,137498,0,"HOME AND PERSONAL CARE","INFANT AND BABY CARE"
MKL,134774,0,"STORAGE AND ORGANIZER",BASKET
MKL,134780,0,KITCHENWARE,"DISH RACKS"
MKL,134799,0,"STORAGE AND ORGANIZER","STORAGE CONTAINERS"
MKL,136056,0,"BEVERAGES ALCOHOLIC",WHISKEY
MKL,133972,0,"BEVERAGES ALCOHOLIC",CIDER
MKL,133980,5,"SCHOOL AND CHILDREN STATIONERY",BACKPACKS
MKL,133981,0,"SCHOOL AND CHILDREN STATIONERY",BACKPACKS
MKL,133985,0,"SCHOOL AND CHILDREN STATIONERY","SCHOOL WATER BOTTLES"
MKL,134089,0,"HOME AND PERSONAL CARE",DISPOSABLE
MKL,134090,0,"HOME AND PERSONAL CARE",DISPOSABLE
MKL,134091,0,"HOME AND PERSONAL CARE",DISPOSABLE
MKL,136091,1,"HOME AND PERSONAL CARE",DISPOSABLE
MKL,134093,0,"HOME AND PERSONAL CARE","FEMININE CARE"
MKL,134095,0,"HOME AND PERSONAL CARE","FEMININE CARE"
MKL,134144,0,"CHILDREN BOOKS AND GEN REF","BOOKS AND LEARNINGS"
MKL,135070,0,KETTLE,"PLASTIC KETTLE"
MKL,135096,0,"COFFEE / END / NESTING TABLES","END TABLES"
MKL,134246,0,"HOME AND PERSONAL CARE","ORAL CARE"
MKL,134251,0,"HOME AND PERSONAL CARE","ORAL CARE"
MKL,133381,0,"FOOD CUPBOARD",BISCUITS
MKL,133382,0,"FOOD CUPBOARD",BISCUITS
MKL,133384,0,"FOOD CUPBOARD",BISCUITS
MKL,134319,1,"HOME AND PERSONAL CARE","FEMININE CARE"
MKL,134321,0,"HOME AND PERSONAL CARE","FEMININE CARE"
MKL,134325,0,"HOME AND PERSONAL CARE","FEMININE CARE"
MKL,134326,0,"HOME AND PERSONAL CARE","FEMININE CARE"
MKL,134328,0,"HOME AND PERSONAL CARE","FEMININE CARE"
MKL,134388,20,"FOOD CUPBOARD",SNACKS
MKL,135328,7,"HOME AND PERSONAL CARE","LAUNDRY CARE"
MKL,136951,0,KITCHENWARE,"DISH RACKS"
MKL,136952,0,KITCHENWARE,"DISH RACKS"
MKL,134437,0,"FOOD CUPBOARD",SNACKS
MKL,135338,0,"HOME AND PERSONAL CARE","HEALTH AND WELLNESS"
MKL,135341,0,"HOME AND PERSONAL CARE","PERSONAL WASH"
MKL,135342,0,"HOME AND PERSONAL CARE","HOUSEHOLD CLEANERS"
MKL,135344,0,"HOME AND PERSONAL CARE","LAUNDRY CARE"
MKL,135389,0,MICROWAVE,"SOLO MICROWAVE"
MKL,137007,0,"HOME AND PERSONAL CARE","ORAL CARE"
MKL,135407,0,DINNERWARE,BOWLS
MKL,135409,0,DINNERWARE,PLATE
MKL,148915,0,"HARDWARE ITEMS","HOME UTILITY"
MKL,149836,0,ELECTRICALS,"EXTENSION CORD"
MKL,148003,0,"GAS COOKER","FREE STANDING GAS COOKER"
MKL,149011,50,"FOOD CUPBOARD",SNACKS
MKL,14805,0,"HOME AND PERSONAL CARE","PERSONAL WASH"
MKL,14806,0,"HOME AND PERSONAL CARE","PERSONAL WASH"
MKL,149050,0,"FOOD CUPBOARD",SNACKS
MKL,149073,0,"FOOD CUPBOARD","MILK AND CREAMERS"
MKL,149075,0,"FOOD CUPBOARD","NOODLES AND SOUP"
MKL,14809,0,"HOME AND PERSONAL CARE","PERSONAL WASH"
MKL,14810,0,"HOME AND PERSONAL CARE","PERSONAL WASH"
MKL,14811,41,"HOME AND PERSONAL CARE","HOUSEHOLD CLEANERS"
MKL,14812,0,"HOME AND PERSONAL CARE","HOUSEHOLD CLEANERS"
MKL,14818,0,"HOME AND PERSONAL CARE","HOUSEHOLD CLEANERS"
MKL,14819,0,"HOME AND PERSONAL CARE","HOUSEHOLD CLEANERS"
MKL,14820,0,"HOME AND PERSONAL CARE","HOUSEHOLD CLEANERS"
MKL,14821,8,"HOME AND PERSONAL CARE","HOUSEHOLD CLEANERS"
MKL,14822,1,"HOME AND PERSONAL CARE","LAUNDRY CARE"
MKL,14825,0,"HOME AND PERSONAL CARE","LAUNDRY CARE"
MKL,14826,0,"HOME AND PERSONAL CARE","LAUNDRY CARE"
MKL,14827,0,"HOME AND PERSONAL CARE","LAUNDRY CARE"
MKL,148278,0,"HOME AND PERSONAL CARE",DISPOSABLE
MKL,148279,0,"HOME AND PERSONAL CARE",DISPOSABLE
MKL,14828,0,"HOME AND PERSONAL CARE","LAUNDRY CARE"
MKL,149286,0,BEVERAGES,JUICE
MKL,149288,0,BEVERAGES,JUICE
MKL,149290,0,BEVERAGES,JUICE
MKL,148325,0,DINNERWARE,PLATE
MKL,148382,1,LAUNDARY,"LAUNDARY BASKET"
MKL,148383,0,LAUNDARY,"LAUNDARY BASKET"
MKL,148384,7,"STORAGE AND ORGANIZER",BASKET
MKL,148385,3,"STORAGE AND ORGANIZER",BASKET
MKL,148386,0,"STORAGE AND ORGANIZER",BASKET
MKL,148388,6,"DISH CLOTHS AND NAPKINS","ASSORTED ITEMS"
MKL,149364,0,BEVERAGES,"MINERAL WATER"
MKL,149365,0,BEVERAGES,"MINERAL WATER"
MKL,147574,0,INFANTS,"BABY GENERAL CARE"
MKL,148419,0,DINNERWARE,"TEA AND COFFEE SETS"
MKL,148439,0,DINNERWARE,PLATE
MKL,148441,0,DINNERWARE,BOWLS
MKL,148442,0,DINNERWARE,MUGS
MKL,148446,0,DINNERWARE,MUGS
MKL,148448,0,DINNERWARE,MUGS
MKL,149371,0,REFRIGERATOR,"DD BMF REFRIGERATOR"
MKL,147617,0,"FOOD CUPBOARD",BISCUITS
MKL,147618,0,"FOOD CUPBOARD",BISCUITS
MKL,147619,0,"FOOD CUPBOARD",BISCUITS
MKL,149441,0,GLASSWARE,"GLASS / TUMBLER /WINE / CHAMPAGNE"
MKL,149447,0,GLASSWARE,"GLASS / TUMBLER /WINE / CHAMPAGNE"
MKL,149449,0,GLASSWARE,"GLASS / TUMBLER /WINE / CHAMPAGNE"
MKL,149451,0,GLASSWARE,"GLASS / TUMBLER /WINE / CHAMPAGNE"
MKL,149453,0,GLASSWARE,"GLASS / TUMBLER /WINE / CHAMPAGNE"
MKL,147687,0,BATTERIES,BATTERY
MKL,148518,0,"HOME DECOR",DECORATIVE
MKL,148543,0,BEVERAGES,"MINERAL WATER"
MKL,148545,0,BEVERAGES,"MINERAL WATER"
MKL,148547,0,BEVERAGES,"MINERAL WATER"
MKL,148548,0,BEVERAGES,"MINERAL WATER"
MKL,148557,5,"HOME DECOR",DECORATIVE
MKL,149454,0,GLASSWARE,"GLASS / TUMBLER /WINE / CHAMPAGNE"
MKL,149456,0,GLASSWARE,"GLASS / TUMBLER /WINE / CHAMPAGNE"
MKL,149457,0,GLASSWARE,"GLASS / TUMBLER /WINE / CHAMPAGNE"
MKL,149500,0,"CUTLERY ITEMS",OPENERS
MKL,148569,15,"FLASK AND BOTTLES",BOTTLE
MKL,148623,0,LAUNDARY,HOOKS
MKL,148626,0,LAUNDARY,HOOKS
MKL,149620,0,KITCHENWARE,"DISH RACKS"
MKL,149625,0,"HOME DECOR","WallANDTable Decor"
MKL,149626,0,"HOME DECOR","WallANDTable Decor"
MKL,148791,0,"PARTY SUPPLIES","CELEBRATION DECOR AND ACCESSORIES"
MKL,148797,2,"PARTY SUPPLIES","CELEBRATION DECOR AND ACCESSORIES"
MKL,148802,0,BATHROOM,"BATHROOM SHELF RACKS HOLDERS"
MKL,148804,8,LAUNDARY,"SHOE RACKS"
MKL,148809,123,LAUNDARY,"CLOTH HANGERS"
MKL,148827,0,"STORAGE AND ORGANIZER","LUNCH BOXES TIFFINS AND FOOD FLASK"
MKL,149663,1,REFRIGERATOR,"SD REFRIGERATOR"
MKL,149717,0,DINNERWARE,MUGS
MKL,149720,0,"KNIFE AND CHOPPING BOARD",GRATER
MKL,149726,0,"KITCHEN TOOLS AND CULTARY","COOKING TOOL LADLES AND SERVERS"
MKL,148849,58,BAKEWARE,"BAKING TOOLS AND ACCESSORIES"
MKL,149746,0,"KNIFE AND CHOPPING BOARD",SCISSORS
MKL,149763,0,"KITCHEN TOOLS AND CULTARY","COOKING TOOL LADLES AND SERVERS"
MKL,149765,0,"KITCHEN TOOLS AND CULTARY",SPATULA
MKL,149767,0,"KITCHEN TOOLS AND CULTARY",SPATULA
MKL,149768,0,"KITCHEN TOOLS AND CULTARY",SPATULA
MKL,146900,6,BEVERAGES,"MINERAL WATER"
MKL,145376,0,"KITCHEN TOOLS AND CULTARY","STRAINER AND FILTERS"
MKL,145413,0,KITCHENWARE,"KITCHEN ACCESSORIES"
MKL,14712,0,BEVERAGES,JUICE
MKL,14713,0,BEVERAGES,JUICE
MKL,147134,0,"FOOD CUPBOARD","EDIBLE OILS AND GHEE"
MKL,147136,0,"FOOD CUPBOARD","EDIBLE OILS AND GHEE"
MKL,147137,0,"FOOD CUPBOARD","EDIBLE OILS AND GHEE"
MKL,14714,0,BEVERAGES,JUICE
MKL,14716,0,BEVERAGES,JUICE
MKL,147161,-49946,"FOOD CUPBOARD","EDIBLE OILS AND GHEE"
MKL,14719,0,BEVERAGES,JUICE
MKL,14720,0,BEVERAGES,JUICE
MKL,14721,0,BEVERAGES,JUICE
MKL,14722,0,BEVERAGES,JUICE
MKL,14723,0,BEVERAGES,JUICE
MKL,145696,0,"HOME HYGIENE",DUSTBINS
MKL,14724,0,BEVERAGES,JUICE
MKL,145773,0,"HOME HYGIENE",DUSTBINS
MKL,145808,0,"HOME AND PERSONAL CARE",DISPOSABLE
MKL,145809,5,"HOME AND PERSONAL CARE",DISPOSABLE
MKL,145810,0,"HOME AND PERSONAL CARE",DISPOSABLE
MKL,145811,0,"HOME AND PERSONAL CARE",DISPOSABLE
MKL,145813,160339,"HOME AND PERSONAL CARE",DISPOSABLE
MKL,145814,0,"HOME AND PERSONAL CARE",DISPOSABLE
MKL,145816,0,"HOME AND PERSONAL CARE",DISPOSABLE
MKL,147406,0,"FOOD CUPBOARD",BISCUITS
MKL,14282,0,"HOME AND PERSONAL CARE","HEALTH AND WELLNESS"
MKL,14283,33,"HOME AND PERSONAL CARE","HEALTH AND WELLNESS"
MKL,145875,0,DINNERWARE,PLATE
MKL,146119,0,"FLASK AND BOTTLES",BOTTLE
MKL,146176,0,"STORAGE AND ORGANIZER","ICE TRAYS"
MKL,144404,0,COOKWARE,WOKS
MKL,143032,0,ELECTRICALS,"ELE ACCESSORIES"
MKL,144771,0,"HOME HYGIENE","BROOM BRUSHES DUSTPANS"
MKL,144786,5,"CUTLERY ITEMS","SPOONS FORKS KNIFE AND CUTLERY SET"
MKL,14480,0,"FOOD CUPBOARD","NOODLES AND SOUP"
MKL,144851,0,"STORAGE AND ORGANIZER","STORAGE CONTAINERS"
MKL,143194,0,DINNERWARE,BOWLS
MKL,143232,0,KITCHENWARE,"KITCHEN ACCESSORIES"
MKL,144983,0,DINNERWARE,MUGS
MKL,14503,0,"HOME AND PERSONAL CARE",DISPOSABLE
MKL,14504,0,"HOME AND PERSONAL CARE",FRESHENERS
MKL,14654,0,"HOME AND PERSONAL CARE","LAUNDRY CARE"
MKL,143274,21,"KNIFE AND CHOPPING BOARD","CHOPPING BOARDS AND CHOPPERS"
MKL,14505,0,"HOME AND PERSONAL CARE",DISPOSABLE
MKL,14506,0,"HOME AND PERSONAL CARE",DISPOSABLE
MKL,145159,0,KITCHENWARE,"KITCHEN ACCESSORIES"
MKL,14655,0,"HOME AND PERSONAL CARE","LAUNDRY CARE"
MKL,146646,15,BEVERAGES,"MINERAL WATER"
MKL,145170,0,"STORAGE AND ORGANIZER","RACK SHELF DRAWERS ORGANIZERS"
MKL,145179,0,KITCHENWARE,"KITCHEN ACCESSORIES"
MKL,146722,0,"FOOD PROCESSOR/BLENDER",BLENDERS
MKL,145256,0,"KNIFE AND CHOPPING BOARD","VEG AND FRUIT PEELERS"
MKL,156224,0,"BEVERAGES ALCOHOLIC",WINES
MKL,157218,0,"FOOD CUPBOARD","SALT  SUGAR AND JAGGERY"
MKL,156226,0,"BEVERAGES ALCOHOLIC",WINES
MKL,156275,0,BEVERAGES,JUICE
MKL,156276,0,BEVERAGES,JUICE
MKL,156277,0,BEVERAGES,JUICE
MKL,156279,0,BEVERAGES,JUICE
MKL,156280,0,BEVERAGES,JUICE
MKL,156289,0,"FOOD CUPBOARD","RAW RICE"
MKL,156290,0,"FOOD CUPBOARD","RAW RICE"
MKL,156291,0,"FOOD CUPBOARD","RAW RICE"
MKL,156293,0,"FOOD CUPBOARD",SNACKS
MKL,157421,2,"COVERS CUSHION/PILLOW/CHAIR",CUSHION
MKL,155864,0,BATHROOM,"SOAP DISH CASE DISPENSERS"
MKL,155865,5,"FLASK AND BOTTLES",BOTTLE
MKL,157462,0,COOKWARE,"COOKWARE SET"
MKL,157464,0,COOKWARE,"COOKWARE SET"
MKL,154755,7,"ROLE PLAY AND PRETEND TOYS","ANIMAL TOYS"
MKL,154771,0,"FOOD CUPBOARD","RAW RICE"
MKL,155983,0,"HOME AND PERSONAL CARE","ORAL CARE"
MKL,156577,3,"HOME DECOR",DECORATIVE
MKL,156578,0,"HOME DECOR",DECORATIVE
MKL,156579,0,"HOME DECOR",DECORATIVE
MKL,156042,0,COOKWARE,"COOKWARE SET"
MKL,156619,0,DECORATIVE,"Artificial FlowersANDPlants"
MKL,156626,3,"HOUSE HOLD PRODUCTS","HOUSE HOLD"
MKL,154895,0,"FLASK AND BOTTLES",BOTTLE
MKL,154896,0,"FLASK AND BOTTLES",BOTTLE
MKL,154897,0,"FLASK AND BOTTLES",BOTTLE
MKL,154900,0,"FLASK AND BOTTLES",BOTTLE
MKL,154901,0,"FLASK AND BOTTLES",BOTTLE
MKL,156650,3,"FLASK AND BOTTLES","CUPS AND TUMBLERS"
MKL,156676,65,BATHROOM,"BATH BRUSH SPONGES SCOURERS"
MKL,156697,0,"KITCHEN TOOLS AND CULTARY","WHISKER BEATER AND MIXERS"
MKL,156703,0,"KITCHEN TOOLS AND CULTARY","COOKING TOOL LADLES AND SERVERS"
MKL,156705,0,"KITCHEN TOOLS AND CULTARY","COOKING TOOL LADLES AND SERVERS"
MKL,156706,0,"CUTLERY ITEMS","SPOONS FORKS KNIFE AND CUTLERY SET"
MKL,156711,0,KITCHENWARE,"KITCHEN ACCESSORIES"
MKL,156719,0,"FLASK AND BOTTLES",BOTTLE
MKL,156723,0,"FLASK AND BOTTLES",BOTTLE
MKL,156746,0,"KITCHEN TOOLS AND CULTARY","WHISKER BEATER AND MIXERS"
MKL,155145,0,"HOME AND PERSONAL CARE",DISPOSABLE
MKL,155211,6,"OFFICE STATIONERY","OFFICE BASIC AND STATIONERY"
MKL,157091,0,AUDIO,"HOME THEATRE"
MKL,155422,8,"GAS COOKER","GAS REGULATOR AND ACCESSORIES"
MKL,155544,13,LAUNDARY,HOOKS
MKL,155545,0,LAUNDARY,HOOKS
MKL,155622,0,"MELAMINE WARE","MEL PLATE"
MKL,157177,0,"HOME HYGIENE","TOILET BRUSHES"
MKL,154563,0,ELECTRICALS,AVR/AVS
MKL,153268,0,GLASSWARE,"GLASS / TUMBLER /WINE / CHAMPAGNE"
MKL,153296,0,"FOOD PROCESSOR/BLENDER",BLENDERS
MKL,150777,0,BEVERAGES,DRINKS
MKL,152187,0,"WASHING MACHINE","FRONT LOAD WM"
MKL,151029,0,BEVERAGES,DRINKS
MKL,151030,0,BEVERAGES,DRINKS
MKL,151036,0,BEVERAGES,DRINKS
MKL,151037,0,BEVERAGES,DRINKS
MKL,151038,0,BEVERAGES,DRINKS
MKL,151039,0,BEVERAGES,DRINKS
MKL,151040,0,BEVERAGES,DRINKS
MKL,152252,0,"FOOD CUPBOARD",BISCUITS
MKL,152259,0,"FOOD CUPBOARD",CONFECTIONERY
MKL,152261,0,"FOOD CUPBOARD",BISCUITS
MKL,151142,0,"XMAS SEASONAL","xmas season"
MKL,152269,0,"FOOD CUPBOARD",BISCUITS
MKL,152273,0,"FOOD CUPBOARD",BISCUITS
MKL,151350,0,"HOME DECOR","WallANDTable Decor"
MKL,152682,0,"DINING SETS","6 SEATER SET"
MKL,152683,2,"DINING SETS","4 SEATER SET"
MKL,152684,1,"DINING SETS","4 SEATER SET"
MKL,150314,0,CURTAINS,"GROMMET CURTAINS"
MKL,150381,0,FREEZER,"SINGLE DOOR FREEZER"
MKL,153419,0,"FLASK AND BOTTLES",FLASK
MKL,153442,0,"HOME AND PERSONAL CARE",DISPOSABLE
MKL,153491,0,BEVERAGES,"MINERAL WATER"
MKL,150394,0,REFRIGERATOR,"SD REFRIGERATOR"
MKL,152998,0,"SANDWICH MAKER","4 SLICE SANDWICH MAKER"
MKL,153001,0,"SANDWICH MAKER","2 SLICE SANDWICH MAKER"
MKL,153019,0,"HOME AND PERSONAL CARE",DISPOSABLE
MKL,153045,0,BATTERIES,BATTERY
MKL,153593,0,"LED TV","SMART TV"
MKL,150454,0,CURTAINS,"GROMMET CURTAINS"
MKL,150544,0,"OFFICE STATIONERY","OFFICE BASIC AND STATIONERY"
MKL,153196,0,"MELAMINE WARE","MEL BOWL/BOWL+COVER"
MKL,153207,0,"MELAMINE WARE","MEL BOWL/BOWL+COVER"
MKL,15322,0,"FOOD CUPBOARD","BABY FOOD"
MKL,150592,0,"GENERAL STATIONERY","   WRITING SUPPLIES"
MKL,150593,0,"GENERAL STATIONERY","   WRITING SUPPLIES"
MKL,150598,0,"GENERAL STATIONERY","   WRITING SUPPLIES"
MKL,150603,0,"BEVERAGES ALCOHOLIC","CAN BEER"
MKL,15210,0,"FOOD CUPBOARD","SPICES AND HERBS"
MKL,15324,0,"FOOD CUPBOARD","BABY FOOD"
MKL,153246,7,"DINING SETS","4 SEATER SET"
MKL,150650,0,"FROZEN FOOD",ICE-CREAM
MKL,150651,0,"FROZEN FOOD",ICE-CREAM
MKL,150687,0,FAN,"STANDING FAN"
MKL,150688,0,FAN,"STANDING FAN"
MKL,150689,1,"WATER PUMPS","CENTRIFUGAL WP"
MKL,15211,0,BEVERAGES,"COCOA POWDER"
MKL,153256,0,GLASSWARE,"GLASS / TUMBLER /WINE / CHAMPAGNE"
MKL,153259,0,GLASSWARE,"GLASS / TUMBLER /WINE / CHAMPAGNE"
MKL,153260,0,GLASSWARE,"GLASS / TUMBLER /WINE / CHAMPAGNE"
MKL,153261,0,GLASSWARE,"GLASS / TUMBLER /WINE / CHAMPAGNE"
MKL,153263,0,GLASSWARE,"GLASS / TUMBLER /WINE / CHAMPAGNE"
MKL,153266,0,GLASSWARE,"GLASS / TUMBLER /WINE / CHAMPAGNE"
MKL,164672,0,DINNERWARE,DINNER-SETS
MKL,164673,0,DINNERWARE,DINNER-SETS
MKL,164715,8,LAUNDARY,"IRONING BOARD WITH STORAGE"
MKL,162672,0,"MELAMINE WARE","MEL BOWL/BOWL+COVER"
MKL,162676,0,"MELAMINE WARE","MEL BOWL/BOWL+COVER"
MKL,162677,52,"MELAMINE WARE","MEL PLATE"
MKL,162702,0,"MELAMINE WARE","MEL PLATE"
MKL,162705,0,"MELAMINE WARE","MEL PLATE"
MKL,162721,0,DINNERWARE,BOWLS
MKL,163636,0,"BEVERAGES ALCOHOLIC",WINES
MKL,163637,0,"BEVERAGES ALCOHOLIC",WINES
MKL,163638,0,"BEVERAGES ALCOHOLIC",WINES
MKL,163641,0,"BEVERAGES ALCOHOLIC",WINES
MKL,164806,0,"FLASK AND BOTTLES",BOTTLE
MKL,164847,0,COOKWARE,"COOKWARE SET"
MKL,162807,0,"LED TV","SATELLITE TV"
MKL,163839,0,"STORAGE AND ORGANIZER","STORAGE CONTAINERS"
MKL,162885,0,CUSHIONS,"ASSORTED CUSHIONS"
MKL,163893,0,"FLASK AND BOTTLES",BOTTLE
MKL,165067,0,GLASSWARE,"JUGS/JUG WITH LIDS"
MKL,165068,0,GLASSWARE,"JUGS/JUG WITH LIDS"
MKL,16297,0,"HOME AND PERSONAL CARE","HOUSEHOLD CLEANERS"
MKL,164027,9,"STORAGE AND ORGANIZER",BASKET
MKL,164028,0,"STORAGE AND ORGANIZER",BASKET
MKL,164029,0,"STORAGE AND ORGANIZER",BASKET
MKL,162155,0,BATHROOM,"SOAP DISH CASE DISPENSERS"
MKL,164043,9,"FLASK AND BOTTLES",FLASK
MKL,164044,0,"FLASK AND BOTTLES",FLASK
MKL,164084,0,"STORAGE AND ORGANIZER","STORAGE CONTAINERS"
MKL,164127,0,BATHROOM,"BATH SETS /BATHROOM SETS"
MKL,164131,0,"HOME HYGIENE","TOILET BRUSHES"
MKL,164132,0,BATHROOM,"SOAP DISH CASE DISPENSERS"
MKL,162267,12,ELECTRICALS,"ELE ACCESSORIES"
MKL,163132,0,"LINEN CARE","STEAM IRONS"
MKL,163163,0,"FOOD CUPBOARD",BISCUITS
MKL,163165,0,"FOOD CUPBOARD",BISCUITS
MKL,164170,0,"LINEN CARE","DRY IRON"
MKL,164193,0,"FOOD CUPBOARD","CANNED FOOD"
MKL,164219,0,BEVERAGES,JUICE
MKL,164220,0,BEVERAGES,JUICE
MKL,164221,0,BEVERAGES,JUICE
MKL,162389,2,BEVERAGES,"MINERAL WATER"
MKL,162392,0,BEVERAGES,DRINKS
MKL,164274,0,"FROZEN FOOD",ICE-CREAM
MKL,164276,0,"FROZEN FOOD",ICE-CREAM
MKL,164277,0,"FROZEN FOOD",ICE-CREAM
MKL,162416,0,"COVERS CUSHION/PILLOW/CHAIR","ASSORTED PILLOWS AND CUSHIONS"
MKL,164314,6,DINNERWARE,"TEA AND COFFEE SETS"
MKL,164548,0,BEVERAGES,DRINKS
MKL,164568,0,BEVERAGES,"MINERAL WATER"
MKL,162518,0,"FOOD CUPBOARD","PASTA AND SPAGHETTI"
MKL,162530,42,"FOOD CUPBOARD","PASTA AND SPAGHETTI"
MKL,163446,0,"HOME FURNISHING","BATH LINEN"
MKL,163452,0,"HOME FURNISHING","BATH LINEN"
MKL,164392,0,DINNERWARE,PLATE
MKL,164394,0,DINNERWARE,PLATE
MKL,164399,0,DINNERWARE,MUGS
MKL,164408,0,"FLASK AND BOTTLES",BOTTLE
MKL,164599,0,BATHROOM,"BATHROOM SHELF RACKS HOLDERS"
MKL,164611,0,BATHROOM,"BATHROOM SHELF RACKS HOLDERS"
MKL,164615,25,"STORAGE AND ORGANIZER","RACK SHELF DRAWERS ORGANIZERS"
MKL,164616,0,BATHROOM,"BATHROOM SHELF RACKS HOLDERS"
MKL,164617,0,"STORAGE AND ORGANIZER","RACK SHELF DRAWERS ORGANIZERS"
MKL,164619,0,BATHROOM,"BATHROOM SHELF RACKS HOLDERS"
MKL,162640,0,FREEZER,"SINGLE DOOR FREEZER"
MKL,162656,0,"MELAMINE WARE","MEL BOWL/BOWL+COVER"
MKL,159739,0,"FOOD CUPBOARD",BISCUITS
MKL,159740,0,"FOOD CUPBOARD",BISCUITS
MKL,159741,0,"FOOD CUPBOARD",BISCUITS
MKL,159742,0,"FOOD CUPBOARD",BISCUITS
MKL,159743,0,"FOOD CUPBOARD",BISCUITS
MKL,159744,0,"FOOD CUPBOARD",BISCUITS
MKL,159745,0,"FOOD CUPBOARD",BISCUITS
MKL,159752,0,"GENERAL STATIONERY","   WRITING SUPPLIES"
MKL,159753,0,"GENERAL STATIONERY","   WRITING SUPPLIES"
MKL,159758,0,"FOOD CUPBOARD",BISCUITS
MKL,159761,0,"FOOD CUPBOARD",BISCUITS
MKL,159763,0,"FOOD CUPBOARD",BISCUITS
MKL,159764,0,"FOOD CUPBOARD",BISCUITS
MKL,15886,0,"HOME AND PERSONAL CARE","HOUSEHOLD CLEANERS"
MKL,159765,0,"FOOD CUPBOARD",BISCUITS
MKL,159767,0,"FOOD CUPBOARD",BISCUITS
MKL,159769,0,"FOOD CUPBOARD",BISCUITS
MKL,159772,0,"FOOD CUPBOARD",BISCUITS
MKL,160884,0,"MELAMINE WARE","MEL PLATE"
MKL,160889,0,"MELAMINE WARE","MEL BOWL/BOWL+COVER"
MKL,161836,60,"FOOD CUPBOARD",SNACKS
MKL,159854,100,"OFFICE STATIONERY","OFFICE BASIC AND STATIONERY"
MKL,159855,6,"OFFICE STATIONERY","OFFICE BASIC AND STATIONERY"
MKL,161900,0,"STORAGE AND ORGANIZER","STORAGE CONTAINERS"
MKL,161901,0,"STORAGE AND ORGANIZER","STORAGE CONTAINERS"
MKL,161905,0,DINNERWARE,CUP
MKL,161919,1,SERVEWARE,"SERVING JUGS"
MKL,161073,0,FREEZER,"SINGLE DOOR FREEZER"
MKL,161075,0,REFRIGERATOR,"DD TMF REFRIGERATOR"
MKL,161965,0,KITCHENWARE,"SAUCE/ VINEGAR/ BOTTLES AND SETS"
MKL,161978,0,KITCHENWARE,"SALT AND PEPPER/CRUETS"
MKL,159986,0,DINNERWARE,MUGS
MKL,159988,0,"HOME HYGIENE",DUSTBINS
MKL,159989,0,"HOME HYGIENE",DUSTBINS
MKL,159990,0,"HOME HYGIENE",DUSTBINS
MKL,161113,0,"TOASTER/TOSTER OVEN","TOASTER OVEN"
MKL,162010,0,"FLOOR MATS","DOOR MAT"
MKL,162012,0,"FLOOR MATS","DOOR MAT"
MKL,162014,67,"FLOOR MATS","DOOR MAT"
MKL,162015,0,"FLOOR MATS","DOOR MAT"
MKL,160055,0,GLASSWARE,"CANISTERS AND JARS"
MKL,160122,0,"FOOD CUPBOARD",BISCUITS
MKL,160124,0,"FOOD CUPBOARD",BISCUITS
MKL,157733,0,"BEVERAGES ALCOHOLIC",WINES
MKL,159060,0,"HOME HYGIENE","TOILET BRUSHES"
MKL,159061,0,"HOME HYGIENE","TOILET BRUSHES"
MKL,159062,6,"HOME HYGIENE","TOILET BRUSHES"
MKL,159063,0,BATHROOM,"BATHROOM SHELF RACKS HOLDERS"
MKL,159065,0,"HOUSE HOLD PRODUCTS","STOOL PLASTIC"
MKL,161248,0,AUDIO,"HOME THEATRE"
MKL,161278,0,"HOME AND PERSONAL CARE",DISPOSABLE
MKL,157829,0,"FOOD CUPBOARD","MILK AND CREAMERS"
MKL,161282,0,"HOME DECOR","WallANDTable Decor"
MKL,161312,0,"HOME AND PERSONAL CARE",DISPOSABLE
MKL,158101,0,"STORAGE AND ORGANIZER",BASKET
MKL,159295,0,"ROLE PLAY AND PRETEND TOYS","CASHIER AND SHOP SETS"
MKL,161344,0,"FRESH DAIRY AND EGGS",Yoghurt
MKL,160253,0,BEVERAGES,"MINERAL WATER"
MKL,160269,0,KITCHENWARE,"SAUCE/ VINEGAR/ BOTTLES AND SETS"
MKL,159386,0,FREEZER,"SINGLE DOOR FREEZER"
MKL,158427,0,FAN,"INDUSTRIAL FAN"
MKL,158430,0,FAN,"INDUSTRIAL FAN"
MKL,158432,0,FAN,"INDUSTRIAL FAN"
MKL,158495,8,BEVERAGES,"MINERAL WATER"
MKL,158496,0,BEVERAGES,"MINERAL WATER"
MKL,158512,2,"BEVERAGES ALCOHOLIC",WINES
MKL,158513,21,"BEVERAGES ALCOHOLIC",WINES
MKL,158514,0,"BEVERAGES ALCOHOLIC",WINES
MKL,161577,0,FAN,"CEILING FAN"
MKL,161579,0,FAN,"CEILING FAN"
MKL,161582,0,FAN,"CEILING FAN"
MKL,161583,2,FAN,"CEILING FAN"
MKL,161584,0,FAN,"CEILING FAN"
MKL,161587,0,FAN,"CEILING FAN"
MKL,161588,0,FAN,"CEILING FAN"
MKL,161699,-6000,"FOOD CUPBOARD",BISCUITS
MKL,159684,0,"FOOD CUPBOARD",CONDIMENTS
MKL,159709,0,"FOOD CUPBOARD",BISCUITS
MKL,159710,0,"FOOD CUPBOARD",BISCUITS
MKL,159711,0,"FOOD CUPBOARD",BISCUITS
MKL,160466,0,GLASSWARE,"GLASS / TUMBLER /WINE / CHAMPAGNE"
MKL,160513,0,"KITCHEN TOOLS AND CULTARY","STRAINER AND FILTERS"
MKL,171347,0,"HOME AND PERSONAL CARE",DISPOSABLE
MKL,171349,0,"HOME AND PERSONAL CARE",DISPOSABLE
MKL,171351,2,"HOME AND PERSONAL CARE",DISPOSABLE
MKL,172968,5,"HOME AND PERSONAL CARE","LAUNDRY CARE"
MKL,172969,5,"HOME AND PERSONAL CARE","LAUNDRY CARE"
MKL,170027,0,"COMMERCIAL APPLIANCES","COMMERCIAL BLENDER"
MKL,170028,2,"HAND BLENDER/MIXER/CHOPPER",CHOPPER
MKL,170040,0,"STORAGE AND ORGANIZER","RACK SHELF DRAWERS ORGANIZERS"
MKL,171535,0,"FLASK AND BOTTLES",FLASK
MKL,169243,0,"HOME HYGIENE","BROOM BRUSHES DUSTPANS"
MKL,169246,63,"HOME HYGIENE","BROOM BRUSHES DUSTPANS"
MKL,169248,12,"HOME HYGIENE","BROOM BRUSHES DUSTPANS"
MKL,169249,0,"HOME HYGIENE","BROOM BRUSHES DUSTPANS"
MKL,170088,0,"STORAGE AND ORGANIZER","STORAGE CONTAINERS"
MKL,170089,0,"STORAGE AND ORGANIZER","STORAGE CONTAINERS"
MKL,169319,0,AUDIO,"HI-FI SPEAKER SYSTEM"
MKL,169320,0,AUDIO,"HI-FI SPEAKER SYSTEM"
MKL,169321,0,AUDIO,"HI-FI SPEAKER SYSTEM"
MKL,169358,0,INFANTS,FEEDING
MKL,169370,0,"SCHOOL AND CHILDREN STATIONERY","SCHOOL WATER BOTTLES"
MKL,171738,0,DINNERWARE,PLATE
MKL,171739,0,DINNERWARE,PLATE
MKL,173699,0,"FOOD CUPBOARD","BREAKFAST CEREALS"
MKL,173708,0,"FOOD CUPBOARD",SNACKS
MKL,170275,0,"BACKYARD PLAY","SWIMMING AND POOL ACCESSORIES"
MKL,173723,0,"FOOD CUPBOARD","SPICES AND HERBS"
MKL,173724,0,"FOOD CUPBOARD","SPICES AND HERBS"
MKL,173725,0,"FOOD CUPBOARD","SPICES AND HERBS"
MKL,173746,0,"FOOD CUPBOARD","SPICES AND HERBS"
MKL,169469,0,"FOOD CUPBOARD","SPREADS AND TOPPING"
MKL,172100,9,"LED TV","SATELLITE TV"
MKL,172105,0,"AIR CONDITIONING","SPLIT AC"
MKL,168856,51,"KNIFE AND CHOPPING BOARD","SINGLE KNIFE"
MKL,168857,7,"KNIFE AND CHOPPING BOARD","SINGLE KNIFE"
MKL,168858,13,"KNIFE AND CHOPPING BOARD","SINGLE KNIFE"
MKL,168859,0,"KNIFE AND CHOPPING BOARD","SINGLE KNIFE"
MKL,168861,0,"KNIFE AND CHOPPING BOARD","VEG AND FRUIT PEELERS"
MKL,168862,0,"KNIFE AND CHOPPING BOARD","KNIFE SETS"
MKL,169705,0,"FOOD PROCESSOR/BLENDER",BLENDERS
MKL,169712,0,"FOOD PROCESSOR/BLENDER",BLENDERS
MKL,172208,0,"FOOD CUPBOARD",BISCUITS
MKL,168866,0,"KNIFE AND CHOPPING BOARD","KNIFE SETS"
MKL,168868,0,"KNIFE AND CHOPPING BOARD","KNIFE SETS"
MKL,168869,0,"KNIFE AND CHOPPING BOARD","KNIFE SETS"
MKL,168872,0,"KNIFE AND CHOPPING BOARD","KNIFE SETS"
MKL,168874,0,"KNIFE AND CHOPPING BOARD","KNIFE SETS"
MKL,168878,0,"KITCHEN TOOLS AND CULTARY","COOKING TOOL SET"
MKL,168882,0,"KITCHEN TOOLS AND CULTARY","COOKING TOOL SET"
MKL,169811,1,"AIR CONDITIONING","AIR COOLERS"
MKL,168968,0,"AIR CONDITIONING","SPLIT AC"
MKL,168972,0,"FOOD CUPBOARD",BISCUITS
MKL,168976,0,"FOOD CUPBOARD",BISCUITS
MKL,168989,0,"FOOD CUPBOARD","RAW RICE"
MKL,16899,0,"FOOD CUPBOARD","CANNED FOOD"
MKL,169948,0,"HOME AND PERSONAL CARE","ORAL CARE"
MKL,169949,0,"HOME AND PERSONAL CARE","ORAL CARE"
MKL,169950,0,"HOME AND PERSONAL CARE","ORAL CARE"
MKL,169952,0,"HOME AND PERSONAL CARE","ORAL CARE"
MKL,172892,0,BEVERAGES,JUICE
MKL,172893,0,BEVERAGES,JUICE
MKL,172946,0,"HOME AND PERSONAL CARE","LAUNDRY CARE"
MKL,172950,0,"HOME AND PERSONAL CARE","LAUNDRY CARE"
MKL,172953,0,"HOME AND PERSONAL CARE","LAUNDRY CARE"
MKL,172967,6,"HOME AND PERSONAL CARE","LAUNDRY CARE"
MKL,169159,0,"HOME AND PERSONAL CARE",FRESHENERS
MKL,169160,0,"HOME AND PERSONAL CARE",FRESHENERS
MKL,169162,0,"HOME AND PERSONAL CARE","MENS GROOMING"
MKL,166741,0,"CHILDREN BOOKS AND GEN REF","BOOKS AND LEARNINGS"
MKL,167657,4,DINNERWARE,MUGS
MKL,167658,0,DINNERWARE,MUGS
MKL,168549,0,"FOOD CUPBOARD",BISCUITS
MKL,168552,0,"FOOD CUPBOARD",BISCUITS
MKL,168561,0,"FOOD CUPBOARD",BISCUITS
MKL,168565,0,"FOOD CUPBOARD",BISCUITS
MKL,166003,0,BEVERAGES,JUICE
MKL,166004,0,BEVERAGES,JUICE
MKL,166005,0,BEVERAGES,JUICE
MKL,167727,0,LAUNDARY,"CLOTH PEGS / CLIP"
MKL,167746,0,COOKWARE,"COOKWARE SET"
MKL,167757,0,COOKWARE,"COOKWARE SET"
MKL,167759,0,COOKWARE,"COOKWARE SET"
MKL,167762,0,COOKWARE,"COOKWARE SET"
MKL,168606,0,DINNERWARE,BOWLS
MKL,168660,0,"FOOD CUPBOARD",CONDIMENTS
MKL,166955,0,"LED TV","SATELLITE TV"
MKL,167767,0,COOKWARE,"COOKWARE SET"
MKL,167775,0,COOKWARE,"COOKWARE SET"
MKL,168697,0,"WEIGHING SCALE","BATHROOM SCALE"
MKL,168698,0,"WEIGHING SCALE","BATHROOM SCALE"
MKL,167011,0,"HOME HYGIENE",DUSTBINS
MKL,167849,0,"HOME HYGIENE","BROOM BRUSHES DUSTPANS"
MKL,167851,0,"HOME HYGIENE","BROOM BRUSHES DUSTPANS"
MKL,167852,0,"HOME HYGIENE","BROOM BRUSHES DUSTPANS"
MKL,167853,0,"HOME HYGIENE","BROOM BRUSHES DUSTPANS"
MKL,167857,0,"HOME HYGIENE","BROOM BRUSHES DUSTPANS"
MKL,165128,0,"HOME AND PERSONAL CARE",DISPOSABLE
MKL,165129,0,"HOME AND PERSONAL CARE",DISPOSABLE
MKL,166262,0,GLASSWARE,"GLASS / TUMBLER /WINE / CHAMPAGNE"
MKL,166263,0,GLASSWARE,"GLASS / TUMBLER /WINE / CHAMPAGNE"
MKL,166265,0,GLASSWARE,"GLASS / TUMBLER /WINE / CHAMPAGNE"
MKL,168044,1,"BEVERAGES ALCOHOLIC",WINES
MKL,166341,0,GLASSWARE,"GLASS / TUMBLER /WINE / CHAMPAGNE"
MKL,166368,0,"KITCHEN TOOLS AND CULTARY",COLANDERS
MKL,166371,0,"KITCHEN TOOLS AND CULTARY",COLANDERS
MKL,166379,17,"KITCHEN TOOLS AND CULTARY",COLANDERS
MKL,167238,0,"FOOD CUPBOARD","MILK AND CREAMERS"
MKL,167239,0,"FOOD CUPBOARD","MILK AND CREAMERS"
MKL,167240,0,"FOOD PROCESSOR/BLENDER",BLENDERS
MKL,167241,0,"FOOD CUPBOARD","MILK AND CREAMERS"
MKL,167244,0,BEVERAGES,"DRINKING POWDERS"
MKL,167245,0,BEVERAGES,"DRINKING POWDERS"
MKL,167246,13,BEVERAGES,"DRINKING POWDERS"
MKL,168192,0,"HOME AND PERSONAL CARE","LAUNDRY CARE"
MKL,168194,0,"HOME AND PERSONAL CARE","ORAL CARE"
MKL,168208,2,FREEZER,"SINGLE DOOR FREEZER"
MKL,166542,0,"FLASK AND BOTTLES",BOTTLE
MKL,166543,0,"FLASK AND BOTTLES",BOTTLE
MKL,166544,0,"FLASK AND BOTTLES",BOTTLE
MKL,166545,0,"FLASK AND BOTTLES",BOTTLE
MKL,166546,0,"FLASK AND BOTTLES",BOTTLE
MKL,167336,1,"GAS COOKER","FREE STANDING GAS COOKER"
MKL,16828,0,"HOME AND PERSONAL CARE","SKIN CARE"
MKL,16829,0,"HOME AND PERSONAL CARE","SKIN CARE"
MKL,165636,12,"FOOD CUPBOARD","MILK AND CREAMERS"
MKL,166547,0,"FLASK AND BOTTLES",BOTTLE
MKL,166548,0,"FLASK AND BOTTLES",BOTTLE
MKL,167358,23,"FOOD CUPBOARD",CONFECTIONERY
MKL,167395,0,DINNERWARE,PLATE
MKL,167396,0,DINNERWARE,PLATE
MKL,167397,0,DINNERWARE,DINNER-SETS
MKL,167398,5,DINNERWARE,MUGS
MKL,167399,0,DINNERWARE,MUGS
MKL,167400,0,DINNERWARE,BOWLS
MKL,167402,0,DINNERWARE,BOWLS
MKL,167404,0,DINNERWARE,PLATE
MKL,165732,18,"PACKAGING AND MAILING","   TAPES AND DISPENSERS"
MKL,167458,0,"XMAS SEASONAL","xmas season"
MKL,168360,0,DINNERWARE,MUGS
MKL,168361,0,DINNERWARE,MUGS
MKL,168366,0,DINNERWARE,MUGS
MKL,168369,0,DINNERWARE,PLATE
MKL,167500,0,GLASSWARE,"DISPENSERS / DECANTER SETS"
MKL,167502,6,GLASSWARE,"DISPENSERS / DECANTER SETS"
MKL,167503,0,GLASSWARE,"DISPENSERS / DECANTER SETS"
MKL,167505,0,"XMAS SEASONAL","xmas season"
MKL,167506,0,"XMAS SEASONAL","xmas season"
MKL,167509,0,"XMAS SEASONAL","xmas season"
MKL,167514,0,"XMAS SEASONAL","xmas season"
MKL,167515,0,"XMAS SEASONAL","xmas season"
MKL,168419,0,DINNERWARE,PLATE
MKL,16842,21,"HOME AND PERSONAL CARE",FRAGRANCES
MKL,16844,0,"HOME AND PERSONAL CARE","SKIN CARE"
MKL,178584,6,"FLASK AND BOTTLES","GLASS BOTTLE"
MKL,178592,2,DINNERWARE,"METAL MUGS"
MKL,179337,0,"SCHOOL AND CHILDREN STATIONERY","STICKERS AND LABELS"
MKL,177900,10,"FOOD CUPBOARD",BISCUITS
MKL,179401,0,"GAS COOKER","TABLE TOP GAS STOVE"
MKL,177946,0,"CHILDREN BOOKS AND GEN REF","BOOKS AND LEARNINGS"
MKL,177947,0,"CHILDREN BOOKS AND GEN REF","BOOKS AND LEARNINGS"
MKL,177948,0,"CHILDREN BOOKS AND GEN REF","BOOKS AND LEARNINGS"
MKL,177949,0,"CHILDREN BOOKS AND GEN REF","BOOKS AND LEARNINGS"
MKL,177951,0,"CHILDREN BOOKS AND GEN REF","BOOKS AND LEARNINGS"
MKL,177952,0,"CHILDREN BOOKS AND GEN REF","BOOKS AND LEARNINGS"
MKL,177954,0,"CHILDREN BOOKS AND GEN REF","BOOKS AND LEARNINGS"
MKL,179510,3,AUDIO,"SOUND BAR"
MKL,179511,0,AUDIO,"HOME THEATRE"
MKL,178039,0,DINNERWARE,BOWLS
MKL,178836,0,"HAIR DRESSINGMASSAGER","HAIR STRAIGHTNER"
MKL,179513,0,"CUTLERY ITEMS","CUTLERY SET"
MKL,179574,0,"SCHOOL AND CHILDREN STATIONERY","ART AND HOBBY SETS"
MKL,179577,5,"SCHOOL AND CHILDREN STATIONERY","ART AND HOBBY SETS"
MKL,179579,0,"SCHOOL AND CHILDREN STATIONERY","ART AND HOBBY SETS"
MKL,178094,0,DINNERWARE,CUP
MKL,178129,52,BAKEWARE,"BAKING TOOLS AND ACCESSORIES"
MKL,178130,0,BAKEWARE,"BAKING TOOLS AND ACCESSORIES"
MKL,178131,0,BAKEWARE,"BAKING TOOLS AND ACCESSORIES"
MKL,178132,0,BAKEWARE,"BAKING UTENSILS"
MKL,179014,0,"TOYS CARS TRAINS AND VEHICLES","FRICTION TOYS"
MKL,179024,0,"ROLE PLAY AND PRETEND TOYS","KITCHEN / HOME APPLIANCE AND FOOD SETS "
MKL,179036,0,"ROLE PLAY AND PRETEND TOYS","KIDS- TOOL SETS"
MKL,179037,0,"TOYS CARS TRAINS AND VEHICLES","FRICTION TOYS"
MKL,178193,0,BATHROOM,"BATHROOM ACCESSORIES"
MKL,178219,6,BATHROOM,"BATH BRUSH SPONGES SCOURERS"
MKL,179073,0,"BOARD GAMES AND PUZZLES","KIDS PUZZLES"
MKL,179129,0,"SPORTS AND GAMES",BALLS
MKL,179131,0,"ROLE PLAY AND PRETEND TOYS","ANIMAL TOYS"
MKL,179133,0,"PUSH AND PULL ALONG TOYS","PRESS AND SPIN TOYS"
MKL,179140,0,"LEARNING AND EDUCATIONAL TOYS","LAPTOPS  TABLETS AND LEARNING PADS"
MKL,179141,0,"MUSICAL KIDS INSTRUMENTS","FLUTE AND WHISTLES"
MKL,179144,0,"MUSICAL KIDS INSTRUMENTS","FLUTE AND WHISTLES"
MKL,178378,0,"FOOD CUPBOARD","SALT  SUGAR AND JAGGERY"
MKL,17838,0,"HOME AND PERSONAL CARE",FRAGRANCES
MKL,179155,0,"DOLLS AND DOLLHOUSES","FASHION DOLLS "
MKL,179159,0,"SPORTS AND GAMES",BALLS
MKL,179160,0,"PUSH AND PULL ALONG TOYS","PRESS AND SPIN TOYS"
MKL,179161,0,"SOFT TOYS","STUFFED ANIMALS"
MKL,179162,0,"BOARD GAMES AND PUZZLES","FAMILY GAMES"
MKL,179178,6,"ART CRAFTS AND HOBBY KITS","STAMPS  STICKERS AND MAGNETS"
MKL,177628,0,"FOOD CUPBOARD","PASTA AND SPAGHETTI"
MKL,177630,0,"FOOD CUPBOARD","PASTA AND SPAGHETTI"
MKL,178456,12,"HOME HYGIENE","SPONGE SCRUBBERS AND SCOURERS"
MKL,179198,0,"PACKAGING AND MAILING","   TAPES AND DISPENSERS"
MKL,179207,0,"SCHOOL AND CHILDREN STATIONERY","NOTE BOOKS"
MKL,179212,0,"OFFICE STATIONERY","OFFICE BASIC AND STATIONERY"
MKL,179226,0,"OFFICE STATIONERY","OFFICE BASIC AND STATIONERY"
MKL,179235,0,"OFFICE STATIONERY","BUSINESS CARDS AND BOOKS"
MKL,179253,0,"PACKAGING AND MAILING","   ENVELOPES"
MKL,178552,9,"HOME AND PERSONAL CARE",DISPOSABLE
MKL,174401,0,"SCHOOL AND CHILDREN STATIONERY","ART AND HOBBY SETS"
MKL,175865,0,BEVERAGES,JUICE
MKL,175866,0,"BEVERAGES ALCOHOLIC","VODKA BOTTLES"
MKL,174944,0,"FOOD CUPBOARD",BISCUITS
MKL,174949,0,"DISH CLOTHS AND NAPKINS","APRON AND GLOVES"
MKL,176031,0,"HOME HYGIENE","BROOM BRUSHES DUSTPANS"
MKL,176032,0,"HOME HYGIENE","BROOM BRUSHES DUSTPANS"
MKL,176034,0,"HOME HYGIENE","BROOM BRUSHES DUSTPANS"
MKL,174979,0,BEVERAGES,DRINKS
MKL,174980,0,BEVERAGES,DRINKS
MKL,175030,0,"CHILDREN BOOKS AND GEN REF","BOOKS AND LEARNINGS"
MKL,175047,0,"BEVERAGES ALCOHOLIC",WINES
MKL,174259,0,"FOOD CUPBOARD",CONDIMENTS
MKL,174262,0,"FOOD CUPBOARD",CONDIMENTS
MKL,174270,0,"FOOD CUPBOARD","SPREADS AND TOPPING"
MKL,175348,0,FRYERS,"AIR/HALOGEN FRYER"
MKL,174324,0,"BOARD GAMES AND PUZZLES","KIDS PUZZLES"
MKL,175384,0,"FOOD CUPBOARD",BISCUITS
MKL,175387,0,"FOOD CUPBOARD",BISCUITS
MKL,175391,0,"FOOD CUPBOARD",BISCUITS
MKL,175392,0,"FOOD CUPBOARD",BISCUITS
MKL,184381,0,LAUNDARY,"CLOTH HANGERS"
MKL,184383,0,LAUNDARY,"CLOTH HANGERS"
MKL,184386,0,LAUNDARY,"CLOTH HANGERS"
MKL,184388,19,LAUNDARY,"CLOTH HANGERS"
MKL,184389,0,LAUNDARY,"CLOTH HANGERS"
MKL,184390,0,LAUNDARY,"CLOTH HANGERS"
MKL,18372,0,"HOME AND PERSONAL CARE","SKIN CARE"
MKL,184460,0,"STORAGE AND ORGANIZER","STORAGE CONTAINERS"
MKL,184461,0,"STORAGE AND ORGANIZER","STORAGE CONTAINERS"
MKL,184462,0,"STORAGE AND ORGANIZER","STORAGE CONTAINERS"
MKL,18373,6,"HOME AND PERSONAL CARE","SKIN CARE"
MKL,184471,0,"HOME HYGIENE",DUSTBINS
MKL,18448,0,"HOME AND PERSONAL CARE","HOUSEHOLD CLEANERS"
MKL,184480,0,"STORAGE AND ORGANIZER","STORAGE CONTAINERS"
MKL,184485,0,BATHROOM,"BATHROOM SHELF RACKS HOLDERS"
MKL,184486,0,LAUNDARY,"LAUNDARY BASKET"
MKL,184491,0,DINNERWARE,PLATE
MKL,184526,0,"BLANKETS QUILTS COMFORTERS AND BEDCOVERS",BEDSPREAD
MKL,18454,0,"HOME AND PERSONAL CARE","HOUSEHOLD CLEANERS"
MKL,18381,0,"HOME AND PERSONAL CARE","INFANT AND BABY CARE"
MKL,183263,0,GLASSWARE,"BEER MUGS AND BEER GLASS"
MKL,183264,20,GLASSWARE,"BEER MUGS AND BEER GLASS"
MKL,183265,0,GLASSWARE,"BEER MUGS AND BEER GLASS"
MKL,183266,0,GLASSWARE,"BEER MUGS AND BEER GLASS"
MKL,183267,0,GLASSWARE,"BEER MUGS AND BEER GLASS"
MKL,183268,5,GLASSWARE,"BEER MUGS AND BEER GLASS"
MKL,183269,0,GLASSWARE,"GLASS / TUMBLER /WINE / CHAMPAGNE"
MKL,183270,0,GLASSWARE,"GLASS / TUMBLER /WINE / CHAMPAGNE"
MKL,183271,0,GLASSWARE,"GLASS / TUMBLER /WINE / CHAMPAGNE"
MKL,183274,0,GLASSWARE,"ICE-CREAM CUPS AND BOWL /DESSERT SET"
MKL,183275,0,GLASSWARE,"GLASS / TUMBLER /WINE / CHAMPAGNE"
MKL,183276,0,GLASSWARE,"GLASS / TUMBLER /WINE / CHAMPAGNE"
MKL,183277,0,GLASSWARE,"GLASS / TUMBLER /WINE / CHAMPAGNE"
MKL,183278,0,GLASSWARE,"GLASS / TUMBLER /WINE / CHAMPAGNE"
MKL,183279,0,GLASSWARE,"GLASS / TUMBLER /WINE / CHAMPAGNE"
MKL,183280,0,GLASSWARE,"BEER MUGS AND BEER GLASS"
MKL,183281,0,GLASSWARE,"BEER MUGS AND BEER GLASS"
MKL,183283,0,GLASSWARE,"ICE-CREAM CUPS AND BOWL /DESSERT SET"
MKL,183287,0,GLASSWARE,"BEER MUGS AND BEER GLASS"
MKL,18384,0,"HOME AND PERSONAL CARE","INFANT AND BABY CARE"
MKL,183303,8,BAKEWARE,"BAKING TOOLS AND ACCESSORIES"
MKL,183350,1,LAUNDARY,"CLOTH DRYER"
MKL,183978,0,DINNERWARE,BOWLS
MKL,18341,0,"BEVERAGES ALCOHOLIC",WINES
MKL,18342,0,"BEVERAGES ALCOHOLIC",WINES
MKL,18343,0,"BEVERAGES ALCOHOLIC",WINES
MKL,184022,0,BEVERAGES,DRINKS
MKL,183435,0,GLASSWARE,"GLASS / TUMBLER /WINE / CHAMPAGNE"
MKL,183436,0,GLASSWARE,"GLASS / TUMBLER /WINE / CHAMPAGNE"
MKL,183437,6,GLASSWARE,"GLASS / TUMBLER /WINE / CHAMPAGNE"
MKL,183438,0,GLASSWARE,"GLASS / TUMBLER /WINE / CHAMPAGNE"
MKL,183439,0,GLASSWARE,"GLASS / TUMBLER /WINE / CHAMPAGNE"
MKL,18344,0,"BEVERAGES ALCOHOLIC",WINES
MKL,183451,0,GLASSWARE,"GLASS / TUMBLER /WINE / CHAMPAGNE"
MKL,183452,0,GLASSWARE,"GLASS / TUMBLER /WINE / CHAMPAGNE"
MKL,183456,0,CUSHIONS,"ASSORTED CUSHIONS"
MKL,184068,237,"HOME AND PERSONAL CARE","LAUNDRY CARE"
MKL,184069,200,"HOME AND PERSONAL CARE","LAUNDRY CARE"
MKL,18347,0,"BEVERAGES ALCOHOLIC",WINES
MKL,184101,0,"KNIFE AND CHOPPING BOARD","VEG AND FRUIT PEELERS"
MKL,184107,0,DINNERWARE,MUGS
MKL,184108,6,DINNERWARE,MUGS
MKL,184111,0,DINNERWARE,MUGS
MKL,183505,0,"MELAMINE WARE","MEL MUGS AND CUPS"
MKL,184167,0,"HOME AND PERSONAL CARE","ORAL CARE"
MKL,184266,0,LAUNDARY,"CLOTH HANGERS"
MKL,184293,0,"LED TV","SMART TV"
MKL,184294,0,"LED TV","SMART TV"
MKL,183593,0,DINNERWARE,PLATE
MKL,182984,0,LAUNDARY,"CLOTH HANGERS"
MKL,182985,0,LAUNDARY,"CLOTH HANGERS"
MKL,182986,0,LAUNDARY,"CLOTH HANGERS"
MKL,182987,0,LAUNDARY,"CLOTH HANGERS"
MKL,183598,0,DINNERWARE,PLATE
MKL,183599,0,DINNERWARE,PLATE
MKL,183602,64,DINNERWARE,BOWLS
MKL,183606,0,DINNERWARE,PLATE
MKL,183607,0,DINNERWARE,PLATE
MKL,183608,0,DINNERWARE,PLATE
MKL,183625,0,"CUTLERY ITEMS","SPOONS FORKS KNIFE AND CUTLERY SET"
MKL,183627,0,"CUTLERY ITEMS","SPOONS FORKS KNIFE AND CUTLERY SET"
MKL,183628,0,"CUTLERY ITEMS","SPOONS FORKS KNIFE AND CUTLERY SET"
MKL,183629,0,"CUTLERY ITEMS","SPOONS FORKS KNIFE AND CUTLERY SET"
MKL,184353,0,BATHROOM,"BATHROOM SHELF RACKS HOLDERS"
MKL,184354,0,BATHROOM,"BATHROOM SHELF RACKS HOLDERS"
MKL,184368,0,BEVERAGES,"MINERAL WATER"
MKL,184369,0,BEVERAGES,"MINERAL WATER"
MKL,184371,0,BEVERAGES,DRINKS
MKL,184372,0,BEVERAGES,DRINKS
MKL,184373,0,BEVERAGES,DRINKS
MKL,181959,0,"STORAGE AND ORGANIZER","STORAGE CONTAINERS"
MKL,180205,0,"HOME AND PERSONAL CARE","SKIN CARE"
MKL,180214,0,"HOME AND PERSONAL CARE",FRAGRANCES
MKL,180215,5,"HOME AND PERSONAL CARE",FRAGRANCES
MKL,182003,0,"GENERAL STATIONERY","   WRITING SUPPLIES"
MKL,180218,4,"HOME AND PERSONAL CARE","PERSONAL WASH"
MKL,180219,0,"HOME AND PERSONAL CARE","PERSONAL WASH"
MKL,180221,0,"HOME AND PERSONAL CARE","PERSONAL WASH"
MKL,180223,0,"HOME AND PERSONAL CARE","PERSONAL WASH"
MKL,180227,0,"HOME AND PERSONAL CARE","PERSONAL WASH"
MKL,180232,0,"HOME AND PERSONAL CARE","PERSONAL WASH"
MKL,180233,0,"WATER DISPENSER","WD PORTABLE"
MKL,180235,0,"HOME AND PERSONAL CARE","PERSONAL WASH"
MKL,180240,0,"HOME AND PERSONAL CARE","PERSONAL WASH"
MKL,180247,11,"HOME AND PERSONAL CARE","HAIR CARE"
MKL,180248,0,"HOME AND PERSONAL CARE","HAIR CARE"
MKL,180250,7,"HOME AND PERSONAL CARE","HAIR CARE"
MKL,182097,0,BEVERAGES,JUICE
MKL,182106,0,BEVERAGES,JUICE
MKL,182126,0,"FOOD CUPBOARD","EDIBLE OILS AND GHEE"
MKL,182127,0,"FOOD CUPBOARD","EDIBLE OILS AND GHEE"
MKL,182129,0,"FOOD CUPBOARD","EDIBLE OILS AND GHEE"
MKL,182130,0,BEVERAGES,JUICE
MKL,182194,0,REFRIGERATOR,"DD TMF REFRIGERATOR"
MKL,180314,0,"HOME AND PERSONAL CARE",FRAGRANCES
MKL,182225,2,"WASHING MACHINE","TWIN TUB WM"
MKL,180324,5,"HOME AND PERSONAL CARE","SKIN CARE"
MKL,179599,0,"OFFICE STATIONERY","OFFICE BASIC AND STATIONERY"
MKL,179600,0,"OFFICE STATIONERY","OFFICE BASIC AND STATIONERY"
MKL,182384,0,KITCHENWARE,"BBQ AND ACCESSORIES"
MKL,182385,6,KITCHENWARE,"BAR TOOLS AND ACCESSORIES"
MKL,179717,0,"SCHOOL AND CHILDREN STATIONERY","ART AND HOBBY SETS"
MKL,179732,0,"RICE/ MULTI COOKER","POT TYPE RICE COOKER"
MKL,179733,0,"RICE/ MULTI COOKER","POT TYPE RICE COOKER"
MKL,179734,0,"RICE/ MULTI COOKER","POT TYPE RICE COOKER"
MKL,179736,1,"RICE/ MULTI COOKER","DELUXE RICE COOKER"
MKL,179801,0,"HOME HYGIENE","TOILET BRUSHES"
MKL,179802,0,"FOOD CUPBOARD",BISCUITS
MKL,18153,0,"FOOD CUPBOARD",CONDIMENTS
MKL,179850,0,"FOOD PROCESSOR/BLENDER",BLENDERS
MKL,179869,0,"SCHOOL AND CHILDREN STATIONERY","ART AND HOBBY SETS"
MKL,179871,0,"GENERAL STATIONERY","   WRITING SUPPLIES"
MKL,181593,0,REFRIGERATOR,"DD TMF REFRIGERATOR"
MKL,179916,0,"FOOD CUPBOARD","RAW RICE"
MKL,180688,0,LIGHTING/LAMPS,"TORCH/ LANTERN"
MKL,180716,0,"FOOD CUPBOARD","CANNED FOOD"
MKL,180723,0,"AIR CONDITIONING","SPLIT AC"
MKL,181824,0,DINNERWARE,PLATE
MKL,181838,7,DINNERWARE,PLATE
MKL,181844,2,COOKWARE,"POTS AND PAN"
MKL,18794,0,"HOME AND PERSONAL CARE",FRAGRANCES
MKL,190049,0,GLASSWARE,"BEER MUGS AND BEER GLASS"
MKL,190050,29,GLASSWARE,"BEER MUGS AND BEER GLASS"
MKL,187971,0,BEVERAGES,JUICE
MKL,188581,0,"BACKYARD PLAY","SWIMMING AND POOL ACCESSORIES"
MKL,190051,0,GLASSWARE,"BEER MUGS AND BEER GLASS"
MKL,190054,0,GLASSWARE,"GLASS BOWL"
MKL,190055,0,GLASSWARE,"CANISTERS AND JARS"
MKL,190057,0,GLASSWARE,"CANISTERS AND JARS"
MKL,190077,18,FAN,"TABLE FAN"
MKL,190101,0,FAN,"BOX TOWER MISC FAN"
MKL,188628,9,"COFFEE / END / NESTING TABLES","COFFEE TABLES"
MKL,190115,0,"HOME IMPROVEMENT","BATH ACCESSORIES"
MKL,190163,0,"LED TV",OLED/QLED
MKL,189428,0,"FOOD CUPBOARD",BISCUITS
MKL,18819,0,"BEVERAGES ALCOHOLIC","BOTTLE BEER"
MKL,189501,0,"BLANKETS QUILTS COMFORTERS AND BEDCOVERS",COMFORTERS
MKL,189502,0,"BLANKETS QUILTS COMFORTERS AND BEDCOVERS",COMFORTERS
MKL,189503,0,"BLANKETS QUILTS COMFORTERS AND BEDCOVERS",COMFORTERS
MKL,189518,0,"BEVERAGES ALCOHOLIC",CIDER
MKL,189519,0,"BEVERAGES ALCOHOLIC",CIDER
MKL,189563,0,"FOOD CUPBOARD",CONDIMENTS
MKL,189566,0,FAN,"STANDING FAN"
MKL,189567,0,FAN,"STANDING FAN"
MKL,189568,0,"FOOD CUPBOARD",FLOURS
MKL,187418,5,"LED TV","SMART TV"
MKL,188859,12,"BATH AND LAUNDRY","BATH MATS"
MKL,187470,0,"HOME HYGIENE",DUSTBINS
MKL,187474,0,"HOME HYGIENE",DUSTBINS
MKL,18748,0,"FOOD CUPBOARD","BREAKFAST CEREALS"
MKL,18749,0,"FOOD CUPBOARD","BREAKFAST CEREALS"
MKL,18750,10,"FOOD CUPBOARD","BREAKFAST CEREALS"
MKL,18751,0,"FOOD CUPBOARD","BREAKFAST CEREALS"
MKL,188869,0,"BATH AND LAUNDRY","BATH MATS"
MKL,188870,0,"BATH AND LAUNDRY","BATH MATS"
MKL,188884,0,"MOBILE PHONES AND TABLETS","SMART MOBILE"
MKL,189674,0,KETTLE,"PLASTIC KETTLE"
MKL,189702,0,BEVERAGES,DRINKS
MKL,18767,0,BEVERAGES,DRINKS
MKL,188989,0,"FOOD CUPBOARD","CANNED FOOD"
MKL,189734,0,BEVERAGES,"MINERAL WATER"
MKL,187713,0,"HOME FURNISHING","BATH LINEN"
MKL,189086,5,"XMAS SEASONAL","xmas season"
MKL,187167,0,"KNIFE AND CHOPPING BOARD","CHEF KNIFE"
MKL,187168,0,"KNIFE AND CHOPPING BOARD","SINGLE KNIFE"
MKL,187171,3,"KNIFE AND CHOPPING BOARD","KNIFE SETS"
MKL,187172,0,"KITCHEN TOOLS AND CULTARY","COOKING TOOL SET"
MKL,187173,0,"KNIFE AND CHOPPING BOARD","SINGLE KNIFE"
MKL,187174,0,"KNIFE AND CHOPPING BOARD","SINGLE KNIFE"
MKL,187175,0,"KNIFE AND CHOPPING BOARD","SINGLE KNIFE"
MKL,187176,0,BAKEWARE,"BAKING TOOLS AND ACCESSORIES"
MKL,185176,0,DINNERWARE,PLATE
MKL,187185,0,"KITCHEN TOOLS AND CULTARY","COOKING BRUSH"
MKL,187186,0,BAKEWARE,"BAKING TOOLS AND ACCESSORIES"
MKL,185212,0,DINNERWARE,PLATE
MKL,185281,72,"FOOD CUPBOARD","MILK AND CREAMERS"
MKL,185788,0,"FOOD CUPBOARD",BISCUITS
MKL,186666,0,"STORAGE AND ORGANIZER","LUNCH BOXES TIFFINS AND FOOD FLASK"
MKL,186668,0,"STORAGE AND ORGANIZER","LUNCH BOXES TIFFINS AND FOOD FLASK"
MKL,18459,14,"BEVERAGES ALCOHOLIC",WINES
MKL,184604,0,DINNERWARE,BOWLS
MKL,184609,0,DINNERWARE,BOWLS
MKL,184610,0,DINNERWARE,BOWLS
MKL,184613,0,DINNERWARE,PLATE
MKL,184614,0,DINNERWARE,PLATE
MKL,186695,0,"STORAGE AND ORGANIZER","STORAGE CONTAINERS"
MKL,186696,0,"STORAGE AND ORGANIZER","STORAGE CONTAINERS"
MKL,186699,19,"STORAGE AND ORGANIZER","STORAGE CONTAINERS"
MKL,186703,7,"STORAGE AND ORGANIZER","LUNCH BOXES TIFFINS AND FOOD FLASK"
MKL,184616,0,DINNERWARE,PLATE
MKL,184617,0,DINNERWARE,PLATE
MKL,184618,0,DINNERWARE,PLATE
MKL,18464,0,BEVERAGES,JUICE
MKL,185364,2,"FOOD CUPBOARD","SALT  SUGAR AND JAGGERY"
MKL,185373,0,"BED SHEET","QUEEN SIZE BEDSHEET"
MKL,185374,0,"BED SHEET","KING SIZE BEDSHEET"
MKL,185377,0,"BED SHEET","QUEEN SIZE BEDSHEET"
MKL,185378,0,"BED SHEET","KING SIZE BEDSHEET"
MKL,185402,0,CURTAINS,"GROMMET CURTAINS"
MKL,186815,0,"CHILDREN BOOKS AND GEN REF","BOOKS AND LEARNINGS"
MKL,185415,0,CURTAINS,"GROMMET CURTAINS"
MKL,185418,0,CURTAINS,"GROMMET CURTAINS"
MKL,185419,0,CURTAINS,"GROMMET CURTAINS"
MKL,185445,0,CURTAINS,"GROMMET CURTAINS"
MKL,185447,0,CURTAINS,"GROMMET CURTAINS"
MKL,186838,0,"CHILDREN BOOKS AND GEN REF","BOOKS AND LEARNINGS"
MKL,184782,0,KITCHENWARE,"DISH RACKS"
MKL,184785,7,GLASSWARE,"GLASS / TUMBLER /WINE / CHAMPAGNE"
MKL,184788,0,GLASSWARE,"GLASS / TUMBLER /WINE / CHAMPAGNE"
MKL,186038,0,GLASSWARE,"JUGS/JUG WITH LIDS"
MKL,186039,0,"STORAGE AND ORGANIZER","STORAGE CONTAINERS"
MKL,186040,0,"STORAGE AND ORGANIZER","STORAGE CONTAINERS"
MKL,186042,0,"STORAGE AND ORGANIZER","STORAGE CONTAINERS"
MKL,186043,5,"STORAGE AND ORGANIZER","STORAGE CONTAINERS"
MKL,186058,0,"COMMERCIAL APPLIANCES","COMMERCIAL BLENDER"
MKL,186107,0,"DISH CLOTHS AND NAPKINS","APRON AND GLOVES"
MKL,186110,0,"FOOD CUPBOARD","MILK AND CREAMERS"
MKL,186184,14,"HOME DECOR","WallANDTable Decor"
MKL,186191,0,"COMMERCIAL APPLIANCES","COMMERCIAL BLENDER"
MKL,186194,0,"COMMERCIAL APPLIANCES","COMMERCIAL BLENDER"
MKL,194895,0,"KITCHEN TOOLS AND CULTARY","COOKING TOOL SET"
MKL,194899,0,"KITCHEN TOOLS AND CULTARY","COOKING TOOL SET"
MKL,194947,0,"KITCHEN TOOLS AND CULTARY","COOKING TOOL LADLES AND SERVERS"
MKL,194961,0,"KITCHEN TOOLS AND CULTARY","COOKING TOOL LADLES AND SERVERS"
MKL,194962,0,"KITCHEN TOOLS AND CULTARY","COOKING TOOL LADLES AND SERVERS"
MKL,194966,0,"KITCHEN TOOLS AND CULTARY","COOKING TOOL LADLES AND SERVERS"
MKL,194968,5,"KITCHEN TOOLS AND CULTARY","COOKING TOOL LADLES AND SERVERS"
MKL,194970,0,"KITCHEN TOOLS AND CULTARY","COOKING TOOL LADLES AND SERVERS"
MKL,19386,0,"HOME AND PERSONAL CARE","INFANT AND BABY CARE"
MKL,193477,0,"FLOOR MATS","DOOR MAT"
MKL,193503,0,GLASSWARE,"GLASS / TUMBLER /WINE / CHAMPAGNE"
MKL,194647,0,GLASSWARE,"GLASS / TUMBLER /WINE / CHAMPAGNE"
MKL,194678,0,DINNERWARE,BOWLS
MKL,194699,0,GLASSWARE,"CASSEROLES AND BOWLS WITH LID"
MKL,194710,0,DINNERWARE,PLATE
MKL,194173,0,"HOME AND PERSONAL CARE","ORAL CARE"
MKL,19418,0,"FOOD CUPBOARD","EDIBLE OILS AND GHEE"
MKL,19424,0,"FOOD CUPBOARD","CANNED FOOD"
MKL,190929,0,"HOME AND PERSONAL CARE","LAUNDRY CARE"
MKL,191056,0,"FOOD CUPBOARD","MILK AND CREAMERS"
MKL,191057,0,"FOOD CUPBOARD",FLOURS
MKL,191058,37,"FOOD CUPBOARD","MILK AND CREAMERS"
MKL,191846,12,"FOOD CUPBOARD",BISCUITS
MKL,191896,0,"RICE/ MULTI COOKER","POT TYPE RICE COOKER"
MKL,191897,0,"RICE/ MULTI COOKER","POT TYPE RICE COOKER"
MKL,190498,0,"HOME FURNISHING","BATH LINEN"
MKL,191898,0,"RICE/ MULTI COOKER","POT TYPE RICE COOKER"
MKL,191928,0,"CUTLERY ITEMS","SPOONS FORKS KNIFE AND CUTLERY SET"
MKL,191409,0,"FOOD CUPBOARD",FLOURS
MKL,191975,0,"CUTLERY ITEMS","SPOONS FORKS KNIFE AND CUTLERY SET"
MKL,191979,0,"CUTLERY ITEMS","SPOONS FORKS KNIFE AND CUTLERY SET"
MKL,191983,0,"CUTLERY ITEMS","SPOONS FORKS KNIFE AND CUTLERY SET"
MKL,192002,0,"HOME AND PERSONAL CARE",DISPOSABLE
MKL,192914,0,BAKERY,BREADS
MKL,192915,9,BAKERY,BREADS
MKL,192930,4,"LED TV",OLED/QLED
MKL,192931,0,"LED TV",OLED/QLED
MKL,192057,0,"KNIFE AND CHOPPING BOARD","CHOPPING BOARD AND KNIFE SET"
MKL,193002,0,"CUTLERY ITEMS",OPENERS
MKL,193003,54,"CUTLERY ITEMS",OPENERS
MKL,193004,0,"CUTLERY ITEMS",OPENERS
MKL,193005,0,"CUTLERY ITEMS",OPENERS
MKL,193007,0,"CUTLERY ITEMS",OPENERS
MKL,193009,0,"CUTLERY ITEMS",OPENERS
MKL,193038,43,"KNIFE AND CHOPPING BOARD","VEG AND FRUIT PEELERS"
MKL,193039,43,"KNIFE AND CHOPPING BOARD","VEG AND FRUIT PEELERS"
MKL,193040,0,"KNIFE AND CHOPPING BOARD","VEG AND FRUIT PEELERS"
MKL,193041,0,"KNIFE AND CHOPPING BOARD","VEG AND FRUIT PEELERS"
MKL,193042,0,"KNIFE AND CHOPPING BOARD","VEG AND FRUIT PEELERS"
MKL,190689,0,LAUNDARY,"LAUNDARY BASKET"
MKL,190690,0,LAUNDARY,"LAUNDARY BASKET"
MKL,190720,0,"CUTLERY ITEMS",OPENERS
MKL,190722,0,"KNIFE AND CHOPPING BOARD",SCISSORS
MKL,190725,2,BATHROOM,"BATHROOM ACCESSORIES"
MKL,190728,0,BATHROOM,"BATHROOM ACCESSORIES"
MKL,190729,0,BATHROOM,"BATHROOM ACCESSORIES"
MKL,190730,0,BATHROOM,"BATHROOM ACCESSORIES"
MKL,190731,0,BATHROOM,"BATHROOM ACCESSORIES"
MKL,190735,0,BATHROOM,"BATHROOM ACCESSORIES"
MKL,192222,0,"STORAGE AND ORGANIZER","STORAGE CONTAINERS"
MKL,192229,0,"STORAGE AND ORGANIZER","STORAGE CONTAINERS"
MKL,192231,0,"STORAGE AND ORGANIZER","STORAGE CONTAINERS"
MKL,192232,0,"STORAGE AND ORGANIZER","STORAGE CONTAINERS"
MKL,198904,0,BEVERAGES,"MINERAL WATER"
MKL,19894,0,"FROZEN FOOD",ICE-CREAM
MKL,19895,0,"FROZEN FOOD",ICE-CREAM
MKL,200149,0,BEVERAGES,TEA
MKL,198989,2,"FOOD CUPBOARD","RAW RICE"
MKL,200217,0,BEVERAGES,DRINKS
MKL,200226,0,"FOOD CUPBOARD","CANNED FOOD"
MKL,200251,0,"FOOD CUPBOARD",SNACKS
MKL,200275,0,"FOOD CUPBOARD","CANNED FOOD"
MKL,200277,0,LAUNDARY,"CLOTH HANGERS"
MKL,200289,20,"FOOD CUPBOARD","SPREADS AND TOPPING"
MKL,200291,0,"FOOD CUPBOARD","SPREADS AND TOPPING"
MKL,200292,0,"FOOD CUPBOARD",CONDIMENTS
MKL,200293,0,"FOOD CUPBOARD","CANNED FOOD"
MKL,200294,0,"FOOD CUPBOARD","CANNED FOOD"
MKL,200295,0,BEVERAGES,TEA
MKL,200299,0,"FOOD CUPBOARD",CONDIMENTS
MKL,200301,0,"FOOD CUPBOARD",CONDIMENTS
MKL,200302,0,"FOOD CUPBOARD",CONDIMENTS
MKL,200304,0,"FOOD CUPBOARD",CONDIMENTS
MKL,200306,0,"FOOD CUPBOARD","CANNED FOOD"
MKL,200308,24,"FOOD CUPBOARD","CANNED FOOD"
MKL,200315,23,"FOOD CUPBOARD","CANNED FOOD"
MKL,200317,99,"FOOD CUPBOARD","CANNED FOOD"
MKL,199226,0,"BEVERAGES ALCOHOLIC",CIDER
MKL,200331,0,"FOOD CUPBOARD","MILK AND CREAMERS"
MKL,200343,0,"FOOD CUPBOARD",CONDIMENTS
MKL,198393,0,"FOOD CUPBOARD","SPREADS AND TOPPING"
MKL,198394,0,"FOOD CUPBOARD","CANNED FOOD"
MKL,19842,2,"FROZEN FOOD",ICE-CREAM
MKL,198454,0,"FOOD CUPBOARD","SPREADS AND TOPPING"
MKL,200613,33,BAKERY,BREADS
MKL,200644,2,"AIR CONDITIONING","SPLIT AC"
MKL,198520,0,"BEVERAGES ALCOHOLIC",WINES
MKL,197088,0,"FOOD CUPBOARD",BISCUITS
MKL,197089,4,"FOOD CUPBOARD",BISCUITS
MKL,197090,0,"FOOD CUPBOARD",BISCUITS
MKL,197973,0,"FOOD CUPBOARD",BISCUITS
MKL,197976,0,"FOOD CUPBOARD",BISCUITS
MKL,197985,0,"FOOD CUPBOARD",BISCUITS
MKL,197091,0,"FOOD CUPBOARD","BREAKFAST CEREALS"
MKL,197115,0,"FOOD CUPBOARD",BISCUITS
MKL,197116,0,"FOOD CUPBOARD",BISCUITS
MKL,197988,0,"FOOD CUPBOARD",BISCUITS
MKL,197991,0,"FOOD CUPBOARD",BISCUITS
MKL,197992,0,"FOOD CUPBOARD",BISCUITS
MKL,19815,0,BATTERIES,BATTERY
MKL,19816,12,BATTERIES,BATTERY
MKL,19817,0,BATTERIES,BATTERY
MKL,19818,0,BATTERIES,BATTERY
MKL,19819,0,BATTERIES,BATTERY
MKL,19820,0,BATTERIES,BATTERY
MKL,19821,0,BATTERIES,BATTERY
MKL,19822,0,BATTERIES,BATTERY
MKL,19823,0,BATTERIES,BATTERY
MKL,196274,0,"LED TV","SMART TV"
MKL,197374,0,FREEZER,"SINGLE DOOR FREEZER"
MKL,197397,0,"LED TV","SMART TV"
MKL,195594,20,KITCHENWARE,"KITCHEN ACCESSORIES"
MKL,195595,0,KITCHENWARE,"KITCHEN ACCESSORIES"
MKL,195596,0,KITCHENWARE,"KITCHEN ACCESSORIES"
MKL,197524,0,"HOME AND PERSONAL CARE","PERSONAL WASH"
MKL,197525,0,"HOME AND PERSONAL CARE","PERSONAL WASH"
MKL,197526,0,"HOME AND PERSONAL CARE","PERSONAL WASH"
MKL,19766,0,"FOOD CUPBOARD","SALT  SUGAR AND JAGGERY"
MKL,197723,0,DINNERWARE,DINNER-SETS
MKL,197727,0,DINNERWARE,DINNER-SETS
MKL,197738,0,DINNERWARE,BOWLS
MKL,197770,0,"FOOD CUPBOARD",BISCUITS
MKL,196674,0,BEVERAGES,JUICE
MKL,196675,0,BEVERAGES,JUICE
MKL,196678,0,BEVERAGES,JUICE
MKL,196679,0,BEVERAGES,JUICE
MKL,197773,0,"FOOD CUPBOARD",BISCUITS
MKL,197776,0,"FOOD CUPBOARD",BISCUITS
MKL,197830,0,"FOOD CUPBOARD","BABY FOOD"
MKL,204902,3,"FOOD CUPBOARD","MILK AND CREAMERS"
MKL,207818,0,"SCHOOL AND CHILDREN STATIONERY","NOTE BOOKS"
MKL,207968,0,"HOME AND PERSONAL CARE","PERSONAL WASH"
MKL,204551,0,"FOOD CUPBOARD","EDIBLE OILS AND GHEE"
MKL,205681,0,BEVERAGES,DRINKS
MKL,205682,0,"BEVERAGES ALCOHOLIC",CIDER
MKL,20639,0,BEVERAGES,JUICE
MKL,20641,0,BEVERAGES,JUICE
MKL,203950,0,BEVERAGES,JUICE
MKL,206551,0,BEVERAGES,DRINKS
MKL,206554,0,"FOOD CUPBOARD",FLOURS
MKL,202146,0,"HOME HYGIENE",DUSTBINS
MKL,202184,0,"HOME AND PERSONAL CARE","FEMININE CARE"
MKL,202186,0,"HOME AND PERSONAL CARE","FEMININE CARE"
MKL,202191,0,"HOME AND PERSONAL CARE","FEMININE CARE"
MKL,202216,0,"FOOD CUPBOARD","BREAKFAST CEREALS"
MKL,202224,0,"LED TV","SMART TV"
MKL,202242,0,BEVERAGES,JUICE
MKL,202509,0,"FOOD CUPBOARD",SAVOURIES
MKL,202511,0,"FOOD CUPBOARD",SAVOURIES
MKL,202512,0,"FOOD CUPBOARD",SAVOURIES
MKL,202517,50,"FOOD CUPBOARD",SAVOURIES
MKL,202602,0,"FOOD CUPBOARD",BISCUITS
MKL,202839,0,GLASSWARE,"GLASS / TUMBLER /WINE / CHAMPAGNE"
MKL,202840,2,GLASSWARE,"GLASS / TUMBLER /WINE / CHAMPAGNE"
MKL,202842,0,DINNERWARE,DINNER-SETS
MKL,202848,0,DINNERWARE,DINNER-SETS
MKL,201901,0,BEVERAGES,DRINKS
MKL,201904,0,BEVERAGES,"MINERAL WATER"
MKL,201262,0,"CHILDREN BOOKS AND GEN REF","BOOKS AND LEARNINGS"
MKL,201264,0,"CHILDREN BOOKS AND GEN REF","BOOKS AND LEARNINGS"
MKL,201277,0,"CHILDREN BOOKS AND GEN REF","BOOKS AND LEARNINGS"
MKL,201278,0,"CHILDREN BOOKS AND GEN REF","BOOKS AND LEARNINGS"
MKL,20129,0,"FOOD CUPBOARD",SNACKS
MKL,57745,0,BEVERAGES,DRINKS
MKL,57746,0,BEVERAGES,DRINKS
MKL,57869,0,"HOME AND PERSONAL CARE","HOUSEHOLD CLEANERS"
MKL,57878,0,"HOME AND PERSONAL CARE","HOUSEHOLD CLEANERS"
MKL,57960,0,"FOOD CUPBOARD",BISCUITS
MKL,63999,0,"HOME AND PERSONAL CARE",FRAGRANCES
MKL,64004,0,"HOME AND PERSONAL CARE",FRAGRANCES
MKL,64032,0,"FOOD CUPBOARD",FLOURS
MKL,44832,0,BEVERAGES,JUICE
MKL,44862,0,"HOME AND PERSONAL CARE",DISPOSABLE
MKL,51935,0,DISPOSABLES,"DISPOSABLE CONTAINERS"
MKL,51989,0,"HOME AND PERSONAL CARE","FEMININE CARE"
MKL,51995,0,"HOME AND PERSONAL CARE","FEMININE CARE"
MKL,58151,9,BEVERAGES,COFFEE
MKL,58187,0,"HOME AND PERSONAL CARE","ORAL CARE"
MKL,58188,0,"HOME AND PERSONAL CARE","ORAL CARE"
MKL,58190,0,"HOME AND PERSONAL CARE","ORAL CARE"
MKL,64089,0,"HOME AND PERSONAL CARE","ORAL CARE"
MKL,64090,0,"HOME AND PERSONAL CARE","ORAL CARE"
MKL,64096,2,"HOME AND PERSONAL CARE","ORAL CARE"
MKL,64101,0,"FRESH DAIRY AND EGGS",Yoghurt
MKL,64102,0,"FRESH DAIRY AND EGGS",Yoghurt
MKL,64103,0,"FRESH DAIRY AND EGGS",Yoghurt
MKL,64104,0,"FRESH DAIRY AND EGGS",Yoghurt
MKL,45430,0,"HOME AND PERSONAL CARE","ORAL CARE"
MKL,52717,0,"HOME AND PERSONAL CARE","INFANT AND BABY CARE"
MKL,58699,0,"HOME AND PERSONAL CARE",DISPOSABLE
MKL,64531,0,BEVERAGES,JUICE
MKL,46403,0,"MELAMINE WARE","MEL BOWL/BOWL+COVER"
MKL,46545,0,"HOME AND PERSONAL CARE",DISPOSABLE
MKL,46602,0,"HOME AND PERSONAL CARE","PERSONAL WASH"
MKL,46742,0,BEVERAGES,JUICE
MKL,46746,0,"HOME AND PERSONAL CARE","PERSONAL WASH"
MKL,52962,0,"FOOD CUPBOARD","PEPPER SAUCE"
MKL,59220,0,"BEVERAGES ALCOHOLIC",WHISKEY
MKL,59332,0,"HOME AND PERSONAL CARE","PERSONAL WASH"
MKL,59337,0,"HOME AND PERSONAL CARE","HOUSEHOLD CLEANERS"
MKL,59680,0,"FOOD CUPBOARD",BISCUITS
MKL,64661,0,"HOME AND PERSONAL CARE","PERSONAL WASH"
MKL,64662,0,"HOME AND PERSONAL CARE","PERSONAL WASH"
MKL,64663,0,"HOME AND PERSONAL CARE","PERSONAL WASH"
MKL,64664,0,"HOME AND PERSONAL CARE","ORAL CARE"
MKL,64710,0,"BEVERAGES ALCOHOLIC",WINES
MKL,64711,0,"BEVERAGES ALCOHOLIC",WINES
MKL,64712,64,"BEVERAGES ALCOHOLIC",WINES
MKL,64713,0,"BEVERAGES ALCOHOLIC",WINES
MKL,64715,0,"FOOD CUPBOARD",BISCUITS
MKL,64717,0,"FOOD CUPBOARD",BISCUITS
MKL,64800,0,"FOOD CUPBOARD",CONFECTIONERY
MKL,46884,0,"MELAMINE WARE","MEL BOWL/BOWL+COVER"
MKL,53304,0,BEVERAGES,"MINERAL WATER"
MKL,53438,0,"HOME AND PERSONAL CARE","ORAL CARE"
MKL,59769,0,"HOME AND PERSONAL CARE","PERSONAL WASH"
MKL,59829,0,"HOME AND PERSONAL CARE","PERSONAL WASH"
MKL,59830,0,"HOME AND PERSONAL CARE","PERSONAL WASH"
MKL,59831,0,"HOME AND PERSONAL CARE","PERSONAL WASH"
MKL,59874,0,"FLASK AND BOTTLES",BOTTLE
MKL,48195,0,"HOME AND PERSONAL CARE",DISPOSABLE
MKL,48208,0,"HOME AND PERSONAL CARE",DISPOSABLE
MKL,53553,0,MATTRESS,"Queen Size"
MKL,53554,0,"FROZEN FOOD",ICE-CREAM
MKL,53555,45,"FROZEN FOOD",ICE-CREAM
MKL,60121,0,KITCHENWARE,"ALUMINIUM COOKWARE"
MKL,60380,0,"MELAMINE WARE","MEL BOWL/BOWL+COVER"
MKL,65106,231,"FROZEN FOOD",ICE-CREAM
MKL,65112,0,"HOME AND PERSONAL CARE","ORAL CARE"
MKL,65188,9,"LIGHT BULBS","LED BULB"
MKL,48241,0,"HOME AND PERSONAL CARE",DISPOSABLE
MKL,48384,39,BEVERAGES,DRINKS
MKL,48388,0,BEVERAGES,DRINKS
MKL,48424,0,"HOME AND PERSONAL CARE",DISPOSABLE
MKL,48454,0,"FOOD CUPBOARD",CONDIMENTS
MKL,53709,0,"FOOD CUPBOARD","CANNED FOOD"
MKL,53984,0,MATTRESS,"King Size"
MKL,60471,0,GLASSWARE,"GLASS / TUMBLER /WINE / CHAMPAGNE"
MKL,60512,0,"FOOD CUPBOARD","PASTA AND SPAGHETTI"
MKL,60514,0,"HOME AND PERSONAL CARE","SKIN CARE"
MKL,60515,696,"HOME AND PERSONAL CARE","SKIN CARE"
MKL,40552,0,BEVERAGES,JUICE
MKL,40609,0,"HOME AND PERSONAL CARE","HOUSEHOLD CLEANERS"
MKL,40614,0,"HOME AND PERSONAL CARE","HOUSEHOLD CLEANERS"
MKL,48859,0,REFRIGERATOR,"DD TMF REFRIGERATOR"
MKL,54360,0,"HOME HYGIENE","BROOM BRUSHES DUSTPANS"
MKL,54361,0,"HOME HYGIENE","BROOM BRUSHES DUSTPANS"
MKL,54362,0,"HOME IMPROVEMENT",BRUSH
MKL,54412,0,BEVERAGES,"MINERAL WATER"
MKL,60783,63,"HOME AND PERSONAL CARE","SKIN CARE"
MKL,60853,0,"FOOD CUPBOARD","HONEY  JAM AND MARMALADE"
MKL,40723,0,"HOME AND PERSONAL CARE",DISPOSABLE
MKL,40889,0,"FOOD CUPBOARD","SPREADS AND TOPPING"
MKL,41000,0,"FLASK AND BOTTLES",BOTTLE
MKL,41003,0,"FLASK AND BOTTLES",BOTTLE
MKL,41042,3,"HARDWARE ITEMS","HOME UTILITY"
MKL,48890,0,"FOOD CUPBOARD",BISCUITS
MKL,49002,0,"KNIFE AND CHOPPING BOARD","KNIFE SETS"
MKL,49017,0,BEVERAGES,JUICE
MKL,54455,0,"MELAMINE WARE","MEL BOWL/BOWL+COVER"
MKL,54456,0,"MELAMINE WARE","MEL BOWL/BOWL+COVER"
MKL,54507,0,BEVERAGES,DRINKS
MKL,60932,0,"HOTPLATE  BBQ  GRILL","HOT PLATE"
MKL,60934,0,FAN,"STANDING FAN"
MKL,60940,0,"LINEN CARE","DRY IRON"
MKL,41517,9,"MELAMINE WARE","MEL MUGS AND CUPS"
MKL,42280,0,"BEVERAGES ALCOHOLIC","COGNAC / BRANDY"
MKL,42283,0,"BEVERAGES ALCOHOLIC",RHUM
MKL,49192,21,"FOOD CUPBOARD","TOMATO PASTE"
MKL,49250,0,"HOME AND PERSONAL CARE","PERSONAL WASH"
MKL,49251,0,"HOME AND PERSONAL CARE","HOUSEHOLD CLEANERS"
MKL,49252,0,"HOME AND PERSONAL CARE","HOUSEHOLD CLEANERS"
MKL,49334,0,"MELAMINE WARE","MEL PLATE"
MKL,54998,0,"HOME AND PERSONAL CARE","PERSONAL WASH"
MKL,60956,2,"FOOD PROCESSOR/BLENDER",BLENDERS
MKL,60997,0,"FOOD CUPBOARD","SALT  SUGAR AND JAGGERY"
MKL,61041,0,MATTRESS,"Double Size"
MKL,61043,0,MATTRESS,"King Size"
MKL,61058,11,"HOME AND PERSONAL CARE",DISPOSABLE
MKL,61059,0,"HOME AND PERSONAL CARE",DISPOSABLE
MKL,61187,0,"HOME AND PERSONAL CARE","HOUSEHOLD CLEANERS"
MKL,61188,0,"HOME AND PERSONAL CARE","HOUSEHOLD CLEANERS"
MKL,42390,0,BEVERAGES,JUICE
MKL,42441,0,"FOOD CUPBOARD","SALT  SUGAR AND JAGGERY"
MKL,42442,35,"FOOD CUPBOARD","SALT  SUGAR AND JAGGERY"
MKL,49364,0,"FOOD CUPBOARD","EDIBLE OILS AND GHEE"
MKL,49381,0,"HOME AND PERSONAL CARE",DISPOSABLE
MKL,49382,0,"HOME AND PERSONAL CARE",DISPOSABLE
MKL,54999,0,"HOME AND PERSONAL CARE","PERSONAL WASH"
MKL,61347,0,"BEVERAGES ALCOHOLIC",BITTERS
MKL,61527,0,BEVERAGES,DRINKS
MKL,61533,0,"FOOD CUPBOARD",BISCUITS
MKL,61535,0,"FOOD CUPBOARD",BISCUITS
MKL,49705,0,"HOME AND PERSONAL CARE",FRAGRANCES
MKL,49718,0,"HOME AND PERSONAL CARE",FRAGRANCES
MKL,49721,0,"FOOD CUPBOARD","CANNED FOOD"
MKL,49723,0,"FOOD CUPBOARD","CANNED FOOD"
MKL,49726,0,"HOME AND PERSONAL CARE",FRAGRANCES
MKL,49728,25,"HOME AND PERSONAL CARE",FRAGRANCES
MKL,55555,0,MISCELLANEOUS,"GIFT VOUCHERS"
MKL,55557,0,BEVERAGES,JUICE
MKL,55686,2,"HOME AND PERSONAL CARE",DISPOSABLE
MKL,55688,0,"FOOD CUPBOARD",CONFECTIONERY
MKL,55700,0,BEVERAGES,"DRINKING POWDERS"
MKL,61541,0,BEVERAGES,DRINKS
MKL,61581,0,BEVERAGES,JUICE
MKL,61767,0,"FOOD CUPBOARD","BABY FOOD"
MKL,61769,0,"FOOD CUPBOARD",CONDIMENTS
MKL,61862,71,KITCHENWARE,"SALT AND PEPPER/CRUETS"
MKL,42961,0,"HOME AND PERSONAL CARE","FEMININE CARE"
MKL,42974,0,"MELAMINE WARE","MEL BOWL/BOWL+COVER"
MKL,50130,0,"HOME AND PERSONAL CARE",DISPOSABLE
MKL,50144,0,BEVERAGES,"DRINKING POWDERS"
MKL,50387,2,"HOME AND PERSONAL CARE","LAUNDRY CARE"
MKL,50388,0,"HOME AND PERSONAL CARE","LAUNDRY CARE"
MKL,55861,0,"TOASTER/TOSTER OVEN",TOASTERS
MKL,62260,0,BEVERAGES,DRINKS
MKL,62416,0,"WASHING MACHINE","TWIN TUB WM"
MKL,62429,0,"HOME AND PERSONAL CARE","FEMININE CARE"
MKL,43019,0,"HOME AND PERSONAL CARE",DISPOSABLE
MKL,43020,0,"HOME AND PERSONAL CARE",DISPOSABLE
MKL,43168,0,"FOOD CUPBOARD","CANNED FOOD"
MKL,43198,0,BEVERAGES,JUICE
MKL,43364,0,"HOME AND PERSONAL CARE","ORAL CARE"
MKL,50455,0,"FOOD CUPBOARD","SPREADS AND TOPPING"
MKL,50456,0,"FOOD CUPBOARD","SPREADS AND TOPPING"
MKL,50880,0,"BEVERAGES ALCOHOLIC",WINES
MKL,50881,0,"BEVERAGES ALCOHOLIC",CIDER
MKL,50882,0,"BEVERAGES ALCOHOLIC",CIDER
MKL,50883,0,"BEVERAGES ALCOHOLIC",CIDER
MKL,50951,0,"BEVERAGES ALCOHOLIC",WHISKEY
MKL,56622,9,"HOME AND PERSONAL CARE",DISPOSABLE
MKL,62668,0,"FOOD CUPBOARD",CONFECTIONERY
MKL,62785,5,"HOME DECOR","OutdoorANDIndoor Decor"
MKL,43843,0,"HOME AND PERSONAL CARE","HAIR CARE"
MKL,43873,0,"HOME AND PERSONAL CARE","ORAL CARE"
MKL,51037,0,BATTERIES,BATTERY
MKL,51038,0,BATTERIES,BATTERY
MKL,51039,5,BATTERIES,BATTERY
MKL,51240,0,"HOME AND PERSONAL CARE","ORAL CARE"
MKL,56629,56,"HOME AND PERSONAL CARE","PERSONAL WASH"
MKL,56679,0,"HOME AND PERSONAL CARE","HEALTH AND WELLNESS"
MKL,57039,13,"HOME AND PERSONAL CARE","INSECTICIDES AND RODENT CONTROL"
MKL,57162,0,"HOME AND PERSONAL CARE","PERSONAL WASH"
MKL,63512,0,"HOME AND PERSONAL CARE","PERSONAL WASH"
MKL,63513,0,"HOME AND PERSONAL CARE","PERSONAL WASH"
MKL,63666,0,"HOME AND PERSONAL CARE","PERSONAL WASH"
MKL,44018,0,"HOME AND PERSONAL CARE","PERSONAL WASH"
MKL,44080,0,BEVERAGES,DRINKS
MKL,44387,0,"GAS COOKER","TABLE TOP GAS STOVE"
MKL,51352,0,"FOOD PROCESSOR/BLENDER",BLENDERS
MKL,51422,0,"BEVERAGES ALCOHOLIC","BOTTLE BEER"
MKL,51588,0,"BEVERAGES ALCOHOLIC",LIQUER
MKL,51660,0,"HOME AND PERSONAL CARE",DISPOSABLE
MKL,57499,0,"HOME AND PERSONAL CARE",DISPOSABLE
MKL,57618,2,"FOOD CUPBOARD","RAW RICE"
MKL,63870,0,"HOME AND PERSONAL CARE","PERSONAL WASH"
MKL,63888,0,"HOME AND PERSONAL CARE","LAUNDRY CARE"
MKL,63930,0,"FOOD CUPBOARD","CANNED FOOD"
MKL,63990,38,"HOME AND PERSONAL CARE","SKIN CARE"
MKL,44388,0,"GAS COOKER","TABLE TOP GAS STOVE"
MKL,44687,0,"FOOD CUPBOARD","EDIBLE OILS AND GHEE"
MKL,39261,0,"HOME AND PERSONAL CARE","FEMININE CARE"
MKL,26331,0,"FOOD CUPBOARD",CONFECTIONERY
MKL,26350,0,"HOME AND PERSONAL CARE","PERSONAL WASH"
MKL,26351,0,"HOME AND PERSONAL CARE","PERSONAL WASH"
MKL,26352,0,"HOME AND PERSONAL CARE","PERSONAL WASH"
MKL,26353,0,"HOME AND PERSONAL CARE","PERSONAL WASH"
MKL,39376,0,"FOOD CUPBOARD","SPREADS AND TOPPING"
MKL,39377,0,"FOOD CUPBOARD","SPREADS AND TOPPING"
MKL,39465,0,"BEVERAGES ALCOHOLIC",LIQUER
MKL,39477,0,"HOME AND PERSONAL CARE","ORAL CARE"
MKL,39483,0,"HOME AND PERSONAL CARE","ORAL CARE"
MKL,209240,0,"HOME AND PERSONAL CARE","ORAL CARE"
MKL,209241,0,"HOME AND PERSONAL CARE","ORAL CARE"
MKL,209242,0,"HOME AND PERSONAL CARE","ORAL CARE"
MKL,33499,0,"HOME AND PERSONAL CARE","MENS GROOMING"
MKL,33578,0,"FROZEN FOOD",ICE-CREAM
MKL,33579,0,"FROZEN FOOD",ICE-CREAM
MKL,33580,33,"FROZEN FOOD",ICE-CREAM
MKL,33893,36,"HOME AND PERSONAL CARE",DISPOSABLE
MKL,39670,0,"MELAMINE WARE","MEL MUGS AND CUPS"
MKL,39829,0,"HOME AND PERSONAL CARE","HEALTH AND WELLNESS"
MKL,26940,0,"BEVERAGES ALCOHOLIC","BOTTLE BEER"
MKL,26948,0,ELECTRICALS,AVR/AVS
MKL,26950,0,ELECTRICALS,AVR/AVS
MKL,26952,0,ELECTRICALS,AVR/AVS
MKL,26965,0,"FOOD CUPBOARD",CONDIMENTS
MKL,27129,0,"HOME HYGIENE","TOILET BRUSHES"
MKL,34237,0,"BEVERAGES ALCOHOLIC",WHISKEY
MKL,39953,0,BEVERAGES,JUICE
MKL,39954,0,BEVERAGES,JUICE
MKL,39955,0,BEVERAGES,JUICE
MKL,39985,0,BEVERAGES,JUICE
MKL,39989,0,BEVERAGES,JUICE
MKL,27615,0,"FOOD CUPBOARD","NOODLES AND SOUP"
MKL,27769,0,"HOME AND PERSONAL CARE","HOUSEHOLD CLEANERS"
MKL,27770,0,"HOME AND PERSONAL CARE",FRESHENERS
MKL,27774,0,"HOME AND PERSONAL CARE","HOUSEHOLD CLEANERS"
MKL,34900,0,"HOME AND PERSONAL CARE","MENS GROOMING"
MKL,34901,10,"HOME AND PERSONAL CARE","SKIN CARE"
MKL,40289,0,"HOME AND PERSONAL CARE",DISPOSABLE
MKL,21077,0,LAUNDARY,"CLOTH HANGERS"
MKL,35550,0,"FOOD CUPBOARD","CANNED FOOD"
MKL,35645,0,BEVERAGES,JUICE
MKL,35646,0,BEVERAGES,JUICE
MKL,40290,0,"HOME AND PERSONAL CARE",DISPOSABLE
MKL,40319,0,BEVERAGES,JUICE
MKL,40322,0,BEVERAGES,JUICE
MKL,40547,0,BEVERAGES,JUICE
MKL,40548,0,BEVERAGES,JUICE
MKL,40549,0,BEVERAGES,JUICE
MKL,28412,0,COOKWARE,"COOKWARE SET"
MKL,28649,0,"HOME AND PERSONAL CARE","INSECTICIDES AND RODENT CONTROL"
MKL,35804,0,"FOOD CUPBOARD","SALT  SUGAR AND JAGGERY"
MKL,35805,0,"FOOD CUPBOARD","SALT  SUGAR AND JAGGERY"
MKL,36024,209,"HOME AND PERSONAL CARE","SKIN CARE"
MKL,207976,0,"HOME AND PERSONAL CARE","PERSONAL WASH"
MKL,21722,0,"HOME AND PERSONAL CARE","PERSONAL WASH"
MKL,22008,0,"GAS COOKER","TABLE TOP GAS STOVE"
MKL,29079,0,"HOME AND PERSONAL CARE","FEMININE CARE"
MKL,29084,0,"HOME AND PERSONAL CARE","FEMININE CARE"
MKL,29331,0,"FOOD CUPBOARD","SALT  SUGAR AND JAGGERY"
MKL,29334,0,"FOOD CUPBOARD","SALT  SUGAR AND JAGGERY"
MKL,29396,0,BEVERAGES,"MINERAL WATER"
MKL,29397,0,BEVERAGES,"MINERAL WATER"
MKL,36357,0,"HOME AND PERSONAL CARE","HOUSEHOLD CLEANERS"
MKL,36359,0,"HOME AND PERSONAL CARE","PERSONAL WASH"
MKL,22065,0,BEVERAGES,"DRINKING POWDERS"
MKL,29452,0,"HOME AND PERSONAL CARE","INFANT AND BABY CARE"
MKL,29453,0,"HOME AND PERSONAL CARE","INFANT AND BABY CARE"
MKL,29874,0,"FOOD CUPBOARD","CANNED FOOD"
MKL,36408,0,"FOOD CUPBOARD","SALT  SUGAR AND JAGGERY"
MKL,36427,0,"BEVERAGES ALCOHOLIC","CAN BEER"
MKL,22456,0,"MELAMINE WARE","MEL BOWL/BOWL+COVER"
MKL,22623,0,"BEVERAGES ALCOHOLIC","BOTTLE BEER"
MKL,22624,0,"BEVERAGES ALCOHOLIC","BOTTLE BEER"
MKL,22804,0,"FOOD CUPBOARD","SPREADS AND TOPPING"
MKL,22805,0,"FOOD CUPBOARD","SPREADS AND TOPPING"
MKL,30033,35,"FOOD CUPBOARD","RAW RICE"
MKL,30345,0,"BEVERAGES ALCOHOLIC",WINES
MKL,30583,0,"HOME AND PERSONAL CARE","ORAL CARE"
MKL,36727,0,"HOME AND PERSONAL CARE",DISPOSABLE
MKL,36728,0,"HOME AND PERSONAL CARE",DISPOSABLE
MKL,36773,0,"FROZEN FOOD",ICE-CREAM
MKL,36774,0,"FROZEN FOOD",ICE-CREAM
MKL,36775,13,"FROZEN FOOD",ICE-CREAM
MKL,36776,0,"HOME AND PERSONAL CARE",DISPOSABLE
MKL,36782,0,"HOME AND PERSONAL CARE","ORAL CARE"
MKL,23061,30,"HOME AND PERSONAL CARE","INFANT AND BABY CARE"
MKL,23063,0,"HOME AND PERSONAL CARE","INFANT AND BABY CARE"
MKL,23065,100,"HOME AND PERSONAL CARE","INFANT AND BABY CARE"
MKL,23104,0,"FOOD CUPBOARD",BISCUITS
MKL,23129,0,"FOOD CUPBOARD","CANNED FOOD"
MKL,23130,0,"FOOD CUPBOARD","CANNED FOOD"
MKL,23131,0,"FOOD CUPBOARD","CANNED FOOD"
MKL,23132,0,"FOOD CUPBOARD","CANNED FOOD"
MKL,23289,0,"FOOD CUPBOARD",CONFECTIONERY
MKL,23627,0,"BEVERAGES ALCOHOLIC",WINES
MKL,30615,0,"HOME AND PERSONAL CARE","ORAL CARE"
MKL,30617,0,"HOME AND PERSONAL CARE","ORAL CARE"
MKL,30669,0,"HOME AND PERSONAL CARE","HOUSEHOLD CLEANERS"
MKL,37062,0,"HOME AND PERSONAL CARE","HOUSEHOLD CLEANERS"
MKL,37465,0,"HOME AND PERSONAL CARE","INFANT AND BABY CARE"
MKL,24021,20,"HOME AND PERSONAL CARE","SKIN CARE"
MKL,24023,0,"HOME AND PERSONAL CARE","SKIN CARE"
MKL,24024,0,"HOME AND PERSONAL CARE","SKIN CARE"
MKL,24026,0,"HOME AND PERSONAL CARE","SKIN CARE"
MKL,30789,0,"FRESH DAIRY AND EGGS",Yoghurt
MKL,30921,0,"FOOD CUPBOARD","CANNED FOOD"
MKL,30938,0,"FOOD CUPBOARD","RAW RICE"
MKL,31074,4,"FOOD CUPBOARD","SALT  SUGAR AND JAGGERY"
MKL,37540,0,"HOME AND PERSONAL CARE",FRESHENERS
MKL,37638,0,"HOME AND PERSONAL CARE","HOUSEHOLD CLEANERS"
MKL,37640,5,"HOME AND PERSONAL CARE","HOUSEHOLD CLEANERS"
MKL,37652,0,"HOME AND PERSONAL CARE","HOUSEHOLD CLEANERS"
MKL,37657,0,"HOME AND PERSONAL CARE","HOUSEHOLD CLEANERS"
MKL,37659,0,"HOME AND PERSONAL CARE","HOUSEHOLD CLEANERS"
MKL,25057,0,"FOOD CUPBOARD","CANNED FOOD"
MKL,25362,0,"FOOD CUPBOARD","MILK AND CREAMERS"
MKL,25741,6,"STORAGE AND ORGANIZER","LUNCH BOXES TIFFINS AND FOOD FLASK"
MKL,31691,0,ELECTRICALS,"ELE ACCESSORIES"
MKL,37883,0,"FOOD CUPBOARD","SPREADS AND TOPPING"
MKL,37884,0,"FOOD CUPBOARD","HONEY  JAM AND MARMALADE"
MKL,38042,0,"HOME AND PERSONAL CARE","PERSONAL WASH"
MKL,38043,98,"HOME AND PERSONAL CARE","PERSONAL WASH"
MKL,38044,0,"HOME AND PERSONAL CARE","PERSONAL WASH"
MKL,25976,0,"HOME DECOR",XMAS
MKL,26023,0,"MELAMINE WARE","MEL PLATE"
MKL,32100,0,"HOME AND PERSONAL CARE",DISPOSABLE
MKL,32101,0,"HOME AND PERSONAL CARE",DISPOSABLE
MKL,32102,0,"HOME AND PERSONAL CARE",DISPOSABLE
MKL,32104,0,"HOME AND PERSONAL CARE",DISPOSABLE
MKL,32172,0,DINNERWARE,MUGS
MKL,32410,0,BEVERAGES,"FLAVOURED TEA"
MKL,38487,0,"FOOD CUPBOARD","EDIBLE OILS AND GHEE"
MKL,38491,0,"FOOD CUPBOARD","EDIBLE OILS AND GHEE"
MKL,38707,0,BEVERAGES,"DRINKING POWDERS"
MKL,208749,17,"FOOD CUPBOARD","MILK AND CREAMERS"
MKL,32593,0,"HOME AND PERSONAL CARE","SKIN CARE"
MKL,38828,0,DINNERWARE,PLATE
MKL,38886,0,"HOME AND PERSONAL CARE","HOUSEHOLD CLEANERS"
MKL,26305,0,"FOOD CUPBOARD",SNACKS
MKL,26327,0,"HOME AND PERSONAL CARE",DISPOSABLE
MKL,32786,0,BEVERAGES,JUICE
MKL,32787,0,BEVERAGES,JUICE
MKL,32788,0,BEVERAGES,JUICE
MKL,32790,0,BEVERAGES,JUICE
MKL,32791,0,BEVERAGES,JUICE
MKL,32824,36,"FOOD CUPBOARD","NOODLES AND SOUP"
MKL,32825,0,"FOOD CUPBOARD","NOODLES AND SOUP"
MKL,32827,25,"FOOD CUPBOARD","NOODLES AND SOUP"
MKL,32924,0,"OFFICE STATIONERY","OFFICE BASIC AND STATIONERY"
MKL,92329,0,BEVERAGES,"DRINKING POWDERS"
MKL,92371,64,"LEARNING AND EDUCATIONAL TOYS","WRITING TOOLS"
MKL,92386,0,"BEVERAGES ALCOHOLIC","BOTTLE BEER"
MKL,92398,0,LAUNDARY,"BUCKETS AND BASINS"
MKL,92415,0,"FLASK AND BOTTLES",BOTTLE
MKL,87909,0,"MELAMINE WARE","MEL BOWL/BOWL+COVER"
MKL,87939,0,"FOOD CUPBOARD","CANNED FOOD"
MKL,87942,0,"HOME AND PERSONAL CARE","ORAL CARE"
MKL,87945,0,"HOME AND PERSONAL CARE","ORAL CARE"
MKL,87956,0,"HOME AND PERSONAL CARE","PERSONAL WASH"
MKL,90468,0,"FOOD CUPBOARD","CANNED FOOD"
MKL,90526,0,"BEVERAGES ALCOHOLIC",WHISKEY
MKL,90540,0,"HOME AND PERSONAL CARE","SKIN CARE"
MKL,92676,0,BAKEWARE,MOULDS
MKL,92695,0,"KITCHEN TOOLS AND CULTARY","COOKING TOOL LADLES AND SERVERS"
MKL,92696,0,"KITCHEN TOOLS AND CULTARY","COOKING TOOL LADLES AND SERVERS"
MKL,92697,0,"KITCHEN TOOLS AND CULTARY",TONGS
MKL,85346,0,"BEVERAGES ALCOHOLIC",WINES
MKL,85347,0,"BEVERAGES ALCOHOLIC",WINES
MKL,85348,0,"BEVERAGES ALCOHOLIC",WINES
MKL,85349,0,"BEVERAGES ALCOHOLIC",WINES
MKL,85351,0,"BEVERAGES ALCOHOLIC",WHISKEY
MKL,87966,0,"TOASTER/TOSTER OVEN",TOASTERS
MKL,87968,0,"FOOD CUPBOARD","MILK AND CREAMERS"
MKL,87987,0,BEVERAGES,JUICE
MKL,87990,0,BEVERAGES,JUICE
MKL,88061,0,"FOOD CUPBOARD","MILK AND CREAMERS"
MKL,90564,0,"FOOD CUPBOARD","CANNED FOOD"
MKL,90565,0,"FOOD CUPBOARD","CANNED FOOD"
MKL,90601,0,"CURTAIN RODS","CURTAIN RODS"
MKL,90603,0,"CURTAIN RODS","CURTAIN RODS"
MKL,90604,0,"CURTAIN RODS","CURTAIN RODS"
MKL,90607,0,"CURTAIN RODS","CURTAIN RODS"
MKL,90608,28,"CURTAIN RODS","CURTAIN RODS"
MKL,90609,8,"CURTAIN RODS","CURTAIN RODS"
MKL,90610,0,"CURTAIN RODS","CURTAIN RODS"
MKL,90626,0,"CURTAIN RODS","CURTAIN RODS"
MKL,92724,0,BATHROOM,"BATHROOM SHELF RACKS HOLDERS"
MKL,92726,14,"STORAGE AND ORGANIZER",BASKET
MKL,92763,0,KITCHENWARE,"BBQ AND ACCESSORIES"
MKL,92777,0,DINNERWARE,CUP
MKL,92811,11,KITCHENWARE,"KITCHEN ACCESSORIES"
MKL,92867,0,"BACKYARD PLAY","SWIMMING AND POOL ACCESSORIES"
MKL,85495,0,"FOOD CUPBOARD","PASTA AND SPAGHETTI"
MKL,85497,0,"FOOD CUPBOARD","PASTA AND SPAGHETTI"
MKL,85565,0,"BEVERAGES ALCOHOLIC",WHISKEY
MKL,85566,0,"BEVERAGES ALCOHOLIC",WHISKEY
MKL,85590,14,"BLOCKS AND CONSTRUCTION SETS","STACKING AND PLUGGING TOYS"
MKL,85602,0,"DISH CLOTHS AND NAPKINS","KITCHEN NAPKIN AND TOWELS"
MKL,85642,0,"CUTLERY ITEMS","SPOONS FORKS KNIFE AND CUTLERY SET"
MKL,88165,0,"HOME AND PERSONAL CARE",DISPOSABLE
MKL,88170,0,"HOME AND PERSONAL CARE",DISPOSABLE
MKL,88232,0,AUDIO,"HOME THEATRE"
MKL,88238,0,"FOOD PROCESSOR/BLENDER",BLENDERS
MKL,88239,0,"FOOD PROCESSOR/BLENDER",BLENDERS
MKL,88248,0,"LED TV","SATELLITE TV"
MKL,90630,0,"CURTAIN RODS","CURTAIN RODS"
MKL,92931,0,DINNERWARE,BOWLS
MKL,85651,0,BEVERAGES,JUICE
MKL,85653,0,BEVERAGES,JUICE
MKL,85679,17,"STORAGE AND ORGANIZER","STORAGE CONTAINERS"
MKL,85698,0,LIGHTING/LAMPS,"TORCH/ LANTERN"
MKL,93193,3,"PARTY SUPPLIES","CELEBRATION DECOR AND ACCESSORIES"
MKL,93300,0,FAN,"STANDING FAN"
MKL,85700,0,LIGHTING/LAMPS,"TORCH/ LANTERN"
MKL,85917,8,"HOME AND PERSONAL CARE","FEMININE CARE"
MKL,88403,30,KITCHENWARE,"SAUCE/ VINEGAR/ BOTTLES AND SETS"
MKL,88468,0,SERVEWARE,"SERVING TRAYS"
MKL,86130,0,"HOME AND PERSONAL CARE","HOUSEHOLD CLEANERS"
MKL,91194,0,BEVERAGES,"MINERAL WATER"
MKL,91197,0,"HOME AND PERSONAL CARE","PERSONAL WASH"
MKL,91202,0,"HOME AND PERSONAL CARE","PERSONAL WASH"
MKL,91213,0,"HOME AND PERSONAL CARE","PERSONAL WASH"
MKL,91230,0,"HOME AND PERSONAL CARE","PERSONAL WASH"
MKL,91233,0,"HOME AND PERSONAL CARE","PERSONAL WASH"
MKL,91234,0,"HOME AND PERSONAL CARE","PERSONAL WASH"
MKL,91235,0,"HOME AND PERSONAL CARE","PERSONAL WASH"
MKL,86312,0,"MOBILE ACCESSORIES","MOBILE COVERS/SCREEN PROTECTORS"
MKL,86330,0,"FLASK AND BOTTLES","CUPS AND TUMBLERS"
MKL,88922,5,FAN,"CEILING FAN"
MKL,88923,0,FAN,"CEILING FAN"
MKL,88924,0,FAN,"CEILING FAN"
MKL,88944,0,"DISH CLOTHS AND NAPKINS","APRON AND GLOVES"
MKL,88959,0,"MELAMINE WARE","MEL BOWL/BOWL+COVER"
MKL,88960,0,"MELAMINE WARE","MEL BOWL/BOWL+COVER"
MKL,88961,0,"MELAMINE WARE","MEL BOWL/BOWL+COVER"
MKL,91236,0,"HOME AND PERSONAL CARE","PERSONAL WASH"
MKL,91237,0,"HOME AND PERSONAL CARE","PERSONAL WASH"
MKL,91241,25,"HOME AND PERSONAL CARE","PERSONAL WASH"
MKL,91243,2,"HOME AND PERSONAL CARE","INFANT AND BABY CARE"
MKL,91254,0,"HOME AND PERSONAL CARE","HEALTH AND WELLNESS"
MKL,91311,0,"FOOD CUPBOARD","SALT  SUGAR AND JAGGERY"
MKL,91312,0,"FOOD CUPBOARD","SALT  SUGAR AND JAGGERY"
MKL,91317,41,"FOOD CUPBOARD","SPREADS AND TOPPING"
MKL,86370,0,LAUNDARY,"BUCKETS AND BASINS"
MKL,86385,0,"BEVERAGES ALCOHOLIC",BITTERS
MKL,86437,0,"FLASK AND BOTTLES",BOTTLE
MKL,86438,0,"FLASK AND BOTTLES",BOTTLE
MKL,86440,0,"FLASK AND BOTTLES",BOTTLE
MKL,86442,0,"FLASK AND BOTTLES",BOTTLE
MKL,86443,0,"FLASK AND BOTTLES",BOTTLE
MKL,89172,0,KITCHENWARE,"DISH RACKS"
MKL,89177,0,KITCHENWARE,"DISH RACKS"
MKL,89188,0,KITCHENWARE,"DISH RACKS"
MKL,89208,0,"HOME HYGIENE","SPONGE SCRUBBERS AND SCOURERS"
MKL,89217,0,"HOME HYGIENE","SPONGE SCRUBBERS AND SCOURERS"
MKL,91416,0,"HOME AND PERSONAL CARE","PERSONAL WASH"
MKL,91422,0,"FRESH DAIRY AND EGGS",Yoghurt
MKL,91429,0,"BEVERAGES ALCOHOLIC",WINES
MKL,91430,0,"HOME AND PERSONAL CARE",DISPOSABLE
MKL,91432,0,"FOOD CUPBOARD","BREAKFAST CEREALS"
MKL,91433,0,"FOOD CUPBOARD","BREAKFAST CEREALS"
MKL,91452,0,"FOOD CUPBOARD","MILK AND CREAMERS"
MKL,91456,0,BEVERAGES,JUICE
MKL,83504,5,"HOME AND PERSONAL CARE","INFANT AND BABY CARE"
MKL,83614,0,BEVERAGES,"DRINKING POWDERS"
MKL,86514,10,"FOOD CUPBOARD",SNACKS
MKL,86515,0,"FOOD CUPBOARD",SNACKS
MKL,89270,0,SERVEWARE,"SERVING TRAYS"
MKL,89272,0,SERVEWARE,"SERVING TRAYS"
MKL,91532,0,"HOME AND PERSONAL CARE","PERSONAL WASH"
MKL,91536,0,"HOME AND PERSONAL CARE","PERSONAL WASH"
MKL,91538,0,"HOME AND PERSONAL CARE","PERSONAL WASH"
MKL,91548,0,"HOME AND PERSONAL CARE","PERSONAL WASH"
MKL,91549,0,"HOME AND PERSONAL CARE","PERSONAL WASH"
MKL,91551,3,"HOME AND PERSONAL CARE","ORAL CARE"
MKL,91552,0,"HOME AND PERSONAL CARE","ORAL CARE"
MKL,83660,14,BEVERAGES,"DRINKING POWDERS"
MKL,86785,25,"HOME HYGIENE","BROOM BRUSHES DUSTPANS"
MKL,89576,0,"FOOD CUPBOARD",CONFECTIONERY
MKL,89582,0,"FOOD CUPBOARD",CONFECTIONERY
MKL,89587,15,LIGHTING/LAMPS,"TORCH/ LANTERN"
MKL,89619,0,CURTAINS,"GROMMET CURTAINS"
MKL,89621,0,CURTAINS,"GROMMET CURTAINS"
MKL,89690,0,"LINEN CARE","DRY IRON"
MKL,89691,0,"FLASK AND BOTTLES",BOTTLE
MKL,83786,1,"WASHING MACHINE","FRONT LOAD WM"
MKL,86896,0,"HOME AND PERSONAL CARE",FRESHENERS
MKL,86916,0,"FOOD CUPBOARD",CONDIMENTS
MKL,86918,0,"FOOD CUPBOARD",BISCUITS
MKL,89788,0,BEVERAGES,DRINKS
MKL,89802,26,"HOME AND PERSONAL CARE","HOUSEHOLD CLEANERS"
MKL,89841,0,BATHROOM,"BATHROOM SHELF RACKS HOLDERS"
MKL,91774,22,"FOOD CUPBOARD","NOODLES AND SOUP"
MKL,83925,49,"FOOD CUPBOARD",CONFECTIONERY
MKL,83960,0,ELECTRICALS,AVR/AVS
MKL,83961,0,ELECTRICALS,AVR/AVS
MKL,89845,0,BATHROOM,"BATHROOM SHELF RACKS HOLDERS"
MKL,89856,0,"HOME AND PERSONAL CARE",DISPOSABLE
MKL,89866,3,"HOME AND PERSONAL CARE",DISPOSABLE
MKL,89868,3,"HOME AND PERSONAL CARE",DISPOSABLE
MKL,91842,0,"RICE/ MULTI COOKER","MULTI COOKER"
MKL,91879,0,MICROWAVE,"SOLO MICROWAVE"
MKL,84379,0,KITCHENWARE,"WATER JAR / COOLERS"
MKL,87138,0,"KNIFE AND CHOPPING BOARD","SINGLE KNIFE"
MKL,87231,0,MICROWAVE,"SOLO MICROWAVE"
MKL,87294,0,"MOBILE ACCESSORIES","MOBILE COVERS/SCREEN PROTECTORS"
MKL,87296,0,"FOOD PROCESSOR/BLENDER",BLENDERS
MKL,87297,5,"SANDWICH MAKER","2 SLICE SANDWICH MAKER"
MKL,87300,0,"FOOD PROCESSOR/BLENDER",BLENDERS
MKL,89988,3,"FOOD CUPBOARD",BISCUITS
MKL,92081,0,"FOOD CUPBOARD",CONDIMENTS
MKL,92104,0,KITCHENWARE,"DISH RACKS"
MKL,84484,0,"XMAS SEASONAL","xmas season"
MKL,84506,0,"XMAS SEASONAL","xmas season"
MKL,84509,0,"XMAS SEASONAL","xmas season"
MKL,84512,0,"XMAS SEASONAL","xmas season"
MKL,84513,0,"XMAS SEASONAL","xmas season"
MKL,84515,0,"XMAS SEASONAL","xmas season"
MKL,87467,0,"HOME AND PERSONAL CARE","LAUNDRY CARE"
MKL,87570,0,"CHILDREN BOOKS AND GEN REF","BOOKS AND LEARNINGS"
MKL,87583,0,"FOOD CUPBOARD",SNACKS
MKL,90034,0,"SUITCASE / TROLLEYCASE",EVA/SOFT
MKL,90117,22,BATHROOM,"BATHROOM ACCESSORIES"
MKL,90147,0,KITCHENWARE,"KITCHEN ACCESSORIES"
MKL,90168,0,"KITCHEN TOOLS AND CULTARY","COOKING TOOL SET"
MKL,92228,0,"BEVERAGES ALCOHOLIC","BOTTLE BEER"
MKL,92247,0,"FOOD CUPBOARD","BREAKFAST CEREALS"
MKL,84633,14,LAUNDARY,"CLOTH DRYER"
MKL,84825,0,"HOME AND PERSONAL CARE","HOUSEHOLD CLEANERS"
MKL,87623,0,"BEVERAGES ALCOHOLIC",WINES
MKL,87638,0,"HOME AND PERSONAL CARE","MENS GROOMING"
MKL,87650,0,PILLOWS,PILLOWS
MKL,90234,0,"BEVERAGES ALCOHOLIC",WINES
MKL,92265,0,"HOME AND PERSONAL CARE","FEMININE CARE"
MKL,92276,1,"OFFICE  STUDY AND COMPUTER TABLES AND BOOKCASE","CHAIRS OFFICE AND STUDY"
MKL,92308,0,"FOOD CUPBOARD",CONDIMENTS
MKL,84872,0,"HOME DECOR","WallANDTable Decor"
MKL,84922,0,"HOME AND PERSONAL CARE",DISPOSABLE
MKL,84938,23,"HOME AND PERSONAL CARE",DISPOSABLE
MKL,77092,0,BEVERAGES,JUICE
MKL,81504,0,"FRESH DAIRY AND EGGS",Yoghurt
MKL,81511,0,"FRESH DAIRY AND EGGS",Yoghurt
MKL,81545,0,"HOME AND PERSONAL CARE","LAUNDRY CARE"
MKL,68488,41,"BEVERAGES ALCOHOLIC",WINES
MKL,68563,0,BEVERAGES,TEA
MKL,72507,0,"FOOD CUPBOARD","SALT  SUGAR AND JAGGERY"
MKL,72609,0,"HOME HYGIENE","TOILET BRUSHES"
MKL,72613,0,"HOME HYGIENE","BROOM BRUSHES DUSTPANS"
MKL,72669,0,"HOME AND PERSONAL CARE","HOUSEHOLD CLEANERS"
MKL,82055,2,"BEVERAGES ALCOHOLIC",WINES
MKL,72672,0,"HOME AND PERSONAL CARE","LAUNDRY CARE"
MKL,72673,0,"HOME AND PERSONAL CARE","LAUNDRY CARE"
MKL,72676,9,"HOME AND PERSONAL CARE","HOUSEHOLD CLEANERS"
MKL,72679,0,"HOME AND PERSONAL CARE","HOUSEHOLD CLEANERS"
MKL,72784,0,"HOME AND PERSONAL CARE","INSECTICIDES AND RODENT CONTROL"
MKL,72785,0,"HOME AND PERSONAL CARE","INSECTICIDES AND RODENT CONTROL"
MKL,72787,2,"HOME AND PERSONAL CARE","INSECTICIDES AND RODENT CONTROL"
MKL,72788,7,"HOME AND PERSONAL CARE","INSECTICIDES AND RODENT CONTROL"
MKL,72789,5,"FOOD CUPBOARD",FLOURS
MKL,72799,0,"FOOD CUPBOARD","CANNED FOOD"
MKL,77579,0,"HOME AND PERSONAL CARE",FRESHENERS
MKL,77584,0,"HOME AND PERSONAL CARE",FRESHENERS
MKL,77655,0,"HOME AND PERSONAL CARE","PERSONAL WASH"
MKL,82186,0,FAN,"STANDING FAN"
MKL,82385,0,FAN,"INDUSTRIAL FAN"
MKL,82390,0,ELECTRICALS,AVR/AVS
MKL,82391,0,ELECTRICALS,AVR/AVS
MKL,68990,0,"CUTLERY ITEMS","SPOONS FORKS KNIFE AND CUTLERY SET"
MKL,69055,0,BEVERAGES,DRINKS
MKL,69143,0,"SCHOOL AND CHILDREN STATIONERY","NOTE BOOKS"
MKL,69154,0,BEVERAGES,"MINERAL WATER"
MKL,77928,15,"PARTY SUPPLIES","CANDLES AND CANDLE STAND"
MKL,78007,0,"DISH CLOTHS AND NAPKINS","APRON AND GLOVES"
MKL,78088,0,BATHROOM,"BATHROOM SHELF RACKS HOLDERS"
MKL,69225,0,BEVERAGES,DRINKS
MKL,69380,0,"FOOD CUPBOARD",BISCUITS
MKL,69470,17,BEVERAGES,"DRINKING POWDERS"
MKL,69478,0,FREEZER,"SINGLE DOOR FREEZER"
MKL,69543,0,"HOME AND PERSONAL CARE","PERSONAL WASH"
MKL,69544,0,"HOME AND PERSONAL CARE",FRESHENERS
MKL,73149,0,"FOOD CUPBOARD",CONDIMENTS
MKL,78281,2,"FOOD PROCESSOR/BLENDER",BLENDERS
MKL,82781,0,"FOOD CUPBOARD","BABY FOOD"
MKL,82782,0,"FOOD CUPBOARD","BABY FOOD"
MKL,82783,0,"FOOD CUPBOARD","BABY FOOD"
MKL,69587,0,"FOOD CUPBOARD","BREAKFAST CEREALS"
MKL,73615,0,"HOME AND PERSONAL CARE",DISPOSABLE
MKL,78483,2,BATHROOM,"BATHROOM TOILET SEAT / BABY POTTY BATH TUB"
MKL,82784,0,"FOOD CUPBOARD","BABY FOOD"
MKL,82785,0,"FOOD CUPBOARD","BABY FOOD"
MKL,69757,0,BEVERAGES,"FLAVOURED TEA"
MKL,69759,0,"FOOD CUPBOARD","SPREADS AND TOPPING"
MKL,69806,0,"HOME AND PERSONAL CARE",DISPOSABLE
MKL,69807,10,"HOME AND PERSONAL CARE",DISPOSABLE
MKL,69932,0,FAN,"CEILING FAN"
MKL,73973,0,"FOOD CUPBOARD","SPREADS AND TOPPING"
MKL,73976,0,"FOOD CUPBOARD","SPREADS AND TOPPING"
MKL,74184,0,BEVERAGES,DRINKS
MKL,78640,0,"XMAS SEASONAL","xmas season"
MKL,78641,0,"XMAS SEASONAL","xmas season"
MKL,78644,0,"XMAS SEASONAL","xmas season"
MKL,78719,0,"HOME DECOR","WallANDTable Decor"
MKL,78798,27,"KNIFE AND CHOPPING BOARD","CHOPPING BOARDS AND CHOPPERS"
MKL,65358,0,BEVERAGES,DRINKS
MKL,65359,0,BEVERAGES,DRINKS
MKL,65360,0,BEVERAGES,DRINKS
MKL,65361,0,BEVERAGES,DRINKS
MKL,65363,0,BEVERAGES,JUICE
MKL,69992,5,"FRESH DAIRY AND EGGS",Yoghurt
MKL,69993,0,"FRESH DAIRY AND EGGS",Yoghurt
MKL,70033,0,"FLOOR MATS","DOOR MAT"
MKL,70100,0,"HOME AND PERSONAL CARE","HOUSEHOLD CLEANERS"
MKL,70101,0,"HOME AND PERSONAL CARE","HOUSEHOLD CLEANERS"
MKL,70195,0,"HOME AND PERSONAL CARE","INFANT AND BABY CARE"
MKL,70249,0,"FOOD CUPBOARD","NOODLES AND SOUP"
MKL,74247,0,BEVERAGES,DRINKS
MKL,74487,8,"HOME DECOR",XMAS
MKL,74491,0,"HOME DECOR",XMAS
MKL,74494,0,"HOME DECOR",XMAS
MKL,78969,0,"XMAS SEASONAL","xmas season"
MKL,78971,0,"XMAS SEASONAL","xmas season"
MKL,78975,0,"XMAS SEASONAL","xmas season"
MKL,78977,0,"XMAS SEASONAL","xmas season"
MKL,78983,0,"XMAS SEASONAL","xmas season"
MKL,79119,0,"BEVERAGES ALCOHOLIC",WHISKEY
MKL,79158,0,"HOME AND PERSONAL CARE","ORAL CARE"
MKL,65526,0,BEVERAGES,JUICE
MKL,65584,0,"HOME HYGIENE",HOLDERS
MKL,65800,0,INFANTS,"BABY WALKER"
MKL,65902,0,"FOOD CUPBOARD","SALT  SUGAR AND JAGGERY"
MKL,65904,5,"FOOD CUPBOARD","BREAKFAST CEREALS"
MKL,65905,0,"FOOD CUPBOARD","SALT  SUGAR AND JAGGERY"
MKL,70477,0,FAN,"STANDING FAN"
MKL,70581,0,"SCHOOL AND CHILDREN STATIONERY","ART AND HOBBY SETS"
MKL,74900,98,ELECTRICALS,"ELE ACCESSORIES"
MKL,79218,0,MATTRESS,"Double Size"
MKL,66315,0,BEVERAGES,TEA
MKL,70606,0,DINNERWARE,BOWLS
MKL,70623,0,"FOOD CUPBOARD",CONDIMENTS
MKL,70647,0,MATTRESS,"One Half Size"
MKL,70746,0,BEVERAGES,JUICE
MKL,75019,0,"FOOD CUPBOARD","EDIBLE OILS AND GHEE"
MKL,75021,0,"FOOD CUPBOARD","EDIBLE OILS AND GHEE"
MKL,75249,0,GLASSWARE,"GLASS / TUMBLER /WINE / CHAMPAGNE"
MKL,79603,0,"HOME AND PERSONAL CARE",DISPOSABLE
MKL,66508,0,"MELAMINE WARE","MEL PLATE"
MKL,70753,0,BEVERAGES,JUICE
MKL,70756,0,BEVERAGES,JUICE
MKL,70868,0,"FOOD CUPBOARD","CANNED FOOD"
MKL,75250,0,GLASSWARE,"GLASS / TUMBLER /WINE / CHAMPAGNE"
MKL,75278,0,KETTLE,"PLASTIC KETTLE"
MKL,66683,50,"HOME AND PERSONAL CARE",DISPOSABLE
MKL,71134,0,BEVERAGES,"DRINKING POWDERS"
MKL,71229,0,"HOME AND PERSONAL CARE",FRESHENERS
MKL,71232,0,"HOME AND PERSONAL CARE",FRESHENERS
MKL,71234,0,"HOME AND PERSONAL CARE",FRESHENERS
MKL,71239,0,"HOME AND PERSONAL CARE",FRESHENERS
MKL,71248,0,"HOME AND PERSONAL CARE",FRESHENERS
MKL,80082,0,AUDIO,"HOME THEATRE"
MKL,80153,0,BATHROOM,"SOAP DISH CASE DISPENSERS"
MKL,80161,0,LAUNDARY,HOOKS
MKL,80162,240415,BATHROOM,"BATHROOM SHELF RACKS HOLDERS"
MKL,80285,0,"GAS COOKER","TABLE TOP GAS STOVE"
MKL,66921,0,"HOME AND PERSONAL CARE","HOUSEHOLD CLEANERS"
MKL,66922,0,"HOME AND PERSONAL CARE","HOUSEHOLD CLEANERS"
MKL,67037,0,"FRESH DAIRY AND EGGS",Yoghurt
MKL,71327,0,"HOME AND PERSONAL CARE",DISPOSABLE
MKL,71448,0,"MELAMINE WARE","MEL TRAY"
MKL,71449,0,"MELAMINE WARE","MEL PLATE"
MKL,75618,0,SERVEWARE,CASSEROLES
MKL,75626,24,"BEVERAGES ALCOHOLIC",WHISKEY
MKL,75807,0,"FRESH DAIRY AND EGGS",Yoghurt
MKL,80326,0,"CAR AUDIO AND VIDEO","CAR ELECTRONIC ACCESSORIES"
MKL,80377,0,"EXERCISE AND FITNESS","Yoga  Pilates AND Soft Gym"
MKL,80497,0,"KNIFE AND CHOPPING BOARD","KNIFE SETS"
MKL,67430,0,"FOOD CUPBOARD","TOMATO PASTE"
MKL,67502,0,"HOME AND PERSONAL CARE",DISPOSABLE
MKL,67505,0,"HOME AND PERSONAL CARE",DISPOSABLE
MKL,67516,0,"HOME AND PERSONAL CARE",DISPOSABLE
MKL,67522,0,"HOME AND PERSONAL CARE",DISPOSABLE
MKL,76020,0,"FOOD CUPBOARD","HONEY  JAM AND MARMALADE"
MKL,80841,0,"CURTAIN ACESSORIES","ASSORTED ACCESSORIES"
MKL,80959,0,DINNERWARE,CUP
MKL,67534,0,"HOME AND PERSONAL CARE",DISPOSABLE
MKL,71755,0,"HOME AND PERSONAL CARE","PERSONAL WASH"
MKL,71756,0,"HOME AND PERSONAL CARE","PERSONAL WASH"
MKL,71757,0,"HOME AND PERSONAL CARE","PERSONAL WASH"
MKL,71821,0,"HOME AND PERSONAL CARE",FRESHENERS
MKL,71822,0,"HOME AND PERSONAL CARE",FRESHENERS
MKL,71823,0,"HOME AND PERSONAL CARE",FRESHENERS
MKL,71863,8,"HOME AND PERSONAL CARE","FEMININE CARE"
MKL,71877,0,"FOOD CUPBOARD","MILK AND CREAMERS"
MKL,76084,0,"FOOD CUPBOARD","SPREADS AND TOPPING"
MKL,76087,0,"FOOD CUPBOARD","SPREADS AND TOPPING"
MKL,76088,6,"FOOD CUPBOARD","SPREADS AND TOPPING"
MKL,76414,0,ELECTRICALS,AVR/AVS
MKL,76415,0,ELECTRICALS,AVR/AVS
MKL,81281,0,"HOME AND PERSONAL CARE",DISPOSABLE
MKL,81328,5,"FOOD CUPBOARD",CONDIMENTS
MKL,81329,0,"FOOD CUPBOARD",CONDIMENTS
MKL,67728,5,"HOME AND PERSONAL CARE","ORAL CARE"
MKL,67737,0,BEVERAGES,DRINKS
MKL,67741,0,BEVERAGES,JUICE
MKL,67755,0,"FOOD CUPBOARD","SALT  SUGAR AND JAGGERY"
MKL,67792,0,"HOME AND PERSONAL CARE","PERSONAL WASH"
MKL,67793,0,"HOME AND PERSONAL CARE","PERSONAL WASH"
MKL,67999,3,"HOME AND PERSONAL CARE",DISPOSABLE
MKL,72072,0,"HOME AND PERSONAL CARE",FRAGRANCES
MKL,72093,2,MATTRESS,"Student Size"
MKL,72132,0,BEVERAGES,"DRINKING POWDERS"
MKL,68217,0,"HOME AND PERSONAL CARE","PERSONAL WASH"
MKL,76891,0,"FOOD CUPBOARD","EDIBLE OILS AND GHEE"
MKL,76901,0,"FOOD CUPBOARD","SPREADS AND TOPPING"
MKL,76902,0,"FOOD CUPBOARD","SPREADS AND TOPPING"
MKL,76926,0,"HOME AND PERSONAL CARE","FEMININE CARE"
MKL,T0001,0,MISCELLANEOUS,MISCELLANEOUS
MKL,TH032,0,"STORAGE AND ORGANIZER","ICE CHEST AND COOLERS"
MKL,X030,0,"HOME AND PERSONAL CARE","LAUNDRY CARE"
MKL,X038,0,"HOME AND PERSONAL CARE","PERSONAL WASH"
MKL,X141,25,"HOME AND PERSONAL CARE","PERSONAL WASH"
MKL,X222,0,"BEVERAGES ALCOHOLIC",LIQUER
MKL,H0002,0,BAKERY,BREADS
MKL,H0004,0,BAKERY,BREADS
MKL,X429,50,"FOOD CUPBOARD","MILK AND CREAMERS"
MKL,X432,0,"FOOD CUPBOARD","MILK AND CREAMERS"
MKL,X435,9,"FOOD CUPBOARD","BABY FOOD"
MKL,X438,0,"FOOD CUPBOARD","BREAKFAST CEREALS"
MKL,X443,121,"FOOD CUPBOARD","BABY FOOD"
MKL,H0006,0,BAKERY,BREADS
MKL,H0016,0,BAKERY,BREADS
MKL,H0025,0,BAKERY,BREADS
MKL,H0037,3,BAKERY,"DRY CAKES"
MKL,H0049,4,BAKERY,"DRY CAKES"
MKL,H0053,0,BAKERY,"BANANA COOKIES"
MKL,H0073,2,BAKERY,"BANANA COOKIES"
MKL,H0074,0,BAKERY,"PINEAPPLE COOKIES"
MKL,H0076,0,BAKERY,BREADS
MKL,X446,13,BEVERAGES,COFFEE
MKL,X452,17,BEVERAGES,"DRINKING POWDERS"
MKL,X457,0,BEVERAGES,"DRINKING POWDERS"
MKL,X459,24,"FOOD CUPBOARD","SPREADS AND TOPPING"
MKL,X469,0,"FOOD CUPBOARD","SALT  SUGAR AND JAGGERY"
MKL,X470,0,"FOOD CUPBOARD","SPREADS AND TOPPING"
MKL,H0096,0,BAKERY,"PINEAPPLE COOKIES"
MKL,H0128,0,BAKERY,"DRY CAKES"
MKL,X471,0,"FOOD CUPBOARD","BABY FOOD"
MKL,X472,6,"FOOD CUPBOARD","MILK AND CREAMERS"
MKL,X484,0,"FOOD CUPBOARD","CANNED FOOD"
MKL,X498,35,"FOOD CUPBOARD",BISCUITS
MKL,X539,0,"FOOD CUPBOARD","MILK AND CREAMERS"
MKL,X554,0,"BEVERAGES ALCOHOLIC",CIDER
MKL,H0194,0,BAKERY,"DRY CAKES"
MKL,H0196,0,BAKERY,"DRY CAKES"
MKL,H0213,0,BAKERY,COOKIES
MKL,H0214,0,BAKERY,"CHOCOLATE COOKIES"
MKL,H0300,0,BAKERY,BREADS
MKL,H0302,0,BAKERY,BREADS
MKL,H0304,0,BAKERY,"ARTISANAL BREADS"
MKL,H0305,0,BAKERY,BREADS
MKL,H0307,0,BAKERY,BREADS
MKL,H0317,0,BAKERY,BREADS
MKL,X582,5,"FOOD CUPBOARD","MILK AND CREAMERS"
MKL,X584,0,BEVERAGES,DRINKS
MKL,X585,0,BEVERAGES,DRINKS
MKL,X612,0,"FOOD CUPBOARD","CANNED FOOD"
MKL,X615,0,"FOOD CUPBOARD",SNACKS
MKL,X616,0,"FOOD CUPBOARD",SNACKS
MKL,H0369,0,BAKERY,"DRY CAKES"
MKL,H0370,0,BAKERY,"DRY CAKES"
MKL,X653,0,BEVERAGES,"MINERAL WATER"
MKL,X679,0,"FOOD CUPBOARD",CONDIMENTS
MKL,X712,49,BEVERAGES,JUICE
MKL,X722,15,"FOOD CUPBOARD",SNACKS
MKL,D166,0,"FOOD CUPBOARD","SALT  SUGAR AND JAGGERY"
MKL,D243,0,BEVERAGES,JUICE
MKL,D312,0,BEVERAGES,DRINKS
MKL,D423,0,"FOOD CUPBOARD","MILK AND CREAMERS"
MKL,H0401,0,BAKERY,BREADS
MKL,H0413,0,BAKERY,"DRY CAKES"
MKL,H0414,0,BAKERY,"DRY CAKES"
MKL,H0550,0,BAKERY,COOKIES
MKL,H233,0,MATTRESS,"Single Size"
MKL,X724,0,"FOOD CUPBOARD",BISCUITS
MKL,X736,0,"FOOD CUPBOARD","CANNED FOOD"
MKL,X769,0,"FOOD CUPBOARD","CANNED FOOD"
MKL,X775,0,BEVERAGES,TEA
MKL,X777,0,"FOOD CUPBOARD","BABY FOOD"
MKL,X808,0,"HOME AND PERSONAL CARE","HOUSEHOLD CLEANERS"
MKL,D483,0,"FOOD CUPBOARD","CANNED FOOD"
MKL,D536,0,"HOME AND PERSONAL CARE","MENS GROOMING"
MKL,D570,9,"BEVERAGES ALCOHOLIC",CIDER
MKL,D571,0,"BEVERAGES ALCOHOLIC","BOTTLE BEER"
MKL,D586,0,"FOOD CUPBOARD","PEPPER SAUCE"
MKL,D635,15,"HOME AND PERSONAL CARE","HOUSEHOLD CLEANERS"
MKL,H801,10,"BAR AND HOTEL","Banquet Chairs"
MKL,I007,0,"LINOLEUM CARPETS","LINOLEUM CARPET"
MKL,K402,7,"CUTLERY ITEMS","SPOONS FORKS KNIFE AND CUTLERY SET"
MKL,L010,0,BEVERAGES,TEA
MKL,X824,0,"HOME AND PERSONAL CARE","ORAL CARE"
MKL,X833,0,"HOME AND PERSONAL CARE",FRAGRANCES
MKL,X883,0,"HOME AND PERSONAL CARE","MENS GROOMING"
MKL,X887,0,"HOME AND PERSONAL CARE","FEMININE CARE"
MKL,X888,0,BEVERAGES,DRINKS
MKL,X890,50,"HOME AND PERSONAL CARE","HEALTH AND WELLNESS"
MKL,D636,56,"FOOD CUPBOARD","SPREADS AND TOPPING"
MKL,D641,0,BEVERAGES,JUICE
MKL,D683,0,"FOOD CUPBOARD","MILK AND CREAMERS"
MKL,D711,0,"FOOD CUPBOARD","CANNED FOOD"
MKL,D719,0,"BEVERAGES ALCOHOLIC",WINES
MKL,D750,0,BEVERAGES,JUICE
MKL,D794,0,"FOOD CUPBOARD",CONDIMENTS
MKL,D796,0,"FOOD CUPBOARD",CONDIMENTS
MKL,N011,0,"FOOD CUPBOARD","MILK AND CREAMERS"
MKL,N037,0,BEVERAGES,DRINKS
MKL,N040,0,BEVERAGES,JUICE
MKL,N050,0,"FOOD CUPBOARD","SALT  SUGAR AND JAGGERY"
MKL,N071,0,"FOOD CUPBOARD","SALT  SUGAR AND JAGGERY"
MKL,N113,0,"HOME AND PERSONAL CARE","MENS GROOMING"
MKL,N114,0,"HOME AND PERSONAL CARE","MENS GROOMING"
MKL,N115,0,"FOOD CUPBOARD","CANNED FOOD"
MKL,X936,50,"FRESH DAIRY AND EGGS",cheeses
MKL,X937,0,"FOOD CUPBOARD","MILK AND CREAMERS"
MKL,X938,0,"FOOD CUPBOARD","MILK AND CREAMERS"
MKL,X939,0,"FOOD CUPBOARD","MILK AND CREAMERS"
MKL,X950,0,BEVERAGES,JUICE
MKL,X951,0,BEVERAGES,JUICE
MKL,X953,0,BEVERAGES,JUICE
MKL,X954,0,BEVERAGES,JUICE
MKL,X955,0,BEVERAGES,JUICE
MKL,X989,0,"HOME AND PERSONAL CARE","PERSONAL WASH"
MKL,D797,0,"FOOD CUPBOARD",CONDIMENTS
MKL,N159,0,"FOOD CUPBOARD",CONFECTIONERY
MKL,N243,0,"FOOD CUPBOARD","MILK AND CREAMERS"
MKL,N308,0,"HOME AND PERSONAL CARE","HEALTH AND WELLNESS"
MKL,D997,42,BEVERAGES,DRINKS
MKL,E233,0,"LINEN CARE","DRY IRON"
MKL,N367,0,"BEVERAGES ALCOHOLIC",WINES
MKL,N479,42,"FOOD CUPBOARD","SPREADS AND TOPPING"
MKL,N483,0,"FOOD CUPBOARD",CONFECTIONERY
MKL,N484,0,"FOOD CUPBOARD",CONFECTIONERY
MKL,N485,35,"FOOD CUPBOARD",CONFECTIONERY
MKL,N488,0,"HOME AND PERSONAL CARE","HEALTH AND WELLNESS"
MKL,G037,0,MISCELLANEOUS,"GIFT VOUCHERS"
MKL,G038,0,MISCELLANEOUS,"GIFT VOUCHERS"
MKL,G400,0,MISCELLANEOUS,"GIFT VOUCHERS"
MKL,N566,0,"HOME AND PERSONAL CARE",DISPOSABLE
MKL,N636,21,"HOME AND PERSONAL CARE",DISPOSABLE
MKL,N637,0,"HOME AND PERSONAL CARE",DISPOSABLE
MKL,N642,0,"HOME AND PERSONAL CARE",DISPOSABLE
MKL,N659,0,"FOOD CUPBOARD","NOODLES AND SOUP"
MKL,N747,0,BEVERAGES,"DRINKING POWDERS"
MKL,N758,0,"HOME AND PERSONAL CARE","SKIN CARE"
MKL,N766,0,"FOOD CUPBOARD",CONFECTIONERY
MKL,N767,0,BEVERAGES,COFFEE
MKL,N770,0,BEVERAGES,DRINKS
MKL,G901,0,MISCELLANEOUS,"GIFT VOUCHERS"
MKL,G902,0,MISCELLANEOUS,"GIFT VOUCHERS"
MKL,G997,0,MISCELLANEOUS,"GIFT VOUCHERS"
MKL,G998,0,MISCELLANEOUS,"GIFT VOUCHERS"
MKL,N789,0,"BEVERAGES ALCOHOLIC",WHISKEY
MKL,N800,0,BEVERAGES,DRINKS
MKL,N801,0,BEVERAGES,DRINKS
MKL,N857,100,"HOME AND PERSONAL CARE","INFANT AND BABY CARE"
MKL,N861,0,"HOME AND PERSONAL CARE","HEALTH AND WELLNESS"
MKL,N862,0,"HOME AND PERSONAL CARE","HEALTH AND WELLNESS"
MKL,N921,0,"BEVERAGES ALCOHOLIC",WINES
MKL,N925,5,"FOOD CUPBOARD",SNACKS
MKL,S597,0,"FOOD CUPBOARD","MILK AND CREAMERS"
MKL,S737,0,"FOOD CUPBOARD","MILK AND CREAMERS"
MKL,S897,0,BEVERAGES,JUICE
MKL,S928,0,BEVERAGES,JUICE
MKL,S949,0,"HOME AND PERSONAL CARE","SKIN CARE"
MKL,S951,0,"BEVERAGES ALCOHOLIC",WINES
MKL,S973,0,"HOME AND PERSONAL CARE","PERSONAL WASH"
MKL,98499,0,"HOME AND PERSONAL CARE","PERSONAL WASH"
MKL,98539,23,"HOME AND PERSONAL CARE","HEALTH AND WELLNESS"
MKL,CL014,0,"HOUSE HOLD PRODUCTS","STOOL PLASTIC"
MKL,CL104,0,SERVEWARE,"SERVING BOWL"
MKL,CL127,0,DINNERWARE,PLATE
MKL,CL137,0,SERVEWARE,"SERVING BOWL"
MKL,CL152,5,LAUNDARY,"BUCKETS AND BASINS"
MKL,CL155,0,LAUNDARY,"BUCKETS AND BASINS"
MKL,CL214,38,SERVEWARE,"SERVING BOWL"
MKL,CL235,0,LAUNDARY,"BUCKETS AND BASINS"
MKL,CL246,0,DINNERWARE,PLATE
MKL,CL293,0,"HOUSE HOLD PRODUCTS","STORAGE DRUMS"
MKL,CL302,0,"CENTURY PRODUCTS",CENTURY
MKL,CL337,0,"HOUSE HOLD PRODUCTS","STORAGE DRUMS"
MKL,CL362,0,LAUNDARY,"BUCKETS AND BASINS"
MKL,CL389,0,"CENTURY PRODUCTS","PL BASKET"
MKL,CL423,0,"STORAGE AND ORGANIZER","STORAGE CONTAINERS"
MKL,CL431,0,LAUNDARY,"BUCKETS AND BASINS"
MKL,CL503,0,"CENTURY PRODUCTS",CASSEROLE
MKL,CL530,0,"CENTURY PRODUCTS",CENTURY
MKL,CL539,0,"HOME HYGIENE","BROOM BRUSHES DUSTPANS"
MKL,CL542,5,SERVEWARE,"SERVING BOWL"
MKL,CL566,0,"STORAGE AND ORGANIZER","STORAGE CONTAINERS"
MKL,CL567,0,"STORAGE AND ORGANIZER","STORAGE CONTAINERS"
MKL,96815,10,"FOOD CUPBOARD",SNACKS
MKL,96821,0,"HOME AND PERSONAL CARE",FRAGRANCES
MKL,98541,-300,"HOME AND PERSONAL CARE","HEALTH AND WELLNESS"
MKL,98547,0,"HOME AND PERSONAL CARE","HEALTH AND WELLNESS"
MKL,98551,0,"HOME AND PERSONAL CARE","HEALTH AND WELLNESS"
MKL,98557,0,"HOME AND PERSONAL CARE","LAUNDRY CARE"
MKL,98560,0,"HOME AND PERSONAL CARE","LAUNDRY CARE"
MKL,CL571,55,"STORAGE AND ORGANIZER","STORAGE CONTAINERS"
MKL,CL574,0,"STORAGE AND ORGANIZER","STORAGE CONTAINERS"
MKL,CL575,0,"STORAGE AND ORGANIZER","STORAGE CONTAINERS"
MKL,CL576,0,"STORAGE AND ORGANIZER","STORAGE CONTAINERS"
MKL,CL580,0,"STORAGE AND ORGANIZER","STORAGE CONTAINERS"
MKL,CL582,0,"STORAGE AND ORGANIZER","STORAGE CONTAINERS"
MKL,CL587,0,SERVEWARE,CASSEROLES
MKL,CL588,0,SERVEWARE,CASSEROLES
MKL,CL591,0,SERVEWARE,CASSEROLES
MKL,CL601,0,LAUNDARY,"BUCKETS AND BASINS"
MKL,CL602,0,LAUNDARY,"BUCKETS AND BASINS"
MKL,CL603,0,LAUNDARY,"BUCKETS AND BASINS"
MKL,CL604,0,KITCHENWARE,"KITCHEN ACCESSORIES"
MKL,CL605,0,SERVEWARE,"SERVING BOWL"
MKL,CL606,3,SERVEWARE,"SERVING BOWL"
MKL,CL607,0,LAUNDARY,"BUCKETS AND BASINS"
MKL,CL608,1,LAUNDARY,"BUCKETS AND BASINS"
MKL,CL611,0,SERVEWARE,CASSEROLES
MKL,95107,0,BEVERAGES,JUICE
MKL,95108,0,BEVERAGES,JUICE
MKL,95109,0,BEVERAGES,JUICE
MKL,95110,0,BEVERAGES,JUICE
MKL,95111,0,BEVERAGES,JUICE
MKL,98607,0,"FOOD CUPBOARD",BISCUITS
MKL,98609,0,"FOOD CUPBOARD",BISCUITS
MKL,98705,0,"HOME AND PERSONAL CARE",FRAGRANCES
MKL,CL612,0,SERVEWARE,CASSEROLES
MKL,CL613,0,LAUNDARY,"BUCKETS AND BASINS"
MKL,CL616,0,"STORAGE AND ORGANIZER",BASKET
MKL,CL618,0,"STORAGE AND ORGANIZER","STORAGE CONTAINERS"
MKL,CL619,0,"FLASK AND BOTTLES",BOTTLE
MKL,CL620,0,"FLASK AND BOTTLES",BOTTLE
MKL,CL622,32,"FLASK AND BOTTLES",BOTTLE
MKL,CL625,0,"STORAGE AND ORGANIZER","STORAGE CONTAINERS"
MKL,CL627,0,SERVEWARE,CASSEROLES
MKL,CL628,0,SERVEWARE,CASSEROLES
MKL,CL630,0,"FLASK AND BOTTLES","CUPS AND TUMBLERS"
MKL,CL671,0,"FLASK AND BOTTLES",FLASK
MKL,CL672,0,"STORAGE AND ORGANIZER",BASKET
MKL,CL673,0,"STORAGE AND ORGANIZER","STORAGE CONTAINERS"
MKL,CL674,0,"STORAGE AND ORGANIZER","STORAGE CONTAINERS"
MKL,CL676,0,"STORAGE AND ORGANIZER","STORAGE CONTAINERS"
MKL,97041,0,"HOME ESSENTIALS","DECORATIVE ITEMS/SCULPTURES"
MKL,97042,0,"HOME ESSENTIALS","DECORATIVE ITEMS/SCULPTURES"
MKL,97064,0,GLASSWARE,"BEER MUGS AND BEER GLASS"
MKL,97129,0,"HOME AND PERSONAL CARE","PERSONAL WASH"
MKL,98710,0,"BEVERAGES ALCOHOLIC",WINES
MKL,98735,0,"FOOD CUPBOARD","CANNED FOOD"
MKL,98736,0,"FOOD CUPBOARD","CANNED FOOD"
MKL,98800,11,"FOOD CUPBOARD","DRINKING POWDER"
MKL,CL683,0,SERVEWARE,CASSEROLES
MKL,CL684,0,SERVEWARE,CASSEROLES
MKL,CL685,0,SERVEWARE,CASSEROLES
MKL,CL686,0,SERVEWARE,CASSEROLES
MKL,CL693,0,SERVEWARE,"SERVING BOWL"
MKL,CL695,0,SERVEWARE,"SERVING BOWL"
MKL,CL696,0,SERVEWARE,"SERVING BOWL"
MKL,CL698,0,SERVEWARE,"SERVING BOWL"
MKL,CL699,0,SERVEWARE,"SERVING BOWL"
MKL,CL700,0,DINNERWARE,PLATE
MKL,CL701,0,DINNERWARE,PLATE
MKL,CL703,0,SERVEWARE,"SERVING BOWL"
MKL,CL704,2,SERVEWARE,CASSEROLES
MKL,CL709,0,DISPOSABLES,"DISPOSABLE CONTAINERS"
MKL,CL710,0,DISPOSABLES,"DISPOSABLE CONTAINERS"
MKL,CL711,0,DISPOSABLES,"DISPOSABLE CONTAINERS"
MKL,CL713,0,"STORAGE AND ORGANIZER","STORAGE CONTAINERS"
MKL,CL714,0,"STORAGE AND ORGANIZER","STORAGE CONTAINERS"
MKL,CL715,0,"STORAGE AND ORGANIZER","STORAGE CONTAINERS"
MKL,CL716,0,"STORAGE AND ORGANIZER","STORAGE CONTAINERS"
MKL,CL717,0,"STORAGE AND ORGANIZER","STORAGE CONTAINERS"
MKL,CL720,0,SERVEWARE,"SERVING BOWL"
MKL,CL721,0,SERVEWARE,"SERVING BOWL"
MKL,CL724,0,"HOME HYGIENE",DUSTBINS
MKL,CL725,6,"HOUSE HOLD PRODUCTS","STORAGE DRUMS"
MKL,CL726,0,LAUNDARY,"LAUNDARY BASKET"
MKL,CL727,0,"STORAGE AND ORGANIZER","STORAGE CONTAINERS"
MKL,CL728,0,"STORAGE AND ORGANIZER","STORAGE CONTAINERS"
MKL,CL735,0,LAUNDARY,"BUCKETS AND BASINS"
MKL,95402,0,BEVERAGES,DRINKS
MKL,95403,0,BEVERAGES,DRINKS
MKL,95404,0,BEVERAGES,DRINKS
MKL,95405,0,BEVERAGES,DRINKS
MKL,95409,0,BEVERAGES,DRINKS
MKL,95416,0,"XMAS SEASONAL","xmas season"
MKL,95417,0,"XMAS SEASONAL","xmas season"
MKL,95464,0,"XMAS SEASONAL","xmas season"
MKL,97241,0,"HOME AND PERSONAL CARE","LAUNDRY CARE"
MKL,97248,0,"HOME AND PERSONAL CARE","PERSONAL WASH"
MKL,97249,0,"HOME AND PERSONAL CARE",FRAGRANCES
MKL,97250,0,"HOME AND PERSONAL CARE",FRAGRANCES
MKL,98943,0,"BLOCKS AND CONSTRUCTION SETS","STACKING AND PLUGGING TOYS"
MKL,98944,0,"LEARNING AND EDUCATIONAL TOYS","WRITING TOOLS"
MKL,CL737,0,LAUNDARY,"BUCKETS AND BASINS"
MKL,CL738,0,LAUNDARY,"BUCKETS AND BASINS"
MKL,CL740,0,LAUNDARY,"BUCKETS AND BASINS"
MKL,CL741,0,SERVEWARE,CASSEROLES
MKL,CL742,0,SERVEWARE,CASSEROLES
MKL,CL743,0,SERVEWARE,CASSEROLES
MKL,CL744,0,SERVEWARE,CASSEROLES
MKL,CL745,0,SERVEWARE,CASSEROLES
MKL,CL746,0,SERVEWARE,CASSEROLES
MKL,CL757,0,"HOUSE HOLD PRODUCTS","HOUSE HOLD"
MKL,CL759,0,"STORAGE AND ORGANIZER","STORAGE CONTAINERS"
MKL,CL760,0,"STORAGE AND ORGANIZER","STORAGE CONTAINERS"
MKL,CL761,0,"STORAGE AND ORGANIZER","STORAGE CONTAINERS"
MKL,CL762,0,"STORAGE AND ORGANIZER","STORAGE CONTAINERS"
MKL,CL763,0,"STORAGE AND ORGANIZER","STORAGE CONTAINERS"
MKL,CL764,0,"STORAGE AND ORGANIZER","STORAGE CONTAINERS"
MKL,CL766,0,"STORAGE AND ORGANIZER","STORAGE CONTAINERS"
MKL,95522,0,"XMAS SEASONAL","xmas season"
MKL,97315,0,"CHILDREN BOOKS AND GEN REF","BOOKS AND LEARNINGS"
MKL,97340,0,"HOME AND PERSONAL CARE","INSECTICIDES AND RODENT CONTROL"
MKL,97341,0,"HOME AND PERSONAL CARE","INSECTICIDES AND RODENT CONTROL"
MKL,97350,0,"HOME AND PERSONAL CARE","INSECTICIDES AND RODENT CONTROL"
MKL,99072,21,KITCHENWARE,"BBQ AND ACCESSORIES"
MKL,CL767,0,"STORAGE AND ORGANIZER","STORAGE CONTAINERS"
MKL,CL768,0,"STORAGE AND ORGANIZER","STORAGE CONTAINERS"
MKL,CL772,0,"STORAGE AND ORGANIZER","STORAGE CONTAINERS"
MKL,CL773,0,"STORAGE AND ORGANIZER","STORAGE CONTAINERS"
MKL,CL774,0,"STORAGE AND ORGANIZER","STORAGE CONTAINERS"
MKL,CL776,0,SERVEWARE,CASSEROLES
MKL,CL781,3,SERVEWARE,CASSEROLES
MKL,CN238,0,"HOME DECOR",DECORATIVE
MKL,D120,0,"FOOD CUPBOARD",SNACKS
MKL,D123,0,"BEVERAGES ALCOHOLIC",WINES
MKL,D136,0,"HOME AND PERSONAL CARE",DISPOSABLE
MKL,95644,0,"BEVERAGES ALCOHOLIC","SPARKLING WINES"
MKL,95645,0,"BEVERAGES ALCOHOLIC","SPARKLING WINES"
MKL,95658,0,"HOME AND PERSONAL CARE","HOUSEHOLD CLEANERS"
MKL,95659,0,"HOME AND PERSONAL CARE","PERSONAL WASH"
MKL,95661,0,"HOME AND PERSONAL CARE","PERSONAL WASH"
MKL,97352,0,"HOME AND PERSONAL CARE","INSECTICIDES AND RODENT CONTROL"
MKL,93655,0,"FOOD CUPBOARD",SAVOURIES
MKL,95691,0,"HOME AND PERSONAL CARE","HOUSEHOLD CLEANERS"
MKL,95692,0,"HOME AND PERSONAL CARE","HOUSEHOLD CLEANERS"
MKL,95693,0,"HOME AND PERSONAL CARE","HOUSEHOLD CLEANERS"
MKL,95700,6,"HOME AND PERSONAL CARE","HAIR CARE"
MKL,97546,0,"HOME AND PERSONAL CARE","HAIR CARE"
MKL,93759,0,"LINEN CARE","STEAM IRONS"
MKL,93778,0,KETTLE,"STAINLESS STEEL KETTLE"
MKL,95706,8,"HOME AND PERSONAL CARE","HAIR CARE"
MKL,95709,0,"HOME AND PERSONAL CARE","HAIR CARE"
MKL,95730,17,"HOME AND PERSONAL CARE","HAIR CARE"
MKL,97636,0,BEVERAGES,JUICE
MKL,97638,0,BEVERAGES,JUICE
MKL,97649,0,"HOME AND PERSONAL CARE","LAUNDRY CARE"
MKL,97651,0,"HOME AND PERSONAL CARE","HOUSEHOLD CLEANERS"
MKL,97653,0,"HOME AND PERSONAL CARE","HOUSEHOLD CLEANERS"
MKL,97663,0,"FOOD CUPBOARD","SPREADS AND TOPPING"
MKL,97664,0,"FOOD CUPBOARD","SPREADS AND TOPPING"
MKL,97665,0,"FOOD CUPBOARD","SPREADS AND TOPPING"
MKL,97692,0,"HOME AND PERSONAL CARE","HOUSEHOLD CLEANERS"
MKL,97697,0,"HOME AND PERSONAL CARE","HOUSEHOLD CLEANERS"
MKL,99282,0,"BEVERAGES ALCOHOLIC",WHISKEY
MKL,99290,0,"BEVERAGES ALCOHOLIC",WHISKEY
MKL,99393,0,LAUNDARY,"CLOTH HANGERS"
MKL,95760,0,"XMAS SEASONAL","xmas season"
MKL,95761,10,"HOME AND PERSONAL CARE","HAIR CARE"
MKL,95783,0,"XMAS SEASONAL","xmas season"
MKL,95804,0,"XMAS SEASONAL","xmas season"
MKL,97745,0,"RICE/ MULTI COOKER","POT TYPE RICE COOKER"
MKL,97763,0,"FOOD CUPBOARD","BREAKFAST CEREALS"
MKL,99400,0,"HOME HYGIENE","TOILET BRUSHES"
MKL,99499,0,"HOME HYGIENE","SPONGE SCRUBBERS AND SCOURERS"
MKL,99558,0,BEVERAGES,DRINKS
MKL,99559,0,BEVERAGES,DRINKS
MKL,99566,0,"BLANKETS QUILTS COMFORTERS AND BEDCOVERS",COMFORTERS
MKL,99567,0,"BLANKETS QUILTS COMFORTERS AND BEDCOVERS",COMFORTERS
MKL,99574,0,"FOOD CUPBOARD","MILK AND CREAMERS"
MKL,93895,4,BAKEWARE,"BAKING TRAY"
MKL,94080,0,"GAS COOKER","TABLE TOP GAS STOVE"
MKL,94082,0,"GAS COOKER","TABLE TOP GAS STOVE"
MKL,97926,0,"HOME AND PERSONAL CARE","LAUNDRY CARE"
MKL,97968,0,"HOME AND PERSONAL CARE","INSECTICIDES AND RODENT CONTROL"
MKL,98013,0,"STORAGE AND ORGANIZER","STORAGE CONTAINERS"
MKL,99602,0,"FOOD CUPBOARD","MILK AND CREAMERS"
MKL,99605,0,"HOME AND PERSONAL CARE",FRAGRANCES
MKL,99609,0,"HOME AND PERSONAL CARE",FRAGRANCES
MKL,99614,0,"HOME AND PERSONAL CARE",FRAGRANCES
MKL,99644,0,"HOME AND PERSONAL CARE",FRAGRANCES
MKL,99646,0,"HOME AND PERSONAL CARE",FRAGRANCES
MKL,99647,0,"HOME AND PERSONAL CARE",FRAGRANCES
MKL,99662,0,"HOME AND PERSONAL CARE",FRAGRANCES
MKL,99663,0,"HOME AND PERSONAL CARE",FRAGRANCES
MKL,99664,0,"HOME AND PERSONAL CARE",FRAGRANCES
MKL,99665,0,"HOME AND PERSONAL CARE",FRAGRANCES
MKL,99666,0,"HOME AND PERSONAL CARE",FRAGRANCES
MKL,99677,0,"CURTAIN RODS","CURTAIN RODS"
MKL,99678,0,"CURTAIN RODS","CURTAIN RODS"
MKL,99694,0,"HOME HYGIENE",DUSTBINS
MKL,94163,13,"HOME AND PERSONAL CARE","INSECTICIDES AND RODENT CONTROL"
MKL,94164,0,"HOME AND PERSONAL CARE","INSECTICIDES AND RODENT CONTROL"
MKL,94165,0,"HOME AND PERSONAL CARE","INSECTICIDES AND RODENT CONTROL"
MKL,94193,0,"FLASK AND BOTTLES","CUPS AND TUMBLERS"
MKL,94194,11,"KNIFE AND CHOPPING BOARD",GRATER
MKL,96074,0,FREEZER,"SINGLE DOOR FREEZER"
MKL,96097,0,JUICER,"CENTRIFUGAL JUICER"
MKL,96107,0,"HOME AND PERSONAL CARE","PERSONAL WASH"
MKL,96111,0,"HOME AND PERSONAL CARE","SKIN CARE"
MKL,96114,0,"HOME AND PERSONAL CARE","SKIN CARE"
MKL,99716,2,"HOME AND PERSONAL CARE","SKIN CARE"
MKL,99720,0,"HOME AND PERSONAL CARE","SKIN CARE"
MKL,99721,5,"HOME AND PERSONAL CARE","HEALTH AND WELLNESS"
MKL,99770,4,"HOME AND PERSONAL CARE","HAIR CARE"
MKL,99771,0,"HOME AND PERSONAL CARE","HAIR CARE"
MKL,94236,0,"HOME AND PERSONAL CARE","LAUNDRY CARE"
MKL,94237,5,"HOME AND PERSONAL CARE","LAUNDRY CARE"
MKL,94240,0,"HOME AND PERSONAL CARE","HOUSEHOLD CLEANERS"
MKL,94241,0,"HOME AND PERSONAL CARE","HOUSEHOLD CLEANERS"
MKL,94242,0,"HOME AND PERSONAL CARE","LAUNDRY CARE"
MKL,94243,0,"HOME AND PERSONAL CARE","LAUNDRY CARE"
MKL,94271,0,"HOME DECOR","WallANDTable Decor"
MKL,96181,0,"HOME AND PERSONAL CARE","INFANT AND BABY CARE"
MKL,96188,0,"HOME AND PERSONAL CARE","PERSONAL WASH"
MKL,96249,0,"BEVERAGES ALCOHOLIC",WHISKEY
MKL,99915,0,BLINDS,"1.8 mtrs"
MKL,99923,0,BLINDS,"2.0 mtrs"
MKL,94346,0,BEVERAGES,TEA
MKL,94363,0,"LINEN CARE","STEAM IRONS"
MKL,94430,0,"FOOD CUPBOARD","SPREADS AND TOPPING"
MKL,96327,0,BEVERAGES,DRINKS
MKL,96430,0,"FOOD CUPBOARD","DRINKING POWDER"
MKL,96431,0,"FOOD CUPBOARD","DRINKING POWDER"
MKL,98155,0,BEVERAGES,"MINERAL WATER"
MKL,94667,0,"HOME AND PERSONAL CARE","LAUNDRY CARE"
MKL,94700,0,"HOME AND PERSONAL CARE",FRAGRANCES
MKL,96432,0,BEVERAGES,"DRINKING POWDERS"
MKL,96434,0,BEVERAGES,"DRINKING POWDERS"
MKL,A794,0,BEVERAGES,"MINERAL WATER"
MKL,A803,0,"BEVERAGES ALCOHOLIC",BITTERS
MKL,A901,0,"BEVERAGES ALCOHOLIC",WINES
MKL,A902,0,"BEVERAGES ALCOHOLIC",WINES
MKL,96496,0,"FOOD CUPBOARD","SALT  SUGAR AND JAGGERY"
MKL,96497,0,"FOOD CUPBOARD","SALT  SUGAR AND JAGGERY"
MKL,96519,0,"HOME AND PERSONAL CARE","HOUSEHOLD CLEANERS"
MKL,96520,0,"HOME AND PERSONAL CARE","HOUSEHOLD CLEANERS"
MKL,96521,72,"HOME AND PERSONAL CARE","HOUSEHOLD CLEANERS"
MKL,98372,0,"FOOD CUPBOARD","CANNED FOOD"
MKL,98373,0,"FOOD CUPBOARD",BISCUITS
MKL,A913,0,"BEVERAGES ALCOHOLIC",WHISKEY
MKL,A973,0,"BEVERAGES ALCOHOLIC",LIQUER
MKL,A974,0,"BEVERAGES ALCOHOLIC","GIN ."
MKL,A975,0,"BEVERAGES ALCOHOLIC",BITTERS
MKL,A992,0,BEVERAGES,JUICE
MKL,A993,0,BEVERAGES,JUICE
MKL,94851,0,"HOME AND PERSONAL CARE","SKIN CARE"
MKL,94946,0,"HOME AND PERSONAL CARE","ORAL CARE"
MKL,94947,0,"HOME AND PERSONAL CARE","ORAL CARE"
MKL,94959,0,"HOME AND PERSONAL CARE",FRESHENERS
MKL,98449,0,"FOOD CUPBOARD",BISCUITS
MKL,98453,0,"HOME AND PERSONAL CARE","HOUSEHOLD CLEANERS"
MKL,98474,0,"HOME AND PERSONAL CARE","PERSONAL WASH"
MKL,98478,0,"HOME AND PERSONAL CARE","PERSONAL WASH"
MKL,98479,0,"HOME AND PERSONAL CARE","PERSONAL WASH"
