SHOP_CODE,ITEM_CODE,AUDIT_QTY,GROUP,SUB-GROUP
LFS,00359,0,"FOOD CUPBOARD","CANNED FOOD"
LFS,00362,0,"FOOD CUPBOARD","CANNED FOOD"
LFS,00363,0,"FOOD CUPBOARD","CANNED FOOD"
LFS,00366,0,"FOOD CUPBOARD","CANNED FOOD"
LFS,00376,0,BEVERAGES,JUICE
LFS,00377,0,BEVERAGES,JUICE
LFS,00380,0,BEVERAGES,JUICE
LFS,00383,0,"HOME AND PERSONAL CARE",FRESHENERS
LFS,00869,0,BEVERAGES,"DRINKING POWDERS"
LFS,02224,0,"HOME AND PERSONAL CARE","HOUSEHOLD CLEANERS"
LFS,02236,0,"HOME AND PERSONAL CARE","LAUNDRY CARE"
LFS,02250,0,"FOOD CUPBOARD",BISCUITS
LFS,02252,0,"FOOD CUPBOARD",BISCUITS
LFS,02258,0,"FOOD CUPBOARD",BISCUITS
LFS,02259,0,BAKERY,"TARTS AND PIES"
LFS,02264,0,"FOOD CUPBOARD",BISCUITS
LFS,02266,0,BEVERAGES,COFFEE
LFS,02267,0,BEVERAGES,COFFEE
LFS,02268,0,BEVERAGES,COFFEE
LFS,02281,0,"FOOD CUPBOARD","SPREADS AND TOPPING"
LFS,02387,0,"FOOD CUPBOARD",BISCUITS
LFS,02388,0,"FOOD CUPBOARD",BISCUITS
LFS,02390,0,"FOOD CUPBOARD",SNACKS
LFS,02391,0,"FOOD CUPBOARD",SNACKS
LFS,02397,0,BEVERAGES,DRINKS
LFS,02413,0,"HOME AND PERSONAL CARE","PET CARE"
LFS,02415,0,"HOME AND PERSONAL CARE","PET CARE"
LFS,02572,0,BEVERAGES,JUICE
LFS,03062,0,"FOOD CUPBOARD","NOODLES AND SOUP"
LFS,03076,3,"FOOD CUPBOARD","BREAKFAST CEREALS"
LFS,03077,0,"FOOD CUPBOARD","BREAKFAST CEREALS"
LFS,03459,0,"HOME AND PERSONAL CARE",FRAGRANCES
LFS,03463,0,"BEVERAGES ALCOHOLIC",WHISKEY
LFS,03471,0,BEVERAGES,DRINKS
LFS,03473,0,"HOME AND PERSONAL CARE","LAUNDRY CARE"
LFS,03483,0,BEVERAGES,JUICE
LFS,00940,0,"BEVERAGES ALCOHOLIC",LIQUER
LFS,01551,0,"HOME AND PERSONAL CARE","INSECTICIDES AND RODENT CONTROL"
LFS,01566,0,"BEVERAGES ALCOHOLIC",WINES
LFS,01607,0,"FOOD CUPBOARD","SPICES AND HERBS"
LFS,01609,0,"FOOD CUPBOARD","SPICES AND HERBS"
LFS,01751,0,"FOOD CUPBOARD",BISCUITS
LFS,01853,0,"HOME AND PERSONAL CARE","HOUSEHOLD CLEANERS"
LFS,02221,0,"HOME AND PERSONAL CARE","HOUSEHOLD CLEANERS"
LFS,00049,0,BEVERAGES,DRINKS
LFS,00050,0,BEVERAGES,DRINKS
LFS,00204,0,"FOOD CUPBOARD","EDIBLE OILS AND GHEE"
LFS,00313,0,"FOOD CUPBOARD","SPREADS AND TOPPING"
LFS,00315,0,"FOOD CUPBOARD","SPREADS AND TOPPING"
LFS,00323,0,BEVERAGES,DRINKS
LFS,00338,0,"FOOD CUPBOARD",SNACKS
LFS,04237,0,"FOOD CUPBOARD","SPREADS AND TOPPING"
LFS,04240,0,"FOOD CUPBOARD","SPREADS AND TOPPING"
LFS,04252,0,"FOOD CUPBOARD","PEPPER SAUCE"
LFS,04815,0,"FOOD CUPBOARD","EDIBLE OILS AND GHEE"
LFS,04816,0,"FOOD CUPBOARD","EDIBLE OILS AND GHEE"
LFS,04817,0,"FOOD CUPBOARD","EDIBLE OILS AND GHEE"
LFS,04825,0,"HOME AND PERSONAL CARE","LAUNDRY CARE"
LFS,04829,0,"HOME AND PERSONAL CARE","HOUSEHOLD CLEANERS"
LFS,04843,0,"FOOD CUPBOARD",SNACKS
LFS,04846,0,"FOOD CUPBOARD",SNACKS
LFS,04871,0,"HOME AND PERSONAL CARE",FRESHENERS
LFS,04949,0,"HOME AND PERSONAL CARE",DISPOSABLE
LFS,05112,0,"FOOD CUPBOARD","NOODLES AND SOUP"
LFS,03484,0,BEVERAGES,JUICE
LFS,03486,0,BEVERAGES,JUICE
LFS,03488,0,BEVERAGES,JUICE
LFS,03645,0,"FOOD CUPBOARD","MILK AND CREAMERS"
LFS,03659,0,"FOOD CUPBOARD",CONFECTIONERY
LFS,03734,0,"HOME AND PERSONAL CARE","HOUSEHOLD CLEANERS"
LFS,03766,0,"FOOD CUPBOARD",FLOURS
LFS,03809,0,"FOOD CUPBOARD",CONFECTIONERY
LFS,03825,0,"FOOD CUPBOARD","SPREADS AND TOPPING"
LFS,03826,0,"FOOD CUPBOARD","SPREADS AND TOPPING"
LFS,03883,0,"FOOD CUPBOARD",BISCUITS
LFS,03887,0,"FOOD CUPBOARD",BISCUITS
LFS,03892,0,"FOOD CUPBOARD",CONFECTIONERY
LFS,03900,0,"FOOD CUPBOARD",CONFECTIONERY
LFS,03901,0,BEVERAGES,TEA
LFS,03929,0,"HOME AND PERSONAL CARE","HOUSEHOLD CLEANERS"
LFS,03969,0,"FOOD CUPBOARD","BREAKFAST CEREALS"
LFS,04013,0,"FOOD CUPBOARD","SPREADS AND TOPPING"
LFS,04086,0,"FOOD CUPBOARD","CANNED FOOD"
LFS,04091,0,"FOOD CUPBOARD","SPREADS AND TOPPING"
LFS,04092,0,"FOOD CUPBOARD","CANNED FOOD"
LFS,04105,0,"FOOD CUPBOARD",CONFECTIONERY
LFS,04114,0,BEVERAGES,DRINKS
LFS,04116,0,BEVERAGES,DRINKS
LFS,04162,0,BEVERAGES,DRINKS
LFS,04177,0,"HOME AND PERSONAL CARE","PET CARE"
LFS,04180,0,"HOME AND PERSONAL CARE","PET CARE"
LFS,04191,0,"HOME AND PERSONAL CARE","PET CARE"
LFS,04199,0,"HOME AND PERSONAL CARE","SKIN CARE"
LFS,04201,0,"HOME AND PERSONAL CARE","PET CARE"
LFS,04224,0,"FOOD CUPBOARD","INSTANT MIX"
LFS,04226,0,"FOOD CUPBOARD","INSTANT MIX"
LFS,04227,0,"FOOD CUPBOARD","INSTANT MIX"
LFS,04229,0,"FOOD CUPBOARD",CONFECTIONERY
LFS,04235,0,"FOOD CUPBOARD","SPREADS AND TOPPING"
LFS,06966,0,"BEVERAGES ALCOHOLIC","COGNAC / BRANDY"
LFS,06968,0,"BEVERAGES ALCOHOLIC",LIQUER
LFS,06969,0,"BEVERAGES ALCOHOLIC",WINES
LFS,06975,0,"FOOD CUPBOARD",CONDIMENTS
LFS,07013,0,"HOME AND PERSONAL CARE","LAUNDRY CARE"
LFS,07014,0,"HOME AND PERSONAL CARE","LAUNDRY CARE"
LFS,07015,0,"HOME AND PERSONAL CARE","LAUNDRY CARE"
LFS,07018,0,"HOME AND PERSONAL CARE","INFANT AND BABY CARE"
LFS,07020,0,"HOME AND PERSONAL CARE","FEMININE CARE"
LFS,07022,0,"HOME AND PERSONAL CARE",DISPOSABLE
LFS,07029,0,"BEVERAGES ALCOHOLIC","BOTTLE BEER"
LFS,07042,0,BEVERAGES,JUICE
LFS,07140,0,BEVERAGES,DRINKS
LFS,07141,0,BEVERAGES,DRINKS
LFS,07503,0,"BEVERAGES ALCOHOLIC","COGNAC / BRANDY"
LFS,07626,0,"FOOD CUPBOARD","NOODLES AND SOUP"
LFS,07663,0,"FOOD CUPBOARD","NOODLES AND SOUP"
LFS,07669,0,"FOOD CUPBOARD","NOODLES AND SOUP"
LFS,07671,0,"FOOD CUPBOARD","NOODLES AND SOUP"
LFS,07673,0,"FOOD CUPBOARD","BREAKFAST CEREALS"
LFS,07715,0,"FROZEN FOOD",ICE-CREAM
LFS,07716,0,"FROZEN FOOD",ICE-CREAM
LFS,07781,0,"FROZEN FOOD","POTATO CHIPS"
LFS,07952,0,"FOOD CUPBOARD","BREAKFAST CEREALS"
LFS,07953,0,"FOOD CUPBOARD","BREAKFAST CEREALS"
LFS,07956,0,"FOOD CUPBOARD","BREAKFAST CEREALS"
LFS,07957,0,"FOOD CUPBOARD","BREAKFAST CEREALS"
LFS,07960,0,"FOOD CUPBOARD","SPREADS AND TOPPING"
LFS,07969,0,"FOOD CUPBOARD","BAKING INGREDIENTS"
LFS,07972,0,"FOOD CUPBOARD","BAKING INGREDIENTS"
LFS,07979,0,"FOOD CUPBOARD","MILK AND CREAMERS"
LFS,07985,0,"HOME AND PERSONAL CARE","INFANT AND BABY CARE"
LFS,07986,0,"HOME AND PERSONAL CARE","INFANT AND BABY CARE"
LFS,08007,0,BEVERAGES,DRINKS
LFS,08026,0,"HOME AND PERSONAL CARE","LAUNDRY CARE"
LFS,08274,0,"FOOD CUPBOARD","BABY FOOD"
LFS,08277,0,BEVERAGES,COFFEE
LFS,07142,0,BEVERAGES,DRINKS
LFS,07206,0,"HOME AND PERSONAL CARE","HEALTH AND WELLNESS"
LFS,07208,0,"HOME AND PERSONAL CARE","LAUNDRY CARE"
LFS,07246,0,"HOME AND PERSONAL CARE",FRESHENERS
LFS,07287,0,"BEVERAGES ALCOHOLIC",RHUM
LFS,07404,0,"FOOD CUPBOARD","DRINKING POWDER"
LFS,07406,0,BEVERAGES,COFFEE
LFS,07502,0,"BEVERAGES ALCOHOLIC","COGNAC / BRANDY"
LFS,05192,0,"HOME AND PERSONAL CARE",FRAGRANCES
LFS,05193,0,"HOME AND PERSONAL CARE",FRAGRANCES
LFS,05200,0,"HOME AND PERSONAL CARE",FRAGRANCES
LFS,05207,0,BEVERAGES,COFFEE
LFS,05816,0,BAKERY,BREADS
LFS,05833,0,"FOOD CUPBOARD","NOODLES AND SOUP"
LFS,05838,0,"FOOD CUPBOARD","NOODLES AND SOUP"
LFS,06432,0,"BEVERAGES ALCOHOLIC",WINES
LFS,06507,0,"FOOD CUPBOARD","SPICES AND HERBS"
LFS,06509,0,"FOOD CUPBOARD","SPICES AND HERBS"
LFS,06510,0,"FOOD CUPBOARD","SPICES AND HERBS"
LFS,06571,0,"FOOD CUPBOARD","SPICES AND HERBS"
LFS,06744,0,"FOOD CUPBOARD","DRINKING POWDER"
LFS,06786,0,"FRESH DAIRY AND EGGS",Yoghurt
LFS,06829,0,"HOME AND PERSONAL CARE","ORAL CARE"
LFS,06926,0,"FOOD CUPBOARD",SNACKS
LFS,06932,0,"FOOD CUPBOARD",SNACKS
LFS,06934,0,"FOOD CUPBOARD",SNACKS
LFS,09224,0,"HOME AND PERSONAL CARE","FEMININE CARE"
LFS,09226,0,"HOME AND PERSONAL CARE","FEMININE CARE"
LFS,09239,0,"FOOD CUPBOARD",SNACKS
LFS,09262,0,"BEVERAGES ALCOHOLIC","GIN ."
LFS,09271,0,"HOME AND PERSONAL CARE","HEALTH AND WELLNESS"
LFS,09274,0,"HOME AND PERSONAL CARE","HEALTH AND WELLNESS"
LFS,09301,0,"FOOD CUPBOARD","CANNED FOOD"
LFS,09303,0,"FOOD CUPBOARD",CONDIMENTS
LFS,09307,0,"FOOD CUPBOARD","CANNED FOOD"
LFS,09368,0,"BEVERAGES ALCOHOLIC",WINES
LFS,09467,0,"FOOD CUPBOARD","SPICES AND HERBS"
LFS,09472,0,"FOOD CUPBOARD","SPICES AND HERBS"
LFS,09473,0,"FOOD CUPBOARD","SPICES AND HERBS"
LFS,09478,0,"FOOD CUPBOARD","SPICES AND HERBS"
LFS,09480,0,"FOOD CUPBOARD","SPICES AND HERBS"
LFS,09484,0,"FOOD CUPBOARD",CONDIMENTS
LFS,09485,0,"FOOD CUPBOARD",CONDIMENTS
LFS,09486,0,"FOOD CUPBOARD",CONDIMENTS
LFS,09488,0,"FOOD CUPBOARD","SPICES AND HERBS"
LFS,09489,0,"FOOD CUPBOARD",CONDIMENTS
LFS,09492,0,"FOOD CUPBOARD","SPICES AND HERBS"
LFS,09494,0,"FOOD CUPBOARD","SPICES AND HERBS"
LFS,08284,0,BEVERAGES,TEA
LFS,08324,0,"BEVERAGES ALCOHOLIC",WINES
LFS,08336,0,"FROZEN FOOD",VEGETABLE
LFS,08339,0,"FROZEN FOOD",VEGETABLE
LFS,08340,0,"FROZEN FOOD",VEGETABLE
LFS,08341,0,"FOOD CUPBOARD","INSTANT MIX"
LFS,08351,0,BEVERAGES,DRINKS
LFS,08353,0,BEVERAGES,DRINKS
LFS,08355,0,BEVERAGES,DRINKS
LFS,08357,0,BEVERAGES,DRINKS
LFS,08358,0,"FOOD CUPBOARD","NOODLES AND SOUP"
LFS,08369,0,"FOOD CUPBOARD","NOODLES AND SOUP"
LFS,08370,0,"FOOD CUPBOARD",CONDIMENTS
LFS,08376,0,"FOOD CUPBOARD",CONDIMENTS
LFS,08396,0,"FOOD CUPBOARD","SPREADS AND TOPPING"
LFS,08431,0,"FOOD CUPBOARD","SPREADS AND TOPPING"
LFS,08432,0,"FOOD CUPBOARD","SPREADS AND TOPPING"
LFS,08434,0,"FOOD CUPBOARD","SPREADS AND TOPPING"
LFS,08439,0,"FOOD CUPBOARD",CONDIMENTS
LFS,08473,0,"BEVERAGES ALCOHOLIC",WINES
LFS,08475,0,"BEVERAGES ALCOHOLIC",WINES
LFS,08477,0,"FOOD CUPBOARD",CONFECTIONERY
LFS,08480,0,"BEVERAGES ALCOHOLIC",WINES
LFS,08482,0,"BEVERAGES ALCOHOLIC",WINES
LFS,08483,0,"FRESH DAIRY AND EGGS",Yoghurt
LFS,08484,0,"BEVERAGES ALCOHOLIC",WINES
LFS,08490,0,"FOOD CUPBOARD",SNACKS
LFS,08495,0,"FRESH DAIRY AND EGGS",Yoghurt
LFS,08497,0,"FRESH DAIRY AND EGGS",Yoghurt
LFS,08502,0,"FRESH DAIRY AND EGGS",Yoghurt
LFS,08504,0,"FOOD CUPBOARD","CANNED FOOD"
LFS,08520,0,"FOOD CUPBOARD","SPREADS AND TOPPING"
LFS,08523,0,"FOOD CUPBOARD","SPREADS AND TOPPING"
LFS,08526,0,"FRESH DAIRY AND EGGS",Yoghurt
LFS,08527,0,"HOME AND PERSONAL CARE","ORAL CARE"
LFS,08571,0,BEVERAGES,JUICE
LFS,08574,0,BEVERAGES,JUICE
LFS,08577,0,"FOOD CUPBOARD",CONFECTIONERY
LFS,08595,0,"HOME AND PERSONAL CARE","PERSONAL WASH"
LFS,08642,0,BEVERAGES,JUICE
LFS,08650,0,BEVERAGES,JUICE
LFS,08653,0,BEVERAGES,JUICE
LFS,08654,0,BEVERAGES,JUICE
LFS,08712,0,"FOOD CUPBOARD",CONFECTIONERY
LFS,08736,0,"FOOD CUPBOARD","PEPPER SAUCE"
LFS,08759,0,"FOOD CUPBOARD","MILK AND CREAMERS"
LFS,08762,0,"FRESH DAIRY AND EGGS",Yoghurt
LFS,08765,0,BEVERAGES,DRINKS
LFS,08768,0,"FOOD CUPBOARD","MILK AND CREAMERS"
LFS,08771,0,"FROZEN FOOD",DESSERT
LFS,08772,0,BEVERAGES,DRINKS
LFS,08775,0,"FOOD CUPBOARD","MILK AND CREAMERS"
LFS,08778,0,"FROZEN FOOD",DESSERT
LFS,08780,0,"FROZEN FOOD",DESSERT
LFS,08784,0,"FOOD CUPBOARD","MILK AND CREAMERS"
LFS,08785,0,"FOOD CUPBOARD","MILK AND CREAMERS"
LFS,08788,0,"FRESH DAIRY AND EGGS",Yoghurt
LFS,08789,0,"FRESH DAIRY AND EGGS",Yoghurt
LFS,08790,0,"FRESH DAIRY AND EGGS",Yoghurt
LFS,08791,0,"FOOD CUPBOARD","BABY FOOD"
LFS,08792,0,"FROZEN FOOD",DESSERT
LFS,08813,0,"HOME AND PERSONAL CARE","HOUSEHOLD CLEANERS"
LFS,08818,0,"HOME AND PERSONAL CARE","HOUSEHOLD CLEANERS"
LFS,08833,0,"HOME AND PERSONAL CARE","LAUNDRY CARE"
LFS,08835,0,"HOME AND PERSONAL CARE","LAUNDRY CARE"
LFS,08919,0,"HOME AND PERSONAL CARE","LAUNDRY CARE"
LFS,09084,0,"HOME AND PERSONAL CARE","MENS GROOMING"
LFS,09089,0,"FOOD CUPBOARD","MILK AND CREAMERS"
LFS,09134,0,"FOOD CUPBOARD",CONDIMENTS
LFS,09140,0,"FOOD CUPBOARD","RAW RICE"
LFS,09186,0,"BEVERAGES ALCOHOLIC",WINES
LFS,100413,0,"FOOD CUPBOARD","SALT  SUGAR AND JAGGERY"
LFS,100414,0,"FOOD CUPBOARD","SALT  SUGAR AND JAGGERY"
LFS,100420,0,"FOOD CUPBOARD","SALT  SUGAR AND JAGGERY"
LFS,100504,0,"BEVERAGES ALCOHOLIC",WINES
LFS,100505,0,"BEVERAGES ALCOHOLIC",WINES
LFS,100506,0,"BEVERAGES ALCOHOLIC",WINES
LFS,10075,0,"FOOD CUPBOARD","SPREADS AND TOPPING"
LFS,100791,0,"FROZEN FOOD",ICE-CUBES
LFS,100792,0,"BEVERAGES ALCOHOLIC","VODKA BOTTLES"
LFS,100796,0,"BEVERAGES ALCOHOLIC",WINES
LFS,100798,0,"BEVERAGES ALCOHOLIC",WINES
LFS,100799,0,"BEVERAGES ALCOHOLIC",WINES
LFS,100802,0,"BEVERAGES ALCOHOLIC",WINES
LFS,100804,0,"BEVERAGES ALCOHOLIC",WINES
LFS,100812,0,"HOME AND PERSONAL CARE","LAUNDRY CARE"
LFS,100816,0,"HOME AND PERSONAL CARE","LAUNDRY CARE"
LFS,100898,0,BEVERAGES,JUICE
LFS,101058,0,"FOOD CUPBOARD",SNACKS
LFS,101060,0,"FOOD CUPBOARD",SNACKS
LFS,101061,0,"FOOD CUPBOARD",SNACKS
LFS,101062,0,"FOOD CUPBOARD",SNACKS
LFS,101063,0,"FOOD CUPBOARD",SNACKS
LFS,101064,0,"FOOD CUPBOARD",SNACKS
LFS,101691,0,"FRUITS- IMPORT",VEGETABLES.
LFS,101759,0,"FOOD CUPBOARD","EDIBLE OILS AND GHEE"
LFS,101762,0,"FOOD CUPBOARD","EDIBLE OILS AND GHEE"
LFS,10189,0,BEVERAGES,JUICE
LFS,101901,0,"FOOD CUPBOARD","CANNED FOOD"
LFS,101902,0,"FOOD CUPBOARD","CANNED FOOD"
LFS,101916,0,"FOOD CUPBOARD","MILK AND CREAMERS"
LFS,102089,0,"HOME AND PERSONAL CARE","PERSONAL WASH"
LFS,102099,0,"HOME AND PERSONAL CARE","PERSONAL WASH"
LFS,102101,0,"HOME AND PERSONAL CARE",FRAGRANCES
LFS,102177,0,"HOME AND PERSONAL CARE",DISPOSABLE
LFS,102192,0,"FOOD CUPBOARD","EDIBLE OILS AND GHEE"
LFS,102195,0,"FOOD CUPBOARD","NOODLES AND SOUP"
LFS,102203,0,"HOME AND PERSONAL CARE","COLOR COSMETICS"
LFS,102246,0,"HOME AND PERSONAL CARE",FRAGRANCES
LFS,102254,0,"HOME AND PERSONAL CARE",FRAGRANCES
LFS,101071,0,"BEVERAGES ALCOHOLIC",Champagne
LFS,101073,0,"FOOD CUPBOARD","BABY FOOD"
LFS,101077,0,"HOME AND PERSONAL CARE","PERSONAL WASH"
LFS,101079,0,"HOME AND PERSONAL CARE","LAUNDRY CARE"
LFS,101110,0,"BEVERAGES ALCOHOLIC",WINES
LFS,101130,0,"FOOD CUPBOARD",CONFECTIONERY
LFS,101131,0,"FOOD CUPBOARD",CONFECTIONERY
LFS,101132,0,"FOOD CUPBOARD",CONFECTIONERY
LFS,101251,0,"BEVERAGES ALCOHOLIC","GIN ."
LFS,101386,0,"FOOD CUPBOARD",CONDIMENTS
LFS,101444,0,"BEVERAGES ALCOHOLIC",WHISKEY
LFS,101473,0,"FRESH DAIRY AND EGGS",Yoghurt
LFS,101475,0,"FRESH DAIRY AND EGGS",Yoghurt
LFS,09499,0,"FOOD CUPBOARD",CONDIMENTS
LFS,09511,0,"FOOD CUPBOARD","SPICES AND HERBS"
LFS,09513,0,"FOOD CUPBOARD","SPICES AND HERBS"
LFS,09518,0,"FOOD CUPBOARD","SPREADS AND TOPPING"
LFS,09523,0,"FOOD CUPBOARD","SPICES AND HERBS"
LFS,09608,0,"BEVERAGES ALCOHOLIC","COGNAC / BRANDY"
LFS,09912,0,"FOOD CUPBOARD",CONDIMENTS
LFS,09915,0,"FOOD CUPBOARD",CONDIMENTS
LFS,09945,0,"FOOD CUPBOARD",CONFECTIONERY
LFS,09948,0,"FOOD CUPBOARD",BISCUITS
LFS,09949,0,"FOOD CUPBOARD",SAVOURIES
LFS,100031,0,"FOOD CUPBOARD","RAW RICE"
LFS,100064,0,"BEVERAGES ALCOHOLIC",TEQUILA
LFS,100079,0,"HOME AND PERSONAL CARE","SKIN CARE"
LFS,100218,0,BEVERAGES,DRINKS
LFS,100401,0,"FOOD CUPBOARD","SALT  SUGAR AND JAGGERY"
LFS,100405,0,"FOOD CUPBOARD","SALT  SUGAR AND JAGGERY"
LFS,100410,0,"FOOD CUPBOARD","SALT  SUGAR AND JAGGERY"
LFS,103197,0,BEVERAGES,"MINERAL WATER"
LFS,103199,0,BEVERAGES,"MINERAL WATER"
LFS,103200,0,BEVERAGES,"MINERAL WATER"
LFS,103211,0,"FOOD CUPBOARD","BABY FOOD"
LFS,103213,0,"FOOD CUPBOARD","BABY FOOD"
LFS,103233,0,"FOOD CUPBOARD","BABY FOOD"
LFS,103249,0,"FOOD CUPBOARD","BABY FOOD"
LFS,103270,0,"FOOD CUPBOARD","BABY FOOD"
LFS,103272,0,"FOOD CUPBOARD","BABY FOOD"
LFS,103322,0,"HOME AND PERSONAL CARE","ORAL CARE"
LFS,102264,0,"HOME AND PERSONAL CARE","ORAL CARE"
LFS,102267,0,"HOME AND PERSONAL CARE","ORAL CARE"
LFS,102269,0,"FOOD CUPBOARD",CONDIMENTS
LFS,102276,0,"HOME AND PERSONAL CARE","ORAL CARE"
LFS,102287,0,"LIVE PLANTS","LIVE PLANTS"
LFS,102290,0,"LIVE PLANTS","LIVE PLANTS"
LFS,102303,0,"LIVE PLANTS","LIVE PLANTS"
LFS,102306,0,"LIVE PLANTS","LIVE PLANTS"
LFS,102310,0,"LIVE PLANTS","LIVE PLANTS"
LFS,102311,0,"FOOD CUPBOARD","MILK AND CREAMERS"
LFS,102313,0,"FOOD CUPBOARD",CONDIMENTS
LFS,102328,0,"FROZEN FOOD","FLAVOURED YOGHURT"
LFS,102329,0,"FROZEN FOOD","FLAVOURED YOGHURT"
LFS,102330,0,"FROZEN FOOD","FLAVOURED YOGHURT"
LFS,102331,0,"FROZEN FOOD","FLAVOURED YOGHURT"
LFS,102350,0,"FOOD CUPBOARD","CANNED FOOD"
LFS,102377,0,"FRESH DAIRY AND EGGS","Farm Eggs"
LFS,102378,0,"FRESH DAIRY AND EGGS","Farm Eggs"
LFS,10247,0,"FOOD CUPBOARD",BISCUITS
LFS,102486,0,"HOME AND PERSONAL CARE","HOUSEHOLD CLEANERS"
LFS,102488,0,"HOME AND PERSONAL CARE","HOUSEHOLD CLEANERS"
LFS,10250,0,"FOOD CUPBOARD",BISCUITS
LFS,102529,0,"FOOD CUPBOARD","SPREADS AND TOPPING"
LFS,102538,0,BEVERAGES,TEA
LFS,102539,0,BEVERAGES,TEA
LFS,102541,0,BEVERAGES,TEA
LFS,102542,0,BEVERAGES,TEA
LFS,102548,0,BEVERAGES,TEA
LFS,102549,0,BEVERAGES,TEA
LFS,102558,0,"FOOD CUPBOARD","INSTANT MIX"
LFS,102560,0,"FOOD CUPBOARD","INSTANT MIX"
LFS,102563,0,"FOOD CUPBOARD","INSTANT MIX"
LFS,102564,0,"FOOD CUPBOARD","INSTANT MIX"
LFS,102566,0,"FOOD CUPBOARD","INSTANT MIX"
LFS,102572,0,"FOOD CUPBOARD","BREAKFAST CEREALS"
LFS,102613,0,BEVERAGES,JUICE
LFS,102621,0,"FROZEN FOOD","FRESH YOGHURT"
LFS,102622,0,"FROZEN FOOD","FRESH YOGHURT"
LFS,102623,0,"FROZEN FOOD","FRESH YOGHURT"
LFS,102624,0,"FROZEN FOOD","FRESH YOGHURT"
LFS,102628,0,"BEVERAGES ALCOHOLIC",WHISKEY
LFS,102739,0,"HOME AND PERSONAL CARE","LAUNDRY CARE"
LFS,102742,0,"HOME AND PERSONAL CARE","LAUNDRY CARE"
LFS,102835,0,"HOME AND PERSONAL CARE","PERSONAL WASH"
LFS,102839,0,"HOME AND PERSONAL CARE","PERSONAL WASH"
LFS,102935,0,"HOME AND PERSONAL CARE","PERSONAL WASH"
LFS,102937,0,"HOME AND PERSONAL CARE","PERSONAL WASH"
LFS,102950,0,"HOME AND PERSONAL CARE","PERSONAL WASH"
LFS,102951,0,"HOME AND PERSONAL CARE","PERSONAL WASH"
LFS,102952,0,"HOME AND PERSONAL CARE","PERSONAL WASH"
LFS,102955,0,"HOME AND PERSONAL CARE","PERSONAL WASH"
LFS,102956,0,"HOME AND PERSONAL CARE","PERSONAL WASH"
LFS,102965,0,"HOME AND PERSONAL CARE",FRESHENERS
LFS,102966,0,"HOME AND PERSONAL CARE",FRESHENERS
LFS,102967,0,"HOME AND PERSONAL CARE",FRESHENERS
LFS,102968,0,"HOME AND PERSONAL CARE",FRESHENERS
LFS,102969,0,"HOME AND PERSONAL CARE",FRESHENERS
LFS,102990,0,"HOME AND PERSONAL CARE","HOUSEHOLD CLEANERS"
LFS,103005,0,"HOME AND PERSONAL CARE",FRAGRANCES
LFS,103051,0,"HOME AND PERSONAL CARE","PERSONAL WASH"
LFS,103052,0,"HOME AND PERSONAL CARE","PERSONAL WASH"
LFS,103063,0,"HOME AND PERSONAL CARE","PERSONAL WASH"
LFS,103064,0,"HOME AND PERSONAL CARE","SKIN CARE"
LFS,103067,0,"HOME AND PERSONAL CARE","PERSONAL WASH"
LFS,103068,0,"HOME AND PERSONAL CARE","PERSONAL WASH"
LFS,10309,0,"HOME AND PERSONAL CARE","HOUSEHOLD CLEANERS"
LFS,103112,0,"HOME AND PERSONAL CARE","PERSONAL WASH"
LFS,103113,0,"HOME AND PERSONAL CARE","PERSONAL WASH"
LFS,103114,0,"HOME AND PERSONAL CARE","PERSONAL WASH"
LFS,103128,0,"HOME AND PERSONAL CARE","SKIN CARE"
LFS,103164,0,"HOME AND PERSONAL CARE","PERSONAL WASH"
LFS,103165,0,"HOME AND PERSONAL CARE","PERSONAL WASH"
LFS,103168,0,BEVERAGES,JUICE
LFS,103688,0,"FOOD CUPBOARD","EDIBLE OILS AND GHEE"
LFS,103689,0,"FOOD CUPBOARD","EDIBLE OILS AND GHEE"
LFS,103690,0,"FOOD CUPBOARD","EDIBLE OILS AND GHEE"
LFS,103691,0,"FOOD CUPBOARD","EDIBLE OILS AND GHEE"
LFS,103692,0,"FOOD CUPBOARD","EDIBLE OILS AND GHEE"
LFS,103693,0,"FOOD CUPBOARD","EDIBLE OILS AND GHEE"
LFS,103694,0,"FOOD CUPBOARD","EDIBLE OILS AND GHEE"
LFS,103695,0,"FOOD CUPBOARD","EDIBLE OILS AND GHEE"
LFS,103696,0,"FOOD CUPBOARD","EDIBLE OILS AND GHEE"
LFS,103698,0,"FOOD CUPBOARD","EDIBLE OILS AND GHEE"
LFS,103764,0,"HOME AND PERSONAL CARE","LAUNDRY CARE"
LFS,103766,0,"HOME AND PERSONAL CARE","LAUNDRY CARE"
LFS,103768,0,"HOME AND PERSONAL CARE","LAUNDRY CARE"
LFS,103770,0,"HOME AND PERSONAL CARE","LAUNDRY CARE"
LFS,103772,0,"HOME AND PERSONAL CARE","HOUSEHOLD CLEANERS"
LFS,103773,0,"HOME AND PERSONAL CARE","HOUSEHOLD CLEANERS"
LFS,103776,0,"HOME AND PERSONAL CARE","HEALTH AND WELLNESS"
LFS,103778,0,"HOME AND PERSONAL CARE","HEALTH AND WELLNESS"
LFS,103781,0,"HOME AND PERSONAL CARE","PERSONAL WASH"
LFS,103783,0,"HOME AND PERSONAL CARE","HOUSEHOLD CLEANERS"
LFS,103784,0,"HOME AND PERSONAL CARE","HOUSEHOLD CLEANERS"
LFS,103796,0,BEVERAGES,JUICE
LFS,103821,0,BEVERAGES,TEA
LFS,103822,0,BEVERAGES,TEA
LFS,103824,0,BEVERAGES,TEA
LFS,103827,0,"FOOD CUPBOARD",CONDIMENTS
LFS,103888,0,"HOME AND PERSONAL CARE","HOUSEHOLD CLEANERS"
LFS,103889,0,"HOME AND PERSONAL CARE","HOUSEHOLD CLEANERS"
LFS,103895,0,"HOME AND PERSONAL CARE","HOUSEHOLD CLEANERS"
LFS,103896,0,"HOME AND PERSONAL CARE","HOUSEHOLD CLEANERS"
LFS,103898,0,"HOME AND PERSONAL CARE","HOUSEHOLD CLEANERS"
LFS,103900,0,"HOME AND PERSONAL CARE","LAUNDRY CARE"
LFS,103902,0,"HOME AND PERSONAL CARE","PERSONAL WASH"
LFS,103925,0,"FOOD CUPBOARD","CANNED FOOD"
LFS,103968,0,"BEVERAGES ALCOHOLIC","GIN ."
LFS,103969,0,"BEVERAGES ALCOHOLIC",WHISKEY
LFS,103978,0,"HOME AND PERSONAL CARE","SKIN CARE"
LFS,103987,0,"HOME AND PERSONAL CARE",DISPOSABLE
LFS,104028,0,"HOME AND PERSONAL CARE",DISPOSABLE
LFS,104135,0,"FOOD CUPBOARD","INSTANT MIX"
LFS,104147,0,"FOOD CUPBOARD","SPICES AND HERBS"
LFS,104157,0,"FOOD CUPBOARD","EDIBLE OILS AND GHEE"
LFS,104158,0,"FOOD CUPBOARD","EDIBLE OILS AND GHEE"
LFS,104212,0,BEVERAGES,TEA
LFS,104214,0,BEVERAGES,TEA
LFS,103797,0,BEVERAGES,JUICE
LFS,103812,0,"HOME AND PERSONAL CARE","HOUSEHOLD CLEANERS"
LFS,103816,0,BEVERAGES,TEA
LFS,103350,0,"FOOD CUPBOARD",SNACKS
LFS,103362,0,"FOOD CUPBOARD","INSTANT MIX"
LFS,103363,0,"FOOD CUPBOARD","INSTANT MIX"
LFS,103365,0,"FOOD CUPBOARD","INSTANT MIX"
LFS,103378,0,"HOME AND PERSONAL CARE","HAIR CARE"
LFS,103382,0,"HOME AND PERSONAL CARE","HAIR CARE"
LFS,103383,0,"HOME AND PERSONAL CARE","HAIR CARE"
LFS,103416,0,"HOME AND PERSONAL CARE","LAUNDRY CARE"
LFS,103424,0,"HOME AND PERSONAL CARE","INFANT AND BABY CARE"
LFS,103438,0,"HOME AND PERSONAL CARE","INFANT AND BABY CARE"
LFS,103441,0,"HOME AND PERSONAL CARE","INFANT AND BABY CARE"
LFS,103461,0,"HOME AND PERSONAL CARE","HOUSEHOLD CLEANERS"
LFS,103476,0,"HOME AND PERSONAL CARE","PERSONAL WASH"
LFS,103486,0,"HOME AND PERSONAL CARE","HEALTH AND WELLNESS"
LFS,103489,0,"HOME AND PERSONAL CARE","HEALTH AND WELLNESS"
LFS,103490,0,"HOME AND PERSONAL CARE","PERSONAL WASH"
LFS,103492,0,"HOME AND PERSONAL CARE","PERSONAL WASH"
LFS,10350,0,"BEVERAGES ALCOHOLIC",WINES
LFS,103500,0,"HOME AND PERSONAL CARE","PERSONAL WASH"
LFS,103532,0,"FOOD CUPBOARD",CONFECTIONERY
LFS,103538,0,"FOOD CUPBOARD","SPREADS AND TOPPING"
LFS,103539,0,"FOOD CUPBOARD",CONDIMENTS
LFS,103540,0,"FOOD CUPBOARD",SNACKS
LFS,103542,0,"FOOD CUPBOARD","SPREADS AND TOPPING"
LFS,103546,0,"HOME AND PERSONAL CARE","PERSONAL WASH"
LFS,103550,0,"HOME AND PERSONAL CARE","HAIR CARE"
LFS,103552,0,"HOME AND PERSONAL CARE","HAIR CARE"
LFS,103553,0,"HOME AND PERSONAL CARE","HAIR CARE"
LFS,103575,0,"HOME AND PERSONAL CARE","HEALTH AND WELLNESS"
LFS,103593,0,"HOME AND PERSONAL CARE","INFANT AND BABY CARE"
LFS,105228,0,"FOOD CUPBOARD","EDIBLE OILS AND GHEE"
LFS,105234,0,"FOOD CUPBOARD",BISCUITS
LFS,105253,0,"FOOD CUPBOARD",BISCUITS
LFS,105255,0,"FOOD CUPBOARD",BISCUITS
LFS,105261,0,"FOOD CUPBOARD",BISCUITS
LFS,10422,0,"FOOD CUPBOARD","SPICES AND HERBS"
LFS,104220,0,BEVERAGES,TEA
LFS,104259,0,"FOOD CUPBOARD","EDIBLE OILS AND GHEE"
LFS,104274,0,"FOOD CUPBOARD",SNACKS
LFS,104292,0,"FOOD CUPBOARD","GRAINS AND PULSES"
LFS,104293,0,"FOOD CUPBOARD","GRAINS AND PULSES"
LFS,104363,0,"FOOD CUPBOARD","BREAKFAST CEREALS"
LFS,104370,0,"HOME AND PERSONAL CARE","HOUSEHOLD CLEANERS"
LFS,104375,0,"HOME AND PERSONAL CARE","HOUSEHOLD CLEANERS"
LFS,104376,0,"HOME AND PERSONAL CARE","HOUSEHOLD CLEANERS"
LFS,104433,0,BEVERAGES,JUICE
LFS,104441,0,"HOME AND PERSONAL CARE","PERSONAL WASH"
LFS,104442,0,"HOME AND PERSONAL CARE","PERSONAL WASH"
LFS,104514,0,"FOOD CUPBOARD","SPREADS AND TOPPING"
LFS,104519,0,"FOOD CUPBOARD",CONDIMENTS
LFS,104520,0,BEVERAGES,JUICE
LFS,104529,0,"FOOD CUPBOARD",CONFECTIONERY
LFS,104531,0,"FOOD CUPBOARD",CONFECTIONERY
LFS,104540,0,"HOME AND PERSONAL CARE",DISPOSABLE
LFS,104541,0,"HOME AND PERSONAL CARE",DISPOSABLE
LFS,104542,0,"HOME AND PERSONAL CARE",DISPOSABLE
LFS,104543,0,"HOME AND PERSONAL CARE",DISPOSABLE
LFS,104544,0,"HOME AND PERSONAL CARE",DISPOSABLE
LFS,104561,0,"HOME AND PERSONAL CARE",DISPOSABLE
LFS,104562,0,"HOME AND PERSONAL CARE",DISPOSABLE
LFS,104605,0,"HOME AND PERSONAL CARE","HOUSEHOLD CLEANERS"
LFS,104642,0,"FOOD CUPBOARD",CONFECTIONERY
LFS,104643,0,"FOOD CUPBOARD",CONFECTIONERY
LFS,104644,0,"FOOD CUPBOARD",CONFECTIONERY
LFS,104651,0,"FOOD CUPBOARD",CONFECTIONERY
LFS,104654,0,"FOOD CUPBOARD",CONFECTIONERY
LFS,104655,0,"FOOD CUPBOARD",CONFECTIONERY
LFS,104656,0,"FOOD CUPBOARD",CONFECTIONERY
LFS,104657,0,"FOOD CUPBOARD",CONFECTIONERY
LFS,104658,0,"FOOD CUPBOARD",CONFECTIONERY
LFS,104691,0,"HOME AND PERSONAL CARE","HOUSEHOLD CLEANERS"
LFS,104692,0,"HOME AND PERSONAL CARE","HOUSEHOLD CLEANERS"
LFS,104781,0,"FOOD CUPBOARD","SPREADS AND TOPPING"
LFS,104784,0,"FOOD CUPBOARD",BISCUITS
LFS,104785,0,"FOOD CUPBOARD",BISCUITS
LFS,104794,0,"FOOD CUPBOARD",BISCUITS
LFS,104796,0,"FOOD CUPBOARD",BISCUITS
LFS,104799,0,BEVERAGES,DRINKS
LFS,104804,0,BEVERAGES,"MINERAL WATER"
LFS,104822,0,"HOME AND PERSONAL CARE","LAUNDRY CARE"
LFS,104824,0,"FOOD CUPBOARD","MILK AND CREAMERS"
LFS,104825,0,"FOOD CUPBOARD","MILK AND CREAMERS"
LFS,104827,0,"FOOD CUPBOARD","MILK AND CREAMERS"
LFS,104829,0,"FOOD CUPBOARD","MILK AND CREAMERS"
LFS,104836,0,"FOOD CUPBOARD",BISCUITS
LFS,104866,0,"HOME AND PERSONAL CARE","HOUSEHOLD CLEANERS"
LFS,104869,0,"HOME AND PERSONAL CARE","LAUNDRY CARE"
LFS,104877,0,"HOME AND PERSONAL CARE","ORAL CARE"
LFS,104879,0,"FOOD CUPBOARD","PASTA AND SPAGHETTI"
LFS,104889,0,"FRESH DAIRY AND EGGS",Yoghurt
LFS,104890,0,"FROZEN FOOD",ICE-CREAM
LFS,104891,0,"FROZEN FOOD",ICE-CREAM
LFS,104897,0,BEVERAGES,"NON ALCOHOLIC"
LFS,104906,0,"BEVERAGES ALCOHOLIC",WINES
LFS,104907,0,"FOOD CUPBOARD","EDIBLE OILS AND GHEE"
LFS,104922,0,"BEVERAGES ALCOHOLIC","VODKA BOTTLES"
LFS,104934,0,"FOOD CUPBOARD","MILK AND CREAMERS"
LFS,104959,0,"HOME AND PERSONAL CARE","LAUNDRY CARE"
LFS,104960,0,"HOME AND PERSONAL CARE","HOUSEHOLD CLEANERS"
LFS,104961,0,"HOME AND PERSONAL CARE","HOUSEHOLD CLEANERS"
LFS,104963,0,"HOME AND PERSONAL CARE","LAUNDRY CARE"
LFS,105006,0,"HOME AND PERSONAL CARE","INSECTICIDES AND RODENT CONTROL"
LFS,105040,0,"FOOD CUPBOARD",SNACKS
LFS,105042,0,"FOOD CUPBOARD",SNACKS
LFS,105077,0,BEVERAGES,DRINKS
LFS,105150,0,"HOME AND PERSONAL CARE","LAUNDRY CARE"
LFS,105905,0,"FOOD CUPBOARD",CONFECTIONERY
LFS,105906,0,"FOOD CUPBOARD",CONFECTIONERY
LFS,105907,0,"HOME AND PERSONAL CARE","PERSONAL WASH"
LFS,105969,0,"FOOD CUPBOARD","PASTA AND SPAGHETTI"
LFS,105990,0,"FOOD CUPBOARD","PASTA AND SPAGHETTI"
LFS,106000,0,"HOME AND PERSONAL CARE","SKIN CARE"
LFS,106026,0,"FOOD CUPBOARD",SNACKS
LFS,106027,0,"FOOD CUPBOARD",SNACKS
LFS,106361,0,"HOME AND PERSONAL CARE",FRAGRANCES
LFS,106508,0,"FOOD CUPBOARD","HONEY  JAM AND MARMALADE"
LFS,106545,0,"FOOD CUPBOARD",CONDIMENTS
LFS,106638,0,"BEVERAGES ALCOHOLIC","SPARKLING WINES"
LFS,106640,0,"BEVERAGES ALCOHOLIC","SPARKLING WINES"
LFS,106644,0,"BEVERAGES ALCOHOLIC",RHUM
LFS,106647,0,"HOME AND PERSONAL CARE","HAIR CARE"
LFS,106654,0,"HOME AND PERSONAL CARE","HOUSEHOLD CLEANERS"
LFS,106655,0,"HOME AND PERSONAL CARE","HOUSEHOLD CLEANERS"
LFS,106766,0,"FROZEN FOOD","POTATO CHIPS"
LFS,106789,0,"FOOD CUPBOARD","BREAKFAST CEREALS"
LFS,106808,0,"HOME AND PERSONAL CARE",DISPOSABLE
LFS,106810,0,"HOME AND PERSONAL CARE",DISPOSABLE
LFS,106811,0,"HOME AND PERSONAL CARE",DISPOSABLE
LFS,106812,0,"HOME AND PERSONAL CARE",DISPOSABLE
LFS,106813,0,"HOME AND PERSONAL CARE",DISPOSABLE
LFS,106815,0,"HOME AND PERSONAL CARE",DISPOSABLE
LFS,106816,0,"HOME AND PERSONAL CARE",DISPOSABLE
LFS,106822,0,"HOME AND PERSONAL CARE",DISPOSABLE
LFS,106823,0,"HOME AND PERSONAL CARE",DISPOSABLE
LFS,106824,0,"HOME AND PERSONAL CARE",DISPOSABLE
LFS,106844,0,"HOME AND PERSONAL CARE",FRESHENERS
LFS,106846,0,"HOME AND PERSONAL CARE",FRESHENERS
LFS,106028,0,"FOOD CUPBOARD",SNACKS
LFS,106032,0,"FOOD CUPBOARD",SNACKS
LFS,106039,0,"FOOD CUPBOARD",CONFECTIONERY
LFS,106067,0,"FOOD CUPBOARD",SAVOURIES
LFS,106076,0,"FOOD CUPBOARD",SAVOURIES
LFS,106081,0,"FOOD CUPBOARD","EDIBLE OILS AND GHEE"
LFS,106354,0,"BEVERAGES ALCOHOLIC",WINES
LFS,105388,0,"FOOD CUPBOARD","NOODLES AND SOUP"
LFS,105391,0,"FOOD CUPBOARD","SPREADS AND TOPPING"
LFS,105397,0,"FOOD CUPBOARD",CONFECTIONERY
LFS,10544,0,"FOOD CUPBOARD","BREAKFAST CEREALS"
LFS,105449,0,"FOOD CUPBOARD","BAKING INGREDIENTS"
LFS,10545,0,"FOOD CUPBOARD","BREAKFAST CEREALS"
LFS,105450,0,"FOOD CUPBOARD","BAKING INGREDIENTS"
LFS,105467,0,"FOOD CUPBOARD","SPREADS AND TOPPING"
LFS,105492,0,BEVERAGES,COFFEE
LFS,105493,0,BEVERAGES,COFFEE
LFS,105494,0,BEVERAGES,COFFEE
LFS,105509,0,"BEVERAGES ALCOHOLIC","BOTTLE BEER"
LFS,105511,0,"BEVERAGES ALCOHOLIC","BOTTLE BEER"
LFS,105512,0,"BEVERAGES ALCOHOLIC","BOTTLE BEER"
LFS,105560,0,"FOOD CUPBOARD",CONFECTIONERY
LFS,105561,0,"FOOD CUPBOARD",CONFECTIONERY
LFS,105563,0,"FOOD CUPBOARD",CONFECTIONERY
LFS,105564,0,"FOOD CUPBOARD","NOODLES AND SOUP"
LFS,105601,0,"FOOD CUPBOARD",BISCUITS
LFS,105642,0,"FOOD CUPBOARD","SALT  SUGAR AND JAGGERY"
LFS,105643,0,"FOOD CUPBOARD","SALT  SUGAR AND JAGGERY"
LFS,105758,0,"FOOD CUPBOARD","NOODLES AND SOUP"
LFS,105762,0,"FOOD CUPBOARD","NOODLES AND SOUP"
LFS,105764,0,"FOOD CUPBOARD","NOODLES AND SOUP"
LFS,105767,0,"FOOD CUPBOARD","NOODLES AND SOUP"
LFS,105768,0,"FOOD CUPBOARD","NOODLES AND SOUP"
LFS,105812,0,"HOME AND PERSONAL CARE","PERSONAL WASH"
LFS,105813,0,"HOME AND PERSONAL CARE","PERSONAL WASH"
LFS,105816,0,"HOME AND PERSONAL CARE","PERSONAL WASH"
LFS,105817,0,"HOME AND PERSONAL CARE","PERSONAL WASH"
LFS,105818,0,"HOME AND PERSONAL CARE","PERSONAL WASH"
LFS,105819,0,"HOME AND PERSONAL CARE","PERSONAL WASH"
LFS,105820,0,"HOME AND PERSONAL CARE","PERSONAL WASH"
LFS,105821,0,"HOME AND PERSONAL CARE","LAUNDRY CARE"
LFS,105822,0,"HOME AND PERSONAL CARE","PERSONAL WASH"
LFS,105844,0,"FOOD CUPBOARD",SNACKS
LFS,105848,0,"FOOD CUPBOARD",SNACKS
LFS,107746,0,"FOOD CUPBOARD","SPICES AND HERBS"
LFS,107815,0,BEVERAGES,DRINKS
LFS,107819,0,"FOOD CUPBOARD","MILK AND CREAMERS"
LFS,107821,0,"FOOD CUPBOARD","MILK AND CREAMERS"
LFS,107851,0,"FOOD CUPBOARD","CANNED FOOD"
LFS,107854,0,"FOOD CUPBOARD","SPREADS AND TOPPING"
LFS,107855,0,"FOOD CUPBOARD","SPREADS AND TOPPING"
LFS,107856,0,"FOOD CUPBOARD","SPREADS AND TOPPING"
LFS,107857,0,"FOOD CUPBOARD","HONEY  JAM AND MARMALADE"
LFS,107896,0,"FROZEN FOOD","FROZEN SNACKS - NON VEG"
LFS,107897,0,"FROZEN FOOD","FROZEN SNACKS - VEG"
LFS,107898,0,"FROZEN FOOD","FROZEN SNACKS - NON VEG"
LFS,107899,0,"FROZEN FOOD","FROZEN SNACKS - VEG"
LFS,107933,0,"FOOD CUPBOARD","GRAINS AND PULSES"
LFS,107936,0,"FOOD CUPBOARD","SALT  SUGAR AND JAGGERY"
LFS,107938,0,"FOOD CUPBOARD","SALT  SUGAR AND JAGGERY"
LFS,107939,0,"FOOD CUPBOARD","SALT  SUGAR AND JAGGERY"
LFS,107940,0,"FOOD CUPBOARD","DRYFRUITS AND NUTS"
LFS,107941,0,"FOOD CUPBOARD","DRYFRUITS AND NUTS"
LFS,107942,0,"FOOD CUPBOARD","DRYFRUITS AND NUTS"
LFS,106885,0,"BEVERAGES ALCOHOLIC",WHISKEY
LFS,106886,0,"BEVERAGES ALCOHOLIC",WINES
LFS,106887,0,BEVERAGES,JUICE
LFS,106892,0,"FOOD CUPBOARD",BISCUITS
LFS,106894,0,"FOOD CUPBOARD",BISCUITS
LFS,106954,0,"BEVERAGES ALCOHOLIC","COGNAC / BRANDY"
LFS,106989,0,"FROZEN FOOD",TURKEY
LFS,106992,0,"HOME AND PERSONAL CARE","PERSONAL WASH"
LFS,106993,0,"HOME AND PERSONAL CARE","PERSONAL WASH"
LFS,106994,0,"HOME AND PERSONAL CARE","PERSONAL WASH"
LFS,107021,0,"HOME AND PERSONAL CARE","PERSONAL WASH"
LFS,107034,0,"HOME AND PERSONAL CARE","COLOR COSMETICS"
LFS,107035,0,"HOME AND PERSONAL CARE","COLOR COSMETICS"
LFS,107038,0,"HOME AND PERSONAL CARE","COLOR COSMETICS"
LFS,107062,0,"HOME AND PERSONAL CARE","COLOR COSMETICS"
LFS,107089,0,"HOME AND PERSONAL CARE","COLOR COSMETICS"
LFS,107099,0,"HOME AND PERSONAL CARE","PERSONAL WASH"
LFS,107103,0,BEVERAGES,COFFEE
LFS,107104,0,BEVERAGES,COFFEE
LFS,107106,0,"HOME AND PERSONAL CARE","COLOR COSMETICS"
LFS,107107,0,"HOME AND PERSONAL CARE","COLOR COSMETICS"
LFS,107109,0,"HOME AND PERSONAL CARE","COLOR COSMETICS"
LFS,107123,0,"HOME AND PERSONAL CARE","COLOR COSMETICS"
LFS,107134,0,"HOME AND PERSONAL CARE","COLOR COSMETICS"
LFS,107143,0,"HOME AND PERSONAL CARE","COLOR COSMETICS"
LFS,107152,0,"HOME AND PERSONAL CARE","COLOR COSMETICS"
LFS,107153,0,"HOME AND PERSONAL CARE","COLOR COSMETICS"
LFS,107163,0,"HOME AND PERSONAL CARE","COLOR COSMETICS"
LFS,107164,0,"HOME AND PERSONAL CARE","COLOR COSMETICS"
LFS,107165,0,"HOME AND PERSONAL CARE","COLOR COSMETICS"
LFS,107166,0,"HOME AND PERSONAL CARE","COLOR COSMETICS"
LFS,107167,0,"HOME AND PERSONAL CARE","COLOR COSMETICS"
LFS,107171,0,"HOME AND PERSONAL CARE","COLOR COSMETICS"
LFS,107172,0,"HOME AND PERSONAL CARE","COLOR COSMETICS"
LFS,107173,0,"HOME AND PERSONAL CARE","COLOR COSMETICS"
LFS,107174,0,"HOME AND PERSONAL CARE","COLOR COSMETICS"
LFS,107196,0,"FOOD CUPBOARD",SNACKS
LFS,107204,0,"FOOD CUPBOARD","BAKING INGREDIENTS"
LFS,107217,0,"FOOD CUPBOARD",BISCUITS
LFS,107218,0,"FOOD CUPBOARD",BISCUITS
LFS,107219,0,"FOOD CUPBOARD",BISCUITS
LFS,107230,0,"FOOD CUPBOARD","BREAKFAST CEREALS"
LFS,107239,0,"FOOD CUPBOARD",BISCUITS
LFS,107240,0,"FOOD CUPBOARD",BISCUITS
LFS,107241,0,"FOOD CUPBOARD",BISCUITS
LFS,107242,0,"FOOD CUPBOARD",SNACKS
LFS,107275,0,"FOOD CUPBOARD","BREAKFAST CEREALS"
LFS,107287,0,"FOOD CUPBOARD",FLOURS
LFS,107408,0,"BEVERAGES ALCOHOLIC",WINES
LFS,107410,0,"BEVERAGES ALCOHOLIC",WINES
LFS,107412,0,"BEVERAGES ALCOHOLIC",WINES
LFS,107426,0,"BEVERAGES ALCOHOLIC",WHISKEY
LFS,107427,0,"BEVERAGES ALCOHOLIC",WHISKEY
LFS,107551,0,"HOME AND PERSONAL CARE","LAUNDRY CARE"
LFS,107583,0,"HOME AND PERSONAL CARE",FRAGRANCES
LFS,107585,0,"HOME AND PERSONAL CARE",FRAGRANCES
LFS,10759,0,"FOOD CUPBOARD","BREAKFAST CEREALS"
LFS,107608,0,"HOME AND PERSONAL CARE","SHOE CARE"
LFS,107617,0,"HOME AND PERSONAL CARE",FRESHENERS
LFS,107622,0,BEVERAGES,JUICE
LFS,107623,0,BEVERAGES,JUICE
LFS,107624,0,BEVERAGES,JUICE
LFS,107625,0,BEVERAGES,JUICE
LFS,107627,0,BEVERAGES,JUICE
LFS,107628,0,BEVERAGES,JUICE
LFS,107629,0,BEVERAGES,JUICE
LFS,107632,0,BEVERAGES,JUICE
LFS,107633,0,BEVERAGES,JUICE
LFS,107634,0,BEVERAGES,JUICE
LFS,107635,0,BEVERAGES,JUICE
LFS,107636,0,BEVERAGES,JUICE
LFS,107637,0,BEVERAGES,JUICE
LFS,107640,0,BEVERAGES,JUICE
LFS,107641,0,BEVERAGES,JUICE
LFS,107642,0,BEVERAGES,JUICE
LFS,107647,0,BEVERAGES,JUICE
LFS,107648,0,BEVERAGES,JUICE
LFS,107728,0,"FOOD CUPBOARD",SNACKS
LFS,107730,0,"FOOD CUPBOARD","BAKING INGREDIENTS"
LFS,107732,0,"FOOD CUPBOARD","BAKING INGREDIENTS"
LFS,107733,0,"FOOD CUPBOARD","BAKING INGREDIENTS"
LFS,107745,0,"FOOD CUPBOARD","SPICES AND HERBS"
LFS,108346,0,"FOOD CUPBOARD","SPICES AND HERBS"
LFS,108348,0,"FOOD CUPBOARD","SPICES AND HERBS"
LFS,108351,0,"FOOD CUPBOARD","SPICES AND HERBS"
LFS,108353,0,"FOOD CUPBOARD","SPICES AND HERBS"
LFS,108354,0,"FOOD CUPBOARD","SPICES AND HERBS"
LFS,108355,0,"FOOD CUPBOARD","SPICES AND HERBS"
LFS,108357,0,"FOOD CUPBOARD","SPICES AND HERBS"
LFS,108358,0,"FOOD CUPBOARD","SPICES AND HERBS"
LFS,108360,0,"FOOD CUPBOARD","SPICES AND HERBS"
LFS,108365,0,"FOOD CUPBOARD","SPICES AND HERBS"
LFS,108366,0,"FOOD CUPBOARD","SPICES AND HERBS"
LFS,108367,0,"FOOD CUPBOARD","SPICES AND HERBS"
LFS,108374,0,"FOOD CUPBOARD","CANNED FOOD"
LFS,108376,0,"FOOD CUPBOARD",CONDIMENTS
LFS,108494,0,"FOOD CUPBOARD","EDIBLE OILS AND GHEE"
LFS,108511,0,"FOOD CUPBOARD",SNACKS
LFS,108512,0,"FOOD CUPBOARD",SNACKS
LFS,108516,0,"FOOD CUPBOARD","HONEY  JAM AND MARMALADE"
LFS,108517,0,"FOOD CUPBOARD","CANNED FOOD"
LFS,108524,0,"FOOD CUPBOARD",CONDIMENTS
LFS,108545,0,BEVERAGES,"COCOA POWDER"
LFS,108549,0,BEVERAGES,"COCOA POWDER"
LFS,108573,0,"FOOD CUPBOARD","INSTANT MIX"
LFS,108574,0,"FOOD CUPBOARD",FLOURS
LFS,108581,0,"FOOD CUPBOARD",CONDIMENTS
LFS,108583,0,"FOOD CUPBOARD","GRAINS AND PULSES"
LFS,108598,0,"FOOD CUPBOARD","SPREADS AND TOPPING"
LFS,108709,0,BEVERAGES,JUICE
LFS,108752,0,"FOOD CUPBOARD",CONDIMENTS
LFS,108758,0,"FOOD CUPBOARD","SPREADS AND TOPPING"
LFS,108397,0,"FOOD CUPBOARD",BISCUITS
LFS,108399,0,"FOOD CUPBOARD","CANNED FOOD"
LFS,108450,0,"FROZEN FOOD",ICE-CREAM
LFS,108451,0,"FROZEN FOOD",ICE-CREAM
LFS,108452,0,"FROZEN FOOD",ICE-CREAM
LFS,108453,0,"FROZEN FOOD",ICE-CREAM
LFS,108454,0,"FROZEN FOOD",ICE-CREAM
LFS,108456,0,"FROZEN FOOD",ICE-CREAM
LFS,108468,0,BEVERAGES,DRINKS
LFS,107943,0,"FOOD CUPBOARD","DRYFRUITS AND NUTS"
LFS,107946,0,"FOOD CUPBOARD","DRYFRUITS AND NUTS"
LFS,107947,0,"FOOD CUPBOARD","DRYFRUITS AND NUTS"
LFS,107948,0,"FOOD CUPBOARD","DRYFRUITS AND NUTS"
LFS,107960,0,"FOOD CUPBOARD",SNACKS
LFS,107979,0,"FROZEN FOOD","FRESH YOGHURT"
LFS,107980,0,"FROZEN FOOD","FRESH YOGHURT"
LFS,107981,0,"FROZEN FOOD","FRESH YOGHURT"
LFS,107982,0,"FROZEN FOOD","FRESH YOGHURT"
LFS,107983,0,"FROZEN FOOD","FRESH YOGHURT"
LFS,107984,0,"FROZEN FOOD","FRESH YOGHURT"
LFS,107988,0,"FOOD CUPBOARD",SNACKS
LFS,107993,0,"FOOD CUPBOARD","DRYFRUITS AND NUTS"
LFS,107998,0,"FOOD CUPBOARD","DRYFRUITS AND NUTS"
LFS,108000,0,"FOOD CUPBOARD","DRYFRUITS AND NUTS"
LFS,108019,0,"HOME AND PERSONAL CARE","SKIN CARE"
LFS,108156,0,"FOOD CUPBOARD",CONFECTIONERY
LFS,108158,0,"FOOD CUPBOARD",CONFECTIONERY
LFS,108160,0,"FOOD CUPBOARD",SNACKS
LFS,108172,0,"FOOD CUPBOARD",BISCUITS
LFS,108174,0,"FOOD CUPBOARD",BISCUITS
LFS,108180,0,"FOOD CUPBOARD",CONFECTIONERY
LFS,108182,0,"FOOD CUPBOARD",SNACKS
LFS,108185,0,"FOOD CUPBOARD",SNACKS
LFS,108189,0,"FOOD CUPBOARD",CONFECTIONERY
LFS,108191,0,"FRESH DAIRY AND EGGS",Yoghurt
LFS,108212,0,"BEVERAGES ALCOHOLIC",WINES
LFS,108214,0,"BEVERAGES ALCOHOLIC",WINES
LFS,108227,0,"HOME AND PERSONAL CARE",DISPOSABLE
LFS,108229,0,"HOME AND PERSONAL CARE",FRESHENERS
LFS,108233,0,"BEVERAGES ALCOHOLIC",WINES
LFS,108235,0,"BEVERAGES ALCOHOLIC",WINES
LFS,108236,0,"BEVERAGES ALCOHOLIC",WINES
LFS,108344,0,"BEVERAGES ALCOHOLIC",WINES
LFS,108345,0,"FOOD CUPBOARD","SPICES AND HERBS"
LFS,110742,0,"HOME AND PERSONAL CARE",DISPOSABLE
LFS,110743,0,"HOME AND PERSONAL CARE",DISPOSABLE
LFS,110745,0,"HOME AND PERSONAL CARE",DISPOSABLE
LFS,110747,0,"HOME AND PERSONAL CARE",DISPOSABLE
LFS,110748,0,"HOME AND PERSONAL CARE",DISPOSABLE
LFS,110749,0,"HOME AND PERSONAL CARE",DISPOSABLE
LFS,110750,0,"HOME AND PERSONAL CARE",DISPOSABLE
LFS,110751,0,"HOME AND PERSONAL CARE",DISPOSABLE
LFS,110752,0,"HOME AND PERSONAL CARE",DISPOSABLE
LFS,110753,0,"HOME AND PERSONAL CARE",DISPOSABLE
LFS,110776,0,"FOOD CUPBOARD",SNACKS
LFS,110777,0,"FOOD CUPBOARD","SALT  SUGAR AND JAGGERY"
LFS,110778,0,"FOOD CUPBOARD","SALT  SUGAR AND JAGGERY"
LFS,110794,0,BEVERAGES,TEA
LFS,110795,0,BEVERAGES,TEA
LFS,110797,0,BEVERAGES,TEA
LFS,110880,0,BEVERAGES,JUICE
LFS,110882,0,"FOOD CUPBOARD","SPREADS AND TOPPING"
LFS,110884,0,"FOOD CUPBOARD","SPREADS AND TOPPING"
LFS,110908,0,"BEVERAGES ALCOHOLIC","VODKA BOTTLES"
LFS,110911,0,"BEVERAGES ALCOHOLIC",WHISKEY
LFS,110921,0,"BEVERAGES ALCOHOLIC",WHISKEY
LFS,110931,0,"FRESH DAIRY AND EGGS",Yoghurt
LFS,110932,0,"FRESH DAIRY AND EGGS",Yoghurt
LFS,110933,0,"FRESH DAIRY AND EGGS",Yoghurt
LFS,110934,0,"FRESH DAIRY AND EGGS",Yoghurt
LFS,110935,0,"FRESH DAIRY AND EGGS",Yoghurt
LFS,110936,0,"FRESH DAIRY AND EGGS",Yoghurt
LFS,110937,0,"FRESH DAIRY AND EGGS",Yoghurt
LFS,111171,0,BEVERAGES,TEA
LFS,111215,0,BEVERAGES,DRINKS
LFS,111216,0,BEVERAGES,DRINKS
LFS,111276,0,BEVERAGES,TEA
LFS,111292,0,"FRESH DAIRY AND EGGS",Yoghurt
LFS,111334,0,"BEVERAGES ALCOHOLIC",WINES
LFS,111342,0,"BEVERAGES ALCOHOLIC",WINES
LFS,108815,0,"FOOD CUPBOARD",SNACKS
LFS,108823,0,"FOOD CUPBOARD","NOODLES AND SOUP"
LFS,108888,0,"FOOD CUPBOARD",BISCUITS
LFS,108889,0,"FOOD CUPBOARD",BISCUITS
LFS,108890,0,"FOOD CUPBOARD",BISCUITS
LFS,108891,0,"FOOD CUPBOARD",BISCUITS
LFS,108893,0,"FOOD CUPBOARD",BISCUITS
LFS,108898,0,BEVERAGES,DRINKS
LFS,108901,0,"FOOD CUPBOARD",SNACKS
LFS,108904,0,"FOOD CUPBOARD",CONFECTIONERY
LFS,108952,0,BEVERAGES,DRINKS
LFS,108959,0,"FOOD CUPBOARD",CONFECTIONERY
LFS,108965,0,"FOOD CUPBOARD",CONFECTIONERY
LFS,108978,0,"FOOD CUPBOARD","BAKING INGREDIENTS"
LFS,108983,0,"FOOD CUPBOARD","MILK AND CREAMERS"
LFS,108989,0,"FOOD CUPBOARD","RAW RICE"
LFS,109157,0,"HOME AND PERSONAL CARE","HEALTH AND WELLNESS"
LFS,109286,0,"HOME AND PERSONAL CARE","INFANT AND BABY CARE"
LFS,109287,0,"FOOD CUPBOARD",SNACKS
LFS,109289,0,"HOME AND PERSONAL CARE","HOUSEHOLD CLEANERS"
LFS,109290,0,"HOME AND PERSONAL CARE","HOUSEHOLD CLEANERS"
LFS,109328,0,"HOME AND PERSONAL CARE",FRESHENERS
LFS,109330,0,"HOME AND PERSONAL CARE",FRESHENERS
LFS,109331,0,"HOME AND PERSONAL CARE",FRESHENERS
LFS,109394,0,"FOOD CUPBOARD","EDIBLE OILS AND GHEE"
LFS,109395,0,"FOOD CUPBOARD","EDIBLE OILS AND GHEE"
LFS,109396,0,"FOOD CUPBOARD","EDIBLE OILS AND GHEE"
LFS,109397,0,"FOOD CUPBOARD","EDIBLE OILS AND GHEE"
LFS,109399,0,"HOME AND PERSONAL CARE","PERSONAL WASH"
LFS,109553,0,"HOME AND PERSONAL CARE","PERSONAL WASH"
LFS,109554,0,"HOME AND PERSONAL CARE","PERSONAL WASH"
LFS,109574,0,"FOOD CUPBOARD","EDIBLE OILS AND GHEE"
LFS,109702,0,"BEVERAGES ALCOHOLIC",WINES
LFS,109703,0,"BEVERAGES ALCOHOLIC",WINES
LFS,109713,0,"BEVERAGES ALCOHOLIC",WINES
LFS,109759,0,"FOOD CUPBOARD","SPREADS AND TOPPING"
LFS,109761,0,"HOME AND PERSONAL CARE","PERSONAL WASH"
LFS,109763,0,"HOME AND PERSONAL CARE","PERSONAL WASH"
LFS,109764,0,"FOOD CUPBOARD","BAKING INGREDIENTS"
LFS,109765,0,"FOOD CUPBOARD","BAKING INGREDIENTS"
LFS,109766,0,"FOOD CUPBOARD","BAKING INGREDIENTS"
LFS,109790,0,"FOOD CUPBOARD","NOODLES AND SOUP"
LFS,109959,0,"FOOD CUPBOARD","CANNED FOOD"
LFS,109961,0,"FOOD CUPBOARD","EDIBLE OILS AND GHEE"
LFS,109966,0,"FOOD CUPBOARD","CANNED FOOD"
LFS,109967,0,"FOOD CUPBOARD","EDIBLE OILS AND GHEE"
LFS,109968,0,"FOOD CUPBOARD",SNACKS
LFS,109969,0,"FOOD CUPBOARD",SNACKS
LFS,109970,0,"FOOD CUPBOARD",SNACKS
LFS,109975,0,"FOOD CUPBOARD",BISCUITS
LFS,109978,0,"FOOD CUPBOARD","SPREADS AND TOPPING"
LFS,109979,0,"FOOD CUPBOARD",SNACKS
LFS,109986,0,"FROZEN FOOD","CHICKEN FRANKS"
LFS,110109,0,"FOOD CUPBOARD","EDIBLE OILS AND GHEE"
LFS,110110,0,"FOOD CUPBOARD","EDIBLE OILS AND GHEE"
LFS,110144,0,"FOOD CUPBOARD","SPREADS AND TOPPING"
LFS,110237,0,"FOOD CUPBOARD",SNACKS
LFS,110243,0,"FOOD CUPBOARD",SNACKS
LFS,110244,0,"FOOD CUPBOARD",SNACKS
LFS,110246,0,"FOOD CUPBOARD",SNACKS
LFS,110248,0,"FOOD CUPBOARD",SNACKS
LFS,110250,0,"FOOD CUPBOARD",SNACKS
LFS,110256,0,"FOOD CUPBOARD",SNACKS
LFS,110257,0,"FOOD CUPBOARD",SNACKS
LFS,110261,0,"FOOD CUPBOARD",SNACKS
LFS,110472,0,"BEVERAGES ALCOHOLIC",BITTERS
LFS,110474,0,BEVERAGES,JUICE
LFS,110475,0,BEVERAGES,JUICE
LFS,110588,0,"LIVE PLANTS","LIVE PLANTS"
LFS,110591,0,"LIVE PLANTS","LIVE PLANTS"
LFS,110663,0,"FOOD CUPBOARD",FLOURS
LFS,110686,0,"FOOD CUPBOARD",CONDIMENTS
LFS,110730,0,"FOOD CUPBOARD",CONDIMENTS
LFS,110731,0,"FOOD CUPBOARD",CONDIMENTS
LFS,110732,0,"FOOD CUPBOARD",CONDIMENTS
LFS,110733,0,"FOOD CUPBOARD",CONDIMENTS
LFS,110734,0,"FOOD CUPBOARD",CONDIMENTS
LFS,111949,0,"FOOD CUPBOARD","INSTANT MIX"
LFS,112026,0,"HOME AND PERSONAL CARE","ORAL CARE"
LFS,112046,0,"FROZEN FOOD",Prawns
LFS,112083,0,"FOOD CUPBOARD",CONDIMENTS
LFS,112086,0,"FOOD CUPBOARD",CONDIMENTS
LFS,112090,0,"BEVERAGES ALCOHOLIC",WHISKEY
LFS,112096,0,"BEVERAGES ALCOHOLIC",WHISKEY
LFS,112349,0,"FOOD CUPBOARD",CONDIMENTS
LFS,112509,0,"HOME AND PERSONAL CARE","HEALTH AND WELLNESS"
LFS,11254,0,"BEVERAGES ALCOHOLIC",WHISKEY
LFS,112885,0,"HOME AND PERSONAL CARE",DISPOSABLE
LFS,112997,0,"BEVERAGES ALCOHOLIC",WINES
LFS,113078,0,"HOME AND PERSONAL CARE",DISPOSABLE
LFS,113089,0,"HOME AND PERSONAL CARE","HOUSEHOLD CLEANERS"
LFS,113150,0,"HOME AND PERSONAL CARE","ORAL CARE"
LFS,113182,0,"FOOD CUPBOARD","BREAKFAST CEREALS"
LFS,113183,0,BEVERAGES,"DRINKING POWDERS"
LFS,113184,0,BEVERAGES,COFFEE
LFS,113270,0,"FOOD CUPBOARD",BISCUITS
LFS,113271,0,"FOOD CUPBOARD",SNACKS
LFS,113317,0,"FOOD CUPBOARD",CONDIMENTS
LFS,113325,0,"HOME AND PERSONAL CARE","PET CARE"
LFS,113326,0,"HOME AND PERSONAL CARE","PET CARE"
LFS,113327,0,"HOME AND PERSONAL CARE","PET CARE"
LFS,113460,0,"HOME AND PERSONAL CARE","HOUSEHOLD CLEANERS"
LFS,113461,0,"HOME AND PERSONAL CARE","HOUSEHOLD CLEANERS"
LFS,113472,0,"FOOD CUPBOARD","SPICES AND HERBS"
LFS,112559,0,"FOOD CUPBOARD",CONDIMENTS
LFS,112791,0,"HOME AND PERSONAL CARE",FRAGRANCES
LFS,112792,0,"HOME AND PERSONAL CARE",FRAGRANCES
LFS,112793,0,"HOME AND PERSONAL CARE",FRAGRANCES
LFS,112794,0,"HOME AND PERSONAL CARE",FRAGRANCES
LFS,112812,0,"FOOD CUPBOARD","CANNED FOOD"
LFS,111614,0,"BEVERAGES ALCOHOLIC",RHUM
LFS,111641,0,"BEVERAGES ALCOHOLIC",WINES
LFS,111646,0,"BEVERAGES ALCOHOLIC",WHISKEY
LFS,111712,0,"FOOD CUPBOARD","CANNED FOOD"
LFS,111721,0,BEVERAGES,"DRINKING POWDERS"
LFS,111722,0,"FOOD CUPBOARD",SNACKS
LFS,111723,0,"FOOD CUPBOARD","BAKING INGREDIENTS"
LFS,111725,0,"FOOD CUPBOARD","SPREADS AND TOPPING"
LFS,111728,0,"FOOD CUPBOARD",CONFECTIONERY
LFS,111730,0,"FOOD CUPBOARD","BREAKFAST CEREALS"
LFS,111736,0,"FOOD CUPBOARD","CANNED FOOD"
LFS,111737,0,"FOOD CUPBOARD","PEPPER SAUCE"
LFS,111745,0,"FOOD CUPBOARD","BREAKFAST CEREALS"
LFS,111747,0,"FOOD CUPBOARD","BREAKFAST CEREALS"
LFS,111748,0,"FOOD CUPBOARD","BREAKFAST CEREALS"
LFS,111751,0,"FOOD CUPBOARD","BABY FOOD"
LFS,111754,0,"FOOD CUPBOARD","BABY FOOD"
LFS,111755,0,"FOOD CUPBOARD","BABY FOOD"
LFS,111770,0,"FOOD CUPBOARD",CONFECTIONERY
LFS,111821,0,"FOOD CUPBOARD",BISCUITS
LFS,111867,0,"BEVERAGES ALCOHOLIC",WINES
LFS,111869,0,"FOOD CUPBOARD",BISCUITS
LFS,111877,0,"FOOD CUPBOARD",SNACKS
LFS,111878,0,"FOOD CUPBOARD",SNACKS
LFS,111880,0,BEVERAGES,"DRINKING POWDERS"
LFS,111891,0,"FOOD CUPBOARD",CONFECTIONERY
LFS,111904,0,"FOOD CUPBOARD",SNACKS
LFS,111906,0,"FOOD CUPBOARD",SNACKS
LFS,111910,0,"FOOD CUPBOARD",SNACKS
LFS,111916,0,"FOOD CUPBOARD",SNACKS
LFS,111918,0,"FOOD CUPBOARD",SNACKS
LFS,111923,0,"FOOD CUPBOARD","INSTANT MIX"
LFS,111926,0,"FOOD CUPBOARD","INSTANT MIX"
LFS,111946,0,"FOOD CUPBOARD","INSTANT MIX"
LFS,115423,0,"FOOD CUPBOARD",BISCUITS
LFS,115425,0,"FOOD CUPBOARD",BISCUITS
LFS,115426,0,"FOOD CUPBOARD",BISCUITS
LFS,115427,0,"FOOD CUPBOARD",BISCUITS
LFS,115428,0,"FOOD CUPBOARD",BISCUITS
LFS,115429,0,"FOOD CUPBOARD",BISCUITS
LFS,115559,0,"HOME AND PERSONAL CARE",DISPOSABLE
LFS,115707,0,"FOOD CUPBOARD",CONDIMENTS
LFS,115716,0,"FOOD CUPBOARD","SPREADS AND TOPPING"
LFS,115718,0,"FOOD CUPBOARD","SPREADS AND TOPPING"
LFS,115773,0,"FRESH DAIRY AND EGGS",Yoghurt
LFS,115774,0,"FRESH DAIRY AND EGGS",Yoghurt
LFS,115785,0,"HOME AND PERSONAL CARE",FRESHENERS
LFS,115786,0,"HOME AND PERSONAL CARE",FRESHENERS
LFS,115787,0,"HOME AND PERSONAL CARE",FRESHENERS
LFS,115821,0,"HOME AND PERSONAL CARE","INFANT AND BABY CARE"
LFS,115826,0,"HOME AND PERSONAL CARE","PERSONAL WASH"
LFS,115842,0,"BEVERAGES ALCOHOLIC",WHISKEY
LFS,115843,0,"FOOD CUPBOARD","BREAKFAST CEREALS"
LFS,113608,0,"FROZEN FOOD",ICE-CREAM
LFS,113610,0,"FROZEN FOOD",ICE-CREAM
LFS,113614,0,"FOOD CUPBOARD",CONFECTIONERY
LFS,113740,0,"FOOD CUPBOARD","SPREADS AND TOPPING"
LFS,113786,0,"FOOD CUPBOARD",BISCUITS
LFS,113787,0,"FOOD CUPBOARD",BISCUITS
LFS,113788,0,"FOOD CUPBOARD",BISCUITS
LFS,113789,0,"FOOD CUPBOARD",BISCUITS
LFS,113811,0,"FOOD CUPBOARD",BISCUITS
LFS,113952,0,"BEVERAGES ALCOHOLIC","GIN ."
LFS,113953,0,"BEVERAGES ALCOHOLIC","GIN ."
LFS,113955,0,BEVERAGES,DRINKS
LFS,113956,0,BEVERAGES,DRINKS
LFS,113957,0,BEVERAGES,DRINKS
LFS,113958,0,BEVERAGES,DRINKS
LFS,113959,0,"HOME AND PERSONAL CARE","ORAL CARE"
LFS,113960,0,"FOOD CUPBOARD",CONFECTIONERY
LFS,113964,0,"FOOD CUPBOARD",SNACKS
LFS,113976,0,"HOME AND PERSONAL CARE","LAUNDRY CARE"
LFS,113982,0,BEVERAGES,DRINKS
LFS,113983,0,BEVERAGES,DRINKS
LFS,113984,0,BEVERAGES,DRINKS
LFS,113989,0,"FOOD CUPBOARD","HONEY  JAM AND MARMALADE"
LFS,113992,0,"FRESH DAIRY AND EGGS",Yoghurt
LFS,113996,0,"FOOD CUPBOARD","SPICES AND HERBS"
LFS,114155,0,"BEVERAGES ALCOHOLIC",WINES
LFS,114156,0,"BEVERAGES ALCOHOLIC",WINES
LFS,114157,0,"BEVERAGES ALCOHOLIC",WINES
LFS,114158,0,"BEVERAGES ALCOHOLIC",WINES
LFS,114160,0,"HOME AND PERSONAL CARE","HEALTH AND WELLNESS"
LFS,114166,0,"HOME AND PERSONAL CARE","HOUSEHOLD CLEANERS"
LFS,114172,0,"BEVERAGES ALCOHOLIC",WINES
LFS,114173,0,"BEVERAGES ALCOHOLIC",WINES
LFS,114174,0,"BEVERAGES ALCOHOLIC",WINES
LFS,114175,0,"BEVERAGES ALCOHOLIC",WINES
LFS,114176,0,"HOME AND PERSONAL CARE","PERSONAL WASH"
LFS,114184,0,BEVERAGES,"MINERAL WATER"
LFS,114193,0,BEVERAGES,DRINKS
LFS,114383,0,"HOME AND PERSONAL CARE","COLOR COSMETICS"
LFS,114386,0,"HOME AND PERSONAL CARE","COLOR COSMETICS"
LFS,114401,0,"FROZEN FOOD",CHEESE
LFS,114440,0,"FROZEN FOOD",VEGETABLE
LFS,114581,0,"FOOD CUPBOARD",FLOURS
LFS,114757,0,"BEVERAGES ALCOHOLIC",WINES
LFS,114758,0,"BEVERAGES ALCOHOLIC",WINES
LFS,114763,0,"FROZEN FOOD",Shrimps
LFS,114768,0,"FROZEN FOOD",ICE-CREAM
LFS,114769,0,"FROZEN FOOD",ICE-CREAM
LFS,114770,0,"FROZEN FOOD",ICE-CREAM
LFS,114771,0,"FROZEN FOOD",ICE-CREAM
LFS,114781,0,"HOME AND PERSONAL CARE",FRAGRANCES
LFS,114988,0,"HOME AND PERSONAL CARE","ORAL CARE"
LFS,115030,0,"FOOD CUPBOARD","SPREADS AND TOPPING"
LFS,115040,0,"FOOD CUPBOARD",CONDIMENTS
LFS,115045,0,"FOOD CUPBOARD","HONEY  JAM AND MARMALADE"
LFS,115046,0,"FOOD CUPBOARD","HONEY  JAM AND MARMALADE"
LFS,115055,0,"FOOD CUPBOARD","SPREADS AND TOPPING"
LFS,115057,0,"FOOD CUPBOARD","CANNED FOOD"
LFS,115058,0,"FOOD CUPBOARD","CANNED FOOD"
LFS,115106,0,"BEVERAGES ALCOHOLIC",WHISKEY
LFS,115107,0,"BEVERAGES ALCOHOLIC",WHISKEY
LFS,115128,0,"FOOD CUPBOARD",SNACKS
LFS,115154,0,"BEVERAGES ALCOHOLIC",WINES
LFS,115156,0,"BEVERAGES ALCOHOLIC",WINES
LFS,115161,0,"BEVERAGES ALCOHOLIC",WINES
LFS,115180,0,"FOOD CUPBOARD",BISCUITS
LFS,115194,0,"BEVERAGES ALCOHOLIC",WINES
LFS,115327,0,"HOME AND PERSONAL CARE","PERSONAL WASH"
LFS,115338,0,"HOME AND PERSONAL CARE","LAUNDRY CARE"
LFS,115339,0,"HOME AND PERSONAL CARE","LAUNDRY CARE"
LFS,115349,0,"HOME AND PERSONAL CARE","HOUSEHOLD CLEANERS"
LFS,115357,0,"HOME AND PERSONAL CARE","HOUSEHOLD CLEANERS"
LFS,116078,0,"FOOD CUPBOARD",BISCUITS
LFS,116083,0,"FOOD CUPBOARD",CONFECTIONERY
LFS,116089,0,"FOOD CUPBOARD",BISCUITS
LFS,116651,0,"FOOD CUPBOARD",BISCUITS
LFS,116665,0,"FOOD CUPBOARD",BISCUITS
LFS,116672,0,"FOOD CUPBOARD",BISCUITS
LFS,116674,0,"FOOD CUPBOARD",BISCUITS
LFS,116675,0,"FOOD CUPBOARD",BISCUITS
LFS,116677,0,"FOOD CUPBOARD",BISCUITS
LFS,116678,0,"FOOD CUPBOARD",BISCUITS
LFS,116980,0,"FROZEN FOOD","POTATO CHIPS"
LFS,117020,0,"FRUITS- IMPORT",VEGETABLES.
LFS,117021,0,"FRUITS- IMPORT",VEGETABLES.
LFS,117042,0,"FOOD CUPBOARD","SPREADS AND TOPPING"
LFS,117043,0,"FOOD CUPBOARD",CONDIMENTS
LFS,117044,0,"FOOD CUPBOARD",CONDIMENTS
LFS,117064,0,"HOME AND PERSONAL CARE","MENS GROOMING"
LFS,117081,0,"HOME AND PERSONAL CARE","LAUNDRY CARE"
LFS,117082,0,"HOME AND PERSONAL CARE","HOUSEHOLD CLEANERS"
LFS,117094,0,"HOME AND PERSONAL CARE","HEALTH AND WELLNESS"
LFS,117095,0,"FOOD CUPBOARD",BISCUITS
LFS,117281,0,"BEVERAGES ALCOHOLIC",WHISKEY
LFS,117337,0,"FOOD CUPBOARD","SPREADS AND TOPPING"
LFS,117338,0,"FOOD CUPBOARD","SPREADS AND TOPPING"
LFS,116374,0,"BEVERAGES ALCOHOLIC",WHISKEY
LFS,116468,0,"HOME AND PERSONAL CARE","ORAL CARE"
LFS,116471,0,"HOME AND PERSONAL CARE","ORAL CARE"
LFS,116479,0,"FRESH DAIRY AND EGGS",Yoghurt
LFS,116480,0,"FRESH DAIRY AND EGGS",Yoghurt
LFS,116538,0,"FROZEN FOOD",ICE-CREAM
LFS,116540,0,"FOOD CUPBOARD","BABY FOOD"
LFS,116621,0,"FOOD CUPBOARD",BISCUITS
LFS,116622,0,"FOOD CUPBOARD",BISCUITS
LFS,116629,0,"FOOD CUPBOARD","MILK AND CREAMERS"
LFS,116631,0,"FOOD CUPBOARD",BISCUITS
LFS,116632,0,"FOOD CUPBOARD",BISCUITS
LFS,116633,0,"FOOD CUPBOARD",BISCUITS
LFS,116634,0,"FOOD CUPBOARD",BISCUITS
LFS,116647,0,"FOOD CUPBOARD",BISCUITS
LFS,116649,0,"FOOD CUPBOARD",BISCUITS
LFS,115939,0,"HOME AND PERSONAL CARE","FEMININE CARE"
LFS,115948,0,"HOME AND PERSONAL CARE",FRESHENERS
LFS,115949,0,"HOME AND PERSONAL CARE","PERSONAL WASH"
LFS,115951,0,"HOME AND PERSONAL CARE",DISPOSABLE
LFS,115952,0,"HOME AND PERSONAL CARE",DISPOSABLE
LFS,115953,0,"HOME AND PERSONAL CARE",DISPOSABLE
LFS,115954,0,"HOME AND PERSONAL CARE",FRESHENERS
LFS,115963,0,"BEVERAGES ALCOHOLIC","COGNAC / BRANDY"
LFS,115964,0,"BEVERAGES ALCOHOLIC","COGNAC / BRANDY"
LFS,115965,0,"BEVERAGES ALCOHOLIC","COGNAC / BRANDY"
LFS,115966,0,"BEVERAGES ALCOHOLIC","COGNAC / BRANDY"
LFS,115970,0,"BEVERAGES ALCOHOLIC","GIN ."
LFS,115985,0,"BEVERAGES ALCOHOLIC",WINES
LFS,116007,0,"FOOD CUPBOARD",BISCUITS
LFS,116008,0,"FOOD CUPBOARD",BISCUITS
LFS,116009,0,"FOOD CUPBOARD",BISCUITS
LFS,116010,0,"FOOD CUPBOARD","PEPPER SAUCE"
LFS,116015,0,BEVERAGES,COFFEE
LFS,116016,0,BEVERAGES,COFFEE
LFS,116029,0,BEVERAGES,COFFEE
LFS,116039,0,"FOOD CUPBOARD",CONFECTIONERY
LFS,116045,0,"FOOD CUPBOARD",SNACKS
LFS,116046,0,"FOOD CUPBOARD",SNACKS
LFS,116048,0,"FOOD CUPBOARD",SNACKS
LFS,116051,0,"FOOD CUPBOARD",CONFECTIONERY
LFS,116052,0,"FOOD CUPBOARD",CONFECTIONERY
LFS,116053,0,"FOOD CUPBOARD",CONFECTIONERY
LFS,116063,0,"FOOD CUPBOARD","SPREADS AND TOPPING"
LFS,116076,0,"FOOD CUPBOARD",BISCUITS
LFS,116077,0,"FOOD CUPBOARD",BISCUITS
LFS,118562,0,"FOOD CUPBOARD","EDIBLE OILS AND GHEE"
LFS,118563,0,"FOOD CUPBOARD","EDIBLE OILS AND GHEE"
LFS,118565,0,"FOOD CUPBOARD","EDIBLE OILS AND GHEE"
LFS,118566,0,"FOOD CUPBOARD","EDIBLE OILS AND GHEE"
LFS,118578,0,"HOME AND PERSONAL CARE",FRESHENERS
LFS,118767,0,"FOOD CUPBOARD","INSTANT MIX"
LFS,118768,0,"FOOD CUPBOARD","INSTANT MIX"
LFS,118769,0,"FOOD CUPBOARD","INSTANT MIX"
LFS,118785,0,BEVERAGES,DRINKS
LFS,119079,0,"FOOD CUPBOARD","BREAKFAST CEREALS"
LFS,119081,0,"FOOD CUPBOARD","BREAKFAST CEREALS"
LFS,119082,0,"FOOD CUPBOARD","BREAKFAST CEREALS"
LFS,119083,0,"FOOD CUPBOARD","BREAKFAST CEREALS"
LFS,119107,0,"FOOD CUPBOARD",SNACKS
LFS,119109,0,"FOOD CUPBOARD",SNACKS
LFS,119291,0,"FOOD CUPBOARD",SNACKS
LFS,119307,0,"HOME AND PERSONAL CARE",FRAGRANCES
LFS,119309,0,"HOME AND PERSONAL CARE",FRAGRANCES
LFS,119311,0,"HOME AND PERSONAL CARE",FRAGRANCES
LFS,119315,0,"HOME AND PERSONAL CARE",FRAGRANCES
LFS,117441,0,"FOOD CUPBOARD",CONFECTIONERY
LFS,117454,0,"FOOD CUPBOARD",CONFECTIONERY
LFS,117509,0,"FOOD CUPBOARD",BISCUITS
LFS,117743,0,BAKERY,CAKE
LFS,117916,0,"FOOD CUPBOARD","CANNED FOOD"
LFS,117917,0,"FOOD CUPBOARD","CANNED FOOD"
LFS,117918,0,"FOOD CUPBOARD",SNACKS
LFS,117919,0,"FOOD CUPBOARD",SNACKS
LFS,117922,0,"FOOD CUPBOARD",SNACKS
LFS,117923,0,"FOOD CUPBOARD",SNACKS
LFS,117937,0,BEVERAGES,"COCOA POWDER"
LFS,117938,0,BEVERAGES,"COCOA POWDER"
LFS,117944,0,BEVERAGES,JUICE
LFS,117946,0,BEVERAGES,JUICE
LFS,117948,0,BEVERAGES,JUICE
LFS,117951,0,BEVERAGES,JUICE
LFS,117953,0,BEVERAGES,JUICE
LFS,117957,0,BEVERAGES,JUICE
LFS,117959,0,BEVERAGES,JUICE
LFS,117960,0,BEVERAGES,JUICE
LFS,117962,0,BEVERAGES,JUICE
LFS,117982,0,BEVERAGES,TEA
LFS,118124,0,"FOOD CUPBOARD","BREAKFAST CEREALS"
LFS,118167,0,"FOOD CUPBOARD",SNACKS
LFS,118231,0,"FOOD CUPBOARD",CONFECTIONERY
LFS,118236,0,"FOOD CUPBOARD",CONFECTIONERY
LFS,118242,0,"HOME AND PERSONAL CARE","LAUNDRY CARE"
LFS,118244,0,"HOME AND PERSONAL CARE","HOUSEHOLD CLEANERS"
LFS,118273,0,"HOME AND PERSONAL CARE","HOUSEHOLD CLEANERS"
LFS,118277,0,BEVERAGES,JUICE
LFS,118278,0,BEVERAGES,JUICE
LFS,118279,0,BEVERAGES,JUICE
LFS,118282,0,BEVERAGES,JUICE
LFS,118287,0,BEVERAGES,JUICE
LFS,118289,0,BEVERAGES,JUICE
LFS,118303,0,BEVERAGES,"MINERAL WATER"
LFS,118304,0,BEVERAGES,"MINERAL WATER"
LFS,118305,0,"FOOD CUPBOARD","PEPPER SAUCE"
LFS,118311,0,"HOME AND PERSONAL CARE","HOUSEHOLD CLEANERS"
LFS,118313,0,"FOOD CUPBOARD","CANNED FOOD"
LFS,118317,0,"FOOD CUPBOARD",CONFECTIONERY
LFS,118366,0,"BEVERAGES ALCOHOLIC",WHISKEY
LFS,118437,0,"FOOD CUPBOARD",CONFECTIONERY
LFS,118443,0,"FOOD CUPBOARD",CONFECTIONERY
LFS,118444,0,"FOOD CUPBOARD",CONFECTIONERY
LFS,118445,0,"HOME AND PERSONAL CARE",DISPOSABLE
LFS,118455,0,"FOOD CUPBOARD","BABY FOOD"
LFS,118457,0,"FOOD CUPBOARD",BISCUITS
LFS,118486,0,"FOOD CUPBOARD",CONFECTIONERY
LFS,118492,0,"FOOD CUPBOARD",CONFECTIONERY
LFS,118514,0,"FOOD CUPBOARD",CONFECTIONERY
LFS,118515,0,"FOOD CUPBOARD",CONFECTIONERY
LFS,118516,0,"FOOD CUPBOARD",CONFECTIONERY
LFS,118517,0,"FOOD CUPBOARD",CONFECTIONERY
LFS,118518,0,"FOOD CUPBOARD",CONFECTIONERY
LFS,118519,0,"FOOD CUPBOARD",CONFECTIONERY
LFS,118521,0,"FOOD CUPBOARD",CONFECTIONERY
LFS,118554,0,"HOME AND PERSONAL CARE",FRESHENERS
LFS,139494,0,"FOOD CUPBOARD","SPREADS AND TOPPING"
LFS,139497,0,"FOOD CUPBOARD","BREAKFAST CEREALS"
LFS,139498,0,"FOOD CUPBOARD",SOUKS
LFS,139503,0,"FOOD CUPBOARD","MILK AND CREAMERS"
LFS,139506,0,"FOOD CUPBOARD",SNACKS
LFS,139509,0,"FOOD CUPBOARD","CANNED FOOD"
LFS,139524,0,"FRESH DAIRY AND EGGS",Yoghurt
LFS,139534,0,"FOOD CUPBOARD",SOUKS
LFS,139536,0,"FRESH DAIRY AND EGGS",cheeses
LFS,139539,0,"FRESH DAIRY AND EGGS",cheeses
LFS,139540,0,"FRESH DAIRY AND EGGS",cheeses
LFS,134434,0,"FOOD CUPBOARD",SNACKS
LFS,134435,0,"FOOD CUPBOARD",SNACKS
LFS,134436,0,"FOOD CUPBOARD",SNACKS
LFS,134437,0,"FOOD CUPBOARD",SNACKS
LFS,134438,0,"FOOD CUPBOARD",SNACKS
LFS,134439,0,"FOOD CUPBOARD",SNACKS
LFS,134440,0,"FOOD CUPBOARD",SNACKS
LFS,134441,0,"FOOD CUPBOARD",SNACKS
LFS,134442,0,"FOOD CUPBOARD",SNACKS
LFS,134443,0,"FOOD CUPBOARD",SNACKS
LFS,134444,0,"FOOD CUPBOARD",SNACKS
LFS,136186,0,"BEVERAGES ALCOHOLIC",WHISKEY
LFS,13620,0,"BEVERAGES ALCOHOLIC",TEQUILA
LFS,136228,0,"FROZEN FOOD",CHEESE
LFS,136245,0,"FROZEN FOOD",BEEF
LFS,136248,0,"FROZEN FOOD",DESSERT
LFS,136292,0,"FRUITS- IMPORT",VEGETABLES.
LFS,137821,0,"HOME AND PERSONAL CARE","PET CARE"
LFS,137843,0,"HOME AND PERSONAL CARE","PET CARE"
LFS,137847,0,"FOOD CUPBOARD",CONFECTIONERY
LFS,137991,0,"FOOD CUPBOARD","BREAKFAST CEREALS"
LFS,138023,0,"HOME AND PERSONAL CARE","PET CARE"
LFS,138028,0,"FOOD CUPBOARD","SPREADS AND TOPPING"
LFS,13955,0,"FOOD CUPBOARD","CANNED FOOD"
LFS,139552,0,"FRESH DAIRY AND EGGS",cheeses
LFS,139553,0,"FRESH DAIRY AND EGGS",cheeses
LFS,139567,0,"FRUITS- IMPORT",Fruits
LFS,139578,0,"BEVERAGES ALCOHOLIC","GIN ."
LFS,139579,0,"BEVERAGES ALCOHOLIC","GIN ."
LFS,139647,0,"BEVERAGES ALCOHOLIC",WINES
LFS,139652,0,"FOOD CUPBOARD","NOODLES AND SOUP"
LFS,139654,0,"FOOD CUPBOARD","NOODLES AND SOUP"
LFS,139655,0,"FOOD CUPBOARD","NOODLES AND SOUP"
LFS,139660,0,"BEVERAGES ALCOHOLIC",WINES
LFS,139666,0,"FOOD CUPBOARD","PASTA AND SPAGHETTI"
LFS,139682,0,"FOOD CUPBOARD",BISCUITS
LFS,139701,0,"FOOD CUPBOARD",SNACKS
LFS,134480,0,"HOME AND PERSONAL CARE","HOUSEHOLD CLEANERS"
LFS,134481,0,"HOME AND PERSONAL CARE","HOUSEHOLD CLEANERS"
LFS,134495,0,"FOOD CUPBOARD","BREAKFAST CEREALS"
LFS,134496,0,"FOOD CUPBOARD","SALT  SUGAR AND JAGGERY"
LFS,134497,0,"FOOD CUPBOARD",BISCUITS
LFS,134501,0,"FOOD CUPBOARD",BISCUITS
LFS,134506,0,BEVERAGES,DRINKS
LFS,134508,0,BEVERAGES,DRINKS
LFS,136300,0,"FRUITS- IMPORT",VEGETABLES.
LFS,136365,0,"FRUITS- IMPORT",VEGETABLES.
LFS,136374,0,"FRESH DAIRY AND EGGS",cheeses
LFS,136376,0,"FRESH DAIRY AND EGGS",cheeses
LFS,136381,0,"HOME AND PERSONAL CARE","HEALTH AND WELLNESS"
LFS,136429,0,"FOOD CUPBOARD","CANNED FOOD"
LFS,138046,0,"HOME AND PERSONAL CARE","HOUSEHOLD CLEANERS"
LFS,138048,0,"HOME AND PERSONAL CARE","HOUSEHOLD CLEANERS"
LFS,138059,0,"HOME AND PERSONAL CARE","PET CARE"
LFS,138152,0,"FRUITS- IMPORT",Fruits
LFS,138193,0,"FOOD CUPBOARD","SPREADS AND TOPPING"
LFS,138194,0,"FOOD CUPBOARD","SPREADS AND TOPPING"
LFS,138195,0,"FOOD CUPBOARD","SPREADS AND TOPPING"
LFS,138196,0,"FOOD CUPBOARD","SPREADS AND TOPPING"
LFS,138211,0,"HOME AND PERSONAL CARE","PET CARE"
LFS,138212,0,"HOME AND PERSONAL CARE","PET CARE"
LFS,138213,0,"HOME AND PERSONAL CARE","PET CARE"
LFS,138214,0,"FOOD CUPBOARD",BISCUITS
LFS,139702,0,"FOOD CUPBOARD",SNACKS
LFS,139730,0,"FOOD CUPBOARD",CONFECTIONERY
LFS,139779,0,"FROZEN FOOD",CHEESE
LFS,139796,0,"FROZEN FOOD",CHEESE
LFS,139816,0,"FRESH DAIRY AND EGGS",DELI
LFS,139829,0,"FRESH DAIRY AND EGGS",DELI
LFS,139836,0,"FROZEN FOOD",CHEESE
LFS,139839,0,"FRESH DAIRY AND EGGS",DELI
LFS,139854,0,"FROZEN FOOD",CHEESE
LFS,139855,0,"FROZEN FOOD",CHEESE
LFS,134511,0,BEVERAGES,DRINKS
LFS,134522,0,"FOOD CUPBOARD",CONFECTIONERY
LFS,134582,0,"HOME AND PERSONAL CARE","PET CARE"
LFS,134583,0,"HOME AND PERSONAL CARE","PET CARE"
LFS,136635,0,"FRESH DAIRY AND EGGS",cheeses
LFS,136636,0,"FRESH DAIRY AND EGGS",cheeses
LFS,136637,0,"FRESH DAIRY AND EGGS",cheeses
LFS,136639,0,"FRESH DAIRY AND EGGS",cheeses
LFS,136640,0,"FRESH DAIRY AND EGGS",cheeses
LFS,136645,0,"FRESH DAIRY AND EGGS",cheeses
LFS,136646,0,"FRESH DAIRY AND EGGS",cheeses
LFS,136647,0,"FRESH DAIRY AND EGGS",cheeses
LFS,136648,0,"FRESH DAIRY AND EGGS",cheeses
LFS,136649,0,"FRESH DAIRY AND EGGS",cheeses
LFS,136654,0,"FRESH DAIRY AND EGGS",cheeses
LFS,136656,0,"FRESH DAIRY AND EGGS",cheeses
LFS,138216,0,"HOME AND PERSONAL CARE","PET CARE"
LFS,138218,0,"HOME AND PERSONAL CARE","PET CARE"
LFS,138221,0,"HOME AND PERSONAL CARE","PET CARE"
LFS,138224,0,"HOME AND PERSONAL CARE","PET CARE"
LFS,138225,0,"HOME AND PERSONAL CARE","PET CARE"
LFS,138230,0,"HOME AND PERSONAL CARE","PET CARE"
LFS,138231,0,"FOOD CUPBOARD","BREAKFAST CEREALS"
LFS,138232,0,"FOOD CUPBOARD",SNACKS
LFS,138233,0,"FOOD CUPBOARD",SNACKS
LFS,138235,0,"FOOD CUPBOARD",SNACKS
LFS,138236,0,"FOOD CUPBOARD",SNACKS
LFS,138238,0,"HOME AND PERSONAL CARE","PET CARE"
LFS,138264,0,"HOME AND PERSONAL CARE","PET CARE"
LFS,138265,0,"HOME AND PERSONAL CARE","PET CARE"
LFS,138266,0,"HOME AND PERSONAL CARE","PET CARE"
LFS,138267,0,"HOME AND PERSONAL CARE","PET CARE"
LFS,138282,0,"HOME AND PERSONAL CARE","PET CARE"
LFS,138289,0,"HOME AND PERSONAL CARE","PET CARE"
LFS,131565,0,"FOOD CUPBOARD","BREAKFAST CEREALS"
LFS,131576,0,"FRESH DAIRY AND EGGS","Deli Pork"
LFS,131577,0,"FRESH DAIRY AND EGGS","Deli Pork"
LFS,131578,0,"FOOD CUPBOARD",CONFECTIONERY
LFS,131581,0,"FRESH DAIRY AND EGGS",Yoghurt
LFS,131582,0,"FRUITS- IMPORT",Fruits
LFS,131584,0,"FRESH DAIRY AND EGGS",DELI
LFS,131590,0,"FRESH DAIRY AND EGGS","Deli Turkey"
LFS,131608,0,"FRESH DAIRY AND EGGS",DELI
LFS,131610,0,"FRESH DAIRY AND EGGS",DELI
LFS,131657,0,"FRESH DAIRY AND EGGS",DELI
LFS,131687,0,"FOOD CUPBOARD","CANNED FOOD"
LFS,131724,0,"FRUITS- IMPORT",Fruits
LFS,134585,0,"HOME AND PERSONAL CARE","PET CARE"
LFS,134594,0,"HOME AND PERSONAL CARE","PET CARE"
LFS,134596,0,"HOME AND PERSONAL CARE","PET CARE"
LFS,134597,0,"HOME AND PERSONAL CARE","PET CARE"
LFS,134602,0,"HOME AND PERSONAL CARE","PET CARE"
LFS,134607,0,"HOME AND PERSONAL CARE","PET CARE"
LFS,134626,0,"HOME AND PERSONAL CARE","PET CARE"
LFS,134631,0,"HOME AND PERSONAL CARE","PET CARE"
LFS,134632,0,"HOME AND PERSONAL CARE","PET CARE"
LFS,134634,0,"HOME AND PERSONAL CARE","PET CARE"
LFS,134635,0,"HOME AND PERSONAL CARE","PET CARE"
LFS,136661,0,"FRESH DAIRY AND EGGS",cheeses
LFS,136663,0,"FRESH DAIRY AND EGGS",cheeses
LFS,136674,0,"FROZEN FOOD","FROZEN SNACKS - VEG"
LFS,136695,0,"FRESH DAIRY AND EGGS",cheeses
LFS,136725,0,"HOME AND PERSONAL CARE",DISPOSABLE
LFS,136726,0,"HOME AND PERSONAL CARE",DISPOSABLE
LFS,136764,0,"FOOD CUPBOARD",CONFECTIONERY
LFS,136768,0,"HOME AND PERSONAL CARE",DISPOSABLE
LFS,136776,0,"FRESH DAIRY AND EGGS",cheeses
LFS,136777,0,"FRESH DAIRY AND EGGS",cheeses
LFS,136779,0,"FRESH DAIRY AND EGGS",cheeses
LFS,138300,0,"HOME AND PERSONAL CARE","PET CARE"
LFS,138309,0,"HOME AND PERSONAL CARE","PET CARE"
LFS,138317,0,"FRESH DAIRY AND EGGS",Yoghurt
LFS,138328,0,"FRESH DAIRY AND EGGS",cheeses
LFS,138331,0,"FRESH DAIRY AND EGGS",Yoghurt
LFS,138349,0,"FOOD CUPBOARD","MILK AND CREAMERS"
LFS,138357,0,BAKERY,BREADS
LFS,138362,0,BEVERAGES,TEA
LFS,138363,0,BEVERAGES,TEA
LFS,131791,0,"FRESH DAIRY AND EGGS",DELI
LFS,131794,0,"FRUITS- IMPORT",Fruits
LFS,131795,0,"FRUITS- IMPORT",Fruits
LFS,131823,0,BUTCHERY,"FRESH PORK"
LFS,131825,0,BUTCHERY,"FRESH PORK"
LFS,131897,0,"HOME AND PERSONAL CARE","HOUSEHOLD CLEANERS"
LFS,131899,0,"HOME AND PERSONAL CARE","HOUSEHOLD CLEANERS"
LFS,13203,0,"FOOD CUPBOARD","SALT  SUGAR AND JAGGERY"
LFS,13204,0,"FOOD CUPBOARD","SALT  SUGAR AND JAGGERY"
LFS,13207,0,"FOOD CUPBOARD","SPREADS AND TOPPING"
LFS,134637,0,"HOME AND PERSONAL CARE","PET CARE"
LFS,134641,0,"HOME AND PERSONAL CARE","PET CARE"
LFS,134659,0,"FOOD CUPBOARD",BISCUITS
LFS,134663,0,"HOME AND PERSONAL CARE","PET CARE"
LFS,134665,0,"HOME AND PERSONAL CARE","PET CARE"
LFS,134674,0,"HOME AND PERSONAL CARE","PET CARE"
LFS,134693,0,"HOME AND PERSONAL CARE","PET CARE"
LFS,134695,0,"HOME AND PERSONAL CARE","PET CARE"
LFS,134702,0,"FOOD CUPBOARD","BREAKFAST CEREALS"
LFS,134709,0,"FRESH DAIRY AND EGGS",DELI
LFS,13476,0,"FOOD CUPBOARD","RAW RICE"
LFS,134764,0,"HOME AND PERSONAL CARE","HOUSEHOLD CLEANERS"
LFS,134777,0,BEVERAGES,DRINKS
LFS,136794,0,"FRESH DAIRY AND EGGS",cheeses
LFS,136798,0,"FRESH DAIRY AND EGGS",Yoghurt
LFS,136800,0,"FRESH DAIRY AND EGGS",Yoghurt
LFS,136824,0,"FRESH DAIRY AND EGGS","Deli Fish"
LFS,136828,0,"FOOD CUPBOARD",SAVOURIES
LFS,136866,0,"FOOD CUPBOARD","BREAKFAST CEREALS"
LFS,136869,0,"FROZEN FOOD",PIZZA
LFS,138366,0,BEVERAGES,TEA
LFS,138369,0,BEVERAGES,TEA
LFS,138370,0,BEVERAGES,TEA
LFS,138371,0,BEVERAGES,TEA
LFS,138382,0,"FRESH DAIRY AND EGGS",DELI
LFS,138383,0,"FRESH DAIRY AND EGGS",DELI
LFS,138385,0,"FRESH DAIRY AND EGGS",DELI
LFS,138386,0,"FRESH DAIRY AND EGGS",DELI
LFS,138389,0,"FRESH DAIRY AND EGGS",DELI
LFS,138390,0,"FRESH DAIRY AND EGGS",DELI
LFS,138404,0,"FRESH DAIRY AND EGGS",DELI
LFS,138445,0,"FOOD CUPBOARD","NOODLES AND SOUP"
LFS,138456,0,"FRESH DAIRY AND EGGS",cheeses
LFS,138461,0,"HOME AND PERSONAL CARE","INSECTICIDES AND RODENT CONTROL"
LFS,132079,0,"HOME AND PERSONAL CARE","LAUNDRY CARE"
LFS,132081,0,"FRUITS- IMPORT",VEGETABLES.
LFS,132083,0,"FRUITS- IMPORT",VEGETABLES.
LFS,132084,0,"FRUITS- IMPORT",VEGETABLES.
LFS,132165,0,BAKERY,BREADS
LFS,132166,0,"FRUITS- IMPORT",Fruits
LFS,132173,0,"FRESH DAIRY AND EGGS",cheeses
LFS,132296,0,"HOME AND PERSONAL CARE",FRESHENERS
LFS,134797,0,"FOOD CUPBOARD","DRYFRUITS AND NUTS"
LFS,134805,0,"HOME AND PERSONAL CARE","PET CARE"
LFS,134812,0,"HOME AND PERSONAL CARE","PET CARE"
LFS,134813,0,"HOME AND PERSONAL CARE","PET CARE"
LFS,134814,0,"HOME AND PERSONAL CARE","PET CARE"
LFS,134819,0,"HOME AND PERSONAL CARE","PET CARE"
LFS,134822,0,"HOME AND PERSONAL CARE","PET CARE"
LFS,134829,0,BEVERAGES,DRINKS
LFS,134832,0,"FOOD CUPBOARD",BISCUITS
LFS,136875,0,"HOME AND PERSONAL CARE",FRESHENERS
LFS,136876,0,"HOME AND PERSONAL CARE",DISPOSABLE
LFS,136885,0,"FRESH DAIRY AND EGGS",cheeses
LFS,136890,0,"FROZEN FOOD",VEGETABLE
LFS,136917,0,"BEVERAGES ALCOHOLIC",WINES
LFS,136918,0,"BEVERAGES ALCOHOLIC",WINES
LFS,136919,0,"BEVERAGES ALCOHOLIC",WINES
LFS,136920,0,"BEVERAGES ALCOHOLIC",WINES
LFS,136921,0,"BEVERAGES ALCOHOLIC",WINES
LFS,136927,0,"FROZEN FOOD","WHIPPING CREAM"
LFS,136928,0,"FROZEN FOOD","WHIPPING CREAM"
LFS,136930,0,"FROZEN FOOD",VEGETABLE
LFS,136931,0,"HOME AND PERSONAL CARE","HEALTH AND WELLNESS"
LFS,136978,0,"FRUITS- IMPORT",VEGETABLES.
LFS,136995,0,"FOOD CUPBOARD","MILK AND CREAMERS"
LFS,137006,0,"FOOD CUPBOARD","MILK AND CREAMERS"
LFS,138463,0,"HOME AND PERSONAL CARE","INSECTICIDES AND RODENT CONTROL"
LFS,138464,0,"HOME AND PERSONAL CARE","INSECTICIDES AND RODENT CONTROL"
LFS,138516,0,BEVERAGES,"NON ALCOHOLIC"
LFS,138575,0,"HOME AND PERSONAL CARE","PERSONAL WASH"
LFS,138578,0,"FOOD CUPBOARD",BISCUITS
LFS,138580,0,"FOOD CUPBOARD",BISCUITS
LFS,132350,0,BEVERAGES,JUICE
LFS,132490,0,"FRUITS- IMPORT",VEGETABLES.
LFS,132491,0,"FRUITS- IMPORT",VEGETABLES.
LFS,132492,0,"FRUITS- IMPORT",VEGETABLES.
LFS,132813,0,"FOOD CUPBOARD","BREAKFAST CEREALS"
LFS,132816,0,"FOOD CUPBOARD","CANNED FOOD"
LFS,132830,0,"FROZEN FOOD",CHEESE
LFS,132833,0,"FRESH DAIRY AND EGGS",DELI
LFS,132839,0,"FRESH DAIRY AND EGGS",DELI
LFS,134855,0,"HOME AND PERSONAL CARE","INFANT AND BABY CARE"
LFS,13487,0,"FOOD CUPBOARD",SNACKS
LFS,134883,0,"BEVERAGES ALCOHOLIC",WHISKEY
LFS,134888,0,"BEVERAGES ALCOHOLIC","GIN ."
LFS,134896,0,"BEVERAGES ALCOHOLIC",WHISKEY
LFS,134898,0,BEVERAGES,DRINKS
LFS,134900,0,"BEVERAGES ALCOHOLIC","BOTTLE BEER"
LFS,134901,0,"BEVERAGES ALCOHOLIC","BOTTLE BEER"
LFS,137007,0,"HOME AND PERSONAL CARE","ORAL CARE"
LFS,137008,0,"FOOD CUPBOARD","MILK AND CREAMERS"
LFS,137058,0,"BEVERAGES ALCOHOLIC",WHISKEY
LFS,137060,0,"FRUITS- IMPORT",Fruits
LFS,137062,0,"HOME AND PERSONAL CARE",FRAGRANCES
LFS,137063,0,"HOME AND PERSONAL CARE",FRAGRANCES
LFS,137065,0,"HOME AND PERSONAL CARE",FRAGRANCES
LFS,137067,0,"HOME AND PERSONAL CARE","PERSONAL WASH"
LFS,137068,0,"HOME AND PERSONAL CARE","PERSONAL WASH"
LFS,137069,0,"HOME AND PERSONAL CARE","PERSONAL WASH"
LFS,137071,0,"HOME AND PERSONAL CARE",FRAGRANCES
LFS,138587,0,"FOOD CUPBOARD",BISCUITS
LFS,138591,0,"FOOD CUPBOARD",BISCUITS
LFS,138593,0,"FOOD CUPBOARD",BISCUITS
LFS,138595,0,"FOOD CUPBOARD",BISCUITS
LFS,138596,0,"FOOD CUPBOARD",BISCUITS
LFS,138606,0,"FOOD CUPBOARD",BISCUITS
LFS,138607,0,"FOOD CUPBOARD",BISCUITS
LFS,138609,0,"FOOD CUPBOARD",BISCUITS
LFS,138610,0,"FOOD CUPBOARD",BISCUITS
LFS,138613,0,BUTCHERY,"EXOTIC SEAFOOD"
LFS,132842,0,"FRESH DAIRY AND EGGS",DELI
LFS,132845,0,"FRESH DAIRY AND EGGS",DELI
LFS,132855,0,"FRESH DAIRY AND EGGS",cheeses
LFS,132864,0,"FRESH DAIRY AND EGGS",DELI
LFS,132872,0,"FRESH DAIRY AND EGGS",cheeses
LFS,132879,0,"FRESH DAIRY AND EGGS",DELI
LFS,132903,0,"FRESH DAIRY AND EGGS",DELI
LFS,133050,0,"FOOD CUPBOARD",BISCUITS
LFS,133051,0,"FOOD CUPBOARD",BISCUITS
LFS,133052,0,"FOOD CUPBOARD",BISCUITS
LFS,133053,0,"FOOD CUPBOARD","SPREADS AND TOPPING"
LFS,133054,0,"FOOD CUPBOARD","SPREADS AND TOPPING"
LFS,133055,0,"FOOD CUPBOARD","SPREADS AND TOPPING"
LFS,133056,0,"FOOD CUPBOARD","SPREADS AND TOPPING"
LFS,133057,0,"FOOD CUPBOARD","SPREADS AND TOPPING"
LFS,134903,0,"BEVERAGES ALCOHOLIC","BOTTLE BEER"
LFS,134904,0,"BEVERAGES ALCOHOLIC","BOTTLE BEER"
LFS,134909,0,BEVERAGES,DRINKS
LFS,134923,0,"FOOD CUPBOARD",SNACKS
LFS,134926,0,"BEVERAGES ALCOHOLIC",LIQUER
LFS,134940,0,"HOME AND PERSONAL CARE","HAIR CARE"
LFS,137073,0,"HOME AND PERSONAL CARE","SKIN CARE"
LFS,137074,0,"HOME AND PERSONAL CARE","SKIN CARE"
LFS,137075,0,"HOME AND PERSONAL CARE","SKIN CARE"
LFS,137076,0,"HOME AND PERSONAL CARE","SKIN CARE"
LFS,137081,0,"HOME AND PERSONAL CARE","SKIN CARE"
LFS,137084,0,"FRUITS- IMPORT",Fruits
LFS,137089,0,"HOME AND PERSONAL CARE","PERSONAL WASH"
LFS,137092,0,"HOME AND PERSONAL CARE","SKIN CARE"
LFS,137094,0,"HOME AND PERSONAL CARE","PERSONAL WASH"
LFS,137099,0,"HOME AND PERSONAL CARE","SKIN CARE"
LFS,137100,0,"HOME AND PERSONAL CARE","SKIN CARE"
LFS,137104,0,"FRUITS- IMPORT",Fruits
LFS,137112,0,"FRUITS- IMPORT",Fruits
LFS,13871,0,"BEVERAGES ALCOHOLIC",LIQUER
LFS,138710,0,"HOME AND PERSONAL CARE",DISPOSABLE
LFS,138718,0,"HOME AND PERSONAL CARE",DISPOSABLE
LFS,138719,0,"HOME AND PERSONAL CARE",DISPOSABLE
LFS,138722,0,"HOME AND PERSONAL CARE",DISPOSABLE
LFS,138724,0,"HOME AND PERSONAL CARE",DISPOSABLE
LFS,138725,0,"HOME AND PERSONAL CARE",DISPOSABLE
LFS,138728,0,"HOME AND PERSONAL CARE",DISPOSABLE
LFS,138794,0,"HOME AND PERSONAL CARE","INFANT AND BABY CARE"
LFS,138798,0,"HOME AND PERSONAL CARE","INFANT AND BABY CARE"
LFS,138799,0,"HOME AND PERSONAL CARE","INFANT AND BABY CARE"
LFS,138803,0,"HOME AND PERSONAL CARE","INFANT AND BABY CARE"
LFS,138804,0,"HOME AND PERSONAL CARE","INFANT AND BABY CARE"
LFS,138805,0,"HOME AND PERSONAL CARE","INFANT AND BABY CARE"
LFS,138806,0,"HOME AND PERSONAL CARE","INFANT AND BABY CARE"
LFS,138808,0,"HOME AND PERSONAL CARE","INFANT AND BABY CARE"
LFS,138809,0,"HOME AND PERSONAL CARE","INFANT AND BABY CARE"
LFS,138810,0,"HOME AND PERSONAL CARE","INFANT AND BABY CARE"
LFS,133187,0,"HOME AND PERSONAL CARE","LAUNDRY CARE"
LFS,133188,0,"HOME AND PERSONAL CARE","HOUSEHOLD CLEANERS"
LFS,133189,0,"HOME AND PERSONAL CARE","HOUSEHOLD CLEANERS"
LFS,133190,0,"HOME AND PERSONAL CARE","HOUSEHOLD CLEANERS"
LFS,133191,0,"HOME AND PERSONAL CARE",DISPOSABLE
LFS,133192,0,"HOME AND PERSONAL CARE",DISPOSABLE
LFS,133193,0,"HOME AND PERSONAL CARE",DISPOSABLE
LFS,133195,0,"HOME AND PERSONAL CARE",DISPOSABLE
LFS,133197,0,"HOME AND PERSONAL CARE","HOUSEHOLD CLEANERS"
LFS,133198,0,"HOME AND PERSONAL CARE",FRESHENERS
LFS,133199,0,"HOME AND PERSONAL CARE","HOUSEHOLD CLEANERS"
LFS,133204,0,"HOME AND PERSONAL CARE",DISPOSABLE
LFS,13497,0,"FOOD CUPBOARD","GRAINS AND PULSES"
LFS,13503,0,"FOOD CUPBOARD",SNACKS
LFS,135031,0,"FRUITS- IMPORT",VEGETABLES.
LFS,135047,0,"HOME AND PERSONAL CARE","INFANT AND BABY CARE"
LFS,135092,0,"HOME AND PERSONAL CARE","LAUNDRY CARE"
LFS,135093,0,"HOME AND PERSONAL CARE","LAUNDRY CARE"
LFS,135112,0,"HOME AND PERSONAL CARE","LAUNDRY CARE"
LFS,135113,0,"HOME AND PERSONAL CARE","LAUNDRY CARE"
LFS,137117,0,"FRUITS- IMPORT",Fruits
LFS,137121,0,"FRUITS- IMPORT",Fruits
LFS,137124,0,"BEVERAGES ALCOHOLIC",WHISKEY
LFS,137142,0,"FRESH DAIRY AND EGGS","Deli Turkey"
LFS,137144,0,"FRESH DAIRY AND EGGS",DELI
LFS,137151,0,"FRESH DAIRY AND EGGS",DELI
LFS,137155,0,"FRESH DAIRY AND EGGS",DELI
LFS,137165,0,"FRESH DAIRY AND EGGS",DELI
LFS,137168,0,"FRESH DAIRY AND EGGS",DELI
LFS,137170,0,"FRESH DAIRY AND EGGS",DELI
LFS,137172,0,"FRESH DAIRY AND EGGS",DELI
LFS,137174,0,"FRESH DAIRY AND EGGS",DELI
LFS,137177,0,"FRESH DAIRY AND EGGS",DELI
LFS,137178,0,"FRESH DAIRY AND EGGS",DELI
LFS,137179,0,"FRESH DAIRY AND EGGS",DELI
LFS,137181,0,"FRESH DAIRY AND EGGS",DELI
LFS,137183,0,"FRESH DAIRY AND EGGS",DELI
LFS,137186,0,"FRESH DAIRY AND EGGS",DELI
LFS,137189,0,"FRESH DAIRY AND EGGS",DELI
LFS,137224,0,BEVERAGES,DRINKS
LFS,137225,0,BEVERAGES,DRINKS
LFS,137226,0,BEVERAGES,DRINKS
LFS,137238,0,"FOOD CUPBOARD","BREAKFAST CEREALS"
LFS,138812,0,"HOME AND PERSONAL CARE","INFANT AND BABY CARE"
LFS,138813,0,"HOME AND PERSONAL CARE","INFANT AND BABY CARE"
LFS,13882,0,"FOOD CUPBOARD","BREAKFAST CEREALS"
LFS,138920,0,"HOME AND PERSONAL CARE","PERSONAL WASH"
LFS,138921,0,"HOME AND PERSONAL CARE","PERSONAL WASH"
LFS,138922,0,"HOME AND PERSONAL CARE","PERSONAL WASH"
LFS,138924,0,"HOME AND PERSONAL CARE","PERSONAL WASH"
LFS,138925,0,"HOME AND PERSONAL CARE","PERSONAL WASH"
LFS,138926,0,"HOME AND PERSONAL CARE","PERSONAL WASH"
LFS,138928,0,"HOME AND PERSONAL CARE","PERSONAL WASH"
LFS,138932,0,"HOME AND PERSONAL CARE","PERSONAL WASH"
LFS,138949,0,"BEVERAGES ALCOHOLIC",WINES
LFS,138950,0,"BEVERAGES ALCOHOLIC",WINES
LFS,138952,0,"BEVERAGES ALCOHOLIC",WINES
LFS,133206,0,"HOME AND PERSONAL CARE","HOUSEHOLD CLEANERS"
LFS,133207,0,"HOME AND PERSONAL CARE","LAUNDRY CARE"
LFS,133208,0,"HOME AND PERSONAL CARE","LAUNDRY CARE"
LFS,133212,0,"HOME AND PERSONAL CARE","PERSONAL WASH"
LFS,133213,0,"HOME AND PERSONAL CARE","HOUSEHOLD CLEANERS"
LFS,13333,0,"HOME AND PERSONAL CARE",FRAGRANCES
LFS,13515,0,"FOOD CUPBOARD","GRAINS AND PULSES"
LFS,13520,0,"FOOD CUPBOARD","GRAINS AND PULSES"
LFS,135225,0,"FOOD CUPBOARD",CONFECTIONERY
LFS,135229,0,"FOOD CUPBOARD",BISCUITS
LFS,13525,0,"FOOD CUPBOARD","BREAKFAST CEREALS"
LFS,135284,0,"HOME AND PERSONAL CARE","PERSONAL WASH"
LFS,135285,0,"HOME AND PERSONAL CARE","PERSONAL WASH"
LFS,13529,0,"FOOD CUPBOARD","EDIBLE OILS AND GHEE"
LFS,137260,0,"FOOD CUPBOARD",CONFECTIONERY
LFS,137261,0,"FOOD CUPBOARD",CONFECTIONERY
LFS,137263,0,"FOOD CUPBOARD",CONFECTIONERY
LFS,137264,0,"FOOD CUPBOARD",CONFECTIONERY
LFS,137265,0,"FOOD CUPBOARD",CONFECTIONERY
LFS,137266,0,"FOOD CUPBOARD",CONFECTIONERY
LFS,137267,0,"FOOD CUPBOARD",CONFECTIONERY
LFS,137268,0,"FOOD CUPBOARD",CONFECTIONERY
LFS,137269,0,"FOOD CUPBOARD",CONFECTIONERY
LFS,137272,0,"FOOD CUPBOARD",CONFECTIONERY
LFS,137273,0,"FOOD CUPBOARD",CONFECTIONERY
LFS,137274,0,"FOOD CUPBOARD",CONFECTIONERY
LFS,137275,0,"FOOD CUPBOARD",CONFECTIONERY
LFS,137276,0,"FOOD CUPBOARD",CONFECTIONERY
LFS,137277,0,"FOOD CUPBOARD",CONFECTIONERY
LFS,138957,0,"BEVERAGES ALCOHOLIC",RHUM
LFS,138958,0,"BEVERAGES ALCOHOLIC",RHUM
LFS,138962,0,"HOME AND PERSONAL CARE","PERSONAL WASH"
LFS,138987,0,"HOME AND PERSONAL CARE","HOUSEHOLD CLEANERS"
LFS,139000,0,"FOOD CUPBOARD",CONFECTIONERY
LFS,139004,0,"FOOD CUPBOARD",CONFECTIONERY
LFS,139006,0,"FOOD CUPBOARD",CONFECTIONERY
LFS,139017,0,"FOOD CUPBOARD",CONFECTIONERY
LFS,139020,0,"FOOD CUPBOARD","SPREADS AND TOPPING"
LFS,133381,0,"FOOD CUPBOARD",BISCUITS
LFS,133382,0,"FOOD CUPBOARD",BISCUITS
LFS,133384,0,"FOOD CUPBOARD",BISCUITS
LFS,133399,0,"FRUITS- IMPORT",VEGETABLES.
LFS,133402,0,"FRUITS- IMPORT",VEGETABLES.
LFS,133416,0,"FRUITS- IMPORT",VEGETABLES.
LFS,13373,0,"HOME AND PERSONAL CARE","FEMININE CARE"
LFS,135327,0,"HOME AND PERSONAL CARE","LAUNDRY CARE"
LFS,135328,0,"HOME AND PERSONAL CARE","LAUNDRY CARE"
LFS,135331,0,"HOME AND PERSONAL CARE","PERSONAL WASH"
LFS,135332,0,"HOME AND PERSONAL CARE","PERSONAL WASH"
LFS,135338,0,"HOME AND PERSONAL CARE","HEALTH AND WELLNESS"
LFS,135340,0,"HOME AND PERSONAL CARE","PERSONAL WASH"
LFS,135341,0,"HOME AND PERSONAL CARE","PERSONAL WASH"
LFS,135342,0,"HOME AND PERSONAL CARE","HOUSEHOLD CLEANERS"
LFS,135343,0,"HOME AND PERSONAL CARE","PERSONAL WASH"
LFS,135344,0,"HOME AND PERSONAL CARE","LAUNDRY CARE"
LFS,135347,0,"HOME AND PERSONAL CARE","PERSONAL WASH"
LFS,135351,0,"BEVERAGES ALCOHOLIC",RHUM
LFS,135388,0,BUTCHERY,SAUCE
LFS,135395,0,"FRUITS- IMPORT",Fruits
LFS,135396,0,"FRUITS- IMPORT",Fruits
LFS,137336,0,"FRESH DAIRY AND EGGS",DELI
LFS,137338,0,"FRESH DAIRY AND EGGS",DELI
LFS,137339,0,"FRESH DAIRY AND EGGS","Deli Pork"
LFS,137341,0,"FRESH DAIRY AND EGGS","Deli Pork"
LFS,137343,0,"FRESH DAIRY AND EGGS","Deli Pork"
LFS,137346,0,"FRESH DAIRY AND EGGS","Deli Fish"
LFS,137442,0,"FOOD CUPBOARD","BREAKFAST CEREALS"
LFS,137470,0,"FRUITS- IMPORT",Fruits
LFS,139079,0,"HOME AND PERSONAL CARE","PERSONAL WASH"
LFS,139088,0,BEVERAGES,DRINKS
LFS,139105,0,"FOOD CUPBOARD",CONFECTIONERY
LFS,139114,0,"FOOD CUPBOARD",CONFECTIONERY
LFS,133789,0,"BEVERAGES ALCOHOLIC",WINES
LFS,133790,0,"BEVERAGES ALCOHOLIC",WINES
LFS,133792,0,"BEVERAGES ALCOHOLIC",WINES
LFS,133793,0,"BEVERAGES ALCOHOLIC",WINES
LFS,133794,0,"BEVERAGES ALCOHOLIC",WINES
LFS,133796,0,"BEVERAGES ALCOHOLIC",BITTERS
LFS,133912,0,"FROZEN FOOD",BUTTER
LFS,133927,0,"FOOD CUPBOARD","BREAKFAST CEREALS"
LFS,133932,0,"FOOD CUPBOARD","BREAKFAST CEREALS"
LFS,133935,0,"FOOD CUPBOARD","BREAKFAST CEREALS"
LFS,133936,0,"FOOD CUPBOARD","BREAKFAST CEREALS"
LFS,133951,0,"FRUITS- IMPORT",VEGETABLES.
LFS,133952,0,"FRUITS- IMPORT",VEGETABLES.
LFS,133959,0,BEVERAGES,TEA
LFS,135435,0,"HOME AND PERSONAL CARE","HOUSEHOLD CLEANERS"
LFS,135733,0,"HOME AND PERSONAL CARE",DISPOSABLE
LFS,135741,0,"FOOD CUPBOARD","PASTA AND SPAGHETTI"
LFS,135744,0,"FOOD CUPBOARD","PASTA AND SPAGHETTI"
LFS,135746,0,"FOOD CUPBOARD","PASTA AND SPAGHETTI"
LFS,135747,0,"FOOD CUPBOARD","PASTA AND SPAGHETTI"
LFS,13578,0,"HOME AND PERSONAL CARE",FRAGRANCES
LFS,137473,0,"HOME AND PERSONAL CARE","PET CARE"
LFS,137477,0,"HOME AND PERSONAL CARE","INFANT AND BABY CARE"
LFS,137486,0,"HOME AND PERSONAL CARE","INFANT AND BABY CARE"
LFS,137489,0,"HOME AND PERSONAL CARE","INFANT AND BABY CARE"
LFS,137490,0,"HOME AND PERSONAL CARE","INFANT AND BABY CARE"
LFS,137491,0,"HOME AND PERSONAL CARE","INFANT AND BABY CARE"
LFS,137492,0,"HOME AND PERSONAL CARE","INFANT AND BABY CARE"
LFS,137493,0,"HOME AND PERSONAL CARE","INFANT AND BABY CARE"
LFS,137495,0,"HOME AND PERSONAL CARE","INFANT AND BABY CARE"
LFS,137496,0,"HOME AND PERSONAL CARE","INFANT AND BABY CARE"
LFS,137497,0,"HOME AND PERSONAL CARE","INFANT AND BABY CARE"
LFS,137498,0,"HOME AND PERSONAL CARE","INFANT AND BABY CARE"
LFS,137500,0,"HOME AND PERSONAL CARE","PET CARE"
LFS,137523,0,"FRESH DAIRY AND EGGS","Farm Eggs"
LFS,137524,0,"FRESH DAIRY AND EGGS","Farm Eggs"
LFS,137526,0,"FRESH DAIRY AND EGGS","Farm Eggs"
LFS,137531,0,"BEVERAGES ALCOHOLIC",WHISKEY
LFS,137532,0,"BEVERAGES ALCOHOLIC",WHISKEY
LFS,139161,0,"FOOD CUPBOARD","CANNED FOOD"
LFS,139193,0,"FRUITS- IMPORT",VEGETABLES.
LFS,139203,0,"HOME AND PERSONAL CARE","PET CARE"
LFS,139242,0,"FRESH DAIRY AND EGGS","Deli Pork"
LFS,139248,0,"FOOD CUPBOARD","HONEY  JAM AND MARMALADE"
LFS,139249,0,"FOOD CUPBOARD","HONEY  JAM AND MARMALADE"
LFS,139250,0,"FOOD CUPBOARD","HONEY  JAM AND MARMALADE"
LFS,133963,0,BEVERAGES,TEA
LFS,133967,0,BUTCHERY,SAUCE
LFS,133968,0,"FRUITS- IMPORT",Fruits
LFS,133971,0,"BEVERAGES ALCOHOLIC",CIDER
LFS,133972,0,"BEVERAGES ALCOHOLIC",CIDER
LFS,134089,0,"HOME AND PERSONAL CARE",DISPOSABLE
LFS,134090,0,"HOME AND PERSONAL CARE",DISPOSABLE
LFS,134091,0,"HOME AND PERSONAL CARE",DISPOSABLE
LFS,134092,0,"HOME AND PERSONAL CARE",DISPOSABLE
LFS,134093,0,"HOME AND PERSONAL CARE","FEMININE CARE"
LFS,134094,0,"HOME AND PERSONAL CARE","FEMININE CARE"
LFS,134095,0,"HOME AND PERSONAL CARE","FEMININE CARE"
LFS,134096,0,"HOME AND PERSONAL CARE","FEMININE CARE"
LFS,134119,0,"HOME AND PERSONAL CARE","SKIN CARE"
LFS,134120,0,"HOME AND PERSONAL CARE","HAIR CARE"
LFS,134121,0,"HOME AND PERSONAL CARE",FRAGRANCES
LFS,134122,0,"HOME AND PERSONAL CARE",FRAGRANCES
LFS,134127,0,"HOME AND PERSONAL CARE",FRAGRANCES
LFS,134128,0,"HOME AND PERSONAL CARE",FRAGRANCES
LFS,134133,0,"FOOD CUPBOARD",CONFECTIONERY
LFS,135843,0,"FOOD CUPBOARD",CONFECTIONERY
LFS,135845,0,"FOOD CUPBOARD",CONFECTIONERY
LFS,135846,0,"FOOD CUPBOARD",CONFECTIONERY
LFS,135848,0,"FOOD CUPBOARD",CONFECTIONERY
LFS,135849,0,"FOOD CUPBOARD",CONFECTIONERY
LFS,135850,0,"FOOD CUPBOARD",CONFECTIONERY
LFS,135852,0,"FOOD CUPBOARD",CONFECTIONERY
LFS,135857,0,"FOOD CUPBOARD",CONFECTIONERY
LFS,135860,0,"FOOD CUPBOARD",CONFECTIONERY
LFS,13587,0,"FOOD CUPBOARD","SPREADS AND TOPPING"
LFS,135933,0,"FRUITS- IMPORT",VEGETABLES.
LFS,13594,0,"HOME AND PERSONAL CARE",FRAGRANCES
LFS,135950,0,"FOOD CUPBOARD","SPICES AND HERBS"
LFS,135951,0,"FOOD CUPBOARD",CONDIMENTS
LFS,137538,0,"BEVERAGES ALCOHOLIC",WHISKEY
LFS,137539,0,"BEVERAGES ALCOHOLIC",WHISKEY
LFS,137540,0,"BEVERAGES ALCOHOLIC",WHISKEY
LFS,137542,0,"BEVERAGES ALCOHOLIC",WHISKEY
LFS,137543,0,"BEVERAGES ALCOHOLIC",WHISKEY
LFS,137544,0,"BEVERAGES ALCOHOLIC",WHISKEY
LFS,137548,0,"BEVERAGES ALCOHOLIC",TEQUILA
LFS,137549,0,"BEVERAGES ALCOHOLIC",TEQUILA
LFS,137550,0,"BEVERAGES ALCOHOLIC",TEQUILA
LFS,137551,0,"BEVERAGES ALCOHOLIC",TEQUILA
LFS,137552,0,"BEVERAGES ALCOHOLIC",TEQUILA
LFS,137553,0,"BEVERAGES ALCOHOLIC",TEQUILA
LFS,137556,0,"BEVERAGES ALCOHOLIC",RHUM
LFS,137562,0,"BEVERAGES ALCOHOLIC",RHUM
LFS,137563,0,BEVERAGES,"NON ALCOHOLIC"
LFS,137565,0,"BEVERAGES ALCOHOLIC",LIQUER
LFS,137566,0,"BEVERAGES ALCOHOLIC",LIQUER
LFS,137567,0,"BEVERAGES ALCOHOLIC",LIQUER
LFS,137571,0,"FROZEN FOOD",CHICKEN
LFS,137579,0,"FOOD CUPBOARD",SNACKS
LFS,139265,0,"HOME AND PERSONAL CARE",DISPOSABLE
LFS,139303,0,"FROZEN FOOD",VEGETABLE
LFS,139304,0,"FROZEN FOOD",VEGETABLE
LFS,139305,0,"FROZEN FOOD",VEGETABLE
LFS,139307,0,"FROZEN FOOD",VEGETABLE
LFS,139333,0,BUTCHERY,SEAFOOD
LFS,139339,0,"FRUITS- IMPORT",VEGETABLES.
LFS,139340,0,"FRUITS- IMPORT",VEGETABLES.
LFS,134174,0,BEVERAGES,DRINKS
LFS,134180,0,"HOME AND PERSONAL CARE","HEALTH AND WELLNESS"
LFS,134205,0,BEVERAGES,COFFEE
LFS,134208,0,"FOOD CUPBOARD","MILK AND CREAMERS"
LFS,134240,0,"HOME AND PERSONAL CARE","ORAL CARE"
LFS,134246,0,"HOME AND PERSONAL CARE","ORAL CARE"
LFS,134251,0,"HOME AND PERSONAL CARE","ORAL CARE"
LFS,134261,0,"FOOD CUPBOARD",SOUKS
LFS,135952,0,"FOOD CUPBOARD","SPICES AND HERBS"
LFS,135953,0,"FOOD CUPBOARD","SPICES AND HERBS"
LFS,135954,0,"FOOD CUPBOARD","SPICES AND HERBS"
LFS,135955,0,"FOOD CUPBOARD",CONDIMENTS
LFS,135956,0,"FOOD CUPBOARD",CONDIMENTS
LFS,135966,0,"FOOD CUPBOARD","SPICES AND HERBS"
LFS,135967,0,"FOOD CUPBOARD","SPICES AND HERBS"
LFS,13597,0,"HOME AND PERSONAL CARE",FRAGRANCES
LFS,135986,0,"FOOD CUPBOARD","SPICES AND HERBS"
LFS,137614,0,"HOME AND PERSONAL CARE","PET CARE"
LFS,137619,0,"FOOD CUPBOARD","BREAKFAST CEREALS"
LFS,137636,0,"FOOD CUPBOARD",CONFECTIONERY
LFS,137646,0,"FOOD CUPBOARD",CONFECTIONERY
LFS,137650,0,"FRESH DAIRY AND EGGS",cheeses
LFS,137653,0,"FRESH DAIRY AND EGGS","Deli Fish"
LFS,137658,0,"HOME AND PERSONAL CARE","PET CARE"
LFS,137659,0,"HOME AND PERSONAL CARE","PET CARE"
LFS,137663,0,"HOME AND PERSONAL CARE","PET CARE"
LFS,137664,0,"HOME AND PERSONAL CARE","PET CARE"
LFS,137724,0,"FOOD CUPBOARD",CONFECTIONERY
LFS,139345,0,"FRUITS- IMPORT",VEGETABLES.
LFS,139349,0,"FRUITS- IMPORT",VEGETABLES.
LFS,139351,0,"FRUITS- IMPORT",VEGETABLES.
LFS,139353,0,"FRUITS- IMPORT",VEGETABLES.
LFS,139358,0,"FRUITS- IMPORT",VEGETABLES.
LFS,139359,0,"FRUITS- IMPORT",Fruits
LFS,13936,0,"FOOD CUPBOARD",CONFECTIONERY
LFS,139360,0,"FRUITS- IMPORT",VEGETABLES.
LFS,13938,0,BEVERAGES,"DRINKING POWDERS"
LFS,139382,0,"FRUITS- IMPORT",VEGETABLES.
LFS,139390,0,BEVERAGES,JUICE
LFS,139391,0,BEVERAGES,JUICE
LFS,139393,0,BEVERAGES,JUICE
LFS,139394,0,BEVERAGES,JUICE
LFS,139396,0,BEVERAGES,JUICE
LFS,134317,0,"HOME AND PERSONAL CARE","HOUSEHOLD CLEANERS"
LFS,134320,0,"HOME AND PERSONAL CARE","FEMININE CARE"
LFS,134321,0,"HOME AND PERSONAL CARE","FEMININE CARE"
LFS,134325,0,"HOME AND PERSONAL CARE","FEMININE CARE"
LFS,134327,0,"HOME AND PERSONAL CARE","FEMININE CARE"
LFS,134332,0,"HOME AND PERSONAL CARE","HOUSEHOLD CLEANERS"
LFS,135989,0,"FOOD CUPBOARD","SPICES AND HERBS"
LFS,135997,0,"HOME AND PERSONAL CARE",FRESHENERS
LFS,135999,0,"HOME AND PERSONAL CARE",FRESHENERS
LFS,136051,0,"FROZEN FOOD",ICE-CUBES
LFS,137740,0,"FOOD CUPBOARD",SNACKS
LFS,137744,0,"FOOD CUPBOARD",BISCUITS
LFS,137752,0,BEVERAGES,DRINKS
LFS,137781,0,"HOME AND PERSONAL CARE","SKIN CARE"
LFS,137792,0,"BEVERAGES ALCOHOLIC",TEQUILA
LFS,137794,0,"FOOD CUPBOARD",SNACKS
LFS,137799,0,"BEVERAGES ALCOHOLIC",TEQUILA
LFS,137800,0,"BEVERAGES ALCOHOLIC",TEQUILA
LFS,137817,0,"FOOD CUPBOARD",BISCUITS
LFS,137819,0,"HOME AND PERSONAL CARE","PET CARE"
LFS,139397,0,BEVERAGES,JUICE
LFS,139398,0,BEVERAGES,JUICE
LFS,139399,0,BEVERAGES,JUICE
LFS,139400,0,BEVERAGES,JUICE
LFS,139401,0,BEVERAGES,JUICE
LFS,139402,0,BEVERAGES,DRINKS
LFS,139404,0,BEVERAGES,DRINKS
LFS,134350,0,BEVERAGES,COFFEE
LFS,134368,0,"FRESH DAIRY AND EGGS",DELI
LFS,134371,0,"FRESH DAIRY AND EGGS",DELI
LFS,134372,0,"FRESH DAIRY AND EGGS",DELI
LFS,134388,0,"FOOD CUPBOARD",SNACKS
LFS,134401,0,BEVERAGES,TEA
LFS,134423,0,"FOOD CUPBOARD",CONFECTIONERY
LFS,134425,0,"FOOD CUPBOARD",CONFECTIONERY
LFS,134426,0,"FOOD CUPBOARD",CONFECTIONERY
LFS,136091,0,"HOME AND PERSONAL CARE",DISPOSABLE
LFS,136093,0,"FROZEN FOOD",ICE-CREAM
LFS,136118,0,"FOOD CUPBOARD","GRAINS AND PULSES"
LFS,136120,0,"FOOD CUPBOARD","GRAINS AND PULSES"
LFS,136121,0,"FOOD CUPBOARD","GRAINS AND PULSES"
LFS,136122,0,"BEVERAGES ALCOHOLIC",WINES
LFS,13613,0,"HOME AND PERSONAL CARE","PERSONAL WASH"
LFS,136139,0,"FRUITS- IMPORT",Fruits
LFS,136151,0,"BEVERAGES ALCOHOLIC",TEQUILA
LFS,136157,0,"BEVERAGES ALCOHOLIC",WHISKEY
LFS,125870,0,"BEVERAGES ALCOHOLIC",WINES
LFS,125871,0,"BEVERAGES ALCOHOLIC",WINES
LFS,125890,0,"HOME AND PERSONAL CARE",DISPOSABLE
LFS,125978,0,"FRUITS- IMPORT",VEGETABLES.
LFS,125980,0,"FRUITS- IMPORT",VEGETABLES.
LFS,125985,0,"FRUITS- IMPORT",Fruits
LFS,126997,0,"FRUITS- IMPORT",Fruits
LFS,127020,0,"FOOD CUPBOARD","CANNED FOOD"
LFS,127031,0,BUTCHERY,SEAFOOD
LFS,127032,0,BUTCHERY,SEAFOOD
LFS,127033,0,BUTCHERY,SEAFOOD
LFS,127034,0,BUTCHERY,SEAFOOD
LFS,127046,0,"FOOD CUPBOARD","CANNED FOOD"
LFS,127064,0,"FRUITS- IMPORT",VEGETABLES.
LFS,127072,0,"FRESH DAIRY AND EGGS",DELI
LFS,127073,0,"FRESH DAIRY AND EGGS",DELI
LFS,127074,0,"FRESH DAIRY AND EGGS",DELI
LFS,127075,0,"FRESH DAIRY AND EGGS",DELI
LFS,127076,0,"FRESH DAIRY AND EGGS",DELI
LFS,127078,0,"FRESH DAIRY AND EGGS",DELI
LFS,127079,0,"FRESH DAIRY AND EGGS",DELI
LFS,127152,0,"FROZEN FOOD","FRENCH FRIES"
LFS,127194,0,BUTCHERY,SEAFOOD
LFS,127197,0,BUTCHERY,SEAFOOD
LFS,127198,0,BUTCHERY,SEAFOOD
LFS,127200,0,BUTCHERY,SEAFOOD
LFS,127203,0,BUTCHERY,SEAFOOD
LFS,127204,0,BUTCHERY,SEAFOOD
LFS,127207,0,BUTCHERY,SEAFOOD
LFS,127284,0,"FOOD CUPBOARD",CONDIMENTS
LFS,131170,0,"FOOD CUPBOARD",BISCUITS
LFS,131174,0,BAKERY,BREADS
LFS,131205,0,"FOOD CUPBOARD",BISCUITS
LFS,131214,0,"FOOD CUPBOARD",BISCUITS
LFS,131227,0,"FOOD CUPBOARD","GRAINS AND PULSES"
LFS,131296,0,"BEVERAGES ALCOHOLIC",WINES
LFS,131314,0,BEVERAGES,JUICE
LFS,131316,0,"FRESH DAIRY AND EGGS",Yoghurt
LFS,131318,0,"FOOD CUPBOARD","CANNED FOOD"
LFS,131321,0,BEVERAGES,DRINKS
LFS,131392,0,"HOME AND PERSONAL CARE","ORAL CARE"
LFS,122206,0,"HOME AND PERSONAL CARE",FRESHENERS
LFS,122210,0,"HOME AND PERSONAL CARE",FRESHENERS
LFS,122213,0,"HOME AND PERSONAL CARE","LAUNDRY CARE"
LFS,122217,0,"HOME AND PERSONAL CARE",FRESHENERS
LFS,122219,0,"HOME AND PERSONAL CARE",FRESHENERS
LFS,122220,0,"HOME AND PERSONAL CARE","LAUNDRY CARE"
LFS,122221,0,"HOME AND PERSONAL CARE","PERSONAL WASH"
LFS,122224,0,"HOME AND PERSONAL CARE","PERSONAL WASH"
LFS,122225,0,"HOME AND PERSONAL CARE",FRESHENERS
LFS,122226,0,"HOME AND PERSONAL CARE",FRESHENERS
LFS,122227,0,"HOME AND PERSONAL CARE",FRESHENERS
LFS,122312,0,"BEVERAGES ALCOHOLIC",WINES
LFS,127286,0,"FOOD CUPBOARD",CONDIMENTS
LFS,127321,0,"FOOD CUPBOARD",CONFECTIONERY
LFS,127337,0,"FOOD CUPBOARD","CANNED FOOD"
LFS,127339,0,"FOOD CUPBOARD","CANNED FOOD"
LFS,127341,0,"FOOD CUPBOARD","CANNED FOOD"
LFS,127342,0,"FOOD CUPBOARD","CANNED FOOD"
LFS,127374,0,"FOOD CUPBOARD",CONDIMENTS
LFS,127397,0,"FOOD CUPBOARD",SNACKS
LFS,127609,0,"FOOD CUPBOARD",BISCUITS
LFS,127662,0,"FOOD CUPBOARD",SNACKS
LFS,127663,0,"FOOD CUPBOARD",SNACKS
LFS,127680,0,"HOME AND PERSONAL CARE","PERSONAL WASH"
LFS,127774,0,"FRESH DAIRY AND EGGS",Yoghurt
LFS,127775,0,"FRESH DAIRY AND EGGS",Yoghurt
LFS,127776,0,"FRESH DAIRY AND EGGS",Yoghurt
LFS,127818,0,"HOME AND PERSONAL CARE",DISPOSABLE
LFS,127889,0,"HOME AND PERSONAL CARE",DISPOSABLE
LFS,131395,0,"HOME AND PERSONAL CARE","ORAL CARE"
LFS,131397,0,"HOME AND PERSONAL CARE","ORAL CARE"
LFS,131399,0,"HOME AND PERSONAL CARE","HOUSEHOLD CLEANERS"
LFS,131414,0,"HOME AND PERSONAL CARE","HOUSEHOLD CLEANERS"
LFS,131415,0,"HOME AND PERSONAL CARE","HOUSEHOLD CLEANERS"
LFS,131416,0,"HOME AND PERSONAL CARE","HOUSEHOLD CLEANERS"
LFS,131422,0,"HOME AND PERSONAL CARE",DISPOSABLE
LFS,131467,0,"FOOD CUPBOARD","MILK AND CREAMERS"
LFS,131486,0,BUTCHERY,"FRESH PORK"
LFS,131487,0,BUTCHERY,"FRESH PORK"
LFS,131488,0,BUTCHERY,"FRESH PORK"
LFS,131489,0,BUTCHERY,"FRESH PORK"
LFS,131490,0,BUTCHERY,"FRESH PORK"
LFS,131491,0,BUTCHERY,"FRESH PORK"
LFS,131492,0,BUTCHERY,"FRESH PORK"
LFS,131493,0,BUTCHERY,"FRESH PORK"
LFS,131494,0,BUTCHERY,"FRESH PORK"
LFS,131495,0,BUTCHERY,"FRESH PORK"
LFS,131496,0,BUTCHERY,"FRESH PORK"
LFS,131516,0,"FRESH DAIRY AND EGGS",DELI
LFS,131518,0,"FRESH DAIRY AND EGGS",DELI
LFS,131521,0,"FOOD CUPBOARD",CONDIMENTS
LFS,131522,0,"FOOD CUPBOARD",CONDIMENTS
LFS,131543,0,"FRESH DAIRY AND EGGS",Yoghurt
LFS,131544,0,"FRESH DAIRY AND EGGS",Yoghurt
LFS,131547,0,"FRESH DAIRY AND EGGS",Yoghurt
LFS,131548,0,"FRESH DAIRY AND EGGS",Yoghurt
LFS,122435,0,BAKERY,BREADS
LFS,122457,0,"HOME AND PERSONAL CARE",FRESHENERS
LFS,122463,0,"HOME AND PERSONAL CARE",FRESHENERS
LFS,122491,0,"FOOD CUPBOARD",BISCUITS
LFS,12254,0,"FOOD CUPBOARD","GRAINS AND PULSES"
LFS,122722,0,"FOOD CUPBOARD","BREAKFAST CEREALS"
LFS,127398,0,"FOOD CUPBOARD",SNACKS
LFS,127409,0,BUTCHERY,"BUTCHERY ACCESSORIES"
LFS,127437,0,BEVERAGES,JUICE
LFS,127457,0,BUTCHERY,SEAFOOD
LFS,127465,0,"BEVERAGES ALCOHOLIC","COGNAC / BRANDY"
LFS,127477,0,"BEVERAGES ALCOHOLIC",LIQUER
LFS,127478,0,BEVERAGES,"NON ALCOHOLIC"
LFS,127479,0,BEVERAGES,"NON ALCOHOLIC"
LFS,127546,0,"FOOD CUPBOARD","CANNED FOOD"
LFS,127568,0,BUTCHERY,"BONES AND SCRAPS"
LFS,127574,0,BUTCHERY,"FRESH CHICKEN"
LFS,127895,0,"FOOD CUPBOARD",SNACKS
LFS,127901,0,BEVERAGES,"NON ALCOHOLIC"
LFS,127902,0,BEVERAGES,"NON ALCOHOLIC"
LFS,127905,0,"FOOD CUPBOARD",SNACKS
LFS,127906,0,BEVERAGES,"NON ALCOHOLIC"
LFS,127926,0,"HOME AND PERSONAL CARE","PERSONAL WASH"
LFS,119317,0,"HOME AND PERSONAL CARE",FRAGRANCES
LFS,119322,0,"HOME AND PERSONAL CARE","HAIR CARE"
LFS,119328,0,"HOME AND PERSONAL CARE","HAIR CARE"
LFS,119332,0,"HOME AND PERSONAL CARE","ORAL CARE"
LFS,119333,0,"FRESH DAIRY AND EGGS",Butters
LFS,119334,0,"FRESH DAIRY AND EGGS",Butters
LFS,119335,0,"FRESH DAIRY AND EGGS",cheeses
LFS,119336,0,"FRESH DAIRY AND EGGS",cheeses
LFS,122784,0,"FRESH DAIRY AND EGGS",Yoghurt
LFS,122789,0,"FROZEN FOOD",ICE-CREAM
LFS,122792,0,"FROZEN FOOD",ICE-CREAM
LFS,122794,0,"FROZEN FOOD",ICE-CREAM
LFS,122899,0,BAKERY,BREADS
LFS,12302,0,"FROZEN FOOD",DESSERT
LFS,12303,0,"FROZEN FOOD",DESSERT
LFS,123121,0,"FOOD CUPBOARD",SNACKS
LFS,123136,0,"FOOD CUPBOARD","SPICES AND HERBS"
LFS,123137,0,"FOOD CUPBOARD","SPICES AND HERBS"
LFS,123138,0,"FOOD CUPBOARD",CONDIMENTS
LFS,125986,0,"FRUITS- IMPORT",Fruits
LFS,125992,0,"FRUITS- IMPORT",VEGETABLES.
LFS,125995,0,"FRUITS- IMPORT",VEGETABLES.
LFS,125996,0,"FRUITS- IMPORT",VEGETABLES.
LFS,127931,0,"HOME AND PERSONAL CARE","PERSONAL WASH"
LFS,128042,0,"FRESH DAIRY AND EGGS",DELI
LFS,128044,0,"FRESH DAIRY AND EGGS","Deli Turkey"
LFS,128048,0,"FRESH DAIRY AND EGGS","Deli Turkey"
LFS,128050,0,"FRESH DAIRY AND EGGS",DELI
LFS,128053,0,"FRESH DAIRY AND EGGS","Deli Turkey"
LFS,128164,0,"FRUITS- IMPORT",Fruits
LFS,128171,0,"FRESH DAIRY AND EGGS",Yoghurt
LFS,128172,0,"FRESH DAIRY AND EGGS",Yoghurt
LFS,128173,0,"FRESH DAIRY AND EGGS",Yoghurt
LFS,128174,0,"FRESH DAIRY AND EGGS",Yoghurt
LFS,128179,0,"FROZEN FOOD",ICE-CREAM
LFS,128198,0,"FOOD CUPBOARD",SAVOURIES
LFS,119337,0,"FRESH DAIRY AND EGGS",cheeses
LFS,119338,0,"FRESH DAIRY AND EGGS",cheeses
LFS,119429,0,BEVERAGES,"MINERAL WATER"
LFS,119589,0,"FRESH DAIRY AND EGGS",cheeses
LFS,119590,0,BEVERAGES,JUICE
LFS,119591,0,BEVERAGES,JUICE
LFS,119592,0,BEVERAGES,JUICE
LFS,119593,0,BEVERAGES,JUICE
LFS,119594,0,BEVERAGES,JUICE
LFS,119595,0,BEVERAGES,JUICE
LFS,119606,0,"FRESH DAIRY AND EGGS",DELI
LFS,119647,0,"FOOD CUPBOARD","NOODLES AND SOUP"
LFS,119648,0,"FOOD CUPBOARD","NOODLES AND SOUP"
LFS,119651,0,"FOOD CUPBOARD","NOODLES AND SOUP"
LFS,119654,0,"FOOD CUPBOARD","SPICES AND HERBS"
LFS,119658,0,"FOOD CUPBOARD","DRINKING POWDER"
LFS,119666,0,"FOOD CUPBOARD","BREAKFAST CEREALS"
LFS,119698,0,"FOOD CUPBOARD",BISCUITS
LFS,119699,0,"FOOD CUPBOARD",BISCUITS
LFS,123141,0,"FOOD CUPBOARD","EDIBLE OILS AND GHEE"
LFS,125998,0,"FRUITS- IMPORT",VEGETABLES.
LFS,126000,0,"FRUITS- IMPORT",Fruits
LFS,126009,0,"FRUITS- IMPORT",VEGETABLES.
LFS,126012,0,"FRUITS- IMPORT",Fruits
LFS,128201,0,"FOOD CUPBOARD",BISCUITS
LFS,128251,0,"FOOD CUPBOARD",BISCUITS
LFS,128670,0,BUTCHERY,SEAFOOD
LFS,128678,0,"FRESH DAIRY AND EGGS",cheeses
LFS,128683,0,"FRESH DAIRY AND EGGS",cheeses
LFS,128756,0,BEVERAGES,DRINKS
LFS,128757,0,BEVERAGES,DRINKS
LFS,128827,0,"FOOD CUPBOARD","SPREADS AND TOPPING"
LFS,128848,0,"FOOD CUPBOARD","INSTANT MIX"
LFS,129034,0,"BEVERAGES ALCOHOLIC",WINES
LFS,119715,0,BEVERAGES,JUICE
LFS,119721,0,BEVERAGES,JUICE
LFS,119729,0,"FOOD CUPBOARD",SNACKS
LFS,119756,0,"BEVERAGES ALCOHOLIC",CIDER
LFS,119789,0,"FOOD CUPBOARD",FLOURS
LFS,119793,0,"HOME AND PERSONAL CARE","HOUSEHOLD CLEANERS"
LFS,119794,0,"HOME AND PERSONAL CARE","HOUSEHOLD CLEANERS"
LFS,119847,0,"FOOD CUPBOARD","BAKING INGREDIENTS"
LFS,119848,0,"FOOD CUPBOARD","BAKING INGREDIENTS"
LFS,119849,0,"FOOD CUPBOARD","BAKING INGREDIENTS"
LFS,123276,0,"FOOD CUPBOARD",BISCUITS
LFS,123332,0,"FRESH DAIRY AND EGGS",DELI
LFS,123336,0,"FRESH DAIRY AND EGGS",DELI
LFS,123337,0,"FRESH DAIRY AND EGGS",DELI
LFS,123339,0,"FRESH DAIRY AND EGGS",DELI
LFS,123546,0,"FRESH DAIRY AND EGGS",DELI
LFS,123547,0,"FRESH DAIRY AND EGGS",DELI
LFS,123548,0,"FRESH DAIRY AND EGGS",DELI
LFS,123806,0,"FOOD CUPBOARD",BISCUITS
LFS,123829,0,"FROZEN FOOD",ICE-CREAM
LFS,123835,0,"FROZEN FOOD",ICE-CREAM
LFS,123843,0,"FROZEN FOOD",ICE-CREAM
LFS,126092,0,"FOOD CUPBOARD",CONFECTIONERY
LFS,126093,0,"FOOD CUPBOARD",CONFECTIONERY
LFS,126094,0,"FOOD CUPBOARD",CONFECTIONERY
LFS,126095,0,"FOOD CUPBOARD",CONFECTIONERY
LFS,126096,0,"FOOD CUPBOARD",CONFECTIONERY
LFS,126097,0,"FOOD CUPBOARD",CONFECTIONERY
LFS,126193,0,"HOME AND PERSONAL CARE","HOUSEHOLD CLEANERS"
LFS,126195,0,"HOME AND PERSONAL CARE","HOUSEHOLD CLEANERS"
LFS,129038,0,"FOOD CUPBOARD",SOUKS
LFS,129040,0,"BEVERAGES ALCOHOLIC",WINES
LFS,129042,0,"FOOD CUPBOARD",SOUKS
LFS,129044,0,"FOOD CUPBOARD",SOUKS
LFS,129046,0,"FOOD CUPBOARD","NOODLES AND SOUP"
LFS,129048,0,"BEVERAGES ALCOHOLIC",WINES
LFS,129049,0,"BEVERAGES ALCOHOLIC",WINES
LFS,129055,0,"FOOD CUPBOARD",SOUKS
LFS,129058,0,"FOOD CUPBOARD",SOUKS
LFS,129059,0,"FOOD CUPBOARD",SOUKS
LFS,129061,0,"BEVERAGES ALCOHOLIC",WINES
LFS,129063,0,"FOOD CUPBOARD",SOUKS
LFS,129094,0,"FOOD CUPBOARD",SOUKS
LFS,129096,0,"FOOD CUPBOARD",SOUKS
LFS,119901,0,"HOME AND PERSONAL CARE",FRESHENERS
LFS,119909,0,BEVERAGES,"DRINKING POWDERS"
LFS,119923,0,"FOOD CUPBOARD",CONFECTIONERY
LFS,119926,0,"FOOD CUPBOARD",CONFECTIONERY
LFS,12397,0,"FRUITS- IMPORT",Fruits
LFS,12398,0,"FRUITS- IMPORT",Fruits
LFS,12399,0,"FRUITS- IMPORT",Fruits
LFS,124025,0,"FRUITS- IMPORT",VEGETABLES.
LFS,12404,0,"HOME AND PERSONAL CARE","HOUSEHOLD CLEANERS"
LFS,124051,0,BEVERAGES,JUICE
LFS,12413,0,BEVERAGES,"FLAVOURED TEA"
LFS,12418,0,"FOOD CUPBOARD","MILK AND CREAMERS"
LFS,12419,0,"FOOD CUPBOARD","MILK AND CREAMERS"
LFS,124424,0,"FRUITS- IMPORT",Fruits
LFS,124427,0,"FRUITS- IMPORT",Fruits
LFS,126204,0,"HOME AND PERSONAL CARE",FRESHENERS
LFS,126205,0,"HOME AND PERSONAL CARE",FRESHENERS
LFS,126207,0,"HOME AND PERSONAL CARE",FRESHENERS
LFS,126208,0,"HOME AND PERSONAL CARE",FRESHENERS
LFS,126209,0,"HOME AND PERSONAL CARE",FRESHENERS
LFS,126210,0,"HOME AND PERSONAL CARE",FRESHENERS
LFS,126211,0,"HOME AND PERSONAL CARE",FRESHENERS
LFS,126212,0,"HOME AND PERSONAL CARE",FRESHENERS
LFS,126213,0,"HOME AND PERSONAL CARE",FRESHENERS
LFS,126214,0,"HOME AND PERSONAL CARE",FRESHENERS
LFS,126216,0,"HOME AND PERSONAL CARE",FRESHENERS
LFS,126217,0,"HOME AND PERSONAL CARE",FRESHENERS
LFS,126219,0,"HOME AND PERSONAL CARE",FRESHENERS
LFS,126220,0,"HOME AND PERSONAL CARE",FRESHENERS
LFS,126223,0,"HOME AND PERSONAL CARE",FRESHENERS
LFS,126224,0,"HOME AND PERSONAL CARE","INSECTICIDES AND RODENT CONTROL"
LFS,126225,0,"HOME AND PERSONAL CARE",FRESHENERS
LFS,126226,0,"HOME AND PERSONAL CARE",FRESHENERS
LFS,129101,0,"FOOD CUPBOARD",SOUKS
LFS,129104,0,"FOOD CUPBOARD",SOUKS
LFS,129105,0,"FOOD CUPBOARD",SOUKS
LFS,129106,0,"FOOD CUPBOARD",SOUKS
LFS,129154,0,"FOOD CUPBOARD",SNACKS
LFS,129159,0,"FOOD CUPBOARD","INSTANT MIX"
LFS,129160,0,"FOOD CUPBOARD","INSTANT MIX"
LFS,129163,0,"FOOD CUPBOARD","RAW RICE"
LFS,129164,0,"FOOD CUPBOARD","RAW RICE"
LFS,129174,0,"HOME AND PERSONAL CARE","INSECTICIDES AND RODENT CONTROL"
LFS,129207,0,"FROZEN FOOD","POTATO CHIPS"
LFS,129215,0,"FOOD CUPBOARD",SOUKS
LFS,129230,0,"FRUITS- IMPORT",Fruits
LFS,129289,0,"FOOD CUPBOARD",SOUKS
LFS,129342,0,"FOOD CUPBOARD",SNACKS
LFS,119932,0,BEVERAGES,"DRINKING POWDERS"
LFS,119933,0,"FOOD CUPBOARD",CONFECTIONERY
LFS,119936,0,"FOOD CUPBOARD",BISCUITS
LFS,119944,0,"FOOD CUPBOARD",CONFECTIONERY
LFS,119945,0,"FOOD CUPBOARD",CONFECTIONERY
LFS,119952,0,BEVERAGES,DRINKS
LFS,124438,0,"FRUITS- IMPORT",Fruits
LFS,124447,0,"FRUITS- IMPORT",Fruits
LFS,124452,0,"FRUITS- IMPORT",Fruits
LFS,124458,0,"FRUITS- IMPORT",Fruits
LFS,124460,0,"FRUITS- IMPORT",Fruits
LFS,124465,0,"FRUITS- IMPORT",VEGETABLES.
LFS,124473,0,"FRUITS- IMPORT",VEGETABLES.
LFS,124484,0,"FRUITS- IMPORT",VEGETABLES.
LFS,124486,0,"FRUITS- IMPORT",VEGETABLES.
LFS,124651,0,"HOME AND PERSONAL CARE","PERSONAL WASH"
LFS,124652,0,"HOME AND PERSONAL CARE","PERSONAL WASH"
LFS,124654,0,"HOME AND PERSONAL CARE","ORAL CARE"
LFS,124656,0,"HOME AND PERSONAL CARE","PERSONAL WASH"
LFS,124657,0,"HOME AND PERSONAL CARE","PERSONAL WASH"
LFS,126228,0,"HOME AND PERSONAL CARE",FRESHENERS
LFS,126246,0,"FOOD CUPBOARD","CONFECTIONARIES-PICKAND MIX"
LFS,126263,0,"FROZEN FOOD","FROZEN SNACKS - NON VEG"
LFS,126264,0,"FROZEN FOOD","FROZEN SNACKS - NON VEG"
LFS,126283,0,"FOOD CUPBOARD","SPREADS AND TOPPING"
LFS,126288,0,"FOOD CUPBOARD","CANNED FOOD"
LFS,126307,0,"FOOD CUPBOARD",CONFECTIONERY
LFS,126312,0,"FOOD CUPBOARD",CONFECTIONERY
LFS,126316,0,"FOOD CUPBOARD",CONFECTIONERY
LFS,126318,0,"FOOD CUPBOARD",CONFECTIONERY
LFS,129356,0,"HOME AND PERSONAL CARE","COLOR COSMETICS"
LFS,129429,0,"FROZEN FOOD",ICE-CREAM
LFS,129498,0,"FRESH DAIRY AND EGGS",DELI
LFS,129499,0,"FRESH DAIRY AND EGGS",DELI
LFS,129518,0,"FOOD CUPBOARD","INSTANT MIX"
LFS,129586,0,BEVERAGES,JUICE
LFS,129587,0,BEVERAGES,JUICE
LFS,129588,0,BEVERAGES,JUICE
LFS,129589,0,BEVERAGES,JUICE
LFS,129599,0,"FRUITS- IMPORT",Fruits
LFS,129606,0,"FROZEN FOOD",CHEESE
LFS,129735,0,"FRUITS- IMPORT",VEGETABLES.
LFS,129736,0,"FRUITS- IMPORT",VEGETABLES.
LFS,129829,0,BEVERAGES,"NON ALCOHOLIC"
LFS,129830,0,BEVERAGES,"NON ALCOHOLIC"
LFS,129840,0,"FOOD CUPBOARD","EDIBLE OILS AND GHEE"
LFS,12989,0,"FOOD CUPBOARD",BISCUITS
LFS,129919,0,"FOOD CUPBOARD",SNACKS
LFS,12992,0,"FOOD CUPBOARD",BISCUITS
LFS,12994,0,"FOOD CUPBOARD",SNACKS
LFS,129961,0,"HOME AND PERSONAL CARE","INFANT AND BABY CARE"
LFS,12997,0,"FOOD CUPBOARD",SNACKS
LFS,119979,0,"FRESH DAIRY AND EGGS",Cream
LFS,119983,0,"FOOD CUPBOARD","BREAKFAST CEREALS"
LFS,119989,0,"FOOD CUPBOARD",CONFECTIONERY
LFS,119995,0,"FOOD CUPBOARD",CONFECTIONERY
LFS,119999,0,"FOOD CUPBOARD","BREAKFAST CEREALS"
LFS,120008,0,"FOOD CUPBOARD","CANNED FOOD"
LFS,120013,0,"FOOD CUPBOARD",CONFECTIONERY
LFS,120014,0,"FOOD CUPBOARD",CONFECTIONERY
LFS,120015,0,BEVERAGES,"DRINKING POWDERS"
LFS,124658,0,"HOME AND PERSONAL CARE","PERSONAL WASH"
LFS,124659,0,"HOME AND PERSONAL CARE","PERSONAL WASH"
LFS,124667,0,BEVERAGES,"MINERAL WATER"
LFS,124694,0,"HOME AND PERSONAL CARE","PERSONAL WASH"
LFS,124695,0,"HOME AND PERSONAL CARE","PERSONAL WASH"
LFS,124696,0,"HOME AND PERSONAL CARE","PERSONAL WASH"
LFS,124697,0,"HOME AND PERSONAL CARE","PERSONAL WASH"
LFS,124706,0,"HOME AND PERSONAL CARE",DISPOSABLE
LFS,124707,0,"HOME AND PERSONAL CARE",DISPOSABLE
LFS,124710,0,"HOME AND PERSONAL CARE",DISPOSABLE
LFS,124798,0,"BEVERAGES ALCOHOLIC",WINES
LFS,124802,0,"BEVERAGES ALCOHOLIC",WINES
LFS,126342,0,"FOOD CUPBOARD",CONFECTIONERY
LFS,126346,0,"FOOD CUPBOARD","SALT  SUGAR AND JAGGERY"
LFS,126347,0,"FROZEN FOOD",ICE-CREAM
LFS,126352,0,"FROZEN FOOD",ICE-CREAM
LFS,126353,0,"FROZEN FOOD",ICE-CREAM
LFS,126354,0,"FROZEN FOOD",ICE-CREAM
LFS,126361,0,"FROZEN FOOD",ICE-CREAM
LFS,126371,0,"FROZEN FOOD",ICE-CREAM
LFS,130073,0,"BEVERAGES ALCOHOLIC",TEQUILA
LFS,130074,0,"BEVERAGES ALCOHOLIC",TEQUILA
LFS,130083,0,"FOOD CUPBOARD",SNACKS
LFS,130084,0,"FOOD CUPBOARD",SNACKS
LFS,13013,0,"FRESH DAIRY AND EGGS",Butters
LFS,130131,0,BEVERAGES,"MINERAL WATER"
LFS,130132,0,BEVERAGES,"MINERAL WATER"
LFS,130133,0,BEVERAGES,"MINERAL WATER"
LFS,13014,0,"FRESH DAIRY AND EGGS",Butters
LFS,13015,0,"FRESH DAIRY AND EGGS",Cream
LFS,130178,0,"FOOD CUPBOARD",CONFECTIONERY
LFS,13018,0,"FROZEN FOOD",VEGETABLE
LFS,130191,0,"FOOD CUPBOARD",CONFECTIONERY
LFS,130193,0,"FOOD CUPBOARD",CONFECTIONERY
LFS,130205,0,"FROZEN FOOD",BUTTER
LFS,130217,0,"FROZEN FOOD",BUTTER
LFS,120040,0,"FOOD CUPBOARD",CONFECTIONERY
LFS,120077,0,"FOOD CUPBOARD","CANNED FOOD"
LFS,120084,0,"FOOD CUPBOARD","CANNED FOOD"
LFS,120102,0,"FOOD CUPBOARD","BREAKFAST CEREALS"
LFS,120103,0,"FOOD CUPBOARD",CONFECTIONERY
LFS,124965,0,BEVERAGES,"COCOA POWDER"
LFS,124985,0,"FOOD CUPBOARD","BAKING INGREDIENTS"
LFS,125006,0,"FOOD CUPBOARD","SPREADS AND TOPPING"
LFS,125008,0,"FOOD CUPBOARD","SPREADS AND TOPPING"
LFS,125010,0,"FOOD CUPBOARD","SPREADS AND TOPPING"
LFS,125011,0,"FOOD CUPBOARD","SPREADS AND TOPPING"
LFS,125017,0,"FOOD CUPBOARD","INSTANT MIX"
LFS,126372,0,"FROZEN FOOD",ICE-CREAM
LFS,126378,0,"FROZEN FOOD",ICE-CREAM
LFS,126381,0,"FROZEN FOOD",ICE-CREAM
LFS,126382,0,"FROZEN FOOD",ICE-CREAM
LFS,126383,0,"FROZEN FOOD",ICE-CREAM
LFS,126406,0,BAKERY,BREADS
LFS,126411,0,"BEVERAGES ALCOHOLIC",WINES
LFS,126412,0,"BEVERAGES ALCOHOLIC",WINES
LFS,130218,0,"FROZEN FOOD",CHEESE
LFS,130219,0,"FROZEN FOOD","MOZZARELLA STICKS"
LFS,130221,0,"FROZEN FOOD",CHEESE
LFS,130226,0,"FRESH DAIRY AND EGGS",Yoghurt
LFS,130229,0,"FOOD CUPBOARD","BREAKFAST CEREALS"
LFS,130231,0,"FOOD CUPBOARD","BREAKFAST CEREALS"
LFS,120186,0,"BEVERAGES ALCOHOLIC",WINES
LFS,120188,0,"BEVERAGES ALCOHOLIC",WINES
LFS,120253,0,"BEVERAGES ALCOHOLIC","SPARKLING WINES"
LFS,120267,0,"FOOD CUPBOARD",BISCUITS
LFS,120268,0,"FOOD CUPBOARD",BISCUITS
LFS,120273,0,"FOOD CUPBOARD",BISCUITS
LFS,120275,0,"FOOD CUPBOARD",BISCUITS
LFS,120278,0,"FOOD CUPBOARD",BISCUITS
LFS,120279,0,BEVERAGES,JUICE
LFS,120302,0,"FOOD CUPBOARD",BISCUITS
LFS,120378,0,"BEVERAGES ALCOHOLIC","BOTTLE BEER"
LFS,125025,0,"FOOD CUPBOARD","INSTANT MIX"
LFS,125030,0,"FOOD CUPBOARD","INSTANT MIX"
LFS,125103,0,"HOME AND PERSONAL CARE","PERSONAL WASH"
LFS,125104,0,"HOME AND PERSONAL CARE","PERSONAL WASH"
LFS,125105,0,"HOME AND PERSONAL CARE","SKIN CARE"
LFS,125106,0,"HOME AND PERSONAL CARE","SKIN CARE"
LFS,125111,0,"FOOD CUPBOARD","DRINKING POWDER"
LFS,125113,0,"FOOD CUPBOARD","DRINKING POWDER"
LFS,125115,0,"FOOD CUPBOARD","DRINKING POWDER"
LFS,125119,0,BEVERAGES,"DRINKING POWDERS"
LFS,125120,0,BEVERAGES,"DRINKING POWDERS"
LFS,125134,0,"FOOD CUPBOARD","INSTANT MIX"
LFS,126413,0,"BEVERAGES ALCOHOLIC",WINES
LFS,126414,0,"BEVERAGES ALCOHOLIC",WINES
LFS,126415,0,"BEVERAGES ALCOHOLIC",WINES
LFS,126416,0,"BEVERAGES ALCOHOLIC",WINES
LFS,126420,0,"BEVERAGES ALCOHOLIC",WINES
LFS,126421,0,"BEVERAGES ALCOHOLIC",WINES
LFS,126422,0,"BEVERAGES ALCOHOLIC",WINES
LFS,126423,0,"BEVERAGES ALCOHOLIC",WINES
LFS,126438,0,"HOME AND PERSONAL CARE","INFANT AND BABY CARE"
LFS,126471,0,BEVERAGES,JUICE
LFS,126475,0,BUTCHERY,"FRESH CHICKEN"
LFS,126478,0,BUTCHERY,"FRESH CHICKEN"
LFS,126479,0,BUTCHERY,"FRESH CHICKEN"
LFS,126480,0,BUTCHERY,"FRESH CHICKEN"
LFS,126481,0,BUTCHERY,"FRESH CHICKEN"
LFS,126482,0,BUTCHERY,"FRESH CHICKEN"
LFS,126483,0,BUTCHERY,"CHICKEN OFFALS"
LFS,126487,0,BUTCHERY,"CHICKEN OFFALS"
LFS,126489,0,BUTCHERY,"FRESH CHICKEN"
LFS,126491,0,BUTCHERY,"FROZEN CHICKEN"
LFS,126492,0,BUTCHERY,"FROZEN CHICKEN"
LFS,130250,0,"HOME AND PERSONAL CARE","FEMININE CARE"
LFS,13029,0,"FRESH DAIRY AND EGGS",cheeses
LFS,13037,0,"FRESH DAIRY AND EGGS",cheeses
LFS,13038,0,"FRESH DAIRY AND EGGS",cheeses
LFS,13040,0,"FRESH DAIRY AND EGGS",cheeses
LFS,130431,0,"FOOD CUPBOARD",CONDIMENTS
LFS,130451,0,BEVERAGES,JUICE
LFS,130501,0,"FOOD CUPBOARD",BISCUITS
LFS,120379,0,"BEVERAGES ALCOHOLIC","VODKA BOTTLES"
LFS,120383,0,"HOME AND PERSONAL CARE",DISPOSABLE
LFS,120384,0,"HOME AND PERSONAL CARE",DISPOSABLE
LFS,120385,0,"HOME AND PERSONAL CARE",DISPOSABLE
LFS,120415,0,"HOME AND PERSONAL CARE","HEALTH AND WELLNESS"
LFS,120477,0,"FROZEN FOOD",PORK
LFS,120671,0,BEVERAGES,DRINKS
LFS,120678,0,"FOOD CUPBOARD",SNACKS
LFS,120710,0,"FOOD CUPBOARD","BAKING INGREDIENTS"
LFS,120711,0,"HOME AND PERSONAL CARE","INFANT AND BABY CARE"
LFS,120732,0,"FRESH DAIRY AND EGGS",DELI
LFS,120739,0,"FROZEN FOOD",PORK
LFS,125135,0,"FOOD CUPBOARD","INSTANT MIX"
LFS,125136,0,"FOOD CUPBOARD","INSTANT MIX"
LFS,125149,0,BEVERAGES,TEA
LFS,125150,0,"BEVERAGES ALCOHOLIC","SPARKLING WINES"
LFS,125152,0,"BEVERAGES ALCOHOLIC","SPARKLING WINES"
LFS,125156,0,BEVERAGES,TEA
LFS,125196,0,"FOOD CUPBOARD","EDIBLE OILS AND GHEE"
LFS,125242,0,"HOME AND PERSONAL CARE",FRESHENERS
LFS,125243,0,"HOME AND PERSONAL CARE",FRESHENERS
LFS,125244,0,"HOME AND PERSONAL CARE",FRESHENERS
LFS,125246,0,"HOME AND PERSONAL CARE",FRESHENERS
LFS,126513,0,BUTCHERY,"FROZEN CHICKEN"
LFS,126514,0,BUTCHERY,"FROZEN CHICKEN"
LFS,126515,0,BUTCHERY,"FROZEN CHICKEN"
LFS,126516,0,BUTCHERY,"FROZEN CHICKEN"
LFS,126517,0,BUTCHERY,"FROZEN CHICKEN"
LFS,126518,0,BUTCHERY,"FROZEN CHICKEN"
LFS,126519,0,BUTCHERY,"FROZEN CHICKEN"
LFS,126521,0,BUTCHERY,"FROZEN CHICKEN"
LFS,126522,0,BUTCHERY,"FROZEN CHICKEN"
LFS,126523,0,BUTCHERY,"FROZEN CHICKEN"
LFS,126524,0,BUTCHERY,"FROZEN CHICKEN"
LFS,126525,0,BUTCHERY,"FROZEN CHICKEN"
LFS,126529,0,BUTCHERY,"FRESH BEEF"
LFS,126531,0,BUTCHERY,"FRESH BEEF"
LFS,126532,0,BUTCHERY,"FRESH BEEF"
LFS,126533,0,BUTCHERY,"FRESH BEEF"
LFS,126534,0,BUTCHERY,"FRESH BEEF"
LFS,126535,0,BUTCHERY,"FRESH BEEF"
LFS,126536,0,BUTCHERY,"FRESH BEEF"
LFS,126538,0,BUTCHERY,"FRESH BEEF"
LFS,126539,0,BUTCHERY,"FRESH BEEF"
LFS,126540,0,BUTCHERY,"FRESH BEEF"
LFS,126541,0,BUTCHERY,"FRESH BEEF"
LFS,126542,0,BUTCHERY,"FRESH BEEF"
LFS,126543,0,BUTCHERY,"FRESH BEEF"
LFS,126544,0,BUTCHERY,"FRESH BEEF"
LFS,126546,0,BUTCHERY,"BEEF OFFALS"
LFS,126547,0,BUTCHERY,"BEEF OFFALS"
LFS,126548,0,BUTCHERY,"BEEF OFFALS"
LFS,126550,0,BUTCHERY,"LAMB BURKINA"
LFS,126551,0,BUTCHERY,"LAMB BURKINA"
LFS,126552,0,BUTCHERY,"LAMB BURKINA"
LFS,126553,0,BUTCHERY,"LAMB BURKINA"
LFS,126554,0,BUTCHERY,"LAMB BURKINA"
LFS,126555,0,BUTCHERY,"LAMB BURKINA"
LFS,126556,0,BUTCHERY,"LAMB BURKINA"
LFS,126557,0,BUTCHERY,"LAMB BURKINA"
LFS,126558,0,BUTCHERY,"LAMB LOCAL"
LFS,126559,0,BUTCHERY,"LAMB LOCAL"
LFS,126560,0,BUTCHERY,"LAMB LOCAL"
LFS,126561,0,BUTCHERY,"LAMB LOCAL"
LFS,126563,0,BUTCHERY,"LAMB LOCAL"
LFS,126565,0,BUTCHERY,"LAMB LOCAL"
LFS,126568,0,BUTCHERY,"FRESH GOAT LOCAL"
LFS,126570,0,BUTCHERY,"FRESH GOAT LOCAL"
LFS,130581,0,"FOOD CUPBOARD","CANNED FOOD"
LFS,130588,0,"HOME AND PERSONAL CARE",DISPOSABLE
LFS,130589,0,"HOME AND PERSONAL CARE",DISPOSABLE
LFS,130601,0,"FOOD CUPBOARD",SNACKS
LFS,130609,0,"FOOD CUPBOARD","CANNED FOOD"
LFS,120741,0,"FROZEN FOOD",PORK
LFS,120743,0,"FROZEN FOOD",TURKEY
LFS,120807,0,"HOME AND PERSONAL CARE","LAUNDRY CARE"
LFS,120808,0,"HOME AND PERSONAL CARE","LAUNDRY CARE"
LFS,120846,0,"HOME AND PERSONAL CARE","INFANT AND BABY CARE"
LFS,120847,0,"HOME AND PERSONAL CARE","INFANT AND BABY CARE"
LFS,120892,0,BEVERAGES,"DRINKING POWDERS"
LFS,120917,0,"FOOD CUPBOARD","RAW RICE"
LFS,120921,0,BEVERAGES,"MINERAL WATER"
LFS,120958,0,"FOOD CUPBOARD","INSTANT MIX"
LFS,120959,0,"FOOD CUPBOARD","INSTANT MIX"
LFS,121151,0,"FOOD CUPBOARD",BISCUITS
LFS,121175,0,"FROZEN FOOD",BEEF
LFS,121177,0,"FROZEN FOOD",BEEF
LFS,121179,0,"FROZEN FOOD",BEEF
LFS,125249,0,"HOME AND PERSONAL CARE","INFANT AND BABY CARE"
LFS,125250,0,"HOME AND PERSONAL CARE","INFANT AND BABY CARE"
LFS,125251,0,"HOME AND PERSONAL CARE","INFANT AND BABY CARE"
LFS,125253,0,"HOME AND PERSONAL CARE",DISPOSABLE
LFS,125254,0,"HOME AND PERSONAL CARE","INFANT AND BABY CARE"
LFS,125255,0,"HOME AND PERSONAL CARE",FRESHENERS
LFS,125258,0,"HOME AND PERSONAL CARE","PERSONAL WASH"
LFS,125259,0,"HOME AND PERSONAL CARE","PERSONAL WASH"
LFS,125260,0,"HOME AND PERSONAL CARE","PERSONAL WASH"
LFS,125261,0,"HOME AND PERSONAL CARE","LAUNDRY CARE"
LFS,125262,0,"HOME AND PERSONAL CARE","LAUNDRY CARE"
LFS,125263,0,"HOME AND PERSONAL CARE","LAUNDRY CARE"
LFS,125264,0,"HOME AND PERSONAL CARE","LAUNDRY CARE"
LFS,125268,0,"HOME AND PERSONAL CARE","HEALTH AND WELLNESS"
LFS,125273,0,"HOME AND PERSONAL CARE",FRESHENERS
LFS,125274,0,"HOME AND PERSONAL CARE",FRESHENERS
LFS,125275,0,"HOME AND PERSONAL CARE",FRESHENERS
LFS,125276,0,"HOME AND PERSONAL CARE",FRESHENERS
LFS,126572,0,BUTCHERY,"FRESH GOAT LOCAL"
LFS,126576,0,BUTCHERY,"SMOKED GOAT LOCAL"
LFS,126577,0,BUTCHERY,"SMOKED GOAT LOCAL"
LFS,126578,0,BUTCHERY,"SMOKED GOAT LOCAL"
LFS,126579,0,BUTCHERY,"SMOKED GOAT LOCAL"
LFS,126640,0,"HOME AND PERSONAL CARE","LAUNDRY CARE"
LFS,126652,0,"HOME AND PERSONAL CARE","HOUSEHOLD CLEANERS"
LFS,126655,0,"HOME AND PERSONAL CARE","HOUSEHOLD CLEANERS"
LFS,126656,0,"HOME AND PERSONAL CARE","HOUSEHOLD CLEANERS"
LFS,126663,0,"HOME AND PERSONAL CARE","PERSONAL WASH"
LFS,126737,0,BEVERAGES,COFFEE
LFS,126738,0,BEVERAGES,COFFEE
LFS,126739,0,BUTCHERY,"LAMB BURKINA"
LFS,130685,0,"FOOD CUPBOARD",CONFECTIONERY
LFS,130689,0,"FOOD CUPBOARD",CONFECTIONERY
LFS,130696,0,"FOOD CUPBOARD",CONFECTIONERY
LFS,130703,0,"FOOD CUPBOARD",SNACKS
LFS,130769,0,"FOOD CUPBOARD",BISCUITS
LFS,121181,0,"FROZEN FOOD",BEEF
LFS,121182,0,"FROZEN FOOD",BEEF
LFS,121190,0,"FROZEN FOOD",BEEF
LFS,121305,0,"BEVERAGES ALCOHOLIC","COGNAC / BRANDY"
LFS,121309,0,"FRESH DAIRY AND EGGS",Yoghurt
LFS,121310,0,"FRESH DAIRY AND EGGS",Yoghurt
LFS,12132,0,"HOME AND PERSONAL CARE",DISPOSABLE
LFS,121346,0,"FROZEN FOOD",CHICKEN
LFS,12139,0,"HOME AND PERSONAL CARE","LAUNDRY CARE"
LFS,12141,0,"HOME AND PERSONAL CARE","LAUNDRY CARE"
LFS,121430,0,"FROZEN FOOD","FRENCH FRIES"
LFS,121455,0,"FOOD CUPBOARD",SNACKS
LFS,121456,0,"FOOD CUPBOARD","EDIBLE OILS AND GHEE"
LFS,121457,0,"FOOD CUPBOARD","EDIBLE OILS AND GHEE"
LFS,121458,0,"FOOD CUPBOARD","EDIBLE OILS AND GHEE"
LFS,125287,0,"HOME AND PERSONAL CARE",FRESHENERS
LFS,125292,0,"HOME AND PERSONAL CARE",FRESHENERS
LFS,125293,0,"HOME AND PERSONAL CARE",FRESHENERS
LFS,125296,0,"HOME AND PERSONAL CARE","INFANT AND BABY CARE"
LFS,125297,0,"HOME AND PERSONAL CARE",FRESHENERS
LFS,125301,0,"HOME AND PERSONAL CARE","HAIR CARE"
LFS,125302,0,"HOME AND PERSONAL CARE",FRESHENERS
LFS,125304,0,"HOME AND PERSONAL CARE","HOUSEHOLD CLEANERS"
LFS,125306,0,"HOME AND PERSONAL CARE",FRESHENERS
LFS,126743,0,BUTCHERY,"FRESH BEEF"
LFS,126746,0,"HOME AND PERSONAL CARE",FRESHENERS
LFS,126747,0,"HOME AND PERSONAL CARE","HOUSEHOLD CLEANERS"
LFS,126800,0,"FRUITS- IMPORT",Fruits
LFS,126802,0,"FRUITS- IMPORT",Fruits
LFS,126807,0,BEVERAGES,JUICE
LFS,126808,0,BEVERAGES,JUICE
LFS,126809,0,BEVERAGES,JUICE
LFS,126811,0,BEVERAGES,JUICE
LFS,126812,0,BEVERAGES,JUICE
LFS,126814,0,BEVERAGES,JUICE
LFS,126838,0,"FOOD CUPBOARD","CANNED FOOD"
LFS,126839,0,"FOOD CUPBOARD","CANNED FOOD"
LFS,126840,0,"FOOD CUPBOARD","CANNED FOOD"
LFS,126841,0,"FOOD CUPBOARD","CANNED FOOD"
LFS,130784,0,"FOOD CUPBOARD",BISCUITS
LFS,130793,0,"FOOD CUPBOARD",BISCUITS
LFS,130796,0,"FOOD CUPBOARD",BISCUITS
LFS,130798,0,"FOOD CUPBOARD",BISCUITS
LFS,130918,0,"HOME AND PERSONAL CARE","ORAL CARE"
LFS,130920,0,"HOME AND PERSONAL CARE","PERSONAL WASH"
LFS,121562,0,"FRUITS- IMPORT",VEGETABLES.
LFS,121617,0,"FROZEN FOOD",CHEESE
LFS,121623,0,"FOOD CUPBOARD","CONFECTIONARIES-PICKAND MIX"
LFS,121629,0,BEVERAGES,DRINKS
LFS,121631,0,"FOOD CUPBOARD",SOUKS
LFS,121632,0,"FOOD CUPBOARD",SOUKS
LFS,121634,0,"FOOD CUPBOARD",SOUKS
LFS,121641,0,"FOOD CUPBOARD",SOUKS
LFS,121643,0,"FOOD CUPBOARD",SOUKS
LFS,121644,0,"FOOD CUPBOARD",SOUKS
LFS,121646,0,"FOOD CUPBOARD",SOUKS
LFS,121647,0,"FOOD CUPBOARD",SOUKS
LFS,121648,0,"FOOD CUPBOARD",SOUKS
LFS,121650,0,"FOOD CUPBOARD",SOUKS
LFS,121651,0,BEVERAGES,DRINKS
LFS,121653,0,"FOOD CUPBOARD",SOUKS
LFS,121654,0,"FOOD CUPBOARD",SOUKS
LFS,125325,0,"FROZEN FOOD",CHICKEN
LFS,125353,0,"HOME AND PERSONAL CARE",FRAGRANCES
LFS,125354,0,"HOME AND PERSONAL CARE",FRAGRANCES
LFS,125358,0,"HOME AND PERSONAL CARE","LAUNDRY CARE"
LFS,125360,0,"HOME AND PERSONAL CARE","LAUNDRY CARE"
LFS,125386,0,BEVERAGES,JUICE
LFS,125388,0,"FOOD CUPBOARD","SPREADS AND TOPPING"
LFS,125404,0,BEVERAGES,JUICE
LFS,126898,0,"FOOD CUPBOARD","EDIBLE OILS AND GHEE"
LFS,126913,0,"FOOD CUPBOARD","MILK AND CREAMERS"
LFS,126919,0,"FOOD CUPBOARD","MILK AND CREAMERS"
LFS,126934,0,"FOOD CUPBOARD","CANNED FOOD"
LFS,126935,0,BUTCHERY,"LAMB BURKINA"
LFS,126936,0,BUTCHERY,"LAMB BURKINA"
LFS,126937,0,BUTCHERY,"LAMB BURKINA"
LFS,126938,0,BUTCHERY,"FRESH GOAT LOCAL"
LFS,126939,0,BUTCHERY,"FRESH GOAT LOCAL"
LFS,126943,0,"FOOD CUPBOARD","NOODLES AND SOUP"
LFS,131038,0,"FOOD CUPBOARD","BREAKFAST CEREALS"
LFS,131042,0,"HOME AND PERSONAL CARE",FRESHENERS
LFS,131045,0,"HOME AND PERSONAL CARE",FRESHENERS
LFS,131047,0,"HOME AND PERSONAL CARE",FRESHENERS
LFS,131055,0,"HOME AND PERSONAL CARE",FRAGRANCES
LFS,131057,0,"HOME AND PERSONAL CARE",FRAGRANCES
LFS,121665,0,"FOOD CUPBOARD",SOUKS
LFS,121682,0,"FOOD CUPBOARD",SOUKS
LFS,121685,0,"FOOD CUPBOARD",SOUKS
LFS,121688,0,"FOOD CUPBOARD",SOUKS
LFS,121692,0,"FOOD CUPBOARD",SOUKS
LFS,121695,0,"FOOD CUPBOARD",SOUKS
LFS,121702,0,"FOOD CUPBOARD",SOUKS
LFS,121706,0,"FOOD CUPBOARD",SOUKS
LFS,121708,0,"FOOD CUPBOARD",SOUKS
LFS,121711,0,"FOOD CUPBOARD",SOUKS
LFS,125406,0,BEVERAGES,JUICE
LFS,125409,0,BEVERAGES,JUICE
LFS,125410,0,BEVERAGES,DRINKS
LFS,125413,0,BEVERAGES,DRINKS
LFS,125428,0,"FOOD CUPBOARD","SPREADS AND TOPPING"
LFS,125513,0,"FOOD CUPBOARD","NOODLES AND SOUP"
LFS,125516,0,"FOOD CUPBOARD","NOODLES AND SOUP"
LFS,125517,0,"FOOD CUPBOARD","NOODLES AND SOUP"
LFS,125622,0,"FOOD CUPBOARD",BISCUITS
LFS,126944,0,"FOOD CUPBOARD","NOODLES AND SOUP"
LFS,126946,0,"FOOD CUPBOARD","NOODLES AND SOUP"
LFS,126950,0,"FOOD CUPBOARD","NOODLES AND SOUP"
LFS,126958,0,"FOOD CUPBOARD","NOODLES AND SOUP"
LFS,126960,0,"FOOD CUPBOARD","NOODLES AND SOUP"
LFS,126962,0,"FOOD CUPBOARD","NOODLES AND SOUP"
LFS,126963,0,"FOOD CUPBOARD","NOODLES AND SOUP"
LFS,126967,0,"FOOD CUPBOARD","NOODLES AND SOUP"
LFS,126969,0,"FOOD CUPBOARD","NOODLES AND SOUP"
LFS,126971,0,"FOOD CUPBOARD","NOODLES AND SOUP"
LFS,126972,0,"FOOD CUPBOARD","NOODLES AND SOUP"
LFS,12699,0,"HOME AND PERSONAL CARE",DISPOSABLE
LFS,131067,0,"HOME AND PERSONAL CARE",FRAGRANCES
LFS,131068,0,"HOME AND PERSONAL CARE",FRAGRANCES
LFS,131069,0,"HOME AND PERSONAL CARE",FRESHENERS
LFS,131070,0,"HOME AND PERSONAL CARE",FRESHENERS
LFS,131071,0,"HOME AND PERSONAL CARE",FRESHENERS
LFS,131073,0,"HOME AND PERSONAL CARE",FRESHENERS
LFS,131074,0,"HOME AND PERSONAL CARE",FRESHENERS
LFS,131075,0,"HOME AND PERSONAL CARE",FRESHENERS
LFS,131076,0,"HOME AND PERSONAL CARE",FRESHENERS
LFS,131080,0,"HOME AND PERSONAL CARE",FRESHENERS
LFS,131082,0,"HOME AND PERSONAL CARE",FRESHENERS
LFS,131112,0,"FOOD CUPBOARD","MILK AND CREAMERS"
LFS,131160,0,"FOOD CUPBOARD",BISCUITS
LFS,121718,0,"FOOD CUPBOARD",SOUKS
LFS,121723,0,"FOOD CUPBOARD",SOUKS
LFS,121728,0,"FOOD CUPBOARD",SOUKS
LFS,121731,0,"FOOD CUPBOARD",SOUKS
LFS,121732,0,"FOOD CUPBOARD",SOUKS
LFS,121737,0,"FOOD CUPBOARD",SOUKS
LFS,121738,0,"FOOD CUPBOARD","PEPPER SAUCE"
LFS,121769,0,"FOOD CUPBOARD","CANNED FOOD"
LFS,121775,0,"HOME AND PERSONAL CARE","HOUSEHOLD CLEANERS"
LFS,121895,0,"FROZEN FOOD",DESSERT
LFS,122003,0,"FRESH DAIRY AND EGGS",Yoghurt
LFS,12205,0,"FROZEN FOOD",DESSERT
LFS,12206,0,"FROZEN FOOD",DESSERT
LFS,12207,0,"FROZEN FOOD",DESSERT
LFS,125624,0,"FOOD CUPBOARD",BISCUITS
LFS,125642,0,"FOOD CUPBOARD",BISCUITS
LFS,125686,0,"HOME AND PERSONAL CARE","LAUNDRY CARE"
LFS,125712,0,"FRUITS- IMPORT",VEGETABLES.
LFS,125717,0,"FRUITS- IMPORT",VEGETABLES.
LFS,125785,0,"FOOD CUPBOARD","MILK AND CREAMERS"
LFS,125850,0,"FOOD CUPBOARD","CANNED FOOD"
LFS,125866,0,"BEVERAGES ALCOHOLIC",WINES
LFS,125867,0,"BEVERAGES ALCOHOLIC",WINES
LFS,125869,0,"BEVERAGES ALCOHOLIC",WINES
LFS,156542,0,"HOME AND PERSONAL CARE","HOUSEHOLD CLEANERS"
LFS,156544,0,"HOME AND PERSONAL CARE","HOUSEHOLD CLEANERS"
LFS,156545,0,"HOME AND PERSONAL CARE","HOUSEHOLD CLEANERS"
LFS,156547,0,"HOME AND PERSONAL CARE","FEMININE CARE"
LFS,156553,0,"FOOD CUPBOARD","CANNED FOOD"
LFS,15686,0,"FOOD CUPBOARD",CONDIMENTS
LFS,156997,0,"FRUITS- IMPORT",Fruits
LFS,15702,0,"FOOD CUPBOARD",SNACKS
LFS,157071,0,"FOOD CUPBOARD","SPREADS AND TOPPING"
LFS,157078,0,"FOOD CUPBOARD",CONFECTIONERY
LFS,157093,0,"FOOD CUPBOARD","BAKING INGREDIENTS"
LFS,157094,0,"FOOD CUPBOARD","BAKING INGREDIENTS"
LFS,157095,0,"FOOD CUPBOARD","BAKING INGREDIENTS"
LFS,157140,0,"FOOD CUPBOARD",CONDIMENTS
LFS,149877,0,"BEVERAGES ALCOHOLIC","VODKA BOTTLES"
LFS,149886,0,BEVERAGES,"NON ALCOHOLIC"
LFS,149887,0,"BEVERAGES ALCOHOLIC",TEQUILA
LFS,149889,0,"BEVERAGES ALCOHOLIC",TEQUILA
LFS,149890,0,"BEVERAGES ALCOHOLIC",WINES
LFS,149893,0,"BEVERAGES ALCOHOLIC",WINES
LFS,149931,0,"FRUITS- IMPORT",VEGETABLES.
LFS,149941,0,"FOOD CUPBOARD","SPREADS AND TOPPING"
LFS,150040,0,"FRUITS- IMPORT",VEGETABLES.
LFS,150129,0,"FRUITS- IMPORT",VEGETABLES.
LFS,152618,0,"FOOD CUPBOARD","SPREADS AND TOPPING"
LFS,152624,0,"FOOD CUPBOARD",BISCUITS
LFS,152653,0,"FOOD CUPBOARD","SPREADS AND TOPPING"
LFS,152663,0,"BEVERAGES ALCOHOLIC","VODKA BOTTLES"
LFS,152666,0,"FOOD CUPBOARD",CONFECTIONERY
LFS,152669,0,"FOOD CUPBOARD",CONFECTIONERY
LFS,152741,0,"FOOD CUPBOARD","SPICES AND HERBS"
LFS,152760,0,BEVERAGES,COFFEE
LFS,152772,0,"FOOD CUPBOARD","BREAKFAST CEREALS"
LFS,154602,0,"HOME AND PERSONAL CARE",DISPOSABLE
LFS,154710,0,"HOME AND PERSONAL CARE","PERSONAL WASH"
LFS,154717,0,"HOME AND PERSONAL CARE","HAIR CARE"
LFS,154719,0,"HOME AND PERSONAL CARE","HAIR CARE"
LFS,154736,0,"HOME AND PERSONAL CARE","HAIR CARE"
LFS,154747,0,"HOME AND PERSONAL CARE","HAIR CARE"
LFS,154748,0,"HOME AND PERSONAL CARE","HAIR CARE"
LFS,15475,0,BEVERAGES,DRINKS
LFS,154753,0,"HOME AND PERSONAL CARE","HAIR CARE"
LFS,154758,0,"HOME AND PERSONAL CARE","HAIR CARE"
LFS,154759,0,"HOME AND PERSONAL CARE","HAIR CARE"
LFS,157172,0,"HOME AND PERSONAL CARE","LAUNDRY CARE"
LFS,157216,0,BEVERAGES,COFFEE
LFS,157217,0,"FOOD CUPBOARD","SALT  SUGAR AND JAGGERY"
LFS,157218,0,"FOOD CUPBOARD","SALT  SUGAR AND JAGGERY"
LFS,157221,0,BEVERAGES,JUICE
LFS,157222,0,"BEVERAGES ALCOHOLIC",WINES
LFS,157224,0,"BEVERAGES ALCOHOLIC",WINES
LFS,157225,0,"BEVERAGES ALCOHOLIC",WINES
LFS,157233,0,"BEVERAGES ALCOHOLIC",WINES
LFS,157235,0,"BEVERAGES ALCOHOLIC",WINES
LFS,157236,0,"BEVERAGES ALCOHOLIC",WINES
LFS,157247,0,"BEVERAGES ALCOHOLIC",WINES
LFS,157248,0,"BEVERAGES ALCOHOLIC",WINES
LFS,157249,0,"BEVERAGES ALCOHOLIC",WINES
LFS,157250,0,"BEVERAGES ALCOHOLIC",WINES
LFS,157251,0,"BEVERAGES ALCOHOLIC",WINES
LFS,150140,0,"FRUITS- IMPORT",VEGETABLES.
LFS,150561,0,"FRUITS- IMPORT",Fruits
LFS,150563,0,"FRESH DAIRY AND EGGS",Yoghurt
LFS,150570,0,"FOOD CUPBOARD","CANNED FOOD"
LFS,150571,0,"FOOD CUPBOARD","CANNED FOOD"
LFS,150572,0,"FOOD CUPBOARD","CANNED FOOD"
LFS,150583,0,"FOOD CUPBOARD","SPICES AND HERBS"
LFS,150584,0,"FOOD CUPBOARD","SPICES AND HERBS"
LFS,150603,0,"BEVERAGES ALCOHOLIC","CAN BEER"
LFS,150650,0,"FROZEN FOOD",ICE-CREAM
LFS,150651,0,"FROZEN FOOD",ICE-CREAM
LFS,150676,0,"HOME AND PERSONAL CARE",DISPOSABLE
LFS,150677,0,"HOME AND PERSONAL CARE",DISPOSABLE
LFS,150678,0,"HOME AND PERSONAL CARE",DISPOSABLE
LFS,152774,0,"FOOD CUPBOARD","EDIBLE OILS AND GHEE"
LFS,152777,0,"FRESH DAIRY AND EGGS",Yoghurt
LFS,152778,0,"FRESH DAIRY AND EGGS",Yoghurt
LFS,152781,0,"FRESH DAIRY AND EGGS",Yoghurt
LFS,152793,0,"FOOD CUPBOARD","SPICES AND HERBS"
LFS,152870,0,BEVERAGES,"MINERAL WATER"
LFS,152881,0,"FOOD CUPBOARD",CONFECTIONERY
LFS,152882,0,"FOOD CUPBOARD",CONFECTIONERY
LFS,152883,0,"FOOD CUPBOARD",CONFECTIONERY
LFS,153100,0,"FRUITS- IMPORT",VEGETABLES.
LFS,154771,0,"FOOD CUPBOARD","RAW RICE"
LFS,154880,0,BUTCHERY,"EXOTIC SEAFOOD"
LFS,154929,0,"FRUITS- IMPORT",VEGETABLES.
LFS,155043,0,"HOME AND PERSONAL CARE",DISPOSABLE
LFS,155044,0,"HOME AND PERSONAL CARE",DISPOSABLE
LFS,155045,0,"HOME AND PERSONAL CARE",DISPOSABLE
LFS,157256,0,"BEVERAGES ALCOHOLIC",WHISKEY
LFS,157258,0,"BEVERAGES ALCOHOLIC",LIQUER
LFS,157261,0,"BEVERAGES ALCOHOLIC",TEQUILA
LFS,157262,0,"BEVERAGES ALCOHOLIC",TEQUILA
LFS,157263,0,"BEVERAGES ALCOHOLIC",TEQUILA
LFS,157346,0,BEVERAGES,JUICE
LFS,157347,0,BEVERAGES,JUICE
LFS,157348,0,BEVERAGES,JUICE
LFS,150722,0,"FOOD CUPBOARD","BREAKFAST CEREALS"
LFS,150723,0,"FOOD CUPBOARD","BREAKFAST CEREALS"
LFS,150727,0,"HOME AND PERSONAL CARE","PERSONAL WASH"
LFS,150745,0,"FOOD CUPBOARD",CONDIMENTS
LFS,150748,0,"FOOD CUPBOARD","BREAKFAST CEREALS"
LFS,150749,0,"FOOD CUPBOARD","BREAKFAST CEREALS"
LFS,150771,0,"FRESH DAIRY AND EGGS","Farm Eggs"
LFS,150777,0,BEVERAGES,DRINKS
LFS,150778,0,BEVERAGES,"MINERAL WATER"
LFS,150829,0,"HOME AND PERSONAL CARE","PERSONAL WASH"
LFS,150830,0,"HOME AND PERSONAL CARE","PERSONAL WASH"
LFS,153177,0,"HOME AND PERSONAL CARE","ORAL CARE"
LFS,15318,0,"FOOD CUPBOARD","BABY FOOD"
LFS,153208,0,"FRUITS- IMPORT",Fruits
LFS,153217,0,"HOME AND PERSONAL CARE","HEALTH AND WELLNESS"
LFS,15322,0,"FOOD CUPBOARD","BABY FOOD"
LFS,153227,0,"HOME AND PERSONAL CARE","LAUNDRY CARE"
LFS,153228,0,"HOME AND PERSONAL CARE","LAUNDRY CARE"
LFS,153229,0,"HOME AND PERSONAL CARE","LAUNDRY CARE"
LFS,15323,0,"FOOD CUPBOARD","BABY FOOD"
LFS,15324,0,"FOOD CUPBOARD","BABY FOOD"
LFS,153240,0,BEVERAGES,JUICE
LFS,153241,0,"BEVERAGES ALCOHOLIC",LIQUER
LFS,153242,0,"BEVERAGES ALCOHOLIC",LIQUER
LFS,153243,0,"BEVERAGES ALCOHOLIC",LIQUER
LFS,153244,0,"BEVERAGES ALCOHOLIC",LIQUER
LFS,155068,0,"FOOD CUPBOARD","SPICES AND HERBS"
LFS,155070,0,"FOOD CUPBOARD","SPICES AND HERBS"
LFS,155075,0,"FOOD CUPBOARD","SPICES AND HERBS"
LFS,155076,0,"FOOD CUPBOARD","SPICES AND HERBS"
LFS,155077,0,"FOOD CUPBOARD","SPICES AND HERBS"
LFS,155078,0,"FOOD CUPBOARD","SPICES AND HERBS"
LFS,155079,0,"FOOD CUPBOARD","SPICES AND HERBS"
LFS,155080,0,"FOOD CUPBOARD","SPICES AND HERBS"
LFS,155081,0,"FOOD CUPBOARD","SPICES AND HERBS"
LFS,155082,0,"FOOD CUPBOARD","SPICES AND HERBS"
LFS,155083,0,"FOOD CUPBOARD","SPICES AND HERBS"
LFS,155084,0,"FOOD CUPBOARD","SPICES AND HERBS"
LFS,155086,0,"FOOD CUPBOARD","SPICES AND HERBS"
LFS,155114,0,"HOME AND PERSONAL CARE","INFANT AND BABY CARE"
LFS,155115,0,"HOME AND PERSONAL CARE","INFANT AND BABY CARE"
LFS,155116,0,"HOME AND PERSONAL CARE","INFANT AND BABY CARE"
LFS,155132,0,"FOOD CUPBOARD","BREAKFAST CEREALS"
LFS,155137,0,"HOME AND PERSONAL CARE",DISPOSABLE
LFS,155138,0,"HOME AND PERSONAL CARE",DISPOSABLE
LFS,155139,0,"HOME AND PERSONAL CARE",DISPOSABLE
LFS,155140,0,"HOME AND PERSONAL CARE",DISPOSABLE
LFS,155142,0,"HOME AND PERSONAL CARE",DISPOSABLE
LFS,155143,0,"HOME AND PERSONAL CARE",DISPOSABLE
LFS,155145,0,"HOME AND PERSONAL CARE",DISPOSABLE
LFS,155146,0,"HOME AND PERSONAL CARE",DISPOSABLE
LFS,155147,0,"HOME AND PERSONAL CARE",DISPOSABLE
LFS,155171,0,"FRUITS- IMPORT",VEGETABLES.
LFS,155172,0,"FRUITS- IMPORT",VEGETABLES.
LFS,147846,0,"FOOD CUPBOARD",CONFECTIONERY
LFS,147853,0,"HOME AND PERSONAL CARE","PET CARE"
LFS,147854,0,"FOOD CUPBOARD",BISCUITS
LFS,147856,0,"FOOD CUPBOARD","MILK AND CREAMERS"
LFS,147860,0,"FOOD CUPBOARD","MILK AND CREAMERS"
LFS,147861,0,BEVERAGES,COFFEE
LFS,147862,0,BEVERAGES,COFFEE
LFS,147864,0,BEVERAGES,COFFEE
LFS,147868,0,"FOOD CUPBOARD","SPREADS AND TOPPING"
LFS,147872,0,"FOOD CUPBOARD","SPREADS AND TOPPING"
LFS,150833,0,"HOME AND PERSONAL CARE","INSECTICIDES AND RODENT CONTROL"
LFS,150838,0,"HOME AND PERSONAL CARE","PERSONAL WASH"
LFS,150841,0,"HOME AND PERSONAL CARE","PERSONAL WASH"
LFS,150843,0,"HOME AND PERSONAL CARE","PERSONAL WASH"
LFS,150945,0,"FRESH DAIRY AND EGGS","Farm Eggs"
LFS,150960,0,"FRESH DAIRY AND EGGS","Farm Eggs"
LFS,151007,0,BEVERAGES,"MINERAL WATER"
LFS,151020,0,"HOME AND PERSONAL CARE","PET CARE"
LFS,153245,0,"BEVERAGES ALCOHOLIC",LIQUER
LFS,153251,0,"BEVERAGES ALCOHOLIC",TEQUILA
LFS,153252,0,"BEVERAGES ALCOHOLIC",TEQUILA
LFS,153253,0,"BEVERAGES ALCOHOLIC",LIQUER
LFS,153254,0,"BEVERAGES ALCOHOLIC","CREAM LIQUER"
LFS,153284,0,"FRUITS- IMPORT",VEGETABLES.
LFS,153301,0,"FOOD CUPBOARD",SOUKS
LFS,153358,0,BAKERY,BREADS
LFS,153364,0,BAKERY,BREADS
LFS,153404,0,"FRUITS- IMPORT",Fruits
LFS,153442,0,"HOME AND PERSONAL CARE",DISPOSABLE
LFS,153484,0,"FRESH DAIRY AND EGGS",DELI
LFS,153488,0,"BEVERAGES ALCOHOLIC","CAN VODKA"
LFS,153489,0,"BEVERAGES ALCOHOLIC",WHISKEY
LFS,153491,0,BEVERAGES,"MINERAL WATER"
LFS,155228,0,"FRUITS- IMPORT",VEGETABLES.
LFS,155242,0,"FOOD CUPBOARD",CONDIMENTS
LFS,155256,0,"BEVERAGES ALCOHOLIC","CREAM LIQUER"
LFS,155258,0,"FROZEN FOOD","FLAVOURED YOGHURT"
LFS,155259,0,"FROZEN FOOD","FLAVOURED YOGHURT"
LFS,155333,0,BEVERAGES,"MINERAL WATER"
LFS,155335,0,BEVERAGES,"MINERAL WATER"
LFS,155336,0,BEVERAGES,"MINERAL WATER"
LFS,147876,0,"FOOD CUPBOARD",CONFECTIONERY
LFS,147877,0,"FOOD CUPBOARD","SPREADS AND TOPPING"
LFS,147885,0,"FOOD CUPBOARD","SPICES AND HERBS"
LFS,147894,0,"FROZEN FOOD","POTATO CHIPS"
LFS,147896,0,"FOOD CUPBOARD","DRINKING POWDER"
LFS,147897,0,BEVERAGES,JUICE
LFS,147898,0,BEVERAGES,TEA
LFS,147904,0,"FOOD CUPBOARD",CONFECTIONERY
LFS,147908,0,"FOOD CUPBOARD",BISCUITS
LFS,151025,0,"HOME AND PERSONAL CARE","PET CARE"
LFS,151026,0,"HOME AND PERSONAL CARE","PET CARE"
LFS,151027,0,"HOME AND PERSONAL CARE","PET CARE"
LFS,151028,0,"HOME AND PERSONAL CARE","PET CARE"
LFS,151029,0,BEVERAGES,DRINKS
LFS,151030,0,BEVERAGES,DRINKS
LFS,151036,0,BEVERAGES,DRINKS
LFS,151037,0,BEVERAGES,DRINKS
LFS,151038,0,BEVERAGES,DRINKS
LFS,151039,0,BEVERAGES,DRINKS
LFS,151040,0,BEVERAGES,DRINKS
LFS,151108,0,"FOOD CUPBOARD",BISCUITS
LFS,151130,0,"FRUITS- IMPORT",VEGETABLES.
LFS,151134,0,"FRUITS- IMPORT",VEGETABLES.
LFS,151165,0,"FOOD CUPBOARD","EDIBLE OILS AND GHEE"
LFS,153521,0,"FRESH DAIRY AND EGGS",Butters
LFS,153522,0,"FRESH DAIRY AND EGGS",Yoghurt
LFS,153523,0,"FRESH DAIRY AND EGGS",Yoghurt
LFS,153525,0,"FRESH DAIRY AND EGGS",Yoghurt
LFS,153526,0,"FRESH DAIRY AND EGGS",Yoghurt
LFS,153601,0,"FROZEN FOOD","FRENCH FRIES"
LFS,153602,0,"FROZEN FOOD","FRENCH FRIES"
LFS,153725,0,"FOOD CUPBOARD",CONFECTIONERY
LFS,153896,0,"FOOD CUPBOARD","SPICES AND HERBS"
LFS,154031,0,"HOME AND PERSONAL CARE","HOUSEHOLD CLEANERS"
LFS,154033,0,"HOME AND PERSONAL CARE","HOUSEHOLD CLEANERS"
LFS,155457,0,"FOOD CUPBOARD","SPICES AND HERBS"
LFS,155575,0,"BEVERAGES ALCOHOLIC",WINES
LFS,155589,0,"FOOD CUPBOARD","CANNED FOOD"
LFS,155591,0,"FROZEN FOOD",ICE-CREAM
LFS,155592,0,"FROZEN FOOD",TURKEY
LFS,155593,0,"FROZEN FOOD",TURKEY
LFS,155600,0,"FRESH DAIRY AND EGGS",DELI
LFS,155639,0,"FROZEN FOOD",BEEF
LFS,155640,0,"FROZEN FOOD",BEEF
LFS,155643,0,"FROZEN FOOD",BEEF
LFS,155645,0,"FROZEN FOOD",BEEF
LFS,155646,0,"FROZEN FOOD",BEEF
LFS,147909,0,"FOOD CUPBOARD",BISCUITS
LFS,147910,0,BEVERAGES,"DRINKING POWDERS"
LFS,147926,0,"FOOD CUPBOARD",CONFECTIONERY
LFS,147930,0,"FOOD CUPBOARD",CONFECTIONERY
LFS,151169,0,"FOOD CUPBOARD","CANNED FOOD"
LFS,151172,0,"FOOD CUPBOARD","CANNED FOOD"
LFS,151173,0,"FOOD CUPBOARD","CANNED FOOD"
LFS,151176,0,"FOOD CUPBOARD","CANNED FOOD"
LFS,151178,0,"FOOD CUPBOARD","CANNED FOOD"
LFS,151181,0,"FOOD CUPBOARD","CANNED FOOD"
LFS,151182,0,"FOOD CUPBOARD","CANNED FOOD"
LFS,151396,0,"FOOD CUPBOARD",BISCUITS
LFS,154034,0,"HOME AND PERSONAL CARE","HOUSEHOLD CLEANERS"
LFS,154035,0,"HOME AND PERSONAL CARE","HOUSEHOLD CLEANERS"
LFS,154041,0,"HOME AND PERSONAL CARE","PERSONAL WASH"
LFS,154042,0,"HOME AND PERSONAL CARE","PERSONAL WASH"
LFS,154047,0,"HOME AND PERSONAL CARE","LAUNDRY CARE"
LFS,154053,0,"HOME AND PERSONAL CARE","FEMININE CARE"
LFS,154055,0,"HOME AND PERSONAL CARE","FEMININE CARE"
LFS,154056,0,"HOME AND PERSONAL CARE","FEMININE CARE"
LFS,154058,0,"HOME AND PERSONAL CARE","FEMININE CARE"
LFS,154060,0,"HOME AND PERSONAL CARE","FEMININE CARE"
LFS,154061,0,"HOME AND PERSONAL CARE","FEMININE CARE"
LFS,154062,0,"HOME AND PERSONAL CARE","FEMININE CARE"
LFS,154090,0,"HOME AND PERSONAL CARE","FEMININE CARE"
LFS,155652,0,"FROZEN FOOD",BEEF
LFS,155668,0,"HOME AND PERSONAL CARE",FRAGRANCES
LFS,155669,0,"HOME AND PERSONAL CARE",FRAGRANCES
LFS,155673,0,"FOOD CUPBOARD","SPREADS AND TOPPING"
LFS,155674,0,"FOOD CUPBOARD","SPREADS AND TOPPING"
LFS,155678,0,"FRUITS- IMPORT",Fruits
LFS,155679,0,"HOME AND PERSONAL CARE","PERSONAL WASH"
LFS,155705,0,"HOME AND PERSONAL CARE","PERSONAL WASH"
LFS,155711,0,"HOME AND PERSONAL CARE",FRAGRANCES
LFS,155713,0,"HOME AND PERSONAL CARE",FRAGRANCES
LFS,155714,0,"HOME AND PERSONAL CARE",FRAGRANCES
LFS,155719,0,"FRUITS- IMPORT",VEGETABLES.
LFS,147932,0,"FOOD CUPBOARD",CONFECTIONERY
LFS,147935,0,"FOOD CUPBOARD",CONFECTIONERY
LFS,147941,0,"FOOD CUPBOARD","SPREADS AND TOPPING"
LFS,147945,0,"HOME AND PERSONAL CARE","PET CARE"
LFS,147950,0,"FOOD CUPBOARD","NOODLES AND SOUP"
LFS,147952,0,"FOOD CUPBOARD","NOODLES AND SOUP"
LFS,147953,0,"HOME AND PERSONAL CARE",FRESHENERS
LFS,147956,0,"FOOD CUPBOARD","SPICES AND HERBS"
LFS,147990,0,BEVERAGES,DRINKS
LFS,147995,0,BEVERAGES,DRINKS
LFS,147996,0,BEVERAGES,DRINKS
LFS,14805,0,"HOME AND PERSONAL CARE","PERSONAL WASH"
LFS,151405,0,"HOME AND PERSONAL CARE",DISPOSABLE
LFS,151485,0,"FRESH DAIRY AND EGGS",cheeses
LFS,151486,0,"FRESH DAIRY AND EGGS",cheeses
LFS,151489,0,"FOOD CUPBOARD",CONDIMENTS
LFS,151490,0,"FOOD CUPBOARD",CONDIMENTS
LFS,151507,0,"HOME AND PERSONAL CARE","SKIN CARE"
LFS,154092,0,"HOME AND PERSONAL CARE","FEMININE CARE"
LFS,154096,0,"HOME AND PERSONAL CARE","FEMININE CARE"
LFS,154098,0,"HOME AND PERSONAL CARE","FEMININE CARE"
LFS,154111,0,"HOME AND PERSONAL CARE","LAUNDRY CARE"
LFS,154131,0,"HOME AND PERSONAL CARE","PET CARE"
LFS,154146,0,"FOOD CUPBOARD","HONEY  JAM AND MARMALADE"
LFS,154149,0,"FOOD CUPBOARD","HONEY  JAM AND MARMALADE"
LFS,154155,0,"FOOD CUPBOARD","HONEY  JAM AND MARMALADE"
LFS,154160,0,"HOME AND PERSONAL CARE","PERSONAL WASH"
LFS,155722,0,BUTCHERY,SEAFOOD
LFS,155729,0,"FRESH DAIRY AND EGGS",DELI
LFS,155730,0,"HOME AND PERSONAL CARE","COLOR COSMETICS"
LFS,155731,0,"HOME AND PERSONAL CARE","PERSONAL WASH"
LFS,155732,0,"HOME AND PERSONAL CARE","COLOR COSMETICS"
LFS,155734,0,"HOME AND PERSONAL CARE","COLOR COSMETICS"
LFS,155735,0,"HOME AND PERSONAL CARE",DISPOSABLE
LFS,155736,0,"HOME AND PERSONAL CARE","COLOR COSMETICS"
LFS,155753,0,"FRUITS- IMPORT",VEGETABLES.
LFS,155756,0,"HOME AND PERSONAL CARE",FRAGRANCES
LFS,155758,0,"HOME AND PERSONAL CARE",FRAGRANCES
LFS,155759,0,"HOME AND PERSONAL CARE",FRAGRANCES
LFS,14806,0,"HOME AND PERSONAL CARE","PERSONAL WASH"
LFS,14809,0,"HOME AND PERSONAL CARE","PERSONAL WASH"
LFS,14810,0,"HOME AND PERSONAL CARE","PERSONAL WASH"
LFS,14811,0,"HOME AND PERSONAL CARE","HOUSEHOLD CLEANERS"
LFS,14812,0,"HOME AND PERSONAL CARE","HOUSEHOLD CLEANERS"
LFS,14813,0,"HOME AND PERSONAL CARE","HEALTH AND WELLNESS"
LFS,14818,0,"HOME AND PERSONAL CARE","HOUSEHOLD CLEANERS"
LFS,14819,0,"HOME AND PERSONAL CARE","HOUSEHOLD CLEANERS"
LFS,14820,0,"HOME AND PERSONAL CARE","HOUSEHOLD CLEANERS"
LFS,14821,0,"HOME AND PERSONAL CARE","HOUSEHOLD CLEANERS"
LFS,14822,0,"HOME AND PERSONAL CARE","LAUNDRY CARE"
LFS,14824,0,"HOME AND PERSONAL CARE","PERSONAL WASH"
LFS,14825,0,"HOME AND PERSONAL CARE","LAUNDRY CARE"
LFS,14826,0,"HOME AND PERSONAL CARE","LAUNDRY CARE"
LFS,14827,0,"HOME AND PERSONAL CARE","LAUNDRY CARE"
LFS,148278,0,"HOME AND PERSONAL CARE",DISPOSABLE
LFS,148279,0,"HOME AND PERSONAL CARE",DISPOSABLE
LFS,14828,0,"HOME AND PERSONAL CARE","LAUNDRY CARE"
LFS,148365,0,"FOOD CUPBOARD",BISCUITS
LFS,148366,0,"FOOD CUPBOARD",CONFECTIONERY
LFS,151519,0,"HOME AND PERSONAL CARE",FRAGRANCES
LFS,151526,0,"HOME AND PERSONAL CARE",FRAGRANCES
LFS,151545,0,"HOME AND PERSONAL CARE",FRAGRANCES
LFS,151554,0,"FOOD CUPBOARD","SPICES AND HERBS"
LFS,151562,0,"HOME AND PERSONAL CARE",FRAGRANCES
LFS,151566,0,"HOME AND PERSONAL CARE",FRAGRANCES
LFS,151567,0,"HOME AND PERSONAL CARE",FRAGRANCES
LFS,151569,0,"HOME AND PERSONAL CARE",FRAGRANCES
LFS,151570,0,"HOME AND PERSONAL CARE",FRAGRANCES
LFS,154176,0,"FOOD CUPBOARD","NOODLES AND SOUP"
LFS,154178,0,"FOOD CUPBOARD","NOODLES AND SOUP"
LFS,154180,0,"FOOD CUPBOARD","RAW RICE"
LFS,154182,0,"FOOD CUPBOARD","RAW RICE"
LFS,154183,0,"FOOD CUPBOARD","RAW RICE"
LFS,154185,0,"FOOD CUPBOARD","NOODLES AND SOUP"
LFS,154189,0,"HOME AND PERSONAL CARE","HOUSEHOLD CLEANERS"
LFS,154196,0,"FOOD CUPBOARD",CONFECTIONERY
LFS,155765,0,"HOME AND PERSONAL CARE",FRAGRANCES
LFS,155789,0,BAKERY,BREADS
LFS,155799,0,"FOOD CUPBOARD",SNACKS
LFS,155800,0,"FOOD CUPBOARD",SNACKS
LFS,155802,0,"FOOD CUPBOARD",SNACKS
LFS,155803,0,"HOME AND PERSONAL CARE",DISPOSABLE
LFS,155804,0,"HOME AND PERSONAL CARE",DISPOSABLE
LFS,155805,0,"HOME AND PERSONAL CARE","INFANT AND BABY CARE"
LFS,155806,0,"FOOD CUPBOARD",SNACKS
LFS,155833,0,"BEVERAGES ALCOHOLIC",TEQUILA
LFS,155834,0,"BEVERAGES ALCOHOLIC",TEQUILA
LFS,155835,0,"BEVERAGES ALCOHOLIC",TEQUILA
LFS,155836,0,"BEVERAGES ALCOHOLIC",TEQUILA
LFS,155837,0,"BEVERAGES ALCOHOLIC",TEQUILA
LFS,155845,0,"BEVERAGES ALCOHOLIC",Champagne
LFS,155846,0,"BEVERAGES ALCOHOLIC",Champagne
LFS,155878,0,"FOOD CUPBOARD","PASTA AND SPAGHETTI"
LFS,148370,0,BAKERY,"CHOCOLATE COOKIES"
LFS,148543,0,BEVERAGES,"MINERAL WATER"
LFS,148545,0,BEVERAGES,"MINERAL WATER"
LFS,148547,0,BEVERAGES,"MINERAL WATER"
LFS,148548,0,BEVERAGES,"MINERAL WATER"
LFS,148565,0,BEVERAGES,DRINKS
LFS,148715,0,"BEVERAGES ALCOHOLIC",TOBACCO
LFS,148829,0,BAKERY,OTHER
LFS,148832,0,BAKERY,OTHER
LFS,148882,0,"HOME AND PERSONAL CARE","PERSONAL WASH"
LFS,148891,0,"HOME AND PERSONAL CARE","HOUSEHOLD CLEANERS"
LFS,151577,0,"HOME AND PERSONAL CARE",FRAGRANCES
LFS,151582,0,"HOME AND PERSONAL CARE",FRAGRANCES
LFS,151583,0,"HOME AND PERSONAL CARE",FRAGRANCES
LFS,151586,0,"HOME AND PERSONAL CARE",FRAGRANCES
LFS,151587,0,"HOME AND PERSONAL CARE",FRAGRANCES
LFS,151588,0,"HOME AND PERSONAL CARE",FRAGRANCES
LFS,151591,0,"HOME AND PERSONAL CARE",FRAGRANCES
LFS,151592,0,"HOME AND PERSONAL CARE",FRAGRANCES
LFS,151597,0,"HOME AND PERSONAL CARE",FRAGRANCES
LFS,151628,0,"HOME AND PERSONAL CARE",FRAGRANCES
LFS,151717,0,"FRESH DAIRY AND EGGS",DELI
LFS,154199,0,"FOOD CUPBOARD",CONFECTIONERY
LFS,154204,0,"FOOD CUPBOARD","SPREADS AND TOPPING"
LFS,154207,0,"FOOD CUPBOARD",CONFECTIONERY
LFS,154233,0,"FOOD CUPBOARD",CONDIMENTS
LFS,154268,0,"FOOD CUPBOARD","SPREADS AND TOPPING"
LFS,154270,0,"FOOD CUPBOARD","SPREADS AND TOPPING"
LFS,154280,0,"FOOD CUPBOARD","SPREADS AND TOPPING"
LFS,154285,0,"FOOD CUPBOARD",BISCUITS
LFS,155896,0,"FOOD CUPBOARD","SPREADS AND TOPPING"
LFS,155907,0,"FOOD CUPBOARD",SNACKS
LFS,155908,0,"FOOD CUPBOARD",SNACKS
LFS,155909,0,"FOOD CUPBOARD",SNACKS
LFS,155910,0,"FOOD CUPBOARD",SNACKS
LFS,155912,0,"FOOD CUPBOARD",SNACKS
LFS,155913,0,"FOOD CUPBOARD",SNACKS
LFS,155914,0,"FOOD CUPBOARD","SPREADS AND TOPPING"
LFS,155918,0,"FOOD CUPBOARD","BREAKFAST CEREALS"
LFS,155919,0,"FOOD CUPBOARD","BREAKFAST CEREALS"
LFS,155921,0,"FOOD CUPBOARD","BREAKFAST CEREALS"
LFS,155932,0,"HOME AND PERSONAL CARE","COLOR COSMETICS"
LFS,148914,0,"FOOD CUPBOARD","SPREADS AND TOPPING"
LFS,148976,0,"HOME AND PERSONAL CARE","LAUNDRY CARE"
LFS,148978,0,"HOME AND PERSONAL CARE","HOUSEHOLD CLEANERS"
LFS,149011,0,"FOOD CUPBOARD",SNACKS
LFS,149012,0,"FOOD CUPBOARD",BISCUITS
LFS,149044,0,"FOOD CUPBOARD",SNACKS
LFS,149047,0,"FOOD CUPBOARD",SNACKS
LFS,149050,0,"FOOD CUPBOARD",SNACKS
LFS,149073,0,"FOOD CUPBOARD","MILK AND CREAMERS"
LFS,149075,0,"FOOD CUPBOARD","NOODLES AND SOUP"
LFS,149095,0,BEVERAGES,TEA
LFS,149096,0,BEVERAGES,TEA
LFS,151909,0,BEVERAGES,COFFEE
LFS,152032,0,"FOOD CUPBOARD",SOUKS
LFS,152063,0,"HOME AND PERSONAL CARE","SKIN CARE"
LFS,154286,0,"FOOD CUPBOARD",CONFECTIONERY
LFS,154291,0,"FOOD CUPBOARD",SNACKS
LFS,154294,0,"FOOD CUPBOARD","BREAKFAST CEREALS"
LFS,154296,0,"FOOD CUPBOARD","BREAKFAST CEREALS"
LFS,154303,0,"FOOD CUPBOARD",CONFECTIONERY
LFS,154326,0,"FROZEN FOOD",DESSERT
LFS,154335,0,"FOOD CUPBOARD",BISCUITS
LFS,154353,0,"FOOD CUPBOARD",CONDIMENTS
LFS,155934,0,"HOME AND PERSONAL CARE","HAIR CARE"
LFS,155936,0,"HOME AND PERSONAL CARE","HAIR CARE"
LFS,155952,0,"FROZEN FOOD",BUTTER
LFS,155957,0,"FOOD CUPBOARD","CANNED FOOD"
LFS,155958,0,"FOOD CUPBOARD","CANNED FOOD"
LFS,155959,0,"FOOD CUPBOARD","CANNED FOOD"
LFS,155982,0,"FOOD CUPBOARD",SOUKS
LFS,155983,0,"HOME AND PERSONAL CARE","ORAL CARE"
LFS,155984,0,"HOME AND PERSONAL CARE","ORAL CARE"
LFS,149097,0,BEVERAGES,TEA
LFS,149098,0,BEVERAGES,TEA
LFS,149100,0,BEVERAGES,TEA
LFS,149103,0,BEVERAGES,TEA
LFS,149105,0,BEVERAGES,TEA
LFS,149107,0,BEVERAGES,TEA
LFS,149109,0,BEVERAGES,TEA
LFS,149110,0,BEVERAGES,TEA
LFS,149111,0,BEVERAGES,TEA
LFS,149116,0,"FOOD CUPBOARD",CONFECTIONERY
LFS,149119,0,BEVERAGES,TEA
LFS,149120,0,BEVERAGES,TEA
LFS,149122,0,BEVERAGES,TEA
LFS,149142,0,BEVERAGES,DRINKS
LFS,152085,0,"HOME AND PERSONAL CARE","PERSONAL WASH"
LFS,152087,0,"HOME AND PERSONAL CARE","PERSONAL WASH"
LFS,152089,0,"HOME AND PERSONAL CARE","PERSONAL WASH"
LFS,15210,0,"FOOD CUPBOARD","SPICES AND HERBS"
LFS,15211,0,BEVERAGES,"COCOA POWDER"
LFS,154376,0,"FOOD CUPBOARD",SNACKS
LFS,154377,0,"FOOD CUPBOARD","HONEY  JAM AND MARMALADE"
LFS,154378,0,"FOOD CUPBOARD",SNACKS
LFS,154380,0,BEVERAGES,COFFEE
LFS,154384,0,"FRUITS- IMPORT",Fruits
LFS,154385,0,"FRUITS- IMPORT",VEGETABLES.
LFS,154388,0,"FOOD CUPBOARD",SNACKS
LFS,154389,0,"FOOD CUPBOARD",SNACKS
LFS,154391,0,"FOOD CUPBOARD","SPREADS AND TOPPING"
LFS,154392,0,"FOOD CUPBOARD","READY TO EAT"
LFS,154394,0,"FOOD CUPBOARD","READY TO EAT"
LFS,156009,0,"HOME AND PERSONAL CARE","HOUSEHOLD CLEANERS"
LFS,156032,0,BEVERAGES,COFFEE
LFS,156033,0,BEVERAGES,COFFEE
LFS,156071,0,"BEVERAGES ALCOHOLIC",WINES
LFS,149218,0,"HOME AND PERSONAL CARE","INSECTICIDES AND RODENT CONTROL"
LFS,149219,0,"HOME AND PERSONAL CARE","INSECTICIDES AND RODENT CONTROL"
LFS,149220,0,"HOME AND PERSONAL CARE","INSECTICIDES AND RODENT CONTROL"
LFS,149270,0,"FROZEN FOOD",VEGETABLE
LFS,149284,0,"FOOD CUPBOARD",CONFECTIONERY
LFS,149285,0,"FRUITS- IMPORT",VEGETABLES.
LFS,152211,0,"HOME AND PERSONAL CARE","INFANT AND BABY CARE"
LFS,152215,0,"HOME AND PERSONAL CARE","MENS GROOMING"
LFS,152217,0,"HOME AND PERSONAL CARE","MENS GROOMING"
LFS,152218,0,"HOME AND PERSONAL CARE","FEMININE CARE"
LFS,152219,0,"HOME AND PERSONAL CARE","MENS GROOMING"
LFS,152220,0,"HOME AND PERSONAL CARE","FEMININE CARE"
LFS,152221,0,"HOME AND PERSONAL CARE","MENS GROOMING"
LFS,152252,0,"FOOD CUPBOARD",BISCUITS
LFS,152259,0,"FOOD CUPBOARD",CONFECTIONERY
LFS,152261,0,"FOOD CUPBOARD",BISCUITS
LFS,152269,0,"FOOD CUPBOARD",BISCUITS
LFS,152273,0,"FOOD CUPBOARD",BISCUITS
LFS,152291,0,"FOOD CUPBOARD","RAW RICE"
LFS,152299,0,"FOOD CUPBOARD","RAW RICE"
LFS,154404,0,"FOOD CUPBOARD","SPREADS AND TOPPING"
LFS,154406,0,"FOOD CUPBOARD","SPREADS AND TOPPING"
LFS,154407,0,"FOOD CUPBOARD","SPREADS AND TOPPING"
LFS,154409,0,"FOOD CUPBOARD","READY TO EAT"
LFS,154412,0,"FOOD CUPBOARD",SNACKS
LFS,154413,0,"FOOD CUPBOARD",SNACKS
LFS,154414,0,"FOOD CUPBOARD",SNACKS
LFS,154420,0,"FOOD CUPBOARD","SPREADS AND TOPPING"
LFS,154424,0,"FROZEN FOOD","POTATO CHIPS"
LFS,154429,0,"FOOD CUPBOARD",SNACKS
LFS,154430,0,BEVERAGES,JUICE
LFS,154431,0,BEVERAGES,JUICE
LFS,156135,0,"HOME AND PERSONAL CARE",FRESHENERS
LFS,156152,0,"HOME AND PERSONAL CARE",FRESHENERS
LFS,156224,0,"BEVERAGES ALCOHOLIC",WINES
LFS,156226,0,"BEVERAGES ALCOHOLIC",WINES
LFS,149286,0,BEVERAGES,JUICE
LFS,149287,0,BEVERAGES,JUICE
LFS,149288,0,BEVERAGES,JUICE
LFS,149289,0,BEVERAGES,JUICE
LFS,149290,0,BEVERAGES,JUICE
LFS,149291,0,BEVERAGES,JUICE
LFS,149292,0,BEVERAGES,JUICE
LFS,149293,0,BEVERAGES,JUICE
LFS,149295,0,BEVERAGES,JUICE
LFS,149324,0,"HOME AND PERSONAL CARE","PERSONAL WASH"
LFS,149332,0,"HOME AND PERSONAL CARE","HAIR CARE"
LFS,149334,0,"HOME AND PERSONAL CARE","HAIR CARE"
LFS,149337,0,"HOME AND PERSONAL CARE","INFANT AND BABY CARE"
LFS,149341,0,"HOME AND PERSONAL CARE","HAIR CARE"
LFS,152476,0,"FOOD CUPBOARD",CONFECTIONERY
LFS,152481,0,BEVERAGES,JUICE
LFS,152482,0,BEVERAGES,JUICE
LFS,152488,0,BEVERAGES,DRINKS
LFS,152492,0,"FOOD CUPBOARD","BAKING INGREDIENTS"
LFS,152494,0,"FOOD CUPBOARD","SPREADS AND TOPPING"
LFS,152495,0,"FOOD CUPBOARD","SPREADS AND TOPPING"
LFS,152496,0,"FOOD CUPBOARD",CONDIMENTS
LFS,152501,0,"FOOD CUPBOARD","SPICES AND HERBS"
LFS,154434,0,"FOOD CUPBOARD","SPREADS AND TOPPING"
LFS,154443,0,"FOOD CUPBOARD",CONFECTIONERY
LFS,154447,0,"HOME AND PERSONAL CARE","FEMININE CARE"
LFS,154452,0,"FROZEN FOOD",ICE-CREAM
LFS,154468,0,"FOOD CUPBOARD",SNACKS
LFS,156269,0,BEVERAGES,DRINKS
LFS,156271,0,"FOOD CUPBOARD",SNACKS
LFS,156276,0,BEVERAGES,JUICE
LFS,156277,0,BEVERAGES,JUICE
LFS,156278,0,BEVERAGES,JUICE
LFS,156279,0,BEVERAGES,JUICE
LFS,156281,0,BEVERAGES,JUICE
LFS,156282,0,BEVERAGES,JUICE
LFS,156289,0,"FOOD CUPBOARD","RAW RICE"
LFS,156290,0,"FOOD CUPBOARD","RAW RICE"
LFS,156291,0,"FOOD CUPBOARD","RAW RICE"
LFS,149342,0,"HOME AND PERSONAL CARE","HAIR CARE"
LFS,149361,0,"FRUITS- IMPORT",Fruits
LFS,149364,0,BEVERAGES,"MINERAL WATER"
LFS,149365,0,BEVERAGES,"MINERAL WATER"
LFS,149377,0,"HOME AND PERSONAL CARE","MENS GROOMING"
LFS,149387,0,"BEVERAGES ALCOHOLIC","VODKA BOTTLES"
LFS,149388,0,"HOME AND PERSONAL CARE",FRESHENERS
LFS,149389,0,"HOME AND PERSONAL CARE",FRESHENERS
LFS,149391,0,"HOME AND PERSONAL CARE",FRESHENERS
LFS,149393,0,"FRESH DAIRY AND EGGS",DELI
LFS,149396,0,"FOOD CUPBOARD",CONFECTIONERY
LFS,149399,0,"FOOD CUPBOARD",CONFECTIONERY
LFS,149426,0,"BEVERAGES ALCOHOLIC",WHISKEY
LFS,149462,0,"FRUITS- IMPORT",Fruits
LFS,149499,0,"FOOD CUPBOARD","SPICES AND HERBS"
LFS,149522,0,"FOOD CUPBOARD",BISCUITS
LFS,152503,0,"FOOD CUPBOARD","SPICES AND HERBS"
LFS,152505,0,"FOOD CUPBOARD","SPICES AND HERBS"
LFS,152506,0,"FOOD CUPBOARD","SPREADS AND TOPPING"
LFS,152509,0,BEVERAGES,"MINERAL WATER"
LFS,152510,0,"FOOD CUPBOARD",SAVOURIES
LFS,152511,0,"FOOD CUPBOARD",SAVOURIES
LFS,152512,0,"FOOD CUPBOARD",SAVOURIES
LFS,152513,0,"FOOD CUPBOARD",SAVOURIES
LFS,152514,0,"FOOD CUPBOARD",SAVOURIES
LFS,152515,0,"FOOD CUPBOARD",SAVOURIES
LFS,152525,0,"FOOD CUPBOARD",CONFECTIONERY
LFS,152532,0,"FOOD CUPBOARD",CONFECTIONERY
LFS,152533,0,"FOOD CUPBOARD",CONFECTIONERY
LFS,154475,0,"FOOD CUPBOARD",SNACKS
LFS,154479,0,"FOOD CUPBOARD",CONDIMENTS
LFS,154483,0,"FOOD CUPBOARD",CONFECTIONERY
LFS,154490,0,"FOOD CUPBOARD",CONFECTIONERY
LFS,154497,0,"BEVERAGES ALCOHOLIC",WHISKEY
LFS,154498,0,"BEVERAGES ALCOHOLIC",WHISKEY
LFS,154499,0,"BEVERAGES ALCOHOLIC",WHISKEY
LFS,154500,0,"BEVERAGES ALCOHOLIC",WHISKEY
LFS,154501,0,"BEVERAGES ALCOHOLIC",WHISKEY
LFS,154503,0,"BEVERAGES ALCOHOLIC","COGNAC / BRANDY"
LFS,154505,0,"BEVERAGES ALCOHOLIC","COGNAC / BRANDY"
LFS,154508,0,"BEVERAGES ALCOHOLIC",WINES
LFS,154523,0,"FRUITS- IMPORT",VEGETABLES.
LFS,156292,0,"FOOD CUPBOARD","GRAINS AND PULSES"
LFS,156293,0,"FOOD CUPBOARD",SNACKS
LFS,156294,0,"FOOD CUPBOARD","SPICES AND HERBS"
LFS,156296,0,"FOOD CUPBOARD","BREAKFAST CEREALS"
LFS,156362,0,"HOME AND PERSONAL CARE","HEALTH AND WELLNESS"
LFS,156382,0,"FRESH DAIRY AND EGGS","Deli Pork"
LFS,156389,0,"FRESH DAIRY AND EGGS","Deli Pork"
LFS,156391,0,"FRESH DAIRY AND EGGS","Deli Pork"
LFS,156398,0,"FOOD CUPBOARD",CONFECTIONERY
LFS,156428,0,"FOOD CUPBOARD",BISCUITS
LFS,149530,0,"FOOD CUPBOARD",BISCUITS
LFS,149538,0,"FOOD CUPBOARD",BISCUITS
LFS,149547,0,"FOOD CUPBOARD",BISCUITS
LFS,149548,0,"FOOD CUPBOARD",BISCUITS
LFS,149551,0,"FOOD CUPBOARD",BISCUITS
LFS,149557,0,"FOOD CUPBOARD",BISCUITS
LFS,149558,0,"FOOD CUPBOARD",BISCUITS
LFS,149576,0,"HOME AND PERSONAL CARE",FRAGRANCES
LFS,149577,0,"HOME AND PERSONAL CARE",FRAGRANCES
LFS,149579,0,"HOME AND PERSONAL CARE","PERSONAL WASH"
LFS,149580,0,"HOME AND PERSONAL CARE","PERSONAL WASH"
LFS,152537,0,"FOOD CUPBOARD",CONFECTIONERY
LFS,152540,0,"FOOD CUPBOARD",CONFECTIONERY
LFS,152557,0,"BEVERAGES ALCOHOLIC",WINES
LFS,152558,0,"BEVERAGES ALCOHOLIC",WINES
LFS,152559,0,"BEVERAGES ALCOHOLIC",WINES
LFS,152567,0,"FOOD CUPBOARD","BREAKFAST CEREALS"
LFS,152572,0,"FOOD CUPBOARD",CONFECTIONERY
LFS,152573,0,"FOOD CUPBOARD",CONFECTIONERY
LFS,152574,0,"FOOD CUPBOARD",CONFECTIONERY
LFS,152575,0,"FOOD CUPBOARD",CONFECTIONERY
LFS,152577,0,"FOOD CUPBOARD",CONFECTIONERY
LFS,154548,0,"FRUITS- IMPORT",VEGETABLES.
LFS,154567,0,"FRESH DAIRY AND EGGS",cheeses
LFS,154568,0,"FRESH DAIRY AND EGGS",Yoghurt
LFS,154571,0,"FRESH DAIRY AND EGGS",DELI
LFS,154572,0,"FRESH DAIRY AND EGGS",DELI
LFS,154575,0,"FRESH DAIRY AND EGGS",DELI
LFS,154576,0,"FRESH DAIRY AND EGGS",DELI
LFS,154577,0,"FRESH DAIRY AND EGGS",DELI
LFS,154578,0,"FRESH DAIRY AND EGGS",DELI
LFS,154580,0,"FRESH DAIRY AND EGGS",DELI
LFS,154583,0,"FRESH DAIRY AND EGGS",DELI
LFS,156429,0,"FOOD CUPBOARD",BISCUITS
LFS,156433,0,"FOOD CUPBOARD",BISCUITS
LFS,156435,0,"FOOD CUPBOARD",BISCUITS
LFS,156437,0,"FOOD CUPBOARD",BISCUITS
LFS,156438,0,"FOOD CUPBOARD",BISCUITS
LFS,156439,0,"FOOD CUPBOARD",BISCUITS
LFS,156483,0,"FRESH DAIRY AND EGGS",DELI
LFS,156494,0,"FOOD CUPBOARD",CONDIMENTS
LFS,156497,0,"FOOD CUPBOARD",CONDIMENTS
LFS,149582,0,"HOME AND PERSONAL CARE","PERSONAL WASH"
LFS,149659,0,"BEVERAGES ALCOHOLIC",WHISKEY
LFS,149661,0,"BEVERAGES ALCOHOLIC",WHISKEY
LFS,149662,0,"BEVERAGES ALCOHOLIC",WHISKEY
LFS,149669,0,"FROZEN FOOD","FROZEN SNACKS - VEG"
LFS,149735,0,"FOOD CUPBOARD",BISCUITS
LFS,149815,0,"FOOD CUPBOARD","INSTANT MIX"
LFS,149855,0,"FRESH DAIRY AND EGGS",DELI
LFS,149866,0,"BEVERAGES ALCOHOLIC",LIQUER
LFS,149867,0,"BEVERAGES ALCOHOLIC",LIQUER
LFS,149868,0,"BEVERAGES ALCOHOLIC",LIQUER
LFS,149869,0,"BEVERAGES ALCOHOLIC",LIQUER
LFS,149870,0,BEVERAGES,"NON ALCOHOLIC"
LFS,149871,0,"BEVERAGES ALCOHOLIC",LIQUER
LFS,149872,0,"BEVERAGES ALCOHOLIC",LIQUER
LFS,149873,0,"BEVERAGES ALCOHOLIC",LIQUER
LFS,149874,0,"BEVERAGES ALCOHOLIC","VODKA BOTTLES"
LFS,152579,0,"FOOD CUPBOARD",CONFECTIONERY
LFS,152582,0,"FOOD CUPBOARD",CONFECTIONERY
LFS,152591,0,BEVERAGES,COFFEE
LFS,152592,0,BEVERAGES,COFFEE
LFS,152606,0,"FRUITS- IMPORT",VEGETABLES.
LFS,142875,0,"FOOD CUPBOARD",SNACKS
LFS,142898,0,"HOME AND PERSONAL CARE",FRESHENERS
LFS,144247,0,"HOME AND PERSONAL CARE","INFANT AND BABY CARE"
LFS,144261,0,"HOME AND PERSONAL CARE","INFANT AND BABY CARE"
LFS,144264,0,"HOME AND PERSONAL CARE","INFANT AND BABY CARE"
LFS,144266,0,"HOME AND PERSONAL CARE",FRESHENERS
LFS,144274,0,"HOME AND PERSONAL CARE",FRESHENERS
LFS,144275,0,"HOME AND PERSONAL CARE",FRESHENERS
LFS,144276,0,"HOME AND PERSONAL CARE",FRESHENERS
LFS,144277,0,"HOME AND PERSONAL CARE","INFANT AND BABY CARE"
LFS,144278,0,"HOME AND PERSONAL CARE","INFANT AND BABY CARE"
LFS,144281,0,"HOME AND PERSONAL CARE","INFANT AND BABY CARE"
LFS,144290,0,"FRESH DAIRY AND EGGS","Deli Turkey"
LFS,144291,0,"FRESH DAIRY AND EGGS","Deli Beef"
LFS,144292,0,"FRESH DAIRY AND EGGS","Deli Beef"
LFS,147641,0,BEVERAGES,TEA
LFS,147654,0,"FOOD CUPBOARD","SPREADS AND TOPPING"
LFS,147655,0,"FOOD CUPBOARD","SPREADS AND TOPPING"
LFS,147656,0,"FOOD CUPBOARD","CANNED FOOD"
LFS,147658,0,"FOOD CUPBOARD","CANNED FOOD"
LFS,147761,0,BEVERAGES,DRINKS
LFS,140841,0,"FROZEN FOOD","FROZEN SNACKS - NON VEG"
LFS,140843,0,"FROZEN FOOD","FROZEN SNACKS - NON VEG"
LFS,140879,0,"FROZEN FOOD","FRENCH FRIES"
LFS,140897,0,"FROZEN FOOD",ICE-CREAM
LFS,140900,0,"FROZEN FOOD",ICE-CREAM
LFS,140902,0,"FROZEN FOOD",ICE-CREAM
LFS,140909,0,"FROZEN FOOD",ICE-CREAM
LFS,140911,0,"FROZEN FOOD",ICE-CREAM
LFS,140916,0,"FROZEN FOOD","FROZEN SNACKS - VEG"
LFS,140918,0,"FROZEN FOOD","FROZEN SNACKS - VEG"
LFS,140919,0,"FROZEN FOOD","FROZEN SNACKS - VEG"
LFS,140920,0,"FROZEN FOOD","FROZEN SNACKS - VEG"
LFS,140921,0,"FROZEN FOOD","FROZEN SNACKS - VEG"
LFS,140922,0,"FROZEN FOOD","FROZEN SNACKS - VEG"
LFS,140927,0,"FROZEN FOOD","FROZEN SNACKS - NON VEG"
LFS,140928,0,"FROZEN FOOD","FROZEN SNACKS - NON VEG"
LFS,144313,0,"HOME AND PERSONAL CARE",FRESHENERS
LFS,144314,0,"HOME AND PERSONAL CARE","HEALTH AND WELLNESS"
LFS,144320,0,"HOME AND PERSONAL CARE","HAIR CARE"
LFS,144323,0,"HOME AND PERSONAL CARE","SKIN CARE"
LFS,144335,0,"HOME AND PERSONAL CARE",FRESHENERS
LFS,144337,0,"HOME AND PERSONAL CARE",FRESHENERS
LFS,144451,0,"FROZEN FOOD",CHEESE
LFS,144452,0,"FROZEN FOOD",CHEESE
LFS,144453,0,"FROZEN FOOD",CHEESE
LFS,144523,0,BUTCHERY,"IMPORTED MEAT"
LFS,144528,0,"FROZEN FOOD",BEEF
LFS,144545,0,"FOOD CUPBOARD",CONFECTIONERY
LFS,144751,0,"FRUITS- IMPORT",VEGETABLES.
LFS,145258,0,BEVERAGES,"NON ALCOHOLIC"
LFS,145259,0,BEVERAGES,"NON ALCOHOLIC"
LFS,145282,0,"HOME AND PERSONAL CARE","PERSONAL WASH"
LFS,145288,0,"HOME AND PERSONAL CARE","PERSONAL WASH"
LFS,14533,0,"BEVERAGES ALCOHOLIC","BOTTLE BEER"
LFS,145347,0,"HOME AND PERSONAL CARE","PERSONAL WASH"
LFS,145442,0,"FRUITS- IMPORT",VEGETABLES.
LFS,145444,0,"FRUITS- IMPORT",VEGETABLES.
LFS,145445,0,"FRUITS- IMPORT",VEGETABLES.
LFS,145447,0,"FRUITS- IMPORT",VEGETABLES.
LFS,145448,0,"FRUITS- IMPORT",VEGETABLES.
LFS,145454,0,"FOOD CUPBOARD",CONFECTIONERY
LFS,145455,0,"FOOD CUPBOARD",CONFECTIONERY
LFS,14546,0,"FRESH DAIRY AND EGGS",cheeses
LFS,145461,0,"HOME AND PERSONAL CARE",DISPOSABLE
LFS,145475,0,"FOOD CUPBOARD",BISCUITS
LFS,145483,0,BEVERAGES,"MINERAL WATER"
LFS,147795,0,"FOOD CUPBOARD",BISCUITS
LFS,147832,0,"FOOD CUPBOARD",SNACKS
LFS,147834,0,"FOOD CUPBOARD",CONFECTIONERY
LFS,147836,0,"FOOD CUPBOARD",CONFECTIONERY
LFS,147837,0,"FOOD CUPBOARD",CONFECTIONERY
LFS,147839,0,BEVERAGES,JUICE
LFS,147840,0,"FOOD CUPBOARD",CONFECTIONERY
LFS,147842,0,"FOOD CUPBOARD",CONFECTIONERY
LFS,147844,0,"FOOD CUPBOARD",CONFECTIONERY
LFS,140933,0,"FROZEN FOOD","FROZEN SNACKS - VEG"
LFS,140942,0,"FROZEN FOOD","FROZEN SNACKS - NON VEG"
LFS,140943,0,"FROZEN FOOD","FROZEN SNACKS - VEG"
LFS,140977,0,BEVERAGES,JUICE
LFS,140987,0,"HOME AND PERSONAL CARE","PERSONAL WASH"
LFS,141056,0,BEVERAGES,COFFEE
LFS,141062,0,BEVERAGES,COFFEE
LFS,141066,0,BEVERAGES,COFFEE
LFS,141067,0,BEVERAGES,COFFEE
LFS,141092,0,"FOOD CUPBOARD",CONFECTIONERY
LFS,141268,0,"FROZEN FOOD","FROZEN SNACKS - NON VEG"
LFS,14480,0,"FOOD CUPBOARD","NOODLES AND SOUP"
LFS,14486,0,"BEVERAGES ALCOHOLIC",WINES
LFS,145017,0,"FRESH DAIRY AND EGGS",cheeses
LFS,14503,0,"HOME AND PERSONAL CARE",DISPOSABLE
LFS,14506,0,"HOME AND PERSONAL CARE",DISPOSABLE
LFS,145088,0,"FRESH DAIRY AND EGGS","Deli Turkey"
LFS,145167,0,"BEVERAGES ALCOHOLIC","VODKA BOTTLES"
LFS,145169,0,"BEVERAGES ALCOHOLIC",WINES
LFS,145237,0,"FOOD CUPBOARD","READY TO EAT"
LFS,145488,0,"FOOD CUPBOARD",SNACKS
LFS,145491,0,"FOOD CUPBOARD",CONFECTIONERY
LFS,145492,0,"FOOD CUPBOARD",CONFECTIONERY
LFS,14555,0,"FROZEN FOOD",VEGETABLE
LFS,145559,0,BEVERAGES,"NON ALCOHOLIC"
LFS,14556,0,"FROZEN FOOD",VEGETABLE
LFS,145563,0,BEVERAGES,"NON ALCOHOLIC"
LFS,145565,0,BEVERAGES,"NON ALCOHOLIC"
LFS,145568,0,BEVERAGES,"NON ALCOHOLIC"
LFS,145569,0,BEVERAGES,"NON ALCOHOLIC"
LFS,14557,0,"FROZEN FOOD",VEGETABLE
LFS,145570,0,BEVERAGES,"NON ALCOHOLIC"
LFS,145571,0,BEVERAGES,"NON ALCOHOLIC"
LFS,145572,0,BEVERAGES,"NON ALCOHOLIC"
LFS,145573,0,BEVERAGES,"NON ALCOHOLIC"
LFS,145574,0,BEVERAGES,"NON ALCOHOLIC"
LFS,145575,0,BEVERAGES,"NON ALCOHOLIC"
LFS,145576,0,BEVERAGES,"NON ALCOHOLIC"
LFS,145577,0,BEVERAGES,"NON ALCOHOLIC"
LFS,145578,0,BEVERAGES,"NON ALCOHOLIC"
LFS,145579,0,BEVERAGES,JUICE
LFS,139859,0,"FROZEN FOOD",CHEESE
LFS,139870,0,"FOOD CUPBOARD",BISCUITS
LFS,139871,0,"FOOD CUPBOARD",BISCUITS
LFS,139876,0,"FOOD CUPBOARD",BISCUITS
LFS,139892,0,"FROZEN FOOD",CHEESE
LFS,139894,0,"FRESH DAIRY AND EGGS",DELI
LFS,13990,0,"FOOD CUPBOARD","CANNED FOOD"
LFS,139906,0,"FRUITS- IMPORT",VEGETABLES.
LFS,13991,0,"FOOD CUPBOARD","CANNED FOOD"
LFS,139911,0,"FRUITS- IMPORT",VEGETABLES.
LFS,139948,0,"FRUITS- IMPORT",VEGETABLES.
LFS,139953,0,"FOOD CUPBOARD","NOODLES AND SOUP"
LFS,139998,0,"FRUITS- IMPORT",VEGETABLES.
LFS,139999,0,"FRUITS- IMPORT",VEGETABLES.
LFS,141271,0,"FROZEN FOOD","FROZEN SNACKS - VEG"
LFS,141276,0,"FROZEN FOOD","FROZEN SNACKS - NON VEG"
LFS,141293,0,"FROZEN FOOD","FROZEN SNACKS - NON VEG"
LFS,141304,0,"FROZEN FOOD","FROZEN SNACKS - VEG"
LFS,141306,0,"FROZEN FOOD","FROZEN SNACKS - NON VEG"
LFS,141308,0,"FROZEN FOOD","FROZEN SNACKS - VEG"
LFS,141330,0,"FRESH DAIRY AND EGGS","Deli Pork"
LFS,141402,0,"HOME AND PERSONAL CARE","INFANT AND BABY CARE"
LFS,141417,0,"HOME AND PERSONAL CARE","HAIR CARE"
LFS,141428,0,"HOME AND PERSONAL CARE","HAIR CARE"
LFS,141430,0,"HOME AND PERSONAL CARE","INFANT AND BABY CARE"
LFS,141449,0,"HOME AND PERSONAL CARE","HAIR CARE"
LFS,14303,0,"FOOD CUPBOARD","BREAKFAST CEREALS"
LFS,14562,0,"FROZEN FOOD",VEGETABLE
LFS,14566,0,"FROZEN FOOD","POTATO CHIPS"
LFS,145673,0,"HOME AND PERSONAL CARE","HEALTH AND WELLNESS"
LFS,14572,0,"FROZEN FOOD",FISH
LFS,14573,0,"FROZEN FOOD",FISH
LFS,145734,0,BEVERAGES,JUICE
LFS,14576,0,"FROZEN FOOD","CHICKEN FRANKS"
LFS,145808,0,"HOME AND PERSONAL CARE",DISPOSABLE
LFS,145809,0,"HOME AND PERSONAL CARE",DISPOSABLE
LFS,145810,0,"HOME AND PERSONAL CARE",DISPOSABLE
LFS,145811,0,"HOME AND PERSONAL CARE",DISPOSABLE
LFS,145813,0,"HOME AND PERSONAL CARE",DISPOSABLE
LFS,145814,0,"HOME AND PERSONAL CARE",DISPOSABLE
LFS,145816,0,"HOME AND PERSONAL CARE",DISPOSABLE
LFS,140001,0,"FROZEN FOOD",CHEESE
LFS,140003,0,"FROZEN FOOD",CHEESE
LFS,140006,0,"FRESH DAIRY AND EGGS",DELI
LFS,140007,0,"FRUITS- IMPORT",VEGETABLES.
LFS,140010,0,"FRUITS- IMPORT",VEGETABLES.
LFS,140011,0,"FRUITS- IMPORT",VEGETABLES.
LFS,140012,0,"FRUITS- IMPORT",VEGETABLES.
LFS,140013,0,"FRUITS- IMPORT",VEGETABLES.
LFS,140014,0,"FRUITS- IMPORT",VEGETABLES.
LFS,140015,0,"FRUITS- IMPORT",VEGETABLES.
LFS,140018,0,"FRUITS- IMPORT",Fruits
LFS,140021,0,"FRUITS- IMPORT",Fruits
LFS,140024,0,"FRUITS- IMPORT",VEGETABLES.
LFS,140026,0,"FRUITS- IMPORT",VEGETABLES.
LFS,140027,0,"FRUITS- IMPORT",VEGETABLES.
LFS,140032,0,"FRUITS- IMPORT",Fruits
LFS,140035,0,"FRUITS- IMPORT",Fruits
LFS,141544,0,"HOME AND PERSONAL CARE","INFANT AND BABY CARE"
LFS,141557,0,"HOME AND PERSONAL CARE","HAIR CARE"
LFS,141560,0,"HOME AND PERSONAL CARE","HAIR CARE"
LFS,145889,0,"FROZEN FOOD","POTATO CHIPS"
LFS,145894,0,"FROZEN FOOD","POTATO CHIPS"
LFS,145960,0,"FRUITS- IMPORT",Fruits
LFS,14603,0,"FRESH DAIRY AND EGGS",Yoghurt
LFS,146039,0,"FRUITS- IMPORT",Fruits
LFS,146101,0,"HOME AND PERSONAL CARE","SKIN CARE"
LFS,146127,0,"FOOD CUPBOARD","SPREADS AND TOPPING"
LFS,140037,0,"FRUITS- IMPORT",VEGETABLES.
LFS,140038,0,"FRUITS- IMPORT",VEGETABLES.
LFS,140055,0,"FRESH DAIRY AND EGGS",DELI
LFS,140067,0,"HOME AND PERSONAL CARE","SKIN CARE"
LFS,140092,0,"FRUITS- IMPORT",Fruits
LFS,140098,0,"FOOD CUPBOARD",CONFECTIONERY
LFS,140143,0,"FOOD CUPBOARD",CONFECTIONERY
LFS,140146,0,"FOOD CUPBOARD",CONFECTIONERY
LFS,140155,0,"FOOD CUPBOARD",CONFECTIONERY
LFS,140167,0,"FRUITS- IMPORT",VEGETABLES.
LFS,140181,0,"FOOD CUPBOARD","SPREADS AND TOPPING"
LFS,141650,0,"FOOD CUPBOARD",CONFECTIONERY
LFS,141656,0,"FOOD CUPBOARD",SNACKS
LFS,141658,0,BEVERAGES,DRINKS
LFS,141688,0,"FRESH DAIRY AND EGGS",Yoghurt
LFS,141689,0,"FOOD CUPBOARD","SPREADS AND TOPPING"
LFS,141690,0,"FRESH DAIRY AND EGGS",Yoghurt
LFS,14315,0,"FOOD CUPBOARD","BREAKFAST CEREALS"
LFS,143153,0,"FOOD CUPBOARD",SNACKS
LFS,143225,0,"FOOD CUPBOARD",SNACKS
LFS,143227,0,"FOOD CUPBOARD",SNACKS
LFS,146139,0,"HOME AND PERSONAL CARE","PERSONAL WASH"
LFS,146204,0,"HOME AND PERSONAL CARE","INSECTICIDES AND RODENT CONTROL"
LFS,146302,0,BEVERAGES,JUICE
LFS,146391,0,"FOOD CUPBOARD","EDIBLE OILS AND GHEE"
LFS,146392,0,"FOOD CUPBOARD","EDIBLE OILS AND GHEE"
LFS,146393,0,"FOOD CUPBOARD","EDIBLE OILS AND GHEE"
LFS,146407,0,"HOME AND PERSONAL CARE","HOUSEHOLD CLEANERS"
LFS,146434,0,"FOOD CUPBOARD","SPICES AND HERBS"
LFS,146435,0,"FOOD CUPBOARD","SPICES AND HERBS"
LFS,146436,0,"FOOD CUPBOARD","SPICES AND HERBS"
LFS,140209,0,"HOME AND PERSONAL CARE","HAIR CARE"
LFS,140213,0,"HOME AND PERSONAL CARE","HAIR CARE"
LFS,140218,0,"HOME AND PERSONAL CARE","HAIR CARE"
LFS,140219,0,"HOME AND PERSONAL CARE","HAIR CARE"
LFS,140222,0,"FOOD CUPBOARD","EDIBLE OILS AND GHEE"
LFS,140224,0,"FOOD CUPBOARD",CONDIMENTS
LFS,140225,0,"FOOD CUPBOARD","SPREADS AND TOPPING"
LFS,141710,0,"FRUITS- IMPORT",Fruits
LFS,143255,0,"FOOD CUPBOARD",SNACKS
LFS,143263,0,"FOOD CUPBOARD",SNACKS
LFS,143273,0,"FOOD CUPBOARD",SNACKS
LFS,143283,0,"FOOD CUPBOARD",CONFECTIONERY
LFS,146438,0,"FOOD CUPBOARD","SPICES AND HERBS"
LFS,146443,0,"FOOD CUPBOARD","CANNED FOOD"
LFS,146467,0,"FOOD CUPBOARD","GRAINS AND PULSES"
LFS,146479,0,"FOOD CUPBOARD",SOUKS
LFS,146497,0,"FOOD CUPBOARD",SOUKS
LFS,146498,0,"FOOD CUPBOARD",SOUKS
LFS,146499,0,"FOOD CUPBOARD",SOUKS
LFS,146518,0,"FOOD CUPBOARD",SOUKS
LFS,146521,0,"FOOD CUPBOARD",SOUKS
LFS,146522,0,"FOOD CUPBOARD","GRAINS AND PULSES"
LFS,140228,0,"FOOD CUPBOARD","SPREADS AND TOPPING"
LFS,140229,0,"FOOD CUPBOARD",SNACKS
LFS,140233,0,"FOOD CUPBOARD","NOODLES AND SOUP"
LFS,140234,0,"FOOD CUPBOARD","NOODLES AND SOUP"
LFS,140235,0,"FOOD CUPBOARD","NOODLES AND SOUP"
LFS,140236,0,"FOOD CUPBOARD","NOODLES AND SOUP"
LFS,140237,0,"FOOD CUPBOARD","GRAINS AND PULSES"
LFS,140238,0,"FOOD CUPBOARD","NOODLES AND SOUP"
LFS,140239,0,"FOOD CUPBOARD","NOODLES AND SOUP"
LFS,140240,0,"FOOD CUPBOARD","NOODLES AND SOUP"
LFS,141774,0,"BEVERAGES ALCOHOLIC",BITTERS
LFS,141775,0,"BEVERAGES ALCOHOLIC",BITTERS
LFS,141776,0,"BEVERAGES ALCOHOLIC",BITTERS
LFS,141777,0,"BEVERAGES ALCOHOLIC",BITTERS
LFS,141778,0,"BEVERAGES ALCOHOLIC",BITTERS
LFS,143366,0,"FOOD CUPBOARD",SNACKS
LFS,14338,0,"FOOD CUPBOARD",BISCUITS
LFS,143382,0,"HOME AND PERSONAL CARE",DISPOSABLE
LFS,143440,0,"HOME AND PERSONAL CARE",DISPOSABLE
LFS,143442,0,"HOME AND PERSONAL CARE",DISPOSABLE
LFS,143444,0,"HOME AND PERSONAL CARE",DISPOSABLE
LFS,143457,0,"FOOD CUPBOARD","SALT  SUGAR AND JAGGERY"
LFS,143461,0,"FROZEN FOOD","POTATO CHIPS"
LFS,143466,0,"FOOD CUPBOARD","SALT  SUGAR AND JAGGERY"
LFS,143478,0,"FOOD CUPBOARD","SPICES AND HERBS"
LFS,14654,0,"HOME AND PERSONAL CARE","LAUNDRY CARE"
LFS,14655,0,"HOME AND PERSONAL CARE","LAUNDRY CARE"
LFS,146616,0,"FRUITS- IMPORT",Fruits
LFS,146620,0,"HOME AND PERSONAL CARE","HOUSEHOLD CLEANERS"
LFS,146624,0,"FRUITS- IMPORT",VEGETABLES.
LFS,146640,0,"FROZEN FOOD",VEGETABLE
LFS,146641,0,"FROZEN FOOD","POTATO CHIPS"
LFS,146643,0,"FROZEN FOOD",CHICKEN
LFS,146644,0,"FROZEN FOOD",ICE-CREAM
LFS,146645,0,"FROZEN FOOD",ICE-CREAM
LFS,146646,0,BEVERAGES,"MINERAL WATER"
LFS,146647,0,BEVERAGES,JUICE
LFS,146672,0,BEVERAGES,DRINKS
LFS,146674,0,"FRESH DAIRY AND EGGS",Cream
LFS,146675,0,"FRESH DAIRY AND EGGS",Cream
LFS,146688,0,"BEVERAGES ALCOHOLIC",WINES
LFS,140250,0,"FOOD CUPBOARD","NOODLES AND SOUP"
LFS,140256,0,"HOME AND PERSONAL CARE","LAUNDRY CARE"
LFS,140258,0,"FOOD CUPBOARD",BISCUITS
LFS,140259,0,"HOME AND PERSONAL CARE","LAUNDRY CARE"
LFS,140260,0,"FOOD CUPBOARD","CANNED FOOD"
LFS,140262,0,"FOOD CUPBOARD",BISCUITS
LFS,140265,0,"FOOD CUPBOARD","CANNED FOOD"
LFS,140269,0,"FOOD CUPBOARD","INSTANT MIX"
LFS,140271,0,"HOME AND PERSONAL CARE","HOUSEHOLD CLEANERS"
LFS,140272,0,"FOOD CUPBOARD","INSTANT MIX"
LFS,141892,0,"FOOD CUPBOARD","CANNED FOOD"
LFS,142002,0,"FOOD CUPBOARD","SPICES AND HERBS"
LFS,142052,0,"FOOD CUPBOARD","SPICES AND HERBS"
LFS,142121,0,"HOME AND PERSONAL CARE",FRESHENERS
LFS,143501,0,"HOME AND PERSONAL CARE",DISPOSABLE
LFS,143508,0,"FOOD CUPBOARD","EDIBLE OILS AND GHEE"
LFS,143512,0,"FROZEN FOOD","POTATO CHIPS"
LFS,143518,0,"FOOD CUPBOARD",CONDIMENTS
LFS,143519,0,BEVERAGES,"NON ALCOHOLIC"
LFS,14355,0,"FOOD CUPBOARD",BISCUITS
LFS,143556,0,"HOME AND PERSONAL CARE",DISPOSABLE
LFS,146750,0,"FRESH DAIRY AND EGGS",Cream
LFS,146751,0,"FRESH DAIRY AND EGGS",Cream
LFS,146752,0,"FRESH DAIRY AND EGGS",Cream
LFS,146755,0,"FOOD CUPBOARD","SPREADS AND TOPPING"
LFS,146763,0,"FRESH DAIRY AND EGGS",DELI
LFS,146764,0,"FRESH DAIRY AND EGGS",Yoghurt
LFS,146765,0,"FRESH DAIRY AND EGGS",Yoghurt
LFS,146767,0,"FRESH DAIRY AND EGGS",Chocolates
LFS,146773,0,"FOOD CUPBOARD","SPREADS AND TOPPING"
LFS,146774,0,"FOOD CUPBOARD","SPREADS AND TOPPING"
LFS,146784,0,"FROZEN FOOD",BUTTER
LFS,146813,0,"FROZEN FOOD",CHEESE
LFS,140276,0,"FOOD CUPBOARD","INSTANT MIX"
LFS,14028,0,"FOOD CUPBOARD","RAW RICE"
LFS,140281,0,"HOME AND PERSONAL CARE","LAUNDRY CARE"
LFS,140285,0,"FOOD CUPBOARD","INSTANT MIX"
LFS,140286,0,"FOOD CUPBOARD","EDIBLE OILS AND GHEE"
LFS,140288,0,"FOOD CUPBOARD",SNACKS
LFS,140289,0,"FOOD CUPBOARD","INSTANT MIX"
LFS,140292,0,"FOOD CUPBOARD","INSTANT MIX"
LFS,140296,0,"FOOD CUPBOARD","CANNED FOOD"
LFS,140297,0,"FOOD CUPBOARD",SNACKS
LFS,142171,0,"HOME AND PERSONAL CARE","HAIR CARE"
LFS,142188,0,"BEVERAGES ALCOHOLIC","SPARKLING WINES"
LFS,142198,0,"BEVERAGES ALCOHOLIC","SPARKLING WINES"
LFS,142199,0,"BEVERAGES ALCOHOLIC","SPARKLING WINES"
LFS,142207,0,"BEVERAGES ALCOHOLIC",WINES
LFS,143647,0,"FOOD CUPBOARD",SNACKS
LFS,143649,0,"FOOD CUPBOARD",SNACKS
LFS,14366,0,BEVERAGES,"FLAVOURED TEA"
LFS,143682,0,"HOME AND PERSONAL CARE",DISPOSABLE
LFS,143690,0,"FOOD CUPBOARD","SPICES AND HERBS"
LFS,146854,0,"FROZEN FOOD",CHEESE
LFS,146857,0,"FROZEN FOOD",CHEESE
LFS,146859,0,"FROZEN FOOD",CHEESE
LFS,146861,0,"FROZEN FOOD",CHEESE
LFS,146882,0,"FROZEN FOOD",CHEESE
LFS,146885,0,"FOOD CUPBOARD",SNACKS
LFS,146900,0,BEVERAGES,"MINERAL WATER"
LFS,146902,0,"HOME AND PERSONAL CARE","HOUSEHOLD CLEANERS"
LFS,146961,0,"FRUITS- IMPORT",Fruits
LFS,146976,0,"FOOD CUPBOARD",SNACKS
LFS,147003,0,"FOOD CUPBOARD","MILK AND CREAMERS"
LFS,147005,0,"FOOD CUPBOARD","MILK AND CREAMERS"
LFS,147006,0,"FOOD CUPBOARD","MILK AND CREAMERS"
LFS,140302,0,"FOOD CUPBOARD","INSTANT MIX"
LFS,140305,0,"FOOD CUPBOARD",SNACKS
LFS,140314,0,"FOOD CUPBOARD",SNACKS
LFS,140316,0,"FOOD CUPBOARD",SNACKS
LFS,140335,0,"FOOD CUPBOARD",CONDIMENTS
LFS,140337,0,"FOOD CUPBOARD",CONDIMENTS
LFS,140342,0,"FOOD CUPBOARD",CONFECTIONERY
LFS,140344,0,"FOOD CUPBOARD",CONDIMENTS
LFS,140346,0,"FOOD CUPBOARD",CONDIMENTS
LFS,142291,0,"HOME AND PERSONAL CARE","HOUSEHOLD CLEANERS"
LFS,142322,0,"FOOD CUPBOARD",CONFECTIONERY
LFS,142327,0,"FOOD CUPBOARD",CONFECTIONERY
LFS,14372,0,"HOME AND PERSONAL CARE",FRESHENERS
LFS,143738,0,"HOME AND PERSONAL CARE","INFANT AND BABY CARE"
LFS,143748,0,"HOME AND PERSONAL CARE","INFANT AND BABY CARE"
LFS,143753,0,"HOME AND PERSONAL CARE",FRESHENERS
LFS,143764,0,"FROZEN FOOD",DESSERT
LFS,143769,0,"HOME AND PERSONAL CARE","INFANT AND BABY CARE"
LFS,143774,0,"HOME AND PERSONAL CARE",FRESHENERS
LFS,143775,0,"HOME AND PERSONAL CARE",FRESHENERS
LFS,143776,0,"HOME AND PERSONAL CARE",FRESHENERS
LFS,143778,0,"HOME AND PERSONAL CARE","HAIR CARE"
LFS,143779,0,"HOME AND PERSONAL CARE","HAIR CARE"
LFS,143781,0,"HOME AND PERSONAL CARE","HOUSEHOLD CLEANERS"
LFS,143782,0,"HOME AND PERSONAL CARE","INFANT AND BABY CARE"
LFS,147010,0,"FROZEN FOOD","COOKING CREAM"
LFS,147033,0,"FOOD CUPBOARD","SPREADS AND TOPPING"
LFS,147037,0,BEVERAGES,JUICE
LFS,147039,0,BEVERAGES,JUICE
LFS,147042,0,"HOME AND PERSONAL CARE",FRAGRANCES
LFS,147054,0,"FOOD CUPBOARD","CANNED FOOD"
LFS,147055,0,"FOOD CUPBOARD",BISCUITS
LFS,140353,0,"FOOD CUPBOARD",CONFECTIONERY
LFS,140358,0,"FOOD CUPBOARD",CONFECTIONERY
LFS,140361,0,"FOOD CUPBOARD",BISCUITS
LFS,140365,0,"FOOD CUPBOARD",CONFECTIONERY
LFS,140367,0,"FOOD CUPBOARD","SPICES AND HERBS"
LFS,140374,0,"FOOD CUPBOARD","NOODLES AND SOUP"
LFS,140375,0,"FOOD CUPBOARD","NOODLES AND SOUP"
LFS,140377,0,"FOOD CUPBOARD","NOODLES AND SOUP"
LFS,140378,0,"FOOD CUPBOARD",CONFECTIONERY
LFS,140380,0,"FOOD CUPBOARD","SPREADS AND TOPPING"
LFS,140383,0,"FOOD CUPBOARD","NOODLES AND SOUP"
LFS,140384,0,"FOOD CUPBOARD","NOODLES AND SOUP"
LFS,142421,0,"HOME AND PERSONAL CARE","HAIR CARE"
LFS,14245,0,"FROZEN FOOD","WHIPPING CREAM"
LFS,14246,0,"FROZEN FOOD","WHIPPING CREAM"
LFS,143785,0,"HOME AND PERSONAL CARE","INFANT AND BABY CARE"
LFS,143800,0,"HOME AND PERSONAL CARE","INFANT AND BABY CARE"
LFS,143864,0,"HOME AND PERSONAL CARE","INFANT AND BABY CARE"
LFS,143868,0,"HOME AND PERSONAL CARE","INFANT AND BABY CARE"
LFS,143893,0,"HOME AND PERSONAL CARE","INFANT AND BABY CARE"
LFS,143899,0,"HOME AND PERSONAL CARE","INFANT AND BABY CARE"
LFS,147056,0,"FOOD CUPBOARD",BISCUITS
LFS,147066,0,"FRUITS- IMPORT",Fruits
LFS,147090,0,"HOME AND PERSONAL CARE","PERSONAL WASH"
LFS,147091,0,"HOME AND PERSONAL CARE","PERSONAL WASH"
LFS,147092,0,"HOME AND PERSONAL CARE","PERSONAL WASH"
LFS,147100,0,"HOME AND PERSONAL CARE",FRAGRANCES
LFS,147101,0,"HOME AND PERSONAL CARE",FRAGRANCES
LFS,147102,0,"HOME AND PERSONAL CARE",FRAGRANCES
LFS,140411,0,BEVERAGES,JUICE
LFS,140413,0,"FOOD CUPBOARD","SPREADS AND TOPPING"
LFS,140427,0,BEVERAGES,JUICE
LFS,140430,0,"FOOD CUPBOARD","SPICES AND HERBS"
LFS,142553,0,BEVERAGES,COFFEE
LFS,142557,0,BEVERAGES,COFFEE
LFS,142563,0,"HOME AND PERSONAL CARE","HOUSEHOLD CLEANERS"
LFS,143903,0,"HOME AND PERSONAL CARE","INFANT AND BABY CARE"
LFS,143908,0,"HOME AND PERSONAL CARE","INFANT AND BABY CARE"
LFS,143915,0,"HOME AND PERSONAL CARE","INFANT AND BABY CARE"
LFS,143916,0,"FOOD CUPBOARD",FLOURS
LFS,143977,0,"FOOD CUPBOARD",CONFECTIONERY
LFS,143985,0,"FOOD CUPBOARD","CANNED FOOD"
LFS,14400,0,"FOOD CUPBOARD","NOODLES AND SOUP"
LFS,144015,0,"HOME AND PERSONAL CARE","INFANT AND BABY CARE"
LFS,144017,0,"HOME AND PERSONAL CARE","INFANT AND BABY CARE"
LFS,144018,0,"HOME AND PERSONAL CARE","INFANT AND BABY CARE"
LFS,144024,0,"FOOD CUPBOARD","CANNED FOOD"
LFS,147103,0,"HOME AND PERSONAL CARE",FRAGRANCES
LFS,147106,0,"HOME AND PERSONAL CARE",DISPOSABLE
LFS,147110,0,"HOME AND PERSONAL CARE",FRAGRANCES
LFS,147118,0,"HOME AND PERSONAL CARE",FRAGRANCES
LFS,14712,0,BEVERAGES,JUICE
LFS,14713,0,BEVERAGES,JUICE
LFS,147134,0,"FOOD CUPBOARD","EDIBLE OILS AND GHEE"
LFS,147136,0,"FOOD CUPBOARD","EDIBLE OILS AND GHEE"
LFS,147137,0,"FOOD CUPBOARD","EDIBLE OILS AND GHEE"
LFS,14714,0,BEVERAGES,JUICE
LFS,140440,0,"FOOD CUPBOARD","SPICES AND HERBS"
LFS,140447,0,"FOOD CUPBOARD",CONFECTIONERY
LFS,140448,0,"HOME AND PERSONAL CARE","HOUSEHOLD CLEANERS"
LFS,140449,0,BAKERY,SWEETS
LFS,140462,0,"FRUITS- IMPORT",VEGETABLES.
LFS,140464,0,BEVERAGES,"MINERAL WATER"
LFS,140472,0,"FOOD CUPBOARD",CONFECTIONERY
LFS,142567,0,"HOME AND PERSONAL CARE","HOUSEHOLD CLEANERS"
LFS,142570,0,BEVERAGES,COFFEE
LFS,142610,0,"HOME AND PERSONAL CARE",FRESHENERS
LFS,142612,0,"HOME AND PERSONAL CARE",FRESHENERS
LFS,142614,0,"HOME AND PERSONAL CARE",FRESHENERS
LFS,144027,0,"HOME AND PERSONAL CARE","INFANT AND BABY CARE"
LFS,144028,0,"HOME AND PERSONAL CARE","INFANT AND BABY CARE"
LFS,144030,0,"HOME AND PERSONAL CARE","INFANT AND BABY CARE"
LFS,144045,0,"HOME AND PERSONAL CARE","HAIR CARE"
LFS,144058,0,"FOOD CUPBOARD",CONDIMENTS
LFS,144082,0,"FOOD CUPBOARD",FLOURS
LFS,144118,0,"FOOD CUPBOARD","SPICES AND HERBS"
LFS,14715,0,BEVERAGES,JUICE
LFS,14716,0,BEVERAGES,JUICE
LFS,147161,0,"FOOD CUPBOARD","EDIBLE OILS AND GHEE"
LFS,147183,0,"BEVERAGES ALCOHOLIC",TEQUILA
LFS,147185,0,"BEVERAGES ALCOHOLIC",TEQUILA
LFS,14719,0,BEVERAGES,JUICE
LFS,14720,0,BEVERAGES,JUICE
LFS,14721,0,BEVERAGES,JUICE
LFS,14722,0,BEVERAGES,JUICE
LFS,14723,0,BEVERAGES,JUICE
LFS,14724,0,BEVERAGES,JUICE
LFS,147336,0,"FRUITS- IMPORT",Fruits
LFS,147342,0,"BEVERAGES ALCOHOLIC",BITTERS
LFS,14736,0,"BEVERAGES ALCOHOLIC",RHUM
LFS,14737,0,"BEVERAGES ALCOHOLIC",RHUM
LFS,140506,0,"FOOD CUPBOARD",CONDIMENTS
LFS,140507,0,"FOOD CUPBOARD",CONDIMENTS
LFS,140508,0,"FOOD CUPBOARD",CONDIMENTS
LFS,140512,0,"FRESH DAIRY AND EGGS",cheeses
LFS,140534,0,"FOOD CUPBOARD","SPREADS AND TOPPING"
LFS,140535,0,"FOOD CUPBOARD","SPREADS AND TOPPING"
LFS,140536,0,"FOOD CUPBOARD","SPREADS AND TOPPING"
LFS,140538,0,"FOOD CUPBOARD","SPREADS AND TOPPING"
LFS,140540,0,"FOOD CUPBOARD","SPREADS AND TOPPING"
LFS,140541,0,"FOOD CUPBOARD","SPREADS AND TOPPING"
LFS,140542,0,"FOOD CUPBOARD","SPREADS AND TOPPING"
LFS,140544,0,"FOOD CUPBOARD","SPREADS AND TOPPING"
LFS,140546,0,"FOOD CUPBOARD",FLOURS
LFS,140548,0,"FOOD CUPBOARD","PASTA AND SPAGHETTI"
LFS,140552,0,"FOOD CUPBOARD","PASTA AND SPAGHETTI"
LFS,140554,0,"FOOD CUPBOARD","NOODLES AND SOUP"
LFS,140557,0,"FOOD CUPBOARD","NOODLES AND SOUP"
LFS,140562,0,"FOOD CUPBOARD","SPICES AND HERBS"
LFS,140563,0,"FOOD CUPBOARD","SPREADS AND TOPPING"
LFS,140566,0,"FOOD CUPBOARD","NOODLES AND SOUP"
LFS,140567,0,"FOOD CUPBOARD","SALT  SUGAR AND JAGGERY"
LFS,142617,0,BEVERAGES,"DRINKING POWDERS"
LFS,142618,0,"HOME AND PERSONAL CARE",FRESHENERS
LFS,142621,0,"HOME AND PERSONAL CARE",FRESHENERS
LFS,142622,0,BEVERAGES,"DRINKING POWDERS"
LFS,142625,0,"HOME AND PERSONAL CARE",FRESHENERS
LFS,142633,0,"FOOD CUPBOARD",SNACKS
LFS,142634,0,"FOOD CUPBOARD","DRYFRUITS AND NUTS"
LFS,142640,0,"FOOD CUPBOARD","DRYFRUITS AND NUTS"
LFS,142647,0,"FOOD CUPBOARD","DRYFRUITS AND NUTS"
LFS,142662,0,BEVERAGES,JUICE
LFS,144147,0,"BEVERAGES ALCOHOLIC",Champagne
LFS,144151,0,"BEVERAGES ALCOHOLIC",Champagne
LFS,144160,0,"BEVERAGES ALCOHOLIC",Champagne
LFS,144162,0,"HOME AND PERSONAL CARE","INFANT AND BABY CARE"
LFS,144170,0,"BEVERAGES ALCOHOLIC","SPARKLING WINES"
LFS,144180,0,"BEVERAGES ALCOHOLIC","SPARKLING WINES"
LFS,144183,0,"HOME AND PERSONAL CARE","INFANT AND BABY CARE"
LFS,144186,0,"HOME AND PERSONAL CARE","INFANT AND BABY CARE"
LFS,144187,0,"HOME AND PERSONAL CARE",FRESHENERS
LFS,144192,0,"FOOD CUPBOARD",SNACKS
LFS,147379,0,"FOOD CUPBOARD",SNACKS
LFS,147406,0,"FOOD CUPBOARD",BISCUITS
LFS,147414,0,"FROZEN FOOD",ICE-CREAM
LFS,147417,0,"FROZEN FOOD",CHEESE
LFS,147429,0,"FRUITS- IMPORT",VEGETABLES.
LFS,147432,0,"FRUITS- IMPORT",VEGETABLES.
LFS,147436,0,"FRUITS- IMPORT",VEGETABLES.
LFS,147439,0,"FOOD CUPBOARD","NOODLES AND SOUP"
LFS,147473,0,"FOOD CUPBOARD","SALT  SUGAR AND JAGGERY"
LFS,147516,0,"FROZEN FOOD",PIZZA
LFS,147517,0,"FROZEN FOOD","POTATO CHIPS"
LFS,140568,0,"FOOD CUPBOARD","SPICES AND HERBS"
LFS,140569,0,"FOOD CUPBOARD",SNACKS
LFS,140570,0,"FOOD CUPBOARD","NOODLES AND SOUP"
LFS,140573,0,"FOOD CUPBOARD","NOODLES AND SOUP"
LFS,140596,0,"HOME AND PERSONAL CARE",FRAGRANCES
LFS,140613,0,"FOOD CUPBOARD",FLOURS
LFS,140648,0,"FRUITS- IMPORT",VEGETABLES.
LFS,140660,0,"FRUITS- IMPORT",Fruits
LFS,140703,0,BUTCHERY,"FRESH PORK"
LFS,140704,0,"FROZEN FOOD",ICE-CREAM
LFS,140707,0,"FROZEN FOOD","FROZEN SNACKS - NON VEG"
LFS,140721,0,"FROZEN FOOD","FROZEN SNACKS - NON VEG"
LFS,140725,0,"FROZEN FOOD","FROZEN SNACKS - NON VEG"
LFS,142668,0,"FOOD CUPBOARD","DRYFRUITS AND NUTS"
LFS,142670,0,"FOOD CUPBOARD",CONFECTIONERY
LFS,142677,0,"FOOD CUPBOARD","DRYFRUITS AND NUTS"
LFS,142678,0,"FOOD CUPBOARD",CONDIMENTS
LFS,142703,0,BEVERAGES,DRINKS
LFS,142708,0,BEVERAGES,DRINKS
LFS,144193,0,"FOOD CUPBOARD",SNACKS
LFS,144194,0,"HOME AND PERSONAL CARE","INFANT AND BABY CARE"
LFS,144224,0,"HOME AND PERSONAL CARE","INFANT AND BABY CARE"
LFS,144232,0,"HOME AND PERSONAL CARE","INFANT AND BABY CARE"
LFS,147538,0,"HOME AND PERSONAL CARE","INFANT AND BABY CARE"
LFS,147562,0,"FRUITS- IMPORT",Fruits
LFS,147605,0,"FRUITS- IMPORT",VEGETABLES.
LFS,147606,0,"FRUITS- IMPORT",VEGETABLES.
LFS,147617,0,"FOOD CUPBOARD",BISCUITS
LFS,147618,0,"FOOD CUPBOARD",BISCUITS
LFS,147619,0,"FOOD CUPBOARD",BISCUITS
LFS,147621,0,BAKERY,BREADS
LFS,147622,0,BAKERY,BREADS
LFS,147624,0,"FROZEN FOOD","FROZEN SNACKS - VEG"
LFS,147633,0,"FOOD CUPBOARD","SPREADS AND TOPPING"
LFS,140739,0,"FROZEN FOOD","FROZEN SNACKS - NON VEG"
LFS,140743,0,"FROZEN FOOD","FROZEN SNACKS - NON VEG"
LFS,140786,0,"FROZEN FOOD",ICE-CREAM
LFS,140798,0,"FROZEN FOOD",CHICKEN
LFS,140799,0,"FROZEN FOOD",ICE-CREAM
LFS,140804,0,"FROZEN FOOD","FROZEN SNACKS - NON VEG"
LFS,140810,0,"FROZEN FOOD","FROZEN SNACKS - NON VEG"
LFS,140813,0,"FROZEN FOOD","FROZEN SNACKS - NON VEG"
LFS,142774,0,"FRUITS- IMPORT",Fruits
LFS,142781,0,BEVERAGES,COFFEE
LFS,142791,0,BEVERAGES,"MINERAL WATER"
LFS,142801,0,"FRUITS- IMPORT",VEGETABLES.
LFS,14282,0,"HOME AND PERSONAL CARE","HEALTH AND WELLNESS"
LFS,14283,0,"HOME AND PERSONAL CARE","HEALTH AND WELLNESS"
LFS,175162,0,"FRESH DAIRY AND EGGS",Yoghurt
LFS,175174,0,"HOME AND PERSONAL CARE",DISPOSABLE
LFS,175176,0,"HOME AND PERSONAL CARE","INFANT AND BABY CARE"
LFS,175177,0,"FROZEN FOOD",ICE-CREAM
LFS,175178,0,"FROZEN FOOD",ICE-CREAM
LFS,175179,0,"FROZEN FOOD",ICE-CREAM
LFS,175180,0,"FROZEN FOOD",ICE-CREAM
LFS,175182,0,"FROZEN FOOD",ICE-CREAM
LFS,175190,0,"FROZEN FOOD",VEGETABLE
LFS,175193,0,"FROZEN FOOD",VEGETABLE
LFS,175196,0,"FROZEN FOOD",VEGETABLE
LFS,175198,0,"FROZEN FOOD",VEGETABLE
LFS,175199,0,"FROZEN FOOD",VEGETABLE
LFS,175201,0,"FROZEN FOOD",VEGETABLE
LFS,175210,0,"FROZEN FOOD","FRENCH FRIES"
LFS,175215,0,"FOOD CUPBOARD",CONFECTIONERY
LFS,175222,0,"HOME AND PERSONAL CARE","ORAL CARE"
LFS,175223,0,"HOME AND PERSONAL CARE","ORAL CARE"
LFS,175224,0,"FROZEN FOOD",ICE-CREAM
LFS,175272,0,"FOOD CUPBOARD","CANNED FOOD"
LFS,169238,0,"FOOD CUPBOARD",SNACKS
LFS,169241,0,"FOOD CUPBOARD","CANNED FOOD"
LFS,169242,0,"FRESH DAIRY AND EGGS",cheeses
LFS,169323,0,"FOOD CUPBOARD","BREAKFAST CEREALS"
LFS,169389,0,BEVERAGES,JUICE
LFS,169396,0,BEVERAGES,JUICE
LFS,169397,0,BEVERAGES,JUICE
LFS,169417,0,"FRESH DAIRY AND EGGS",cheeses
LFS,169419,0,"FRESH DAIRY AND EGGS",cheeses
LFS,169422,0,"FROZEN FOOD",VEGETABLE
LFS,169430,0,"FOOD CUPBOARD",SNACKS
LFS,169446,0,"FRESH DAIRY AND EGGS",Yoghurt
LFS,169448,0,BEVERAGES,DRINKS
LFS,171183,0,"FOOD CUPBOARD","BREAKFAST CEREALS"
LFS,171188,0,"HOME AND PERSONAL CARE",FRESHENERS
LFS,171189,0,"HOME AND PERSONAL CARE",FRESHENERS
LFS,171190,0,"HOME AND PERSONAL CARE",FRESHENERS
LFS,171192,0,"HOME AND PERSONAL CARE",FRESHENERS
LFS,171194,0,BEVERAGES,"MINERAL WATER"
LFS,171202,0,"FOOD CUPBOARD","SPREADS AND TOPPING"
LFS,171204,0,BEVERAGES,"MINERAL WATER"
LFS,171205,0,BEVERAGES,"DRINKING POWDERS"
LFS,171207,0,BEVERAGES,"MINERAL WATER"
LFS,171208,0,"HOME AND PERSONAL CARE",FRESHENERS
LFS,171217,0,"FOOD CUPBOARD",CONFECTIONERY
LFS,171220,0,"FOOD CUPBOARD","SALT  SUGAR AND JAGGERY"
LFS,171222,0,"FOOD CUPBOARD",CONFECTIONERY
LFS,171223,0,"FOOD CUPBOARD",CONFECTIONERY
LFS,171225,0,"HOME AND PERSONAL CARE",DISPOSABLE
LFS,173312,0,"FOOD CUPBOARD","READY TO EAT"
LFS,173466,0,BEVERAGES,DRINKS
LFS,173543,0,"FOOD CUPBOARD",SNACKS
LFS,175301,0,"FRUITS- IMPORT",VEGETABLES.
LFS,175311,0,BEVERAGES,DRINKS
LFS,175312,0,BEVERAGES,DRINKS
LFS,175319,0,"FOOD CUPBOARD",SNACKS
LFS,175344,0,"FOOD CUPBOARD",CONFECTIONERY
LFS,175345,0,"FOOD CUPBOARD",CONFECTIONERY
LFS,175347,0,"FOOD CUPBOARD",CONFECTIONERY
LFS,175354,0,"FOOD CUPBOARD","BREAKFAST CEREALS"
LFS,175355,0,"FOOD CUPBOARD","BREAKFAST CEREALS"
LFS,169453,0,"FOOD CUPBOARD",CONDIMENTS
LFS,169454,0,"FOOD CUPBOARD",CONDIMENTS
LFS,169455,0,"FOOD CUPBOARD",CONDIMENTS
LFS,169458,0,"FOOD CUPBOARD",CONDIMENTS
LFS,169460,0,"FOOD CUPBOARD","INSTANT MIX"
LFS,169463,0,"FOOD CUPBOARD","INSTANT MIX"
LFS,169465,0,"FOOD CUPBOARD","INSTANT MIX"
LFS,169467,0,"FOOD CUPBOARD","READY TO EAT"
LFS,169469,0,"FOOD CUPBOARD","SPREADS AND TOPPING"
LFS,169470,0,"FOOD CUPBOARD","FREE FROM (GENERIC)"
LFS,169518,0,"FOOD CUPBOARD",BISCUITS
LFS,169519,0,"FOOD CUPBOARD",BISCUITS
LFS,171248,0,"HOME AND PERSONAL CARE","INFANT AND BABY CARE"
LFS,171264,0,BEVERAGES,DRINKS
LFS,171265,0,"FOOD CUPBOARD",SNACKS
LFS,171266,0,"FOOD CUPBOARD",SNACKS
LFS,171267,0,"FOOD CUPBOARD",SNACKS
LFS,171268,0,"FOOD CUPBOARD","SPREADS AND TOPPING"
LFS,171269,0,"BEVERAGES ALCOHOLIC",RHUM
LFS,171292,0,"FOOD CUPBOARD",CONFECTIONERY
LFS,173554,0,"FOOD CUPBOARD",SNACKS
LFS,173557,0,"FOOD CUPBOARD",SNACKS
LFS,173558,0,"FOOD CUPBOARD",SNACKS
LFS,173564,0,"FOOD CUPBOARD",SNACKS
LFS,173567,0,"FOOD CUPBOARD",SNACKS
LFS,173572,0,"FOOD CUPBOARD",SNACKS
LFS,173573,0,"FOOD CUPBOARD",SNACKS
LFS,173574,0,"FOOD CUPBOARD",SNACKS
LFS,173575,0,"FOOD CUPBOARD",SNACKS
LFS,173602,0,"FOOD CUPBOARD",SNACKS
LFS,173603,0,"FOOD CUPBOARD",SNACKS
LFS,173607,0,BEVERAGES,DRINKS
LFS,173614,0,BEVERAGES,COFFEE
LFS,173621,0,BEVERAGES,DRINKS
LFS,173622,0,BEVERAGES,DRINKS
LFS,173623,0,BEVERAGES,DRINKS
LFS,175361,0,"FOOD CUPBOARD",CONFECTIONERY
LFS,175364,0,"FOOD CUPBOARD",CONFECTIONERY
LFS,175384,0,"FOOD CUPBOARD",BISCUITS
LFS,175386,0,"HOME AND PERSONAL CARE","COLOR COSMETICS"
LFS,169523,0,"FOOD CUPBOARD",BISCUITS
LFS,169525,0,"FOOD CUPBOARD",BISCUITS
LFS,169527,0,"FROZEN FOOD",CHICKEN
LFS,169529,0,"FOOD CUPBOARD",BISCUITS
LFS,169530,0,"FOOD CUPBOARD",BISCUITS
LFS,169531,0,"FOOD CUPBOARD",BISCUITS
LFS,169532,0,"FOOD CUPBOARD",BISCUITS
LFS,169570,0,"FOOD CUPBOARD","CANNED FOOD"
LFS,169571,0,"FOOD CUPBOARD","CANNED FOOD"
LFS,169618,0,"FOOD CUPBOARD","CANNED FOOD"
LFS,171294,0,"FOOD CUPBOARD",CONFECTIONERY
LFS,171305,0,"FOOD CUPBOARD","BREAKFAST CEREALS"
LFS,171306,0,"FRESH DAIRY AND EGGS",Yoghurt
LFS,171307,0,"FRESH DAIRY AND EGGS",Yoghurt
LFS,171308,0,"FOOD CUPBOARD","SPREADS AND TOPPING"
LFS,171324,0,"FOOD CUPBOARD","SPICES AND HERBS"
LFS,171342,0,"FOOD CUPBOARD","SPICES AND HERBS"
LFS,171347,0,"HOME AND PERSONAL CARE",DISPOSABLE
LFS,171349,0,"HOME AND PERSONAL CARE",DISPOSABLE
LFS,171351,0,"HOME AND PERSONAL CARE",DISPOSABLE
LFS,171363,0,"HOME AND PERSONAL CARE","SKIN CARE"
LFS,173641,0,BEVERAGES,DRINKS
LFS,173656,0,BEVERAGES,DRINKS
LFS,173659,0,"FROZEN FOOD",DESSERT
LFS,173660,0,"FROZEN FOOD",DESSERT
LFS,173661,0,"FROZEN FOOD",DESSERT
LFS,173668,0,"FROZEN FOOD",FISH
LFS,173669,0,"FROZEN FOOD","FROZEN SNACKS - VEG"
LFS,173677,0,"FROZEN FOOD",FISH
LFS,173699,0,"FOOD CUPBOARD","BREAKFAST CEREALS"
LFS,167155,0,"HOME AND PERSONAL CARE","ORAL CARE"
LFS,167157,0,"HOME AND PERSONAL CARE","ORAL CARE"
LFS,167239,0,"FOOD CUPBOARD","MILK AND CREAMERS"
LFS,167241,0,"FOOD CUPBOARD","MILK AND CREAMERS"
LFS,169661,0,"HOME AND PERSONAL CARE","INFANT AND BABY CARE"
LFS,169741,0,"FRESH DAIRY AND EGGS",cheeses
LFS,169743,0,"FRESH DAIRY AND EGGS",cheeses
LFS,169749,0,"FRESH DAIRY AND EGGS",cheeses
LFS,169751,0,"FRESH DAIRY AND EGGS",cheeses
LFS,171365,0,"HOME AND PERSONAL CARE","SKIN CARE"
LFS,171369,0,"FOOD CUPBOARD","NOODLES AND SOUP"
LFS,171372,0,"HOME AND PERSONAL CARE",FRAGRANCES
LFS,171374,0,"HOME AND PERSONAL CARE",FRAGRANCES
LFS,171375,0,"HOME AND PERSONAL CARE",FRAGRANCES
LFS,171387,0,"FRUITS- IMPORT",Fruits
LFS,171389,0,"FRUITS- IMPORT",Fruits
LFS,171515,0,"HOME AND PERSONAL CARE","PERSONAL WASH"
LFS,171516,0,"HOME AND PERSONAL CARE","PERSONAL WASH"
LFS,171518,0,"HOME AND PERSONAL CARE","PERSONAL WASH"
LFS,173705,0,"FROZEN FOOD","FROZEN SNACKS - VEG"
LFS,173708,0,"FOOD CUPBOARD",SNACKS
LFS,173712,0,"FOOD CUPBOARD",SNACKS
LFS,173716,0,"FROZEN FOOD",CHICKEN
LFS,173717,0,"FROZEN FOOD",CHICKEN
LFS,173718,0,"FROZEN FOOD","FROZEN SNACKS - VEG"
LFS,173719,0,"FROZEN FOOD",VEGETABLE
LFS,173720,0,"FROZEN FOOD","READY TO EAT MEALS"
LFS,173723,0,"FOOD CUPBOARD","SPICES AND HERBS"
LFS,173724,0,"FOOD CUPBOARD","SPICES AND HERBS"
LFS,173725,0,"FOOD CUPBOARD","SPICES AND HERBS"
LFS,173726,0,"FROZEN FOOD",CHICKEN
LFS,173732,0,"FROZEN FOOD",CHICKEN
LFS,167242,0,"HOME AND PERSONAL CARE","INFANT AND BABY CARE"
LFS,167243,0,"HOME AND PERSONAL CARE","INFANT AND BABY CARE"
LFS,167244,0,BEVERAGES,"DRINKING POWDERS"
LFS,167245,0,BEVERAGES,"DRINKING POWDERS"
LFS,167246,0,BEVERAGES,"DRINKING POWDERS"
LFS,16729,0,"FOOD CUPBOARD",CONDIMENTS
LFS,169767,0,"FRESH DAIRY AND EGGS",Yoghurt
LFS,169772,0,"FROZEN FOOD",ICE-CUBES
LFS,169780,0,BEVERAGES,JUICE
LFS,169783,0,"FRESH DAIRY AND EGGS",DELI
LFS,169792,0,"FRUITS- IMPORT",VEGETABLES.
LFS,169799,0,"FOOD CUPBOARD",SNACKS
LFS,169800,0,"FRESH DAIRY AND EGGS",DELI
LFS,169862,0,BEVERAGES,DRINKS
LFS,169870,0,BEVERAGES,DRINKS
LFS,169876,0,"HOME AND PERSONAL CARE","INFANT AND BABY CARE"
LFS,169881,0,"HOME AND PERSONAL CARE","COLOR COSMETICS"
LFS,169882,0,"HOME AND PERSONAL CARE","COLOR COSMETICS"
LFS,169883,0,"HOME AND PERSONAL CARE","PERSONAL WASH"
LFS,169884,0,"HOME AND PERSONAL CARE","PERSONAL WASH"
LFS,171519,0,"HOME AND PERSONAL CARE","PERSONAL WASH"
LFS,171531,0,"HOME AND PERSONAL CARE","PERSONAL WASH"
LFS,171534,0,"HOME AND PERSONAL CARE","SKIN CARE"
LFS,171536,0,"HOME AND PERSONAL CARE","SKIN CARE"
LFS,171678,0,BAKERY,BREADS
LFS,171703,0,"HOME AND PERSONAL CARE","PERSONAL WASH"
LFS,173746,0,"FOOD CUPBOARD","SPICES AND HERBS"
LFS,173753,0,"FROZEN FOOD",CHICKEN
LFS,173754,0,"FROZEN FOOD",CHICKEN
LFS,173756,0,"FROZEN FOOD",CHICKEN
LFS,173757,0,"FROZEN FOOD",CHICKEN
LFS,173758,0,"FROZEN FOOD",CHICKEN
LFS,173762,0,"FROZEN FOOD",CHICKEN
LFS,173763,0,"FROZEN FOOD",CHICKEN
LFS,173765,0,"FROZEN FOOD","FROZEN SNACKS - VEG"
LFS,173766,0,"FROZEN FOOD",CHICKEN
LFS,173767,0,"FROZEN FOOD",CHICKEN
LFS,173769,0,"FROZEN FOOD",VEGETABLE
LFS,173770,0,"FROZEN FOOD",VEGETABLE
LFS,173777,0,"FROZEN FOOD","FROZEN SNACKS - VEG"
LFS,173778,0,"FROZEN FOOD","FROZEN SNACKS - VEG"
LFS,173780,0,"FROZEN FOOD","FROZEN SNACKS - VEG"
LFS,173781,0,"FROZEN FOOD","FROZEN SNACKS - VEG"
LFS,173792,0,"FROZEN FOOD",VEGETABLE
LFS,173793,0,"FROZEN FOOD","FROZEN SNACKS - VEG"
LFS,167332,0,"FOOD CUPBOARD","NOODLES AND SOUP"
LFS,167353,0,"FOOD CUPBOARD",CONFECTIONERY
LFS,167358,0,"FOOD CUPBOARD",CONFECTIONERY
LFS,167360,0,"FOOD CUPBOARD",CONFECTIONERY
LFS,167361,0,"FOOD CUPBOARD",CONFECTIONERY
LFS,167365,0,"FOOD CUPBOARD",CONFECTIONERY
LFS,167366,0,"FOOD CUPBOARD",CONFECTIONERY
LFS,167367,0,"FOOD CUPBOARD",CONFECTIONERY
LFS,167413,0,"HOME AND PERSONAL CARE","PET CARE"
LFS,169900,0,"HOME AND PERSONAL CARE","HOUSEHOLD CLEANERS"
LFS,169904,0,"HOME AND PERSONAL CARE","HOUSEHOLD CLEANERS"
LFS,169905,0,"HOME AND PERSONAL CARE","HOUSEHOLD CLEANERS"
LFS,169915,0,"HOME AND PERSONAL CARE","HOUSEHOLD CLEANERS"
LFS,169930,0,"HOME AND PERSONAL CARE","HEALTH AND WELLNESS"
LFS,169931,0,"HOME AND PERSONAL CARE","HEALTH AND WELLNESS"
LFS,169933,0,"FOOD CUPBOARD","EDIBLE OILS AND GHEE"
LFS,171720,0,"FRUITS- IMPORT",VEGETABLES.
LFS,171777,0,"HOME AND PERSONAL CARE","HAIR CARE"
LFS,171783,0,"HOME AND PERSONAL CARE","HAIR CARE"
LFS,171784,0,"HOME AND PERSONAL CARE","HAIR CARE"
LFS,171785,0,"FOOD CUPBOARD",CONDIMENTS
LFS,171786,0,"FOOD CUPBOARD",CONDIMENTS
LFS,171787,0,"FOOD CUPBOARD",CONDIMENTS
LFS,171788,0,"FOOD CUPBOARD",CONDIMENTS
LFS,171789,0,"FOOD CUPBOARD",CONDIMENTS
LFS,171876,0,BEVERAGES,JUICE
LFS,171879,0,BEVERAGES,JUICE
LFS,171880,0,BEVERAGES,JUICE
LFS,171881,0,BEVERAGES,JUICE
LFS,171922,0,"FOOD CUPBOARD",BISCUITS
LFS,171937,0,"HOME AND PERSONAL CARE","ORAL CARE"
LFS,173804,0,"FRESH DAIRY AND EGGS",cheeses
LFS,173806,0,"FROZEN FOOD","FROZEN SNACKS - NON VEG"
LFS,173808,0,"FROZEN FOOD","FROZEN SNACKS - VEG"
LFS,173809,0,"FROZEN FOOD",CHICKEN
LFS,173810,0,"FOOD CUPBOARD",CONFECTIONERY
LFS,173811,0,"FROZEN FOOD",CHICKEN
LFS,173813,0,"FROZEN FOOD",BEEF
LFS,173815,0,"FOOD CUPBOARD",CONFECTIONERY
LFS,173818,0,"FOOD CUPBOARD",CONFECTIONERY
LFS,173821,0,"FOOD CUPBOARD",CONFECTIONERY
LFS,173826,0,"FRESH DAIRY AND EGGS",cheeses
LFS,173828,0,"FROZEN FOOD","FROZEN SNACKS - VEG"
LFS,173830,0,"FROZEN FOOD","FROZEN SNACKS - VEG"
LFS,173835,0,"FROZEN FOOD",CHICKEN
LFS,173837,0,"FROZEN FOOD",CHICKEN
LFS,173839,0,"FROZEN FOOD",CHICKEN
LFS,173840,0,"FROZEN FOOD","FROZEN SNACKS - VEG"
LFS,173844,0,"FROZEN FOOD",ICE-CREAM
LFS,167564,0,"HOME AND PERSONAL CARE","PET CARE"
LFS,167570,0,"HOME AND PERSONAL CARE","PET CARE"
LFS,167577,0,"HOME AND PERSONAL CARE","PET CARE"
LFS,167643,0,"FOOD CUPBOARD","CANNED FOOD"
LFS,167720,0,"HOME AND PERSONAL CARE","FEMININE CARE"
LFS,169948,0,"HOME AND PERSONAL CARE","ORAL CARE"
LFS,169949,0,"HOME AND PERSONAL CARE","ORAL CARE"
LFS,169950,0,"HOME AND PERSONAL CARE","ORAL CARE"
LFS,169951,0,"HOME AND PERSONAL CARE","ORAL CARE"
LFS,169952,0,"HOME AND PERSONAL CARE","ORAL CARE"
LFS,169954,0,"HOME AND PERSONAL CARE","ORAL CARE"
LFS,169955,0,"HOME AND PERSONAL CARE","ORAL CARE"
LFS,169956,0,"HOME AND PERSONAL CARE","ORAL CARE"
LFS,169957,0,"FOOD CUPBOARD",SNACKS
LFS,169958,0,"FOOD CUPBOARD",SNACKS
LFS,169959,0,"FOOD CUPBOARD",SNACKS
LFS,169960,0,"FOOD CUPBOARD",SNACKS
LFS,169961,0,"FOOD CUPBOARD",SNACKS
LFS,169962,0,"FOOD CUPBOARD",SNACKS
LFS,169963,0,"FOOD CUPBOARD",CONDIMENTS
LFS,169976,0,"HOME AND PERSONAL CARE","HOUSEHOLD CLEANERS"
LFS,169978,0,"FOOD CUPBOARD",CONDIMENTS
LFS,169979,0,"FOOD CUPBOARD",CONDIMENTS
LFS,169985,0,"FOOD CUPBOARD",CONFECTIONERY
LFS,171961,0,"FOOD CUPBOARD","BREAKFAST CEREALS"
LFS,172024,0,"FOOD CUPBOARD",CONDIMENTS
LFS,172032,0,BEVERAGES,DRINKS
LFS,173845,0,"FROZEN FOOD",CHICKEN
LFS,173846,0,"FROZEN FOOD","FROZEN SNACKS - VEG"
LFS,173849,0,"FROZEN FOOD",CHICKEN
LFS,173851,0,"FROZEN FOOD",ICE-CREAM
LFS,173855,0,"FROZEN FOOD",MEAT
LFS,173857,0,"FROZEN FOOD","FROZEN SNACKS - NON VEG"
LFS,173861,0,"FROZEN FOOD",CHICKEN
LFS,173865,0,"FROZEN FOOD","FROZEN SNACKS - VEG"
LFS,173871,0,"FROZEN FOOD","FROZEN SNACKS - VEG"
LFS,173873,0,"FROZEN FOOD","FROZEN SNACKS - NON VEG"
LFS,173875,0,"FROZEN FOOD","FROZEN SNACKS - VEG"
LFS,173878,0,"FROZEN FOOD",CHICKEN
LFS,173886,0,"FRESH DAIRY AND EGGS",cheeses
LFS,173889,0,"FROZEN FOOD","FROZEN SNACKS - VEG"
LFS,173893,0,"FROZEN FOOD",VEGETABLE
LFS,173899,0,"FROZEN FOOD","FROZEN SNACKS - VEG"
LFS,173902,0,"FRESH DAIRY AND EGGS",cheeses
LFS,173903,0,"FROZEN FOOD","FROZEN SNACKS - VEG"
LFS,173916,0,"FROZEN FOOD","FROZEN SNACKS - VEG"
LFS,173922,0,"FROZEN FOOD","FROZEN SNACKS - VEG"
LFS,173968,0,"FRESH DAIRY AND EGGS",cheeses
LFS,173974,0,"FROZEN FOOD","FROZEN SNACKS - VEG"
LFS,173975,0,"FROZEN FOOD","FROZEN SNACKS - VEG"
LFS,173976,0,"FRESH DAIRY AND EGGS",cheeses
LFS,167725,0,"HOME AND PERSONAL CARE","SKIN CARE"
LFS,167779,0,"FOOD CUPBOARD","HONEY  JAM AND MARMALADE"
LFS,167833,0,"FOOD CUPBOARD",CONDIMENTS
LFS,167856,0,"FOOD CUPBOARD","CANNED FOOD"
LFS,167875,0,"HOME AND PERSONAL CARE",DISPOSABLE
LFS,167878,0,"HOME AND PERSONAL CARE",DISPOSABLE
LFS,168190,0,BEVERAGES,COFFEE
LFS,169988,0,"FOOD CUPBOARD","HONEY  JAM AND MARMALADE"
LFS,169991,0,"FOOD CUPBOARD",BISCUITS
LFS,169992,0,"FOOD CUPBOARD",BISCUITS
LFS,169996,0,"FOOD CUPBOARD","SPREADS AND TOPPING"
LFS,170024,0,"FRESH DAIRY AND EGGS",cheeses
LFS,170029,0,"FOOD CUPBOARD",CONDIMENTS
LFS,170031,0,"FRESH DAIRY AND EGGS",cheeses
LFS,170032,0,"FRESH DAIRY AND EGGS",cheeses
LFS,170033,0,"FOOD CUPBOARD",CONDIMENTS
LFS,170034,0,"FRESH DAIRY AND EGGS",cheeses
LFS,170048,0,"FRESH DAIRY AND EGGS",Cream
LFS,170049,0,"FRESH DAIRY AND EGGS",Cream
LFS,170054,0,"FOOD CUPBOARD","EDIBLE OILS AND GHEE"
LFS,170056,0,"FOOD CUPBOARD","EDIBLE OILS AND GHEE"
LFS,172044,0,BEVERAGES,JUICE
LFS,172056,0,BEVERAGES,DRINKS
LFS,172058,0,BEVERAGES,DRINKS
LFS,172071,0,BEVERAGES,DRINKS
LFS,172075,0,"HOME AND PERSONAL CARE",DISPOSABLE
LFS,172077,0,"HOME AND PERSONAL CARE",DISPOSABLE
LFS,172079,0,"HOME AND PERSONAL CARE","PET CARE"
LFS,172080,0,"HOME AND PERSONAL CARE","PET CARE"
LFS,174015,0,"FROZEN FOOD","FROZEN SNACKS - VEG"
LFS,174017,0,"FRESH DAIRY AND EGGS",cheeses
LFS,174020,0,"FROZEN FOOD","FROZEN SNACKS - VEG"
LFS,174025,0,"FROZEN FOOD",CHICKEN
LFS,174027,0,"FROZEN FOOD",CHICKEN
LFS,174030,0,"FROZEN FOOD",CHICKEN
LFS,174032,0,"FROZEN FOOD",CHICKEN
LFS,174037,0,"FROZEN FOOD","FROZEN SNACKS - NON VEG"
LFS,174039,0,"FROZEN FOOD","FROZEN SNACKS - NON VEG"
LFS,174040,0,"FROZEN FOOD","FROZEN SNACKS - NON VEG"
LFS,174041,0,"FROZEN FOOD",CHICKEN
LFS,174046,0,"FROZEN FOOD","FROZEN SNACKS - VEG"
LFS,168191,0,BEVERAGES,COFFEE
LFS,168194,0,"HOME AND PERSONAL CARE","ORAL CARE"
LFS,168198,0,"FROZEN FOOD","POTATO CHIPS"
LFS,168201,0,"FOOD CUPBOARD",CONDIMENTS
LFS,16828,0,"HOME AND PERSONAL CARE","SKIN CARE"
LFS,168286,0,"FOOD CUPBOARD",SNACKS
LFS,16829,0,"HOME AND PERSONAL CARE","SKIN CARE"
LFS,168298,0,"FOOD CUPBOARD","SPREADS AND TOPPING"
LFS,16830,0,"HOME AND PERSONAL CARE","SKIN CARE"
LFS,168303,0,"FRESH DAIRY AND EGGS",cheeses
LFS,170063,0,"HOME AND PERSONAL CARE","HOUSEHOLD CLEANERS"
LFS,170101,0,"HOME AND PERSONAL CARE","INFANT AND BABY CARE"
LFS,170114,0,"FOOD CUPBOARD",CONDIMENTS
LFS,172118,0,"FOOD CUPBOARD",SNACKS
LFS,172119,0,"FOOD CUPBOARD",CONFECTIONERY
LFS,172120,0,"FOOD CUPBOARD",CONFECTIONERY
LFS,172123,0,"FOOD CUPBOARD",SNACKS
LFS,172125,0,"FOOD CUPBOARD",CONFECTIONERY
LFS,172145,0,"FOOD CUPBOARD",CONDIMENTS
LFS,172158,0,"FOOD CUPBOARD","BREAKFAST CEREALS"
LFS,172206,0,"FOOD CUPBOARD",BISCUITS
LFS,172207,0,"FOOD CUPBOARD",BISCUITS
LFS,172220,0,"HOME AND PERSONAL CARE",DISPOSABLE
LFS,172251,0,"FOOD CUPBOARD",SNACKS
LFS,172261,0,"HOME AND PERSONAL CARE","LAUNDRY CARE"
LFS,172262,0,"HOME AND PERSONAL CARE","LAUNDRY CARE"
LFS,174078,0,"FRESH DAIRY AND EGGS",cheeses
LFS,174079,0,"FROZEN FOOD","FROZEN SNACKS - VEG"
LFS,174093,0,"FROZEN FOOD",ICE-CREAM
LFS,174096,0,"FROZEN FOOD",ICE-CREAM
LFS,174098,0,"FROZEN FOOD",ICE-CREAM
LFS,174100,0,"FROZEN FOOD",ICE-CREAM
LFS,174103,0,"FROZEN FOOD",ICE-CREAM
LFS,174109,0,"FROZEN FOOD",ICE-CREAM
LFS,174110,0,"FROZEN FOOD",FRUIT
LFS,174111,0,"FROZEN FOOD",ICE-CREAM
LFS,174112,0,"FROZEN FOOD",ICE-CREAM
LFS,174114,0,"FROZEN FOOD",ICE-CREAM
LFS,174117,0,"FROZEN FOOD",ICE-CREAM
LFS,174132,0,"FROZEN FOOD",FISH
LFS,174135,0,"FROZEN FOOD",FISH
LFS,174138,0,"FROZEN FOOD","FROZEN SNACKS - VEG"
LFS,174139,0,"FROZEN FOOD",FISH
LFS,174157,0,"FROZEN FOOD",FISH
LFS,174161,0,"FROZEN FOOD","FROZEN SNACKS - NON VEG"
LFS,168304,0,"FRESH DAIRY AND EGGS",cheeses
LFS,168305,0,"FRESH DAIRY AND EGGS",cheeses
LFS,168306,0,"FRESH DAIRY AND EGGS",cheeses
LFS,168318,0,"FRESH DAIRY AND EGGS",Butters
LFS,168332,0,"FOOD CUPBOARD","READY TO EAT"
LFS,16834,0,"HOME AND PERSONAL CARE",FRAGRANCES
LFS,168351,0,BEVERAGES,COFFEE
LFS,16839,0,"HOME AND PERSONAL CARE",FRAGRANCES
LFS,168399,0,BEVERAGES,DRINKS
LFS,16842,0,"HOME AND PERSONAL CARE",FRAGRANCES
LFS,170147,0,"FOOD CUPBOARD","CANNED FOOD"
LFS,170163,0,"FOOD CUPBOARD","CANNED FOOD"
LFS,170203,0,BEVERAGES,DRINKS
LFS,172340,0,"HOME AND PERSONAL CARE","PET CARE"
LFS,172341,0,"HOME AND PERSONAL CARE","PET CARE"
LFS,172479,0,"FOOD CUPBOARD",CONDIMENTS
LFS,172539,0,"FOOD CUPBOARD","BREAKFAST CEREALS"
LFS,172642,0,BEVERAGES,JUICE
LFS,172643,0,BEVERAGES,JUICE
LFS,172644,0,BEVERAGES,JUICE
LFS,172646,0,BEVERAGES,JUICE
LFS,172647,0,BEVERAGES,JUICE
LFS,172648,0,BEVERAGES,JUICE
LFS,172700,0,"HOME AND PERSONAL CARE","PERSONAL WASH"
LFS,174171,0,"FOOD CUPBOARD","INSTANT MIX"
LFS,174172,0,"FROZEN FOOD","FROZEN SNACKS - VEG"
LFS,174174,0,"FOOD CUPBOARD","INSTANT MIX"
LFS,174179,0,"FOOD CUPBOARD",CONDIMENTS
LFS,174212,0,"FOOD CUPBOARD",SOUKS
LFS,174214,0,"FOOD CUPBOARD",SOUKS
LFS,174215,0,"FOOD CUPBOARD",SOUKS
LFS,174217,0,"FOOD CUPBOARD",SOUKS
LFS,174259,0,"FOOD CUPBOARD",CONDIMENTS
LFS,174262,0,"FOOD CUPBOARD",CONDIMENTS
LFS,174264,0,"FOOD CUPBOARD",CONDIMENTS
LFS,17427,0,"FOOD CUPBOARD","SPICES AND HERBS"
LFS,174270,0,"FOOD CUPBOARD","SPREADS AND TOPPING"
LFS,17429,0,"FOOD CUPBOARD","SPICES AND HERBS"
LFS,168425,0,BEVERAGES,JUICE
LFS,16844,0,"HOME AND PERSONAL CARE","SKIN CARE"
LFS,168450,0,"FROZEN FOOD",DESSERT
LFS,168452,0,"FROZEN FOOD",DESSERT
LFS,168466,0,"FOOD CUPBOARD","CANNED FOOD"
LFS,168470,0,"FOOD CUPBOARD","CANNED FOOD"
LFS,168473,0,"FOOD CUPBOARD","CANNED FOOD"
LFS,168475,0,"FRESH DAIRY AND EGGS",Yoghurt
LFS,168479,0,"FRESH DAIRY AND EGGS",Yoghurt
LFS,16848,0,"FROZEN FOOD",BUTTER
LFS,168482,0,"FRESH DAIRY AND EGGS",Yoghurt
LFS,16849,0,"FROZEN FOOD",BUTTER
LFS,168504,0,"FRUITS- IMPORT",VEGETABLES.
LFS,170267,0,"HOME AND PERSONAL CARE","HAIR CARE"
LFS,170268,0,"HOME AND PERSONAL CARE",FRESHENERS
LFS,170278,0,"HOME AND PERSONAL CARE","HOUSEHOLD CLEANERS"
LFS,170295,0,"HOME AND PERSONAL CARE","HOUSEHOLD CLEANERS"
LFS,170296,0,"HOME AND PERSONAL CARE","HOUSEHOLD CLEANERS"
LFS,170297,0,"HOME AND PERSONAL CARE","HOUSEHOLD CLEANERS"
LFS,170298,0,"HOME AND PERSONAL CARE","HOUSEHOLD CLEANERS"
LFS,170299,0,"HOME AND PERSONAL CARE","LAUNDRY CARE"
LFS,170300,0,"HOME AND PERSONAL CARE","LAUNDRY CARE"
LFS,170301,0,"HOME AND PERSONAL CARE","LAUNDRY CARE"
LFS,170303,0,"HOME AND PERSONAL CARE","LAUNDRY CARE"
LFS,170306,0,"HOME AND PERSONAL CARE","LAUNDRY CARE"
LFS,170310,0,"HOME AND PERSONAL CARE","LAUNDRY CARE"
LFS,172702,0,"HOME AND PERSONAL CARE","PERSONAL WASH"
LFS,172707,0,"FOOD CUPBOARD",BISCUITS
LFS,172722,0,BEVERAGES,COFFEE
LFS,172723,0,BEVERAGES,COFFEE
LFS,172728,0,"FOOD CUPBOARD",CONDIMENTS
LFS,172771,0,BEVERAGES,JUICE
LFS,172772,0,BEVERAGES,JUICE
LFS,172773,0,BEVERAGES,JUICE
LFS,17432,0,"FOOD CUPBOARD",CONDIMENTS
LFS,17434,0,"FOOD CUPBOARD",CONDIMENTS
LFS,174341,0,"HOME AND PERSONAL CARE","FEMININE CARE"
LFS,17435,0,"FOOD CUPBOARD",CONDIMENTS
LFS,174359,0,"FOOD CUPBOARD","HONEY  JAM AND MARMALADE"
LFS,174360,0,"HOME AND PERSONAL CARE","PERSONAL WASH"
LFS,174361,0,"HOME AND PERSONAL CARE","PERSONAL WASH"
LFS,174362,0,"HOME AND PERSONAL CARE","PERSONAL WASH"
LFS,174370,0,"HOME AND PERSONAL CARE",FRESHENERS
LFS,174373,0,"HOME AND PERSONAL CARE","COLOR COSMETICS"
LFS,174378,0,"HOME AND PERSONAL CARE","COLOR COSMETICS"
LFS,168549,0,"FOOD CUPBOARD",BISCUITS
LFS,168552,0,"FOOD CUPBOARD",BISCUITS
LFS,168561,0,"FOOD CUPBOARD",BISCUITS
LFS,168565,0,"FOOD CUPBOARD",BISCUITS
LFS,168587,0,"FOOD CUPBOARD",SNACKS
LFS,168625,0,"FRESH DAIRY AND EGGS",Butters
LFS,168645,0,"FOOD CUPBOARD","NOODLES AND SOUP"
LFS,168657,0,"FOOD CUPBOARD","SPREADS AND TOPPING"
LFS,168660,0,"FOOD CUPBOARD",CONDIMENTS
LFS,168661,0,"FOOD CUPBOARD",CONDIMENTS
LFS,168844,0,"HOME AND PERSONAL CARE",DISPOSABLE
LFS,168845,0,"BEVERAGES ALCOHOLIC","VODKA BOTTLES"
LFS,168846,0,"BEVERAGES ALCOHOLIC","VODKA BOTTLES"
LFS,168847,0,"BEVERAGES ALCOHOLIC","VODKA BOTTLES"
LFS,168849,0,"BEVERAGES ALCOHOLIC",WINES
LFS,170312,0,"HOME AND PERSONAL CARE","LAUNDRY CARE"
LFS,170313,0,"HOME AND PERSONAL CARE","LAUNDRY CARE"
LFS,170314,0,"HOME AND PERSONAL CARE","LAUNDRY CARE"
LFS,170315,0,"HOME AND PERSONAL CARE","LAUNDRY CARE"
LFS,170316,0,"HOME AND PERSONAL CARE","LAUNDRY CARE"
LFS,170317,0,"HOME AND PERSONAL CARE","LAUNDRY CARE"
LFS,170318,0,"HOME AND PERSONAL CARE",FRESHENERS
LFS,170319,0,"HOME AND PERSONAL CARE",FRESHENERS
LFS,170320,0,"HOME AND PERSONAL CARE",FRESHENERS
LFS,170341,0,"HOME AND PERSONAL CARE","HOUSEHOLD CLEANERS"
LFS,170342,0,"HOME AND PERSONAL CARE","HOUSEHOLD CLEANERS"
LFS,170343,0,"FRUITS- IMPORT",VEGETABLES.
LFS,170352,0,"FRESH DAIRY AND EGGS",cheeses
LFS,170354,0,BEVERAGES,JUICE
LFS,170356,0,"FRESH DAIRY AND EGGS",cheeses
LFS,170378,0,"FOOD CUPBOARD","BREAKFAST CEREALS"
LFS,170386,0,"FOOD CUPBOARD",SNACKS
LFS,170387,0,"FOOD CUPBOARD",CONFECTIONERY
LFS,170392,0,"FOOD CUPBOARD",CONFECTIONERY
LFS,172774,0,BEVERAGES,JUICE
LFS,172775,0,BEVERAGES,JUICE
LFS,172781,0,"FOOD CUPBOARD","READY TO EAT"
LFS,172784,0,"FOOD CUPBOARD","SPREADS AND TOPPING"
LFS,172785,0,"FOOD CUPBOARD","CANNED FOOD"
LFS,172788,0,"FOOD CUPBOARD",SNACKS
LFS,172789,0,"FOOD CUPBOARD",SNACKS
LFS,172790,0,"FOOD CUPBOARD","HONEY  JAM AND MARMALADE"
LFS,172791,0,"FOOD CUPBOARD","HONEY  JAM AND MARMALADE"
LFS,172792,0,"FOOD CUPBOARD","HONEY  JAM AND MARMALADE"
LFS,172793,0,"FOOD CUPBOARD","HONEY  JAM AND MARMALADE"
LFS,172794,0,"FOOD CUPBOARD","HONEY  JAM AND MARMALADE"
LFS,172795,0,"FOOD CUPBOARD","HONEY  JAM AND MARMALADE"
LFS,172796,0,"FOOD CUPBOARD","HONEY  JAM AND MARMALADE"
LFS,172797,0,"FOOD CUPBOARD","HONEY  JAM AND MARMALADE"
LFS,172803,0,"HOME AND PERSONAL CARE","LAUNDRY CARE"
LFS,172804,0,"HOME AND PERSONAL CARE","LAUNDRY CARE"
LFS,172806,0,"FRESH DAIRY AND EGGS",Yoghurt
LFS,174469,0,"FRESH DAIRY AND EGGS",Yoghurt
LFS,174477,0,"FRESH DAIRY AND EGGS",cheeses
LFS,174506,0,BEVERAGES,"MINERAL WATER"
LFS,174507,0,BEVERAGES,"MINERAL WATER"
LFS,174620,0,"HOME AND PERSONAL CARE","INSECTICIDES AND RODENT CONTROL"
LFS,174622,0,"FOOD CUPBOARD",CONDIMENTS
LFS,174625,0,"FOOD CUPBOARD",CONDIMENTS
LFS,174626,0,"FOOD CUPBOARD","EDIBLE OILS AND GHEE"
LFS,174640,0,"FOOD CUPBOARD","HONEY  JAM AND MARMALADE"
LFS,174641,0,"FOOD CUPBOARD",CONFECTIONERY
LFS,174661,0,"FOOD CUPBOARD",CONFECTIONERY
LFS,168863,0,"BEVERAGES ALCOHOLIC",TEQUILA
LFS,168867,0,"BEVERAGES ALCOHOLIC",TEQUILA
LFS,168871,0,"BEVERAGES ALCOHOLIC",WHISKEY
LFS,168876,0,"BEVERAGES ALCOHOLIC",WHISKEY
LFS,168877,0,"BEVERAGES ALCOHOLIC",WHISKEY
LFS,168879,0,"BEVERAGES ALCOHOLIC",WHISKEY
LFS,168881,0,"BEVERAGES ALCOHOLIC",WHISKEY
LFS,168885,0,"BEVERAGES ALCOHOLIC","COGNAC / BRANDY"
LFS,168890,0,"BEVERAGES ALCOHOLIC",WINES
LFS,168891,0,"BEVERAGES ALCOHOLIC",WINES
LFS,16892,0,"BEVERAGES ALCOHOLIC",WINES
LFS,168928,0,"FRESH DAIRY AND EGGS",Butters
LFS,168929,0,"FRESH DAIRY AND EGGS",Butters
LFS,168971,0,"FOOD CUPBOARD",BISCUITS
LFS,168972,0,"FOOD CUPBOARD",BISCUITS
LFS,168973,0,"FOOD CUPBOARD","SALT  SUGAR AND JAGGERY"
LFS,168974,0,"FOOD CUPBOARD","SALT  SUGAR AND JAGGERY"
LFS,168975,0,"FOOD CUPBOARD","SALT  SUGAR AND JAGGERY"
LFS,168976,0,"FOOD CUPBOARD",BISCUITS
LFS,170396,0,"FOOD CUPBOARD","SPREADS AND TOPPING"
LFS,170408,0,"FOOD CUPBOARD",CONDIMENTS
LFS,170409,0,"FOOD CUPBOARD",SNACKS
LFS,170410,0,"FOOD CUPBOARD",CONFECTIONERY
LFS,170416,0,"FOOD CUPBOARD",CONFECTIONERY
LFS,170426,0,"FOOD CUPBOARD",SNACKS
LFS,172807,0,"FRESH DAIRY AND EGGS",cheeses
LFS,172827,0,"FOOD CUPBOARD",SNACKS
LFS,172828,0,"FOOD CUPBOARD",SNACKS
LFS,172829,0,"FOOD CUPBOARD",SNACKS
LFS,172831,0,"FOOD CUPBOARD",CONFECTIONERY
LFS,172834,0,"FOOD CUPBOARD",CONDIMENTS
LFS,172842,0,"FOOD CUPBOARD","BREAKFAST CEREALS"
LFS,172845,0,"FOOD CUPBOARD","BREAKFAST CEREALS"
LFS,172849,0,"FOOD CUPBOARD",SNACKS
LFS,174671,0,"FRUITS- IMPORT",Fruits
LFS,174673,0,"FRUITS- IMPORT",Fruits
LFS,174742,0,"HOME AND PERSONAL CARE","PET CARE"
LFS,174747,0,"FOOD CUPBOARD",CONFECTIONERY
LFS,174758,0,"FOOD CUPBOARD",CONFECTIONERY
LFS,174759,0,"FOOD CUPBOARD",CONFECTIONERY
LFS,174760,0,"FOOD CUPBOARD",CONFECTIONERY
LFS,174762,0,"FOOD CUPBOARD",CONFECTIONERY
LFS,174763,0,"FRESH DAIRY AND EGGS",cheeses
LFS,174764,0,"FRESH DAIRY AND EGGS",cheeses
LFS,174768,0,"FRESH DAIRY AND EGGS",cheeses
LFS,174769,0,"FRESH DAIRY AND EGGS",cheeses
LFS,174771,0,"FRESH DAIRY AND EGGS",cheeses
LFS,174773,0,BEVERAGES,COFFEE
LFS,168989,0,"FOOD CUPBOARD","RAW RICE"
LFS,16899,0,"FOOD CUPBOARD","CANNED FOOD"
LFS,169006,0,"BEVERAGES ALCOHOLIC",WHISKEY
LFS,169022,0,BEVERAGES,COFFEE
LFS,169023,0,BEVERAGES,"DRINKING POWDERS"
LFS,169072,0,"BEVERAGES ALCOHOLIC","GIN ."
LFS,169073,0,"BEVERAGES ALCOHOLIC","COGNAC / BRANDY"
LFS,169074,0,"BEVERAGES ALCOHOLIC",WINES
LFS,169128,0,"FROZEN FOOD",ICE-CREAM
LFS,169129,0,"FROZEN FOOD",ICE-CREAM
LFS,169131,0,"FROZEN FOOD",ICE-CREAM
LFS,170428,0,"FOOD CUPBOARD",CONFECTIONERY
LFS,170431,0,"FOOD CUPBOARD",SNACKS
LFS,170433,0,"FOOD CUPBOARD",SNACKS
LFS,170440,0,"FOOD CUPBOARD",CONFECTIONERY
LFS,170442,0,"FOOD CUPBOARD",CONFECTIONERY
LFS,170445,0,"FOOD CUPBOARD",CONFECTIONERY
LFS,170449,0,"FOOD CUPBOARD","MILK AND CREAMERS"
LFS,170555,0,"HOME AND PERSONAL CARE","LAUNDRY CARE"
LFS,170969,0,"FOOD CUPBOARD",SNACKS
LFS,172853,0,"FOOD CUPBOARD",CONFECTIONERY
LFS,172854,0,"FOOD CUPBOARD",CONDIMENTS
LFS,172855,0,"FOOD CUPBOARD","SPREADS AND TOPPING"
LFS,172856,0,"FOOD CUPBOARD",SNACKS
LFS,172857,0,"FOOD CUPBOARD","SPREADS AND TOPPING"
LFS,172874,0,"FOOD CUPBOARD",CONFECTIONERY
LFS,172875,0,"FOOD CUPBOARD","BREAKFAST CEREALS"
LFS,172892,0,BEVERAGES,JUICE
LFS,172893,0,BEVERAGES,JUICE
LFS,172946,0,"HOME AND PERSONAL CARE","LAUNDRY CARE"
LFS,172950,0,"HOME AND PERSONAL CARE","LAUNDRY CARE"
LFS,172953,0,"HOME AND PERSONAL CARE","LAUNDRY CARE"
LFS,174795,0,"FOOD CUPBOARD",SNACKS
LFS,174855,0,"FROZEN FOOD",CHICKEN
LFS,174870,0,"HOME AND PERSONAL CARE","HOUSEHOLD CLEANERS"
LFS,174872,0,"HOME AND PERSONAL CARE","HOUSEHOLD CLEANERS"
LFS,174885,0,"HOME AND PERSONAL CARE","HOUSEHOLD CLEANERS"
LFS,169137,0,"FOOD CUPBOARD","BREAKFAST CEREALS"
LFS,169138,0,"FOOD CUPBOARD","BREAKFAST CEREALS"
LFS,169139,0,"FOOD CUPBOARD","BREAKFAST CEREALS"
LFS,169140,0,"FOOD CUPBOARD","BREAKFAST CEREALS"
LFS,169141,0,"FOOD CUPBOARD","BREAKFAST CEREALS"
LFS,169142,0,"FOOD CUPBOARD","BREAKFAST CEREALS"
LFS,169143,0,"FOOD CUPBOARD","BREAKFAST CEREALS"
LFS,169144,0,"FOOD CUPBOARD","BREAKFAST CEREALS"
LFS,169145,0,"FOOD CUPBOARD","BREAKFAST CEREALS"
LFS,169146,0,"FOOD CUPBOARD","BREAKFAST CEREALS"
LFS,169147,0,"FOOD CUPBOARD","BREAKFAST CEREALS"
LFS,169148,0,"FOOD CUPBOARD","BREAKFAST CEREALS"
LFS,169153,0,"FOOD CUPBOARD","BREAKFAST CEREALS"
LFS,169154,0,"FOOD CUPBOARD",SNACKS
LFS,169155,0,"FOOD CUPBOARD",SNACKS
LFS,169156,0,"FOOD CUPBOARD",SNACKS
LFS,169157,0,"HOME AND PERSONAL CARE",FRESHENERS
LFS,169158,0,"HOME AND PERSONAL CARE",FRESHENERS
LFS,171040,0,"FOOD CUPBOARD",CONFECTIONERY
LFS,171076,0,"FOOD CUPBOARD",CONFECTIONERY
LFS,171078,0,"FOOD CUPBOARD",CONFECTIONERY
LFS,171103,0,"FOOD CUPBOARD","SPREADS AND TOPPING"
LFS,171104,0,"FOOD CUPBOARD","SPREADS AND TOPPING"
LFS,172957,0,"HOME AND PERSONAL CARE","LAUNDRY CARE"
LFS,172958,0,"HOME AND PERSONAL CARE","LAUNDRY CARE"
LFS,172959,0,"FROZEN FOOD",ICE-CREAM
LFS,172960,0,"HOME AND PERSONAL CARE","LAUNDRY CARE"
LFS,172961,0,"HOME AND PERSONAL CARE","LAUNDRY CARE"
LFS,172962,0,"HOME AND PERSONAL CARE","LAUNDRY CARE"
LFS,172964,0,"FROZEN FOOD",ICE-CREAM
LFS,172967,0,"HOME AND PERSONAL CARE","LAUNDRY CARE"
LFS,172971,0,"HOME AND PERSONAL CARE","LAUNDRY CARE"
LFS,172974,0,"FROZEN FOOD",ICE-CREAM
LFS,172976,0,"FOOD CUPBOARD",SNACKS
LFS,172979,0,"FOOD CUPBOARD","RAW RICE"
LFS,173212,0,"HOME AND PERSONAL CARE","PERSONAL WASH"
LFS,173231,0,"FOOD CUPBOARD","SPICES AND HERBS"
LFS,173232,0,"FOOD CUPBOARD","SALT  SUGAR AND JAGGERY"
LFS,173235,0,"FOOD CUPBOARD",CONDIMENTS
LFS,173237,0,"FOOD CUPBOARD",SNACKS
LFS,173238,0,"FOOD CUPBOARD","SPICES AND HERBS"
LFS,174892,0,"HOME AND PERSONAL CARE","MENS GROOMING"
LFS,174894,0,"HOME AND PERSONAL CARE","MENS GROOMING"
LFS,174944,0,"FOOD CUPBOARD",BISCUITS
LFS,174979,0,BEVERAGES,DRINKS
LFS,174980,0,BEVERAGES,DRINKS
LFS,174996,0,BEVERAGES,DRINKS
LFS,175046,0,"BEVERAGES ALCOHOLIC",WHISKEY
LFS,175047,0,"BEVERAGES ALCOHOLIC",WINES
LFS,169159,0,"HOME AND PERSONAL CARE",FRESHENERS
LFS,169160,0,"HOME AND PERSONAL CARE",FRESHENERS
LFS,169162,0,"HOME AND PERSONAL CARE","MENS GROOMING"
LFS,169163,0,"HOME AND PERSONAL CARE","MENS GROOMING"
LFS,169166,0,BEVERAGES,JUICE
LFS,169187,0,"FOOD CUPBOARD",SNACKS
LFS,169190,0,"FOOD CUPBOARD",SNACKS
LFS,169192,0,"FOOD CUPBOARD",SNACKS
LFS,169195,0,"FOOD CUPBOARD",SNACKS
LFS,169197,0,"FOOD CUPBOARD",SNACKS
LFS,169199,0,"FOOD CUPBOARD",SNACKS
LFS,169204,0,"FOOD CUPBOARD","BREAKFAST CEREALS"
LFS,169206,0,"FOOD CUPBOARD","BREAKFAST CEREALS"
LFS,169214,0,"FOOD CUPBOARD","BREAKFAST CEREALS"
LFS,169222,0,"FOOD CUPBOARD",BISCUITS
LFS,171140,0,"FOOD CUPBOARD",CONFECTIONERY
LFS,171141,0,"FOOD CUPBOARD",CONFECTIONERY
LFS,171142,0,"FOOD CUPBOARD",CONFECTIONERY
LFS,171151,0,"FOOD CUPBOARD",CONDIMENTS
LFS,171152,0,"FOOD CUPBOARD",CONDIMENTS
LFS,171160,0,"FOOD CUPBOARD",CONDIMENTS
LFS,171176,0,"FOOD CUPBOARD","BREAKFAST CEREALS"
LFS,171177,0,"FOOD CUPBOARD",CONDIMENTS
LFS,162389,0,BEVERAGES,"MINERAL WATER"
LFS,162392,0,BEVERAGES,DRINKS
LFS,162398,0,"HOME AND PERSONAL CARE","SKIN CARE"
LFS,162399,0,"HOME AND PERSONAL CARE","SKIN CARE"
LFS,162400,0,"HOME AND PERSONAL CARE","SKIN CARE"
LFS,162401,0,"HOME AND PERSONAL CARE","SKIN CARE"
LFS,164443,0,"FOOD CUPBOARD",CONFECTIONERY
LFS,164467,0,"HOME AND PERSONAL CARE","PET CARE"
LFS,164508,0,"FOOD CUPBOARD","SPICES AND HERBS"
LFS,164548,0,BEVERAGES,DRINKS
LFS,164568,0,BEVERAGES,"MINERAL WATER"
LFS,164575,0,"FOOD CUPBOARD",BISCUITS
LFS,166857,0,"FRESH DAIRY AND EGGS",Butters
LFS,166870,0,BEVERAGES,DRINKS
LFS,166887,0,"FOOD CUPBOARD","BREAKFAST CEREALS"
LFS,166889,0,"FOOD CUPBOARD","CANNED FOOD"
LFS,166890,0,"FOOD CUPBOARD","CANNED FOOD"
LFS,166891,0,"FOOD CUPBOARD","CANNED FOOD"
LFS,166928,0,"FOOD CUPBOARD","BREAKFAST CEREALS"
LFS,166930,0,"FRESH DAIRY AND EGGS","Farm Eggs"
LFS,166959,0,"FOOD CUPBOARD",CONDIMENTS
LFS,159004,0,"FOOD CUPBOARD",CONFECTIONERY
LFS,159008,0,"FOOD CUPBOARD",CONFECTIONERY
LFS,159017,0,"FOOD CUPBOARD","NOODLES AND SOUP"
LFS,159019,0,"FOOD CUPBOARD","NOODLES AND SOUP"
LFS,159023,0,"FOOD CUPBOARD","NOODLES AND SOUP"
LFS,159025,0,"FOOD CUPBOARD",CONFECTIONERY
LFS,159027,0,"FOOD CUPBOARD",CONFECTIONERY
LFS,159037,0,"FOOD CUPBOARD",CONFECTIONERY
LFS,164722,0,"FOOD CUPBOARD",SNACKS
LFS,164724,0,"FOOD CUPBOARD",SNACKS
LFS,164725,0,"FOOD CUPBOARD",SNACKS
LFS,164726,0,"FOOD CUPBOARD",SNACKS
LFS,164875,0,"FOOD CUPBOARD",SNACKS
LFS,164880,0,"FOOD CUPBOARD","NOODLES AND SOUP"
LFS,164887,0,"FOOD CUPBOARD","SPREADS AND TOPPING"
LFS,164898,0,"FOOD CUPBOARD","BAKING INGREDIENTS"
LFS,164914,0,"FOOD CUPBOARD",CONDIMENTS
LFS,164917,0,"HOME AND PERSONAL CARE",DISPOSABLE
LFS,164918,0,"HOME AND PERSONAL CARE",DISPOSABLE
LFS,164922,0,"HOME AND PERSONAL CARE",DISPOSABLE
LFS,164993,0,"FOOD CUPBOARD",SOUKS
LFS,164994,0,"FOOD CUPBOARD",SOUKS
LFS,164995,0,"FOOD CUPBOARD",SOUKS
LFS,164996,0,"FOOD CUPBOARD",SOUKS
LFS,164997,0,"FOOD CUPBOARD",SOUKS
LFS,165011,0,"FOOD CUPBOARD",SOUKS
LFS,165085,0,"HOME AND PERSONAL CARE",FRESHENERS
LFS,167129,0,"HOME AND PERSONAL CARE","PERSONAL WASH"
LFS,167130,0,"HOME AND PERSONAL CARE","PERSONAL WASH"
LFS,167135,0,"HOME AND PERSONAL CARE",FRAGRANCES
LFS,167138,0,"HOME AND PERSONAL CARE","SKIN CARE"
LFS,159044,0,"FOOD CUPBOARD","EDIBLE OILS AND GHEE"
LFS,159045,0,"FOOD CUPBOARD","EDIBLE OILS AND GHEE"
LFS,159053,0,"HOME AND PERSONAL CARE","ORAL CARE"
LFS,159055,0,"HOME AND PERSONAL CARE","ORAL CARE"
LFS,159074,0,"FROZEN FOOD",FISH
LFS,159076,0,"FROZEN FOOD",FISH
LFS,159082,0,"FROZEN FOOD",SALMON
LFS,159131,0,"FROZEN FOOD","FROZEN SNACKS - VEG"
LFS,164754,0,"FRUITS- IMPORT",Fruits
LFS,164771,0,"FOOD CUPBOARD","HONEY  JAM AND MARMALADE"
LFS,164772,0,"FOOD CUPBOARD","HONEY  JAM AND MARMALADE"
LFS,164773,0,"FOOD CUPBOARD","HONEY  JAM AND MARMALADE"
LFS,164780,0,"FOOD CUPBOARD",BISCUITS
LFS,164781,0,"FOOD CUPBOARD",BISCUITS
LFS,164792,0,BUTCHERY,"LAMB BURKINA"
LFS,164824,0,BEVERAGES,"DRINKING POWDERS"
LFS,164828,0,"FOOD CUPBOARD","BAKING INGREDIENTS"
LFS,164829,0,BEVERAGES,"DRINKING POWDERS"
LFS,164858,0,"FOOD CUPBOARD","BAKING INGREDIENTS"
LFS,164862,0,"FOOD CUPBOARD","SPREADS AND TOPPING"
LFS,164867,0,"FOOD CUPBOARD","BAKING INGREDIENTS"
LFS,16487,0,BEVERAGES,TEA
LFS,164874,0,"FOOD CUPBOARD",SNACKS
LFS,165125,0,"FRUITS- IMPORT",VEGETABLES.
LFS,165128,0,"HOME AND PERSONAL CARE",DISPOSABLE
LFS,165129,0,"HOME AND PERSONAL CARE",DISPOSABLE
LFS,165130,0,"BEVERAGES ALCOHOLIC",WHISKEY
LFS,165133,0,"BEVERAGES ALCOHOLIC",WHISKEY
LFS,165134,0,"FOOD CUPBOARD",CONFECTIONERY
LFS,165135,0,"BEVERAGES ALCOHOLIC",WHISKEY
LFS,165137,0,"BEVERAGES ALCOHOLIC",WHISKEY
LFS,165138,0,"BEVERAGES ALCOHOLIC",LIQUER
LFS,165141,0,"BEVERAGES ALCOHOLIC",LIQUER
LFS,165147,0,"FRUITS- IMPORT",Fruits
LFS,165371,0,"HOME AND PERSONAL CARE","PERSONAL WASH"
LFS,157359,0,BEVERAGES,DRINKS
LFS,157374,0,"BEVERAGES ALCOHOLIC",WINES
LFS,157380,0,"BEVERAGES ALCOHOLIC",WINES
LFS,157381,0,"BEVERAGES ALCOHOLIC",WINES
LFS,157382,0,"BEVERAGES ALCOHOLIC",WINES
LFS,157384,0,"BEVERAGES ALCOHOLIC","SPARKLING WINES"
LFS,157385,0,"BEVERAGES ALCOHOLIC","SPARKLING WINES"
LFS,157386,0,"BEVERAGES ALCOHOLIC","SPARKLING WINES"
LFS,157394,0,"HOME AND PERSONAL CARE","SKIN CARE"
LFS,157395,0,"HOME AND PERSONAL CARE","SKIN CARE"
LFS,157439,0,"FOOD CUPBOARD","SPREADS AND TOPPING"
LFS,157440,0,"FOOD CUPBOARD","SPREADS AND TOPPING"
LFS,159137,0,"FROZEN FOOD","FROZEN SNACKS - VEG"
LFS,159148,0,"FROZEN FOOD",BEEF
LFS,15918,0,"BEVERAGES ALCOHOLIC",WINES
LFS,159183,0,"FROZEN FOOD","FROZEN SNACKS - VEG"
LFS,159232,0,"FROZEN FOOD",ICE-CUBES
LFS,159353,0,"HOME AND PERSONAL CARE","HOUSEHOLD CLEANERS"
LFS,159355,0,"HOME AND PERSONAL CARE","HOUSEHOLD CLEANERS"
LFS,162485,0,"FOOD CUPBOARD",SNACKS
LFS,162495,0,"HOME AND PERSONAL CARE",FRAGRANCES
LFS,162510,0,"FROZEN FOOD","PLAIN YOGHURT"
LFS,162512,0,"FROZEN FOOD","PLAIN YOGHURT"
LFS,165459,0,"HOME AND PERSONAL CARE","HEALTH AND WELLNESS"
LFS,165462,0,"HOME AND PERSONAL CARE",FRESHENERS
LFS,165464,0,"HOME AND PERSONAL CARE",FRESHENERS
LFS,157442,0,"FOOD CUPBOARD","SPREADS AND TOPPING"
LFS,157444,0,"HOME AND PERSONAL CARE",DISPOSABLE
LFS,157446,0,"FOOD CUPBOARD","BAKING INGREDIENTS"
LFS,157515,0,"HOME AND PERSONAL CARE","SKIN CARE"
LFS,157517,0,"HOME AND PERSONAL CARE","SKIN CARE"
LFS,157535,0,"HOME AND PERSONAL CARE","PERSONAL WASH"
LFS,157536,0,"HOME AND PERSONAL CARE","PERSONAL WASH"
LFS,157537,0,"HOME AND PERSONAL CARE","PERSONAL WASH"
LFS,157538,0,"HOME AND PERSONAL CARE","PERSONAL WASH"
LFS,157539,0,"HOME AND PERSONAL CARE","PERSONAL WASH"
LFS,157540,0,"HOME AND PERSONAL CARE","PERSONAL WASH"
LFS,157541,0,"FOOD CUPBOARD",BISCUITS
LFS,157555,0,"FROZEN FOOD",PORK
LFS,159409,0,"FROZEN FOOD","FROZEN SNACKS - VEG"
LFS,159423,0,"FROZEN FOOD","FROZEN SNACKS - VEG"
LFS,159424,0,"FOOD CUPBOARD",CONFECTIONERY
LFS,159512,0,"HOME AND PERSONAL CARE","PERSONAL WASH"
LFS,159519,0,"HOME AND PERSONAL CARE","PERSONAL WASH"
LFS,159526,0,"HOME AND PERSONAL CARE","PERSONAL WASH"
LFS,159549,0,"HOME AND PERSONAL CARE","LAUNDRY CARE"
LFS,159558,0,"HOME AND PERSONAL CARE",FRAGRANCES
LFS,159560,0,"HOME AND PERSONAL CARE",FRAGRANCES
LFS,162530,0,"FOOD CUPBOARD","PASTA AND SPAGHETTI"
LFS,162531,0,"HOME AND PERSONAL CARE",FRAGRANCES
LFS,162546,0,"HOME AND PERSONAL CARE","MENS GROOMING"
LFS,16255,0,"FOOD CUPBOARD",CONFECTIONERY
LFS,162567,0,"FOOD CUPBOARD","EDIBLE OILS AND GHEE"
LFS,162604,0,"FROZEN FOOD",CHICKEN
LFS,162890,0,"HOME AND PERSONAL CARE","LAUNDRY CARE"
LFS,162902,0,"FOOD CUPBOARD","SPREADS AND TOPPING"
LFS,165511,0,BEVERAGES,JUICE
LFS,165512,0,BEVERAGES,JUICE
LFS,165513,0,BEVERAGES,JUICE
LFS,165514,0,BEVERAGES,JUICE
LFS,165516,0,BEVERAGES,JUICE
LFS,165557,0,"FOOD CUPBOARD","SPREADS AND TOPPING"
LFS,165569,0,"FRUITS- IMPORT",Fruits
LFS,165570,0,"FRUITS- IMPORT",Fruits
LFS,165636,0,"FOOD CUPBOARD","MILK AND CREAMERS"
LFS,165644,0,"FOOD CUPBOARD","CANNED FOOD"
LFS,165645,0,"FOOD CUPBOARD",CONDIMENTS
LFS,165647,0,"FOOD CUPBOARD",CONDIMENTS
LFS,157587,0,"FOOD CUPBOARD","MILK AND CREAMERS"
LFS,157588,0,"FOOD CUPBOARD","SPREADS AND TOPPING"
LFS,157593,0,"HOME AND PERSONAL CARE",FRESHENERS
LFS,157595,0,"HOME AND PERSONAL CARE",FRESHENERS
LFS,157598,0,"HOME AND PERSONAL CARE",FRESHENERS
LFS,157600,0,"HOME AND PERSONAL CARE",FRESHENERS
LFS,157601,0,"FOOD CUPBOARD",BISCUITS
LFS,157602,0,"HOME AND PERSONAL CARE",FRESHENERS
LFS,157621,0,BAKERY,BREADS
LFS,157622,0,BAKERY,BREADS
LFS,159583,0,"HOME AND PERSONAL CARE",FRAGRANCES
LFS,159584,0,"HOME AND PERSONAL CARE",FRAGRANCES
LFS,159585,0,"HOME AND PERSONAL CARE",FRAGRANCES
LFS,159599,0,"HOME AND PERSONAL CARE",FRAGRANCES
LFS,159600,0,"HOME AND PERSONAL CARE",FRAGRANCES
LFS,159628,0,"HOME AND PERSONAL CARE",DISPOSABLE
LFS,159639,0,"FROZEN FOOD",TURKEY
LFS,159664,0,"FROZEN FOOD","FROZEN SNACKS - VEG"
LFS,162903,0,"FOOD CUPBOARD","SPREADS AND TOPPING"
LFS,162904,0,"FOOD CUPBOARD","SPREADS AND TOPPING"
LFS,162906,0,"FOOD CUPBOARD",SNACKS
LFS,162924,0,"HOME AND PERSONAL CARE","HAIR CARE"
LFS,162962,0,"FOOD CUPBOARD","FREE FROM (GENERIC)"
LFS,162968,0,"FOOD CUPBOARD","SALT  SUGAR AND JAGGERY"
LFS,16297,0,"HOME AND PERSONAL CARE","HOUSEHOLD CLEANERS"
LFS,162980,0,"HOME AND PERSONAL CARE","HAIR CARE"
LFS,163021,0,"FOOD CUPBOARD",FLOURS
LFS,165658,0,"HOME AND PERSONAL CARE","HEALTH AND WELLNESS"
LFS,157742,0,"BEVERAGES ALCOHOLIC",WINES
LFS,157772,0,"HOME AND PERSONAL CARE",DISPOSABLE
LFS,157791,0,"BEVERAGES ALCOHOLIC","VODKA BOTTLES"
LFS,157793,0,"FOOD CUPBOARD",CONFECTIONERY
LFS,157796,0,"BEVERAGES ALCOHOLIC","VODKA BOTTLES"
LFS,157802,0,"BEVERAGES ALCOHOLIC",LIQUER
LFS,157805,0,"BEVERAGES ALCOHOLIC",BITTERS
LFS,159674,0,"FOOD CUPBOARD",SNACKS
LFS,159678,0,"FOOD CUPBOARD",SNACKS
LFS,159679,0,"FOOD CUPBOARD",FLOURS
LFS,159684,0,"FOOD CUPBOARD",CONDIMENTS
LFS,159686,0,"FOOD CUPBOARD",SNACKS
LFS,159688,0,"FOOD CUPBOARD",SNACKS
LFS,159689,0,"FOOD CUPBOARD",SNACKS
LFS,159690,0,"FOOD CUPBOARD",SNACKS
LFS,159691,0,"FOOD CUPBOARD","SPICES AND HERBS"
LFS,159692,0,"FOOD CUPBOARD",SNACKS
LFS,159693,0,"FOOD CUPBOARD",SNACKS
LFS,159695,0,"FOOD CUPBOARD",SNACKS
LFS,159696,0,"FOOD CUPBOARD",SNACKS
LFS,159708,0,"FOOD CUPBOARD","EDIBLE OILS AND GHEE"
LFS,159709,0,"FOOD CUPBOARD",BISCUITS
LFS,159710,0,"FOOD CUPBOARD",BISCUITS
LFS,159711,0,"FOOD CUPBOARD",BISCUITS
LFS,159739,0,"FOOD CUPBOARD",BISCUITS
LFS,159740,0,"FOOD CUPBOARD",BISCUITS
LFS,159741,0,"FOOD CUPBOARD",BISCUITS
LFS,159742,0,"FOOD CUPBOARD",BISCUITS
LFS,163038,0,"FOOD CUPBOARD","PASTA AND SPAGHETTI"
LFS,163046,0,"FOOD CUPBOARD",CONFECTIONERY
LFS,163047,0,"FOOD CUPBOARD",CONFECTIONERY
LFS,163118,0,"HOME AND PERSONAL CARE","SKIN CARE"
LFS,163120,0,"HOME AND PERSONAL CARE","SKIN CARE"
LFS,163139,0,"FOOD CUPBOARD",CONFECTIONERY
LFS,163140,0,"FOOD CUPBOARD",CONFECTIONERY
LFS,165749,0,"HEALTH AND BEAUTY - YVES ROCHER","YVES ROCHER"
LFS,165750,0,BUTCHERY,"EXOTIC SEAFOOD"
LFS,165758,0,"HEALTH AND BEAUTY - YVES ROCHER","YVES ROCHER"
LFS,165764,0,"HEALTH AND BEAUTY - YVES ROCHER","YVES ROCHER"
LFS,165790,0,"BEVERAGES ALCOHOLIC",WINES
LFS,165791,0,"BEVERAGES ALCOHOLIC",WINES
LFS,165792,0,"BEVERAGES ALCOHOLIC",WINES
LFS,165793,0,"BEVERAGES ALCOHOLIC",WINES
LFS,165794,0,"BEVERAGES ALCOHOLIC",WINES
LFS,165795,0,"BEVERAGES ALCOHOLIC",Champagne
LFS,165796,0,"BEVERAGES ALCOHOLIC",Champagne
LFS,165797,0,BEVERAGES,"NON ALCOHOLIC"
LFS,165798,0,BEVERAGES,"NON ALCOHOLIC"
LFS,165800,0,"BEVERAGES ALCOHOLIC",LIQUER
LFS,157823,0,"FOOD CUPBOARD",CONFECTIONERY
LFS,157829,0,"FOOD CUPBOARD","MILK AND CREAMERS"
LFS,157869,0,"FRUITS- IMPORT",Fruits
LFS,157902,0,"HOME AND PERSONAL CARE",DISPOSABLE
LFS,157904,0,"FROZEN FOOD",CHICKEN
LFS,157908,0,"FROZEN FOOD","FROZEN SNACKS - VEG"
LFS,157916,0,"FROZEN FOOD",PORK
LFS,157951,0,"BEVERAGES ALCOHOLIC","VODKA BOTTLES"
LFS,157953,0,"BEVERAGES ALCOHOLIC","SPARKLING WINES"
LFS,157958,0,"BEVERAGES ALCOHOLIC",WINES
LFS,157959,0,"BEVERAGES ALCOHOLIC",WINES
LFS,157985,0,"FOOD CUPBOARD","SPREADS AND TOPPING"
LFS,158002,0,"FROZEN FOOD","FROZEN SNACKS - VEG"
LFS,158004,0,"FROZEN FOOD","FROZEN SNACKS - VEG"
LFS,15803,0,"HOME AND PERSONAL CARE","HEALTH AND WELLNESS"
LFS,159743,0,"FOOD CUPBOARD",BISCUITS
LFS,159744,0,"FOOD CUPBOARD",BISCUITS
LFS,159745,0,"FOOD CUPBOARD",BISCUITS
LFS,159756,0,"FOOD CUPBOARD",BISCUITS
LFS,159758,0,"FOOD CUPBOARD",BISCUITS
LFS,159760,0,"FOOD CUPBOARD",BISCUITS
LFS,159761,0,"FOOD CUPBOARD",BISCUITS
LFS,159762,0,"FOOD CUPBOARD",BISCUITS
LFS,159763,0,"FOOD CUPBOARD",BISCUITS
LFS,159764,0,"FOOD CUPBOARD",BISCUITS
LFS,159765,0,"FOOD CUPBOARD",BISCUITS
LFS,159767,0,"FOOD CUPBOARD",BISCUITS
LFS,159769,0,"FOOD CUPBOARD",BISCUITS
LFS,159772,0,"FOOD CUPBOARD",BISCUITS
LFS,159791,0,"FROZEN FOOD",PORK
LFS,159793,0,"FROZEN FOOD","FROZEN SNACKS - VEG"
LFS,159796,0,"FROZEN FOOD",PORK
LFS,159816,0,"FROZEN FOOD",PORK
LFS,159829,0,"FROZEN FOOD",FISH
LFS,159835,0,"FROZEN FOOD","FROZEN SNACKS - VEG"
LFS,163163,0,"FOOD CUPBOARD",BISCUITS
LFS,163165,0,"FOOD CUPBOARD",BISCUITS
LFS,163167,0,"FOOD CUPBOARD",SNACKS
LFS,163168,0,"FOOD CUPBOARD",SNACKS
LFS,163194,0,"HOME AND PERSONAL CARE","ORAL CARE"
LFS,163200,0,"HOME AND PERSONAL CARE",FRAGRANCES
LFS,163201,0,"HOME AND PERSONAL CARE","HAIR CARE"
LFS,163202,0,"HOME AND PERSONAL CARE","HAIR CARE"
LFS,165802,0,"BEVERAGES ALCOHOLIC",LIQUER
LFS,165814,0,"FRESH DAIRY AND EGGS",Yoghurt
LFS,165816,0,"FRESH DAIRY AND EGGS",Yoghurt
LFS,165818,0,"FROZEN FOOD",Vegetables
LFS,165820,0,"FROZEN FOOD",Vegetables
LFS,165834,0,"FOOD CUPBOARD",FLOURS
LFS,165856,0,"BEVERAGES ALCOHOLIC",TOBACCO
LFS,165857,0,"BEVERAGES ALCOHOLIC",TOBACCO
LFS,165858,0,"BEVERAGES ALCOHOLIC",TOBACCO
LFS,165859,0,"BEVERAGES ALCOHOLIC",TOBACCO
LFS,165861,0,"BEVERAGES ALCOHOLIC",TOBACCO
LFS,165862,0,"BEVERAGES ALCOHOLIC",TOBACCO
LFS,165916,0,BEVERAGES,TEA
LFS,158033,0,"FROZEN FOOD","FROZEN SNACKS - VEG"
LFS,158034,0,"FRUITS- IMPORT",Fruits
LFS,158041,0,"FROZEN FOOD",ICE-CREAM
LFS,158073,0,"FOOD CUPBOARD","HONEY  JAM AND MARMALADE"
LFS,158200,0,"HOME AND PERSONAL CARE",FRESHENERS
LFS,158211,0,"FOOD CUPBOARD","GRAINS AND PULSES"
LFS,158268,0,"FOOD CUPBOARD","HONEY  JAM AND MARMALADE"
LFS,158329,0,"FRUITS- IMPORT",VEGETABLES.
LFS,158337,0,"FOOD CUPBOARD","NOODLES AND SOUP"
LFS,158350,0,"FOOD CUPBOARD","SPREADS AND TOPPING"
LFS,159847,0,"FRUITS- IMPORT",VEGETABLES.
LFS,159890,0,"FOOD CUPBOARD",BISCUITS
LFS,159891,0,"FOOD CUPBOARD",BISCUITS
LFS,159892,0,"FOOD CUPBOARD",BISCUITS
LFS,159893,0,"FOOD CUPBOARD",BISCUITS
LFS,159941,0,"HOME AND PERSONAL CARE","HOUSEHOLD CLEANERS"
LFS,160099,0,"BEVERAGES ALCOHOLIC","SPARKLING WINES"
LFS,163250,0,"FROZEN FOOD","FLAVOURED YOGHURT"
LFS,163252,0,"FOOD CUPBOARD",CONFECTIONERY
LFS,16329,0,"BEVERAGES ALCOHOLIC",WINES
LFS,16330,0,"BEVERAGES ALCOHOLIC",WINES
LFS,16331,0,"BEVERAGES ALCOHOLIC",WINES
LFS,163372,0,"BEVERAGES ALCOHOLIC",WINES
LFS,163374,0,"BEVERAGES ALCOHOLIC",WINES
LFS,163379,0,BUTCHERY,"FRESH PORK"
LFS,163407,0,"FROZEN FOOD",ICE-CREAM
LFS,163409,0,"FROZEN FOOD",ICE-CREAM
LFS,163419,0,BUTCHERY,"FRESH CHICKEN"
LFS,163420,0,"FROZEN FOOD",ICE-CREAM
LFS,163421,0,"FROZEN FOOD",ICE-CREAM
LFS,165919,0,BEVERAGES,TEA
LFS,165921,0,BEVERAGES,TEA
LFS,165923,0,BEVERAGES,TEA
LFS,165981,0,"BEVERAGES ALCOHOLIC",RHUM
LFS,165983,0,"BEVERAGES ALCOHOLIC",RHUM
LFS,165984,0,"BEVERAGES ALCOHOLIC",TEQUILA
LFS,165994,0,"BEVERAGES ALCOHOLIC",TEQUILA
LFS,165996,0,"BEVERAGES ALCOHOLIC",WINES
LFS,165997,0,"BEVERAGES ALCOHOLIC",WINES
LFS,165998,0,"BEVERAGES ALCOHOLIC",WINES
LFS,165999,0,"BEVERAGES ALCOHOLIC",WINES
LFS,166000,0,"BEVERAGES ALCOHOLIC",WINES
LFS,166001,0,BEVERAGES,JUICE
LFS,158355,0,"FOOD CUPBOARD","SPREADS AND TOPPING"
LFS,158412,0,"HOME AND PERSONAL CARE","LAUNDRY CARE"
LFS,158419,0,"HOME AND PERSONAL CARE","PERSONAL WASH"
LFS,158422,0,"HOME AND PERSONAL CARE","HOUSEHOLD CLEANERS"
LFS,158438,0,"HOME AND PERSONAL CARE","LAUNDRY CARE"
LFS,158441,0,"HOME AND PERSONAL CARE","LAUNDRY CARE"
LFS,158443,0,"HOME AND PERSONAL CARE","HOUSEHOLD CLEANERS"
LFS,158445,0,"HOME AND PERSONAL CARE","LAUNDRY CARE"
LFS,158448,0,"HOME AND PERSONAL CARE","SKIN CARE"
LFS,158449,0,"HOME AND PERSONAL CARE","LAUNDRY CARE"
LFS,158451,0,"HOME AND PERSONAL CARE","SKIN CARE"
LFS,158460,0,"HOME AND PERSONAL CARE","SKIN CARE"
LFS,158461,0,"HOME AND PERSONAL CARE","SKIN CARE"
LFS,158463,0,"HOME AND PERSONAL CARE","SKIN CARE"
LFS,158464,0,"HOME AND PERSONAL CARE","SKIN CARE"
LFS,158465,0,"HOME AND PERSONAL CARE","PERSONAL WASH"
LFS,158467,0,"HOME AND PERSONAL CARE","PERSONAL WASH"
LFS,158468,0,"HOME AND PERSONAL CARE","PERSONAL WASH"
LFS,158469,0,"HOME AND PERSONAL CARE","PERSONAL WASH"
LFS,158470,0,"HOME AND PERSONAL CARE","PERSONAL WASH"
LFS,158471,0,"HOME AND PERSONAL CARE","PERSONAL WASH"
LFS,160105,0,"FOOD CUPBOARD","MILK AND CREAMERS"
LFS,160118,0,BEVERAGES,TEA
LFS,160119,0,BEVERAGES,TEA
LFS,160120,0,BEVERAGES,TEA
LFS,160121,0,BEVERAGES,TEA
LFS,160122,0,"FOOD CUPBOARD",BISCUITS
LFS,160124,0,"FOOD CUPBOARD",BISCUITS
LFS,160125,0,"FOOD CUPBOARD","CANNED FOOD"
LFS,160131,0,"FOOD CUPBOARD",CONFECTIONERY
LFS,160152,0,"HOME AND PERSONAL CARE",FRAGRANCES
LFS,163422,0,"FROZEN FOOD",ICE-CREAM
LFS,163427,0,"FROZEN FOOD",ICE-CREAM
LFS,163428,0,"FROZEN FOOD",ICE-CREAM
LFS,163442,0,BUTCHERY,"FRESH BEEF"
LFS,163469,0,"FRESH DAIRY AND EGGS",Cream
LFS,163476,0,"FOOD CUPBOARD",CONFECTIONERY
LFS,163520,0,BEVERAGES,"MINERAL WATER"
LFS,163556,0,"FRUITS- IMPORT",VEGETABLES.
LFS,163560,0,"FRUITS- IMPORT",VEGETABLES.
LFS,163572,0,"FOOD CUPBOARD",CONFECTIONERY
LFS,163591,0,"FOOD CUPBOARD","INSTANT MIX"
LFS,166002,0,BEVERAGES,JUICE
LFS,166003,0,BEVERAGES,JUICE
LFS,166004,0,BEVERAGES,JUICE
LFS,166005,0,BEVERAGES,JUICE
LFS,166027,0,"FROZEN FOOD",CHICKEN
LFS,166032,0,BEVERAGES,JUICE
LFS,166065,0,"HOME AND PERSONAL CARE","ORAL CARE"
LFS,166066,0,"HOME AND PERSONAL CARE","ORAL CARE"
LFS,166069,0,"FOOD CUPBOARD","HONEY  JAM AND MARMALADE"
LFS,166071,0,"FOOD CUPBOARD","EDIBLE OILS AND GHEE"
LFS,166074,0,"FOOD CUPBOARD","SPICES AND HERBS"
LFS,166076,0,"HOME AND PERSONAL CARE","PERSONAL WASH"
LFS,166079,0,"FOOD CUPBOARD",CONFECTIONERY
LFS,158480,0,"HOME AND PERSONAL CARE","SKIN CARE"
LFS,158483,0,"HOME AND PERSONAL CARE","INFANT AND BABY CARE"
LFS,158493,0,"FRESH DAIRY AND EGGS",Yoghurt
LFS,158494,0,"FRESH DAIRY AND EGGS",Yoghurt
LFS,158495,0,BEVERAGES,"MINERAL WATER"
LFS,158496,0,BEVERAGES,"MINERAL WATER"
LFS,158508,0,"BEVERAGES ALCOHOLIC",WINES
LFS,158511,0,"BEVERAGES ALCOHOLIC",WINES
LFS,158512,0,"BEVERAGES ALCOHOLIC",WINES
LFS,158513,0,"BEVERAGES ALCOHOLIC",WINES
LFS,158514,0,"BEVERAGES ALCOHOLIC",WINES
LFS,158515,0,"BEVERAGES ALCOHOLIC",WINES
LFS,158522,0,"BEVERAGES ALCOHOLIC",BITTERS
LFS,158532,0,"FRUITS- IMPORT",VEGETABLES.
LFS,158534,0,"FRUITS- IMPORT",VEGETABLES.
LFS,158535,0,"FRUITS- IMPORT",VEGETABLES.
LFS,158536,0,"FRUITS- IMPORT",VEGETABLES.
LFS,158539,0,"FRUITS- IMPORT",Fruits
LFS,158541,0,"FOOD CUPBOARD",CONFECTIONERY
LFS,158542,0,"FOOD CUPBOARD",CONFECTIONERY
LFS,158543,0,"FOOD CUPBOARD",CONFECTIONERY
LFS,158544,0,"FOOD CUPBOARD",CONFECTIONERY
LFS,158545,0,"FOOD CUPBOARD",CONFECTIONERY
LFS,158547,0,"FOOD CUPBOARD",CONFECTIONERY
LFS,158548,0,"FOOD CUPBOARD",CONFECTIONERY
LFS,158549,0,"FOOD CUPBOARD",CONFECTIONERY
LFS,160171,0,"HOME AND PERSONAL CARE","PET CARE"
LFS,160241,0,"HOME AND PERSONAL CARE","PERSONAL WASH"
LFS,160249,0,"HOME AND PERSONAL CARE","PERSONAL WASH"
LFS,160252,0,BEVERAGES,"MINERAL WATER"
LFS,160253,0,BEVERAGES,"MINERAL WATER"
LFS,160355,0,"FOOD CUPBOARD",BISCUITS
LFS,163593,0,"FOOD CUPBOARD","INSTANT MIX"
LFS,163603,0,"FOOD CUPBOARD",CONFECTIONERY
LFS,163610,0,"FOOD CUPBOARD",SAVOURIES
LFS,163612,0,"FOOD CUPBOARD","CANNED FOOD"
LFS,163613,0,"FOOD CUPBOARD","CANNED FOOD"
LFS,163621,0,"FOOD CUPBOARD","SPREADS AND TOPPING"
LFS,163636,0,"BEVERAGES ALCOHOLIC",WINES
LFS,163637,0,"BEVERAGES ALCOHOLIC",WINES
LFS,163638,0,"BEVERAGES ALCOHOLIC",WINES
LFS,163639,0,"BEVERAGES ALCOHOLIC",WINES
LFS,163641,0,"BEVERAGES ALCOHOLIC",WINES
LFS,163648,0,"FOOD CUPBOARD",CONFECTIONERY
LFS,163650,0,"FOOD CUPBOARD",CONFECTIONERY
LFS,163652,0,"FOOD CUPBOARD",SNACKS
LFS,166111,0,"FOOD CUPBOARD",CONDIMENTS
LFS,166112,0,"FOOD CUPBOARD","SPREADS AND TOPPING"
LFS,166114,0,BEVERAGES,"DRINKING POWDERS"
LFS,166115,0,"HOME AND PERSONAL CARE","INFANT AND BABY CARE"
LFS,166119,0,"FOOD CUPBOARD",CONDIMENTS
LFS,166120,0,"FOOD CUPBOARD","SPREADS AND TOPPING"
LFS,166124,0,"FOOD CUPBOARD","SPREADS AND TOPPING"
LFS,166130,0,"FOOD CUPBOARD","BREAKFAST CEREALS"
LFS,166134,0,"FOOD CUPBOARD",CONFECTIONERY
LFS,166145,0,"FOOD CUPBOARD","SPREADS AND TOPPING"
LFS,158749,0,"HOME AND PERSONAL CARE","LAUNDRY CARE"
LFS,158750,0,"HOME AND PERSONAL CARE","HOUSEHOLD CLEANERS"
LFS,158756,0,"FOOD CUPBOARD","DRINKING POWDER"
LFS,158766,0,"FOOD CUPBOARD","BREAKFAST CEREALS"
LFS,158770,0,"HOME AND PERSONAL CARE","SKIN CARE"
LFS,158795,0,"HOME AND PERSONAL CARE","PERSONAL WASH"
LFS,158803,0,"FOOD CUPBOARD","SPREADS AND TOPPING"
LFS,160374,0,"FRESH DAIRY AND EGGS","Farm Eggs"
LFS,160392,0,"FOOD CUPBOARD","EDIBLE OILS AND GHEE"
LFS,160403,0,"FRUITS- IMPORT",VEGETABLES.
LFS,16062,0,"FROZEN FOOD",BUTTER
LFS,16063,0,"FROZEN FOOD",BUTTER
LFS,160861,0,"FRESH DAIRY AND EGGS",cheeses
LFS,160865,0,"FRESH DAIRY AND EGGS",cheeses
LFS,160867,0,"FRESH DAIRY AND EGGS",cheeses
LFS,160871,0,"FRESH DAIRY AND EGGS",cheeses
LFS,160873,0,"FRESH DAIRY AND EGGS",cheeses
LFS,163653,0,"FOOD CUPBOARD",CONFECTIONERY
LFS,163657,0,"FOOD CUPBOARD",SNACKS
LFS,163659,0,"FOOD CUPBOARD",SNACKS
LFS,163660,0,"FOOD CUPBOARD",SNACKS
LFS,163661,0,"FOOD CUPBOARD",SNACKS
LFS,163691,0,"FOOD CUPBOARD",CONFECTIONERY
LFS,163699,0,"FOOD CUPBOARD","SPREADS AND TOPPING"
LFS,163700,0,"FOOD CUPBOARD","SPREADS AND TOPPING"
LFS,163701,0,"FOOD CUPBOARD","SPREADS AND TOPPING"
LFS,163707,0,"FOOD CUPBOARD",CONFECTIONERY
LFS,163713,0,"FOOD CUPBOARD",CONFECTIONERY
LFS,16373,0,"BEVERAGES ALCOHOLIC",WINES
LFS,16374,0,"BEVERAGES ALCOHOLIC",WINES
LFS,166188,0,BEVERAGES,COFFEE
LFS,166193,0,"FOOD CUPBOARD",CONFECTIONERY
LFS,166199,0,"FROZEN FOOD","POTATO CHIPS"
LFS,166212,0,"FROZEN FOOD",BEEF
LFS,166215,0,"FROZEN FOOD",BEEF
LFS,166221,0,"FROZEN FOOD",BEEF
LFS,166222,0,"FROZEN FOOD",BEEF
LFS,166229,0,"FROZEN FOOD",BEEF
LFS,166250,0,"FOOD CUPBOARD","GRAINS AND PULSES"
LFS,158804,0,"FOOD CUPBOARD","BREAKFAST CEREALS"
LFS,158805,0,"FOOD CUPBOARD","PEPPER SAUCE"
LFS,158812,0,"FOOD CUPBOARD",SNACKS
LFS,158816,0,"FOOD CUPBOARD",CONFECTIONERY
LFS,158818,0,"FOOD CUPBOARD","HONEY  JAM AND MARMALADE"
LFS,15885,0,"HOME AND PERSONAL CARE","HOUSEHOLD CLEANERS"
LFS,15886,0,"HOME AND PERSONAL CARE","HOUSEHOLD CLEANERS"
LFS,158862,0,"FOOD CUPBOARD","HONEY  JAM AND MARMALADE"
LFS,158868,0,"FROZEN FOOD","POTATO CHIPS"
LFS,158874,0,"FROZEN FOOD","POTATO CHIPS"
LFS,161043,0,"HOME AND PERSONAL CARE","ORAL CARE"
LFS,161092,0,"HOME AND PERSONAL CARE","PERSONAL WASH"
LFS,161093,0,"HOME AND PERSONAL CARE","PERSONAL WASH"
LFS,163750,0,"FOOD CUPBOARD",CONFECTIONERY
LFS,163751,0,"FOOD CUPBOARD",CONFECTIONERY
LFS,163752,0,"FOOD CUPBOARD",CONFECTIONERY
LFS,163773,0,BEVERAGES,DRINKS
LFS,163780,0,"HOME AND PERSONAL CARE","HOUSEHOLD CLEANERS"
LFS,163915,0,"HOME AND PERSONAL CARE","LAUNDRY CARE"
LFS,163917,0,"HOME AND PERSONAL CARE","LAUNDRY CARE"
LFS,163920,0,"HOME AND PERSONAL CARE","PERSONAL WASH"
LFS,163944,0,"HOME AND PERSONAL CARE","HAIR CARE"
LFS,163948,0,"HOME AND PERSONAL CARE","HAIR CARE"
LFS,166283,0,"FOOD CUPBOARD","SPREADS AND TOPPING"
LFS,166285,0,"FOOD CUPBOARD","SPREADS AND TOPPING"
LFS,166287,0,"FOOD CUPBOARD","SPREADS AND TOPPING"
LFS,166288,0,"FOOD CUPBOARD","SPREADS AND TOPPING"
LFS,166289,0,"FOOD CUPBOARD","SPREADS AND TOPPING"
LFS,166293,0,"FOOD CUPBOARD","SPREADS AND TOPPING"
LFS,166301,0,"FOOD CUPBOARD","SPREADS AND TOPPING"
LFS,166308,0,"FOOD CUPBOARD","SPREADS AND TOPPING"
LFS,166314,0,"FOOD CUPBOARD","CANNED FOOD"
LFS,166317,0,"FOOD CUPBOARD","GRAINS AND PULSES"
LFS,166318,0,"FOOD CUPBOARD","CANNED FOOD"
LFS,166319,0,"FOOD CUPBOARD","CANNED FOOD"
LFS,166321,0,"FOOD CUPBOARD",CONDIMENTS
LFS,166322,0,"FOOD CUPBOARD",CONDIMENTS
LFS,158883,0,"FOOD CUPBOARD","RAW RICE"
LFS,158884,0,"FOOD CUPBOARD",CONFECTIONERY
LFS,158886,0,"FOOD CUPBOARD","BREAKFAST CEREALS"
LFS,158894,0,"FOOD CUPBOARD",CONFECTIONERY
LFS,158906,0,"FOOD CUPBOARD",BISCUITS
LFS,158911,0,"FROZEN FOOD","POTATO CHIPS"
LFS,161094,0,"HOME AND PERSONAL CARE","PERSONAL WASH"
LFS,161232,0,"HOME AND PERSONAL CARE","INFANT AND BABY CARE"
LFS,161233,0,"HOME AND PERSONAL CARE","INFANT AND BABY CARE"
LFS,161234,0,"HOME AND PERSONAL CARE","INFANT AND BABY CARE"
LFS,161239,0,"HOME AND PERSONAL CARE","COLOR COSMETICS"
LFS,161274,0,"FRESH DAIRY AND EGGS",Yoghurt
LFS,161275,0,"FRESH DAIRY AND EGGS",Yoghurt
LFS,161276,0,"FRESH DAIRY AND EGGS",Yoghurt
LFS,161278,0,"HOME AND PERSONAL CARE",DISPOSABLE
LFS,161314,0,"HOME AND PERSONAL CARE",DISPOSABLE
LFS,163950,0,"HOME AND PERSONAL CARE","PERSONAL WASH"
LFS,164011,0,BUTCHERY,"FRESH BEEF"
LFS,164012,0,BUTCHERY,"FRESH BEEF"
LFS,164013,0,BUTCHERY,"FRESH BEEF"
LFS,164014,0,BUTCHERY,"FRESH BEEF"
LFS,164015,0,BUTCHERY,"FRESH BEEF"
LFS,164016,0,BUTCHERY,"FRESH BEEF"
LFS,164017,0,BUTCHERY,"FRESH BEEF"
LFS,164109,0,"FOOD CUPBOARD",CONFECTIONERY
LFS,164116,0,"FOOD CUPBOARD",CONFECTIONERY
LFS,164117,0,"FOOD CUPBOARD",CONFECTIONERY
LFS,164123,0,"FOOD CUPBOARD",CONFECTIONERY
LFS,164124,0,"FOOD CUPBOARD",CONFECTIONERY
LFS,164149,0,"FOOD CUPBOARD",CONFECTIONERY
LFS,164183,0,BEVERAGES,COFFEE
LFS,164184,0,BEVERAGES,"DRINKING POWDERS"
LFS,164193,0,"FOOD CUPBOARD","CANNED FOOD"
LFS,166323,0,"FOOD CUPBOARD",CONDIMENTS
LFS,166325,0,"FOOD CUPBOARD",CONDIMENTS
LFS,166343,0,"FRESH DAIRY AND EGGS","Deli Turkey"
LFS,166344,0,"FRESH DAIRY AND EGGS",DELI
LFS,166350,0,"BEVERAGES ALCOHOLIC",WINES
LFS,166352,0,"FRUITS- IMPORT",Fruits
LFS,16639,0,BEVERAGES,DRINKS
LFS,166514,0,"HOME AND PERSONAL CARE","HAIR CARE"
LFS,166516,0,"HOME AND PERSONAL CARE","HAIR CARE"
LFS,166518,0,"HOME AND PERSONAL CARE","HAIR CARE"
LFS,166519,0,"HOME AND PERSONAL CARE","HAIR CARE"
LFS,166520,0,"HOME AND PERSONAL CARE","HAIR CARE"
LFS,166521,0,"HOME AND PERSONAL CARE","HAIR CARE"
LFS,166525,0,"HOME AND PERSONAL CARE","MENS GROOMING"
LFS,166526,0,"HOME AND PERSONAL CARE","MENS GROOMING"
LFS,166528,0,"HOME AND PERSONAL CARE","MENS GROOMING"
LFS,158922,0,"FOOD CUPBOARD",CONFECTIONERY
LFS,158929,0,"FOOD CUPBOARD",CONFECTIONERY
LFS,161344,0,"FRESH DAIRY AND EGGS",Yoghurt
LFS,161345,0,"FRESH DAIRY AND EGGS",Yoghurt
LFS,161547,0,"FOOD CUPBOARD","SPREADS AND TOPPING"
LFS,161566,0,BUTCHERY,"FRESH PORK"
LFS,161596,0,"FOOD CUPBOARD","BAKING INGREDIENTS"
LFS,161635,0,"FOOD CUPBOARD",FLOURS
LFS,164207,0,"FOOD CUPBOARD",BISCUITS
LFS,164212,0,"HOME AND PERSONAL CARE","ORAL CARE"
LFS,164213,0,"HOME AND PERSONAL CARE","ORAL CARE"
LFS,164216,0,"HOME AND PERSONAL CARE","LAUNDRY CARE"
LFS,164218,0,BEVERAGES,JUICE
LFS,164219,0,BEVERAGES,JUICE
LFS,164220,0,BEVERAGES,JUICE
LFS,164221,0,BEVERAGES,JUICE
LFS,164222,0,"FOOD CUPBOARD",SNACKS
LFS,164226,0,"FOOD CUPBOARD","BREAKFAST CEREALS"
LFS,164227,0,"FOOD CUPBOARD","SPICES AND HERBS"
LFS,164228,0,"FOOD CUPBOARD",FLOURS
LFS,164251,0,"HOME AND PERSONAL CARE","PET CARE"
LFS,164254,0,"BEVERAGES ALCOHOLIC",WHISKEY
LFS,164257,0,"BEVERAGES ALCOHOLIC",WHISKEY
LFS,166572,0,"FRESH DAIRY AND EGGS",DELI
LFS,166632,0,"FRESH DAIRY AND EGGS",cheeses
LFS,166673,0,"FOOD CUPBOARD",SNACKS
LFS,166686,0,"FOOD CUPBOARD",SNACKS
LFS,166687,0,"FOOD CUPBOARD",SNACKS
LFS,166691,0,BEVERAGES,JUICE
LFS,166692,0,BEVERAGES,JUICE
LFS,166696,0,BEVERAGES,JUICE
LFS,158951,0,"HOME AND PERSONAL CARE","PET CARE"
LFS,158963,0,"HOME AND PERSONAL CARE","PET CARE"
LFS,158968,0,"HOME AND PERSONAL CARE","PET CARE"
LFS,158970,0,"FOOD CUPBOARD",CONFECTIONERY
LFS,158971,0,"FOOD CUPBOARD",CONFECTIONERY
LFS,158972,0,"FOOD CUPBOARD",CONFECTIONERY
LFS,158974,0,"FOOD CUPBOARD",CONFECTIONERY
LFS,158975,0,"FOOD CUPBOARD",CONFECTIONERY
LFS,161696,0,"FOOD CUPBOARD",BISCUITS
LFS,161699,0,"FOOD CUPBOARD",BISCUITS
LFS,161831,0,"FRUITS- IMPORT",Fruits
LFS,161832,0,"FRUITS- IMPORT",Fruits
LFS,161833,0,"FRUITS- IMPORT",Fruits
LFS,161834,0,"FRUITS- IMPORT",Fruits
LFS,161836,0,"FOOD CUPBOARD",SNACKS
LFS,161927,0,"FROZEN FOOD",PORK
LFS,161933,0,"FROZEN FOOD",BEEF
LFS,162025,0,"HOME AND PERSONAL CARE","SHOE CARE"
LFS,162099,0,"FRUITS- IMPORT",Fruits
LFS,162113,0,"HOME AND PERSONAL CARE",DISPOSABLE
LFS,162114,0,"HOME AND PERSONAL CARE",DISPOSABLE
LFS,162184,0,"FROZEN FOOD",BEEF
LFS,162186,0,"FROZEN FOOD",BEEF
LFS,162190,0,"FROZEN FOOD",BEEF
LFS,162234,0,"FOOD CUPBOARD",SOUKS
LFS,164259,0,"FROZEN FOOD",FISH
LFS,164262,0,BEVERAGES,JUICE
LFS,164274,0,"FROZEN FOOD",ICE-CREAM
LFS,164275,0,"HOME AND PERSONAL CARE","PERSONAL WASH"
LFS,164276,0,"FROZEN FOOD",ICE-CREAM
LFS,164277,0,"FROZEN FOOD",ICE-CREAM
LFS,164280,0,"FOOD CUPBOARD",BISCUITS
LFS,164421,0,"FRESH DAIRY AND EGGS",cheeses
LFS,164438,0,"FOOD CUPBOARD",SNACKS
LFS,164439,0,"FOOD CUPBOARD","HONEY  JAM AND MARMALADE"
LFS,166699,0,BEVERAGES,JUICE
LFS,166700,0,BEVERAGES,JUICE
LFS,166702,0,BEVERAGES,JUICE
LFS,166703,0,BEVERAGES,JUICE
LFS,166708,0,"FOOD CUPBOARD","HONEY  JAM AND MARMALADE"
LFS,166715,0,BEVERAGES,JUICE
LFS,166721,0,"HOME AND PERSONAL CARE","SKIN CARE"
LFS,166729,0,BEVERAGES,DRINKS
LFS,166731,0,"BEVERAGES ALCOHOLIC",LIQUER
LFS,166750,0,"HOME AND PERSONAL CARE","HOUSEHOLD CLEANERS"
LFS,166802,0,BEVERAGES,JUICE
LFS,166812,0,"FROZEN FOOD",DESSERT
LFS,166813,0,"FROZEN FOOD",DESSERT
LFS,158977,0,"FOOD CUPBOARD",SNACKS
LFS,158987,0,"FOOD CUPBOARD",CONFECTIONERY
LFS,158992,0,BEVERAGES,DRINKS
LFS,158996,0,"FOOD CUPBOARD",CONDIMENTS
LFS,162331,0,BUTCHERY,"FRESH BEEF"
LFS,162339,0,BUTCHERY,"LAMB BURKINA"
LFS,162370,0,"HOME AND PERSONAL CARE",FRAGRANCES
LFS,162373,0,"HOME AND PERSONAL CARE",FRAGRANCES
LFS,162374,0,"HOME AND PERSONAL CARE",FRAGRANCES
LFS,162375,0,"HOME AND PERSONAL CARE",FRAGRANCES
LFS,162377,0,"HOME AND PERSONAL CARE",FRAGRANCES
LFS,162378,0,"HOME AND PERSONAL CARE",FRAGRANCES
LFS,18529,0,"FOOD CUPBOARD","CANNED FOOD"
LFS,185290,0,"FOOD CUPBOARD","SPREADS AND TOPPING"
LFS,185291,0,"FOOD CUPBOARD","SPREADS AND TOPPING"
LFS,185292,0,"FOOD CUPBOARD","SPREADS AND TOPPING"
LFS,185293,0,"FOOD CUPBOARD",CONDIMENTS
LFS,185294,0,"FOOD CUPBOARD","SPREADS AND TOPPING"
LFS,185295,0,"FOOD CUPBOARD",CONDIMENTS
LFS,18530,0,"FOOD CUPBOARD",CONDIMENTS
LFS,185308,0,"FOOD CUPBOARD",CONDIMENTS
LFS,185309,0,"FOOD CUPBOARD",CONDIMENTS
LFS,18531,0,"FOOD CUPBOARD",CONDIMENTS
LFS,185310,0,"FOOD CUPBOARD",CONDIMENTS
LFS,185312,0,"FOOD CUPBOARD",CONDIMENTS
LFS,185314,0,"FOOD CUPBOARD","SPREADS AND TOPPING"
LFS,18532,0,"FOOD CUPBOARD",CONDIMENTS
LFS,185323,0,"FOOD CUPBOARD","SPREADS AND TOPPING"
LFS,185327,0,"FOOD CUPBOARD","SPREADS AND TOPPING"
LFS,18533,0,"FOOD CUPBOARD",CONDIMENTS
LFS,185332,0,"FOOD CUPBOARD","SPREADS AND TOPPING"
LFS,185334,0,"FOOD CUPBOARD",CONDIMENTS
LFS,185337,0,"FOOD CUPBOARD",CONDIMENTS
LFS,185338,0,"FOOD CUPBOARD","NOODLES AND SOUP"
LFS,181574,0,"FOOD CUPBOARD",CONFECTIONERY
LFS,181578,0,"FOOD CUPBOARD","DRYFRUITS AND NUTS"
LFS,181579,0,"FOOD CUPBOARD","DRYFRUITS AND NUTS"
LFS,181580,0,"FOOD CUPBOARD","DRYFRUITS AND NUTS"
LFS,181582,0,"FOOD CUPBOARD","DRYFRUITS AND NUTS"
LFS,181584,0,"FOOD CUPBOARD",CONDIMENTS
LFS,181585,0,"FOOD CUPBOARD","SPICES AND HERBS"
LFS,181591,0,"BEVERAGES ALCOHOLIC","CREAM LIQUER"
LFS,181704,0,"FRESH DAIRY AND EGGS",Yoghurt
LFS,181708,0,"FOOD CUPBOARD","CANNED FOOD"
LFS,181709,0,"FOOD CUPBOARD","CANNED FOOD"
LFS,181711,0,"FOOD CUPBOARD",SNACKS
LFS,181715,0,"FOOD CUPBOARD","CANNED FOOD"
LFS,181716,0,"FOOD CUPBOARD","CANNED FOOD"
LFS,181717,0,"FOOD CUPBOARD","CANNED FOOD"
LFS,181721,0,"FOOD CUPBOARD","CANNED FOOD"
LFS,181736,0,"FOOD CUPBOARD","CANNED FOOD"
LFS,181740,0,"FOOD CUPBOARD",SAVOURIES
LFS,181742,0,"HOME AND PERSONAL CARE",FRAGRANCES
LFS,181743,0,"HOME AND PERSONAL CARE",FRAGRANCES
LFS,181744,0,"HOME AND PERSONAL CARE",FRAGRANCES
LFS,183086,0,"FOOD CUPBOARD","SPREADS AND TOPPING"
LFS,183096,0,"FRUITS- IMPORT",Fruits
LFS,183103,0,"FOOD CUPBOARD",CONDIMENTS
LFS,183104,0,"FOOD CUPBOARD",CONDIMENTS
LFS,183112,0,"FOOD CUPBOARD",CONDIMENTS
LFS,183113,0,"FOOD CUPBOARD",CONDIMENTS
LFS,183124,0,"FOOD CUPBOARD","SPREADS AND TOPPING"
LFS,183127,0,"FOOD CUPBOARD","SPREADS AND TOPPING"
LFS,183128,0,"FOOD CUPBOARD",CONDIMENTS
LFS,183129,0,"FOOD CUPBOARD","SPREADS AND TOPPING"
LFS,183137,0,"FOOD CUPBOARD",SNACKS
LFS,183140,0,"FOOD CUPBOARD",SNACKS
LFS,183145,0,"FOOD CUPBOARD",CONDIMENTS
LFS,184393,0,"FOOD CUPBOARD",CONFECTIONERY
LFS,184407,0,"HOME AND PERSONAL CARE","PERSONAL WASH"
LFS,184410,0,"HOME AND PERSONAL CARE","LAUNDRY CARE"
LFS,184411,0,"HOME AND PERSONAL CARE","LAUNDRY CARE"
LFS,184412,0,"HOME AND PERSONAL CARE","LAUNDRY CARE"
LFS,184413,0,"HOME AND PERSONAL CARE","LAUNDRY CARE"
LFS,184414,0,"HOME AND PERSONAL CARE","LAUNDRY CARE"
LFS,184415,0,"HOME AND PERSONAL CARE","LAUNDRY CARE"
LFS,184416,0,"HOME AND PERSONAL CARE","PERSONAL WASH"
LFS,184417,0,"HOME AND PERSONAL CARE","PERSONAL WASH"
LFS,184419,0,"HOME AND PERSONAL CARE","PERSONAL WASH"
LFS,184420,0,"HOME AND PERSONAL CARE","PERSONAL WASH"
LFS,184425,0,"HOME AND PERSONAL CARE","HOUSEHOLD CLEANERS"
LFS,184426,0,"HOME AND PERSONAL CARE","HOUSEHOLD CLEANERS"
LFS,184442,0,"FOOD CUPBOARD",CONFECTIONERY
LFS,184446,0,"FOOD CUPBOARD",FLOURS
LFS,185340,0,"FOOD CUPBOARD",CONDIMENTS
LFS,185341,0,"FOOD CUPBOARD","NOODLES AND SOUP"
LFS,185342,0,"FOOD CUPBOARD","NOODLES AND SOUP"
LFS,185364,0,"FOOD CUPBOARD","SALT  SUGAR AND JAGGERY"
LFS,18538,0,"FOOD CUPBOARD","BREAKFAST CEREALS"
LFS,18539,0,"FOOD CUPBOARD","BREAKFAST CEREALS"
LFS,185401,0,"FOOD CUPBOARD","NOODLES AND SOUP"
LFS,185405,0,"FOOD CUPBOARD","SPREADS AND TOPPING"
LFS,185463,0,"FOOD CUPBOARD",CONDIMENTS
LFS,185464,0,"FOOD CUPBOARD","EDIBLE OILS AND GHEE"
LFS,185465,0,"FOOD CUPBOARD",CONDIMENTS
LFS,185466,0,"BEVERAGES ALCOHOLIC",WHISKEY
LFS,185467,0,"BEVERAGES ALCOHOLIC",TEQUILA
LFS,185468,0,"BEVERAGES ALCOHOLIC",TEQUILA
LFS,185469,0,"BEVERAGES ALCOHOLIC",TEQUILA
LFS,185473,0,"FOOD CUPBOARD",CONDIMENTS
LFS,185476,0,"FOOD CUPBOARD",CONDIMENTS
LFS,185477,0,"FOOD CUPBOARD","NOODLES AND SOUP"
LFS,185478,0,"FOOD CUPBOARD",CONDIMENTS
LFS,185479,0,"HOME AND PERSONAL CARE","LAUNDRY CARE"
LFS,185480,0,"HOME AND PERSONAL CARE","LAUNDRY CARE"
LFS,185483,0,"HOME AND PERSONAL CARE","LAUNDRY CARE"
LFS,185519,0,"HOME AND PERSONAL CARE","LAUNDRY CARE"
LFS,185521,0,"HOME AND PERSONAL CARE","LAUNDRY CARE"
LFS,185525,0,BEVERAGES,COFFEE
LFS,185528,0,"FOOD CUPBOARD",SNACKS
LFS,181745,0,"HOME AND PERSONAL CARE",FRAGRANCES
LFS,181746,0,"HOME AND PERSONAL CARE",FRAGRANCES
LFS,181748,0,"HOME AND PERSONAL CARE",FRAGRANCES
LFS,181750,0,"HOME AND PERSONAL CARE",FRAGRANCES
LFS,181757,0,"HOME AND PERSONAL CARE",FRAGRANCES
LFS,181760,0,"HOME AND PERSONAL CARE",FRAGRANCES
LFS,181761,0,"HOME AND PERSONAL CARE",FRAGRANCES
LFS,181779,0,"FRESH DAIRY AND EGGS",cheeses
LFS,181780,0,"BEVERAGES ALCOHOLIC","CAN BEER"
LFS,183149,0,"FOOD CUPBOARD","NOODLES AND SOUP"
LFS,183150,0,"FOOD CUPBOARD","NOODLES AND SOUP"
LFS,183155,0,"FOOD CUPBOARD",CONDIMENTS
LFS,183156,0,"FOOD CUPBOARD","BAKING INGREDIENTS"
LFS,183159,0,"FOOD CUPBOARD",CONDIMENTS
LFS,183161,0,"FOOD CUPBOARD","READY TO EAT"
LFS,183162,0,"FOOD CUPBOARD","READY TO EAT"
LFS,183164,0,"FOOD CUPBOARD","READY TO EAT"
LFS,183165,0,"FOOD CUPBOARD","READY TO EAT"
LFS,183167,0,"FOOD CUPBOARD","READY TO EAT"
LFS,183168,0,"FOOD CUPBOARD","READY TO EAT"
LFS,183169,0,"FOOD CUPBOARD","READY TO EAT"
LFS,183170,0,"FOOD CUPBOARD","READY TO EAT"
LFS,183180,0,"HOME AND PERSONAL CARE",FRESHENERS
LFS,183181,0,"HOME AND PERSONAL CARE",FRESHENERS
LFS,183182,0,"HOME AND PERSONAL CARE",FRESHENERS
LFS,183214,0,"FOOD CUPBOARD",SNACKS
LFS,184453,0,"FOOD CUPBOARD",SNACKS
LFS,184454,0,"FOOD CUPBOARD",SNACKS
LFS,18449,0,"HOME AND PERSONAL CARE","HOUSEHOLD CLEANERS"
LFS,184502,0,"FOOD CUPBOARD","SPICES AND HERBS"
LFS,184503,0,"FOOD CUPBOARD","SPICES AND HERBS"
LFS,184505,0,"FOOD CUPBOARD","SPICES AND HERBS"
LFS,184536,0,BEVERAGES,JUICE
LFS,184544,0,"FOOD CUPBOARD",CONDIMENTS
LFS,185529,0,"FOOD CUPBOARD",SNACKS
LFS,185530,0,"FOOD CUPBOARD",SNACKS
LFS,185531,0,"FOOD CUPBOARD",SNACKS
LFS,185534,0,"FOOD CUPBOARD",SNACKS
LFS,185535,0,"FOOD CUPBOARD",SNACKS
LFS,185537,0,"FOOD CUPBOARD",SNACKS
LFS,185540,0,"FOOD CUPBOARD",SNACKS
LFS,185543,0,"FOOD CUPBOARD",SNACKS
LFS,185545,0,"FOOD CUPBOARD",SNACKS
LFS,185551,0,BEVERAGES,COFFEE
LFS,185554,0,BEVERAGES,DRINKS
LFS,185555,0,BEVERAGES,DRINKS
LFS,185560,0,BEVERAGES,DRINKS
LFS,185562,0,BEVERAGES,DRINKS
LFS,185564,0,BEVERAGES,COFFEE
LFS,185566,0,"FOOD CUPBOARD",SNACKS
LFS,185568,0,"FOOD CUPBOARD",CONDIMENTS
LFS,185569,0,"FOOD CUPBOARD",CONDIMENTS
LFS,185570,0,"FOOD CUPBOARD",CONDIMENTS
LFS,185574,0,"FOOD CUPBOARD",CONDIMENTS
LFS,185576,0,"FOOD CUPBOARD","BAKING INGREDIENTS"
LFS,185577,0,"FOOD CUPBOARD","HONEY  JAM AND MARMALADE"
LFS,185578,0,"FOOD CUPBOARD","HONEY  JAM AND MARMALADE"
LFS,185580,0,"FOOD CUPBOARD",CONDIMENTS
LFS,185581,0,"FOOD CUPBOARD",CONDIMENTS
LFS,185583,0,"FOOD CUPBOARD",CONDIMENTS
LFS,185585,0,"FOOD CUPBOARD",CONDIMENTS
LFS,185587,0,"FOOD CUPBOARD",CONDIMENTS
LFS,185590,0,"FOOD CUPBOARD",CONDIMENTS
LFS,181909,0,"FOOD CUPBOARD","CANNED FOOD"
LFS,181910,0,"FOOD CUPBOARD","CANNED FOOD"
LFS,181912,0,"FOOD CUPBOARD","CANNED FOOD"
LFS,181914,0,"FOOD CUPBOARD","CANNED FOOD"
LFS,181915,0,"FOOD CUPBOARD","CANNED FOOD"
LFS,181916,0,"FOOD CUPBOARD","CANNED FOOD"
LFS,181919,0,"FOOD CUPBOARD","CANNED FOOD"
LFS,181920,0,"FOOD CUPBOARD","CANNED FOOD"
LFS,181924,0,"FOOD CUPBOARD","CANNED FOOD"
LFS,181927,0,"FOOD CUPBOARD","CANNED FOOD"
LFS,181928,0,"FOOD CUPBOARD","CANNED FOOD"
LFS,181932,0,"FOOD CUPBOARD",SNACKS
LFS,181950,0,"FOOD CUPBOARD","BREAKFAST CEREALS"
LFS,181972,0,"FOOD CUPBOARD","CANNED FOOD"
LFS,181973,0,"FOOD CUPBOARD","CANNED FOOD"
LFS,181974,0,"FOOD CUPBOARD","CANNED FOOD"
LFS,181975,0,"FOOD CUPBOARD","CANNED FOOD"
LFS,181977,0,"FOOD CUPBOARD","CANNED FOOD"
LFS,181983,0,"FOOD CUPBOARD",BISCUITS
LFS,181986,0,"FOOD CUPBOARD",BISCUITS
LFS,183220,0,"FOOD CUPBOARD","CANNED FOOD"
LFS,183226,0,"HOME AND PERSONAL CARE",FRAGRANCES
LFS,183228,0,"HOME AND PERSONAL CARE",FRAGRANCES
LFS,183229,0,"HOME AND PERSONAL CARE",FRAGRANCES
LFS,183230,0,"HOME AND PERSONAL CARE",FRAGRANCES
LFS,183231,0,"HOME AND PERSONAL CARE",FRAGRANCES
LFS,183232,0,"HOME AND PERSONAL CARE",FRAGRANCES
LFS,183233,0,"HOME AND PERSONAL CARE",FRAGRANCES
LFS,183255,0,"BEVERAGES ALCOHOLIC",WHISKEY
LFS,183272,0,"FRUITS- IMPORT",VEGETABLES.
LFS,183273,0,"FRUITS- IMPORT",VEGETABLES.
LFS,18339,0,"BEVERAGES ALCOHOLIC",WINES
LFS,183393,0,"FOOD CUPBOARD",SNACKS
LFS,183394,0,"FOOD CUPBOARD",SNACKS
LFS,183395,0,"FOOD CUPBOARD",SNACKS
LFS,183396,0,"FROZEN FOOD","FROZEN SNACKS - VEG"
LFS,183402,0,"FOOD CUPBOARD","CANNED FOOD"
LFS,183405,0,"FOOD CUPBOARD","CANNED FOOD"
LFS,183406,0,"FOOD CUPBOARD","CANNED FOOD"
LFS,184546,0,"FOOD CUPBOARD",CONDIMENTS
LFS,184577,0,"FOOD CUPBOARD",BISCUITS
LFS,184582,0,"HOME AND PERSONAL CARE","PET CARE"
LFS,184585,0,"FOOD CUPBOARD",SNACKS
LFS,18459,0,"BEVERAGES ALCOHOLIC",WINES
LFS,184598,0,"FOOD CUPBOARD",CONFECTIONERY
LFS,184599,0,"FOOD CUPBOARD",CONFECTIONERY
LFS,184600,0,"FOOD CUPBOARD",CONFECTIONERY
LFS,184601,0,"FOOD CUPBOARD",CONFECTIONERY
LFS,180641,0,"FOOD CUPBOARD","BREAKFAST CEREALS"
LFS,180642,0,"FOOD CUPBOARD",CONDIMENTS
LFS,180651,0,"FOOD CUPBOARD","SPREADS AND TOPPING"
LFS,180653,0,"FOOD CUPBOARD",SNACKS
LFS,180655,0,"FOOD CUPBOARD",SNACKS
LFS,180656,0,"FOOD CUPBOARD",SNACKS
LFS,180657,0,"FOOD CUPBOARD",SNACKS
LFS,180658,0,"FOOD CUPBOARD",SNACKS
LFS,180659,0,"FOOD CUPBOARD","SPREADS AND TOPPING"
LFS,180664,0,BEVERAGES,COFFEE
LFS,180665,0,BEVERAGES,COFFEE
LFS,180666,0,BEVERAGES,COFFEE
LFS,180667,0,"FOOD CUPBOARD","NOODLES AND SOUP"
LFS,180668,0,"FOOD CUPBOARD","SPREADS AND TOPPING"
LFS,180669,0,"FOOD CUPBOARD","NOODLES AND SOUP"
LFS,180671,0,"HOME AND PERSONAL CARE","LAUNDRY CARE"
LFS,181987,0,"FOOD CUPBOARD","EDIBLE OILS AND GHEE"
LFS,181988,0,"FOOD CUPBOARD","EDIBLE OILS AND GHEE"
LFS,181990,0,"FOOD CUPBOARD",CONDIMENTS
LFS,182023,0,"FRUITS- IMPORT",VEGETABLES.
LFS,182027,0,"FOOD CUPBOARD","DRYFRUITS AND NUTS"
LFS,182061,0,"FOOD CUPBOARD",SNACKS
LFS,182062,0,"FRESH DAIRY AND EGGS",cheeses
LFS,182063,0,"FRESH DAIRY AND EGGS",cheeses
LFS,182065,0,"FRESH DAIRY AND EGGS",cheeses
LFS,182068,0,"FRESH DAIRY AND EGGS",cheeses
LFS,182097,0,BEVERAGES,JUICE
LFS,182106,0,BEVERAGES,JUICE
LFS,182126,0,"FOOD CUPBOARD","EDIBLE OILS AND GHEE"
LFS,182127,0,"FOOD CUPBOARD","EDIBLE OILS AND GHEE"
LFS,182130,0,BEVERAGES,JUICE
LFS,18341,0,"BEVERAGES ALCOHOLIC",WINES
LFS,18342,0,"BEVERAGES ALCOHOLIC",WINES
LFS,183424,0,"FROZEN FOOD",CHICKEN
LFS,18343,0,"BEVERAGES ALCOHOLIC",WINES
LFS,18344,0,"BEVERAGES ALCOHOLIC",WINES
LFS,183453,0,"FROZEN FOOD","FRENCH FRIES"
LFS,18346,0,"BEVERAGES ALCOHOLIC",WINES
LFS,183463,0,"FOOD CUPBOARD",SNACKS
LFS,183464,0,"FOOD CUPBOARD",SNACKS
LFS,183465,0,"FOOD CUPBOARD",SNACKS
LFS,183466,0,"FOOD CUPBOARD",SNACKS
LFS,183467,0,"FOOD CUPBOARD",SNACKS
LFS,183468,0,"FOOD CUPBOARD",SNACKS
LFS,183469,0,"FOOD CUPBOARD",SNACKS
LFS,18347,0,"BEVERAGES ALCOHOLIC",WINES
LFS,183470,0,"FOOD CUPBOARD",SNACKS
LFS,183471,0,"FOOD CUPBOARD",SNACKS
LFS,183476,0,"FOOD CUPBOARD",SNACKS
LFS,183477,0,"FOOD CUPBOARD",SNACKS
LFS,184625,0,"FOOD CUPBOARD",FLOURS
LFS,18464,0,BEVERAGES,JUICE
LFS,184658,0,"FOOD CUPBOARD",SNACKS
LFS,184661,0,"HOME AND PERSONAL CARE","COLOR COSMETICS"
LFS,184664,0,"HOME AND PERSONAL CARE","SKIN CARE"
LFS,184674,0,"FOOD CUPBOARD","NOODLES AND SOUP"
LFS,184675,0,"FOOD CUPBOARD","NOODLES AND SOUP"
LFS,180694,0,"FOOD CUPBOARD",SNACKS
LFS,180703,0,"FOOD CUPBOARD","PEPPER SAUCE"
LFS,180708,0,"FOOD CUPBOARD",BISCUITS
LFS,182185,0,BEVERAGES,"NON ALCOHOLIC"
LFS,182187,0,BEVERAGES,"NON ALCOHOLIC"
LFS,182279,0,"HOME AND PERSONAL CARE","HOUSEHOLD CLEANERS"
LFS,182355,0,"FRESH DAIRY AND EGGS","Deli Pork"
LFS,182356,0,"FRESH DAIRY AND EGGS","Deli Pork"
LFS,182358,0,"FRESH DAIRY AND EGGS","Deli Pork"
LFS,182359,0,"FRESH DAIRY AND EGGS","Deli Pork"
LFS,182360,0,"FRESH DAIRY AND EGGS","Deli Pork"
LFS,182362,0,"FRESH DAIRY AND EGGS","Deli Pork"
LFS,182365,0,"FRESH DAIRY AND EGGS","Deli Pork"
LFS,182373,0,"FRUITS- IMPORT",VEGETABLES.
LFS,183478,0,"FOOD CUPBOARD",SNACKS
LFS,183479,0,"FOOD CUPBOARD",SNACKS
LFS,18348,0,BEVERAGES,"MINERAL WATER"
LFS,183480,0,"FOOD CUPBOARD",SNACKS
LFS,183481,0,"FOOD CUPBOARD",SNACKS
LFS,183482,0,"FOOD CUPBOARD",SNACKS
LFS,183484,0,"FOOD CUPBOARD",SNACKS
LFS,183485,0,"FOOD CUPBOARD",SNACKS
LFS,183486,0,"FOOD CUPBOARD",SNACKS
LFS,183487,0,"FOOD CUPBOARD",SNACKS
LFS,183488,0,"FOOD CUPBOARD",SNACKS
LFS,183489,0,"FOOD CUPBOARD",SNACKS
LFS,18349,0,BEVERAGES,"MINERAL WATER"
LFS,183490,0,"FOOD CUPBOARD",SNACKS
LFS,183491,0,"FOOD CUPBOARD",SNACKS
LFS,183492,0,"FOOD CUPBOARD",SNACKS
LFS,183493,0,"FOOD CUPBOARD",SNACKS
LFS,183494,0,"FOOD CUPBOARD",SNACKS
LFS,184677,0,"FOOD CUPBOARD","NOODLES AND SOUP"
LFS,184678,0,"FOOD CUPBOARD","NOODLES AND SOUP"
LFS,184679,0,"FOOD CUPBOARD","NOODLES AND SOUP"
LFS,184682,0,"FOOD CUPBOARD","SPREADS AND TOPPING"
LFS,184684,0,"FOOD CUPBOARD","SPREADS AND TOPPING"
LFS,184687,0,"FOOD CUPBOARD","SPREADS AND TOPPING"
LFS,184693,0,"FOOD CUPBOARD","READY TO EAT"
LFS,184695,0,"FOOD CUPBOARD","READY TO EAT"
LFS,184700,0,BEVERAGES,DRINKS
LFS,184701,0,BEVERAGES,DRINKS
LFS,184702,0,"FOOD CUPBOARD","DRYFRUITS AND NUTS"
LFS,184703,0,"FOOD CUPBOARD","DRYFRUITS AND NUTS"
LFS,184710,0,"FOOD CUPBOARD","DRYFRUITS AND NUTS"
LFS,180716,0,"FOOD CUPBOARD","CANNED FOOD"
LFS,180752,0,BEVERAGES,DRINKS
LFS,180753,0,BEVERAGES,DRINKS
LFS,180781,0,"BEVERAGES ALCOHOLIC",WHISKEY
LFS,180803,0,"FOOD CUPBOARD",BISCUITS
LFS,180804,0,"FOOD CUPBOARD",SNACKS
LFS,180805,0,"FOOD CUPBOARD","DRYFRUITS AND NUTS"
LFS,182456,0,"FOOD CUPBOARD",SNACKS
LFS,182460,0,"FOOD CUPBOARD",SNACKS
LFS,182463,0,"HOME AND PERSONAL CARE","HOUSEHOLD CLEANERS"
LFS,182554,0,"FOOD CUPBOARD",SNACKS
LFS,182559,0,"FOOD CUPBOARD",SNACKS
LFS,182560,0,"FOOD CUPBOARD",SNACKS
LFS,182568,0,BEVERAGES,TEA
LFS,182569,0,BEVERAGES,TEA
LFS,182571,0,"FOOD CUPBOARD",CONDIMENTS
LFS,183495,0,"FOOD CUPBOARD",SNACKS
LFS,183496,0,"FOOD CUPBOARD",SNACKS
LFS,183497,0,"FOOD CUPBOARD",SNACKS
LFS,183498,0,"FOOD CUPBOARD",SNACKS
LFS,183499,0,"FOOD CUPBOARD",SNACKS
LFS,183500,0,"FOOD CUPBOARD",SNACKS
LFS,183526,0,"FOOD CUPBOARD","MILK AND CREAMERS"
LFS,183527,0,"FOOD CUPBOARD",SNACKS
LFS,183528,0,"FOOD CUPBOARD",SNACKS
LFS,183530,0,"FROZEN FOOD",ICE-CREAM
LFS,183531,0,"FROZEN FOOD",ICE-CREAM
LFS,183532,0,"HOME AND PERSONAL CARE","PERSONAL WASH"
LFS,183535,0,"HOME AND PERSONAL CARE","PERSONAL WASH"
LFS,183536,0,"HOME AND PERSONAL CARE","PERSONAL WASH"
LFS,183537,0,"HOME AND PERSONAL CARE","PERSONAL WASH"
LFS,183538,0,"HOME AND PERSONAL CARE",FRAGRANCES
LFS,183542,0,"HOME AND PERSONAL CARE",FRAGRANCES
LFS,183547,0,"HOME AND PERSONAL CARE","SKIN CARE"
LFS,184727,0,BEVERAGES,COFFEE
LFS,184729,0,"FOOD CUPBOARD",CONDIMENTS
LFS,184733,0,"FOOD CUPBOARD","CANNED FOOD"
LFS,184736,0,"FOOD CUPBOARD","MILK AND CREAMERS"
LFS,184740,0,"FOOD CUPBOARD",SNACKS
LFS,184743,0,"FOOD CUPBOARD",SNACKS
LFS,184750,0,"FOOD CUPBOARD","CANNED FOOD"
LFS,184751,0,"FOOD CUPBOARD","CANNED FOOD"
LFS,184755,0,"FOOD CUPBOARD","CANNED FOOD"
LFS,184757,0,"FOOD CUPBOARD","CANNED FOOD"
LFS,184758,0,"FOOD CUPBOARD","CANNED FOOD"
LFS,184759,0,"FOOD CUPBOARD","GRAINS AND PULSES"
LFS,180839,0,"FOOD CUPBOARD",SNACKS
LFS,180850,0,BEVERAGES,DRINKS
LFS,180851,0,BEVERAGES,DRINKS
LFS,180852,0,"FOOD CUPBOARD",SNACKS
LFS,180863,0,"FOOD CUPBOARD",SNACKS
LFS,180865,0,"FOOD CUPBOARD",SNACKS
LFS,180867,0,"FOOD CUPBOARD",SNACKS
LFS,182572,0,"FOOD CUPBOARD",CONDIMENTS
LFS,182573,0,"FOOD CUPBOARD",CONDIMENTS
LFS,182575,0,BEVERAGES,DRINKS
LFS,182581,0,"HOME AND PERSONAL CARE","HAIR CARE"
LFS,182582,0,"HOME AND PERSONAL CARE","HAIR CARE"
LFS,182586,0,"HOME AND PERSONAL CARE","INFANT AND BABY CARE"
LFS,182588,0,"FOOD CUPBOARD",SNACKS
LFS,182589,0,"FOOD CUPBOARD",SNACKS
LFS,182591,0,"FOOD CUPBOARD",SNACKS
LFS,182593,0,"FOOD CUPBOARD",SNACKS
LFS,182594,0,"FOOD CUPBOARD",SNACKS
LFS,182603,0,"FOOD CUPBOARD","BREAKFAST CEREALS"
LFS,182604,0,"FOOD CUPBOARD","BREAKFAST CEREALS"
LFS,182606,0,"FOOD CUPBOARD","BREAKFAST CEREALS"
LFS,182608,0,"FOOD CUPBOARD","BREAKFAST CEREALS"
LFS,183548,0,"HOME AND PERSONAL CARE",FRAGRANCES
LFS,183549,0,"HOME AND PERSONAL CARE",FRAGRANCES
LFS,183551,0,"HOME AND PERSONAL CARE","HOUSEHOLD CLEANERS"
LFS,183552,0,"HOME AND PERSONAL CARE","HOUSEHOLD CLEANERS"
LFS,183553,0,"HOME AND PERSONAL CARE","HOUSEHOLD CLEANERS"
LFS,183564,0,"FOOD CUPBOARD",CONDIMENTS
LFS,183574,0,"HOME AND PERSONAL CARE","ORAL CARE"
LFS,183575,0,"HOME AND PERSONAL CARE","ORAL CARE"
LFS,183611,0,"FOOD CUPBOARD","RAW RICE"
LFS,18366,0,"FOOD CUPBOARD","INSTANT MIX"
LFS,184763,0,"FOOD CUPBOARD","GRAINS AND PULSES"
LFS,184796,0,"FOOD CUPBOARD","CANNED FOOD"
LFS,184800,0,"FOOD CUPBOARD","CANNED FOOD"
LFS,184811,0,"FOOD CUPBOARD","CANNED FOOD"
LFS,184813,0,"FOOD CUPBOARD","RAW RICE"
LFS,184818,0,"FOOD CUPBOARD","RAW RICE"
LFS,184832,0,"FOOD CUPBOARD",SNACKS
LFS,184839,0,"FOOD CUPBOARD",SNACKS
LFS,184840,0,"FOOD CUPBOARD",SNACKS
LFS,180878,0,"FOOD CUPBOARD",SNACKS
LFS,180882,0,"FOOD CUPBOARD",CONFECTIONERY
LFS,180883,0,"FOOD CUPBOARD",CONFECTIONERY
LFS,180887,0,"FOOD CUPBOARD","SPICES AND HERBS"
LFS,180888,0,"FOOD CUPBOARD","SPICES AND HERBS"
LFS,180889,0,"FROZEN FOOD","FROZEN SNACKS - NON VEG"
LFS,180890,0,"FROZEN FOOD","FROZEN SNACKS - VEG"
LFS,180895,0,"HOME AND PERSONAL CARE","PET CARE"
LFS,180896,0,"FROZEN FOOD","FROZEN SNACKS - VEG"
LFS,180898,0,"FROZEN FOOD","FROZEN SNACKS - NON VEG"
LFS,180899,0,"FROZEN FOOD","FROZEN SNACKS - NON VEG"
LFS,180900,0,"FROZEN FOOD","FROZEN SNACKS - VEG"
LFS,180911,0,"HOME AND PERSONAL CARE","PERSONAL WASH"
LFS,180916,0,"HOME AND PERSONAL CARE","PERSONAL WASH"
LFS,182609,0,"FOOD CUPBOARD","BREAKFAST CEREALS"
LFS,182611,0,"FOOD CUPBOARD","BREAKFAST CEREALS"
LFS,182613,0,"FOOD CUPBOARD","BREAKFAST CEREALS"
LFS,182618,0,"FOOD CUPBOARD","BREAKFAST CEREALS"
LFS,182623,0,"FOOD CUPBOARD","BREAKFAST CEREALS"
LFS,182625,0,"FOOD CUPBOARD","BREAKFAST CEREALS"
LFS,182628,0,"FOOD CUPBOARD","BREAKFAST CEREALS"
LFS,182633,0,"FOOD CUPBOARD","SPICES AND HERBS"
LFS,182642,0,"FOOD CUPBOARD",CONFECTIONERY
LFS,183669,0,"FOOD CUPBOARD",SNACKS
LFS,183670,0,"FOOD CUPBOARD",SNACKS
LFS,183672,0,"FOOD CUPBOARD","BREAKFAST CEREALS"
LFS,183685,0,"FOOD CUPBOARD",CONFECTIONERY
LFS,183687,0,"FOOD CUPBOARD","CANNED FOOD"
LFS,183688,0,"FOOD CUPBOARD","NOODLES AND SOUP"
LFS,183691,0,"FOOD CUPBOARD","SPICES AND HERBS"
LFS,183692,0,"FOOD CUPBOARD",CONDIMENTS
LFS,183693,0,"FOOD CUPBOARD","SPICES AND HERBS"
LFS,183696,0,"FOOD CUPBOARD",SNACKS
LFS,184849,0,"FOOD CUPBOARD",SNACKS
LFS,184854,0,BEVERAGES,DRINKS
LFS,184864,0,"FOOD CUPBOARD",SNACKS
LFS,184865,0,"FOOD CUPBOARD",SNACKS
LFS,184874,0,"FOOD CUPBOARD",SNACKS
LFS,184877,0,"FOOD CUPBOARD",MAYONNAISE
LFS,184910,0,BEVERAGES,"NON ALCOHOLIC"
LFS,184911,0,BEVERAGES,"NON ALCOHOLIC"
LFS,184945,0,"FRESH DAIRY AND EGGS",cheeses
LFS,184952,0,"FROZEN FOOD",ICE-CREAM
LFS,180917,0,"HOME AND PERSONAL CARE","PERSONAL WASH"
LFS,180920,0,"HOME AND PERSONAL CARE","PERSONAL WASH"
LFS,180921,0,"HOME AND PERSONAL CARE","PERSONAL WASH"
LFS,180926,0,"HOME AND PERSONAL CARE","PERSONAL WASH"
LFS,180929,0,"HOME AND PERSONAL CARE","LAUNDRY CARE"
LFS,180932,0,"HOME AND PERSONAL CARE","LAUNDRY CARE"
LFS,180941,0,BEVERAGES,"MINERAL WATER"
LFS,180942,0,BEVERAGES,"MINERAL WATER"
LFS,180943,0,"HOME AND PERSONAL CARE","PERSONAL WASH"
LFS,180945,0,"FOOD CUPBOARD","DRYFRUITS AND NUTS"
LFS,182647,0,"FOOD CUPBOARD",CONFECTIONERY
LFS,182650,0,"FOOD CUPBOARD",CONFECTIONERY
LFS,182651,0,"FOOD CUPBOARD",CONFECTIONERY
LFS,182652,0,"FOOD CUPBOARD",CONFECTIONERY
LFS,182653,0,"FOOD CUPBOARD","CANNED FOOD"
LFS,182654,0,"FOOD CUPBOARD",CONDIMENTS
LFS,182655,0,"FOOD CUPBOARD","CANNED FOOD"
LFS,182658,0,"FOOD CUPBOARD","SPICES AND HERBS"
LFS,182663,0,"FOOD CUPBOARD","SPICES AND HERBS"
LFS,182664,0,"FOOD CUPBOARD","SPICES AND HERBS"
LFS,182665,0,"FOOD CUPBOARD","CANNED FOOD"
LFS,182667,0,"FOOD CUPBOARD","SPICES AND HERBS"
LFS,182671,0,"FOOD CUPBOARD","SPREADS AND TOPPING"
LFS,182672,0,"FOOD CUPBOARD","EDIBLE OILS AND GHEE"
LFS,182674,0,"FOOD CUPBOARD","SPICES AND HERBS"
LFS,183702,0,"FOOD CUPBOARD","SALT  SUGAR AND JAGGERY"
LFS,183705,0,"FOOD CUPBOARD","HONEY  JAM AND MARMALADE"
LFS,183706,0,"FOOD CUPBOARD","SPREADS AND TOPPING"
LFS,183707,0,"FOOD CUPBOARD","HONEY  JAM AND MARMALADE"
LFS,18371,0,"FOOD CUPBOARD",CONFECTIONERY
LFS,183710,0,"FOOD CUPBOARD",CONFECTIONERY
LFS,183712,0,"FOOD CUPBOARD","SPREADS AND TOPPING"
LFS,183717,0,"FOOD CUPBOARD","SPREADS AND TOPPING"
LFS,183718,0,"FOOD CUPBOARD",CONFECTIONERY
LFS,18372,0,"HOME AND PERSONAL CARE","SKIN CARE"
LFS,183720,0,"FOOD CUPBOARD","SPICES AND HERBS"
LFS,18373,0,"HOME AND PERSONAL CARE","SKIN CARE"
LFS,184959,0,BEVERAGES,JUICE
LFS,184967,0,"FROZEN FOOD",ICE-CREAM
LFS,184969,0,"FROZEN FOOD",ICE-CREAM
LFS,184975,0,"HOME AND PERSONAL CARE","LAUNDRY CARE"
LFS,184978,0,BEVERAGES,DRINKS
LFS,184980,0,"FOOD CUPBOARD",CONFECTIONERY
LFS,184982,0,"FOOD CUPBOARD","CANNED FOOD"
LFS,184983,0,"HOME AND PERSONAL CARE","HEALTH AND WELLNESS"
LFS,184985,0,"FOOD CUPBOARD",SNACKS
LFS,184988,0,"FOOD CUPBOARD",SNACKS
LFS,184990,0,"FOOD CUPBOARD","SPREADS AND TOPPING"
LFS,184991,0,"FOOD CUPBOARD","SPREADS AND TOPPING"
LFS,184993,0,"FOOD CUPBOARD",SNACKS
LFS,184994,0,"FOOD CUPBOARD","SPREADS AND TOPPING"
LFS,184995,0,"FOOD CUPBOARD","SPREADS AND TOPPING"
LFS,184996,0,"FOOD CUPBOARD",SNACKS
LFS,184997,0,"FOOD CUPBOARD",CONDIMENTS
LFS,180948,0,"HOME AND PERSONAL CARE","HAIR CARE"
LFS,180950,0,"FROZEN FOOD",CHEESE
LFS,180951,0,BEVERAGES,DRINKS
LFS,180957,0,"FOOD CUPBOARD",SNACKS
LFS,180962,0,"FOOD CUPBOARD",SNACKS
LFS,181056,0,"FOOD CUPBOARD","SPREADS AND TOPPING"
LFS,181057,0,"FOOD CUPBOARD","SPREADS AND TOPPING"
LFS,181058,0,"FOOD CUPBOARD","EDIBLE OILS AND GHEE"
LFS,181059,0,"FOOD CUPBOARD","HONEY  JAM AND MARMALADE"
LFS,181063,0,"FOOD CUPBOARD",SNACKS
LFS,181064,0,"FOOD CUPBOARD",SNACKS
LFS,181065,0,"FOOD CUPBOARD",SNACKS
LFS,181068,0,"FOOD CUPBOARD",SNACKS
LFS,182684,0,"FOOD CUPBOARD","SPREADS AND TOPPING"
LFS,182685,0,"FOOD CUPBOARD","SPICES AND HERBS"
LFS,182696,0,"HOME AND PERSONAL CARE","HOUSEHOLD CLEANERS"
LFS,182700,0,BEVERAGES,DRINKS
LFS,182743,0,"FOOD CUPBOARD",SNACKS
LFS,183733,0,BEVERAGES,DRINKS
LFS,183734,0,"BEVERAGES ALCOHOLIC",WINES
LFS,183736,0,"BEVERAGES ALCOHOLIC","GIN ."
LFS,183741,0,"BEVERAGES ALCOHOLIC",BITTERS
LFS,183742,0,"FOOD CUPBOARD",CONFECTIONERY
LFS,183743,0,"FOOD CUPBOARD",CONFECTIONERY
LFS,183744,0,"FOOD CUPBOARD",CONFECTIONERY
LFS,183745,0,"FOOD CUPBOARD","SPREADS AND TOPPING"
LFS,183747,0,"FOOD CUPBOARD",SNACKS
LFS,183748,0,BEVERAGES,DRINKS
LFS,183749,0,BEVERAGES,DRINKS
LFS,183750,0,BEVERAGES,TEA
LFS,18376,0,"HOME AND PERSONAL CARE","HAIR CARE"
LFS,183761,0,"FOOD CUPBOARD","SPREADS AND TOPPING"
LFS,183766,0,"HOME AND PERSONAL CARE",DISPOSABLE
LFS,183767,0,BEVERAGES,JUICE
LFS,183768,0,BEVERAGES,JUICE
LFS,184999,0,"FOOD CUPBOARD","SPREADS AND TOPPING"
LFS,185000,0,"FOOD CUPBOARD","SPREADS AND TOPPING"
LFS,185003,0,"HOME AND PERSONAL CARE","LAUNDRY CARE"
LFS,185004,0,BEVERAGES,JUICE
LFS,185006,0,"FOOD CUPBOARD","MILK AND CREAMERS"
LFS,185012,0,"FROZEN FOOD","COOKING CREAM"
LFS,185014,0,"FROZEN FOOD",PUDDINGS
LFS,185015,0,"FROZEN FOOD",PUDDINGS
LFS,185016,0,"FROZEN FOOD",PUDDINGS
LFS,185017,0,"FROZEN FOOD",PUDDINGS
LFS,185018,0,"FROZEN FOOD",PUDDINGS
LFS,185019,0,"FROZEN FOOD",DESSERT
LFS,185020,0,"FROZEN FOOD",DESSERT
LFS,185021,0,"FROZEN FOOD",DESSERT
LFS,185022,0,"FROZEN FOOD",DESSERT
LFS,185023,0,"FROZEN FOOD",DESSERT
LFS,185024,0,"FROZEN FOOD",DESSERT
LFS,185025,0,"FROZEN FOOD",DESSERT
LFS,185026,0,"FROZEN FOOD",DESSERT
LFS,185028,0,"FROZEN FOOD",CHEESE
LFS,185029,0,"FROZEN FOOD",DESSERT
LFS,185030,0,"FROZEN FOOD",DESSERT
LFS,185031,0,BEVERAGES,JUICE
LFS,181070,0,"HOME AND PERSONAL CARE",FRESHENERS
LFS,181071,0,"HOME AND PERSONAL CARE",DISPOSABLE
LFS,181072,0,"HOME AND PERSONAL CARE",FRESHENERS
LFS,181073,0,"HOME AND PERSONAL CARE",FRESHENERS
LFS,181083,0,"FOOD CUPBOARD",SNACKS
LFS,181084,0,BEVERAGES,DRINKS
LFS,181086,0,BEVERAGES,DRINKS
LFS,181097,0,"FOOD CUPBOARD",SNACKS
LFS,181099,0,"FOOD CUPBOARD",SNACKS
LFS,181101,0,"FOOD CUPBOARD",SNACKS
LFS,181103,0,"FOOD CUPBOARD",SNACKS
LFS,182765,0,"HOME AND PERSONAL CARE","HEALTH AND WELLNESS"
LFS,182767,0,"HOME AND PERSONAL CARE","HEALTH AND WELLNESS"
LFS,182769,0,"HOME AND PERSONAL CARE","LAUNDRY CARE"
LFS,182771,0,"FRESH DAIRY AND EGGS",cheeses
LFS,182772,0,"HOME AND PERSONAL CARE","HEALTH AND WELLNESS"
LFS,182787,0,"FOOD CUPBOARD",SNACKS
LFS,182788,0,"FOOD CUPBOARD",FLOURS
LFS,182801,0,"FOOD CUPBOARD","MILK AND CREAMERS"
LFS,182803,0,"FOOD CUPBOARD",FLOURS
LFS,183771,0,BEVERAGES,"MINERAL WATER"
LFS,183776,0,"FOOD CUPBOARD",SNACKS
LFS,183778,0,"FOOD CUPBOARD",SNACKS
LFS,183779,0,"FOOD CUPBOARD",SNACKS
LFS,183780,0,"FOOD CUPBOARD","CANNED FOOD"
LFS,183781,0,"FOOD CUPBOARD",SNACKS
LFS,183782,0,BEVERAGES,JUICE
LFS,183784,0,BEVERAGES,DRINKS
LFS,18379,0,"HOME AND PERSONAL CARE","HAIR CARE"
LFS,183791,0,"FOOD CUPBOARD",CONFECTIONERY
LFS,183792,0,BEVERAGES,DRINKS
LFS,183793,0,BEVERAGES,JUICE
LFS,183794,0,BEVERAGES,DRINKS
LFS,183797,0,"FRESH DAIRY AND EGGS",cheeses
LFS,185032,0,BEVERAGES,JUICE
LFS,185034,0,BEVERAGES,JUICE
LFS,185036,0,BEVERAGES,JUICE
LFS,185037,0,BEVERAGES,JUICE
LFS,185039,0,BEVERAGES,JUICE
LFS,185040,0,BEVERAGES,JUICE
LFS,185041,0,BEVERAGES,JUICE
LFS,185042,0,"FOOD CUPBOARD",CONDIMENTS
LFS,185043,0,"BEVERAGES ALCOHOLIC","GIN ."
LFS,185046,0,"FOOD CUPBOARD",SNACKS
LFS,185049,0,"FOOD CUPBOARD",CONDIMENTS
LFS,185050,0,"FOOD CUPBOARD","SPREADS AND TOPPING"
LFS,185051,0,"FOOD CUPBOARD","SPREADS AND TOPPING"
LFS,185052,0,"FOOD CUPBOARD",SOUKS
LFS,181121,0,"FOOD CUPBOARD","SPREADS AND TOPPING"
LFS,181122,0,"FOOD CUPBOARD","SPREADS AND TOPPING"
LFS,181126,0,"FOOD CUPBOARD",SNACKS
LFS,181145,0,"HOME AND PERSONAL CARE","HAIR CARE"
LFS,181146,0,"HOME AND PERSONAL CARE","HAIR CARE"
LFS,181147,0,"HOME AND PERSONAL CARE","HAIR CARE"
LFS,181148,0,"FRUITS- IMPORT",VEGETABLES.
LFS,181177,0,"FOOD CUPBOARD",SNACKS
LFS,181178,0,"FOOD CUPBOARD",SNACKS
LFS,181179,0,"FOOD CUPBOARD",SNACKS
LFS,181181,0,"FOOD CUPBOARD","BREAKFAST CEREALS"
LFS,182806,0,"HOME AND PERSONAL CARE","HOUSEHOLD CLEANERS"
LFS,182808,0,"HOME AND PERSONAL CARE","PERSONAL WASH"
LFS,182810,0,"HOME AND PERSONAL CARE","HOUSEHOLD CLEANERS"
LFS,182817,0,"HOME AND PERSONAL CARE","HOUSEHOLD CLEANERS"
LFS,182818,0,"HOME AND PERSONAL CARE",DISPOSABLE
LFS,182825,0,"HOME AND PERSONAL CARE",DISPOSABLE
LFS,183803,0,"FROZEN FOOD","POTATO CHIPS"
LFS,18381,0,"HOME AND PERSONAL CARE","INFANT AND BABY CARE"
LFS,183812,0,"FROZEN FOOD",ICE-CREAM
LFS,183813,0,"FROZEN FOOD",ICE-CREAM
LFS,183814,0,"FROZEN FOOD",ICE-CREAM
LFS,183819,0,"FROZEN FOOD","FROZEN SNACKS - VEG"
LFS,183823,0,"FROZEN FOOD",ICE-CREAM
LFS,183824,0,"FRESH DAIRY AND EGGS",cheeses
LFS,183827,0,"FROZEN FOOD",ICE-CREAM
LFS,183828,0,"FROZEN FOOD",ICE-CREAM
LFS,18384,0,"HOME AND PERSONAL CARE","INFANT AND BABY CARE"
LFS,183852,0,"FROZEN FOOD","FROZEN SNACKS - NON VEG"
LFS,185125,0,"HOME AND PERSONAL CARE",FRAGRANCES
LFS,185140,0,BEVERAGES,DRINKS
LFS,181184,0,"FOOD CUPBOARD","EDIBLE OILS AND GHEE"
LFS,181185,0,"FOOD CUPBOARD",SNACKS
LFS,181186,0,"FOOD CUPBOARD",SNACKS
LFS,181189,0,BEVERAGES,DRINKS
LFS,181190,0,BEVERAGES,DRINKS
LFS,181194,0,"BEVERAGES ALCOHOLIC","SPARKLING WINES"
LFS,181195,0,"BEVERAGES ALCOHOLIC","SPARKLING WINES"
LFS,181200,0,"FOOD CUPBOARD","SPREADS AND TOPPING"
LFS,181205,0,"FOOD CUPBOARD",SNACKS
LFS,181206,0,"FOOD CUPBOARD",SNACKS
LFS,181210,0,"FOOD CUPBOARD","NOODLES AND SOUP"
LFS,181215,0,"FOOD CUPBOARD","HONEY  JAM AND MARMALADE"
LFS,181218,0,"HOME AND PERSONAL CARE","PERSONAL WASH"
LFS,182830,0,"HOME AND PERSONAL CARE","HOUSEHOLD CLEANERS"
LFS,182835,0,BEVERAGES,COFFEE
LFS,182836,0,BEVERAGES,COFFEE
LFS,182837,0,BEVERAGES,COFFEE
LFS,182838,0,BEVERAGES,TEA
LFS,182840,0,BEVERAGES,TEA
LFS,182842,0,BEVERAGES,TEA
LFS,182843,0,BEVERAGES,TEA
LFS,182844,0,"FOOD CUPBOARD","RAW RICE"
LFS,182846,0,"FOOD CUPBOARD","NOODLES AND SOUP"
LFS,182847,0,"FOOD CUPBOARD","NOODLES AND SOUP"
LFS,182848,0,"FOOD CUPBOARD","SPREADS AND TOPPING"
LFS,182849,0,"FOOD CUPBOARD","RAW RICE"
LFS,182851,0,"FOOD CUPBOARD","HONEY  JAM AND MARMALADE"
LFS,182853,0,"FOOD CUPBOARD","HONEY  JAM AND MARMALADE"
LFS,182854,0,"FOOD CUPBOARD","SPREADS AND TOPPING"
LFS,182858,0,"FOOD CUPBOARD","MILK AND CREAMERS"
LFS,183883,0,"FRESH DAIRY AND EGGS",cheeses
LFS,183884,0,"FROZEN FOOD","FROZEN SNACKS - VEG"
LFS,183892,0,"FROZEN FOOD",PORK
LFS,183903,0,"FROZEN FOOD",ICE-CREAM
LFS,183912,0,"FROZEN FOOD","FROZEN SNACKS - VEG"
LFS,183931,0,"FROZEN FOOD",VEGETABLE
LFS,183935,0,"FROZEN FOOD",ICE-CREAM
LFS,185177,0,"FOOD CUPBOARD",CONFECTIONERY
LFS,185179,0,"HOME AND PERSONAL CARE","INFANT AND BABY CARE"
LFS,185181,0,"HOME AND PERSONAL CARE",FRAGRANCES
LFS,185182,0,"HOME AND PERSONAL CARE",FRAGRANCES
LFS,185183,0,"HOME AND PERSONAL CARE",FRAGRANCES
LFS,185202,0,"HOME AND PERSONAL CARE","ORAL CARE"
LFS,185203,0,"HOME AND PERSONAL CARE","ORAL CARE"
LFS,185205,0,"HOME AND PERSONAL CARE","ORAL CARE"
LFS,181219,0,BEVERAGES,COFFEE
LFS,181223,0,BEVERAGES,"SYRUPS AND CONCENTRATES"
LFS,181226,0,"FOOD CUPBOARD",SNACKS
LFS,181227,0,"FOOD CUPBOARD",FLOURS
LFS,181231,0,BEVERAGES,TEA
LFS,181233,0,"FOOD CUPBOARD",FLOURS
LFS,181234,0,"FOOD CUPBOARD",SNACKS
LFS,181235,0,BEVERAGES,TEA
LFS,181236,0,"FOOD CUPBOARD",FLOURS
LFS,181242,0,BEVERAGES,TEA
LFS,181245,0,BEVERAGES,TEA
LFS,182861,0,"HOME AND PERSONAL CARE","HEALTH AND WELLNESS"
LFS,182865,0,"FOOD CUPBOARD","CANNED FOOD"
LFS,182866,0,"FOOD CUPBOARD",CONFECTIONERY
LFS,182874,0,"FOOD CUPBOARD",CONFECTIONERY
LFS,182894,0,"FOOD CUPBOARD","MILK AND CREAMERS"
LFS,182895,0,"FOOD CUPBOARD",CONFECTIONERY
LFS,182896,0,"FOOD CUPBOARD",CONFECTIONERY
LFS,182897,0,"FOOD CUPBOARD",CONFECTIONERY
LFS,182898,0,"FOOD CUPBOARD",CONFECTIONERY
LFS,182899,0,"FOOD CUPBOARD",CONFECTIONERY
LFS,182900,0,"FOOD CUPBOARD",CONFECTIONERY
LFS,182901,0,"FOOD CUPBOARD",CONFECTIONERY
LFS,182903,0,"FOOD CUPBOARD",CONFECTIONERY
LFS,182904,0,"FOOD CUPBOARD",CONDIMENTS
LFS,183936,0,"FROZEN FOOD",ICE-CREAM
LFS,183957,0,"FROZEN FOOD","FROZEN SNACKS - VEG"
LFS,183958,0,"FROZEN FOOD","FROZEN SNACKS - VEG"
LFS,183974,0,BEVERAGES,DRINKS
LFS,184022,0,BEVERAGES,DRINKS
LFS,184023,0,"BEVERAGES ALCOHOLIC","GIN ."
LFS,184024,0,"BEVERAGES ALCOHOLIC","GIN ."
LFS,184036,0,"HOME AND PERSONAL CARE","LAUNDRY CARE"
LFS,184037,0,"HOME AND PERSONAL CARE","LAUNDRY CARE"
LFS,184049,0,BAKERY,BREADS
LFS,184068,0,"HOME AND PERSONAL CARE","LAUNDRY CARE"
LFS,184069,0,"HOME AND PERSONAL CARE","LAUNDRY CARE"
LFS,184118,0,"FROZEN FOOD","FROZEN SNACKS - NON VEG"
LFS,184119,0,"FROZEN FOOD","FROZEN SNACKS - NON VEG"
LFS,18522,0,"FOOD CUPBOARD",CONDIMENTS
LFS,18524,0,"FOOD CUPBOARD",CONDIMENTS
LFS,181247,0,"FOOD CUPBOARD",SNACKS
LFS,181248,0,"FOOD CUPBOARD",CONDIMENTS
LFS,181249,0,"FOOD CUPBOARD",FLOURS
LFS,181252,0,"FOOD CUPBOARD",SNACKS
LFS,181257,0,BEVERAGES,"DRINKING POWDERS"
LFS,181258,0,"FOOD CUPBOARD","SPREADS AND TOPPING"
LFS,181259,0,"FOOD CUPBOARD",FLOURS
LFS,181269,0,BEVERAGES,TEA
LFS,181316,0,"FOOD CUPBOARD",SNACKS
LFS,181335,0,"FOOD CUPBOARD",CONFECTIONERY
LFS,181420,0,"FRUITS- IMPORT",VEGETABLES.
LFS,181422,0,"FRUITS- IMPORT",VEGETABLES.
LFS,181428,0,"FRUITS- IMPORT",VEGETABLES.
LFS,182913,0,"FOOD CUPBOARD","HONEY  JAM AND MARMALADE"
LFS,182915,0,"HOME AND PERSONAL CARE",FRESHENERS
LFS,182918,0,"FOOD CUPBOARD","EDIBLE OILS AND GHEE"
LFS,182919,0,"FOOD CUPBOARD","EDIBLE OILS AND GHEE"
LFS,182920,0,"HOME AND PERSONAL CARE","HOUSEHOLD CLEANERS"
LFS,182921,0,"FOOD CUPBOARD","SPREADS AND TOPPING"
LFS,182926,0,"FOOD CUPBOARD",CONFECTIONERY
LFS,182990,0,"FOOD CUPBOARD",CONDIMENTS
LFS,182992,0,"FOOD CUPBOARD",CONDIMENTS
LFS,182993,0,"FOOD CUPBOARD",CONDIMENTS
LFS,182997,0,"FOOD CUPBOARD",CONDIMENTS
LFS,18414,0,"FOOD CUPBOARD",BISCUITS
LFS,184144,0,"FRESH DAIRY AND EGGS","Deli Pork"
LFS,184145,0,"FRESH DAIRY AND EGGS","Deli Pork"
LFS,184149,0,"FRESH DAIRY AND EGGS","Deli Pork"
LFS,184151,0,"FRESH DAIRY AND EGGS","Deli Pork"
LFS,184153,0,"FRESH DAIRY AND EGGS","Deli Pork"
LFS,184167,0,"HOME AND PERSONAL CARE","ORAL CARE"
LFS,184178,0,"FOOD CUPBOARD","EDIBLE OILS AND GHEE"
LFS,184182,0,"FROZEN FOOD","FROZEN SNACKS - VEG"
LFS,184196,0,"FRESH DAIRY AND EGGS","Farm Eggs"
LFS,184252,0,BEVERAGES,TEA
LFS,184253,0,BEVERAGES,TEA
LFS,184254,0,BEVERAGES,TEA
LFS,184278,0,"BEVERAGES ALCOHOLIC","GIN ."
LFS,184368,0,BEVERAGES,"MINERAL WATER"
LFS,184369,0,BEVERAGES,"MINERAL WATER"
LFS,184371,0,BEVERAGES,DRINKS
LFS,184372,0,BEVERAGES,DRINKS
LFS,184373,0,BEVERAGES,DRINKS
LFS,184391,0,"FOOD CUPBOARD","SPREADS AND TOPPING"
LFS,184392,0,"FOOD CUPBOARD",CONFECTIONERY
LFS,185281,0,"FOOD CUPBOARD","MILK AND CREAMERS"
LFS,185284,0,"FOOD CUPBOARD",CONDIMENTS
LFS,185286,0,"FOOD CUPBOARD",CONDIMENTS
LFS,185287,0,"FOOD CUPBOARD",CONDIMENTS
LFS,185289,0,"FOOD CUPBOARD","SPREADS AND TOPPING"
LFS,181432,0,"FRESH DAIRY AND EGGS",cheeses
LFS,181436,0,"FRESH DAIRY AND EGGS",cheeses
LFS,181440,0,"FRESH DAIRY AND EGGS",cheeses
LFS,181441,0,"FRESH DAIRY AND EGGS",cheeses
LFS,181442,0,"FRESH DAIRY AND EGGS",cheeses
LFS,181443,0,"FROZEN FOOD","FROZEN SNACKS - VEG"
LFS,181450,0,"FROZEN FOOD","FROZEN SNACKS - VEG"
LFS,181451,0,"FRESH DAIRY AND EGGS",cheeses
LFS,181453,0,"FROZEN FOOD",CHICKEN
LFS,181456,0,"FROZEN FOOD","FROZEN SNACKS - VEG"
LFS,181462,0,"FROZEN FOOD","FROZEN SNACKS - VEG"
LFS,181465,0,"FROZEN FOOD","FROZEN SNACKS - VEG"
LFS,181467,0,"FROZEN FOOD",MEAT
LFS,181469,0,"FROZEN FOOD",PORK
LFS,181470,0,"FROZEN FOOD","FROZEN SNACKS - VEG"
LFS,181473,0,"FROZEN FOOD",MEAT
LFS,181474,0,"FROZEN FOOD","FROZEN SNACKS - VEG"
LFS,181475,0,"FROZEN FOOD","FROZEN SNACKS - VEG"
LFS,181476,0,"FROZEN FOOD","FROZEN SNACKS - VEG"
LFS,181479,0,"FROZEN FOOD","FROZEN SNACKS - VEG"
LFS,18153,0,"FOOD CUPBOARD",CONDIMENTS
LFS,181568,0,BEVERAGES,JUICE
LFS,183003,0,"FOOD CUPBOARD",CONDIMENTS
LFS,183007,0,"FOOD CUPBOARD",CONDIMENTS
LFS,183008,0,"FOOD CUPBOARD",CONDIMENTS
LFS,183009,0,"FOOD CUPBOARD",CONDIMENTS
LFS,183014,0,"FOOD CUPBOARD",CONDIMENTS
LFS,183029,0,"FOOD CUPBOARD",CONDIMENTS
LFS,183041,0,"FOOD CUPBOARD",CONDIMENTS
LFS,183055,0,"FOOD CUPBOARD",CONDIMENTS
LFS,183057,0,"FOOD CUPBOARD",CONDIMENTS
LFS,183059,0,"FOOD CUPBOARD",CONDIMENTS
LFS,183074,0,"FOOD CUPBOARD",CONDIMENTS
LFS,183075,0,"FOOD CUPBOARD",CONDIMENTS
LFS,183077,0,"FOOD CUPBOARD","SPREADS AND TOPPING"
LFS,183078,0,"FOOD CUPBOARD","SPREADS AND TOPPING"
LFS,183079,0,"FOOD CUPBOARD","SPREADS AND TOPPING"
LFS,183082,0,"FOOD CUPBOARD","SPREADS AND TOPPING"
LFS,177254,0,"FOOD CUPBOARD",SNACKS
LFS,177259,0,"FOOD CUPBOARD",SNACKS
LFS,177261,0,"FOOD CUPBOARD",SNACKS
LFS,177263,0,"FOOD CUPBOARD",SNACKS
LFS,177271,0,"FOOD CUPBOARD","BREAKFAST CEREALS"
LFS,177272,0,"FOOD CUPBOARD","BREAKFAST CEREALS"
LFS,177274,0,"FOOD CUPBOARD","NOODLES AND SOUP"
LFS,177275,0,"FOOD CUPBOARD","NOODLES AND SOUP"
LFS,177276,0,"FOOD CUPBOARD",SNACKS
LFS,177277,0,"FOOD CUPBOARD","SPICES AND HERBS"
LFS,177278,0,"FOOD CUPBOARD","SPICES AND HERBS"
LFS,177279,0,"FOOD CUPBOARD","SPICES AND HERBS"
LFS,177280,0,"FOOD CUPBOARD","SPICES AND HERBS"
LFS,177281,0,"FOOD CUPBOARD",CONDIMENTS
LFS,177282,0,"FOOD CUPBOARD","SPICES AND HERBS"
LFS,177283,0,"FOOD CUPBOARD",CONDIMENTS
LFS,178750,0,"FOOD CUPBOARD","BAKING INGREDIENTS"
LFS,178756,0,"FOOD CUPBOARD","BAKING INGREDIENTS"
LFS,178757,0,"FOOD CUPBOARD","SPREADS AND TOPPING"
LFS,178759,0,"FOOD CUPBOARD","SPICES AND HERBS"
LFS,178761,0,"HOME AND PERSONAL CARE","FEMININE CARE"
LFS,178768,0,"FOOD CUPBOARD","BREAKFAST CEREALS"
LFS,17877,0,"HOME AND PERSONAL CARE",FRAGRANCES
LFS,178770,0,"FOOD CUPBOARD","NOODLES AND SOUP"
LFS,178771,0,"FOOD CUPBOARD","NOODLES AND SOUP"
LFS,17878,0,"HOME AND PERSONAL CARE",FRAGRANCES
LFS,178931,0,"FOOD CUPBOARD","BREAKFAST CEREALS"
LFS,180576,0,"FOOD CUPBOARD",SNACKS
LFS,180577,0,"FOOD CUPBOARD",SNACKS
LFS,180580,0,"FOOD CUPBOARD",SNACKS
LFS,180581,0,"FOOD CUPBOARD",SNACKS
LFS,180583,0,"FOOD CUPBOARD","SALT  SUGAR AND JAGGERY"
LFS,180587,0,"HOME AND PERSONAL CARE","HOUSEHOLD CLEANERS"
LFS,180588,0,"HOME AND PERSONAL CARE","HOUSEHOLD CLEANERS"
LFS,180589,0,BEVERAGES,"DRINKING POWDERS"
LFS,180594,0,BEVERAGES,"DRINKING POWDERS"
LFS,180597,0,"HOME AND PERSONAL CARE","LAUNDRY CARE"
LFS,176483,0,"HOME AND PERSONAL CARE","HAIR CARE"
LFS,176484,0,"HOME AND PERSONAL CARE","HOUSEHOLD CLEANERS"
LFS,176488,0,"FOOD CUPBOARD","SPREADS AND TOPPING"
LFS,176493,0,"HOME AND PERSONAL CARE","COLOR COSMETICS"
LFS,176502,0,"FOOD CUPBOARD",CONFECTIONERY
LFS,176504,0,"FOOD CUPBOARD",SNACKS
LFS,176505,0,BEVERAGES,DRINKS
LFS,176525,0,"HOME AND PERSONAL CARE","HAIR CARE"
LFS,178958,0,"FRESH DAIRY AND EGGS",cheeses
LFS,178959,0,"FOOD CUPBOARD","CANNED FOOD"
LFS,178990,0,"FROZEN FOOD","CHICKEN FRANKS"
LFS,178991,0,"FROZEN FOOD","CHICKEN FRANKS"
LFS,178993,0,"FROZEN FOOD","POTATO CHIPS"
LFS,178994,0,"FROZEN FOOD","POTATO CHIPS"
LFS,178995,0,"FROZEN FOOD","CHCIKEN NUGGETS"
LFS,17900,0,"HOME AND PERSONAL CARE",FRAGRANCES
LFS,17906,0,"FOOD CUPBOARD",CONFECTIONERY
LFS,179145,0,"FOOD CUPBOARD",CONDIMENTS
LFS,179186,0,"FOOD CUPBOARD","SPREADS AND TOPPING"
LFS,179187,0,"FOOD CUPBOARD","SPREADS AND TOPPING"
LFS,179188,0,"FOOD CUPBOARD","SPREADS AND TOPPING"
LFS,179194,0,"FOOD CUPBOARD","SPREADS AND TOPPING"
LFS,179197,0,"FOOD CUPBOARD","BAKING INGREDIENTS"
LFS,179205,0,"FOOD CUPBOARD",CONFECTIONERY
LFS,179209,0,"FOOD CUPBOARD",CONFECTIONERY
LFS,179215,0,"FOOD CUPBOARD",CONFECTIONERY
LFS,179220,0,"FOOD CUPBOARD",CONFECTIONERY
LFS,179223,0,"FOOD CUPBOARD",CONFECTIONERY
LFS,179225,0,"FOOD CUPBOARD",CONFECTIONERY
LFS,180602,0,"HOME AND PERSONAL CARE","LAUNDRY CARE"
LFS,180605,0,"HOME AND PERSONAL CARE","LAUNDRY CARE"
LFS,180607,0,"BEVERAGES ALCOHOLIC",WINES
LFS,180614,0,BEVERAGES,DRINKS
LFS,180622,0,"FOOD CUPBOARD","BREAKFAST CEREALS"
LFS,180623,0,"FOOD CUPBOARD","BREAKFAST CEREALS"
LFS,180634,0,BEVERAGES,DRINKS
LFS,180636,0,"FOOD CUPBOARD","RAW RICE"
LFS,176538,0,"HOME AND PERSONAL CARE","PERSONAL WASH"
LFS,176539,0,"HOME AND PERSONAL CARE","HAIR CARE"
LFS,176543,0,"FOOD CUPBOARD",SNACKS
LFS,176546,0,"HOME AND PERSONAL CARE","FEMININE CARE"
LFS,176548,0,"HOME AND PERSONAL CARE","FEMININE CARE"
LFS,176559,0,"FOOD CUPBOARD","SPREADS AND TOPPING"
LFS,176561,0,"FOOD CUPBOARD","SPREADS AND TOPPING"
LFS,176588,0,"HOME AND PERSONAL CARE","FEMININE CARE"
LFS,179060,0,"FOOD CUPBOARD",SOUKS
LFS,179075,0,"FOOD CUPBOARD",SNACKS
LFS,179077,0,"FOOD CUPBOARD",SNACKS
LFS,179101,0,"HOME AND PERSONAL CARE","PET CARE"
LFS,179113,0,BEVERAGES,DRINKS
LFS,179115,0,BEVERAGES,JUICE
LFS,179117,0,BEVERAGES,DRINKS
LFS,179262,0,"FOOD CUPBOARD",CONFECTIONERY
LFS,179263,0,"FOOD CUPBOARD",CONFECTIONERY
LFS,179270,0,"FOOD CUPBOARD","SPREADS AND TOPPING"
LFS,179271,0,"FOOD CUPBOARD","PASTA AND SPAGHETTI"
LFS,179274,0,"FOOD CUPBOARD",CONFECTIONERY
LFS,179276,0,"FOOD CUPBOARD",CONFECTIONERY
LFS,179277,0,"FOOD CUPBOARD",CONFECTIONERY
LFS,179278,0,"FOOD CUPBOARD",CONFECTIONERY
LFS,179279,0,"FOOD CUPBOARD",CONFECTIONERY
LFS,179281,0,"FOOD CUPBOARD",CONFECTIONERY
LFS,179282,0,BEVERAGES,JUICE
LFS,179287,0,"FOOD CUPBOARD",CONFECTIONERY
LFS,175390,0,"FOOD CUPBOARD",BISCUITS
LFS,175391,0,"FOOD CUPBOARD",BISCUITS
LFS,175392,0,"FOOD CUPBOARD",BISCUITS
LFS,175429,0,"HOME AND PERSONAL CARE",FRESHENERS
LFS,175431,0,"HOME AND PERSONAL CARE",FRESHENERS
LFS,175432,0,"HOME AND PERSONAL CARE",FRESHENERS
LFS,175437,0,"HOME AND PERSONAL CARE",FRESHENERS
LFS,175439,0,"HOME AND PERSONAL CARE",FRESHENERS
LFS,175450,0,"HOME AND PERSONAL CARE",FRESHENERS
LFS,176605,0,"HOME AND PERSONAL CARE",FRESHENERS
LFS,176606,0,"HOME AND PERSONAL CARE",FRESHENERS
LFS,17661,0,"HOME AND PERSONAL CARE",DISPOSABLE
LFS,176611,0,"FOOD CUPBOARD","SPREADS AND TOPPING"
LFS,176613,0,"FOOD CUPBOARD",CONDIMENTS
LFS,176615,0,"FOOD CUPBOARD",CONDIMENTS
LFS,176616,0,"FOOD CUPBOARD","NOODLES AND SOUP"
LFS,176621,0,"FOOD CUPBOARD","SPREADS AND TOPPING"
LFS,176627,0,"HOME AND PERSONAL CARE","PERSONAL WASH"
LFS,177285,0,"FOOD CUPBOARD","SPICES AND HERBS"
LFS,177288,0,"FOOD CUPBOARD","SPICES AND HERBS"
LFS,177290,0,"FOOD CUPBOARD","SPICES AND HERBS"
LFS,177292,0,"FOOD CUPBOARD","SPICES AND HERBS"
LFS,177293,0,"FOOD CUPBOARD",CONDIMENTS
LFS,177294,0,"FOOD CUPBOARD","SPICES AND HERBS"
LFS,177295,0,"FOOD CUPBOARD",CONDIMENTS
LFS,177297,0,"FOOD CUPBOARD","MILK AND CREAMERS"
LFS,177300,0,BEVERAGES,COFFEE
LFS,177304,0,BEVERAGES,COFFEE
LFS,177306,0,BEVERAGES,COFFEE
LFS,177318,0,BEVERAGES,COFFEE
LFS,177320,0,BEVERAGES,COFFEE
LFS,177323,0,BEVERAGES,TEA
LFS,177324,0,BEVERAGES,TEA
LFS,177328,0,"FOOD CUPBOARD","SPREADS AND TOPPING"
LFS,177329,0,"FOOD CUPBOARD","SPREADS AND TOPPING"
LFS,177330,0,"FOOD CUPBOARD","SPREADS AND TOPPING"
LFS,177331,0,"FOOD CUPBOARD","SPREADS AND TOPPING"
LFS,177332,0,"FOOD CUPBOARD","SPREADS AND TOPPING"
LFS,177334,0,"FOOD CUPBOARD","SPREADS AND TOPPING"
LFS,177335,0,"FOOD CUPBOARD","SPICES AND HERBS"
LFS,177337,0,"FOOD CUPBOARD","HONEY  JAM AND MARMALADE"
LFS,179295,0,"FOOD CUPBOARD",CONFECTIONERY
LFS,179296,0,"FOOD CUPBOARD",CONFECTIONERY
LFS,179338,0,"FOOD CUPBOARD","SPREADS AND TOPPING"
LFS,179339,0,"FOOD CUPBOARD","SPREADS AND TOPPING"
LFS,179377,0,"FOOD CUPBOARD","READY TO EAT"
LFS,179400,0,"FOOD CUPBOARD","BREAKFAST CEREALS"
LFS,179412,0,"FRESH DAIRY AND EGGS",Yoghurt
LFS,179413,0,"FRESH DAIRY AND EGGS",Yoghurt
LFS,179414,0,BEVERAGES,DRINKS
LFS,179433,0,"FOOD CUPBOARD",SNACKS
LFS,179436,0,"FOOD CUPBOARD",SNACKS
LFS,175487,0,BEVERAGES,DRINKS
LFS,175489,0,BEVERAGES,JUICE
LFS,175490,0,BEVERAGES,JUICE
LFS,175493,0,"FOOD CUPBOARD",FLOURS
LFS,175554,0,"FOOD CUPBOARD","BAKING INGREDIENTS"
LFS,175555,0,"FOOD CUPBOARD","BAKING INGREDIENTS"
LFS,175593,0,"FOOD CUPBOARD","NOODLES AND SOUP"
LFS,175594,0,"FOOD CUPBOARD",CONFECTIONERY
LFS,176632,0,"FOOD CUPBOARD","HONEY  JAM AND MARMALADE"
LFS,176639,0,"HOME AND PERSONAL CARE","INFANT AND BABY CARE"
LFS,176648,0,"BEVERAGES ALCOHOLIC",WINES
LFS,176651,0,BEVERAGES,COFFEE
LFS,176661,0,"FOOD CUPBOARD",CONFECTIONERY
LFS,176668,0,"FOOD CUPBOARD",SNACKS
LFS,176671,0,"FOOD CUPBOARD",SNACKS
LFS,176681,0,"FOOD CUPBOARD",CONFECTIONERY
LFS,177339,0,"FOOD CUPBOARD",SNACKS
LFS,177340,0,"FOOD CUPBOARD",SNACKS
LFS,177341,0,"FOOD CUPBOARD",SNACKS
LFS,177344,0,"FOOD CUPBOARD",SNACKS
LFS,177347,0,"FOOD CUPBOARD","BREAKFAST CEREALS"
LFS,177348,0,"FOOD CUPBOARD","BREAKFAST CEREALS"
LFS,177350,0,"FROZEN FOOD",ICE-CREAM
LFS,177351,0,"FOOD CUPBOARD","BREAKFAST CEREALS"
LFS,177353,0,"FOOD CUPBOARD","BREAKFAST CEREALS"
LFS,177355,0,"FOOD CUPBOARD","BREAKFAST CEREALS"
LFS,177356,0,"HOME AND PERSONAL CARE","LAUNDRY CARE"
LFS,177357,0,"FOOD CUPBOARD","BREAKFAST CEREALS"
LFS,177382,0,"FOOD CUPBOARD",CONFECTIONERY
LFS,177385,0,"FOOD CUPBOARD",CONDIMENTS
LFS,179477,0,BEVERAGES,TEA
LFS,179479,0,BEVERAGES,TEA
LFS,179486,0,"FOOD CUPBOARD",CONFECTIONERY
LFS,179493,0,"FOOD CUPBOARD",BISCUITS
LFS,179496,0,"FOOD CUPBOARD",CONDIMENTS
LFS,179498,0,BEVERAGES,DRINKS
LFS,179500,0,"BEVERAGES ALCOHOLIC","BOTTLE BEER"
LFS,179502,0,BEVERAGES,DRINKS
LFS,179504,0,BEVERAGES,DRINKS
LFS,175597,0,"HOME AND PERSONAL CARE","HOUSEHOLD CLEANERS"
LFS,175598,0,"FOOD CUPBOARD",SNACKS
LFS,175600,0,"HOME AND PERSONAL CARE",FRESHENERS
LFS,175601,0,"HOME AND PERSONAL CARE","HOUSEHOLD CLEANERS"
LFS,175603,0,"FOOD CUPBOARD","GRAINS AND PULSES"
LFS,175609,0,BEVERAGES,TEA
LFS,175611,0,"HOME AND PERSONAL CARE","PET CARE"
LFS,175622,0,"FOOD CUPBOARD","FREE FROM (GENERIC)"
LFS,175625,0,"FOOD CUPBOARD","FREE FROM (GENERIC)"
LFS,175628,0,"FOOD CUPBOARD",SNACKS
LFS,175631,0,"FOOD CUPBOARD","FREE FROM (GENERIC)"
LFS,175633,0,"FOOD CUPBOARD",SNACKS
LFS,175640,0,"FOOD CUPBOARD","CANNED FOOD"
LFS,175641,0,"HOME AND PERSONAL CARE","PET CARE"
LFS,175642,0,"FOOD CUPBOARD","PASTA AND SPAGHETTI"
LFS,175643,0,"FOOD CUPBOARD","CANNED FOOD"
LFS,176696,0,"FOOD CUPBOARD","GRAINS AND PULSES"
LFS,176708,0,"FOOD CUPBOARD","HONEY  JAM AND MARMALADE"
LFS,176721,0,"FOOD CUPBOARD",CONFECTIONERY
LFS,176732,0,"FOOD CUPBOARD",CONFECTIONERY
LFS,176733,0,"FOOD CUPBOARD","HONEY  JAM AND MARMALADE"
LFS,176735,0,"FOOD CUPBOARD",CONFECTIONERY
LFS,177392,0,"FOOD CUPBOARD","HONEY  JAM AND MARMALADE"
LFS,177409,0,"FROZEN FOOD","FROZEN SNACKS - NON VEG"
LFS,177416,0,"FROZEN FOOD",ICE-CREAM
LFS,177421,0,"FROZEN FOOD","FROZEN SNACKS - VEG"
LFS,177474,0,"FROZEN FOOD","FROZEN SNACKS - VEG"
LFS,179530,0,"FRESH DAIRY AND EGGS","Deli Pork"
LFS,179534,0,"FOOD CUPBOARD",SNACKS
LFS,179558,0,"FOOD CUPBOARD",CONFECTIONERY
LFS,179563,0,"FOOD CUPBOARD",CONFECTIONERY
LFS,179584,0,"FRUITS- IMPORT",VEGETABLES.
LFS,175644,0,"FOOD CUPBOARD","CANNED FOOD"
LFS,175645,0,"FOOD CUPBOARD",CONFECTIONERY
LFS,175646,0,"FOOD CUPBOARD",CONFECTIONERY
LFS,175648,0,"FOOD CUPBOARD","SALT  SUGAR AND JAGGERY"
LFS,175649,0,"FOOD CUPBOARD",CONDIMENTS
LFS,175650,0,"FOOD CUPBOARD",CONDIMENTS
LFS,175651,0,"FOOD CUPBOARD",CONDIMENTS
LFS,175652,0,"FOOD CUPBOARD",CONDIMENTS
LFS,175653,0,"FOOD CUPBOARD","SPREADS AND TOPPING"
LFS,175654,0,"FOOD CUPBOARD","SPREADS AND TOPPING"
LFS,175659,0,"HOME AND PERSONAL CARE","INFANT AND BABY CARE"
LFS,175661,0,"HOME AND PERSONAL CARE","HOUSEHOLD CLEANERS"
LFS,175662,0,"HOME AND PERSONAL CARE","HOUSEHOLD CLEANERS"
LFS,175664,0,"FOOD CUPBOARD","NOODLES AND SOUP"
LFS,175665,0,"FOOD CUPBOARD","PASTA AND SPAGHETTI"
LFS,175669,0,"HOME AND PERSONAL CARE","LAUNDRY CARE"
LFS,175670,0,"HOME AND PERSONAL CARE","HOUSEHOLD CLEANERS"
LFS,175671,0,"HOME AND PERSONAL CARE","LAUNDRY CARE"
LFS,176739,0,"FROZEN FOOD",PUDDINGS
LFS,176742,0,"FROZEN FOOD",PUDDINGS
LFS,176744,0,"FROZEN FOOD",PUDDINGS
LFS,176747,0,"FROZEN FOOD",PUDDINGS
LFS,176750,0,"FROZEN FOOD",PUDDINGS
LFS,176756,0,"FROZEN FOOD",PUDDINGS
LFS,176759,0,"FOOD CUPBOARD","BAKING INGREDIENTS"
LFS,176761,0,"FROZEN FOOD",PUDDINGS
LFS,176766,0,"FOOD CUPBOARD","BAKING INGREDIENTS"
LFS,176769,0,"FOOD CUPBOARD","BAKING INGREDIENTS"
LFS,177519,0,BUTCHERY,"FRESH CHICKEN"
LFS,177538,0,"HOME AND PERSONAL CARE","HAIR CARE"
LFS,177539,0,"HOME AND PERSONAL CARE","HAIR CARE"
LFS,177540,0,"HOME AND PERSONAL CARE","HAIR CARE"
LFS,177541,0,"HOME AND PERSONAL CARE","HAIR CARE"
LFS,177543,0,"HOME AND PERSONAL CARE","HAIR CARE"
LFS,177551,0,"HOME AND PERSONAL CARE","ORAL CARE"
LFS,177574,0,"HOME AND PERSONAL CARE","PERSONAL WASH"
LFS,177575,0,"HOME AND PERSONAL CARE","HAIR CARE"
LFS,179610,0,"FOOD CUPBOARD",SNACKS
LFS,179627,0,"HOME AND PERSONAL CARE",DISPOSABLE
LFS,179629,0,"HOME AND PERSONAL CARE",DISPOSABLE
LFS,179718,0,"BEVERAGES ALCOHOLIC",WINES
LFS,179723,0,"FOOD CUPBOARD","CANNED FOOD"
LFS,179724,0,"FOOD CUPBOARD","CANNED FOOD"
LFS,179725,0,"FOOD CUPBOARD","CANNED FOOD"
LFS,179728,0,"FOOD CUPBOARD","CANNED FOOD"
LFS,179730,0,"FOOD CUPBOARD","CANNED FOOD"
LFS,179746,0,"HOME AND PERSONAL CARE","COLOR COSMETICS"
LFS,179748,0,"HOME AND PERSONAL CARE","COLOR COSMETICS"
LFS,179750,0,"HOME AND PERSONAL CARE","COLOR COSMETICS"
LFS,179754,0,"HOME AND PERSONAL CARE","COLOR COSMETICS"
LFS,179757,0,"HOME AND PERSONAL CARE","COLOR COSMETICS"
LFS,179766,0,"HOME AND PERSONAL CARE",FRAGRANCES
LFS,179771,0,"HOME AND PERSONAL CARE",FRAGRANCES
LFS,179772,0,"HOME AND PERSONAL CARE",FRAGRANCES
LFS,175687,0,"HOME AND PERSONAL CARE","PET CARE"
LFS,175689,0,"HOME AND PERSONAL CARE","PET CARE"
LFS,175690,0,"HOME AND PERSONAL CARE","PET CARE"
LFS,175770,0,"FOOD CUPBOARD",CONFECTIONERY
LFS,175772,0,"FOOD CUPBOARD",CONFECTIONERY
LFS,175774,0,"FOOD CUPBOARD",CONFECTIONERY
LFS,175779,0,"FOOD CUPBOARD",CONFECTIONERY
LFS,176776,0,"FOOD CUPBOARD","SPICES AND HERBS"
LFS,176777,0,"FOOD CUPBOARD","CANNED FOOD"
LFS,176779,0,"FOOD CUPBOARD","SPICES AND HERBS"
LFS,176781,0,"FOOD CUPBOARD",CONFECTIONERY
LFS,176785,0,"FOOD CUPBOARD",CONFECTIONERY
LFS,176786,0,"FOOD CUPBOARD",CONFECTIONERY
LFS,176787,0,"FOOD CUPBOARD",CONFECTIONERY
LFS,176800,0,"FOOD CUPBOARD",CONFECTIONERY
LFS,176801,0,"FOOD CUPBOARD","HONEY  JAM AND MARMALADE"
LFS,176806,0,"FOOD CUPBOARD","HONEY  JAM AND MARMALADE"
LFS,177579,0,"HOME AND PERSONAL CARE","HAIR CARE"
LFS,177587,0,"HOME AND PERSONAL CARE","INFANT AND BABY CARE"
LFS,177590,0,"FOOD CUPBOARD",SNACKS
LFS,177596,0,"FOOD CUPBOARD",SNACKS
LFS,177598,0,"FOOD CUPBOARD",SNACKS
LFS,177599,0,"FOOD CUPBOARD",CONFECTIONERY
LFS,177601,0,BEVERAGES,JUICE
LFS,177610,0,"BEVERAGES ALCOHOLIC",BITTERS
LFS,177615,0,"BEVERAGES ALCOHOLIC",WINES
LFS,177619,0,"BEVERAGES ALCOHOLIC",WINES
LFS,177625,0,"FOOD CUPBOARD",CONFECTIONERY
LFS,179803,0,"FOOD CUPBOARD",BISCUITS
LFS,179819,0,"FOOD CUPBOARD","SPREADS AND TOPPING"
LFS,179820,0,"HOME AND PERSONAL CARE","HAIR CARE"
LFS,179823,0,"FOOD CUPBOARD",SNACKS
LFS,179836,0,"FROZEN FOOD",CHICKEN
LFS,179837,0,"FROZEN FOOD",CHICKEN
LFS,179853,0,"FROZEN FOOD",ICE-CREAM
LFS,175782,0,"FOOD CUPBOARD",CONFECTIONERY
LFS,175783,0,"HOME AND PERSONAL CARE","FEMININE CARE"
LFS,175786,0,"FOOD CUPBOARD",CONFECTIONERY
LFS,175793,0,"FOOD CUPBOARD",CONFECTIONERY
LFS,175823,0,"FOOD CUPBOARD",CONFECTIONERY
LFS,176808,0,"FOOD CUPBOARD","HONEY  JAM AND MARMALADE"
LFS,176811,0,"FOOD CUPBOARD","HONEY  JAM AND MARMALADE"
LFS,176812,0,"FOOD CUPBOARD","HONEY  JAM AND MARMALADE"
LFS,176816,0,BEVERAGES,TEA
LFS,176840,0,"FOOD CUPBOARD","BREAKFAST CEREALS"
LFS,176842,0,"FOOD CUPBOARD",SNACKS
LFS,176844,0,"FOOD CUPBOARD",SNACKS
LFS,176855,0,"FOOD CUPBOARD","SPREADS AND TOPPING"
LFS,176856,0,"FOOD CUPBOARD","SPREADS AND TOPPING"
LFS,177628,0,"FOOD CUPBOARD","PASTA AND SPAGHETTI"
LFS,177629,0,"FOOD CUPBOARD",SNACKS
LFS,177630,0,"FOOD CUPBOARD","PASTA AND SPAGHETTI"
LFS,177636,0,"BEVERAGES ALCOHOLIC","CREAM LIQUER"
LFS,177638,0,"BEVERAGES ALCOHOLIC",WINES
LFS,177640,0,"BEVERAGES ALCOHOLIC",WINES
LFS,177643,0,"BEVERAGES ALCOHOLIC",WINES
LFS,177658,0,"FOOD CUPBOARD","MILK AND CREAMERS"
LFS,177666,0,BEVERAGES,COFFEE
LFS,177667,0,BEVERAGES,DRINKS
LFS,177669,0,BEVERAGES,DRINKS
LFS,177797,0,"FOOD CUPBOARD",BISCUITS
LFS,179867,0,"FRUITS- IMPORT",VEGETABLES.
LFS,179873,0,"FRUITS- IMPORT",VEGETABLES.
LFS,179877,0,"FRUITS- IMPORT",VEGETABLES.
LFS,179890,0,"FRUITS- IMPORT",VEGETABLES.
LFS,179906,0,"FOOD CUPBOARD",SNACKS
LFS,179907,0,"FOOD CUPBOARD",SNACKS
LFS,179916,0,"FOOD CUPBOARD","RAW RICE"
LFS,179937,0,"FROZEN FOOD",PUDDINGS
LFS,179950,0,"FRESH DAIRY AND EGGS",Yoghurt
LFS,179977,0,"HOME AND PERSONAL CARE",DISPOSABLE
LFS,179979,0,"HOME AND PERSONAL CARE",DISPOSABLE
LFS,175830,0,"FOOD CUPBOARD",CONFECTIONERY
LFS,175831,0,"HOME AND PERSONAL CARE",DISPOSABLE
LFS,175832,0,"HOME AND PERSONAL CARE",DISPOSABLE
LFS,175833,0,"HOME AND PERSONAL CARE",DISPOSABLE
LFS,175834,0,"HOME AND PERSONAL CARE",DISPOSABLE
LFS,175835,0,"HOME AND PERSONAL CARE",DISPOSABLE
LFS,175838,0,"HOME AND PERSONAL CARE",DISPOSABLE
LFS,175839,0,"HOME AND PERSONAL CARE","PET CARE"
LFS,175843,0,"HOME AND PERSONAL CARE",DISPOSABLE
LFS,175865,0,BEVERAGES,JUICE
LFS,175866,0,"BEVERAGES ALCOHOLIC","VODKA BOTTLES"
LFS,175868,0,"FRUITS- IMPORT",VEGETABLES.
LFS,175869,0,"FRUITS- IMPORT",VEGETABLES.
LFS,175873,0,"FOOD CUPBOARD","CANNED FOOD"
LFS,175874,0,"FOOD CUPBOARD",BISCUITS
LFS,175875,0,"FOOD CUPBOARD",SNACKS
LFS,175877,0,"HOME AND PERSONAL CARE",DISPOSABLE
LFS,175879,0,"HOME AND PERSONAL CARE","INFANT AND BABY CARE"
LFS,176862,0,"FOOD CUPBOARD","CANNED FOOD"
LFS,176863,0,"FOOD CUPBOARD","CANNED FOOD"
LFS,176880,0,"FRESH DAIRY AND EGGS",cheeses
LFS,177798,0,"FOOD CUPBOARD",BISCUITS
LFS,177800,0,"FOOD CUPBOARD",BISCUITS
LFS,177801,0,"FOOD CUPBOARD",BISCUITS
LFS,177806,0,"HOME AND PERSONAL CARE",DISPOSABLE
LFS,177807,0,"HOME AND PERSONAL CARE",DISPOSABLE
LFS,177808,0,"HOME AND PERSONAL CARE","HOUSEHOLD CLEANERS"
LFS,177809,0,"HOME AND PERSONAL CARE","SHOE CARE"
LFS,177810,0,"FOOD CUPBOARD",CONFECTIONERY
LFS,177811,0,"FOOD CUPBOARD",CONFECTIONERY
LFS,177813,0,"FOOD CUPBOARD",CONFECTIONERY
LFS,177816,0,"FOOD CUPBOARD",CONFECTIONERY
LFS,177818,0,"FOOD CUPBOARD",CONFECTIONERY
LFS,177820,0,"FOOD CUPBOARD",CONFECTIONERY
LFS,177822,0,"FOOD CUPBOARD",CONFECTIONERY
LFS,177823,0,"FOOD CUPBOARD",CONFECTIONERY
LFS,177878,0,"FOOD CUPBOARD","CANNED FOOD"
LFS,177898,0,"FRESH DAIRY AND EGGS",Butters
LFS,177900,0,"FOOD CUPBOARD",BISCUITS
LFS,177901,0,"FOOD CUPBOARD",BISCUITS
LFS,180084,0,"HOME AND PERSONAL CARE","HEALTH AND WELLNESS"
LFS,180087,0,"HOME AND PERSONAL CARE","HEALTH AND WELLNESS"
LFS,180088,0,"HOME AND PERSONAL CARE","HEALTH AND WELLNESS"
LFS,180089,0,"HOME AND PERSONAL CARE","HEALTH AND WELLNESS"
LFS,180090,0,"HOME AND PERSONAL CARE","HEALTH AND WELLNESS"
LFS,180099,0,"HOME AND PERSONAL CARE","PERSONAL WASH"
LFS,180100,0,"HOME AND PERSONAL CARE","PERSONAL WASH"
LFS,180103,0,"HOME AND PERSONAL CARE","PERSONAL WASH"
LFS,180105,0,"HOME AND PERSONAL CARE",FRAGRANCES
LFS,180106,0,"HOME AND PERSONAL CARE",FRAGRANCES
LFS,180122,0,"FOOD CUPBOARD",CONFECTIONERY
LFS,180124,0,"FOOD CUPBOARD",CONFECTIONERY
LFS,175880,0,"FOOD CUPBOARD","PASTA AND SPAGHETTI"
LFS,175881,0,"FOOD CUPBOARD",SNACKS
LFS,175882,0,"FOOD CUPBOARD","HONEY  JAM AND MARMALADE"
LFS,175883,0,"FOOD CUPBOARD",BISCUITS
LFS,175885,0,"HOME AND PERSONAL CARE","HOUSEHOLD CLEANERS"
LFS,175886,0,"FOOD CUPBOARD","SPREADS AND TOPPING"
LFS,175887,0,"FOOD CUPBOARD","MILK AND CREAMERS"
LFS,175890,0,"FOOD CUPBOARD","CANNED FOOD"
LFS,175892,0,"FOOD CUPBOARD","SALT  SUGAR AND JAGGERY"
LFS,175893,0,"FOOD CUPBOARD","PASTA AND SPAGHETTI"
LFS,175894,0,"FOOD CUPBOARD",FLOURS
LFS,175895,0,"FOOD CUPBOARD","CANNED FOOD"
LFS,175897,0,"FOOD CUPBOARD","NOODLES AND SOUP"
LFS,175901,0,"FOOD CUPBOARD",BISCUITS
LFS,175902,0,"FOOD CUPBOARD",CONDIMENTS
LFS,175903,0,"FOOD CUPBOARD",FLOURS
LFS,175905,0,"FOOD CUPBOARD","SPREADS AND TOPPING"
LFS,175906,0,"FOOD CUPBOARD","CANNED FOOD"
LFS,175907,0,"FOOD CUPBOARD","CANNED FOOD"
LFS,176923,0,BEVERAGES,TEA
LFS,176925,0,BEVERAGES,TEA
LFS,176937,0,BEVERAGES,COFFEE
LFS,176938,0,BEVERAGES,COFFEE
LFS,176939,0,BEVERAGES,COFFEE
LFS,17694,0,BEVERAGES,TEA
LFS,176940,0,BEVERAGES,COFFEE
LFS,176941,0,"FOOD CUPBOARD","CANNED FOOD"
LFS,176942,0,"FOOD CUPBOARD","CANNED FOOD"
LFS,176944,0,BEVERAGES,COFFEE
LFS,176945,0,BEVERAGES,COFFEE
LFS,176946,0,BEVERAGES,COFFEE
LFS,176947,0,BEVERAGES,COFFEE
LFS,176948,0,BEVERAGES,COFFEE
LFS,176950,0,BEVERAGES,COFFEE
LFS,177903,0,"FOOD CUPBOARD",SNACKS
LFS,177904,0,BEVERAGES,DRINKS
LFS,177905,0,BEVERAGES,DRINKS
LFS,177906,0,BEVERAGES,DRINKS
LFS,177907,0,BEVERAGES,DRINKS
LFS,177908,0,"FOOD CUPBOARD","DRINKING POWDER"
LFS,177911,0,"FOOD CUPBOARD","DRINKING POWDER"
LFS,177913,0,"FOOD CUPBOARD","DRINKING POWDER"
LFS,177915,0,"FOOD CUPBOARD","DRINKING POWDER"
LFS,177916,0,"FOOD CUPBOARD",SNACKS
LFS,177917,0,"FOOD CUPBOARD","DRINKING POWDER"
LFS,177918,0,"FOOD CUPBOARD",SNACKS
LFS,177919,0,"FOOD CUPBOARD","DRINKING POWDER"
LFS,177920,0,"FOOD CUPBOARD","DRINKING POWDER"
LFS,177921,0,"FOOD CUPBOARD","DRINKING POWDER"
LFS,177922,0,"FOOD CUPBOARD","DRINKING POWDER"
LFS,177923,0,"FOOD CUPBOARD","DRINKING POWDER"
LFS,177924,0,"FOOD CUPBOARD","DRINKING POWDER"
LFS,177925,0,"FOOD CUPBOARD","DRINKING POWDER"
LFS,177926,0,"FOOD CUPBOARD","DRINKING POWDER"
LFS,180138,0,"HOME AND PERSONAL CARE","LAUNDRY CARE"
LFS,180139,0,"HOME AND PERSONAL CARE","LAUNDRY CARE"
LFS,180148,0,"HOME AND PERSONAL CARE","LAUNDRY CARE"
LFS,180150,0,"HOME AND PERSONAL CARE","LAUNDRY CARE"
LFS,180151,0,"HOME AND PERSONAL CARE","LAUNDRY CARE"
LFS,180156,0,"HOME AND PERSONAL CARE","LAUNDRY CARE"
LFS,180163,0,"HOME AND PERSONAL CARE","LAUNDRY CARE"
LFS,180166,0,"HOME AND PERSONAL CARE","HOUSEHOLD CLEANERS"
LFS,180172,0,"HOME AND PERSONAL CARE","HOUSEHOLD CLEANERS"
LFS,175908,0,BEVERAGES,TEA
LFS,175909,0,"FOOD CUPBOARD","CANNED FOOD"
LFS,175910,0,"FOOD CUPBOARD",BISCUITS
LFS,175922,0,"FOOD CUPBOARD","SPREADS AND TOPPING"
LFS,175927,0,"FOOD CUPBOARD",CONFECTIONERY
LFS,175930,0,"FOOD CUPBOARD","PASTA AND SPAGHETTI"
LFS,175942,0,"FOOD CUPBOARD",CONDIMENTS
LFS,175943,0,"FOOD CUPBOARD",SNACKS
LFS,175948,0,"FOOD CUPBOARD","GRAINS AND PULSES"
LFS,175954,0,"FOOD CUPBOARD","GRAINS AND PULSES"
LFS,175955,0,"FOOD CUPBOARD","BREAKFAST CEREALS"
LFS,175963,0,"HOME AND PERSONAL CARE","LAUNDRY CARE"
LFS,175966,0,"FOOD CUPBOARD",FLOURS
LFS,175969,0,"FOOD CUPBOARD","BREAKFAST CEREALS"
LFS,175991,0,"FOOD CUPBOARD","PASTA AND SPAGHETTI"
LFS,176955,0,"FOOD CUPBOARD","GRAINS AND PULSES"
LFS,176965,0,"FOOD CUPBOARD","GRAINS AND PULSES"
LFS,176966,0,"FOOD CUPBOARD","GRAINS AND PULSES"
LFS,176968,0,"FOOD CUPBOARD","GRAINS AND PULSES"
LFS,176976,0,"FOOD CUPBOARD","SALT  SUGAR AND JAGGERY"
LFS,176979,0,"FOOD CUPBOARD",FLOURS
LFS,17698,0,"HOME AND PERSONAL CARE","SHOE CARE"
LFS,176983,0,"FOOD CUPBOARD","GRAINS AND PULSES"
LFS,176999,0,"FOOD CUPBOARD","NOODLES AND SOUP"
LFS,177000,0,"FOOD CUPBOARD","NOODLES AND SOUP"
LFS,177001,0,"FOOD CUPBOARD","NOODLES AND SOUP"
LFS,177002,0,"FOOD CUPBOARD","NOODLES AND SOUP"
LFS,177003,0,"FOOD CUPBOARD","NOODLES AND SOUP"
LFS,177004,0,"FOOD CUPBOARD","NOODLES AND SOUP"
LFS,177007,0,"FOOD CUPBOARD","NOODLES AND SOUP"
LFS,177014,0,"FOOD CUPBOARD",SNACKS
LFS,177016,0,"FOOD CUPBOARD",SNACKS
LFS,177018,0,"FOOD CUPBOARD",SNACKS
LFS,177927,0,"FOOD CUPBOARD",SNACKS
LFS,177928,0,"FOOD CUPBOARD",SNACKS
LFS,177931,0,BEVERAGES,"MINERAL WATER"
LFS,177932,0,BEVERAGES,"MINERAL WATER"
LFS,177933,0,BEVERAGES,"DRINKING POWDERS"
LFS,177934,0,"FOOD CUPBOARD","DRINKING POWDER"
LFS,177935,0,"FOOD CUPBOARD","DRINKING POWDER"
LFS,177936,0,"FOOD CUPBOARD",SNACKS
LFS,177937,0,"FOOD CUPBOARD",SNACKS
LFS,177938,0,"FOOD CUPBOARD",SNACKS
LFS,177939,0,"FOOD CUPBOARD",SNACKS
LFS,177940,0,"FOOD CUPBOARD",SNACKS
LFS,177941,0,"FOOD CUPBOARD",SNACKS
LFS,177943,0,"FOOD CUPBOARD",SNACKS
LFS,177950,0,"FROZEN FOOD",PORK
LFS,178019,0,"BEVERAGES ALCOHOLIC",WINES
LFS,178042,0,"FOOD CUPBOARD",CONDIMENTS
LFS,178043,0,"FOOD CUPBOARD",CONDIMENTS
LFS,178044,0,"FOOD CUPBOARD",CONDIMENTS
LFS,178045,0,"FOOD CUPBOARD",CONDIMENTS
LFS,178046,0,"FOOD CUPBOARD",CONDIMENTS
LFS,178047,0,"FOOD CUPBOARD",CONDIMENTS
LFS,180175,0,"HOME AND PERSONAL CARE","HOUSEHOLD CLEANERS"
LFS,180185,0,"HOME AND PERSONAL CARE","SKIN CARE"
LFS,180196,0,"FOOD CUPBOARD",SOUKS
LFS,180200,0,"FOOD CUPBOARD",SOUKS
LFS,180203,0,"FRESH DAIRY AND EGGS",Butters
LFS,180205,0,"HOME AND PERSONAL CARE","SKIN CARE"
LFS,180206,0,"HOME AND PERSONAL CARE","HAIR CARE"
LFS,180209,0,"HOME AND PERSONAL CARE","SKIN CARE"
LFS,180210,0,"HOME AND PERSONAL CARE","SKIN CARE"
LFS,180211,0,"HOME AND PERSONAL CARE","SKIN CARE"
LFS,180212,0,"HOME AND PERSONAL CARE","SKIN CARE"
LFS,180213,0,"HOME AND PERSONAL CARE","SKIN CARE"
LFS,180214,0,"HOME AND PERSONAL CARE",FRAGRANCES
LFS,180215,0,"HOME AND PERSONAL CARE",FRAGRANCES
LFS,180216,0,"HOME AND PERSONAL CARE","COLOR COSMETICS"
LFS,180217,0,"HOME AND PERSONAL CARE","COLOR COSMETICS"
LFS,180218,0,"HOME AND PERSONAL CARE","PERSONAL WASH"
LFS,180219,0,"HOME AND PERSONAL CARE","PERSONAL WASH"
LFS,180221,0,"HOME AND PERSONAL CARE","PERSONAL WASH"
LFS,180223,0,"HOME AND PERSONAL CARE","PERSONAL WASH"
LFS,180225,0,"HOME AND PERSONAL CARE","PERSONAL WASH"
LFS,176003,0,"FOOD CUPBOARD","HONEY  JAM AND MARMALADE"
LFS,176004,0,BEVERAGES,"DRINKING POWDERS"
LFS,176010,0,"FOOD CUPBOARD","PASTA AND SPAGHETTI"
LFS,176013,0,"FOOD CUPBOARD",SNACKS
LFS,176015,0,"FOOD CUPBOARD",CONFECTIONERY
LFS,176018,0,"FOOD CUPBOARD",BISCUITS
LFS,176020,0,"FOOD CUPBOARD","SPICES AND HERBS"
LFS,176025,0,"FOOD CUPBOARD","SPREADS AND TOPPING"
LFS,176029,0,BEVERAGES,COFFEE
LFS,176040,0,"FOOD CUPBOARD",BISCUITS
LFS,176041,0,"FOOD CUPBOARD",CONDIMENTS
LFS,176050,0,"FOOD CUPBOARD",BISCUITS
LFS,176054,0,"FOOD CUPBOARD",BISCUITS
LFS,176072,0,"BEVERAGES ALCOHOLIC",WINES
LFS,176073,0,"BEVERAGES ALCOHOLIC",WINES
LFS,176074,0,"BEVERAGES ALCOHOLIC",WINES
LFS,177019,0,"FOOD CUPBOARD",SNACKS
LFS,177020,0,"FOOD CUPBOARD","SPREADS AND TOPPING"
LFS,177023,0,"FOOD CUPBOARD",SNACKS
LFS,17703,0,"HOME AND PERSONAL CARE","SHOE CARE"
LFS,177036,0,"FOOD CUPBOARD","BREAKFAST CEREALS"
LFS,177041,0,"FOOD CUPBOARD",BISCUITS
LFS,177047,0,"FOOD CUPBOARD","CANNED FOOD"
LFS,177048,0,"FOOD CUPBOARD","CANNED FOOD"
LFS,177049,0,"FOOD CUPBOARD","CANNED FOOD"
LFS,177052,0,"FOOD CUPBOARD","CANNED FOOD"
LFS,177053,0,"FOOD CUPBOARD","CANNED FOOD"
LFS,177054,0,"FOOD CUPBOARD","CANNED FOOD"
LFS,178052,0,"FOOD CUPBOARD",CONDIMENTS
LFS,178054,0,"FOOD CUPBOARD",FLOURS
LFS,178057,0,"FOOD CUPBOARD",FLOURS
LFS,178059,0,"FOOD CUPBOARD",FLOURS
LFS,178184,0,"FRESH DAIRY AND EGGS",Yoghurt
LFS,178312,0,BUTCHERY,"FRESH PORK"
LFS,178378,0,"FOOD CUPBOARD","SALT  SUGAR AND JAGGERY"
LFS,17838,0,"HOME AND PERSONAL CARE",FRAGRANCES
LFS,17839,0,"HOME AND PERSONAL CARE",FRAGRANCES
LFS,17841,0,"HOME AND PERSONAL CARE",FRAGRANCES
LFS,178433,0,"FOOD CUPBOARD","NOODLES AND SOUP"
LFS,180227,0,"HOME AND PERSONAL CARE","PERSONAL WASH"
LFS,180232,0,"HOME AND PERSONAL CARE","PERSONAL WASH"
LFS,180235,0,"HOME AND PERSONAL CARE","PERSONAL WASH"
LFS,180240,0,"HOME AND PERSONAL CARE","PERSONAL WASH"
LFS,180241,0,"HOME AND PERSONAL CARE","PERSONAL WASH"
LFS,180242,0,"HOME AND PERSONAL CARE","PERSONAL WASH"
LFS,180243,0,"FRESH DAIRY AND EGGS",cheeses
LFS,180246,0,"FRESH DAIRY AND EGGS",cheeses
LFS,180247,0,"HOME AND PERSONAL CARE","HAIR CARE"
LFS,180248,0,"HOME AND PERSONAL CARE","HAIR CARE"
LFS,180250,0,"HOME AND PERSONAL CARE","HAIR CARE"
LFS,180258,0,"HOME AND PERSONAL CARE","HEALTH AND WELLNESS"
LFS,180314,0,"HOME AND PERSONAL CARE",FRAGRANCES
LFS,180320,0,"BEVERAGES ALCOHOLIC",WINES
LFS,180324,0,"HOME AND PERSONAL CARE","SKIN CARE"
LFS,176076,0,"BEVERAGES ALCOHOLIC",WINES
LFS,176077,0,"BEVERAGES ALCOHOLIC",WINES
LFS,176079,0,"BEVERAGES ALCOHOLIC",WINES
LFS,176088,0,"BEVERAGES ALCOHOLIC",LIQUER
LFS,176188,0,"HOME AND PERSONAL CARE","HEALTH AND WELLNESS"
LFS,176189,0,"HOME AND PERSONAL CARE","HEALTH AND WELLNESS"
LFS,176190,0,"HOME AND PERSONAL CARE","HOUSEHOLD CLEANERS"
LFS,176192,0,"HOME AND PERSONAL CARE","HOUSEHOLD CLEANERS"
LFS,177058,0,"FOOD CUPBOARD","CANNED FOOD"
LFS,177059,0,"FOOD CUPBOARD","CANNED FOOD"
LFS,177061,0,"FOOD CUPBOARD","CANNED FOOD"
LFS,177064,0,"FOOD CUPBOARD",CONFECTIONERY
LFS,177071,0,"FOOD CUPBOARD","SPREADS AND TOPPING"
LFS,177072,0,"FOOD CUPBOARD","SPICES AND HERBS"
LFS,177074,0,"FOOD CUPBOARD",CONDIMENTS
LFS,177094,0,"FOOD CUPBOARD","SPREADS AND TOPPING"
LFS,177095,0,"FOOD CUPBOARD","SPREADS AND TOPPING"
LFS,177097,0,"FOOD CUPBOARD","SPREADS AND TOPPING"
LFS,177098,0,"FOOD CUPBOARD","SPREADS AND TOPPING"
LFS,177112,0,"FOOD CUPBOARD","READY TO EAT"
LFS,177113,0,"FOOD CUPBOARD",FLOURS
LFS,178435,0,"FOOD CUPBOARD","NOODLES AND SOUP"
LFS,178495,0,"FOOD CUPBOARD","NOODLES AND SOUP"
LFS,178497,0,"FOOD CUPBOARD","NOODLES AND SOUP"
LFS,17851,0,BEVERAGES,DRINKS
LFS,178512,0,"FOOD CUPBOARD","NOODLES AND SOUP"
LFS,178515,0,"FOOD CUPBOARD","NOODLES AND SOUP"
LFS,178518,0,"FOOD CUPBOARD","NOODLES AND SOUP"
LFS,178521,0,"FOOD CUPBOARD","NOODLES AND SOUP"
LFS,178522,0,"FOOD CUPBOARD","NOODLES AND SOUP"
LFS,178524,0,"FOOD CUPBOARD","NOODLES AND SOUP"
LFS,178528,0,"FOOD CUPBOARD","SPICES AND HERBS"
LFS,178529,0,"FOOD CUPBOARD","SPICES AND HERBS"
LFS,178531,0,"FOOD CUPBOARD","SPICES AND HERBS"
LFS,180362,0,BEVERAGES,JUICE
LFS,180377,0,"BEVERAGES ALCOHOLIC","SPARKLING WINES"
LFS,180378,0,"BEVERAGES ALCOHOLIC","SPARKLING WINES"
LFS,180381,0,"BEVERAGES ALCOHOLIC",WHISKEY
LFS,180386,0,"BEVERAGES ALCOHOLIC","VODKA BOTTLES"
LFS,180387,0,"BEVERAGES ALCOHOLIC","VODKA BOTTLES"
LFS,18047,0,"FOOD CUPBOARD","NOODLES AND SOUP"
LFS,18049,0,"FOOD CUPBOARD","NOODLES AND SOUP"
LFS,180490,0,"BEVERAGES ALCOHOLIC",WHISKEY
LFS,180492,0,"BEVERAGES ALCOHOLIC",WHISKEY
LFS,180513,0,BEVERAGES,DRINKS
LFS,176209,0,"HOME AND PERSONAL CARE","HAIR CARE"
LFS,176213,0,"HOME AND PERSONAL CARE","HAIR CARE"
LFS,176214,0,"HOME AND PERSONAL CARE","HAIR CARE"
LFS,176215,0,"HOME AND PERSONAL CARE","HAIR CARE"
LFS,176216,0,"HOME AND PERSONAL CARE","HAIR CARE"
LFS,176217,0,"HOME AND PERSONAL CARE","HAIR CARE"
LFS,176218,0,"HOME AND PERSONAL CARE","HAIR CARE"
LFS,176220,0,"HOME AND PERSONAL CARE","HAIR CARE"
LFS,176221,0,"HOME AND PERSONAL CARE","HAIR CARE"
LFS,176237,0,"FOOD CUPBOARD",SNACKS
LFS,176250,0,"FOOD CUPBOARD",CONFECTIONERY
LFS,176255,0,"HOME AND PERSONAL CARE","LAUNDRY CARE"
LFS,176256,0,"HOME AND PERSONAL CARE","LAUNDRY CARE"
LFS,176257,0,"HOME AND PERSONAL CARE","LAUNDRY CARE"
LFS,177131,0,"FOOD CUPBOARD","BAKING INGREDIENTS"
LFS,177138,0,"HOME AND PERSONAL CARE",DISPOSABLE
LFS,177139,0,"FOOD CUPBOARD","SPREADS AND TOPPING"
LFS,177145,0,"HOME AND PERSONAL CARE","HOUSEHOLD CLEANERS"
LFS,177147,0,"HOME AND PERSONAL CARE","HOUSEHOLD CLEANERS"
LFS,177149,0,"HOME AND PERSONAL CARE","HOUSEHOLD CLEANERS"
LFS,177153,0,"HOME AND PERSONAL CARE","HOUSEHOLD CLEANERS"
LFS,177158,0,"HOME AND PERSONAL CARE","HOUSEHOLD CLEANERS"
LFS,177159,0,"HOME AND PERSONAL CARE","HOUSEHOLD CLEANERS"
LFS,177160,0,BEVERAGES,COFFEE
LFS,178532,0,"FOOD CUPBOARD","SPICES AND HERBS"
LFS,178534,0,"FOOD CUPBOARD","SPICES AND HERBS"
LFS,178537,0,"HOME AND PERSONAL CARE","INFANT AND BABY CARE"
LFS,178540,0,"HOME AND PERSONAL CARE","PERSONAL WASH"
LFS,178542,0,"HOME AND PERSONAL CARE","PERSONAL WASH"
LFS,178544,0,"HOME AND PERSONAL CARE","INFANT AND BABY CARE"
LFS,178546,0,"HOME AND PERSONAL CARE","MENS GROOMING"
LFS,178548,0,"FOOD CUPBOARD","NOODLES AND SOUP"
LFS,178550,0,"FOOD CUPBOARD","NOODLES AND SOUP"
LFS,178552,0,"HOME AND PERSONAL CARE",DISPOSABLE
LFS,178554,0,"HOME AND PERSONAL CARE",DISPOSABLE
LFS,178559,0,"HOME AND PERSONAL CARE","INFANT AND BABY CARE"
LFS,17856,0,"BEVERAGES ALCOHOLIC",WINES
LFS,178561,0,"HOME AND PERSONAL CARE","INFANT AND BABY CARE"
LFS,178562,0,"FOOD CUPBOARD","NOODLES AND SOUP"
LFS,178565,0,"HOME AND PERSONAL CARE","INFANT AND BABY CARE"
LFS,178568,0,"FOOD CUPBOARD","SPREADS AND TOPPING"
LFS,178575,0,"FOOD CUPBOARD","SPREADS AND TOPPING"
LFS,180523,0,"FOOD CUPBOARD",CONFECTIONERY
LFS,180530,0,"FOOD CUPBOARD",BISCUITS
LFS,180535,0,"FOOD CUPBOARD",SNACKS
LFS,180538,0,"FOOD CUPBOARD",SNACKS
LFS,180539,0,"FOOD CUPBOARD",SNACKS
LFS,180540,0,"FOOD CUPBOARD",SNACKS
LFS,180541,0,"FOOD CUPBOARD",SNACKS
LFS,180542,0,"FOOD CUPBOARD",SNACKS
LFS,180543,0,"FOOD CUPBOARD",SNACKS
LFS,180545,0,"FOOD CUPBOARD",SNACKS
LFS,180546,0,"FOOD CUPBOARD",SNACKS
LFS,180547,0,"FOOD CUPBOARD","BREAKFAST CEREALS"
LFS,180549,0,"FOOD CUPBOARD",SNACKS
LFS,176267,0,"HOME AND PERSONAL CARE","LAUNDRY CARE"
LFS,176283,0,"FOOD CUPBOARD","BREAKFAST CEREALS"
LFS,176285,0,"FOOD CUPBOARD","NOODLES AND SOUP"
LFS,176286,0,"FOOD CUPBOARD","NOODLES AND SOUP"
LFS,176287,0,"FOOD CUPBOARD","NOODLES AND SOUP"
LFS,176289,0,"FOOD CUPBOARD","SPICES AND HERBS"
LFS,176292,0,"FOOD CUPBOARD","SPREADS AND TOPPING"
LFS,176303,0,"FOOD CUPBOARD","SPREADS AND TOPPING"
LFS,176307,0,"FOOD CUPBOARD","BAKING INGREDIENTS"
LFS,176318,0,"HOME AND PERSONAL CARE",DISPOSABLE
LFS,177161,0,BEVERAGES,COFFEE
LFS,177162,0,BEVERAGES,COFFEE
LFS,177164,0,BEVERAGES,COFFEE
LFS,177168,0,BEVERAGES,COFFEE
LFS,177179,0,"FOOD CUPBOARD","SPREADS AND TOPPING"
LFS,177181,0,"FOOD CUPBOARD","NOODLES AND SOUP"
LFS,177182,0,"FOOD CUPBOARD","NOODLES AND SOUP"
LFS,177183,0,"FOOD CUPBOARD","NOODLES AND SOUP"
LFS,177184,0,"FOOD CUPBOARD","NOODLES AND SOUP"
LFS,177185,0,"FOOD CUPBOARD","NOODLES AND SOUP"
LFS,177186,0,"FOOD CUPBOARD","PASTA AND SPAGHETTI"
LFS,177187,0,"FOOD CUPBOARD","NOODLES AND SOUP"
LFS,177188,0,"FOOD CUPBOARD","NOODLES AND SOUP"
LFS,177190,0,"FOOD CUPBOARD","HONEY  JAM AND MARMALADE"
LFS,178578,0,"FOOD CUPBOARD","RAW RICE"
LFS,178588,0,"FOOD CUPBOARD","RAW RICE"
LFS,178590,0,"FOOD CUPBOARD","RAW RICE"
LFS,178594,0,"FOOD CUPBOARD","RAW RICE"
LFS,178595,0,"FOOD CUPBOARD","RAW RICE"
LFS,178597,0,"FOOD CUPBOARD","RAW RICE"
LFS,178598,0,"FOOD CUPBOARD","RAW RICE"
LFS,178599,0,"FOOD CUPBOARD","RAW RICE"
LFS,178600,0,"FOOD CUPBOARD","RAW RICE"
LFS,178604,0,"HOME AND PERSONAL CARE","FEMININE CARE"
LFS,178606,0,"HOME AND PERSONAL CARE","FEMININE CARE"
LFS,178607,0,"HOME AND PERSONAL CARE","FEMININE CARE"
LFS,178608,0,"HOME AND PERSONAL CARE","FEMININE CARE"
LFS,178609,0,"BEVERAGES ALCOHOLIC",WINES
LFS,178610,0,"BEVERAGES ALCOHOLIC",WINES
LFS,178661,0,"BEVERAGES ALCOHOLIC",WINES
LFS,178664,0,"BEVERAGES ALCOHOLIC",WINES
LFS,178667,0,"BEVERAGES ALCOHOLIC",WINES
LFS,178749,0,"FOOD CUPBOARD","SPICES AND HERBS"
LFS,180550,0,"FOOD CUPBOARD",SNACKS
LFS,180551,0,"FOOD CUPBOARD",SNACKS
LFS,180554,0,"FOOD CUPBOARD","CANNED FOOD"
LFS,180555,0,"FOOD CUPBOARD",SNACKS
LFS,180556,0,"FOOD CUPBOARD",CONDIMENTS
LFS,180561,0,"FOOD CUPBOARD","NOODLES AND SOUP"
LFS,180566,0,"FOOD CUPBOARD",CONFECTIONERY
LFS,180568,0,"FOOD CUPBOARD",SNACKS
LFS,180569,0,"FOOD CUPBOARD",SNACKS
LFS,180570,0,"FOOD CUPBOARD",SNACKS
LFS,180571,0,"FOOD CUPBOARD",SNACKS
LFS,176352,0,"HOME AND PERSONAL CARE",DISPOSABLE
LFS,176357,0,"FOOD CUPBOARD",CONDIMENTS
LFS,176366,0,"FOOD CUPBOARD","BREAKFAST CEREALS"
LFS,176372,0,"FOOD CUPBOARD","BAKING INGREDIENTS"
LFS,176451,0,"FOOD CUPBOARD",CONDIMENTS
LFS,177192,0,"HOME AND PERSONAL CARE","PET CARE"
LFS,177193,0,"HOME AND PERSONAL CARE","PET CARE"
LFS,177194,0,"HOME AND PERSONAL CARE","PET CARE"
LFS,177199,0,"HOME AND PERSONAL CARE","PET CARE"
LFS,177203,0,"HOME AND PERSONAL CARE","PERSONAL WASH"
LFS,177204,0,"HOME AND PERSONAL CARE","ORAL CARE"
LFS,177205,0,"FOOD CUPBOARD",SNACKS
LFS,177208,0,"FOOD CUPBOARD","NOODLES AND SOUP"
LFS,177218,0,"FOOD CUPBOARD","SPICES AND HERBS"
LFS,177221,0,"FOOD CUPBOARD","SPICES AND HERBS"
LFS,177224,0,"FOOD CUPBOARD","SPICES AND HERBS"
LFS,177228,0,"FOOD CUPBOARD","CANNED FOOD"
LFS,177230,0,"FOOD CUPBOARD",CONDIMENTS
LFS,195809,0,"HOME AND PERSONAL CARE","PERSONAL WASH"
LFS,195810,0,"HOME AND PERSONAL CARE","PERSONAL WASH"
LFS,195813,0,"HOME AND PERSONAL CARE","PERSONAL WASH"
LFS,195814,0,"HOME AND PERSONAL CARE","PERSONAL WASH"
LFS,195822,0,"FOOD CUPBOARD","RAW RICE"
LFS,195831,0,"FOOD CUPBOARD","RAW RICE"
LFS,195834,0,"FOOD CUPBOARD","GRAINS AND PULSES"
LFS,195845,0,"FOOD CUPBOARD","GRAINS AND PULSES"
LFS,195848,0,"FOOD CUPBOARD","SPREADS AND TOPPING"
LFS,192136,0,"BEVERAGES ALCOHOLIC","CAN BEER"
LFS,192137,0,BEVERAGES,DRINKS
LFS,192138,0,"BEVERAGES ALCOHOLIC","CAN BEER"
LFS,192141,0,"BEVERAGES ALCOHOLIC","CAN BEER"
LFS,192145,0,"BEVERAGES ALCOHOLIC","CAN BEER"
LFS,192147,0,BEVERAGES,DRINKS
LFS,192154,0,BEVERAGES,JUICE
LFS,192157,0,BEVERAGES,JUICE
LFS,192158,0,BEVERAGES,JUICE
LFS,192159,0,BEVERAGES,DRINKS
LFS,192160,0,BEVERAGES,JUICE
LFS,192161,0,BEVERAGES,JUICE
LFS,192165,0,"FOOD CUPBOARD",CONFECTIONERY
LFS,192167,0,"FOOD CUPBOARD",CONFECTIONERY
LFS,192174,0,"FOOD CUPBOARD",CONFECTIONERY
LFS,192177,0,"FOOD CUPBOARD",CONFECTIONERY
LFS,192180,0,"FOOD CUPBOARD",CONFECTIONERY
LFS,192184,0,"FOOD CUPBOARD",CONFECTIONERY
LFS,192185,0,"FOOD CUPBOARD",CONFECTIONERY
LFS,192186,0,"FOOD CUPBOARD",CONFECTIONERY
LFS,192193,0,"FOOD CUPBOARD",CONFECTIONERY
LFS,194463,0,"FOOD CUPBOARD","SPREADS AND TOPPING"
LFS,194464,0,"FOOD CUPBOARD",BISCUITS
LFS,194468,0,"FOOD CUPBOARD",CONFECTIONERY
LFS,194469,0,"FOOD CUPBOARD",CONFECTIONERY
LFS,194477,0,BEVERAGES,"MINERAL WATER"
LFS,194478,0,BEVERAGES,"MINERAL WATER"
LFS,195189,0,"BEVERAGES ALCOHOLIC",WINES
LFS,195190,0,"FOOD CUPBOARD","SPICES AND HERBS"
LFS,195192,0,"FOOD CUPBOARD",CONFECTIONERY
LFS,195193,0,"FOOD CUPBOARD","SPICES AND HERBS"
LFS,195194,0,"FOOD CUPBOARD","SPICES AND HERBS"
LFS,195195,0,"FOOD CUPBOARD","SPICES AND HERBS"
LFS,195196,0,"BEVERAGES ALCOHOLIC","SPARKLING WINES"
LFS,195198,0,"FOOD CUPBOARD",CONFECTIONERY
LFS,195200,0,"FOOD CUPBOARD","BAKING INGREDIENTS"
LFS,195201,0,"FOOD CUPBOARD","BAKING INGREDIENTS"
LFS,195203,0,"FOOD CUPBOARD",CONDIMENTS
LFS,195204,0,"FOOD CUPBOARD",CONFECTIONERY
LFS,195205,0,"FOOD CUPBOARD",CONDIMENTS
LFS,195206,0,"BEVERAGES ALCOHOLIC",WINES
LFS,195207,0,"FOOD CUPBOARD","INSTANT MIX"
LFS,195211,0,"FOOD CUPBOARD",CONDIMENTS
LFS,195213,0,"FOOD CUPBOARD",CONFECTIONERY
LFS,195852,0,"FOOD CUPBOARD",CONFECTIONERY
LFS,195860,0,"FOOD CUPBOARD",CONFECTIONERY
LFS,195861,0,"FOOD CUPBOARD",CONFECTIONERY
LFS,195862,0,"FOOD CUPBOARD",CONFECTIONERY
LFS,195863,0,"FOOD CUPBOARD",CONFECTIONERY
LFS,195864,0,"FOOD CUPBOARD",CONFECTIONERY
LFS,195866,0,"FOOD CUPBOARD",CONFECTIONERY
LFS,195867,0,"FOOD CUPBOARD",CONFECTIONERY
LFS,195868,0,"FOOD CUPBOARD",CONFECTIONERY
LFS,195870,0,"FOOD CUPBOARD",CONFECTIONERY
LFS,195871,0,"FOOD CUPBOARD",CONFECTIONERY
LFS,195872,0,"FOOD CUPBOARD",CONFECTIONERY
LFS,195873,0,"FOOD CUPBOARD",CONFECTIONERY
LFS,195891,0,BEVERAGES,DRINKS
LFS,195892,0,BEVERAGES,DRINKS
LFS,195896,0,BEVERAGES,JUICE
LFS,195898,0,"FOOD CUPBOARD",FLOURS
LFS,192198,0,BEVERAGES,JUICE
LFS,192200,0,BEVERAGES,JUICE
LFS,192201,0,BEVERAGES,JUICE
LFS,192202,0,"FOOD CUPBOARD",CONFECTIONERY
LFS,192215,0,"FOOD CUPBOARD",CONFECTIONERY
LFS,192216,0,"FOOD CUPBOARD",CONFECTIONERY
LFS,192217,0,"FOOD CUPBOARD",CONFECTIONERY
LFS,192218,0,"FOOD CUPBOARD",CONFECTIONERY
LFS,192249,0,"FOOD CUPBOARD",CONFECTIONERY
LFS,192251,0,"FOOD CUPBOARD",CONFECTIONERY
LFS,192260,0,"FOOD CUPBOARD",SAVOURIES
LFS,192264,0,"FOOD CUPBOARD",SAVOURIES
LFS,192265,0,"FOOD CUPBOARD",SAVOURIES
LFS,192267,0,"FOOD CUPBOARD",SAVOURIES
LFS,192269,0,"FOOD CUPBOARD",SAVOURIES
LFS,192270,0,"FOOD CUPBOARD",SAVOURIES
LFS,192272,0,"FOOD CUPBOARD",SAVOURIES
LFS,192303,0,BEVERAGES,DRINKS
LFS,192314,0,"HOME AND PERSONAL CARE","HAIR CARE"
LFS,192349,0,"FOOD CUPBOARD",CONFECTIONERY
LFS,192534,0,"FOOD CUPBOARD",CONDIMENTS
LFS,194496,0,"HOME AND PERSONAL CARE","LAUNDRY CARE"
LFS,194498,0,"HOME AND PERSONAL CARE","LAUNDRY CARE"
LFS,194505,0,"HOME AND PERSONAL CARE","LAUNDRY CARE"
LFS,194511,0,"FOOD CUPBOARD","NOODLES AND SOUP"
LFS,194512,0,"HOME AND PERSONAL CARE","HEALTH AND WELLNESS"
LFS,194514,0,"HOME AND PERSONAL CARE","HOUSEHOLD CLEANERS"
LFS,194515,0,"HOME AND PERSONAL CARE",DISPOSABLE
LFS,194516,0,"FOOD CUPBOARD",CONFECTIONERY
LFS,195215,0,"FOOD CUPBOARD","MILK AND CREAMERS"
LFS,195216,0,"FOOD CUPBOARD","SPICES AND HERBS"
LFS,195217,0,"BEVERAGES ALCOHOLIC",WINES
LFS,195218,0,"FOOD CUPBOARD","INSTANT MIX"
LFS,195219,0,"FOOD CUPBOARD","GRAINS AND PULSES"
LFS,195221,0,"FOOD CUPBOARD","GRAINS AND PULSES"
LFS,195222,0,"FOOD CUPBOARD","GRAINS AND PULSES"
LFS,195223,0,"FOOD CUPBOARD",CONDIMENTS
LFS,195225,0,"FOOD CUPBOARD","SPICES AND HERBS"
LFS,195226,0,"FOOD CUPBOARD",CONDIMENTS
LFS,195228,0,"FOOD CUPBOARD","SPICES AND HERBS"
LFS,195229,0,"FOOD CUPBOARD",CONFECTIONERY
LFS,195230,0,"FOOD CUPBOARD","SPICES AND HERBS"
LFS,195234,0,"FOOD CUPBOARD","SPICES AND HERBS"
LFS,195236,0,"FOOD CUPBOARD","SPICES AND HERBS"
LFS,195239,0,"FOOD CUPBOARD",CONDIMENTS
LFS,195240,0,"FOOD CUPBOARD","SPICES AND HERBS"
LFS,195242,0,"FOOD CUPBOARD",CONFECTIONERY
LFS,195922,0,"FOOD CUPBOARD",CONDIMENTS
LFS,195934,0,"FOOD CUPBOARD","INSTANT MIX"
LFS,195985,0,"FOOD CUPBOARD","RAW RICE"
LFS,195990,0,"FRESH DAIRY AND EGGS",DELI
LFS,195994,0,"FRESH DAIRY AND EGGS",cheeses
LFS,195995,0,"FRESH DAIRY AND EGGS",DELI
LFS,195996,0,"FRESH DAIRY AND EGGS",DELI
LFS,195998,0,"FRESH DAIRY AND EGGS",cheeses
LFS,196000,0,"FOOD CUPBOARD",CONFECTIONERY
LFS,196041,0,"FRESH DAIRY AND EGGS",cheeses
LFS,196042,0,"FRESH DAIRY AND EGGS",cheeses
LFS,192650,0,"FOOD CUPBOARD","FROZEN ITEMS"
LFS,192652,0,"FROZEN FOOD",ICE-CREAM
LFS,192913,0,BAKERY,BREADS
LFS,192914,0,BAKERY,BREADS
LFS,192915,0,BAKERY,BREADS
LFS,192926,0,"FROZEN FOOD","CHICKEN FRANKS"
LFS,192947,0,"FOOD CUPBOARD",SNACKS
LFS,192948,0,"FOOD CUPBOARD",SNACKS
LFS,192950,0,"FOOD CUPBOARD",SNACKS
LFS,192951,0,"FOOD CUPBOARD",SNACKS
LFS,192952,0,"FOOD CUPBOARD",SNACKS
LFS,193017,0,"HOME AND PERSONAL CARE","SKIN CARE"
LFS,193020,0,"FOOD CUPBOARD",SNACKS
LFS,193021,0,"FOOD CUPBOARD","SPREADS AND TOPPING"
LFS,193022,0,"FOOD CUPBOARD",SNACKS
LFS,194524,0,BEVERAGES,DRINKS
LFS,194525,0,BEVERAGES,DRINKS
LFS,194526,0,BEVERAGES,DRINKS
LFS,194528,0,BEVERAGES,DRINKS
LFS,194529,0,BEVERAGES,DRINKS
LFS,194532,0,"HOME AND PERSONAL CARE",DISPOSABLE
LFS,194533,0,"HOME AND PERSONAL CARE",DISPOSABLE
LFS,194537,0,"HOME AND PERSONAL CARE",DISPOSABLE
LFS,194539,0,"HOME AND PERSONAL CARE",DISPOSABLE
LFS,194540,0,"FOOD CUPBOARD",CONFECTIONERY
LFS,194541,0,"FOOD CUPBOARD",CONFECTIONERY
LFS,194542,0,"FOOD CUPBOARD",SAVOURIES
LFS,194543,0,"HOME AND PERSONAL CARE",DISPOSABLE
LFS,194544,0,"HOME AND PERSONAL CARE",DISPOSABLE
LFS,195244,0,"FOOD CUPBOARD","SPICES AND HERBS"
LFS,195245,0,"FOOD CUPBOARD",CONDIMENTS
LFS,195248,0,"FOOD CUPBOARD","SPICES AND HERBS"
LFS,195249,0,"BEVERAGES ALCOHOLIC",WINES
LFS,195250,0,"FOOD CUPBOARD",CONFECTIONERY
LFS,195251,0,"FOOD CUPBOARD","SPICES AND HERBS"
LFS,195252,0,"FOOD CUPBOARD","SPICES AND HERBS"
LFS,195254,0,"FOOD CUPBOARD",CONFECTIONERY
LFS,195255,0,"FOOD CUPBOARD","GRAINS AND PULSES"
LFS,195256,0,"BEVERAGES ALCOHOLIC","SPARKLING WINES"
LFS,195257,0,"FOOD CUPBOARD","INSTANT MIX"
LFS,195259,0,"FOOD CUPBOARD",CONFECTIONERY
LFS,195260,0,"FOOD CUPBOARD","SPICES AND HERBS"
LFS,195262,0,"FOOD CUPBOARD",CONDIMENTS
LFS,195263,0,"FOOD CUPBOARD",CONFECTIONERY
LFS,195264,0,"FOOD CUPBOARD","SPICES AND HERBS"
LFS,195265,0,"FOOD CUPBOARD","SPICES AND HERBS"
LFS,195266,0,"BEVERAGES ALCOHOLIC",WINES
LFS,195267,0,"FOOD CUPBOARD","SPICES AND HERBS"
LFS,195268,0,"FOOD CUPBOARD","SPICES AND HERBS"
LFS,191452,0,BEVERAGES,COFFEE
LFS,191453,0,"FOOD CUPBOARD","CANNED FOOD"
LFS,191456,0,"FOOD CUPBOARD",SAVOURIES
LFS,191459,0,"FOOD CUPBOARD",SNACKS
LFS,191464,0,"FOOD CUPBOARD","HONEY  JAM AND MARMALADE"
LFS,191465,0,"FOOD CUPBOARD","RAW RICE"
LFS,191466,0,"FOOD CUPBOARD","HONEY  JAM AND MARMALADE"
LFS,191468,0,BEVERAGES,COFFEE
LFS,191471,0,"FOOD CUPBOARD",CONDIMENTS
LFS,191473,0,"FOOD CUPBOARD","NOODLES AND SOUP"
LFS,191475,0,"FOOD CUPBOARD","DRYFRUITS AND NUTS"
LFS,191484,0,"FOOD CUPBOARD",CONDIMENTS
LFS,191485,0,BEVERAGES,JUICE
LFS,191486,0,"FOOD CUPBOARD",SAVOURIES
LFS,193032,0,"FOOD CUPBOARD","CANNED FOOD"
LFS,193059,0,"FRESH DAIRY AND EGGS",Yoghurt
LFS,193060,0,"FRESH DAIRY AND EGGS",Yoghurt
LFS,193070,0,"FOOD CUPBOARD",SAVOURIES
LFS,193071,0,"FOOD CUPBOARD",SAVOURIES
LFS,193072,0,"FOOD CUPBOARD",SAVOURIES
LFS,193076,0,"FOOD CUPBOARD",SAVOURIES
LFS,193077,0,"FOOD CUPBOARD",SAVOURIES
LFS,193078,0,"FOOD CUPBOARD",SAVOURIES
LFS,193079,0,"FOOD CUPBOARD",SAVOURIES
LFS,194554,0,"HOME AND PERSONAL CARE",DISPOSABLE
LFS,194564,0,"HOME AND PERSONAL CARE","FEMININE CARE"
LFS,194565,0,"HOME AND PERSONAL CARE","FEMININE CARE"
LFS,194570,0,"FRESH DAIRY AND EGGS",Yoghurt
LFS,194575,0,"FOOD CUPBOARD","MILK AND CREAMERS"
LFS,194576,0,"HOME AND PERSONAL CARE",DISPOSABLE
LFS,195270,0,"FOOD CUPBOARD","SPICES AND HERBS"
LFS,195271,0,"FOOD CUPBOARD",CONDIMENTS
LFS,195272,0,"FOOD CUPBOARD",CONDIMENTS
LFS,195273,0,"FOOD CUPBOARD",CONDIMENTS
LFS,195274,0,"FOOD CUPBOARD","SPICES AND HERBS"
LFS,195277,0,"FOOD CUPBOARD","BAKING INGREDIENTS"
LFS,195278,0,"FOOD CUPBOARD","SPICES AND HERBS"
LFS,195279,0,"FOOD CUPBOARD","SPICES AND HERBS"
LFS,195282,0,"FOOD CUPBOARD",CONDIMENTS
LFS,195283,0,"FOOD CUPBOARD","SPICES AND HERBS"
LFS,195285,0,"FOOD CUPBOARD",CONDIMENTS
LFS,195287,0,"FOOD CUPBOARD",CONDIMENTS
LFS,195288,0,"FOOD CUPBOARD",CONFECTIONERY
LFS,195289,0,"FOOD CUPBOARD","SPICES AND HERBS"
LFS,195294,0,"FOOD CUPBOARD",CONDIMENTS
LFS,191488,0,BEVERAGES,JUICE
LFS,191489,0,"FOOD CUPBOARD",SAVOURIES
LFS,191490,0,"FOOD CUPBOARD","READY TO EAT"
LFS,191492,0,"FOOD CUPBOARD",BISCUITS
LFS,191493,0,"FOOD CUPBOARD",SAVOURIES
LFS,191494,0,"FOOD CUPBOARD","DRYFRUITS AND NUTS"
LFS,191496,0,"FOOD CUPBOARD",CONDIMENTS
LFS,191499,0,"FOOD CUPBOARD",FLOURS
LFS,191501,0,"FOOD CUPBOARD",FLOURS
LFS,191506,0,"FOOD CUPBOARD","DRYFRUITS AND NUTS"
LFS,191509,0,"FOOD CUPBOARD",FLOURS
LFS,191511,0,"FOOD CUPBOARD","CANNED FOOD"
LFS,191512,0,"FOOD CUPBOARD",CONDIMENTS
LFS,191513,0,"FOOD CUPBOARD","DRYFRUITS AND NUTS"
LFS,191514,0,"FOOD CUPBOARD","RAW RICE"
LFS,193088,0,"HOME AND PERSONAL CARE","LAUNDRY CARE"
LFS,193093,0,"FOOD CUPBOARD","HONEY  JAM AND MARMALADE"
LFS,193094,0,"FOOD CUPBOARD","HONEY  JAM AND MARMALADE"
LFS,193104,0,"FRUITS- IMPORT",VEGETABLES.
LFS,193109,0,"HOME AND PERSONAL CARE","LAUNDRY CARE"
LFS,193111,0,"HOME AND PERSONAL CARE","LAUNDRY CARE"
LFS,193117,0,"HOME AND PERSONAL CARE","HOUSEHOLD CLEANERS"
LFS,193121,0,"HOME AND PERSONAL CARE","LAUNDRY CARE"
LFS,193123,0,"HOME AND PERSONAL CARE","HOUSEHOLD CLEANERS"
LFS,193125,0,"HOME AND PERSONAL CARE","HOUSEHOLD CLEANERS"
LFS,193148,0,"HOME AND PERSONAL CARE","PET CARE"
LFS,194581,0,"FOOD CUPBOARD",CONDIMENTS
LFS,194582,0,"FOOD CUPBOARD",CONFECTIONERY
LFS,194586,0,"FOOD CUPBOARD",CONFECTIONERY
LFS,194588,0,"FOOD CUPBOARD",CONFECTIONERY
LFS,194590,0,"FOOD CUPBOARD",CONFECTIONERY
LFS,194591,0,BEVERAGES,DRINKS
LFS,194594,0,"FOOD CUPBOARD",BISCUITS
LFS,194597,0,"FOOD CUPBOARD",CONDIMENTS
LFS,194598,0,"FOOD CUPBOARD",CONDIMENTS
LFS,194599,0,"FOOD CUPBOARD",CONDIMENTS
LFS,194601,0,"HOME AND PERSONAL CARE",DISPOSABLE
LFS,194602,0,"HOME AND PERSONAL CARE",DISPOSABLE
LFS,194603,0,"HOME AND PERSONAL CARE",DISPOSABLE
LFS,195301,0,"FOOD CUPBOARD","INSTANT MIX"
LFS,195304,0,"FOOD CUPBOARD","BAKING INGREDIENTS"
LFS,195308,0,"FOOD CUPBOARD","BAKING INGREDIENTS"
LFS,195315,0,"FOOD CUPBOARD","BAKING INGREDIENTS"
LFS,195316,0,"BEVERAGES ALCOHOLIC",WINES
LFS,195318,0,"FOOD CUPBOARD","BAKING INGREDIENTS"
LFS,195325,0,"FOOD CUPBOARD",CONDIMENTS
LFS,191516,0,"FOOD CUPBOARD",SAVOURIES
LFS,191518,0,"FOOD CUPBOARD",CONFECTIONERY
LFS,191519,0,"FOOD CUPBOARD","PASTA AND SPAGHETTI"
LFS,191523,0,"FOOD CUPBOARD","DRYFRUITS AND NUTS"
LFS,191525,0,"FOOD CUPBOARD",CONDIMENTS
LFS,191526,0,"FOOD CUPBOARD",SAVOURIES
LFS,191528,0,"FOOD CUPBOARD","INSTANT MIX"
LFS,191529,0,"FOOD CUPBOARD","INSTANT MIX"
LFS,191530,0,"FOOD CUPBOARD","INSTANT MIX"
LFS,191531,0,"FOOD CUPBOARD","INSTANT MIX"
LFS,191532,0,"FOOD CUPBOARD","CANNED FOOD"
LFS,191534,0,"FOOD CUPBOARD","DRYFRUITS AND NUTS"
LFS,191541,0,"FOOD CUPBOARD",CONDIMENTS
LFS,191542,0,"FOOD CUPBOARD","PASTA AND SPAGHETTI"
LFS,191543,0,"FOOD CUPBOARD","DRYFRUITS AND NUTS"
LFS,191544,0,"FOOD CUPBOARD","PASTA AND SPAGHETTI"
LFS,191545,0,"FOOD CUPBOARD","CANNED FOOD"
LFS,191546,0,BEVERAGES,DRINKS
LFS,193167,0,"FOOD CUPBOARD",CONFECTIONERY
LFS,193169,0,"FOOD CUPBOARD",CONFECTIONERY
LFS,193170,0,BEVERAGES,DRINKS
LFS,193171,0,BEVERAGES,DRINKS
LFS,193173,0,BEVERAGES,DRINKS
LFS,193174,0,BEVERAGES,DRINKS
LFS,193176,0,"FOOD CUPBOARD",CONFECTIONERY
LFS,193190,0,"FOOD CUPBOARD",CONFECTIONERY
LFS,193191,0,"FOOD CUPBOARD",CONFECTIONERY
LFS,193192,0,"FOOD CUPBOARD",CONFECTIONERY
LFS,194607,0,"FOOD CUPBOARD",CONDIMENTS
LFS,194609,0,"HOME AND PERSONAL CARE",DISPOSABLE
LFS,194611,0,"FOOD CUPBOARD",SAVOURIES
LFS,194612,0,"HOME AND PERSONAL CARE",DISPOSABLE
LFS,194614,0,"FOOD CUPBOARD","FROZEN ITEMS"
LFS,194615,0,"FOOD CUPBOARD","MILK AND CREAMERS"
LFS,194616,0,"FOOD CUPBOARD",CONFECTIONERY
LFS,194617,0,"FRESH DAIRY AND EGGS",cheeses
LFS,194662,0,"HOME AND PERSONAL CARE","HOUSEHOLD CLEANERS"
LFS,195332,0,"FOOD CUPBOARD",SNACKS
LFS,195336,0,"FOOD CUPBOARD",CONDIMENTS
LFS,195338,0,"BEVERAGES ALCOHOLIC",WINES
LFS,195339,0,"BEVERAGES ALCOHOLIC",WINES
LFS,195340,0,"FOOD CUPBOARD","MILK AND CREAMERS"
LFS,195341,0,"BEVERAGES ALCOHOLIC",WINES
LFS,195342,0,"FOOD CUPBOARD","MILK AND CREAMERS"
LFS,195343,0,"BEVERAGES ALCOHOLIC",WINES
LFS,195346,0,"BEVERAGES ALCOHOLIC",WINES
LFS,195347,0,"FOOD CUPBOARD",CONDIMENTS
LFS,195348,0,"BEVERAGES ALCOHOLIC",WINES
LFS,195349,0,"BEVERAGES ALCOHOLIC",WINES
LFS,195350,0,"FOOD CUPBOARD",CONDIMENTS
LFS,195351,0,"BEVERAGES ALCOHOLIC",WINES
LFS,191548,0,"FOOD CUPBOARD","SPICES AND HERBS"
LFS,191549,0,"FOOD CUPBOARD","INSTANT MIX"
LFS,191550,0,"FOOD CUPBOARD","CANNED FOOD"
LFS,191551,0,"FOOD CUPBOARD",CONDIMENTS
LFS,191552,0,"FOOD CUPBOARD",CONDIMENTS
LFS,191554,0,"FOOD CUPBOARD",BISCUITS
LFS,191555,0,"FOOD CUPBOARD",CONFECTIONERY
LFS,191556,0,"FOOD CUPBOARD","NOODLES AND SOUP"
LFS,191561,0,"FOOD CUPBOARD",CONDIMENTS
LFS,191563,0,"FOOD CUPBOARD",CONDIMENTS
LFS,191564,0,"FOOD CUPBOARD","DRYFRUITS AND NUTS"
LFS,191566,0,"FOOD CUPBOARD",CONDIMENTS
LFS,191567,0,"FOOD CUPBOARD","MILK AND CREAMERS"
LFS,191568,0,"FOOD CUPBOARD","SALT  SUGAR AND JAGGERY"
LFS,191571,0,"FOOD CUPBOARD",CONDIMENTS
LFS,191573,0,"FOOD CUPBOARD","RAW RICE"
LFS,191574,0,BEVERAGES,COFFEE
LFS,193197,0,"FOOD CUPBOARD",CONFECTIONERY
LFS,193200,0,"FOOD CUPBOARD",CONFECTIONERY
LFS,193208,0,"HOME AND PERSONAL CARE","MENS GROOMING"
LFS,19321,0,"BEVERAGES ALCOHOLIC","BOTTLE BEER"
LFS,193210,0,"HOME AND PERSONAL CARE","COLOR COSMETICS"
LFS,193211,0,"FOOD CUPBOARD","SPREADS AND TOPPING"
LFS,193212,0,"FOOD CUPBOARD","SPREADS AND TOPPING"
LFS,193213,0,"FOOD CUPBOARD","SPREADS AND TOPPING"
LFS,193216,0,"FOOD CUPBOARD","MILK AND CREAMERS"
LFS,193217,0,"FOOD CUPBOARD","MILK AND CREAMERS"
LFS,19322,0,"BEVERAGES ALCOHOLIC","BOTTLE BEER"
LFS,193220,0,"FOOD CUPBOARD",SAVOURIES
LFS,193221,0,"FOOD CUPBOARD","PASTA AND SPAGHETTI"
LFS,194740,0,"HOME AND PERSONAL CARE","HOUSEHOLD CLEANERS"
LFS,194745,0,"HOME AND PERSONAL CARE","HOUSEHOLD CLEANERS"
LFS,194753,0,"HOME AND PERSONAL CARE","HOUSEHOLD CLEANERS"
LFS,194755,0,"HOME AND PERSONAL CARE","HOUSEHOLD CLEANERS"
LFS,194757,0,"HOME AND PERSONAL CARE","HOUSEHOLD CLEANERS"
LFS,194760,0,"HOME AND PERSONAL CARE","HOUSEHOLD CLEANERS"
LFS,194764,0,"HOME AND PERSONAL CARE","HOUSEHOLD CLEANERS"
LFS,194767,0,"HOME AND PERSONAL CARE","HOUSEHOLD CLEANERS"
LFS,195352,0,"FOOD CUPBOARD","MILK AND CREAMERS"
LFS,195353,0,"FOOD CUPBOARD",CONFECTIONERY
LFS,195354,0,"BEVERAGES ALCOHOLIC",WINES
LFS,195355,0,"FOOD CUPBOARD",CONDIMENTS
LFS,195356,0,"BEVERAGES ALCOHOLIC",WINES
LFS,195358,0,"BEVERAGES ALCOHOLIC",WINES
LFS,195359,0,"BEVERAGES ALCOHOLIC",WINES
LFS,195360,0,"FOOD CUPBOARD",CONDIMENTS
LFS,195362,0,"FOOD CUPBOARD",CONDIMENTS
LFS,195364,0,"FOOD CUPBOARD",CONDIMENTS
LFS,195365,0,"BEVERAGES ALCOHOLIC",WINES
LFS,195366,0,"BEVERAGES ALCOHOLIC",WINES
LFS,195368,0,"FOOD CUPBOARD",CONDIMENTS
LFS,195371,0,"BEVERAGES ALCOHOLIC",WINES
LFS,195375,0,"FOOD CUPBOARD","PASTA AND SPAGHETTI"
LFS,195376,0,"BEVERAGES ALCOHOLIC",WINES
LFS,195377,0,"FOOD CUPBOARD","SPICES AND HERBS"
LFS,195379,0,"BEVERAGES ALCOHOLIC",WINES
LFS,191576,0,"FOOD CUPBOARD","PASTA AND SPAGHETTI"
LFS,191577,0,"FOOD CUPBOARD",BISCUITS
LFS,191578,0,"FOOD CUPBOARD","CANNED FOOD"
LFS,191579,0,"FOOD CUPBOARD","SALT  SUGAR AND JAGGERY"
LFS,191580,0,"FOOD CUPBOARD","CANNED FOOD"
LFS,191581,0,"FOOD CUPBOARD","INSTANT MIX"
LFS,191582,0,"FOOD CUPBOARD",CONDIMENTS
LFS,191584,0,"FOOD CUPBOARD","INSTANT MIX"
LFS,191588,0,"FOOD CUPBOARD",SNACKS
LFS,191589,0,"FOOD CUPBOARD","MILK AND CREAMERS"
LFS,191594,0,BEVERAGES,COFFEE
LFS,191597,0,"FOOD CUPBOARD","INSTANT MIX"
LFS,191598,0,BAKERY,BREADS
LFS,191599,0,"FOOD CUPBOARD","SPICES AND HERBS"
LFS,191600,0,"HOME AND PERSONAL CARE","LAUNDRY CARE"
LFS,193223,0,"FOOD CUPBOARD",CONFECTIONERY
LFS,193230,0,"FOOD CUPBOARD","INSTANT MIX"
LFS,193232,0,"FOOD CUPBOARD",BISCUITS
LFS,193235,0,"FOOD CUPBOARD",CONFECTIONERY
LFS,193236,0,"FOOD CUPBOARD",CONFECTIONERY
LFS,193238,0,BEVERAGES,TEA
LFS,193239,0,"FOOD CUPBOARD",CONFECTIONERY
LFS,193240,0,"FOOD CUPBOARD",CONFECTIONERY
LFS,193247,0,"FOOD CUPBOARD",SAVOURIES
LFS,193248,0,"HOME AND PERSONAL CARE","ORAL CARE"
LFS,193271,0,BUTCHERY,"FRESH BEEF"
LFS,193299,0,"HOME AND PERSONAL CARE",FRAGRANCES
LFS,193300,0,"FOOD CUPBOARD",CONDIMENTS
LFS,193301,0,"FOOD CUPBOARD","BREAKFAST CEREALS"
LFS,193302,0,"FOOD CUPBOARD","BREAKFAST CEREALS"
LFS,193303,0,"FOOD CUPBOARD",CONFECTIONERY
LFS,193304,0,"FOOD CUPBOARD",CONFECTIONERY
LFS,194778,0,"HOME AND PERSONAL CARE","HOUSEHOLD CLEANERS"
LFS,194780,0,"HOME AND PERSONAL CARE","HOUSEHOLD CLEANERS"
LFS,194782,0,"HOME AND PERSONAL CARE","HOUSEHOLD CLEANERS"
LFS,194785,0,"FOOD CUPBOARD",CONDIMENTS
LFS,194795,0,"HOME AND PERSONAL CARE","HOUSEHOLD CLEANERS"
LFS,194798,0,"HOME AND PERSONAL CARE","HOUSEHOLD CLEANERS"
LFS,194802,0,"HOME AND PERSONAL CARE","HOUSEHOLD CLEANERS"
LFS,194804,0,"HOME AND PERSONAL CARE","HAIR CARE"
LFS,195380,0,"FOOD CUPBOARD",CONFECTIONERY
LFS,195381,0,"FOOD CUPBOARD","PASTA AND SPAGHETTI"
LFS,195382,0,"BEVERAGES ALCOHOLIC",WINES
LFS,195385,0,"BEVERAGES ALCOHOLIC",WINES
LFS,195386,0,"BEVERAGES ALCOHOLIC",WINES
LFS,195387,0,"FOOD CUPBOARD","PASTA AND SPAGHETTI"
LFS,195389,0,"BEVERAGES ALCOHOLIC",WINES
LFS,195390,0,"FOOD CUPBOARD",CONFECTIONERY
LFS,195391,0,"FOOD CUPBOARD","SPREADS AND TOPPING"
LFS,195392,0,"FOOD CUPBOARD",CONDIMENTS
LFS,195394,0,"FOOD CUPBOARD","HONEY  JAM AND MARMALADE"
LFS,195396,0,"FOOD CUPBOARD",CONDIMENTS
LFS,195397,0,"FOOD CUPBOARD","SPREADS AND TOPPING"
LFS,195398,0,"FOOD CUPBOARD","SPREADS AND TOPPING"
LFS,195400,0,"FOOD CUPBOARD",CONDIMENTS
LFS,195402,0,"FOOD CUPBOARD",CONDIMENTS
LFS,195403,0,"FOOD CUPBOARD","SPREADS AND TOPPING"
LFS,195405,0,"FOOD CUPBOARD",BISCUITS
LFS,191601,0,"FOOD CUPBOARD","BAKING INGREDIENTS"
LFS,191602,0,BEVERAGES,COFFEE
LFS,191606,0,"FOOD CUPBOARD","SPICES AND HERBS"
LFS,191607,0,"FOOD CUPBOARD",CONFECTIONERY
LFS,191609,0,"FOOD CUPBOARD",BISCUITS
LFS,191611,0,"FOOD CUPBOARD","DRYFRUITS AND NUTS"
LFS,191612,0,"FOOD CUPBOARD",CONDIMENTS
LFS,191615,0,"FOOD CUPBOARD",CONDIMENTS
LFS,191616,0,"FOOD CUPBOARD","PASTA AND SPAGHETTI"
LFS,191617,0,"FOOD CUPBOARD",CONFECTIONERY
LFS,191620,0,"FOOD CUPBOARD","READY TO EAT"
LFS,191621,0,BEVERAGES,COFFEE
LFS,191623,0,"FOOD CUPBOARD","SPREADS AND TOPPING"
LFS,191624,0,"FOOD CUPBOARD",BISCUITS
LFS,193318,0,"FROZEN FOOD","FRENCH FRIES"
LFS,19334,0,"FOOD CUPBOARD","MILK AND CREAMERS"
LFS,193387,0,"FOOD CUPBOARD",SAVOURIES
LFS,193403,0,"FOOD CUPBOARD",CONFECTIONERY
LFS,194808,0,"HOME AND PERSONAL CARE","HAIR CARE"
LFS,194809,0,"HOME AND PERSONAL CARE","HAIR CARE"
LFS,194810,0,"HOME AND PERSONAL CARE","ORAL CARE"
LFS,194812,0,"HOME AND PERSONAL CARE","PERSONAL WASH"
LFS,194813,0,"FOOD CUPBOARD",SAVOURIES
LFS,194823,0,"FOOD CUPBOARD",CONFECTIONERY
LFS,194825,0,"FOOD CUPBOARD",CONFECTIONERY
LFS,194836,0,"FOOD CUPBOARD","MILK AND CREAMERS"
LFS,194839,0,"HOME AND PERSONAL CARE",DISPOSABLE
LFS,195406,0,"FOOD CUPBOARD",CONDIMENTS
LFS,195407,0,"FOOD CUPBOARD",CONDIMENTS
LFS,195408,0,"FOOD CUPBOARD",BISCUITS
LFS,195409,0,"FOOD CUPBOARD",CONDIMENTS
LFS,195410,0,"FOOD CUPBOARD","SPREADS AND TOPPING"
LFS,195413,0,"FOOD CUPBOARD","SPREADS AND TOPPING"
LFS,195416,0,"FOOD CUPBOARD","SPREADS AND TOPPING"
LFS,195418,0,"FOOD CUPBOARD","SPREADS AND TOPPING"
LFS,195422,0,"FOOD CUPBOARD","INSTANT MIX"
LFS,195424,0,"FOOD CUPBOARD","SPREADS AND TOPPING"
LFS,195425,0,"FOOD CUPBOARD",CONDIMENTS
LFS,195429,0,"FOOD CUPBOARD","HONEY  JAM AND MARMALADE"
LFS,195431,0,"FOOD CUPBOARD","SPREADS AND TOPPING"
LFS,191626,0,"FOOD CUPBOARD",BISCUITS
LFS,191627,0,"FOOD CUPBOARD","SPICES AND HERBS"
LFS,191629,0,"FOOD CUPBOARD","PASTA AND SPAGHETTI"
LFS,191636,0,"FOOD CUPBOARD",SAVOURIES
LFS,191638,0,"FOOD CUPBOARD",SAVOURIES
LFS,191642,0,"FOOD CUPBOARD","CANNED FOOD"
LFS,191643,0,"FOOD CUPBOARD","CANNED FOOD"
LFS,191644,0,"FOOD CUPBOARD","CANNED FOOD"
LFS,193609,0,"FOOD CUPBOARD","SPREADS AND TOPPING"
LFS,193611,0,"FOOD CUPBOARD","SPREADS AND TOPPING"
LFS,193613,0,"FOOD CUPBOARD","SPREADS AND TOPPING"
LFS,193715,0,"FOOD CUPBOARD","SPREADS AND TOPPING"
LFS,193719,0,"FOOD CUPBOARD","SPREADS AND TOPPING"
LFS,193728,0,"FOOD CUPBOARD","BREAKFAST CEREALS"
LFS,193744,0,"FOOD CUPBOARD","BREAKFAST CEREALS"
LFS,193747,0,"FOOD CUPBOARD","BREAKFAST CEREALS"
LFS,193763,0,BEVERAGES,COFFEE
LFS,193769,0,"HOME AND PERSONAL CARE",FRAGRANCES
LFS,194865,0,"HOME AND PERSONAL CARE",FRESHENERS
LFS,194868,0,"HOME AND PERSONAL CARE",FRESHENERS
LFS,194896,0,"FOOD CUPBOARD","INSTANT MIX"
LFS,194919,0,BEVERAGES,COFFEE
LFS,194937,0,"FOOD CUPBOARD",CONDIMENTS
LFS,194974,0,"FROZEN FOOD",ICE-CREAM
LFS,194986,0,"FOOD CUPBOARD",BISCUITS
LFS,194987,0,"FOOD CUPBOARD",BISCUITS
LFS,194988,0,"FOOD CUPBOARD",BISCUITS
LFS,194989,0,"FOOD CUPBOARD","SPREADS AND TOPPING"
LFS,195433,0,"FOOD CUPBOARD","SPREADS AND TOPPING"
LFS,195434,0,"FOOD CUPBOARD","SPREADS AND TOPPING"
LFS,195436,0,"FOOD CUPBOARD","SPREADS AND TOPPING"
LFS,195438,0,"FOOD CUPBOARD",CONDIMENTS
LFS,195440,0,"FOOD CUPBOARD","SPREADS AND TOPPING"
LFS,195441,0,"FOOD CUPBOARD",SNACKS
LFS,195443,0,"FOOD CUPBOARD","SPREADS AND TOPPING"
LFS,195444,0,BEVERAGES,JUICE
LFS,195446,0,BEVERAGES,"MINERAL WATER"
LFS,195449,0,"FOOD CUPBOARD",CONFECTIONERY
LFS,195450,0,"FOOD CUPBOARD",CONDIMENTS
LFS,195453,0,"FOOD CUPBOARD",BISCUITS
LFS,195454,0,"FOOD CUPBOARD",SAVOURIES
LFS,195456,0,"FOOD CUPBOARD",CONDIMENTS
LFS,195459,0,"FOOD CUPBOARD",CONDIMENTS
LFS,195460,0,"FOOD CUPBOARD","SPICES AND HERBS"
LFS,195462,0,"FOOD CUPBOARD","SPREADS AND TOPPING"
LFS,191671,0,"FOOD CUPBOARD","MILK AND CREAMERS"
LFS,191675,0,"FOOD CUPBOARD","INSTANT MIX"
LFS,191676,0,"FOOD CUPBOARD","CANNED FOOD"
LFS,191678,0,"FOOD CUPBOARD","CANNED FOOD"
LFS,191679,0,"FOOD CUPBOARD",CONDIMENTS
LFS,191703,0,"FOOD CUPBOARD",CONDIMENTS
LFS,191704,0,"FOOD CUPBOARD",CONDIMENTS
LFS,191705,0,"FOOD CUPBOARD",CONDIMENTS
LFS,191714,0,"FOOD CUPBOARD","SPICES AND HERBS"
LFS,191716,0,"FOOD CUPBOARD",CONDIMENTS
LFS,191721,0,"FOOD CUPBOARD",BISCUITS
LFS,193797,0,"FOOD CUPBOARD",CONDIMENTS
LFS,19385,0,"HOME AND PERSONAL CARE","INSECTICIDES AND RODENT CONTROL"
LFS,19410,0,BEVERAGES,TEA
LFS,194103,0,"FRUITS- IMPORT",VEGETABLES.
LFS,194112,0,BEVERAGES,"NON ALCOHOLIC"
LFS,194114,0,BEVERAGES,"NON ALCOHOLIC"
LFS,194118,0,"HOME AND PERSONAL CARE","PET CARE"
LFS,194122,0,"HOME AND PERSONAL CARE","PET CARE"
LFS,194123,0,"HOME AND PERSONAL CARE","PET CARE"
LFS,194124,0,"HOME AND PERSONAL CARE","PET CARE"
LFS,194125,0,"HOME AND PERSONAL CARE","PET CARE"
LFS,194127,0,"HOME AND PERSONAL CARE","PET CARE"
LFS,194128,0,"HOME AND PERSONAL CARE","PET CARE"
LFS,194129,0,"HOME AND PERSONAL CARE","PET CARE"
LFS,195002,0,BEVERAGES,COFFEE
LFS,195005,0,BEVERAGES,COFFEE
LFS,195006,0,BEVERAGES,COFFEE
LFS,195028,0,"FOOD CUPBOARD",CONFECTIONERY
LFS,195034,0,"FOOD CUPBOARD","INSTANT MIX"
LFS,195036,0,"HOME AND PERSONAL CARE","HEALTH AND WELLNESS"
LFS,195037,0,"HOME AND PERSONAL CARE","HEALTH AND WELLNESS"
LFS,195038,0,"HOME AND PERSONAL CARE",FRESHENERS
LFS,195039,0,"HOME AND PERSONAL CARE",DISPOSABLE
LFS,195040,0,"FOOD CUPBOARD",SAVOURIES
LFS,195041,0,"FOOD CUPBOARD",SAVOURIES
LFS,195463,0,"FOOD CUPBOARD","SPREADS AND TOPPING"
LFS,195465,0,"FOOD CUPBOARD",CONFECTIONERY
LFS,195471,0,"BEVERAGES ALCOHOLIC",WINES
LFS,195473,0,"FOOD CUPBOARD",CONDIMENTS
LFS,195474,0,"BEVERAGES ALCOHOLIC",WINES
LFS,195482,0,"FOOD CUPBOARD",SNACKS
LFS,195483,0,"FOOD CUPBOARD",CONFECTIONERY
LFS,195484,0,"BEVERAGES ALCOHOLIC",Champagne
LFS,195485,0,"BEVERAGES ALCOHOLIC",WINES
LFS,195486,0,"FOOD CUPBOARD",CONDIMENTS
LFS,195487,0,"FOOD CUPBOARD","NOODLES AND SOUP"
LFS,195488,0,"BEVERAGES ALCOHOLIC",WINES
LFS,191722,0,"FOOD CUPBOARD",BISCUITS
LFS,191723,0,"FOOD CUPBOARD",BISCUITS
LFS,191725,0,"FOOD CUPBOARD",BISCUITS
LFS,191726,0,"FOOD CUPBOARD",BISCUITS
LFS,191727,0,"FOOD CUPBOARD",BISCUITS
LFS,191751,0,"FOOD CUPBOARD",CONDIMENTS
LFS,191752,0,"FOOD CUPBOARD","BAKING INGREDIENTS"
LFS,194132,0,"FOOD CUPBOARD",CONDIMENTS
LFS,194137,0,"HOME AND PERSONAL CARE","PET CARE"
LFS,194140,0,"HOME AND PERSONAL CARE","PET CARE"
LFS,194142,0,"HOME AND PERSONAL CARE",DISPOSABLE
LFS,194144,0,"HOME AND PERSONAL CARE",DISPOSABLE
LFS,194145,0,"HOME AND PERSONAL CARE","PET CARE"
LFS,194148,0,"HOME AND PERSONAL CARE","PET CARE"
LFS,194150,0,"HOME AND PERSONAL CARE","PET CARE"
LFS,194152,0,"FOOD CUPBOARD",CONDIMENTS
LFS,194154,0,"FOOD CUPBOARD",CONDIMENTS
LFS,194155,0,"FOOD CUPBOARD",CONDIMENTS
LFS,194159,0,BEVERAGES,JUICE
LFS,194160,0,BEVERAGES,JUICE
LFS,194161,0,"FRUITS- IMPORT",VEGETABLES.
LFS,194162,0,"FRUITS- IMPORT",VEGETABLES.
LFS,194173,0,"HOME AND PERSONAL CARE","ORAL CARE"
LFS,19418,0,"FOOD CUPBOARD","EDIBLE OILS AND GHEE"
LFS,194189,0,"HOME AND PERSONAL CARE","PERSONAL WASH"
LFS,194192,0,"HOME AND PERSONAL CARE","SKIN CARE"
LFS,194193,0,"HOME AND PERSONAL CARE","SKIN CARE"
LFS,194194,0,"HOME AND PERSONAL CARE","COLOR COSMETICS"
LFS,195046,0,"HOME AND PERSONAL CARE",DISPOSABLE
LFS,195047,0,"FOOD CUPBOARD",CONFECTIONERY
LFS,195049,0,"FOOD CUPBOARD",CONDIMENTS
LFS,195053,0,"FOOD CUPBOARD",CONFECTIONERY
LFS,195058,0,"FROZEN FOOD",ICE-CUBES
LFS,195069,0,"HOME AND PERSONAL CARE",DISPOSABLE
LFS,195071,0,"HOME AND PERSONAL CARE","INSECTICIDES AND RODENT CONTROL"
LFS,195072,0,"HOME AND PERSONAL CARE","HOUSEHOLD CLEANERS"
LFS,195074,0,BEVERAGES,COFFEE
LFS,195075,0,"FOOD CUPBOARD",CONFECTIONERY
LFS,195078,0,"FOOD CUPBOARD","CANNED FOOD"
LFS,195489,0,"BEVERAGES ALCOHOLIC",WINES
LFS,195491,0,"BEVERAGES ALCOHOLIC",WINES
LFS,195493,0,"FOOD CUPBOARD",BISCUITS
LFS,195494,0,"FOOD CUPBOARD","NOODLES AND SOUP"
LFS,195495,0,"FOOD CUPBOARD","NOODLES AND SOUP"
LFS,195502,0,"FOOD CUPBOARD",CONDIMENTS
LFS,195503,0,"FOOD CUPBOARD",BISCUITS
LFS,195505,0,"FOOD CUPBOARD","HONEY  JAM AND MARMALADE"
LFS,195507,0,"FOOD CUPBOARD",BISCUITS
LFS,195508,0,"FOOD CUPBOARD","HONEY  JAM AND MARMALADE"
LFS,195509,0,BEVERAGES,JUICE
LFS,195512,0,"FOOD CUPBOARD","HONEY  JAM AND MARMALADE"
LFS,195515,0,"HOME AND PERSONAL CARE",DISPOSABLE
LFS,195517,0,"BEVERAGES ALCOHOLIC",WINES
LFS,191817,0,"FOOD CUPBOARD","SALT  SUGAR AND JAGGERY"
LFS,191818,0,"FOOD CUPBOARD","SALT  SUGAR AND JAGGERY"
LFS,191819,0,"FOOD CUPBOARD","SALT  SUGAR AND JAGGERY"
LFS,191835,0,"HOME AND PERSONAL CARE","PET CARE"
LFS,191836,0,"HOME AND PERSONAL CARE","PET CARE"
LFS,191839,0,"BEVERAGES ALCOHOLIC",LIQUER
LFS,191840,0,"BEVERAGES ALCOHOLIC",LIQUER
LFS,191841,0,"BEVERAGES ALCOHOLIC",LIQUER
LFS,191846,0,"FOOD CUPBOARD",BISCUITS
LFS,191847,0,"FOOD CUPBOARD",CONDIMENTS
LFS,194195,0,"HOME AND PERSONAL CARE","SKIN CARE"
LFS,194197,0,"FOOD CUPBOARD","SPICES AND HERBS"
LFS,194199,0,"FOOD CUPBOARD","SPICES AND HERBS"
LFS,194200,0,"FOOD CUPBOARD","SPICES AND HERBS"
LFS,194205,0,"FOOD CUPBOARD","SPICES AND HERBS"
LFS,194208,0,"FOOD CUPBOARD","SPICES AND HERBS"
LFS,194214,0,"FOOD CUPBOARD","SPICES AND HERBS"
LFS,194217,0,"FOOD CUPBOARD","SPICES AND HERBS"
LFS,194218,0,"FOOD CUPBOARD","SPICES AND HERBS"
LFS,194229,0,"FOOD CUPBOARD","SPICES AND HERBS"
LFS,194240,0,"FOOD CUPBOARD","SPICES AND HERBS"
LFS,195080,0,"FOOD CUPBOARD",CONFECTIONERY
LFS,195084,0,"FOOD CUPBOARD",CONFECTIONERY
LFS,195085,0,"FOOD CUPBOARD",CONFECTIONERY
LFS,195086,0,"FOOD CUPBOARD","CANNED FOOD"
LFS,195088,0,"FOOD CUPBOARD","CANNED FOOD"
LFS,195089,0,"FOOD CUPBOARD",CONFECTIONERY
LFS,195090,0,"FOOD CUPBOARD",CONDIMENTS
LFS,195093,0,BEVERAGES,DRINKS
LFS,195094,0,"FOOD CUPBOARD",CONFECTIONERY
LFS,195096,0,"FOOD CUPBOARD",CONFECTIONERY
LFS,195101,0,"FOOD CUPBOARD",CONDIMENTS
LFS,195107,0,"FOOD CUPBOARD",CONFECTIONERY
LFS,195109,0,"FOOD CUPBOARD",CONFECTIONERY
LFS,195116,0,"FOOD CUPBOARD",CONFECTIONERY
LFS,195125,0,"FOOD CUPBOARD","CANNED FOOD"
LFS,195128,0,"FOOD CUPBOARD","CANNED FOOD"
LFS,195518,0,"FOOD CUPBOARD",CONDIMENTS
LFS,195519,0,"FOOD CUPBOARD","BAKING INGREDIENTS"
LFS,195521,0,"FOOD CUPBOARD",CONDIMENTS
LFS,195523,0,"FOOD CUPBOARD","HONEY  JAM AND MARMALADE"
LFS,195524,0,"FOOD CUPBOARD",CONFECTIONERY
LFS,195526,0,BEVERAGES,DRINKS
LFS,195527,0,BEVERAGES,DRINKS
LFS,195598,0,"FOOD CUPBOARD","NOODLES AND SOUP"
LFS,195599,0,"FOOD CUPBOARD","NOODLES AND SOUP"
LFS,195600,0,"FOOD CUPBOARD","NOODLES AND SOUP"
LFS,195602,0,"FOOD CUPBOARD","NOODLES AND SOUP"
LFS,195609,0,BEVERAGES,COFFEE
LFS,195610,0,BEVERAGES,COFFEE
LFS,195620,0,"FOOD CUPBOARD",CONFECTIONERY
LFS,191987,0,"FOOD CUPBOARD",SAVOURIES
LFS,194249,0,"FOOD CUPBOARD","SPICES AND HERBS"
LFS,194307,0,"HOME AND PERSONAL CARE","HOUSEHOLD CLEANERS"
LFS,194308,0,"HOME AND PERSONAL CARE","HOUSEHOLD CLEANERS"
LFS,194310,0,"FOOD CUPBOARD",CONDIMENTS
LFS,194333,0,"HOME AND PERSONAL CARE","HOUSEHOLD CLEANERS"
LFS,194342,0,"FRESH DAIRY AND EGGS",cheeses
LFS,194346,0,"FRESH DAIRY AND EGGS",cheeses
LFS,194350,0,"FOOD CUPBOARD",SNACKS
LFS,194375,0,"FOOD CUPBOARD","HONEY  JAM AND MARMALADE"
LFS,194376,0,BEVERAGES,"NON ALCOHOLIC"
LFS,194377,0,BEVERAGES,"NON ALCOHOLIC"
LFS,194380,0,BEVERAGES,"NON ALCOHOLIC"
LFS,195131,0,"FOOD CUPBOARD","CANNED FOOD"
LFS,195133,0,"FOOD CUPBOARD","CANNED FOOD"
LFS,195135,0,"FOOD CUPBOARD","CANNED FOOD"
LFS,195136,0,"FOOD CUPBOARD","CANNED FOOD"
LFS,195137,0,"FOOD CUPBOARD","CANNED FOOD"
LFS,195138,0,"FOOD CUPBOARD","CANNED FOOD"
LFS,195139,0,"FOOD CUPBOARD","CANNED FOOD"
LFS,195140,0,"FOOD CUPBOARD","CANNED FOOD"
LFS,195141,0,"FOOD CUPBOARD","CANNED FOOD"
LFS,195143,0,"FOOD CUPBOARD","CANNED FOOD"
LFS,195147,0,"FOOD CUPBOARD","EDIBLE OILS AND GHEE"
LFS,195148,0,"FOOD CUPBOARD","EDIBLE OILS AND GHEE"
LFS,195149,0,"FOOD CUPBOARD","EDIBLE OILS AND GHEE"
LFS,195151,0,"FOOD CUPBOARD","EDIBLE OILS AND GHEE"
LFS,195152,0,"FOOD CUPBOARD","MILK AND CREAMERS"
LFS,195153,0,"FOOD CUPBOARD","MILK AND CREAMERS"
LFS,195625,0,"FOOD CUPBOARD",SNACKS
LFS,195626,0,"FOOD CUPBOARD",SNACKS
LFS,195628,0,"FOOD CUPBOARD",SNACKS
LFS,195630,0,"FOOD CUPBOARD",SNACKS
LFS,195634,0,"FRUITS- IMPORT",VEGETABLES.
LFS,195642,0,"FOOD CUPBOARD","DRYFRUITS AND NUTS"
LFS,195650,0,"FOOD CUPBOARD","DRYFRUITS AND NUTS"
LFS,195652,0,BEVERAGES,JUICE
LFS,195653,0,BEVERAGES,JUICE
LFS,195655,0,BEVERAGES,JUICE
LFS,195656,0,BEVERAGES,JUICE
LFS,195658,0,BEVERAGES,JUICE
LFS,195669,0,"HOME AND PERSONAL CARE","LAUNDRY CARE"
LFS,195670,0,"HOME AND PERSONAL CARE","LAUNDRY CARE"
LFS,195671,0,"HOME AND PERSONAL CARE","LAUNDRY CARE"
LFS,195674,0,"HOME AND PERSONAL CARE","LAUNDRY CARE"
LFS,195675,0,"HOME AND PERSONAL CARE","LAUNDRY CARE"
LFS,191991,0,"FOOD CUPBOARD",SAVOURIES
LFS,191992,0,"FOOD CUPBOARD",SAVOURIES
LFS,191994,0,"FOOD CUPBOARD",SAVOURIES
LFS,191995,0,"FOOD CUPBOARD",SAVOURIES
LFS,192002,0,"HOME AND PERSONAL CARE",DISPOSABLE
LFS,192003,0,BEVERAGES,"MINERAL WATER"
LFS,192045,0,"FRESH DAIRY AND EGGS",DELI
LFS,192046,0,"FRESH DAIRY AND EGGS",DELI
LFS,192050,0,BEVERAGES,DRINKS
LFS,192056,0,BEVERAGES,"MINERAL WATER"
LFS,192059,0,"FOOD CUPBOARD",BISCUITS
LFS,192060,0,"FOOD CUPBOARD",BISCUITS
LFS,192061,0,"FOOD CUPBOARD",CONFECTIONERY
LFS,192063,0,"FOOD CUPBOARD",CONFECTIONERY
LFS,192064,0,"FOOD CUPBOARD",BISCUITS
LFS,192065,0,"FOOD CUPBOARD",BISCUITS
LFS,192070,0,"BEVERAGES ALCOHOLIC",WHISKEY
LFS,192071,0,"FOOD CUPBOARD",CONFECTIONERY
LFS,192074,0,"FOOD CUPBOARD",CONFECTIONERY
LFS,192075,0,"FOOD CUPBOARD",CONFECTIONERY
LFS,192076,0,"FOOD CUPBOARD",CONFECTIONERY
LFS,194381,0,"FOOD CUPBOARD",CONDIMENTS
LFS,194402,0,BEVERAGES,"MINERAL WATER"
LFS,194404,0,"FOOD CUPBOARD","SPREADS AND TOPPING"
LFS,194408,0,"FOOD CUPBOARD",CONDIMENTS
LFS,194411,0,"FOOD CUPBOARD","PASTA AND SPAGHETTI"
LFS,194412,0,"FOOD CUPBOARD","INSTANT MIX"
LFS,194414,0,BEVERAGES,DRINKS
LFS,194421,0,"FOOD CUPBOARD","EDIBLE OILS AND GHEE"
LFS,194425,0,"FOOD CUPBOARD",BISCUITS
LFS,195159,0,"FOOD CUPBOARD","SPICES AND HERBS"
LFS,195160,0,"FOOD CUPBOARD",CONDIMENTS
LFS,195166,0,"FOOD CUPBOARD","CANNED FOOD"
LFS,195169,0,"FOOD CUPBOARD","RAW RICE"
LFS,195170,0,"FOOD CUPBOARD",CONDIMENTS
LFS,195175,0,"FOOD CUPBOARD","RAW RICE"
LFS,195177,0,"FOOD CUPBOARD","BAKING INGREDIENTS"
LFS,195178,0,"FOOD CUPBOARD","SPICES AND HERBS"
LFS,195179,0,BEVERAGES,"NON ALCOHOLIC"
LFS,195180,0,BEVERAGES,"DRINKING POWDERS"
LFS,195181,0,"FOOD CUPBOARD","SPICES AND HERBS"
LFS,195183,0,"FOOD CUPBOARD","SPICES AND HERBS"
LFS,195184,0,"BEVERAGES ALCOHOLIC",WINES
LFS,195185,0,"FOOD CUPBOARD","SPICES AND HERBS"
LFS,195714,0,"HOME AND PERSONAL CARE","HAIR CARE"
LFS,195718,0,"HOME AND PERSONAL CARE","HAIR CARE"
LFS,195722,0,"HOME AND PERSONAL CARE","PERSONAL WASH"
LFS,195725,0,"HOME AND PERSONAL CARE","PERSONAL WASH"
LFS,195744,0,"HOME AND PERSONAL CARE","PERSONAL WASH"
LFS,19575,0,"FOOD CUPBOARD","CANNED FOOD"
LFS,195766,0,"HOME AND PERSONAL CARE","HAIR CARE"
LFS,195780,0,"HOME AND PERSONAL CARE",DISPOSABLE
LFS,195781,0,"HOME AND PERSONAL CARE",DISPOSABLE
LFS,192087,0,"FOOD CUPBOARD",CONFECTIONERY
LFS,192088,0,"FOOD CUPBOARD",CONFECTIONERY
LFS,192091,0,"BEVERAGES ALCOHOLIC",WINES
LFS,192093,0,"BEVERAGES ALCOHOLIC",WINES
LFS,192094,0,"FOOD CUPBOARD",CONFECTIONERY
LFS,192095,0,"BEVERAGES ALCOHOLIC",WINES
LFS,192096,0,"BEVERAGES ALCOHOLIC",WINES
LFS,192097,0,"BEVERAGES ALCOHOLIC",WINES
LFS,192099,0,"BEVERAGES ALCOHOLIC",WINES
LFS,192100,0,"BEVERAGES ALCOHOLIC",WINES
LFS,192102,0,"BEVERAGES ALCOHOLIC",WINES
LFS,192103,0,"BEVERAGES ALCOHOLIC",WINES
LFS,192105,0,"BEVERAGES ALCOHOLIC",WINES
LFS,192108,0,BEVERAGES,DRINKS
LFS,192113,0,"FOOD CUPBOARD",SAVOURIES
LFS,192114,0,"FOOD CUPBOARD",SAVOURIES
LFS,192115,0,"FOOD CUPBOARD",SAVOURIES
LFS,192119,0,"FOOD CUPBOARD",SAVOURIES
LFS,192122,0,"FOOD CUPBOARD",SAVOURIES
LFS,192123,0,BEVERAGES,DRINKS
LFS,192125,0,BEVERAGES,DRINKS
LFS,192126,0,BEVERAGES,DRINKS
LFS,192127,0,"FOOD CUPBOARD",SAVOURIES
LFS,192128,0,"FOOD CUPBOARD",SAVOURIES
LFS,192129,0,"FOOD CUPBOARD",SAVOURIES
LFS,192131,0,"BEVERAGES ALCOHOLIC","CAN BEER"
LFS,192133,0,"BEVERAGES ALCOHOLIC","CAN BEER"
LFS,192135,0,BEVERAGES,DRINKS
LFS,194428,0,BEVERAGES,"DRINKING POWDERS"
LFS,194437,0,"FOOD CUPBOARD","SPREADS AND TOPPING"
LFS,194439,0,"FOOD CUPBOARD","SPREADS AND TOPPING"
LFS,194440,0,"FOOD CUPBOARD","SPREADS AND TOPPING"
LFS,194444,0,"FOOD CUPBOARD","EDIBLE OILS AND GHEE"
LFS,194446,0,"FOOD CUPBOARD",CONDIMENTS
LFS,194447,0,"FOOD CUPBOARD","SPREADS AND TOPPING"
LFS,194462,0,"FOOD CUPBOARD","SPREADS AND TOPPING"
LFS,188506,0,"FOOD CUPBOARD","DRYFRUITS AND NUTS"
LFS,188508,0,"HOME AND PERSONAL CARE","INFANT AND BABY CARE"
LFS,188510,0,"HOME AND PERSONAL CARE","LAUNDRY CARE"
LFS,188511,0,"HOME AND PERSONAL CARE","HOUSEHOLD CLEANERS"
LFS,188528,0,"FOOD CUPBOARD",SOUKS
LFS,188529,0,"FOOD CUPBOARD",SOUKS
LFS,188530,0,"FOOD CUPBOARD",SOUKS
LFS,188545,0,"FOOD CUPBOARD",SNACKS
LFS,188552,0,"FOOD CUPBOARD",CONDIMENTS
LFS,188554,0,"FOOD CUPBOARD",CONDIMENTS
LFS,188559,0,"FOOD CUPBOARD","DRYFRUITS AND NUTS"
LFS,188560,0,"FOOD CUPBOARD","DRYFRUITS AND NUTS"
LFS,188562,0,"FOOD CUPBOARD","SPICES AND HERBS"
LFS,188563,0,"FOOD CUPBOARD",SNACKS
LFS,188564,0,"FOOD CUPBOARD",SNACKS
LFS,189585,0,"FOOD CUPBOARD","FROZEN ITEMS"
LFS,189588,0,"FOOD CUPBOARD",CONDIMENTS
LFS,189593,0,"FRUITS- IMPORT",Fruits
LFS,189598,0,"HOME AND PERSONAL CARE","SKIN CARE"
LFS,189599,0,"HOME AND PERSONAL CARE","HOUSEHOLD CLEANERS"
LFS,189600,0,"HOME AND PERSONAL CARE","HOUSEHOLD CLEANERS"
LFS,189602,0,"HOME AND PERSONAL CARE","SKIN CARE"
LFS,189604,0,"FOOD CUPBOARD",BISCUITS
LFS,189605,0,"HOME AND PERSONAL CARE","SKIN CARE"
LFS,189606,0,"HOME AND PERSONAL CARE","SKIN CARE"
LFS,189607,0,"HOME AND PERSONAL CARE","SKIN CARE"
LFS,189608,0,"FOOD CUPBOARD",BISCUITS
LFS,189609,0,"FOOD CUPBOARD",BISCUITS
LFS,189610,0,"FOOD CUPBOARD",BISCUITS
LFS,189613,0,"FOOD CUPBOARD",BISCUITS
LFS,189615,0,"FOOD CUPBOARD",BISCUITS
LFS,189617,0,"FRESH DAIRY AND EGGS",cheeses
LFS,189619,0,"FROZEN FOOD",DESSERT
LFS,191365,0,"FOOD CUPBOARD",BISCUITS
LFS,191366,0,"FOOD CUPBOARD",BISCUITS
LFS,191367,0,"FOOD CUPBOARD","BAKING INGREDIENTS"
LFS,191368,0,"FOOD CUPBOARD","PASTA AND SPAGHETTI"
LFS,191381,0,"FOOD CUPBOARD","CANNED FOOD"
LFS,191382,0,"FOOD CUPBOARD","CANNED FOOD"
LFS,191405,0,"FOOD CUPBOARD",SNACKS
LFS,191409,0,"FOOD CUPBOARD",FLOURS
LFS,191418,0,"FOOD CUPBOARD","SPREADS AND TOPPING"
LFS,191421,0,"FOOD CUPBOARD",CONDIMENTS
LFS,191422,0,BEVERAGES,"MINERAL WATER"
LFS,191424,0,"FOOD CUPBOARD","EDIBLE OILS AND GHEE"
LFS,191425,0,"FOOD CUPBOARD","NOODLES AND SOUP"
LFS,191426,0,"FOOD CUPBOARD","DRYFRUITS AND NUTS"
LFS,187148,0,BUTCHERY,"IMPORTED MEAT"
LFS,18715,0,"FOOD CUPBOARD",CONFECTIONERY
LFS,187160,0,BEVERAGES,COFFEE
LFS,187187,0,"FOOD CUPBOARD",CONFECTIONERY
LFS,187189,0,"FOOD CUPBOARD","SPREADS AND TOPPING"
LFS,18719,0,"HOME AND PERSONAL CARE",DISPOSABLE
LFS,187190,0,BEVERAGES,TEA
LFS,187195,0,BEVERAGES,COFFEE
LFS,187196,0,BEVERAGES,TEA
LFS,189620,0,"FOOD CUPBOARD",CONFECTIONERY
LFS,189621,0,"FOOD CUPBOARD",CONFECTIONERY
LFS,189622,0,"H.N. (HEALTH AND NUTRITION)",LIQUID
LFS,189623,0,"FOOD CUPBOARD",CONDIMENTS
LFS,189624,0,"FRESH DAIRY AND EGGS",cheeses
LFS,189625,0,"FRESH DAIRY AND EGGS",cheeses
LFS,189627,0,"FOOD CUPBOARD",CONFECTIONERY
LFS,189629,0,"FOOD CUPBOARD",CONDIMENTS
LFS,189630,0,"FOOD CUPBOARD",BISCUITS
LFS,189631,0,"FRESH DAIRY AND EGGS",cheeses
LFS,189632,0,"FOOD CUPBOARD","PASTA AND SPAGHETTI"
LFS,189633,0,"FOOD CUPBOARD",CONFECTIONERY
LFS,189635,0,"FOOD CUPBOARD",SNACKS
LFS,189636,0,"FOOD CUPBOARD","FROZEN ITEMS"
LFS,189640,0,"FRESH DAIRY AND EGGS",cheeses
LFS,189641,0,"FRESH DAIRY AND EGGS",cheeses
LFS,189642,0,"FRESH DAIRY AND EGGS",cheeses
LFS,189643,0,"FOOD CUPBOARD",SNACKS
LFS,189644,0,"FRESH DAIRY AND EGGS",cheeses
LFS,189646,0,"FOOD CUPBOARD","FROZEN ITEMS"
LFS,189647,0,"FRESH DAIRY AND EGGS",cheeses
LFS,189648,0,"FRESH DAIRY AND EGGS",cheeses
LFS,189649,0,"FOOD CUPBOARD","FROZEN ITEMS"
LFS,189650,0,"FOOD CUPBOARD","FROZEN ITEMS"
LFS,189653,0,"FOOD CUPBOARD","FROZEN ITEMS"
LFS,189654,0,"FRESH DAIRY AND EGGS",Butters
LFS,189656,0,"FRESH DAIRY AND EGGS",cheeses
LFS,189657,0,"FRESH DAIRY AND EGGS",cheeses
LFS,189660,0,"FOOD CUPBOARD","FROZEN ITEMS"
LFS,189663,0,"FRESH DAIRY AND EGGS",cheeses
LFS,189666,0,"FRESH DAIRY AND EGGS",Butters
LFS,189667,0,"FRESH DAIRY AND EGGS",cheeses
LFS,189668,0,"FRESH DAIRY AND EGGS",cheeses
LFS,189670,0,"FRESH DAIRY AND EGGS",cheeses
LFS,189678,0,"FRESH DAIRY AND EGGS",cheeses
LFS,189680,0,"FRESH DAIRY AND EGGS",cheeses
LFS,189681,0,"FRESH DAIRY AND EGGS",cheeses
LFS,189683,0,"FRESH DAIRY AND EGGS",cheeses
LFS,189684,0,"FRESH DAIRY AND EGGS",cheeses
LFS,189687,0,"FRESH DAIRY AND EGGS",cheeses
LFS,189688,0,"FRESH DAIRY AND EGGS",cheeses
LFS,189790,0,"FOOD CUPBOARD",CONDIMENTS
LFS,189792,0,"FOOD CUPBOARD",CONDIMENTS
LFS,189794,0,"FRESH DAIRY AND EGGS",cheeses
LFS,189797,0,"FRESH DAIRY AND EGGS",cheeses
LFS,189799,0,"FRESH DAIRY AND EGGS",cheeses
LFS,189806,0,"FROZEN FOOD",DESSERT
LFS,189808,0,BEVERAGES,JUICE
LFS,189809,0,BEVERAGES,JUICE
LFS,189810,0,BEVERAGES,JUICE
LFS,189846,0,"FRESH DAIRY AND EGGS",Yoghurt
LFS,189848,0,"FRUITS- IMPORT",Fruits
LFS,189849,0,"HOME AND PERSONAL CARE","SKIN CARE"
LFS,189850,0,"HOME AND PERSONAL CARE","SKIN CARE"
LFS,189851,0,"HOME AND PERSONAL CARE","PERSONAL WASH"
LFS,189852,0,"HOME AND PERSONAL CARE","PERSONAL WASH"
LFS,189854,0,"FOOD CUPBOARD",CONDIMENTS
LFS,189855,0,"FOOD CUPBOARD","EDIBLE OILS AND GHEE"
LFS,189856,0,"FOOD CUPBOARD","EDIBLE OILS AND GHEE"
LFS,189857,0,"FOOD CUPBOARD","EDIBLE OILS AND GHEE"
LFS,189858,0,"FOOD CUPBOARD","EDIBLE OILS AND GHEE"
LFS,189859,0,"FOOD CUPBOARD","SPREADS AND TOPPING"
LFS,189860,0,"FOOD CUPBOARD","SPREADS AND TOPPING"
LFS,189861,0,"FOOD CUPBOARD","SPREADS AND TOPPING"
LFS,189862,0,"FOOD CUPBOARD","SPREADS AND TOPPING"
LFS,189863,0,"FOOD CUPBOARD","SPREADS AND TOPPING"
LFS,189864,0,"FOOD CUPBOARD","SPREADS AND TOPPING"
LFS,189865,0,"FOOD CUPBOARD","SPREADS AND TOPPING"
LFS,189866,0,"FOOD CUPBOARD","SPREADS AND TOPPING"
LFS,189867,0,"FOOD CUPBOARD",SNACKS
LFS,189868,0,"FOOD CUPBOARD",SNACKS
LFS,189870,0,"FOOD CUPBOARD",CONDIMENTS
LFS,191427,0,BEVERAGES,JUICE
LFS,191430,0,"FOOD CUPBOARD","BAKING INGREDIENTS"
LFS,191432,0,"FOOD CUPBOARD","NOODLES AND SOUP"
LFS,191433,0,"FOOD CUPBOARD","DRYFRUITS AND NUTS"
LFS,191434,0,"FOOD CUPBOARD",SAVOURIES
LFS,191435,0,BEVERAGES,COFFEE
LFS,191436,0,"FOOD CUPBOARD",SAVOURIES
LFS,191438,0,"FOOD CUPBOARD","DRYFRUITS AND NUTS"
LFS,191439,0,"FOOD CUPBOARD",CONDIMENTS
LFS,191442,0,"HOME AND PERSONAL CARE","PERSONAL WASH"
LFS,191443,0,"FOOD CUPBOARD","CANNED FOOD"
LFS,191444,0,"FOOD CUPBOARD","CANNED FOOD"
LFS,191445,0,"FOOD CUPBOARD","CANNED FOOD"
LFS,191446,0,"FOOD CUPBOARD","DRYFRUITS AND NUTS"
LFS,191448,0,"FOOD CUPBOARD",BISCUITS
LFS,191450,0,"FOOD CUPBOARD","DRYFRUITS AND NUTS"
LFS,191451,0,"FOOD CUPBOARD","READY TO EAT"
LFS,187200,0,"FOOD CUPBOARD",SNACKS
LFS,187205,0,"FOOD CUPBOARD",CONFECTIONERY
LFS,18721,0,"HOME AND PERSONAL CARE",DISPOSABLE
LFS,187212,0,BEVERAGES,TEA
LFS,187219,0,BEVERAGES,DRINKS
LFS,187220,0,BEVERAGES,DRINKS
LFS,187228,0,"FRESH DAIRY AND EGGS","Fresh Milk"
LFS,187229,0,"FRESH DAIRY AND EGGS","Fresh Milk"
LFS,18730,0,"FOOD CUPBOARD","BREAKFAST CEREALS"
LFS,187312,0,BEVERAGES,COFFEE
LFS,189689,0,"FRESH DAIRY AND EGGS",cheeses
LFS,189696,0,"FRESH DAIRY AND EGGS",cheeses
LFS,189697,0,"FRESH DAIRY AND EGGS",cheeses
LFS,189698,0,"FRESH DAIRY AND EGGS",cheeses
LFS,189700,0,"FROZEN FOOD",BACON
LFS,189701,0,"FRESH DAIRY AND EGGS",cheeses
LFS,189702,0,BEVERAGES,DRINKS
LFS,189705,0,"FRESH DAIRY AND EGGS",cheeses
LFS,189708,0,"FRESH DAIRY AND EGGS",cheeses
LFS,189725,0,"FOOD CUPBOARD","FROZEN ITEMS"
LFS,189726,0,"FOOD CUPBOARD","FROZEN ITEMS"
LFS,189727,0,"FOOD CUPBOARD","FROZEN ITEMS"
LFS,189728,0,"FOOD CUPBOARD",SNACKS
LFS,189730,0,"FOOD CUPBOARD","FROZEN ITEMS"
LFS,189731,0,"FOOD CUPBOARD","PASTA AND SPAGHETTI"
LFS,189733,0,BEVERAGES,"MINERAL WATER"
LFS,189734,0,BEVERAGES,"MINERAL WATER"
LFS,189737,0,BEVERAGES,"MINERAL WATER"
LFS,189739,0,"FOOD CUPBOARD",CONDIMENTS
LFS,189741,0,"FRESH DAIRY AND EGGS",cheeses
LFS,189743,0,"FRESH DAIRY AND EGGS",Yoghurt
LFS,189749,0,"FROZEN FOOD",DESSERT
LFS,189750,0,"FOOD CUPBOARD",CONDIMENTS
LFS,189752,0,"FOOD CUPBOARD","FROZEN ITEMS"
LFS,189754,0,"FRESH DAIRY AND EGGS",Yoghurt
LFS,189757,0,"FOOD CUPBOARD",SNACKS
LFS,189758,0,"FOOD CUPBOARD","FROZEN ITEMS"
LFS,189759,0,"FOOD CUPBOARD","PASTA AND SPAGHETTI"
LFS,189760,0,"FOOD CUPBOARD","PASTA AND SPAGHETTI"
LFS,189761,0,"FOOD CUPBOARD","FROZEN ITEMS"
LFS,189763,0,"FRESH DAIRY AND EGGS",cheeses
LFS,189764,0,"FRESH DAIRY AND EGGS",cheeses
LFS,189765,0,"FOOD CUPBOARD","FROZEN ITEMS"
LFS,189766,0,"FOOD CUPBOARD","FROZEN ITEMS"
LFS,189768,0,"FOOD CUPBOARD","FROZEN ITEMS"
LFS,189770,0,"FOOD CUPBOARD","FROZEN ITEMS"
LFS,189788,0,"FOOD CUPBOARD","FROZEN ITEMS"
LFS,189871,0,"FOOD CUPBOARD",CONDIMENTS
LFS,189872,0,"FOOD CUPBOARD",CONDIMENTS
LFS,189896,0,"HOME AND PERSONAL CARE","PERSONAL WASH"
LFS,189897,0,"HOME AND PERSONAL CARE",FRAGRANCES
LFS,189909,0,"HOME AND PERSONAL CARE","ORAL CARE"
LFS,189911,0,"HOME AND PERSONAL CARE","ORAL CARE"
LFS,189916,0,"HOME AND PERSONAL CARE","ORAL CARE"
LFS,189917,0,"HOME AND PERSONAL CARE","ORAL CARE"
LFS,189923,0,"HOME AND PERSONAL CARE","MENS GROOMING"
LFS,189924,0,"HOME AND PERSONAL CARE","HAIR CARE"
LFS,189946,0,"BEVERAGES ALCOHOLIC",WINES
LFS,189948,0,"BEVERAGES ALCOHOLIC",WINES
LFS,189959,0,BEVERAGES,DRINKS
LFS,189964,0,"FOOD CUPBOARD",CONFECTIONERY
LFS,189965,0,"FOOD CUPBOARD",CONFECTIONERY
LFS,189966,0,"FOOD CUPBOARD",CONFECTIONERY
LFS,189973,0,"FRESH DAIRY AND EGGS",Yoghurt
LFS,189974,0,"FRESH DAIRY AND EGGS",Yoghurt
LFS,189976,0,"FRESH DAIRY AND EGGS",Yoghurt
LFS,185592,0,"FOOD CUPBOARD",CONDIMENTS
LFS,185594,0,"FOOD CUPBOARD",CONDIMENTS
LFS,185595,0,"FOOD CUPBOARD",CONDIMENTS
LFS,185598,0,"FOOD CUPBOARD",SNACKS
LFS,185607,0,"FOOD CUPBOARD",SNACKS
LFS,185620,0,"FOOD CUPBOARD",SNACKS
LFS,185622,0,"FOOD CUPBOARD",SNACKS
LFS,185629,0,"FOOD CUPBOARD","INSTANT MIX"
LFS,185630,0,BAKERY,CAKE
LFS,185633,0,"FOOD CUPBOARD","INSTANT MIX"
LFS,185640,0,"FOOD CUPBOARD","DRINKING POWDER"
LFS,185642,0,"FOOD CUPBOARD","DRINKING POWDER"
LFS,185644,0,"FOOD CUPBOARD","DRINKING POWDER"
LFS,185662,0,BEVERAGES,"COCOA POWDER"
LFS,185663,0,BEVERAGES,"COCOA POWDER"
LFS,187451,0,"FOOD CUPBOARD","BABY FOOD"
LFS,18748,0,"FOOD CUPBOARD","BREAKFAST CEREALS"
LFS,18749,0,"FOOD CUPBOARD","BREAKFAST CEREALS"
LFS,18750,0,"FOOD CUPBOARD","BREAKFAST CEREALS"
LFS,188565,0,"FOOD CUPBOARD",SNACKS
LFS,188566,0,"FOOD CUPBOARD",SNACKS
LFS,188569,0,"FOOD CUPBOARD","SPICES AND HERBS"
LFS,188571,0,"FOOD CUPBOARD","SPICES AND HERBS"
LFS,188574,0,"FRUITS- IMPORT",Fruits
LFS,188576,0,"FRUITS- IMPORT",Fruits
LFS,188578,0,"FRUITS- IMPORT",Fruits
LFS,188579,0,"FRUITS- IMPORT",Fruits
LFS,18859,0,"FOOD CUPBOARD",BISCUITS
LFS,188598,0,"FOOD CUPBOARD","SPICES AND HERBS"
LFS,188599,0,"FROZEN FOOD",ICE-CREAM
LFS,188643,0,"FOOD CUPBOARD","CANNED FOOD"
LFS,188646,0,"FOOD CUPBOARD","CANNED FOOD"
LFS,188653,0,"FOOD CUPBOARD","CANNED FOOD"
LFS,188655,0,"FOOD CUPBOARD","SPICES AND HERBS"
LFS,188656,0,"FOOD CUPBOARD","SPICES AND HERBS"
LFS,188657,0,"FOOD CUPBOARD","SPICES AND HERBS"
LFS,188659,0,"FOOD CUPBOARD","DRYFRUITS AND NUTS"
LFS,188661,0,"FOOD CUPBOARD","GRAINS AND PULSES"
LFS,189987,0,"BEVERAGES ALCOHOLIC",WINES
LFS,189989,0,BEVERAGES,"NON ALCOHOLIC"
LFS,189990,0,BEVERAGES,"NON ALCOHOLIC"
LFS,189992,0,BEVERAGES,"NON ALCOHOLIC"
LFS,189994,0,"BEVERAGES ALCOHOLIC",TEQUILA
LFS,189995,0,"BEVERAGES ALCOHOLIC",TEQUILA
LFS,189997,0,"FRESH DAIRY AND EGGS",Yoghurt
LFS,190026,0,"HOME AND PERSONAL CARE","HEALTH AND WELLNESS"
LFS,190027,0,"HOME AND PERSONAL CARE","HEALTH AND WELLNESS"
LFS,190028,0,"FOOD CUPBOARD",SNACKS
LFS,190032,0,"FOOD CUPBOARD",SNACKS
LFS,190061,0,"FOOD CUPBOARD",SNACKS
LFS,190062,0,"FOOD CUPBOARD",SNACKS
LFS,190170,0,BEVERAGES,JUICE
LFS,190171,0,BEVERAGES,JUICE
LFS,190174,0,BEVERAGES,JUICE
LFS,190175,0,BEVERAGES,JUICE
LFS,190176,0,BEVERAGES,JUICE
LFS,190178,0,"FOOD CUPBOARD",SNACKS
LFS,190179,0,"FOOD CUPBOARD",SNACKS
LFS,185673,0,BEVERAGES,COFFEE
LFS,185678,0,"FOOD CUPBOARD","CANNED FOOD"
LFS,185681,0,"FOOD CUPBOARD","CANNED FOOD"
LFS,185683,0,"FOOD CUPBOARD","CANNED FOOD"
LFS,185693,0,"FOOD CUPBOARD","EDIBLE OILS AND GHEE"
LFS,185695,0,"FOOD CUPBOARD",CONDIMENTS
LFS,185696,0,"FOOD CUPBOARD","SPICES AND HERBS"
LFS,185697,0,"FOOD CUPBOARD",CONDIMENTS
LFS,185698,0,"FOOD CUPBOARD","SPREADS AND TOPPING"
LFS,185701,0,"FOOD CUPBOARD",CONDIMENTS
LFS,185703,0,"FOOD CUPBOARD",CONDIMENTS
LFS,185704,0,"FOOD CUPBOARD","EDIBLE OILS AND GHEE"
LFS,185709,0,"FOOD CUPBOARD","EDIBLE OILS AND GHEE"
LFS,185710,0,"FOOD CUPBOARD",CONDIMENTS
LFS,185714,0,"FOOD CUPBOARD",CONDIMENTS
LFS,185715,0,"FOOD CUPBOARD","SPREADS AND TOPPING"
LFS,185716,0,"FOOD CUPBOARD","SPREADS AND TOPPING"
LFS,185717,0,"FOOD CUPBOARD",CONDIMENTS
LFS,185720,0,"FOOD CUPBOARD",CONDIMENTS
LFS,185722,0,"FOOD CUPBOARD",CONDIMENTS
LFS,185723,0,"FOOD CUPBOARD",CONDIMENTS
LFS,18751,0,"FOOD CUPBOARD","BREAKFAST CEREALS"
LFS,187522,0,BEVERAGES,DRINKS
LFS,187523,0,BEVERAGES,DRINKS
LFS,187524,0,BEVERAGES,DRINKS
LFS,187527,0,"FOOD CUPBOARD",CONFECTIONERY
LFS,187528,0,"FOOD CUPBOARD",CONFECTIONERY
LFS,187529,0,"FOOD CUPBOARD",CONFECTIONERY
LFS,187530,0,"FOOD CUPBOARD",CONFECTIONERY
LFS,187534,0,"FOOD CUPBOARD",CONFECTIONERY
LFS,187541,0,"FOOD CUPBOARD",CONFECTIONERY
LFS,187543,0,"FOOD CUPBOARD",SNACKS
LFS,18758,0,BEVERAGES,TEA
LFS,187627,0,"HOME AND PERSONAL CARE","PET CARE"
LFS,188667,0,"FOOD CUPBOARD","DRYFRUITS AND NUTS"
LFS,188670,0,"FOOD CUPBOARD","CANNED FOOD"
LFS,188673,0,"FOOD CUPBOARD","GRAINS AND PULSES"
LFS,188690,0,"FOOD CUPBOARD","GRAINS AND PULSES"
LFS,188692,0,"FOOD CUPBOARD",FLOURS
LFS,188697,0,"FOOD CUPBOARD",CONDIMENTS
LFS,188698,0,"FOOD CUPBOARD","RAW RICE"
LFS,188700,0,"FOOD CUPBOARD",CONDIMENTS
LFS,188701,0,"FOOD CUPBOARD","SPICES AND HERBS"
LFS,188702,0,"FOOD CUPBOARD","SPICES AND HERBS"
LFS,188703,0,"FOOD CUPBOARD","SPICES AND HERBS"
LFS,188704,0,"FOOD CUPBOARD","SPICES AND HERBS"
LFS,188705,0,"FOOD CUPBOARD",CONDIMENTS
LFS,188707,0,"FOOD CUPBOARD",CONDIMENTS
LFS,190180,0,"FOOD CUPBOARD",SNACKS
LFS,190181,0,"FOOD CUPBOARD",SNACKS
LFS,190183,0,"FOOD CUPBOARD",SNACKS
LFS,190214,0,"FOOD CUPBOARD","SPICES AND HERBS"
LFS,190229,0,"FOOD CUPBOARD",CONDIMENTS
LFS,190284,0,"HOME AND PERSONAL CARE","PERSONAL WASH"
LFS,190286,0,"HOME AND PERSONAL CARE","PERSONAL WASH"
LFS,190287,0,"HOME AND PERSONAL CARE","PERSONAL WASH"
LFS,190358,0,"HOME AND PERSONAL CARE","PERSONAL WASH"
LFS,190359,0,"HOME AND PERSONAL CARE","SKIN CARE"
LFS,185730,0,BEVERAGES,TEA
LFS,185735,0,BEVERAGES,TEA
LFS,185739,0,"FOOD CUPBOARD","SPREADS AND TOPPING"
LFS,185741,0,"FOOD CUPBOARD",CONDIMENTS
LFS,185742,0,"FOOD CUPBOARD",CONDIMENTS
LFS,185743,0,"FOOD CUPBOARD",CONDIMENTS
LFS,185744,0,"FOOD CUPBOARD",CONDIMENTS
LFS,185749,0,"HOME AND PERSONAL CARE","PERSONAL WASH"
LFS,185751,0,"HOME AND PERSONAL CARE","PERSONAL WASH"
LFS,185753,0,"HOME AND PERSONAL CARE","PERSONAL WASH"
LFS,185757,0,"HOME AND PERSONAL CARE","HOUSEHOLD CLEANERS"
LFS,185758,0,"HOME AND PERSONAL CARE","HOUSEHOLD CLEANERS"
LFS,185761,0,"HOME AND PERSONAL CARE","HOUSEHOLD CLEANERS"
LFS,185762,0,"HOME AND PERSONAL CARE","HOUSEHOLD CLEANERS"
LFS,185771,0,"HOME AND PERSONAL CARE","PERSONAL WASH"
LFS,185787,0,"FOOD CUPBOARD",BISCUITS
LFS,185788,0,"FOOD CUPBOARD",BISCUITS
LFS,185818,0,"FOOD CUPBOARD",BISCUITS
LFS,185821,0,"FOOD CUPBOARD",BISCUITS
LFS,185823,0,"FOOD CUPBOARD",BISCUITS
LFS,185828,0,"FOOD CUPBOARD",BISCUITS
LFS,187632,0,"FOOD CUPBOARD",SNACKS
LFS,187649,0,"FOOD CUPBOARD",CONFECTIONERY
LFS,18765,0,"BEVERAGES ALCOHOLIC",WINES
LFS,187653,0,"FOOD CUPBOARD",CONFECTIONERY
LFS,18767,0,BEVERAGES,DRINKS
LFS,18770,0,"FOOD CUPBOARD","PEPPER SAUCE"
LFS,18772,0,"FOOD CUPBOARD",CONFECTIONERY
LFS,187724,0,"FOOD CUPBOARD",CONFECTIONERY
LFS,187731,0,"FOOD CUPBOARD",CONFECTIONERY
LFS,187733,0,"FOOD CUPBOARD",CONFECTIONERY
LFS,187735,0,"FOOD CUPBOARD",CONFECTIONERY
LFS,187736,0,"FOOD CUPBOARD",CONFECTIONERY
LFS,18775,0,"FOOD CUPBOARD",BISCUITS
LFS,187751,0,"FOOD CUPBOARD",CONFECTIONERY
LFS,188718,0,"FOOD CUPBOARD","SPICES AND HERBS"
LFS,188719,0,"FOOD CUPBOARD","SPICES AND HERBS"
LFS,188723,0,"FOOD CUPBOARD","SPICES AND HERBS"
LFS,188728,0,"FOOD CUPBOARD","SPICES AND HERBS"
LFS,188732,0,"FOOD CUPBOARD","SPICES AND HERBS"
LFS,188740,0,"FOOD CUPBOARD","RAW RICE"
LFS,188741,0,BEVERAGES,JUICE
LFS,188745,0,BEVERAGES,JUICE
LFS,188769,0,"FOOD CUPBOARD","SPREADS AND TOPPING"
LFS,188772,0,"FOOD CUPBOARD","MILK AND CREAMERS"
LFS,188773,0,"FOOD CUPBOARD",FLOURS
LFS,190361,0,"FOOD CUPBOARD",CONDIMENTS
LFS,190411,0,"FROZEN FOOD",CHEESE
LFS,190413,0,"FRESH DAIRY AND EGGS",DELI
LFS,190499,0,"HOME AND PERSONAL CARE","HOUSEHOLD CLEANERS"
LFS,190510,0,"FOOD CUPBOARD",SNACKS
LFS,190561,0,"HOME AND PERSONAL CARE","HOUSEHOLD CLEANERS"
LFS,190562,0,"HOME AND PERSONAL CARE","HOUSEHOLD CLEANERS"
LFS,190593,0,BEVERAGES,DRINKS
LFS,185832,0,"FOOD CUPBOARD",BISCUITS
LFS,185834,0,"FOOD CUPBOARD",BISCUITS
LFS,185947,0,"FRUITS- IMPORT",VEGETABLES.
LFS,185987,0,"FRUITS- IMPORT",Fruits
LFS,186110,0,"FOOD CUPBOARD","MILK AND CREAMERS"
LFS,186111,0,"FOOD CUPBOARD","MILK AND CREAMERS"
LFS,186112,0,"FOOD CUPBOARD","MILK AND CREAMERS"
LFS,186113,0,"FOOD CUPBOARD","MILK AND CREAMERS"
LFS,186115,0,"FOOD CUPBOARD","MILK AND CREAMERS"
LFS,186116,0,"FOOD CUPBOARD","MILK AND CREAMERS"
LFS,186117,0,"FOOD CUPBOARD","MILK AND CREAMERS"
LFS,186118,0,"FRESH DAIRY AND EGGS",Yoghurt
LFS,187771,0,"FOOD CUPBOARD",CONFECTIONERY
LFS,187858,0,"FOOD CUPBOARD",CONFECTIONERY
LFS,187894,0,"FOOD CUPBOARD",CONFECTIONERY
LFS,187905,0,"FOOD CUPBOARD",CONFECTIONERY
LFS,187906,0,"FOOD CUPBOARD",CONFECTIONERY
LFS,187908,0,"FOOD CUPBOARD","MILK AND CREAMERS"
LFS,187909,0,"FOOD CUPBOARD",CONFECTIONERY
LFS,187919,0,"FOOD CUPBOARD",CONFECTIONERY
LFS,187928,0,"FOOD CUPBOARD",CONFECTIONERY
LFS,187949,0,"FOOD CUPBOARD",CONFECTIONERY
LFS,187960,0,"FOOD CUPBOARD",CONFECTIONERY
LFS,187964,0,BEVERAGES,JUICE
LFS,187965,0,BEVERAGES,JUICE
LFS,187966,0,BEVERAGES,JUICE
LFS,187968,0,BEVERAGES,JUICE
LFS,188780,0,"FOOD CUPBOARD",CONDIMENTS
LFS,188783,0,"FOOD CUPBOARD",CONDIMENTS
LFS,188785,0,"FOOD CUPBOARD",BISCUITS
LFS,188787,0,"FOOD CUPBOARD",CONFECTIONERY
LFS,188788,0,"FOOD CUPBOARD",CONFECTIONERY
LFS,188789,0,"FOOD CUPBOARD",CONFECTIONERY
LFS,188790,0,"FOOD CUPBOARD",CONFECTIONERY
LFS,188791,0,"FOOD CUPBOARD",CONFECTIONERY
LFS,188796,0,"FOOD CUPBOARD","PASTA AND SPAGHETTI"
LFS,188797,0,BEVERAGES,DRINKS
LFS,188798,0,BEVERAGES,DRINKS
LFS,188799,0,BEVERAGES,DRINKS
LFS,188800,0,"BEVERAGES ALCOHOLIC","CAN BEER"
LFS,188805,0,BEVERAGES,JUICE
LFS,188812,0,BEVERAGES,JUICE
LFS,188813,0,BEVERAGES,JUICE
LFS,188814,0,BEVERAGES,JUICE
LFS,190594,0,BEVERAGES,DRINKS
LFS,190598,0,"FOOD CUPBOARD","SPREADS AND TOPPING"
LFS,190632,0,"FRUITS- IMPORT",Fruits
LFS,190678,0,"HOME AND PERSONAL CARE","PERSONAL WASH"
LFS,190681,0,"FOOD CUPBOARD",CONFECTIONERY
LFS,190683,0,"FOOD CUPBOARD",CONFECTIONERY
LFS,190773,0,"HOME AND PERSONAL CARE","LAUNDRY CARE"
LFS,186147,0,"FOOD CUPBOARD",CONDIMENTS
LFS,186149,0,"FOOD CUPBOARD","SPREADS AND TOPPING"
LFS,186151,0,"FOOD CUPBOARD","SPREADS AND TOPPING"
LFS,186152,0,"FOOD CUPBOARD","CANNED FOOD"
LFS,186153,0,"FOOD CUPBOARD","SPREADS AND TOPPING"
LFS,186154,0,"FOOD CUPBOARD","SPREADS AND TOPPING"
LFS,186155,0,"FOOD CUPBOARD","SPREADS AND TOPPING"
LFS,186156,0,"FOOD CUPBOARD","SPREADS AND TOPPING"
LFS,186157,0,"FOOD CUPBOARD","SPREADS AND TOPPING"
LFS,186171,0,"FOOD CUPBOARD","NOODLES AND SOUP"
LFS,186175,0,"FOOD CUPBOARD","NOODLES AND SOUP"
LFS,186176,0,"FOOD CUPBOARD",SNACKS
LFS,187969,0,BEVERAGES,JUICE
LFS,187970,0,"FOOD CUPBOARD",CONFECTIONERY
LFS,187971,0,BEVERAGES,JUICE
LFS,187973,0,BEVERAGES,DRINKS
LFS,187974,0,BEVERAGES,DRINKS
LFS,187975,0,BEVERAGES,DRINKS
LFS,187976,0,BEVERAGES,DRINKS
LFS,187981,0,"FOOD CUPBOARD",CONFECTIONERY
LFS,187984,0,"FOOD CUPBOARD",CONFECTIONERY
LFS,187985,0,BEVERAGES,DRINKS
LFS,187990,0,"FOOD CUPBOARD",CONFECTIONERY
LFS,187995,0,"FOOD CUPBOARD",SNACKS
LFS,188006,0,"FOOD CUPBOARD",CONFECTIONERY
LFS,188013,0,"FOOD CUPBOARD",CONFECTIONERY
LFS,188014,0,"FOOD CUPBOARD",CONFECTIONERY
LFS,188023,0,"FOOD CUPBOARD",CONFECTIONERY
LFS,188817,0,BEVERAGES,JUICE
LFS,188818,0,BEVERAGES,DRINKS
LFS,188820,0,BEVERAGES,JUICE
LFS,188821,0,BEVERAGES,JUICE
LFS,188822,0,BEVERAGES,JUICE
LFS,188823,0,"FOOD CUPBOARD",SNACKS
LFS,188824,0,"FOOD CUPBOARD",SNACKS
LFS,188825,0,"FOOD CUPBOARD",SNACKS
LFS,188826,0,"FOOD CUPBOARD",SNACKS
LFS,188827,0,"FOOD CUPBOARD",SNACKS
LFS,188829,0,"FOOD CUPBOARD",SNACKS
LFS,188830,0,"FOOD CUPBOARD",SNACKS
LFS,188834,0,"FOOD CUPBOARD","BABY FOOD"
LFS,190775,0,"HOME AND PERSONAL CARE","PERSONAL WASH"
LFS,190776,0,"HOME AND PERSONAL CARE","PERSONAL WASH"
LFS,190777,0,"HOME AND PERSONAL CARE","PERSONAL WASH"
LFS,190778,0,"HOME AND PERSONAL CARE","PERSONAL WASH"
LFS,190779,0,"HOME AND PERSONAL CARE","PERSONAL WASH"
LFS,190817,0,"FROZEN FOOD",DESSERT
LFS,190819,0,"FOOD CUPBOARD","MILK AND CREAMERS"
LFS,190820,0,"FOOD CUPBOARD",FLOURS
LFS,190821,0,"FOOD CUPBOARD",FLOURS
LFS,186177,0,"FOOD CUPBOARD",SNACKS
LFS,18623,0,"FOOD CUPBOARD",SNACKS
LFS,18624,0,"FOOD CUPBOARD",SNACKS
LFS,18625,0,"FOOD CUPBOARD","BREAKFAST CEREALS"
LFS,18628,0,"FOOD CUPBOARD",SAVOURIES
LFS,186282,0,"FOOD CUPBOARD",SNACKS
LFS,186283,0,"FOOD CUPBOARD",SNACKS
LFS,186284,0,"FOOD CUPBOARD",SNACKS
LFS,186286,0,"FOOD CUPBOARD",SNACKS
LFS,18629,0,"FOOD CUPBOARD","BREAKFAST CEREALS"
LFS,186298,0,"FOOD CUPBOARD","SPREADS AND TOPPING"
LFS,186299,0,"FOOD CUPBOARD","SPREADS AND TOPPING"
LFS,18630,0,"FOOD CUPBOARD",SNACKS
LFS,186300,0,"FOOD CUPBOARD","SPREADS AND TOPPING"
LFS,186304,0,"FOOD CUPBOARD","SPREADS AND TOPPING"
LFS,186307,0,"FOOD CUPBOARD","SPREADS AND TOPPING"
LFS,186308,0,"FOOD CUPBOARD",SNACKS
LFS,18631,0,"FOOD CUPBOARD",SNACKS
LFS,186310,0,"FOOD CUPBOARD",SNACKS
LFS,186312,0,"FOOD CUPBOARD","SPREADS AND TOPPING"
LFS,188067,0,BEVERAGES,"MINERAL WATER"
LFS,188071,0,BEVERAGES,"MINERAL WATER"
LFS,188073,0,BEVERAGES,"MINERAL WATER"
LFS,188074,0,BEVERAGES,"MINERAL WATER"
LFS,188075,0,"HOME AND PERSONAL CARE",FRAGRANCES
LFS,188076,0,BEVERAGES,"MINERAL WATER"
LFS,188077,0,BEVERAGES,"MINERAL WATER"
LFS,188078,0,BEVERAGES,"MINERAL WATER"
LFS,188081,0,BEVERAGES,"MINERAL WATER"
LFS,188087,0,BEVERAGES,DRINKS
LFS,188088,0,"FOOD CUPBOARD",CONDIMENTS
LFS,188090,0,"FOOD CUPBOARD",CONDIMENTS
LFS,188091,0,"FOOD CUPBOARD",CONDIMENTS
LFS,188843,0,"FOOD CUPBOARD","BABY FOOD"
LFS,188844,0,"FOOD CUPBOARD","BABY FOOD"
LFS,188879,0,"FRESH DAIRY AND EGGS",cheeses
LFS,188880,0,"FRESH DAIRY AND EGGS",cheeses
LFS,188890,0,"FOOD CUPBOARD","SPREADS AND TOPPING"
LFS,188955,0,"FOOD CUPBOARD","BABY FOOD"
LFS,188960,0,"FOOD CUPBOARD","BABY FOOD"
LFS,188962,0,"FOOD CUPBOARD",FLOURS
LFS,190828,0,"FOOD CUPBOARD",CONDIMENTS
LFS,190831,0,"FOOD CUPBOARD",CONDIMENTS
LFS,190833,0,"FOOD CUPBOARD","INSTANT MIX"
LFS,190841,0,"FOOD CUPBOARD",FLOURS
LFS,190842,0,"FOOD CUPBOARD","DRYFRUITS AND NUTS"
LFS,190852,0,"HOME AND PERSONAL CARE","SKIN CARE"
LFS,190854,0,"HOME AND PERSONAL CARE","SKIN CARE"
LFS,190856,0,"HOME AND PERSONAL CARE","SKIN CARE"
LFS,186317,0,"FOOD CUPBOARD",CONDIMENTS
LFS,186318,0,"FOOD CUPBOARD","EDIBLE OILS AND GHEE"
LFS,186322,0,"FOOD CUPBOARD","SPREADS AND TOPPING"
LFS,186328,0,"FOOD CUPBOARD",SNACKS
LFS,186334,0,"FOOD CUPBOARD",SNACKS
LFS,186335,0,"FOOD CUPBOARD",SNACKS
LFS,186337,0,"FOOD CUPBOARD","NOODLES AND SOUP"
LFS,186339,0,"FOOD CUPBOARD","NOODLES AND SOUP"
LFS,186340,0,"FOOD CUPBOARD","NOODLES AND SOUP"
LFS,186341,0,"FOOD CUPBOARD",SNACKS
LFS,186342,0,"FOOD CUPBOARD",SNACKS
LFS,186343,0,"FOOD CUPBOARD",FLOURS
LFS,186362,0,"FRESH DAIRY AND EGGS",cheeses
LFS,186363,0,"FRESH DAIRY AND EGGS",cheeses
LFS,186365,0,"FOOD CUPBOARD","SPREADS AND TOPPING"
LFS,188097,0,"FOOD CUPBOARD",CONDIMENTS
LFS,188102,0,"FOOD CUPBOARD","SPREADS AND TOPPING"
LFS,188125,0,"FOOD CUPBOARD","SPREADS AND TOPPING"
LFS,188129,0,"FOOD CUPBOARD","SPREADS AND TOPPING"
LFS,188130,0,"FOOD CUPBOARD","SPREADS AND TOPPING"
LFS,188133,0,"FOOD CUPBOARD","SPREADS AND TOPPING"
LFS,188140,0,"FOOD CUPBOARD","SPREADS AND TOPPING"
LFS,188157,0,"FOOD CUPBOARD","SPREADS AND TOPPING"
LFS,188165,0,"FOOD CUPBOARD",CONDIMENTS
LFS,188170,0,"FOOD CUPBOARD","HONEY  JAM AND MARMALADE"
LFS,188171,0,"FOOD CUPBOARD","HONEY  JAM AND MARMALADE"
LFS,188174,0,"FOOD CUPBOARD","HONEY  JAM AND MARMALADE"
LFS,188176,0,"FOOD CUPBOARD",CONDIMENTS
LFS,188969,0,"FOOD CUPBOARD",FLOURS
LFS,188971,0,BEVERAGES,TEA
LFS,188989,0,"FOOD CUPBOARD","CANNED FOOD"
LFS,188990,0,BEVERAGES,TEA
LFS,189000,0,"BEVERAGES ALCOHOLIC",WINES
LFS,189001,0,"BEVERAGES ALCOHOLIC",WINES
LFS,189002,0,"BEVERAGES ALCOHOLIC",WINES
LFS,189004,0,"BEVERAGES ALCOHOLIC",WINES
LFS,189007,0,BEVERAGES,TEA
LFS,189009,0,BEVERAGES,TEA
LFS,189010,0,BEVERAGES,TEA
LFS,189013,0,BEVERAGES,TEA
LFS,189014,0,BEVERAGES,TEA
LFS,189018,0,BEVERAGES,TEA
LFS,189021,0,BEVERAGES,DRINKS
LFS,190863,0,"HOME AND PERSONAL CARE","PERSONAL WASH"
LFS,190865,0,"FOOD CUPBOARD",CONFECTIONERY
LFS,190866,0,"FOOD CUPBOARD",CONFECTIONERY
LFS,190867,0,"FOOD CUPBOARD","HONEY  JAM AND MARMALADE"
LFS,190927,0,"HOME AND PERSONAL CARE","ORAL CARE"
LFS,190929,0,"HOME AND PERSONAL CARE","LAUNDRY CARE"
LFS,190935,0,"HOME AND PERSONAL CARE","SKIN CARE"
LFS,190945,0,"FOOD CUPBOARD",BISCUITS
LFS,190949,0,"HOME AND PERSONAL CARE",FRESHENERS
LFS,190950,0,"HOME AND PERSONAL CARE",FRESHENERS
LFS,190964,0,"FOOD CUPBOARD","MILK AND CREAMERS"
LFS,186367,0,"FOOD CUPBOARD",CONFECTIONERY
LFS,186368,0,"FOOD CUPBOARD",CONFECTIONERY
LFS,186369,0,"FOOD CUPBOARD",CONFECTIONERY
LFS,186370,0,"FOOD CUPBOARD",CONFECTIONERY
LFS,186371,0,"FOOD CUPBOARD",CONFECTIONERY
LFS,186375,0,"FOOD CUPBOARD",CONFECTIONERY
LFS,186378,0,"FOOD CUPBOARD",CONFECTIONERY
LFS,186379,0,"FOOD CUPBOARD",CONFECTIONERY
LFS,186380,0,"FOOD CUPBOARD",CONFECTIONERY
LFS,186382,0,"FOOD CUPBOARD",CONFECTIONERY
LFS,186385,0,"FOOD CUPBOARD",CONFECTIONERY
LFS,186386,0,"FOOD CUPBOARD",CONFECTIONERY
LFS,186387,0,"FOOD CUPBOARD",CONFECTIONERY
LFS,186388,0,"FOOD CUPBOARD",CONFECTIONERY
LFS,186390,0,"FOOD CUPBOARD",CONFECTIONERY
LFS,186392,0,"FOOD CUPBOARD",CONFECTIONERY
LFS,186394,0,"FOOD CUPBOARD",CONFECTIONERY
LFS,188184,0,"FOOD CUPBOARD",SNACKS
LFS,188185,0,"FOOD CUPBOARD",SNACKS
LFS,188186,0,"FOOD CUPBOARD",SNACKS
LFS,188188,0,"FOOD CUPBOARD",SNACKS
LFS,188189,0,"FOOD CUPBOARD",SNACKS
LFS,18819,0,"BEVERAGES ALCOHOLIC","BOTTLE BEER"
LFS,188190,0,"FOOD CUPBOARD",SNACKS
LFS,188191,0,BEVERAGES,DRINKS
LFS,188192,0,"FOOD CUPBOARD",SNACKS
LFS,188194,0,"BEVERAGES ALCOHOLIC","BOTTLE BEER"
LFS,188196,0,"FRUITS- IMPORT",Fruits
LFS,188197,0,"FRUITS- IMPORT",Fruits
LFS,188211,0,"FOOD CUPBOARD","CANNED FOOD"
LFS,188213,0,"FOOD CUPBOARD","CANNED FOOD"
LFS,189023,0,BEVERAGES,TEA
LFS,189025,0,BEVERAGES,TEA
LFS,189026,0,BEVERAGES,TEA
LFS,189028,0,"FOOD CUPBOARD",FLOURS
LFS,189031,0,BEVERAGES,TEA
LFS,189033,0,BEVERAGES,TEA
LFS,189034,0,BEVERAGES,TEA
LFS,189035,0,BEVERAGES,TEA
LFS,189036,0,BEVERAGES,TEA
LFS,189037,0,BEVERAGES,TEA
LFS,189038,0,BEVERAGES,TEA
LFS,189042,0,BEVERAGES,TEA
LFS,189043,0,BEVERAGES,TEA
LFS,189045,0,BEVERAGES,TEA
LFS,189047,0,"FOOD CUPBOARD","BAKING INGREDIENTS"
LFS,189048,0,"FOOD CUPBOARD",FLOURS
LFS,189062,0,"FOOD CUPBOARD","BABY FOOD"
LFS,189078,0,"FOOD CUPBOARD","BABY FOOD"
LFS,189114,0,"FOOD CUPBOARD","BABY FOOD"
LFS,189115,0,"HOME AND PERSONAL CARE","HEALTH AND WELLNESS"
LFS,189116,0,"HOME AND PERSONAL CARE","HEALTH AND WELLNESS"
LFS,190971,0,"FOOD CUPBOARD","SPICES AND HERBS"
LFS,190973,0,"FOOD CUPBOARD",CONDIMENTS
LFS,190975,0,BEVERAGES,COFFEE
LFS,190990,0,"FOOD CUPBOARD","RAW RICE"
LFS,190997,0,"FOOD CUPBOARD",SNACKS
LFS,191003,0,"HOME AND PERSONAL CARE","PERSONAL WASH"
LFS,191004,0,"HOME AND PERSONAL CARE","PERSONAL WASH"
LFS,191008,0,"FOOD CUPBOARD",CONFECTIONERY
LFS,191014,0,"FOOD CUPBOARD",CONFECTIONERY
LFS,191015,0,"FOOD CUPBOARD",CONFECTIONERY
LFS,191019,0,"FOOD CUPBOARD",CONFECTIONERY
LFS,191020,0,"FOOD CUPBOARD",CONFECTIONERY
LFS,191031,0,"FOOD CUPBOARD",BISCUITS
LFS,186397,0,"FOOD CUPBOARD",CONFECTIONERY
LFS,186398,0,"FOOD CUPBOARD",CONFECTIONERY
LFS,186399,0,"FOOD CUPBOARD",CONFECTIONERY
LFS,186400,0,"FOOD CUPBOARD",CONFECTIONERY
LFS,186401,0,"FOOD CUPBOARD",CONFECTIONERY
LFS,186460,0,"FOOD CUPBOARD","SPREADS AND TOPPING"
LFS,186465,0,"FOOD CUPBOARD",SNACKS
LFS,186466,0,"FOOD CUPBOARD",SNACKS
LFS,186467,0,"FOOD CUPBOARD",SNACKS
LFS,186468,0,"FOOD CUPBOARD",SNACKS
LFS,186469,0,"FOOD CUPBOARD",SNACKS
LFS,186470,0,"FOOD CUPBOARD",SNACKS
LFS,186471,0,"FOOD CUPBOARD",SNACKS
LFS,186472,0,"FOOD CUPBOARD",SNACKS
LFS,186474,0,"FOOD CUPBOARD","SPREADS AND TOPPING"
LFS,18652,0,"FOOD CUPBOARD",SNACKS
LFS,18653,0,"FOOD CUPBOARD",SNACKS
LFS,18654,0,"FOOD CUPBOARD",SNACKS
LFS,188217,0,BEVERAGES,COFFEE
LFS,188218,0,"FOOD CUPBOARD","SPREADS AND TOPPING"
LFS,188219,0,"FOOD CUPBOARD","SPREADS AND TOPPING"
LFS,18822,0,"HOME AND PERSONAL CARE","PET CARE"
LFS,188220,0,"FOOD CUPBOARD","SPICES AND HERBS"
LFS,188224,0,"FOOD CUPBOARD",CONFECTIONERY
LFS,188227,0,"HOME AND PERSONAL CARE",DISPOSABLE
LFS,188228,0,BEVERAGES,DRINKS
LFS,188230,0,BEVERAGES,JUICE
LFS,188231,0,"BEVERAGES ALCOHOLIC",WINES
LFS,188232,0,"FOOD CUPBOARD",BISCUITS
LFS,188234,0,"FOOD CUPBOARD",CONFECTIONERY
LFS,188235,0,"FOOD CUPBOARD",CONFECTIONERY
LFS,188236,0,"FOOD CUPBOARD",CONFECTIONERY
LFS,188237,0,"FOOD CUPBOARD",CONFECTIONERY
LFS,188238,0,"FOOD CUPBOARD",CONFECTIONERY
LFS,189117,0,"HOME AND PERSONAL CARE","HEALTH AND WELLNESS"
LFS,189119,0,"HOME AND PERSONAL CARE","HEALTH AND WELLNESS"
LFS,189123,0,"FOOD CUPBOARD","BABY FOOD"
LFS,189124,0,"FOOD CUPBOARD","BABY FOOD"
LFS,189125,0,"FOOD CUPBOARD","BABY FOOD"
LFS,189126,0,"FOOD CUPBOARD","BABY FOOD"
LFS,189131,0,"FOOD CUPBOARD","BABY FOOD"
LFS,189132,0,"FOOD CUPBOARD","BABY FOOD"
LFS,189148,0,"FOOD CUPBOARD",SNACKS
LFS,189149,0,"FOOD CUPBOARD",SNACKS
LFS,189150,0,"FOOD CUPBOARD",SNACKS
LFS,189153,0,"FRESH DAIRY AND EGGS",cheeses
LFS,189154,0,"FRESH DAIRY AND EGGS",cheeses
LFS,189155,0,"FRESH DAIRY AND EGGS",cheeses
LFS,189157,0,"HOME AND PERSONAL CARE","PET CARE"
LFS,191044,0,"HOME AND PERSONAL CARE","SKIN CARE"
LFS,191047,0,"HOME AND PERSONAL CARE","SKIN CARE"
LFS,191049,0,"HOME AND PERSONAL CARE","SKIN CARE"
LFS,191051,0,"HOME AND PERSONAL CARE","SKIN CARE"
LFS,191052,0,"HOME AND PERSONAL CARE",FRAGRANCES
LFS,191053,0,"HOME AND PERSONAL CARE",FRAGRANCES
LFS,191054,0,"HOME AND PERSONAL CARE",FRAGRANCES
LFS,191056,0,"FOOD CUPBOARD","MILK AND CREAMERS"
LFS,191057,0,"FOOD CUPBOARD",FLOURS
LFS,191058,0,"FOOD CUPBOARD","MILK AND CREAMERS"
LFS,191059,0,"HOME AND PERSONAL CARE",FRAGRANCES
LFS,191060,0,"HOME AND PERSONAL CARE",FRAGRANCES
LFS,191061,0,"HOME AND PERSONAL CARE",FRAGRANCES
LFS,191062,0,"HOME AND PERSONAL CARE",FRAGRANCES
LFS,191063,0,"HOME AND PERSONAL CARE",FRAGRANCES
LFS,191064,0,"HOME AND PERSONAL CARE",FRAGRANCES
LFS,191065,0,"HOME AND PERSONAL CARE",FRAGRANCES
LFS,191066,0,"HOME AND PERSONAL CARE",FRAGRANCES
LFS,191067,0,"HOME AND PERSONAL CARE",FRAGRANCES
LFS,191074,0,"HOME AND PERSONAL CARE",FRAGRANCES
LFS,191075,0,"HOME AND PERSONAL CARE",FRAGRANCES
LFS,191077,0,"HOME AND PERSONAL CARE",FRAGRANCES
LFS,186609,0,BEVERAGES,DRINKS
LFS,186612,0,BEVERAGES,JUICE
LFS,186613,0,BEVERAGES,JUICE
LFS,186641,0,"FOOD CUPBOARD","SPREADS AND TOPPING"
LFS,186642,0,"FOOD CUPBOARD","NOODLES AND SOUP"
LFS,186643,0,"FOOD CUPBOARD","NOODLES AND SOUP"
LFS,186645,0,"FOOD CUPBOARD","NOODLES AND SOUP"
LFS,186647,0,"FOOD CUPBOARD","NOODLES AND SOUP"
LFS,186648,0,"FOOD CUPBOARD","NOODLES AND SOUP"
LFS,186649,0,"FOOD CUPBOARD",BISCUITS
LFS,188241,0,"FOOD CUPBOARD","SPREADS AND TOPPING"
LFS,188245,0,BEVERAGES,DRINKS
LFS,188246,0,BEVERAGES,DRINKS
LFS,188247,0,BEVERAGES,DRINKS
LFS,18825,0,"FOOD CUPBOARD","CANNED FOOD"
LFS,188251,0,"FOOD CUPBOARD","SPICES AND HERBS"
LFS,188252,0,"FOOD CUPBOARD","SPICES AND HERBS"
LFS,188253,0,"FOOD CUPBOARD","SPICES AND HERBS"
LFS,188254,0,"FOOD CUPBOARD","SPICES AND HERBS"
LFS,188256,0,"FOOD CUPBOARD","SPICES AND HERBS"
LFS,188276,0,"FOOD CUPBOARD",CONDIMENTS
LFS,188277,0,"FOOD CUPBOARD",CONDIMENTS
LFS,188278,0,"FOOD CUPBOARD","SPICES AND HERBS"
LFS,188279,0,"FOOD CUPBOARD","SPICES AND HERBS"
LFS,188280,0,"FOOD CUPBOARD",CONDIMENTS
LFS,189197,0,"FROZEN FOOD",CHICKEN
LFS,189337,0,"FOOD CUPBOARD","READY TO EAT"
LFS,189339,0,"FOOD CUPBOARD",SNACKS
LFS,189340,0,"FOOD CUPBOARD",SNACKS
LFS,189345,0,"FOOD CUPBOARD","READY TO EAT"
LFS,189346,0,"FOOD CUPBOARD","READY TO EAT"
LFS,189347,0,"FOOD CUPBOARD","READY TO EAT"
LFS,189349,0,"FOOD CUPBOARD","READY TO EAT"
LFS,189351,0,"FOOD CUPBOARD","READY TO EAT"
LFS,189352,0,"FOOD CUPBOARD","READY TO EAT"
LFS,191085,0,"FOOD CUPBOARD",CONFECTIONERY
LFS,191088,0,"FOOD CUPBOARD",CONFECTIONERY
LFS,191090,0,"FOOD CUPBOARD",CONFECTIONERY
LFS,191092,0,"HOME AND PERSONAL CARE",FRAGRANCES
LFS,191094,0,"FOOD CUPBOARD",CONFECTIONERY
LFS,191095,0,"HOME AND PERSONAL CARE",FRAGRANCES
LFS,191096,0,"FOOD CUPBOARD",CONFECTIONERY
LFS,191097,0,"FOOD CUPBOARD",CONFECTIONERY
LFS,191100,0,"FOOD CUPBOARD",CONFECTIONERY
LFS,191107,0,"FOOD CUPBOARD","FROZEN ITEMS"
LFS,191108,0,"FOOD CUPBOARD","FROZEN ITEMS"
LFS,191115,0,"FOOD CUPBOARD","FROZEN ITEMS"
LFS,191116,0,"FOOD CUPBOARD","FROZEN ITEMS"
LFS,191119,0,"HOME AND PERSONAL CARE",FRAGRANCES
LFS,191120,0,"FOOD CUPBOARD","FROZEN ITEMS"
LFS,191121,0,"FOOD CUPBOARD","FROZEN ITEMS"
LFS,191122,0,"FOOD CUPBOARD","FROZEN ITEMS"
LFS,191124,0,"FOOD CUPBOARD","FROZEN ITEMS"
LFS,191125,0,"HOME AND PERSONAL CARE",FRAGRANCES
LFS,186650,0,"FOOD CUPBOARD",BISCUITS
LFS,186651,0,"FOOD CUPBOARD",BISCUITS
LFS,186655,0,"FOOD CUPBOARD","EDIBLE OILS AND GHEE"
LFS,186659,0,"FROZEN FOOD","FROZEN SNACKS - VEG"
LFS,186664,0,"FOOD CUPBOARD","INSTANT MIX"
LFS,186684,0,"HOME AND PERSONAL CARE",FRAGRANCES
LFS,186687,0,"HOME AND PERSONAL CARE",FRAGRANCES
LFS,186700,0,"FOOD CUPBOARD","NOODLES AND SOUP"
LFS,186705,0,"FOOD CUPBOARD",SNACKS
LFS,186721,0,"FOOD CUPBOARD","SPREADS AND TOPPING"
LFS,186725,0,"FOOD CUPBOARD","INSTANT MIX"
LFS,188281,0,"FOOD CUPBOARD","SPICES AND HERBS"
LFS,188283,0,"FOOD CUPBOARD","SPICES AND HERBS"
LFS,188284,0,"FOOD CUPBOARD","SPICES AND HERBS"
LFS,188285,0,"FOOD CUPBOARD","CANNED FOOD"
LFS,188288,0,"FOOD CUPBOARD","PASTA AND SPAGHETTI"
LFS,188290,0,"FOOD CUPBOARD","PASTA AND SPAGHETTI"
LFS,188291,0,"FOOD CUPBOARD","PASTA AND SPAGHETTI"
LFS,188292,0,"FOOD CUPBOARD","PASTA AND SPAGHETTI"
LFS,188293,0,"FOOD CUPBOARD","PASTA AND SPAGHETTI"
LFS,188299,0,"FOOD CUPBOARD","DRYFRUITS AND NUTS"
LFS,188304,0,"FOOD CUPBOARD","DRYFRUITS AND NUTS"
LFS,188305,0,"FOOD CUPBOARD",CONFECTIONERY
LFS,188307,0,"FOOD CUPBOARD","GRAINS AND PULSES"
LFS,188308,0,"FOOD CUPBOARD","RAW RICE"
LFS,189353,0,"FOOD CUPBOARD","READY TO EAT"
LFS,189354,0,"FOOD CUPBOARD","CANNED FOOD"
LFS,189355,0,"FOOD CUPBOARD","CANNED FOOD"
LFS,189356,0,"FOOD CUPBOARD","CANNED FOOD"
LFS,189357,0,"FOOD CUPBOARD","SPREADS AND TOPPING"
LFS,189358,0,"FOOD CUPBOARD","SPREADS AND TOPPING"
LFS,189359,0,"FOOD CUPBOARD","SPREADS AND TOPPING"
LFS,189360,0,"FOOD CUPBOARD","SPREADS AND TOPPING"
LFS,189361,0,"FOOD CUPBOARD","SPREADS AND TOPPING"
LFS,189362,0,"FOOD CUPBOARD","SPREADS AND TOPPING"
LFS,189364,0,"FOOD CUPBOARD","SPREADS AND TOPPING"
LFS,189365,0,"FOOD CUPBOARD",CONDIMENTS
LFS,189366,0,"FOOD CUPBOARD",CONDIMENTS
LFS,189368,0,"FOOD CUPBOARD",CONDIMENTS
LFS,189369,0,"FOOD CUPBOARD",CONDIMENTS
LFS,189370,0,"FOOD CUPBOARD",CONDIMENTS
LFS,189394,0,"FOOD CUPBOARD","MILK AND CREAMERS"
LFS,189395,0,"FOOD CUPBOARD","MILK AND CREAMERS"
LFS,189404,0,"FRESH DAIRY AND EGGS",Yoghurt
LFS,191129,0,"HOME AND PERSONAL CARE",FRAGRANCES
LFS,191131,0,"FOOD CUPBOARD","FROZEN ITEMS"
LFS,191132,0,"HOME AND PERSONAL CARE",FRAGRANCES
LFS,191134,0,"HOME AND PERSONAL CARE",FRAGRANCES
LFS,191136,0,"HOME AND PERSONAL CARE",FRAGRANCES
LFS,191139,0,"FOOD CUPBOARD","FROZEN ITEMS"
LFS,191152,0,"FOOD CUPBOARD","FROZEN ITEMS"
LFS,191153,0,"FOOD CUPBOARD","FROZEN ITEMS"
LFS,191155,0,"FOOD CUPBOARD","FROZEN ITEMS"
LFS,191159,0,"FOOD CUPBOARD","FROZEN ITEMS"
LFS,191160,0,"FOOD CUPBOARD","FROZEN ITEMS"
LFS,191161,0,"FOOD CUPBOARD","FROZEN ITEMS"
LFS,191162,0,"FOOD CUPBOARD","FROZEN ITEMS"
LFS,191163,0,"FOOD CUPBOARD","FROZEN ITEMS"
LFS,191168,0,"FOOD CUPBOARD","FROZEN ITEMS"
LFS,191169,0,"FOOD CUPBOARD","FROZEN ITEMS"
LFS,191170,0,"FOOD CUPBOARD","FROZEN ITEMS"
LFS,191171,0,"FOOD CUPBOARD","FROZEN ITEMS"
LFS,191172,0,"FOOD CUPBOARD","FROZEN ITEMS"
LFS,191174,0,"FOOD CUPBOARD","FROZEN ITEMS"
LFS,191179,0,"FOOD CUPBOARD","FROZEN ITEMS"
LFS,191182,0,"FOOD CUPBOARD","FROZEN ITEMS"
LFS,191183,0,"FOOD CUPBOARD","FROZEN ITEMS"
LFS,191184,0,"FOOD CUPBOARD","FROZEN ITEMS"
LFS,191186,0,"FOOD CUPBOARD","FROZEN ITEMS"
LFS,186757,0,BEVERAGES,DRINKS
LFS,186770,0,"FOOD CUPBOARD","NOODLES AND SOUP"
LFS,186775,0,"FOOD CUPBOARD","EDIBLE OILS AND GHEE"
LFS,186776,0,"FOOD CUPBOARD","SPICES AND HERBS"
LFS,186777,0,"FOOD CUPBOARD",SNACKS
LFS,186778,0,"FOOD CUPBOARD",SNACKS
LFS,186779,0,"FOOD CUPBOARD",SNACKS
LFS,186780,0,"FOOD CUPBOARD",SNACKS
LFS,186781,0,"FOOD CUPBOARD",SNACKS
LFS,186784,0,"FOOD CUPBOARD",SNACKS
LFS,186785,0,"FOOD CUPBOARD",SNACKS
LFS,186787,0,"FOOD CUPBOARD","SPREADS AND TOPPING"
LFS,186796,0,AMBIENT-HALLAB,SEEDS
LFS,186797,0,"FOOD CUPBOARD","SPICES AND HERBS"
LFS,186803,0,"FOOD CUPBOARD","RAW RICE"
LFS,186805,0,"FOOD CUPBOARD",FLOURS
LFS,188313,0,"FOOD CUPBOARD","EDIBLE OILS AND GHEE"
LFS,188314,0,"FOOD CUPBOARD",CONDIMENTS
LFS,188317,0,BEVERAGES,COFFEE
LFS,188320,0,"FOOD CUPBOARD","GRAINS AND PULSES"
LFS,188321,0,"FOOD CUPBOARD","GRAINS AND PULSES"
LFS,188323,0,"FOOD CUPBOARD","CANNED FOOD"
LFS,188330,0,"FOOD CUPBOARD","PASTA AND SPAGHETTI"
LFS,188336,0,"FOOD CUPBOARD","GRAINS AND PULSES"
LFS,188337,0,"FOOD CUPBOARD","GRAINS AND PULSES"
LFS,188341,0,"FOOD CUPBOARD","GRAINS AND PULSES"
LFS,189406,0,"FRESH DAIRY AND EGGS",Yoghurt
LFS,189407,0,"FRESH DAIRY AND EGGS",Yoghurt
LFS,189411,0,BEVERAGES,DRINKS
LFS,189412,0,"FRESH DAIRY AND EGGS",cheeses
LFS,189413,0,"FRESH DAIRY AND EGGS",cheeses
LFS,189414,0,"FRESH DAIRY AND EGGS",cheeses
LFS,189417,0,"FROZEN FOOD",BUTTER
LFS,189418,0,"FRESH DAIRY AND EGGS",cheeses
LFS,189424,0,"FOOD CUPBOARD",FLOURS
LFS,189428,0,"FOOD CUPBOARD",BISCUITS
LFS,189429,0,"FOOD CUPBOARD",BISCUITS
LFS,189456,0,BAKERY,BREADS
LFS,189459,0,BAKERY,BREADS
LFS,189468,0,BAKERY,BREADS
LFS,189469,0,BAKERY,BREADS
LFS,189470,0,BAKERY,BREADS
LFS,189471,0,BAKERY,BREADS
LFS,189472,0,BAKERY,BREADS
LFS,189473,0,BAKERY,BREADS
LFS,189474,0,BAKERY,BREADS
LFS,189475,0,BAKERY,BREADS
LFS,189476,0,BAKERY,BREADS
LFS,189478,0,BAKERY,BREADS
LFS,191196,0,"FOOD CUPBOARD","FROZEN ITEMS"
LFS,191201,0,"FOOD CUPBOARD","FROZEN ITEMS"
LFS,191208,0,"FOOD CUPBOARD","FROZEN ITEMS"
LFS,191212,0,"FOOD CUPBOARD","FROZEN ITEMS"
LFS,191214,0,"FOOD CUPBOARD","FROZEN ITEMS"
LFS,191216,0,"FOOD CUPBOARD","FROZEN ITEMS"
LFS,191219,0,"FOOD CUPBOARD","FROZEN ITEMS"
LFS,191220,0,"FOOD CUPBOARD","FROZEN ITEMS"
LFS,191228,0,"FOOD CUPBOARD","FROZEN ITEMS"
LFS,191230,0,"FOOD CUPBOARD","FROZEN ITEMS"
LFS,191243,0,"FOOD CUPBOARD","FROZEN ITEMS"
LFS,191244,0,"FOOD CUPBOARD","FROZEN ITEMS"
LFS,191255,0,"FOOD CUPBOARD","FROZEN ITEMS"
LFS,191285,0,"FOOD CUPBOARD","FROZEN ITEMS"
LFS,191286,0,"FOOD CUPBOARD","FROZEN ITEMS"
LFS,191289,0,"FOOD CUPBOARD","FROZEN ITEMS"
LFS,191296,0,"FOOD CUPBOARD","FROZEN ITEMS"
LFS,186807,0,"FOOD CUPBOARD","SPICES AND HERBS"
LFS,186808,0,"FOOD CUPBOARD","SPREADS AND TOPPING"
LFS,186856,0,"FOOD CUPBOARD","EDIBLE OILS AND GHEE"
LFS,186871,0,"FOOD CUPBOARD","SPREADS AND TOPPING"
LFS,186872,0,"FOOD CUPBOARD","SPREADS AND TOPPING"
LFS,188345,0,"FOOD CUPBOARD","CANNED FOOD"
LFS,188346,0,"FOOD CUPBOARD",CONDIMENTS
LFS,188347,0,"FOOD CUPBOARD",CONDIMENTS
LFS,188348,0,"FOOD CUPBOARD",CONDIMENTS
LFS,188349,0,"FOOD CUPBOARD",CONDIMENTS
LFS,188350,0,"FOOD CUPBOARD","GRAINS AND PULSES"
LFS,188352,0,"FOOD CUPBOARD","BREAKFAST CEREALS"
LFS,188353,0,"FOOD CUPBOARD","CANNED FOOD"
LFS,188354,0,"FOOD CUPBOARD","EDIBLE OILS AND GHEE"
LFS,188356,0,"HOME AND PERSONAL CARE","PERSONAL WASH"
LFS,188357,0,"HOME AND PERSONAL CARE","PERSONAL WASH"
LFS,188358,0,"FOOD CUPBOARD","CANNED FOOD"
LFS,188359,0,"HOME AND PERSONAL CARE","PERSONAL WASH"
LFS,188361,0,"HOME AND PERSONAL CARE","PERSONAL WASH"
LFS,188363,0,"FOOD CUPBOARD",CONDIMENTS
LFS,188364,0,"FOOD CUPBOARD","SPICES AND HERBS"
LFS,188365,0,"FOOD CUPBOARD","DRYFRUITS AND NUTS"
LFS,188366,0,"FOOD CUPBOARD","SPICES AND HERBS"
LFS,188369,0,"FOOD CUPBOARD","CANNED FOOD"
LFS,189479,0,BAKERY,BREADS
LFS,189480,0,BAKERY,BREADS
LFS,189481,0,BAKERY,BREADS
LFS,189482,0,BAKERY,BREADS
LFS,189483,0,BAKERY,BREADS
LFS,189484,0,BAKERY,BREADS
LFS,189485,0,BAKERY,BREADS
LFS,189493,0,"FOOD CUPBOARD",CONDIMENTS
LFS,189505,0,BEVERAGES,"MINERAL WATER"
LFS,189506,0,"FOOD CUPBOARD",SNACKS
LFS,189510,0,"FOOD CUPBOARD",SNACKS
LFS,189519,0,"BEVERAGES ALCOHOLIC",CIDER
LFS,189526,0,"HOME AND PERSONAL CARE",FRESHENERS
LFS,189527,0,"HOME AND PERSONAL CARE",FRESHENERS
LFS,189528,0,"HOME AND PERSONAL CARE",FRESHENERS
LFS,189529,0,"HOME AND PERSONAL CARE",FRESHENERS
LFS,189563,0,"FOOD CUPBOARD",CONDIMENTS
LFS,189568,0,"FOOD CUPBOARD",FLOURS
LFS,189569,0,"FOOD CUPBOARD",FLOURS
LFS,191316,0,"FOOD CUPBOARD","FROZEN ITEMS"
LFS,191317,0,"FOOD CUPBOARD","FROZEN ITEMS"
LFS,191321,0,"FOOD CUPBOARD","FROZEN ITEMS"
LFS,191324,0,"FOOD CUPBOARD","FROZEN ITEMS"
LFS,191342,0,"FOOD CUPBOARD","SPICES AND HERBS"
LFS,191345,0,"FOOD CUPBOARD","NOODLES AND SOUP"
LFS,191346,0,"FOOD CUPBOARD",BISCUITS
LFS,191347,0,"FOOD CUPBOARD",BISCUITS
LFS,191348,0,"HOME AND PERSONAL CARE","HOUSEHOLD CLEANERS"
LFS,191351,0,"HOME AND PERSONAL CARE","SKIN CARE"
LFS,191355,0,"HOME AND PERSONAL CARE","HOUSEHOLD CLEANERS"
LFS,191358,0,"HOME AND PERSONAL CARE","LAUNDRY CARE"
LFS,191361,0,"FOOD CUPBOARD","SPICES AND HERBS"
LFS,191362,0,"FOOD CUPBOARD","SPICES AND HERBS"
LFS,191363,0,"FOOD CUPBOARD","CANNED FOOD"
LFS,191364,0,"FOOD CUPBOARD",CONDIMENTS
LFS,186890,0,"FOOD CUPBOARD","SPREADS AND TOPPING"
LFS,186891,0,"FOOD CUPBOARD",SNACKS
LFS,186893,0,"FOOD CUPBOARD","SPREADS AND TOPPING"
LFS,186925,0,"FOOD CUPBOARD","SALT  SUGAR AND JAGGERY"
LFS,186927,0,"FOOD CUPBOARD","BREAKFAST CEREALS"
LFS,186973,0,"FRESH DAIRY AND EGGS","Farm Eggs"
LFS,186976,0,"FRESH DAIRY AND EGGS","Farm Eggs"
LFS,186978,0,"FRESH DAIRY AND EGGS","Farm Eggs"
LFS,186980,0,"FRESH DAIRY AND EGGS","Farm Eggs"
LFS,186982,0,"FRESH DAIRY AND EGGS","Farm Eggs"
LFS,186985,0,"FRESH DAIRY AND EGGS","Farm Eggs"
LFS,187113,0,"FOOD CUPBOARD","BREAKFAST CEREALS"
LFS,187125,0,"HOME AND PERSONAL CARE",FRESHENERS
LFS,187146,0,BEVERAGES,DRINKS
LFS,187147,0,BEVERAGES,DRINKS
LFS,188371,0,"FOOD CUPBOARD","SPREADS AND TOPPING"
LFS,188372,0,"FOOD CUPBOARD","SALT  SUGAR AND JAGGERY"
LFS,188374,0,"FOOD CUPBOARD","DRYFRUITS AND NUTS"
LFS,188376,0,"FOOD CUPBOARD","PASTA AND SPAGHETTI"
LFS,188377,0,"FOOD CUPBOARD",SNACKS
LFS,188380,0,"FOOD CUPBOARD",CONDIMENTS
LFS,188382,0,"FOOD CUPBOARD","RAW RICE"
LFS,188385,0,"FOOD CUPBOARD","GRAINS AND PULSES"
LFS,188387,0,"FOOD CUPBOARD","DRYFRUITS AND NUTS"
LFS,188388,0,"FOOD CUPBOARD",CONDIMENTS
LFS,188389,0,"FOOD CUPBOARD","EDIBLE OILS AND GHEE"
LFS,188404,0,"FOOD CUPBOARD","CANNED FOOD"
LFS,188476,0,"FOOD CUPBOARD","DRYFRUITS AND NUTS"
LFS,188482,0,"FOOD CUPBOARD","DRYFRUITS AND NUTS"
LFS,203382,0,"HOME AND PERSONAL CARE","HAIR CARE"
LFS,203384,0,"HOME AND PERSONAL CARE","PERSONAL WASH"
LFS,203385,0,"HOME AND PERSONAL CARE","HAIR CARE"
LFS,203386,0,"HOME AND PERSONAL CARE","HAIR CARE"
LFS,203387,0,"HOME AND PERSONAL CARE","HAIR CARE"
LFS,203388,0,"HOME AND PERSONAL CARE","HAIR CARE"
LFS,203389,0,"HOME AND PERSONAL CARE","HAIR CARE"
LFS,203393,0,"HOME AND PERSONAL CARE","HAIR CARE"
LFS,203401,0,"HOME AND PERSONAL CARE","PERSONAL WASH"
LFS,200976,0,"FOOD CUPBOARD","CANNED FOOD"
LFS,200977,0,"FOOD CUPBOARD",CONDIMENTS
LFS,200978,0,"FOOD CUPBOARD","HONEY  JAM AND MARMALADE"
LFS,200979,0,"FOOD CUPBOARD",BISCUITS
LFS,200980,0,"FOOD CUPBOARD",BISCUITS
LFS,200984,0,"FOOD CUPBOARD",CONFECTIONERY
LFS,200985,0,"FOOD CUPBOARD",CONFECTIONERY
LFS,200986,0,"FOOD CUPBOARD","SPREADS AND TOPPING"
LFS,200987,0,"FOOD CUPBOARD",CONFECTIONERY
LFS,200988,0,"FOOD CUPBOARD",CONFECTIONERY
LFS,200989,0,"FOOD CUPBOARD",CONFECTIONERY
LFS,200990,0,"FOOD CUPBOARD",CONFECTIONERY
LFS,200991,0,"FOOD CUPBOARD","CANNED FOOD"
LFS,200993,0,"FOOD CUPBOARD",CONFECTIONERY
LFS,201591,0,"HOME AND PERSONAL CARE","HAIR CARE"
LFS,201592,0,"HOME AND PERSONAL CARE","HAIR CARE"
LFS,201593,0,"HOME AND PERSONAL CARE",FRAGRANCES
LFS,201594,0,"HOME AND PERSONAL CARE",FRAGRANCES
LFS,201596,0,"HOME AND PERSONAL CARE","HEALTH AND WELLNESS"
LFS,201598,0,"HOME AND PERSONAL CARE","HEALTH AND WELLNESS"
LFS,201599,0,"HOME AND PERSONAL CARE","FEMININE CARE"
LFS,201605,0,"HOME AND PERSONAL CARE","FEMININE CARE"
LFS,20161,0,"FOOD CUPBOARD",CONFECTIONERY
LFS,201615,0,"HOME AND PERSONAL CARE",DISPOSABLE
LFS,201616,0,"HOME AND PERSONAL CARE",DISPOSABLE
LFS,202989,0,"HOME AND PERSONAL CARE","HAIR CARE"
LFS,202995,0,BEVERAGES,"MINERAL WATER"
LFS,203001,0,BEVERAGES,DRINKS
LFS,203011,0,"HOME AND PERSONAL CARE","SKIN CARE"
LFS,203403,0,"HOME AND PERSONAL CARE","MENS GROOMING"
LFS,203404,0,"HOME AND PERSONAL CARE","MENS GROOMING"
LFS,203405,0,"HOME AND PERSONAL CARE","HAIR CARE"
LFS,203406,0,"HOME AND PERSONAL CARE","HAIR CARE"
LFS,203410,0,"HOME AND PERSONAL CARE",DISPOSABLE
LFS,203411,0,"HOME AND PERSONAL CARE","PERSONAL WASH"
LFS,203413,0,"HOME AND PERSONAL CARE","HAIR CARE"
LFS,203414,0,"HOME AND PERSONAL CARE","PERSONAL WASH"
LFS,203416,0,"HOME AND PERSONAL CARE","PERSONAL WASH"
LFS,203417,0,"HOME AND PERSONAL CARE","MENS GROOMING"
LFS,203418,0,"HOME AND PERSONAL CARE","HAIR CARE"
LFS,203419,0,"HOME AND PERSONAL CARE","HAIR CARE"
LFS,203420,0,"HOME AND PERSONAL CARE","HAIR CARE"
LFS,203421,0,"HOME AND PERSONAL CARE","PERSONAL WASH"
LFS,203422,0,"HOME AND PERSONAL CARE","PERSONAL WASH"
LFS,203423,0,"HOME AND PERSONAL CARE","PERSONAL WASH"
LFS,200996,0,"FOOD CUPBOARD",CONDIMENTS
LFS,201001,0,"FOOD CUPBOARD",FLOURS
LFS,201003,0,"FOOD CUPBOARD",FLOURS
LFS,201005,0,"FOOD CUPBOARD","BAKING INGREDIENTS"
LFS,201007,0,"FOOD CUPBOARD","BAKING INGREDIENTS"
LFS,201008,0,"FOOD CUPBOARD","SPICES AND HERBS"
LFS,201012,0,"FOOD CUPBOARD","BAKING INGREDIENTS"
LFS,201018,0,"FOOD CUPBOARD",FLOURS
LFS,201019,0,"FOOD CUPBOARD",FLOURS
LFS,201023,0,"FOOD CUPBOARD","SPREADS AND TOPPING"
LFS,201029,0,"FOOD CUPBOARD",CONDIMENTS
LFS,201030,0,"FOOD CUPBOARD",CONDIMENTS
LFS,201617,0,"HOME AND PERSONAL CARE",DISPOSABLE
LFS,201618,0,"HOME AND PERSONAL CARE",DISPOSABLE
LFS,201620,0,"HOME AND PERSONAL CARE",DISPOSABLE
LFS,201624,0,"HOME AND PERSONAL CARE","HOUSEHOLD CLEANERS"
LFS,201626,0,"HOME AND PERSONAL CARE","FEMININE CARE"
LFS,201627,0,"HOME AND PERSONAL CARE","HOUSEHOLD CLEANERS"
LFS,20163,0,BEVERAGES,DRINKS
LFS,201633,0,"HOME AND PERSONAL CARE",DISPOSABLE
LFS,201634,0,"HOME AND PERSONAL CARE","INFANT AND BABY CARE"
LFS,201635,0,"HOME AND PERSONAL CARE","INFANT AND BABY CARE"
LFS,201636,0,"HOME AND PERSONAL CARE","INFANT AND BABY CARE"
LFS,201637,0,"FOOD CUPBOARD",CONDIMENTS
LFS,201640,0,"FOOD CUPBOARD",CONDIMENTS
LFS,201644,0,"FOOD CUPBOARD",CONDIMENTS
LFS,201648,0,"HOME AND PERSONAL CARE","HAIR CARE"
LFS,203025,0,"HOME AND PERSONAL CARE","PERSONAL WASH"
LFS,203032,0,"HOME AND PERSONAL CARE","SKIN CARE"
LFS,203431,0,"HOME AND PERSONAL CARE","PERSONAL WASH"
LFS,203432,0,"HOME AND PERSONAL CARE","HAIR CARE"
LFS,203433,0,"HOME AND PERSONAL CARE","MENS GROOMING"
LFS,203434,0,"HOME AND PERSONAL CARE","COLOR COSMETICS"
LFS,203441,0,"HOME AND PERSONAL CARE",FRAGRANCES
LFS,203444,0,"HOME AND PERSONAL CARE","HOUSEHOLD CLEANERS"
LFS,203445,0,"HOME AND PERSONAL CARE","PERSONAL WASH"
LFS,203448,0,"HOME AND PERSONAL CARE","HAIR CARE"
LFS,203449,0,"HOME AND PERSONAL CARE","MENS GROOMING"
LFS,203450,0,"HOME AND PERSONAL CARE","HAIR CARE"
LFS,201031,0,"FOOD CUPBOARD",CONDIMENTS
LFS,201033,0,"FOOD CUPBOARD",BISCUITS
LFS,201035,0,"FOOD CUPBOARD","BREAKFAST CEREALS"
LFS,201044,0,"FOOD CUPBOARD","SPICES AND HERBS"
LFS,201045,0,"FOOD CUPBOARD","SPREADS AND TOPPING"
LFS,201046,0,"FOOD CUPBOARD","SPREADS AND TOPPING"
LFS,20105,0,"FOOD CUPBOARD","SPREADS AND TOPPING"
LFS,201053,0,"FOOD CUPBOARD",CONDIMENTS
LFS,201054,0,"FOOD CUPBOARD",CONDIMENTS
LFS,201055,0,"FOOD CUPBOARD",CONDIMENTS
LFS,201057,0,"FOOD CUPBOARD",CONDIMENTS
LFS,201059,0,"HOME AND PERSONAL CARE",DISPOSABLE
LFS,201655,0,"FOOD CUPBOARD",CONDIMENTS
LFS,201656,0,"FOOD CUPBOARD",CONDIMENTS
LFS,201657,0,"FROZEN FOOD",MEAT
LFS,201658,0,"HOME AND PERSONAL CARE","HAIR CARE"
LFS,201661,0,"FRESH DAIRY AND EGGS",cheeses
LFS,201665,0,"HOME AND PERSONAL CARE","FEMININE CARE"
LFS,201667,0,"HOME AND PERSONAL CARE","FEMININE CARE"
LFS,201670,0,"HOME AND PERSONAL CARE","FEMININE CARE"
LFS,201676,0,"HOME AND PERSONAL CARE","FEMININE CARE"
LFS,201677,0,"HOME AND PERSONAL CARE","FEMININE CARE"
LFS,201684,0,"HOME AND PERSONAL CARE","HOUSEHOLD CLEANERS"
LFS,203039,0,"HOME AND PERSONAL CARE","SKIN CARE"
LFS,203042,0,"HOME AND PERSONAL CARE","SKIN CARE"
LFS,203061,0,"HOME AND PERSONAL CARE","HAIR CARE"
LFS,203062,0,"HOME AND PERSONAL CARE","HOUSEHOLD CLEANERS"
LFS,203065,0,"HOME AND PERSONAL CARE",DISPOSABLE
LFS,203066,0,"HOME AND PERSONAL CARE","PERSONAL WASH"
LFS,200101,0,"FOOD CUPBOARD","SPICES AND HERBS"
LFS,200103,0,"FOOD CUPBOARD","SPICES AND HERBS"
LFS,200104,0,"FOOD CUPBOARD","SPICES AND HERBS"
LFS,200105,0,"FOOD CUPBOARD","SPICES AND HERBS"
LFS,200107,0,"FOOD CUPBOARD","SPICES AND HERBS"
LFS,200108,0,"FOOD CUPBOARD","SPICES AND HERBS"
LFS,200109,0,"FOOD CUPBOARD","SPICES AND HERBS"
LFS,200110,0,"FOOD CUPBOARD","SPICES AND HERBS"
LFS,200111,0,"FOOD CUPBOARD","SPICES AND HERBS"
LFS,200112,0,"FOOD CUPBOARD","SPICES AND HERBS"
LFS,200113,0,"FOOD CUPBOARD",CONDIMENTS
LFS,200115,0,"FOOD CUPBOARD",CONDIMENTS
LFS,200116,0,"FOOD CUPBOARD","SPICES AND HERBS"
LFS,200117,0,"FOOD CUPBOARD","SPICES AND HERBS"
LFS,200121,0,"FOOD CUPBOARD","SALT  SUGAR AND JAGGERY"
LFS,200122,0,"FOOD CUPBOARD","SALT  SUGAR AND JAGGERY"
LFS,200123,0,"FOOD CUPBOARD","SALT  SUGAR AND JAGGERY"
LFS,201061,0,"FOOD CUPBOARD",CONFECTIONERY
LFS,201063,0,"FOOD CUPBOARD","BAKING INGREDIENTS"
LFS,201064,0,"FOOD CUPBOARD",FLOURS
LFS,201065,0,"FOOD CUPBOARD",FLOURS
LFS,201066,0,"FOOD CUPBOARD","BAKING INGREDIENTS"
LFS,20107,0,"HOME AND PERSONAL CARE","INFANT AND BABY CARE"
LFS,201071,0,"FOOD CUPBOARD","BAKING INGREDIENTS"
LFS,201072,0,"FOOD CUPBOARD","BAKING INGREDIENTS"
LFS,201073,0,"FOOD CUPBOARD","BAKING INGREDIENTS"
LFS,201075,0,"FOOD CUPBOARD","BAKING INGREDIENTS"
LFS,201076,0,"FOOD CUPBOARD","BAKING INGREDIENTS"
LFS,201078,0,"FOOD CUPBOARD","BAKING INGREDIENTS"
LFS,201081,0,"FOOD CUPBOARD","BAKING INGREDIENTS"
LFS,201706,0,"HOME AND PERSONAL CARE","LAUNDRY CARE"
LFS,201716,0,"HOME AND PERSONAL CARE","HOUSEHOLD CLEANERS"
LFS,201725,0,"HOME AND PERSONAL CARE","HOUSEHOLD CLEANERS"
LFS,201726,0,"HOME AND PERSONAL CARE","INFANT AND BABY CARE"
LFS,201727,0,"FOOD CUPBOARD",CONDIMENTS
LFS,201729,0,"HOME AND PERSONAL CARE","INFANT AND BABY CARE"
LFS,201730,0,"HOME AND PERSONAL CARE","INFANT AND BABY CARE"
LFS,203067,0,"HOME AND PERSONAL CARE","PERSONAL WASH"
LFS,203068,0,"HOME AND PERSONAL CARE",FRAGRANCES
LFS,203070,0,"HOME AND PERSONAL CARE","PERSONAL WASH"
LFS,203072,0,"HOME AND PERSONAL CARE","PERSONAL WASH"
LFS,203073,0,"HOME AND PERSONAL CARE","PERSONAL WASH"
LFS,203074,0,"HOME AND PERSONAL CARE","MENS GROOMING"
LFS,203085,0,"HOME AND PERSONAL CARE","HAIR CARE"
LFS,203090,0,"HOME AND PERSONAL CARE","HAIR CARE"
LFS,200133,0,"FOOD CUPBOARD",CONDIMENTS
LFS,200136,0,"FOOD CUPBOARD","BAKING INGREDIENTS"
LFS,200137,0,"FOOD CUPBOARD","BAKING INGREDIENTS"
LFS,200139,0,"FOOD CUPBOARD","BAKING INGREDIENTS"
LFS,200140,0,"FOOD CUPBOARD","BAKING INGREDIENTS"
LFS,200142,0,"FOOD CUPBOARD","BAKING INGREDIENTS"
LFS,200143,0,"FOOD CUPBOARD","BAKING INGREDIENTS"
LFS,200148,0,"FOOD CUPBOARD","SPICES AND HERBS"
LFS,200149,0,BEVERAGES,TEA
LFS,200154,0,"FOOD CUPBOARD","SPICES AND HERBS"
LFS,200155,0,"FOOD CUPBOARD","SPICES AND HERBS"
LFS,200157,0,"FOOD CUPBOARD","SPICES AND HERBS"
LFS,201085,0,"FOOD CUPBOARD","BAKING INGREDIENTS"
LFS,201086,0,"FOOD CUPBOARD","SALT  SUGAR AND JAGGERY"
LFS,201088,0,"FOOD CUPBOARD",CONDIMENTS
LFS,201091,0,"FOOD CUPBOARD","MILK AND CREAMERS"
LFS,201096,0,"FOOD CUPBOARD","SALT  SUGAR AND JAGGERY"
LFS,201099,0,"FOOD CUPBOARD","BAKING INGREDIENTS"
LFS,201109,0,"FOOD CUPBOARD","SPICES AND HERBS"
LFS,201731,0,"HOME AND PERSONAL CARE","INFANT AND BABY CARE"
LFS,201735,0,"FOOD CUPBOARD",CONDIMENTS
LFS,201736,0,"FOOD CUPBOARD",CONDIMENTS
LFS,201738,0,"FOOD CUPBOARD",CONDIMENTS
LFS,201780,0,"FRESH DAIRY AND EGGS",Yoghurt
LFS,201806,0,"HOME AND PERSONAL CARE","HOUSEHOLD CLEANERS"
LFS,201811,0,"HOME AND PERSONAL CARE","HOUSEHOLD CLEANERS"
LFS,201818,0,"HOME AND PERSONAL CARE","HOUSEHOLD CLEANERS"
LFS,201819,0,"HOME AND PERSONAL CARE","HOUSEHOLD CLEANERS"
LFS,201900,0,BEVERAGES,DRINKS
LFS,201901,0,BEVERAGES,DRINKS
LFS,201902,0,BEVERAGES,DRINKS
LFS,201904,0,BEVERAGES,"MINERAL WATER"
LFS,201905,0,BEVERAGES,DRINKS
LFS,201906,0,"BEVERAGES ALCOHOLIC",RHUM
LFS,201910,0,"BEVERAGES ALCOHOLIC",TEQUILA
LFS,201911,0,"BEVERAGES ALCOHOLIC",TEQUILA
LFS,203092,0,"HOME AND PERSONAL CARE",FRESHENERS
LFS,203093,0,"HOME AND PERSONAL CARE","PERSONAL WASH"
LFS,203094,0,"HOME AND PERSONAL CARE",FRESHENERS
LFS,203095,0,"HOME AND PERSONAL CARE","HAIR CARE"
LFS,203097,0,"HOME AND PERSONAL CARE","HAIR CARE"
LFS,203103,0,"HOME AND PERSONAL CARE",FRAGRANCES
LFS,203104,0,"HOME AND PERSONAL CARE","HAIR CARE"
LFS,203105,0,"HOME AND PERSONAL CARE","HAIR CARE"
LFS,203109,0,"HOME AND PERSONAL CARE","PERSONAL WASH"
LFS,203113,0,"HOME AND PERSONAL CARE","SKIN CARE"
LFS,203115,0,"HOME AND PERSONAL CARE","MENS GROOMING"
LFS,200160,0,"FOOD CUPBOARD",BISCUITS
LFS,200162,0,"FOOD CUPBOARD",BISCUITS
LFS,200163,0,BEVERAGES,TEA
LFS,200169,0,"FOOD CUPBOARD",CONFECTIONERY
LFS,200170,0,"FOOD CUPBOARD",CONFECTIONERY
LFS,200173,0,"FOOD CUPBOARD",BISCUITS
LFS,200176,0,"FOOD CUPBOARD",SAVOURIES
LFS,200178,0,"FOOD CUPBOARD",CONFECTIONERY
LFS,200179,0,"FOOD CUPBOARD",CONFECTIONERY
LFS,200185,0,"FOOD CUPBOARD",CONFECTIONERY
LFS,200186,0,"FOOD CUPBOARD",CONFECTIONERY
LFS,200188,0,"FOOD CUPBOARD",CONFECTIONERY
LFS,200189,0,"FOOD CUPBOARD",CONFECTIONERY
LFS,200191,0,"FOOD CUPBOARD",CONFECTIONERY
LFS,200193,0,"FOOD CUPBOARD",CONFECTIONERY
LFS,200194,0,"FOOD CUPBOARD",CONFECTIONERY
LFS,201119,0,"FOOD CUPBOARD","SPICES AND HERBS"
LFS,201120,0,"FOOD CUPBOARD",CONDIMENTS
LFS,201121,0,"FOOD CUPBOARD",CONDIMENTS
LFS,201125,0,"FOOD CUPBOARD","SPICES AND HERBS"
LFS,201131,0,"FOOD CUPBOARD","SPICES AND HERBS"
LFS,201913,0,"FRUITS- IMPORT",VEGETABLES.
LFS,202001,0,"FRESH DAIRY AND EGGS",cheeses
LFS,202016,0,"FOOD CUPBOARD","DRYFRUITS AND NUTS"
LFS,202017,0,"FOOD CUPBOARD",CONDIMENTS
LFS,202018,0,"FOOD CUPBOARD",CONDIMENTS
LFS,202038,0,"FRUITS- IMPORT",VEGETABLES.
LFS,202039,0,"FOOD CUPBOARD",BISCUITS
LFS,202040,0,"FOOD CUPBOARD",BISCUITS
LFS,202042,0,"FOOD CUPBOARD",BISCUITS
LFS,202043,0,"FOOD CUPBOARD",BISCUITS
LFS,202044,0,"FOOD CUPBOARD",BISCUITS
LFS,20205,0,"FOOD CUPBOARD","SPREADS AND TOPPING"
LFS,203116,0,"HOME AND PERSONAL CARE","SKIN CARE"
LFS,203118,0,"HOME AND PERSONAL CARE","MENS GROOMING"
LFS,203120,0,"HOME AND PERSONAL CARE","HAIR CARE"
LFS,203124,0,"HOME AND PERSONAL CARE","HAIR CARE"
LFS,203126,0,"HOME AND PERSONAL CARE","HAIR CARE"
LFS,203129,0,"HOME AND PERSONAL CARE","HAIR CARE"
LFS,203134,0,"HOME AND PERSONAL CARE","HAIR CARE"
LFS,203138,0,"HOME AND PERSONAL CARE","HAIR CARE"
LFS,203139,0,BEVERAGES,ALCOHOLIC
LFS,200199,0,"FOOD CUPBOARD",BISCUITS
LFS,200202,0,"FOOD CUPBOARD",CONFECTIONERY
LFS,200203,0,"HOME AND PERSONAL CARE",FRESHENERS
LFS,200204,0,"HOME AND PERSONAL CARE",FRESHENERS
LFS,200205,0,"HOME AND PERSONAL CARE",FRESHENERS
LFS,200207,0,"HOME AND PERSONAL CARE",FRESHENERS
LFS,200208,0,"FOOD CUPBOARD",BISCUITS
LFS,200209,0,"FOOD CUPBOARD",BISCUITS
LFS,200210,0,"FOOD CUPBOARD","BREAKFAST CEREALS"
LFS,200211,0,"FOOD CUPBOARD",CONFECTIONERY
LFS,200212,0,"FOOD CUPBOARD",CONFECTIONERY
LFS,200214,0,"FOOD CUPBOARD",BISCUITS
LFS,200215,0,"FOOD CUPBOARD",CONFECTIONERY
LFS,200217,0,BEVERAGES,DRINKS
LFS,200219,0,"FOOD CUPBOARD","MILK AND CREAMERS"
LFS,201144,0,"FOOD CUPBOARD","SPICES AND HERBS"
LFS,201145,0,"FOOD CUPBOARD","SPICES AND HERBS"
LFS,201150,0,"FOOD CUPBOARD",CONDIMENTS
LFS,201151,0,"FOOD CUPBOARD","SPICES AND HERBS"
LFS,201153,0,"FOOD CUPBOARD","SPICES AND HERBS"
LFS,201155,0,"FOOD CUPBOARD","SPICES AND HERBS"
LFS,201157,0,"FOOD CUPBOARD","SPICES AND HERBS"
LFS,201162,0,"FOOD CUPBOARD","SPICES AND HERBS"
LFS,201165,0,"FOOD CUPBOARD","SPICES AND HERBS"
LFS,201166,0,"FOOD CUPBOARD",CONDIMENTS
LFS,201168,0,"FOOD CUPBOARD","SPICES AND HERBS"
LFS,202067,0,"FOOD CUPBOARD",CONFECTIONERY
LFS,202074,0,"FOOD CUPBOARD","EDIBLE OILS AND GHEE"
LFS,202078,0,"FOOD CUPBOARD",SAVOURIES
LFS,202079,0,"FOOD CUPBOARD",CONFECTIONERY
LFS,202080,0,BEVERAGES,"NON ALCOHOLIC"
LFS,20315,0,"FOOD CUPBOARD",CONDIMENTS
LFS,203152,0,"HOME AND PERSONAL CARE","MENS GROOMING"
LFS,203153,0,"HOME AND PERSONAL CARE","MENS GROOMING"
LFS,203156,0,"HOME AND PERSONAL CARE","HAIR CARE"
LFS,203157,0,"HOME AND PERSONAL CARE","SKIN CARE"
LFS,203158,0,"HOME AND PERSONAL CARE","HAIR CARE"
LFS,203159,0,"HOME AND PERSONAL CARE","HAIR CARE"
LFS,20316,0,"FOOD CUPBOARD",CONDIMENTS
LFS,203161,0,"HOME AND PERSONAL CARE","HAIR CARE"
LFS,203164,0,"HOME AND PERSONAL CARE","PERSONAL WASH"
LFS,203167,0,"HOME AND PERSONAL CARE","PERSONAL WASH"
LFS,203168,0,"HOME AND PERSONAL CARE","SKIN CARE"
LFS,200220,0,"FOOD CUPBOARD",CONFECTIONERY
LFS,200221,0,"FOOD CUPBOARD",BISCUITS
LFS,200222,0,"FOOD CUPBOARD","MILK AND CREAMERS"
LFS,200223,0,"FOOD CUPBOARD",BISCUITS
LFS,200224,0,"FOOD CUPBOARD",BISCUITS
LFS,200226,0,"FOOD CUPBOARD","CANNED FOOD"
LFS,200236,0,"FOOD CUPBOARD",CONFECTIONERY
LFS,200241,0,"FOOD CUPBOARD",CONFECTIONERY
LFS,200242,0,"FOOD CUPBOARD",CONFECTIONERY
LFS,200243,0,"FOOD CUPBOARD",CONFECTIONERY
LFS,200251,0,"FOOD CUPBOARD",SNACKS
LFS,200253,0,"FOOD CUPBOARD",CONFECTIONERY
LFS,200254,0,"FOOD CUPBOARD",CONFECTIONERY
LFS,200256,0,"FOOD CUPBOARD",CONFECTIONERY
LFS,200272,0,"FOOD CUPBOARD",CONFECTIONERY
LFS,200274,0,"FOOD CUPBOARD",CONFECTIONERY
LFS,200276,0,"FOOD CUPBOARD","MILK AND CREAMERS"
LFS,201172,0,"FOOD CUPBOARD","BREAKFAST CEREALS"
LFS,201186,0,"FOOD CUPBOARD",CONDIMENTS
LFS,201190,0,"FOOD CUPBOARD","BABY FOOD"
LFS,201192,0,"FOOD CUPBOARD","BABY FOOD"
LFS,201193,0,"HOME AND PERSONAL CARE","HEALTH AND WELLNESS"
LFS,201203,0,"FOOD CUPBOARD",CONDIMENTS
LFS,201208,0,"FOOD CUPBOARD",CONDIMENTS
LFS,201210,0,"FOOD CUPBOARD",CONDIMENTS
LFS,201221,0,"FOOD CUPBOARD","SPICES AND HERBS"
LFS,202082,0,"FOOD CUPBOARD",BISCUITS
LFS,202086,0,"FOOD CUPBOARD",SAVOURIES
LFS,202087,0,"FOOD CUPBOARD",SAVOURIES
LFS,202088,0,"FOOD CUPBOARD","MILK AND CREAMERS"
LFS,202091,0,BEVERAGES,"NON ALCOHOLIC"
LFS,202095,0,"FOOD CUPBOARD",CONFECTIONERY
LFS,202096,0,"FOOD CUPBOARD",CONFECTIONERY
LFS,202097,0,"FOOD CUPBOARD",BISCUITS
LFS,202099,0,"FOOD CUPBOARD",BISCUITS
LFS,202100,0,"FOOD CUPBOARD","BREAKFAST CEREALS"
LFS,202104,0,"FOOD CUPBOARD","BREAKFAST CEREALS"
LFS,202106,0,"FOOD CUPBOARD",CONFECTIONERY
LFS,202108,0,"FOOD CUPBOARD",CONDIMENTS
LFS,202112,0,"BEVERAGES ALCOHOLIC",WINES
LFS,202113,0,"BEVERAGES ALCOHOLIC",WINES
LFS,202114,0,"BEVERAGES ALCOHOLIC",WINES
LFS,202115,0,"BEVERAGES ALCOHOLIC",WINES
LFS,203177,0,"HOME AND PERSONAL CARE","HAIR CARE"
LFS,203184,0,"HOME AND PERSONAL CARE","SKIN CARE"
LFS,203185,0,"HOME AND PERSONAL CARE","HOUSEHOLD CLEANERS"
LFS,203188,0,"HOME AND PERSONAL CARE","HAIR CARE"
LFS,203189,0,"HOME AND PERSONAL CARE","HAIR CARE"
LFS,203190,0,"HOME AND PERSONAL CARE",DISPOSABLE
LFS,203192,0,"HOME AND PERSONAL CARE","SKIN CARE"
LFS,203193,0,"HOME AND PERSONAL CARE","PERSONAL WASH"
LFS,203196,0,"HOME AND PERSONAL CARE","HAIR CARE"
LFS,200279,0,"FOOD CUPBOARD",CONFECTIONERY
LFS,200280,0,"FOOD CUPBOARD",CONFECTIONERY
LFS,200281,0,"FOOD CUPBOARD",CONFECTIONERY
LFS,200282,0,"FOOD CUPBOARD",CONFECTIONERY
LFS,200283,0,"FOOD CUPBOARD",CONFECTIONERY
LFS,200285,0,"FOOD CUPBOARD",CONFECTIONERY
LFS,200286,0,"FOOD CUPBOARD",CONFECTIONERY
LFS,200288,0,"FOOD CUPBOARD",CONFECTIONERY
LFS,200289,0,"FOOD CUPBOARD","SPREADS AND TOPPING"
LFS,200291,0,"FOOD CUPBOARD","SPREADS AND TOPPING"
LFS,200292,0,"FOOD CUPBOARD",CONDIMENTS
LFS,200293,0,"FOOD CUPBOARD","CANNED FOOD"
LFS,200294,0,"FOOD CUPBOARD","CANNED FOOD"
LFS,200295,0,BEVERAGES,TEA
LFS,200299,0,"FOOD CUPBOARD",CONDIMENTS
LFS,200301,0,"FOOD CUPBOARD",CONDIMENTS
LFS,200302,0,"FOOD CUPBOARD",CONDIMENTS
LFS,200304,0,"FOOD CUPBOARD",CONDIMENTS
LFS,200306,0,"FOOD CUPBOARD","CANNED FOOD"
LFS,200308,0,"FOOD CUPBOARD","CANNED FOOD"
LFS,201237,0,"FOOD CUPBOARD",CONFECTIONERY
LFS,201245,0,"FOOD CUPBOARD","SPICES AND HERBS"
LFS,201249,0,"HOME AND PERSONAL CARE","HEALTH AND WELLNESS"
LFS,201257,0,"HOME AND PERSONAL CARE","HEALTH AND WELLNESS"
LFS,201260,0,"HOME AND PERSONAL CARE","HEALTH AND WELLNESS"
LFS,201263,0,"HOME AND PERSONAL CARE","HEALTH AND WELLNESS"
LFS,201268,0,"HOME AND PERSONAL CARE","HEALTH AND WELLNESS"
LFS,201270,0,"HOME AND PERSONAL CARE","HEALTH AND WELLNESS"
LFS,201272,0,"HOME AND PERSONAL CARE","HEALTH AND WELLNESS"
LFS,201276,0,"HOME AND PERSONAL CARE","HEALTH AND WELLNESS"
LFS,201279,0,"FOOD CUPBOARD",BISCUITS
LFS,202116,0,"BEVERAGES ALCOHOLIC",WINES
LFS,202117,0,"BEVERAGES ALCOHOLIC",WINES
LFS,202118,0,"BEVERAGES ALCOHOLIC",WINES
LFS,202120,0,"BEVERAGES ALCOHOLIC",WINES
LFS,202121,0,"BEVERAGES ALCOHOLIC",WINES
LFS,202122,0,"FOOD CUPBOARD","CANNED FOOD"
LFS,202123,0,"FOOD CUPBOARD",CONFECTIONERY
LFS,202126,0,"FOOD CUPBOARD","DRYFRUITS AND NUTS"
LFS,202160,0,"FOOD CUPBOARD","BREAKFAST CEREALS"
LFS,202166,0,BEVERAGES,COFFEE
LFS,202168,0,BEVERAGES,COFFEE
LFS,202169,0,"FOOD CUPBOARD",CONDIMENTS
LFS,202171,0,"HOME AND PERSONAL CARE","LAUNDRY CARE"
LFS,202172,0,BEVERAGES,"NON ALCOHOLIC"
LFS,202177,0,"HOME AND PERSONAL CARE","FEMININE CARE"
LFS,203197,0,"HOME AND PERSONAL CARE","HAIR CARE"
LFS,203198,0,"HOME AND PERSONAL CARE","HAIR CARE"
LFS,203199,0,"HOME AND PERSONAL CARE","HAIR CARE"
LFS,203200,0,"HOME AND PERSONAL CARE","HAIR CARE"
LFS,203201,0,"HOME AND PERSONAL CARE","HAIR CARE"
LFS,203208,0,"HOME AND PERSONAL CARE",FRESHENERS
LFS,203212,0,"HOME AND PERSONAL CARE","LAUNDRY CARE"
LFS,203215,0,"HOME AND PERSONAL CARE",DISPOSABLE
LFS,203221,0,"HOME AND PERSONAL CARE","LAUNDRY CARE"
LFS,200312,0,"FOOD CUPBOARD","CANNED FOOD"
LFS,200313,0,"FOOD CUPBOARD",CONFECTIONERY
LFS,200315,0,"FOOD CUPBOARD","CANNED FOOD"
LFS,200317,0,"FOOD CUPBOARD","CANNED FOOD"
LFS,200318,0,"FOOD CUPBOARD",CONFECTIONERY
LFS,200319,0,"FOOD CUPBOARD","MILK AND CREAMERS"
LFS,200320,0,"FOOD CUPBOARD",CONFECTIONERY
LFS,200321,0,"FOOD CUPBOARD",CONFECTIONERY
LFS,200322,0,"FOOD CUPBOARD",BISCUITS
LFS,200323,0,"FOOD CUPBOARD",CONFECTIONERY
LFS,200324,0,"BEVERAGES ALCOHOLIC","SPARKLING WINES"
LFS,200325,0,"BEVERAGES ALCOHOLIC","SPARKLING WINES"
LFS,200326,0,"FOOD CUPBOARD",CONFECTIONERY
LFS,200327,0,"BEVERAGES ALCOHOLIC","SPARKLING WINES"
LFS,200328,0,"FOOD CUPBOARD",CONFECTIONERY
LFS,200329,0,"FOOD CUPBOARD","SPREADS AND TOPPING"
LFS,200330,0,"BEVERAGES ALCOHOLIC","SPARKLING WINES"
LFS,200331,0,"FOOD CUPBOARD","MILK AND CREAMERS"
LFS,200333,0,"FOOD CUPBOARD",CONFECTIONERY
LFS,200334,0,"FOOD CUPBOARD",BISCUITS
LFS,200338,0,"FOOD CUPBOARD","SPREADS AND TOPPING"
LFS,20129,0,"FOOD CUPBOARD",SNACKS
LFS,201330,0,"FOOD CUPBOARD",CONFECTIONERY
LFS,201332,0,"FOOD CUPBOARD","INSTANT MIX"
LFS,201337,0,"FOOD CUPBOARD",CONDIMENTS
LFS,201338,0,"FOOD CUPBOARD",CONDIMENTS
LFS,201339,0,"FOOD CUPBOARD","BREAKFAST CEREALS"
LFS,202179,0,"FOOD CUPBOARD","BREAKFAST CEREALS"
LFS,202180,0,"FRUITS- IMPORT",VEGETABLES.
LFS,202182,0,"FRESH DAIRY AND EGGS","Deli Pork"
LFS,202183,0,"FRESH DAIRY AND EGGS","Deli Pork"
LFS,202186,0,"HOME AND PERSONAL CARE","FEMININE CARE"
LFS,202188,0,"FRESH DAIRY AND EGGS",Yoghurt
LFS,202190,0,"FRESH DAIRY AND EGGS",Yoghurt
LFS,202216,0,"FOOD CUPBOARD","BREAKFAST CEREALS"
LFS,202238,0,"HOME AND PERSONAL CARE","LAUNDRY CARE"
LFS,202239,0,"HOME AND PERSONAL CARE","LAUNDRY CARE"
LFS,202240,0,"HOME AND PERSONAL CARE","LAUNDRY CARE"
LFS,202242,0,BEVERAGES,JUICE
LFS,202270,0,"FOOD CUPBOARD","READY TO EAT"
LFS,202285,0,"FOOD CUPBOARD","MILK AND CREAMERS"
LFS,202310,0,"FOOD CUPBOARD",CONDIMENTS
LFS,202336,0,"FOOD CUPBOARD",CONDIMENTS
LFS,202338,0,BEVERAGES,TEA
LFS,202339,0,BEVERAGES,TEA
LFS,202340,0,BEVERAGES,TEA
LFS,202343,0,BEVERAGES,TEA
LFS,202344,0,BEVERAGES,TEA
LFS,202345,0,BEVERAGES,TEA
LFS,202346,0,BEVERAGES,TEA
LFS,202347,0,BEVERAGES,TEA
LFS,202348,0,BEVERAGES,TEA
LFS,202405,0,"FOOD CUPBOARD",CONFECTIONERY
LFS,202406,0,"FOOD CUPBOARD",CONFECTIONERY
LFS,202407,0,"FOOD CUPBOARD",CONFECTIONERY
LFS,202452,0,BEVERAGES,JUICE
LFS,203224,0,"HOME AND PERSONAL CARE","FEMININE CARE"
LFS,203234,0,"HOME AND PERSONAL CARE","HAIR CARE"
LFS,203236,0,"HOME AND PERSONAL CARE","HAIR CARE"
LFS,203237,0,"HOME AND PERSONAL CARE","HAIR CARE"
LFS,203239,0,"HOME AND PERSONAL CARE","HAIR CARE"
LFS,203241,0,"HOME AND PERSONAL CARE","PERSONAL WASH"
LFS,203242,0,"HOME AND PERSONAL CARE","PERSONAL WASH"
LFS,203243,0,"HOME AND PERSONAL CARE","PERSONAL WASH"
LFS,203244,0,"HOME AND PERSONAL CARE",FRAGRANCES
LFS,203248,0,"HOME AND PERSONAL CARE","PERSONAL WASH"
LFS,203249,0,"HOME AND PERSONAL CARE","PERSONAL WASH"
LFS,200340,0,"FOOD CUPBOARD","SPREADS AND TOPPING"
LFS,200341,0,"FOOD CUPBOARD","SPREADS AND TOPPING"
LFS,200342,0,"FOOD CUPBOARD","SPREADS AND TOPPING"
LFS,200343,0,"FOOD CUPBOARD",CONDIMENTS
LFS,200345,0,"FOOD CUPBOARD",CONDIMENTS
LFS,200346,0,"FOOD CUPBOARD",CONDIMENTS
LFS,200347,0,"FOOD CUPBOARD","HONEY  JAM AND MARMALADE"
LFS,200348,0,"FOOD CUPBOARD","CANNED FOOD"
LFS,200349,0,"FOOD CUPBOARD","CANNED FOOD"
LFS,200350,0,"FOOD CUPBOARD",CONDIMENTS
LFS,200389,0,"HOME AND PERSONAL CARE",FRAGRANCES
LFS,200394,0,"HOME AND PERSONAL CARE",FRAGRANCES
LFS,20134,0,BEVERAGES,"NON ALCOHOLIC"
LFS,201361,0,"FOOD CUPBOARD","CANNED FOOD"
LFS,201363,0,"FOOD CUPBOARD","CANNED FOOD"
LFS,201366,0,"FOOD CUPBOARD","BAKING INGREDIENTS"
LFS,201377,0,"FOOD CUPBOARD",CONDIMENTS
LFS,201379,0,"FOOD CUPBOARD",CONDIMENTS
LFS,201381,0,"FOOD CUPBOARD",CONDIMENTS
LFS,201383,0,"FOOD CUPBOARD",CONDIMENTS
LFS,201389,0,"FOOD CUPBOARD","BAKING INGREDIENTS"
LFS,201391,0,"FOOD CUPBOARD","BAKING INGREDIENTS"
LFS,20140,0,"FOOD CUPBOARD",SNACKS
LFS,201403,0,"FOOD CUPBOARD","BAKING INGREDIENTS"
LFS,202499,0,"HOME AND PERSONAL CARE","HOUSEHOLD CLEANERS"
LFS,202500,0,"HOME AND PERSONAL CARE","HOUSEHOLD CLEANERS"
LFS,202501,0,"HOME AND PERSONAL CARE","HOUSEHOLD CLEANERS"
LFS,202508,0,"FOOD CUPBOARD",SNACKS
LFS,202509,0,"FOOD CUPBOARD",SAVOURIES
LFS,202510,0,"FOOD CUPBOARD",SAVOURIES
LFS,202511,0,"FOOD CUPBOARD",SAVOURIES
LFS,202512,0,"FOOD CUPBOARD",SAVOURIES
LFS,202513,0,"FOOD CUPBOARD",SAVOURIES
LFS,202516,0,"FOOD CUPBOARD",SAVOURIES
LFS,202517,0,"FOOD CUPBOARD",SAVOURIES
LFS,202590,0,"FOOD CUPBOARD","BREAKFAST CEREALS"
LFS,202591,0,"FOOD CUPBOARD","BREAKFAST CEREALS"
LFS,202593,0,"FOOD CUPBOARD","BREAKFAST CEREALS"
LFS,202595,0,"FOOD CUPBOARD","BREAKFAST CEREALS"
LFS,202598,0,"FOOD CUPBOARD","BREAKFAST CEREALS"
LFS,202599,0,"FRUITS- IMPORT",VEGETABLES.
LFS,202601,0,"FOOD CUPBOARD",BISCUITS
LFS,202602,0,"FOOD CUPBOARD",BISCUITS
LFS,202604,0,"FOOD CUPBOARD",BISCUITS
LFS,202629,0,BEVERAGES,DRINKS
LFS,202630,0,BEVERAGES,DRINKS
LFS,202641,0,"FOOD CUPBOARD","CANNED FOOD"
LFS,202690,0,"FOOD CUPBOARD","MILK AND CREAMERS"
LFS,202712,0,"FOOD CUPBOARD",BISCUITS
LFS,203251,0,"HOME AND PERSONAL CARE",FRAGRANCES
LFS,203252,0,"HOME AND PERSONAL CARE","HAIR CARE"
LFS,203253,0,"HOME AND PERSONAL CARE","MENS GROOMING"
LFS,203256,0,"HOME AND PERSONAL CARE","FEMININE CARE"
LFS,203259,0,"HOME AND PERSONAL CARE","MENS GROOMING"
LFS,203260,0,"HOME AND PERSONAL CARE","PERSONAL WASH"
LFS,203261,0,"HOME AND PERSONAL CARE","PERSONAL WASH"
LFS,203265,0,"HOME AND PERSONAL CARE",FRAGRANCES
LFS,20041,0,BEVERAGES,DRINKS
LFS,200435,0,BEVERAGES,DRINKS
LFS,200439,0,"FOOD CUPBOARD",CONDIMENTS
LFS,200474,0,"FOOD CUPBOARD",CONFECTIONERY
LFS,200475,0,"FOOD CUPBOARD",CONFECTIONERY
LFS,200482,0,BEVERAGES,TEA
LFS,200484,0,BEVERAGES,TEA
LFS,200485,0,BEVERAGES,TEA
LFS,200486,0,"BEVERAGES ALCOHOLIC",WHISKEY
LFS,200489,0,BEVERAGES,TEA
LFS,200492,0,BEVERAGES,TEA
LFS,200493,0,BEVERAGES,TEA
LFS,200496,0,BEVERAGES,TEA
LFS,200498,0,BEVERAGES,TEA
LFS,200499,0,BEVERAGES,TEA
LFS,200500,0,BEVERAGES,TEA
LFS,200501,0,BEVERAGES,TEA
LFS,200503,0,BEVERAGES,TEA
LFS,200504,0,BEVERAGES,TEA
LFS,200506,0,BEVERAGES,TEA
LFS,200508,0,BEVERAGES,TEA
LFS,200510,0,"FOOD CUPBOARD","HONEY  JAM AND MARMALADE"
LFS,201411,0,"HOME AND PERSONAL CARE","HEALTH AND WELLNESS"
LFS,201412,0,"HOME AND PERSONAL CARE","HEALTH AND WELLNESS"
LFS,201415,0,"FOOD CUPBOARD","BAKING INGREDIENTS"
LFS,201421,0,"FOOD CUPBOARD","BAKING INGREDIENTS"
LFS,201422,0,"FOOD CUPBOARD",CONDIMENTS
LFS,201423,0,"FOOD CUPBOARD",CONDIMENTS
LFS,201424,0,"FOOD CUPBOARD",CONDIMENTS
LFS,201425,0,"FOOD CUPBOARD",CONDIMENTS
LFS,201428,0,"FOOD CUPBOARD",CONDIMENTS
LFS,201431,0,"FOOD CUPBOARD","EDIBLE OILS AND GHEE"
LFS,201432,0,"FOOD CUPBOARD","SPICES AND HERBS"
LFS,201433,0,"FOOD CUPBOARD",CONFECTIONERY
LFS,201434,0,"FOOD CUPBOARD",CONFECTIONERY
LFS,201435,0,"FOOD CUPBOARD","BABY FOOD"
LFS,20272,0,"FOOD CUPBOARD",CONFECTIONERY
LFS,202720,0,"FOOD CUPBOARD",BISCUITS
LFS,202722,0,"FOOD CUPBOARD",SNACKS
LFS,202727,0,BEVERAGES,"NON ALCOHOLIC"
LFS,202728,0,"FOOD CUPBOARD",SNACKS
LFS,202729,0,BEVERAGES,DRINKS
LFS,202730,0,BEVERAGES,DRINKS
LFS,202731,0,BEVERAGES,DRINKS
LFS,202732,0,"FOOD CUPBOARD",SNACKS
LFS,202734,0,BEVERAGES,"NON ALCOHOLIC"
LFS,202735,0,"HOME AND PERSONAL CARE","LAUNDRY CARE"
LFS,202745,0,"HOME AND PERSONAL CARE","LAUNDRY CARE"
LFS,202759,0,BEVERAGES,DRINKS
LFS,202760,0,"FOOD CUPBOARD","INSTANT MIX"
LFS,202761,0,"FOOD CUPBOARD","INSTANT MIX"
LFS,202762,0,"FOOD CUPBOARD","INSTANT MIX"
LFS,202763,0,"FOOD CUPBOARD","INSTANT MIX"
LFS,202770,0,"FRUITS- IMPORT",VEGETABLES.
LFS,202771,0,"FOOD CUPBOARD",CONDIMENTS
LFS,202772,0,"FOOD CUPBOARD",CONDIMENTS
LFS,202773,0,"FOOD CUPBOARD",CONDIMENTS
LFS,203276,0,"HOME AND PERSONAL CARE","HAIR CARE"
LFS,203277,0,"HOME AND PERSONAL CARE","HAIR CARE"
LFS,203278,0,"HOME AND PERSONAL CARE","MENS GROOMING"
LFS,203279,0,"HOME AND PERSONAL CARE","MENS GROOMING"
LFS,203284,0,"HOME AND PERSONAL CARE","HAIR CARE"
LFS,203285,0,"HOME AND PERSONAL CARE","HAIR CARE"
LFS,203286,0,"HOME AND PERSONAL CARE","PERSONAL WASH"
LFS,203287,0,"HOME AND PERSONAL CARE","HAIR CARE"
LFS,203288,0,"FRESH DAIRY AND EGGS",Yoghurt
LFS,203289,0,"HOME AND PERSONAL CARE","SKIN CARE"
LFS,203293,0,"HOME AND PERSONAL CARE","PERSONAL WASH"
LFS,203294,0,"HOME AND PERSONAL CARE",FRAGRANCES
LFS,203295,0,"HOME AND PERSONAL CARE","PERSONAL WASH"
LFS,203297,0,"HOME AND PERSONAL CARE","PERSONAL WASH"
LFS,200511,0,"FOOD CUPBOARD","HONEY  JAM AND MARMALADE"
LFS,200512,0,"FOOD CUPBOARD","HONEY  JAM AND MARMALADE"
LFS,200513,0,"FOOD CUPBOARD","HONEY  JAM AND MARMALADE"
LFS,200514,0,"FOOD CUPBOARD","HONEY  JAM AND MARMALADE"
LFS,200515,0,"FOOD CUPBOARD","HONEY  JAM AND MARMALADE"
LFS,200517,0,BEVERAGES,TEA
LFS,200543,0,BEVERAGES,TEA
LFS,200604,0,"BEVERAGES ALCOHOLIC","GIN ."
LFS,200605,0,"BEVERAGES ALCOHOLIC","GIN ."
LFS,200606,0,"FOOD CUPBOARD","INSTANT MIX"
LFS,200613,0,BAKERY,BREADS
LFS,200615,0,BUTCHERY,FROZEN
LFS,200616,0,"FRESH DAIRY AND EGGS",cheeses
LFS,200620,0,BEVERAGES,JUICE
LFS,200621,0,BEVERAGES,JUICE
LFS,200622,0,BUTCHERY,FROZEN
LFS,200624,0,"FOOD CUPBOARD","FROZEN ITEMS"
LFS,200625,0,"FROZEN FOOD",PORK
LFS,201438,0,"FOOD CUPBOARD",CONDIMENTS
LFS,201439,0,"FOOD CUPBOARD",CONDIMENTS
LFS,201440,0,"FOOD CUPBOARD",CONDIMENTS
LFS,201441,0,"FOOD CUPBOARD",CONFECTIONERY
LFS,201449,0,"HOME AND PERSONAL CARE","HEALTH AND WELLNESS"
LFS,201451,0,"FOOD CUPBOARD","FREE FROM (GENERIC)"
LFS,201453,0,"FOOD CUPBOARD","FREE FROM (GENERIC)"
LFS,201454,0,"FOOD CUPBOARD","FREE FROM (GENERIC)"
LFS,201455,0,"FOOD CUPBOARD","BAKING INGREDIENTS"
LFS,201456,0,"FOOD CUPBOARD","BAKING INGREDIENTS"
LFS,201460,0,"FOOD CUPBOARD","BAKING INGREDIENTS"
LFS,201461,0,"FOOD CUPBOARD","FREE FROM (GENERIC)"
LFS,201462,0,"FOOD CUPBOARD",FLOURS
LFS,202774,0,"FOOD CUPBOARD",CONDIMENTS
LFS,202775,0,"FOOD CUPBOARD",CONDIMENTS
LFS,202776,0,"HOME AND PERSONAL CARE","LAUNDRY CARE"
LFS,202778,0,"HOME AND PERSONAL CARE","LAUNDRY CARE"
LFS,202779,0,"HOME AND PERSONAL CARE","LAUNDRY CARE"
LFS,202780,0,"HOME AND PERSONAL CARE","ORAL CARE"
LFS,202784,0,"FOOD CUPBOARD","SALT  SUGAR AND JAGGERY"
LFS,202785,0,"FOOD CUPBOARD","SALT  SUGAR AND JAGGERY"
LFS,202787,0,"FOOD CUPBOARD","SALT  SUGAR AND JAGGERY"
LFS,202788,0,"FOOD CUPBOARD","SALT  SUGAR AND JAGGERY"
LFS,202789,0,"FOOD CUPBOARD","SALT  SUGAR AND JAGGERY"
LFS,202795,0,"FOOD CUPBOARD",BISCUITS
LFS,202796,0,"FOOD CUPBOARD",BISCUITS
LFS,202797,0,BEVERAGES,"NON ALCOHOLIC"
LFS,203302,0,"HOME AND PERSONAL CARE","PERSONAL WASH"
LFS,203303,0,"HOME AND PERSONAL CARE","PERSONAL WASH"
LFS,203307,0,"HOME AND PERSONAL CARE","PERSONAL WASH"
LFS,203310,0,"HOME AND PERSONAL CARE","FEMININE CARE"
LFS,203311,0,"HOME AND PERSONAL CARE","MENS GROOMING"
LFS,203313,0,"HOME AND PERSONAL CARE","PERSONAL WASH"
LFS,203314,0,"HOME AND PERSONAL CARE","PERSONAL WASH"
LFS,203315,0,"HOME AND PERSONAL CARE","PERSONAL WASH"
LFS,200627,0,"FRUITS- IMPORT",VEGETABLES.
LFS,200630,0,"FOOD CUPBOARD","SPREADS AND TOPPING"
LFS,200632,0,"FOOD CUPBOARD","SPREADS AND TOPPING"
LFS,200633,0,"FOOD CUPBOARD","BAKING INGREDIENTS"
LFS,200634,0,"FRESH DAIRY AND EGGS",Yoghurt
LFS,200635,0,"FRESH DAIRY AND EGGS",Yoghurt
LFS,200637,0,"FRESH DAIRY AND EGGS",Yoghurt
LFS,200639,0,"FRESH DAIRY AND EGGS",Yoghurt
LFS,200640,0,"FOOD CUPBOARD","FROZEN ITEMS"
LFS,200641,0,"FRESH DAIRY AND EGGS",Yoghurt
LFS,200643,0,"FRESH DAIRY AND EGGS","Deli Pork"
LFS,200647,0,"FROZEN FOOD",VEGETABLE
LFS,200650,0,"FROZEN FOOD",VEGETABLE
LFS,200694,0,BEVERAGES,COFFEE
LFS,200862,0,"FRESH DAIRY AND EGGS","Farm Eggs"
LFS,200864,0,"FRESH DAIRY AND EGGS","Farm Eggs"
LFS,200865,0,"FRESH DAIRY AND EGGS","Farm Eggs"
LFS,200866,0,"FRESH DAIRY AND EGGS","Farm Eggs"
LFS,200867,0,"FRESH DAIRY AND EGGS","Farm Eggs"
LFS,200874,0,"FOOD CUPBOARD","CANNED FOOD"
LFS,200878,0,"FOOD CUPBOARD","CANNED FOOD"
LFS,200881,0,"FOOD CUPBOARD",BISCUITS
LFS,201463,0,"FOOD CUPBOARD",FLOURS
LFS,201464,0,"FOOD CUPBOARD",FLOURS
LFS,201468,0,"FOOD CUPBOARD","EDIBLE OILS AND GHEE"
LFS,201473,0,"FOOD CUPBOARD",SAVOURIES
LFS,201476,0,"FOOD CUPBOARD",BISCUITS
LFS,201479,0,"FOOD CUPBOARD",BISCUITS
LFS,201484,0,"FOOD CUPBOARD","GRAINS AND PULSES"
LFS,201485,0,"FOOD CUPBOARD","RAW RICE"
LFS,201497,0,"HOME AND PERSONAL CARE","INFANT AND BABY CARE"
LFS,202815,0,"BEVERAGES ALCOHOLIC",WINES
LFS,202816,0,"BEVERAGES ALCOHOLIC",WINES
LFS,202817,0,"BEVERAGES ALCOHOLIC",WINES
LFS,202818,0,"BEVERAGES ALCOHOLIC",WINES
LFS,202819,0,"BEVERAGES ALCOHOLIC",WINES
LFS,202820,0,"BEVERAGES ALCOHOLIC",WINES
LFS,202822,0,"BEVERAGES ALCOHOLIC",WINES
LFS,202823,0,"BEVERAGES ALCOHOLIC",WINES
LFS,202836,0,BEVERAGES,"CARBONATED DRINKS"
LFS,202889,0,"HOME AND PERSONAL CARE","HAIR CARE"
LFS,202890,0,"HOME AND PERSONAL CARE","HAIR CARE"
LFS,202891,0,"HOME AND PERSONAL CARE","HAIR CARE"
LFS,202894,0,"FOOD CUPBOARD",SAVOURIES
LFS,202898,0,"FOOD CUPBOARD","GRAINS AND PULSES"
LFS,202899,0,"FOOD CUPBOARD","GRAINS AND PULSES"
LFS,203325,0,"HOME AND PERSONAL CARE","PERSONAL WASH"
LFS,203326,0,"HOME AND PERSONAL CARE","HAIR CARE"
LFS,203330,0,"HOME AND PERSONAL CARE","FEMININE CARE"
LFS,203331,0,"HOME AND PERSONAL CARE","HAIR CARE"
LFS,203332,0,"HOME AND PERSONAL CARE","SKIN CARE"
LFS,203333,0,"HOME AND PERSONAL CARE","HAIR CARE"
LFS,203335,0,"HOME AND PERSONAL CARE","HAIR CARE"
LFS,203337,0,"HOME AND PERSONAL CARE","MENS GROOMING"
LFS,203345,0,"HOME AND PERSONAL CARE","SKIN CARE"
LFS,203346,0,"HOME AND PERSONAL CARE","PERSONAL WASH"
LFS,203348,0,"HOME AND PERSONAL CARE","PERSONAL WASH"
LFS,203349,0,"HOME AND PERSONAL CARE","PERSONAL WASH"
LFS,200882,0,"FOOD CUPBOARD","PASTA AND SPAGHETTI"
LFS,200884,0,"FOOD CUPBOARD",FLOURS
LFS,200887,0,"FOOD CUPBOARD",FLOURS
LFS,200889,0,"FOOD CUPBOARD",BISCUITS
LFS,200890,0,"FOOD CUPBOARD",BISCUITS
LFS,200893,0,"FOOD CUPBOARD","DRYFRUITS AND NUTS"
LFS,200894,0,"FOOD CUPBOARD",CONDIMENTS
LFS,200895,0,"FOOD CUPBOARD",CONDIMENTS
LFS,200904,0,"FOOD CUPBOARD","CANNED FOOD"
LFS,200905,0,"FOOD CUPBOARD","CANNED FOOD"
LFS,200928,0,"FRESH DAIRY AND EGGS",cheeses
LFS,200931,0,"FOOD CUPBOARD",CONDIMENTS
LFS,200933,0,"FOOD CUPBOARD",SAVOURIES
LFS,201502,0,"HOME AND PERSONAL CARE",DISPOSABLE
LFS,201507,0,"HOME AND PERSONAL CARE","HOUSEHOLD CLEANERS"
LFS,201508,0,"HOME AND PERSONAL CARE","HOUSEHOLD CLEANERS"
LFS,201511,0,"HOME AND PERSONAL CARE","HOUSEHOLD CLEANERS"
LFS,201514,0,"HOME AND PERSONAL CARE","HOUSEHOLD CLEANERS"
LFS,201518,0,"HOME AND PERSONAL CARE",DISPOSABLE
LFS,201531,0,"HOME AND PERSONAL CARE",DISPOSABLE
LFS,201533,0,"HOME AND PERSONAL CARE","HOUSEHOLD CLEANERS"
LFS,201541,0,"HOME AND PERSONAL CARE","HOUSEHOLD CLEANERS"
LFS,201542,0,"HOME AND PERSONAL CARE","FEMININE CARE"
LFS,201545,0,"HOME AND PERSONAL CARE","INFANT AND BABY CARE"
LFS,202929,0,"HOME AND PERSONAL CARE","HAIR CARE"
LFS,202975,0,"HOME AND PERSONAL CARE",FRAGRANCES
LFS,202983,0,"HOME AND PERSONAL CARE","MENS GROOMING"
LFS,202987,0,"HOME AND PERSONAL CARE","HAIR CARE"
LFS,203354,0,"HOME AND PERSONAL CARE","SKIN CARE"
LFS,203367,0,"HOME AND PERSONAL CARE","PERSONAL WASH"
LFS,203368,0,"HOME AND PERSONAL CARE","HAIR CARE"
LFS,200934,0,"FOOD CUPBOARD","CANNED FOOD"
LFS,200936,0,"FOOD CUPBOARD",CONDIMENTS
LFS,200943,0,"FOOD CUPBOARD","DRYFRUITS AND NUTS"
LFS,200950,0,"FOOD CUPBOARD",FLOURS
LFS,200952,0,"FOOD CUPBOARD","CANNED FOOD"
LFS,200955,0,"HOME AND PERSONAL CARE","INSECTICIDES AND RODENT CONTROL"
LFS,200959,0,"FOOD CUPBOARD","BREAKFAST CEREALS"
LFS,200962,0,BEVERAGES,COFFEE
LFS,201547,0,"HOME AND PERSONAL CARE","HOUSEHOLD CLEANERS"
LFS,201549,0,"HOME AND PERSONAL CARE","PET CARE"
LFS,201551,0,"HOME AND PERSONAL CARE","INFANT AND BABY CARE"
LFS,201562,0,"HOME AND PERSONAL CARE","INFANT AND BABY CARE"
LFS,201563,0,"HOME AND PERSONAL CARE","INFANT AND BABY CARE"
LFS,201565,0,"HOME AND PERSONAL CARE","INFANT AND BABY CARE"
LFS,201569,0,"HOME AND PERSONAL CARE","INFANT AND BABY CARE"
LFS,201573,0,"HOME AND PERSONAL CARE","HAIR CARE"
LFS,201574,0,"HOME AND PERSONAL CARE","HAIR CARE"
LFS,201579,0,"HOME AND PERSONAL CARE",FRESHENERS
LFS,197601,0,"FOOD CUPBOARD",BISCUITS
LFS,197602,0,"FOOD CUPBOARD",BISCUITS
LFS,197605,0,"FOOD CUPBOARD",BISCUITS
LFS,197606,0,"FOOD CUPBOARD",BISCUITS
LFS,197607,0,"FOOD CUPBOARD",BISCUITS
LFS,197608,0,"FOOD CUPBOARD",BISCUITS
LFS,197609,0,"BEVERAGES ALCOHOLIC","BOTTLE BEER"
LFS,197616,0,"FOOD CUPBOARD",SAVOURIES
LFS,197618,0,"FOOD CUPBOARD",SAVOURIES
LFS,197619,0,"FOOD CUPBOARD",SAVOURIES
LFS,197620,0,"FOOD CUPBOARD","NOODLES AND SOUP"
LFS,197621,0,"FOOD CUPBOARD","NOODLES AND SOUP"
LFS,197622,0,"FOOD CUPBOARD",BISCUITS
LFS,197623,0,"FOOD CUPBOARD",BISCUITS
LFS,197624,0,"FOOD CUPBOARD",CONFECTIONERY
LFS,197625,0,"FOOD CUPBOARD",CONFECTIONERY
LFS,197626,0,"FOOD CUPBOARD",CONFECTIONERY
LFS,197627,0,"FOOD CUPBOARD",CONFECTIONERY
LFS,197628,0,"FOOD CUPBOARD",CONFECTIONERY
LFS,197630,0,"FOOD CUPBOARD",BISCUITS
LFS,197631,0,"FOOD CUPBOARD",BISCUITS
LFS,19766,0,"FOOD CUPBOARD","SALT  SUGAR AND JAGGERY"
LFS,197715,0,"FRUITS- IMPORT",VEGETABLES.
LFS,197716,0,"FOOD CUPBOARD",CONDIMENTS
LFS,199373,0,"FOOD CUPBOARD","SPICES AND HERBS"
LFS,199374,0,"BEVERAGES ALCOHOLIC",WHISKEY
LFS,199375,0,"BEVERAGES ALCOHOLIC",WHISKEY
LFS,199377,0,"BEVERAGES ALCOHOLIC",WHISKEY
LFS,199378,0,"BEVERAGES ALCOHOLIC",WHISKEY
LFS,199379,0,"FOOD CUPBOARD","SPREADS AND TOPPING"
LFS,199387,0,"HOME AND PERSONAL CARE","PERSONAL WASH"
LFS,199388,0,"HOME AND PERSONAL CARE","ORAL CARE"
LFS,19939,0,"FOOD CUPBOARD",CONFECTIONERY
LFS,199391,0,"FOOD CUPBOARD","SPREADS AND TOPPING"
LFS,199394,0,"FOOD CUPBOARD","SPREADS AND TOPPING"
LFS,199395,0,"FOOD CUPBOARD",CONFECTIONERY
LFS,199397,0,"FOOD CUPBOARD",CONDIMENTS
LFS,199398,0,"FOOD CUPBOARD",CONFECTIONERY
LFS,199399,0,"FOOD CUPBOARD",CONFECTIONERY
LFS,199400,0,"FOOD CUPBOARD",CONDIMENTS
LFS,199401,0,"FOOD CUPBOARD",CONFECTIONERY
LFS,200048,0,"FOOD CUPBOARD","SPICES AND HERBS"
LFS,200050,0,"FOOD CUPBOARD","DRYFRUITS AND NUTS"
LFS,200051,0,"FOOD CUPBOARD","SPICES AND HERBS"
LFS,200052,0,"FOOD CUPBOARD","SPICES AND HERBS"
LFS,200053,0,"FOOD CUPBOARD","SPICES AND HERBS"
LFS,200054,0,"FOOD CUPBOARD","SPICES AND HERBS"
LFS,200055,0,"FOOD CUPBOARD","SPICES AND HERBS"
LFS,200056,0,"FOOD CUPBOARD","SPICES AND HERBS"
LFS,200057,0,"FOOD CUPBOARD","SPICES AND HERBS"
LFS,200058,0,"FOOD CUPBOARD","SPICES AND HERBS"
LFS,200060,0,"FOOD CUPBOARD","SPICES AND HERBS"
LFS,200061,0,"FOOD CUPBOARD","SPICES AND HERBS"
LFS,200062,0,"FOOD CUPBOARD","SPICES AND HERBS"
LFS,200063,0,"FOOD CUPBOARD","SPICES AND HERBS"
LFS,200064,0,"FOOD CUPBOARD",CONDIMENTS
LFS,200065,0,"FOOD CUPBOARD",CONDIMENTS
LFS,200066,0,"FOOD CUPBOARD",CONDIMENTS
LFS,200069,0,"FOOD CUPBOARD","SPICES AND HERBS"
LFS,200070,0,"FOOD CUPBOARD",CONDIMENTS
LFS,200071,0,"FOOD CUPBOARD",CONDIMENTS
LFS,200073,0,"FOOD CUPBOARD",CONDIMENTS
LFS,200074,0,"FOOD CUPBOARD",CONDIMENTS
LFS,196757,0,"FOOD CUPBOARD","PASTA AND SPAGHETTI"
LFS,196767,0,BEVERAGES,"SYRUPS AND CONCENTRATES"
LFS,196768,0,"FOOD CUPBOARD",BISCUITS
LFS,196770,0,"FOOD CUPBOARD","BREAKFAST CEREALS"
LFS,196775,0,"FOOD CUPBOARD",BISCUITS
LFS,196785,0,"HOME AND PERSONAL CARE","HEALTH AND WELLNESS"
LFS,196786,0,"HOME AND PERSONAL CARE","HEALTH AND NUTRITION"
LFS,196787,0,"HOME AND PERSONAL CARE","HEALTH AND WELLNESS"
LFS,196788,0,"HOME AND PERSONAL CARE","HEALTH AND WELLNESS"
LFS,199407,0,"FOOD CUPBOARD",CONFECTIONERY
LFS,199409,0,"FOOD CUPBOARD",CONFECTIONERY
LFS,199413,0,"FOOD CUPBOARD","SPREADS AND TOPPING"
LFS,199414,0,"FOOD CUPBOARD","SPREADS AND TOPPING"
LFS,199415,0,"FOOD CUPBOARD",CONFECTIONERY
LFS,199419,0,"FOOD CUPBOARD",CONFECTIONERY
LFS,19942,0,"FROZEN FOOD","POTATO CHIPS"
LFS,199420,0,"FOOD CUPBOARD",CONFECTIONERY
LFS,199423,0,"FOOD CUPBOARD",CONFECTIONERY
LFS,199424,0,"FOOD CUPBOARD",CONFECTIONERY
LFS,199425,0,"FOOD CUPBOARD",CONFECTIONERY
LFS,199427,0,"FOOD CUPBOARD",CONDIMENTS
LFS,199431,0,"FOOD CUPBOARD",BISCUITS
LFS,199435,0,"FOOD CUPBOARD",CONFECTIONERY
LFS,199436,0,"FOOD CUPBOARD",CONFECTIONERY
LFS,199472,0,"FOOD CUPBOARD",SAVOURIES
LFS,199474,0,"FOOD CUPBOARD",SAVOURIES
LFS,199476,0,"FOOD CUPBOARD",SAVOURIES
LFS,199477,0,"FOOD CUPBOARD","BAKING INGREDIENTS"
LFS,199478,0,"FOOD CUPBOARD",SAVOURIES
LFS,199481,0,"FOOD CUPBOARD",SAVOURIES
LFS,199483,0,"FOOD CUPBOARD","BAKING INGREDIENTS"
LFS,199487,0,"FOOD CUPBOARD",CONFECTIONERY
LFS,199498,0,"FOOD CUPBOARD",BISCUITS
LFS,200075,0,"FOOD CUPBOARD",CONDIMENTS
LFS,200076,0,"FOOD CUPBOARD",CONDIMENTS
LFS,200078,0,"FOOD CUPBOARD",CONDIMENTS
LFS,200082,0,"FOOD CUPBOARD",CONDIMENTS
LFS,200083,0,"FOOD CUPBOARD",CONDIMENTS
LFS,200084,0,"FOOD CUPBOARD",CONDIMENTS
LFS,200085,0,"FOOD CUPBOARD",CONDIMENTS
LFS,200086,0,"FOOD CUPBOARD",CONDIMENTS
LFS,200090,0,"FOOD CUPBOARD","SPICES AND HERBS"
LFS,200092,0,"FOOD CUPBOARD",CONDIMENTS
LFS,200093,0,"FOOD CUPBOARD","SPICES AND HERBS"
LFS,200094,0,"FOOD CUPBOARD","SPICES AND HERBS"
LFS,200095,0,"FOOD CUPBOARD","SPICES AND HERBS"
LFS,200096,0,"FOOD CUPBOARD","SPICES AND HERBS"
LFS,200097,0,"FOOD CUPBOARD","SPICES AND HERBS"
LFS,200098,0,"FOOD CUPBOARD","SPICES AND HERBS"
LFS,200099,0,"FOOD CUPBOARD","SPICES AND HERBS"
LFS,196792,0,"HOME AND PERSONAL CARE","HEALTH AND WELLNESS"
LFS,196799,0,BEVERAGES,"MINERAL WATER"
LFS,196801,0,"BEVERAGES ALCOHOLIC",WINES
LFS,196802,0,"BEVERAGES ALCOHOLIC",WINES
LFS,196803,0,"BEVERAGES ALCOHOLIC",WINES
LFS,196805,0,"BEVERAGES ALCOHOLIC",WINES
LFS,196809,0,"BEVERAGES ALCOHOLIC",WINES
LFS,196810,0,"BEVERAGES ALCOHOLIC",WINES
LFS,196812,0,"BEVERAGES ALCOHOLIC",WINES
LFS,196814,0,"BEVERAGES ALCOHOLIC",WHISKEY
LFS,196819,0,"BEVERAGES ALCOHOLIC",LIQUER
LFS,199439,0,"FRUITS- IMPORT",Fruits
LFS,199440,0,"FOOD CUPBOARD",CONFECTIONERY
LFS,199441,0,"FOOD CUPBOARD",BISCUITS
LFS,199443,0,"FOOD CUPBOARD",BISCUITS
LFS,199444,0,"FOOD CUPBOARD",SAVOURIES
LFS,199446,0,"FOOD CUPBOARD",CONFECTIONERY
LFS,199447,0,"FOOD CUPBOARD",BISCUITS
LFS,199448,0,"FOOD CUPBOARD",BISCUITS
LFS,199449,0,"FOOD CUPBOARD",SAVOURIES
LFS,199450,0,"FOOD CUPBOARD",BISCUITS
LFS,199451,0,"FOOD CUPBOARD",BISCUITS
LFS,199452,0,"FOOD CUPBOARD",SAVOURIES
LFS,199458,0,"FOOD CUPBOARD",CONFECTIONERY
LFS,199463,0,"FOOD CUPBOARD",SAVOURIES
LFS,199464,0,"FOOD CUPBOARD",CONFECTIONERY
LFS,199467,0,"FOOD CUPBOARD",SAVOURIES
LFS,199501,0,"FOOD CUPBOARD",BISCUITS
LFS,199508,0,"FOOD CUPBOARD",CONFECTIONERY
LFS,199510,0,"FOOD CUPBOARD",CONFECTIONERY
LFS,199513,0,"FOOD CUPBOARD",BISCUITS
LFS,199515,0,"FOOD CUPBOARD",BISCUITS
LFS,199516,0,"FOOD CUPBOARD",BISCUITS
LFS,199517,0,"FOOD CUPBOARD",CONFECTIONERY
LFS,199518,0,"FOOD CUPBOARD",CONFECTIONERY
LFS,199519,0,"FOOD CUPBOARD",BISCUITS
LFS,199520,0,"FOOD CUPBOARD",BISCUITS
LFS,199522,0,"FOOD CUPBOARD","SPICES AND HERBS"
LFS,199524,0,"FOOD CUPBOARD",CONFECTIONERY
LFS,199526,0,"FOOD CUPBOARD","SPICES AND HERBS"
LFS,199527,0,"FOOD CUPBOARD",BISCUITS
LFS,196094,0,"FOOD CUPBOARD",CONDIMENTS
LFS,196101,0,"FOOD CUPBOARD",SNACKS
LFS,196107,0,"FRESH DAIRY AND EGGS",Cream
LFS,196139,0,"FOOD CUPBOARD",SAVOURIES
LFS,196141,0,"FOOD CUPBOARD",SAVOURIES
LFS,196150,0,"HOME AND PERSONAL CARE","SKIN CARE"
LFS,196152,0,"HOME AND PERSONAL CARE","ORAL CARE"
LFS,196154,0,"HOME AND PERSONAL CARE","PET CARE"
LFS,196155,0,"HOME AND PERSONAL CARE","FEMININE CARE"
LFS,196156,0,"HOME AND PERSONAL CARE","FEMININE CARE"
LFS,196160,0,"HOME AND PERSONAL CARE","HOUSEHOLD CLEANERS"
LFS,196162,0,"HOME AND PERSONAL CARE","HOUSEHOLD CLEANERS"
LFS,196165,0,"HOME AND PERSONAL CARE","PERSONAL WASH"
LFS,196167,0,"HOME AND PERSONAL CARE",DISPOSABLE
LFS,196169,0,"HOME AND PERSONAL CARE",DISPOSABLE
LFS,196170,0,"HOME AND PERSONAL CARE",DISPOSABLE
LFS,196173,0,"HOME AND PERSONAL CARE","HAIR CARE"
LFS,196821,0,"BEVERAGES ALCOHOLIC",LIQUER
LFS,196824,0,"BEVERAGES ALCOHOLIC",LIQUER
LFS,196825,0,"BEVERAGES ALCOHOLIC",LIQUER
LFS,196837,0,"HOME AND PERSONAL CARE","HEALTH AND WELLNESS"
LFS,196839,0,"HOME AND PERSONAL CARE","HEALTH AND WELLNESS"
LFS,196840,0,"HOME AND PERSONAL CARE","HEALTH AND WELLNESS"
LFS,196841,0,BEVERAGES,DRINKS
LFS,196843,0,"HOME AND PERSONAL CARE","HEALTH AND WELLNESS"
LFS,196844,0,"HOME AND PERSONAL CARE","HEALTH AND WELLNESS"
LFS,197717,0,"FOOD CUPBOARD",CONDIMENTS
LFS,197718,0,"FOOD CUPBOARD",CONDIMENTS
LFS,197719,0,"FOOD CUPBOARD",CONDIMENTS
LFS,197720,0,"FOOD CUPBOARD",CONDIMENTS
LFS,197722,0,"FOOD CUPBOARD","INSTANT MIX"
LFS,197724,0,"FOOD CUPBOARD","INSTANT MIX"
LFS,197725,0,"FOOD CUPBOARD","INSTANT MIX"
LFS,197726,0,"FOOD CUPBOARD","INSTANT MIX"
LFS,197728,0,"FOOD CUPBOARD","INSTANT MIX"
LFS,197729,0,"FOOD CUPBOARD","INSTANT MIX"
LFS,197730,0,"FOOD CUPBOARD","INSTANT MIX"
LFS,197731,0,"FOOD CUPBOARD","INSTANT MIX"
LFS,197732,0,"FOOD CUPBOARD","INSTANT MIX"
LFS,197733,0,"FOOD CUPBOARD","INSTANT MIX"
LFS,197735,0,"FOOD CUPBOARD",CONDIMENTS
LFS,197737,0,"FOOD CUPBOARD",CONDIMENTS
LFS,197739,0,"FOOD CUPBOARD",CONDIMENTS
LFS,197740,0,"FOOD CUPBOARD","SALT  SUGAR AND JAGGERY"
LFS,197751,0,"FRESH DAIRY AND EGGS",cheeses
LFS,197753,0,"FRESH DAIRY AND EGGS",cheeses
LFS,197756,0,"FRESH DAIRY AND EGGS",cheeses
LFS,197757,0,"FRESH DAIRY AND EGGS",cheeses
LFS,197770,0,"FOOD CUPBOARD",BISCUITS
LFS,197773,0,"FOOD CUPBOARD",BISCUITS
LFS,197776,0,"FOOD CUPBOARD",BISCUITS
LFS,197830,0,"FOOD CUPBOARD","BABY FOOD"
LFS,199528,0,"FOOD CUPBOARD",BISCUITS
LFS,199529,0,"FOOD CUPBOARD",BISCUITS
LFS,199530,0,"FOOD CUPBOARD",BISCUITS
LFS,199531,0,"FOOD CUPBOARD",CONDIMENTS
LFS,199532,0,"FOOD CUPBOARD",BISCUITS
LFS,199534,0,"FOOD CUPBOARD",CONDIMENTS
LFS,199536,0,"FOOD CUPBOARD","INSTANT MIX"
LFS,199538,0,"FOOD CUPBOARD","MILK AND CREAMERS"
LFS,199541,0,"FOOD CUPBOARD","MILK AND CREAMERS"
LFS,199544,0,"FOOD CUPBOARD","MILK AND CREAMERS"
LFS,199546,0,"FOOD CUPBOARD","MILK AND CREAMERS"
LFS,199548,0,BEVERAGES,TEA
LFS,199549,0,"FOOD CUPBOARD","MILK AND CREAMERS"
LFS,199550,0,BEVERAGES,TEA
LFS,199554,0,"FOOD CUPBOARD",CONFECTIONERY
LFS,196176,0,"HOME AND PERSONAL CARE","PET CARE"
LFS,19618,0,"FOOD CUPBOARD","SPREADS AND TOPPING"
LFS,196180,0,"HOME AND PERSONAL CARE","HAIR CARE"
LFS,196185,0,"FOOD CUPBOARD","BAKING INGREDIENTS"
LFS,196186,0,"HOME AND PERSONAL CARE",DISPOSABLE
LFS,196187,0,"HOME AND PERSONAL CARE","PERSONAL WASH"
LFS,196188,0,"HOME AND PERSONAL CARE","FEMININE CARE"
LFS,196189,0,"HOME AND PERSONAL CARE","HOUSEHOLD CLEANERS"
LFS,196190,0,"HOME AND PERSONAL CARE","PET CARE"
LFS,196195,0,"HOME AND PERSONAL CARE","PERSONAL WASH"
LFS,196198,0,"HOME AND PERSONAL CARE","ORAL CARE"
LFS,196199,0,"HOME AND PERSONAL CARE",DISPOSABLE
LFS,196201,0,"HOME AND PERSONAL CARE","HOUSEHOLD CLEANERS"
LFS,196202,0,"HOME AND PERSONAL CARE","PERSONAL WASH"
LFS,196203,0,"HOME AND PERSONAL CARE",DISPOSABLE
LFS,196204,0,"HOME AND PERSONAL CARE",DISPOSABLE
LFS,196205,0,"HOME AND PERSONAL CARE","ORAL CARE"
LFS,196206,0,"HOME AND PERSONAL CARE","ORAL CARE"
LFS,196208,0,"HOME AND PERSONAL CARE",DISPOSABLE
LFS,196209,0,"HOME AND PERSONAL CARE",DISPOSABLE
LFS,19621,0,"FOOD CUPBOARD","SPREADS AND TOPPING"
LFS,196210,0,"HOME AND PERSONAL CARE","PET CARE"
LFS,196846,0,"HOME AND PERSONAL CARE","HEALTH AND WELLNESS"
LFS,196847,0,"HOME AND PERSONAL CARE","HEALTH AND WELLNESS"
LFS,196848,0,"HOME AND PERSONAL CARE","HEALTH AND WELLNESS"
LFS,196850,0,"HOME AND PERSONAL CARE","HEALTH AND WELLNESS"
LFS,196852,0,"HOME AND PERSONAL CARE","HEALTH AND WELLNESS"
LFS,196853,0,"HOME AND PERSONAL CARE","HEALTH AND WELLNESS"
LFS,196854,0,"FOOD CUPBOARD",BISCUITS
LFS,196857,0,"FOOD CUPBOARD",BISCUITS
LFS,196860,0,"FOOD CUPBOARD",BISCUITS
LFS,196861,0,"HOME AND PERSONAL CARE","HEALTH AND WELLNESS"
LFS,196863,0,"HOME AND PERSONAL CARE","HEALTH AND WELLNESS"
LFS,196864,0,"HOME AND PERSONAL CARE","HEALTH AND WELLNESS"
LFS,196866,0,"FOOD CUPBOARD","CANNED FOOD"
LFS,196868,0,"HOME AND PERSONAL CARE","HEALTH AND WELLNESS"
LFS,197831,0,"FOOD CUPBOARD","BABY FOOD"
LFS,197863,0,"FRESH DAIRY AND EGGS",cheeses
LFS,197864,0,"FOOD CUPBOARD",SAVOURIES
LFS,197865,0,"BEVERAGES ALCOHOLIC","CAN BEER"
LFS,197866,0,"FOOD CUPBOARD",CONDIMENTS
LFS,197873,0,"FOOD CUPBOARD","NOODLES AND SOUP"
LFS,197899,0,"BEVERAGES ALCOHOLIC","CAN BEER"
LFS,197972,0,"FOOD CUPBOARD",CONFECTIONERY
LFS,197973,0,"FOOD CUPBOARD",BISCUITS
LFS,199555,0,"FOOD CUPBOARD","MILK AND CREAMERS"
LFS,199561,0,"FOOD CUPBOARD",BISCUITS
LFS,199562,0,"FOOD CUPBOARD",BISCUITS
LFS,199568,0,"FOOD CUPBOARD",BISCUITS
LFS,199570,0,"FOOD CUPBOARD",BISCUITS
LFS,199571,0,"FOOD CUPBOARD",BISCUITS
LFS,199572,0,"FOOD CUPBOARD",BISCUITS
LFS,199573,0,"FOOD CUPBOARD",CONFECTIONERY
LFS,199576,0,"FOOD CUPBOARD",CONFECTIONERY
LFS,199579,0,"FOOD CUPBOARD",SAVOURIES
LFS,199580,0,"FOOD CUPBOARD",SAVOURIES
LFS,199581,0,"FOOD CUPBOARD",CONDIMENTS
LFS,199583,0,"FOOD CUPBOARD",SAVOURIES
LFS,199584,0,"FOOD CUPBOARD",BISCUITS
LFS,196211,0,"HOME AND PERSONAL CARE","PERSONAL WASH"
LFS,196212,0,"HOME AND PERSONAL CARE",DISPOSABLE
LFS,196213,0,"HOME AND PERSONAL CARE","PET CARE"
LFS,196214,0,"HOME AND PERSONAL CARE",DISPOSABLE
LFS,196215,0,"FOOD CUPBOARD","BAKING INGREDIENTS"
LFS,196216,0,"HOME AND PERSONAL CARE","ORAL CARE"
LFS,196219,0,"HOME AND PERSONAL CARE",DISPOSABLE
LFS,196222,0,"HOME AND PERSONAL CARE",DISPOSABLE
LFS,196223,0,"HOME AND PERSONAL CARE","HAIR CARE"
LFS,196227,0,"HOME AND PERSONAL CARE","PET CARE"
LFS,196228,0,"HOME AND PERSONAL CARE","LAUNDRY CARE"
LFS,196230,0,"HOME AND PERSONAL CARE","ORAL CARE"
LFS,196232,0,"HOME AND PERSONAL CARE",DISPOSABLE
LFS,196233,0,"HOME AND PERSONAL CARE","PET CARE"
LFS,196234,0,"HOME AND PERSONAL CARE","HOUSEHOLD CLEANERS"
LFS,196875,0,"HOME AND PERSONAL CARE","HEALTH AND WELLNESS"
LFS,196893,0,"HOME AND PERSONAL CARE",DISPOSABLE
LFS,197976,0,"FOOD CUPBOARD",BISCUITS
LFS,197981,0,"FOOD CUPBOARD","BREAKFAST CEREALS"
LFS,197985,0,"FOOD CUPBOARD",BISCUITS
LFS,197986,0,"FOOD CUPBOARD",BISCUITS
LFS,197987,0,"FOOD CUPBOARD",BISCUITS
LFS,197988,0,"FOOD CUPBOARD",BISCUITS
LFS,197991,0,"FOOD CUPBOARD",BISCUITS
LFS,197992,0,"FOOD CUPBOARD",BISCUITS
LFS,198235,0,"FOOD CUPBOARD",CONDIMENTS
LFS,198236,0,"FOOD CUPBOARD",CONDIMENTS
LFS,199585,0,"FOOD CUPBOARD",BISCUITS
LFS,199586,0,"FOOD CUPBOARD",BISCUITS
LFS,199587,0,"FOOD CUPBOARD",SAVOURIES
LFS,199588,0,"FOOD CUPBOARD",BISCUITS
LFS,199589,0,"FOOD CUPBOARD",SAVOURIES
LFS,199592,0,"FOOD CUPBOARD",SAVOURIES
LFS,199593,0,"FOOD CUPBOARD",BISCUITS
LFS,199594,0,"FOOD CUPBOARD",SAVOURIES
LFS,199599,0,"FOOD CUPBOARD",BISCUITS
LFS,199600,0,"FOOD CUPBOARD","EDIBLE OILS AND GHEE"
LFS,199601,0,"FOOD CUPBOARD",BISCUITS
LFS,199602,0,"FOOD CUPBOARD","EDIBLE OILS AND GHEE"
LFS,199603,0,"FOOD CUPBOARD",BISCUITS
LFS,199605,0,"FOOD CUPBOARD",BISCUITS
LFS,199606,0,"FOOD CUPBOARD",CONDIMENTS
LFS,199608,0,"FOOD CUPBOARD","SPREADS AND TOPPING"
LFS,196235,0,"HOME AND PERSONAL CARE",DISPOSABLE
LFS,196236,0,"HOME AND PERSONAL CARE","HAIR CARE"
LFS,196238,0,"HOME AND PERSONAL CARE",DISPOSABLE
LFS,196239,0,"HOME AND PERSONAL CARE",DISPOSABLE
LFS,196241,0,"HOME AND PERSONAL CARE","HOUSEHOLD CLEANERS"
LFS,196242,0,"HOME AND PERSONAL CARE",DISPOSABLE
LFS,196243,0,"HOME AND PERSONAL CARE",DISPOSABLE
LFS,196244,0,"HOME AND PERSONAL CARE","PET CARE"
LFS,196246,0,"HOME AND PERSONAL CARE","PET CARE"
LFS,196247,0,"HOME AND PERSONAL CARE","FEMININE CARE"
LFS,196248,0,"HOME AND PERSONAL CARE","HOUSEHOLD CLEANERS"
LFS,196252,0,"FRUITS- IMPORT",VEGETABLES.
LFS,196253,0,BEVERAGES,JUICE
LFS,196254,0,BEVERAGES,JUICE
LFS,196255,0,BEVERAGES,JUICE
LFS,196257,0,BEVERAGES,JUICE
LFS,196258,0,BEVERAGES,JUICE
LFS,196261,0,BEVERAGES,JUICE
LFS,196262,0,BEVERAGES,JUICE
LFS,196263,0,"HOME AND PERSONAL CARE",DISPOSABLE
LFS,196912,0,"FOOD CUPBOARD",CONFECTIONERY
LFS,196915,0,"FOOD CUPBOARD","NOODLES AND SOUP"
LFS,196916,0,"FOOD CUPBOARD","NOODLES AND SOUP"
LFS,196917,0,"FOOD CUPBOARD","NOODLES AND SOUP"
LFS,196919,0,"FOOD CUPBOARD","NOODLES AND SOUP"
LFS,196921,0,BEVERAGES,DRINKS
LFS,196922,0,BEVERAGES,DRINKS
LFS,196923,0,BEVERAGES,DRINKS
LFS,196924,0,BEVERAGES,DRINKS
LFS,196925,0,BEVERAGES,DRINKS
LFS,196926,0,BEVERAGES,DRINKS
LFS,196927,0,BEVERAGES,DRINKS
LFS,196929,0,"FOOD CUPBOARD",SAVOURIES
LFS,196930,0,"FOOD CUPBOARD",SAVOURIES
LFS,196931,0,"FOOD CUPBOARD",SAVOURIES
LFS,196934,0,"FOOD CUPBOARD",SAVOURIES
LFS,198237,0,"FOOD CUPBOARD",CONDIMENTS
LFS,198255,0,"FOOD CUPBOARD",CONDIMENTS
LFS,198256,0,"FOOD CUPBOARD",CONDIMENTS
LFS,198258,0,"FOOD CUPBOARD",CONDIMENTS
LFS,198259,0,"FOOD CUPBOARD",CONDIMENTS
LFS,198263,0,"FOOD CUPBOARD",CONDIMENTS
LFS,198265,0,"FOOD CUPBOARD",CONDIMENTS
LFS,198266,0,"FOOD CUPBOARD",CONDIMENTS
LFS,198267,0,"FOOD CUPBOARD",CONDIMENTS
LFS,198268,0,"FOOD CUPBOARD",CONDIMENTS
LFS,198269,0,"FOOD CUPBOARD",CONDIMENTS
LFS,198271,0,"FOOD CUPBOARD",CONDIMENTS
LFS,198272,0,"FOOD CUPBOARD",CONDIMENTS
LFS,198273,0,"FOOD CUPBOARD","MILK AND CREAMERS"
LFS,198274,0,"FOOD CUPBOARD","MILK AND CREAMERS"
LFS,198275,0,"FOOD CUPBOARD","MILK AND CREAMERS"
LFS,198276,0,"FOOD CUPBOARD","MILK AND CREAMERS"
LFS,198318,0,"FOOD CUPBOARD","DRYFRUITS AND NUTS"
LFS,198320,0,"FOOD CUPBOARD","DRYFRUITS AND NUTS"
LFS,198327,0,"FOOD CUPBOARD","DRYFRUITS AND NUTS"
LFS,198349,0,"FOOD CUPBOARD","DRYFRUITS AND NUTS"
LFS,198353,0,"FOOD CUPBOARD",CONFECTIONERY
LFS,199609,0,"FOOD CUPBOARD",BISCUITS
LFS,199610,0,"FOOD CUPBOARD","SPREADS AND TOPPING"
LFS,199611,0,"FOOD CUPBOARD","SPREADS AND TOPPING"
LFS,199612,0,"FOOD CUPBOARD",BISCUITS
LFS,199613,0,"FOOD CUPBOARD","SPREADS AND TOPPING"
LFS,199617,0,"FOOD CUPBOARD",BISCUITS
LFS,199618,0,"FOOD CUPBOARD",CONDIMENTS
LFS,199619,0,"FOOD CUPBOARD",BISCUITS
LFS,199620,0,"FOOD CUPBOARD",CONDIMENTS
LFS,199621,0,"FOOD CUPBOARD",BISCUITS
LFS,199622,0,"FOOD CUPBOARD",CONDIMENTS
LFS,199623,0,"FOOD CUPBOARD",BISCUITS
LFS,199638,0,"FOOD CUPBOARD",CONDIMENTS
LFS,199643,0,BEVERAGES,TEA
LFS,196265,0,"HOME AND PERSONAL CARE",DISPOSABLE
LFS,196267,0,"HOME AND PERSONAL CARE",DISPOSABLE
LFS,196269,0,"HOME AND PERSONAL CARE","ORAL CARE"
LFS,196270,0,"HOME AND PERSONAL CARE","ORAL CARE"
LFS,196272,0,"HOME AND PERSONAL CARE","SKIN CARE"
LFS,196276,0,"HOME AND PERSONAL CARE","HOUSEHOLD CLEANERS"
LFS,196280,0,"HOME AND PERSONAL CARE",DISPOSABLE
LFS,196282,0,"HOME AND PERSONAL CARE","FEMININE CARE"
LFS,196287,0,"HOME AND PERSONAL CARE","PERSONAL WASH"
LFS,196290,0,"FRUITS- IMPORT",VEGETABLES.
LFS,196291,0,"HOME AND PERSONAL CARE",DISPOSABLE
LFS,196293,0,"HOME AND PERSONAL CARE","PET CARE"
LFS,196294,0,"HOME AND PERSONAL CARE",DISPOSABLE
LFS,196295,0,"HOME AND PERSONAL CARE","SKIN CARE"
LFS,196296,0,"HOME AND PERSONAL CARE",DISPOSABLE
LFS,196298,0,"HOME AND PERSONAL CARE",DISPOSABLE
LFS,196299,0,"HOME AND PERSONAL CARE",DISPOSABLE
LFS,196935,0,"FOOD CUPBOARD",SAVOURIES
LFS,196937,0,"FOOD CUPBOARD",BISCUITS
LFS,196938,0,BUTCHERY,"FRESH BEEF"
LFS,196940,0,"FOOD CUPBOARD",SAVOURIES
LFS,196946,0,BUTCHERY,"FRESH BEEF"
LFS,196949,0,BUTCHERY,"FRESH BEEF"
LFS,196951,0,BUTCHERY,"BEEF OFFALS"
LFS,196957,0,BUTCHERY,"FROZEN CHICKEN"
LFS,196961,0,"FOOD CUPBOARD",BISCUITS
LFS,196962,0,BUTCHERY,"FROZEN CHICKEN"
LFS,196963,0,"FOOD CUPBOARD",BISCUITS
LFS,196965,0,"FOOD CUPBOARD",BISCUITS
LFS,196967,0,"FOOD CUPBOARD",BISCUITS
LFS,196968,0,"FOOD CUPBOARD",BISCUITS
LFS,196969,0,"FOOD CUPBOARD",BISCUITS
LFS,196972,0,BUTCHERY,"FROZEN CHICKEN"
LFS,196977,0,"FOOD CUPBOARD",BISCUITS
LFS,196982,0,"FOOD CUPBOARD",BISCUITS
LFS,196983,0,"FOOD CUPBOARD",BISCUITS
LFS,198359,0,"FOOD CUPBOARD",CONDIMENTS
LFS,198360,0,"FOOD CUPBOARD",CONDIMENTS
LFS,198361,0,"FOOD CUPBOARD",CONDIMENTS
LFS,198363,0,"FOOD CUPBOARD",CONDIMENTS
LFS,198364,0,"FOOD CUPBOARD",CONDIMENTS
LFS,198365,0,"FOOD CUPBOARD",CONDIMENTS
LFS,198366,0,"FOOD CUPBOARD",CONDIMENTS
LFS,198367,0,"FOOD CUPBOARD",CONDIMENTS
LFS,198368,0,"FOOD CUPBOARD",CONDIMENTS
LFS,198369,0,"FOOD CUPBOARD",CONDIMENTS
LFS,198371,0,"FOOD CUPBOARD",CONDIMENTS
LFS,198373,0,"FOOD CUPBOARD",CONDIMENTS
LFS,198374,0,"FOOD CUPBOARD",CONDIMENTS
LFS,198375,0,"FOOD CUPBOARD",CONDIMENTS
LFS,198376,0,"FOOD CUPBOARD",CONDIMENTS
LFS,198377,0,"FOOD CUPBOARD",CONDIMENTS
LFS,198378,0,"FOOD CUPBOARD",CONDIMENTS
LFS,198379,0,"FOOD CUPBOARD",CONDIMENTS
LFS,198380,0,"FOOD CUPBOARD",CONDIMENTS
LFS,198381,0,"FOOD CUPBOARD","NOODLES AND SOUP"
LFS,198382,0,"FOOD CUPBOARD","NOODLES AND SOUP"
LFS,198383,0,"FOOD CUPBOARD","NOODLES AND SOUP"
LFS,198384,0,"FOOD CUPBOARD","NOODLES AND SOUP"
LFS,198385,0,"FOOD CUPBOARD",CONFECTIONERY
LFS,198391,0,"FRUITS- IMPORT",VEGETABLES.
LFS,198393,0,"FOOD CUPBOARD","SPREADS AND TOPPING"
LFS,199645,0,BEVERAGES,TEA
LFS,199648,0,BEVERAGES,TEA
LFS,199653,0,"FOOD CUPBOARD",CONFECTIONERY
LFS,199666,0,"FOOD CUPBOARD",CONFECTIONERY
LFS,199681,0,"HOME AND PERSONAL CARE",DISPOSABLE
LFS,199682,0,"HOME AND PERSONAL CARE",DISPOSABLE
LFS,199687,0,"FOOD CUPBOARD",CONFECTIONERY
LFS,199690,0,"FOOD CUPBOARD",CONFECTIONERY
LFS,196303,0,"FOOD CUPBOARD","PASTA AND SPAGHETTI"
LFS,196304,0,"FOOD CUPBOARD","PASTA AND SPAGHETTI"
LFS,196305,0,"FOOD CUPBOARD","PASTA AND SPAGHETTI"
LFS,196306,0,"FOOD CUPBOARD","PASTA AND SPAGHETTI"
LFS,196307,0,"FOOD CUPBOARD","RAW RICE"
LFS,196308,0,"FOOD CUPBOARD","PASTA AND SPAGHETTI"
LFS,196309,0,"FOOD CUPBOARD","PASTA AND SPAGHETTI"
LFS,196310,0,"FOOD CUPBOARD","PASTA AND SPAGHETTI"
LFS,196313,0,"FOOD CUPBOARD","SPREADS AND TOPPING"
LFS,196315,0,"HOME AND PERSONAL CARE",DISPOSABLE
LFS,196329,0,"HOME AND PERSONAL CARE",DISPOSABLE
LFS,196336,0,"HOME AND PERSONAL CARE",DISPOSABLE
LFS,197007,0,"FOOD CUPBOARD",CONDIMENTS
LFS,197015,0,"FOOD CUPBOARD",CONDIMENTS
LFS,197016,0,"FOOD CUPBOARD",CONDIMENTS
LFS,197020,0,BUTCHERY,"LAMB LOCAL"
LFS,197023,0,"FOOD CUPBOARD",CONDIMENTS
LFS,197025,0,"FOOD CUPBOARD",CONDIMENTS
LFS,197028,0,"FOOD CUPBOARD",CONDIMENTS
LFS,197032,0,"FOOD CUPBOARD",BISCUITS
LFS,197038,0,"FOOD CUPBOARD",BISCUITS
LFS,197040,0,"FOOD CUPBOARD",BISCUITS
LFS,197042,0,"FOOD CUPBOARD",BISCUITS
LFS,197048,0,"FOOD CUPBOARD",BISCUITS
LFS,197054,0,"FOOD CUPBOARD",BISCUITS
LFS,197055,0,"FOOD CUPBOARD",BISCUITS
LFS,197057,0,"FOOD CUPBOARD",BISCUITS
LFS,197058,0,"FOOD CUPBOARD",BISCUITS
LFS,197059,0,"FOOD CUPBOARD",BISCUITS
LFS,197060,0,BUTCHERY,"FRESH BEEF"
LFS,197064,0,"FOOD CUPBOARD",BISCUITS
LFS,197072,0,"FOOD CUPBOARD",BISCUITS
LFS,197073,0,"FOOD CUPBOARD",BISCUITS
LFS,197078,0,"FOOD CUPBOARD",CONDIMENTS
LFS,198394,0,"FOOD CUPBOARD","CANNED FOOD"
LFS,198409,0,"HOME AND PERSONAL CARE",FRAGRANCES
LFS,19842,0,"FROZEN FOOD",ICE-CREAM
LFS,198454,0,"FOOD CUPBOARD","SPREADS AND TOPPING"
LFS,198515,0,"HOME AND PERSONAL CARE","HAIR CARE"
LFS,198516,0,"HOME AND PERSONAL CARE","HAIR CARE"
LFS,198518,0,"HOME AND PERSONAL CARE","HAIR CARE"
LFS,198519,0,"HOME AND PERSONAL CARE","HAIR CARE"
LFS,198520,0,"BEVERAGES ALCOHOLIC",WINES
LFS,198521,0,"FOOD CUPBOARD","EDIBLE OILS AND GHEE"
LFS,198549,0,"FRUITS- IMPORT",VEGETABLES.
LFS,198550,0,"FRUITS- IMPORT",VEGETABLES.
LFS,198551,0,"FRUITS- IMPORT",VEGETABLES.
LFS,198552,0,"FRUITS- IMPORT",VEGETABLES.
LFS,199698,0,"FOOD CUPBOARD",CONFECTIONERY
LFS,199702,0,"FOOD CUPBOARD",BISCUITS
LFS,199703,0,"FOOD CUPBOARD",CONFECTIONERY
LFS,199706,0,"FOOD CUPBOARD",CONFECTIONERY
LFS,199708,0,"HOME AND PERSONAL CARE",DISPOSABLE
LFS,199715,0,"FOOD CUPBOARD",SNACKS
LFS,199721,0,"FOOD CUPBOARD",SNACKS
LFS,199727,0,"HOME AND PERSONAL CARE",DISPOSABLE
LFS,199730,0,"FOOD CUPBOARD",SAVOURIES
LFS,196343,0,"HOME AND PERSONAL CARE",DISPOSABLE
LFS,196352,0,"HOME AND PERSONAL CARE",DISPOSABLE
LFS,196364,0,BUTCHERY,"FRESH PORK"
LFS,19637,0,BEVERAGES,COFFEE
LFS,196372,0,BUTCHERY,"FRESH CHICKEN"
LFS,196375,0,BUTCHERY,"FRESH CHICKEN"
LFS,196378,0,"HOME AND PERSONAL CARE","INFANT AND BABY CARE"
LFS,196384,0,"HOME AND PERSONAL CARE",DISPOSABLE
LFS,197083,0,BUTCHERY,"EXOTIC MEAT"
LFS,197088,0,"FOOD CUPBOARD",BISCUITS
LFS,197089,0,"FOOD CUPBOARD",BISCUITS
LFS,197090,0,"FOOD CUPBOARD",BISCUITS
LFS,197091,0,"FOOD CUPBOARD","BREAKFAST CEREALS"
LFS,197092,0,"FOOD CUPBOARD",BISCUITS
LFS,197103,0,"FOOD CUPBOARD",CONFECTIONERY
LFS,197104,0,"FOOD CUPBOARD",CONFECTIONERY
LFS,197105,0,"FOOD CUPBOARD",CONFECTIONERY
LFS,197109,0,"FOOD CUPBOARD",CONFECTIONERY
LFS,197110,0,"FOOD CUPBOARD",CONFECTIONERY
LFS,197112,0,"FRESH DAIRY AND EGGS",cheeses
LFS,197113,0,"FRESH DAIRY AND EGGS",cheeses
LFS,197114,0,"FRESH DAIRY AND EGGS",cheeses
LFS,197115,0,"FOOD CUPBOARD",BISCUITS
LFS,197116,0,"FOOD CUPBOARD",BISCUITS
LFS,197117,0,"FOOD CUPBOARD",BISCUITS
LFS,197120,0,"FRESH DAIRY AND EGGS",Yoghurt
LFS,197121,0,"FRESH DAIRY AND EGGS",Yoghurt
LFS,197122,0,"FRESH DAIRY AND EGGS",Yoghurt
LFS,197124,0,BEVERAGES,DRINKS
LFS,197125,0,"FOOD CUPBOARD","NOODLES AND SOUP"
LFS,198904,0,BEVERAGES,"MINERAL WATER"
LFS,198910,0,"BEVERAGES ALCOHOLIC","VODKA BOTTLES"
LFS,198927,0,"FOOD CUPBOARD",CONDIMENTS
LFS,198928,0,"FOOD CUPBOARD",CONDIMENTS
LFS,198929,0,"FOOD CUPBOARD",CONDIMENTS
LFS,198930,0,"FOOD CUPBOARD",CONDIMENTS
LFS,198933,0,"FOOD CUPBOARD",CONDIMENTS
LFS,198935,0,"FOOD CUPBOARD",CONDIMENTS
LFS,198936,0,"FOOD CUPBOARD",CONDIMENTS
LFS,19894,0,"FROZEN FOOD",ICE-CREAM
LFS,198942,0,"FOOD CUPBOARD",CONDIMENTS
LFS,198943,0,"FOOD CUPBOARD",CONDIMENTS
LFS,198944,0,"FOOD CUPBOARD",CONDIMENTS
LFS,198945,0,"FOOD CUPBOARD",CONDIMENTS
LFS,198948,0,"FOOD CUPBOARD",CONDIMENTS
LFS,198949,0,"FOOD CUPBOARD",CONDIMENTS
LFS,19895,0,"FROZEN FOOD",ICE-CREAM
LFS,198953,0,"FOOD CUPBOARD",CONDIMENTS
LFS,198956,0,"FOOD CUPBOARD",CONDIMENTS
LFS,198958,0,"FOOD CUPBOARD",CONDIMENTS
LFS,198964,0,"FOOD CUPBOARD",CONDIMENTS
LFS,198965,0,"FOOD CUPBOARD",CONDIMENTS
LFS,198966,0,"FOOD CUPBOARD",CONDIMENTS
LFS,198967,0,"FOOD CUPBOARD",CONDIMENTS
LFS,198968,0,"FOOD CUPBOARD",CONDIMENTS
LFS,198980,0,"FRUITS- IMPORT",Fruits
LFS,198981,0,"FRUITS- IMPORT",Fruits
LFS,198982,0,"FRUITS- IMPORT",Fruits
LFS,198983,0,"FRUITS- IMPORT",Fruits
LFS,198986,0,"FRESH DAIRY AND EGGS",cheeses
LFS,198989,0,"FOOD CUPBOARD","RAW RICE"
LFS,199734,0,"HOME AND PERSONAL CARE",DISPOSABLE
LFS,199735,0,"HOME AND PERSONAL CARE",DISPOSABLE
LFS,199736,0,"HOME AND PERSONAL CARE",DISPOSABLE
LFS,199737,0,"FOOD CUPBOARD",CONFECTIONERY
LFS,199739,0,"FOOD CUPBOARD","BAKING INGREDIENTS"
LFS,199740,0,"FOOD CUPBOARD",BISCUITS
LFS,199741,0,"FOOD CUPBOARD",CONFECTIONERY
LFS,199743,0,"FOOD CUPBOARD","BAKING INGREDIENTS"
LFS,199746,0,"FOOD CUPBOARD",CONFECTIONERY
LFS,199750,0,"FOOD CUPBOARD",CONFECTIONERY
LFS,199752,0,"FOOD CUPBOARD","INSTANT MIX"
LFS,199753,0,"FOOD CUPBOARD","INSTANT MIX"
LFS,199754,0,"FOOD CUPBOARD","INSTANT MIX"
LFS,199755,0,"FOOD CUPBOARD",CONFECTIONERY
LFS,199756,0,"FOOD CUPBOARD",CONFECTIONERY
LFS,199757,0,"FOOD CUPBOARD",CONFECTIONERY
LFS,196389,0,"HOME AND PERSONAL CARE",DISPOSABLE
LFS,196402,0,"HOME AND PERSONAL CARE",DISPOSABLE
LFS,196404,0,"HOME AND PERSONAL CARE",DISPOSABLE
LFS,196405,0,"HOME AND PERSONAL CARE","INFANT AND BABY CARE"
LFS,196407,0,"HOME AND PERSONAL CARE",DISPOSABLE
LFS,196416,0,"HOME AND PERSONAL CARE",DISPOSABLE
LFS,196421,0,"HOME AND PERSONAL CARE",DISPOSABLE
LFS,197131,0,"FOOD CUPBOARD",CONDIMENTS
LFS,197132,0,"FOOD CUPBOARD",CONDIMENTS
LFS,197133,0,"FOOD CUPBOARD",BISCUITS
LFS,197134,0,"FOOD CUPBOARD",BISCUITS
LFS,197135,0,"FOOD CUPBOARD",BISCUITS
LFS,197136,0,"FOOD CUPBOARD",BISCUITS
LFS,197137,0,"FOOD CUPBOARD",BISCUITS
LFS,197139,0,"FOOD CUPBOARD",BISCUITS
LFS,197143,0,BEVERAGES,COFFEE
LFS,197147,0,"FOOD CUPBOARD","NOODLES AND SOUP"
LFS,197150,0,"FOOD CUPBOARD","NOODLES AND SOUP"
LFS,197161,0,"FOOD CUPBOARD",SAVOURIES
LFS,197163,0,"FOOD CUPBOARD",SAVOURIES
LFS,197166,0,"FOOD CUPBOARD",SAVOURIES
LFS,197167,0,"FOOD CUPBOARD",SAVOURIES
LFS,197174,0,"FOOD CUPBOARD",BISCUITS
LFS,197175,0,"FOOD CUPBOARD",BISCUITS
LFS,197176,0,"FOOD CUPBOARD",BISCUITS
LFS,197177,0,"FOOD CUPBOARD",BISCUITS
LFS,199032,0,"FOOD CUPBOARD",CONDIMENTS
LFS,199035,0,"FOOD CUPBOARD",CONDIMENTS
LFS,199037,0,"FOOD CUPBOARD",CONDIMENTS
LFS,199104,0,"HOME AND PERSONAL CARE","LAUNDRY CARE"
LFS,199105,0,"HOME AND PERSONAL CARE","LAUNDRY CARE"
LFS,199107,0,"FOOD CUPBOARD","BREAKFAST CEREALS"
LFS,199108,0,"FOOD CUPBOARD","NOODLES AND SOUP"
LFS,199109,0,"FOOD CUPBOARD",CONFECTIONERY
LFS,199110,0,"FOOD CUPBOARD",SAVOURIES
LFS,199111,0,"FOOD CUPBOARD",CONDIMENTS
LFS,199112,0,"FOOD CUPBOARD","EDIBLE OILS AND GHEE"
LFS,199113,0,"FOOD CUPBOARD","SPREADS AND TOPPING"
LFS,199114,0,"FOOD CUPBOARD","SPREADS AND TOPPING"
LFS,199116,0,"FOOD CUPBOARD",SAVOURIES
LFS,199117,0,"FOOD CUPBOARD",SAVOURIES
LFS,199118,0,"FOOD CUPBOARD",SAVOURIES
LFS,199119,0,"FOOD CUPBOARD",SAVOURIES
LFS,199762,0,"FOOD CUPBOARD",CONFECTIONERY
LFS,199764,0,"FOOD CUPBOARD",CONFECTIONERY
LFS,199787,0,"FOOD CUPBOARD","SPREADS AND TOPPING"
LFS,199789,0,"BEVERAGES ALCOHOLIC",TEQUILA
LFS,199790,0,"BEVERAGES ALCOHOLIC",TEQUILA
LFS,199791,0,"BEVERAGES ALCOHOLIC",WHISKEY
LFS,199792,0,"BEVERAGES ALCOHOLIC",WHISKEY
LFS,199793,0,"BEVERAGES ALCOHOLIC",LIQUER
LFS,199797,0,"BEVERAGES ALCOHOLIC","VODKA BOTTLES"
LFS,199799,0,"BEVERAGES ALCOHOLIC","VODKA BOTTLES"
LFS,19643,0,"FOOD CUPBOARD",CONFECTIONERY
LFS,196432,0,"HOME AND PERSONAL CARE",DISPOSABLE
LFS,196438,0,"HOME AND PERSONAL CARE",FRAGRANCES
LFS,196440,0,"HOME AND PERSONAL CARE","INFANT AND BABY CARE"
LFS,196441,0,"HOME AND PERSONAL CARE",FRAGRANCES
LFS,196443,0,"HOME AND PERSONAL CARE",FRAGRANCES
LFS,197179,0,"FOOD CUPBOARD",BISCUITS
LFS,197180,0,"FOOD CUPBOARD",BISCUITS
LFS,197181,0,"FOOD CUPBOARD",BISCUITS
LFS,197182,0,"FOOD CUPBOARD",BISCUITS
LFS,197183,0,"FOOD CUPBOARD",BISCUITS
LFS,197184,0,"FOOD CUPBOARD",BISCUITS
LFS,197185,0,"FOOD CUPBOARD",BISCUITS
LFS,197191,0,"FOOD CUPBOARD",BISCUITS
LFS,197192,0,"FOOD CUPBOARD",BISCUITS
LFS,197193,0,"FOOD CUPBOARD",BISCUITS
LFS,197195,0,"FOOD CUPBOARD",BISCUITS
LFS,197196,0,"FOOD CUPBOARD",BISCUITS
LFS,197197,0,"FOOD CUPBOARD",BISCUITS
LFS,197200,0,"FOOD CUPBOARD",BISCUITS
LFS,197201,0,"FOOD CUPBOARD",BISCUITS
LFS,197205,0,"FOOD CUPBOARD",BISCUITS
LFS,197266,0,"FOOD CUPBOARD",BISCUITS
LFS,197267,0,"FOOD CUPBOARD",BISCUITS
LFS,197269,0,"FOOD CUPBOARD",BISCUITS
LFS,197270,0,"FOOD CUPBOARD",BISCUITS
LFS,197272,0,"FOOD CUPBOARD",BISCUITS
LFS,199120,0,"FOOD CUPBOARD","SPREADS AND TOPPING"
LFS,199121,0,"FOOD CUPBOARD","SPREADS AND TOPPING"
LFS,199122,0,"HOME AND PERSONAL CARE","HOUSEHOLD CLEANERS"
LFS,199123,0,"FOOD CUPBOARD","SPREADS AND TOPPING"
LFS,199125,0,BEVERAGES,COFFEE
LFS,199126,0,BEVERAGES,COFFEE
LFS,199127,0,BEVERAGES,COFFEE
LFS,199128,0,BEVERAGES,COFFEE
LFS,199139,0,"FOOD CUPBOARD","NOODLES AND SOUP"
LFS,199141,0,"FOOD CUPBOARD","PASTA AND SPAGHETTI"
LFS,199143,0,"FOOD CUPBOARD","PASTA AND SPAGHETTI"
LFS,199146,0,"FOOD CUPBOARD",CONDIMENTS
LFS,199147,0,"FOOD CUPBOARD",SAVOURIES
LFS,199152,0,"HOME AND PERSONAL CARE",DISPOSABLE
LFS,199160,0,BEVERAGES,DRINKS
LFS,199859,0,"FROZEN FOOD",ICE-CREAM
LFS,199862,0,"HOME AND PERSONAL CARE",DISPOSABLE
LFS,199864,0,"BEVERAGES ALCOHOLIC","BOTTLE BEER"
LFS,199869,0,"BEVERAGES ALCOHOLIC",WINES
LFS,199885,0,"FOOD CUPBOARD","RAW RICE"
LFS,199886,0,"FOOD CUPBOARD","RAW RICE"
LFS,199888,0,"FOOD CUPBOARD","SPICES AND HERBS"
LFS,199889,0,"FOOD CUPBOARD","SPICES AND HERBS"
LFS,199890,0,"FOOD CUPBOARD","SPICES AND HERBS"
LFS,199891,0,"HOME AND PERSONAL CARE","PERSONAL WASH"
LFS,199892,0,"HOME AND PERSONAL CARE","PERSONAL WASH"
LFS,199893,0,"HOME AND PERSONAL CARE","PERSONAL WASH"
LFS,199896,0,"FOOD CUPBOARD","SPICES AND HERBS"
LFS,199897,0,"FOOD CUPBOARD","SPICES AND HERBS"
LFS,199899,0,"FOOD CUPBOARD","SPICES AND HERBS"
LFS,19645,0,"FOOD CUPBOARD","CANNED FOOD"
LFS,196454,0,BEVERAGES,JUICE
LFS,196456,0,BEVERAGES,JUICE
LFS,196499,0,BUTCHERY,"LAMB LOCAL"
LFS,196504,0,BUTCHERY,"LAMB LOCAL"
LFS,196513,0,BUTCHERY,"FRESH PORK"
LFS,196540,0,"HOME AND PERSONAL CARE",DISPOSABLE
LFS,196544,0,"HOME AND PERSONAL CARE",DISPOSABLE
LFS,196555,0,"HOME AND PERSONAL CARE",DISPOSABLE
LFS,196559,0,"HOME AND PERSONAL CARE",DISPOSABLE
LFS,196562,0,"HOME AND PERSONAL CARE",DISPOSABLE
LFS,197273,0,"FOOD CUPBOARD",BISCUITS
LFS,197276,0,"FOOD CUPBOARD",BISCUITS
LFS,197277,0,"FOOD CUPBOARD",BISCUITS
LFS,197291,0,"FOOD CUPBOARD",CONFECTIONERY
LFS,197293,0,"FOOD CUPBOARD",CONFECTIONERY
LFS,197294,0,"FRUITS- IMPORT",VEGETABLES.
LFS,197295,0,"FOOD CUPBOARD",CONFECTIONERY
LFS,197296,0,"FOOD CUPBOARD",CONFECTIONERY
LFS,197307,0,"FOOD CUPBOARD",CONFECTIONERY
LFS,197310,0,"FRESH DAIRY AND EGGS","Deli Pork"
LFS,197311,0,"FOOD CUPBOARD",CONFECTIONERY
LFS,197313,0,"FRESH DAIRY AND EGGS","Deli Pork"
LFS,197315,0,"FOOD CUPBOARD",CONFECTIONERY
LFS,197316,0,"FOOD CUPBOARD",CONFECTIONERY
LFS,197318,0,"FOOD CUPBOARD",CONFECTIONERY
LFS,197319,0,BEVERAGES,DRINKS
LFS,197324,0,BEVERAGES,DRINKS
LFS,197325,0,BEVERAGES,DRINKS
LFS,197326,0,BEVERAGES,DRINKS
LFS,199163,0,"BEVERAGES ALCOHOLIC","BOTTLE BEER"
LFS,199171,0,"FOOD CUPBOARD","EDIBLE OILS AND GHEE"
LFS,199172,0,"FOOD CUPBOARD","EDIBLE OILS AND GHEE"
LFS,199173,0,"FOOD CUPBOARD",CONDIMENTS
LFS,199174,0,"FOOD CUPBOARD",SAVOURIES
LFS,199175,0,"FOOD CUPBOARD",SAVOURIES
LFS,199179,0,"FOOD CUPBOARD","PASTA AND SPAGHETTI"
LFS,199180,0,"FOOD CUPBOARD","PASTA AND SPAGHETTI"
LFS,199181,0,"FOOD CUPBOARD","PASTA AND SPAGHETTI"
LFS,199186,0,"BEVERAGES ALCOHOLIC",WINES
LFS,199187,0,"BEVERAGES ALCOHOLIC",WINES
LFS,199189,0,"BEVERAGES ALCOHOLIC",WINES
LFS,199191,0,"BEVERAGES ALCOHOLIC",WINES
LFS,199194,0,"BEVERAGES ALCOHOLIC",WINES
LFS,199195,0,"BEVERAGES ALCOHOLIC",WINES
LFS,199196,0,"FOOD CUPBOARD",BISCUITS
LFS,199900,0,"FOOD CUPBOARD","SPICES AND HERBS"
LFS,199901,0,"FOOD CUPBOARD","SPICES AND HERBS"
LFS,199903,0,"FOOD CUPBOARD","INSTANT MIX"
LFS,199904,0,"FOOD CUPBOARD","INSTANT MIX"
LFS,199922,0,"FOOD CUPBOARD","INSTANT MIX"
LFS,199923,0,"FOOD CUPBOARD","INSTANT MIX"
LFS,199924,0,"FOOD CUPBOARD",CONDIMENTS
LFS,199925,0,"FOOD CUPBOARD",CONDIMENTS
LFS,199926,0,"FOOD CUPBOARD",CONDIMENTS
LFS,199927,0,"FOOD CUPBOARD",CONDIMENTS
LFS,199928,0,"FOOD CUPBOARD",CONDIMENTS
LFS,199931,0,"FOOD CUPBOARD","SPICES AND HERBS"
LFS,199932,0,"FOOD CUPBOARD","SPICES AND HERBS"
LFS,199933,0,"FOOD CUPBOARD","SPICES AND HERBS"
LFS,199934,0,"FOOD CUPBOARD","SPICES AND HERBS"
LFS,199937,0,"FOOD CUPBOARD","SPICES AND HERBS"
LFS,199938,0,"FOOD CUPBOARD","SPICES AND HERBS"
LFS,199940,0,"FOOD CUPBOARD","SPICES AND HERBS"
LFS,199941,0,"FRUITS- IMPORT",VEGETABLES.
LFS,199943,0,"FRUITS- IMPORT",VEGETABLES.
LFS,196568,0,"HOME AND PERSONAL CARE",DISPOSABLE
LFS,196575,0,"HOME AND PERSONAL CARE",DISPOSABLE
LFS,196584,0,"HOME AND PERSONAL CARE",DISPOSABLE
LFS,196595,0,"HOME AND PERSONAL CARE","INFANT AND BABY CARE"
LFS,196601,0,"HOME AND PERSONAL CARE",DISPOSABLE
LFS,196602,0,"HOME AND PERSONAL CARE",DISPOSABLE
LFS,196603,0,"HOME AND PERSONAL CARE",DISPOSABLE
LFS,197328,0,BEVERAGES,DRINKS
LFS,197329,0,"FOOD CUPBOARD",BISCUITS
LFS,197330,0,"FOOD CUPBOARD",BISCUITS
LFS,197348,0,"HOME AND PERSONAL CARE","LAUNDRY CARE"
LFS,197349,0,"HOME AND PERSONAL CARE","ORAL CARE"
LFS,197358,0,"HOME AND PERSONAL CARE","PERSONAL WASH"
LFS,19736,0,"FOOD CUPBOARD",CONDIMENTS
LFS,197363,0,"HOME AND PERSONAL CARE","LAUNDRY CARE"
LFS,197364,0,"HOME AND PERSONAL CARE","LAUNDRY CARE"
LFS,197365,0,"HOME AND PERSONAL CARE","LAUNDRY CARE"
LFS,19738,0,"FOOD CUPBOARD","SPICES AND HERBS"
LFS,197402,0,BEVERAGES,DRINKS
LFS,197403,0,"FOOD CUPBOARD",BISCUITS
LFS,197404,0,"FOOD CUPBOARD",BISCUITS
LFS,197405,0,"FOOD CUPBOARD",BISCUITS
LFS,197406,0,"FOOD CUPBOARD",BISCUITS
LFS,197407,0,"FOOD CUPBOARD",BISCUITS
LFS,199199,0,"FOOD CUPBOARD",SAVOURIES
LFS,199200,0,"FOOD CUPBOARD",SAVOURIES
LFS,199216,0,BEVERAGES,DRINKS
LFS,199219,0,BEVERAGES,DRINKS
LFS,199224,0,"BEVERAGES ALCOHOLIC",WINES
LFS,199226,0,"BEVERAGES ALCOHOLIC",CIDER
LFS,199227,0,"BEVERAGES ALCOHOLIC","CREAM LIQUER"
LFS,199228,0,"BEVERAGES ALCOHOLIC","VODKA BOTTLES"
LFS,199234,0,"FOOD CUPBOARD",CONFECTIONERY
LFS,199944,0,"FOOD CUPBOARD","SALT  SUGAR AND JAGGERY"
LFS,199945,0,"FOOD CUPBOARD","SALT  SUGAR AND JAGGERY"
LFS,199946,0,"FOOD CUPBOARD","SALT  SUGAR AND JAGGERY"
LFS,199947,0,"FOOD CUPBOARD","SALT  SUGAR AND JAGGERY"
LFS,199948,0,"FOOD CUPBOARD","SALT  SUGAR AND JAGGERY"
LFS,199949,0,"FOOD CUPBOARD","SALT  SUGAR AND JAGGERY"
LFS,199950,0,"FOOD CUPBOARD","SALT  SUGAR AND JAGGERY"
LFS,199951,0,"FOOD CUPBOARD","SALT  SUGAR AND JAGGERY"
LFS,199952,0,"FOOD CUPBOARD","SALT  SUGAR AND JAGGERY"
LFS,199953,0,"FOOD CUPBOARD",CONDIMENTS
LFS,199954,0,"FOOD CUPBOARD",CONDIMENTS
LFS,199955,0,"FOOD CUPBOARD",CONDIMENTS
LFS,199956,0,"FOOD CUPBOARD",CONDIMENTS
LFS,199957,0,"FOOD CUPBOARD",CONDIMENTS
LFS,199958,0,"FOOD CUPBOARD",CONDIMENTS
LFS,199959,0,"FOOD CUPBOARD",CONDIMENTS
LFS,199960,0,"FOOD CUPBOARD",CONDIMENTS
LFS,199961,0,"FOOD CUPBOARD",CONDIMENTS
LFS,199962,0,"FOOD CUPBOARD","SALT  SUGAR AND JAGGERY"
LFS,199964,0,"FOOD CUPBOARD",CONDIMENTS
LFS,199965,0,"FOOD CUPBOARD",CONDIMENTS
LFS,199966,0,"FOOD CUPBOARD","SALT  SUGAR AND JAGGERY"
LFS,199967,0,"FOOD CUPBOARD",CONDIMENTS
LFS,199968,0,"FOOD CUPBOARD",CONDIMENTS
LFS,196616,0,"HOME AND PERSONAL CARE",DISPOSABLE
LFS,196627,0,"HOME AND PERSONAL CARE",DISPOSABLE
LFS,196635,0,"HOME AND PERSONAL CARE",DISPOSABLE
LFS,196637,0,"HOME AND PERSONAL CARE",FRAGRANCES
LFS,196640,0,"HOME AND PERSONAL CARE",DISPOSABLE
LFS,196642,0,"HOME AND PERSONAL CARE",DISPOSABLE
LFS,196647,0,"HOME AND PERSONAL CARE","HAIR CARE"
LFS,196656,0,"HOME AND PERSONAL CARE",DISPOSABLE
LFS,196658,0,"HOME AND PERSONAL CARE",DISPOSABLE
LFS,197417,0,"FOOD CUPBOARD",CONDIMENTS
LFS,197418,0,"FOOD CUPBOARD",CONDIMENTS
LFS,197440,0,BEVERAGES,DRINKS
LFS,197441,0,BEVERAGES,DRINKS
LFS,197446,0,BEVERAGES,DRINKS
LFS,197448,0,BEVERAGES,DRINKS
LFS,197456,0,BEVERAGES,"MINERAL WATER"
LFS,197459,0,BEVERAGES,"MINERAL WATER"
LFS,197463,0,BEVERAGES,DRINKS
LFS,197468,0,"FOOD CUPBOARD","MILK AND CREAMERS"
LFS,197469,0,"FOOD CUPBOARD","MILK AND CREAMERS"
LFS,197470,0,"FOOD CUPBOARD","MILK AND CREAMERS"
LFS,197471,0,"FOOD CUPBOARD","MILK AND CREAMERS"
LFS,197473,0,"FOOD CUPBOARD","MILK AND CREAMERS"
LFS,197475,0,"FOOD CUPBOARD","BREAKFAST CEREALS"
LFS,197476,0,"FOOD CUPBOARD","BREAKFAST CEREALS"
LFS,197479,0,"FOOD CUPBOARD","MILK AND CREAMERS"
LFS,199235,0,"BEVERAGES ALCOHOLIC",WINES
LFS,199237,0,"BEVERAGES ALCOHOLIC",WINES
LFS,199239,0,"BEVERAGES ALCOHOLIC","SPARKLING WINES"
LFS,199241,0,"BEVERAGES ALCOHOLIC","SPARKLING WINES"
LFS,199242,0,"BEVERAGES ALCOHOLIC",WINES
LFS,199245,0,"FOOD CUPBOARD",CONFECTIONERY
LFS,199252,0,"FOOD CUPBOARD",CONFECTIONERY
LFS,199253,0,"FOOD CUPBOARD",CONFECTIONERY
LFS,199255,0,"FOOD CUPBOARD",CONFECTIONERY
LFS,199256,0,"FOOD CUPBOARD",CONFECTIONERY
LFS,199257,0,"FOOD CUPBOARD",BISCUITS
LFS,199260,0,"FOOD CUPBOARD",CONFECTIONERY
LFS,199261,0,"FOOD CUPBOARD",BISCUITS
LFS,199264,0,"FOOD CUPBOARD",BISCUITS
LFS,199266,0,"FOOD CUPBOARD",CONFECTIONERY
LFS,199969,0,"FOOD CUPBOARD",CONDIMENTS
LFS,199970,0,"FOOD CUPBOARD",CONDIMENTS
LFS,199971,0,"FOOD CUPBOARD",CONDIMENTS
LFS,199972,0,"FOOD CUPBOARD",CONDIMENTS
LFS,199973,0,"FOOD CUPBOARD",CONDIMENTS
LFS,199974,0,"FOOD CUPBOARD",CONDIMENTS
LFS,200002,0,"FOOD CUPBOARD",CONDIMENTS
LFS,200003,0,"FOOD CUPBOARD",CONDIMENTS
LFS,200004,0,"FOOD CUPBOARD",CONDIMENTS
LFS,200006,0,"FOOD CUPBOARD",CONDIMENTS
LFS,200007,0,"FOOD CUPBOARD",CONDIMENTS
LFS,200008,0,"FOOD CUPBOARD",CONDIMENTS
LFS,200011,0,"FOOD CUPBOARD","SPICES AND HERBS"
LFS,200013,0,"FOOD CUPBOARD","SPICES AND HERBS"
LFS,200016,0,"FOOD CUPBOARD","SPICES AND HERBS"
LFS,200017,0,"FOOD CUPBOARD","SPICES AND HERBS"
LFS,200018,0,"FOOD CUPBOARD","SPICES AND HERBS"
LFS,196669,0,"HOME AND PERSONAL CARE",DISPOSABLE
LFS,196672,0,"HOME AND PERSONAL CARE",DISPOSABLE
LFS,196674,0,BEVERAGES,JUICE
LFS,196675,0,BEVERAGES,JUICE
LFS,196678,0,BEVERAGES,JUICE
LFS,196679,0,BEVERAGES,JUICE
LFS,196680,0,BEVERAGES,JUICE
LFS,196682,0,BEVERAGES,JUICE
LFS,196683,0,BEVERAGES,JUICE
LFS,196685,0,BEVERAGES,JUICE
LFS,197480,0,"FOOD CUPBOARD",CONDIMENTS
LFS,197481,0,"FOOD CUPBOARD",CONDIMENTS
LFS,197482,0,"FOOD CUPBOARD","NOODLES AND SOUP"
LFS,197493,0,"FOOD CUPBOARD","NOODLES AND SOUP"
LFS,197505,0,BEVERAGES,JUICE
LFS,197506,0,BEVERAGES,JUICE
LFS,197507,0,BEVERAGES,JUICE
LFS,197508,0,BEVERAGES,JUICE
LFS,197509,0,BEVERAGES,JUICE
LFS,197510,0,BEVERAGES,JUICE
LFS,197511,0,BEVERAGES,JUICE
LFS,197514,0,"FOOD CUPBOARD",BISCUITS
LFS,197515,0,"FOOD CUPBOARD",BISCUITS
LFS,197517,0,"FOOD CUPBOARD",CONFECTIONERY
LFS,197518,0,"FOOD CUPBOARD",CONFECTIONERY
LFS,197524,0,"HOME AND PERSONAL CARE","PERSONAL WASH"
LFS,197525,0,"HOME AND PERSONAL CARE","PERSONAL WASH"
LFS,197526,0,"HOME AND PERSONAL CARE","PERSONAL WASH"
LFS,197527,0,"HOME AND PERSONAL CARE","SKIN CARE"
LFS,197528,0,"HOME AND PERSONAL CARE","SKIN CARE"
LFS,197529,0,"HOME AND PERSONAL CARE","SKIN CARE"
LFS,197530,0,"HOME AND PERSONAL CARE","SKIN CARE"
LFS,199270,0,"FOOD CUPBOARD",BISCUITS
LFS,199271,0,"FOOD CUPBOARD",BISCUITS
LFS,199272,0,"FOOD CUPBOARD",BISCUITS
LFS,199273,0,"FOOD CUPBOARD",BISCUITS
LFS,199274,0,"FOOD CUPBOARD",BISCUITS
LFS,199275,0,"FOOD CUPBOARD",SAVOURIES
LFS,199349,0,"FOOD CUPBOARD",SAVOURIES
LFS,199350,0,"FOOD CUPBOARD",SAVOURIES
LFS,199353,0,"FOOD CUPBOARD",SAVOURIES
LFS,199354,0,"FOOD CUPBOARD",SAVOURIES
LFS,199355,0,"FOOD CUPBOARD",SAVOURIES
LFS,199357,0,"FOOD CUPBOARD",SAVOURIES
LFS,199358,0,"FOOD CUPBOARD",SAVOURIES
LFS,199359,0,"FOOD CUPBOARD",SAVOURIES
LFS,199360,0,"FOOD CUPBOARD",SAVOURIES
LFS,199361,0,"FOOD CUPBOARD",SAVOURIES
LFS,199362,0,"FOOD CUPBOARD",SAVOURIES
LFS,199364,0,"FOOD CUPBOARD",SAVOURIES
LFS,199365,0,"FOOD CUPBOARD",SAVOURIES
LFS,199366,0,"FOOD CUPBOARD",SAVOURIES
LFS,199367,0,"FOOD CUPBOARD",SAVOURIES
LFS,200023,0,"FOOD CUPBOARD","SPICES AND HERBS"
LFS,200025,0,"FOOD CUPBOARD","SALT  SUGAR AND JAGGERY"
LFS,200028,0,"FOOD CUPBOARD","SPICES AND HERBS"
LFS,200030,0,"FOOD CUPBOARD","SPICES AND HERBS"
LFS,200031,0,"FOOD CUPBOARD","SPICES AND HERBS"
LFS,200032,0,"FOOD CUPBOARD","SPICES AND HERBS"
LFS,200033,0,"FOOD CUPBOARD",CONDIMENTS
LFS,200035,0,"FOOD CUPBOARD","SPICES AND HERBS"
LFS,200036,0,"FOOD CUPBOARD","SPICES AND HERBS"
LFS,200037,0,"FOOD CUPBOARD","SPICES AND HERBS"
LFS,200038,0,"FOOD CUPBOARD","SPICES AND HERBS"
LFS,200040,0,"FOOD CUPBOARD","SPICES AND HERBS"
LFS,200041,0,"FOOD CUPBOARD","SALT  SUGAR AND JAGGERY"
LFS,200042,0,"FOOD CUPBOARD","SPICES AND HERBS"
LFS,200045,0,"FOOD CUPBOARD","SPICES AND HERBS"
LFS,200047,0,"FOOD CUPBOARD","SPICES AND HERBS"
LFS,196693,0,"HOME AND PERSONAL CARE","FEMININE CARE"
LFS,196697,0,"BEVERAGES ALCOHOLIC",RHUM
LFS,196710,0,"HOME AND PERSONAL CARE",DISPOSABLE
LFS,196711,0,"HOME AND PERSONAL CARE",DISPOSABLE
LFS,196714,0,"HOME AND PERSONAL CARE",DISPOSABLE
LFS,196735,0,"HOME AND PERSONAL CARE",DISPOSABLE
LFS,196748,0,"FRESH DAIRY AND EGGS",Yoghurt
LFS,196751,0,"FRESH DAIRY AND EGGS","Deli Pork"
LFS,196756,0,"FRESH DAIRY AND EGGS","Deli Pork"
LFS,197536,0,"FOOD CUPBOARD",CONDIMENTS
LFS,197538,0,"FOOD CUPBOARD",CONDIMENTS
LFS,19755,0,"FOOD CUPBOARD","BREAKFAST CEREALS"
LFS,197569,0,"FOOD CUPBOARD",BISCUITS
LFS,197570,0,"FOOD CUPBOARD",BISCUITS
LFS,197571,0,"FOOD CUPBOARD",BISCUITS
LFS,197585,0,"FOOD CUPBOARD",BISCUITS
LFS,197586,0,"FOOD CUPBOARD",BISCUITS
LFS,197587,0,"FOOD CUPBOARD",BISCUITS
LFS,197588,0,"FOOD CUPBOARD",BISCUITS
LFS,197589,0,"FOOD CUPBOARD",BISCUITS
LFS,197590,0,"FOOD CUPBOARD",BISCUITS
LFS,197591,0,"FOOD CUPBOARD","SALT  SUGAR AND JAGGERY"
LFS,197592,0,"FOOD CUPBOARD","SALT  SUGAR AND JAGGERY"
LFS,197597,0,"FOOD CUPBOARD",BISCUITS
LFS,197598,0,"FOOD CUPBOARD",BISCUITS
LFS,197599,0,"FOOD CUPBOARD",BISCUITS
LFS,197600,0,"FOOD CUPBOARD",BISCUITS
LFS,53670,0,"BEVERAGES ALCOHOLIC",WHISKEY
LFS,53688,0,"BEVERAGES ALCOHOLIC",Champagne
LFS,53689,0,"BEVERAGES ALCOHOLIC",Champagne
LFS,53692,0,"BEVERAGES ALCOHOLIC",Champagne
LFS,53709,0,"FOOD CUPBOARD","CANNED FOOD"
LFS,53721,0,"BEVERAGES ALCOHOLIC","GIN ."
LFS,53951,0,"FOOD CUPBOARD",CONFECTIONERY
LFS,54056,0,"HOME AND PERSONAL CARE","PERSONAL WASH"
LFS,29842,0,"FROZEN FOOD",TURKEY
LFS,29874,0,"FOOD CUPBOARD","CANNED FOOD"
LFS,29875,0,"BEVERAGES ALCOHOLIC",WHISKEY
LFS,29881,0,"BEVERAGES ALCOHOLIC",WINES
LFS,30033,0,"FOOD CUPBOARD","RAW RICE"
LFS,30274,0,"BEVERAGES ALCOHOLIC",Champagne
LFS,30535,0,"HOME AND PERSONAL CARE","PERSONAL WASH"
LFS,30580,0,"HOME AND PERSONAL CARE","ORAL CARE"
LFS,30583,0,"HOME AND PERSONAL CARE","ORAL CARE"
LFS,30590,0,"FOOD CUPBOARD",BISCUITS
LFS,30593,0,"FOOD CUPBOARD",BISCUITS
LFS,30613,0,"FOOD CUPBOARD","SPICES AND HERBS"
LFS,37540,0,"HOME AND PERSONAL CARE",FRESHENERS
LFS,37569,0,"FOOD CUPBOARD",BISCUITS
LFS,37574,0,"FOOD CUPBOARD",BISCUITS
LFS,37575,0,"FOOD CUPBOARD",BISCUITS
LFS,37637,0,"HOME AND PERSONAL CARE",FRESHENERS
LFS,37638,0,"HOME AND PERSONAL CARE","HOUSEHOLD CLEANERS"
LFS,37639,0,"HOME AND PERSONAL CARE","HOUSEHOLD CLEANERS"
LFS,37640,0,"HOME AND PERSONAL CARE","HOUSEHOLD CLEANERS"
LFS,37642,0,"HOME AND PERSONAL CARE",FRESHENERS
LFS,37645,0,"HOME AND PERSONAL CARE",FRESHENERS
LFS,37651,0,"HOME AND PERSONAL CARE","PERSONAL WASH"
LFS,37652,0,"HOME AND PERSONAL CARE","HOUSEHOLD CLEANERS"
LFS,37653,0,"HOME AND PERSONAL CARE","PERSONAL WASH"
LFS,37756,0,"BEVERAGES ALCOHOLIC",Champagne
LFS,37757,0,"BEVERAGES ALCOHOLIC",Champagne
LFS,43910,0,"FRESH DAIRY AND EGGS",Yoghurt
LFS,43911,0,"FRESH DAIRY AND EGGS",Yoghurt
LFS,43913,0,"FRESH DAIRY AND EGGS",Yoghurt
LFS,43986,0,"FOOD CUPBOARD",CONFECTIONERY
LFS,44018,0,"HOME AND PERSONAL CARE","PERSONAL WASH"
LFS,44075,0,"FOOD CUPBOARD",BISCUITS
LFS,44080,0,BEVERAGES,DRINKS
LFS,44322,0,BEVERAGES,DRINKS
LFS,44323,0,BEVERAGES,DRINKS
LFS,44341,0,BEVERAGES,DRINKS
LFS,54410,0,BEVERAGES,"MINERAL WATER"
LFS,54412,0,BEVERAGES,"MINERAL WATER"
LFS,54507,0,BEVERAGES,DRINKS
LFS,54532,0,"HOME AND PERSONAL CARE",DISPOSABLE
LFS,30615,0,"HOME AND PERSONAL CARE","ORAL CARE"
LFS,30617,0,"HOME AND PERSONAL CARE","ORAL CARE"
LFS,30632,0,"FOOD CUPBOARD",SNACKS
LFS,30664,0,BEVERAGES,"CARBONATED DRINKS"
LFS,30713,0,"FOOD CUPBOARD","GRAINS AND PULSES"
LFS,30721,0,"FOOD CUPBOARD",CONFECTIONERY
LFS,30770,0,"FOOD CUPBOARD","GRAINS AND PULSES"
LFS,30789,0,"FRESH DAIRY AND EGGS",Yoghurt
LFS,30790,0,"FRESH DAIRY AND EGGS",Yoghurt
LFS,30792,0,"FRESH DAIRY AND EGGS",Yoghurt
LFS,37759,0,"BEVERAGES ALCOHOLIC","COGNAC / BRANDY"
LFS,37761,0,"BEVERAGES ALCOHOLIC","COGNAC / BRANDY"
LFS,37819,0,"HOME AND PERSONAL CARE","HOUSEHOLD CLEANERS"
LFS,37829,0,"HOME AND PERSONAL CARE","HOUSEHOLD CLEANERS"
LFS,37830,0,"HOME AND PERSONAL CARE","HOUSEHOLD CLEANERS"
LFS,37883,0,"FOOD CUPBOARD","SPREADS AND TOPPING"
LFS,37884,0,"FOOD CUPBOARD","HONEY  JAM AND MARMALADE"
LFS,37968,0,BEVERAGES,JUICE
LFS,37970,0,BEVERAGES,DRINKS
LFS,38042,0,"HOME AND PERSONAL CARE","PERSONAL WASH"
LFS,38043,0,"HOME AND PERSONAL CARE","PERSONAL WASH"
LFS,44446,0,BEVERAGES,DRINKS
LFS,44666,0,"FOOD CUPBOARD",SNACKS
LFS,44667,0,"FOOD CUPBOARD",SNACKS
LFS,44687,0,"FOOD CUPBOARD","EDIBLE OILS AND GHEE"
LFS,44689,0,"FOOD CUPBOARD","EDIBLE OILS AND GHEE"
LFS,44743,0,"FOOD CUPBOARD",SNACKS
LFS,44744,0,"FOOD CUPBOARD","BREAKFAST CEREALS"
LFS,44746,0,"FOOD CUPBOARD","SPREADS AND TOPPING"
LFS,44750,0,"FOOD CUPBOARD",CONFECTIONERY
LFS,44753,0,"FOOD CUPBOARD",CONFECTIONERY
LFS,44803,0,"FOOD CUPBOARD",BISCUITS
LFS,44832,0,BEVERAGES,JUICE
LFS,54533,0,"HOME AND PERSONAL CARE",DISPOSABLE
LFS,54534,0,"HOME AND PERSONAL CARE",DISPOSABLE
LFS,54535,0,"HOME AND PERSONAL CARE",DISPOSABLE
LFS,54716,0,BEVERAGES,JUICE
LFS,54720,0,"FOOD CUPBOARD",CONFECTIONERY
LFS,54915,0,"FOOD CUPBOARD",CONFECTIONERY
LFS,54965,0,"FOOD CUPBOARD",CONFECTIONERY
LFS,54998,0,"HOME AND PERSONAL CARE","PERSONAL WASH"
LFS,54999,0,"HOME AND PERSONAL CARE","PERSONAL WASH"
LFS,55073,0,"BEVERAGES ALCOHOLIC","CAN VODKA"
LFS,30793,0,"BEVERAGES ALCOHOLIC","VODKA BOTTLES"
LFS,30921,0,"FOOD CUPBOARD","CANNED FOOD"
LFS,30927,0,BEVERAGES,JUICE
LFS,30929,0,BEVERAGES,"DRINKING POWDERS"
LFS,30938,0,"FOOD CUPBOARD","RAW RICE"
LFS,31227,0,"BEVERAGES ALCOHOLIC",WINES
LFS,31228,0,"FOOD CUPBOARD","BREAKFAST CEREALS"
LFS,31232,0,"FOOD CUPBOARD",BISCUITS
LFS,31282,0,"FOOD CUPBOARD",CONFECTIONERY
LFS,31289,0,"FOOD CUPBOARD",CONFECTIONERY
LFS,31316,0,"FOOD CUPBOARD","SPREADS AND TOPPING"
LFS,38044,0,"HOME AND PERSONAL CARE","PERSONAL WASH"
LFS,38221,0,BEVERAGES,JUICE
LFS,38222,0,BEVERAGES,JUICE
LFS,38223,0,BEVERAGES,DRINKS
LFS,38224,0,BEVERAGES,JUICE
LFS,38465,0,"FOOD CUPBOARD",BISCUITS
LFS,38487,0,"FOOD CUPBOARD","EDIBLE OILS AND GHEE"
LFS,38491,0,"FOOD CUPBOARD","EDIBLE OILS AND GHEE"
LFS,38690,0,"FOOD CUPBOARD",BISCUITS
LFS,38707,0,BEVERAGES,"DRINKING POWDERS"
LFS,38769,0,BEVERAGES,TEA
LFS,38770,0,BEVERAGES,TEA
LFS,44844,0,"FOOD CUPBOARD","BREAKFAST CEREALS"
LFS,44862,0,"HOME AND PERSONAL CARE",DISPOSABLE
LFS,45383,0,"FOOD CUPBOARD","EDIBLE OILS AND GHEE"
LFS,45394,0,"BEVERAGES ALCOHOLIC",WINES
LFS,45418,0,"HOME AND PERSONAL CARE",FRESHENERS
LFS,45430,0,"HOME AND PERSONAL CARE","ORAL CARE"
LFS,45561,0,"FOOD CUPBOARD","BREAKFAST CEREALS"
LFS,45868,0,"FOOD CUPBOARD",SNACKS
LFS,46088,0,"HOME AND PERSONAL CARE","HOUSEHOLD CLEANERS"
LFS,46545,0,"HOME AND PERSONAL CARE",DISPOSABLE
LFS,46602,0,"HOME AND PERSONAL CARE","PERSONAL WASH"
LFS,46728,0,"HOME AND PERSONAL CARE","PERSONAL WASH"
LFS,46735,0,"BEVERAGES ALCOHOLIC","COGNAC / BRANDY"
LFS,209673,0,"FOOD CUPBOARD","GRAINS AND PULSES"
LFS,31456,0,"FOOD CUPBOARD",CONFECTIONERY
LFS,31533,0,"HOME AND PERSONAL CARE",FRESHENERS
LFS,31583,0,"FOOD CUPBOARD","EDIBLE OILS AND GHEE"
LFS,31594,0,"FOOD CUPBOARD",CONFECTIONERY
LFS,31605,0,"BEVERAGES ALCOHOLIC",WINES
LFS,31621,0,"FOOD CUPBOARD","NOODLES AND SOUP"
LFS,31623,0,"FOOD CUPBOARD","NOODLES AND SOUP"
LFS,31624,0,"FOOD CUPBOARD","NOODLES AND SOUP"
LFS,31625,0,"FOOD CUPBOARD","NOODLES AND SOUP"
LFS,31626,0,"FOOD CUPBOARD","BREAKFAST CEREALS"
LFS,38945,0,BEVERAGES,TEA
LFS,39034,0,"FOOD CUPBOARD","HONEY  JAM AND MARMALADE"
LFS,39036,0,"FOOD CUPBOARD","HONEY  JAM AND MARMALADE"
LFS,39052,0,"FOOD CUPBOARD",CONFECTIONERY
LFS,39065,0,"FOOD CUPBOARD",CONFECTIONERY
LFS,39192,0,"FOOD CUPBOARD",CONFECTIONERY
LFS,39193,0,"FOOD CUPBOARD",CONFECTIONERY
LFS,39260,0,"FOOD CUPBOARD",CONFECTIONERY
LFS,46742,0,BEVERAGES,JUICE
LFS,46744,0,"HOME AND PERSONAL CARE","PERSONAL WASH"
LFS,46746,0,"HOME AND PERSONAL CARE","PERSONAL WASH"
LFS,46747,0,"HOME AND PERSONAL CARE","PERSONAL WASH"
LFS,46748,0,"HOME AND PERSONAL CARE","PERSONAL WASH"
LFS,46784,0,"HOME AND PERSONAL CARE","INFANT AND BABY CARE"
LFS,47177,0,"FOOD CUPBOARD",CONFECTIONERY
LFS,47185,0,"FOOD CUPBOARD",CONFECTIONERY
LFS,211072,0,"FOOD CUPBOARD","FROZEN ITEMS"
LFS,211081,0,"FROZEN FOOD",BACON
LFS,21153,0,"HOME AND PERSONAL CARE",DISPOSABLE
LFS,21300,0,"HOME AND PERSONAL CARE","LAUNDRY CARE"
LFS,21386,0,BAKERY,BREADS
LFS,21393,0,"FOOD CUPBOARD",SNACKS
LFS,21396,0,"FOOD CUPBOARD","GRAINS AND PULSES"
LFS,21662,0,"FOOD CUPBOARD",BISCUITS
LFS,21688,0,BEVERAGES,"MINERAL WATER"
LFS,21697,0,"BEVERAGES ALCOHOLIC","BOTTLE BEER"
LFS,21699,0,"BEVERAGES ALCOHOLIC","BOTTLE BEER"
LFS,21712,0,"BEVERAGES ALCOHOLIC","BOTTLE BEER"
LFS,31635,0,"FOOD CUPBOARD","NOODLES AND SOUP"
LFS,31636,0,"FOOD CUPBOARD","NOODLES AND SOUP"
LFS,31637,0,"FOOD CUPBOARD","NOODLES AND SOUP"
LFS,31638,0,"FOOD CUPBOARD","NOODLES AND SOUP"
LFS,31639,0,"FOOD CUPBOARD","NOODLES AND SOUP"
LFS,31641,0,"FOOD CUPBOARD","NOODLES AND SOUP"
LFS,31643,0,"FOOD CUPBOARD","NOODLES AND SOUP"
LFS,31644,0,"FOOD CUPBOARD","NOODLES AND SOUP"
LFS,31701,0,"FOOD CUPBOARD","CANNED FOOD"
LFS,31702,0,"FOOD CUPBOARD","CANNED FOOD"
LFS,31704,0,"FOOD CUPBOARD","CANNED FOOD"
LFS,31706,0,"FOOD CUPBOARD","CANNED FOOD"
LFS,31737,0,BEVERAGES,DRINKS
LFS,32099,0,"HOME AND PERSONAL CARE",DISPOSABLE
LFS,32100,0,"HOME AND PERSONAL CARE",DISPOSABLE
LFS,32101,0,"HOME AND PERSONAL CARE",DISPOSABLE
LFS,32102,0,"HOME AND PERSONAL CARE",DISPOSABLE
LFS,32103,0,"HOME AND PERSONAL CARE",DISPOSABLE
LFS,32104,0,"HOME AND PERSONAL CARE",DISPOSABLE
LFS,32105,0,"HOME AND PERSONAL CARE",DISPOSABLE
LFS,32410,0,BEVERAGES,"FLAVOURED TEA"
LFS,32411,0,BEVERAGES,"FLAVOURED TEA"
LFS,39261,0,"HOME AND PERSONAL CARE","FEMININE CARE"
LFS,39264,0,"HOME AND PERSONAL CARE","HOUSEHOLD CLEANERS"
LFS,39302,0,"FOOD CUPBOARD",CONFECTIONERY
LFS,39303,0,"FRESH DAIRY AND EGGS",Chocolates
LFS,39304,0,"FRESH DAIRY AND EGGS",Chocolates
LFS,39376,0,"FOOD CUPBOARD","SPREADS AND TOPPING"
LFS,39377,0,"FOOD CUPBOARD","SPREADS AND TOPPING"
LFS,39394,0,BEVERAGES,"MINERAL WATER"
LFS,39395,0,"FOOD CUPBOARD","BREAKFAST CEREALS"
LFS,39465,0,"BEVERAGES ALCOHOLIC",LIQUER
LFS,39477,0,"HOME AND PERSONAL CARE","ORAL CARE"
LFS,39483,0,"HOME AND PERSONAL CARE","ORAL CARE"
LFS,47927,0,"FOOD CUPBOARD","PEPPER SAUCE"
LFS,47938,0,"FROZEN FOOD",CHICKEN
LFS,48067,0,"BEVERAGES ALCOHOLIC","CAN BEER"
LFS,48188,0,"HOME AND PERSONAL CARE",DISPOSABLE
LFS,48195,0,"HOME AND PERSONAL CARE",DISPOSABLE
LFS,48197,0,"HOME AND PERSONAL CARE",DISPOSABLE
LFS,48228,0,BEVERAGES,JUICE
LFS,48241,0,"HOME AND PERSONAL CARE",DISPOSABLE
LFS,48261,0,"BEVERAGES ALCOHOLIC",WINES
LFS,21720,0,"HOME AND PERSONAL CARE",DISPOSABLE
LFS,21721,0,"HOME AND PERSONAL CARE",DISPOSABLE
LFS,21941,0,"FOOD CUPBOARD",CONFECTIONERY
LFS,22058,0,"FOOD CUPBOARD","BREAKFAST CEREALS"
LFS,22063,0,"FOOD CUPBOARD",CONFECTIONERY
LFS,22065,0,BEVERAGES,"DRINKING POWDERS"
LFS,22068,0,"FOOD CUPBOARD",CONFECTIONERY
LFS,22070,0,"FOOD CUPBOARD",CONFECTIONERY
LFS,22071,0,"FOOD CUPBOARD",CONFECTIONERY
LFS,22072,0,"FOOD CUPBOARD",CONFECTIONERY
LFS,32412,0,BEVERAGES,"FLAVOURED TEA"
LFS,32435,0,"FOOD CUPBOARD",BISCUITS
LFS,32469,0,"BEVERAGES ALCOHOLIC","CREAM LIQUER"
LFS,32475,0,"HOME AND PERSONAL CARE","FEMININE CARE"
LFS,32476,0,"HOME AND PERSONAL CARE","FEMININE CARE"
LFS,32477,0,"HOME AND PERSONAL CARE","FEMININE CARE"
LFS,32555,0,"BEVERAGES ALCOHOLIC","VODKA BOTTLES"
LFS,32582,0,"BEVERAGES ALCOHOLIC",WINES
LFS,32593,0,"HOME AND PERSONAL CARE","SKIN CARE"
LFS,39676,0,"FOOD CUPBOARD",BISCUITS
LFS,39716,0,"HOME AND PERSONAL CARE","HOUSEHOLD CLEANERS"
LFS,39768,0,"HOME AND PERSONAL CARE","HOUSEHOLD CLEANERS"
LFS,39778,0,"FRESH DAIRY AND EGGS",Yoghurt
LFS,39953,0,BEVERAGES,JUICE
LFS,39954,0,BEVERAGES,JUICE
LFS,39955,0,BEVERAGES,JUICE
LFS,48382,0,BEVERAGES,DRINKS
LFS,48383,0,BEVERAGES,DRINKS
LFS,48384,0,BEVERAGES,DRINKS
LFS,48388,0,BEVERAGES,DRINKS
LFS,48424,0,"HOME AND PERSONAL CARE",DISPOSABLE
LFS,48454,0,"FOOD CUPBOARD",CONDIMENTS
LFS,48660,0,"FOOD CUPBOARD",CONDIMENTS
LFS,48798,0,"FROZEN FOOD",ICE-CREAM
LFS,48799,0,"FROZEN FOOD",ICE-CREAM
LFS,48800,0,"FRUITS- IMPORT",Fruits
LFS,48802,0,"FOOD CUPBOARD","RAW RICE"
LFS,48803,0,"FOOD CUPBOARD","RAW RICE"
LFS,48807,0,"BEVERAGES ALCOHOLIC","VODKA BOTTLES"
LFS,22278,0,"FOOD CUPBOARD",CONFECTIONERY
LFS,22279,0,"FOOD CUPBOARD",CONFECTIONERY
LFS,22304,0,"FOOD CUPBOARD",BISCUITS
LFS,22338,0,"FRESH DAIRY AND EGGS",Yoghurt
LFS,22339,0,"FRESH DAIRY AND EGGS",Yoghurt
LFS,22356,0,"HOME AND PERSONAL CARE","PERSONAL WASH"
LFS,22623,0,"BEVERAGES ALCOHOLIC","BOTTLE BEER"
LFS,22624,0,"BEVERAGES ALCOHOLIC","BOTTLE BEER"
LFS,22635,0,"FOOD CUPBOARD",SNACKS
LFS,22638,0,"HOME AND PERSONAL CARE",FRAGRANCES
LFS,22804,0,"FOOD CUPBOARD","SPREADS AND TOPPING"
LFS,22805,0,"FOOD CUPBOARD","SPREADS AND TOPPING"
LFS,32786,0,BEVERAGES,JUICE
LFS,32787,0,BEVERAGES,JUICE
LFS,32788,0,BEVERAGES,JUICE
LFS,32790,0,BEVERAGES,JUICE
LFS,32791,0,BEVERAGES,JUICE
LFS,32824,0,"FOOD CUPBOARD","NOODLES AND SOUP"
LFS,32825,0,"FOOD CUPBOARD","NOODLES AND SOUP"
LFS,32901,0,"FOOD CUPBOARD",SNACKS
LFS,33014,0,"FOOD CUPBOARD",CONFECTIONERY
LFS,33237,0,BEVERAGES,DRINKS
LFS,33238,0,BEVERAGES,DRINKS
LFS,39985,0,BEVERAGES,JUICE
LFS,39989,0,BEVERAGES,JUICE
LFS,40094,0,BEVERAGES,DRINKS
LFS,40133,0,"FOOD CUPBOARD","SPREADS AND TOPPING"
LFS,40149,0,"FOOD CUPBOARD","SPREADS AND TOPPING"
LFS,40152,0,BEVERAGES,COFFEE
LFS,49017,0,BEVERAGES,JUICE
LFS,49143,0,BEVERAGES,"NON ALCOHOLIC"
LFS,49146,0,BEVERAGES,"MINERAL WATER"
LFS,49150,0,"BEVERAGES ALCOHOLIC",WINES
LFS,49190,0,"FOOD CUPBOARD","TOMATO PASTE"
LFS,49192,0,"FOOD CUPBOARD","TOMATO PASTE"
LFS,23061,0,"HOME AND PERSONAL CARE","INFANT AND BABY CARE"
LFS,23063,0,"HOME AND PERSONAL CARE","INFANT AND BABY CARE"
LFS,23065,0,"HOME AND PERSONAL CARE","INFANT AND BABY CARE"
LFS,23104,0,"FOOD CUPBOARD",BISCUITS
LFS,23129,0,"FOOD CUPBOARD","CANNED FOOD"
LFS,23130,0,"FOOD CUPBOARD","CANNED FOOD"
LFS,23131,0,"FOOD CUPBOARD","CANNED FOOD"
LFS,23132,0,"FOOD CUPBOARD","CANNED FOOD"
LFS,23289,0,"FOOD CUPBOARD",CONFECTIONERY
LFS,23291,0,"FOOD CUPBOARD",CONFECTIONERY
LFS,23598,0,"HOME AND PERSONAL CARE",FRESHENERS
LFS,23627,0,"BEVERAGES ALCOHOLIC",WINES
LFS,23698,0,"HOME AND PERSONAL CARE","HOUSEHOLD CLEANERS"
LFS,33244,0,"FOOD CUPBOARD","SPREADS AND TOPPING"
LFS,33249,0,"FOOD CUPBOARD","SPREADS AND TOPPING"
LFS,33250,0,"FOOD CUPBOARD","HONEY  JAM AND MARMALADE"
LFS,33251,0,"FOOD CUPBOARD","SPREADS AND TOPPING"
LFS,33252,0,"FOOD CUPBOARD","SPREADS AND TOPPING"
LFS,33257,0,BEVERAGES,DRINKS
LFS,40153,0,"FOOD CUPBOARD","SALT  SUGAR AND JAGGERY"
LFS,40154,0,"FOOD CUPBOARD","SPREADS AND TOPPING"
LFS,40167,0,"FOOD CUPBOARD",FLOURS
LFS,40172,0,"FOOD CUPBOARD",CONFECTIONERY
LFS,40236,0,"FRESH DAIRY AND EGGS",Yoghurt
LFS,40239,0,"FOOD CUPBOARD","CANNED FOOD"
LFS,40242,0,"FOOD CUPBOARD","CANNED FOOD"
LFS,40275,0,"FROZEN FOOD",BEEF
LFS,40289,0,"HOME AND PERSONAL CARE",DISPOSABLE
LFS,40315,0,BAKERY,OTHER
LFS,40319,0,BEVERAGES,JUICE
LFS,40321,0,BEVERAGES,JUICE
LFS,49204,0,"FOOD CUPBOARD","EDIBLE OILS AND GHEE"
LFS,49251,0,"HOME AND PERSONAL CARE","HOUSEHOLD CLEANERS"
LFS,49252,0,"HOME AND PERSONAL CARE","HOUSEHOLD CLEANERS"
LFS,49364,0,"FOOD CUPBOARD","EDIBLE OILS AND GHEE"
LFS,49365,0,"FOOD CUPBOARD","EDIBLE OILS AND GHEE"
LFS,49366,0,"FOOD CUPBOARD","EDIBLE OILS AND GHEE"
LFS,49382,0,"HOME AND PERSONAL CARE",DISPOSABLE
LFS,49420,0,"BEVERAGES ALCOHOLIC","COGNAC / BRANDY"
LFS,49422,0,"BEVERAGES ALCOHOLIC",BITTERS
LFS,49445,0,"BEVERAGES ALCOHOLIC","BOTTLE BEER"
LFS,49448,0,"BEVERAGES ALCOHOLIC",WINES
LFS,49513,0,"FOOD CUPBOARD","SPREADS AND TOPPING"
LFS,23738,0,"HOME AND PERSONAL CARE","ORAL CARE"
LFS,24021,0,"HOME AND PERSONAL CARE","SKIN CARE"
LFS,24023,0,"HOME AND PERSONAL CARE","SKIN CARE"
LFS,24024,0,"HOME AND PERSONAL CARE","SKIN CARE"
LFS,24026,0,"HOME AND PERSONAL CARE","SKIN CARE"
LFS,24341,0,"FOOD CUPBOARD","BREAKFAST CEREALS"
LFS,24343,0,"FOOD CUPBOARD","BREAKFAST CEREALS"
LFS,24345,0,"FOOD CUPBOARD","BREAKFAST CEREALS"
LFS,33267,0,BEVERAGES,"MINERAL WATER"
LFS,33280,0,"BEVERAGES ALCOHOLIC",WINES
LFS,33305,0,"HOME AND PERSONAL CARE","INFANT AND BABY CARE"
LFS,33492,0,"FOOD CUPBOARD","HONEY  JAM AND MARMALADE"
LFS,33496,0,BEVERAGES,DRINKS
LFS,33499,0,"HOME AND PERSONAL CARE","MENS GROOMING"
LFS,40322,0,BEVERAGES,JUICE
LFS,40341,0,"FOOD CUPBOARD","CANNED FOOD"
LFS,40343,0,"FOOD CUPBOARD",SNACKS
LFS,40348,0,"FOOD CUPBOARD","CANNED FOOD"
LFS,40349,0,BEVERAGES,"MINERAL WATER"
LFS,40489,0,"HOME AND PERSONAL CARE",DISPOSABLE
LFS,40541,0,BEVERAGES,JUICE
LFS,40547,0,BEVERAGES,JUICE
LFS,40549,0,BEVERAGES,JUICE
LFS,40551,0,BEVERAGES,JUICE
LFS,40552,0,BEVERAGES,JUICE
LFS,49527,0,"HOME AND PERSONAL CARE","PERSONAL WASH"
LFS,49650,0,"FOOD CUPBOARD","SPREADS AND TOPPING"
LFS,49718,0,"HOME AND PERSONAL CARE",FRAGRANCES
LFS,49721,0,"FOOD CUPBOARD","CANNED FOOD"
LFS,49723,0,"FOOD CUPBOARD","CANNED FOOD"
LFS,49726,0,"HOME AND PERSONAL CARE",FRAGRANCES
LFS,49728,0,"HOME AND PERSONAL CARE",FRAGRANCES
LFS,49764,0,"HOME AND PERSONAL CARE","SKIN CARE"
LFS,49927,0,"FOOD CUPBOARD","BREAKFAST CEREALS"
LFS,24751,0,"HOME AND PERSONAL CARE","ORAL CARE"
LFS,24819,0,"FOOD CUPBOARD",CONFECTIONERY
LFS,24887,0,"HOME AND PERSONAL CARE","INFANT AND BABY CARE"
LFS,24985,0,"BEVERAGES ALCOHOLIC",WINES
LFS,24988,0,"BEVERAGES ALCOHOLIC",WINES
LFS,24993,0,"BEVERAGES ALCOHOLIC",WINES
LFS,25057,0,"FOOD CUPBOARD","CANNED FOOD"
LFS,25362,0,"FOOD CUPBOARD","MILK AND CREAMERS"
LFS,25470,0,"FROZEN FOOD",DESSERT
LFS,25471,0,"FROZEN FOOD",DESSERT
LFS,25718,0,"FOOD CUPBOARD","GRAINS AND PULSES"
LFS,33555,0,"HOME AND PERSONAL CARE",FRAGRANCES
LFS,33578,0,"FROZEN FOOD",ICE-CREAM
LFS,33579,0,"FROZEN FOOD",ICE-CREAM
LFS,33895,0,"HOME AND PERSONAL CARE",DISPOSABLE
LFS,34050,0,"HOME AND PERSONAL CARE","HEALTH AND WELLNESS"
LFS,34110,0,"FOOD CUPBOARD","BREAKFAST CEREALS"
LFS,34122,0,"FOOD CUPBOARD","BREAKFAST CEREALS"
LFS,34148,0,"FOOD CUPBOARD","PEPPER SAUCE"
LFS,34149,0,"FOOD CUPBOARD",SNACKS
LFS,34182,0,"FOOD CUPBOARD","BREAKFAST CEREALS"
LFS,34237,0,"BEVERAGES ALCOHOLIC",WHISKEY
LFS,34277,0,"FOOD CUPBOARD",CONDIMENTS
LFS,40569,0,"FOOD CUPBOARD","EDIBLE OILS AND GHEE"
LFS,40570,0,"FOOD CUPBOARD","EDIBLE OILS AND GHEE"
LFS,40571,0,"FOOD CUPBOARD","EDIBLE OILS AND GHEE"
LFS,40572,0,"FOOD CUPBOARD","EDIBLE OILS AND GHEE"
LFS,40573,0,"FOOD CUPBOARD","EDIBLE OILS AND GHEE"
LFS,40574,0,"FOOD CUPBOARD","EDIBLE OILS AND GHEE"
LFS,40591,0,"FOOD CUPBOARD",BISCUITS
LFS,40604,0,BEVERAGES,DRINKS
LFS,40605,0,"FOOD CUPBOARD",CONFECTIONERY
LFS,40609,0,"HOME AND PERSONAL CARE","HOUSEHOLD CLEANERS"
LFS,40614,0,"HOME AND PERSONAL CARE","HOUSEHOLD CLEANERS"
LFS,40617,0,"HOME AND PERSONAL CARE","PERSONAL WASH"
LFS,40722,0,"HOME AND PERSONAL CARE",DISPOSABLE
LFS,40723,0,"HOME AND PERSONAL CARE",DISPOSABLE
LFS,40764,0,"FROZEN FOOD",CHICKEN
LFS,40765,0,"FROZEN FOOD",CHICKEN
LFS,40766,0,"FROZEN FOOD",BEEF
LFS,40767,0,"FROZEN FOOD",CHICKEN
LFS,40889,0,"FOOD CUPBOARD","SPREADS AND TOPPING"
LFS,41061,0,"FOOD CUPBOARD","CANNED FOOD"
LFS,50130,0,"HOME AND PERSONAL CARE",DISPOSABLE
LFS,50144,0,BEVERAGES,"DRINKING POWDERS"
LFS,50145,0,"FOOD CUPBOARD","BREAKFAST CEREALS"
LFS,50326,0,"FROZEN FOOD",FISH
LFS,50330,0,"FROZEN FOOD",FISH
LFS,50387,0,"HOME AND PERSONAL CARE","LAUNDRY CARE"
LFS,50388,0,"HOME AND PERSONAL CARE","LAUNDRY CARE"
LFS,50423,0,"HOME AND PERSONAL CARE","PERSONAL WASH"
LFS,50455,0,"FOOD CUPBOARD","SPREADS AND TOPPING"
LFS,50456,0,"FOOD CUPBOARD","SPREADS AND TOPPING"
LFS,50722,0,"BEVERAGES ALCOHOLIC",TEQUILA
LFS,50880,0,"BEVERAGES ALCOHOLIC",WINES
LFS,50881,0,"BEVERAGES ALCOHOLIC",CIDER
LFS,50882,0,"BEVERAGES ALCOHOLIC",CIDER
LFS,26287,0,"FOOD CUPBOARD",CONFECTIONERY
LFS,26296,0,"HOME AND PERSONAL CARE",FRAGRANCES
LFS,34417,0,"FOOD CUPBOARD",BISCUITS
LFS,34422,0,"FOOD CUPBOARD",BISCUITS
LFS,34644,0,"FOOD CUPBOARD","BREAKFAST CEREALS"
LFS,34859,0,"HOME AND PERSONAL CARE","ORAL CARE"
LFS,34900,0,"HOME AND PERSONAL CARE","MENS GROOMING"
LFS,34901,0,"HOME AND PERSONAL CARE","SKIN CARE"
LFS,35059,0,BEVERAGES,DRINKS
LFS,35250,0,"FOOD CUPBOARD","SPREADS AND TOPPING"
LFS,41228,0,"HOME AND PERSONAL CARE",FRAGRANCES
LFS,41372,0,"HOME AND PERSONAL CARE",FRAGRANCES
LFS,41482,0,"FOOD CUPBOARD",CONFECTIONERY
LFS,41483,0,"FOOD CUPBOARD",CONFECTIONERY
LFS,41489,0,"FOOD CUPBOARD",CONFECTIONERY
LFS,41609,0,"HOME AND PERSONAL CARE","HEALTH AND WELLNESS"
LFS,50883,0,"BEVERAGES ALCOHOLIC",CIDER
LFS,50906,0,"HOME AND PERSONAL CARE","INFANT AND BABY CARE"
LFS,50908,0,"HOME AND PERSONAL CARE","INFANT AND BABY CARE"
LFS,50910,0,"HOME AND PERSONAL CARE","INFANT AND BABY CARE"
LFS,50948,0,"BEVERAGES ALCOHOLIC","VODKA BOTTLES"
LFS,51041,0,"FOOD CUPBOARD",SNACKS
LFS,51159,0,"FOOD CUPBOARD","EDIBLE OILS AND GHEE"
LFS,51177,0,"FOOD CUPBOARD",BISCUITS
LFS,51179,0,"FOOD CUPBOARD",BISCUITS
LFS,51240,0,"HOME AND PERSONAL CARE","ORAL CARE"
LFS,26305,0,"FOOD CUPBOARD",SNACKS
LFS,26329,0,"FOOD CUPBOARD",CONFECTIONERY
LFS,26331,0,"FOOD CUPBOARD",CONFECTIONERY
LFS,26353,0,"HOME AND PERSONAL CARE","PERSONAL WASH"
LFS,35251,0,"FOOD CUPBOARD","SPREADS AND TOPPING"
LFS,35252,0,"FOOD CUPBOARD","SPREADS AND TOPPING"
LFS,35550,0,"FOOD CUPBOARD","CANNED FOOD"
LFS,35645,0,BEVERAGES,JUICE
LFS,35646,0,BEVERAGES,JUICE
LFS,35805,0,"FOOD CUPBOARD","SALT  SUGAR AND JAGGERY"
LFS,35884,0,"FOOD CUPBOARD",CONFECTIONERY
LFS,35898,0,"HOME AND PERSONAL CARE","HOUSEHOLD CLEANERS"
LFS,35899,0,"HOME AND PERSONAL CARE","LAUNDRY CARE"
LFS,35902,0,"HOME AND PERSONAL CARE","PERSONAL WASH"
LFS,35952,0,"HOME AND PERSONAL CARE","HOUSEHOLD CLEANERS"
LFS,36024,0,"HOME AND PERSONAL CARE","SKIN CARE"
LFS,42280,0,"BEVERAGES ALCOHOLIC","COGNAC / BRANDY"
LFS,42283,0,"BEVERAGES ALCOHOLIC",RHUM
LFS,42299,0,"FOOD CUPBOARD",CONFECTIONERY
LFS,42300,0,"FOOD CUPBOARD",CONFECTIONERY
LFS,42302,0,"FOOD CUPBOARD",CONFECTIONERY
LFS,42310,0,"FOOD CUPBOARD","BREAKFAST CEREALS"
LFS,42314,0,"FOOD CUPBOARD","BREAKFAST CEREALS"
LFS,42334,0,"FOOD CUPBOARD",CONFECTIONERY
LFS,42390,0,BEVERAGES,JUICE
LFS,42441,0,"FOOD CUPBOARD","SALT  SUGAR AND JAGGERY"
LFS,42442,0,"FOOD CUPBOARD","SALT  SUGAR AND JAGGERY"
LFS,51342,0,"FOOD CUPBOARD",CONFECTIONERY
LFS,51343,0,"FOOD CUPBOARD",CONFECTIONERY
LFS,51344,0,"FOOD CUPBOARD",CONFECTIONERY
LFS,51422,0,"BEVERAGES ALCOHOLIC","BOTTLE BEER"
LFS,51456,0,BEVERAGES,"NON ALCOHOLIC"
LFS,51954,0,"FOOD CUPBOARD","BREAKFAST CEREALS"
LFS,51958,0,"FOOD CUPBOARD","BREAKFAST CEREALS"
LFS,51959,0,"FOOD CUPBOARD","BREAKFAST CEREALS"
LFS,51961,0,"FOOD CUPBOARD","BREAKFAST CEREALS"
LFS,51970,0,"FOOD CUPBOARD","BREAKFAST CEREALS"
LFS,26367,0,"HOME AND PERSONAL CARE","SKIN CARE"
LFS,26389,0,"HOME AND PERSONAL CARE","PERSONAL WASH"
LFS,26463,0,"HOME AND PERSONAL CARE","MENS GROOMING"
LFS,26469,0,"HOME AND PERSONAL CARE","FEMININE CARE"
LFS,26630,0,"FOOD CUPBOARD",CONFECTIONERY
LFS,26633,0,"FOOD CUPBOARD",CONFECTIONERY
LFS,26640,0,"FOOD CUPBOARD",CONFECTIONERY
LFS,26814,0,"FRESH DAIRY AND EGGS",Yoghurt
LFS,36049,0,"FOOD CUPBOARD","NOODLES AND SOUP"
LFS,36051,0,"FOOD CUPBOARD","NOODLES AND SOUP"
LFS,36052,0,"FOOD CUPBOARD","NOODLES AND SOUP"
LFS,36053,0,"FOOD CUPBOARD","NOODLES AND SOUP"
LFS,36054,0,"FOOD CUPBOARD","NOODLES AND SOUP"
LFS,36056,0,"FOOD CUPBOARD","NOODLES AND SOUP"
LFS,36063,0,"FOOD CUPBOARD","SPREADS AND TOPPING"
LFS,36066,0,"FOOD CUPBOARD","SPREADS AND TOPPING"
LFS,36067,0,"FOOD CUPBOARD","SPREADS AND TOPPING"
LFS,36068,0,"FOOD CUPBOARD","NOODLES AND SOUP"
LFS,36178,0,"BEVERAGES ALCOHOLIC",BITTERS
LFS,36249,0,BEVERAGES,TEA
LFS,36271,0,"FOOD CUPBOARD","DRYFRUITS AND NUTS"
LFS,36309,0,"BEVERAGES ALCOHOLIC",LIQUER
LFS,36357,0,"HOME AND PERSONAL CARE","HOUSEHOLD CLEANERS"
LFS,36383,0,"FOOD CUPBOARD","MILK AND CREAMERS"
LFS,36384,0,"FOOD CUPBOARD","MILK AND CREAMERS"
LFS,36389,0,"FOOD CUPBOARD","MILK AND CREAMERS"
LFS,42544,0,BEVERAGES,JUICE
LFS,42545,0,BEVERAGES,JUICE
LFS,42566,0,"FOOD CUPBOARD","CANNED FOOD"
LFS,42568,0,"FOOD CUPBOARD","CANNED FOOD"
LFS,42621,0,BEVERAGES,JUICE
LFS,42622,0,BEVERAGES,JUICE
LFS,42649,0,"FOOD CUPBOARD","SALT  SUGAR AND JAGGERY"
LFS,42699,0,BEVERAGES,DRINKS
LFS,42706,0,"FOOD CUPBOARD",BISCUITS
LFS,42710,0,"FOOD CUPBOARD","BREAKFAST CEREALS"
LFS,42814,0,"FOOD CUPBOARD","MILK AND CREAMERS"
LFS,52228,0,"FRESH DAIRY AND EGGS",cheeses
LFS,52479,0,"FOOD CUPBOARD",BISCUITS
LFS,52487,0,"FOOD CUPBOARD",BISCUITS
LFS,52686,0,"BEVERAGES ALCOHOLIC",WINES
LFS,52716,0,"HOME AND PERSONAL CARE","PERSONAL WASH"
LFS,52717,0,"HOME AND PERSONAL CARE","INFANT AND BABY CARE"
LFS,52726,0,"HOME AND PERSONAL CARE","HEALTH AND WELLNESS"
LFS,52727,0,"HOME AND PERSONAL CARE","HOUSEHOLD CLEANERS"
LFS,26940,0,"BEVERAGES ALCOHOLIC","BOTTLE BEER"
LFS,26965,0,"FOOD CUPBOARD",CONDIMENTS
LFS,27176,0,"FRESH DAIRY AND EGGS",Cream
LFS,27202,0,"BEVERAGES ALCOHOLIC",WINES
LFS,27277,0,"HOME AND PERSONAL CARE","HEALTH AND WELLNESS"
LFS,27575,0,"FOOD CUPBOARD","BREAKFAST CEREALS"
LFS,27576,0,"FOOD CUPBOARD","PEPPER SAUCE"
LFS,27605,0,"FOOD CUPBOARD","GRAINS AND PULSES"
LFS,27610,0,"FOOD CUPBOARD","GRAINS AND PULSES"
LFS,27615,0,"FOOD CUPBOARD","NOODLES AND SOUP"
LFS,27627,0,"FOOD CUPBOARD","GRAINS AND PULSES"
LFS,36407,0,"HOME AND PERSONAL CARE","HOUSEHOLD CLEANERS"
LFS,36411,0,"HOME AND PERSONAL CARE","HOUSEHOLD CLEANERS"
LFS,36427,0,"BEVERAGES ALCOHOLIC","CAN BEER"
LFS,36435,0,"HOME AND PERSONAL CARE",FRESHENERS
LFS,36608,0,"FOOD CUPBOARD","CANNED FOOD"
LFS,36649,0,"FOOD CUPBOARD",CONDIMENTS
LFS,36650,0,"FROZEN FOOD",BEEF
LFS,36651,0,"FROZEN FOOD",BEEF
LFS,36663,0,"FRESH DAIRY AND EGGS",Cream
LFS,36664,0,"FRESH DAIRY AND EGGS",Cream
LFS,36670,0,"FRESH DAIRY AND EGGS",Butters
LFS,36673,0,"FRESH DAIRY AND EGGS",Cream
LFS,36704,0,"BEVERAGES ALCOHOLIC",WINES
LFS,36727,0,"HOME AND PERSONAL CARE",DISPOSABLE
LFS,36728,0,"HOME AND PERSONAL CARE",DISPOSABLE
LFS,42817,0,"HOME AND PERSONAL CARE","HAIR CARE"
LFS,42828,0,"FOOD CUPBOARD","SPREADS AND TOPPING"
LFS,42836,0,"HOME AND PERSONAL CARE","PERSONAL WASH"
LFS,42925,0,"FOOD CUPBOARD",CONFECTIONERY
LFS,42926,0,"FOOD CUPBOARD",CONFECTIONERY
LFS,42928,0,"FOOD CUPBOARD",CONFECTIONERY
LFS,42938,0,"HOME AND PERSONAL CARE","FEMININE CARE"
LFS,42944,0,"HOME AND PERSONAL CARE","HAIR CARE"
LFS,42955,0,"HOME AND PERSONAL CARE","HAIR CARE"
LFS,42961,0,"HOME AND PERSONAL CARE","FEMININE CARE"
LFS,42963,0,"HOME AND PERSONAL CARE","HAIR CARE"
LFS,43017,0,"HOME AND PERSONAL CARE",DISPOSABLE
LFS,43019,0,"HOME AND PERSONAL CARE",DISPOSABLE
LFS,43020,0,"HOME AND PERSONAL CARE",DISPOSABLE
LFS,43023,0,"FRESH DAIRY AND EGGS",Yoghurt
LFS,43024,0,"FRESH DAIRY AND EGGS",Yoghurt
LFS,52729,0,"HOME AND PERSONAL CARE","HOUSEHOLD CLEANERS"
LFS,52743,0,"FOOD CUPBOARD","MILK AND CREAMERS"
LFS,52749,0,BEVERAGES,JUICE
LFS,52767,0,"HOME AND PERSONAL CARE","LAUNDRY CARE"
LFS,52962,0,"FOOD CUPBOARD","PEPPER SAUCE"
LFS,53274,0,BUTCHERY,"BUTCHERY ACCESSORIES"
LFS,53292,0,BEVERAGES,DRINKS
LFS,53304,0,BEVERAGES,"MINERAL WATER"
LFS,53306,0,"FOOD CUPBOARD",BISCUITS
LFS,53307,0,"FOOD CUPBOARD",BISCUITS
LFS,53309,0,"FOOD CUPBOARD",BISCUITS
LFS,53331,0,"FOOD CUPBOARD",BISCUITS
LFS,53332,0,"FOOD CUPBOARD",BISCUITS
LFS,53333,0,"FOOD CUPBOARD",BISCUITS
LFS,53334,0,"FOOD CUPBOARD",BISCUITS
LFS,27632,0,"FRESH DAIRY AND EGGS",Yoghurt
LFS,27769,0,"HOME AND PERSONAL CARE","HOUSEHOLD CLEANERS"
LFS,27770,0,"HOME AND PERSONAL CARE",FRESHENERS
LFS,27774,0,"HOME AND PERSONAL CARE","HOUSEHOLD CLEANERS"
LFS,27948,0,"FOOD CUPBOARD","CANNED FOOD"
LFS,28649,0,"HOME AND PERSONAL CARE","INSECTICIDES AND RODENT CONTROL"
LFS,29084,0,"HOME AND PERSONAL CARE","FEMININE CARE"
LFS,36729,0,"BEVERAGES ALCOHOLIC","SPARKLING WINES"
LFS,36773,0,"FROZEN FOOD",ICE-CREAM
LFS,36775,0,"FROZEN FOOD",ICE-CREAM
LFS,36782,0,"HOME AND PERSONAL CARE","ORAL CARE"
LFS,36821,0,"FOOD CUPBOARD","BREAKFAST CEREALS"
LFS,36822,0,"FOOD CUPBOARD","SPREADS AND TOPPING"
LFS,36824,0,"FOOD CUPBOARD","BREAKFAST CEREALS"
LFS,36828,0,"FOOD CUPBOARD","SPREADS AND TOPPING"
LFS,36845,0,"BEVERAGES ALCOHOLIC",WHISKEY
LFS,36862,0,"FOOD CUPBOARD","SPREADS AND TOPPING"
LFS,36939,0,"BEVERAGES ALCOHOLIC",WHISKEY
LFS,36964,0,"BEVERAGES ALCOHOLIC",WINES
LFS,36985,0,"HOME AND PERSONAL CARE","PERSONAL WASH"
LFS,43026,0,"FRESH DAIRY AND EGGS",Yoghurt
LFS,43035,0,"FROZEN FOOD",PIZZA
LFS,43168,0,"FOOD CUPBOARD","CANNED FOOD"
LFS,43195,0,BEVERAGES,JUICE
LFS,43198,0,BEVERAGES,JUICE
LFS,43376,0,"FROZEN FOOD",ICE-CREAM
LFS,43387,0,"FROZEN FOOD",ICE-CREAM
LFS,43395,0,BEVERAGES,DRINKS
LFS,43444,0,"FOOD CUPBOARD",CONFECTIONERY
LFS,43843,0,"HOME AND PERSONAL CARE","HAIR CARE"
LFS,43873,0,"HOME AND PERSONAL CARE","ORAL CARE"
LFS,43907,0,"FRESH DAIRY AND EGGS",Yoghurt
LFS,53357,0,"FOOD CUPBOARD",BISCUITS
LFS,53397,0,"FOOD CUPBOARD",BISCUITS
LFS,53402,0,"FOOD CUPBOARD",BISCUITS
LFS,53403,0,"FOOD CUPBOARD",BISCUITS
LFS,53438,0,"HOME AND PERSONAL CARE","ORAL CARE"
LFS,53442,0,"HOME AND PERSONAL CARE","ORAL CARE"
LFS,53443,0,"HOME AND PERSONAL CARE","PERSONAL WASH"
LFS,53547,0,BEVERAGES,DRINKS
LFS,53554,0,"FROZEN FOOD",ICE-CREAM
LFS,53555,0,"FROZEN FOOD",ICE-CREAM
LFS,53634,0,"HOME AND PERSONAL CARE",FRAGRANCES
LFS,53665,0,"HOME AND PERSONAL CARE","HOUSEHOLD CLEANERS"
LFS,29331,0,"FOOD CUPBOARD","SALT  SUGAR AND JAGGERY"
LFS,29334,0,"FOOD CUPBOARD","SALT  SUGAR AND JAGGERY"
LFS,29391,0,"FOOD CUPBOARD",CONFECTIONERY
LFS,29396,0,BEVERAGES,"MINERAL WATER"
LFS,29397,0,BEVERAGES,"MINERAL WATER"
LFS,29441,0,"HOME AND PERSONAL CARE","SKIN CARE"
LFS,29444,0,"HOME AND PERSONAL CARE","SKIN CARE"
LFS,29447,0,"HOME AND PERSONAL CARE","PERSONAL WASH"
LFS,29448,0,"HOME AND PERSONAL CARE","SKIN CARE"
LFS,29450,0,"HOME AND PERSONAL CARE","PERSONAL WASH"
LFS,29451,0,"HOME AND PERSONAL CARE","PERSONAL WASH"
LFS,29452,0,"HOME AND PERSONAL CARE","INFANT AND BABY CARE"
LFS,29453,0,"HOME AND PERSONAL CARE","INFANT AND BABY CARE"
LFS,29807,0,"FRESH DAIRY AND EGGS",cheeses
LFS,37153,0,"HOME AND PERSONAL CARE","SKIN CARE"
LFS,37160,0,"FOOD CUPBOARD","RAW RICE"
LFS,37162,0,"FOOD CUPBOARD","RAW RICE"
LFS,37236,0,"HOME AND PERSONAL CARE","SKIN CARE"
LFS,37356,0,"FOOD CUPBOARD","BREAKFAST CEREALS"
LFS,37389,0,"HOME AND PERSONAL CARE","SKIN CARE"
LFS,37465,0,"HOME AND PERSONAL CARE","INFANT AND BABY CARE"
LFS,37493,0,"HOME AND PERSONAL CARE",FRAGRANCES
LFS,37494,0,"HOME AND PERSONAL CARE",FRAGRANCES
LFS,37536,0,"HOME AND PERSONAL CARE",FRESHENERS
LFS,205067,0,"FROZEN FOOD",ICE-CREAM
LFS,205069,0,"FROZEN FOOD",ICE-CREAM
LFS,205070,0,"FROZEN FOOD",ICE-CREAM
LFS,205071,0,"FROZEN FOOD",ICE-CREAM
LFS,205072,0,"FROZEN FOOD",ICE-CREAM
LFS,205073,0,"FROZEN FOOD",ICE-CREAM
LFS,205074,0,"FROZEN FOOD",ICE-CREAM
LFS,205075,0,"FROZEN FOOD",ICE-CREAM
LFS,205077,0,"FROZEN FOOD",ICE-CREAM
LFS,205079,0,"FROZEN FOOD",ICE-CREAM
LFS,205080,0,"FROZEN FOOD",ICE-CREAM
LFS,205081,0,"FROZEN FOOD",ICE-CREAM
LFS,205083,0,"FOOD CUPBOARD","FROZEN ITEMS"
LFS,205084,0,"FROZEN FOOD",ICE-CREAM
LFS,205085,0,"FOOD CUPBOARD","FROZEN ITEMS"
LFS,205086,0,"FOOD CUPBOARD","FROZEN ITEMS"
LFS,205087,0,"FOOD CUPBOARD","FROZEN ITEMS"
LFS,205088,0,"FOOD CUPBOARD","FROZEN ITEMS"
LFS,205089,0,"FOOD CUPBOARD","FROZEN ITEMS"
LFS,205090,0,"FOOD CUPBOARD","FROZEN ITEMS"
LFS,205091,0,"FROZEN FOOD",ICE-CREAM
LFS,205092,0,"FROZEN FOOD",ICE-CREAM
LFS,205093,0,"FOOD CUPBOARD","FROZEN ITEMS"
LFS,205094,0,"FOOD CUPBOARD","FROZEN ITEMS"
LFS,205095,0,"FOOD CUPBOARD","FROZEN ITEMS"
LFS,205096,0,"FOOD CUPBOARD","FROZEN ITEMS"
LFS,205097,0,"FOOD CUPBOARD","FROZEN ITEMS"
LFS,205098,0,"FOOD CUPBOARD","FROZEN ITEMS"
LFS,205099,0,"FOOD CUPBOARD","FROZEN ITEMS"
LFS,205100,0,"FOOD CUPBOARD","FROZEN ITEMS"
LFS,205104,0,"FOOD CUPBOARD","FROZEN ITEMS"
LFS,205110,0,"FOOD CUPBOARD","FROZEN ITEMS"
LFS,205127,0,"FOOD CUPBOARD","FROZEN ITEMS"
LFS,205131,0,"FOOD CUPBOARD","FROZEN ITEMS"
LFS,205138,0,"FOOD CUPBOARD","FROZEN ITEMS"
LFS,205143,0,"FOOD CUPBOARD","FROZEN ITEMS"
LFS,205147,0,"FOOD CUPBOARD","FROZEN ITEMS"
LFS,206787,0,"HOME AND PERSONAL CARE","HOUSEHOLD CLEANERS"
LFS,206789,0,BEVERAGES,"DRINKING POWDERS"
LFS,206790,0,BEVERAGES,"DRINKING POWDERS"
LFS,206792,0,"HOME AND PERSONAL CARE","PERSONAL WASH"
LFS,206798,0,BEVERAGES,"NON ALCOHOLIC"
LFS,206799,0,BEVERAGES,"NON ALCOHOLIC"
LFS,206800,0,BEVERAGES,"NON ALCOHOLIC"
LFS,206805,0,"FOOD CUPBOARD",CONDIMENTS
LFS,206806,0,"FOOD CUPBOARD",CONDIMENTS
LFS,206807,0,"FOOD CUPBOARD",CONDIMENTS
LFS,206808,0,"FOOD CUPBOARD","NOODLES AND SOUP"
LFS,206809,0,"FOOD CUPBOARD","BREAKFAST CEREALS"
LFS,206811,0,"BEVERAGES ALCOHOLIC",WINES
LFS,208948,0,"FOOD CUPBOARD","FROZEN ITEMS"
LFS,208949,0,"FOOD CUPBOARD","FROZEN ITEMS"
LFS,208950,0,"FOOD CUPBOARD","FROZEN ITEMS"
LFS,208951,0,"FOOD CUPBOARD","FROZEN ITEMS"
LFS,208989,0,"FOOD CUPBOARD","RAW RICE"
LFS,209240,0,"HOME AND PERSONAL CARE","ORAL CARE"
LFS,209241,0,"HOME AND PERSONAL CARE","ORAL CARE"
LFS,209242,0,"HOME AND PERSONAL CARE","ORAL CARE"
LFS,209268,0,"BEVERAGES NON ALCOHOLIC",SYROP
LFS,209269,0,"BEVERAGES NON ALCOHOLIC",SYROP
LFS,209270,0,"BEVERAGES NON ALCOHOLIC",SYROP
LFS,209271,0,"BEVERAGES NON ALCOHOLIC",SYROP
LFS,209272,0,"BEVERAGES NON ALCOHOLIC",SYROP
LFS,209273,0,"BEVERAGES NON ALCOHOLIC",SYROP
LFS,209274,0,"BEVERAGES NON ALCOHOLIC",SYROP
LFS,209275,0,BEVERAGES,"SYRUPS AND CONCENTRATES"
LFS,209277,0,"BEVERAGES ALCOHOLIC","VODKA BOTTLES"
LFS,209281,0,"BEVERAGES ALCOHOLIC","VODKA BOTTLES"
LFS,209285,0,"BEVERAGES ALCOHOLIC",TEQUILA
LFS,209302,0,"BEVERAGES ALCOHOLIC",WINES
LFS,209303,0,"BEVERAGES ALCOHOLIC",WINES
LFS,209304,0,"BEVERAGES ALCOHOLIC",WINES
LFS,209305,0,"BEVERAGES ALCOHOLIC","SPARKLING WINES"
LFS,209306,0,"BEVERAGES ALCOHOLIC","SPARKLING WINES"
LFS,209307,0,"BEVERAGES ALCOHOLIC","SPARKLING WINES"
LFS,203840,0,"HOME AND PERSONAL CARE",FRESHENERS
LFS,203845,0,"HOME AND PERSONAL CARE","HOUSEHOLD CLEANERS"
LFS,203847,0,"HOME AND PERSONAL CARE","HOUSEHOLD CLEANERS"
LFS,203848,0,"HOME AND PERSONAL CARE","HOUSEHOLD CLEANERS"
LFS,203849,0,"HOME AND PERSONAL CARE","HOUSEHOLD CLEANERS"
LFS,203850,0,"HOME AND PERSONAL CARE","LAUNDRY CARE"
LFS,203853,0,"HOME AND PERSONAL CARE","HOUSEHOLD CLEANERS"
LFS,206814,0,"FOOD CUPBOARD","NOODLES AND SOUP"
LFS,206815,0,"FOOD CUPBOARD",SAVOURIES
LFS,206817,0,"FOOD CUPBOARD",SAVOURIES
LFS,206819,0,BEVERAGES,"NON ALCOHOLIC"
LFS,206820,0,"BEVERAGES ALCOHOLIC",WINES
LFS,206821,0,"BEVERAGES ALCOHOLIC",WINES
LFS,206828,0,BEVERAGES,"NON ALCOHOLIC"
LFS,206830,0,"FOOD CUPBOARD",BISCUITS
LFS,206831,0,"FOOD CUPBOARD",BISCUITS
LFS,206834,0,"FOOD CUPBOARD",BISCUITS
LFS,206836,0,"FOOD CUPBOARD",CONFECTIONERY
LFS,206839,0,BEVERAGES,DRINKS
LFS,206843,0,BEVERAGES,ALCOHOLIC
LFS,206880,0,BEVERAGES,TEA
LFS,206898,0,"FOOD CUPBOARD","BREAKFAST CEREALS"
LFS,206899,0,"FOOD CUPBOARD",BISCUITS
LFS,206900,0,"FOOD CUPBOARD","BREAKFAST CEREALS"
LFS,206903,0,"FOOD CUPBOARD",SAVOURIES
LFS,206917,0,"FOOD CUPBOARD",SAVOURIES
LFS,206918,0,"FOOD CUPBOARD","CANNED FOOD"
LFS,206920,0,BEVERAGES,TEA
LFS,206921,0,BEVERAGES,TEA
LFS,206927,0,"FOOD CUPBOARD",CONDIMENTS
LFS,206928,0,"FOOD CUPBOARD","INSTANT MIX"
LFS,206930,0,"FOOD CUPBOARD","BREAKFAST CEREALS"
LFS,206931,0,"FOOD CUPBOARD","BREAKFAST CEREALS"
LFS,206946,0,"FRUITS- IMPORT",VEGETABLES.
LFS,209308,0,"HOME AND PERSONAL CARE","HOUSEHOLD CLEANERS"
LFS,209309,0,"HOME AND PERSONAL CARE","HOUSEHOLD CLEANERS"
LFS,209310,0,"HOME AND PERSONAL CARE",FRESHENERS
LFS,209311,0,"HOME AND PERSONAL CARE","SHOE CARE"
LFS,209312,0,"HOME AND PERSONAL CARE","HOUSEHOLD CLEANERS"
LFS,209313,0,"HOME AND PERSONAL CARE","HOUSEHOLD CLEANERS"
LFS,209453,0,"FOOD CUPBOARD","FROZEN ITEMS"
LFS,209464,0,"HOME AND PERSONAL CARE","SHOE CARE"
LFS,209484,0,"FOOD CUPBOARD",CONFECTIONERY
LFS,209488,0,"HOME AND PERSONAL CARE","HAIR CARE"
LFS,209521,0,"FROZEN FOOD",Vegetables
LFS,209659,0,"FOOD CUPBOARD",BISCUITS
LFS,209661,0,"FOOD CUPBOARD",CONFECTIONERY
LFS,209662,0,"FOOD CUPBOARD",CONFECTIONERY
LFS,209663,0,"FOOD CUPBOARD",CONFECTIONERY
LFS,209664,0,"FOOD CUPBOARD","SPREADS AND TOPPING"
LFS,209665,0,"FOOD CUPBOARD","INSTANT MIX"
LFS,209669,0,"FOOD CUPBOARD","PASTA AND SPAGHETTI"
LFS,209671,0,"FOOD CUPBOARD","PASTA AND SPAGHETTI"
LFS,209672,0,"FOOD CUPBOARD","PASTA AND SPAGHETTI"
LFS,203947,0,"BEVERAGES ALCOHOLIC","SPARKLING WINES"
LFS,203948,0,"BEVERAGES ALCOHOLIC","SPARKLING WINES"
LFS,203949,0,"HOME AND PERSONAL CARE","PERSONAL WASH"
LFS,203950,0,BEVERAGES,JUICE
LFS,203951,0,BEVERAGES,JUICE
LFS,203991,0,"FOOD CUPBOARD",SAVOURIES
LFS,204085,0,"FOOD CUPBOARD","RAW RICE"
LFS,204097,0,"FRESH DAIRY AND EGGS",cheeses
LFS,204100,0,"FRESH DAIRY AND EGGS",cheeses
LFS,204101,0,"FRESH DAIRY AND EGGS",cheeses
LFS,204102,0,"FRESH DAIRY AND EGGS",cheeses
LFS,204103,0,"FRESH DAIRY AND EGGS","Deli Chicken"
LFS,204104,0,"FOOD CUPBOARD","RAW RICE"
LFS,204105,0,"FRESH DAIRY AND EGGS",DELI
LFS,204106,0,"BEVERAGES ALCOHOLIC",WINES
LFS,204107,0,"FRESH DAIRY AND EGGS",DELI
LFS,204108,0,"FRESH DAIRY AND EGGS",DELI
LFS,204109,0,"BEVERAGES ALCOHOLIC",WINES
LFS,204143,0,"FRUITS- IMPORT",VEGETABLES.
LFS,204146,0,"FRUITS- IMPORT",VEGETABLES.
LFS,204147,0,"FRUITS- IMPORT",VEGETABLES.
LFS,204223,0,"FRUITS- IMPORT",Fruits
LFS,204239,0,"FROZEN FOOD",CHICKEN
LFS,204240,0,"FROZEN FOOD",CHICKEN
LFS,204241,0,"FROZEN FOOD",TURKEY
LFS,204242,0,"FROZEN FOOD",CHICKEN
LFS,204243,0,"FROZEN FOOD",CHICKEN
LFS,204245,0,"FROZEN FOOD",CHICKEN
LFS,204246,0,"FROZEN FOOD",MEAT
LFS,204247,0,"FROZEN FOOD",CHICKEN
LFS,206844,0,BEVERAGES,ALCOHOLIC
LFS,206845,0,BEVERAGES,ALCOHOLIC
LFS,206847,0,BEVERAGES,ALCOHOLIC
LFS,206848,0,BEVERAGES,ALCOHOLIC
LFS,206849,0,BEVERAGES,ALCOHOLIC
LFS,206850,0,BEVERAGES,ALCOHOLIC
LFS,206851,0,"FOOD CUPBOARD",CONFECTIONERY
LFS,206853,0,"HOME AND PERSONAL CARE",FRESHENERS
LFS,206856,0,"FOOD CUPBOARD",BISCUITS
LFS,206857,0,"FOOD CUPBOARD",SAVOURIES
LFS,206858,0,"FOOD CUPBOARD",SAVOURIES
LFS,206859,0,"FOOD CUPBOARD",SAVOURIES
LFS,206862,0,"FOOD CUPBOARD",SAVOURIES
LFS,206863,0,"FOOD CUPBOARD",SAVOURIES
LFS,206876,0,"FOOD CUPBOARD","FROZEN ITEMS"
LFS,206877,0,"FOOD CUPBOARD",CONFECTIONERY
LFS,206878,0,"FOOD CUPBOARD",CONDIMENTS
LFS,206950,0,"HOME AND PERSONAL CARE","PET CARE"
LFS,206951,0,"HOME AND PERSONAL CARE","PET CARE"
LFS,206968,0,"HOME AND PERSONAL CARE","PET CARE"
LFS,206969,0,"HOME AND PERSONAL CARE","HOUSEHOLD CLEANERS"
LFS,206970,0,"HOME AND PERSONAL CARE","PERSONAL WASH"
LFS,206971,0,"HOME AND PERSONAL CARE",DISPOSABLE
LFS,206973,0,"HOME AND PERSONAL CARE","MENS GROOMING"
LFS,206974,0,"HOME AND PERSONAL CARE","MENS GROOMING"
LFS,206975,0,"HOME AND PERSONAL CARE","MENS GROOMING"
LFS,206976,0,"HOME AND PERSONAL CARE","MENS GROOMING"
LFS,206977,0,"HOME AND PERSONAL CARE","MENS GROOMING"
LFS,206978,0,"HOME AND PERSONAL CARE","MENS GROOMING"
LFS,206979,0,"HOME AND PERSONAL CARE","MENS GROOMING"
LFS,206980,0,"HOME AND PERSONAL CARE","MENS GROOMING"
LFS,206981,0,"FOOD CUPBOARD","BAKING INGREDIENTS"
LFS,206982,0,"FOOD CUPBOARD","BAKING INGREDIENTS"
LFS,206983,0,"FOOD CUPBOARD","BAKING INGREDIENTS"
LFS,206985,0,"HOME AND PERSONAL CARE","HOUSEHOLD CLEANERS"
LFS,206986,0,"HOME AND PERSONAL CARE","HOUSEHOLD CLEANERS"
LFS,203455,0,"HOME AND PERSONAL CARE","PERSONAL WASH"
LFS,203456,0,"HOME AND PERSONAL CARE","PERSONAL WASH"
LFS,203459,0,"HOME AND PERSONAL CARE","HAIR CARE"
LFS,203460,0,"HOME AND PERSONAL CARE","SKIN CARE"
LFS,203461,0,"HOME AND PERSONAL CARE","MENS GROOMING"
LFS,203462,0,"HOME AND PERSONAL CARE","MENS GROOMING"
LFS,203464,0,"HOME AND PERSONAL CARE","HAIR CARE"
LFS,203470,0,"HOME AND PERSONAL CARE","PERSONAL WASH"
LFS,203472,0,"HOME AND PERSONAL CARE",FRAGRANCES
LFS,203473,0,"HOME AND PERSONAL CARE","PERSONAL WASH"
LFS,203474,0,"HOME AND PERSONAL CARE","PERSONAL WASH"
LFS,203475,0,"HOME AND PERSONAL CARE","PERSONAL WASH"
LFS,204328,0,"FRUITS- IMPORT",VEGETABLES.
LFS,204383,0,"FOOD CUPBOARD",SAVOURIES
LFS,204384,0,"FOOD CUPBOARD",SAVOURIES
LFS,204388,0,"FOOD CUPBOARD",SAVOURIES
LFS,204390,0,"FOOD CUPBOARD",SAVOURIES
LFS,204392,0,"FOOD CUPBOARD",SAVOURIES
LFS,204394,0,"FOOD CUPBOARD",SAVOURIES
LFS,204396,0,"FOOD CUPBOARD",SAVOURIES
LFS,204398,0,"FOOD CUPBOARD",SAVOURIES
LFS,204401,0,"FOOD CUPBOARD",SAVOURIES
LFS,205148,0,"FOOD CUPBOARD","FROZEN ITEMS"
LFS,205153,0,"FOOD CUPBOARD","FROZEN ITEMS"
LFS,205155,0,"FOOD CUPBOARD","FROZEN ITEMS"
LFS,205160,0,"FOOD CUPBOARD","FROZEN ITEMS"
LFS,205165,0,"FOOD CUPBOARD","FROZEN ITEMS"
LFS,205190,0,"FOOD CUPBOARD","FROZEN ITEMS"
LFS,205192,0,"FOOD CUPBOARD","FROZEN ITEMS"
LFS,205193,0,"FOOD CUPBOARD","FROZEN ITEMS"
LFS,205194,0,"FOOD CUPBOARD","FROZEN ITEMS"
LFS,205196,0,"FOOD CUPBOARD","FROZEN ITEMS"
LFS,205197,0,"FOOD CUPBOARD","FROZEN ITEMS"
LFS,205209,0,"FOOD CUPBOARD","FROZEN ITEMS"
LFS,205210,0,"FOOD CUPBOARD","FROZEN ITEMS"
LFS,205214,0,"FOOD CUPBOARD","FROZEN ITEMS"
LFS,205215,0,"FOOD CUPBOARD","FROZEN ITEMS"
LFS,205218,0,"FOOD CUPBOARD","FROZEN ITEMS"
LFS,205219,0,"FOOD CUPBOARD","FROZEN ITEMS"
LFS,205221,0,"FOOD CUPBOARD","FROZEN ITEMS"
LFS,205222,0,"FOOD CUPBOARD","FROZEN ITEMS"
LFS,205223,0,"FOOD CUPBOARD","FROZEN ITEMS"
LFS,205225,0,"FOOD CUPBOARD","FROZEN ITEMS"
LFS,205227,0,"FOOD CUPBOARD","FROZEN ITEMS"
LFS,205229,0,"FOOD CUPBOARD","FROZEN ITEMS"
LFS,205230,0,"FOOD CUPBOARD","FROZEN ITEMS"
LFS,205231,0,"FOOD CUPBOARD","FROZEN ITEMS"
LFS,205232,0,BEVERAGES,"NON ALCOHOLIC"
LFS,205233,0,BEVERAGES,"NON ALCOHOLIC"
LFS,205234,0,BEVERAGES,"NON ALCOHOLIC"
LFS,205235,0,BEVERAGES,"NON ALCOHOLIC"
LFS,206987,0,"HOME AND PERSONAL CARE","LAUNDRY CARE"
LFS,206988,0,"HOME AND PERSONAL CARE","LAUNDRY CARE"
LFS,206989,0,"HOME AND PERSONAL CARE","LAUNDRY CARE"
LFS,206990,0,"HOME AND PERSONAL CARE","LAUNDRY CARE"
LFS,206991,0,"HOME AND PERSONAL CARE","LAUNDRY CARE"
LFS,206992,0,"HOME AND PERSONAL CARE","LAUNDRY CARE"
LFS,206995,0,"HOME AND PERSONAL CARE","LAUNDRY CARE"
LFS,206996,0,"HOME AND PERSONAL CARE","PET CARE"
LFS,206997,0,"HOME AND PERSONAL CARE","PET CARE"
LFS,207000,0,"HOME AND PERSONAL CARE","PET CARE"
LFS,207001,0,"HOME AND PERSONAL CARE",DISPOSABLE
LFS,207002,0,"HOME AND PERSONAL CARE",DISPOSABLE
LFS,207003,0,"HOME AND PERSONAL CARE","INFANT AND BABY CARE"
LFS,207004,0,"HOME AND PERSONAL CARE","INFANT AND BABY CARE"
LFS,207005,0,"HOME AND PERSONAL CARE",DISPOSABLE
LFS,207006,0,"HOME AND PERSONAL CARE","MENS GROOMING"
LFS,207007,0,"HOME AND PERSONAL CARE",DISPOSABLE
LFS,207008,0,"HOME AND PERSONAL CARE",DISPOSABLE
LFS,207009,0,"FOOD CUPBOARD","BAKING INGREDIENTS"
LFS,207010,0,"FOOD CUPBOARD","BAKING INGREDIENTS"
LFS,203484,0,"HOME AND PERSONAL CARE","FEMININE CARE"
LFS,203485,0,"HOME AND PERSONAL CARE","PERSONAL WASH"
LFS,203486,0,"HOME AND PERSONAL CARE","HAIR CARE"
LFS,203487,0,"HOME AND PERSONAL CARE","HAIR CARE"
LFS,203488,0,"HOME AND PERSONAL CARE","PERSONAL WASH"
LFS,203489,0,"HOME AND PERSONAL CARE","PERSONAL WASH"
LFS,203490,0,"HOME AND PERSONAL CARE","PERSONAL WASH"
LFS,203491,0,"HOME AND PERSONAL CARE","PERSONAL WASH"
LFS,203493,0,"HOME AND PERSONAL CARE","PERSONAL WASH"
LFS,203494,0,"HOME AND PERSONAL CARE","PERSONAL WASH"
LFS,203495,0,"HOME AND PERSONAL CARE","HOUSEHOLD CLEANERS"
LFS,203500,0,"HOME AND PERSONAL CARE","HOUSEHOLD CLEANERS"
LFS,203502,0,"HOME AND PERSONAL CARE","HOUSEHOLD CLEANERS"
LFS,203503,0,"HOME AND PERSONAL CARE","PERSONAL WASH"
LFS,203504,0,"HOME AND PERSONAL CARE","LAUNDRY CARE"
LFS,203506,0,"HOME AND PERSONAL CARE","HOUSEHOLD CLEANERS"
LFS,203507,0,"HOME AND PERSONAL CARE","HOUSEHOLD CLEANERS"
LFS,204405,0,"FOOD CUPBOARD",SAVOURIES
LFS,204407,0,"FOOD CUPBOARD",SAVOURIES
LFS,204410,0,"FOOD CUPBOARD",SAVOURIES
LFS,204415,0,"FOOD CUPBOARD",SAVOURIES
LFS,204420,0,"HOME AND PERSONAL CARE","ORAL CARE"
LFS,204423,0,"FOOD CUPBOARD","FROZEN ITEMS"
LFS,204457,0,"FOOD CUPBOARD",CONDIMENTS
LFS,204460,0,BEVERAGES,DRINKS
LFS,204466,0,BEVERAGES,JUICE
LFS,205236,0,BEVERAGES,"NON ALCOHOLIC"
LFS,205237,0,BEVERAGES,"NON ALCOHOLIC"
LFS,205238,0,BEVERAGES,"NON ALCOHOLIC"
LFS,205239,0,BEVERAGES,"NON ALCOHOLIC"
LFS,205240,0,BEVERAGES,"NON ALCOHOLIC"
LFS,205241,0,BEVERAGES,"NON ALCOHOLIC"
LFS,205242,0,BEVERAGES,"NON ALCOHOLIC"
LFS,205243,0,BEVERAGES,"NON ALCOHOLIC"
LFS,205244,0,BEVERAGES,"NON ALCOHOLIC"
LFS,205245,0,BEVERAGES,"NON ALCOHOLIC"
LFS,205246,0,BEVERAGES,"NON ALCOHOLIC"
LFS,205247,0,BEVERAGES,"NON ALCOHOLIC"
LFS,205248,0,BEVERAGES,"NON ALCOHOLIC"
LFS,205249,0,BEVERAGES,"NON ALCOHOLIC"
LFS,205250,0,BEVERAGES,"NON ALCOHOLIC"
LFS,205251,0,BEVERAGES,"NON ALCOHOLIC"
LFS,205252,0,BEVERAGES,"NON ALCOHOLIC"
LFS,205253,0,BEVERAGES,"NON ALCOHOLIC"
LFS,205254,0,BEVERAGES,"NON ALCOHOLIC"
LFS,205255,0,BEVERAGES,"NON ALCOHOLIC"
LFS,205256,0,BEVERAGES,"NON ALCOHOLIC"
LFS,205257,0,BEVERAGES,"NON ALCOHOLIC"
LFS,205258,0,BEVERAGES,"NON ALCOHOLIC"
LFS,205259,0,BEVERAGES,"NON ALCOHOLIC"
LFS,205260,0,BEVERAGES,"NON ALCOHOLIC"
LFS,205261,0,BEVERAGES,"NON ALCOHOLIC"
LFS,207011,0,"HOME AND PERSONAL CARE","HOUSEHOLD CLEANERS"
LFS,207018,0,"FOOD CUPBOARD","BAKING INGREDIENTS"
LFS,207019,0,"FOOD CUPBOARD","SPREADS AND TOPPING"
LFS,207021,0,"FOOD CUPBOARD","SPREADS AND TOPPING"
LFS,207022,0,"FOOD CUPBOARD",SAVOURIES
LFS,207023,0,"HOME AND PERSONAL CARE",DISPOSABLE
LFS,207024,0,"FOOD CUPBOARD","SPREADS AND TOPPING"
LFS,207025,0,"FOOD CUPBOARD","SPREADS AND TOPPING"
LFS,207026,0,"FOOD CUPBOARD","BAKING INGREDIENTS"
LFS,207028,0,"HOME AND PERSONAL CARE",DISPOSABLE
LFS,207029,0,"HOME AND PERSONAL CARE",DISPOSABLE
LFS,207030,0,"HOME AND PERSONAL CARE",DISPOSABLE
LFS,207031,0,"HOME AND PERSONAL CARE",DISPOSABLE
LFS,207032,0,"HOME AND PERSONAL CARE",DISPOSABLE
LFS,207033,0,"HOME AND PERSONAL CARE",DISPOSABLE
LFS,207034,0,"HOME AND PERSONAL CARE",DISPOSABLE
LFS,207035,0,"HOME AND PERSONAL CARE",DISPOSABLE
LFS,207036,0,"HOME AND PERSONAL CARE",DISPOSABLE
LFS,207037,0,"HOME AND PERSONAL CARE",DISPOSABLE
LFS,207038,0,"HOME AND PERSONAL CARE",DISPOSABLE
LFS,207039,0,"HOME AND PERSONAL CARE",DISPOSABLE
LFS,207040,0,"HOME AND PERSONAL CARE","FEMININE CARE"
LFS,203511,0,"HOME AND PERSONAL CARE",DISPOSABLE
LFS,203512,0,"HOME AND PERSONAL CARE","MENS GROOMING"
LFS,203517,0,"HOME AND PERSONAL CARE","HAIR CARE"
LFS,203518,0,"HOME AND PERSONAL CARE","HAIR CARE"
LFS,203519,0,"HOME AND PERSONAL CARE","HAIR CARE"
LFS,203520,0,"HOME AND PERSONAL CARE","HAIR CARE"
LFS,203524,0,"HOME AND PERSONAL CARE","PERSONAL WASH"
LFS,203528,0,"HOME AND PERSONAL CARE","HOUSEHOLD CLEANERS"
LFS,204471,0,BEVERAGES,JUICE
LFS,204482,0,"BEVERAGES ALCOHOLIC",RHUM
LFS,204484,0,"BEVERAGES ALCOHOLIC",WHISKEY
LFS,204485,0,"BEVERAGES ALCOHOLIC",WHISKEY
LFS,204486,0,"BEVERAGES ALCOHOLIC",WHISKEY
LFS,204487,0,"BEVERAGES ALCOHOLIC",WHISKEY
LFS,204488,0,"BEVERAGES ALCOHOLIC",WHISKEY
LFS,204489,0,"BEVERAGES ALCOHOLIC",WHISKEY
LFS,204490,0,BEVERAGES,"CARBONATED DRINKS"
LFS,204526,0,"FOOD CUPBOARD","NOODLES AND SOUP"
LFS,204528,0,"BEVERAGES ALCOHOLIC",WINES
LFS,204529,0,"BEVERAGES ALCOHOLIC",WINES
LFS,204531,0,"BEVERAGES ALCOHOLIC",WINES
LFS,204532,0,"BEVERAGES ALCOHOLIC",WINES
LFS,204534,0,"BEVERAGES ALCOHOLIC",WINES
LFS,204536,0,"BEVERAGES ALCOHOLIC",WINES
LFS,204540,0,"BEVERAGES ALCOHOLIC","SPARKLING WINES"
LFS,204551,0,"FOOD CUPBOARD","EDIBLE OILS AND GHEE"
LFS,204552,0,"FOOD CUPBOARD",BISCUITS
LFS,204554,0,"FOOD CUPBOARD",BISCUITS
LFS,204555,0,"FOOD CUPBOARD",BISCUITS
LFS,204556,0,"FOOD CUPBOARD",BISCUITS
LFS,204557,0,"FOOD CUPBOARD",BISCUITS
LFS,204558,0,"FOOD CUPBOARD",BISCUITS
LFS,205262,0,BEVERAGES,"NON ALCOHOLIC"
LFS,205263,0,BEVERAGES,"NON ALCOHOLIC"
LFS,205264,0,BEVERAGES,"NON ALCOHOLIC"
LFS,205265,0,BEVERAGES,"NON ALCOHOLIC"
LFS,205266,0,BEVERAGES,"NON ALCOHOLIC"
LFS,205267,0,BEVERAGES,"NON ALCOHOLIC"
LFS,205268,0,BEVERAGES,"NON ALCOHOLIC"
LFS,205269,0,BEVERAGES,"NON ALCOHOLIC"
LFS,205270,0,BEVERAGES,"NON ALCOHOLIC"
LFS,205271,0,BEVERAGES,"NON ALCOHOLIC"
LFS,205272,0,BEVERAGES,"NON ALCOHOLIC"
LFS,205273,0,BEVERAGES,"NON ALCOHOLIC"
LFS,205274,0,BEVERAGES,"NON ALCOHOLIC"
LFS,205275,0,BEVERAGES,"NON ALCOHOLIC"
LFS,205278,0,BEVERAGES,"NON ALCOHOLIC"
LFS,205280,0,BEVERAGES,"NON ALCOHOLIC"
LFS,205282,0,BEVERAGES,"NON ALCOHOLIC"
LFS,205283,0,BEVERAGES,"NON ALCOHOLIC"
LFS,205284,0,BEVERAGES,"NON ALCOHOLIC"
LFS,205285,0,BEVERAGES,"NON ALCOHOLIC"
LFS,205286,0,BEVERAGES,"NON ALCOHOLIC"
LFS,205287,0,BEVERAGES,"NON ALCOHOLIC"
LFS,205290,0,BEVERAGES,SMOOTHIES
LFS,205291,0,BEVERAGES,SMOOTHIES
LFS,205292,0,BEVERAGES,SMOOTHIES
LFS,205298,0,BEVERAGES,SMOOTHIES
LFS,205309,0,BEVERAGES,SMOOTHIES
LFS,207042,0,"HOME AND PERSONAL CARE","FEMININE CARE"
LFS,207046,0,"HOME AND PERSONAL CARE","PET CARE"
LFS,207050,0,"HOME AND PERSONAL CARE","MENS GROOMING"
LFS,207051,0,"HOME AND PERSONAL CARE","MENS GROOMING"
LFS,207053,0,"HOME AND PERSONAL CARE",DISPOSABLE
LFS,207054,0,"HOME AND PERSONAL CARE","PERSONAL WASH"
LFS,207055,0,"HOME AND PERSONAL CARE","PERSONAL WASH"
LFS,207056,0,"HOME AND PERSONAL CARE","FEMININE CARE"
LFS,207057,0,"HOME AND PERSONAL CARE","COLOR COSMETICS"
LFS,207060,0,"HOME AND PERSONAL CARE","SKIN CARE"
LFS,207063,0,BEVERAGES,"NON ALCOHOLIC"
LFS,207064,0,"FOOD CUPBOARD","MILK AND CREAMERS"
LFS,207065,0,"FOOD CUPBOARD","MILK AND CREAMERS"
LFS,207066,0,"FOOD CUPBOARD","MILK AND CREAMERS"
LFS,207067,0,"FOOD CUPBOARD","MILK AND CREAMERS"
LFS,203545,0,"HOME AND PERSONAL CARE",FRESHENERS
LFS,203548,0,"HOME AND PERSONAL CARE","HAIR CARE"
LFS,203549,0,"HOME AND PERSONAL CARE","PERSONAL WASH"
LFS,203550,0,"HOME AND PERSONAL CARE","HAIR CARE"
LFS,203551,0,"HOME AND PERSONAL CARE","HOUSEHOLD CLEANERS"
LFS,203552,0,"HOME AND PERSONAL CARE","PERSONAL WASH"
LFS,203553,0,"HOME AND PERSONAL CARE","HOUSEHOLD CLEANERS"
LFS,203554,0,"HOME AND PERSONAL CARE","PERSONAL WASH"
LFS,203561,0,"HOME AND PERSONAL CARE","HOUSEHOLD CLEANERS"
LFS,204559,0,"FOOD CUPBOARD",BISCUITS
LFS,204560,0,"FOOD CUPBOARD",BISCUITS
LFS,204563,0,"FOOD CUPBOARD",BISCUITS
LFS,204565,0,"FOOD CUPBOARD",CONDIMENTS
LFS,204566,0,"FOOD CUPBOARD",CONDIMENTS
LFS,204567,0,"FOOD CUPBOARD",CONDIMENTS
LFS,204568,0,"FOOD CUPBOARD",CONFECTIONERY
LFS,204570,0,"FOOD CUPBOARD",BISCUITS
LFS,204577,0,"FOOD CUPBOARD","BREAKFAST CEREALS"
LFS,204579,0,"FOOD CUPBOARD","BREAKFAST CEREALS"
LFS,204581,0,"HOME AND PERSONAL CARE","PET CARE"
LFS,204584,0,BEVERAGES,COFFEE
LFS,204602,0,BEVERAGES,COFFEE
LFS,204603,0,BEVERAGES,COFFEE
LFS,204604,0,"FOOD CUPBOARD",CONFECTIONERY
LFS,204605,0,"FOOD CUPBOARD",CONFECTIONERY
LFS,204606,0,"FOOD CUPBOARD",CONFECTIONERY
LFS,204607,0,"FOOD CUPBOARD",CONFECTIONERY
LFS,204608,0,"FOOD CUPBOARD","INSTANT MIX"
LFS,204609,0,"FOOD CUPBOARD",CONDIMENTS
LFS,204610,0,"FOOD CUPBOARD",CONDIMENTS
LFS,205310,0,"FRESH DAIRY AND EGGS",Yoghurt
LFS,205313,0,"FRESH DAIRY AND EGGS",Yoghurt
LFS,205314,0,"FRESH DAIRY AND EGGS",Yoghurt
LFS,205315,0,"FRESH DAIRY AND EGGS",Yoghurt
LFS,205316,0,"FRESH DAIRY AND EGGS",Yoghurt
LFS,205322,0,BEVERAGES,DRINKS
LFS,205325,0,BEVERAGES,"NON ALCOHOLIC"
LFS,205327,0,BEVERAGES,"NON ALCOHOLIC"
LFS,205332,0,BEVERAGES,"NON ALCOHOLIC"
LFS,205334,0,BEVERAGES,"NON ALCOHOLIC"
LFS,205336,0,BEVERAGES,"NON ALCOHOLIC"
LFS,205338,0,BEVERAGES,"NON ALCOHOLIC"
LFS,205340,0,BEVERAGES,"NON ALCOHOLIC"
LFS,205342,0,BEVERAGES,"NON ALCOHOLIC"
LFS,205343,0,BEVERAGES,"NON ALCOHOLIC"
LFS,205345,0,BEVERAGES,"NON ALCOHOLIC"
LFS,205347,0,BEVERAGES,"NON ALCOHOLIC"
LFS,205351,0,BEVERAGES,"NON ALCOHOLIC"
LFS,205352,0,BEVERAGES,"NON ALCOHOLIC"
LFS,205355,0,BEVERAGES,"NON ALCOHOLIC"
LFS,205357,0,BEVERAGES,"NON ALCOHOLIC"
LFS,205360,0,"FOOD CUPBOARD","PASTA AND SPAGHETTI"
LFS,207071,0,BEVERAGES,"NON ALCOHOLIC"
LFS,207072,0,BEVERAGES,"NON ALCOHOLIC"
LFS,207074,0,"HOME AND PERSONAL CARE","PERSONAL WASH"
LFS,207075,0,"FOOD CUPBOARD",SAVOURIES
LFS,207086,0,"FOOD CUPBOARD","CANNED FOOD"
LFS,207098,0,"FOOD CUPBOARD","CANNED FOOD"
LFS,207099,0,"FOOD CUPBOARD","CANNED FOOD"
LFS,207100,0,"FOOD CUPBOARD","CANNED FOOD"
LFS,207101,0,"FOOD CUPBOARD","CANNED FOOD"
LFS,207102,0,"FOOD CUPBOARD","CANNED FOOD"
LFS,207103,0,"FOOD CUPBOARD","CANNED FOOD"
LFS,207104,0,"BEVERAGES ALCOHOLIC",WINES
LFS,207105,0,"BEVERAGES ALCOHOLIC",WINES
LFS,207108,0,"FOOD CUPBOARD",CONFECTIONERY
LFS,207110,0,BEVERAGES,"COCOA POWDER"
LFS,207112,0,"FOOD CUPBOARD","GRAINS AND PULSES"
LFS,207113,0,"FOOD CUPBOARD","GRAINS AND PULSES"
LFS,207114,0,"FOOD CUPBOARD",CONDIMENTS
LFS,207115,0,"FOOD CUPBOARD",CONDIMENTS
LFS,203565,0,"HOME AND PERSONAL CARE","HOUSEHOLD CLEANERS"
LFS,203569,0,"HOME AND PERSONAL CARE","HOUSEHOLD CLEANERS"
LFS,203571,0,"HOME AND PERSONAL CARE","PERSONAL WASH"
LFS,203574,0,"HOME AND PERSONAL CARE","PERSONAL WASH"
LFS,204612,0,"HOME AND PERSONAL CARE",DISPOSABLE
LFS,204617,0,"FOOD CUPBOARD","HONEY  JAM AND MARMALADE"
LFS,204621,0,"HOME AND PERSONAL CARE",DISPOSABLE
LFS,204623,0,"HOME AND PERSONAL CARE",DISPOSABLE
LFS,204624,0,"HOME AND PERSONAL CARE",DISPOSABLE
LFS,204625,0,"HOME AND PERSONAL CARE",DISPOSABLE
LFS,204627,0,"HOME AND PERSONAL CARE",DISPOSABLE
LFS,204630,0,"HOME AND PERSONAL CARE",DISPOSABLE
LFS,204631,0,"FOOD CUPBOARD",CONFECTIONERY
LFS,204632,0,"HOME AND PERSONAL CARE","HEALTH AND WELLNESS"
LFS,204633,0,"FOOD CUPBOARD","SPREADS AND TOPPING"
LFS,204634,0,"HOME AND PERSONAL CARE","HEALTH AND WELLNESS"
LFS,204635,0,"HOME AND PERSONAL CARE","HEALTH AND WELLNESS"
LFS,204636,0,"HOME AND PERSONAL CARE","HEALTH AND WELLNESS"
LFS,204637,0,"HOME AND PERSONAL CARE","HEALTH AND WELLNESS"
LFS,205398,0,BEVERAGES,JUICE
LFS,205399,0,BEVERAGES,JUICE
LFS,205401,0,BEVERAGES,JUICE
LFS,205402,0,BEVERAGES,JUICE
LFS,205403,0,BEVERAGES,JUICE
LFS,205404,0,BEVERAGES,JUICE
LFS,205405,0,BEVERAGES,JUICE
LFS,205406,0,BEVERAGES,JUICE
LFS,205407,0,BEVERAGES,JUICE
LFS,205478,0,"FRESH DAIRY AND EGGS",cheeses
LFS,205480,0,BEVERAGES,JUICE
LFS,205481,0,BEVERAGES,JUICE
LFS,205482,0,BEVERAGES,JUICE
LFS,205483,0,BEVERAGES,JUICE
LFS,205484,0,BEVERAGES,JUICE
LFS,205485,0,BEVERAGES,JUICE
LFS,205487,0,BEVERAGES,JUICE
LFS,205494,0,"BEVERAGES ALCOHOLIC",WINES
LFS,207116,0,"FOOD CUPBOARD",CONDIMENTS
LFS,207117,0,"FOOD CUPBOARD",CONDIMENTS
LFS,207120,0,"FOOD CUPBOARD","CANNED FOOD"
LFS,207121,0,"FOOD CUPBOARD","CANNED FOOD"
LFS,207122,0,"FOOD CUPBOARD","MILK AND CREAMERS"
LFS,207123,0,BEVERAGES,"MINERAL WATER"
LFS,207124,0,BEVERAGES,COFFEE
LFS,207125,0,"FRUITS- IMPORT",Fruits
LFS,207127,0,"FOOD CUPBOARD",CONDIMENTS
LFS,207133,0,"FOOD CUPBOARD","CANNED FOOD"
LFS,207134,0,"FOOD CUPBOARD","CANNED FOOD"
LFS,207135,0,"FOOD CUPBOARD","PASTA AND SPAGHETTI"
LFS,207136,0,BEVERAGES,"NON ALCOHOLIC"
LFS,207137,0,BEVERAGES,"NON ALCOHOLIC"
LFS,207138,0,"FOOD CUPBOARD","CANNED FOOD"
LFS,207139,0,"FOOD CUPBOARD","CANNED FOOD"
LFS,207140,0,"FOOD CUPBOARD",BISCUITS
LFS,207141,0,"FOOD CUPBOARD",CONDIMENTS
LFS,207142,0,"FOOD CUPBOARD","CANNED FOOD"
LFS,207143,0,"FOOD CUPBOARD","CANNED FOOD"
LFS,203590,0,"HOME AND PERSONAL CARE","LAUNDRY CARE"
LFS,203591,0,"HOME AND PERSONAL CARE",FRESHENERS
LFS,203592,0,"HOME AND PERSONAL CARE","LAUNDRY CARE"
LFS,203593,0,"HOME AND PERSONAL CARE","LAUNDRY CARE"
LFS,203596,0,"HOME AND PERSONAL CARE","LAUNDRY CARE"
LFS,203597,0,"HOME AND PERSONAL CARE","HOUSEHOLD CLEANERS"
LFS,203609,0,"HOME AND PERSONAL CARE","SKIN CARE"
LFS,203610,0,"HOME AND PERSONAL CARE","HOUSEHOLD CLEANERS"
LFS,203612,0,"FROZEN FOOD",ICE-CREAM
LFS,204639,0,BEVERAGES,"DRINKING POWDERS"
LFS,204640,0,"HOME AND PERSONAL CARE","HEALTH AND WELLNESS"
LFS,204642,0,"FOOD CUPBOARD",CONFECTIONERY
LFS,204643,0,"FOOD CUPBOARD",CONFECTIONERY
LFS,204644,0,"FOOD CUPBOARD",CONFECTIONERY
LFS,204645,0,BEVERAGES,DRINKS
LFS,204646,0,BEVERAGES,DRINKS
LFS,204647,0,BEVERAGES,DRINKS
LFS,204648,0,BEVERAGES,"NON ALCOHOLIC"
LFS,204649,0,BEVERAGES,"MINERAL WATER"
LFS,204650,0,BEVERAGES,DRINKS
LFS,204683,0,"FOOD CUPBOARD","NOODLES AND SOUP"
LFS,204691,0,"FOOD CUPBOARD","INSTANT MIX"
LFS,204703,0,"FOOD CUPBOARD",CONDIMENTS
LFS,204704,0,"FOOD CUPBOARD",CONDIMENTS
LFS,204705,0,"FOOD CUPBOARD",CONDIMENTS
LFS,204706,0,"FOOD CUPBOARD",CONDIMENTS
LFS,204713,0,"FOOD CUPBOARD",CONDIMENTS
LFS,204714,0,"FOOD CUPBOARD",CONDIMENTS
LFS,204715,0,"FOOD CUPBOARD",CONDIMENTS
LFS,204716,0,"FOOD CUPBOARD",CONDIMENTS
LFS,204717,0,"FOOD CUPBOARD",CONDIMENTS
LFS,204718,0,"FOOD CUPBOARD",CONDIMENTS
LFS,204719,0,"FOOD CUPBOARD",CONDIMENTS
LFS,204720,0,"FOOD CUPBOARD",CONDIMENTS
LFS,205495,0,"BEVERAGES ALCOHOLIC",WINES
LFS,205496,0,"BEVERAGES ALCOHOLIC",LIQUER
LFS,205498,0,"BEVERAGES ALCOHOLIC",WINES
LFS,205499,0,"BEVERAGES ALCOHOLIC",WINES
LFS,205500,0,"BEVERAGES ALCOHOLIC",WINES
LFS,205501,0,"BEVERAGES ALCOHOLIC","GIN ."
LFS,205503,0,"BEVERAGES ALCOHOLIC","SPARKLING WINES"
LFS,205504,0,"BEVERAGES ALCOHOLIC","SPARKLING WINES"
LFS,205505,0,BEVERAGES,DRINKS
LFS,205527,0,BEVERAGES,"NON ALCOHOLIC"
LFS,205529,0,"FOOD CUPBOARD","MILK AND CREAMERS"
LFS,205537,0,"HOME AND PERSONAL CARE","HOUSEHOLD CLEANERS"
LFS,205538,0,"HOME AND PERSONAL CARE","HOUSEHOLD CLEANERS"
LFS,205573,0,"FRUITS- IMPORT",VEGETABLES.
LFS,205574,0,"FRUITS- IMPORT",VEGETABLES.
LFS,205673,0,BEVERAGES,JUICE
LFS,205675,0,BEVERAGES,JUICE
LFS,205676,0,BEVERAGES,JUICE
LFS,205677,0,BEVERAGES,JUICE
LFS,205678,0,BEVERAGES,JUICE
LFS,205679,0,BEVERAGES,JUICE
LFS,205680,0,BEVERAGES,JUICE
LFS,205681,0,BEVERAGES,DRINKS
LFS,205682,0,"BEVERAGES ALCOHOLIC",CIDER
LFS,205755,0,"FOOD CUPBOARD",BISCUITS
LFS,205757,0,BEVERAGES,DRINKS
LFS,205759,0,"FOOD CUPBOARD",CONFECTIONERY
LFS,207144,0,"FOOD CUPBOARD","CANNED FOOD"
LFS,207145,0,"FOOD CUPBOARD",CONDIMENTS
LFS,207148,0,"FOOD CUPBOARD",CONDIMENTS
LFS,207150,0,"FOOD CUPBOARD",CONDIMENTS
LFS,207152,0,"FOOD CUPBOARD",CONDIMENTS
LFS,207153,0,"FOOD CUPBOARD",CONDIMENTS
LFS,207154,0,"FOOD CUPBOARD",CONDIMENTS
LFS,207175,0,"HOME AND PERSONAL CARE","HAIR CARE"
LFS,207176,0,"HOME AND PERSONAL CARE","HAIR CARE"
LFS,207180,0,"HOME AND PERSONAL CARE",FRESHENERS
LFS,207185,0,"HOME AND PERSONAL CARE","PERSONAL WASH"
LFS,207191,0,"FOOD CUPBOARD",CONDIMENTS
LFS,207193,0,"FOOD CUPBOARD",CONDIMENTS
LFS,203624,0,"HOME AND PERSONAL CARE","SKIN CARE"
LFS,203627,0,"HOME AND PERSONAL CARE","SKIN CARE"
LFS,203630,0,"HOME AND PERSONAL CARE","HAIR CARE"
LFS,203638,0,"HOME AND PERSONAL CARE","HAIR CARE"
LFS,203643,0,"FRESH DAIRY AND EGGS",cheeses
LFS,204721,0,"FOOD CUPBOARD",CONDIMENTS
LFS,204722,0,"FOOD CUPBOARD",CONDIMENTS
LFS,204723,0,"FOOD CUPBOARD",CONDIMENTS
LFS,204724,0,"FOOD CUPBOARD",CONDIMENTS
LFS,204725,0,"FOOD CUPBOARD",CONDIMENTS
LFS,204726,0,"FOOD CUPBOARD","SPREADS AND TOPPING"
LFS,204727,0,"FOOD CUPBOARD",CONDIMENTS
LFS,204728,0,"FOOD CUPBOARD",CONDIMENTS
LFS,204729,0,"FOOD CUPBOARD","SPREADS AND TOPPING"
LFS,204730,0,"FOOD CUPBOARD","SPREADS AND TOPPING"
LFS,204731,0,"FOOD CUPBOARD","SPREADS AND TOPPING"
LFS,204732,0,"FOOD CUPBOARD","SPREADS AND TOPPING"
LFS,204733,0,"FOOD CUPBOARD","SPREADS AND TOPPING"
LFS,204734,0,"FOOD CUPBOARD","SPREADS AND TOPPING"
LFS,204735,0,"FOOD CUPBOARD","SPREADS AND TOPPING"
LFS,204736,0,"FOOD CUPBOARD","SPREADS AND TOPPING"
LFS,204737,0,"FOOD CUPBOARD","INSTANT MIX"
LFS,204738,0,"FOOD CUPBOARD","INSTANT MIX"
LFS,204739,0,"FOOD CUPBOARD","INSTANT MIX"
LFS,204740,0,"FOOD CUPBOARD","INSTANT MIX"
LFS,204741,0,"FOOD CUPBOARD","INSTANT MIX"
LFS,204742,0,"FOOD CUPBOARD","INSTANT MIX"
LFS,204743,0,"FOOD CUPBOARD","BAKING INGREDIENTS"
LFS,204744,0,"FOOD CUPBOARD","INSTANT MIX"
LFS,206073,0,"FROZEN FOOD",ICE-CREAM
LFS,206108,0,"FRUITS- IMPORT",VEGETABLES.
LFS,206119,0,"FOOD CUPBOARD","MILK AND CREAMERS"
LFS,206121,0,"FOOD CUPBOARD",CONDIMENTS
LFS,206124,0,"FOOD CUPBOARD",CONDIMENTS
LFS,206128,0,"FOOD CUPBOARD",CONDIMENTS
LFS,206131,0,"FOOD CUPBOARD",CONDIMENTS
LFS,206145,0,"FRUITS- IMPORT",Fruits
LFS,206148,0,"FRUITS- IMPORT",VEGETABLES.
LFS,206176,0,"FRESH DAIRY AND EGGS",cheeses
LFS,206213,0,"FRUITS- IMPORT",VEGETABLES.
LFS,206214,0,"FRUITS- IMPORT",VEGETABLES.
LFS,206215,0,"FRUITS- IMPORT",VEGETABLES.
LFS,206224,0,"FOOD CUPBOARD",CONDIMENTS
LFS,206227,0,"HOME AND PERSONAL CARE",FRAGRANCES
LFS,206228,0,"HOME AND PERSONAL CARE",FRAGRANCES
LFS,20639,0,BEVERAGES,JUICE
LFS,207194,0,"FOOD CUPBOARD",CONDIMENTS
LFS,207196,0,"FOOD CUPBOARD",CONDIMENTS
LFS,207197,0,"FOOD CUPBOARD",CONDIMENTS
LFS,207198,0,"FOOD CUPBOARD","PASTA AND SPAGHETTI"
LFS,207199,0,"FOOD CUPBOARD","SPREADS AND TOPPING"
LFS,207200,0,"FOOD CUPBOARD","SPREADS AND TOPPING"
LFS,207201,0,"FOOD CUPBOARD","INSTANT MIX"
LFS,207202,0,"FOOD CUPBOARD","GRAINS AND PULSES"
LFS,207203,0,"FOOD CUPBOARD","GRAINS AND PULSES"
LFS,207204,0,"FOOD CUPBOARD",CONDIMENTS
LFS,207205,0,"FOOD CUPBOARD",CONDIMENTS
LFS,207206,0,"FOOD CUPBOARD","SPREADS AND TOPPING"
LFS,207207,0,"FOOD CUPBOARD","SPREADS AND TOPPING"
LFS,207208,0,"FOOD CUPBOARD",CONDIMENTS
LFS,207209,0,"FOOD CUPBOARD","DRYFRUITS AND NUTS"
LFS,207210,0,"FOOD CUPBOARD","DRYFRUITS AND NUTS"
LFS,207211,0,"FOOD CUPBOARD",CONDIMENTS
LFS,207212,0,"FOOD CUPBOARD",CONDIMENTS
LFS,207213,0,"FOOD CUPBOARD","EDIBLE OILS AND GHEE"
LFS,207214,0,"FOOD CUPBOARD","EDIBLE OILS AND GHEE"
LFS,207215,0,"FOOD CUPBOARD",CONDIMENTS
LFS,207218,0,"FOOD CUPBOARD","SPICES AND HERBS"
LFS,203648,0,"HOME AND PERSONAL CARE",FRAGRANCES
LFS,203650,0,"HOME AND PERSONAL CARE","PERSONAL WASH"
LFS,203651,0,"HOME AND PERSONAL CARE","PERSONAL WASH"
LFS,203653,0,"HOME AND PERSONAL CARE","MENS GROOMING"
LFS,203654,0,"HOME AND PERSONAL CARE","MENS GROOMING"
LFS,203663,0,"HOME AND PERSONAL CARE","HAIR CARE"
LFS,204745,0,"FOOD CUPBOARD","INSTANT MIX"
LFS,204746,0,"FOOD CUPBOARD","INSTANT MIX"
LFS,204747,0,"FOOD CUPBOARD","BAKING INGREDIENTS"
LFS,204748,0,"FOOD CUPBOARD","HONEY  JAM AND MARMALADE"
LFS,204749,0,"FOOD CUPBOARD","BAKING INGREDIENTS"
LFS,204750,0,"FOOD CUPBOARD","BAKING INGREDIENTS"
LFS,204751,0,"FOOD CUPBOARD","BAKING INGREDIENTS"
LFS,204752,0,"FOOD CUPBOARD","BAKING INGREDIENTS"
LFS,204753,0,"FOOD CUPBOARD","INSTANT MIX"
LFS,204754,0,"FOOD CUPBOARD","HONEY  JAM AND MARMALADE"
LFS,204755,0,"FOOD CUPBOARD","HONEY  JAM AND MARMALADE"
LFS,204756,0,"FOOD CUPBOARD","SPREADS AND TOPPING"
LFS,204757,0,"FOOD CUPBOARD","SPREADS AND TOPPING"
LFS,204758,0,"FOOD CUPBOARD","SPREADS AND TOPPING"
LFS,204759,0,"FOOD CUPBOARD","SPREADS AND TOPPING"
LFS,204760,0,"FOOD CUPBOARD","SPREADS AND TOPPING"
LFS,204761,0,"FOOD CUPBOARD","SPREADS AND TOPPING"
LFS,204762,0,"FOOD CUPBOARD","SPREADS AND TOPPING"
LFS,204763,0,"FOOD CUPBOARD","SPREADS AND TOPPING"
LFS,204764,0,"FOOD CUPBOARD","SPREADS AND TOPPING"
LFS,204766,0,"FOOD CUPBOARD","SPREADS AND TOPPING"
LFS,204767,0,"FOOD CUPBOARD","SPREADS AND TOPPING"
LFS,204768,0,"FOOD CUPBOARD","SPREADS AND TOPPING"
LFS,20641,0,BEVERAGES,JUICE
LFS,206494,0,"FOOD CUPBOARD",BISCUITS
LFS,206516,0,"FRUITS- IMPORT",Fruits
LFS,206524,0,"FOOD CUPBOARD",CONDIMENTS
LFS,206539,0,BEVERAGES,COFFEE
LFS,206540,0,BEVERAGES,COFFEE
LFS,206541,0,BEVERAGES,COFFEE
LFS,206542,0,BEVERAGES,COFFEE
LFS,206543,0,BEVERAGES,COFFEE
LFS,206544,0,BEVERAGES,COFFEE
LFS,206545,0,BEVERAGES,COFFEE
LFS,206546,0,BEVERAGES,COFFEE
LFS,206548,0,"FOOD CUPBOARD","SALT  SUGAR AND JAGGERY"
LFS,206551,0,BEVERAGES,DRINKS
LFS,206552,0,"FOOD CUPBOARD","HONEY  JAM AND MARMALADE"
LFS,206553,0,"FOOD CUPBOARD",FLOURS
LFS,206554,0,"FOOD CUPBOARD",FLOURS
LFS,206555,0,"FOOD CUPBOARD",CONFECTIONERY
LFS,206556,0,"FOOD CUPBOARD",CONFECTIONERY
LFS,206557,0,"FOOD CUPBOARD",CONFECTIONERY
LFS,207219,0,"FOOD CUPBOARD","SPICES AND HERBS"
LFS,207221,0,"FOOD CUPBOARD","CANNED FOOD"
LFS,207223,0,"FOOD CUPBOARD",CONFECTIONERY
LFS,207224,0,"FOOD CUPBOARD",BISCUITS
LFS,207225,0,"FOOD CUPBOARD",BISCUITS
LFS,207226,0,"FOOD CUPBOARD",SAVOURIES
LFS,207228,0,"FOOD CUPBOARD",SAVOURIES
LFS,207229,0,BEVERAGES,"NON ALCOHOLIC"
LFS,207230,0,"FOOD CUPBOARD","SPREADS AND TOPPING"
LFS,207234,0,"FOOD CUPBOARD","EDIBLE OILS AND GHEE"
LFS,207235,0,"FOOD CUPBOARD","EDIBLE OILS AND GHEE"
LFS,207236,0,"FOOD CUPBOARD","GRAINS AND PULSES"
LFS,207237,0,"FOOD CUPBOARD","GRAINS AND PULSES"
LFS,207239,0,"FOOD CUPBOARD","GRAINS AND PULSES"
LFS,207241,0,"FOOD CUPBOARD","PASTA AND SPAGHETTI"
LFS,207242,0,"FOOD CUPBOARD","PASTA AND SPAGHETTI"
LFS,207243,0,"FOOD CUPBOARD","PASTA AND SPAGHETTI"
LFS,207244,0,"FOOD CUPBOARD","PASTA AND SPAGHETTI"
LFS,207245,0,"FOOD CUPBOARD","PASTA AND SPAGHETTI"
LFS,207246,0,"FOOD CUPBOARD","INSTANT MIX"
LFS,203678,0,"HOME AND PERSONAL CARE","LAUNDRY CARE"
LFS,203680,0,"HOME AND PERSONAL CARE","HAIR CARE"
LFS,203681,0,"HOME AND PERSONAL CARE","LAUNDRY CARE"
LFS,203682,0,"HOME AND PERSONAL CARE","HOUSEHOLD CLEANERS"
LFS,203683,0,"HOME AND PERSONAL CARE",FRAGRANCES
LFS,203685,0,"HOME AND PERSONAL CARE","COLOR COSMETICS"
LFS,203687,0,"HOME AND PERSONAL CARE","SKIN CARE"
LFS,203688,0,"HOME AND PERSONAL CARE","HAIR CARE"
LFS,203689,0,"HOME AND PERSONAL CARE","HAIR CARE"
LFS,203690,0,"HOME AND PERSONAL CARE","MENS GROOMING"
LFS,203691,0,"HOME AND PERSONAL CARE","PERSONAL WASH"
LFS,203692,0,"HOME AND PERSONAL CARE","HAIR CARE"
LFS,204769,0,"FOOD CUPBOARD","SPREADS AND TOPPING"
LFS,204770,0,"FOOD CUPBOARD",CONDIMENTS
LFS,204773,0,"FOOD CUPBOARD",FLOURS
LFS,204774,0,"FOOD CUPBOARD",FLOURS
LFS,204778,0,"FOOD CUPBOARD",FLOURS
LFS,204779,0,"FOOD CUPBOARD",CONFECTIONERY
LFS,204780,0,"FOOD CUPBOARD",CONFECTIONERY
LFS,204781,0,"FOOD CUPBOARD",CONFECTIONERY
LFS,204782,0,"FOOD CUPBOARD",CONFECTIONERY
LFS,204783,0,"FOOD CUPBOARD",SAVOURIES
LFS,204785,0,BUTCHERY,"FRESH BEEF"
LFS,204788,0,"FOOD CUPBOARD",CONFECTIONERY
LFS,204790,0,BUTCHERY,"FRESH PORK"
LFS,204792,0,"FOOD CUPBOARD",CONFECTIONERY
LFS,204794,0,BUTCHERY,"FRESH CHICKEN"
LFS,204795,0,BUTCHERY,"FRESH CHICKEN"
LFS,204796,0,BUTCHERY,"FRESH CHICKEN"
LFS,204797,0,BUTCHERY,"FRESH CHICKEN"
LFS,204808,0,"FOOD CUPBOARD","BAKING INGREDIENTS"
LFS,204809,0,"FOOD CUPBOARD","BAKING INGREDIENTS"
LFS,204810,0,"FOOD CUPBOARD",BISCUITS
LFS,204811,0,"FOOD CUPBOARD",BISCUITS
LFS,204812,0,"FOOD CUPBOARD",BISCUITS
LFS,204814,0,"FOOD CUPBOARD",CONFECTIONERY
LFS,204815,0,"FOOD CUPBOARD",CONFECTIONERY
LFS,206558,0,"FOOD CUPBOARD",CONFECTIONERY
LFS,206559,0,"FOOD CUPBOARD",CONFECTIONERY
LFS,206560,0,"FOOD CUPBOARD",CONFECTIONERY
LFS,206565,0,"FOOD CUPBOARD",CONDIMENTS
LFS,206569,0,"FOOD CUPBOARD",CONDIMENTS
LFS,206570,0,"FOOD CUPBOARD",CONDIMENTS
LFS,206572,0,BEVERAGES,"NON ALCOHOLIC"
LFS,206573,0,"FOOD CUPBOARD",CONFECTIONERY
LFS,206586,0,"HOME AND PERSONAL CARE",FRESHENERS
LFS,206596,0,"HOME AND PERSONAL CARE",FRESHENERS
LFS,206597,0,"HOME AND PERSONAL CARE",FRESHENERS
LFS,206603,0,"HOME AND PERSONAL CARE","PERSONAL WASH"
LFS,206605,0,"HOME AND PERSONAL CARE","ORAL CARE"
LFS,207247,0,"FOOD CUPBOARD",CONDIMENTS
LFS,207248,0,"HOME AND PERSONAL CARE",DISPOSABLE
LFS,207249,0,"FOOD CUPBOARD","CANNED FOOD"
LFS,207250,0,"FOOD CUPBOARD","SPREADS AND TOPPING"
LFS,207251,0,"FOOD CUPBOARD","SPREADS AND TOPPING"
LFS,207257,0,"HOME AND PERSONAL CARE","INFANT AND BABY CARE"
LFS,207258,0,"HOME AND PERSONAL CARE","INFANT AND BABY CARE"
LFS,207259,0,"HOME AND PERSONAL CARE","INFANT AND BABY CARE"
LFS,207261,0,"HOME AND PERSONAL CARE","ORAL CARE"
LFS,207263,0,"HOME AND PERSONAL CARE","HEALTH AND WELLNESS"
LFS,207264,0,"HOME AND PERSONAL CARE","HEALTH AND WELLNESS"
LFS,207265,0,"HOME AND PERSONAL CARE","FEMININE CARE"
LFS,207266,0,"HOME AND PERSONAL CARE","FEMININE CARE"
LFS,207267,0,"HOME AND PERSONAL CARE","FEMININE CARE"
LFS,207268,0,"HOME AND PERSONAL CARE","FEMININE CARE"
LFS,207269,0,"HOME AND PERSONAL CARE","FEMININE CARE"
LFS,207270,0,"HOME AND PERSONAL CARE",FRAGRANCES
LFS,203697,0,"HOME AND PERSONAL CARE","PERSONAL WASH"
LFS,203701,0,"HOME AND PERSONAL CARE","HAIR CARE"
LFS,203703,0,"HOME AND PERSONAL CARE","PERSONAL WASH"
LFS,203705,0,"HOME AND PERSONAL CARE","PERSONAL WASH"
LFS,203708,0,"HOME AND PERSONAL CARE","PERSONAL WASH"
LFS,203710,0,"HOME AND PERSONAL CARE","PERSONAL WASH"
LFS,203714,0,"HOME AND PERSONAL CARE","HAIR CARE"
LFS,203715,0,"HOME AND PERSONAL CARE","PERSONAL WASH"
LFS,203716,0,"HOME AND PERSONAL CARE",DISPOSABLE
LFS,204820,0,"FOOD CUPBOARD","BREAKFAST CEREALS"
LFS,204835,0,BEVERAGES,"DRINKING POWDERS"
LFS,204836,0,BEVERAGES,"DRINKING POWDERS"
LFS,204841,0,"FOOD CUPBOARD","INSTANT MIX"
LFS,204842,0,"FOOD CUPBOARD","INSTANT MIX"
LFS,204843,0,"FOOD CUPBOARD","INSTANT MIX"
LFS,204844,0,"FOOD CUPBOARD","INSTANT MIX"
LFS,204845,0,"FOOD CUPBOARD","INSTANT MIX"
LFS,204846,0,"FOOD CUPBOARD","INSTANT MIX"
LFS,204847,0,"FOOD CUPBOARD","INSTANT MIX"
LFS,204848,0,"FOOD CUPBOARD","INSTANT MIX"
LFS,204849,0,"FOOD CUPBOARD","BAKING INGREDIENTS"
LFS,204850,0,"FOOD CUPBOARD","BAKING INGREDIENTS"
LFS,204851,0,"FOOD CUPBOARD","INSTANT MIX"
LFS,204852,0,"FOOD CUPBOARD","INSTANT MIX"
LFS,204854,0,"FOOD CUPBOARD","INSTANT MIX"
LFS,204856,0,"FOOD CUPBOARD","INSTANT MIX"
LFS,204857,0,"FOOD CUPBOARD","INSTANT MIX"
LFS,204858,0,"FOOD CUPBOARD","SPREADS AND TOPPING"
LFS,206606,0,"FOOD CUPBOARD",CONFECTIONERY
LFS,206607,0,"FOOD CUPBOARD",CONFECTIONERY
LFS,206608,0,"FOOD CUPBOARD",CONFECTIONERY
LFS,206610,0,"FOOD CUPBOARD",CONFECTIONERY
LFS,206611,0,"FOOD CUPBOARD",CONFECTIONERY
LFS,206612,0,"FOOD CUPBOARD",CONFECTIONERY
LFS,206613,0,"FOOD CUPBOARD",CONFECTIONERY
LFS,206614,0,"FOOD CUPBOARD",CONFECTIONERY
LFS,206615,0,"FOOD CUPBOARD",CONFECTIONERY
LFS,206616,0,"FOOD CUPBOARD",CONFECTIONERY
LFS,206617,0,"FOOD CUPBOARD",CONFECTIONERY
LFS,206618,0,"FOOD CUPBOARD",CONFECTIONERY
LFS,206622,0,"FRUITS- IMPORT",VEGETABLES.
LFS,206623,0,"FOOD CUPBOARD",CONFECTIONERY
LFS,206624,0,"FOOD CUPBOARD",CONFECTIONERY
LFS,206625,0,"FOOD CUPBOARD",CONFECTIONERY
LFS,206627,0,"FOOD CUPBOARD",CONFECTIONERY
LFS,206628,0,"FOOD CUPBOARD",CONFECTIONERY
LFS,206629,0,"FOOD CUPBOARD",CONFECTIONERY
LFS,206630,0,"FOOD CUPBOARD",CONFECTIONERY
LFS,206631,0,"FOOD CUPBOARD",CONFECTIONERY
LFS,206632,0,"FOOD CUPBOARD",CONFECTIONERY
LFS,206633,0,"FOOD CUPBOARD","HONEY  JAM AND MARMALADE"
LFS,206634,0,"FOOD CUPBOARD","SPREADS AND TOPPING"
LFS,206635,0,"FOOD CUPBOARD",CONFECTIONERY
LFS,206636,0,"FOOD CUPBOARD",CONFECTIONERY
LFS,206637,0,"FOOD CUPBOARD",CONFECTIONERY
LFS,207754,0,BUTCHERY,"FRESH CHICKEN"
LFS,207876,0,BEVERAGES,JUICE
LFS,207951,0,"FOOD CUPBOARD","FROZEN ITEMS"
LFS,207952,0,"HOME AND PERSONAL CARE","ORAL CARE"
LFS,207968,0,"HOME AND PERSONAL CARE","PERSONAL WASH"
LFS,207976,0,"HOME AND PERSONAL CARE","PERSONAL WASH"
LFS,207977,0,BEVERAGES,"NON ALCOHOLIC"
LFS,208217,0,"FOOD CUPBOARD","MILK AND CREAMERS"
LFS,203731,0,"HOME AND PERSONAL CARE","SKIN CARE"
LFS,203734,0,"HOME AND PERSONAL CARE","PERSONAL WASH"
LFS,203740,0,"HOME AND PERSONAL CARE",FRAGRANCES
LFS,203742,0,"HOME AND PERSONAL CARE",FRAGRANCES
LFS,203745,0,"HOME AND PERSONAL CARE","SKIN CARE"
LFS,203746,0,"HOME AND PERSONAL CARE","SKIN CARE"
LFS,203749,0,"HOME AND PERSONAL CARE","SKIN CARE"
LFS,203752,0,"HOME AND PERSONAL CARE","PERSONAL WASH"
LFS,203753,0,"HOME AND PERSONAL CARE","PERSONAL WASH"
LFS,204861,0,"FOOD CUPBOARD","SPREADS AND TOPPING"
LFS,204862,0,"FOOD CUPBOARD","SPREADS AND TOPPING"
LFS,204863,0,"FOOD CUPBOARD","CANNED FOOD"
LFS,204864,0,"FOOD CUPBOARD","CANNED FOOD"
LFS,204865,0,"FOOD CUPBOARD","CANNED FOOD"
LFS,204866,0,"FOOD CUPBOARD","CANNED FOOD"
LFS,204867,0,"FOOD CUPBOARD","SPREADS AND TOPPING"
LFS,204868,0,"FOOD CUPBOARD","SPREADS AND TOPPING"
LFS,204869,0,"FOOD CUPBOARD",CONDIMENTS
LFS,204870,0,"FOOD CUPBOARD",CONDIMENTS
LFS,204871,0,"FOOD CUPBOARD",CONDIMENTS
LFS,204872,0,"FOOD CUPBOARD",CONDIMENTS
LFS,204875,0,"FOOD CUPBOARD",CONDIMENTS
LFS,204876,0,"FOOD CUPBOARD",SAVOURIES
LFS,204878,0,"FOOD CUPBOARD",SAVOURIES
LFS,204880,0,"FOOD CUPBOARD",CONDIMENTS
LFS,204881,0,"FOOD CUPBOARD","HONEY  JAM AND MARMALADE"
LFS,204882,0,"FOOD CUPBOARD","SPREADS AND TOPPING"
LFS,204883,0,"FOOD CUPBOARD",CONDIMENTS
LFS,204886,0,"FOOD CUPBOARD","INSTANT MIX"
LFS,204888,0,"FOOD CUPBOARD","INSTANT MIX"
LFS,204889,0,"FOOD CUPBOARD",SAVOURIES
LFS,206638,0,"FOOD CUPBOARD",CONFECTIONERY
LFS,206639,0,"FOOD CUPBOARD",CONFECTIONERY
LFS,206640,0,"FOOD CUPBOARD",CONFECTIONERY
LFS,206641,0,"FOOD CUPBOARD",CONFECTIONERY
LFS,206642,0,"FOOD CUPBOARD",CONFECTIONERY
LFS,206643,0,"FOOD CUPBOARD",CONFECTIONERY
LFS,206644,0,"FOOD CUPBOARD",CONFECTIONERY
LFS,206645,0,"FOOD CUPBOARD",CONFECTIONERY
LFS,206646,0,"FOOD CUPBOARD",CONFECTIONERY
LFS,206647,0,"FOOD CUPBOARD",CONFECTIONERY
LFS,206648,0,"FOOD CUPBOARD",CONFECTIONERY
LFS,206649,0,"FOOD CUPBOARD",CONFECTIONERY
LFS,206650,0,"FOOD CUPBOARD",CONFECTIONERY
LFS,206651,0,"FOOD CUPBOARD",CONFECTIONERY
LFS,206652,0,"FOOD CUPBOARD",CONFECTIONERY
LFS,206653,0,"FOOD CUPBOARD",CONFECTIONERY
LFS,206655,0,"FOOD CUPBOARD",CONDIMENTS
LFS,206657,0,"FOOD CUPBOARD",CONDIMENTS
LFS,206658,0,"FOOD CUPBOARD",CONDIMENTS
LFS,206660,0,"FOOD CUPBOARD",CONDIMENTS
LFS,206665,0,"FOOD CUPBOARD",CONDIMENTS
LFS,206666,0,"FOOD CUPBOARD","SPREADS AND TOPPING"
LFS,208280,0,"FOOD CUPBOARD","FROZEN ITEMS"
LFS,208281,0,"FOOD CUPBOARD","FROZEN ITEMS"
LFS,208283,0,"FOOD CUPBOARD","FROZEN ITEMS"
LFS,208378,0,"FOOD CUPBOARD","FROZEN ITEMS"
LFS,208391,0,"FROZEN FOOD",ICE-CREAM
LFS,208489,0,"HOME AND PERSONAL CARE","PERSONAL WASH"
LFS,208490,0,"HOME AND PERSONAL CARE","ORAL CARE"
LFS,208492,0,"HOME AND PERSONAL CARE","PERSONAL WASH"
LFS,208493,0,"HOME AND PERSONAL CARE","PERSONAL WASH"
LFS,203756,0,"HOME AND PERSONAL CARE",FRAGRANCES
LFS,203758,0,"HOME AND PERSONAL CARE","HAIR CARE"
LFS,203759,0,"HOME AND PERSONAL CARE","HAIR CARE"
LFS,203760,0,"HOME AND PERSONAL CARE","HAIR CARE"
LFS,203762,0,"HOME AND PERSONAL CARE","PERSONAL WASH"
LFS,203763,0,"HOME AND PERSONAL CARE","SKIN CARE"
LFS,203764,0,"HOME AND PERSONAL CARE","PERSONAL WASH"
LFS,203765,0,"HOME AND PERSONAL CARE","MENS GROOMING"
LFS,203776,0,"HOME AND PERSONAL CARE",FRESHENERS
LFS,203777,0,"HOME AND PERSONAL CARE","HOUSEHOLD CLEANERS"
LFS,204890,0,"FOOD CUPBOARD",SAVOURIES
LFS,204891,0,"FOOD CUPBOARD","SPREADS AND TOPPING"
LFS,204892,0,BEVERAGES,"DRINKING POWDERS"
LFS,204894,0,BEVERAGES,"DRINKING POWDERS"
LFS,204895,0,BEVERAGES,"DRINKING POWDERS"
LFS,204896,0,BEVERAGES,"DRINKING POWDERS"
LFS,204899,0,"FOOD CUPBOARD","BREAKFAST CEREALS"
LFS,204900,0,"FOOD CUPBOARD","BREAKFAST CEREALS"
LFS,204901,0,"FOOD CUPBOARD","BAKING INGREDIENTS"
LFS,204902,0,"FOOD CUPBOARD","MILK AND CREAMERS"
LFS,204928,0,"FROZEN FOOD",ICE-CREAM
LFS,204929,0,"FROZEN FOOD",ICE-CREAM
LFS,204930,0,"FROZEN FOOD",ICE-CREAM
LFS,204931,0,"FROZEN FOOD",ICE-CREAM
LFS,204932,0,"FOOD CUPBOARD","FROZEN ITEMS"
LFS,204934,0,"FOOD CUPBOARD","FROZEN ITEMS"
LFS,204936,0,"FOOD CUPBOARD","FROZEN ITEMS"
LFS,204942,0,"FOOD CUPBOARD","FROZEN ITEMS"
LFS,204943,0,"FOOD CUPBOARD","FROZEN ITEMS"
LFS,204944,0,"FOOD CUPBOARD","FROZEN ITEMS"
LFS,204946,0,"FOOD CUPBOARD","FROZEN ITEMS"
LFS,204947,0,"FOOD CUPBOARD","FROZEN ITEMS"
LFS,204949,0,"FOOD CUPBOARD","FROZEN ITEMS"
LFS,204950,0,"FOOD CUPBOARD","FROZEN ITEMS"
LFS,204951,0,"FOOD CUPBOARD","FROZEN ITEMS"
LFS,204952,0,"FOOD CUPBOARD","FROZEN ITEMS"
LFS,204953,0,"FOOD CUPBOARD","FROZEN ITEMS"
LFS,204954,0,"FOOD CUPBOARD","FROZEN ITEMS"
LFS,204955,0,"FOOD CUPBOARD","FROZEN ITEMS"
LFS,204956,0,"FOOD CUPBOARD","FROZEN ITEMS"
LFS,204957,0,"FOOD CUPBOARD","FROZEN ITEMS"
LFS,204958,0,"FOOD CUPBOARD","FROZEN ITEMS"
LFS,204959,0,"FOOD CUPBOARD","FROZEN ITEMS"
LFS,204962,0,"FROZEN FOOD",BACON
LFS,204963,0,"FROZEN FOOD",BACON
LFS,204964,0,"FRESH DAIRY AND EGGS",Yoghurt
LFS,206672,0,"FOOD CUPBOARD","SPREADS AND TOPPING"
LFS,206673,0,"FOOD CUPBOARD","SPREADS AND TOPPING"
LFS,206674,0,BEVERAGES,DRINKS
LFS,206675,0,BEVERAGES,DRINKS
LFS,206678,0,BEVERAGES,DRINKS
LFS,206680,0,BEVERAGES,DRINKS
LFS,206683,0,BEVERAGES,DRINKS
LFS,206685,0,BEVERAGES,DRINKS
LFS,206691,0,BEVERAGES,DRINKS
LFS,206698,0,"FOOD CUPBOARD",CONFECTIONERY
LFS,206700,0,"FOOD CUPBOARD",CONFECTIONERY
LFS,206709,0,"FOOD CUPBOARD",CONFECTIONERY
LFS,206716,0,"FOOD CUPBOARD",CONFECTIONERY
LFS,206721,0,"FOOD CUPBOARD",CONFECTIONERY
LFS,206723,0,"FOOD CUPBOARD",CONFECTIONERY
LFS,206727,0,"FOOD CUPBOARD",CONFECTIONERY
LFS,206729,0,"FOOD CUPBOARD",CONFECTIONERY
LFS,206731,0,"FOOD CUPBOARD",CONFECTIONERY
LFS,206733,0,"FOOD CUPBOARD",CONFECTIONERY
LFS,206736,0,"FOOD CUPBOARD",CONFECTIONERY
LFS,206737,0,"FOOD CUPBOARD",CONFECTIONERY
LFS,206742,0,"FOOD CUPBOARD","BREAKFAST CEREALS"
LFS,206745,0,"FOOD CUPBOARD","BREAKFAST CEREALS"
LFS,206748,0,"FOOD CUPBOARD","BREAKFAST CEREALS"
LFS,208608,0,"FOOD CUPBOARD","RAW RICE"
LFS,208612,0,"FOOD CUPBOARD","RAW RICE"
LFS,208632,0,"HOME AND PERSONAL CARE","PERSONAL WASH"
LFS,208634,0,"HOME AND PERSONAL CARE","PERSONAL WASH"
LFS,208636,0,"HOME AND PERSONAL CARE","PERSONAL WASH"
LFS,208637,0,"HOME AND PERSONAL CARE","PERSONAL WASH"
LFS,208639,0,"FOOD CUPBOARD","HONEY  JAM AND MARMALADE"
LFS,208641,0,"FOOD CUPBOARD","HONEY  JAM AND MARMALADE"
LFS,208712,0,"HOME AND PERSONAL CARE",FRAGRANCES
LFS,208715,0,"FOOD CUPBOARD","FROZEN ITEMS"
LFS,208723,0,"FOOD CUPBOARD","FROZEN ITEMS"
LFS,208728,0,"FOOD CUPBOARD","FROZEN ITEMS"
LFS,208729,0,"HOME AND PERSONAL CARE",FRAGRANCES
LFS,203802,0,"HOME AND PERSONAL CARE","HAIR CARE"
LFS,204965,0,"FOOD CUPBOARD","FROZEN ITEMS"
LFS,204966,0,"FOOD CUPBOARD","FROZEN ITEMS"
LFS,204967,0,"FOOD CUPBOARD","FROZEN ITEMS"
LFS,204968,0,"FOOD CUPBOARD","FROZEN ITEMS"
LFS,204969,0,"FOOD CUPBOARD","FROZEN ITEMS"
LFS,204970,0,"FOOD CUPBOARD","FROZEN ITEMS"
LFS,204971,0,"FOOD CUPBOARD","FROZEN ITEMS"
LFS,204972,0,"FOOD CUPBOARD","FROZEN ITEMS"
LFS,204973,0,"FOOD CUPBOARD","FROZEN ITEMS"
LFS,204974,0,"FOOD CUPBOARD","FROZEN ITEMS"
LFS,204975,0,"FOOD CUPBOARD","FROZEN ITEMS"
LFS,204977,0,"FOOD CUPBOARD","FROZEN ITEMS"
LFS,204978,0,"FOOD CUPBOARD","FROZEN ITEMS"
LFS,204980,0,"FOOD CUPBOARD","FROZEN ITEMS"
LFS,204981,0,"FOOD CUPBOARD","FROZEN ITEMS"
LFS,204983,0,"FOOD CUPBOARD","FROZEN ITEMS"
LFS,204984,0,"FOOD CUPBOARD","MILK AND CREAMERS"
LFS,204985,0,"FOOD CUPBOARD","MILK AND CREAMERS"
LFS,204986,0,"FOOD CUPBOARD","FROZEN ITEMS"
LFS,204987,0,"FOOD CUPBOARD","FROZEN ITEMS"
LFS,204988,0,"FOOD CUPBOARD","FROZEN ITEMS"
LFS,204989,0,"FOOD CUPBOARD","FROZEN ITEMS"
LFS,204990,0,"FOOD CUPBOARD","FROZEN ITEMS"
LFS,204991,0,"FOOD CUPBOARD","FROZEN ITEMS"
LFS,204992,0,"FOOD CUPBOARD","FROZEN ITEMS"
LFS,204993,0,"FOOD CUPBOARD","FROZEN ITEMS"
LFS,204994,0,"FOOD CUPBOARD","FROZEN ITEMS"
LFS,204996,0,"FOOD CUPBOARD","FROZEN ITEMS"
LFS,204997,0,"FOOD CUPBOARD","FROZEN ITEMS"
LFS,204998,0,"FOOD CUPBOARD","FROZEN ITEMS"
LFS,204999,0,"FOOD CUPBOARD","FROZEN ITEMS"
LFS,205001,0,"FOOD CUPBOARD","FROZEN ITEMS"
LFS,205002,0,"FOOD CUPBOARD","FROZEN ITEMS"
LFS,205007,0,"FOOD CUPBOARD","FROZEN ITEMS"
LFS,205008,0,"FOOD CUPBOARD","FROZEN ITEMS"
LFS,205010,0,"FOOD CUPBOARD","FROZEN ITEMS"
LFS,205011,0,"FOOD CUPBOARD","FROZEN ITEMS"
LFS,205012,0,"FOOD CUPBOARD","FROZEN ITEMS"
LFS,205015,0,"FOOD CUPBOARD","FROZEN ITEMS"
LFS,206753,0,"FOOD CUPBOARD",SAVOURIES
LFS,206754,0,"FOOD CUPBOARD",SAVOURIES
LFS,206755,0,BEVERAGES,ALCOHOLIC
LFS,206756,0,BEVERAGES,ALCOHOLIC
LFS,206758,0,BEVERAGES,ALCOHOLIC
LFS,206759,0,BEVERAGES,ALCOHOLIC
LFS,206761,0,"FOOD CUPBOARD",BISCUITS
LFS,206775,0,"FOOD CUPBOARD","BREAKFAST CEREALS"
LFS,206776,0,"FOOD CUPBOARD","BREAKFAST CEREALS"
LFS,206780,0,"FOOD CUPBOARD",CONFECTIONERY
LFS,206781,0,"HOME AND PERSONAL CARE",DISPOSABLE
LFS,206785,0,"FOOD CUPBOARD",BISCUITS
LFS,208730,0,"HOME AND PERSONAL CARE",FRAGRANCES
LFS,208731,0,"HOME AND PERSONAL CARE","PERSONAL WASH"
LFS,208732,0,"HOME AND PERSONAL CARE","PERSONAL WASH"
LFS,208733,0,"HOME AND PERSONAL CARE","PERSONAL WASH"
LFS,208734,0,"HOME AND PERSONAL CARE","PERSONAL WASH"
LFS,208735,0,"HOME AND PERSONAL CARE","PERSONAL WASH"
LFS,208736,0,"HOME AND PERSONAL CARE","PERSONAL WASH"
LFS,208737,0,"HOME AND PERSONAL CARE","PERSONAL WASH"
LFS,208738,0,"HOME AND PERSONAL CARE","HAIR CARE"
LFS,208739,0,"HOME AND PERSONAL CARE","PERSONAL WASH"
LFS,208740,0,"HOME AND PERSONAL CARE","INFANT AND BABY CARE"
LFS,208741,0,"HOME AND PERSONAL CARE","INFANT AND BABY CARE"
LFS,208742,0,"HOME AND PERSONAL CARE","INFANT AND BABY CARE"
LFS,208743,0,"HOME AND PERSONAL CARE","INFANT AND BABY CARE"
LFS,208744,0,"HOME AND PERSONAL CARE","PERSONAL WASH"
LFS,208749,0,"FOOD CUPBOARD","MILK AND CREAMERS"
LFS,208750,0,"FOOD CUPBOARD",CONDIMENTS
LFS,208786,0,BEVERAGES,"COCOA POWDER"
LFS,208933,0,"FOOD CUPBOARD","SPREADS AND TOPPING"
LFS,208942,0,"FOOD CUPBOARD","FROZEN ITEMS"
LFS,208943,0,"FOOD CUPBOARD","FROZEN ITEMS"
LFS,203816,0,"HOME AND PERSONAL CARE","HAIR CARE"
LFS,203817,0,"HOME AND PERSONAL CARE","HAIR CARE"
LFS,203820,0,"HOME AND PERSONAL CARE","HAIR CARE"
LFS,205017,0,"FOOD CUPBOARD","FROZEN ITEMS"
LFS,205018,0,"FOOD CUPBOARD","FROZEN ITEMS"
LFS,205019,0,"FOOD CUPBOARD","FROZEN ITEMS"
LFS,205020,0,"FOOD CUPBOARD","FROZEN ITEMS"
LFS,205021,0,"FOOD CUPBOARD","FROZEN ITEMS"
LFS,205024,0,"FOOD CUPBOARD","FROZEN ITEMS"
LFS,205025,0,"FOOD CUPBOARD","FROZEN ITEMS"
LFS,205026,0,"FOOD CUPBOARD","FROZEN ITEMS"
LFS,205027,0,"FOOD CUPBOARD","FROZEN ITEMS"
LFS,205028,0,"FOOD CUPBOARD","FROZEN ITEMS"
LFS,205029,0,"FOOD CUPBOARD","FROZEN ITEMS"
LFS,205031,0,"FOOD CUPBOARD","FROZEN ITEMS"
LFS,205033,0,"FOOD CUPBOARD","FROZEN ITEMS"
LFS,205034,0,"FROZEN FOOD",ICE-CREAM
LFS,205039,0,"FOOD CUPBOARD","FROZEN ITEMS"
LFS,205040,0,"FROZEN FOOD",ICE-CREAM
LFS,205041,0,"FROZEN FOOD",ICE-CREAM
LFS,205042,0,"FOOD CUPBOARD","FROZEN ITEMS"
LFS,205043,0,"FOOD CUPBOARD","FROZEN ITEMS"
LFS,205046,0,"FOOD CUPBOARD","FROZEN ITEMS"
LFS,205047,0,"FOOD CUPBOARD","FROZEN ITEMS"
LFS,205050,0,"FOOD CUPBOARD","FROZEN ITEMS"
LFS,205052,0,"FOOD CUPBOARD","FROZEN ITEMS"
LFS,205053,0,"FOOD CUPBOARD","FROZEN ITEMS"
LFS,205054,0,"FOOD CUPBOARD","FROZEN ITEMS"
LFS,205055,0,"FOOD CUPBOARD","FROZEN ITEMS"
LFS,205056,0,"FOOD CUPBOARD","FROZEN ITEMS"
LFS,205057,0,"FOOD CUPBOARD","FROZEN ITEMS"
LFS,205058,0,"FOOD CUPBOARD","FROZEN ITEMS"
LFS,205060,0,"FOOD CUPBOARD","FROZEN ITEMS"
LFS,205061,0,"FOOD CUPBOARD","FROZEN ITEMS"
LFS,205063,0,"FROZEN FOOD",ICE-CREAM
LFS,205064,0,"FROZEN FOOD",ICE-CREAM
LFS,205065,0,"FROZEN FOOD",ICE-CREAM
LFS,205066,0,"FROZEN FOOD",ICE-CREAM
LFS,N157,0,"FOOD CUPBOARD",CONFECTIONERY
LFS,N159,0,"FOOD CUPBOARD",CONFECTIONERY
LFS,N202,0,"FOOD CUPBOARD","BREAKFAST CEREALS"
LFS,N243,0,"FOOD CUPBOARD","MILK AND CREAMERS"
LFS,N247,0,"FOOD CUPBOARD","SPREADS AND TOPPING"
LFS,N259,0,"FOOD CUPBOARD","SPICES AND HERBS"
LFS,N262,0,"FOOD CUPBOARD","SPICES AND HERBS"
LFS,N266,0,"FOOD CUPBOARD",CONFECTIONERY
LFS,N308,0,"HOME AND PERSONAL CARE","HEALTH AND WELLNESS"
LFS,93555,0,"FOOD CUPBOARD",BISCUITS
LFS,93627,0,BEVERAGES,"MINERAL WATER"
LFS,93632,0,"BEVERAGES ALCOHOLIC",WINES
LFS,93635,0,"BEVERAGES ALCOHOLIC",WINES
LFS,93650,0,"FROZEN FOOD",ICE-CREAM
LFS,93655,0,"FOOD CUPBOARD",SAVOURIES
LFS,93663,0,"FROZEN FOOD",ICE-CREAM
LFS,93664,0,"FROZEN FOOD",ICE-CREAM
LFS,93665,0,"FROZEN FOOD",ICE-CREAM
LFS,93718,0,"HOME AND PERSONAL CARE",DISPOSABLE
LFS,93719,0,"HOME AND PERSONAL CARE",DISPOSABLE
LFS,94164,0,"HOME AND PERSONAL CARE","INSECTICIDES AND RODENT CONTROL"
LFS,94165,0,"HOME AND PERSONAL CARE","INSECTICIDES AND RODENT CONTROL"
LFS,97331,0,"FOOD CUPBOARD",CONDIMENTS
LFS,97335,0,"HOME AND PERSONAL CARE",FRESHENERS
LFS,97336,0,"HOME AND PERSONAL CARE",FRESHENERS
LFS,97342,0,"HOME AND PERSONAL CARE","INSECTICIDES AND RODENT CONTROL"
LFS,97344,0,"HOME AND PERSONAL CARE","INSECTICIDES AND RODENT CONTROL"
LFS,97345,0,"FROZEN FOOD",DESSERT
LFS,97346,0,"FROZEN FOOD",DESSERT
LFS,97350,0,"HOME AND PERSONAL CARE","INSECTICIDES AND RODENT CONTROL"
LFS,97351,0,"HOME AND PERSONAL CARE","INSECTICIDES AND RODENT CONTROL"
LFS,97352,0,"HOME AND PERSONAL CARE","INSECTICIDES AND RODENT CONTROL"
LFS,97353,0,"HOME AND PERSONAL CARE","INSECTICIDES AND RODENT CONTROL"
LFS,97360,0,"FRUITS- IMPORT",Fruits
LFS,97361,0,"FRUITS- IMPORT",Fruits
LFS,97364,0,"FRESH DAIRY AND EGGS",cheeses
LFS,97372,0,"FRESH DAIRY AND EGGS",Butters
LFS,97373,0,"FROZEN FOOD",DESSERT
LFS,97377,0,"BEVERAGES ALCOHOLIC","BOTTLE BEER"
LFS,99285,0,"BEVERAGES ALCOHOLIC",TEQUILA
LFS,99287,0,"BEVERAGES ALCOHOLIC",RHUM
LFS,99289,0,"BEVERAGES ALCOHOLIC",WHISKEY
LFS,99290,0,"BEVERAGES ALCOHOLIC",WHISKEY
LFS,99558,0,BEVERAGES,DRINKS
LFS,99559,0,BEVERAGES,DRINKS
LFS,99574,0,"FOOD CUPBOARD","MILK AND CREAMERS"
LFS,99595,0,"HOME AND PERSONAL CARE","INFANT AND BABY CARE"
LFS,99596,0,"HOME AND PERSONAL CARE","INFANT AND BABY CARE"
LFS,99602,0,"FOOD CUPBOARD","MILK AND CREAMERS"
LFS,99603,0,"FOOD CUPBOARD","PASTA AND SPAGHETTI"
LFS,99605,0,"HOME AND PERSONAL CARE",FRAGRANCES
LFS,99609,0,"HOME AND PERSONAL CARE",FRAGRANCES
LFS,99614,0,"HOME AND PERSONAL CARE",FRAGRANCES
LFS,99644,0,"HOME AND PERSONAL CARE",FRAGRANCES
LFS,99646,0,"HOME AND PERSONAL CARE",FRAGRANCES
LFS,99647,0,"HOME AND PERSONAL CARE",FRAGRANCES
LFS,99662,0,"HOME AND PERSONAL CARE",FRAGRANCES
LFS,99663,0,"HOME AND PERSONAL CARE",FRAGRANCES
LFS,99664,0,"HOME AND PERSONAL CARE",FRAGRANCES
LFS,99665,0,"HOME AND PERSONAL CARE",FRAGRANCES
LFS,99666,0,"HOME AND PERSONAL CARE",FRAGRANCES
LFS,99716,0,"HOME AND PERSONAL CARE","SKIN CARE"
LFS,99720,0,"HOME AND PERSONAL CARE","SKIN CARE"
LFS,99721,0,"HOME AND PERSONAL CARE","HEALTH AND WELLNESS"
LFS,99730,0,"HOME AND PERSONAL CARE","PERSONAL WASH"
LFS,99732,0,"HOME AND PERSONAL CARE","PERSONAL WASH"
LFS,99734,0,"HOME AND PERSONAL CARE","PERSONAL WASH"
LFS,N349,0,"FOOD CUPBOARD","CANNED FOOD"
LFS,N367,0,"BEVERAGES ALCOHOLIC",WINES
LFS,N479,0,"FOOD CUPBOARD","SPREADS AND TOPPING"
LFS,N483,0,"FOOD CUPBOARD",CONFECTIONERY
LFS,N484,0,"FOOD CUPBOARD",CONFECTIONERY
LFS,N485,0,"FOOD CUPBOARD",CONFECTIONERY
LFS,N488,0,"HOME AND PERSONAL CARE","HEALTH AND WELLNESS"
LFS,N516,0,"FOOD CUPBOARD",SNACKS
LFS,N520,0,"FOOD CUPBOARD","GRAINS AND PULSES"
LFS,94236,0,"HOME AND PERSONAL CARE","LAUNDRY CARE"
LFS,94237,0,"HOME AND PERSONAL CARE","LAUNDRY CARE"
LFS,94240,0,"HOME AND PERSONAL CARE","HOUSEHOLD CLEANERS"
LFS,94241,0,"HOME AND PERSONAL CARE","HOUSEHOLD CLEANERS"
LFS,94242,0,"HOME AND PERSONAL CARE","LAUNDRY CARE"
LFS,94243,0,"HOME AND PERSONAL CARE","LAUNDRY CARE"
LFS,94289,0,"BEVERAGES ALCOHOLIC",BITTERS
LFS,94290,0,BEVERAGES,JUICE
LFS,97380,0,"HOME AND PERSONAL CARE",DISPOSABLE
LFS,97520,0,"FOOD CUPBOARD",SNACKS
LFS,97522,0,"FOOD CUPBOARD",SNACKS
LFS,97525,0,"FOOD CUPBOARD",SNACKS
LFS,97532,0,"FOOD CUPBOARD",SNACKS
LFS,97533,0,"FOOD CUPBOARD",SNACKS
LFS,97558,0,"FOOD CUPBOARD",CONFECTIONERY
LFS,97594,0,"FRESH DAIRY AND EGGS",Yoghurt
LFS,97595,0,"FRESH DAIRY AND EGGS",Yoghurt
LFS,97596,0,"FRESH DAIRY AND EGGS",Yoghurt
LFS,99770,0,"HOME AND PERSONAL CARE","HAIR CARE"
LFS,99771,0,"HOME AND PERSONAL CARE","HAIR CARE"
LFS,99877,0,"BEVERAGES ALCOHOLIC","COGNAC / BRANDY"
LFS,99880,0,"BEVERAGES ALCOHOLIC",WHISKEY
LFS,99881,0,"BEVERAGES ALCOHOLIC",WHISKEY
LFS,99882,0,"BEVERAGES ALCOHOLIC",WHISKEY
LFS,99884,0,"BEVERAGES ALCOHOLIC",WHISKEY
LFS,99899,0,BEVERAGES,DRINKS
LFS,99901,0,"BEVERAGES ALCOHOLIC","CAN BEER"
LFS,99902,0,BEVERAGES,DRINKS
LFS,99946,0,"HOME AND PERSONAL CARE",FRESHENERS
LFS,N542,0,"BEVERAGES ALCOHOLIC",TEQUILA
LFS,N565,0,"HOME AND PERSONAL CARE",DISPOSABLE
LFS,N566,0,"HOME AND PERSONAL CARE",DISPOSABLE
LFS,N570,0,"HOME AND PERSONAL CARE",DISPOSABLE
LFS,N572,0,"HOME AND PERSONAL CARE",DISPOSABLE
LFS,N636,0,"HOME AND PERSONAL CARE",DISPOSABLE
LFS,N637,0,"HOME AND PERSONAL CARE",DISPOSABLE
LFS,N638,0,"HOME AND PERSONAL CARE",DISPOSABLE
LFS,N642,0,"HOME AND PERSONAL CARE",DISPOSABLE
LFS,N659,0,"FOOD CUPBOARD","NOODLES AND SOUP"
LFS,N665,0,"FOOD CUPBOARD","BREAKFAST CEREALS"
LFS,N747,0,BEVERAGES,"DRINKING POWDERS"
LFS,N758,0,"HOME AND PERSONAL CARE","SKIN CARE"
LFS,N766,0,"FOOD CUPBOARD",CONFECTIONERY
LFS,N767,0,BEVERAGES,COFFEE
LFS,N770,0,BEVERAGES,DRINKS
LFS,94297,0,"BEVERAGES ALCOHOLIC","GIN ."
LFS,94309,0,BEVERAGES,JUICE
LFS,94346,0,BEVERAGES,TEA
LFS,94430,0,"FOOD CUPBOARD","SPREADS AND TOPPING"
LFS,94667,0,"HOME AND PERSONAL CARE","LAUNDRY CARE"
LFS,94668,0,"HOME AND PERSONAL CARE","INSECTICIDES AND RODENT CONTROL"
LFS,94701,0,"HOME AND PERSONAL CARE",FRAGRANCES
LFS,94753,0,"FRUITS- IMPORT",Fruits
LFS,94765,0,"FRUITS- IMPORT",VEGETABLES.
LFS,94775,0,"FRUITS- IMPORT",VEGETABLES.
LFS,97636,0,BEVERAGES,JUICE
LFS,97638,0,BEVERAGES,JUICE
LFS,97649,0,"HOME AND PERSONAL CARE","LAUNDRY CARE"
LFS,97651,0,"HOME AND PERSONAL CARE","HOUSEHOLD CLEANERS"
LFS,97653,0,"HOME AND PERSONAL CARE","HOUSEHOLD CLEANERS"
LFS,97663,0,"FOOD CUPBOARD","SPREADS AND TOPPING"
LFS,97664,0,"FOOD CUPBOARD","SPREADS AND TOPPING"
LFS,97665,0,"FOOD CUPBOARD","SPREADS AND TOPPING"
LFS,97690,0,"HOME AND PERSONAL CARE","HOUSEHOLD CLEANERS"
LFS,97692,0,"HOME AND PERSONAL CARE","HOUSEHOLD CLEANERS"
LFS,97693,0,"HOME AND PERSONAL CARE","HOUSEHOLD CLEANERS"
LFS,97696,0,"HOME AND PERSONAL CARE","HOUSEHOLD CLEANERS"
LFS,97697,0,"HOME AND PERSONAL CARE","HOUSEHOLD CLEANERS"
LFS,A794,0,BEVERAGES,"MINERAL WATER"
LFS,A795,0,"HOME AND PERSONAL CARE","INSECTICIDES AND RODENT CONTROL"
LFS,A797,0,"HOME AND PERSONAL CARE","INSECTICIDES AND RODENT CONTROL"
LFS,A803,0,"BEVERAGES ALCOHOLIC",BITTERS
LFS,A804,0,"BEVERAGES ALCOHOLIC",LIQUER
LFS,A807,0,"BEVERAGES ALCOHOLIC",LIQUER
LFS,A808,0,"BEVERAGES ALCOHOLIC",BITTERS
LFS,89924,0,"FOOD CUPBOARD",CONFECTIONERY
LFS,89932,0,"FOOD CUPBOARD",CONFECTIONERY
LFS,89950,0,"FRESH DAIRY AND EGGS",Yoghurt
LFS,89988,0,"FOOD CUPBOARD",BISCUITS
LFS,90027,0,"FOOD CUPBOARD","SPICES AND HERBS"
LFS,90028,0,"FOOD CUPBOARD","SPICES AND HERBS"
LFS,90175,0,"BEVERAGES ALCOHOLIC",WINES
LFS,90176,0,"BEVERAGES ALCOHOLIC",WINES
LFS,90229,0,"BEVERAGES ALCOHOLIC",WINES
LFS,94793,0,"FRUITS- IMPORT",Fruits
LFS,94803,0,"FRUITS- IMPORT",Fruits
LFS,94806,0,"FRUITS- IMPORT",VEGETABLES.
LFS,94821,0,"FRUITS- IMPORT",VEGETABLES.
LFS,94851,0,"HOME AND PERSONAL CARE","SKIN CARE"
LFS,94895,0,"FRUITS- IMPORT",VEGETABLES.
LFS,97720,0,"HOME AND PERSONAL CARE","HAIR CARE"
LFS,97725,0,"HOME AND PERSONAL CARE","HAIR CARE"
LFS,97757,0,"LIVE PLANTS","LIVE PLANTS"
LFS,97759,0,"FROZEN FOOD",DESSERT
LFS,97760,0,"HOME AND PERSONAL CARE","INFANT AND BABY CARE"
LFS,97761,0,"HOME AND PERSONAL CARE","INFANT AND BABY CARE"
LFS,97763,0,"FOOD CUPBOARD","BREAKFAST CEREALS"
LFS,97908,0,"FOOD CUPBOARD","MILK AND CREAMERS"
LFS,97926,0,"HOME AND PERSONAL CARE","LAUNDRY CARE"
LFS,97968,0,"HOME AND PERSONAL CARE","INSECTICIDES AND RODENT CONTROL"
LFS,97974,0,BEVERAGES,DRINKS
LFS,97977,0,BEVERAGES,DRINKS
LFS,97981,0,BEVERAGES,DRINKS
LFS,98058,0,"FOOD CUPBOARD","GRAINS AND PULSES"
LFS,A897,0,"BEVERAGES ALCOHOLIC",RHUM
LFS,A901,0,"BEVERAGES ALCOHOLIC",WINES
LFS,A902,0,"BEVERAGES ALCOHOLIC",WINES
LFS,A909,0,BEVERAGES,DRINKS
LFS,A913,0,"BEVERAGES ALCOHOLIC",WHISKEY
LFS,A914,0,"BEVERAGES ALCOHOLIC","GIN ."
LFS,A973,0,"BEVERAGES ALCOHOLIC",LIQUER
LFS,A974,0,"BEVERAGES ALCOHOLIC","GIN ."
LFS,A975,0,"BEVERAGES ALCOHOLIC",BITTERS
LFS,A992,0,BEVERAGES,JUICE
LFS,A993,0,BEVERAGES,JUICE
LFS,A996,0,BEVERAGES,JUICE
LFS,90234,0,"BEVERAGES ALCOHOLIC",WINES
LFS,90265,0,"BEVERAGES ALCOHOLIC",WINES
LFS,90266,0,"BEVERAGES ALCOHOLIC",WINES
LFS,90319,0,"BEVERAGES ALCOHOLIC",WHISKEY
LFS,90367,0,"FOOD CUPBOARD",SAVOURIES
LFS,90368,0,"FOOD CUPBOARD",SNACKS
LFS,90370,0,"FOOD CUPBOARD",SNACKS
LFS,90371,0,"FOOD CUPBOARD",SNACKS
LFS,90374,0,"FOOD CUPBOARD",SNACKS
LFS,90375,0,"FOOD CUPBOARD",SNACKS
LFS,90377,0,"FOOD CUPBOARD",SNACKS
LFS,90378,0,"FOOD CUPBOARD",SNACKS
LFS,90381,0,"FOOD CUPBOARD","PEPPER SAUCE"
LFS,90382,0,"FOOD CUPBOARD",SNACKS
LFS,90385,0,"FOOD CUPBOARD","SPICES AND HERBS"
LFS,90401,0,"FOOD CUPBOARD",SNACKS
LFS,90403,0,"FOOD CUPBOARD",PAPAD
LFS,90405,0,"FOOD CUPBOARD","RAW RICE"
LFS,90406,0,"FOOD CUPBOARD",CONDIMENTS
LFS,90420,0,"HOME AND PERSONAL CARE","HOUSEHOLD CLEANERS"
LFS,90421,0,"HOME AND PERSONAL CARE","HOUSEHOLD CLEANERS"
LFS,90463,0,"FOOD CUPBOARD","EDIBLE OILS AND GHEE"
LFS,90469,0,"FOOD CUPBOARD","CANNED FOOD"
LFS,90483,0,"FRESH DAIRY AND EGGS",Yoghurt
LFS,90485,0,"FRESH DAIRY AND EGGS",Yoghurt
LFS,94923,0,"FOOD CUPBOARD",SNACKS
LFS,94924,0,"FOOD CUPBOARD",SNACKS
LFS,94925,0,"FOOD CUPBOARD",SNACKS
LFS,94926,0,"FOOD CUPBOARD",SNACKS
LFS,94927,0,"FOOD CUPBOARD",SNACKS
LFS,94928,0,"FOOD CUPBOARD",SNACKS
LFS,94931,0,"FOOD CUPBOARD",SNACKS
LFS,94932,0,"FOOD CUPBOARD",SNACKS
LFS,94936,0,"FOOD CUPBOARD",SNACKS
LFS,94938,0,"FOOD CUPBOARD",SNACKS
LFS,94939,0,"FOOD CUPBOARD",SNACKS
LFS,94940,0,"FOOD CUPBOARD",SNACKS
LFS,94942,0,"FOOD CUPBOARD",SNACKS
LFS,94946,0,"HOME AND PERSONAL CARE","ORAL CARE"
LFS,94947,0,"HOME AND PERSONAL CARE","ORAL CARE"
LFS,94959,0,"HOME AND PERSONAL CARE",FRESHENERS
LFS,94962,0,"FOOD CUPBOARD","INSTANT MIX"
LFS,94964,0,"FOOD CUPBOARD","SPREADS AND TOPPING"
LFS,94965,0,"FOOD CUPBOARD","SPREADS AND TOPPING"
LFS,94966,0,"FOOD CUPBOARD","SPREADS AND TOPPING"
LFS,94968,0,"FOOD CUPBOARD","SPREADS AND TOPPING"
LFS,94969,0,"FOOD CUPBOARD","SPREADS AND TOPPING"
LFS,94977,0,"FROZEN FOOD",CHICKEN
LFS,98060,0,"FOOD CUPBOARD","SPICES AND HERBS"
LFS,98067,0,"FOOD CUPBOARD","SPICES AND HERBS"
LFS,98070,0,"FOOD CUPBOARD","SPICES AND HERBS"
LFS,98073,0,"FOOD CUPBOARD","SPICES AND HERBS"
LFS,98082,0,"FOOD CUPBOARD","SPICES AND HERBS"
LFS,98083,0,"FOOD CUPBOARD","SPICES AND HERBS"
LFS,98084,0,"FOOD CUPBOARD","SPICES AND HERBS"
LFS,98086,0,"FOOD CUPBOARD","SPICES AND HERBS"
LFS,98091,0,"FOOD CUPBOARD","SPICES AND HERBS"
LFS,D136,0,"HOME AND PERSONAL CARE",DISPOSABLE
LFS,D138,0,"FOOD CUPBOARD","BABY FOOD"
LFS,D166,0,"FOOD CUPBOARD","SALT  SUGAR AND JAGGERY"
LFS,D241,0,BEVERAGES,JUICE
LFS,D243,0,BEVERAGES,JUICE
LFS,D248,0,BEVERAGES,JUICE
LFS,D297,0,"BEVERAGES ALCOHOLIC",WINES
LFS,D312,0,BEVERAGES,DRINKS
LFS,D375,0,"FOOD CUPBOARD","SPREADS AND TOPPING"
LFS,D423,0,"FOOD CUPBOARD","MILK AND CREAMERS"
LFS,90504,0,"HOME AND PERSONAL CARE","INFANT AND BABY CARE"
LFS,90505,0,"HOME AND PERSONAL CARE","INFANT AND BABY CARE"
LFS,90527,0,"BEVERAGES ALCOHOLIC",WHISKEY
LFS,90537,0,"BEVERAGES ALCOHOLIC","VODKA BOTTLES"
LFS,90540,0,"HOME AND PERSONAL CARE","SKIN CARE"
LFS,90559,0,"BEVERAGES ALCOHOLIC",WHISKEY
LFS,90561,0,"FOOD CUPBOARD","EDIBLE OILS AND GHEE"
LFS,90562,0,"FOOD CUPBOARD","EDIBLE OILS AND GHEE"
LFS,90564,0,"FOOD CUPBOARD","CANNED FOOD"
LFS,90565,0,"FOOD CUPBOARD","CANNED FOOD"
LFS,90620,0,"FOOD CUPBOARD",CONFECTIONERY
LFS,90621,0,"FOOD CUPBOARD",CONFECTIONERY
LFS,90622,0,"FOOD CUPBOARD",CONFECTIONERY
LFS,94994,0,"FOOD CUPBOARD","SPREADS AND TOPPING"
LFS,94996,0,"FOOD CUPBOARD","BAKING INGREDIENTS"
LFS,94998,0,"FOOD CUPBOARD","SPREADS AND TOPPING"
LFS,95001,0,"FOOD CUPBOARD",CONDIMENTS
LFS,95004,0,"FOOD CUPBOARD",CONDIMENTS
LFS,95076,0,BEVERAGES,"DRINKING POWDERS"
LFS,95077,0,"FOOD CUPBOARD",CONFECTIONERY
LFS,95083,0,"FOOD CUPBOARD",CONFECTIONERY
LFS,95090,0,"FOOD CUPBOARD",CONFECTIONERY
LFS,95093,0,BEVERAGES,TEA
LFS,95094,0,BEVERAGES,TEA
LFS,95107,0,BEVERAGES,JUICE
LFS,95108,0,BEVERAGES,JUICE
LFS,95109,0,BEVERAGES,JUICE
LFS,95110,0,BEVERAGES,JUICE
LFS,95111,0,BEVERAGES,JUICE
LFS,95402,0,BEVERAGES,DRINKS
LFS,95403,0,BEVERAGES,DRINKS
LFS,95404,0,BEVERAGES,DRINKS
LFS,95405,0,BEVERAGES,DRINKS
LFS,95406,0,BEVERAGES,DRINKS
LFS,95409,0,BEVERAGES,DRINKS
LFS,95415,0,"BEVERAGES ALCOHOLIC",WINES
LFS,98101,0,"FOOD CUPBOARD","GRAINS AND PULSES"
LFS,98102,0,"FOOD CUPBOARD","GRAINS AND PULSES"
LFS,98103,0,"FOOD CUPBOARD","GRAINS AND PULSES"
LFS,98104,0,"FOOD CUPBOARD","GRAINS AND PULSES"
LFS,98105,0,"FOOD CUPBOARD","GRAINS AND PULSES"
LFS,98108,0,"FOOD CUPBOARD","GRAINS AND PULSES"
LFS,98109,0,"FOOD CUPBOARD","GRAINS AND PULSES"
LFS,98110,0,"FOOD CUPBOARD","GRAINS AND PULSES"
LFS,98112,0,"FOOD CUPBOARD","GRAINS AND PULSES"
LFS,98118,0,"FOOD CUPBOARD","GRAINS AND PULSES"
LFS,98119,0,"FOOD CUPBOARD","GRAINS AND PULSES"
LFS,D478,0,"HOME AND PERSONAL CARE","PERSONAL WASH"
LFS,D479,0,"HOME AND PERSONAL CARE","PERSONAL WASH"
LFS,D483,0,"FOOD CUPBOARD","CANNED FOOD"
LFS,D502,0,"HOME AND PERSONAL CARE","HOUSEHOLD CLEANERS"
LFS,D503,0,"HOME AND PERSONAL CARE","HOUSEHOLD CLEANERS"
LFS,D504,0,"HOME AND PERSONAL CARE","HOUSEHOLD CLEANERS"
LFS,D527,0,"HOME AND PERSONAL CARE","HOUSEHOLD CLEANERS"
LFS,D570,0,"BEVERAGES ALCOHOLIC",CIDER
LFS,D571,0,"BEVERAGES ALCOHOLIC","BOTTLE BEER"
LFS,D586,0,"FOOD CUPBOARD","PEPPER SAUCE"
LFS,90687,0,"HOME AND PERSONAL CARE","PERSONAL WASH"
LFS,90784,0,"HOME AND PERSONAL CARE",FRESHENERS
LFS,90819,0,"HOME AND PERSONAL CARE","HAIR CARE"
LFS,90823,0,"HOME AND PERSONAL CARE","HAIR CARE"
LFS,90824,0,"HOME AND PERSONAL CARE","HAIR CARE"
LFS,90825,0,"HOME AND PERSONAL CARE","HAIR CARE"
LFS,90826,0,"HOME AND PERSONAL CARE","HAIR CARE"
LFS,90843,0,"FOOD CUPBOARD","NOODLES AND SOUP"
LFS,90853,0,"HOME AND PERSONAL CARE","PERSONAL WASH"
LFS,95644,0,"BEVERAGES ALCOHOLIC","SPARKLING WINES"
LFS,95645,0,"BEVERAGES ALCOHOLIC","SPARKLING WINES"
LFS,95658,0,"HOME AND PERSONAL CARE","HOUSEHOLD CLEANERS"
LFS,95660,0,"HOME AND PERSONAL CARE","PERSONAL WASH"
LFS,95664,0,"HOME AND PERSONAL CARE","PERSONAL WASH"
LFS,95666,0,"HOME AND PERSONAL CARE","PERSONAL WASH"
LFS,95673,0,"HOME AND PERSONAL CARE","PERSONAL WASH"
LFS,98123,0,"FOOD CUPBOARD","SPICES AND HERBS"
LFS,98124,0,"FOOD CUPBOARD","SPICES AND HERBS"
LFS,98125,0,"FOOD CUPBOARD","SPICES AND HERBS"
LFS,98126,0,"FOOD CUPBOARD","SPICES AND HERBS"
LFS,98128,0,"FOOD CUPBOARD","SPICES AND HERBS"
LFS,98129,0,"FOOD CUPBOARD",CONDIMENTS
LFS,98135,0,"FOOD CUPBOARD","SPICES AND HERBS"
LFS,98136,0,"FOOD CUPBOARD","SPICES AND HERBS"
LFS,98143,0,BEVERAGES,COFFEE
LFS,98263,0,"FOOD CUPBOARD",SNACKS
LFS,98264,0,"FOOD CUPBOARD",SNACKS
LFS,D635,0,"HOME AND PERSONAL CARE","HOUSEHOLD CLEANERS"
LFS,D641,0,BEVERAGES,JUICE
LFS,D683,0,"FOOD CUPBOARD","MILK AND CREAMERS"
LFS,D711,0,"FOOD CUPBOARD","CANNED FOOD"
LFS,D718,0,"FOOD CUPBOARD","MILK AND CREAMERS"
LFS,D719,0,"BEVERAGES ALCOHOLIC",WINES
LFS,90859,0,"FOOD CUPBOARD",CONDIMENTS
LFS,90860,0,"HOME AND PERSONAL CARE","PERSONAL WASH"
LFS,90861,0,"HOME AND PERSONAL CARE","SKIN CARE"
LFS,90876,0,"BEVERAGES ALCOHOLIC",RHUM
LFS,90881,0,"FOOD CUPBOARD",CONFECTIONERY
LFS,91102,0,"HOME AND PERSONAL CARE","SKIN CARE"
LFS,91194,0,BEVERAGES,"MINERAL WATER"
LFS,91197,0,"HOME AND PERSONAL CARE","PERSONAL WASH"
LFS,91202,0,"HOME AND PERSONAL CARE","PERSONAL WASH"
LFS,91213,0,"HOME AND PERSONAL CARE","PERSONAL WASH"
LFS,91230,0,"HOME AND PERSONAL CARE","PERSONAL WASH"
LFS,91233,0,"HOME AND PERSONAL CARE","PERSONAL WASH"
LFS,95677,0,"HOME AND PERSONAL CARE","PERSONAL WASH"
LFS,95694,0,"HOME AND PERSONAL CARE","PERSONAL WASH"
LFS,95695,0,"HOME AND PERSONAL CARE","PERSONAL WASH"
LFS,95696,0,"HOME AND PERSONAL CARE","PERSONAL WASH"
LFS,95706,0,"HOME AND PERSONAL CARE","HAIR CARE"
LFS,95707,0,"HOME AND PERSONAL CARE","HAIR CARE"
LFS,95713,0,"HOME AND PERSONAL CARE","HAIR CARE"
LFS,98298,0,"HOME AND PERSONAL CARE",FRESHENERS
LFS,98299,0,"HOME AND PERSONAL CARE",FRESHENERS
LFS,98300,0,"HOME AND PERSONAL CARE",FRESHENERS
LFS,98304,0,"FOOD CUPBOARD","EDIBLE OILS AND GHEE"
LFS,98305,0,"FOOD CUPBOARD","EDIBLE OILS AND GHEE"
LFS,98372,0,"FOOD CUPBOARD","CANNED FOOD"
LFS,98373,0,"FOOD CUPBOARD",BISCUITS
LFS,98404,0,"HOME AND PERSONAL CARE","SHOE CARE"
LFS,98405,0,"HOME AND PERSONAL CARE","SHOE CARE"
LFS,98446,0,"FROZEN FOOD",CHICKEN
LFS,98447,0,"FROZEN FOOD",CHICKEN
LFS,98472,0,"HOME AND PERSONAL CARE","PERSONAL WASH"
LFS,D724,0,"BEVERAGES ALCOHOLIC",WINES
LFS,D750,0,BEVERAGES,JUICE
LFS,D794,0,"FOOD CUPBOARD",CONDIMENTS
LFS,D796,0,"FOOD CUPBOARD",CONDIMENTS
LFS,D797,0,"FOOD CUPBOARD",CONDIMENTS
LFS,D853,0,"HOME AND PERSONAL CARE","HOUSEHOLD CLEANERS"
LFS,D865,0,BEVERAGES,JUICE
LFS,D889,0,"FOOD CUPBOARD",BISCUITS
LFS,D927,0,"FOOD CUPBOARD","INSTANT MIX"
LFS,D956,0,"HOME AND PERSONAL CARE","HOUSEHOLD CLEANERS"
LFS,91234,0,"HOME AND PERSONAL CARE","PERSONAL WASH"
LFS,91235,0,"HOME AND PERSONAL CARE","PERSONAL WASH"
LFS,91236,0,"HOME AND PERSONAL CARE","PERSONAL WASH"
LFS,91237,0,"HOME AND PERSONAL CARE","PERSONAL WASH"
LFS,91241,0,"HOME AND PERSONAL CARE","PERSONAL WASH"
LFS,91243,0,"HOME AND PERSONAL CARE","INFANT AND BABY CARE"
LFS,91311,0,"FOOD CUPBOARD","SALT  SUGAR AND JAGGERY"
LFS,91312,0,"FOOD CUPBOARD","SALT  SUGAR AND JAGGERY"
LFS,91317,0,"FOOD CUPBOARD","SPREADS AND TOPPING"
LFS,91354,0,"FROZEN FOOD",CHICKEN
LFS,91373,0,"HOME AND PERSONAL CARE","HAIR CARE"
LFS,91374,0,"HOME AND PERSONAL CARE","HAIR CARE"
LFS,91377,0,"HOME AND PERSONAL CARE","HAIR CARE"
LFS,95724,0,"HOME AND PERSONAL CARE","HAIR CARE"
LFS,95730,0,"HOME AND PERSONAL CARE","HAIR CARE"
LFS,95731,0,"HOME AND PERSONAL CARE","HAIR CARE"
LFS,95736,0,"HOME AND PERSONAL CARE","HAIR CARE"
LFS,95737,0,"HOME AND PERSONAL CARE","HAIR CARE"
LFS,95747,0,"HOME AND PERSONAL CARE","HAIR CARE"
LFS,95752,0,"HOME AND PERSONAL CARE","HAIR CARE"
LFS,95761,0,"HOME AND PERSONAL CARE","HAIR CARE"
LFS,95818,0,"HOME AND PERSONAL CARE",FRAGRANCES
LFS,95823,0,"HOME AND PERSONAL CARE",FRAGRANCES
LFS,95895,0,"HOME AND PERSONAL CARE",FRAGRANCES
LFS,95896,0,"HOME AND PERSONAL CARE",FRAGRANCES
LFS,98479,0,"HOME AND PERSONAL CARE","PERSONAL WASH"
LFS,98482,0,"HOME AND PERSONAL CARE",FRAGRANCES
LFS,98483,0,"HOME AND PERSONAL CARE","PERSONAL WASH"
LFS,98489,0,"HOME AND PERSONAL CARE",FRAGRANCES
LFS,98492,0,"HOME AND PERSONAL CARE","PERSONAL WASH"
LFS,98493,0,"HOME AND PERSONAL CARE","PERSONAL WASH"
LFS,98496,0,"HOME AND PERSONAL CARE","PERSONAL WASH"
LFS,98499,0,"HOME AND PERSONAL CARE","PERSONAL WASH"
LFS,98500,0,"HOME AND PERSONAL CARE","PERSONAL WASH"
LFS,98501,0,"HOME AND PERSONAL CARE","PERSONAL WASH"
LFS,98503,0,BEVERAGES,"MINERAL WATER"
LFS,98505,0,"HOME AND PERSONAL CARE","SKIN CARE"
LFS,98507,0,"HOME AND PERSONAL CARE","SKIN CARE"
LFS,98514,0,"HOME AND PERSONAL CARE","HAIR CARE"
LFS,D978,0,"BEVERAGES ALCOHOLIC","CAN BEER"
LFS,D997,0,BEVERAGES,DRINKS
LFS,D998,0,"HOME AND PERSONAL CARE","HOUSEHOLD CLEANERS"
LFS,F0004,0,BAKERY,CAKE
LFS,F0051,0,BAKERY,PASTRIES
LFS,F0052,0,BAKERY,PASTRIES
LFS,F0072,0,BAKERY,CAKE
LFS,F0075,0,BAKERY,CAKE
LFS,F0077,0,BAKERY,CAKE
LFS,F0078,0,BAKERY,CAKE
LFS,F0107,0,BAKERY,PASTRIES
LFS,F0124,0,BAKERY,COOKIES
LFS,F0125,0,BAKERY,CAKE
LFS,F0802,0,BAKERY,COOKIES
LFS,F0810,0,BAKERY,"ARTISANAL BREADS"
LFS,H0001,0,BAKERY,COOKIES
LFS,H0002,0,BAKERY,BREADS
LFS,H0003,0,BAKERY,MUFFINS
LFS,H0004,0,BAKERY,BREADS
LFS,H0006,0,BAKERY,BREADS
LFS,91412,0,"HOME AND PERSONAL CARE","PERSONAL WASH"
LFS,91422,0,"FRESH DAIRY AND EGGS",Yoghurt
LFS,91432,0,"FOOD CUPBOARD","BREAKFAST CEREALS"
LFS,91433,0,"FOOD CUPBOARD","BREAKFAST CEREALS"
LFS,91460,0,"FOOD CUPBOARD",CONFECTIONERY
LFS,91465,0,"FOOD CUPBOARD",BISCUITS
LFS,91466,0,"FOOD CUPBOARD",BISCUITS
LFS,91467,0,"FOOD CUPBOARD",BISCUITS
LFS,91468,0,"FOOD CUPBOARD",BISCUITS
LFS,91532,0,"HOME AND PERSONAL CARE","PERSONAL WASH"
LFS,91534,0,"HOME AND PERSONAL CARE","PERSONAL WASH"
LFS,95899,0,"HOME AND PERSONAL CARE",FRAGRANCES
LFS,95900,0,"HOME AND PERSONAL CARE",FRAGRANCES
LFS,95906,0,"HOME AND PERSONAL CARE",FRAGRANCES
LFS,95931,0,"HOME AND PERSONAL CARE",FRAGRANCES
LFS,95934,0,"HOME AND PERSONAL CARE",FRAGRANCES
LFS,96091,0,"FOOD CUPBOARD",SNACKS
LFS,96092,0,"FOOD CUPBOARD",SNACKS
LFS,96107,0,"HOME AND PERSONAL CARE","PERSONAL WASH"
LFS,96111,0,"HOME AND PERSONAL CARE","SKIN CARE"
LFS,96114,0,"HOME AND PERSONAL CARE","SKIN CARE"
LFS,96163,0,"HOME AND PERSONAL CARE","INFANT AND BABY CARE"
LFS,96165,0,"HOME AND PERSONAL CARE","INFANT AND BABY CARE"
LFS,96167,0,"HOME AND PERSONAL CARE",FRESHENERS
LFS,98521,0,"FOOD CUPBOARD","NOODLES AND SOUP"
LFS,98525,0,"HOME AND PERSONAL CARE",FRESHENERS
LFS,98528,0,"FOOD CUPBOARD","EDIBLE OILS AND GHEE"
LFS,98539,0,"HOME AND PERSONAL CARE","HEALTH AND WELLNESS"
LFS,98541,0,"HOME AND PERSONAL CARE","HEALTH AND WELLNESS"
LFS,98546,0,"FOOD CUPBOARD",CONFECTIONERY
LFS,98547,0,"HOME AND PERSONAL CARE","HEALTH AND WELLNESS"
LFS,98549,0,"FOOD CUPBOARD",CONFECTIONERY
LFS,98552,0,"FOOD CUPBOARD",CONFECTIONERY
LFS,98557,0,"HOME AND PERSONAL CARE","LAUNDRY CARE"
LFS,98560,0,"HOME AND PERSONAL CARE","LAUNDRY CARE"
LFS,98562,0,"FOOD CUPBOARD",CONFECTIONERY
LFS,98566,0,"FOOD CUPBOARD","CANNED FOOD"
LFS,H0007,0,BAKERY,MUFFINS
LFS,H0008,0,BAKERY,BREADS
LFS,H0009,0,BAKERY,MUFFINS
LFS,H0010,0,BAKERY,PASTRIES
LFS,H0011,0,BAKERY,BREADS
LFS,H0013,0,BAKERY,BREADS
LFS,H0016,0,BAKERY,BREADS
LFS,H0024,0,BAKERY,CROISSANT
LFS,H0026,0,BAKERY,COOKIES
LFS,H0027,0,BAKERY,MUFFINS
LFS,H0029,0,BAKERY,BREADS
LFS,H0037,0,BAKERY,"DRY CAKES"
LFS,H0039,0,BAKERY,BREADS
LFS,H0041,0,BAKERY,DONUTS
LFS,H0042,0,BAKERY,DONUTS
LFS,H0043,0,BAKERY,"ASSORTED COOKIES"
LFS,H0044,0,BAKERY,MUFFINS
LFS,H0045,0,BAKERY,"ARTISANAL BREADS"
LFS,H0046,0,BAKERY,CAKE
LFS,H0048,0,BAKERY,CROISSANT
LFS,H0049,0,BAKERY,"DRY CAKES"
LFS,H0050,0,BAKERY,"BUTTER COOKIES"
LFS,H0052,0,BAKERY,"COCONUT COOKIES"
LFS,H0053,0,BAKERY,"BANANA COOKIES"
LFS,H0054,0,BAKERY,"PINEAPPLE COOKIES"
LFS,H0062,0,BAKERY,CAKE
LFS,H0064,0,BAKERY,CROISSANT
LFS,H0065,0,BAKERY,MUFFINS
LFS,H0070,0,BAKERY,"COCONUT COOKIES"
LFS,H0072,0,BAKERY,"BUTTER COOKIES"
LFS,H0073,0,BAKERY,"BANANA COOKIES"
LFS,H0074,0,BAKERY,"PINEAPPLE COOKIES"
LFS,H0075,0,BAKERY,"ARTISANAL BREADS"
LFS,H0076,0,BAKERY,BREADS
LFS,H0077,0,BAKERY,"SHORT BREAD"
LFS,H0079,0,BAKERY,CROISSANT
LFS,H0080,0,BAKERY,PASTRIES
LFS,91536,0,"HOME AND PERSONAL CARE","PERSONAL WASH"
LFS,91538,0,"HOME AND PERSONAL CARE","PERSONAL WASH"
LFS,91547,0,"HOME AND PERSONAL CARE","PERSONAL WASH"
LFS,91548,0,"HOME AND PERSONAL CARE","PERSONAL WASH"
LFS,91549,0,"HOME AND PERSONAL CARE","PERSONAL WASH"
LFS,91550,0,"HOME AND PERSONAL CARE","PERSONAL WASH"
LFS,91551,0,"HOME AND PERSONAL CARE","ORAL CARE"
LFS,91552,0,"HOME AND PERSONAL CARE","ORAL CARE"
LFS,91553,0,"HOME AND PERSONAL CARE",FRESHENERS
LFS,91554,0,"HOME AND PERSONAL CARE",FRESHENERS
LFS,91555,0,"HOME AND PERSONAL CARE",FRESHENERS
LFS,91556,0,"HOME AND PERSONAL CARE",FRESHENERS
LFS,96168,0,"HOME AND PERSONAL CARE",FRESHENERS
LFS,96170,0,"HOME AND PERSONAL CARE",FRESHENERS
LFS,96174,0,"HOME AND PERSONAL CARE",FRESHENERS
LFS,96181,0,"HOME AND PERSONAL CARE","INFANT AND BABY CARE"
LFS,96183,0,"HOME AND PERSONAL CARE",FRESHENERS
LFS,96184,0,"HOME AND PERSONAL CARE",FRESHENERS
LFS,96186,0,"HOME AND PERSONAL CARE",FRESHENERS
LFS,96188,0,"HOME AND PERSONAL CARE","PERSONAL WASH"
LFS,96192,0,"FOOD CUPBOARD","MILK AND CREAMERS"
LFS,96194,0,"FOOD CUPBOARD","MILK AND CREAMERS"
LFS,96213,0,"FRUITS- IMPORT",Fruits
LFS,96221,0,"FOOD CUPBOARD","MILK AND CREAMERS"
LFS,96222,0,"FOOD CUPBOARD","MILK AND CREAMERS"
LFS,96249,0,"BEVERAGES ALCOHOLIC",WHISKEY
LFS,96327,0,BEVERAGES,DRINKS
LFS,98567,0,"FRESH DAIRY AND EGGS",Yoghurt
LFS,98583,0,"FROZEN FOOD",ICE-CREAM
LFS,98584,0,"FROZEN FOOD",ICE-CREAM
LFS,98585,0,"FROZEN FOOD",ICE-CREAM
LFS,98592,0,"FROZEN FOOD",PORK
LFS,98607,0,"FOOD CUPBOARD",BISCUITS
LFS,98609,0,"FOOD CUPBOARD",BISCUITS
LFS,98615,0,"BEVERAGES ALCOHOLIC",WINES
LFS,98616,0,"BEVERAGES ALCOHOLIC",WINES
LFS,98618,0,"BEVERAGES ALCOHOLIC",WINES
LFS,98623,0,"BEVERAGES ALCOHOLIC",WINES
LFS,98637,0,"FOOD CUPBOARD","BABY FOOD"
LFS,98638,0,"FOOD CUPBOARD","BABY FOOD"
LFS,98705,0,"HOME AND PERSONAL CARE",FRAGRANCES
LFS,H0085,0,BAKERY,DONUTS
LFS,H0087,0,BAKERY,DONUTS
LFS,H0088,0,BAKERY,DONUTS
LFS,H0093,0,BAKERY,"BUTTER COOKIES"
LFS,H0094,0,BAKERY,"CUSTOMIZED CAKES"
LFS,H0095,0,BAKERY,"BANANA COOKIES"
LFS,H0096,0,BAKERY,"PINEAPPLE COOKIES"
LFS,H0097,0,BAKERY,"COCONUT COOKIES"
LFS,H0104,0,BAKERY,"CUP CAKE"
LFS,H0123,0,BAKERY,"CUSTOMIZED CAKES"
LFS,H0128,0,BAKERY,"DRY CAKES"
LFS,H0129,0,BAKERY,CAKE
LFS,H0130,0,BAKERY,CAKE
LFS,H0131,0,BAKERY,CAKE
LFS,H0132,0,BAKERY,CAKE
LFS,H0136,0,BAKERY,"CUSTOMIZED CAKES"
LFS,H0137,0,BAKERY,CAKE
LFS,H0138,0,BAKERY,CAKE
LFS,H0139,0,BAKERY,PASTRIES
LFS,H0144,0,BAKERY,PASTRIES
LFS,H0148,0,BAKERY,BROWNIES
LFS,H0165,0,BAKERY,PASTRIES
LFS,H0167,0,BAKERY,CAKE
LFS,H0169,0,BAKERY,SAVORY
LFS,H0173,0,BAKERY,CAKE
LFS,H0177,0,BAKERY,BREADS
LFS,91623,0,BEVERAGES,"MINERAL WATER"
LFS,91628,0,"FOOD CUPBOARD",CONFECTIONERY
LFS,91651,0,"HOME AND PERSONAL CARE","COLOR COSMETICS"
LFS,91653,0,"HOME AND PERSONAL CARE","COLOR COSMETICS"
LFS,91663,0,"HOME AND PERSONAL CARE","COLOR COSMETICS"
LFS,91665,0,"HOME AND PERSONAL CARE","COLOR COSMETICS"
LFS,91679,0,"HOME AND PERSONAL CARE","COLOR COSMETICS"
LFS,91681,0,"HOME AND PERSONAL CARE","COLOR COSMETICS"
LFS,91683,0,"HOME AND PERSONAL CARE","COLOR COSMETICS"
LFS,91685,0,"HOME AND PERSONAL CARE","COLOR COSMETICS"
LFS,91686,0,"HOME AND PERSONAL CARE","COLOR COSMETICS"
LFS,91687,0,"HOME AND PERSONAL CARE","COLOR COSMETICS"
LFS,91715,0,"HOME AND PERSONAL CARE","COLOR COSMETICS"
LFS,91717,0,"HOME AND PERSONAL CARE","COLOR COSMETICS"
LFS,91719,0,"HOME AND PERSONAL CARE","COLOR COSMETICS"
LFS,91723,0,"HOME AND PERSONAL CARE","COLOR COSMETICS"
LFS,91725,0,"HOME AND PERSONAL CARE","COLOR COSMETICS"
LFS,91726,0,"HOME AND PERSONAL CARE","COLOR COSMETICS"
LFS,91727,0,"HOME AND PERSONAL CARE","COLOR COSMETICS"
LFS,91730,0,"HOME AND PERSONAL CARE","COLOR COSMETICS"
LFS,96430,0,"FOOD CUPBOARD","DRINKING POWDER"
LFS,96431,0,"FOOD CUPBOARD","DRINKING POWDER"
LFS,96432,0,BEVERAGES,"DRINKING POWDERS"
LFS,96434,0,BEVERAGES,"DRINKING POWDERS"
LFS,98710,0,"BEVERAGES ALCOHOLIC",WINES
LFS,98716,0,"FOOD CUPBOARD","SPREADS AND TOPPING"
LFS,98735,0,"FOOD CUPBOARD","CANNED FOOD"
LFS,98736,0,"FOOD CUPBOARD","CANNED FOOD"
LFS,98800,0,"FOOD CUPBOARD","DRINKING POWDER"
LFS,98882,0,"FOOD CUPBOARD","PEPPER SAUCE"
LFS,98883,0,"FOOD CUPBOARD","SPREADS AND TOPPING"
LFS,H0182,0,BAKERY,CROISSANT
LFS,H0188,0,BAKERY,PASTRIES
LFS,H0191,0,BAKERY,"DRY CAKES"
LFS,H0192,0,BAKERY,"DRY CAKES"
LFS,H0194,0,BAKERY,"DRY CAKES"
LFS,H0196,0,BAKERY,"DRY CAKES"
LFS,H0197,0,BAKERY,CROISSANT
LFS,H0199,0,BAKERY,BROWNIES
LFS,H0212,0,BAKERY,COOKIES
LFS,H0213,0,BAKERY,COOKIES
LFS,H0214,0,BAKERY,"CHOCOLATE COOKIES"
LFS,H0215,0,BAKERY,"CHOCOLATE COOKIES"
LFS,H0216,0,BAKERY,"ARTISANAL BREADS"
LFS,H0219,0,BAKERY,CAKE
LFS,H0300,0,BAKERY,BREADS
LFS,H0302,0,BAKERY,BREADS
LFS,H0304,0,BAKERY,"ARTISANAL BREADS"
LFS,H0305,0,BAKERY,BREADS
LFS,H0306,0,BAKERY,BREADS
LFS,H0307,0,BAKERY,BREADS
LFS,H0308,0,BAKERY,COOKIES
LFS,H0317,0,BAKERY,BREADS
LFS,91733,0,"HOME AND PERSONAL CARE","COLOR COSMETICS"
LFS,91738,0,"HOME AND PERSONAL CARE","COLOR COSMETICS"
LFS,91739,0,"HOME AND PERSONAL CARE","COLOR COSMETICS"
LFS,91741,0,"FROZEN FOOD",Shrimps
LFS,91742,0,"FROZEN FOOD",Shrimps
LFS,91746,0,"HOME AND PERSONAL CARE","COLOR COSMETICS"
LFS,91747,0,"HOME AND PERSONAL CARE","COLOR COSMETICS"
LFS,91774,0,"FOOD CUPBOARD","NOODLES AND SOUP"
LFS,91811,0,"FOOD CUPBOARD",CONFECTIONERY
LFS,91898,0,"FOOD CUPBOARD",BISCUITS
LFS,91899,0,"FOOD CUPBOARD",BISCUITS
LFS,91900,0,"FOOD CUPBOARD",BISCUITS
LFS,91901,0,"FOOD CUPBOARD",BISCUITS
LFS,91902,0,"FOOD CUPBOARD",BISCUITS
LFS,91968,0,"BEVERAGES ALCOHOLIC","BOTTLE BEER"
LFS,91988,0,"FROZEN FOOD",FRUIT
LFS,91989,0,"FROZEN FOOD",FRUIT
LFS,92063,0,"BEVERAGES ALCOHOLIC","SPARKLING WINES"
LFS,92064,0,"BEVERAGES ALCOHOLIC","SPARKLING WINES"
LFS,96459,0,"HOME AND PERSONAL CARE",FRAGRANCES
LFS,96460,0,"HOME AND PERSONAL CARE",FRAGRANCES
LFS,96461,0,"HOME AND PERSONAL CARE",FRAGRANCES
LFS,96462,0,"HOME AND PERSONAL CARE",FRAGRANCES
LFS,96464,0,"FOOD CUPBOARD","CANNED FOOD"
LFS,96468,0,"FOOD CUPBOARD","CANNED FOOD"
LFS,96470,0,"FOOD CUPBOARD","MILK AND CREAMERS"
LFS,96475,0,"FRESH DAIRY AND EGGS",Yoghurt
LFS,96481,0,"HOME AND PERSONAL CARE",FRESHENERS
LFS,96496,0,"FOOD CUPBOARD","SALT  SUGAR AND JAGGERY"
LFS,96519,0,"HOME AND PERSONAL CARE","HOUSEHOLD CLEANERS"
LFS,96520,0,"HOME AND PERSONAL CARE","HOUSEHOLD CLEANERS"
LFS,96521,0,"HOME AND PERSONAL CARE","HOUSEHOLD CLEANERS"
LFS,96525,0,"FRESH - URBAN JUNGLE","VEGETABLES - URBAN JUNGLE"
LFS,96532,0,"FOOD CUPBOARD","SPICES AND HERBS"
LFS,96534,0,"FOOD CUPBOARD","SPICES AND HERBS"
LFS,96545,0,"FOOD CUPBOARD","SPICES AND HERBS"
LFS,98909,0,"FOOD CUPBOARD","BABY FOOD"
LFS,98910,0,"FOOD CUPBOARD","BABY FOOD"
LFS,98912,0,"FOOD CUPBOARD","BABY FOOD"
LFS,99106,0,BEVERAGES,"MINERAL WATER"
LFS,99124,0,"FOOD CUPBOARD",SNACKS
LFS,99127,0,"FOOD CUPBOARD",SNACKS
LFS,99128,0,"FOOD CUPBOARD",SNACKS
LFS,99129,0,"FOOD CUPBOARD",SNACKS
LFS,99131,0,"FOOD CUPBOARD",SNACKS
LFS,99132,0,"FOOD CUPBOARD",SNACKS
LFS,99133,0,"FOOD CUPBOARD",SNACKS
LFS,99134,0,"FOOD CUPBOARD",SNACKS
LFS,H0330,0,BAKERY,CROISSANT
LFS,H0349,0,BAKERY,PASTRIES
LFS,H0352,0,BAKERY,"CUP CAKE"
LFS,H0354,0,BAKERY,BREADS
LFS,H0356,0,BAKERY,"ARTISANAL BREADS"
LFS,H0370,0,BAKERY,"DRY CAKES"
LFS,H0373,0,BAKERY,CAKE
LFS,H0374,0,BAKERY,CAKE
LFS,H0375,0,BAKERY,CAKE
LFS,H0380,0,BAKERY,CAKE
LFS,H0381,0,BAKERY,CAKE
LFS,H0383,0,BAKERY,CAKE
LFS,H0384,0,BAKERY,CAKE
LFS,H0401,0,BAKERY,BREADS
LFS,H0402,0,BAKERY,MUFFINS
LFS,92065,0,BEVERAGES,"MINERAL WATER"
LFS,92081,0,"FOOD CUPBOARD",CONDIMENTS
LFS,92162,0,"FROZEN FOOD",CHICKEN
LFS,92163,0,"FROZEN FOOD",CHICKEN
LFS,92169,0,"FROZEN FOOD",FISH
LFS,92170,0,"FROZEN FOOD",FISH
LFS,92200,0,BEVERAGES,JUICE
LFS,92201,0,BEVERAGES,JUICE
LFS,92202,0,BEVERAGES,JUICE
LFS,92203,0,BEVERAGES,JUICE
LFS,96553,0,"LIVE PLANTS","LIVE PLANTS"
LFS,96554,0,"LIVE PLANTS","LIVE PLANTS"
LFS,96555,0,"LIVE PLANTS","LIVE PLANTS"
LFS,96561,0,"LIVE PLANTS","LIVE PLANTS"
LFS,96562,0,"LIVE PLANTS","LIVE PLANTS"
LFS,96563,0,"LIVE PLANTS","LIVE PLANTS"
LFS,96564,0,"LIVE PLANTS","LIVE PLANTS"
LFS,96567,0,"LIVE PLANTS","LIVE PLANTS"
LFS,96571,0,"LIVE PLANTS","LIVE PLANTS"
LFS,96573,0,"LIVE PLANTS","LIVE PLANTS"
LFS,96574,0,"LIVE PLANTS","LIVE PLANTS"
LFS,96575,0,"LIVE PLANTS","LIVE PLANTS"
LFS,96583,0,"LIVE PLANTS","LIVE PLANTS"
LFS,96590,0,"LIVE PLANTS","LIVE PLANTS"
LFS,96595,0,"LIVE PLANTS","LIVE PLANTS"
LFS,96603,0,"LIVE PLANTS","LIVE PLANTS"
LFS,96604,0,"LIVE PLANTS","LIVE PLANTS"
LFS,96608,0,"LIVE PLANTS","LIVE PLANTS"
LFS,96609,0,"LIVE PLANTS","LIVE PLANTS"
LFS,96610,0,"LIVE PLANTS","LIVE PLANTS"
LFS,96611,0,"LIVE PLANTS","LIVE PLANTS"
LFS,96615,0,"LIVE PLANTS","LIVE PLANTS"
LFS,96617,0,"LIVE PLANTS","LIVE PLANTS"
LFS,96628,0,BEVERAGES,JUICE
LFS,96640,0,"LIVE PLANTS","LIVE PLANTS"
LFS,96644,0,"LIVE PLANTS","LIVE PLANTS"
LFS,96739,0,"BEVERAGES ALCOHOLIC",WINES
LFS,96770,0,"FOOD CUPBOARD",CONFECTIONERY
LFS,96781,0,"FOOD CUPBOARD",BISCUITS
LFS,99135,0,"FOOD CUPBOARD",SNACKS
LFS,99149,0,"FOOD CUPBOARD",SNACKS
LFS,99152,0,"FOOD CUPBOARD",SNACKS
LFS,99157,0,"FOOD CUPBOARD",SNACKS
LFS,99158,0,"FOOD CUPBOARD",SNACKS
LFS,99159,0,"FOOD CUPBOARD",SNACKS
LFS,99162,0,BEVERAGES,TEA
LFS,99165,0,"FOOD CUPBOARD",BISCUITS
LFS,99166,0,"FOOD CUPBOARD",BISCUITS
LFS,99167,0,"FOOD CUPBOARD",BISCUITS
LFS,99168,0,"FOOD CUPBOARD",BISCUITS
LFS,99169,0,"FOOD CUPBOARD",BISCUITS
LFS,99170,0,"FOOD CUPBOARD",BISCUITS
LFS,99171,0,"FOOD CUPBOARD",SNACKS
LFS,99172,0,"FOOD CUPBOARD",SNACKS
LFS,99173,0,"FOOD CUPBOARD",SNACKS
LFS,99174,0,"FOOD CUPBOARD",SNACKS
LFS,99187,0,"FOOD CUPBOARD",SNACKS
LFS,99190,0,"FOOD CUPBOARD",SNACKS
LFS,H0403,0,BAKERY,MUFFINS
LFS,H0404,0,BAKERY,MUFFINS
LFS,H0407,0,BAKERY,"ARTISANAL BREADS"
LFS,H0411,0,BAKERY,"ARTISANAL BREADS"
LFS,H0413,0,BAKERY,"DRY CAKES"
LFS,H0414,0,BAKERY,"DRY CAKES"
LFS,L010,0,BEVERAGES,TEA
LFS,L957,0,"FOOD CUPBOARD","SPREADS AND TOPPING"
LFS,92204,0,BEVERAGES,JUICE
LFS,92228,0,"BEVERAGES ALCOHOLIC","BOTTLE BEER"
LFS,92239,0,"FOOD CUPBOARD","SALT  SUGAR AND JAGGERY"
LFS,92247,0,"FOOD CUPBOARD","BREAKFAST CEREALS"
LFS,92255,0,"HOME AND PERSONAL CARE","LAUNDRY CARE"
LFS,92256,0,"HOME AND PERSONAL CARE","LAUNDRY CARE"
LFS,96815,0,"FOOD CUPBOARD",SNACKS
LFS,96821,0,"HOME AND PERSONAL CARE",FRAGRANCES
LFS,96836,0,"FOOD CUPBOARD",CONFECTIONERY
LFS,96838,0,"FOOD CUPBOARD",CONFECTIONERY
LFS,96844,0,"FOOD CUPBOARD",CONFECTIONERY
LFS,96845,0,"FOOD CUPBOARD",CONFECTIONERY
LFS,96856,0,"FOOD CUPBOARD",CONFECTIONERY
LFS,96858,0,"FRESH DAIRY AND EGGS",Yoghurt
LFS,96862,0,"FOOD CUPBOARD","BREAKFAST CEREALS"
LFS,96920,0,"FOOD CUPBOARD","SPICES AND HERBS"
LFS,96929,0,"FOOD CUPBOARD","BREAKFAST CEREALS"
LFS,99205,0,"FOOD CUPBOARD",SNACKS
LFS,99206,0,"FOOD CUPBOARD",SNACKS
LFS,99211,0,"FOOD CUPBOARD",SNACKS
LFS,99217,0,"BEVERAGES ALCOHOLIC",TOBACCO
LFS,99219,0,"BEVERAGES ALCOHOLIC",TOBACCO
LFS,99220,0,"BEVERAGES ALCOHOLIC",TOBACCO
LFS,99221,0,"BEVERAGES ALCOHOLIC",TOBACCO
LFS,99222,0,"BEVERAGES ALCOHOLIC",TOBACCO
LFS,99223,0,"BEVERAGES ALCOHOLIC","VODKA BOTTLES"
LFS,99225,0,"BEVERAGES ALCOHOLIC","COGNAC / BRANDY"
LFS,99266,0,"BEVERAGES ALCOHOLIC","CREAM LIQUER"
LFS,99268,0,"BEVERAGES ALCOHOLIC",WINES
LFS,99272,0,"BEVERAGES ALCOHOLIC",WINES
LFS,99273,0,"BEVERAGES ALCOHOLIC",WINES
LFS,99281,0,"BEVERAGES ALCOHOLIC",Champagne
LFS,99282,0,"BEVERAGES ALCOHOLIC",WHISKEY
LFS,99284,0,"BEVERAGES ALCOHOLIC",LIQUER
LFS,N010,0,"FOOD CUPBOARD","MILK AND CREAMERS"
LFS,N011,0,"FOOD CUPBOARD","MILK AND CREAMERS"
LFS,N037,0,BEVERAGES,DRINKS
LFS,N040,0,BEVERAGES,JUICE
LFS,N050,0,"FOOD CUPBOARD","SALT  SUGAR AND JAGGERY"
LFS,N071,0,"FOOD CUPBOARD","SALT  SUGAR AND JAGGERY"
LFS,N087,0,"FRESH DAIRY AND EGGS","Farm Eggs"
LFS,N088,0,"FRESH DAIRY AND EGGS","Farm Eggs"
LFS,N113,0,"HOME AND PERSONAL CARE","MENS GROOMING"
LFS,N114,0,"HOME AND PERSONAL CARE","MENS GROOMING"
LFS,N115,0,"FOOD CUPBOARD","CANNED FOOD"
LFS,92308,0,"FOOD CUPBOARD",CONDIMENTS
LFS,92309,0,"FOOD CUPBOARD","CANNED FOOD"
LFS,92310,0,"FOOD CUPBOARD","CANNED FOOD"
LFS,92329,0,BEVERAGES,"DRINKING POWDERS"
LFS,92352,0,"BEVERAGES ALCOHOLIC",Champagne
LFS,92353,0,"BEVERAGES ALCOHOLIC",WINES
LFS,92377,0,"FOOD CUPBOARD",CONFECTIONERY
LFS,92382,0,"FOOD CUPBOARD",CONFECTIONERY
LFS,92386,0,"BEVERAGES ALCOHOLIC","BOTTLE BEER"
LFS,93085,0,"BEVERAGES ALCOHOLIC","SPARKLING WINES"
LFS,93418,0,"FOOD CUPBOARD",BISCUITS
LFS,93419,0,"FOOD CUPBOARD",BISCUITS
LFS,93420,0,"FOOD CUPBOARD",BISCUITS
LFS,93549,0,"FOOD CUPBOARD",BISCUITS
LFS,96933,0,BEVERAGES,DRINKS
LFS,96963,0,"FOOD CUPBOARD",CONDIMENTS
LFS,97008,0,"LIVE PLANTS","LIVE PLANTS"
LFS,97015,0,"LIVE PLANTS","LIVE PLANTS"
LFS,97019,0,"LIVE PLANTS","LIVE PLANTS"
LFS,97124,0,"HOME AND PERSONAL CARE","PERSONAL WASH"
LFS,97126,0,"HOME AND PERSONAL CARE","PERSONAL WASH"
LFS,97128,0,"HOME AND PERSONAL CARE","PERSONAL WASH"
LFS,97129,0,"HOME AND PERSONAL CARE","PERSONAL WASH"
LFS,97241,0,"HOME AND PERSONAL CARE","LAUNDRY CARE"
LFS,97243,0,"HOME AND PERSONAL CARE","PERSONAL WASH"
LFS,97248,0,"HOME AND PERSONAL CARE","PERSONAL WASH"
LFS,97249,0,"HOME AND PERSONAL CARE",FRAGRANCES
LFS,97250,0,"HOME AND PERSONAL CARE",FRAGRANCES
LFS,97251,0,"HOME AND PERSONAL CARE",FRAGRANCES
LFS,97254,0,"HOME AND PERSONAL CARE",FRAGRANCES
LFS,97271,0,"FRESH DAIRY AND EGGS",cheeses
LFS,97272,0,"FRESH DAIRY AND EGGS",cheeses
LFS,97280,0,"FOOD CUPBOARD","SPICES AND HERBS"
LFS,71134,0,BEVERAGES,"DRINKING POWDERS"
LFS,71136,0,BEVERAGES,"DRINKING POWDERS"
LFS,71145,0,"HOME AND PERSONAL CARE","PERSONAL WASH"
LFS,71183,0,"BEVERAGES ALCOHOLIC",WINES
LFS,71229,0,"HOME AND PERSONAL CARE",FRESHENERS
LFS,71234,0,"HOME AND PERSONAL CARE",FRESHENERS
LFS,71239,0,"HOME AND PERSONAL CARE",FRESHENERS
LFS,71247,0,"HOME AND PERSONAL CARE",FRESHENERS
LFS,71248,0,"HOME AND PERSONAL CARE",FRESHENERS
LFS,71327,0,"HOME AND PERSONAL CARE",DISPOSABLE
LFS,71348,0,"FRESH DAIRY AND EGGS",Yoghurt
LFS,71350,0,"FRESH DAIRY AND EGGS",Yoghurt
LFS,71351,0,"FRESH DAIRY AND EGGS",Yoghurt
LFS,71490,0,"HOME AND PERSONAL CARE","HOUSEHOLD CLEANERS"
LFS,71585,0,"HOME AND PERSONAL CARE","LAUNDRY CARE"
LFS,71619,0,"FOOD CUPBOARD",BISCUITS
LFS,78246,0,"FOOD CUPBOARD",CONFECTIONERY
LFS,78427,0,BEVERAGES,TEA
LFS,78428,0,BEVERAGES,TEA
LFS,78429,0,BEVERAGES,TEA
LFS,78433,0,BEVERAGES,TEA
LFS,78503,0,"BEVERAGES ALCOHOLIC","VODKA BOTTLES"
LFS,78849,0,"HOME AND PERSONAL CARE",FRESHENERS
LFS,79119,0,"BEVERAGES ALCOHOLIC",WHISKEY
LFS,79156,0,"HOME AND PERSONAL CARE","ORAL CARE"
LFS,79158,0,"HOME AND PERSONAL CARE","ORAL CARE"
LFS,88560,0,"HOME AND PERSONAL CARE",DISPOSABLE
LFS,88561,0,"HOME AND PERSONAL CARE",DISPOSABLE
LFS,89479,0,"FOOD CUPBOARD",BISCUITS
LFS,89576,0,"FOOD CUPBOARD",CONFECTIONERY
LFS,89581,0,"FOOD CUPBOARD",CONFECTIONERY
LFS,89582,0,"FOOD CUPBOARD",CONFECTIONERY
LFS,89788,0,BEVERAGES,DRINKS
LFS,89789,0,"FOOD CUPBOARD",BISCUITS
LFS,64411,0,BEVERAGES,TEA
LFS,64473,0,"HOME AND PERSONAL CARE","HAIR CARE"
LFS,64474,0,"HOME AND PERSONAL CARE","HAIR CARE"
LFS,64515,0,"FRESH DAIRY AND EGGS",cheeses
LFS,64517,0,"HOME AND PERSONAL CARE","HOUSEHOLD CLEANERS"
LFS,64521,0,"HOME AND PERSONAL CARE","HAIR CARE"
LFS,64531,0,BEVERAGES,JUICE
LFS,64548,0,"FRESH DAIRY AND EGGS",Yoghurt
LFS,64661,0,"HOME AND PERSONAL CARE","PERSONAL WASH"
LFS,64662,0,"HOME AND PERSONAL CARE","PERSONAL WASH"
LFS,64663,0,"HOME AND PERSONAL CARE","PERSONAL WASH"
LFS,64664,0,"HOME AND PERSONAL CARE","ORAL CARE"
LFS,64710,0,"BEVERAGES ALCOHOLIC",WINES
LFS,64711,0,"BEVERAGES ALCOHOLIC",WINES
LFS,64712,0,"BEVERAGES ALCOHOLIC",WINES
LFS,64713,0,"BEVERAGES ALCOHOLIC",WINES
LFS,64715,0,"FOOD CUPBOARD",BISCUITS
LFS,64717,0,"FOOD CUPBOARD",BISCUITS
LFS,64794,0,"FOOD CUPBOARD",CONFECTIONERY
LFS,79189,0,BEVERAGES,DRINKS
LFS,79192,0,"HOME AND PERSONAL CARE","SHOE CARE"
LFS,79393,0,"FOOD CUPBOARD","DRINKING POWDER"
LFS,79430,0,"FOOD CUPBOARD","SPICES AND HERBS"
LFS,79440,0,"FOOD CUPBOARD","SPICES AND HERBS"
LFS,79446,0,BEVERAGES,"COCOA POWDER"
LFS,79453,0,"FOOD CUPBOARD","GRAINS AND PULSES"
LFS,79468,0,"HOME AND PERSONAL CARE","HAIR CARE"
LFS,79491,0,"FRESH DAIRY AND EGGS",Yoghurt
LFS,81253,0,"FOOD CUPBOARD",BISCUITS
LFS,81277,0,"HOME AND PERSONAL CARE",DISPOSABLE
LFS,81308,0,"FOOD CUPBOARD",CONFECTIONERY
LFS,81324,0,"FOOD CUPBOARD",CONFECTIONERY
LFS,81326,0,"FOOD CUPBOARD",CONDIMENTS
LFS,81328,0,"FOOD CUPBOARD",CONDIMENTS
LFS,81329,0,"FOOD CUPBOARD",CONDIMENTS
LFS,81351,0,"FOOD CUPBOARD",CONFECTIONERY
LFS,81364,0,"FOOD CUPBOARD",CONFECTIONERY
LFS,81376,0,"BEVERAGES ALCOHOLIC",LIQUER
LFS,81379,0,"BEVERAGES ALCOHOLIC",LIQUER
LFS,81380,0,"BEVERAGES ALCOHOLIC",LIQUER
LFS,89803,0,"HOME AND PERSONAL CARE","HOUSEHOLD CLEANERS"
LFS,89829,0,"BEVERAGES ALCOHOLIC",WINES
LFS,89852,0,"HOME AND PERSONAL CARE",DISPOSABLE
LFS,89857,0,"HOME AND PERSONAL CARE",DISPOSABLE
LFS,89914,0,"HOME AND PERSONAL CARE","SKIN CARE"
LFS,89922,0,"FOOD CUPBOARD",CONFECTIONERY
LFS,89923,0,"FOOD CUPBOARD",CONFECTIONERY
LFS,64796,0,"FOOD CUPBOARD",CONFECTIONERY
LFS,64800,0,"FOOD CUPBOARD",CONFECTIONERY
LFS,64806,0,"FOOD CUPBOARD",CONFECTIONERY
LFS,64818,0,"FOOD CUPBOARD",CONFECTIONERY
LFS,64819,0,"FOOD CUPBOARD",CONFECTIONERY
LFS,64830,0,"FOOD CUPBOARD",CONFECTIONERY
LFS,64838,0,"FOOD CUPBOARD",CONFECTIONERY
LFS,64842,0,"FOOD CUPBOARD",CONFECTIONERY
LFS,64843,0,"FOOD CUPBOARD",CONFECTIONERY
LFS,64845,0,"FOOD CUPBOARD",CONFECTIONERY
LFS,64846,0,"FOOD CUPBOARD",CONFECTIONERY
LFS,64853,0,"FOOD CUPBOARD",CONFECTIONERY
LFS,79583,0,"HOME AND PERSONAL CARE",DISPOSABLE
LFS,79585,0,"HOME AND PERSONAL CARE",DISPOSABLE
LFS,79586,0,"HOME AND PERSONAL CARE",DISPOSABLE
LFS,79603,0,"HOME AND PERSONAL CARE",DISPOSABLE
LFS,80371,0,"FRESH DAIRY AND EGGS","Farm Eggs"
LFS,80814,0,"BEVERAGES ALCOHOLIC",WINES
LFS,80991,0,"BEVERAGES ALCOHOLIC",WINES
LFS,80992,0,"BEVERAGES ALCOHOLIC",WINES
LFS,80993,0,BEVERAGES,"MINERAL WATER"
LFS,80994,0,BEVERAGES,"MINERAL WATER"
LFS,81134,0,"FOOD CUPBOARD",SNACKS
LFS,81135,0,"FOOD CUPBOARD",SNACKS
LFS,81159,0,"BEVERAGES ALCOHOLIC",WHISKEY
LFS,81393,0,"FOOD CUPBOARD",SNACKS
LFS,81398,0,"FOOD CUPBOARD",SNACKS
LFS,81401,0,"FOOD CUPBOARD",SNACKS
LFS,81403,0,"FOOD CUPBOARD",SNACKS
LFS,81406,0,"FOOD CUPBOARD",SNACKS
LFS,81407,0,"FOOD CUPBOARD",SNACKS
LFS,81408,0,"FOOD CUPBOARD",SNACKS
LFS,81410,0,"FOOD CUPBOARD",SNACKS
LFS,81411,0,"FOOD CUPBOARD",SNACKS
LFS,81419,0,"FOOD CUPBOARD",SNACKS
LFS,81420,0,"FOOD CUPBOARD",SNACKS
LFS,81421,0,"FOOD CUPBOARD",SNACKS
LFS,81424,0,"FOOD CUPBOARD",SNACKS
LFS,81425,0,"FOOD CUPBOARD",SNACKS
LFS,81428,0,"FOOD CUPBOARD",SNACKS
LFS,81431,0,"FOOD CUPBOARD",SNACKS
LFS,81433,0,"FOOD CUPBOARD",SNACKS
LFS,81436,0,"FOOD CUPBOARD",SNACKS
LFS,55372,0,"HOME AND PERSONAL CARE",FRESHENERS
LFS,55374,0,"HOME AND PERSONAL CARE","HOUSEHOLD CLEANERS"
LFS,55487,0,"FROZEN FOOD",VEGETABLE
LFS,55488,0,"FOOD CUPBOARD",CONFECTIONERY
LFS,55494,0,"BEVERAGES ALCOHOLIC","COGNAC / BRANDY"
LFS,55526,0,"FOOD CUPBOARD",CONDIMENTS
LFS,55535,0,BEVERAGES,"DRINKING POWDERS"
LFS,55557,0,BEVERAGES,JUICE
LFS,64857,0,"FOOD CUPBOARD",CONFECTIONERY
LFS,64990,0,"HOME AND PERSONAL CARE","HEALTH AND WELLNESS"
LFS,65106,0,"FROZEN FOOD",ICE-CREAM
LFS,65111,0,"HOME AND PERSONAL CARE",DISPOSABLE
LFS,65112,0,"HOME AND PERSONAL CARE","ORAL CARE"
LFS,65155,0,"FOOD CUPBOARD",SNACKS
LFS,65156,0,"FOOD CUPBOARD",SNACKS
LFS,65159,0,"FOOD CUPBOARD",SNACKS
LFS,65160,0,"FOOD CUPBOARD",SNACKS
LFS,65161,0,"FOOD CUPBOARD",SNACKS
LFS,65261,0,"FOOD CUPBOARD",SNACKS
LFS,65277,0,"BEVERAGES ALCOHOLIC",WINES
LFS,65358,0,BEVERAGES,DRINKS
LFS,65359,0,BEVERAGES,DRINKS
LFS,65360,0,BEVERAGES,DRINKS
LFS,65361,0,BEVERAGES,DRINKS
LFS,65363,0,BEVERAGES,JUICE
LFS,65370,0,"FOOD CUPBOARD","CANNED FOOD"
LFS,71621,0,"FOOD CUPBOARD",BISCUITS
LFS,71641,0,"HOME AND PERSONAL CARE",DISPOSABLE
LFS,71755,0,"HOME AND PERSONAL CARE","PERSONAL WASH"
LFS,71756,0,"HOME AND PERSONAL CARE","PERSONAL WASH"
LFS,71757,0,"HOME AND PERSONAL CARE","PERSONAL WASH"
LFS,71811,0,"FOOD CUPBOARD","CANNED FOOD"
LFS,71816,0,"HOME AND PERSONAL CARE","ORAL CARE"
LFS,71817,0,"HOME AND PERSONAL CARE","ORAL CARE"
LFS,71821,0,"HOME AND PERSONAL CARE",FRESHENERS
LFS,71822,0,"HOME AND PERSONAL CARE",FRESHENERS
LFS,71823,0,"HOME AND PERSONAL CARE",FRESHENERS
LFS,71863,0,"HOME AND PERSONAL CARE","FEMININE CARE"
LFS,71877,0,"FOOD CUPBOARD","MILK AND CREAMERS"
LFS,71981,0,"HOME AND PERSONAL CARE","LAUNDRY CARE"
LFS,81478,0,"FRESH DAIRY AND EGGS",Yoghurt
LFS,81497,0,"FRESH DAIRY AND EGGS",Yoghurt
LFS,81498,0,"FRESH DAIRY AND EGGS",Yoghurt
LFS,81503,0,"FRESH DAIRY AND EGGS",Yoghurt
LFS,81504,0,"FRESH DAIRY AND EGGS",Yoghurt
LFS,81505,0,"FRESH DAIRY AND EGGS",Yoghurt
LFS,81511,0,"FRESH DAIRY AND EGGS",Yoghurt
LFS,81545,0,"HOME AND PERSONAL CARE","LAUNDRY CARE"
LFS,81667,0,BEVERAGES,DRINKS
LFS,81671,0,BEVERAGES,JUICE
LFS,81672,0,BEVERAGES,DRINKS
LFS,81728,0,"HOME AND PERSONAL CARE","PERSONAL WASH"
LFS,55685,0,"HOME AND PERSONAL CARE",DISPOSABLE
LFS,55686,0,"HOME AND PERSONAL CARE",DISPOSABLE
LFS,55688,0,"FOOD CUPBOARD",CONFECTIONERY
LFS,55700,0,BEVERAGES,"DRINKING POWDERS"
LFS,55702,0,"FRESH DAIRY AND EGGS",Cream
LFS,55728,0,"FOOD CUPBOARD","BREAKFAST CEREALS"
LFS,55796,0,BEVERAGES,"DRINKING POWDERS"
LFS,55929,0,"HOME AND PERSONAL CARE","INFANT AND BABY CARE"
LFS,55994,0,"HOME AND PERSONAL CARE",FRESHENERS
LFS,55999,0,"HOME AND PERSONAL CARE",FRESHENERS
LFS,56002,0,"HOME AND PERSONAL CARE",FRESHENERS
LFS,56005,0,"HOME AND PERSONAL CARE",FRESHENERS
LFS,56135,0,"BEVERAGES ALCOHOLIC",WINES
LFS,56619,0,"HOME AND PERSONAL CARE",DISPOSABLE
LFS,56622,0,"HOME AND PERSONAL CARE",DISPOSABLE
LFS,65371,0,"FOOD CUPBOARD","CANNED FOOD"
LFS,65457,0,"FOOD CUPBOARD",BISCUITS
LFS,65461,0,"FOOD CUPBOARD",CONFECTIONERY
LFS,65462,0,"FOOD CUPBOARD",CONFECTIONERY
LFS,65467,0,"FRESH DAIRY AND EGGS",Yoghurt
LFS,65469,0,"FRESH DAIRY AND EGGS",Yoghurt
LFS,65470,0,"FRESH DAIRY AND EGGS",Yoghurt
LFS,65526,0,BEVERAGES,JUICE
LFS,65529,0,BEVERAGES,JUICE
LFS,65544,0,"HOME AND PERSONAL CARE",DISPOSABLE
LFS,65901,0,"FOOD CUPBOARD",FLOURS
LFS,65902,0,"FOOD CUPBOARD","SALT  SUGAR AND JAGGERY"
LFS,65904,0,"FOOD CUPBOARD","BREAKFAST CEREALS"
LFS,65905,0,"FOOD CUPBOARD","SALT  SUGAR AND JAGGERY"
LFS,66029,0,"HOME AND PERSONAL CARE","INFANT AND BABY CARE"
LFS,72101,0,"HOME AND PERSONAL CARE","ORAL CARE"
LFS,72126,0,"BEVERAGES ALCOHOLIC",WINES
LFS,72127,0,"BEVERAGES ALCOHOLIC",WINES
LFS,72132,0,BEVERAGES,"DRINKING POWDERS"
LFS,72133,0,BEVERAGES,"DRINKING POWDERS"
LFS,72254,0,"FROZEN FOOD",VEGETABLE
LFS,72298,0,"FOOD CUPBOARD",BISCUITS
LFS,82704,0,"FOOD CUPBOARD","EDIBLE OILS AND GHEE"
LFS,82705,0,"FOOD CUPBOARD","EDIBLE OILS AND GHEE"
LFS,82710,0,"HOME AND PERSONAL CARE",FRAGRANCES
LFS,82711,0,"HOME AND PERSONAL CARE",FRAGRANCES
LFS,82781,0,"FOOD CUPBOARD","BABY FOOD"
LFS,82782,0,"FOOD CUPBOARD","BABY FOOD"
LFS,82783,0,"FOOD CUPBOARD","BABY FOOD"
LFS,82784,0,"FOOD CUPBOARD","BABY FOOD"
LFS,82785,0,"FOOD CUPBOARD","BABY FOOD"
LFS,82790,0,"HOME AND PERSONAL CARE",FRAGRANCES
LFS,82792,0,"HOME AND PERSONAL CARE",FRAGRANCES
LFS,82855,0,"HOME AND PERSONAL CARE",DISPOSABLE
LFS,56627,0,"HOME AND PERSONAL CARE","INFANT AND BABY CARE"
LFS,56628,0,"HOME AND PERSONAL CARE","HOUSEHOLD CLEANERS"
LFS,56630,0,"HOME AND PERSONAL CARE","HOUSEHOLD CLEANERS"
LFS,56679,0,"HOME AND PERSONAL CARE","HEALTH AND WELLNESS"
LFS,56685,0,"FOOD CUPBOARD",CONFECTIONERY
LFS,56686,0,"FOOD CUPBOARD",CONFECTIONERY
LFS,56687,0,"FOOD CUPBOARD",CONFECTIONERY
LFS,57162,0,"HOME AND PERSONAL CARE","PERSONAL WASH"
LFS,57163,0,"HOME AND PERSONAL CARE","PERSONAL WASH"
LFS,57350,0,"HOME AND PERSONAL CARE","HAIR CARE"
LFS,57499,0,"HOME AND PERSONAL CARE",DISPOSABLE
LFS,66048,0,"BEVERAGES ALCOHOLIC","SPARKLING WINES"
LFS,66315,0,BEVERAGES,TEA
LFS,66316,0,BEVERAGES,TEA
LFS,66439,0,"HOME AND PERSONAL CARE","SKIN CARE"
LFS,66443,0,"HOME AND PERSONAL CARE","SKIN CARE"
LFS,66523,0,BEVERAGES,JUICE
LFS,66540,0,"FOOD CUPBOARD","GRAINS AND PULSES"
LFS,66546,0,"FOOD CUPBOARD",SNACKS
LFS,72386,0,"FOOD CUPBOARD",BISCUITS
LFS,72393,0,"FOOD CUPBOARD","MILK AND CREAMERS"
LFS,72394,0,"FOOD CUPBOARD","MILK AND CREAMERS"
LFS,72395,0,"FOOD CUPBOARD","MILK AND CREAMERS"
LFS,72397,0,"FOOD CUPBOARD","MILK AND CREAMERS"
LFS,72506,0,"FOOD CUPBOARD","SALT  SUGAR AND JAGGERY"
LFS,72507,0,"FOOD CUPBOARD","SALT  SUGAR AND JAGGERY"
LFS,72561,0,"HOME AND PERSONAL CARE","PET CARE"
LFS,72670,0,"HOME AND PERSONAL CARE","HOUSEHOLD CLEANERS"
LFS,72676,0,"HOME AND PERSONAL CARE","HOUSEHOLD CLEANERS"
LFS,72677,0,"HOME AND PERSONAL CARE","HOUSEHOLD CLEANERS"
LFS,83055,0,"FOOD CUPBOARD",CONFECTIONERY
LFS,83086,0,BEVERAGES,TEA
LFS,83090,0,"HOME AND PERSONAL CARE","HOUSEHOLD CLEANERS"
LFS,83094,0,"FOOD CUPBOARD",CONDIMENTS
LFS,83192,0,"HOME AND PERSONAL CARE","PERSONAL WASH"
LFS,83196,0,"HOME AND PERSONAL CARE","PERSONAL WASH"
LFS,83236,0,"FOOD CUPBOARD",FLOURS
LFS,83249,0,"FOOD CUPBOARD","GRAINS AND PULSES"
LFS,83254,0,"FOOD CUPBOARD",CONFECTIONERY
LFS,83286,0,"BEVERAGES ALCOHOLIC",WHISKEY
LFS,83289,0,"BEVERAGES ALCOHOLIC",WHISKEY
LFS,57554,0,"HOME AND PERSONAL CARE","LAUNDRY CARE"
LFS,57618,0,"FOOD CUPBOARD","RAW RICE"
LFS,57659,0,"FOOD CUPBOARD",FLOURS
LFS,57661,0,"FOOD CUPBOARD",FLOURS
LFS,57745,0,BEVERAGES,DRINKS
LFS,57746,0,BEVERAGES,DRINKS
LFS,57757,0,"FOOD CUPBOARD",CONDIMENTS
LFS,57848,0,"HOME AND PERSONAL CARE",DISPOSABLE
LFS,57859,0,"HOME AND PERSONAL CARE",DISPOSABLE
LFS,66564,0,"FOOD CUPBOARD",CONFECTIONERY
LFS,66603,0,"HOME AND PERSONAL CARE",FRAGRANCES
LFS,66604,0,"HOME AND PERSONAL CARE",FRAGRANCES
LFS,66605,0,"HOME AND PERSONAL CARE",DISPOSABLE
LFS,66683,0,"HOME AND PERSONAL CARE",DISPOSABLE
LFS,66700,0,"HOME AND PERSONAL CARE",DISPOSABLE
LFS,66822,0,"BEVERAGES ALCOHOLIC",WINES
LFS,66899,0,"HOME AND PERSONAL CARE","HOUSEHOLD CLEANERS"
LFS,66900,0,"HOME AND PERSONAL CARE","HOUSEHOLD CLEANERS"
LFS,66912,0,"HOME AND PERSONAL CARE","LAUNDRY CARE"
LFS,66914,0,"HOME AND PERSONAL CARE","HOUSEHOLD CLEANERS"
LFS,66915,0,"HOME AND PERSONAL CARE","HOUSEHOLD CLEANERS"
LFS,72679,0,"HOME AND PERSONAL CARE","HOUSEHOLD CLEANERS"
LFS,72746,0,"HOME AND PERSONAL CARE",DISPOSABLE
LFS,72784,0,"HOME AND PERSONAL CARE","INSECTICIDES AND RODENT CONTROL"
LFS,72785,0,"HOME AND PERSONAL CARE","INSECTICIDES AND RODENT CONTROL"
LFS,72786,0,"HOME AND PERSONAL CARE","INSECTICIDES AND RODENT CONTROL"
LFS,72787,0,"HOME AND PERSONAL CARE","INSECTICIDES AND RODENT CONTROL"
LFS,72788,0,"HOME AND PERSONAL CARE","INSECTICIDES AND RODENT CONTROL"
LFS,72789,0,"FOOD CUPBOARD",FLOURS
LFS,72790,0,"FOOD CUPBOARD",FLOURS
LFS,72798,0,"FOOD CUPBOARD","CANNED FOOD"
LFS,72799,0,"FOOD CUPBOARD","CANNED FOOD"
LFS,72801,0,"FOOD CUPBOARD",BISCUITS
LFS,73045,0,"HOME AND PERSONAL CARE",FRAGRANCES
LFS,73047,0,"HOME AND PERSONAL CARE",FRAGRANCES
LFS,73050,0,"HOME AND PERSONAL CARE",FRAGRANCES
LFS,83361,0,"FOOD CUPBOARD","BREAKFAST CEREALS"
LFS,83362,0,"FOOD CUPBOARD","BREAKFAST CEREALS"
LFS,83363,0,"FOOD CUPBOARD","BREAKFAST CEREALS"
LFS,83509,0,"HOME AND PERSONAL CARE","HAIR CARE"
LFS,83513,0,"HOME AND PERSONAL CARE","HAIR CARE"
LFS,83614,0,BEVERAGES,"DRINKING POWDERS"
LFS,83619,0,"HOME AND PERSONAL CARE","ORAL CARE"
LFS,83626,0,"FOOD CUPBOARD",CONFECTIONERY
LFS,83627,0,"FOOD CUPBOARD",CONFECTIONERY
LFS,57861,0,"HOME AND PERSONAL CARE",DISPOSABLE
LFS,57869,0,"HOME AND PERSONAL CARE","HOUSEHOLD CLEANERS"
LFS,57878,0,"HOME AND PERSONAL CARE","HOUSEHOLD CLEANERS"
LFS,57960,0,"FOOD CUPBOARD",BISCUITS
LFS,57985,0,"HOME AND PERSONAL CARE","ORAL CARE"
LFS,58151,0,BEVERAGES,COFFEE
LFS,58163,0,"FRESH DAIRY AND EGGS",Yoghurt
LFS,58187,0,"HOME AND PERSONAL CARE","ORAL CARE"
LFS,58188,0,"HOME AND PERSONAL CARE","ORAL CARE"
LFS,58190,0,"HOME AND PERSONAL CARE","ORAL CARE"
LFS,58203,0,"FOOD CUPBOARD",CONFECTIONERY
LFS,58208,0,"FOOD CUPBOARD",CONFECTIONERY
LFS,58209,0,"FOOD CUPBOARD",CONFECTIONERY
LFS,66918,0,"HOME AND PERSONAL CARE","HOUSEHOLD CLEANERS"
LFS,66920,0,"HOME AND PERSONAL CARE","HEALTH AND WELLNESS"
LFS,66921,0,"HOME AND PERSONAL CARE","HOUSEHOLD CLEANERS"
LFS,66922,0,"HOME AND PERSONAL CARE","HOUSEHOLD CLEANERS"
LFS,66940,0,"HOME AND PERSONAL CARE","HEALTH AND WELLNESS"
LFS,67028,0,"FRESH DAIRY AND EGGS",Yoghurt
LFS,67037,0,"FRESH DAIRY AND EGGS",Yoghurt
LFS,67038,0,"FRESH DAIRY AND EGGS",Yoghurt
LFS,67040,0,"FRESH DAIRY AND EGGS",Butters
LFS,67041,0,"FRESH DAIRY AND EGGS",Butters
LFS,67241,0,"FRESH DAIRY AND EGGS",cheeses
LFS,67242,0,"FRESH DAIRY AND EGGS",cheeses
LFS,73148,0,"FOOD CUPBOARD",CONDIMENTS
LFS,73149,0,"FOOD CUPBOARD",CONDIMENTS
LFS,73277,0,"FOOD CUPBOARD",CONFECTIONERY
LFS,73552,0,"BEVERAGES ALCOHOLIC","VODKA BOTTLES"
LFS,73752,0,"HOME AND PERSONAL CARE","INFANT AND BABY CARE"
LFS,73835,0,"HOME AND PERSONAL CARE",FRAGRANCES
LFS,73859,0,"FOOD CUPBOARD","SALT  SUGAR AND JAGGERY"
LFS,83660,0,BEVERAGES,"DRINKING POWDERS"
LFS,83661,0,"FOOD CUPBOARD",CONDIMENTS
LFS,83664,0,"FOOD CUPBOARD",CONDIMENTS
LFS,83665,0,"FOOD CUPBOARD",CONDIMENTS
LFS,83671,0,"FOOD CUPBOARD",CONDIMENTS
LFS,83676,0,"FOOD CUPBOARD","SPICES AND HERBS"
LFS,83693,0,"HOME AND PERSONAL CARE","HOUSEHOLD CLEANERS"
LFS,83704,0,"HOME AND PERSONAL CARE","LAUNDRY CARE"
LFS,83750,0,"HOME AND PERSONAL CARE",DISPOSABLE
LFS,83751,0,"HOME AND PERSONAL CARE",DISPOSABLE
LFS,83759,0,"HOME AND PERSONAL CARE","ORAL CARE"
LFS,83765,0,"FOOD CUPBOARD","SPREADS AND TOPPING"
LFS,58699,0,"HOME AND PERSONAL CARE",DISPOSABLE
LFS,58871,0,"FOOD CUPBOARD","SPREADS AND TOPPING"
LFS,59208,0,"FOOD CUPBOARD",BISCUITS
LFS,59213,0,"FOOD CUPBOARD",BISCUITS
LFS,59218,0,"BEVERAGES ALCOHOLIC",WHISKEY
LFS,59220,0,"BEVERAGES ALCOHOLIC",WHISKEY
LFS,59330,0,"HOME AND PERSONAL CARE","PERSONAL WASH"
LFS,59332,0,"HOME AND PERSONAL CARE","PERSONAL WASH"
LFS,59337,0,"HOME AND PERSONAL CARE","HOUSEHOLD CLEANERS"
LFS,67430,0,"FOOD CUPBOARD","TOMATO PASTE"
LFS,67432,0,"FOOD CUPBOARD","TOMATO PASTE"
LFS,67499,0,"HOME AND PERSONAL CARE",DISPOSABLE
LFS,67502,0,"HOME AND PERSONAL CARE",DISPOSABLE
LFS,67505,0,"HOME AND PERSONAL CARE",DISPOSABLE
LFS,67511,0,"HOME AND PERSONAL CARE",DISPOSABLE
LFS,67516,0,"HOME AND PERSONAL CARE",DISPOSABLE
LFS,67519,0,"HOME AND PERSONAL CARE",DISPOSABLE
LFS,67522,0,"HOME AND PERSONAL CARE",DISPOSABLE
LFS,67529,0,"HOME AND PERSONAL CARE",DISPOSABLE
LFS,67534,0,"HOME AND PERSONAL CARE",DISPOSABLE
LFS,67576,0,"FRESH DAIRY AND EGGS",cheeses
LFS,67579,0,"FRESH DAIRY AND EGGS","Farm Eggs"
LFS,67581,0,"FRESH DAIRY AND EGGS","Farm Eggs"
LFS,67582,0,"FRESH DAIRY AND EGGS","Farm Eggs"
LFS,73973,0,"FOOD CUPBOARD","SPREADS AND TOPPING"
LFS,73976,0,"FOOD CUPBOARD","SPREADS AND TOPPING"
LFS,73977,0,"FOOD CUPBOARD","SPREADS AND TOPPING"
LFS,74113,0,"FOOD CUPBOARD",SNACKS
LFS,74184,0,BEVERAGES,DRINKS
LFS,74247,0,BEVERAGES,DRINKS
LFS,74365,0,"BEVERAGES ALCOHOLIC",WINES
LFS,74503,0,"FOOD CUPBOARD",CONFECTIONERY
LFS,74855,0,"FOOD CUPBOARD",SNACKS
LFS,74856,0,"FOOD CUPBOARD",SNACKS
LFS,74864,0,"FOOD CUPBOARD",FLOURS
LFS,83771,0,BEVERAGES,DRINKS
LFS,83772,0,BEVERAGES,TEA
LFS,83782,0,BEVERAGES,JUICE
LFS,83925,0,"FOOD CUPBOARD",CONFECTIONERY
LFS,84724,0,"FRUITS- IMPORT",Fruits
LFS,84805,0,"FOOD CUPBOARD","CANNED FOOD"
LFS,84807,0,"FOOD CUPBOARD","CANNED FOOD"
LFS,84828,0,"HOME AND PERSONAL CARE","PERSONAL WASH"
LFS,84876,0,"FOOD CUPBOARD",SNACKS
LFS,84883,0,"FOOD CUPBOARD",SNACKS
LFS,84910,0,"HOME AND PERSONAL CARE","HAIR CARE"
LFS,84920,0,"HOME AND PERSONAL CARE","SKIN CARE"
LFS,84923,0,"HOME AND PERSONAL CARE","HAIR CARE"
LFS,84926,0,"HOME AND PERSONAL CARE","HAIR CARE"
LFS,84932,0,"HOME AND PERSONAL CARE","HAIR CARE"
LFS,84938,0,"HOME AND PERSONAL CARE",DISPOSABLE
LFS,84963,0,"HOME AND PERSONAL CARE","HAIR CARE"
LFS,85252,0,"FOOD CUPBOARD",CONFECTIONERY
LFS,59674,0,"FOOD CUPBOARD",BISCUITS
LFS,59680,0,"FOOD CUPBOARD",BISCUITS
LFS,59709,0,"HOME AND PERSONAL CARE",FRAGRANCES
LFS,59769,0,"HOME AND PERSONAL CARE","PERSONAL WASH"
LFS,59773,0,"HOME AND PERSONAL CARE","PERSONAL WASH"
LFS,59829,0,"HOME AND PERSONAL CARE","PERSONAL WASH"
LFS,59830,0,"HOME AND PERSONAL CARE","PERSONAL WASH"
LFS,59865,0,"FOOD CUPBOARD",CONDIMENTS
LFS,59991,0,"HOME AND PERSONAL CARE",DISPOSABLE
LFS,60371,0,BEVERAGES,COFFEE
LFS,67583,0,"FRESH DAIRY AND EGGS",Cream
LFS,67584,0,"FRESH DAIRY AND EGGS",Cream
LFS,67661,0,"BEVERAGES ALCOHOLIC",Champagne
LFS,67665,0,"FOOD CUPBOARD",CONFECTIONERY
LFS,67728,0,"HOME AND PERSONAL CARE","ORAL CARE"
LFS,67737,0,BEVERAGES,DRINKS
LFS,67741,0,BEVERAGES,JUICE
LFS,67755,0,"FOOD CUPBOARD","SALT  SUGAR AND JAGGERY"
LFS,67792,0,"HOME AND PERSONAL CARE","PERSONAL WASH"
LFS,67793,0,"HOME AND PERSONAL CARE","PERSONAL WASH"
LFS,67999,0,"HOME AND PERSONAL CARE",DISPOSABLE
LFS,68187,0,BEVERAGES,DRINKS
LFS,68197,0,BEVERAGES,DRINKS
LFS,68201,0,BEVERAGES,JUICE
LFS,68202,0,BEVERAGES,JUICE
LFS,74932,0,"FOOD CUPBOARD",CONFECTIONERY
LFS,74953,0,"HOME AND PERSONAL CARE",DISPOSABLE
LFS,74978,0,"FOOD CUPBOARD",FLOURS
LFS,75019,0,"FOOD CUPBOARD","EDIBLE OILS AND GHEE"
LFS,75020,0,"FOOD CUPBOARD","EDIBLE OILS AND GHEE"
LFS,75021,0,"FOOD CUPBOARD","EDIBLE OILS AND GHEE"
LFS,75054,0,"HOME AND PERSONAL CARE",DISPOSABLE
LFS,75354,0,"FOOD CUPBOARD",CONFECTIONERY
LFS,85257,0,"FOOD CUPBOARD",CONFECTIONERY
LFS,85346,0,"BEVERAGES ALCOHOLIC",WINES
LFS,85348,0,"BEVERAGES ALCOHOLIC",WINES
LFS,85349,0,"BEVERAGES ALCOHOLIC",WINES
LFS,85351,0,"BEVERAGES ALCOHOLIC",WHISKEY
LFS,85489,0,"BEVERAGES ALCOHOLIC",WINES
LFS,85494,0,"FOOD CUPBOARD","PASTA AND SPAGHETTI"
LFS,85495,0,"FOOD CUPBOARD","PASTA AND SPAGHETTI"
LFS,85497,0,"FOOD CUPBOARD","PASTA AND SPAGHETTI"
LFS,85500,0,"FOOD CUPBOARD",CONFECTIONERY
LFS,85565,0,"BEVERAGES ALCOHOLIC",WHISKEY
LFS,85566,0,"BEVERAGES ALCOHOLIC",WHISKEY
LFS,85651,0,BEVERAGES,JUICE
LFS,85653,0,BEVERAGES,JUICE
LFS,60381,0,BEVERAGES,COFFEE
LFS,60384,0,BEVERAGES,COFFEE
LFS,60437,0,"HOME AND PERSONAL CARE",DISPOSABLE
LFS,60512,0,"FOOD CUPBOARD","PASTA AND SPAGHETTI"
LFS,60514,0,"HOME AND PERSONAL CARE","SKIN CARE"
LFS,60515,0,"HOME AND PERSONAL CARE","SKIN CARE"
LFS,60594,0,"HOME AND PERSONAL CARE",FRESHENERS
LFS,60598,0,"HOME AND PERSONAL CARE",FRESHENERS
LFS,68217,0,"HOME AND PERSONAL CARE","PERSONAL WASH"
LFS,68335,0,"FROZEN FOOD",FISH
LFS,68458,0,"FOOD CUPBOARD",SNACKS
LFS,75457,0,"HOME AND PERSONAL CARE","PET CARE"
LFS,75458,0,"HOME AND PERSONAL CARE","PET CARE"
LFS,75495,0,BEVERAGES,"MINERAL WATER"
LFS,75497,0,BEVERAGES,DRINKS
LFS,75626,0,"BEVERAGES ALCOHOLIC",WHISKEY
LFS,85663,0,"FOOD CUPBOARD","BABY FOOD"
LFS,85667,0,"BEVERAGES ALCOHOLIC",WHISKEY
LFS,85917,0,"HOME AND PERSONAL CARE","FEMININE CARE"
LFS,85974,0,"FOOD CUPBOARD",CONFECTIONERY
LFS,85985,0,"FOOD CUPBOARD","SPREADS AND TOPPING"
LFS,85986,0,"FOOD CUPBOARD","SPICES AND HERBS"
LFS,85990,0,"HOME AND PERSONAL CARE","ORAL CARE"
LFS,60637,0,"FRESH DAIRY AND EGGS",Butters
LFS,60651,0,"FRESH - RAMY","VEGETABLES - RAMY"
LFS,60653,0,"FRESH DAIRY AND EGGS",cheeses
LFS,60785,0,"HOME AND PERSONAL CARE","SKIN CARE"
LFS,60853,0,"FOOD CUPBOARD","HONEY  JAM AND MARMALADE"
LFS,60897,0,"BEVERAGES ALCOHOLIC","SPARKLING WINES"
LFS,60898,0,"BEVERAGES ALCOHOLIC","SPARKLING WINES"
LFS,60997,0,"FOOD CUPBOARD","SALT  SUGAR AND JAGGERY"
LFS,68465,0,"HOME AND PERSONAL CARE","COLOR COSMETICS"
LFS,68483,0,"BEVERAGES ALCOHOLIC",WINES
LFS,68484,0,"BEVERAGES ALCOHOLIC",WINES
LFS,68485,0,"BEVERAGES ALCOHOLIC",WINES
LFS,68487,0,"BEVERAGES ALCOHOLIC",WINES
LFS,68488,0,"BEVERAGES ALCOHOLIC",WINES
LFS,68507,0,"FOOD CUPBOARD",FLOURS
LFS,68557,0,"FOOD CUPBOARD","CANNED FOOD"
LFS,68563,0,BEVERAGES,TEA
LFS,68570,0,"HOME AND PERSONAL CARE",FRAGRANCES
LFS,68577,0,"HOME AND PERSONAL CARE",FRAGRANCES
LFS,68722,0,BEVERAGES,"MINERAL WATER"
LFS,68734,0,"FOOD CUPBOARD","BREAKFAST CEREALS"
LFS,68858,0,"FOOD CUPBOARD","BREAKFAST CEREALS"
LFS,75656,0,"FOOD CUPBOARD","SPREADS AND TOPPING"
LFS,75807,0,"FRESH DAIRY AND EGGS",Yoghurt
LFS,75826,0,"HOME AND PERSONAL CARE","PERSONAL WASH"
LFS,75828,0,"HOME AND PERSONAL CARE","PERSONAL WASH"
LFS,75902,0,"BEVERAGES ALCOHOLIC",WINES
LFS,75912,0,"FOOD CUPBOARD",BISCUITS
LFS,75914,0,"FOOD CUPBOARD",BISCUITS
LFS,76003,0,BEVERAGES,TEA
LFS,76007,0,BEVERAGES,TEA
LFS,76010,0,BEVERAGES,TEA
LFS,76012,0,"FROZEN FOOD","POTATO CHIPS"
LFS,86133,0,"HOME AND PERSONAL CARE","LAUNDRY CARE"
LFS,86385,0,"BEVERAGES ALCOHOLIC",BITTERS
LFS,86408,0,"HOME AND PERSONAL CARE","PERSONAL WASH"
LFS,86410,0,"HOME AND PERSONAL CARE","HEALTH AND WELLNESS"
LFS,86514,0,"FOOD CUPBOARD",SNACKS
LFS,86515,0,"FOOD CUPBOARD",SNACKS
LFS,86516,0,"FOOD CUPBOARD","SPREADS AND TOPPING"
LFS,86896,0,"HOME AND PERSONAL CARE",FRESHENERS
LFS,86912,0,"FOOD CUPBOARD",SNACKS
LFS,61173,0,"HOME AND PERSONAL CARE",DISPOSABLE
LFS,61174,0,"HOME AND PERSONAL CARE",DISPOSABLE
LFS,61187,0,"HOME AND PERSONAL CARE","HOUSEHOLD CLEANERS"
LFS,61188,0,"HOME AND PERSONAL CARE","HOUSEHOLD CLEANERS"
LFS,61238,0,"HOME AND PERSONAL CARE",DISPOSABLE
LFS,61257,0,"HOME AND PERSONAL CARE",FRESHENERS
LFS,61258,0,"HOME AND PERSONAL CARE",FRESHENERS
LFS,61347,0,"BEVERAGES ALCOHOLIC",BITTERS
LFS,61348,0,"BEVERAGES ALCOHOLIC","BOTTLE BEER"
LFS,61352,0,"FOOD CUPBOARD",BISCUITS
LFS,61444,0,"FOOD CUPBOARD","SPREADS AND TOPPING"
LFS,68859,0,"FOOD CUPBOARD","BREAKFAST CEREALS"
LFS,68915,0,"HOME AND PERSONAL CARE",DISPOSABLE
LFS,68916,0,"HOME AND PERSONAL CARE",DISPOSABLE
LFS,68918,0,"HOME AND PERSONAL CARE",DISPOSABLE
LFS,68919,0,"HOME AND PERSONAL CARE",DISPOSABLE
LFS,69055,0,BEVERAGES,DRINKS
LFS,69059,0,BEVERAGES,DRINKS
LFS,69063,0,"FOOD CUPBOARD",CONFECTIONERY
LFS,69091,0,"FOOD CUPBOARD",CONFECTIONERY
LFS,69122,0,"HOME AND PERSONAL CARE",DISPOSABLE
LFS,69154,0,BEVERAGES,"MINERAL WATER"
LFS,69225,0,BEVERAGES,DRINKS
LFS,69380,0,"FOOD CUPBOARD",BISCUITS
LFS,69415,0,"FOOD CUPBOARD","SPREADS AND TOPPING"
LFS,76020,0,"FOOD CUPBOARD","HONEY  JAM AND MARMALADE"
LFS,76084,0,"FOOD CUPBOARD","SPREADS AND TOPPING"
LFS,76087,0,"FOOD CUPBOARD","SPREADS AND TOPPING"
LFS,76088,0,"FOOD CUPBOARD","SPREADS AND TOPPING"
LFS,76111,0,"BEVERAGES ALCOHOLIC",Champagne
LFS,76120,0,"HOME AND PERSONAL CARE","FEMININE CARE"
LFS,76236,0,"FOOD CUPBOARD",CONFECTIONERY
LFS,76708,0,"FOOD CUPBOARD",SNACKS
LFS,76710,0,"FOOD CUPBOARD",SNACKS
LFS,76714,0,"FOOD CUPBOARD",SNACKS
LFS,76715,0,"FOOD CUPBOARD",SNACKS
LFS,76799,0,"FOOD CUPBOARD",CONFECTIONERY
LFS,76886,0,"FOOD CUPBOARD","EDIBLE OILS AND GHEE"
LFS,76887,0,"FOOD CUPBOARD","EDIBLE OILS AND GHEE"
LFS,86916,0,"FOOD CUPBOARD",CONDIMENTS
LFS,86918,0,"FOOD CUPBOARD",BISCUITS
LFS,86938,0,"HOME AND PERSONAL CARE","INFANT AND BABY CARE"
LFS,86980,0,"HOME AND PERSONAL CARE","PET CARE"
LFS,86981,0,"HOME AND PERSONAL CARE","PET CARE"
LFS,86991,0,"FOOD CUPBOARD",CONFECTIONERY
LFS,86992,0,"FOOD CUPBOARD",CONFECTIONERY
LFS,87467,0,"HOME AND PERSONAL CARE","LAUNDRY CARE"
LFS,87469,0,"HOME AND PERSONAL CARE","PERSONAL WASH"
LFS,61455,0,"BEVERAGES ALCOHOLIC",TOBACCO
LFS,61521,0,"FOOD CUPBOARD","NOODLES AND SOUP"
LFS,61527,0,BEVERAGES,DRINKS
LFS,61533,0,"FOOD CUPBOARD",BISCUITS
LFS,61535,0,"FOOD CUPBOARD",BISCUITS
LFS,61541,0,BEVERAGES,DRINKS
LFS,61581,0,BEVERAGES,JUICE
LFS,61767,0,"FOOD CUPBOARD","BABY FOOD"
LFS,61769,0,"FOOD CUPBOARD",CONDIMENTS
LFS,62260,0,BEVERAGES,DRINKS
LFS,62429,0,"HOME AND PERSONAL CARE","FEMININE CARE"
LFS,69470,0,BEVERAGES,"DRINKING POWDERS"
LFS,69522,0,"HOME AND PERSONAL CARE","LAUNDRY CARE"
LFS,69543,0,"HOME AND PERSONAL CARE","PERSONAL WASH"
LFS,69544,0,"HOME AND PERSONAL CARE",FRESHENERS
LFS,69587,0,"FOOD CUPBOARD","BREAKFAST CEREALS"
LFS,69638,0,"HOME AND PERSONAL CARE","INFANT AND BABY CARE"
LFS,69639,0,"HOME AND PERSONAL CARE","INFANT AND BABY CARE"
LFS,69640,0,"HOME AND PERSONAL CARE","INFANT AND BABY CARE"
LFS,69643,0,"HOME AND PERSONAL CARE","INFANT AND BABY CARE"
LFS,76891,0,"FOOD CUPBOARD","EDIBLE OILS AND GHEE"
LFS,76894,0,"FOOD CUPBOARD","EDIBLE OILS AND GHEE"
LFS,76901,0,"FOOD CUPBOARD","SPREADS AND TOPPING"
LFS,76902,0,"FOOD CUPBOARD","SPREADS AND TOPPING"
LFS,76903,0,"FOOD CUPBOARD","SPREADS AND TOPPING"
LFS,76914,0,"FOOD CUPBOARD","MILK AND CREAMERS"
LFS,76926,0,"HOME AND PERSONAL CARE","FEMININE CARE"
LFS,76946,0,"HOME AND PERSONAL CARE","PERSONAL WASH"
LFS,76947,0,"HOME AND PERSONAL CARE","PERSONAL WASH"
LFS,76972,0,"FOOD CUPBOARD","BREAKFAST CEREALS"
LFS,76978,0,"FRESH DAIRY AND EGGS",Yoghurt
LFS,76979,0,"FRESH DAIRY AND EGGS",Butters
LFS,76980,0,"FROZEN FOOD","WHIPPING CREAM"
LFS,77006,0,BEVERAGES,DRINKS
LFS,77008,0,BEVERAGES,DRINKS
LFS,77014,0,"FROZEN FOOD",CHICKEN
LFS,77015,0,"FROZEN FOOD",CHICKEN
LFS,77049,0,"BEVERAGES ALCOHOLIC",TEQUILA
LFS,87495,0,"FRESH DAIRY AND EGGS",Cream
LFS,87496,0,"FRESH DAIRY AND EGGS",Cream
LFS,87583,0,"FOOD CUPBOARD",SNACKS
LFS,87612,0,"HOME AND PERSONAL CARE","PERSONAL WASH"
LFS,87614,0,"HOME AND PERSONAL CARE","LAUNDRY CARE"
LFS,87622,0,"BEVERAGES ALCOHOLIC",WINES
LFS,87623,0,"BEVERAGES ALCOHOLIC",WINES
LFS,87638,0,"HOME AND PERSONAL CARE","MENS GROOMING"
LFS,87639,0,"FOOD CUPBOARD","SPICES AND HERBS"
LFS,87806,0,"FOOD CUPBOARD",CONDIMENTS
LFS,87807,0,"FOOD CUPBOARD","SPREADS AND TOPPING"
LFS,87821,0,"HOME AND PERSONAL CARE","FEMININE CARE"
LFS,87939,0,"FOOD CUPBOARD","CANNED FOOD"
LFS,87942,0,"HOME AND PERSONAL CARE","ORAL CARE"
LFS,87945,0,"HOME AND PERSONAL CARE","ORAL CARE"
LFS,62668,0,"FOOD CUPBOARD",CONFECTIONERY
LFS,62696,0,"FOOD CUPBOARD","MILK AND CREAMERS"
LFS,62702,0,"FOOD CUPBOARD","MILK AND CREAMERS"
LFS,62703,0,"FOOD CUPBOARD","MILK AND CREAMERS"
LFS,63243,0,"BEVERAGES ALCOHOLIC",WHISKEY
LFS,63512,0,"HOME AND PERSONAL CARE","PERSONAL WASH"
LFS,63513,0,"HOME AND PERSONAL CARE","PERSONAL WASH"
LFS,63665,0,"HOME AND PERSONAL CARE","PERSONAL WASH"
LFS,63666,0,"HOME AND PERSONAL CARE","PERSONAL WASH"
LFS,63870,0,"HOME AND PERSONAL CARE","PERSONAL WASH"
LFS,63888,0,"HOME AND PERSONAL CARE","LAUNDRY CARE"
LFS,63930,0,"FOOD CUPBOARD","CANNED FOOD"
LFS,69713,0,"FOOD CUPBOARD",BISCUITS
LFS,69757,0,BEVERAGES,"FLAVOURED TEA"
LFS,69794,0,BEVERAGES,JUICE
LFS,69806,0,"HOME AND PERSONAL CARE",DISPOSABLE
LFS,69807,0,"HOME AND PERSONAL CARE",DISPOSABLE
LFS,69962,0,"HOME AND PERSONAL CARE","HAIR CARE"
LFS,69965,0,"HOME AND PERSONAL CARE","HAIR CARE"
LFS,69967,0,"HOME AND PERSONAL CARE","HAIR CARE"
LFS,69992,0,"FRESH DAIRY AND EGGS",Yoghurt
LFS,69993,0,"FRESH DAIRY AND EGGS",Yoghurt
LFS,70100,0,"HOME AND PERSONAL CARE","HOUSEHOLD CLEANERS"
LFS,70101,0,"HOME AND PERSONAL CARE","HOUSEHOLD CLEANERS"
LFS,77306,0,"HOME AND PERSONAL CARE","ORAL CARE"
LFS,77309,0,"FOOD CUPBOARD",SNACKS
LFS,77310,0,"FOOD CUPBOARD",SNACKS
LFS,77313,0,"FOOD CUPBOARD",BISCUITS
LFS,77576,0,"FOOD CUPBOARD","CANNED FOOD"
LFS,87956,0,"HOME AND PERSONAL CARE","PERSONAL WASH"
LFS,87957,0,"HOME AND PERSONAL CARE","PERSONAL WASH"
LFS,87968,0,"FOOD CUPBOARD","MILK AND CREAMERS"
LFS,87987,0,BEVERAGES,JUICE
LFS,87990,0,BEVERAGES,JUICE
LFS,87991,0,BEVERAGES,JUICE
LFS,88008,0,"FOOD CUPBOARD","EDIBLE OILS AND GHEE"
LFS,88009,0,"FOOD CUPBOARD","EDIBLE OILS AND GHEE"
LFS,88061,0,"FOOD CUPBOARD","MILK AND CREAMERS"
LFS,88075,0,"HOME AND PERSONAL CARE","SKIN CARE"
LFS,88082,0,"HOME AND PERSONAL CARE","PERSONAL WASH"
LFS,63959,0,"FRESH DAIRY AND EGGS",Yoghurt
LFS,63990,0,"HOME AND PERSONAL CARE","SKIN CARE"
LFS,63994,0,"HOME AND PERSONAL CARE","PERSONAL WASH"
LFS,63999,0,"HOME AND PERSONAL CARE",FRAGRANCES
LFS,64000,0,"HOME AND PERSONAL CARE",FRAGRANCES
LFS,64003,0,"HOME AND PERSONAL CARE",FRAGRANCES
LFS,64004,0,"HOME AND PERSONAL CARE",FRAGRANCES
LFS,70195,0,"HOME AND PERSONAL CARE","INFANT AND BABY CARE"
LFS,70249,0,"FOOD CUPBOARD","NOODLES AND SOUP"
LFS,70251,0,"FOOD CUPBOARD","NOODLES AND SOUP"
LFS,70323,0,"HOME AND PERSONAL CARE",DISPOSABLE
LFS,70388,0,"FROZEN FOOD",CHICKEN
LFS,70602,0,"BEVERAGES ALCOHOLIC",WINES
LFS,70623,0,"FOOD CUPBOARD",CONDIMENTS
LFS,70687,0,"FOOD CUPBOARD","CANNED FOOD"
LFS,70689,0,"FROZEN FOOD",VEGETABLE
LFS,70690,0,"BEVERAGES ALCOHOLIC","VODKA BOTTLES"
LFS,70701,0,"FRESH DAIRY AND EGGS",Cream
LFS,77579,0,"HOME AND PERSONAL CARE",FRESHENERS
LFS,77584,0,"HOME AND PERSONAL CARE",FRESHENERS
LFS,77586,0,BEVERAGES,JUICE
LFS,77655,0,"HOME AND PERSONAL CARE","PERSONAL WASH"
LFS,77708,0,"FOOD CUPBOARD","SPICES AND HERBS"
LFS,77709,0,"FOOD CUPBOARD","SPICES AND HERBS"
LFS,77712,0,"FOOD CUPBOARD","SPICES AND HERBS"
LFS,77722,0,"FOOD CUPBOARD",CONDIMENTS
LFS,77726,0,"FOOD CUPBOARD","SPICES AND HERBS"
LFS,77923,0,"HOME AND PERSONAL CARE",DISPOSABLE
LFS,78009,0,"FROZEN FOOD",ICE-CREAM
LFS,78010,0,"FROZEN FOOD",ICE-CREAM
LFS,78012,0,"FROZEN FOOD",ICE-CREAM
LFS,78112,0,"BEVERAGES ALCOHOLIC",WHISKEY
LFS,88154,0,"FOOD CUPBOARD",BISCUITS
LFS,88163,0,"HOME AND PERSONAL CARE",DISPOSABLE
LFS,88164,0,"HOME AND PERSONAL CARE",DISPOSABLE
LFS,88170,0,"HOME AND PERSONAL CARE",DISPOSABLE
LFS,64011,0,"BEVERAGES ALCOHOLIC",LIQUER
LFS,64032,0,"FOOD CUPBOARD",FLOURS
LFS,64035,0,"FOOD CUPBOARD","CANNED FOOD"
LFS,64088,0,"HOME AND PERSONAL CARE","ORAL CARE"
LFS,64089,0,"HOME AND PERSONAL CARE","ORAL CARE"
LFS,64090,0,"HOME AND PERSONAL CARE","ORAL CARE"
LFS,64096,0,"HOME AND PERSONAL CARE","ORAL CARE"
LFS,64101,0,"FRESH DAIRY AND EGGS",Yoghurt
LFS,64102,0,"FRESH DAIRY AND EGGS",Yoghurt
LFS,64103,0,"FRESH DAIRY AND EGGS",Yoghurt
LFS,64104,0,"FRESH DAIRY AND EGGS",Yoghurt
LFS,64105,0,"FRESH DAIRY AND EGGS",Yoghurt
LFS,64106,0,"FRESH DAIRY AND EGGS",Yoghurt
LFS,64158,0,"HOME AND PERSONAL CARE","INSECTICIDES AND RODENT CONTROL"
LFS,64159,0,"HOME AND PERSONAL CARE","INSECTICIDES AND RODENT CONTROL"
LFS,64382,0,TOILETERIES,ANTISEPTIC
LFS,64389,0,"FOOD CUPBOARD",SNACKS
LFS,64390,0,"FOOD CUPBOARD",SNACKS
LFS,70746,0,BEVERAGES,JUICE
LFS,70747,0,BEVERAGES,JUICE
LFS,70748,0,BEVERAGES,JUICE
LFS,70749,0,BEVERAGES,JUICE
LFS,70750,0,BEVERAGES,JUICE
LFS,70751,0,BEVERAGES,JUICE
LFS,70753,0,BEVERAGES,JUICE
LFS,70754,0,BEVERAGES,JUICE
LFS,70755,0,BEVERAGES,JUICE
LFS,70756,0,BEVERAGES,JUICE
LFS,70757,0,BEVERAGES,JUICE
LFS,70758,0,BEVERAGES,JUICE
LFS,70813,0,"HOME AND PERSONAL CARE","HOUSEHOLD CLEANERS"
LFS,70816,0,"HOME AND PERSONAL CARE","HOUSEHOLD CLEANERS"
LFS,70868,0,"FOOD CUPBOARD","CANNED FOOD"
LFS,N789,0,"BEVERAGES ALCOHOLIC",WHISKEY
LFS,N800,0,BEVERAGES,DRINKS
LFS,N801,0,BEVERAGES,DRINKS
LFS,N828,0,BEVERAGES,DRINKS
LFS,N829,0,BEVERAGES,DRINKS
LFS,N830,0,BEVERAGES,DRINKS
LFS,N840,0,"BEVERAGES ALCOHOLIC",WINES
LFS,N841,0,"BEVERAGES ALCOHOLIC",WINES
LFS,N844,0,"BEVERAGES ALCOHOLIC",WINES
LFS,N845,0,"BEVERAGES ALCOHOLIC",WINES
LFS,N857,0,"HOME AND PERSONAL CARE","INFANT AND BABY CARE"
LFS,N861,0,"HOME AND PERSONAL CARE","HEALTH AND WELLNESS"
LFS,N862,0,"HOME AND PERSONAL CARE","HEALTH AND WELLNESS"
LFS,N873,0,"HOME AND PERSONAL CARE","INFANT AND BABY CARE"
LFS,N875,0,"HOME AND PERSONAL CARE","INFANT AND BABY CARE"
LFS,N880,0,"HOME AND PERSONAL CARE","LAUNDRY CARE"
LFS,N912,0,"FOOD CUPBOARD","SPREADS AND TOPPING"
LFS,N913,0,"FOOD CUPBOARD","SPREADS AND TOPPING"
LFS,N920,0,"BEVERAGES ALCOHOLIC",WINES
LFS,N921,0,"BEVERAGES ALCOHOLIC",WINES
LFS,N925,0,"FOOD CUPBOARD",SNACKS
LFS,N970,0,"FOOD CUPBOARD","SPREADS AND TOPPING"
LFS,N972,0,"FOOD CUPBOARD",SNACKS
LFS,S597,0,"FOOD CUPBOARD","MILK AND CREAMERS"
LFS,S737,0,"FOOD CUPBOARD","MILK AND CREAMERS"
LFS,S897,0,BEVERAGES,JUICE
LFS,S906,0,"BEVERAGES ALCOHOLIC",WHISKEY
LFS,S928,0,BEVERAGES,JUICE
LFS,S951,0,"BEVERAGES ALCOHOLIC",WINES
LFS,S952,0,BEVERAGES,JUICE
LFS,S973,0,"HOME AND PERSONAL CARE","PERSONAL WASH"
LFS,X030,0,"HOME AND PERSONAL CARE","LAUNDRY CARE"
LFS,X038,0,"HOME AND PERSONAL CARE","PERSONAL WASH"
LFS,X141,0,"HOME AND PERSONAL CARE","PERSONAL WASH"
LFS,X167,0,"FOOD CUPBOARD",SNACKS
LFS,X195,0,"FOOD CUPBOARD",BISCUITS
LFS,X204,0,"HOME AND PERSONAL CARE","HOUSEHOLD CLEANERS"
LFS,X222,0,"BEVERAGES ALCOHOLIC",LIQUER
LFS,X390,0,"HOME AND PERSONAL CARE","HEALTH AND WELLNESS"
LFS,X429,0,"FOOD CUPBOARD","MILK AND CREAMERS"
LFS,X432,0,"FOOD CUPBOARD","MILK AND CREAMERS"
LFS,X433,0,"FOOD CUPBOARD","BABY FOOD"
LFS,X434,0,"FOOD CUPBOARD","BABY FOOD"
LFS,X435,0,"FOOD CUPBOARD","BABY FOOD"
LFS,X436,0,"FOOD CUPBOARD","BABY FOOD"
LFS,X438,0,"FOOD CUPBOARD","BREAKFAST CEREALS"
LFS,X443,0,"FOOD CUPBOARD","BABY FOOD"
LFS,X446,0,BEVERAGES,COFFEE
LFS,X452,0,BEVERAGES,"DRINKING POWDERS"
LFS,X456,0,BEVERAGES,COFFEE
LFS,X457,0,BEVERAGES,"DRINKING POWDERS"
LFS,X459,0,"FOOD CUPBOARD","SPREADS AND TOPPING"
LFS,X466,0,"HOME AND PERSONAL CARE","MENS GROOMING"
LFS,X469,0,"FOOD CUPBOARD","SALT  SUGAR AND JAGGERY"
LFS,X470,0,"FOOD CUPBOARD","SPREADS AND TOPPING"
LFS,X471,0,"FOOD CUPBOARD","BABY FOOD"
LFS,X472,0,"FOOD CUPBOARD","MILK AND CREAMERS"
LFS,X483,0,"HOME AND PERSONAL CARE",DISPOSABLE
LFS,X484,0,"FOOD CUPBOARD","CANNED FOOD"
LFS,X488,0,"FOOD CUPBOARD","SPREADS AND TOPPING"
LFS,X495,0,BEVERAGES,"DRINKING POWDERS"
LFS,X498,0,"FOOD CUPBOARD",BISCUITS
LFS,X539,0,"FOOD CUPBOARD","MILK AND CREAMERS"
LFS,X554,0,"BEVERAGES ALCOHOLIC",CIDER
LFS,X582,0,"FOOD CUPBOARD","MILK AND CREAMERS"
LFS,X584,0,BEVERAGES,DRINKS
LFS,X585,0,BEVERAGES,DRINKS
LFS,X612,0,"FOOD CUPBOARD","CANNED FOOD"
LFS,X615,0,"FOOD CUPBOARD",SNACKS
LFS,X616,0,"FOOD CUPBOARD",SNACKS
LFS,X623,0,"FOOD CUPBOARD","SPREADS AND TOPPING"
LFS,X653,0,BEVERAGES,"MINERAL WATER"
LFS,X679,0,"FOOD CUPBOARD",CONDIMENTS
LFS,X693,0,"FOOD CUPBOARD","CANNED FOOD"
LFS,X709,0,"BEVERAGES ALCOHOLIC","SPARKLING WINES"
LFS,X712,0,BEVERAGES,JUICE
LFS,X722,0,"FOOD CUPBOARD",SNACKS
LFS,X723,0,"FOOD CUPBOARD",BISCUITS
LFS,X724,0,"FOOD CUPBOARD",BISCUITS
LFS,X727,0,"FOOD CUPBOARD","CANNED FOOD"
LFS,X736,0,"FOOD CUPBOARD","CANNED FOOD"
LFS,X745,0,BEVERAGES,"DRINKING POWDERS"
LFS,X756,0,"FOOD CUPBOARD","SPREADS AND TOPPING"
LFS,X765,0,"FOOD CUPBOARD","CANNED FOOD"
LFS,X769,0,"FOOD CUPBOARD","CANNED FOOD"
LFS,X776,0,"FOOD CUPBOARD","SPICES AND HERBS"
LFS,X777,0,"FOOD CUPBOARD","BABY FOOD"
LFS,X807,0,BEVERAGES,DRINKS
LFS,X808,0,"HOME AND PERSONAL CARE","HOUSEHOLD CLEANERS"
LFS,X812,0,"FOOD CUPBOARD","CANNED FOOD"
LFS,X815,0,"HOME AND PERSONAL CARE","HOUSEHOLD CLEANERS"
LFS,X819,0,"HOME AND PERSONAL CARE","ORAL CARE"
LFS,X824,0,"HOME AND PERSONAL CARE","ORAL CARE"
LFS,X833,0,"HOME AND PERSONAL CARE",FRAGRANCES
LFS,X883,0,"HOME AND PERSONAL CARE","MENS GROOMING"
LFS,X885,0,"HOME AND PERSONAL CARE","MENS GROOMING"
LFS,X887,0,"HOME AND PERSONAL CARE","FEMININE CARE"
LFS,X888,0,BEVERAGES,DRINKS
LFS,X889,0,"HOME AND PERSONAL CARE","HEALTH AND WELLNESS"
LFS,X890,0,"HOME AND PERSONAL CARE","HEALTH AND WELLNESS"
LFS,X894,0,"FOOD CUPBOARD","EDIBLE OILS AND GHEE"
LFS,X936,0,"FRESH DAIRY AND EGGS",cheeses
LFS,X937,0,"FOOD CUPBOARD","MILK AND CREAMERS"
LFS,X938,0,"FOOD CUPBOARD","MILK AND CREAMERS"
LFS,X939,0,"FOOD CUPBOARD","MILK AND CREAMERS"
LFS,X950,0,BEVERAGES,JUICE
LFS,X951,0,BEVERAGES,JUICE
LFS,X953,0,BEVERAGES,JUICE
LFS,X954,0,BEVERAGES,JUICE
LFS,X955,0,BEVERAGES,JUICE
LFS,X980,0,"FOOD CUPBOARD",BISCUITS
LFS,X989,0,"HOME AND PERSONAL CARE","PERSONAL WASH"
