ITEM_CODE,ITEM_NAME,AUDIT_QTY,ERP_QTY,PRICE,DIFF,"DIFF VALUE",DEPT,GROUPS,SUBGROUPS,ZONES
00362,"ZWAN BEEF LUNCHEON MEAT 200G 12",90,4,36.99,86,3181.14,SUPERMARKET,"FOOD CUPBOARD","CANNED FOOD",T
04199,"VASELINE MEN COOLING BODY LOTION 400ML 48",174,22,49.99,152,7598.48,SUPERMARKET,"HOME AND PERSONAL CARE","SKIN CARE",T
07013,"YAZZ WASHING POWDER 500G 12",88,9,18.99,79,1500.21,SUPERMARKET,"HOME AND PERSONAL CARE","LAUNDRY CARE","2,6,Upload_U"
103128,"PRINCESS CARO PAA CREAM 260G  4",4,4,22.49,0,0,SUPERMARKET,"HOME AND PERSONAL CARE","SKIN CARE",T
103987,"EVERPACK ICE CREAM SPOON (30PKTX100PCS)  30",66,11,16.99,55,934.45,SUPERMARKET,"HOME AND PERSONAL CARE",DISPOSABLE,12
104963,"ROMAR FAB SOFTENER CONC HIP ROSE 2000ML  6",4,2,84.99,2,169.98,SUPERMARKET,"HOME AND PERSONAL CARE","LAUNDRY CARE",T
108134,"CURTAIN 52X84  W/8GROMMET J2020825",16,24,139,-8,-1112,"HOME DECOR & TEXTILES",CURTAINS,"GROMMET CURTAINS",6
113211,"BROOM WHANDLE SOFT BRISTLE PLASTIC 1002/E",-1493604,2,42.9,-1493606,-64075697.4,"HOUSEWARE & KITCHENWARE","HOME HYGIENE","BROOM BRUSHES DUSTPANS","12,5,Upload_U"
122732,"UNIMAX TRIO BALLPEN BLACK 1.0MM FBTIOBK29",584,43,3.99,541,2158.59,STATIONERY,"GENERAL STATIONERY","   WRITING SUPPLIES","GH,Upload_U,32"
124141,"SCOURER METALLIC PAREX 3PCS SET 2107568",10,20,29.9,-10,-299,"HOUSEWARE & KITCHENWARE","HOME HYGIENE","SPONGE SCRUBBERS AND SCOURERS",6
126012,"STRAWBERRIES  250G ( IMPORT)",624,0,119.99,624,74873.76,SUPERMARKET,"FRUITS- IMPORT",Fruits,5
128553,"LAUNDRY BASKET COLLAPSIBLE A202205 RK",3,2,39.9,1,39.9,"HOUSEWARE & KITCHENWARE",LAUNDARY,"LAUNDARY BASKET",12
128946,"SCISSORS OFP0155 129149",24,1,14.9,23,342.7,STATIONERY,"OFFICE STATIONERY","OFFICE BASIC AND STATIONERY",GH
137271,"TORENTOREN WAFERS STRAWBERRY D FLAVOUR CW 55G 144",20,4,6.29,16,100.64,SUPERMARKET,"FOOD CUPBOARD",CONFECTIONERY,T
137272,"TOREN-TOREN WAFERS HAZELNUT D FLAVOUR C W 55G 144",40,54,6.29,-14,-88.06,SUPERMARKET,"FOOD CUPBOARD",CONFECTIONERY,T
135328,"MADAR POWDER BUCKET 1KG 6",21,7,52.99,14,741.86,SUPERMARKET,"HOME AND PERSONAL CARE","LAUNDRY CARE",GH
148384,"SHOPPING BASKET HANDY IRONWOOD F10293 RJK",7,3,129,4,516,"HOUSEWARE & KITCHENWARE","STORAGE AND ORGANIZER",BASKET,GH
144786,"KNIFE DINNER 6PCS SET SIGMA",5,9,9.9,-4,-39.6,"HOUSEWARE & KITCHENWARE","CUTLERY ITEMS","SPOONS FORKS KNIFE AND CUTLERY SET",12
143274,"CHOPPING BOARD WOODEN LARGE 14X19  CHB-4",42,6,179,36,6444,"HOUSEWARE & KITCHENWARE","KNIFE AND CHOPPING BOARD","CHOPPING BOARDS AND CHOPPERS",100
156577,"ARTIFICIAL FLOWER",3,4,95,-1,-95,"HOME DECOR & TEXTILES","HOME DECOR",DECORATIVE,"6,GH"
153246,"DINING SET 1+4 D01150L",7,1,1849,6,11094,FURNITURE,"DINING SETS","4 SEATER SET","12,5"
164715,"IRONING BOARD 241",8,2,479,6,2874,"HOUSEWARE & KITCHENWARE",LAUNDARY,"IRONING BOARD WITH STORAGE","12,100"
161836,"MCBERRY LAYERS CHOCOLATE COATED CAKE 30G  144",120,58,2.29,62,141.98,SUPERMARKET,"FOOD CUPBOARD",SNACKS,T
161583,"DZIRE CEILING FAN 56"" SMOKE BROWN CF 56 B-DEC POLO",2,3,419,-1,-419,"ELECTRICAL APPLIANCES",FAN,"CEILING FAN","GH,100"
161699,"MRS BECTORS DIGESTIVE SUGAR FREE 250GM 12",-18000,4,20.99,-18004,-377903.96,SUPERMARKET,"FOOD CUPBOARD",BISCUITS,5
166379,"COLANDER WSIDE HANDLES 25.5CM SSTEEL XY-2313",17,6,32.9,11,361.9,"HOUSEWARE & KITCHENWARE","KITCHEN TOOLS AND CULTARY",COLANDERS,6
16842,"NIVEA FEMALE ROLL-ON DRY 50MLX30 (81611)",126,31,37.99,95,3609.05,SUPERMARKET,"HOME AND PERSONAL CARE",FRAGRANCES,25
177900,"TOREN WAFERS BUBBLE GUM CREAM  55G  144",30,13,6.29,17,106.93,SUPERMARKET,"FOOD CUPBOARD",BISCUITS,T
183437,"TUMBLER GLASS EMBOSSED 454ML 3PCS SET 3GS03 RJK",6,13,42.9,-7,-300.3,"HOUSEWARE & KITCHENWARE",GLASSWARE,"GLASS / TUMBLER /WINE / CHAMPAGNE",6
179736,"AKAI RICE COOKER DELUXE 2.8L 900W CK026A-2.8LD",2,10,699,-8,-5592,"ELECTRICAL APPLIANCES","RICE/ MULTI COOKER","DELUXE RICE COOKER",GH
185281,"COWBELL EVAPORATED FILLED MILK 100ML  24",144,61,8.69,83,721.27,SUPERMARKET,"FOOD CUPBOARD","MILK AND CREAMERS","GH,5"
184785,"WHISKEY GLASS 6PCS SET 340ML DSKB103-2A/2B",7,8,75,-1,-75,"HOUSEWARE & KITCHENWARE",GLASSWARE,"GLASS / TUMBLER /WINE / CHAMPAGNE",6
186043,"GLASS JUG WCUP 7PCS SET 1800165ML 19167DDE RJK",5,6,149,-1,-149,"HOUSEWARE & KITCHENWARE","STORAGE AND ORGANIZER","STORAGE CONTAINERS",6
194968,"LADLE SOUP SPOON SILICONE ZHN HR22PC-13DS",5,56,9.9,-51,-504.9,"HOUSEWARE & KITCHENWARE","KITCHEN TOOLS AND CULTARY","COOKING TOOL LADLES AND SERVERS",6
64712,"CASTILLO DE LANDA CAB. SAUVIGNON WINE 12%V 750ML",64,6,69.99,58,4059.42,SUPERMARKET,"BEVERAGES ALCOHOLIC",WINES,100
41042,"SEWING MACHINE BUTTERFLY PLASTIC BASE &COVER",6,2,1129,4,4516,"HARDWARE & BUILDING MATERIAL","HARDWARE ITEMS","HOME UTILITY","12,6"
41517,"SPOON MELAMINE ZHN E002",18,83,8.9,-65,-578.5,"HOUSEWARE & KITCHENWARE","MELAMINE WARE","MEL MUGS AND CUPS",6
42442,"SWAN CUBES PURE BROWN SUGAR 500G  50",35,37,19.99,-2,-39.98,SUPERMARKET,"FOOD CUPBOARD","SALT  SUGAR AND JAGGERY","25,GH"
33893,"EVERPACK DISPOSABLE  CUPS 250CC (50PCS X 20PK)  20",72,12,21.99,60,1319.4,SUPERMARKET,"HOME AND PERSONAL CARE",DISPOSABLE,5
36024,"VASELINE BODY LOTION COCOGLOW 400ML",1045,6,49.99,1039,51939.61,SUPERMARKET,"HOME AND PERSONAL CARE","SKIN CARE",T
24021,"VASELINE PJ (BLUE SEAL) ORIGINAL 250ML  36",40,35,51.99,5,259.95,SUPERMARKET,"HOME AND PERSONAL CARE","SKIN CARE",T
91551,"COLGATE MOUTH WASH PLAX PEPPERMINT 500ML 12",6,17,82.99,-11,-912.89,SUPERMARKET,"HOME AND PERSONAL CARE","ORAL CARE",100
74900,"VOLTPLUS UNIVERSAL ADAPTOR W/BS PLUG VP-UA134",196,61,109,135,14715,"ELECTRICAL APPLIANCES",ELECTRICALS,"ELE ACCESSORIES",6
X435,"NAN 1 OPTIPRO 400G 12",54,10,139.99,44,6159.56,SUPERMARKET,"FOOD CUPBOARD","BABY FOOD",6
H0073,"L-ARTISAN BANANA COOKIES 80GM",2,11,11.99,-9,-107.91,SUPERMARKET,BAKERY,"BANANA COOKIES",GH
X722,"PRINGLES PAPRIKA 40G   12",45,9,19.99,36,719.64,SUPERMARKET,"FOOD CUPBOARD",SNACKS,GH
X936,"LAUGHING COW LAVACHE QUIRIT CHEESE  8PCS 112G 36",200,31,28.99,169,4899.31,SUPERMARKET,"FRESH DAIRY AND EGGS",cheeses,GH
N857,"CUSSONS BABY SOAP MILD &GENTLE 70G 96",200,106,5.99,94,563.06,SUPERMARKET,"HOME AND PERSONAL CARE","INFANT AND BABY CARE",T
CL571,"CONTAINERS FANCY WITH LID 2500ML 26CMX18CMX8CM",165,17,13.3,148,1968.4,"HOUSEWARE & KITCHENWARE","STORAGE AND ORGANIZER","STORAGE CONTAINERS",GH
99770,"BO-16 HAIR FOOD YELLOW 225ML  4",4,4,27.99,0,0,SUPERMARKET,"HOME AND PERSONAL CARE","HAIR CARE",T
96521,"MADAR ZONE BLEACH 500ML  12",160,7,12.99,153,1987.47,SUPERMARKET,"HOME AND PERSONAL CARE","HOUSEHOLD CLEANERS","6,Upload_U"
07979,"PEAK MILK POWDER TIN  400G 24",105,18,109.99,87,9569.13,SUPERMARKET,"FOOD CUPBOARD","MILK AND CREAMERS","T,12,GH"
101951,"CONTAINER RECTANGULAR SET OF 7PCS PLASTIC 5667-7",12,4,59,8,472,"HOUSEWARE & KITCHENWARE","STORAGE AND ORGANIZER","STORAGE CONTAINERS",6
103113,"KLEANZ BODY WASH VANILLA 750ML  20",30,11,31.49,19,598.31,SUPERMARKET,"HOME AND PERSONAL CARE","PERSONAL WASH",5
117646,"SOAP CASE PLASTIC UR-3144",5,17,6.9,-12,-82.8,"HOUSEWARE & KITCHENWARE",BATHROOM,"SOAP DISH CASE DISPENSERS","6,Upload_U,GH"
115645,"AKAI JUICER 1.2L 350W SS/BLACK JC006A-619",24,1,649,23,14927,"ELECTRICAL APPLIANCES",JUICER,"CENTRIFUGAL JUICER",5
109878,"NUMBER WRITING BOOK 1-100",12,12,24.99,0,0,STATIONERY,"CHILDREN BOOKS AND GEN REF","BOOKS AND LEARNINGS",6
110145,"BOWL 3000ML PLASTIC ELITE-4 P 556",70,45,14.9,25,372.5,"HOUSEWARE & KITCHENWARE",DINNERWARE,BOWLS,6
122722,"KELLOGGS CORNFLAKES 300G  10 NGR",104,14,47.99,90,4319.1,SUPERMARKET,"FOOD CUPBOARD","BREAKFAST CEREALS","25,GH"
131547,"YOGA STRAWBERRY WITH WHEAT YOGHURT 330ML 1",5,11,19.99,-6,-119.94,SUPERMARKET,"FRESH DAIRY AND EGGS",Yoghurt,5
125359,"ROMAR FABRIC SOFTENER TALC 750ML  15",60,2,36.99,58,2145.42,SUPERMARKET,"HOME AND PERSONAL CARE","LAUNDRY CARE",T
128827,"TASTY TOM JOLLOF MIX 1.1KG  12",26,23,47.49,3,142.47,SUPERMARKET,"FOOD CUPBOARD","SPREADS AND TOPPING",25
137497,"BUMBLE BABY WET WIPES BABY SCENTED 72PCS   12",2,1,22.99,1,22.99,SUPERMARKET,"HOME AND PERSONAL CARE","INFANT AND BABY CARE",T
148382,"LAUNDRY BASKET WSHELF SET IRON 2TIER F10013 RJK",1,1,399,0,0,"HOUSEWARE & KITCHENWARE",LAUNDARY,"LAUNDARY BASKET",12
148809,"CLOTHES HANGER 2LAYER MULTIPURPOSE METAL YWU",123,6,199,117,23283,"HOUSEWARE & KITCHENWARE",LAUNDARY,"CLOTH HANGERS",5
154755,"WATER FUN ANIMAL SILICONE MKR186713",21,16,59,5,295,"TOYS AND ENTERTAINMENT","ROLE PLAY AND PRETEND TOYS","ANIMAL TOYS",6
155211,"MSTA SHARPENER NO.7 (X07-3)(1X48) 134099",12,7,5.9,5,29.5,STATIONERY,"OFFICE STATIONERY","OFFICE BASIC AND STATIONERY",GH
158512,"FESTIVAL FROM CUVEE 0% CHOCOLATE WINE DRINK 750ML",2,6,49.99,-4,-199.96,SUPERMARKET,"BEVERAGES ALCOHOLIC",WINES,100
171351,"BELPAK FACIAL TISSUE BOX  36",8,32,10.99,-24,-263.76,SUPERMARKET,"HOME AND PERSONAL CARE",DISPOSABLE,"Upload_U,33"
169248,"BROOM WSTICK IDEAL GBB175",24,8,24.9,16,398.4,"HOUSEWARE & KITCHENWARE","HOME HYGIENE","BROOM BRUSHES DUSTPANS",12
168857,"CARVING KNIFE 725 CPQT018CR RJK",7,16,16.9,-9,-152.1,"HOUSEWARE & KITCHENWARE","KNIFE AND CHOPPING BOARD","SINGLE KNIFE",GH
172967,"ARIEL HIGH STUD LAVENDER 1KG  12",12,18,79.99,-6,-479.94,SUPERMARKET,"HOME AND PERSONAL CARE","LAUNDRY CARE",T
165636,"NESTLE CARNATION TEA CREAMER 370G  24",24,84,23.99,-60,-1439.4,SUPERMARKET,"FOOD CUPBOARD","MILK AND CREAMERS",GH
167502,"BEVERAGE DISPENSER  WLIDBASE 6L 97004W RJK",6,2,239,4,956,"HOUSEWARE & KITCHENWARE",GLASSWARE,"DISPENSERS / DECANTER SETS",6
178592,"VACCUM MUG 1200ML SSTEEL STEN TYPE YWU",4,23,99,-19,-1881,"HOUSEWARE & KITCHENWARE",DINNERWARE,"METAL MUGS",5
179577,"DIY HAIRBALL PICTURE CRAFT 22X22CM W/STAND ASST DE",5,10,29.9,-5,-149.5,STATIONERY,"SCHOOL AND CHILDREN STATIONERY","ART AND HOBBY SETS",GH
178456,"BATH SCRUBBER COTTON AND LINEN YWU",12,21,19.9,-9,-179.1,"HOUSEWARE & KITCHENWARE","HOME HYGIENE","SPONGE SCRUBBERS AND SCOURERS",GH
183268,"BEER GLASS 6PCS SET 390ML WILLY BW 4514 RJK",5,8,49.9,-3,-149.7,"HOUSEWARE & KITCHENWARE",GLASSWARE,"BEER MUGS AND BEER GLASS",6
181844,"BANKU PAN WLID 20CM ALUMINUM LDS016",6,4,169,2,338,"HOUSEWARE & KITCHENWARE",COOKWARE,"POTS AND PAN",GH
191058,"KIVO NON-DIARY CREAMER 200G  26",74,26,11.99,48,575.52,SUPERMARKET,"FOOD CUPBOARD","MILK AND CREAMERS","12,GH"
190725,"MANICURE 6PCS SET YWU",2,11,22.9,-9,-206.1,"HOUSEWARE & KITCHENWARE",BATHROOM,"BATHROOM ACCESSORIES",6
200289,"H&H MAYONNAISE 250ML 12",20,14,27.49,6,164.94,SUPERMARKET,"FOOD CUPBOARD","SPREADS AND TOPPING",25
200317,"H&H BEEF LUNCHEON MEAT 340G  24",198,21,43.99,177,7786.23,SUPERMARKET,"FOOD CUPBOARD","CANNED FOOD",25
197089,"MCBERRY WHEAT PUFFS CEREAL WITH HONEY 19G 100",4,68,2.19,-64,-140.16,SUPERMARKET,"FOOD CUPBOARD",BISCUITS,GH
19816,"ENERGIZER BATTERY ALKALINE AA MAX-AA 1X12 BP3-1",72,20,59.9,52,3114.8,"ELECTRICAL APPLIANCES",BATTERIES,BATTERY,"GH,5"
202840,"WINE GLASS WITH DECANTER 7PCS SET G26012",4,8,119,-4,-476,"HOUSEWARE & KITCHENWARE",GLASSWARE,"GLASS / TUMBLER /WINE / CHAMPAGNE",6
31074,"ROYAL GALAXY WHITE SUGAR - 1KG  20",4,4,33.99,0,0,SUPERMARKET,"FOOD CUPBOARD","SALT  SUGAR AND JAGGERY",GH
90608,"CURTAIN ROD SINGLE 120-210 11051-210PC",28,16,119,12,1428,"HOME DECOR & TEXTILES","CURTAIN RODS","CURTAIN RODS",100
92726,"FRUIT BASKET 25X13CM METAL WIRE Y2018 YWU",14,23,65,-9,-585,"HOUSEWARE & KITCHENWARE","STORAGE AND ORGANIZER",BASKET,"GH,6"
85679,"PLASTIC CONTAINERS WITH LID 20PCS HW650 RJK",34,3,46.9,31,1453.9,"HOUSEWARE & KITCHENWARE","STORAGE AND ORGANIZER","STORAGE CONTAINERS",12
91243,"SAIRO BABY SHAMPOO 750ML  16",4,18,25.99,-14,-363.86,SUPERMARKET,"HOME AND PERSONAL CARE","INFANT AND BABY CARE",T
91317,"FORTUNE DELICIOUS ALL PURPOSE MARGARINE 250G   60",123,44,10.49,79,828.71,SUPERMARKET,"FOOD CUPBOARD","SPREADS AND TOPPING",25
84633,"COAT STAND METAL YWU",14,3,119,11,1309,"HOUSEWARE & KITCHENWARE",LAUNDARY,"CLOTH DRYER","GH,6"
77928,"24PCS BIRTHDAY CANDLE",15,42,4.9,-27,-132.3,"TOYS AND ENTERTAINMENT","PARTY SUPPLIES","CANDLES AND CANDLE STAND",6
78281,"BINATONE BLENDER W/MILL 1.5L 500W BLG595/BLG595MK2",2,2,839,0,0,"ELECTRICAL APPLIANCES","FOOD PROCESSOR/BLENDER",BLENDERS,12
D636,"HEINZ SALAD CREAM 285G 12",224,14,44.99,210,9447.9,SUPERMARKET,"FOOD CUPBOARD","SPREADS AND TOPPING","25,GH"
N925,"PRINGLES HOT & SPICY  165G  19",15,19,44.99,-4,-179.96,SUPERMARKET,"FOOD CUPBOARD",SNACKS,5
00363,"ZWAN CHICKEN LUNCHEON MEAT 200G 12",56,12,37.99,44,1671.56,SUPERMARKET,"FOOD CUPBOARD","CANNED FOOD",25
04949,"EVERPACK SPOON PLASTIC 100PCS X 30PKTS  30",9,18,20.99,-9,-188.91,SUPERMARKET,"HOME AND PERSONAL CARE",DISPOSABLE,12
07014,"YAZZ WASHING POWDER 1KG 10",2,4,39.99,-2,-79.98,SUPERMARKET,"HOME AND PERSONAL CARE","LAUNDRY CARE","6,Upload_U"
100030,"NANA-S RICE LONG GRAIN RICE 5% BROKENNESS 1KG 20",100,3,32.99,97,3200.03,SUPERMARKET,"FOOD CUPBOARD","RAW RICE",25
105645,"DEEP PLATE 8INCHES PLASTIC AB3 SSPD YWU",5,11,4.9,-6,-29.4,"HOUSEWARE & KITCHENWARE",SERVEWARE,"SERVING TRAYS",6
106819,"SHINE PAPER PLATES ROUND 14CM  (25PCS)  40",54,12,15.99,42,671.58,SUPERMARKET,"HOME AND PERSONAL CARE",DISPOSABLE,100
115154,"CHATEAUX SANGRIA FORTE 500ML 24",42,23,19.99,19,379.81,SUPERMARKET,"BEVERAGES ALCOHOLIC",WINES,100
113210,"BROOM WHANDLE BLUE PLASTIC BT168215",21,9,29.9,12,358.8,"HOUSEWARE & KITCHENWARE","HOME HYGIENE","BROOM BRUSHES DUSTPANS",6
113215,"BROOM W/HANDLE BLUE PINK PLASTIC 1692E",27,2,42.9,25,1072.5,"HOUSEWARE & KITCHENWARE","HOME HYGIENE","BROOM BRUSHES DUSTPANS",GH
113787,"MCBERRY LONDON OATS DIGESTIVE 80G 36",12,21,6.29,-9,-56.61,SUPERMARKET,"FOOD CUPBOARD",BISCUITS,12
125259,"SAIRO FAMILY SHOWER  GEL OLIVE 750ML  12",100,7,29.99,93,2789.07,SUPERMARKET,"HOME AND PERSONAL CARE","PERSONAL WASH",5
125262,"ROMAR FABRIC SOFTENER CONC. FLORA 2L  6",2,1,81.99,1,81.99,SUPERMARKET,"HOME AND PERSONAL CARE","LAUNDRY CARE",T
119267,"DOMS PENCIL SET 12PCS FUSION X-TRA SUPER DARK 7675",24,11,28.9,13,375.7,STATIONERY,"GENERAL STATIONERY","   WRITING SUPPLIES","Upload_U,6"
127067,"AKAI STEAM IRON 2200W CERAMIC EI049A-281",12,4,299,8,2392,"ELECTRICAL APPLIANCES","LINEN CARE","STEAM IRONS",6
128552,"LAUNDRY BASKET COLLAPSIBLE A202203 RK",13,5,29.9,8,239.2,"HOUSEWARE & KITCHENWARE",LAUNDARY,"LAUNDARY BASKET",12
128776,"TEXTLIGHTER 12YRS+ LUXOR 2PCS 4011/2BC",60,10,13.9,50,695,STATIONERY,"GENERAL STATIONERY","   WRITING SUPPLIES",GH
139701,"MCBERRY PURE DELIGHT VANILLA CAKE SLICES 27G 144",40,14,2.99,26,77.74,SUPERMARKET,"FOOD CUPBOARD",SNACKS,T
13476,"LELE THAI RICE 5KG 5",50,12,210.99,38,8017.62,SUPERMARKET,"FOOD CUPBOARD","RAW RICE",25
134319,"PRIVATE MAXI POCKET SUPER 9 X 12",1,1,15.49,0,0,SUPERMARKET,"HOME AND PERSONAL CARE","FEMININE CARE",T
14811,"DEVA DISWASHING LIQUID LEMON 700ML 24 10404",82,24,25.99,58,1507.42,SUPERMARKET,"HOME AND PERSONAL CARE","HOUSEHOLD CLEANERS","100,T"
148569,"WATER BOTTLE 1000ML PLASTIC CHARACTER KIDS BTS YWU",15,16,89,-1,-89,"HOUSEWARE & KITCHENWARE","FLASK AND BOTTLES",BOTTLE,GH
145813,"BELPAK DISPENSER KITCHEN TOWEL (NON PERFORATED)  6",160339,6,41.99,160333,6732382.67,SUPERMARKET,"HOME AND PERSONAL CARE",DISPOSABLE,5
14283,"CAMEL ZESTY LIME FRESH LIQUID 125ML 48",33,48,16.99,-15,-254.85,SUPERMARKET,"HOME AND PERSONAL CARE","HEALTH AND WELLNESS",1
150689,"AKAI WATER PUMP 1.5HP  WP001A-090",1,1,799,0,0,"ELECTRICAL APPLIANCES","WATER PUMPS","CENTRIFUGAL WP",6
162677,"DINNER PLATE MELAMINE 10 INCHES FEILU 102101",52,118,12.9,-66,-851.4,"HOUSEWARE & KITCHENWARE","MELAMINE WARE","MEL PLATE",6
164027,"JOLLY BASKET -SMALL  PLASTIC 50360",9,16,9.9,-7,-69.3,"HOUSEWARE & KITCHENWARE","STORAGE AND ORGANIZER",BASKET,6
164314,"COFFEE AND TEA PRESS 500ML PLASTIC AP-9481",6,7,19.9,-1,-19.9,"HOUSEWARE & KITCHENWARE",DINNERWARE,"TEA AND COFFEE SETS",6
158495,"X NATURAL MINERAL WATER 500ML 16",16,31,2.09,-15,-31.35,SUPERMARKET,BEVERAGES,"MINERAL WATER",5
168208,"AKAI CHEST FREEZER SD 100L CF045AC-100W",2,2,3089,0,0,"ELECTRICAL APPLIANCES",FREEZER,"SINGLE DOOR FREEZER",GH
183303,"MEASURING JUG 250ML PLASTIC BG-670",8,15,9.9,-7,-69.3,"HOUSEWARE & KITCHENWARE",BAKEWARE,"BAKING TOOLS AND ACCESSORIES",12
180215,"PRINCE PERFUME FOR HIM 50ML  6",5,38,12.99,-33,-428.67,SUPERMARKET,"HOME AND PERSONAL CARE",FRAGRANCES,"12,GH"
182385,"BBQ PORTABLE WCOOLER BAG",6,8,99,-2,-198,"HOUSEWARE & KITCHENWARE",KITCHENWARE,"BAR TOOLS AND ACCESSORIES",6
186184,"DECORATIVE PAINTING 30.8X23.6X20.4CM WN250810",14,3,39.9,11,438.9,"HOME DECOR & TEXTILES","HOME DECOR","WallANDTable Decor",12
204902,"IDEAL ORIGINAL EVAPORATED MILK 165G 24",3,116,11.79,-113,-1332.27,SUPERMARKET,"FOOD CUPBOARD","MILK AND CREAMERS",T
65188,"AKAI LED BULB 5W CDL E27 LB001A-5WE27C",9,20,19,-11,-209,"ELECTRICAL APPLIANCES","LIGHT BULBS","LED BULB",6
63990,"NIVEA MEN BODY LOTION MAXIMUM HYDRATION 400ML  12",114,11,124.99,103,12873.97,SUPERMARKET,"HOME AND PERSONAL CARE","SKIN CARE",T
23061,"CUSSONS BABY POWDER (MILD & GENTLE) 200G 48",90,43,15.99,47,751.53,SUPERMARKET,"HOME AND PERSONAL CARE","INFANT AND BABY CARE",T
85917,"YAZZ SANITARY PAD EXTRA LONG (9PADS)   24",8,19,17.99,-11,-197.89,SUPERMARKET,"HOME AND PERSONAL CARE","FEMININE CARE",5
91241,"SAIRO BATH&SHOWER GELGOLD EXCL. FRAGRANCE  750ML 8",50,13,50.99,37,1886.63,SUPERMARKET,"HOME AND PERSONAL CARE","PERSONAL WASH",1
89587,"AKAI LED LIGHT RECHARGEABLESMD  LS005RA-600/LS025A",60,6,269,54,14526,"ELECTRICAL APPLIANCES",LIGHTING/LAMPS,"TORCH/ LANTERN",GH
87297,"BINATONE SANDWICH MAKER 2 SLICE ST-801",10,1,445,9,4005,"ELECTRICAL APPLIANCES","SANDWICH MAKER","2 SLICE SANDWICH MAKER",5
69470,"CADBURY HOT CHOCO DRINK 3IN1 360G  8",51,3,44.99,48,2159.52,SUPERMARKET,BEVERAGES,"DRINKING POWDERS",12
69807,"SHINE FAMILY DELUXE NAPKINS (30PKX50PCS)  30",20,14,11.49,6,68.94,SUPERMARKET,"HOME AND PERSONAL CARE",DISPOSABLE,T
X498,"MCVITIES SHORTBREAD 100G 24",175,7,25.99,168,4366.32,SUPERMARKET,"FOOD CUPBOARD",BISCUITS,6
N485,"MENTOS ICE GUM PEPPERMINT 11.4G  288",140,284,8.49,-144,-1222.56,SUPERMARKET,"FOOD CUPBOARD",CONFECTIONERY,6
98539,"GETTOL ANTISEPTIC LEMON 250ML  24",230,4,18.99,226,4291.74,SUPERMARKET,"HOME AND PERSONAL CARE","HEALTH AND WELLNESS","1,Upload_U"
CL152,"BUCKET WITH LID 25LTR 38CMX39CM",5,6,59,-1,-59,"HOUSEWARE & KITCHENWARE",LAUNDARY,"BUCKETS AND BASINS",GH
CL606,"MIXING BOWL LARGE 30CMX27CMX14CM",3,10,19.9,-7,-139.3,"HOUSEWARE & KITCHENWARE",SERVEWARE,"SERVING BOWL",6
98800,"IDEAL ORIGINAL EVAPORATED MILK 29G  10 X 18",66,10,32.99,56,1847.44,SUPERMARKET,"FOOD CUPBOARD","DRINKING POWDER",12
CL704,"QUEEN OF CASSEROLE 2PCS SET PLASTIC 850ML 1350ML",4,5,38.9,-1,-38.9,"HOUSEWARE & KITCHENWARE",SERVEWARE,CASSEROLES,T
101901,"MATA GREEN PEAS IN BRINE E/O 400G  24",84,22,15.99,62,991.38,SUPERMARKET,"FOOD CUPBOARD","CANNED FOOD","6,25"
102866,"KIDS LUNCH BOX MONKEY FACE PLASTIC L-00615",1,8,19.9,-7,-139.3,"HOUSEWARE & KITCHENWARE","STORAGE AND ORGANIZER","LUNCH BOXES TIFFINS AND FOOD FLASK",6
102516,"MOMEASY MEDICINE DISPENSER W/PLASTIC CASE 46072",4,6,36.9,-2,-73.8,"TOYS AND ENTERTAINMENT",INFANTS,"BABY GENERAL CARE",6
102981,"BABYMED POMADE 250ML  48",28,3,25.99,25,649.75,SUPERMARKET,"HOME AND PERSONAL CARE","INFANT AND BABY CARE","GH,T"
103889,"BLING DISINFECTANT GARDENIA 5L  4",4,11,57.99,-7,-405.93,SUPERMARKET,"HOME AND PERSONAL CARE","HOUSEHOLD CLEANERS",12
106024,"SAMSUNG LED TV 32"" SAT SMART UA32T5300",27,1,3689,26,95914,"ELECTRONICS & TELECOM","LED TV","SMART TV","GH,5"
109289,"MORNING FRESH DISHWASH ORIGINAL 1000ML  12",-54,13,49.99,-67,-3349.33,SUPERMARKET,"HOME AND PERSONAL CARE","HOUSEHOLD CLEANERS","T,Upload_U"
114371,"SHINE CRYSTAL TEASPOONS (50PCS)  50",22,11,7.99,11,87.89,SUPERMARKET,"HOME AND PERSONAL CARE",DISPOSABLE,12
108983,"FESTIVA  EVAPORATED MILK 170G 48",2,48,7.49,-46,-344.54,SUPERMARKET,"FOOD CUPBOARD","MILK AND CREAMERS","Upload_U,12,GH"
121825,"CLOTHES PEG SET 12PCS RAPID",5,8,9.9,-3,-29.7,"HOUSEWARE & KITCHENWARE",LAUNDARY,"CLOTH PEGS / CLIP",6
120165,"EVEREADY BATTERY AAA RED BP4",12,15,11,-3,-33,"ELECTRICAL APPLIANCES",BATTERIES,BATTERY,6
125287,"AIRPRO AEROSOL LAVENDER  300ML  24",21,1,28.99,20,579.8,SUPERMARKET,"HOME AND PERSONAL CARE",FRESHENERS,"6,Upload_U"
127749,"PAPER BOX CAKE HEIGHTEN 10 30X30X34CM YWU",50,15,44.9,35,1571.5,"HOUSEWARE & KITCHENWARE",BAKEWARE,MOULDS,25
138815,"BALL PEN PROXIMA 25PC JAR BLACK DOMS 8658",3,3,28.9,0,0,STATIONERY,"GENERAL STATIONERY","   WRITING SUPPLIES",GH
137273,"TOREN-TOREN WAFERS COCOA CREAM D FLAVOUR CW 55G144",20,-5,6.29,25,157.25,SUPERMARKET,"FOOD CUPBOARD",CONFECTIONERY,T
134388,"MCBERRY FRENCH DONUTS 35G  144",120,75,2.49,45,112.05,SUPERMARKET,"FOOD CUPBOARD",SNACKS,GH
14822,"DEVA SOFTENER LAVENDER 1000ML 12 10502",1,1,43.99,0,0,SUPERMARKET,"HOME AND PERSONAL CARE","LAUNDRY CARE",T
156626,"TOOTH PICK 300PCS BAMBOO YWU",3,19,5.9,-16,-94.4,"HOUSEWARE & KITCHENWARE","HOUSE HOLD PRODUCTS","HOUSE HOLD",12
162530,"INDOMIE BELLE FULL CHICKEN INSTANT NOODLES 280G 18",42,193,16.49,-151,-2489.99,SUPERMARKET,"FOOD CUPBOARD","PASTA AND SPAGHETTI","25,12"
164615,"KITCHEN ORGAZINER RACK METAL 128",25,12,59,13,767,"HOUSEWARE & KITCHENWARE","STORAGE AND ORGANIZER","RACK SHELF DRAWERS ORGANIZERS",25
159854,"STICKY NOTE (100X5) 500SHEET ASSORTED COL 76X76MM",200,14,22.9,186,4259.4,STATIONERY,"OFFICE STATIONERY","OFFICE BASIC AND STATIONERY",5
168044,"KASA VINO RED WINE 250ML 24",2,2,9.99,0,0,SUPERMARKET,"BEVERAGES ALCOHOLIC",WINES,6
167398,"MUG 11OZ GDM11 RJK",5,35,4.9,-30,-147,"HOUSEWARE & KITCHENWARE",DINNERWARE,MUGS,6
178129,"PAPER DOILIES 20PCS 85 YWU",52,17,4.9,35,171.5,"HOUSEWARE & KITCHENWARE",BAKEWARE,"BAKING TOOLS AND ACCESSORIES",25
183264,"BEER MUG 4PCS SET 575ML HANNOVER PJ 14220 RJK",20,5,79,15,1185,"HOUSEWARE & KITCHENWARE",GLASSWARE,"BEER MUGS AND BEER GLASS","GH,6"
184068,"COMFORT ROYAL MAGIC FABRIC CONDITIONER 20ML 30",474,30,21.49,444,9541.56,SUPERMARKET,"HOME AND PERSONAL CARE","LAUNDRY CARE","T,6,GH"
184108,"CERAMIC MUG EMBOSSED 330ML EBCM2-330 RJK",6,41,9.9,-35,-346.5,"HOUSEWARE & KITCHENWARE",DINNERWARE,MUGS,6
180324,"COCOA-CARE BODY LOTION S/S 265ML  6",5,5,17.99,0,0,SUPERMARKET,"HOME AND PERSONAL CARE","SKIN CARE",T
190050,"BEER GLASS 450ML FOOTBALL YWU",29,34,14.9,-5,-74.5,"HOUSEWARE & KITCHENWARE",GLASSWARE,"BEER MUGS AND BEER GLASS",6
190077,"DESKTOP FAN RECHARGABLE 3 IN 1",18,19,29,-1,-29,"ELECTRICAL APPLIANCES",FAN,"TABLE FAN",6
18750,"NESTLE CERELAC BL MAIZE 50G 10X8",70,64,6.99,6,41.94,SUPERMARKET,"FOOD CUPBOARD","BREAKFAST CEREALS",GH
189086,"RIBBON 5CM X 3YARDS",5,20,9.9,-15,-148.5,"HOME DECOR & TEXTILES","XMAS SEASONAL","xmas season",5
192915,"G&S HUNGRY CLASSIC VANILLA BREAD 350GMS 1",9,7,39.99,2,79.98,SUPERMARKET,BAKERY,BREADS,6
193003,"BOTTLE OPENER ZHN KB887",54,48,3.9,6,23.4,"HOUSEWARE & KITCHENWARE","CUTLERY ITEMS",OPENERS,"6,Upload_U"
58151,"TOP CHOCO PURE COCOA POWDER 400G  6",9,3,99.99,6,599.94,SUPERMARKET,BEVERAGES,COFFEE,12
65106,"FROSTY BITE FANTASY PEANUTS CRUNCH POUCH 80G 30",231,112,11.49,119,1367.31,SUPERMARKET,"FROZEN FOOD",ICE-CREAM,6
51039,"ENERGIZER BATTERY LITHIUM 3V ECR2032-LITHIUM",20,6,25,14,350,"ELECTRICAL APPLIANCES",BATTERIES,BATTERY,5
57039,"GREENWORLD MOSQUITO COIL NON-SMOKE   60",17,50,11.99,-33,-395.67,SUPERMARKET,"HOME AND PERSONAL CARE","INSECTICIDES AND RODENT CONTROL","6,Upload_U"
37640,"DEVA SURFACE CLEANER LEMON 1L   12",10,5,30.99,5,154.95,SUPERMARKET,"HOME AND PERSONAL CARE","HOUSEHOLD CLEANERS","6,Upload_U"
208749,"IDEAL ORIGINAL EVAPORATED MILK 410G 24",17,96,29.99,-79,-2369.21,SUPERMARKET,"FOOD CUPBOARD","MILK AND CREAMERS",12
92371,"TWO IN ONE FUN SLATE TY 210",64,4,55,60,3300,"TOYS AND ENTERTAINMENT","LEARNING AND EDUCATIONAL TOYS","WRITING TOOLS",6
83504,"JOHNSONS TOP TO TOE BABY WASH 500ML  12",15,7,58.99,8,471.92,SUPERMARKET,"HOME AND PERSONAL CARE","INFANT AND BABY CARE",T
83786,"BEKO WASHING MACHINE FL 7KG SILVER BAW 385",1,1,8749,0,0,"ELECTRICAL APPLIANCES","WASHING MACHINE","FRONT LOAD WM",GH
89802,"JIK BLEACH ORIGINAL 950ML   12",104,10,31.99,94,3007.06,SUPERMARKET,"HOME AND PERSONAL CARE","HOUSEHOLD CLEANERS",GH
89988,"PICCADILLY GEM WORKERS PACK ( 1X4 ) 1KG  4",6,1,70.99,5,354.95,SUPERMARKET,"FOOD CUPBOARD",BISCUITS,T
84938,"PLASTIC KNIFE  50PCS",46,39,8.99,7,62.93,SUPERMARKET,"HOME AND PERSONAL CARE",DISPOSABLE,12
78483,"BABY POTTY VOLK DESIGN BLUE/PINK  N305",4,5,69,-1,-69,"HOUSEWARE & KITCHENWARE",BATHROOM,"BATHROOM TOILET SEAT / BABY POTTY BATH TUB",6
66683,"EVP COLORED DISPO. 2LAYER CUPS 500CC(50PX20)  20",50,24,46.99,26,1221.74,SUPERMARKET,"HOME AND PERSONAL CARE",DISPOSABLE,T
75626,"WHYTEHALL HONEY WHISKY  1L  12",48,5,117.99,43,5073.57,SUPERMARKET,"BEVERAGES ALCOHOLIC",WHISKEY,100
95700,"AMALFI BABY SHAM.BABY ARGAN INTENSE SHINE 750ML 16",12,17,32.99,-5,-164.95,SUPERMARKET,"HOME AND PERSONAL CARE","HAIR CARE",T
99716,"STYLE UP BODY LOTION 265ML  6",2,8,16.99,-6,-101.94,SUPERMARKET,"HOME AND PERSONAL CARE","SKIN CARE",T
00940,"OLD ADMIRAL BRANDY 750ML 12",240,7,63.99,233,14909.67,SUPERMARKET,"BEVERAGES ALCOHOLIC",LIQUER,100
02865,"VOLTPLUS UNIVERSAL ADAPTOR W/ BS PLUG VP-UAG134",6,11,79,-5,-395,"ELECTRICAL APPLIANCES",ELECTRICALS,"ELE ACCESSORIES",12
05112,"INDOMIE SUPER PACK ONION CHICKEN 120G 44",260,18,8.29,242,2006.18,SUPERMARKET,"FOOD CUPBOARD","NOODLES AND SOUP",25
04142,"SHINE FACIAL TISSUE  200PK  10",2,3,17.49,-1,-17.49,SUPERMARKET,"HOME AND PERSONAL CARE",DISPOSABLE,T
100246,"BEDSHEET SET QUEENSIZE 125GSM 3PCS QBS-76",13,4,159,9,1431,"HOME DECOR & TEXTILES","BED SHEET","QUEEN SIZE BEDSHEET","GH,6"
101064,"N0 8 CORN CONES CHIPS 20G 60",20,11,1.69,9,15.21,SUPERMARKET,"FOOD CUPBOARD",SNACKS,T
104978,"ROMAR SOFTENER CONC. RELAX 2L  6",3,1,81.99,2,163.98,SUPERMARKET,"HOME AND PERSONAL CARE","LAUNDRY CARE",T
106182,"VOLTPLUS MULTI ADAPTOR VP-DFA5",30,32,29,-2,-58,"ELECTRICAL APPLIANCES",ELECTRICALS,"ELE ACCESSORIES",GH
106820,"SHINE PAPER PLATES SQAURE 14CM  (25PCS)  40",16,11,15.99,5,79.95,SUPERMARKET,"HOME AND PERSONAL CARE",DISPOSABLE,12
115169,"VOLTPLUS EXTENSION SOCKET 4W2M SW+USB VP-EC4W2MMSU",41,35,189,6,1134,"ELECTRICAL APPLIANCES",ELECTRICALS,"EXTENSION CORD",6
114184,"SKYFALLS DISPENSING MINERAL WATER 17L 1",4,1,39.99,3,119.97,SUPERMARKET,BEVERAGES,"MINERAL WATER",12
114529,"SERVING BOWL MELAMINE 8 INCHES ZHN C6138",5,19,14.9,-14,-208.6,"HOUSEWARE & KITCHENWARE","MELAMINE WARE","MEL BOWL/BOWL+COVER",6
112343,"OCEAN FRIDGE DD 216L SILVER OC 272 TZS A+",2,1,5979,1,5979,"ELECTRICAL APPLIANCES",REFRIGERATOR,"DD TMF REFRIGERATOR",12
122226,"AIRPRO AIRREFRSHENER GEL  PEACH PUNCH 128G  24",45,12,24.49,33,808.17,SUPERMARKET,"HOME AND PERSONAL CARE",FRESHENERS,"6,12,Upload_U,GH"
121778,"KOTEX PANTY LINERS NORMAL 35 SHEETS  12",16,8,55.99,8,447.92,SUPERMARKET,"HOME AND PERSONAL CARE","FEMININE CARE",5
120807,"JAMAA DETERGENT 420G  12",4,7,12.99,-3,-38.97,SUPERMARKET,"HOME AND PERSONAL CARE","LAUNDRY CARE",GH
129612,"OPENER CHEF DESIGN YWU",62,19,4.9,43,210.7,"HOUSEWARE & KITCHENWARE","CUTLERY ITEMS",OPENERS,6
132415,"CUSHION 45X45CM SK210125",0,7,34.9,-7,-244.3,"HOME DECOR & TEXTILES","COVERS CUSHION/PILLOW/CHAIR",CUSHION,5
129391,"PLATE FOOTBALL DESIGN DISPOSABLE 10PCS SET 18CM",1,16,6,-15,-90,"TOYS AND ENTERTAINMENT","PARTY SUPPLIES",DISPOSABLES,12
139331,"BINATONE STANDING FAN 18"" A1810",9,3,1009,6,6054,"ELECTRICAL APPLIANCES",FAN,"STANDING FAN",12
149663,"DZIRE FRIDGE SD 89L SILVER REF-SD-1113A",2,2,1799,0,0,"ELECTRICAL APPLIANCES",REFRIGERATOR,"SD REFRIGERATOR",12
162389,"X NATURAL MINERAL WATER 750ML 15",4,45,2.39,-41,-97.99,SUPERMARKET,BEVERAGES,"MINERAL WATER",6
159062,"TOILET BRUSH PP M1600 RJK",6,14,39.9,-8,-319.2,"HOUSEWARE & KITCHENWARE","HOME HYGIENE","TOILET BRUSHES","100,5"
170028,"AKAI FUFU MAKER 6L SS MG004A-6LS",2,6,759,-4,-3036,"ELECTRICAL APPLIANCES","HAND BLENDER/MIXER/CHOPPER",CHOPPER,12
169246,"BROOM WSTICK ROMA GBB24",63,5,34.9,58,2024.2,"HOUSEWARE & KITCHENWARE","HOME HYGIENE","BROOM BRUSHES DUSTPANS",5
168858,"CHEF KNIFE 75 S2510 RJK",13,36,16.9,-23,-388.7,"HOUSEWARE & KITCHENWARE","KNIFE AND CHOPPING BOARD","SINGLE KNIFE",GH
179178,"DIY PAINTED PLASTER  4PCS",6,10,32.9,-4,-131.6,"TOYS AND ENTERTAINMENT","ART CRAFTS AND HOBBY KITS","STAMPS  STICKERS AND MAGNETS",GH
183350,"CLOTHES DRYING RACK SDK119035321",2,9,429,-7,-3003,"HOUSEWARE & KITCHENWARE",LAUNDARY,"CLOTH DRYER",100
181838,"DEEP PLATE STAINLESS STEEL 22CM LDS011",7,11,8.9,-4,-35.6,"HOUSEWARE & KITCHENWARE",DINNERWARE,PLATE,12
191846,"MUNCHEE OAT BREEZE DIGESTIVE BISCUITS 84G  36",36,20,8.99,16,143.84,SUPERMARKET,"FOOD CUPBOARD",BISCUITS,GH
193039,"PEELER 6PCS SET ZHN HD-127",43,48,22.9,-5,-114.5,"HOUSEWARE & KITCHENWARE","KNIFE AND CHOPPING BOARD","VEG AND FRUIT PEELERS","12,100"
200315,"H&H BEEF LUNCHEON MEAT 198G 24",46,22,21.99,24,527.76,SUPERMARKET,"FOOD CUPBOARD","CANNED FOOD",25
200644,"TCL AC SPLIT 1.5HP INVERTER R32 TAC-12CSD/XA73I",4,1,4399,3,13197,"ELECTRICAL APPLIANCES","AIR CONDITIONING","SPLIT AC",12
64096,"YAZZ DUCHESS TOOTHBRUSH HARD BRISTLES  72",4,4,3.39,0,0,SUPERMARKET,"HOME AND PERSONAL CARE","ORAL CARE",6
60515,"VASELINE ALOE SOOTHE LOTION  400ML  48",1392,40,49.99,1352,67586.48,SUPERMARKET,"HOME AND PERSONAL CARE","SKIN CARE",T
61058,"PAPILION  2 ROLLS TOWEL  100SHEETS   12",33,4,28.99,29,840.71,SUPERMARKET,"HOME AND PERSONAL CARE",DISPOSABLE,T
49728,"FA  ROLL-ON CARRIBEAN LEMON 50ML  24",50,16,23.49,34,798.66,SUPERMARKET,"HOME AND PERSONAL CARE",FRAGRANCES,12
61862,"MASTERCHEF VACUUM FLAS 1.0L MC-F9001",142,11,119,131,15589,"HOUSEWARE & KITCHENWARE",KITCHENWARE,"SALT AND PEPPER/CRUETS",12
62785,"STONE DECORATION 350G MIX COLOUR",5,30,5.9,-25,-147.5,"HOME DECOR & TEXTILES","HOME DECOR","OutdoorANDIndoor Decor","GH,6"
57618,"ROYAL AROMA VIETNAM RICE - 25KG",4,1,499.99,3,1499.97,SUPERMARKET,"FOOD CUPBOARD","RAW RICE",GH
38043,"PARIDOX ALATA SAMINA B&S GEL ALOE VERA 450ML 20",98,20,41.99,78,3275.22,SUPERMARKET,"HOME AND PERSONAL CARE","PERSONAL WASH",5
92811,"ROLLING PIN 45CM WOODEN 001 YWU",11,36,39.9,-25,-997.5,"HOUSEWARE & KITCHENWARE",KITCHENWARE,"KITCHEN ACCESSORIES",12
85590,"PLAY & LEARN BLOCKS SETS P-1287",14,27,12.99,-13,-168.87,"TOYS AND ENTERTAINMENT","BLOCKS AND CONSTRUCTION SETS","STACKING AND PLUGGING TOYS",6
93193,"HAND FAN MIX DESIGNCOLOR",3,12,10.9,-9,-98.1,"TOYS AND ENTERTAINMENT","PARTY SUPPLIES","CELEBRATION DECOR AND ACCESSORIES",6
89868,"SHINE FACIAL TISSUE BOUTIQUE (100PCS)  36",6,15,10.99,-9,-98.91,SUPERMARKET,"HOME AND PERSONAL CARE",DISPOSABLE,T
78798,"CHOPPING BOARD 22X32X13CM BAMBOO YWU",54,25,24.9,29,722.1,"HOUSEWARE & KITCHENWARE","KNIFE AND CHOPPING BOARD","CHOPPING BOARDS AND CHOPPERS","100,T"
80162,"TISSUE HOLDER SUCTION R5080 RJK",480830,17,79,480813,37984227,"HOUSEWARE & KITCHENWARE",BATHROOM,"BATHROOM SHELF RACKS HOLDERS","6,Upload_U"
71863,"BIC FLEX 3 COMFORT STICK 3BLADE ( 3 BLISTER )   10",32,4,95.99,28,2687.72,SUPERMARKET,"HOME AND PERSONAL CARE","FEMININE CARE",6
81328,"TASTY TOM TOMATO MIX SACHET 200G  24",15,22,10.99,-7,-76.93,SUPERMARKET,"FOOD CUPBOARD",CONDIMENTS,12
X443,"NESTLE CERELAC RICE TIN 400G 12",363,12,50.99,351,17897.49,SUPERMARKET,"FOOD CUPBOARD","BABY FOOD","GH,25,T"
X452,"MILO ACTIGEN TIN 400G 12",187,51,57.99,136,7886.64,SUPERMARKET,BEVERAGES,"DRINKING POWDERS","12,T"
CL725,"DRUM WITH LID 40LTR 38CMX55CM",6,3,95,3,285,"HOUSEWARE & KITCHENWARE","HOUSE HOLD PRODUCTS","STORAGE DRUMS",12
93895,"AVIOS BAKING TRAY RECTANGLE 10L AVSBT1 RJK",4,9,39.9,-5,-199.5,"HOUSEWARE & KITCHENWARE",BAKEWARE,"BAKING TRAY",6
94163,"SATNAM PERFUMED INSECT REPELLANT LEMON 141.7GMS",21,40,18.99,-19,-360.81,SUPERMARKET,"HOME AND PERSONAL CARE","INSECTICIDES AND RODENT CONTROL","GH,Upload_U,6"
99721,"SOLDIER MENTHOLATED BALM 60ML  6",5,1,15.49,4,61.96,SUPERMARKET,"HOME AND PERSONAL CARE","HEALTH AND WELLNESS",5
09915,"POMO TOMATO PASTE 2.2KG 6",364,4,69.99,360,25196.4,SUPERMARKET,"FOOD CUPBOARD",CONDIMENTS,25
100505,"LONG MOUNTAIN NATURAL SWEET WHITE WINE 750ML 6",50,4,65.99,46,3035.54,SUPERMARKET,"BEVERAGES ALCOHOLIC",WINES,100
101060,"N0 8 SPICY RINGS CHIPS 20G 60",10,9,1.69,1,1.69,SUPERMARKET,"FOOD CUPBOARD",SNACKS,T
103066,"DAY BY DAY LOTION MEN SPORT 500ML  24",1236,4,25.99,1232,32019.68,SUPERMARKET,"HOME AND PERSONAL CARE","SKIN CARE",T
105801,"DILMAH JASMIN GREEN TEA 20TB 30G 12",50,4,23.99,46,1103.54,SUPERMARKET,BEVERAGES,TEA,GH
105969,"MUTLU SPAGHETTI 400G 20",44,36,9.49,8,75.92,SUPERMARKET,"FOOD CUPBOARD","PASTA AND SPAGHETTI",12
106551,"MIDEA LED BULB A 9W E27 COOL MDL-BUA6009W-6500K",800489,23,8.25,800466,6603844.5,"ELECTRICAL APPLIANCES","LIGHT BULBS","LED BULB",5
107210,"DZIRE BLUETOOTH SPEAKER W/USB/FM/TF CARD PS-396",25,18,119,7,833,"ELECTRONICS & TELECOM",AUDIO,"PORTABLE/BT SPEAKER","12,6"
118147,"DOUBLE MATTRESS BED BATH 54""*75"" ASHFOAM",40,1,1729,39,67431,FURNITURE,MATTRESS,"Double Size","12,GH,5"
131068,"SAIRO ROLL ON ANTI-WHITE MARKS 50ML  12",38,38,22.99,0,0,SUPERMARKET,"HOME AND PERSONAL CARE",FRAGRANCES,"Upload_U,GH,12"
131340,"MEASURING SPOON WICE SCOOP 10PCS SET PLASTIC YWU",5,5,14.9,0,0,"HOUSEWARE & KITCHENWARE",BAKEWARE,"BAKING TOOLS AND ACCESSORIES",6
129578,"BOWL EMBOSSED AVIOS 7 DB107 RJK",91,42,12.9,49,632.1,"HOUSEWARE & KITCHENWARE",DINNERWARE,BOWLS,6
126209,"AIRPRO  AIRFRESHENER GEL  LAVENDER 128G  24",4,33,24.49,-29,-710.21,SUPERMARKET,"HOME AND PERSONAL CARE",FRESHENERS,5
138594,"HAYHAY  BOXES CARAMEL ( 24 X 8 ) 30G 192",96,8,5.19,88,456.72,SUPERMARKET,"FOOD CUPBOARD",BISCUITS,6
137269,"TOREN -TOREN WAFERS BOURBONVANILLA DEEP FCW 55G144",60,26,6.29,34,213.86,SUPERMARKET,"FOOD CUPBOARD",CONFECTIONERY,T
148388,"PLACE MAT W/TAG ROUND MIX COLOR 6PCS",6,16,99,-10,-990,"HOME DECOR & TEXTILES","DISH CLOTHS AND NAPKINS","ASSORTED ITEMS",6
148797,"CAKE TOPPER HAPPY BIRTHDAY GOLD MIX DESIGN",4,21,4.9,-17,-83.3,"TOYS AND ENTERTAINMENT","PARTY SUPPLIES","CELEBRATION DECOR AND ACCESSORIES",6
146900,"VOLTIC NATURAL MINERAL WATER PREMIUM PET 750ML 12",12,11,7.19,1,7.19,SUPERMARKET,BEVERAGES,"MINERAL WATER",GH
146646,"BEL-AQUA MINERAL WATER 4L JAR 1",15,5,11.49,10,114.9,SUPERMARKET,BEVERAGES,"MINERAL WATER",GH
157421,"FILLED CUSHION PRINTED 40X40CM ASSORTED MYQ9-1811",2,28,69,-26,-1794,"HOME DECOR & TEXTILES","COVERS CUSHION/PILLOW/CHAIR",CUSHION,12
156676,"BATH SCRUBBER COTTON AND LINEN YWU",65,5,16.9,60,1014,"HOUSEWARE & KITCHENWARE",BATHROOM,"BATH BRUSH SPONGES SCOURERS",GH
155422,"GAS LIGHTER MYQ9-1821",8,26,19,-18,-342,"GAS COOKER & ACCESSORIES","GAS COOKER","GAS REGULATOR AND ACCESSORIES",6
162267,"DZIRE MOSQUITO SWATTER W/UV LAMP MRL-I388",12,20,129,-8,-1032,"ELECTRICAL APPLIANCES",ELECTRICALS,"ELE ACCESSORIES",GH
172969,"ARIEL HIGH STUD DOWNY 1KG  12",10,4,79.99,6,479.94,SUPERMARKET,"HOME AND PERSONAL CARE","LAUNDRY CARE",T
172100,"SKYVEST LED TV 43"" SATELLITE 43S ORV",36,1,3049,35,106715,"ELECTRONICS & TELECOM","LED TV","SATELLITE TV","5,100"
168856,"BREAD KNIFE 75 CPQT018BR RJK",51,8,16.9,43,726.7,"HOUSEWARE & KITCHENWARE","KNIFE AND CHOPPING BOARD","SINGLE KNIFE",6
165732,"CELLO TAPE PLAIN 48MIC 4.5CMX160M",18,22,17.9,-4,-71.6,STATIONERY,"PACKAGING AND MAILING","   TAPES AND DISPENSERS",6
178584,"MASON JAR WSTRAW 450ML GLASS FOOTBALL YWU",12,29,9.9,-17,-168.3,"HOUSEWARE & KITCHENWARE","FLASK AND BOTTLES","GLASS BOTTLE",6
178552,"FLORA ALUMINIUM FOIL 25FT  24",9,24,15.99,-15,-239.85,SUPERMARKET,"HOME AND PERSONAL CARE",DISPOSABLE,12
18373,"PRINCESS COCOA BUTTER CREAM 260ML  4",6,6,25.49,0,0,SUPERMARKET,"HOME AND PERSONAL CARE","SKIN CARE",T
183602,"CERAMIC BELL BOWL 425 24FDL132 RJK",64,84,14.9,-20,-298,"HOUSEWARE & KITCHENWARE",DINNERWARE,BOWLS,6
180247,"BO-16 STYLING GEL (BLACK) 150G  6",11,5,11.59,6,69.54,SUPERMARKET,"HOME AND PERSONAL CARE","HAIR CARE",T
187171,"KNIFE SET 5PCS RJK ID-A823SA1002",3,23,99,-20,-1980,"HOUSEWARE & KITCHENWARE","KNIFE AND CHOPPING BOARD","KNIFE SETS",100
186699,"RAINBOW CONTAINER 5PC SET ROUND PLASTIC RJK 2020-5",38,11,34.9,27,942.3,"HOUSEWARE & KITCHENWARE","STORAGE AND ORGANIZER","STORAGE CONTAINERS",6
192930,"AKAI QLED TV 32"" SMART LT-3234T2S2QSMT",8,1,1999,7,13993,"ELECTRONICS & TELECOM","LED TV",OLED/QLED,"5,12"
193038,"PEELER 6PCS SET ZHN HD-126",43,36,22.9,7,160.3,"HOUSEWARE & KITCHENWARE","KNIFE AND CHOPPING BOARD","VEG AND FRUIT PEELERS",12
198989,"PLATINUM JASMINE VIETNAMESE RICE 22.5KG",2,5,499.99,-3,-1499.97,SUPERMARKET,"FOOD CUPBOARD","RAW RICE",12
195594,"FOOD COVER METAL  6050-28",20,54,12.9,-34,-438.6,"HOUSEWARE & KITCHENWARE",KITCHENWARE,"KITCHEN ACCESSORIES",100
202517,"MONTY MOON CHIPS BANANA 25G  50",50,45,2.99,5,14.95,SUPERMARKET,"FOOD CUPBOARD",SAVOURIES,T
48384,"5 STAR VANDA COOL DRINK 350ML  16",78,22,2.89,56,161.84,SUPERMARKET,BEVERAGES,DRINKS,100
60783,"NIVEA COCOA BUTTER LOTION  400ML   12",378,12,79.99,366,29276.34,SUPERMARKET,"HOME AND PERSONAL CARE","SKIN CARE",T
55686,"FLORA TOILET ROLL (1X24)   2",2,1,96.99,1,96.99,SUPERMARKET,"HOME AND PERSONAL CARE",DISPOSABLE,6
50387,"CLE FABRIC SOFTENER 500ML  12",6,5,13.49,1,13.49,SUPERMARKET,"HOME AND PERSONAL CARE","LAUNDRY CARE",T
56622,"TRADITION FACIAL TISSUE  2PLY  150TISSUES   36",27,52,11.49,-25,-287.25,SUPERMARKET,"HOME AND PERSONAL CARE",DISPOSABLE,"GH,T"
56629,"PAPILION SHOWER GEL FRUIT THERAPY  400ML  12",168,10,27.99,158,4422.42,SUPERMARKET,"HOME AND PERSONAL CARE","PERSONAL WASH",5
36775,"FROSTY BITE ICE CREAM CHOCOLATE TUB 1800ML 1",13,4,64.99,9,584.91,SUPERMARKET,"FROZEN FOOD",ICE-CREAM,"5,12"
90609,"CURTAIN ROD SINGLE 120-210 11062-210PG",8,19,119,-11,-1309,"HOME DECOR & TEXTILES","CURTAIN RODS","CURTAIN RODS",6
88403,"SAUCE BOTTLE 2PCS SET D8878813A YWU",30,10,9.9,20,198,"HOUSEWARE & KITCHENWARE",KITCHENWARE,"SAUCE/ VINEGAR/ BOTTLES AND SETS",GH
83925,"TOP CHOCO ON -THE -GO 80G 24",49,21,9.99,28,279.72,SUPERMARKET,"FOOD CUPBOARD",CONFECTIONERY,25
92276,"AIRPORT CHAIR 3SEATER 180X66X79CM B503",1,1,1490,0,0,FURNITURE,"OFFICE  STUDY AND COMPUTER TABLES AND BOOKCASE","CHAIRS OFFICE AND STUDY",6
82055,"CASTILLO REAL TINTO WINE 1L  12",4,1,47.99,3,143.97,SUPERMARKET,"BEVERAGES ALCOHOLIC",WINES,100
72676,"DEVA SCOURING POWDER LIME 500GMS * 24",36,10,24.99,26,649.74,SUPERMARKET,"HOME AND PERSONAL CARE","HOUSEHOLD CLEANERS","6,Upload_U"
72789,"MEANNAN GARI 1K 12",10,12,25.99,-2,-51.98,SUPERMARKET,"FOOD CUPBOARD",FLOURS,GH
65904,"SUNNY GOLD TOM BROWN BOTTLE 1KG 6",10,6,70.99,4,283.96,SUPERMARKET,"FOOD CUPBOARD","BREAKFAST CEREALS",GH
67728,"PEPSODENT TRIPLE ACTION TOOTH PASTE 140G 72",15,51,22.99,-36,-827.64,SUPERMARKET,"HOME AND PERSONAL CARE","ORAL CARE",6
72093,"4"" MATTRESS  27X72INCH HD STUDENT2 LAT",4,2,399,2,798,FURNITURE,MATTRESS,"Student Size",5
X429,"IDEAL ORIGINAL EVAPORATED MILK 150G 24",500,23,10.89,477,5194.53,SUPERMARKET,"FOOD CUPBOARD","MILK AND CREAMERS",GH
X459,"BLUE BAND MARGARINE ORIGINAL 250G 24",144,14,21.49,130,2793.7,SUPERMARKET,"FOOD CUPBOARD","SPREADS AND TOPPING",GH
X582,"PEAK FULL CREAM EVAPORATED MILK 160G  48",15,25,15.99,-10,-159.9,SUPERMARKET,"FOOD CUPBOARD","MILK AND CREAMERS",6
D635,"BINE DISINFECTANT 0.5L  25",60,7,15.99,53,847.47,SUPERMARKET,"HOME AND PERSONAL CARE","HOUSEHOLD CLEANERS",GH
CL781,"FOOD FLASK 2500ML",3,9,39.9,-6,-239.4,"HOUSEWARE & KITCHENWARE",SERVEWARE,CASSEROLES,6
95706,"AMALFI  SHAMPOO  APPLE 400ML  10",16,3,24.99,13,324.87,SUPERMARKET,"HOME AND PERSONAL CARE","HAIR CARE",T
95761,"AMALFI SHAMPOO KERATIN ANTI DANDRUFF SPA 750ML  16",20,5,32.99,15,494.85,SUPERMARKET,"HOME AND PERSONAL CARE","HAIR CARE",T
94194,"GRATER WCONTAINER ROUND 24CM Y1588928 YWU",11,10,19.9,1,19.9,"HOUSEWARE & KITCHENWARE","KNIFE AND CHOPPING BOARD",GRATER,T
94237,"MADAR DETERGENT BAR BLUE 115G  48",20,48,4.49,-28,-125.72,SUPERMARKET,"HOME AND PERSONAL CARE","LAUNDRY CARE","Upload_U,6"
03076,"WEETABIX CEREAL ORIGINAL 450G 14",75,11,89.99,64,5759.36,SUPERMARKET,"FOOD CUPBOARD","BREAKFAST CEREALS",GH
101017,"CURTAIN POLYESTER 52X84"" W/HANGER ZGB097",13,22,199,-9,-1791,"HOME DECOR & TEXTILES",CURTAINS,"GROMMET CURTAINS","6,GH"
103055,"DAY BY DAY LOTION GRENADINE 500ML  24",58,12,24.29,46,1117.34,SUPERMARKET,"HOME AND PERSONAL CARE","SKIN CARE",T
114593,"CONTAINER SET WLOCK 3X1200ML PLASTIC BG-617",3,7,34.9,-4,-139.6,"HOUSEWARE & KITCHENWARE","STORAGE AND ORGANIZER","STORAGE CONTAINERS",6
124424,"APPLE GOLDEN DELICIOUS  KG",5,0,44.99,5,224.95,SUPERMARKET,"FRUITS- IMPORT",Fruits,5
122795,"BATHROOM CORNER SHELF 3 LAYER PLASTIC UR-3077",6,8,59,-2,-118,"HOUSEWARE & KITCHENWARE",BATHROOM,"BATHROOM SHELF RACKS HOLDERS",6
122286,"TOOTHPICK W/PLASTIC CASE",723,497,2.9,226,655.4,"HOUSEWARE & KITCHENWARE","HOUSE HOLD PRODUCTS","HOUSE HOLD","Upload_U,12"
119594,"FARAGELLO GOLD MANGO NECTAR GLASS BOTTLE 250ML  24",58,66,11.99,-8,-95.92,SUPERMARKET,BEVERAGES,JUICE,6
119658,"KIVO GOOD TIME NON DAIRY CREAMER 250G  25+1",88,7,19.99,81,1619.19,SUPERMARKET,"FOOD CUPBOARD","DRINKING POWDER","12,T"
131128,"SPONGE MULTI-PURPOSE ESFRELUX 4PCS 001.0765",40,11,2.9,29,84.1,"HOUSEWARE & KITCHENWARE","HOME HYGIENE","SPONGE SCRUBBERS AND SCOURERS",GH
129611,"OPENER ANIMAL DESIGN YWU",4,3,4.9,1,4.9,"HOUSEWARE & KITCHENWARE","CUTLERY ITEMS",OPENERS,5
133028,"CHOPPING BOARD 28X38X18CM BAMBOO YWU",91,8,69,83,5727,"HOUSEWARE & KITCHENWARE","KNIFE AND CHOPPING BOARD","CHOPPING BOARDS AND CHOPPERS","12,T,100"
133054,"NUTZY PEANUT CRISPY SNACK 280G 12",12,4,31.99,8,255.92,SUPERMARKET,"FOOD CUPBOARD","SPREADS AND TOPPING",T
141409,"SALT&PEPPER SHAKER SET 5.2X7CM 56052",18,23,19.9,-5,-99.5,"HOUSEWARE & KITCHENWARE",KITCHENWARE,"SALT AND PEPPER/CRUETS",12
141775,"JAGERMEISTER 500ML 6",63,6,239.99,57,13679.43,SUPERMARKET,"BEVERAGES ALCOHOLIC",BITTERS,25
140569,"MEANNAN PLANTAIN CHIPS & PEANUTS 100G  12",12,8,12.49,4,49.96,SUPERMARKET,"FOOD CUPBOARD",SNACKS,GH
14821,"DEVA SOFTENER FLORAL 1000ML 12 10501",8,9,43.49,-1,-43.49,SUPERMARKET,"HOME AND PERSONAL CARE","HOUSEHOLD CLEANERS",T
148385,"SHOPPING BASKET HANDY IRONWOOD ROUND F10626 RJK",3,9,69,-6,-414,"HOUSEWARE & KITCHENWARE","STORAGE AND ORGANIZER",BASKET,6
147161,"PLATINUM SUNFLOWER OIL 1.8L X 6",-99892,6,99.99,-99898,-9988801.02,SUPERMARKET,"FOOD CUPBOARD","EDIBLE OILS AND GHEE","GH,25"
145809,"BELPAK CLASSIC T- ROLL 10 ROLLS    6",5,5,36.99,0,0,SUPERMARKET,"HOME AND PERSONAL CARE",DISPOSABLE,5
156650,"KIDS TUMBLER WLID AND STRAW 450ML PLASTIC T002 YWU",3,2,59,1,59,"HOUSEWARE & KITCHENWARE","FLASK AND BOTTLES","CUPS AND TUMBLERS",6
159855,"PAPER NOTE WITH CONTAINER (100X5)500SHEETS 76X76MM",6,9,16.9,-3,-50.7,STATIONERY,"OFFICE STATIONERY","OFFICE BASIC AND STATIONERY",5
158513,"FESTIVAL FROM CUVEE 0% VANILLA WINE DRINK 750ML 6",42,6,50.99,36,1835.64,SUPERMARKET,"BEVERAGES ALCOHOLIC",WINES,100
172968,"ARIEL HIGH STUD SPRING 1KG  12",10,4,74.99,6,449.94,SUPERMARKET,"HOME AND PERSONAL CARE","LAUNDRY CARE",T
169811,"AKAI AIR COOLER 12L AC063A-19R",2,1,1399,1,1399,"ELECTRICAL APPLIANCES","AIR CONDITIONING","AIR COOLERS",6
167657,"MUG 350 ML CERAMIC DESINGER YWU",4,10,4.9,-6,-29.4,"HOUSEWARE & KITCHENWARE",DINNERWARE,MUGS,6
167336,"NASCO GAS COOKER 5B 2SHELVESTAND WHT NASGS-K5BW-S",1,1,799,0,0,"GAS COOKER & ACCESSORIES","GAS COOKER","FREE STANDING GAS COOKER",6
167358,"GOMETS YOGHURT ASSORT. JELLY ROLLS 12X30 32G",69,26,3.49,43,150.07,SUPERMARKET,"FOOD CUPBOARD",CONFECTIONERY,"Upload_U,6"
179510,"AKAI SOUND BAR W/SUBWOOFER 180W SB005A-013",3,1,1399,2,2798,"ELECTRONICS & TELECOM",AUDIO,"SOUND BAR","GH,12"
178219,"BATH SPONGE SET NYLON YWU",6,16,19.9,-10,-199,"HOUSEWARE & KITCHENWARE",BATHROOM,"BATH BRUSH SPONGES SCOURERS",6
184388,"CLOTHES HANGER 5PCS SET 41CM PLASTIC XZ3166 YWU",19,26,29.9,-7,-209.3,"HOUSEWARE & KITCHENWARE",LAUNDARY,"CLOTH HANGERS","GH,6"
18459,"FOUR SPECIAL SWEET RED WINE 750ML 6",42,17,58.99,25,1474.75,SUPERMARKET,"BEVERAGES ALCOHOLIC",WINES,100
200308,"H&H CHICKEN LUNCHEON MEAT 198G 24",48,16,21.99,32,703.68,SUPERMARKET,"FOOD CUPBOARD","CANNED FOOD",25
200613,"HUNGRY BREAD VANILLA FRUIT CAKE 300G 1",66,5,39.99,61,2439.39,SUPERMARKET,BAKERY,BREADS,"12,25,5"
53555,"FROSTY BITE FANTASY STRAWBERRY 70G 30",45,53,8.99,-8,-71.92,SUPERMARKET,"FROZEN FOOD",ICE-CREAM,"5,12"
25741,"LUNCH BOX POTLUCK MASTERCHEF SS+PLASTIC 3.6L",30,25,299,5,1495,"HOUSEWARE & KITCHENWARE","STORAGE AND ORGANIZER","LUNCH BOXES TIFFINS AND FOOD FLASK",6
32824,"BANETTI PASTA FUSILLI 500G  20",108,3,14.99,105,1573.95,SUPERMARKET,"FOOD CUPBOARD","NOODLES AND SOUP",25
32827,"BANETTI VERMICELLI 500G  20",75,4,14.99,71,1064.29,SUPERMARKET,"FOOD CUPBOARD","NOODLES AND SOUP",25
88922,"AKAI CEILING FAN 56"" EF082A-C5610WS",10,4,399,6,2394,"ELECTRICAL APPLIANCES",FAN,"CEILING FAN",12
83660,"TOP CHOCO PURE COCOA POWDER  200G 12",14,10,49.99,4,199.96,SUPERMARKET,BEVERAGES,"DRINKING POWDERS","GH,12"
86785,"SCOURER 5PCS SET YWU",25,10,6.9,15,103.5,"HOUSEWARE & KITCHENWARE","HOME HYGIENE","BROOM BRUSHES DUSTPANS",GH
91774,"INDOMIE ONION CHICKEN BELLE FU NOODLES 280G 18",110,6,18.59,104,1933.36,SUPERMARKET,"FOOD CUPBOARD","NOODLES AND SOUP",12
89866,"SHINE FACIAL TISSUE LARGE (150PCS)  36",8,2,12.99,6,77.94,SUPERMARKET,"HOME AND PERSONAL CARE",DISPOSABLE,"33,Upload_U,T"
90117,"HAND MIRROR WHANDLE YWU",22,23,29.9,-1,-29.9,"HOUSEWARE & KITCHENWARE",BATHROOM,"BATHROOM ACCESSORIES",12
68488,"BARON DE FRANC MEDIUM SWEET RED WINE 750ML  6",41,4,72.99,37,2700.63,SUPERMARKET,"BEVERAGES ALCOHOLIC",WINES,100
72788,"HEAVEN MOSQUITO COILS 60 PACKETS",7,62,19.99,-55,-1099.45,SUPERMARKET,"HOME AND PERSONAL CARE","INSECTICIDES AND RODENT CONTROL",GH
69992,"DOLAIT YOGHURT NATURE 500G 1",25,11,35.99,14,503.86,SUPERMARKET,"FRESH DAIRY AND EGGS",Yoghurt,6
74487,"UMBRELLA 3 FOLD B",8,2,75,6,450,"HOME DECOR & TEXTILES","HOME DECOR",XMAS,5
67999,"EVP COFFEE CUP CLEAR 80CC SINGLE LAYER (20X100) 20",3,20,13.49,-17,-229.33,SUPERMARKET,"HOME AND PERSONAL CARE",DISPOSABLE,T
X472,"IDEAL ORIGINAL EVAPORATED MILK 370G 24",48,67,26.99,-19,-512.81,SUPERMARKET,"FOOD CUPBOARD","MILK AND CREAMERS",T
X712,"DON SIMON SANGRIA TETRA PACK 1L 12",147,4,43.99,143,6290.57,SUPERMARKET,BEVERAGES,JUICE,100
K402,"SS KNIFE DESERT4P1761261 48A",14,5,9.9,9,89.1,"HOUSEWARE & KITCHENWARE","CUTLERY ITEMS","SPOONS FORKS KNIFE AND CUTLERY SET","12,T"
X890,"DETTOL ANTISEPTIC LIQUID 500ML   24",400,17,65.99,383,25274.17,SUPERMARKET,"HOME AND PERSONAL CARE","HEALTH AND WELLNESS","1,Upload_U"
CL214,"BOWL ODO 400ML 14CMX4CM",38,84,1.5,-46,-69,"HOUSEWARE & KITCHENWARE",SERVEWARE,"SERVING BOWL",6
96815,"NO 8 CHOCOLATE SNACK 30G  72",10,30,.69,-20,-13.8,SUPERMARKET,"FOOD CUPBOARD",SNACKS,T
CL622,"FRIDGE BOTTLE 650ML ROUND 7CMX18CM",64,21,8.9,43,382.7,"HOUSEWARE & KITCHENWARE","FLASK AND BOTTLES",BOTTLE,6
95730,"AMALFI  SHAMPOO FAMILIAR ALOE  750ML  16",34,10,32.99,24,791.76,SUPERMARKET,"HOME AND PERSONAL CARE","HAIR CARE",T
02387,"PICCADILLY GEM BISCUITS 250G  15",100,9,15.99,91,1455.09,SUPERMARKET,"FOOD CUPBOARD",BISCUITS,T
102192,"PLATINUM SUNFLOWER OIL 900ML  15",76,54,44.99,22,989.78,SUPERMARKET,"FOOD CUPBOARD","EDIBLE OILS AND GHEE","25,Upload_U"
103064,"DAY BY DAY MEN LOTION 200ML  36",22,23,11.99,-1,-11.99,SUPERMARKET,"HOME AND PERSONAL CARE","SKIN CARE",T
104363,"NESTLE CERELAC WHEAT WITH MILK 300G  12",45,8,31.99,37,1183.63,SUPERMARKET,"FOOD CUPBOARD","BREAKFAST CEREALS","T,6"
107021,"CT+ SHOWER GEL 800ML 12",72,8,47.99,64,3071.36,SUPERMARKET,"HOME AND PERSONAL CARE","PERSONAL WASH",5
118595,"PALMOLIVE SHOWER GEL COCONUT MILK 500ML  12",75,3,41.99,72,3023.28,SUPERMARKET,"HOME AND PERSONAL CARE","PERSONAL WASH",5
119666,"KELLOGGS CORNFLAKES 45G  100",75,108,6.49,-33,-214.17,SUPERMARKET,"FOOD CUPBOARD","BREAKFAST CEREALS",GH
131522,"GOODYS SPICY HOT SHITO  800G 12",104,12,149.99,92,13799.08,SUPERMARKET,"FOOD CUPBOARD",CONDIMENTS,25
130793,"TOREN LEMON DEEP FLAV CRISPY WAF 55G 144",488,36,6.29,452,2843.08,SUPERMARKET,"FOOD CUPBOARD",BISCUITS,"Upload_U,6,T"
13865,"ALWAYS NORMALVALUE PACK ULTRA THIN LONG 16PADS  8",5,1,44.99,4,179.96,SUPERMARKET,"HOME AND PERSONAL CARE","FEMININE CARE",T
141371,"WINE BUCKET W/SHAKER SET 5PCS 500ML 52058",1,6,99,-5,-495,"HOUSEWARE & KITCHENWARE",KITCHENWARE,"BAR TOOLS AND ACCESSORIES",12
139760,"MUG 330ML CERAMIC WSILVER LINE YWU",9,35,14.9,-26,-387.4,"HOUSEWARE & KITCHENWARE",DINNERWARE,MUGS,6
137493,"BUMBLE BABY WET WIPES 120 PCS LA BELLA  12",40,5,31.99,35,1119.65,SUPERMARKET,"HOME AND PERSONAL CARE","INFANT AND BABY CARE","5,T"
137496,"BUMBLE BABY WET WIPES ROSE DREAM 120PCS   12",20,10,31.99,10,319.9,SUPERMARKET,"HOME AND PERSONAL CARE","INFANT AND BABY CARE",T
133980,"BACKPACK PVC 29CM KL11492",5,2,49,3,147,STATIONERY,"SCHOOL AND CHILDREN STATIONERY",BACKPACKS,6
136091,"KIRKLAND PREMIUM TOWEL 12 ROLLS  12",3,4,61.99,-1,-61.99,SUPERMARKET,"HOME AND PERSONAL CARE",DISPOSABLE,T
149011,"MCBERRY MILK CREAM POUND CAKE 30G  144",150,146,2.29,4,9.16,SUPERMARKET,"FOOD CUPBOARD",SNACKS,T
148557,"VASE MIX COLOR 20X13CM",5,6,35.9,-1,-35.9,"HOME DECOR & TEXTILES","HOME DECOR",DECORATIVE,6
148804,"SHOE AND HAT RACK 4LAYER METAL YWU",16,6,179,10,1790,"HOUSEWARE & KITCHENWARE",LAUNDARY,"SHOE RACKS","6,GH"
148849,"CUP CAKE STAND 5TIER GOLDSILVER YWU",58,3,14.9,55,819.5,"HOUSEWARE & KITCHENWARE",BAKEWARE,"BAKING TOOLS AND ACCESSORIES",5
155865,"SPRAY BOTTLE OIL 245CC C-00518",10,12,26.9,-2,-53.8,"HOUSEWARE & KITCHENWARE","FLASK AND BOTTLES",BOTTLE,6
155544,"HOOK APPLE 3 X SET OF 2 PLASTIC BG-257",13,50,9.9,-37,-366.3,"HOUSEWARE & KITCHENWARE",LAUNDARY,HOOKS,12
152683,"DINING SET 1+4 DARK GREY EMMA DTGJ-C240/DCGJ-834",2,1,2090,1,2090,FURNITURE,"DINING SETS","4 SEATER SET",12
152684,"DINING SET 1+4 MAMAROX DTGJ-C223/DCGJ-A216",3,1,2790,2,5580,FURNITURE,"DINING SETS","4 SEATER SET",12
164043,"VACCUM FLASK 1200ML PLASTIC 161713-590",9,6,69,3,207,"HOUSEWARE & KITCHENWARE","FLASK AND BOTTLES",FLASK,6
161919,"JAR W/RING LID LARGE 1000ML GLASS C-00116",1,1,22.9,0,0,"HOUSEWARE & KITCHENWARE",SERVEWARE,"SERVING JUGS",6
162014,"DOOR MAT COIR TUFF 16MM ASSORTED 40X70CM",67,7,99,60,5940,"HOME DECOR & TEXTILES","FLOOR MATS","DOOR MAT","Upload_U,6"
167246,"TWISCO ENERGY FOOD DRINK SACHET 400G  12",39,1,38.99,38,1481.62,SUPERMARKET,BEVERAGES,"DRINKING POWDERS",12
184069,"COMFORT BLUE ULTRA  FABRIC CONDITIONER 20ML 30",400,26,21.49,374,8037.26,SUPERMARKET,"HOME AND PERSONAL CARE","LAUNDRY CARE",T
180218,"KLEANZ HAND SANITIZER 50ML (SPRAY)  46",8,48,7.29,-40,-291.6,SUPERMARKET,"HOME AND PERSONAL CARE","PERSONAL WASH",5
180250,"BO-16 HAIR MIST ASSORTED 125ML   6",21,10,42.99,11,472.89,SUPERMARKET,"HOME AND PERSONAL CARE","HAIR CARE",T
182225,"NASCO WASHING MACHINE TT 6KG NASTT-B60FL",2,1,1899,1,1899,"ELECTRICAL APPLIANCES","WASHING MACHINE","TWIN TUB WM",GH
188628,"COFFEE TABLE 50X60CM ASRTD",18,1,429,17,7293,FURNITURE,"COFFEE / END / NESTING TABLES","COFFEE TABLES",5
187418,"SAMSUNG LED TV 43"" SAT SMART UA43F6000",10,1,6739,9,60651,"ELECTRONICS & TELECOM","LED TV","SMART TV",5
188859,"BATHMAT 50X80CM BM-244 IVORY CP",12,10,59,2,118,"HOME DECOR & TEXTILES","BATH AND LAUNDRY","BATH MATS",12
186703,"LUNCH SET 2PCS PLASTIC KIDS BTS RJK 1810A",21,8,42.9,13,557.7,"HOUSEWARE & KITCHENWARE","STORAGE AND ORGANIZER","LUNCH BOXES TIFFINS AND FOOD FLASK",6
185364,"HAPPY FLAKES CUBE SUGAR 500G 24",4,10,18.99,-6,-113.94,SUPERMARKET,"FOOD CUPBOARD","SALT  SUGAR AND JAGGERY",GH
19842,"FROSTY BITE ICE CREAM CUP VANILLA 150ML 24",2,58,6.99,-56,-391.44,SUPERMARKET,"FROZEN FOOD",ICE-CREAM,6
49192,"POMO TOMATO PASTE (PILLOW PACK)  200G 24",105,33,10.99,72,791.28,SUPERMARKET,"FOOD CUPBOARD","TOMATO PASTE",25
60956,"BINATONE BLENDER  W/MILL 1.5L 350W BLG402/402 MK2",2,6,669,-4,-2676,"ELECTRICAL APPLIANCES","FOOD PROCESSOR/BLENDER",BLENDERS,6
33580,"FROSTY BITE ICE CREAM CHOCOLATE TUB 550ML 6",33,47,22.49,-14,-314.86,SUPERMARKET,"FROZEN FOOD",ICE-CREAM,12
34901,"HABIBA COCOA BUTTER POMADE BS  250ML 6",10,12,27.99,-2,-55.98,SUPERMARKET,"HOME AND PERSONAL CARE","SKIN CARE",T
30033,"VEGA THAI HOM MALI JASMINE RICE 5KG  5",70,8,249.99,62,15499.38,SUPERMARKET,"FOOD CUPBOARD","RAW RICE",25
23065,"CUSSONS BABY SOAP (SOFT & SMOOTH) 70G 96",300,54,5.99,246,1473.54,SUPERMARKET,"HOME AND PERSONAL CARE","INFANT AND BABY CARE",T
86514,"NO 8 EXOTIC SNACKS 40G  72",10,73,1.09,-63,-68.67,SUPERMARKET,"FOOD CUPBOARD",SNACKS,T
72787,"HEAVEN NAPHTHALENE BALL (CANFA) 150G  120",2,2,10.99,0,0,SUPERMARKET,"HOME AND PERSONAL CARE","INSECTICIDES AND RODENT CONTROL",6
76088,"TOP CHOCO CHOCOLATE SPREAD 150G  24",6,7,14.49,-1,-14.49,SUPERMARKET,"FOOD CUPBOARD","SPREADS AND TOPPING",GH
X141,"IMPERIAL LEATHER CLASSIC BAR  SOAP  200G 36",100,36,16.99,64,1087.36,SUPERMARKET,"HOME AND PERSONAL CARE","PERSONAL WASH",5
X446,"NESCAFE CLASSIC 50G 48",52,20,58.99,32,1887.68,SUPERMARKET,BEVERAGES,COFFEE,"GH,T"
D570,"HUNTERS GOLD CIDER BOTTLE 330ML 24",27,18,24.99,9,224.91,SUPERMARKET,"BEVERAGES ALCOHOLIC",CIDER,6
H801,"BANQUET CHAIR CY02/SF1013-1 MAR",30,5,579,25,14475,FURNITURE,"BAR AND HOTEL","Banquet Chairs","GH,12"
D997,"MALTA GUINNESS CAN 330ML 24",252,48,12.99,204,2649.96,SUPERMARKET,BEVERAGES,DRINKS,"6,12"
N479,"NUTELLA CHOCOLATE SPREAD 350G 15",168,3,104.99,165,17323.35,SUPERMARKET,"FOOD CUPBOARD","SPREADS AND TOPPING","25,GH"
N636,"PAPER NAPKIN / KITCHEN TOWEL EVERPACK M/S  6",42,6,21.99,36,791.64,SUPERMARKET,"HOME AND PERSONAL CARE",DISPOSABLE,T
CL542,"BOWL ETO 3000ML 28CMX9CM",5,26,7.9,-21,-165.9,"HOUSEWARE & KITCHENWARE",SERVEWARE,"SERVING BOWL",6
98541,"GETTOL ANTISEPTIC LEMON 500ML  24",-900,26,33.99,-926,-31474.74,SUPERMARKET,"HOME AND PERSONAL CARE","HEALTH AND WELLNESS",5
CL608,"BUCKET WITH LID 15LTR 32CMX32CM",3,12,34.9,-9,-314.1,"HOUSEWARE & KITCHENWARE",LAUNDARY,"BUCKETS AND BASINS",100
99072,"BARBEQUE UNIT ROUND WDOME TOP 56CM 2020B180 YWU",42,2,1199,40,47960,"HOUSEWARE & KITCHENWARE",KITCHENWARE,"BBQ AND ACCESSORIES","12,5,GH"
02247,"SAIRO ARGAN HAND WASH 500ML 12",0,4,29.99,-4,-119.96,SUPERMARKET,"HOME AND PERSONAL CARE","PERSONAL WASH",
02391,"PRINGLES POTATO CHIPS ORIGINAL 165G X 19",0,7,44.99,-7,-314.93,SUPERMARKET,"FOOD CUPBOARD",SNACKS,
00359,"EXETER CORNED BEEF 340G 24",0,26,59.99,-26,-1559.74,SUPERMARKET,"FOOD CUPBOARD","CANNED FOOD",
00361,"ZWAN CHICKEN LUNCHEON MEAT 340G 12",0,8,51.99,-8,-415.92,SUPERMARKET,"FOOD CUPBOARD","CANNED FOOD",
00376,"CERES WHISPER OF SUMMER JUICE 1L 12",0,1,39.49,-1,-39.49,SUPERMARKET,BEVERAGES,JUICE,
00380,"CERES MANGO JUICE 200ML 24",0,31,12.99,-31,-402.69,SUPERMARKET,BEVERAGES,JUICE,
00453,"GOANAS WINE 75CL 12",0,7,94.99,-7,-664.93,SUPERMARKET,"BEVERAGES ALCOHOLIC",WINES,
00521,"AKAI AVR 2KVA AVR003A - 2000VA",0,6,779,-6,-4674,"ELECTRICAL APPLIANCES",ELECTRICALS,AVR/AVS,
00522,"AKAI AVR 3KVA AVR006A - 3000VA",0,2,1499,-2,-2998,"ELECTRICAL APPLIANCES",ELECTRICALS,AVR/AVS,
00529,"AKAI AVR 5KVA  AVR004A - 5000VA",0,1,1699,-1,-1699,"ELECTRICAL APPLIANCES",ELECTRICALS,AVR/AVS,
00869,"COWBELL MILK STRAWBRY 35G (10 X12)  120",0,10,5.99,-10,-59.9,SUPERMARKET,BEVERAGES,"DRINKING POWDERS",
01853,"BINE MULITI PURPOSE LIQUID SOAP 250ML  24",0,5,4.99,-5,-24.95,SUPERMARKET,"HOME AND PERSONAL CARE","HOUSEHOLD CLEANERS",
02572,"PURE HEAVEN APPLE JUICE 1L 8",0,4,35.99,-4,-143.96,SUPERMARKET,BEVERAGES,JUICE,
03077,"WEETABIX CEREAL ORIGINAL 225G 18",0,14,47.99,-14,-671.86,SUPERMARKET,"FOOD CUPBOARD","BREAKFAST CEREALS",
03471,"COKE ZERO PET 1L  4",0,5,15.99,-5,-79.95,SUPERMARKET,BEVERAGES,DRINKS,
03473,"ROMAR SOFTENER CONC. MARSEILLE SOAP 2L  6",0,5,79.99,-5,-399.95,SUPERMARKET,"HOME AND PERSONAL CARE","LAUNDRY CARE",
03561,"UMBRELLA 68CM",0,5,45.9,-5,-229.5,"HOME DECOR & TEXTILES","HOME DECOR",XMAS,
03616,"BOUNTY PAPER TOWEL 2PLY SHEETS   12",0,10,70.99,-10,-709.9,SUPERMARKET,"HOME AND PERSONAL CARE",DISPOSABLE,
03645,"LACTASOY PLAIN SOYA MILK 1L 12",0,11,41.99,-11,-461.89,SUPERMARKET,"FOOD CUPBOARD","MILK AND CREAMERS",
03826,"BLUE BAND MARGARINE SPREAD 450G 24",0,12,25.99,-12,-311.88,SUPERMARKET,"FOOD CUPBOARD","SPREADS AND TOPPING",
05124,"AKAI LED LIGHT RECHARGEABLE LS006RA-9100/LS026A",0,16,299,-16,-4784,"ELECTRICAL APPLIANCES",LIGHTING/LAMPS,"TORCH/ LANTERN",
04421,"ELECTROLUX KETTLE 1.7L 2200W EEWA3330",0,1,599,-1,-599,"ELECTRICAL APPLIANCES",KETTLE,"PLASTIC KETTLE",
04641,"SERVING BOWL MELAMINE 8 INCHES ZHN C09885",0,35,12.9,-35,-451.5,"HOUSEWARE & KITCHENWARE","MELAMINE WARE","MEL BOWL/BOWL+COVER",
08007,"BB COCKTAIL DE FRUITS  330ML 24",0,40,13.49,-40,-539.6,SUPERMARKET,BEVERAGES,DRINKS,
08026,"OMO AUTO WASH  2KG  9",0,8,172.99,-8,-1383.92,SUPERMARKET,"HOME AND PERSONAL CARE","LAUNDRY CARE",
05200,"DOVE ROLL-ON INVISIBLE DRY 50ML 6",0,16,24.99,-16,-399.84,SUPERMARKET,"HOME AND PERSONAL CARE",FRAGRANCES,
06432,"PINK COCKTAIL SPARKLING WINE 750 ML 12",0,12,49.99,-12,-599.88,SUPERMARKET,"BEVERAGES ALCOHOLIC",WINES,
06556,"DISH CLOTH PRINTED 2 PCS DC 514",0,14,22.9,-14,-320.6,"HOME DECOR & TEXTILES","DISH CLOTHS AND NAPKINS","KITCHEN NAPKIN AND TOWELS",
06571,"MEANNAN GROUNDED GINGER 200G 12",0,33,41.49,-33,-1369.17,SUPERMARKET,"FOOD CUPBOARD","SPICES AND HERBS",
06744,"NIDO 1 + PREDIO 400G 12",0,12,129.99,-12,-1559.88,SUPERMARKET,"FOOD CUPBOARD","DRINKING POWDER",
06966,"KASAPREKO BRANDY 750ML 12",0,8,36.49,-8,-291.92,SUPERMARKET,"BEVERAGES ALCOHOLIC","COGNAC / BRANDY",
06968,"KASAPREKO LIME CORDIAL 750ML 12",0,15,29.99,-15,-449.85,SUPERMARKET,"BEVERAGES ALCOHOLIC",LIQUER,
06969,"KASAPREKO TONIC WINE 750ML 12",0,18,29.99,-18,-539.82,SUPERMARKET,"BEVERAGES ALCOHOLIC",WINES,
06975,"MAGGI SHRIMP TAB  (60*10G) 24",0,12,41.99,-12,-503.88,SUPERMARKET,"FOOD CUPBOARD",CONDIMENTS,
07015,"YAZZ WASHING POWDER 2KG 6",0,10,70.99,-10,-709.9,SUPERMARKET,"HOME AND PERSONAL CARE","LAUNDRY CARE",
07023,"YAZZ SANITARY PAD  EXTRA LONG MINTY 24",0,9,17.99,-9,-161.91,SUPERMARKET,"HOME AND PERSONAL CARE","FEMININE CARE",
07498,"EMBOSSED BOWL 6 INCHES SW006E RJK",0,15,9.9,-15,-148.5,"HOUSEWARE & KITCHENWARE",DINNERWARE,BOWLS,
08571,"STUTE SUPERIOR TROPICAL JUICE  1.5L  6",0,6,53.99,-6,-323.94,SUPERMARKET,BEVERAGES,JUICE,
08576,"HARPIC  CITRUS GEL 725ML   12",0,10,38.99,-10,-389.9,SUPERMARKET,"HOME AND PERSONAL CARE","HOUSEHOLD CLEANERS",
09134,"TASTY TOM TOMATO PASTE 2200G 6",0,3,82.99,-3,-248.97,SUPERMARKET,"FOOD CUPBOARD",CONDIMENTS,
09224,"ALWAYS ULTRA THIN LONG WITH WINGS 8PADS X 16",0,17,22.99,-17,-390.83,SUPERMARKET,"HOME AND PERSONAL CARE","FEMININE CARE",
09226,"ALWAYS EXTRA LONG ULTRA THIN 7PADS X 16",0,22,22.99,-22,-505.78,SUPERMARKET,"HOME AND PERSONAL CARE","FEMININE CARE",
08736,"GOODYS SPICY SHITO HOT BEEF 845G 12",0,17,144.99,-17,-2464.83,SUPERMARKET,"FOOD CUPBOARD","PEPPER SAUCE",
08759,"EMBORG LOW FAT  UHT MILK 1L 12",0,5,46.99,-5,-234.95,SUPERMARKET,"FOOD CUPBOARD","MILK AND CREAMERS",
08763,"COUNTRE MILK BANANA 500ML 18",0,6,35.99,-6,-215.94,SUPERMARKET,BEVERAGES,DRINKS,
08770,"COUNTRE MILK CHOCOLATE 500ML 18",0,1,35.99,-1,-35.99,SUPERMARKET,BEVERAGES,DRINKS,
08772,"COUNTRE MILK VANILLA 500ML 18",0,1,35.99,-1,-35.99,SUPERMARKET,BEVERAGES,DRINKS,
08813,"WC NET INTENSE GEL LAVENDER FRESH 750ML  12",0,12,53.99,-12,-647.88,SUPERMARKET,"HOME AND PERSONAL CARE","HOUSEHOLD CLEANERS",
08833,"FAULTLESS SPRAY STARCH MT.LAVENDER 567G 12",0,8,59.99,-8,-479.92,SUPERMARKET,"HOME AND PERSONAL CARE","LAUNDRY CARE",
08353,"VITAMILK DOUBLE  CHOCO SHAKE SOYMILK 300ML 24",0,24,16.99,-24,-407.76,SUPERMARKET,BEVERAGES,DRINKS,
08473,"CAPEL APPLE NON ALCOHOLIC SPARKLING WINE 750ML  6",0,7,56.99,-7,-398.93,SUPERMARKET,"BEVERAGES ALCOHOLIC",WINES,
100657,"MASTERCHEF SKIMMER BLACK NYLON MC14309F RJK",0,13,14.9,-13,-193.7,"HOUSEWARE & KITCHENWARE","KITCHEN TOOLS AND CULTARY","COOKING TOOL LADLES AND SERVERS",
100658,"MASTERCHEF PIZZA CUTTER BLACK MC32009 RJK",0,9,19.9,-9,-179.1,"HOUSEWARE & KITCHENWARE","KNIFE AND CHOPPING BOARD",CUTTERS,
100666,"MASTERCHEF SKIMMER NYLON MC32209 RJK",0,17,19.9,-17,-338.3,"HOUSEWARE & KITCHENWARE","KITCHEN TOOLS AND CULTARY","COOKING TOOL LADLES AND SERVERS",
100687,"APPLE LAUNDRY BASKET WITH LID BIG REC-78",0,1,9.9,-1,-9.9,"HOUSEWARE & KITCHENWARE",LAUNDARY,"LAUNDRY BASKET/ITEMS",
09345,"NEDERBURG WINEMASTERS CHARDONNAY WINE 750ML 6",0,2,129.99,-2,-259.98,SUPERMARKET,"BEVERAGES ALCOHOLIC",WINES,
100031,"NANA-S RICE LONG GRAIN RICE 5% BROKENNESS 4.5KG 5",0,6,140.99,-6,-845.94,SUPERMARKET,"FOOD CUPBOARD","RAW RICE",
100046,"DOVE BABY WIPES SENSITIVE MOISTURE 50S  12",0,8,29.99,-8,-239.92,SUPERMARKET,"HOME AND PERSONAL CARE","INFANT AND BABY CARE",
100048,"DOVE BABY WIPES RICH MOISTURE 50S  12",0,8,29.99,-8,-239.92,SUPERMARKET,"HOME AND PERSONAL CARE","INFANT AND BABY CARE",
100140,"SOUP BOWL 2PCS SET  CERAMIC T103022",0,3,219,-3,-657,"HOUSEWARE & KITCHENWARE",DINNERWARE,BOWLS,
100245,"BEDSHEET SET KINGSIZE 125GSM 3P KBS-77",0,19,179,-19,-3401,"HOME DECOR & TEXTILES","BED SHEET","KING SIZE BEDSHEET",
100504,"LONG MOUNTAIN NATURAL SWEET ROSE WINE 750ML 6",0,7,65.99,-7,-461.93,SUPERMARKET,"BEVERAGES ALCOHOLIC",WINES,
100506,"LONG MOUNTAIN NATURAL SWEET RED WINE 750ML 6",0,6,65.99,-6,-395.94,SUPERMARKET,"BEVERAGES ALCOHOLIC",WINES,
100968,"CURTAIN POLYESTER 52X84  WHANGER DRTH1493",0,10,129,-10,-1290,"HOME DECOR & TEXTILES",CURTAINS,"GROMMET CURTAINS",
100969,"CURTAIN POLYESTER 52X84  WHANGER DRTH194",0,9,129,-9,-1161,"HOME DECOR & TEXTILES",CURTAINS,"GROMMET CURTAINS",
100981,"CURTAIN POLYESTER 54X84  W/HANGER DR-TH336",0,12,169,-12,-2028,"HOME DECOR & TEXTILES",CURTAINS,"GROMMET CURTAINS",
100983,"CURTAIN POLYESTER 52X84  WHANGER SI001",0,12,149,-12,-1788,"HOME DECOR & TEXTILES",CURTAINS,"GROMMET CURTAINS",
100984,"CURTAIN POLYESTER 52X84"" W/HANGER DR-TH157-2",0,11,159,-11,-1749,"HOME DECOR & TEXTILES",CURTAINS,"GROMMET CURTAINS",
100985,"CURTAIN POLYESTER 52X84"" W/HANGER DR-TH158",0,11,159,-11,-1749,"HOME DECOR & TEXTILES",CURTAINS,"GROMMET CURTAINS",
100986,"CURTAIN POLYESTER 52X84"" W/HANGER DR-TH159",0,9,159,-9,-1431,"HOME DECOR & TEXTILES",CURTAINS,"GROMMET CURTAINS",
101010,"CURTAIN POLYESTER 52X84"" W/HANGER BLK33",0,18,129,-18,-2322,"HOME DECOR & TEXTILES",CURTAINS,"GROMMET CURTAINS",
101386,"TASTY TOM JELLOF MIX 60G  50",0,44,3.79,-44,-166.76,SUPERMARKET,"FOOD CUPBOARD",CONDIMENTS,
101422,"CHEF KNIFE 8INCHES WWOODEN HANDLE ER588B YWU",0,13,34.9,-13,-453.7,"HOUSEWARE & KITCHENWARE","KNIFE AND CHOPPING BOARD","VEG AND FRUIT SLICERS",
101013,"CURTAIN POLYESTER 52X84  WHANGER BLK95",0,21,129,-21,-2709,"HOME DECOR & TEXTILES",CURTAINS,"GROMMET CURTAINS",
101016,"CURTAIN POLYESTER 52X84  WHANGER ZGB501",0,12,199,-12,-2388,"HOME DECOR & TEXTILES",CURTAINS,"GROMMET CURTAINS",
101019,"CURTAIN POLYESTER 52X84"" W/HANGER ZGB101",0,12,159,-12,-1908,"HOME DECOR & TEXTILES",CURTAINS,"GROMMET CURTAINS",
101058,"N0 8 SEAFOODS RINGS CHIPS 20G  60",0,13,1.69,-13,-21.97,SUPERMARKET,"FOOD CUPBOARD",SNACKS,
101063,"N0 8 CHOCOLATE FINGERS CHIPS 20G  60",0,16,1.69,-16,-27.04,SUPERMARKET,"FOOD CUPBOARD",SNACKS,
101077,"PERLA LUXURY MOISTURIZING SOAP ROSE 175G  18",0,18,9.99,-18,-179.82,SUPERMARKET,"HOME AND PERSONAL CARE","PERSONAL WASH",
101079,"TOPCO MULTIPURPOSE SOAP 300G   36",0,26,7.49,-26,-194.74,SUPERMARKET,"HOME AND PERSONAL CARE","LAUNDRY CARE",
101088,"AKAI KETTLE 1.8L 1800W SS GREY EK029A-18GE",0,4,279,-4,-1116,"ELECTRICAL APPLIANCES",KETTLE,"STAINLESS STEEL KETTLE",
101110,"ZOMBA BLUE COCKTAIL 0% ALC 750ML 6",0,6,42.49,-6,-254.94,SUPERMARKET,"BEVERAGES ALCOHOLIC",WINES,
100796,"ZOMBA GREEN COCKTAIL 0% ALC 750ML 6",0,28,42.49,-28,-1189.72,SUPERMARKET,"BEVERAGES ALCOHOLIC",WINES,
100798,"ZOMBA RED COCKTAIL 0% ALC 750ML 6",0,5,42.49,-5,-212.45,SUPERMARKET,"BEVERAGES ALCOHOLIC",WINES,
100799,"ZOMBA YELLOW COCKTAIL 0% ALC 750ML 6",0,6,42.49,-6,-254.94,SUPERMARKET,"BEVERAGES ALCOHOLIC",WINES,
100802,"ZOMBA PINK COCKTAIL 0% ALC 750ML 6",0,5,42.49,-5,-212.45,SUPERMARKET,"BEVERAGES ALCOHOLIC",WINES,
100813,"DINNER KNIFE 6 PCS T-01KN",0,49,9.9,-49,-485.1,"HOUSEWARE & KITCHENWARE","CUTLERY ITEMS","SPOONS FORKS KNIFE AND CUTLERY SET",
100815,"DINNER KNIFE 6PCS 102KN",0,49,9.9,-49,-485.1,"HOUSEWARE & KITCHENWARE","CUTLERY ITEMS","SPOONS FORKS KNIFE AND CUTLERY SET",
100818,"DINNER KNIFE 6PCS 2944KN",0,52,9.9,-52,-514.8,"HOUSEWARE & KITCHENWARE","CUTLERY ITEMS","SPOONS FORKS KNIFE AND CUTLERY SET",
100846,"NOTE BOOK W/BALL PEN 4DESIGN MIX",0,3,19.99,-3,-59.97,STATIONERY,"SCHOOL AND CHILDREN STATIONERY","NOTE BOOKS",
100898,"FRUTAIL MANGO NECTAR JUICE 1L  12",0,6,34.99,-6,-209.94,SUPERMARKET,BEVERAGES,JUICE,
102246,"DOVE FM ROLL ON  CLEAN COMFORT 50ML  6",0,16,24.99,-16,-399.84,SUPERMARKET,"HOME AND PERSONAL CARE",FRAGRANCES,
102269,"TASTY TOM JELLOF MIX SACHT 210G  24",0,18,11.99,-18,-215.82,SUPERMARKET,"FOOD CUPBOARD",CONDIMENTS,
101444,"WHITE BLUE PREMIUM WHISKY WITH CANISTER 750ML 12",0,5,96.99,-5,-484.95,SUPERMARKET,"BEVERAGES ALCOHOLIC",WHISKEY,
101865,"FRIDGE BOTTLE 1000ML PLASTIC SQUARE H20",0,3,34.9,-3,-104.7,"HOUSEWARE & KITCHENWARE","FLASK AND BOTTLES",BOTTLE,
101902,"MATA MIXED VEGETABLES IN BRINE E/O 400G  24",0,11,17.49,-11,-192.39,SUPERMARKET,"FOOD CUPBOARD","CANNED FOOD",
101954,"BASKET LAUNDRY W/MAT DESIGN PLAST JULIET 1421WL-PB",0,1,149,-1,-149,"HOUSEWARE & KITCHENWARE",LAUNDARY,"LAUNDRY BASKET/ITEMS",
101996,"RAINBOW CONTAINER 7PCS SET PP21737",0,2,69,-2,-138,"HOUSEWARE & KITCHENWARE","STORAGE AND ORGANIZER","STORAGE CONTAINERS",
102177,"EVERPACK PAPA JUMBO MULTI-PURPOSE TOWEL   6",0,6,49.99,-6,-299.94,SUPERMARKET,"HOME AND PERSONAL CARE",DISPOSABLE,
102613,"CERES SEASON-S TREASURES JUICE 1L 12",0,9,39.49,-9,-355.41,SUPERMARKET,BEVERAGES,JUICE,
10286,"S/S CHAMPAGNE BUCKET SS091",0,13,19.9,-13,-258.7,"HOUSEWARE & KITCHENWARE","STORAGE AND ORGANIZER","ICE BUCKETS",
102864,"BATHROOM CORNER SHELF W/HOLDER PLASTIC L-00289",0,2,89,-2,-178,"HOUSEWARE & KITCHENWARE",BATHROOM,"BATHROOM SHELF RACKS HOLDERS",
102276,"PEPSODENT TOOTHPASTE CHARCOAL WHITE  130G  72",0,61,24.49,-61,-1493.89,SUPERMARKET,"HOME AND PERSONAL CARE","ORAL CARE",
102311,"PEAK MILK POWDER  GREEN SACHET 350G 6",0,6,47.99,-6,-287.94,SUPERMARKET,"FOOD CUPBOARD","MILK AND CREAMERS",
102312,"PEAK MILK POWDER GREEN SACHET (10 *12) 20G  12",0,4,26.99,-4,-107.96,SUPERMARKET,"FOOD CUPBOARD","MILK AND CREAMERS",
102313,"BRAGG APPLES CIDER VINEGAR 946ML  12",0,15,245.99,-15,-3689.85,SUPERMARKET,"FOOD CUPBOARD",CONDIMENTS,
102315,"TOILET BRUSH P-8038",0,7,14.9,-7,-104.3,"HOUSEWARE & KITCHENWARE","HOME HYGIENE","TOILET BRUSHES",
102507,"MOMEASY WEANING BOWL W/HEAT SENSING SPOON 45302",0,5,40.9,-5,-204.5,"TOYS AND ENTERTAINMENT",INFANTS,FEEDING,
102512,"MOMEASY WIDENECK SILICON NIPPLES 2PCS FLOW-S 45403",0,5,29,-5,-145,"TOYS AND ENTERTAINMENT",INFANTS,FEEDING,
102518,"MOMEASY WIDE NECK FEEDING BOTTLE 8OZ W/HANDLE",0,6,39,-6,-234,"TOYS AND ENTERTAINMENT",INFANTS,FEEDING,
102928,"AQUALIS BEAUTY SOAP MILK 460G  16",0,1,27.99,-1,-27.99,SUPERMARKET,"HOME AND PERSONAL CARE","PERSONAL WASH",
102931,"DAY BY DAY GRENADINE SOAP 200G  60",0,42,18.99,-42,-797.58,SUPERMARKET,"HOME AND PERSONAL CARE","PERSONAL WASH",
102950,"FRES LIQUID SOAP ALOEVERA 350ML  24",0,17,17.99,-17,-305.83,SUPERMARKET,"HOME AND PERSONAL CARE","PERSONAL WASH",
102951,"FRES LIQUID SOAP COCOA  350ML  24",0,8,17.99,-8,-143.92,SUPERMARKET,"HOME AND PERSONAL CARE","PERSONAL WASH",
102952,"FRES LIQUID SOAP FRUITS  350ML  24",0,17,17.99,-17,-305.83,SUPERMARKET,"HOME AND PERSONAL CARE","PERSONAL WASH",
102955,"FRES LIQUID SOAP MARINE 350ML  24",0,4,17.99,-4,-71.96,SUPERMARKET,"HOME AND PERSONAL CARE","PERSONAL WASH",
102966,"BELAIR AIR FRESHENER ROSE 150ML  36",0,34,11.99,-34,-407.66,SUPERMARKET,"HOME AND PERSONAL CARE",FRESHENERS,
102967,"BELAIR AIR FRESHENER TEXTILE 150ML  36",0,24,11.99,-24,-287.76,SUPERMARKET,"HOME AND PERSONAL CARE",FRESHENERS,
102968,"BELAIR AIR FRESHENER VANILLA 150ML  36",0,22,11.99,-22,-263.78,SUPERMARKET,"HOME AND PERSONAL CARE",FRESHENERS,
102969,"BELAIR AIR FRESHENER BAKHOUR 150ML  36",0,3,11.99,-3,-35.97,SUPERMARKET,"HOME AND PERSONAL CARE",FRESHENERS,
102979,"BABYMED LOTION 200ML  60",0,27,16.49,-27,-445.23,SUPERMARKET,"HOME AND PERSONAL CARE","INFANT AND BABY CARE",
102994,"LEA COMPLEXION CARE SOAP LYS 150G  48",0,21,10.89,-21,-228.69,SUPERMARKET,"HOME AND PERSONAL CARE","PERSONAL WASH",
102995,"LEA COMPLEXION CARE SOAP ROSE  150G  48",0,17,10.89,-17,-185.13,SUPERMARKET,"HOME AND PERSONAL CARE","PERSONAL WASH",
102996,"LEA COMPLEXION CARE SOAP MIMOSA 150G  48",0,4,10.89,-4,-43.56,SUPERMARKET,"HOME AND PERSONAL CARE","PERSONAL WASH",
103005,"STARS BODY MIST WHITE 90ML  48",0,1,13.49,-1,-13.49,SUPERMARKET,"HOME AND PERSONAL CARE",FRAGRANCES,
103049,"DISH CLOTH SET 3PCS COTTON DESIGNER DC-661",0,2,22.9,-2,-45.8,"HOME DECOR & TEXTILES","DISH CLOTHS AND NAPKINS","KITCHEN NAPKIN AND TOWELS",
103051,"DAY BY DAY SHOWER GEL HONEY 750ML  12",0,1,31.99,-1,-31.99,SUPERMARKET,"HOME AND PERSONAL CARE","PERSONAL WASH",
103052,"DAY BY DAY SHOWER GEL ROSE 750ML  12",0,4,31.99,-4,-127.96,SUPERMARKET,"HOME AND PERSONAL CARE","PERSONAL WASH",
103063,"DAY BY DAY SHOWER GEL MEN FRESH CLEAN 500ML  24",0,13,22.49,-13,-292.37,SUPERMARKET,"HOME AND PERSONAL CARE","PERSONAL WASH",
103067,"FOREVER YOUNG SHOWER GEL 800ML  12",0,6,47.99,-6,-287.94,SUPERMARKET,"HOME AND PERSONAL CARE","PERSONAL WASH",
103112,"KLEANZ BODY WASH STRAWBERRY 750ML  20",0,25,31.49,-25,-787.25,SUPERMARKET,"HOME AND PERSONAL CARE","PERSONAL WASH",
103197,"AVSAR FLAV WATER B.MULBERRY&CURRANT 200ML  24",0,1,10.99,-1,-10.99,SUPERMARKET,BEVERAGES,"MINERAL WATER",
103199,"AVSAR FRUIT FLAV WATER GREEN APPLE 200ML  24",0,11,10.99,-11,-120.89,SUPERMARKET,BEVERAGES,"MINERAL WATER",
103200,"AVSAR FRUIT FLAV WATER MANGO&PINEAPPLE 200ML  24",0,19,10.99,-19,-208.81,SUPERMARKET,BEVERAGES,"MINERAL WATER",
103201,"AVSAR FRUIT FLAV WATER DUCHESS PEAR&NECTARIN 200ML",0,3,10.99,-3,-32.97,SUPERMARKET,BEVERAGES,"MINERAL WATER",
103492,"AMALFI SHOWER GEL MINERAL CREAM 750ML  16",0,16,30.99,-16,-495.84,SUPERMARKET,"HOME AND PERSONAL CARE","PERSONAL WASH",
103897,"IRONING BOARD 33X110 214",0,1,349,-1,-349,"HOUSEWARE & KITCHENWARE",LAUNDARY,"IRONING BOARDS",
103966,"SPOON 2PCS W1FORK SET BABY SS SC138",0,1,6.9,-1,-6.9,"HOUSEWARE & KITCHENWARE","CUTLERY ITEMS","SPOONS FORKS KNIFE AND CUTLERY SET",
103969,"8PM HONEY WHISKY 750ML 12",0,10,104.99,-10,-1049.9,SUPERMARKET,"BEVERAGES ALCOHOLIC",WHISKEY,
104329,"COOKWARE SET 7PCS PALU CROWNSTAR RJK MC6428",0,2,749,-2,-1498,"HOUSEWARE & KITCHENWARE",COOKWARE,"COOKWARE SET",
104331,"COOKWARE SET 5PCS PALU CROWNSTAR RJK MC6426",0,1,549,-1,-549,"HOUSEWARE & KITCHENWARE",COOKWARE,"COOKWARE SET",
104343,"NON WOVEN STORAGE RACK W/DRAWER  84X30X60CM",0,1,279,-1,-279,FURNITURE,"CHEST OF DRAWERS",COD,
104370,"DESTELLO FLOOR CLEANER EXOTIC 1500ML  12",0,6,29.99,-6,-179.94,SUPERMARKET,"HOME AND PERSONAL CARE","HOUSEHOLD CLEANERS",
104374,"DESTELLO FLOOR CLEANER LEMON 1500ML  12",0,3,29.99,-3,-89.97,SUPERMARKET,"HOME AND PERSONAL CARE","HOUSEHOLD CLEANERS",
104377,"DESTELLO FLOOR CLEANER LAVENDAR 1500ML  12",0,5,33.49,-5,-167.45,SUPERMARKET,"HOME AND PERSONAL CARE","HOUSEHOLD CLEANERS",
104192,"SALAD SPINNER 5LT M-123",0,2,19.9,-2,-39.8,"HOUSEWARE & KITCHENWARE","KITCHEN TOOLS AND CULTARY",COLANDERS,
104205,"DUSTBIN 25LT SLIM PEDAL M-1054",0,3,129,-3,-387,"HOUSEWARE & KITCHENWARE","HOME HYGIENE",DUSTBINS,
104207,"DUSTBIN WPEDAL 40L PLASTIC M-1056",0,3,209,-3,-627,"HOUSEWARE & KITCHENWARE","HOME HYGIENE",DUSTBINS,
103764,"GIVERS LIQUID DETERGENT 5L  4",0,1,81.99,-1,-81.99,SUPERMARKET,"HOME AND PERSONAL CARE","LAUNDRY CARE",
103766,"GIVERS LIQUID DETERGENT 2.5L  6",0,6,53.99,-6,-323.94,SUPERMARKET,"HOME AND PERSONAL CARE","LAUNDRY CARE",
103768,"GIVERS LIQUID DETERGENT 200ML 25",0,3,5.99,-3,-17.97,SUPERMARKET,"HOME AND PERSONAL CARE","LAUNDRY CARE",
103773,"GIVERS ROZONE 1L  20",0,7,17.49,-7,-122.43,SUPERMARKET,"HOME AND PERSONAL CARE","HOUSEHOLD CLEANERS",
103775,"SAIRO SAVON LIQUID  HAND WASH MARINE 500ML 12",0,7,29.99,-7,-209.93,SUPERMARKET,"HOME AND PERSONAL CARE","PERSONAL WASH",
103781,"SAIRO SAVON LIQUID  HAND WASH STRAWBERRY 500ML 12",0,1,24.99,-1,-24.99,SUPERMARKET,"HOME AND PERSONAL CARE","PERSONAL WASH",
103783,"GIVERS W/C CLEANER 750ML  20",0,23,31.99,-23,-735.77,SUPERMARKET,"HOME AND PERSONAL CARE","HOUSEHOLD CLEANERS",
103784,"GIVERS GLASS  CLEANER 750ML  20",0,11,17.99,-11,-197.89,SUPERMARKET,"HOME AND PERSONAL CARE","HOUSEHOLD CLEANERS",
103811,"TWINKLE BABY WIPES ALOEVERA 100SHEETS  12",0,6,41.49,-6,-248.94,SUPERMARKET,"HOME AND PERSONAL CARE","INFANT AND BABY CARE",
103816,"HYSON DETOX TEA 15S 225G 24",0,10,43.99,-10,-439.9,SUPERMARKET,BEVERAGES,TEA,
103822,"HYSON DIETATHIN TEA 15S 22.5G 24",0,18,43.99,-18,-791.82,SUPERMARKET,BEVERAGES,TEA,
103854,"BINATONE BLENDER W/MILL 1.5L 350W BLG 460",0,1,669,-1,-669,"ELECTRICAL APPLIANCES","FOOD PROCESSOR/BLENDER",BLENDERS,
103877,"AKAI LED LIGHT RECHARGEABLE LS012RA-1018L/LS027A",0,5,199,-5,-995,"ELECTRICAL APPLIANCES",LIGHTING/LAMPS,"TORCH/ LANTERN",
103892,"BLING BLEACH 5L  4",0,3,79.99,-3,-239.97,SUPERMARKET,"HOME AND PERSONAL CARE","HOUSEHOLD CLEANERS",
105077,"VITAMILK STRAWBERRY 300ML 24",0,9,16.99,-9,-152.91,SUPERMARKET,BEVERAGES,DRINKS,
105232,"HOMEFOODS PURE PALM OIL 500ML 24",0,22,42.49,-22,-934.78,SUPERMARKET,"FOOD CUPBOARD","EDIBLE OILS AND GHEE",
104520,"FRUTAIL CRANBERRY DRINK 1L  12",0,15,37.99,-15,-569.85,SUPERMARKET,BEVERAGES,JUICE,
104540,"FONTISSUE TOILET TISSUE 8 ROLLS  5",0,2,33.99,-2,-67.98,SUPERMARKET,"HOME AND PERSONAL CARE",DISPOSABLE,
104541,"FONTISSUE TOILET TISSUE 12 ROLLS   4",0,5,49.99,-5,-249.95,SUPERMARKET,"HOME AND PERSONAL CARE",DISPOSABLE,
104543,"FONTISSUE TOILET TISSUE 48 ROLLS  1",0,1,174.99,-1,-174.99,SUPERMARKET,"HOME AND PERSONAL CARE",DISPOSABLE,
104562,"ADEPA MULTIPURPOSE TOWEL 8ROLLS   2",0,2,75.99,-2,-151.98,SUPERMARKET,"HOME AND PERSONAL CARE",DISPOSABLE,
104623,"SERVING TRAY 17INCHES MELAMINE TY0063 YWU",0,21,26.9,-21,-564.9,"HOUSEWARE & KITCHENWARE","MELAMINE WARE","MEL TRAY",
104648,"PAPILION ORIENT WET TOWELS 120 SHEETS WITH CAP 18",0,1,28.99,-1,-28.99,SUPERMARKET,"HOME AND PERSONAL CARE","INFANT AND BABY CARE",
104670,"ORAL B JUNIOR TB STAR WARS (6-12) YEARS   96",0,76,55.99,-76,-4255.24,SUPERMARKET,"HOME AND PERSONAL CARE","ORAL CARE",
104671,"ORAL B KID TB PRINCESS (3-5 YEARS)   96",0,66,44.99,-66,-2969.34,SUPERMARKET,"HOME AND PERSONAL CARE","ORAL CARE",
104672,"ORAL B TOOTHBRUSH MICKEY SOFT)   96",0,40,27.49,-40,-1099.6,SUPERMARKET,"HOME AND PERSONAL CARE","ORAL CARE",
104673,"DZIRE RICE COOKER DELUXE 1.5L 500W RCD15-FJ30B",0,1,389,-1,-389,"ELECTRICAL APPLIANCES","RICE/ MULTI COOKER","DELUXE RICE COOKER",
104691,"BLING BLEACH IL  12",0,3,16.99,-3,-50.97,SUPERMARKET,"HOME AND PERSONAL CARE","HOUSEHOLD CLEANERS",
104784,"MCVITIES DIGESTIVE ORGINAL 78G  24",0,9,9.59,-9,-86.31,SUPERMARKET,"FOOD CUPBOARD",BISCUITS,
104785,"MCVITIES HOBNOBS OATY BISCUITS 78G  24",0,12,11.99,-12,-143.88,SUPERMARKET,"FOOD CUPBOARD",BISCUITS,
104804,"NERO NATURAL MINERAL WATER 500ML 16",0,32,1.69,-32,-54.08,SUPERMARKET,BEVERAGES,"MINERAL WATER",
104825,"KERRYGOLD FULL CREAM MILK POWDER TIN 400G 12",0,1,89.99,-1,-89.99,SUPERMARKET,"FOOD CUPBOARD","MILK AND CREAMERS",
104836,"MCVITIES ALL BUTTER SHORTBREAD 40GM  48",0,49,11.99,-49,-587.51,SUPERMARKET,"FOOD CUPBOARD",BISCUITS,
104877,"COLGATE HERBAL TOOTHPASTE VALUE PACK  230G  48",0,27,25.99,-27,-701.73,SUPERMARKET,"HOME AND PERSONAL CARE","ORAL CARE",
104894,"NOSE COVER FASHIONABLE ASSORTED",0,88,2.2,-88,-193.6,"GARMENTS AND FOOTWEAR","FASHION ACCESSORIES","NOSE COVER",
104907,"PLATINUM VEGETABLE PALM OIL 900ML  12",0,12,44.99,-12,-539.88,SUPERMARKET,"FOOD CUPBOARD","EDIBLE OILS AND GHEE",
104955,"DESTELLO  MULTIPURPOSE CLEANER SPRAY 1L  12",0,17,36.99,-17,-628.83,SUPERMARKET,"HOME AND PERSONAL CARE","HOUSEHOLD CLEANERS",
104961,"ROMAR WASHING LIQUID MARSEILLE SOAP 3L  4",0,4,132.99,-4,-531.96,SUPERMARKET,"HOME AND PERSONAL CARE","HOUSEHOLD CLEANERS",
104962,"ROMAR WASHING GEL COLOR CLOTHE 3L  4",0,1,136.99,-1,-136.99,SUPERMARKET,"HOME AND PERSONAL CARE","LAUNDRY CARE",
105476,"KENWOOD BLENDER W/MILL 1.5L 500W BLP15.150BK/WH",0,6,855,-6,-5130,"ELECTRICAL APPLIANCES","FOOD PROCESSOR/BLENDER",BLENDERS,
105486,"DZIRE BLENDER W/MILL 1.5L 350W BLP-202W350",0,5,299,-5,-1495,"ELECTRICAL APPLIANCES","FOOD PROCESSOR/BLENDER",BLENDERS,
105812,"DOVE SHOWER GEL PISTACHIO 500ML 20",0,4,70.99,-4,-283.96,SUPERMARKET,"HOME AND PERSONAL CARE","PERSONAL WASH",
105233,"HOMEFOODS TROPISOUP PALM CREAM SUOP 800G 12",0,3,71.99,-3,-215.97,SUPERMARKET,"FOOD CUPBOARD","CANNED FOOD",
105455,"AKAI AIR COOLER 38L W/REMOTE AC045A-5500B2",0,2,2789,-2,-5578,"ELECTRICAL APPLIANCES","AIR CONDITIONING","AIR COOLERS",
106700,"NASCO POPCORN MAKER 1200W PC1005A-CB",0,1,169,-1,-169,"ELECTRICAL APPLIANCES","COMMERCIAL APPLIANCES","POPCORN MAKER",
106770,"PROXON ICE CHEST SET 4PCS W/ESKIMO/PLATIN TPX-2061",0,1,1099,-1,-1099,"HOUSEWARE & KITCHENWARE","STORAGE AND ORGANIZER","ICE BUCKETS",
106789,"KELLOGGS CORNFLAKES 450G  10 NGR",0,11,71.99,-11,-791.89,SUPERMARKET,"FOOD CUPBOARD","BREAKFAST CEREALS",
106354,"AMEN COMMUNION WIINE 1L 6",0,6,48.99,-6,-293.94,SUPERMARKET,"BEVERAGES ALCOHOLIC",WINES,
107321,"DZIRE ELECTRIC AIRPOT 4.2L EA-50HMS",0,3,689,-3,-2067,"ELECTRICAL APPLIANCES",KETTLE,THERMOPOT,
107115,"TELON GREEN TEA&MINT  60G  12",0,7,29.99,-7,-209.93,SUPERMARKET,BEVERAGES,TEA,
106810,"SHINE GARBAGE BAGS 20L  ( 30)   12",0,10,25.49,-10,-254.9,SUPERMARKET,"HOME AND PERSONAL CARE",DISPOSABLE,
106811,"SHINE GARBAGE BAGS 40L  ( 30)   12",0,4,35.99,-4,-143.96,SUPERMARKET,"HOME AND PERSONAL CARE",DISPOSABLE,
106812,"SHINE GARBAGE BAGS 60L  ( 30)   12",0,13,49.99,-13,-649.87,SUPERMARKET,"HOME AND PERSONAL CARE",DISPOSABLE,
106818,"SHINE PAPER PLATES SQUARE 18CM  (25PCS)  20",0,3,20.49,-3,-61.47,SUPERMARKET,"HOME AND PERSONAL CARE",DISPOSABLE,
106821,"SHINE PAPER PLATE RECTANGULAR 18 X14CM (25PCS)  20",0,15,19.99,-15,-299.85,SUPERMARKET,"HOME AND PERSONAL CARE",DISPOSABLE,
106822,"SHINE TOILET PAPER PREMIUM (10PCS)  1",0,9,48.99,-9,-440.91,SUPERMARKET,"HOME AND PERSONAL CARE",DISPOSABLE,
106887,"TAMPICO COCKTAIL FRUIT JUICE 500ML 12",0,12,7.99,-12,-95.88,SUPERMARKET,BEVERAGES,JUICE,
106892,"PARLE GINGER SNAP COOKIES 52G  48",0,47,2.29,-47,-107.63,SUPERMARKET,"FOOD CUPBOARD",BISCUITS,
106894,"PARLE GINGER SNAP COOKIES 24G  72",0,78,1.09,-78,-85.02,SUPERMARKET,"FOOD CUPBOARD",BISCUITS,
106990,"AQUALIS LUXURY BATH SOAP APRICOT 460G   16",0,1,27.99,-1,-27.99,SUPERMARKET,"HOME AND PERSONAL CARE","PERSONAL WASH",
106991,"AQUALIS LUXURY BATH SOAP APRICOT 300G   24",0,3,17.99,-3,-53.97,SUPERMARKET,"HOME AND PERSONAL CARE","PERSONAL WASH",
106993,"AQUALIS LUXURY BATH SOAP CARROT OIL 300G  24",0,1,17.99,-1,-17.99,SUPERMARKET,"HOME AND PERSONAL CARE","PERSONAL WASH",
106995,"AQUALIS BLACK SOAP 120G   60",0,1,8.49,-1,-8.49,SUPERMARKET,"HOME AND PERSONAL CARE","PERSONAL WASH",
106997,"AQUALIS BLACK SOAP 200G   36",0,7,11.99,-7,-83.93,SUPERMARKET,"HOME AND PERSONAL CARE","PERSONAL WASH",
107586,"RIGHT GUARD DEO SPRAY TOTAL DEFENCE SPORT 250ML  6",0,3,38.99,-3,-116.97,SUPERMARKET,"HOME AND PERSONAL CARE",FRAGRANCES,
10759,"KELLOGGS FROSTIES 414G  10",0,16,69.99,-16,-1119.84,SUPERMARKET,"FOOD CUPBOARD","BREAKFAST CEREALS",
107785,"GREEN WORLD  EXTRA KILLER INSECTICIDE 750ML  12",0,8,64.99,-8,-519.92,SUPERMARKET,"HOME AND PERSONAL CARE","INSECTICIDES AND RODENT CONTROL",
107808,"JUG W/CUP / LID 3000ML PLASTIC HW1024C",0,5,49.9,-5,-249.5,"HOUSEWARE & KITCHENWARE",SERVEWARE,"SERVING JUGS",
107815,"PUMA COLA DRINK 350ML 16",0,16,3.29,-16,-52.64,SUPERMARKET,BEVERAGES,DRINKS,
107819,"DANO COOL COW FILLED MILK POWDER 12G (10X 26)",0,12,18.49,-12,-221.88,SUPERMARKET,"FOOD CUPBOARD","MILK AND CREAMERS",
107821,"DANO COOL COW FILLED MILK POWDER 22G (10X16)",0,10,33.49,-10,-334.9,SUPERMARKET,"FOOD CUPBOARD","MILK AND CREAMERS",
107857,"MATA NATURAL HONEY 400G  12",0,11,44.99,-11,-494.89,SUPERMARKET,"FOOD CUPBOARD","HONEY  JAM AND MARMALADE",
107986,"AKAI CEILING FAN 36"" EF104A-3658WS",0,3,349,-3,-1047,"ELECTRICAL APPLIANCES",FAN,"CEILING FAN",
107987,"AKAI CEILING FAN 36"" EF105A-3658BG",0,5,349,-5,-1745,"ELECTRICAL APPLIANCES",FAN,"CEILING FAN",
108103,"CURTAIN 52X84"" BLACKOUT W/8GROMMET 36",0,17,129,-17,-2193,"HOME DECOR & TEXTILES",CURTAINS,"GROMMET CURTAINS",
108131,"CURTAIN 52X84  W/8GROMMET J2020828",0,12,139,-12,-1668,"HOME DECOR & TEXTILES",CURTAINS,"GROMMET CURTAINS",
117192,"DOMS CRAYONS SET 6PCS PLASTIC GRIPPIE 8354",0,4,35,-4,-140,STATIONERY,"SCHOOL AND CHILDREN STATIONERY","ART AND HOBBY SETS",
117194,"DOMS COLOUR PENCIL SET 12PCS FULL SIZE 3445",0,14,19.9,-14,-278.6,STATIONERY,"SCHOOL AND CHILDREN STATIONERY","ART AND HOBBY SETS",
117206,"DOMS WAX CRAYONS SET 16PCS EXTRA LONG 3449",0,12,13.9,-12,-166.8,STATIONERY,"SCHOOL AND CHILDREN STATIONERY","ART AND HOBBY SETS",
115707,"MAGGI SEASONING POWDER SHRIMP FLAV 100G  80",0,62,10.89,-62,-675.18,SUPERMARKET,"FOOD CUPBOARD",CONDIMENTS,
117242,"DOMS REFILO PERMANENT MARKER PEN 12PCS BLACK 7414",0,2,79,-2,-158,STATIONERY,"GENERAL STATIONERY","   WRITING SUPPLIES",
117246,"DOMS CD-DVD/OHP MARKER PENS BOX 10PCS BLUE 7660",0,21,24.9,-21,-522.9,STATIONERY,"GENERAL STATIONERY","   WRITING SUPPLIES",
117247,"DOMS CD-DVD/OHP MARKER PENS BOX 10PCS BLACK 7662",0,4,24.9,-4,-99.6,STATIONERY,"GENERAL STATIONERY","   WRITING SUPPLIES",
117260,"DOMS DUST FREE ERASER BOX 20PCS 3420",0,6,15.9,-6,-95.4,STATIONERY,"GENERAL STATIONERY","   WRITING SUPPLIES",
117262,"DOMS COLOURED ERASERS 20PCS 7246",0,12,6.9,-12,-82.8,STATIONERY,"GENERAL STATIONERY","   WRITING SUPPLIES",
117263,"DOMS SPORTS COLLECTABLE CAR ERASER DISPLAY 7285",0,16,3.9,-16,-62.4,STATIONERY,"GENERAL STATIONERY","   WRITING SUPPLIES",
117270,"DOMS X1 PREMIUM MATH INSTRUMENT BOX 7125",0,15,45.9,-15,-688.5,STATIONERY,"SCHOOL AND CHILDREN STATIONERY","  MATHS AND GEOMETRY SETS",
118277,"EASY MOUZOO GRAPE NECTAR GLASS BOTTLE 250ML  24",0,7,10.99,-7,-76.93,SUPERMARKET,BEVERAGES,JUICE,
118278,"EASY MOUZOO GRAPE NECTAR GLASS BOTTLE 1L  6",0,3,32.99,-3,-98.97,SUPERMARKET,BEVERAGES,JUICE,
118279,"FARAGELLO GOLD GRAPE NECTAR GLASS BOTTLE 1L  6",0,2,33.99,-2,-67.98,SUPERMARKET,BEVERAGES,JUICE,
118282,"FARAGELLO GOLD APPLE NECTAR  BOTTLE 250ML  24",0,11,11.99,-11,-131.89,SUPERMARKET,BEVERAGES,JUICE,
118287,"FARAGELLO GOLD GRAPE NECTAR BOTTLE 250ML  24",0,7,11.99,-7,-83.93,SUPERMARKET,BEVERAGES,JUICE,
118289,"FARAGELLO GOLD APPLE NECTAR GLASS BOTTLE 1L  6",0,2,33.99,-2,-67.98,SUPERMARKET,BEVERAGES,JUICE,
118304,"MYST NATURAL MINERAL WATER 750ML 15",0,30,2.99,-30,-89.7,SUPERMARKET,BEVERAGES,"MINERAL WATER",
115802,"DZIRE GAS STOVE 2B GLASS TGGP2B-BW2201",0,1,449,-1,-449,"GAS COOKER & ACCESSORIES","GAS COOKER","TABLE TOP GAS STOVE",
117310,"CHRISTMAS TREE 2.1M 1500TIPS ELEGANT",0,1,729,-1,-729,"HOME DECOR & TEXTILES","XMAS SEASONAL","xmas season",
115826,"PAPILION LIQUID SOAP ORANGE 400ML  12",0,12,21.99,-12,-263.88,SUPERMARKET,"HOME AND PERSONAL CARE","PERSONAL WASH",
117370,"XMAS DECOR W/3BELLS DESIGN GOLD JHWFW21-190",0,105,8.9,-105,-934.5,"HOME DECOR & TEXTILES","XMAS SEASONAL","xmas season",
117372,"XMAS DECOR W/2CANES DESIGN GOLD JHWFW21-221",0,41,14.9,-41,-610.9,"HOME DECOR & TEXTILES","XMAS SEASONAL","xmas season",
115945,"PRIVATE EXTRA THIN NIGHT PAD  7PCS  18",0,13,13.49,-13,-175.37,SUPERMARKET,"HOME AND PERSONAL CARE","FEMININE CARE",
115949,"BINE ANTIBACTERIAL SOAP 500ML 20",0,10,15.99,-10,-159.9,SUPERMARKET,"HOME AND PERSONAL CARE","PERSONAL WASH",
115950,"SANITA MULTIPURPOSE ALUMINIUM FOIL 10MX40CM  32",0,6,28.99,-6,-173.94,SUPERMARKET,"HOME AND PERSONAL CARE",DISPOSABLE,
115951,"SANITA CLUB TOILET TISSUE 6PCS  6",0,5,79.99,-5,-399.95,SUPERMARKET,"HOME AND PERSONAL CARE",DISPOSABLE,
115952,"SANITA CLUB 2KITCHEN TOWELS  10",0,1,24.99,-1,-24.99,SUPERMARKET,"HOME AND PERSONAL CARE",DISPOSABLE,
117468,"XMAS DECOR BALL 4CM JHY-2106530",0,17,22.9,-17,-389.3,"HOME DECOR & TEXTILES","XMAS SEASONAL","xmas season",
118578,"DOMESTOS POWER 5 TOILET BLOCKS PINK MAGNOLIA 55G 9",0,2,29.99,-2,-59.98,SUPERMARKET,"HOME AND PERSONAL CARE",FRESHENERS,
117587,"BEATER PLASTIC URVE UR-3004",0,2,4.9,-2,-9.8,"HOUSEWARE & KITCHENWARE","KITCHEN TOOLS AND CULTARY","WHISKER BEATER AND MIXERS",
116095,"BATHROOM SCALE CHN PP1600V0",0,3,249,-3,-747,"HOUSEWARE & KITCHENWARE","WEIGHING SCALE","BATHROOM SCALE",
116098,"BATHROOM SCALE WBATTERIES CHN PP1400V0",0,3,129,-3,-387,"HOUSEWARE & KITCHENWARE","WEIGHING SCALE","BATHROOM SCALE",
117610,"PLUNGER PLASTIC UR-3016",0,18,16.9,-18,-304.2,"HOUSEWARE & KITCHENWARE","HOME HYGIENE","TOILET BRUSHES",
117620,"STRAINER PLASTIC 12CM UR-3073",0,3,19.9,-3,-59.7,"HOUSEWARE & KITCHENWARE","KITCHEN TOOLS AND CULTARY","STRAINER AND FILTERS",
117621,"STRAINER PLASTIC UR-3074",0,4,19.9,-4,-79.6,"HOUSEWARE & KITCHENWARE","KITCHEN TOOLS AND CULTARY","STRAINER AND FILTERS",
115165,"VOLTPLUS EXTENSION SOCKET 3WAY 2M VP-EC3W2M1S",0,16,119,-16,-1904,"ELECTRICAL APPLIANCES",ELECTRICALS,"EXTENSION CORD",
115168,"VOLTPLUS EXTENSION SOCKET 4W2M I.SWIT VP-EC4W2MMS",0,2,149,-2,-298,"ELECTRICAL APPLIANCES",ELECTRICALS,"EXTENSION CORD",
115199,"STRETTON""S GIN 750ML PINK 12",0,1,104.99,-1,-104.99,SUPERMARKET,"BEVERAGES ALCOHOLIC","GIN .",
117652,"STORAGE BOX 3PCS SET PLASTIC UR-3209",0,-1,14.9,1,14.9,"HOUSEWARE & KITCHENWARE","STORAGE AND ORGANIZER","STORAGE CONTAINERS",
117670,"TOILET BRUSH WSTAND PLASTIC UR-3266",0,3,22.9,-3,-68.7,"HOUSEWARE & KITCHENWARE","HOME HYGIENE","TOILET BRUSHES",
115211,"TABLE LAMP 37CM APPROX 2COLOR MIX CT1501-51S",0,1,279,-1,-279,"HOME DECOR & TEXTILES","HOME DECOR","DECORATIVE LIGHTS AND LAMPS",
115371,"TROLLEY WWHEEL 3LAYER RECT 49X32X68CM PP506005",0,5,149,-5,-745,"HOUSEWARE & KITCHENWARE",KITCHENWARE,"RACKS AND HOLDERS",
115426,"MRS BECTORS GOLDEN BYTES CASHEW COOKIES 76G 48",0,15,7.99,-15,-119.85,SUPERMARKET,"FOOD CUPBOARD",BISCUITS,
115428,"MRS BECTORS TRUFILLS CHOCO FILLED 40G  144",0,96,4.49,-96,-431.04,SUPERMARKET,"FOOD CUPBOARD",BISCUITS,
115429,"MRS BECTORS WHEELEZZ MILK SHORT CAKE 40G  72",0,7,2.49,-7,-17.43,SUPERMARKET,"FOOD CUPBOARD",BISCUITS,
116468,"CLOSEUP REDHOT EVERFRESH TOOTHPASTE 140G  72",0,46,19.99,-46,-919.54,SUPERMARKET,"HOME AND PERSONAL CARE","ORAL CARE",
116471,"CLOSEUP REDHOT EVERFRESH TOOTHPASTE 60G  72",0,59,9.49,-59,-559.91,SUPERMARKET,"HOME AND PERSONAL CARE","ORAL CARE",
116479,"NANA MILK PLAIN YOGHURT 1KG  1",0,3,39.99,-3,-119.97,SUPERMARKET,"FRESH DAIRY AND EGGS",Yoghurt,
116480,"NANA MILK PLAIN YOGHURT 500G  1",0,2,23.99,-2,-47.98,SUPERMARKET,"FRESH DAIRY AND EGGS",Yoghurt,
116901,"WATER BOTTLE 800ML GRAPE SHAPE PLASTIC L00821",0,1,18.9,-1,-18.9,"HOUSEWARE & KITCHENWARE","FLASK AND BOTTLES",BOTTLE,
116539,"FROSTY BITE VANILLA &STRAWBERRY ICE CREAM 1800ML 1",0,4,72.99,-4,-291.96,SUPERMARKET,"FROZEN FOOD",ICE-CREAM,
117078,"VOLTPLUS MULTI ADAPTOR 13A W/USB SLOT VP-AD13AU",0,10,79,-10,-790,"ELECTRICAL APPLIANCES",ELECTRICALS,"ELE ACCESSORIES",
117082,"BLING DISHWASH GEL MAGIC LEMON 750ML  12",0,13,14.99,-13,-194.87,SUPERMARKET,"HOME AND PERSONAL CARE","HOUSEHOLD CLEANERS",
116610,"BLING HANDWASH SHEA COCOA 500ML  12",0,8,15.49,-8,-123.92,SUPERMARKET,"HOME AND PERSONAL CARE","PERSONAL WASH",
117182,"DOMS PENCILS SET 12PCS TRIANGLE DARK ZOOM 3412",0,37,21.9,-37,-810.3,STATIONERY,"GENERAL STATIONERY","   WRITING SUPPLIES",
118148,"QUEEN MATTRESS BED BATH 72""*75"" ASHFOAM",0,1,2090,-1,-2090,FURNITURE,MATTRESS,"Queen Size",
118150,"RACK 3LAYER KITCHEN PLASTIC 01040000",0,2,129,-2,-258,"HOUSEWARE & KITCHENWARE",KITCHENWARE,"RACKS AND HOLDERS",
118152,"BASKET LOW TRY TYPE PLASTIC 02010200",0,4,39.9,-4,-159.6,"HOUSEWARE & KITCHENWARE","STORAGE AND ORGANIZER",BASKET,
118155,"BASIN QUADRALOGIC PLASTIC 24LTR 02020220",0,12,79,-12,-948,"HOUSEWARE & KITCHENWARE",LAUNDARY,"BUCKETS AND BASINS",
118157,"TUB BASIN 95LTR PLASTIC 02020400",0,13,32.9,-13,-427.7,"HOUSEWARE & KITCHENWARE",LAUNDARY,"BUCKETS AND BASINS",
112467,"LUNCH BOX PLASTIC RECT SLIM SMALL 437X3ML L3705X3M",0,8,29.9,-8,-239.2,"HOUSEWARE & KITCHENWARE","STORAGE AND ORGANIZER","LUNCH BOXES TIFFINS AND FOOD FLASK",
112506,"HANGER SET 10PCS 405CM PLASTIC LMS207 RJK",0,14,39.9,-14,-558.6,"HOUSEWARE & KITCHENWARE",LAUNDARY,"CLOTH HANGERS",
112507,"HANGER SET 10PCS 42CM METAL LMSS1172 RJK",0,8,44.9,-8,-359.2,"HOUSEWARE & KITCHENWARE",LAUNDARY,"CLOTH HANGERS",
112508,"HANGER SET 5PCS 4OCM PLASTIC LP6300 RJK",0,18,32.9,-18,-592.2,"HOUSEWARE & KITCHENWARE",LAUNDARY,"CLOTH HANGERS",
112542,"SLOTTED LADLE B SSNYLON LX165595B YWU",0,19,9.9,-19,-188.1,"HOUSEWARE & KITCHENWARE","KITCHEN TOOLS AND CULTARY","COOKING TOOL LADLES AND SERVERS",
112543,"SLOTTED LADLE S SSNYLON LX165599B YWU",0,36,9.9,-36,-356.4,"HOUSEWARE & KITCHENWARE","KITCHEN TOOLS AND CULTARY","COOKING TOOL LADLES AND SERVERS",
114160,"GETTOL ANTISEPTIC CLASSIC 500ML  24",0,45,33.99,-45,-1529.55,SUPERMARKET,"HOME AND PERSONAL CARE","HEALTH AND WELLNESS",
114166,"MADAR RENZO DISHWASH LEMON 2L  6",0,12,57.99,-12,-695.88,SUPERMARKET,"HOME AND PERSONAL CARE","HOUSEHOLD CLEANERS",
109277,"MOMEASY BABY SPOON 2PC SET SS 45340",0,8,18.9,-8,-151.2,"TOYS AND ENTERTAINMENT",INFANTS,FEEDING,
110730,"LA VONCE TOMATO MIX SACHET 70G  100",0,93,2.19,-93,-203.67,SUPERMARKET,"FOOD CUPBOARD",CONDIMENTS,
110732,"LA VONCE TOMATO MIX SACHET 400G  24",0,71,13.99,-71,-993.29,SUPERMARKET,"FOOD CUPBOARD",CONDIMENTS,
110733,"LA VONCE TOMATO PASTE TIN 2.2KG  6",0,7,59.99,-7,-419.93,SUPERMARKET,"FOOD CUPBOARD",CONDIMENTS,
110742,"SANITA  CLUB TRASH BAGS 50GALLONSX20   10",0,5,60.99,-5,-304.95,SUPERMARKET,"HOME AND PERSONAL CARE",DISPOSABLE,
110743,"SANITA CLUB TRASH BAGS  55GALLONS X15    10",0,12,73.99,-12,-887.88,SUPERMARKET,"HOME AND PERSONAL CARE",DISPOSABLE,
110744,"SANITA CLUB TRASH BAGS 70GALLONSX10   10",0,11,59.99,-11,-659.89,SUPERMARKET,"HOME AND PERSONAL CARE",DISPOSABLE,
110745,"SANITA CLUB TRASH BAGS 5GALLONSX30    24",0,8,30.49,-8,-243.92,SUPERMARKET,"HOME AND PERSONAL CARE",DISPOSABLE,
110746,"SANITA CLUB TRASH BAGS  8GALONSX30PCS   20",0,2,21.99,-2,-43.98,SUPERMARKET,"HOME AND PERSONAL CARE",DISPOSABLE,
110747,"SANITA CLUB TRASH BAGS 10GALLONSX30   16",0,15,50.99,-15,-764.85,SUPERMARKET,"HOME AND PERSONAL CARE",DISPOSABLE,
110752,"HALA TRASH GARBAGE BIODEGRADABLE 8GALLONS X88   12",0,9,56.99,-9,-512.91,SUPERMARKET,"HOME AND PERSONAL CARE",DISPOSABLE,
110753,"HALA TRASH BAGS BIODEGRADABLE 10GALLONSX80   12",0,5,55.19,-5,-275.95,SUPERMARKET,"HOME AND PERSONAL CARE",DISPOSABLE,
112554,"SLOTTED LADLE WOODENNYLON LX165619B YWU",0,35,9.9,-35,-346.5,"HOUSEWARE & KITCHENWARE","KITCHEN TOOLS AND CULTARY","COOKING TOOL LADLES AND SERVERS",
112559,"GOODYS SHITO BEEF HOT/MILD 930G 12",0,7,149.99,-7,-1049.93,SUPERMARKET,"FOOD CUPBOARD",CONDIMENTS,
114229,"BLING ANTISEPTIC PLUS 500ML  24",0,6,25.49,-6,-152.94,SUPERMARKET,"HOME AND PERSONAL CARE","HEALTH AND WELLNESS",
109286,"CUSSONS BABY JELLY  210G  24",0,1,27.99,-1,-27.99,SUPERMARKET,"HOME AND PERSONAL CARE","INFANT AND BABY CARE",
109290,"MORNING FRESH DISHWASH ZESTY LEMON 1000ML  12",0,11,49.99,-11,-549.89,SUPERMARKET,"HOME AND PERSONAL CARE","HOUSEHOLD CLEANERS",
110777,"SUNNY BROWN SUGAR BOTTLE 1.8KG 6",0,4,81.99,-4,-327.96,SUPERMARKET,"FOOD CUPBOARD","SALT  SUGAR AND JAGGERY",
109569,"GIFT SET W/PLATE+BOWL+SPOON+FORK+TRAY P-510",0,16,16.9,-16,-270.4,"HOUSEWARE & KITCHENWARE",SERVEWARE,"SERVING SET",
110882,"NATURAL FIELDS PURE HONEY 650G  12",0,12,55.99,-12,-671.88,SUPERMARKET,"FOOD CUPBOARD","SPREADS AND TOPPING",
110884,"NATURAL FIELDS PURE HONEY 350G 12",0,8,31.99,-8,-255.92,SUPERMARKET,"FOOD CUPBOARD","SPREADS AND TOPPING",
114487,"SOUP BOWL 2PCS SET  CERAMIC T103021",0,3,219,-3,-657,"HOUSEWARE & KITCHENWARE",DINNERWARE,BOWLS,
114493,"ZOFLORA CONCENTRATED DISINFECTANT 120ML  12",0,1,44.99,-1,-44.99,SUPERMARKET,"HOME AND PERSONAL CARE","HOUSEHOLD CLEANERS",
114542,"PAPER TOWEL HOLDER PLASTIC BG-327",0,10,19.9,-10,-199,"HOUSEWARE & KITCHENWARE",BATHROOM,"BATHROOM SHELF RACKS HOLDERS",
109574,"FRYTOL VEGETABLE COOKING OIL 900ML 12",0,33,38.99,-33,-1286.67,SUPERMARKET,"FOOD CUPBOARD","EDIBLE OILS AND GHEE",
114561,"SPOON SET 10PCS PLASTIC BG-470",0,1,9.9,-1,-9.9,"HOUSEWARE & KITCHENWARE","CUTLERY ITEMS","SPOONS FORKS KNIFE AND CUTLERY SET",
109732,"SIEVE RIM 200X200X70MM SS SSV010 RJK",0,9,14.9,-9,-134.1,"HOUSEWARE & KITCHENWARE",KITCHENWARE,"KITCHEN ACCESSORIES",
109733,"SIEVE RIM 270X270X70MM SS SSV040 RJK",0,10,19.9,-10,-199,"HOUSEWARE & KITCHENWARE",KITCHENWARE,"KITCHEN ACCESSORIES",
113100,"TROPICAL SUN COCONUT MILK 400ML  12",0,5,39.99,-5,-199.95,SUPERMARKET,"FOOD CUPBOARD","MILK AND CREAMERS",
113150,"COLGATE TOOTHBRUSH ZIGZAG CHARCOAL( 6X12)  72",0,1,20.99,-1,-20.99,SUPERMARKET,"HOME AND PERSONAL CARE","ORAL CARE",
113182,"YUMVITA RICE SACHET 50G 80",0,64,6.29,-64,-402.56,SUPERMARKET,"FOOD CUPBOARD","BREAKFAST CEREALS",
113183,"MIKSI CHOCO  3 IN 1 SACHET 35G  120",0,17,4.19,-17,-71.23,SUPERMARKET,BEVERAGES,"DRINKING POWDERS",
114635,"JAR 750CC DOUBLE BOTTOM FIESTA M-342",0,1,9.9,-1,-9.9,"HOUSEWARE & KITCHENWARE","STORAGE AND ORGANIZER","STORAGE CONTAINERS",
114716,"ENGLISH DICTIONARY MINI 619PAGES EB-847",0,14,32.99,-14,-461.86,STATIONERY,"CHILDREN BOOKS AND GEN REF","BOOKS AND LEARNINGS",
114751,"FRICTION MOTOR TOY 120 WHITE MT489942",0,5,75,-5,-375,"TOYS AND ENTERTAINMENT","TOYS CARS TRAINS AND VEHICLES","FRICTION TOYS",
114753,"FRICTION JEEP TOY 120 BLACK MT489936",0,5,95,-5,-475,"TOYS AND ENTERTAINMENT","TOYS CARS TRAINS AND VEHICLES","FRICTION TOYS",
109766,"AMERICAN GOURMET BICARBONATE SODA 100G 48",0,48,13.99,-48,-671.52,SUPERMARKET,"FOOD CUPBOARD","BAKING INGREDIENTS",
109770,"DUSTBIN WLID WHIRLPOOL DESIGN 7L PLASTIC M-132",0,6,59,-6,-354,"HOUSEWARE & KITCHENWARE","HOME HYGIENE",DUSTBINS,
109771,"DUSTBIN WLID WHIRLPOOL DESIGN 11L PLASTIC M-133",0,6,69,-6,-414,"HOUSEWARE & KITCHENWARE","HOME HYGIENE",DUSTBINS,
109780,"JUICE SQUEEZER 600ML PLASTIC M-220",0,8,24.9,-8,-199.2,"HOUSEWARE & KITCHENWARE","KNIFE AND CHOPPING BOARD","PRESS AND SQUEEZERS",
109786,"CONTAINER SET 4PCS LOCK&FIT PLASTIC  M-1069",0,9,109,-9,-981,"HOUSEWARE & KITCHENWARE","STORAGE AND ORGANIZER","STORAGE CONTAINERS",
109790,"INDOMIE TASTY CHICKEN NOODLES 70G 44",0,30,5.49,-30,-164.7,SUPERMARKET,"FOOD CUPBOARD","NOODLES AND SOUP",
111380,"BIBLE STORY OLD TESTAMENT BOOK W12TITLE ED774",0,8,12.9,-8,-103.2,STATIONERY,"CHILDREN BOOKS AND GEN REF","BOOKS AND LEARNINGS",
113209,"BROOM WHANDLE BLUE PINK PLASTIC BT167215/867",0,3,39.9,-3,-119.7,"HOUSEWARE & KITCHENWARE","HOME HYGIENE","BROOM BRUSHES DUSTPANS",
113213,"BROOM WHANDLE GREEN FLAT PLASTIC 1652E",0,2,49.9,-2,-99.8,"HOUSEWARE & KITCHENWARE","HOME HYGIENE","BROOM BRUSHES DUSTPANS",
108214,"LITORAL WHITE WINE 750ML 12",0,3,82.99,-3,-248.97,SUPERMARKET,"BEVERAGES ALCOHOLIC",WINES,
108227,"PARIDOX ALCOHOL WIPES 100SHEETS",0,16,46.99,-16,-751.84,SUPERMARKET,"HOME AND PERSONAL CARE",DISPOSABLE,
108229,"GREEN WORLD  EXTRA KILLER INSECTICIDE 400ML  24",0,5,40.99,-5,-204.95,SUPERMARKET,"HOME AND PERSONAL CARE",FRESHENERS,
113236,"LAUNDRY SCRUBBING BRUSH BLUE PLASTIC 115E",0,4,14.9,-4,-59.6,"HOUSEWARE & KITCHENWARE",LAUNDARY,"LAUNDARY BRUSH",
113238,"CORNER BRUSH 36CM PLASTIC 112/E",0,8,9.9,-8,-79.2,"HOUSEWARE & KITCHENWARE","HOME HYGIENE","BROOM BRUSHES DUSTPANS",
113244,"MOP COTTON WHITE 1322",0,7,49.9,-7,-349.3,"HOUSEWARE & KITCHENWARE","HOME HYGIENE","MOPPING AND WIPING",
109866,"COPY COLOUR BOOKS",0,16,12.99,-16,-207.84,STATIONERY,"CHILDREN BOOKS AND GEN REF","BOOKS AND LEARNINGS",
109868,"101 FAIRY TALES BOOK",0,7,35.99,-7,-251.93,STATIONERY,"CHILDREN BOOKS AND GEN REF","BOOKS AND LEARNINGS",
113417,"FUN CUP WITH PIPETTE 2PCS PLASTIC BSF-00533",0,3,14.9,-3,-44.7,"HOUSEWARE & KITCHENWARE","FLASK AND BOTTLES","CUPS AND TUMBLERS",
113418,"FRIDGE ORGANIZER VERTICAL PLASTIC BSF-00800",0,9,12.9,-9,-116.1,"HOUSEWARE & KITCHENWARE","STORAGE AND ORGANIZER","RACK SHELF DRAWERS ORGANIZERS",
108397,"PARLE SIMPLY GOOD DIGESTIVE HONEY & OATS 72G  36",0,38,5.49,-38,-208.62,SUPERMARKET,"FOOD CUPBOARD",BISCUITS,
108399,"KIVO CLASSIC BAKED BEANS IN TOMATO SAUCE 400G  12",0,4,19.49,-4,-77.96,SUPERMARKET,"FOOD CUPBOARD","CANNED FOOD",
111614,"LION DADDY CAFE RHUM WITH MONO CARTON 750ML 12",0,10,71.99,-10,-719.9,SUPERMARKET,"BEVERAGES ALCOHOLIC",RHUM,
113454,"WATER BOTTLE 800ML PINEAPPLE SHAPE PLASTIC L00758",0,8,19.9,-8,-159.2,"HOUSEWARE & KITCHENWARE","FLASK AND BOTTLES",BOTTLE,
113461,"BLING MAGIC LEMON MULTIPURPOSE LIQUID 750ML   12",0,12,15.99,-12,-191.88,SUPERMARKET,"HOME AND PERSONAL CARE","HOUSEHOLD CLEANERS",
108468,"FIZZY COLA DRINK 350ML 20",0,32,3.19,-32,-102.08,SUPERMARKET,BEVERAGES,DRINKS,
111657,"BALLOON SET 8PCS W/STAND MIX COLOR",0,11,49,-11,-539,"TOYS AND ENTERTAINMENT","PARTY SUPPLIES","CELEBRATION DECOR AND ACCESSORIES",
111751,"NUTRIBOM INFANT CEREAL PAPER BOXMULTIGRAIN 300G 16",0,6,27.99,-6,-167.94,SUPERMARKET,"FOOD CUPBOARD","BABY FOOD",
111821,"PERK MILKRICH COOKIES 81G  36",0,35,7.49,-35,-262.15,SUPERMARKET,"FOOD CUPBOARD",BISCUITS,
113725,"SERVING BOWL MELAMINE 11 INCHES FEILU 5011",0,11,24.9,-11,-273.9,"HOUSEWARE & KITCHENWARE","MELAMINE WARE","MEL BOWL/BOWL+COVER",
108602,"CURTAIN 52X84"" W/8GROMMET BLACKOUT DESIGN 5",0,7,129,-7,-903,"HOME DECOR & TEXTILES",CURTAINS,"GROMMET CURTAINS",
110131,"SPAGHETTI TONG 20CM SS S2093",0,42,9.9,-42,-415.8,"HOUSEWARE & KITCHENWARE","KITCHEN TOOLS AND CULTARY",TONGS,
110142,"CAN OPENER PLASTIC 26320182204 YWU",0,1,2.9,-1,-2.9,"HOUSEWARE & KITCHENWARE","CUTLERY ITEMS",OPENERS,
110144,"BLUE BAND SPREAD FOR  BREAD 12G 10 X 25",0,32,9.49,-32,-303.68,SUPERMARKET,"FOOD CUPBOARD","SPREADS AND TOPPING",
113786,"MC BERRY LONDON SHORTBREAD BISCUIT 80G 36",0,10,6.29,-10,-62.9,SUPERMARKET,"FOOD CUPBOARD",BISCUITS,
113788,"PURE DELIGHT MILK CREAM WAFER 39G 72",0,14,3.19,-14,-44.66,SUPERMARKET,"FOOD CUPBOARD",BISCUITS,
113789,"MCBERRY BREAKFAST CEREAL BISCUITS 30G  72",0,17,1.39,-17,-23.63,SUPERMARKET,"FOOD CUPBOARD",BISCUITS,
113811,"MCBERRY DEXTERS 3+2 BUTTER CREAM CRACKERS 30G  48",0,37,1.39,-37,-51.43,SUPERMARKET,"FOOD CUPBOARD",BISCUITS,
112026,"COLGATE TOOTHPASTE CHARCOAL GENTLE CLEAN  120G  48",0,53,22.99,-53,-1218.47,SUPERMARKET,"HOME AND PERSONAL CARE","ORAL CARE",
112083,"KIVO TOMATO MIX SUP 1KG  12",0,11,32.99,-11,-362.89,SUPERMARKET,"FOOD CUPBOARD",CONDIMENTS,
112086,"KIVO TOMATO MIX SUP 200G   24",0,31,8.99,-31,-278.69,SUPERMARKET,"FOOD CUPBOARD",CONDIMENTS,
113938,"KINDERGARTEN WORKSHEETS BOOK SERIES MATHENGLISH",0,2,41.9,-2,-83.8,STATIONERY,"CHILDREN BOOKS AND GEN REF","BOOKS AND LEARNINGS",
113955,"BEL-COLA CAN DRINK 330ML 24",0,25,8.49,-25,-212.25,SUPERMARKET,BEVERAGES,DRINKS,
113956,"BEL-GINGERALE CAN DRINK 330ML 24",0,10,8.49,-10,-84.9,SUPERMARKET,BEVERAGES,DRINKS,
113958,"BEL-MALT ORIGINAL CAN DRINK 330ML 24",0,18,9.99,-18,-179.82,SUPERMARKET,BEVERAGES,DRINKS,
113959,"COLGATE TB OPTIC WHITE 360   72",0,32,28.99,-32,-927.68,SUPERMARKET,"HOME AND PERSONAL CARE","ORAL CARE",
113976,"JAMAA SOAP CLASSIC SOAP LAMINATED 300G  24",0,4,9.99,-4,-39.96,SUPERMARKET,"HOME AND PERSONAL CARE","LAUNDRY CARE",
108989,"PLATINUM JASMINE VIETNAMESE RICE 4.5KG  5",0,15,84.99,-15,-1274.85,SUPERMARKET,"FOOD CUPBOARD","RAW RICE",
110507,"EPLUS LED BULB 9W 85-265V",0,6,22,-6,-132,"ELECTRICAL APPLIANCES","LIGHT BULBS","LED BULB",
112265,"TEA SPOON 6PCS SET SSTEEL 2673 YWU",0,3,26.9,-3,-80.7,"HOUSEWARE & KITCHENWARE","CUTLERY ITEMS","SPOONS FORKS KNIFE AND CUTLERY SET",
113982,"BIG BOSS ENERGY DRINK CAN 330ML 24",0,24,8.49,-24,-203.76,SUPERMARKET,BEVERAGES,DRINKS,
113983,"BEL-SODA CAN DRINK 330ML 24",0,15,8.49,-15,-127.35,SUPERMARKET,BEVERAGES,DRINKS,
113984,"BEL-TONIC CAN DRINK 330ML 24",0,12,8.49,-12,-101.88,SUPERMARKET,BEVERAGES,DRINKS,
112454,"CEREAL CONTAINER NO.1 1425ML PLASTIC L5111-DM",0,1,4.9,-1,-4.9,"HOUSEWARE & KITCHENWARE","STORAGE AND ORGANIZER","STORAGE CONTAINERS",
112461,"CONTAINER TALL PLASTIC 5677",0,3,22.9,-3,-68.7,"HOUSEWARE & KITCHENWARE","STORAGE AND ORGANIZER","STORAGE CONTAINERS",
123913,"SCOURING PAD 10PCS SET  CHSP1510 YWU",0,4,4.9,-4,-19.6,"HOUSEWARE & KITCHENWARE","HOME HYGIENE","SPONGE SCRUBBERS AND SCOURERS",
122728,"UNIMAX JOYMATE BALLPEN BLACK 1.0MM FBJYMBK10",0,4,1.49,-4,-5.96,STATIONERY,"GENERAL STATIONERY","   WRITING SUPPLIES",
122731,"UNIMAX TRIO BALLPEN BLUE 1.0MM FBTIOBL55",0,18,3.99,-18,-71.82,STATIONERY,"GENERAL STATIONERY","   WRITING SUPPLIES",
122735,"UNIMAX TRIO DC BALLPEN BLUE 1.0MM FBTDCBL53",0,30,3.99,-30,-119.7,STATIONERY,"GENERAL STATIONERY","   WRITING SUPPLIES",
122736,"UNIMAX TRIO DC BALLPEN BLACK 1.0MM FBTDCBK35",0,31,3.99,-31,-123.69,STATIONERY,"GENERAL STATIONERY","   WRITING SUPPLIES",
124052,"HOOK DAISY 6X1 PLASTIC BG-256",0,2,9.9,-2,-19.8,"HOUSEWARE & KITCHENWARE",LAUNDARY,HOOKS,
124060,"FOOTBALL KIDS SIZE-2 MIX DESIGN",0,1,32.9,-1,-32.9,"TOYS AND ENTERTAINMENT","SPORTS AND GAMES","FOOT BALL",
124072,"MOP&BUCKET SET PAREX TWISTER PLASTIC 2107358-2",0,1,299,-1,-299,"HOUSEWARE & KITCHENWARE","HOME HYGIENE","MOPPING AND WIPING",
124075,"MOP&BUCKET SET PLASTIC 1909197",0,1,249,-1,-249,"HOUSEWARE & KITCHENWARE","HOME HYGIENE","MOPPING AND WIPING",
124079,"WIPER WINDOW PAREX PLASTIC 1909966",0,3,12.9,-3,-38.7,"HOUSEWARE & KITCHENWARE","HOME HYGIENE","MOPPING AND WIPING",
125177,"NASCO AC SPLIT 2HP R410 NAS-M18N1-MIRROR",0,1,8799,-1,-8799,"ELECTRICAL APPLIANCES","AIR CONDITIONING","SPLIT AC",
122803,"LUNCH BOX KIDS PLASTIC UR-3323",0,1,19.9,-1,-19.9,"HOUSEWARE & KITCHENWARE","STORAGE AND ORGANIZER","LUNCH BOXES TIFFINS AND FOOD FLASK",
124096,"TOILET BRUSH 1909992",0,9,44.9,-9,-404.1,"HOUSEWARE & KITCHENWARE","HOME HYGIENE","TOILET BRUSHES",
124108,"WINDOW CLEANING CLOTH MICROFIBER 1909450",0,10,14.9,-10,-149,"HOUSEWARE & KITCHENWARE","HOME HYGIENE","CLEANING CLOTHES",
124118,"CLEANING CLOTH MICROFIBER 3PCS SET 1909453",0,14,59,-14,-826,"HOUSEWARE & KITCHENWARE","HOME HYGIENE","CLEANING CLOTHES",
124119,"CLEANING CLOTH MICROFIBRE 4PCS SET 1909447",0,2,59,-2,-118,"HOUSEWARE & KITCHENWARE","HOME HYGIENE","CLEANING CLOTHES",
124120,"CLEANING CLOTH 9PCS SET 2107968",0,8,26.9,-8,-215.2,"HOUSEWARE & KITCHENWARE","HOME HYGIENE","CLEANING CLOTHES",
124122,"SPONGE GREEN 2PCS SET 2107970",0,9,9.9,-9,-89.1,"HOUSEWARE & KITCHENWARE","HOME HYGIENE","SPONGE SCRUBBERS AND SCOURERS",
124123,"SPONGE GREEN 5PCS SET 1909108",0,6,22.9,-6,-137.4,"HOUSEWARE & KITCHENWARE","HOME HYGIENE","SPONGE SCRUBBERS AND SCOURERS",
124125,"SPONGE NAIL SAVER 2PCS SET 2107971",0,2,9.9,-2,-19.8,"HOUSEWARE & KITCHENWARE","HOME HYGIENE","SPONGE SCRUBBERS AND SCOURERS",
125196,"PLATINUM SUNFLOWER OIL  4.5L  4",0,10,199.99,-10,-1999.9,SUPERMARKET,"FOOD CUPBOARD","EDIBLE OILS AND GHEE",
122876,"SERVING BOWL MELAMINE 9 INCHES FEILU 74295",0,4,14.9,-4,-59.6,"HOUSEWARE & KITCHENWARE","MELAMINE WARE","MEL BOWL/BOWL+COVER",
124127,"SPONGE NAIL SAVER 5PCS SET 1909109",0,9,22.9,-9,-206.1,"HOUSEWARE & KITCHENWARE","HOME HYGIENE","SPONGE SCRUBBERS AND SCOURERS",
124133,"SPONGE NAIL SAVER 4PCS SET 1909831",0,11,16.9,-11,-185.9,"HOUSEWARE & KITCHENWARE","HOME HYGIENE","SPONGE SCRUBBERS AND SCOURERS",
124135,"SPONGE 3PCS SET 1909830/1909779",0,18,26.9,-18,-484.2,"HOUSEWARE & KITCHENWARE","HOME HYGIENE","SPONGE SCRUBBERS AND SCOURERS",
124145,"BAKING PAPER 8MT 30CM 2107553",0,14,19.9,-14,-278.6,"HOUSEWARE & KITCHENWARE",BAKEWARE,"BAKING TOOLS AND ACCESSORIES",
12418,"LACTASOY PLAIN SOYA MILK 500ML 12",0,7,24.99,-7,-174.93,SUPERMARKET,"FOOD CUPBOARD","MILK AND CREAMERS",
12419,"LACTASOY CHOCOLATE SOYA MILK 500ML 12",0,8,24.99,-8,-199.92,SUPERMARKET,"FOOD CUPBOARD","MILK AND CREAMERS",
125253,"SHINE JUMBO TOILET ROLL (1PC WRAPPED) 12",0,2,28.99,-2,-57.98,SUPERMARKET,"HOME AND PERSONAL CARE",DISPOSABLE,
125258,"SAIRO FAMILY SHOWER GEL SPA 750ML  12",0,9,29.99,-9,-269.91,SUPERMARKET,"HOME AND PERSONAL CARE","PERSONAL WASH",
125263,"ROMAR FABRIC SOFTENER CONC. ARGAN 2L  6",0,-4,81.99,4,327.96,SUPERMARKET,"HOME AND PERSONAL CARE","LAUNDRY CARE",
125264,"ROMAR FABRIC SOFTENER CONC. SPA  2L  6",0,2,84.99,-2,-169.98,SUPERMARKET,"HOME AND PERSONAL CARE","LAUNDRY CARE",
122993,"BINATONE STEAM IRON 2200W SI 2225",0,1,439,-1,-439,"ELECTRICAL APPLIANCES","LINEN CARE","STEAM IRONS",
124247,"MOP COTTON HEAD  METAL HANDLE RED HIELX01 RJK",0,1,48.9,-1,-48.9,"HOUSEWARE & KITCHENWARE","HOME HYGIENE","MOPPING AND WIPING",
123176,"OCEAN BEER MUG SET 2PCS 355ML MUNICH 0003",0,6,59,-6,-354,"HOUSEWARE & KITCHENWARE",GLASSWARE,"BEER MUGS AND BEER GLASS",
124706,"AYIKOO NAPKIN 100PCS   15",0,15,5.99,-15,-89.85,SUPERMARKET,"HOME AND PERSONAL CARE",DISPOSABLE,
124707,"AYIKOO TOILET ROLL MEGA 10S PACK   7",0,7,36.99,-7,-258.93,SUPERMARKET,"HOME AND PERSONAL CARE",DISPOSABLE,
122216,"AIRPRO AIRFRSHNER ORG.CAN SWEET PINEAPPLE 42G  24",0,15,39.99,-15,-599.85,SUPERMARKET,"HOME AND PERSONAL CARE",FRESHENERS,
123466,"CONTAINER TALL SQ. 5400ML 20X20X21CM PP13811",0,1,16.9,-1,-16.9,"HOUSEWARE & KITCHENWARE","STORAGE AND ORGANIZER","STORAGE CONTAINERS",
124710,"AYIKOO THE FAT ONE PAPER TOWEL 1X6",0,6,41.99,-6,-251.94,SUPERMARKET,"HOME AND PERSONAL CARE",DISPOSABLE,
124731,"FOOD CONTAINER 550ML PLASTIC BSF-00856",0,22,16.9,-22,-371.8,"HOUSEWARE & KITCHENWARE","STORAGE AND ORGANIZER","STORAGE CONTAINERS",
122217,"AIRPRO TOUCH &SPRAY AIRFRSHNER FR.VANILLA 36ML 6",0,3,35.99,-3,-107.97,SUPERMARKET,"HOME AND PERSONAL CARE",FRESHENERS,
122218,"AIRPRO  AIRREFRSHENER GEL RIO TROPICA 128G  24",0,24,24.99,-24,-599.76,SUPERMARKET,"HOME AND PERSONAL CARE",FRESHENERS,
122219,"AIRPRO AIRFRSHNER ORG. CAN CHERRY LUCIOUS 42G 24",0,10,39.99,-10,-399.9,SUPERMARKET,"HOME AND PERSONAL CARE",FRESHENERS,
122227,"AIRPRO AIRFRSHNER GEL  TUTTI FRUTTI MANIA 128G  24",0,11,24.99,-11,-274.89,SUPERMARKET,"HOME AND PERSONAL CARE",FRESHENERS,
122265,"LAV WINE GLASS MIS535A",0,8,59,-8,-472,"HOUSEWARE & KITCHENWARE",GLASSWARE,"GLASS / TUMBLER /WINE / CHAMPAGNE",
122268,"LAV STEMWARE 6PCS SET LVVEN541F",0,4,99,-4,-396,"HOUSEWARE & KITCHENWARE",GLASSWARE,"GLASS / TUMBLER /WINE / CHAMPAGNE",
123487,"DISH RACK 48X27X8CM PP505001",0,35,24.9,-35,-871.5,"HOUSEWARE & KITCHENWARE",KITCHENWARE,"DISH RACKS",
122284,"TOOTHPICK W/SOLID CASE",0,32,4.9,-32,-156.8,"HOUSEWARE & KITCHENWARE","HOUSE HOLD PRODUCTS","HOUSE HOLD",
122312,"SENAC SPARKLING ORANGE DRINK  375ML 12",0,12,29.99,-12,-359.88,SUPERMARKET,"BEVERAGES ALCOHOLIC",WINES,
124755,"EASY TO READ MORAL STORIES 12TITLES 16PAGES 47YRS",0,8,7.9,-8,-63.2,STATIONERY,"CHILDREN BOOKS AND GEN REF","BOOKS AND LEARNINGS",
123674,"BATHMAT COTTON PRINTED 40X60CM MYQ91757",0,43,24.9,-43,-1070.7,"HOME DECOR & TEXTILES","HOME FURNISHING","BATH LINEN",
124808,"BASKET TRAY MULTIPURPOSE PLASTIC TP-593",0,3,4.9,-3,-14.7,"HOUSEWARE & KITCHENWARE","STORAGE AND ORGANIZER",BASKET,
124861,"MEASURING JUG  500ML PLASTIC AP-9059",0,14,4.9,-14,-68.6,"HOUSEWARE & KITCHENWARE",BAKEWARE,"BAKING TOOLS AND ACCESSORIES",
124886,"SOAP DISH WSUCTION CUP TITIZ PVC SSPD TP237",0,1,4.9,-1,-4.9,"HOUSEWARE & KITCHENWARE",BATHROOM,"SOAP DISH CASE DISPENSERS",
120457,"WATER BOTTLE 1000ML PLASTIC VENICE",0,-1,9.9,1,9.9,"HOUSEWARE & KITCHENWARE","FLASK AND BOTTLES",BOTTLE,
121769,"ROSALINDA MACKEREL 425G  24",0,2,21.99,-2,-43.98,SUPERMARKET,"FOOD CUPBOARD","CANNED FOOD",
119283,"DOMS PENCIL SET 12PCS A1 HEXAGONAL 3414",0,-2,21.9,2,43.8,STATIONERY,"GENERAL STATIONERY","   WRITING SUPPLIES",
119286,"DOMS PENCIL SET 6PCS BI-COLOR 12SHADES 7172",0,9,17.9,-9,-161.1,STATIONERY,"GENERAL STATIONERY","   WRITING SUPPLIES",
119307,"REXONA ROLL ON  BIORYTHM 50ML  6",0,1,25.99,-1,-25.99,SUPERMARKET,"HOME AND PERSONAL CARE",FRAGRANCES,
119311,"REXONA ROLL ON  SHOWER FRESH  50ML  6",0,5,22.99,-5,-114.95,SUPERMARKET,"HOME AND PERSONAL CARE",FRAGRANCES,
120619,"COMFORTER DOUBLE MICROPEACH 4PC 03C00360D",0,1,399,-1,-399,"HOME DECOR & TEXTILES","BLANKETS QUILTS COMFORTERS AND BEDCOVERS",COMFORTERS,
120620,"COMFORTER QUEEN SOLID MICROPEACH 4PC 03C0361Q",0,1,449,-1,-449,"HOME DECOR & TEXTILES","BLANKETS QUILTS COMFORTERS AND BEDCOVERS",COMFORTERS,
120648,"JK A4 PAPER 80 GSM",0,11,79.99,-11,-879.89,STATIONERY,"OFFICE STATIONERY",PAPER,
121826,"CLOTHES PEG SET 12PCS MEGA",0,30,12.9,-30,-387,"HOUSEWARE & KITCHENWARE",LAUNDARY,"CLOTH PEGS / CLIP",
119332,"COLGATE TOOTHBRUSH DOUBLE ACTION CHARCOAL 120",0,-2,10.99,2,21.98,SUPERMARKET,"HOME AND PERSONAL CARE","ORAL CARE",
120683,"DAEWOO TV BRACKET 32-55"" W/TILT DE-TVB1069",0,8,88,-8,-704,"ELECTRONICS & TELECOM","VIDEO ACCESSORIES","TV BRACKET AND ACCESSORIES",
119478,"WESTINGHOUSE DISH RACK WCKM0086",0,12,129,-12,-1548,"HOUSEWARE & KITCHENWARE",KITCHENWARE,"DISH RACKS",
119479,"WESTINGHOUSE DISH RACK WCKM0084",0,4,319,-4,-1276,"HOUSEWARE & KITCHENWARE",KITCHENWARE,"DISH RACKS",
120718,"EVIAN WATER SPORTS CAP 750ML  12",0,-1,24.99,1,24.99,SUPERMARKET,BEVERAGES,"MINERAL WATER",
122003,"DOLAIT PINA COLADA  DRINKING YOGURT 200ML 10",0,3,9.99,-3,-29.97,SUPERMARKET,"FRESH DAIRY AND EGGS",Yoghurt,
119590,"FARAGELLO GOLD MANGO NECTAR  BOTTLE 1L  6",0,7,33.99,-7,-237.93,SUPERMARKET,BEVERAGES,JUICE,
119591,"FARAGELLO GOLD GUAVA NECTAR GLASS BOTTLE 1L  6",0,2,33.99,-2,-67.98,SUPERMARKET,BEVERAGES,JUICE,
119592,"FARAGELLO GOLD COCKTAIL NECTAR GLASS BOTTLE 1L  6",0,7,33.99,-7,-237.93,SUPERMARKET,BEVERAGES,JUICE,
119593,"FARAGELLO GOLD  GUAVA NECTAR BOTTLE 250ML 24",0,9,11.99,-9,-107.91,SUPERMARKET,BEVERAGES,JUICE,
119595,"FARAGELLO GOLD COCKTAIL GLASS BOTTLE 250ML  24",0,11,11.99,-11,-131.89,SUPERMARKET,BEVERAGES,JUICE,
120808,"JAMAA DETERGENT 850G  10",0,-1,24.99,1,24.99,SUPERMARKET,"HOME AND PERSONAL CARE","LAUNDRY CARE",
120846,"CUSSONS BABY WIPES MILD & GENTLE 80 SHEETS  24",0,8,23.99,-8,-191.92,SUPERMARKET,"HOME AND PERSONAL CARE","INFANT AND BABY CARE",
120847,"CUSSONS BABY WIPES SOFT & SMOOTH 80 SHEETS  24",0,24,23.99,-24,-575.76,SUPERMARKET,"HOME AND PERSONAL CARE","INFANT AND BABY CARE",
120917,"PEACOCK THAI RICE 5KG  5",0,8,209.99,-8,-1679.92,SUPERMARKET,"FOOD CUPBOARD","RAW RICE",
120921,"AWAKE MINERAL WATER 330ML 15",0,14,1.79,-14,-25.06,SUPERMARKET,BEVERAGES,"MINERAL WATER",
119647,"MUTLU SPIRALLI 400G  20",0,16,11.99,-16,-191.84,SUPERMARKET,"FOOD CUPBOARD","NOODLES AND SOUP",
119648,"MUTLU BIG ELBOW 400G  20",0,18,12.99,-18,-233.82,SUPERMARKET,"FOOD CUPBOARD","NOODLES AND SOUP",
119651,"MUTLU CAVATAPPI  MACARONI 400G  20",0,8,11.99,-8,-95.92,SUPERMARKET,"FOOD CUPBOARD","NOODLES AND SOUP",
119654,"KIVO PEPPER POWDER 400G  12",0,14,43.99,-14,-615.86,SUPERMARKET,"FOOD CUPBOARD","SPICES AND HERBS",
118617,"COFFEE TEA CUP 6PCS SET GLASS 290ML G25006 LTREND",0,9,32.9,-9,-296.1,"HOUSEWARE & KITCHENWARE",DINNERWARE,"TEA AND COFFEE SETS",
119793,"SABA MULTIPURPOSE LIQUID 400ML  12",0,12,14.49,-12,-173.88,SUPERMARKET,"HOME AND PERSONAL CARE","HOUSEHOLD CLEANERS",
119794,"SABA MULTIPURPOSE LIQUID 750ML  12",0,12,23.99,-12,-287.88,SUPERMARKET,"HOME AND PERSONAL CARE","HOUSEHOLD CLEANERS",
121151,"PICCADILLY POPCORN LIGHTLY SALTED 15G 20",0,-1,1.29,1,1.29,SUPERMARKET,"FOOD CUPBOARD",BISCUITS,
121456,"OBA SUNFLOWER OIL 900 ML  12",0,4,47.99,-4,-191.96,SUPERMARKET,"FOOD CUPBOARD","EDIBLE OILS AND GHEE",
121457,"OBA SUNFLOWER OIL 5L X 4",0,4,244.99,-4,-979.96,SUPERMARKET,"FOOD CUPBOARD","EDIBLE OILS AND GHEE",
121458,"PLATINUM SUNFLOWER OIL 900ML  12",0,11,47.99,-11,-527.89,SUPERMARKET,"FOOD CUPBOARD","EDIBLE OILS AND GHEE",
120115,"LAUNDRY BASKET W/LID 43L DROP DESIGN SLIM M-174",0,2,159,-2,-318,"HOUSEWARE & KITCHENWARE",LAUNDARY,"LAUNDRY BASKET/ITEMS",
120166,"EVEREADY LED PLASTIC TORCH LIGHT C2D",0,3,35,-3,-105,"ELECTRICAL APPLIANCES",LIGHTING/LAMPS,"TORCH/ LANTERN",
120167,"EVEREADY LED PLASTIC TORCH LIGHT 2AA",0,2,26,-2,-52,"ELECTRICAL APPLIANCES",LIGHTING/LAMPS,"TORCH/ LANTERN",
120178,"BASKET 619X510X188MM PLASTIC NO.5 1665",0,9,95,-9,-855,"HOUSEWARE & KITCHENWARE","STORAGE AND ORGANIZER",BASKET,
120209,"FRIDGE BOTTLE 550ML PLASTIC 2675",0,2,9.9,-2,-19.8,"HOUSEWARE & KITCHENWARE","FLASK AND BOTTLES",BOTTLE,
120378,"FREEDOM BOTTLE BEER 330ML 24",0,2,10.99,-2,-21.98,SUPERMARKET,"BEVERAGES ALCOHOLIC","BOTTLE BEER",
120383,"BELPAK MAX PAPER KITCHEN TOWEL (1 X6 ROLLS)  6",0,6,42.49,-6,-254.94,SUPERMARKET,"HOME AND PERSONAL CARE",DISPOSABLE,
120385,"BELPAK TABLE NAPKIN 1X15 PKTS)  15",0,18,7.29,-18,-131.22,SUPERMARKET,"HOME AND PERSONAL CARE",DISPOSABLE,
13207,"ROSA MAYONAISE 1L 6 (12-522)",0,4,97.99,-4,-391.96,SUPERMARKET,"FOOD CUPBOARD","SPREADS AND TOPPING",
132079,"KEY BAR MULTIPURPOSE 800G  16",0,17,30.99,-17,-526.83,SUPERMARKET,"HOME AND PERSONAL CARE","LAUNDRY CARE",
130918,"COLGATE TOOTHBRUSH DOUBLE ACTION CHARCOAL VP  72",0,71,15.99,-71,-1135.29,SUPERMARKET,"HOME AND PERSONAL CARE","ORAL CARE",
130991,"PHILIPS LED BULB 14W E27 6500K 8"" 929002299968",0,1,31,-1,-31,"ELECTRICAL APPLIANCES","LIGHT BULBS","LED BULB",
130131,"AWAKE MELCOM WATER 750ML 16",0,6,2.29,-6,-13.74,SUPERMARKET,BEVERAGES,"MINERAL WATER",
130133,"AWAKE MELCOM WATER 330ML  15",0,120,1.79,-120,-214.8,SUPERMARKET,BEVERAGES,"MINERAL WATER",
131045,"BREF WC BLOCK POWERACTIVE OCEAN DUO 10",0,7,65.99,-7,-461.93,SUPERMARKET,"HOME AND PERSONAL CARE",FRESHENERS,
131047,"BREF WC BLOCK POWERACTIVE PINE DUO 10",0,1,65.99,-1,-65.99,SUPERMARKET,"HOME AND PERSONAL CARE",FRESHENERS,
132156,"MAT ANTI-SLIP 30X150CM GS220721D",0,9,5.9,-9,-53.1,"HOME DECOR & TEXTILES","HOME FURNISHING","BATH LINEN",
131082,"ROMAR REFILL AUTOM AIR FRESH LOVE DCL 250ML  6",0,5,48.99,-5,-244.95,SUPERMARKET,"HOME AND PERSONAL CARE",FRESHENERS,
131112,"BEST MOTHER EVAPORATED MILK 160G 24",0,2,6.99,-2,-13.98,SUPERMARKET,"FOOD CUPBOARD","MILK AND CREAMERS",
131134,"DUSTPAN SANTA MARIA 26X6X32CM 001.0965",0,3,4.9,-3,-14.7,"HOUSEWARE & KITCHENWARE","HOME HYGIENE","BROOM BRUSHES DUSTPANS",
132291,"ICE BOX COMBO SET 4PCS 3623C7",0,1,1199,-1,-1199,"HOUSEWARE & KITCHENWARE","STORAGE AND ORGANIZER","ICE CHEST AND COOLERS",
129586,"FARAGELLO GOLD COCKTAIL NECTAR TETRAPACK 250ML  27",0,25,7.99,-25,-199.75,SUPERMARKET,BEVERAGES,JUICE,
129587,"FARAGELLO GOLD APPLE NECTAR TETRAPACK 250ML  27",0,13,7.99,-13,-103.87,SUPERMARKET,BEVERAGES,JUICE,
129588,"FARAGELLO GOLD ORANGE NECTAR TETRAPACK 250ML  27",0,25,7.99,-25,-199.75,SUPERMARKET,BEVERAGES,JUICE,
129589,"FARAGELLO GOLD PINEAPPLE NECTAR TETRAPACK 250ML 27",0,13,7.99,-13,-103.87,SUPERMARKET,BEVERAGES,JUICE,
129598,"WINE BOTTLE OPENER YWU",0,11,4.9,-11,-53.9,"HOUSEWARE & KITCHENWARE","CUTLERY ITEMS",OPENERS,
129600,"OPENER WFRIDGE MAGNET 85X13X12 YWU",0,31,9.9,-31,-306.9,"HOUSEWARE & KITCHENWARE","CUTLERY ITEMS",OPENERS,
129601,"OPENER WFRIDGE MAGNET 6X155X12 YWU",0,16,9.9,-16,-158.4,"HOUSEWARE & KITCHENWARE","CUTLERY ITEMS",OPENERS,
129603,"OPENER WOOD 8 SHAPE DESIGN YWU",0,26,9.9,-26,-257.4,"HOUSEWARE & KITCHENWARE","CUTLERY ITEMS",OPENERS,
129605,"OPENER SURFBOARD DESIGN YWU",0,30,9.9,-30,-297,"HOUSEWARE & KITCHENWARE","CUTLERY ITEMS",OPENERS,
129608,"OPENER BOURBON DESIGN YWU",0,24,9.9,-24,-237.6,"HOUSEWARE & KITCHENWARE","CUTLERY ITEMS",OPENERS,
129610,"OPENER 125X4 YWU",0,39,4.9,-39,-191.1,"HOUSEWARE & KITCHENWARE","CUTLERY ITEMS",OPENERS,
131311,"CROWNSTAR COOKWARE 6PCS SET MC22028 RK",0,1,449,-1,-449,"HOUSEWARE & KITCHENWARE",COOKWARE,"COOKWARE SET",
131318,"STARKIST TUNA FLAKE IN SUNFLOW OIL (PK 3) 240G 16",0,12,55.99,-12,-671.88,SUPERMARKET,"FOOD CUPBOARD","CANNED FOOD",
131321,"STORM ENERGY DRINK 350ML 12",0,1,6.79,-1,-6.79,SUPERMARKET,BEVERAGES,DRINKS,
132350,"PRAN ALOE VERA DRINK ORIGINAL 500ML 24",0,23,14.99,-23,-344.77,SUPERMARKET,BEVERAGES,JUICE,
131392,"LISTERINE TOTAL CARE MOUTHWASH 250ML  6",0,5,49.99,-5,-249.95,SUPERMARKET,"HOME AND PERSONAL CARE","ORAL CARE",
131397,"LISTERINE  COOL MINT MOUTHWASH 500ML  6",0,5,69.99,-5,-349.95,SUPERMARKET,"HOME AND PERSONAL CARE","ORAL CARE",
129815,"ROPE NYLON 3MMX20M REDBLUEWHITE YWU",0,51,2.9,-51,-147.9,"HOUSEWARE & KITCHENWARE",LAUNDARY,"CLOTH LINE/ STRING",
129816,"ROPE NYLON 3MMX30M REDBLUEWHITE YWU",0,34,4.9,-34,-166.6,"HOUSEWARE & KITCHENWARE",LAUNDARY,"CLOTH LINE/ STRING",
129817,"ROPE NYLON 5MMX10M REDBLUEWHITE YWU",0,10,2.9,-10,-29,"HOUSEWARE & KITCHENWARE",LAUNDARY,"CLOTH LINE/ STRING",
129822,"ROPE POLYPROPYLENE 8MMX10M YWU",0,3,9.9,-3,-29.7,"HOUSEWARE & KITCHENWARE",LAUNDARY,"CLOTH LINE/ STRING",
131467,"OBA EVAPORATED MILK 160G 48",0,3,8.29,-3,-24.87,SUPERMARKET,"FOOD CUPBOARD","MILK AND CREAMERS",
131521,"GOODYS SPICY HOT SHITO 165G 12",0,22,39.99,-22,-879.78,SUPERMARKET,"FOOD CUPBOARD",CONDIMENTS,
130501,"TOREN WAFERS CARRE HAZELNUT CREAM WAFER 125G 24",0,8,22.99,-8,-183.92,SUPERMARKET,"FOOD CUPBOARD",BISCUITS,
131544,"YOGA VANILLA  YOGHURT 330ML 1",0,3,19.99,-3,-59.97,SUPERMARKET,"FRESH DAIRY AND EGGS",Yoghurt,
131548,"YOGA VANILA WITH WHEAT YOGHURT 330ML 1",0,14,19.99,-14,-279.86,SUPERMARKET,"FRESH DAIRY AND EGGS",Yoghurt,
131565,"HAPPYFLAKES WHITE OATS BAG 500G  20",0,40,19.99,-40,-799.6,SUPERMARKET,"FOOD CUPBOARD","BREAKFAST CEREALS",
132705,"DZIRE HOT PLATE SINGLE 1000W HPSS1000-6122A",0,3,129,-3,-387,"ELECTRICAL APPLIANCES","HOTPLATE  BBQ  GRILL","HOT PLATE",
132712,"DZIRE HOT PLATE SINGLE 1000W HAND HPSSH1000-8100AS",0,9,185,-9,-1665,"ELECTRICAL APPLIANCES","HOTPLATE  BBQ  GRILL","HOT PLATE",
131639,"CAKE FONDANT CUTTER 3PCS SET A8109",0,-10,1.9,10,19,"HOUSEWARE & KITCHENWARE",BAKEWARE,MOULDS,
131641,"CAKE FONDANT CUTTER 3PCS SET A8111",0,8,1.9,-8,-15.2,"HOUSEWARE & KITCHENWARE",BAKEWARE,MOULDS,
130798,"TOREN MILK CHOCO  COATED WAFER COCOA CREAM 38G 144",0,109,6.29,-109,-685.61,SUPERMARKET,"FOOD CUPBOARD",BISCUITS,
132027,"DINNER SPOON 6PCS 21CM 45G DYC1 YWU",0,17,34.9,-17,-593.3,"HOUSEWARE & KITCHENWARE","CUTLERY ITEMS","SPOONS FORKS KNIFE AND CUTLERY SET",
132029,"DINNER FORK 6PCS 21CM 40G DYC2 YWU",0,2,39.9,-2,-79.8,"HOUSEWARE & KITCHENWARE","CUTLERY ITEMS","SPOONS FORKS KNIFE AND CUTLERY SET",
13203,"KONKORD IODIZED SALT 500G 50",0,61,4.49,-61,-273.89,SUPERMARKET,"FOOD CUPBOARD","SALT  SUGAR AND JAGGERY",
132031,"TEA SPOON 6PCS 15CM 22G DYC3 YWU",0,12,29.9,-12,-358.8,"HOUSEWARE & KITCHENWARE","CUTLERY ITEMS","SPOONS FORKS KNIFE AND CUTLERY SET",
133029,"CHOPPING BOARD 30X40X18CM BAMBOO YWU",0,6,79,-6,-474,"HOUSEWARE & KITCHENWARE","KNIFE AND CHOPPING BOARD","CHOPPING BOARDS AND CHOPPERS",
13204,"KONKORD IODIZED SALT 1000G 25",0,17,8.89,-17,-151.13,SUPERMARKET,"FOOD CUPBOARD","SALT  SUGAR AND JAGGERY",
133053,"NUTZY PEANUT CRISPY SNACK 40G  144",0,103,2.59,-103,-266.77,SUPERMARKET,"FOOD CUPBOARD","SPREADS AND TOPPING",
133055,"NUTZY PEANUT BUTTER EXTRA CRUNCHY 510G  12",0,8,45.49,-8,-363.92,SUPERMARKET,"FOOD CUPBOARD","SPREADS AND TOPPING",
133056,"NUTZY PEANUT BUTTER CREAM SMOOTH 510G  12",0,18,44.99,-18,-809.82,SUPERMARKET,"FOOD CUPBOARD","SPREADS AND TOPPING",
133057,"NUTZY PEANUT BUTTETR HONEY 510G  12",0,5,49.99,-5,-249.95,SUPERMARKET,"FOOD CUPBOARD","SPREADS AND TOPPING",
129119,"SCISSOR KITCHEN LX19035 YWU",0,8,14.9,-8,-119.2,"HOUSEWARE & KITCHENWARE","KNIFE AND CHOPPING BOARD",SCISSORS,
129120,"SCISSOR KITCHEN LX19016 YWU",0,17,9.9,-17,-168.3,"HOUSEWARE & KITCHENWARE","KNIFE AND CHOPPING BOARD",SCISSORS,
129135,"TOY FLASHING TOP KIDZ 66000",0,15,19.9,-15,-298.5,"TOYS AND ENTERTAINMENT","BACKYARD PLAY","CATCHER AND SLING SHOTS",
12699,"EVERPACK PICNIC TABLE NAPKIN   15",0,7,8.49,-7,-59.43,SUPERMARKET,"HOME AND PERSONAL CARE",DISPOSABLE,
129298,"STRAINER COLLAPSIBLE STALKED L00572",0,21,19.9,-21,-417.9,"HOUSEWARE & KITCHENWARE","KITCHEN TOOLS AND CULTARY","STRAINER AND FILTERS",
129304,"BOWL DOUBLE COLOUR PLASTIC L-00489",0,29,16.9,-29,-490.1,"HOUSEWARE & KITCHENWARE",SERVEWARE,"SERVING BOWL",
127070,"DZIRE DRY IRON 1000-1200W HEAVY DI-338",0,8,249,-8,-1992,"ELECTRICAL APPLIANCES","LINEN CARE","DRY IRON",
128564,"RC CAR 4CH MT535024",0,4,129,-4,-516,"TOYS AND ENTERTAINMENT","TOYS CARS TRAINS AND VEHICLES","BATTERY OPERATED REMOTE CONTROL",
128588,"BULLET DART GUN TOY MT530152",0,2,109,-2,-218,"TOYS AND ENTERTAINMENT","ROLE PLAY AND PRETEND TOYS","SPY GEAR AND GADGETS",
129576,"DINNER PLATE EMBOSSED AVIOS 105 DP105 RJK",0,34,16.9,-34,-574.6,"HOUSEWARE & KITCHENWARE",DINNERWARE,PLATE,
126174,"ORGANIZER PLASTIC BSF-00903",0,20,49.9,-20,-998,"HOUSEWARE & KITCHENWARE","STORAGE AND ORGANIZER","RACK SHELF DRAWERS ORGANIZERS",
126195,"ZOFLORA LINEN FRESH   120ML  12",0,-1,45.99,1,45.99,SUPERMARKET,"HOME AND PERSONAL CARE","HOUSEHOLD CLEANERS",
125267,"SAIRO GOLD HAND WASH 500ML  12",0,4,28.99,-4,-115.96,SUPERMARKET,"HOME AND PERSONAL CARE","PERSONAL WASH",
125273,"AIRPRO HANGING BOTTLE AFRESHNER C.AVENTUS 10ML 12",0,11,35.99,-11,-395.89,SUPERMARKET,"HOME AND PERSONAL CARE",FRESHENERS,
125274,"AIRPRO MINI CLIP A/REFRSHNER FRESH VANILLA 2.5ML 6",0,6,20.49,-6,-122.94,SUPERMARKET,"HOME AND PERSONAL CARE",FRESHENERS,
125275,"AIRPRO MINI CLIP A/REFRSHNER BLOSSOM 2.5ML 6",0,8,20.49,-8,-163.92,SUPERMARKET,"HOME AND PERSONAL CARE",FRESHENERS,
125276,"AIRPRO MINI CLIP A/REFRSHNER VIOLET BLAST 2.5ML 6",0,2,20.49,-2,-40.98,SUPERMARKET,"HOME AND PERSONAL CARE",FRESHENERS,
125281,"DZIRE TV BRACKET 26""-55""  TB2655F-9212S",0,7,65,-7,-455,"ELECTRONICS & TELECOM","VIDEO ACCESSORIES","TV BRACKET AND ACCESSORIES",
125282,"DZIRE TV BRACKET W/TILT 26""-50"" TB2650T-P1102",0,15,89,-15,-1335,"ELECTRONICS & TELECOM","VIDEO ACCESSORIES","TV BRACKET AND ACCESSORIES",
125283,"DZIRE TV BRACKET W/TILT 32""- 65"" TB3265T-P1103",0,10,149,-10,-1490,"ELECTRONICS & TELECOM","VIDEO ACCESSORIES","TV BRACKET AND ACCESSORIES",
125284,"DZIRE TV BRACKET FULL MOTION 26""-50"" TB2650FU-43P",0,4,189,-4,-756,"ELECTRONICS & TELECOM","VIDEO ACCESSORIES","TV BRACKET AND ACCESSORIES",
125285,"DZIRE DVD BRACKET 350X250MM TBDVDS-Q10",0,4,199,-4,-796,"ELECTRONICS & TELECOM","VIDEO ACCESSORIES","TV BRACKET AND ACCESSORIES",
125292,"AIRPRO AEROSOL VANILLA  300ML  24",0,7,28.99,-7,-202.93,SUPERMARKET,"HOME AND PERSONAL CARE",FRESHENERS,
125293,"AIRPRO HANGIN BOTTLE A/F INVISI/ INVICTUS 10ML 12",0,8,35.99,-8,-287.92,SUPERMARKET,"HOME AND PERSONAL CARE",FRESHENERS,
125302,"AIRPRO A/FRESHNER ORGANIC CAN BUBBLE GUM 42G 24",0,16,39.99,-16,-639.84,SUPERMARKET,"HOME AND PERSONAL CARE",FRESHENERS,
126204,"AIRPRO HANGING BOTTLE A/FRESHNER ARMANI SI 10ML 12",0,12,35.99,-12,-431.88,SUPERMARKET,"HOME AND PERSONAL CARE",FRESHENERS,
126205,"AIRPRO HANGING BOTTLE AFRESHNER D OFF COOL 10ML 12",0,10,35.99,-10,-359.9,SUPERMARKET,"HOME AND PERSONAL CARE",FRESHENERS,
126206,"AIRPRO HANGING BOTTLE A/FRESHNER DIOR FHEIT 10ML12",0,12,35.99,-12,-431.88,SUPERMARKET,"HOME AND PERSONAL CARE",FRESHENERS,
126208,"AIRPRO  AIRFRESHENER GEL PINA COLADA 128G 24",0,3,24.99,-3,-74.97,SUPERMARKET,"HOME AND PERSONAL CARE",FRESHENERS,
126211,"AIRPRO TOUCH&SPRAY A/FRSHENER PINA COLADA 36ML  6",0,7,35.99,-7,-251.93,SUPERMARKET,"HOME AND PERSONAL CARE",FRESHENERS,
126212,"AIRPRO  MINI CLIP AIRREFRSHENER CITRUS 2.5ML 6",0,7,20.49,-7,-143.43,SUPERMARKET,"HOME AND PERSONAL CARE",FRESHENERS,
126213,"AIRPRO MINI CLIP AIRREFRSHENER PARADISE  2.5ML 6",0,6,20.49,-6,-122.94,SUPERMARKET,"HOME AND PERSONAL CARE",FRESHENERS,
126214,"AIRPRO MINI CLIP AIRREFRSHENER  NEW CAR  2.5ML 6",0,3,20.49,-3,-61.47,SUPERMARKET,"HOME AND PERSONAL CARE",FRESHENERS,
126216,"AIRPRO MINI CLIP A/FRSHENER CRISP LINEN 2.5ML  6",0,6,20.49,-6,-122.94,SUPERMARKET,"HOME AND PERSONAL CARE",FRESHENERS,
126217,"AIRPRO A/FRESHNER ORGANIC CAN WILD S/BERRY 42G  24",0,23,39.99,-23,-919.77,SUPERMARKET,"HOME AND PERSONAL CARE",FRESHENERS,
126219,"AIRPRO AIRFRESHNER ORGANIC CAN WARM VANILLA 42G 24",0,20,39.99,-20,-799.8,SUPERMARKET,"HOME AND PERSONAL CARE",FRESHENERS,
126220,"AIRPRO  AIRREFRSHNER ORGANIC CAN  NEW CAR 42G 24",0,19,39.99,-19,-759.81,SUPERMARKET,"HOME AND PERSONAL CARE",FRESHENERS,
126223,"AIRPRO AIRFRESHNER ORGANIC CAN BLACKCRYSTAL 42G 24",0,15,39.99,-15,-599.85,SUPERMARKET,"HOME AND PERSONAL CARE",FRESHENERS,
126225,"AIRPRO AIRFRSHNER DUAL SCENT LEMON/STRAW. 30ML  6",0,4,34.99,-4,-139.96,SUPERMARKET,"HOME AND PERSONAL CARE",FRESHENERS,
128757,"BUBBLE UP TONIC WATER 330ML 24",0,3,8.49,-3,-25.47,SUPERMARKET,BEVERAGES,DRINKS,
125303,"SHINE 10 PACK SINGLE WRAPPED TOILET PAPER   1",0,1,46.99,-1,-46.99,SUPERMARKET,"HOME AND PERSONAL CARE",DISPOSABLE,
125306,"AIRPRO A/FRESHNER ORGANIC CAN  COFFEE  42G  24",0,20,39.99,-20,-799.8,SUPERMARKET,"HOME AND PERSONAL CARE",FRESHENERS,
126229,"AIRPRO AIRREFRSHENER UFO MEMBRANE S/BERRY 6.5ML 24",0,1,29.99,-1,-29.99,SUPERMARKET,"HOME AND PERSONAL CARE",FRESHENERS,
126230,"AIRPRO A/FRSHNER UFO MEMBRANE P.COLADA 6.5ML 24",0,6,29.99,-6,-179.94,SUPERMARKET,"HOME AND PERSONAL CARE",FRESHENERS,
128779,"HIGHLIGHTER MINI 12YRS+ LUXOR 4PCS 4000/4BC",0,5,11.9,-5,-59.5,STATIONERY,"GENERAL STATIONERY","   WRITING SUPPLIES",
125360,"ROMAR FABRIC SOFTENER SPA 750ML  15",0,7,36.99,-7,-258.93,SUPERMARKET,"HOME AND PERSONAL CARE","LAUNDRY CARE",
127555,"DZIRE WASHING MACHINE TT 7.2 KG WMTT72-8006S",0,1,2639,-1,-2639,"ELECTRICAL APPLIANCES","WASHING MACHINE","TWIN TUB WM",
128810,"STATIONARY SET STUDENTS 12YR+ LUXOR 6PCS 1301/6BC",0,5,19.9,-5,-99.5,STATIONERY,"GENERAL STATIONERY","   WRITING SUPPLIES",
127680,"GEISHA BLACK SOAP 180G  36",0,29,17.99,-29,-521.71,SUPERMARKET,"HOME AND PERSONAL CARE","PERSONAL WASH",
127739,"PAPER CUP DOLLIES MIX COLOUR 1000PCS 95CM YWU",0,11,9.9,-11,-108.9,"HOUSEWARE & KITCHENWARE",BAKEWARE,MOULDS,
127740,"PAPER CUP DOLLIES MIX COLOUR 1000PCS 8CM YWU",0,12,9.9,-12,-118.8,"HOUSEWARE & KITCHENWARE",BAKEWARE,MOULDS,
127755,"PAPER BOX CAKE DOUBLE TIER 12 335X335X28CM YWU",0,20,39.9,-20,-798,"HOUSEWARE & KITCHENWARE",BAKEWARE,MOULDS,
126470,"JUVER DISFRUTA  MANGO DRINK 330ML 18",0,1,13.99,-1,-13.99,SUPERMARKET,BEVERAGES,JUICE,
126471,"JUVER DISFRUTA  APPLE DRINK 330ML 18",0,5,14.49,-5,-72.45,SUPERMARKET,BEVERAGES,JUICE,
127757,"PAPER BOX CAKE DOUBLE TIER 14 385X385X28CM YWU",0,20,59,-20,-1180,"HOUSEWARE & KITCHENWARE",BAKEWARE,MOULDS,
125630,"PLATE EMBOSSED PORCELAIN 8 38832 RJK",0,57,12.9,-57,-735.3,"HOUSEWARE & KITCHENWARE",DINNERWARE,PLATE,
125631,"PLATE SOUP EMBOSSED PORCELAIN 875 38833 RJK",0,47,12.9,-47,-606.3,"HOUSEWARE & KITCHENWARE",DINNERWARE,PLATE,
127895,"MCBERRY TWIST VANNILLA  CUPCAKE 15G  72",0,1,1.19,-1,-1.19,SUPERMARKET,"FOOD CUPBOARD",SNACKS,
127905,"MCBERRY BELLA CHOCOLATE CREAM CAKE 30G 144",0,144,2.49,-144,-358.56,SUPERMARKET,"FOOD CUPBOARD",SNACKS,
128935,"TAPE DISPENSER CRYSTAL CLEAR (18X33) 157654",0,10,21.9,-10,-219,STATIONERY,"PACKAGING AND MAILING","   TAPES AND DISPENSERS",
128939,"TAPE DOUBLE SIDED FOAM (24X5) 172541",0,6,39,-6,-234,STATIONERY,"PACKAGING AND MAILING","   TAPES AND DISPENSERS",
128951,"SCISSORS 147341/147334/147358/147365",0,11,9,-11,-99,STATIONERY,"OFFICE STATIONERY","OFFICE BASIC AND STATIONERY",
125785,"PIYA SWEETENED CONDENSED MILK 1KG 24",0,15,43.99,-15,-659.85,SUPERMARKET,"FOOD CUPBOARD","MILK AND CREAMERS",
125866,"POPIZZ SPARKLING RED GRAPE 750ML  6",0,3,49.99,-3,-149.97,SUPERMARKET,"BEVERAGES ALCOHOLIC",WINES,
125867,"POPIZZ SPARKLING DRINK BLUE 750ML  6",0,2,49.99,-2,-99.98,SUPERMARKET,"BEVERAGES ALCOHOLIC",WINES,
125869,"POPIZZ SPARKLING DRINK APPLE 750ML  6",0,6,49.99,-6,-299.94,SUPERMARKET,"BEVERAGES ALCOHOLIC",WINES,
125870,"POPIZZ SPARKLING DRINK PINK 750ML  6",0,11,49.99,-11,-549.89,SUPERMARKET,"BEVERAGES ALCOHOLIC",WINES,
125871,"POPIZZ SPARKLING WHITE GRAPE 750ML  6",0,6,49.99,-6,-299.94,SUPERMARKET,"BEVERAGES ALCOHOLIC",WINES,
125896,"LAV TUMBLER 6PCS SET LVBRO29F",0,3,89,-3,-267,"HOUSEWARE & KITCHENWARE",GLASSWARE,"GLASS / TUMBLER /WINE / CHAMPAGNE",
125897,"LAV TUMBLER 6PCS SET LVTOK354F",0,8,99,-8,-792,"HOUSEWARE & KITCHENWARE",GLASSWARE,"GLASS / TUMBLER /WINE / CHAMPAGNE",
128146,"AKAI MICROWAVE OVEN 30L GRILL MW074A-030MS",0,1,1999,-1,-1999,"ELECTRICAL APPLIANCES",MICROWAVE,"GRILL MICROWAVE",
142207,"FOUR SPECIAL CHOCOLATE FLAV. RED WINE 750ML 6",0,16,56.99,-16,-911.84,SUPERMARKET,"BEVERAGES ALCOHOLIC",WINES,
138571,"PILLOW DONA BALL FIBRE",0,-1,72.9,1,72.9,"HOME DECOR & TEXTILES",PILLOWS,PILLOWS,
139776,"MUG 330ML CERAMIC SQUARE YWU",0,7,4.9,-7,-34.3,"HOUSEWARE & KITCHENWARE",DINNERWARE,MUGS,
138596,"HAYHAY 30G  X 24 X 8 BOXES COCONUT 192",0,63,5.19,-63,-326.97,SUPERMARKET,"FOOD CUPBOARD",BISCUITS,
13990,"LELE CORNED BEEF 198G 12",0,10,36.99,-10,-369.9,SUPERMARKET,"FOOD CUPBOARD","CANNED FOOD",
13991,"LELE CORNED BEEF 340G 12",0,20,51.99,-20,-1039.8,SUPERMARKET,"FOOD CUPBOARD","CANNED FOOD",
138785,"LG LED TV 32"" SMART 32LQ630B6LB/32LQ600BPTA",0,1,4079,-1,-4079,"ELECTRONICS & TELECOM","LED TV","SMART TV",
138806,"BUMBLE BABY WET WIPES 100 PCS LA BELLA  12",0,6,26.99,-6,-161.94,SUPERMARKET,"HOME AND PERSONAL CARE","INFANT AND BABY CARE",
138808,"BUMBLE BABY WET WIPES 100 PCS MEDITERRANEAN  12",0,12,26.99,-12,-323.88,SUPERMARKET,"HOME AND PERSONAL CARE","INFANT AND BABY CARE",
138920,"GEISHA ALOE VERA  HONEY SOAP 250G 36",0,40,18.99,-40,-759.6,SUPERMARKET,"HOME AND PERSONAL CARE","PERSONAL WASH",
138921,"GEISHA ROSE  HONEY SOAP 250G  36",0,16,18.99,-16,-303.84,SUPERMARKET,"HOME AND PERSONAL CARE","PERSONAL WASH",
138922,"GEISHA ALOE VERA  HONEY V1 180G  36",0,15,15.49,-15,-232.35,SUPERMARKET,"HOME AND PERSONAL CARE","PERSONAL WASH",
138924,"GEISHA COCONUT MILK  HONEY V1 180G   36",0,38,15.49,-38,-588.62,SUPERMARKET,"HOME AND PERSONAL CARE","PERSONAL WASH",
138925,"GEISHA LEMON  HONEY V1 180G  36",0,38,15.49,-38,-588.62,SUPERMARKET,"HOME AND PERSONAL CARE","PERSONAL WASH",
138926,"GEISHA SHEA BUTTER  HONEY V1 180G  36",0,14,15.49,-14,-216.86,SUPERMARKET,"HOME AND PERSONAL CARE","PERSONAL WASH",
138928,"GEISHA ROSE & HONEY V1 180G  36",0,13,15.49,-13,-201.37,SUPERMARKET,"HOME AND PERSONAL CARE","PERSONAL WASH",
138932,"GEISHA GERMIG NEEM & BASIL V1 180G 36",0,9,15.49,-9,-139.41,SUPERMARKET,"HOME AND PERSONAL CARE","PERSONAL WASH",
140977,"KIKI SUPASTAR MULTIFRUIT DRINK 250ML 24",0,10,4.19,-10,-41.9,SUPERMARKET,BEVERAGES,JUICE,
139250,"PARIN NECTAR NATURAL HONNEY 50G 24",0,2,16.99,-2,-33.98,SUPERMARKET,"FOOD CUPBOARD","HONEY  JAM AND MARMALADE",
141370,"WINE BUCKET W/SHAKER 750ML SET 4PCS PLAIN 52035",0,7,89,-7,-623,"HOUSEWARE & KITCHENWARE",KITCHENWARE,"BAR TOOLS AND ACCESSORIES",
141389,"SHAKER COCKTAIL RECIPE 600ML 13001-R",0,11,69,-11,-759,"HOUSEWARE & KITCHENWARE",KITCHENWARE,"BAR TOOLS AND ACCESSORIES",
141391,"TONG UTILITY VINYL COATED 30CM 59024-A",0,1,24.9,-1,-24.9,"HOUSEWARE & KITCHENWARE","KITCHEN TOOLS AND CULTARY",TONGS,
141401,"TONG SPAGHETTI ROUND END 8  19003-K",0,1,12.9,-1,-12.9,"HOUSEWARE & KITCHENWARE","KITCHEN TOOLS AND CULTARY",TONGS,
139265,"FLAMINGO EXTRA KLEEN VIRGIN TROLL 1X10 7",0,8,46.99,-8,-375.92,SUPERMARKET,"HOME AND PERSONAL CARE",DISPOSABLE,
141411,"SALT&PEPPER SET 5.2X9CM 56053",0,24,19.9,-24,-477.6,"HOUSEWARE & KITCHENWARE",KITCHENWARE,"SALT AND PEPPER/CRUETS",
141413,"SALT&PEPPER SET ROUND 6X5.5CM 56042-J",0,24,19.9,-24,-477.6,"HOUSEWARE & KITCHENWARE",KITCHENWARE,"SALT AND PEPPER/CRUETS",
141414,"NAPKIN HOLDER TRIANGLE 16.5CM 56009-B",0,22,19.9,-22,-437.8,"HOUSEWARE & KITCHENWARE",BATHROOM,"BATHROOM SHELF RACKS HOLDERS",
141421,"PAN SPOON SLOTTED PEARL 13  59046",0,14,9.9,-14,-138.6,"HOUSEWARE & KITCHENWARE","KITCHEN TOOLS AND CULTARY","COOKING TOOL LADLES AND SERVERS",
141423,"LADDLE PEARL 13  59047",0,6,16.9,-6,-101.4,"HOUSEWARE & KITCHENWARE","KITCHEN TOOLS AND CULTARY","COOKING TOOL LADLES AND SERVERS",
141425,"SKIMMER PEARL 13  59048",0,36,9.9,-36,-356.4,"HOUSEWARE & KITCHENWARE","KITCHEN TOOLS AND CULTARY","COOKING TOOL LADLES AND SERVERS",
141427,"TURNER SLOTTED PEARL 13 59049",0,8,9.9,-8,-79.2,"HOUSEWARE & KITCHENWARE","KITCHEN TOOLS AND CULTARY","COOKING TOOL LADLES AND SERVERS",
141429,"TONG SPAGHETTI PEARL 13  59050",0,9,9.9,-9,-89.1,"HOUSEWARE & KITCHENWARE","KITCHEN TOOLS AND CULTARY",TONGS,
141431,"PAN SPOON PIPE HANDLE 9  59051",0,15,9.9,-15,-148.5,"HOUSEWARE & KITCHENWARE","KITCHEN TOOLS AND CULTARY","COOKING TOOL LADLES AND SERVERS",
141433,"PAN SPOON SLOTTED PIPE HANDLE 9  59052",0,22,9.9,-22,-217.8,"HOUSEWARE & KITCHENWARE","KITCHEN TOOLS AND CULTARY","COOKING TOOL LADLES AND SERVERS",
141434,"LADDLE PIPE HANDLE 9  59053",0,5,9.9,-5,-49.5,"HOUSEWARE & KITCHENWARE","KITCHEN TOOLS AND CULTARY","COOKING TOOL LADLES AND SERVERS",
141435,"SKIMMER PIPE HANDLE 9  59054",0,12,9.9,-12,-118.8,"HOUSEWARE & KITCHENWARE","KITCHEN TOOLS AND CULTARY","COOKING TOOL LADLES AND SERVERS",
141440,"TONG SPAGHETTI PIPE HANDLE 9  59056",0,13,9.9,-13,-128.7,"HOUSEWARE & KITCHENWARE","KITCHEN TOOLS AND CULTARY",TONGS,
138235,"ROSSWOOD PREM ROASTED CASHEW NUTS SPICED 168G  24",0,8,60.99,-8,-487.92,SUPERMARKET,"FOOD CUPBOARD",SNACKS,
141778,"JAGERMEISTER 100ML 48",0,27,83.99,-27,-2267.73,SUPERMARKET,"BEVERAGES ALCOHOLIC",BITTERS,
141779,"JAGERMEISTER 40ML 96",0,14,35.49,-14,-496.86,SUPERMARKET,"BEVERAGES ALCOHOLIC",BITTERS,
138349,"PRESIDENT  WHOLE CREAM UHT MILK 3.5% 1L  6",0,6,40.99,-6,-245.94,SUPERMARKET,"FOOD CUPBOARD","MILK AND CREAMERS",
138364,"DALGETY GOOD NIGHT SLEEP 40G  36",0,35,59.99,-35,-2099.65,SUPERMARKET,BEVERAGES,TEA,
138371,"DALGETY INSTANT GINSENG & GINGER (9G*10) 45",0,36,30.99,-36,-1115.64,SUPERMARKET,BEVERAGES,TEA,
139682,"MCBERRY ALPHA CRACKER BISCUIT 47G  48",0,26,2.49,-26,-64.74,SUPERMARKET,"FOOD CUPBOARD",BISCUITS,
139702,"MCBERRY PURE DELIGHT MARBLE CAKE SLICES 27G 144",0,149,2.89,-149,-430.61,SUPERMARKET,"FOOD CUPBOARD",SNACKS,
139769,"MUG 330ML STRIPES CERAMIC YWU",0,1,4.9,-1,-4.9,"HOUSEWARE & KITCHENWARE",DINNERWARE,MUGS,
139770,"MUG 340ML CERAMIC FRUITS YWU",0,1,4.9,-1,-4.9,"HOUSEWARE & KITCHENWARE",DINNERWARE,MUGS,
140567,"MEANNAN WHITE SUGAR 1KG  12",0,2,35.99,-2,-71.98,SUPERMARKET,"FOOD CUPBOARD","SALT  SUGAR AND JAGGERY",
140586,"DISPENSER BEVERAGE WSTAND 4500ML PLASTIC BSF-00928",0,9,99,-9,-891,"HOUSEWARE & KITCHENWARE",GLASSWARE,"DISPENSERS / DECANTER SETS",
140590,"SAVERBOX AVACADO PLASTIC L-00866",0,1,14.9,-1,-14.9,"HOUSEWARE & KITCHENWARE","STORAGE AND ORGANIZER","STORAGE CONTAINERS",
140591,"SAVERBOX STRAWBERRY PLASTIC L-00867",0,-1,14.9,1,14.9,"HOUSEWARE & KITCHENWARE","STORAGE AND ORGANIZER","STORAGE CONTAINERS",
140593,"STRAINER FINE MESH 650ML PLASTIC L-00840",0,8,34.9,-8,-279.2,"HOUSEWARE & KITCHENWARE","KITCHEN TOOLS AND CULTARY","STRAINER AND FILTERS",
135811,"SERVING BOWL MELAMINE 9 INCHES FEILU 72209",0,13,13.9,-13,-180.7,"HOUSEWARE & KITCHENWARE","MELAMINE WARE","MEL BOWL/BOWL+COVER",
134557,"BUTTER DISH 6.9X3.7"" SUG229/G",0,15,9.9,-15,-148.5,"HOUSEWARE & KITCHENWARE",GLASSWARE,CONTAINERS,
135887,"FABER CASTELL TEXTLINER GREEN HIGHLIGHTER 154863",0,19,6.99,-19,-132.81,STATIONERY,"GENERAL STATIONERY","   WRITING SUPPLIES",
135892,"FABER CASTELL PENCIL HB 7420 BLACK 12PC SET 510992",0,2,15.9,-2,-31.8,STATIONERY,"GENERAL STATIONERY","   WRITING SUPPLIES",
13594,"DOVE  ROLL-ON GO FRESH GRAPE FRUIT&L.GRASS 50ML  6",0,5,25.99,-5,-129.95,SUPERMARKET,"HOME AND PERSONAL CARE",FRAGRANCES,
133927,"PROFA TOM BROWN 400G  30",0,5,25.99,-5,-129.95,SUPERMARKET,"FOOD CUPBOARD","BREAKFAST CEREALS",
134754,"MIXING BOWL 4200ML 28X28X13CM PP181003",0,22,12.9,-22,-283.8,"HOUSEWARE & KITCHENWARE",DINNERWARE,BOWLS,
134756,"BASKET TRAY PERFORATED PP50352",0,1,4.9,-1,-4.9,"HOUSEWARE & KITCHENWARE","STORAGE AND ORGANIZER",BASKET,
134757,"BASKET TRAY PERFORATED PP50353",0,4,4.9,-4,-19.6,"HOUSEWARE & KITCHENWARE","STORAGE AND ORGANIZER",BASKET,
135981,"DUSTBIN GREY WSWING LID 50 LT PLASTIC UP237-212",0,1,99,-1,-99,"HOUSEWARE & KITCHENWARE","HOME HYGIENE",DUSTBINS,
137491,"BUMBLE BABY WET WIPES 100 PCS BABY SCENTED  12",0,3,26.99,-3,-80.97,SUPERMARKET,"HOME AND PERSONAL CARE","INFANT AND BABY CARE",
137492,"BUMBLE BABY WET WIPES 100 PCS ROSE DREAM  12",0,12,26.99,-12,-323.88,SUPERMARKET,"HOME AND PERSONAL CARE","INFANT AND BABY CARE",
137498,"BUMBLE BABY WET WIPES HONEYSUCKLE 72PCS   12",0,4,22.99,-4,-91.96,SUPERMARKET,"HOME AND PERSONAL CARE","INFANT AND BABY CARE",
134774,"BASKET 3L 29X20X12CM PP500341",0,1,9.9,-1,-9.9,"HOUSEWARE & KITCHENWARE","STORAGE AND ORGANIZER",BASKET,
134780,"DISH RACK WTRAY 55X41X19CM PP50509",0,5,109,-5,-545,"HOUSEWARE & KITCHENWARE",KITCHENWARE,"DISH RACKS",
134799,"CONTAINER 4200ML 26X35X12CM PP13781",0,2,9.9,-2,-19.8,"HOUSEWARE & KITCHENWARE","STORAGE AND ORGANIZER","STORAGE CONTAINERS",
136056,"JOHNNIE WALKER BLACK ICONS WHISKY 700ML 12",0,7,469.99,-7,-3289.93,SUPERMARKET,"BEVERAGES ALCOHOLIC",WHISKEY,
133972,"BEL ICE ALC. LEMON FLAVOURED DRINK 5.5% 330ML 24",0,24,8.49,-24,-203.76,SUPERMARKET,"BEVERAGES ALCOHOLIC",CIDER,
133981,"BACKPACK PVC 29CM KL11462",0,45,49,-45,-2205,STATIONERY,"SCHOOL AND CHILDREN STATIONERY",BACKPACKS,
133985,"WATER BOTTLE 500ML KL11451",0,11,45,-11,-495,STATIONERY,"SCHOOL AND CHILDREN STATIONERY","SCHOOL WATER BOTTLES",
134089,"SANITA EASY LOCK  STORAGE BAG SMALL 50X20",0,7,21.99,-7,-153.93,SUPERMARKET,"HOME AND PERSONAL CARE",DISPOSABLE,
134090,"SANITA EASY LOCK  STORAGE BAG MEDIUM 50X20",0,7,35.99,-7,-251.93,SUPERMARKET,"HOME AND PERSONAL CARE",DISPOSABLE,
134091,"SANITA EASY LOCK  STORAGE BAG LARGE 20X25",0,19,22.99,-19,-436.81,SUPERMARKET,"HOME AND PERSONAL CARE",DISPOSABLE,
134093,"PRIVATE SUPER  POCKET ECO 18X6",0,7,29.99,-7,-209.93,SUPERMARKET,"HOME AND PERSONAL CARE","FEMININE CARE",
134095,"PRIVATE X-THIN NIGHT ECO 14X9",0,9,23.99,-9,-215.91,SUPERMARKET,"HOME AND PERSONAL CARE","FEMININE CARE",
134144,"MY FIRST 3- LETTER WORDS (3+)",0,19,22.9,-19,-435.1,STATIONERY,"CHILDREN BOOKS AND GEN REF","BOOKS AND LEARNINGS",
135070,"DECAKILA KETTLE 1.7L 2200W PLASTIC KEKT027W",0,5,149,-5,-745,"ELECTRICAL APPLIANCES",KETTLE,"PLASTIC KETTLE",
135096,"SIDE TABLE BLACK MARBLE",0,2,449,-2,-898,FURNITURE,"COFFEE / END / NESTING TABLES","END TABLES",
134246,"LISTERINE MOUTHWASH MILD & MINTY 500ML 6",0,7,76.99,-7,-538.93,SUPERMARKET,"HOME AND PERSONAL CARE","ORAL CARE",
134251,"LISTERINE MOUTHWASH SPEARMINT 500ML 6",0,7,67.99,-7,-475.93,SUPERMARKET,"HOME AND PERSONAL CARE","ORAL CARE",
133381,"PARLE SIMPLY GOOD CRACKER ORIGINAL 44.9G  48",0,48,2.29,-48,-109.92,SUPERMARKET,"FOOD CUPBOARD",BISCUITS,
133382,"PARLE SIMPLY GOOD CRACKER ORIGINAL 24G  72",0,71,1.09,-71,-77.39,SUPERMARKET,"FOOD CUPBOARD",BISCUITS,
133384,"PARLE MALTY BISCUITS 45GG 48",0,13,2.29,-13,-29.77,SUPERMARKET,"FOOD CUPBOARD",BISCUITS,
134321,"PRIVATE MAXI POCKET NIGHT ECO 16 X 6",0,3,30.49,-3,-91.47,SUPERMARKET,"HOME AND PERSONAL CARE","FEMININE CARE",
134325,"FRESHDAYS NORMAL SCENTED 72 X 6",0,4,59.99,-4,-239.96,SUPERMARKET,"HOME AND PERSONAL CARE","FEMININE CARE",
134326,"FRESHDAYS LONG 18 X 12",0,13,20.99,-13,-272.87,SUPERMARKET,"HOME AND PERSONAL CARE","FEMININE CARE",
134328,"FRESHDAYS LONG SCENTED 24 X 12",0,4,34.99,-4,-139.96,SUPERMARKET,"HOME AND PERSONAL CARE","FEMININE CARE",
136951,"DISH RACK 47.5X28X6CM SK-47",0,2,29.9,-2,-59.8,"HOUSEWARE & KITCHENWARE",KITCHENWARE,"DISH RACKS",
136952,"DISH RACK 44.5X30.5X5CM SK-48",0,6,19.9,-6,-119.4,"HOUSEWARE & KITCHENWARE",KITCHENWARE,"DISH RACKS",
134437,"KRACKS CHIPS PAPRIKA 160G  14",0,3,42.99,-3,-128.97,SUPERMARKET,"FOOD CUPBOARD",SNACKS,
135338,"MADAR ANTISEPTIC SOAP 150G 24",0,24,7.99,-24,-191.76,SUPERMARKET,"HOME AND PERSONAL CARE","HEALTH AND WELLNESS",
135341,"MABEL BATHING SOAP STRAWBERRY 150G  18",0,5,6.99,-5,-34.95,SUPERMARKET,"HOME AND PERSONAL CARE","PERSONAL WASH",
135342,"MADAR GLASS CLEANER 750ML 12",0,5,21.99,-5,-109.95,SUPERMARKET,"HOME AND PERSONAL CARE","HOUSEHOLD CLEANERS",
135344,"LIDO MULTIPURPOSE SOAP BIG 220G 36",0,30,7.99,-30,-239.7,SUPERMARKET,"HOME AND PERSONAL CARE","LAUNDRY CARE",
135389,"AKAI MICROWAVE OVEN 20L MW075A-020MS",0,1,999,-1,-999,"ELECTRICAL APPLIANCES",MICROWAVE,"SOLO MICROWAVE",
137007,"PEPSODENT TOOTHPASTE (CAVITY FIGHTER) 110G 72",0,69,12.99,-69,-896.31,SUPERMARKET,"HOME AND PERSONAL CARE","ORAL CARE",
135407,"SALAD BOWL 7  WHITE 7SBGGK LPRO RJK",0,38,19.9,-38,-756.2,"HOUSEWARE & KITCHENWARE",DINNERWARE,BOWLS,
135409,"DINNER PLATE 105 WHITE 105DPGGK RJK",0,36,16.9,-36,-608.4,"HOUSEWARE & KITCHENWARE",DINNERWARE,PLATE,
148915,"SEWING KIT",0,26,16.9,-26,-439.4,"HARDWARE & BUILDING MATERIAL","HARDWARE ITEMS","HOME UTILITY",
149836,"VOLTPLUS EXTENSION SOCKET 3W2M USB VP-EC3W2M1SUC",0,8,169,-8,-1352,"ELECTRICAL APPLIANCES",ELECTRICALS,"EXTENSION CORD",
148003,"OCEAN GAS COOKER 4B 60X60 GRIL BLK MGCO 6640 NMXCZ",0,1,3979,-1,-3979,"GAS COOKER & ACCESSORIES","GAS COOKER","FREE STANDING GAS COOKER",
14805,"DEVA ALOE VERA LIQUID HAND SOAP 350ML 24",0,16,18.99,-16,-303.84,SUPERMARKET,"HOME AND PERSONAL CARE","PERSONAL WASH",
14806,"DEVA OCEAN LIQUID HAND SOAP 350ML 24",0,24,19.49,-24,-467.76,SUPERMARKET,"HOME AND PERSONAL CARE","PERSONAL WASH",
149050,"SANKOFA PLANTAIN CHIP SWEET CHILI  JOLLOF 140G  10",0,2,41.99,-2,-83.98,SUPERMARKET,"FOOD CUPBOARD",SNACKS,
149073,"NIDO ESSENTIA 350G 12",0,13,67.99,-13,-883.87,SUPERMARKET,"FOOD CUPBOARD","MILK AND CREAMERS",
149075,"MINIMIE INSTANT NOODLES SLURRY CHICKEN 70G  40",0,-2,3.59,2,7.18,SUPERMARKET,"FOOD CUPBOARD","NOODLES AND SOUP",
14809,"DEVA COCONUT LIQUID HAND SOAP 350ML 24 10205",0,22,19.49,-22,-428.78,SUPERMARKET,"HOME AND PERSONAL CARE","PERSONAL WASH",
14810,"DEVA TROPICAL LIQUID HAND SOAP 350ML 24 10206",0,26,18.99,-26,-493.74,SUPERMARKET,"HOME AND PERSONAL CARE","PERSONAL WASH",
14812,"DEVA DISWASHING LIQUID LIME 700ML 24 10405",0,22,25.99,-22,-571.78,SUPERMARKET,"HOME AND PERSONAL CARE","HOUSEHOLD CLEANERS",
14818,"DEVA ALL PURPOSE CLEANER LIQUID LAVENDER 1000ML 12",0,16,30.99,-16,-495.84,SUPERMARKET,"HOME AND PERSONAL CARE","HOUSEHOLD CLEANERS",
14819,"DEVA ALL PURPOSE CLEANER LIQUID FLORAL 1L  12",0,5,31.99,-5,-159.95,SUPERMARKET,"HOME AND PERSONAL CARE","HOUSEHOLD CLEANERS",
14820,"DEVA WINDOW CLEANER 500ML 15 10801",0,9,21.99,-9,-197.91,SUPERMARKET,"HOME AND PERSONAL CARE","HOUSEHOLD CLEANERS",
14825,"DEVA SOFTENER SENSITIVE 1L  12",0,2,43.49,-2,-86.98,SUPERMARKET,"HOME AND PERSONAL CARE","LAUNDRY CARE",
14826,"DEVA SOFTENER FLORAL 2L   6",0,2,83.99,-2,-167.98,SUPERMARKET,"HOME AND PERSONAL CARE","LAUNDRY CARE",
14827,"DEVA SOFTENER  LAVENDER 2L  6",0,2,82.99,-2,-165.98,SUPERMARKET,"HOME AND PERSONAL CARE","LAUNDRY CARE",
148278,"BELPAK  PERFUMED T-ROLL (ROSE)",0,6,41.99,-6,-251.94,SUPERMARKET,"HOME AND PERSONAL CARE",DISPOSABLE,
148279,"BELPAK  PERFUMED T-ROLL (LAVENDER)   6",0,6,43.99,-6,-263.94,SUPERMARKET,"HOME AND PERSONAL CARE",DISPOSABLE,
14828,"DEVA SOFTENER  SENSITIVE 2L  6",0,8,82.99,-8,-663.92,SUPERMARKET,"HOME AND PERSONAL CARE","LAUNDRY CARE",
149286,"CERES NECTAR TROP BLAST JUICE  DRINK  1L 12",0,4,34.99,-4,-139.96,SUPERMARKET,BEVERAGES,JUICE,
149288,"CERES NECTAR CARRIB CRUSH JUICE DRINK 1L 12",0,3,34.99,-3,-104.97,SUPERMARKET,BEVERAGES,JUICE,
149290,"CERES NECTAR MULTIFRUT FUS JUICE DRINK 1L 12",0,8,34.99,-8,-279.92,SUPERMARKET,BEVERAGES,JUICE,
148325,"DINNER PLATE COUPE SHAPE 1025 2023C RJK",0,19,14.9,-19,-283.1,"HOUSEWARE & KITCHENWARE",DINNERWARE,PLATE,
148383,"LAUNDRY BASKET WSHELF SET IRON 3TIER F10014 RJK",0,1,469,-1,-469,"HOUSEWARE & KITCHENWARE",LAUNDARY,"LAUNDARY BASKET",
148386,"SHOPPING BASKET IRONWOOD HANDY F10015 RJK",0,4,79,-4,-316,"HOUSEWARE & KITCHENWARE","STORAGE AND ORGANIZER",BASKET,
149364,"MONT NATURAL MINERAL WATER 500ML 15",0,95,1.99,-95,-189.05,SUPERMARKET,BEVERAGES,"MINERAL WATER",
149365,"MONT NATURAL MINERAL WATER 330ML 20",0,318,1.65,-318,-524.7,SUPERMARKET,BEVERAGES,"MINERAL WATER",
147574,"MOMEASY TODDLER TOILET TRAINING SEAT 46807",0,3,99,-3,-297,"TOYS AND ENTERTAINMENT",INFANTS,"BABY GENERAL CARE",
148419,"CUP AND SAUCER WSPOON CERAMIC MR RIGHT YWU HK1176",0,18,32.9,-18,-592.2,"HOUSEWARE & KITCHENWARE",DINNERWARE,"TEA AND COFFEE SETS",
148439,"DESSERT PLATE 8INCHES CERAMIC GGK YWU",0,22,29.9,-22,-657.8,"HOUSEWARE & KITCHENWARE",DINNERWARE,PLATE,
148441,"BOWL 5INCHES CERAMIC GGK YWU",0,21,26.9,-21,-564.9,"HOUSEWARE & KITCHENWARE",DINNERWARE,BOWLS,
148442,"MUG 350ML CERAMIC GGK YWU",0,34,19.9,-34,-676.6,"HOUSEWARE & KITCHENWARE",DINNERWARE,MUGS,
148446,"MUG 350ML CERAMIC DESIGNER YWU",0,18,4.9,-18,-88.2,"HOUSEWARE & KITCHENWARE",DINNERWARE,MUGS,
148448,"MUG 350ML CERAMIC DESIGNER YWU",0,36,12.9,-36,-464.4,"HOUSEWARE & KITCHENWARE",DINNERWARE,MUGS,
149371,"NASCO FRIDGE DD COMBI 106L NASD2-10FL",0,1,2399,-1,-2399,"ELECTRICAL APPLIANCES",REFRIGERATOR,"DD BMF REFRIGERATOR",
147617,"PERK MILK SHORTCAKE 38G 48",0,47,2.39,-47,-112.33,SUPERMARKET,"FOOD CUPBOARD",BISCUITS,
147618,"ROYAL KING CRACKER DELUXE 43G  48",0,21,2.99,-21,-62.79,SUPERMARKET,"FOOD CUPBOARD",BISCUITS,
147619,"KING CRACKER DELUXE 21G 72",0,80,1.19,-80,-95.2,SUPERMARKET,"FOOD CUPBOARD",BISCUITS,
149441,"LAV TUMBLER 3PCS SET LVGAI369A",0,12,39.9,-12,-478.8,"HOUSEWARE & KITCHENWARE",GLASSWARE,"GLASS / TUMBLER /WINE / CHAMPAGNE",
149447,"LAV STEMWARE 3PCS SET LVELL563A",0,1,59,-1,-59,"HOUSEWARE & KITCHENWARE",GLASSWARE,"GLASS / TUMBLER /WINE / CHAMPAGNE",
149449,"LAV TUMBLER SET OF 3PCS LV-LAL376A",0,1,39.9,-1,-39.9,"HOUSEWARE & KITCHENWARE",GLASSWARE,"GLASS / TUMBLER /WINE / CHAMPAGNE",
149451,"LAV TUMBLER 3PCS SET LVVLR354A",0,9,39.9,-9,-359.1,"HOUSEWARE & KITCHENWARE",GLASSWARE,"GLASS / TUMBLER /WINE / CHAMPAGNE",
149453,"LAV TUMBLER 3PCS SET LVVLR374A",0,6,39.9,-6,-239.4,"HOUSEWARE & KITCHENWARE",GLASSWARE,"GLASS / TUMBLER /WINE / CHAMPAGNE",
147687,"ENERGIZER BATTERY MAX AABP8",0,5,115,-5,-575,"ELECTRICAL APPLIANCES",BATTERIES,BATTERY,
148518,"ARTIFICIAL FLOWER 65CM 363/147-1/0667/0661",0,15,15.9,-15,-238.5,"HOME DECOR & TEXTILES","HOME DECOR",DECORATIVE,
148543,"PERLA MINERAL WATER 330ML 24",0,121,1.29,-121,-156.09,SUPERMARKET,BEVERAGES,"MINERAL WATER",
148545,"PERLA MINERAL WATER 500ML 15",0,60,1.59,-60,-95.4,SUPERMARKET,BEVERAGES,"MINERAL WATER",
148547,"PERLA MINERAL WATER 750ML 16",0,48,1.79,-48,-85.92,SUPERMARKET,BEVERAGES,"MINERAL WATER",
148548,"PERLA MINERAL WATER 1.5L  6",0,2,4.59,-2,-9.18,SUPERMARKET,BEVERAGES,"MINERAL WATER",
149454,"LAV TUMBLER 3PCS SET LVGAI365A",0,9,34.9,-9,-314.1,"HOUSEWARE & KITCHENWARE",GLASSWARE,"GLASS / TUMBLER /WINE / CHAMPAGNE",
149456,"LAV TUMBLER SET OF 3PCS LV-VLR374AX",0,12,49.9,-12,-598.8,"HOUSEWARE & KITCHENWARE",GLASSWARE,"GLASS / TUMBLER /WINE / CHAMPAGNE",
149457,"LAV TUMBLER 3PCS SET LVTOK350A",0,3,29.9,-3,-89.7,"HOUSEWARE & KITCHENWARE",GLASSWARE,"GLASS / TUMBLER /WINE / CHAMPAGNE",
149500,"CAN OPENER SOFTGRIP SSTEEL BLACK BRKG001 YWU",0,5,59,-5,-295,"HOUSEWARE & KITCHENWARE","CUTLERY ITEMS",OPENERS,
148623,"HOOKS 5UNITS OVER THE DOOR SSTEEL YWU",0,13,26.9,-13,-349.7,"HOUSEWARE & KITCHENWARE",LAUNDARY,HOOKS,
148626,"HOOKS 4UNITS OVER THE DOOR SSTEEL YWU",0,9,24.9,-9,-224.1,"HOUSEWARE & KITCHENWARE",LAUNDARY,HOOKS,
149620,"DISH RACK XY-A1503-1",0,1,199,-1,-199,"HOUSEWARE & KITCHENWARE",KITCHENWARE,"DISH RACKS",
149625,"WALL CLOCK 38X38X4.4CM ZX-9467",0,6,129,-6,-774,"HOME DECOR & TEXTILES","HOME DECOR","WallANDTable Decor",
149626,"WALL CLOCK 23X23X4CM ZX-9465",0,6,59,-6,-354,"HOME DECOR & TEXTILES","HOME DECOR","WallANDTable Decor",
148791,"CAKE TOPPER HAPPY BIRTHDAY MIX COLOR",0,44,6.9,-44,-303.6,"TOYS AND ENTERTAINMENT","PARTY SUPPLIES","CELEBRATION DECOR AND ACCESSORIES",
148802,"WASHING MACHINE RACK SAILBOAT METAL YWU",0,2,189,-2,-378,"HOUSEWARE & KITCHENWARE",BATHROOM,"BATHROOM SHELF RACKS HOLDERS",
148827,"LUNCH SET 2PCS PLASTIC KIDS BTS YWU",0,2,59,-2,-118,"HOUSEWARE & KITCHENWARE","STORAGE AND ORGANIZER","LUNCH BOXES TIFFINS AND FOOD FLASK",
149717,"CERAMIC MUG WGOLD RIM 12OZ GGK BC12 LPRO RJK",0,44,9.9,-44,-435.6,"HOUSEWARE & KITCHENWARE",DINNERWARE,MUGS,
149720,"GRATER BLACK ILC ICC777KA0001 RJK",0,13,19.9,-13,-258.7,"HOUSEWARE & KITCHENWARE","KNIFE AND CHOPPING BOARD",GRATER,
149726,"SKIMMER BLACK ILC ICC777KA0128 RJK",0,3,24.9,-3,-74.7,"HOUSEWARE & KITCHENWARE","KITCHEN TOOLS AND CULTARY","COOKING TOOL LADLES AND SERVERS",
149746,"SCISSORS ALL PURPOSE AMB301KA0017 RJK",0,22,22.9,-22,-503.8,"HOUSEWARE & KITCHENWARE","KNIFE AND CHOPPING BOARD",SCISSORS,
149763,"BAKING LADDLE SOUP SILICONE ILB BD600KA0408 RK",0,2,29.9,-2,-59.8,"HOUSEWARE & KITCHENWARE","KITCHEN TOOLS AND CULTARY","COOKING TOOL LADLES AND SERVERS",
149765,"BAKING SPATULA SILICONE ILB BD600KA0420 RJK",0,2,24.9,-2,-49.8,"HOUSEWARE & KITCHENWARE","KITCHEN TOOLS AND CULTARY",SPATULA,
149767,"BAKING SPOON SPATULA SILICONE ILB BD600KA0422 RK",0,6,24.9,-6,-149.4,"HOUSEWARE & KITCHENWARE","KITCHEN TOOLS AND CULTARY",SPATULA,
149768,"BAKING SPOON SILICONE ILB BD600KA0423 RJK",0,8,29.9,-8,-239.2,"HOUSEWARE & KITCHENWARE","KITCHEN TOOLS AND CULTARY",SPATULA,
145376,"FUNNEL SILICONE COLLAPSIBLE 04GD205",0,3,2.9,-3,-8.7,"HOUSEWARE & KITCHENWARE","KITCHEN TOOLS AND CULTARY","STRAINER AND FILTERS",
145413,"TABLE CLOTH CLIPS 4PCS SET SS 0003-4",0,9,2.9,-9,-26.1,"HOUSEWARE & KITCHENWARE",KITCHENWARE,"KITCHEN ACCESSORIES",
14712,"EASY MOUZOO MANGO  TETRAPACK JUICE 1L 12",0,7,23.99,-7,-167.93,SUPERMARKET,BEVERAGES,JUICE,
14713,"EASY MOUZOO GUAVA TETRAPACK JUICE 1L 12",0,11,23.99,-11,-263.89,SUPERMARKET,BEVERAGES,JUICE,
147134,"PLATINUM SUNFLOWER OIL 850ML X 12",0,30,34.99,-30,-1049.7,SUPERMARKET,"FOOD CUPBOARD","EDIBLE OILS AND GHEE",
147136,"OBA SUNFLOWER OIL 850ML X 12",0,1,39.99,-1,-39.99,SUPERMARKET,"FOOD CUPBOARD","EDIBLE OILS AND GHEE",
147137,"PLATINUM SUNFLOWER OIL 3L X 6",0,9,139.99,-9,-1259.91,SUPERMARKET,"FOOD CUPBOARD","EDIBLE OILS AND GHEE",
14714,"EASY MOUZOO APPLE  TETRAPACK JUICE 1L 12",0,12,23.99,-12,-287.88,SUPERMARKET,BEVERAGES,JUICE,
14716,"EASY MOUZOO PINEAPPLE TETRAPACK JUICE 1L 12",0,7,23.99,-7,-167.93,SUPERMARKET,BEVERAGES,JUICE,
14719,"EASY MOUZOO MANGO JUICE GLASS BOTTLE 1L 6",0,6,32.99,-6,-197.94,SUPERMARKET,BEVERAGES,JUICE,
14720,"EASY MOUZOO GUAVA JUICE  GLASS BOTTLE  1L   6",0,7,32.99,-7,-230.93,SUPERMARKET,BEVERAGES,JUICE,
14721,"EASY MOUZOO COCKTAIL JUICE GLASS BOTTLE  1L  6",0,4,32.99,-4,-131.96,SUPERMARKET,BEVERAGES,JUICE,
14722,"EASY MOUZOO MANGO JUICE GLASS BOTTLE 250ML 24",0,33,10.99,-33,-362.67,SUPERMARKET,BEVERAGES,JUICE,
14723,"EASY MOUZOO GUAVA JUICE GLASS BOTTLE 250ML  24",0,10,10.99,-10,-109.9,SUPERMARKET,BEVERAGES,JUICE,
145696,"BIN WFLAT LID MATT FINISH RND 30L PEDAL AAA30 RK",0,2,359,-2,-718,"HOUSEWARE & KITCHENWARE","HOME HYGIENE",DUSTBINS,
14724,"EASY MOUZOO COCKTAIL JUICE GLASS BOTTLE 250ML 24",0,28,10.99,-28,-307.72,SUPERMARKET,BEVERAGES,JUICE,
145773,"DUSTBIN PEDAL W/BUCKET 17L PLASTIC M-825",0,1,159,-1,-159,"HOUSEWARE & KITCHENWARE","HOME HYGIENE",DUSTBINS,
145808,"BELPAK ECO T-ROLL 10 ROLLS     6",0,4,33.49,-4,-133.96,SUPERMARKET,"HOME AND PERSONAL CARE",DISPOSABLE,
145810,"BELPAK COMFORT T- ROLL 10 ROLLS     6",0,3,38.99,-3,-116.97,SUPERMARKET,"HOME AND PERSONAL CARE",DISPOSABLE,
145811,"BELPAK MEGA KITCHEN TOWEL    6",0,4,41.99,-4,-167.96,SUPERMARKET,"HOME AND PERSONAL CARE",DISPOSABLE,
145814,"BELPAK POCKET TISSUE (10 PCS)     30",0,10,12.49,-10,-124.9,SUPERMARKET,"HOME AND PERSONAL CARE",DISPOSABLE,
145816,"BELPAK ECO GREEN NAPKIN   15",0,17,5.99,-17,-101.83,SUPERMARKET,"HOME AND PERSONAL CARE",DISPOSABLE,
147406,"MCBERRY ALPHA 3 + 3 CRACKER 24G  72",0,66,1.29,-66,-85.14,SUPERMARKET,"FOOD CUPBOARD",BISCUITS,
14282,"CAMEL STANDARD LIQUID 125ML 48",0,24,16.99,-24,-407.76,SUPERMARKET,"HOME AND PERSONAL CARE","HEALTH AND WELLNESS",
145875,"SIDE PLATE EMBOSSED CERAMIC ESPSP01 RJK",0,21,9.9,-21,-207.9,"HOUSEWARE & KITCHENWARE",DINNERWARE,PLATE,
146119,"WATER BOTTLE 720ML PLASTIC SPORTS STAMINA161513001",0,3,29.9,-3,-89.7,"HOUSEWARE & KITCHENWARE","FLASK AND BOTTLES",BOTTLE,
146176,"TRAY ICE CUBE COMBINE COLOUR 161019-560",0,3,16.9,-3,-50.7,"HOUSEWARE & KITCHENWARE","STORAGE AND ORGANIZER","ICE TRAYS",
144404,"SAUCEPAN W/LID DEEP KADAI H.A 14 S/L 3MM 10088",0,1,49.9,-1,-49.9,"HOUSEWARE & KITCHENWARE",COOKWARE,WOKS,
143032,"AKAI INSECT KILLER 2X20W IK005A-2X20W",0,8,599,-8,-4792,"ELECTRICAL APPLIANCES",ELECTRICALS,"ELE ACCESSORIES",
144771,"BRUSH DUST CLEAN SOFT FRESH CARPET P8322",0,8,9.9,-8,-79.2,"HOUSEWARE & KITCHENWARE","HOME HYGIENE","BROOM BRUSHES DUSTPANS",
14480,"INDOMIE NOODLES SUPER PACK CHICKEN 120G 44",0,38,7.49,-38,-284.62,SUPERMARKET,"FOOD CUPBOARD","NOODLES AND SOUP",
144851,"CONTAINER CROMA BIG W LID P  8459",0,1,9.9,-1,-9.9,"HOUSEWARE & KITCHENWARE","STORAGE AND ORGANIZER","STORAGE CONTAINERS",
143194,"BOWL SOUP W/SPOON+FORK LEEZA 600ML MB-1",0,8,19.9,-8,-159.2,"HOUSEWARE & KITCHENWARE",DINNERWARE,BOWLS,
143232,"POUCH SEALER CLIP LEEZA 18PCS SET 3.5  FB-1",0,35,2.9,-35,-101.5,"HOUSEWARE & KITCHENWARE",KITCHENWARE,"KITCHEN ACCESSORIES",
144983,"MUG EMBOSSED AVIOS 1213OZ EMBC1213 RJK",0,119,4.9,-119,-583.1,"HOUSEWARE & KITCHENWARE",DINNERWARE,MUGS,
14503,"FLORA WRAPPED TROLL 2PLY 1 X 10 X 7",0,6,40.99,-6,-245.94,SUPERMARKET,"HOME AND PERSONAL CARE",DISPOSABLE,
14504,"TENDO / TANGO WRAPPED T/ROLL 1 X 10 X 7",0,-2,34.99,2,69.98,SUPERMARKET,"HOME AND PERSONAL CARE",FRESHENERS,
14654,"SABA DETERGENT POWDER 400 G   12",0,33,14.49,-33,-478.17,SUPERMARKET,"HOME AND PERSONAL CARE","LAUNDRY CARE",
14505,"MARINA LUNCH NAPKIN 100X15",0,16,7.59,-16,-121.44,SUPERMARKET,"HOME AND PERSONAL CARE",DISPOSABLE,
14506,"PAPYRUS NAPKIN 100X15",0,4,6.79,-4,-27.16,SUPERMARKET,"HOME AND PERSONAL CARE",DISPOSABLE,
145159,"SINK STATION PICNIC 3854",0,3,9.9,-3,-29.7,"HOUSEWARE & KITCHENWARE",KITCHENWARE,"KITCHEN ACCESSORIES",
14655,"SABA DETERGENT POWDER 800G 10",0,25,27.99,-25,-699.75,SUPERMARKET,"HOME AND PERSONAL CARE","LAUNDRY CARE",
145170,"SINK ORGANIZER STATION PICNIC 3859",0,2,9.9,-2,-19.8,"HOUSEWARE & KITCHENWARE","STORAGE AND ORGANIZER","RACK SHELF DRAWERS ORGANIZERS",
145179,"SINK DRAINER ADJUSTABLE EXTENDABLE PICNIC 3146",0,3,9.9,-3,-29.7,"HOUSEWARE & KITCHENWARE",KITCHENWARE,"KITCHEN ACCESSORIES",
146722,"AKAI BLENDER W/MILL 1.5L 400W BD038A-1031",0,5,449,-5,-2245,"ELECTRICAL APPLIANCES","FOOD PROCESSOR/BLENDER",BLENDERS,
145256,"PEELER PLASTIC S.S BLADE 0050-820",0,1,2.9,-1,-2.9,"HOUSEWARE & KITCHENWARE","KNIFE AND CHOPPING BOARD","VEG AND FRUIT PEELERS",
156224,"CASTILLO DE LANDA ROSE SWEET WINE 11%VOL 750ML 12",0,9,79.99,-9,-719.91,SUPERMARKET,"BEVERAGES ALCOHOLIC",WINES,
157218,"KONKORD IODIZED SALT 300G 12",0,9,5.99,-9,-53.91,SUPERMARKET,"FOOD CUPBOARD","SALT  SUGAR AND JAGGERY",
156226,"CASTILLO DE LANDA SWEET RED WINE 11% VOL 750ML 12",0,5,79.99,-5,-399.95,SUPERMARKET,"BEVERAGES ALCOHOLIC",WINES,
156275,"MOLINERA  SUGARFREE APPLE JUICE 1L  12",0,9,31.49,-9,-283.41,SUPERMARKET,BEVERAGES,JUICE,
156276,"MOLINERA  SUGARFREE MANGO JUICE 1L  12",0,5,31.49,-5,-157.45,SUPERMARKET,BEVERAGES,JUICE,
156277,"MOLINERA SUGARFREE MULTIFRUIT JUICE 1L  12",0,6,29.99,-6,-179.94,SUPERMARKET,BEVERAGES,JUICE,
156279,"MOLINERA SUGARFREE PINEAPPLE JUICE 1L  12",0,3,29.99,-3,-89.97,SUPERMARKET,BEVERAGES,JUICE,
156280,"MOLINERA SUGARFREE REDGRAPE JUICE 1L 12",0,25,33.49,-25,-837.25,SUPERMARKET,BEVERAGES,JUICE,
156289,"ASEDA BROWN RICE 5KG  5",0,3,229.99,-3,-689.97,SUPERMARKET,"FOOD CUPBOARD","RAW RICE",
156290,"ASEDA LOCAL WHITE RICE 2KG 10",0,7,65.99,-7,-461.93,SUPERMARKET,"FOOD CUPBOARD","RAW RICE",
156291,"ASEDA LOCAL WHITE RICE 5KG 5",0,7,139.99,-7,-979.93,SUPERMARKET,"FOOD CUPBOARD","RAW RICE",
156293,"ASEDA POP CORN KERNEL 500G  12",0,9,21.99,-9,-197.91,SUPERMARKET,"FOOD CUPBOARD",SNACKS,
155864,"SOAP DISPENSER GLASS C-00519",0,7,26.9,-7,-188.3,"HOUSEWARE & KITCHENWARE",BATHROOM,"SOAP DISH CASE DISPENSERS",
157462,"CROWNSTAR COOKWARE 6PC SET MC2228 RK",0,2,349,-2,-698,"HOUSEWARE & KITCHENWARE",COOKWARE,"COOKWARE SET",
157464,"CROWNSTAR COOKWARE 10P SET WLID MC2234 RK",0,2,649,-2,-1298,"HOUSEWARE & KITCHENWARE",COOKWARE,"COOKWARE SET",
154771,"ASEDA BROWN RICE 2KG 10",0,1,92.99,-1,-92.99,SUPERMARKET,"FOOD CUPBOARD","RAW RICE",
155983,"PEPSODENT KIDS T/PASTE ORANGE 45GMS 120",0,54,9.99,-54,-539.46,SUPERMARKET,"HOME AND PERSONAL CARE","ORAL CARE",
156578,"ARTIFICIAL FLOWER",0,2,69,-2,-138,"HOME DECOR & TEXTILES","HOME DECOR",DECORATIVE,
156579,"ARTIFICIAL FLOWER",0,3,79,-3,-237,"HOME DECOR & TEXTILES","HOME DECOR",DECORATIVE,
156042,"COOKWARE SET 5PCS PALU BLACK CHN B472S544",0,1,899,-1,-899,"HOUSEWARE & KITCHENWARE",COOKWARE,"COOKWARE SET",
156619,"ARTIFICIAL FLOWER 6 COLOUR MIX",0,12,89,-12,-1068,"HOME DECOR & TEXTILES",DECORATIVE,"Artificial FlowersANDPlants",
154895,"WATER BOTTLE 1000ML PLASTIC AQUA SPARKLE",0,26,19.9,-26,-517.4,"HOUSEWARE & KITCHENWARE","FLASK AND BOTTLES",BOTTLE,
154896,"FRIDGE BOTTLE 1000ML PLASTIC FLORENCE",0,18,24.9,-18,-448.2,"HOUSEWARE & KITCHENWARE","FLASK AND BOTTLES",BOTTLE,
154897,"WATER BOTTLE 1000ML PLASTIC CHECKERS",0,13,22.9,-13,-297.7,"HOUSEWARE & KITCHENWARE","FLASK AND BOTTLES",BOTTLE,
154900,"WATER BOTTLE 600ML PLASTIC INSULATED PURO ICETRON",0,3,24.9,-3,-74.7,"HOUSEWARE & KITCHENWARE","FLASK AND BOTTLES",BOTTLE,
154901,"WATER BOTTLE 900ML PLASTIC INSULATED PURO ICETRON",0,4,29.9,-4,-119.6,"HOUSEWARE & KITCHENWARE","FLASK AND BOTTLES",BOTTLE,
156697,"WHISK SSTEEL YWU",0,21,22.9,-21,-480.9,"HOUSEWARE & KITCHENWARE","KITCHEN TOOLS AND CULTARY","WHISKER BEATER AND MIXERS",
156703,"LADLE SLOTTED SSTEEL YWU",0,1,29.9,-1,-29.9,"HOUSEWARE & KITCHENWARE","KITCHEN TOOLS AND CULTARY","COOKING TOOL LADLES AND SERVERS",
156705,"LALDE SOUP SSTEEL YWU",0,6,29.9,-6,-179.4,"HOUSEWARE & KITCHENWARE","KITCHEN TOOLS AND CULTARY","COOKING TOOL LADLES AND SERVERS",
156706,"LADLE SPOON SSTEEL YWU",0,6,29.9,-6,-179.4,"HOUSEWARE & KITCHENWARE","CUTLERY ITEMS","SPOONS FORKS KNIFE AND CUTLERY SET",
156711,"TRIVET 20CM IRON YWU",0,11,12.9,-11,-141.9,"HOUSEWARE & KITCHENWARE",KITCHENWARE,"KITCHEN ACCESSORIES",
156719,"WATER BOTTLE 1000ML PLASTIC SPORTS YWU",0,2,69,-2,-138,"HOUSEWARE & KITCHENWARE","FLASK AND BOTTLES",BOTTLE,
156723,"WATER BOTTLE 800ML PLASTIC SPORTS YWU",0,4,59,-4,-236,"HOUSEWARE & KITCHENWARE","FLASK AND BOTTLES",BOTTLE,
156746,"WHISK SSTEEL YWU",0,1,16.9,-1,-16.9,"HOUSEWARE & KITCHENWARE","KITCHEN TOOLS AND CULTARY","WHISKER BEATER AND MIXERS",
155145,"FLORA JOY UNWRAPPED  TOILET ROLL VIRGIN (10X7)  7",0,6,37.99,-6,-227.94,SUPERMARKET,"HOME AND PERSONAL CARE",DISPOSABLE,
157091,"AKAI HOME THEATRE SYSTEM 2.1CH HT026A-646",0,1,1699,-1,-1699,"ELECTRONICS & TELECOM",AUDIO,"HOME THEATRE",
155545,"HOOK DAISY 3 X SET OF 2 PLASTIC BG-258",0,26,9.9,-26,-257.4,"HOUSEWARE & KITCHENWARE",LAUNDARY,HOOKS,
155622,"DINNER PLATE MELAMINE 10 INCHES FEILU 6710",0,26,12.9,-26,-335.4,"HOUSEWARE & KITCHENWARE","MELAMINE WARE","MEL PLATE",
157177,"TOILET BRUSH WHOLDER ROUND PLASTIC YWU",0,3,16.9,-3,-50.7,"HOUSEWARE & KITCHENWARE","HOME HYGIENE","TOILET BRUSHES",
154563,"VOLTPLUS AVS FRIDGE GUARD 13A VPFG13A-2125",0,20,149,-20,-2980,"ELECTRICAL APPLIANCES",ELECTRICALS,AVR/AVS,
153268,"LAV STEMWARE 3PCS SET LV-MIS552A",0,5,59,-5,-295,"HOUSEWARE & KITCHENWARE",GLASSWARE,"GLASS / TUMBLER /WINE / CHAMPAGNE",
153296,"PHILIPS BLENDER W/MILL 2L 550W HR2141/90",0,3,879,-3,-2637,"ELECTRICAL APPLIANCES","FOOD PROCESSOR/BLENDER",BLENDERS,
150777,"SPRITE ZERO PET 1L 4",0,21,15.99,-21,-335.79,SUPERMARKET,BEVERAGES,DRINKS,
152187,"TCL WASHING MACHINE FL 8KG P608FL",0,1,7189,-1,-7189,"ELECTRICAL APPLIANCES","WASHING MACHINE","FRONT LOAD WM",
151029,"BIGOO COLA DRINK 350ML 20",0,39,2.99,-39,-116.61,SUPERMARKET,BEVERAGES,DRINKS,
151030,"BIGOO ORANGE DRINK 350ML 20",0,20,2.99,-20,-59.8,SUPERMARKET,BEVERAGES,DRINKS,
151036,"BIGOO APPLE DRINK 350ML 20",0,21,3.09,-21,-64.89,SUPERMARKET,BEVERAGES,DRINKS,
151037,"BIGOO LEMON LIME DRINK 350ML 20",0,30,2.99,-30,-89.7,SUPERMARKET,BEVERAGES,DRINKS,
151038,"BIGOO GRAPES DRINK 350ML 20",0,47,2.99,-47,-140.53,SUPERMARKET,BEVERAGES,DRINKS,
151039,"BIGOO COCKTAIL DRINK 350ML 20",0,42,2.99,-42,-125.58,SUPERMARKET,BEVERAGES,DRINKS,
151040,"BIGOO COCONUT DRINK 350ML 20",0,26,2.99,-26,-77.74,SUPERMARKET,BEVERAGES,DRINKS,
152252,"H&H RICH TEA SANDWICH VANILA CREAMS 32G  72",0,3,1.39,-3,-4.17,SUPERMARKET,"FOOD CUPBOARD",BISCUITS,
152259,"MCBERRY LOVAN VANILLA CAKE 22G  72",0,70,1.29,-70,-90.3,SUPERMARKET,"FOOD CUPBOARD",CONFECTIONERY,
152261,"MCBERRY PURE DELIGHT BITE MILK CREAM WAFER 13G 72",0,71,1.29,-71,-91.59,SUPERMARKET,"FOOD CUPBOARD",BISCUITS,
151142,"LIGHT 240 50M 10PCS MULTI COLOUR",0,1,189,-1,-189,"HOME DECOR & TEXTILES","XMAS SEASONAL","xmas season",
152269,"PERK CHOCO SHORTCAKE 38G 48",0,48,2.39,-48,-114.72,SUPERMARKET,"FOOD CUPBOARD",BISCUITS,
152273,"NUTRISNAX MORNING BREAK  CEREAL & OATS 24G  72",0,72,1.19,-72,-85.68,SUPERMARKET,"FOOD CUPBOARD",BISCUITS,
151350,"CLOCK FOOTBALL BASKETBALL",0,6,49.9,-6,-299.4,"HOME DECOR & TEXTILES","HOME DECOR","WallANDTable Decor",
152682,"DINING SET 1+6 BLACK AVATAR DTGJ-C170/DCGJ-A197",0,1,2490,-1,-2490,FURNITURE,"DINING SETS","6 SEATER SET",
150314,"CURTAIN W/8 GROMENTS BURGUNDY 54X90"" BP033",0,4,159,-4,-636,"HOME DECOR & TEXTILES",CURTAINS,"GROMMET CURTAINS",
150381,"AKAI CHEST FREEZER SD 200L CF039AC-200",0,1,3299,-1,-3299,"ELECTRICAL APPLIANCES",FREEZER,"SINGLE DOOR FREEZER",
153419,"VACUUM FLASK MIRACLE MASTERCHEF MC-F3217",0,1,119,-1,-119,"HOUSEWARE & KITCHENWARE","FLASK AND BOTTLES",FLASK,
153442,"BELPAK PERFUMED  T-ROLL (LEMON) 10 ROLLS     6",0,9,43.99,-9,-395.91,SUPERMARKET,"HOME AND PERSONAL CARE",DISPOSABLE,
153491,"BEL ALKAPLUS MELCOM MINERAL WATER 500ML 15",0,60,2.29,-60,-137.4,SUPERMARKET,BEVERAGES,"MINERAL WATER",
150394,"AKAI FRIDGE SD 89L SILVER RF125AC-89L",0,1,1899,-1,-1899,"ELECTRICAL APPLIANCES",REFRIGERATOR,"SD REFRIGERATOR",
152998,"AKAI SANDWICH MAKER 4SLICE 1500W SM021A-8002",0,1,449,-1,-449,"ELECTRICAL APPLIANCES","SANDWICH MAKER","4 SLICE SANDWICH MAKER",
153001,"AKAI SANDWICH MAKER 2SLICE 750W SM020A-8021",0,1,309,-1,-309,"ELECTRICAL APPLIANCES","SANDWICH MAKER","2 SLICE SANDWICH MAKER",
153019,"FLAMINGO SOFT NAPKIN  15",0,8,7.99,-8,-63.92,SUPERMARKET,"HOME AND PERSONAL CARE",DISPOSABLE,
153045,"ENERGIZER BATTERY MAX AAABP8",0,10,115,-10,-1150,"ELECTRICAL APPLIANCES",BATTERIES,BATTERY,
153593,"AKAI LED TV 55"" SAT SMART UHD WEBOS LT-5506T2S2SMT",0,1,6579,-1,-6579,"ELECTRONICS & TELECOM","LED TV","SMART TV",
150454,"CURTAIN W/8 GROMENT BEIGE 54X90"" BLK12",0,5,109,-5,-545,"HOME DECOR & TEXTILES",CURTAINS,"GROMMET CURTAINS",
150544,"KANGARO PAPER PUNCH MOD-10PP",0,18,21.9,-18,-394.2,STATIONERY,"OFFICE STATIONERY","OFFICE BASIC AND STATIONERY",
153196,"SERVING BOWL MELAMINE 8 INCHES FEILU 143116",0,6,26.9,-6,-161.4,"HOUSEWARE & KITCHENWARE","MELAMINE WARE","MEL BOWL/BOWL+COVER",
153207,"SERVING BOWL MELAMINE 10 INCHES FEILU 5010",0,15,22.9,-15,-343.5,"HOUSEWARE & KITCHENWARE","MELAMINE WARE","MEL BOWL/BOWL+COVER",
15322,"NUTRIBOM INFANT CEREAL PAPER BOX MAIZE 300G 16",0,12,27.99,-12,-335.88,SUPERMARKET,"FOOD CUPBOARD","BABY FOOD",
150592,"LINC PENTONIC BALL PEN BLUE 50 PCS DISPENSER 0.7MM",0,-8,3.9,8,31.2,STATIONERY,"GENERAL STATIONERY","   WRITING SUPPLIES",
150593,"LINC PENTONIC BALL PEN AST 50 PC IN DISPENSR 0.7MM",0,85,3.9,-85,-331.5,STATIONERY,"GENERAL STATIONERY","   WRITING SUPPLIES",
150598,"LINC PENTONIC MULTIPURPOSE GUMSTICK 12PC DISPENSER",0,1,7.9,-1,-7.9,STATIONERY,"GENERAL STATIONERY","   WRITING SUPPLIES",
150603,"KISS PANACHE RASPERRY CITRUS 0.5% BEER 330ML 24",0,17,11.59,-17,-197.03,SUPERMARKET,"BEVERAGES ALCOHOLIC","CAN BEER",
15210,"MEANNAN MIXED SPICES 80G 24",0,25,21.99,-25,-549.75,SUPERMARKET,"FOOD CUPBOARD","SPICES AND HERBS",
15324,"NUTRIBOM INFANT CEREAL PAPER BOX RICE 300G  16",0,5,27.99,-5,-139.95,SUPERMARKET,"FOOD CUPBOARD","BABY FOOD",
150650,"FROSTY BITE FANTASY SALTED CARAMEL 90G",0,103,19.49,-103,-2007.47,SUPERMARKET,"FROZEN FOOD",ICE-CREAM,
150651,"FROSTY BITE FANTASY CHOCOLATE 70G",0,89,8.99,-89,-800.11,SUPERMARKET,"FROZEN FOOD",ICE-CREAM,
150687,"AKAI STANDING FAN 18"" EF112A-1808S",0,1,649,-1,-649,"ELECTRICAL APPLIANCES",FAN,"STANDING FAN",
150688,"AKAI STANDING FAN 18"" W/REMOTE EF111A-1803S",0,1,749,-1,-749,"ELECTRICAL APPLIANCES",FAN,"STANDING FAN",
15211,"MILO SOFT PACK 400G 12",0,16,49.99,-16,-799.84,SUPERMARKET,BEVERAGES,"COCOA POWDER",
153256,"LAV STEMWARE 3PC LV-EMP541A",0,7,59,-7,-413,"HOUSEWARE & KITCHENWARE",GLASSWARE,"GLASS / TUMBLER /WINE / CHAMPAGNE",
153259,"LAV TUMBLER 6PC LV-LBR308F",0,1,9.9,-1,-9.9,"HOUSEWARE & KITCHENWARE",GLASSWARE,"GLASS / TUMBLER /WINE / CHAMPAGNE",
153260,"LAV TUMBLER 6PC LV-DIA15F",0,6,69,-6,-414,"HOUSEWARE & KITCHENWARE",GLASSWARE,"GLASS / TUMBLER /WINE / CHAMPAGNE",
153261,"LAV TUMBLER 6PCS LV-ARA209F",0,2,9.9,-2,-19.8,"HOUSEWARE & KITCHENWARE",GLASSWARE,"GLASS / TUMBLER /WINE / CHAMPAGNE",
153263,"LAV STEMWARE 3PCS SET LVELL583A",0,4,49.9,-4,-199.6,"HOUSEWARE & KITCHENWARE",GLASSWARE,"GLASS / TUMBLER /WINE / CHAMPAGNE",
153266,"LAV STEMWARE 3PCS LV-EMP568A",0,4,59,-4,-236,"HOUSEWARE & KITCHENWARE",GLASSWARE,"GLASS / TUMBLER /WINE / CHAMPAGNE",
164672,"DINNER SET 12PCS SET CERAMIC ET-0220-1",0,3,99,-3,-297,"HOUSEWARE & KITCHENWARE",DINNERWARE,DINNER-SETS,
164673,"DINNER SET 18PCS SET CERAMIC ET-0220-2",0,2,99,-2,-198,"HOUSEWARE & KITCHENWARE",DINNERWARE,DINNER-SETS,
162672,"SERVING BOWL MELAMINE 10 INCHES FEILU 787106",0,1,16.9,-1,-16.9,"HOUSEWARE & KITCHENWARE","MELAMINE WARE","MEL BOWL/BOWL+COVER",
162676,"SERVING BOWL MELAMINE 9 INCHES FEILU 34309",0,10,14.9,-10,-149,"HOUSEWARE & KITCHENWARE","MELAMINE WARE","MEL BOWL/BOWL+COVER",
162702,"DINNER PLATE MELAMINE 14 INCHES FEILU 22514",0,3,9.9,-3,-29.7,"HOUSEWARE & KITCHENWARE","MELAMINE WARE","MEL PLATE",
162705,"DINNER PLATE MELAMINE 10 INCHES FEILU 226102",0,117,9.9,-117,-1158.3,"HOUSEWARE & KITCHENWARE","MELAMINE WARE","MEL PLATE",
162721,"FUFU BOWL 8INCHES CERAMIC  EMBOSSED B60012-8",0,29,18.9,-29,-548.1,"HOUSEWARE & KITCHENWARE",DINNERWARE,BOWLS,
163636,"KISS RED GRAPE SPARKLING DRINK 750ML  6",0,3,42.99,-3,-128.97,SUPERMARKET,"BEVERAGES ALCOHOLIC",WINES,
163637,"KISS WHITE GRAPE SPARKLING DRINK 750ML 6",0,8,42.99,-8,-343.92,SUPERMARKET,"BEVERAGES ALCOHOLIC",WINES,
163638,"KISS APPLE SPARKLING DRINK 750ML  6",0,6,42.99,-6,-257.94,SUPERMARKET,"BEVERAGES ALCOHOLIC",WINES,
163641,"KISS BLUE SPARKLING DRINK 750ML  6",0,5,42.99,-5,-214.95,SUPERMARKET,"BEVERAGES ALCOHOLIC",WINES,
164806,"WATER BOTTLE 1500ML PLASTIC HW2372",0,7,39.9,-7,-279.3,"HOUSEWARE & KITCHENWARE","FLASK AND BOTTLES",BOTTLE,
164847,"COOKWARE 5PCS SET DSP",0,2,999,-2,-1998,"HOUSEWARE & KITCHENWARE",COOKWARE,"COOKWARE SET",
162807,"NASCO LED TV 32"" SAT NAS-J32FBFL/B32FBFL",0,5,1619,-5,-8095,"ELECTRONICS & TELECOM","LED TV","SATELLITE TV",
163839,"CONTAINER SET 3PCS SQUARE PRIME BG-755",0,5,29.9,-5,-149.5,"HOUSEWARE & KITCHENWARE","STORAGE AND ORGANIZER","STORAGE CONTAINERS",
162885,"CUSHION PRINTED 40X40CM MYQ9-1872",0,2,39.9,-2,-79.8,"HOME DECOR & TEXTILES",CUSHIONS,"ASSORTED CUSHIONS",
163893,"FRIDGE BOTTLE 1500 ML PLASTIC SEA BLUE DELUXE 2621",0,-6,14.9,6,89.4,"HOUSEWARE & KITCHENWARE","FLASK AND BOTTLES",BOTTLE,
165067,"GLASS JUG WLID 1860ML GJ18 RJK",0,5,39.9,-5,-199.5,"HOUSEWARE & KITCHENWARE",GLASSWARE,"JUGS/JUG WITH LIDS",
165068,"GLASS JUG WLID 1860ML GJW18 RJK",0,6,39.9,-6,-239.4,"HOUSEWARE & KITCHENWARE",GLASSWARE,"JUGS/JUG WITH LIDS",
16297,"BINE DISINFECTANT 2.5L 6",0,10,54.99,-10,-549.9,SUPERMARKET,"HOME AND PERSONAL CARE","HOUSEHOLD CLEANERS",
164028,"JOLLY BASKET -MEDIUM  PLASTIC 50361",0,19,16.9,-19,-321.1,"HOUSEWARE & KITCHENWARE","STORAGE AND ORGANIZER",BASKET,
164029,"JOLLY BASKET -LARGE PLASTIC 50362",0,15,39.9,-15,-598.5,"HOUSEWARE & KITCHENWARE","STORAGE AND ORGANIZER",BASKET,
162155,"TEA STRAINER PLASTIC SS 21CMS",0,27,6.9,-27,-186.3,"HOUSEWARE & KITCHENWARE",BATHROOM,"SOAP DISH CASE DISPENSERS",
164044,"VACCUM FLASK 1200ML PLASTIC 161705-005",0,4,99,-4,-396,"HOUSEWARE & KITCHENWARE","FLASK AND BOTTLES",FLASK,
164084,"DIVIDED CONTAINER AIRTIGHT PLASTIC 161575-012",0,9,34.9,-9,-314.1,"HOUSEWARE & KITCHENWARE","STORAGE AND ORGANIZER","STORAGE CONTAINERS",
164127,"BATHROOM 5PCS SET BLACKSTORY PLASTIC 162240-010",0,1,269,-1,-269,"HOUSEWARE & KITCHENWARE",BATHROOM,"BATH SETS /BATHROOM SETS",
164131,"TOILET BRUSH WHOLDER BLACKSTORY PLASTIC 161241-010",0,9,69,-9,-621,"HOUSEWARE & KITCHENWARE","HOME HYGIENE","TOILET BRUSHES",
164132,"SOAP DISPENSER PUMP BLACKSTORY PLASTIC 161240-010",0,24,24.9,-24,-597.6,"HOUSEWARE & KITCHENWARE",BATHROOM,"SOAP DISH CASE DISPENSERS",
163132,"AKAI STEAM IRON 1600W EI050A-278D",0,11,209,-11,-2299,"ELECTRICAL APPLIANCES","LINEN CARE","STEAM IRONS",
163163,"MCVITIES RICH TEA BISCUIT 25G  48",0,45,3.69,-45,-166.05,SUPERMARKET,"FOOD CUPBOARD",BISCUITS,
163165,"MCVITIES DIGESTIVE 52G  24",0,24,4.99,-24,-119.76,SUPERMARKET,"FOOD CUPBOARD",BISCUITS,
164170,"AKAI DRY IRON 1000W EI051A-171S",0,2,159,-2,-318,"ELECTRICAL APPLIANCES","LINEN CARE","DRY IRON",
164193,"ENAPA MACKREL IN TOMATO SAUCE EASY OPEN 200G  48",0,104,12.99,-104,-1350.96,SUPERMARKET,"FOOD CUPBOARD","CANNED FOOD",
164219,"COFRUTOS ORANGE BOTTLE JUICE 1L  6",0,5,47.99,-5,-239.95,SUPERMARKET,BEVERAGES,JUICE,
164220,"COFRUTOS PINEAPPLE BOTTLE JUICE 1L  6",0,7,47.99,-7,-335.93,SUPERMARKET,BEVERAGES,JUICE,
164221,"MOLINERA RED GRAPE BOTTLE JUICE 1L   6",0,5,47.99,-5,-239.95,SUPERMARKET,BEVERAGES,JUICE,
162392,"CAN FANTA COCKTAIL  330ML 24",0,24,9.49,-24,-227.76,SUPERMARKET,BEVERAGES,DRINKS,
164274,"FROSTY BITE VANILLA TUB 250ML 12",0,20,13.49,-20,-269.8,SUPERMARKET,"FROZEN FOOD",ICE-CREAM,
164276,"FROSTY BITE STRAWBERRY TUB 250ML 12",0,11,13.49,-11,-148.39,SUPERMARKET,"FROZEN FOOD",ICE-CREAM,
164277,"FROSTY BITE CHOCOLATE TUB 250ML 12",0,16,13.49,-16,-215.84,SUPERMARKET,"FROZEN FOOD",ICE-CREAM,
162416,"CHAIR PAD 40X40CMS POLYESTER MYQ9-1871",0,11,25.9,-11,-284.9,"HOME DECOR & TEXTILES","COVERS CUSHION/PILLOW/CHAIR","ASSORTED PILLOWS AND CUSHIONS",
164548,"NERO BOVINO CARBONATED PET DRINK 350ML 20",0,16,3.19,-16,-51.04,SUPERMARKET,BEVERAGES,DRINKS,
164568,"AVSAR FLAVOURED WATER COOL LIME 200ML 24",0,12,10.99,-12,-131.88,SUPERMARKET,BEVERAGES,"MINERAL WATER",
162518,"MINIMIE INSTANT NOODLES SLURPY CHICKEN 120G 40",0,-2,5.29,2,10.58,SUPERMARKET,"FOOD CUPBOARD","PASTA AND SPAGHETTI",
163446,"TERRY HAND TOWEL SET 2PCS BEDNBATH TRY 2095",0,1,55,-1,-55,"HOME DECOR & TEXTILES","HOME FURNISHING","BATH LINEN",
163452,"TERRY FACE TOWEL SET 4PC BEDNBATH TRY 3001",0,7,42.9,-7,-300.3,"HOME DECOR & TEXTILES","HOME FURNISHING","BATH LINEN",
164392,"DINNER PLATE EMBOSSED 1025 WK24001 RJK",0,25,29.9,-25,-747.5,"HOUSEWARE & KITCHENWARE",DINNERWARE,PLATE,
164394,"SIDE PLATE EMBOSSED 75 WK24002 RJK",0,20,14.9,-20,-298,"HOUSEWARE & KITCHENWARE",DINNERWARE,PLATE,
164399,"MUG EMBOSSED 280ML WK24004 RJK",0,30,4.9,-30,-147,"HOUSEWARE & KITCHENWARE",DINNERWARE,MUGS,
164408,"WATER BOTTLE 690ML PLASTIC INSULATED BTSKOOL RIDER",0,6,34.9,-6,-209.4,"HOUSEWARE & KITCHENWARE","FLASK AND BOTTLES",BOTTLE,
164599,"TOWEL HOLDER METAL ORSA 902",0,9,44.9,-9,-404.1,"HOUSEWARE & KITCHENWARE",BATHROOM,"BATHROOM SHELF RACKS HOLDERS",
164611,"SHOWER RACK HANGING METAL 2 TIER ORSA 173",0,3,119,-3,-357,"HOUSEWARE & KITCHENWARE",BATHROOM,"BATHROOM SHELF RACKS HOLDERS",
164616,"BATHROOM RACK 2 TIER HANGING METAL ORSA 929",0,4,99,-4,-396,"HOUSEWARE & KITCHENWARE",BATHROOM,"BATHROOM SHELF RACKS HOLDERS",
164617,"KITCHEN ORGAZINER RACK METAL 134",0,13,49.9,-13,-648.7,"HOUSEWARE & KITCHENWARE","STORAGE AND ORGANIZER","RACK SHELF DRAWERS ORGANIZERS",
164619,"CORNER SHELF 2TIER METAL ORSA 910",0,2,109,-2,-218,"HOUSEWARE & KITCHENWARE",BATHROOM,"BATHROOM SHELF RACKS HOLDERS",
162640,"OCEAN CHEST FREEZER SD 150L CFOH 150 TG KS",0,1,3879,-1,-3879,"ELECTRICAL APPLIANCES",FREEZER,"SINGLE DOOR FREEZER",
162656,"SERVING BOWL MELAMINE 10 INCHES FEILU 30102",0,7,19.9,-7,-139.3,"HOUSEWARE & KITCHENWARE","MELAMINE WARE","MEL BOWL/BOWL+COVER",
159739,"MUNCHEE MILK SHORT CAKE CHOCO BISCUITS 65G  48",0,37,4.19,-37,-155.03,SUPERMARKET,"FOOD CUPBOARD",BISCUITS,
159740,"MUNCHEE MSC CHOCO MILK BISCUITS 45G  48",0,18,3.29,-18,-59.22,SUPERMARKET,"FOOD CUPBOARD",BISCUITS,
159741,"MUNCHEE MSC CHOCO MILK BISCUITS 35G  72",0,26,1.99,-26,-51.74,SUPERMARKET,"FOOD CUPBOARD",BISCUITS,
159742,"MUNCHEE MSC STRAWBERRY MILK BISCUIT 65G  48",0,37,4.19,-37,-155.03,SUPERMARKET,"FOOD CUPBOARD",BISCUITS,
159743,"MUNCHEE MSC STRAWBERRY MILK BISCUITS 45G 48",0,46,3.29,-46,-151.34,SUPERMARKET,"FOOD CUPBOARD",BISCUITS,
159744,"MUNCHEE MSC STRAWBERRY MILK BISCUITS 35G  72",0,16,1.99,-16,-31.84,SUPERMARKET,"FOOD CUPBOARD",BISCUITS,
159745,"MUNCHEE GINGER BISCUITS 65G  48",0,50,4.79,-50,-239.5,SUPERMARKET,"FOOD CUPBOARD",BISCUITS,
159752,"PENCIL CASE A5 WITH ZIPPER",0,5,32.9,-5,-164.5,STATIONERY,"GENERAL STATIONERY","   WRITING SUPPLIES",
159753,"PENCIL CASE WITH ZIPPER",0,2,9.9,-2,-19.8,STATIONERY,"GENERAL STATIONERY","   WRITING SUPPLIES",
159758,"MUNCHEE GINGER BISCUITS 35G  72",0,33,2.69,-33,-88.77,SUPERMARKET,"FOOD CUPBOARD",BISCUITS,
159761,"MUNCHEE ANYTIME CRACKER BISCUITS 46G  48",0,1,2.49,-1,-2.49,SUPERMARKET,"FOOD CUPBOARD",BISCUITS,
159763,"MUNCHEE DIGESTIVE BISCUITS 65G  48",0,30,3.59,-30,-107.7,SUPERMARKET,"FOOD CUPBOARD",BISCUITS,
159764,"MUNCHEE DIGESTIVE BISCUITS 52G  48",0,43,3.99,-43,-171.57,SUPERMARKET,"FOOD CUPBOARD",BISCUITS,
15886,"BINE MULTI PURPOSE LIQUID SOAP 1L  12",0,3,18.99,-3,-56.97,SUPERMARKET,"HOME AND PERSONAL CARE","HOUSEHOLD CLEANERS",
159765,"MUNCHEE DIGESTIVE BISCUITS 35G  72",0,23,2.19,-23,-50.37,SUPERMARKET,"FOOD CUPBOARD",BISCUITS,
159767,"MUNCHEE MILK CRUNCH BISCUITS 47G  48",0,37,2.59,-37,-95.83,SUPERMARKET,"FOOD CUPBOARD",BISCUITS,
159769,"MUNCHEE MILK CRUNCH BISCUITS 26G  72",0,44,1.49,-44,-65.56,SUPERMARKET,"FOOD CUPBOARD",BISCUITS,
159772,"MUNCHEE CHOCOLATE CHIP COOKIES BISCUITS 100G  48",0,1,8.99,-1,-8.99,SUPERMARKET,"FOOD CUPBOARD",BISCUITS,
160884,"DINNER PLATE MELAMINE 10 INCHES FEILU 215105",0,41,19.9,-41,-815.9,"HOUSEWARE & KITCHENWARE","MELAMINE WARE","MEL PLATE",
160889,"SERVING BOWL MELAMINE 9 INCHES FEILU 15869",0,-1,12.9,1,12.9,"HOUSEWARE & KITCHENWARE","MELAMINE WARE","MEL BOWL/BOWL+COVER",
161900,"BOWL W/RING LID LARGE 500ML PLASTIC L-00882",0,6,14.9,-6,-89.4,"HOUSEWARE & KITCHENWARE","STORAGE AND ORGANIZER","STORAGE CONTAINERS",
161901,"BOWL W/RING LID MEDIUM 250ML PLASTIC L-00881",0,16,9.9,-16,-158.4,"HOUSEWARE & KITCHENWARE","STORAGE AND ORGANIZER","STORAGE CONTAINERS",
161905,"COFFEE CUP W/LID 450ML PLASTIC L-00751",0,4,12.9,-4,-51.6,"HOUSEWARE & KITCHENWARE",DINNERWARE,CUP,
161073,"AKAI CHEST FREEZER SD 145L CF046AC-145W",0,1,2849,-1,-2849,"ELECTRICAL APPLIANCES",FREEZER,"SINGLE DOOR FREEZER",
161075,"AKAI FRIDGE DD 205L SILVER RF060AC-28D",0,1,3499,-1,-3499,"ELECTRICAL APPLIANCES",REFRIGERATOR,"DD TMF REFRIGERATOR",
161965,"OIL&VINEGAR CRUET 245ML GLASS C-00517",0,3,16.9,-3,-50.7,"HOUSEWARE & KITCHENWARE",KITCHENWARE,"SAUCE/ VINEGAR/ BOTTLES AND SETS",
161978,"SALT&PEPPER SHAKER SET 245ML GLASS C-00153",0,2,14.9,-2,-29.8,"HOUSEWARE & KITCHENWARE",KITCHENWARE,"SALT AND PEPPER/CRUETS",
159986,"MUG 330ML CERAMIC STATEMENT YWU",0,1,4.9,-1,-4.9,"HOUSEWARE & KITCHENWARE",DINNERWARE,MUGS,
159988,"DUSTBIN  21 LITRE METAL BLACK WIRE 23X26CM YWU",0,1,24.9,-1,-24.9,"HOUSEWARE & KITCHENWARE","HOME HYGIENE",DUSTBINS,
159989,"DUSTBIN 29 LITRE METAL BLACK WIRE  26X28CM YWU",0,20,29.9,-20,-598,"HOUSEWARE & KITCHENWARE","HOME HYGIENE",DUSTBINS,
159990,"DUSTBIN 44 LITRE METAL BLACK WIRE 29X34CM YWU",0,7,36.9,-7,-258.3,"HOUSEWARE & KITCHENWARE","HOME HYGIENE",DUSTBINS,
161113,"AKAI TOASTER OVEN 25L TO026A-25L",0,1,849,-1,-849,"ELECTRICAL APPLIANCES","TOASTER/TOSTER OVEN","TOASTER OVEN",
162010,"DOOR MAT COIR PANAMA 8MM ASSORTED 40X60CM",0,7,49.9,-7,-349.3,"HOME DECOR & TEXTILES","FLOOR MATS","DOOR MAT",
162012,"DOOR MAT SISAL LATEX 8MM ASSORTED 40X60CM",0,15,49.9,-15,-748.5,"HOME DECOR & TEXTILES","FLOOR MATS","DOOR MAT",
162015,"DOOR MAT COIR PVC 15MM ASSORTED 45X75CM",0,7,85,-7,-595,"HOME DECOR & TEXTILES","FLOOR MATS","DOOR MAT",
160055,"CANISTER SQUARE 15LT GLASS SSPD 143015500/000",0,1,34.9,-1,-34.9,"HOUSEWARE & KITCHENWARE",GLASSWARE,"CANISTERS AND JARS",
160122,"PARLE SIMPLY GOOD CEREAL BISCUITS 25G  72",0,38,1.09,-38,-41.42,SUPERMARKET,"FOOD CUPBOARD",BISCUITS,
160124,"PARLE MULTI VITA MARIE BISCUITS 49.5G  48",0,51,2.29,-51,-116.79,SUPERMARKET,"FOOD CUPBOARD",BISCUITS,
157733,"FOUR SPECIAL NATURALLY SWEET WHITE WINE 750ML 6",0,4,62.99,-4,-251.96,SUPERMARKET,"BEVERAGES ALCOHOLIC",WINES,
159060,"TOILET BRUSH PP M1580 RJK",0,9,65,-9,-585,"HOUSEWARE & KITCHENWARE","HOME HYGIENE","TOILET BRUSHES",
159061,"TOILET BRUSH PP M1590 RJK",0,1,39.9,-1,-39.9,"HOUSEWARE & KITCHENWARE","HOME HYGIENE","TOILET BRUSHES",
159063,"TOOTH BRUSH HOLDER PP F1350 RJK",0,23,29.9,-23,-687.7,"HOUSEWARE & KITCHENWARE",BATHROOM,"BATHROOM SHELF RACKS HOLDERS",
159065,"STOOL PP X1830 RJK",0,8,69,-8,-552,"HOUSEWARE & KITCHENWARE","HOUSE HOLD PRODUCTS","STOOL PLASTIC",
161248,"DZIRE HOME THEATRE SYSTEM 3.1CH 60W HT313S-6030",0,1,739,-1,-739,"ELECTRONICS & TELECOM",AUDIO,"HOME THEATRE",
161278,"BELPAK LOVE NAPKIN   15",0,5,5.99,-5,-29.95,SUPERMARKET,"HOME AND PERSONAL CARE",DISPOSABLE,
157829,"AMMERLANDER FULL CREAM UHT MILK 3.8%  1L  10",0,20,34.99,-20,-699.8,SUPERMARKET,"FOOD CUPBOARD","MILK AND CREAMERS",
161282,"CANVAS PAINTING AFRICAN 40X40CM PC233004",0,16,55,-16,-880,"HOME DECOR & TEXTILES","HOME DECOR","WallANDTable Decor",
161312,"BELPAK ECO TROLL  WRAPPED (10ROLLS )  6",0,2,35.99,-2,-71.98,SUPERMARKET,"HOME AND PERSONAL CARE",DISPOSABLE,
158101,"BASKET PERFORATED 5800ML 29X19X10CM PP63900",0,13,14.9,-13,-193.7,"HOUSEWARE & KITCHENWARE","STORAGE AND ORGANIZER",BASKET,
159295,"BOOK MONEY SAFE BOX SMALL",0,2,129,-2,-258,"TOYS AND ENTERTAINMENT","ROLE PLAY AND PRETEND TOYS","CASHIER AND SHOP SETS",
161344,"DOLAIT NATURE YOGHURT UNSWEETENED 200G 1",0,4,15.49,-4,-61.96,SUPERMARKET,"FRESH DAIRY AND EGGS",Yoghurt,
160253,"PERLA MINERAL WATER JAR 6L 1",0,7,12.19,-7,-85.33,SUPERMARKET,BEVERAGES,"MINERAL WATER",
160269,"SAUCE BOTTLE 2PCS SET 600ML PLASTIC 8800A YWU",0,4,12.9,-4,-51.6,"HOUSEWARE & KITCHENWARE",KITCHENWARE,"SAUCE/ VINEGAR/ BOTTLES AND SETS",
159386,"AKAI CHEST FREEZER SD 99L WHITE CF073AC-99L",0,1,3039,-1,-3039,"ELECTRICAL APPLIANCES",FREEZER,"SINGLE DOOR FREEZER",
158427,"DZIRE INDUSTRIAL STANDING FAN 24"" 80W IFS24-DCFG60",0,1,1839,-1,-1839,"ELECTRICAL APPLIANCES",FAN,"INDUSTRIAL FAN",
158430,"DZIRE INDUSTRIAL STANDING FAN 30""120W IFS30-DCFG75",0,2,1889,-2,-3778,"ELECTRICAL APPLIANCES",FAN,"INDUSTRIAL FAN",
158432,"DZIRE INDUSTRIAL WALL FAN 26"" IFW26-DCFW65",0,3,1689,-3,-5067,"ELECTRICAL APPLIANCES",FAN,"INDUSTRIAL FAN",
158496,"X NATURAL MINERAL WATER 350ML 12",0,61,2.29,-61,-139.69,SUPERMARKET,BEVERAGES,"MINERAL WATER",
158514,"FESTIVAL FROM CUVEE 0% STRAWBERRY WINE DRINK 750ML",0,6,51.99,-6,-311.94,SUPERMARKET,"BEVERAGES ALCOHOLIC",WINES,
161577,"DZIRE CEILING FAN 56"" WHITE CF 56 W-VIS",0,4,349,-4,-1396,"ELECTRICAL APPLIANCES",FAN,"CEILING FAN",
161579,"DZIRE CEILING FAN 56"" WHITE CF 56 W-HOB",0,-1,379,1,379,"ELECTRICAL APPLIANCES",FAN,"CEILING FAN",
161582,"DZIRE CEILING FAN 56"" DARK BROWN CF 56 B-HOB",0,4,379,-4,-1516,"ELECTRICAL APPLIANCES",FAN,"CEILING FAN",
161584,"DZIRE CEILING FAN 36"" WHITE CF 36 W-HOB",0,1,349,-1,-349,"ELECTRICAL APPLIANCES",FAN,"CEILING FAN",
161587,"DZIRE CEILING FAN 36"" DARK BROWN CF 36 B-HOB",0,6,349,-6,-2094,"ELECTRICAL APPLIANCES",FAN,"CEILING FAN",
161588,"DZIRE CEILING FAN 24"" WHITE CF 24 W-HOB",0,3,349,-3,-1047,"ELECTRICAL APPLIANCES",FAN,"CEILING FAN",
159684,"AMERICAN CHEF WHITE VINEGAR 946ML 12",0,11,28.99,-11,-318.89,SUPERMARKET,"FOOD CUPBOARD",CONDIMENTS,
159709,"MUNCHEE MILK SHORT CAKE BISCUITS 65G  48",0,33,4.19,-33,-138.27,SUPERMARKET,"FOOD CUPBOARD",BISCUITS,
159710,"MUNCHEE MILK SHORT CAKE BISCUITS 45G  48",0,4,3.29,-4,-13.16,SUPERMARKET,"FOOD CUPBOARD",BISCUITS,
159711,"MUNCHEE MILK SHORT CAKE BISCUITS 35G  72",0,7,1.99,-7,-13.93,SUPERMARKET,"FOOD CUPBOARD",BISCUITS,
160466,"TUMBLER GLASS 6PCS SET 270ML G25005 LTREND",0,4,39.9,-4,-159.6,"HOUSEWARE & KITCHENWARE",GLASSWARE,"GLASS / TUMBLER /WINE / CHAMPAGNE",
160513,"STRAINER COLLAPSIBLE PLASTIC 18X24 SQ PLASTIC YWU",0,4,12.9,-4,-51.6,"HOUSEWARE & KITCHENWARE","KITCHEN TOOLS AND CULTARY","STRAINER AND FILTERS",
171347,"BELPAK TOILET ROLL (24ROLLS)  1",0,1,77.99,-1,-77.99,SUPERMARKET,"HOME AND PERSONAL CARE",DISPOSABLE,
171349,"BELPAK TOILET ROLL DELUXE 3PLY  6",0,6,40.99,-6,-245.94,SUPERMARKET,"HOME AND PERSONAL CARE",DISPOSABLE,
170027,"AKAI POWER BLENDER W/MILL 3L 800W BD075A-3LS",0,3,1039,-3,-3117,"ELECTRICAL APPLIANCES","COMMERCIAL APPLIANCES","COMMERCIAL BLENDER",
170040,"ORGANIZER RIBBED BOX WITHOUT LID 11L 13008",0,12,24.9,-12,-298.8,"HOUSEWARE & KITCHENWARE","STORAGE AND ORGANIZER","RACK SHELF DRAWERS ORGANIZERS",
171535,"VACCUM FLASK-STONE 1550ML  161707-158",0,3,119,-3,-357,"HOUSEWARE & KITCHENWARE","FLASK AND BOTTLES",FLASK,
169243,"BROOM WSTICK NAPOLI GBB24",0,15,34.9,-15,-523.5,"HOUSEWARE & KITCHENWARE","HOME HYGIENE","BROOM BRUSHES DUSTPANS",
169249,"DUSTPAN WBRUSH TWINS GBB22",0,6,34.9,-6,-209.4,"HOUSEWARE & KITCHENWARE","HOME HYGIENE","BROOM BRUSHES DUSTPANS",
170088,"CLASSIC JAR 500ML 80816",0,18,9.9,-18,-178.2,"HOUSEWARE & KITCHENWARE","STORAGE AND ORGANIZER","STORAGE CONTAINERS",
170089,"CLASSIC JAR 1000ML 80817",0,16,16.9,-16,-270.4,"HOUSEWARE & KITCHENWARE","STORAGE AND ORGANIZER","STORAGE CONTAINERS",
169319,"DZIRE HIFI SPEAKER 40W RECHA W/L MIC HIFI8DR-M2801",0,2,1299,-2,-2598,"ELECTRONICS & TELECOM",AUDIO,"HI-FI SPEAKER SYSTEM",
169320,"AKAI HIFI SPEAKER 40W RECHAR W/LMIC HT028A-2614",0,3,1399,-3,-4197,"ELECTRONICS & TELECOM",AUDIO,"HI-FI SPEAKER SYSTEM",
169321,"AKAI HIFI SPEAKER 80W RECHAR W/L MIC HT029A-2831",0,1,2399,-1,-2399,"ELECTRONICS & TELECOM",AUDIO,"HI-FI SPEAKER SYSTEM",
169358,"PLATE KIDS SWEET DREAM",0,10,16.9,-10,-169,"TOYS AND ENTERTAINMENT",INFANTS,FEEDING,
169370,"BOTTLE KIDS ALU PAW PATROL 500ML",0,17,49.9,-17,-848.3,STATIONERY,"SCHOOL AND CHILDREN STATIONERY","SCHOOL WATER BOTTLES",
171738,"SOUP PLATE ROUND CERAMIC 8INCHES LDSSTK7",0,-1,2.9,1,2.9,"HOUSEWARE & KITCHENWARE",DINNERWARE,PLATE,
171739,"SIDE PLATE EMBOSSED CERAMIC 9 INCHES LDSSTK8",0,32,2.9,-32,-92.8,"HOUSEWARE & KITCHENWARE",DINNERWARE,PLATE,
173699,"KIVO 4 IN 1 GARI SOAKING MIX 125G 40",0,32,4.99,-32,-159.68,SUPERMARKET,"FOOD CUPBOARD","BREAKFAST CEREALS",
173708,"KIVO ZERO NUTS GARI SOAKINGMIX 125G 40",0,7,4.99,-7,-34.93,SUPERMARKET,"FOOD CUPBOARD",SNACKS,
170275,"KIDS WATER GUN TOY 30CM",0,6,36.99,-6,-221.94,"TOYS AND ENTERTAINMENT","BACKYARD PLAY","SWIMMING AND POOL ACCESSORIES",
173723,"KIVO PEPPER POWDER  50G 80",0,47,5.99,-47,-281.53,SUPERMARKET,"FOOD CUPBOARD","SPICES AND HERBS",
173724,"KIVO 100% NATURAL CURRY PLUS POWDER 3.5G 240",0,70,.49,-70,-34.3,SUPERMARKET,"FOOD CUPBOARD","SPICES AND HERBS",
173725,"KIVO 100% NATURAL CURRY PLUS POWDER 50G 80",0,33,5.49,-33,-181.17,SUPERMARKET,"FOOD CUPBOARD","SPICES AND HERBS",
173746,"KIVO GINGER GARLIC & ONION POWDER 25G 120",0,51,5.99,-51,-305.49,SUPERMARKET,"FOOD CUPBOARD","SPICES AND HERBS",
169469,"FORTUNE SPREAD FOR BREAD ( 10* 12G )   25",0,16,7.49,-16,-119.84,SUPERMARKET,"FOOD CUPBOARD","SPREADS AND TOPPING",
172105,"LG AC SPLIT 2.5HP INVERTER S4Q24K2QAL",0,1,16999,-1,-16999,"ELECTRICAL APPLIANCES","AIR CONDITIONING","SPLIT AC",
168859,"UTILITY KNIFE 45 HCH147 RJK",0,1,14.9,-1,-14.9,"HOUSEWARE & KITCHENWARE","KNIFE AND CHOPPING BOARD","SINGLE KNIFE",
168861,"KNIFEPEELER SET 2PCS 353 CP038PR2AP RJK",0,21,12.9,-21,-270.9,"HOUSEWARE & KITCHENWARE","KNIFE AND CHOPPING BOARD","VEG AND FRUIT PEELERS",
168862,"KNIFE FRUIT 6PCS 325 SILHMJ6FK RJK",0,11,19.9,-11,-218.9,"HOUSEWARE & KITCHENWARE","KNIFE AND CHOPPING BOARD","KNIFE SETS",
169705,"MOULINEX BLENDER W/MILL 1.5L 450W BLACK LM2B2828",0,1,679,-1,-679,"ELECTRICAL APPLIANCES","FOOD PROCESSOR/BLENDER",BLENDERS,
169712,"AKAI BLENDER W/MILL 1.5L 400W BD074A-639M",0,4,349,-4,-1396,"ELECTRICAL APPLIANCES","FOOD PROCESSOR/BLENDER",BLENDERS,
172208,"MCBEERY LOVAN 2X CHOCOLATE WAFER 15G 144",0,-12,1.19,12,14.28,SUPERMARKET,"FOOD CUPBOARD",BISCUITS,
168866,"KNIFE SET 3PCS 5535 CPCA2018033PCS RJK",0,6,59,-6,-354,"HOUSEWARE & KITCHENWARE","KNIFE AND CHOPPING BOARD","KNIFE SETS",
168868,"KNIFE SET 4PCS 45 CPNEW01BSLERE4PB RJK",0,21,14.9,-21,-312.9,"HOUSEWARE & KITCHENWARE","KNIFE AND CHOPPING BOARD","KNIFE SETS",
168869,"KNIFE FRUIT 6PCS 45 CPQT01B45UT6DB RJK",0,11,29.9,-11,-328.9,"HOUSEWARE & KITCHENWARE","KNIFE AND CHOPPING BOARD","KNIFE SETS",
168872,"KNIFE FRUIT 6PCS 4 HTCD015 RJK",0,27,19.9,-27,-537.3,"HOUSEWARE & KITCHENWARE","KNIFE AND CHOPPING BOARD","KNIFE SETS",
168874,"KNIFE FRUIT SET 6PCS 4 CP003STM6DB RJK",0,24,19.9,-24,-477.6,"HOUSEWARE & KITCHENWARE","KNIFE AND CHOPPING BOARD","KNIFE SETS",
168878,"KITCHEN TOOL SET 3PCS CPCB06 RJK",0,22,44.9,-22,-987.8,"HOUSEWARE & KITCHENWARE","KITCHEN TOOLS AND CULTARY","COOKING TOOL SET",
168882,"KITCHEN TOOL SET 6PCS CPQL006 RJK",0,6,79,-6,-474,"HOUSEWARE & KITCHENWARE","KITCHEN TOOLS AND CULTARY","COOKING TOOL SET",
168968,"TCL AC SPLIT 1.5HP INVERTER TAC-12CSA/XA73I",0,1,6199,-1,-6199,"ELECTRICAL APPLIANCES","AIR CONDITIONING","SPLIT AC",
168972,"TIME WAFER MASTER GOFRETTE VANILLA 20G  288",0,-2,2.99,2,5.98,SUPERMARKET,"FOOD CUPBOARD",BISCUITS,
168976,"NUTRISNAX NUTRIBAR 20% OATS 24G 72",0,72,1.19,-72,-85.68,SUPERMARKET,"FOOD CUPBOARD",BISCUITS,
168989,"PLATINUM THAI JASMINE RICE 5KG 5",0,22,149.99,-22,-3299.78,SUPERMARKET,"FOOD CUPBOARD","RAW RICE",
16899,"PLATINUM MACKEREL IN TOMATO SAUCE 425G 24",0,15,22.99,-15,-344.85,SUPERMARKET,"FOOD CUPBOARD","CANNED FOOD",
169948,"KEL CHARCOAL TOOTHPASTE 150G  48",0,79,26.49,-79,-2092.71,SUPERMARKET,"HOME AND PERSONAL CARE","ORAL CARE",
169949,"KEL KIDS TOOTHPASTE 75G  48",0,17,14.49,-17,-246.33,SUPERMARKET,"HOME AND PERSONAL CARE","ORAL CARE",
169950,"KEL 360 TOOTHPASTE 150G  48",0,44,22.49,-44,-989.56,SUPERMARKET,"HOME AND PERSONAL CARE","ORAL CARE",
169952,"TRUESMILE TOOTHPASTE & BRUSH CHARCOAL 100ML  12",0,11,25.99,-11,-285.89,SUPERMARKET,"HOME AND PERSONAL CARE","ORAL CARE",
172892,"TAMPICO GRAPE PUNCH  JUICE 500ML 12",0,5,7.99,-5,-39.95,SUPERMARKET,BEVERAGES,JUICE,
172893,"TAMPICO APPLE PUNCH  JUICE 500ML 12",0,5,7.99,-5,-39.95,SUPERMARKET,BEVERAGES,JUICE,
172946,"ARIEL HIGH STUD LAVENDER 500G  24",0,10,39.99,-10,-399.9,SUPERMARKET,"HOME AND PERSONAL CARE","LAUNDRY CARE",
172950,"ARIEL HIGH STUD SPRING 500G  24",0,14,39.99,-14,-559.86,SUPERMARKET,"HOME AND PERSONAL CARE","LAUNDRY CARE",
172953,"ARIEL HIGH STUD FLORAL 500G 24",0,23,39.99,-23,-919.77,SUPERMARKET,"HOME AND PERSONAL CARE","LAUNDRY CARE",
169159,"ROMAR AIR REFRESHNER ROSES 750ML   6",0,5,68.99,-5,-344.95,SUPERMARKET,"HOME AND PERSONAL CARE",FRESHENERS,
169160,"ROMAR AIR REFRESHNER VANILLA 750ML   6",0,3,68.99,-3,-206.97,SUPERMARKET,"HOME AND PERSONAL CARE",FRESHENERS,
169162,"DERRBY SHAVING STICK BANYO PK5  14",0,12,18.99,-12,-227.88,SUPERMARKET,"HOME AND PERSONAL CARE","MENS GROOMING",
166741,"PLAY WITH DOTS",0,12,9.99,-12,-119.88,STATIONERY,"CHILDREN BOOKS AND GEN REF","BOOKS AND LEARNINGS",
167658,"MUG 350 ML CERAMIC DESINGER YWU",0,17,4.9,-17,-83.3,"HOUSEWARE & KITCHENWARE",DINNERWARE,MUGS,
168549,"H&H RICH TEA CREAMS CHOCOLATE 32G  72",0,22,1.39,-22,-30.58,SUPERMARKET,"FOOD CUPBOARD",BISCUITS,
168552,"MCBERRY TIGER NUT BISCUITS 30G  72",0,61,1.39,-61,-84.79,SUPERMARKET,"FOOD CUPBOARD",BISCUITS,
168561,"H&H RICH TEA CREAMS STRAWBERRY 32G  72",0,41,1.39,-41,-56.99,SUPERMARKET,"FOOD CUPBOARD",BISCUITS,
168565,"MCBERRY MAXI CHOCO COOKIE BAR 17G  72",0,76,1.29,-76,-98.04,SUPERMARKET,"FOOD CUPBOARD",BISCUITS,
166003,"SO FRESH ORANGE FRUIT JUICE 1L 6",0,3,26.49,-3,-79.47,SUPERMARKET,BEVERAGES,JUICE,
166004,"SO FRESH MANGO FRUIT JUICE 1L 6",0,4,26.49,-4,-105.96,SUPERMARKET,BEVERAGES,JUICE,
166005,"SO FRESH TROPICAL PUNCH FRUIT JUICE 1L 6",0,3,26.99,-3,-80.97,SUPERMARKET,BEVERAGES,JUICE,
167727,"PEGS 20PCS SET PLASTIC YWU",0,15,16.89948,-15,-253.4922,"HOUSEWARE & KITCHENWARE",LAUNDARY,"CLOTH PEGS / CLIP",
167746,"COOKWARE 10PCS SET 2MM DIECAST HROLAND HR1171 RK",0,2,1199,-2,-2398,"HOUSEWARE & KITCHENWARE",COOKWARE,"COOKWARE SET",
167757,"COOKWARE 6PCS SET 2MM STEEL HROLAND HR1311 RJK",0,-1,399,1,399,"HOUSEWARE & KITCHENWARE",COOKWARE,"COOKWARE SET",
167759,"COOKWARE 20PCS SET 2MM STEEL HROLAND HR1461 RJK",0,1,2499,-1,-2499,"HOUSEWARE & KITCHENWARE",COOKWARE,"COOKWARE SET",
167762,"COOKWARE 6PCS SET 2MM STEEL HROLAND HR1316 RJK",0,6,499,-6,-2994,"HOUSEWARE & KITCHENWARE",COOKWARE,"COOKWARE SET",
168606,"BOWL SET 3PCS W/LID UR-3415",0,25,16.9,-25,-422.5,"HOUSEWARE & KITCHENWARE",DINNERWARE,BOWLS,
168660,"HEAVEN DARK SOY SAUCE 150ML  48",0,12,10.99,-12,-131.88,SUPERMARKET,"FOOD CUPBOARD",CONDIMENTS,
166955,"BRUHM LED TV 32"" SAT BTF-32S",0,2,2499,-2,-4998,"ELECTRONICS & TELECOM","LED TV","SATELLITE TV",
167767,"COOKWARE 6PCS SET 2MM STEEL HROLAND HR1314 RJK",0,1,649,-1,-649,"HOUSEWARE & KITCHENWARE",COOKWARE,"COOKWARE SET",
167775,"COOKWARE 7PCS SET 2MM DIE CAST HROLAND HR1053 RJK",0,2,1249,-2,-2498,"HOUSEWARE & KITCHENWARE",COOKWARE,"COOKWARE SET",
168697,"CAMRY PERSONAL SCALE LED DISPLAY ABS EB701013 RJK",0,2,199,-2,-398,"HOUSEWARE & KITCHENWARE","WEIGHING SCALE","BATHROOM SCALE",
168698,"CAMRY MONITOR SCALE EF976S483 RJK",0,2,125,-2,-250,"HOUSEWARE & KITCHENWARE","WEIGHING SCALE","BATHROOM SCALE",
167011,"BIN SET WFLAT LID BLK FINISH RND 5L STEP 5YPG RJK",0,2,95,-2,-190,"HOUSEWARE & KITCHENWARE","HOME HYGIENE",DUSTBINS,
167849,"BROOM PLASTIC WWOODEN HANDLE H012 RJK",0,27,19.9,-27,-537.3,"HOUSEWARE & KITCHENWARE","HOME HYGIENE","BROOM BRUSHES DUSTPANS",
167851,"BROOM PLASTIC WWOODEN HANDLE H013 RJK",0,2,19.9,-2,-39.8,"HOUSEWARE & KITCHENWARE","HOME HYGIENE","BROOM BRUSHES DUSTPANS",
167852,"BROOM PLASTIC WWOODEN HANDLE B104 RJK",0,35,12.9,-35,-451.5,"HOUSEWARE & KITCHENWARE","HOME HYGIENE","BROOM BRUSHES DUSTPANS",
167853,"BROOM PLASTIC WWOODEN HANDLE B501B RJK",0,12,19.9,-12,-238.8,"HOUSEWARE & KITCHENWARE","HOME HYGIENE","BROOM BRUSHES DUSTPANS",
167857,"DUSTPAN WBRUSH PLASTIC RZS01 RJK",0,41,19.9,-41,-815.9,"HOUSEWARE & KITCHENWARE","HOME HYGIENE","BROOM BRUSHES DUSTPANS",
165128,"MELCOM TROLL SUPREME (10ROLLS)  6",0,27,39.99,-27,-1079.73,SUPERMARKET,"HOME AND PERSONAL CARE",DISPOSABLE,
165129,"BELPAK SUPER KITCHEN TOWEL  6",0,6,34.99,-6,-209.94,SUPERMARKET,"HOME AND PERSONAL CARE",DISPOSABLE,
166262,"LAV STEMWARE 6PCS SET LVNEV576F",0,4,89,-4,-356,"HOUSEWARE & KITCHENWARE",GLASSWARE,"GLASS / TUMBLER /WINE / CHAMPAGNE",
166263,"LAV TUMBLER 3PCS SET LV-ART256 AY104PFI3M0121A",0,8,49.9,-8,-399.2,"HOUSEWARE & KITCHENWARE",GLASSWARE,"GLASS / TUMBLER /WINE / CHAMPAGNE",
166265,"LAV TUMBLER 3PCS SET LV-EMP368A",0,11,39.9,-11,-438.9,"HOUSEWARE & KITCHENWARE",GLASSWARE,"GLASS / TUMBLER /WINE / CHAMPAGNE",
166341,"LAV STEMWARE 3PCS SET LVMIS560A",0,8,49.9,-8,-399.2,"HOUSEWARE & KITCHENWARE",GLASSWARE,"GLASS / TUMBLER /WINE / CHAMPAGNE",
166368,"COLANDER WSIDE HANDLES 22.5CM SSTEEL XY-2306",0,9,28.9,-9,-260.1,"HOUSEWARE & KITCHENWARE","KITCHEN TOOLS AND CULTARY",COLANDERS,
166371,"COLANDER WSIDE HANDLES 37.5CM SSTEEL XY-2309",0,5,69,-5,-345,"HOUSEWARE & KITCHENWARE","KITCHEN TOOLS AND CULTARY",COLANDERS,
167238,"COWBELL MILK POWDER PREMIUM SACHET  23G 210",0,68,4.99,-68,-339.32,SUPERMARKET,"FOOD CUPBOARD","MILK AND CREAMERS",
167239,"COWBELL MILK PWDER VITARICH SACHET 23G  120",0,138,3.99,-138,-550.62,SUPERMARKET,"FOOD CUPBOARD","MILK AND CREAMERS",
167240,"AKAI BLENDER W/MILL 1.5L 350W BD072A-M374",0,3,329,-3,-987,"ELECTRICAL APPLIANCES","FOOD PROCESSOR/BLENDER",BLENDERS,
167241,"COWBELL MILK POWDER VITARICH  SACHET 14G  240",0,299,2.19,-299,-654.81,SUPERMARKET,"FOOD CUPBOARD","MILK AND CREAMERS",
167244,"MIKSI STRAWBERRY SACHET 35G  120",0,80,3.29,-80,-263.2,SUPERMARKET,BEVERAGES,"DRINKING POWDERS",
167245,"TWISCO ENERGY FOOD DRINK SACHET 20G  250",0,171,2.19,-171,-374.49,SUPERMARKET,BEVERAGES,"DRINKING POWDERS",
168192,"OMO HANDWASH POWDER 600G  36",0,14,40.99,-14,-573.86,SUPERMARKET,"HOME AND PERSONAL CARE","LAUNDRY CARE",
168194,"PEPSODENT TP CHARCOAL LEMON 90G  72",0,116,14.99,-116,-1738.84,SUPERMARKET,"HOME AND PERSONAL CARE","ORAL CARE",
166542,"WATER BOTTLE 1300ML PLASTIC PNP3309",0,23,9.9,-23,-227.7,"HOUSEWARE & KITCHENWARE","FLASK AND BOTTLES",BOTTLE,
166543,"WATER BOTTLE 1700ML PLASTIC PNP3311",0,19,9.9,-19,-188.1,"HOUSEWARE & KITCHENWARE","FLASK AND BOTTLES",BOTTLE,
166544,"WATER BOTTLE 1790ML PLASTIC PNP3443",0,24,9.9,-24,-237.6,"HOUSEWARE & KITCHENWARE","FLASK AND BOTTLES",BOTTLE,
166545,"WATER BOTTLE 1380ML PLASTIC PNP3315",0,21,9.9,-21,-207.9,"HOUSEWARE & KITCHENWARE","FLASK AND BOTTLES",BOTTLE,
166546,"WATER BOTTLE 1370ML PLASTIC PNP3316TH7",0,20,9.9,-20,-198,"HOUSEWARE & KITCHENWARE","FLASK AND BOTTLES",BOTTLE,
16828,"NIVEA NOURISHING MILK LOTION 400ML 12(80203)",0,9,69.99,-9,-629.91,SUPERMARKET,"HOME AND PERSONAL CARE","SKIN CARE",
16829,"NIVEA LOTION SMOOTH SENSATION  400ML 12(88144)",0,8,124.99,-8,-999.92,SUPERMARKET,"HOME AND PERSONAL CARE","SKIN CARE",
166547,"WATER BOTTLE SET 2PCS PLASTIC PNP35022X2P2",0,9,9.9,-9,-89.1,"HOUSEWARE & KITCHENWARE","FLASK AND BOTTLES",BOTTLE,
166548,"WATER BOTTLE SET 2PCS PLASTIC PNP35032X2P2",0,21,9.9,-21,-207.9,"HOUSEWARE & KITCHENWARE","FLASK AND BOTTLES",BOTTLE,
167395,"DINNER PLATE 105 WBC105 RJK",0,26,14.9,-26,-387.4,"HOUSEWARE & KITCHENWARE",DINNERWARE,PLATE,
167396,"DINNER PLATE 10INCHES CERAMIC EMBOSSED WBCE105 RJK",0,17,16.9,-17,-287.3,"HOUSEWARE & KITCHENWARE",DINNERWARE,PLATE,
167397,"DINNER SET PORCELAIN WHITE 12PCS ST3235 RJK",0,2,129,-2,-258,"HOUSEWARE & KITCHENWARE",DINNERWARE,DINNER-SETS,
167399,"MUG 320ML CERAMIC SOLID WHITE WBC11 RJK",0,33,9.9,-33,-326.7,"HOUSEWARE & KITCHENWARE",DINNERWARE,MUGS,
167400,"BOWL 6INCHES CERAMIC EMBOSSED WHITE EBCM6 RJK",0,45,19.9,-45,-895.5,"HOUSEWARE & KITCHENWARE",DINNERWARE,BOWLS,
167402,"BOWL 8INCHES CERAMIC EMBOSSED WHITE  EBC85 RJK",0,18,29.9,-18,-538.2,"HOUSEWARE & KITCHENWARE",DINNERWARE,BOWLS,
167404,"DINNER PLATE PORCELAIN 1025 PDP1025 RJK",0,12,9.9,-12,-118.8,"HOUSEWARE & KITCHENWARE",DINNERWARE,PLATE,
167458,"XMAS TREE 1.2M 350T",0,3,219,-3,-657,"HOME DECOR & TEXTILES","XMAS SEASONAL","xmas season",
168360,"MUG 350ML FAM2445 RJK",0,13,4.9,-13,-63.7,"HOUSEWARE & KITCHENWARE",DINNERWARE,MUGS,
168361,"MUG SET 4PCS SEE5S019ZH2305220 RJK",0,5,24.9,-5,-124.5,"HOUSEWARE & KITCHENWARE",DINNERWARE,MUGS,
168366,"MUG 445ML FAM2446ERS221119020 RJK",0,6,9.9,-6,-59.4,"HOUSEWARE & KITCHENWARE",DINNERWARE,MUGS,
168369,"DINNER PLATE W2MM GOLD RIM 105 FBD55C2013F RJK",0,2,19.9,-2,-39.8,"HOUSEWARE & KITCHENWARE",DINNERWARE,PLATE,
167500,"BEVERAGE DISPENSER WRACK 57L 97026 RJK",0,2,179,-2,-358,"HOUSEWARE & KITCHENWARE",GLASSWARE,"DISPENSERS / DECANTER SETS",
167503,"BEVERAGE DISPENSER WRACK 49L 57801 RJK",0,2,169,-2,-338,"HOUSEWARE & KITCHENWARE",GLASSWARE,"DISPENSERS / DECANTER SETS",
167505,"XMAS TREE 1.5M 550T",0,6,329,-6,-1974,"HOME DECOR & TEXTILES","XMAS SEASONAL","xmas season",
167506,"XMAS TREE 1.8M 900T",0,3,529,-3,-1587,"HOME DECOR & TEXTILES","XMAS SEASONAL","xmas season",
167509,"XMAS TREE 1.2M 350T",0,4,499,-4,-1996,"HOME DECOR & TEXTILES","XMAS SEASONAL","xmas season",
167514,"XMAS TREE 1.5M 510T",0,4,629,-4,-2516,"HOME DECOR & TEXTILES","XMAS SEASONAL","xmas season",
167515,"XMAS TREE 1.8M 810T",0,3,999,-3,-2997,"HOME DECOR & TEXTILES","XMAS SEASONAL","xmas season",
168419,"SOUP PLATE 85 FDL018 RJK",0,32,16.9,-32,-540.8,"HOUSEWARE & KITCHENWARE",DINNERWARE,PLATE,
16844,"NIVEA EXPRESS HYDRATION BODY LOTION 400ML 12",0,6,127.99,-6,-767.94,SUPERMARKET,"HOME AND PERSONAL CARE","SKIN CARE",
179337,"SCHOOL STICKER 17.5X25CM OPP YW",0,10,7.9,-10,-79,STATIONERY,"SCHOOL AND CHILDREN STATIONERY","STICKERS AND LABELS",
179401,"AKAI GAS STOVE 3B GLASS TOP GC068A-0003B",0,3,669,-3,-2007,"GAS COOKER & ACCESSORIES","GAS COOKER","TABLE TOP GAS STOVE",
177946,"FAIRY TALES WONDERFUL 10BOOK PACK",0,1,109,-1,-109,STATIONERY,"CHILDREN BOOKS AND GEN REF","BOOKS AND LEARNINGS",
177947,"FAIRY TALE UNCLE MOON BOOK SERIES 16PGS 22X28CM",0,27,8.9,-27,-240.3,STATIONERY,"CHILDREN BOOKS AND GEN REF","BOOKS AND LEARNINGS",
177948,"MY ACTIVITY SERIES ALPHAB/DICTIONARY 32PGS 22X28CM",0,4,16.9,-4,-67.6,STATIONERY,"CHILDREN BOOKS AND GEN REF","BOOKS AND LEARNINGS",
177949,"CHARACTER BUILDING SERIES 24PAGES 22X28CM",0,18,19.99,-18,-359.82,STATIONERY,"CHILDREN BOOKS AND GEN REF","BOOKS AND LEARNINGS",
177951,"COLOURING BOOK CREATIVE ABC/F&V/TOYS 22X28CM",0,8,14.9,-8,-119.2,STATIONERY,"CHILDREN BOOKS AND GEN REF","BOOKS AND LEARNINGS",
177952,"COPY COLOURING BOOK SERIES ALPHA/NUMB 16PG 22X28CM",0,29,7.9,-29,-229.1,STATIONERY,"CHILDREN BOOKS AND GEN REF","BOOKS AND LEARNINGS",
177954,"COPY COLOURING BOOK SERIES TRANS/TOYS 16PG 22X28CM",0,27,8.9,-27,-240.3,STATIONERY,"CHILDREN BOOKS AND GEN REF","BOOKS AND LEARNINGS",
179511,"DZIRE HOME THEATRE 2.1CH 53W HT212S-IM2023",0,1,1049,-1,-1049,"ELECTRONICS & TELECOM",AUDIO,"HOME THEATRE",
178039,"BOWL EMBOSSED 7 SW007EB RJK",0,20,14.9,-20,-298,"HOUSEWARE & KITCHENWARE",DINNERWARE,BOWLS,
178836,"AKAI HAIR STRAIGHTNER 45W HD010A-21323S",0,8,219,-8,-1752,"ELECTRICAL APPLIANCES","HAIR DRESSINGMASSAGER","HAIR STRAIGHTNER",
179513,"CUTLERY SET 39PCS WG241108 RJK",0,5,199,-5,-995,"HOUSEWARE & KITCHENWARE","CUTLERY ITEMS","CUTLERY SET",
179574,"DIY HAIRBALL PICTURE CRAFT 30X30CM W/STAND ASST DE",0,10,49,-10,-490,STATIONERY,"SCHOOL AND CHILDREN STATIONERY","ART AND HOBBY SETS",
179579,"DIY HAIRBALL PICTURE CRAFT 30X30CM W/STAND ASST DE",0,10,33.9,-10,-339,STATIONERY,"SCHOOL AND CHILDREN STATIONERY","ART AND HOBBY SETS",
178094,"CUP AND SAUCER SET 12PCS CERAMIC EMBOSSED YWU",0,8,135,-8,-1080,"HOUSEWARE & KITCHENWARE",DINNERWARE,CUP,
178130,"PAPER DOILIES 20PCS 105 YWU",0,18,8.9,-18,-160.2,"HOUSEWARE & KITCHENWARE",BAKEWARE,"BAKING TOOLS AND ACCESSORIES",
178131,"PAPER DOILIES 20PCS 125 YWU",0,11,9.9,-11,-108.9,"HOUSEWARE & KITCHENWARE",BAKEWARE,"BAKING TOOLS AND ACCESSORIES",
178132,"CAKE CUPS 9CM 100PCS SET YWU",0,1,4.9,-1,-4.9,"HOUSEWARE & KITCHENWARE",BAKEWARE,"BAKING UTENSILS",
179014,"TOY DUMPER TRUCK TOY  OPP YW",0,14,21.9,-14,-306.6,"TOYS AND ENTERTAINMENT","TOYS CARS TRAINS AND VEHICLES","FRICTION TOYS",
179024,"TOYS KITCHENWARE SET  3+YEARS 108D-3 OPP YW",0,8,34.9,-8,-279.2,"TOYS AND ENTERTAINMENT","ROLE PLAY AND PRETEND TOYS","KITCHEN / HOME APPLIANCE AND FOOD SETS ",
179036,"KIDS TOY TOOL SET PLAYSET 3+YRS OPP YW",0,1,29.9,-1,-29.9,"TOYS AND ENTERTAINMENT","ROLE PLAY AND PRETEND TOYS","KIDS- TOOL SETS",
179037,"MOTOCYCLE DIE CAST TOYS ASST DESIGN OPP YW",0,11,59,-11,-649,"TOYS AND ENTERTAINMENT","TOYS CARS TRAINS AND VEHICLES","FRICTION TOYS",
178193,"BATH GLOVES COTTON AND LINEN YWU",0,17,24.9,-17,-423.3,"HOUSEWARE & KITCHENWARE",BATHROOM,"BATHROOM ACCESSORIES",
179073,"JIGSAW PUZZLE CARTOONS 4 IN 1 SET 3+ YRS OPP YW",0,1,46.99,-1,-46.99,"TOYS AND ENTERTAINMENT","BOARD GAMES AND PUZZLES","KIDS PUZZLES",
179129,"BALL INFLATION 22CM 10PC",0,9,22.9,-9,-206.1,"TOYS AND ENTERTAINMENT","SPORTS AND GAMES",BALLS,
179131,"ANIMAL HOPPERS TOYS ASSORTED DESIGN 1300G YW",0,3,119,-3,-357,"TOYS AND ENTERTAINMENT","ROLE PLAY AND PRETEND TOYS","ANIMAL TOYS",
179133,"SUNFLOWER WINDMILL TOYS 31CM",0,4,13.9,-4,-55.6,"TOYS AND ENTERTAINMENT","PUSH AND PULL ALONG TOYS","PRESS AND SPIN TOYS",
179140,"MAGNETIC DRAWING BOARD GAME 26X24X2",0,12,79,-12,-948,"TOYS AND ENTERTAINMENT","LEARNING AND EDUCATIONAL TOYS","LAPTOPS  TABLETS AND LEARNING PADS",
179141,"MOUTH ORGAN MELODICA MIX COLOR 16",0,1,23.9,-1,-23.9,"TOYS AND ENTERTAINMENT","MUSICAL KIDS INSTRUMENTS","FLUTE AND WHISTLES",
179144,"KIDS SAXOPHONE TOY",0,6,89,-6,-534,"TOYS AND ENTERTAINMENT","MUSICAL KIDS INSTRUMENTS","FLUTE AND WHISTLES",
178378,"WISDOMS REFINED TABLE SALT 400G  50",0,43,5.49,-43,-236.07,SUPERMARKET,"FOOD CUPBOARD","SALT  SUGAR AND JAGGERY",
17838,"SURE MEN APA ACTIVE DRY SPRAY 250ML 6",0,12,44.99,-12,-539.88,SUPERMARKET,"HOME AND PERSONAL CARE",FRAGRANCES,
179155,"FOOTBALL PLAYER MINIATURE DOLL 15 ASSTD DESIGN YW",0,7,85,-7,-595,"TOYS AND ENTERTAINMENT","DOLLS AND DOLLHOUSES","FASHION DOLLS ",
179159,"STEPPING BALL WITH LIGHT 3",0,3,26.9,-3,-80.7,"TOYS AND ENTERTAINMENT","SPORTS AND GAMES",BALLS,
179160,"FINGER SPINNER  ASSORTED 12",0,5,20.9,-5,-104.5,"TOYS AND ENTERTAINMENT","PUSH AND PULL ALONG TOYS","PRESS AND SPIN TOYS",
179161,"POPIT ASSORTED DESIGN TOYS",0,5,24.9,-5,-124.5,"TOYS AND ENTERTAINMENT","SOFT TOYS","STUFFED ANIMALS",
179162,"CHESS  BOARD GAME 31X16CM",0,5,65,-5,-325,"TOYS AND ENTERTAINMENT","BOARD GAMES AND PUZZLES","FAMILY GAMES",
177628,"DAPHNIS PENNE 40*250G  40",0,36,4.99,-36,-179.64,SUPERMARKET,"FOOD CUPBOARD","PASTA AND SPAGHETTI",
177630,"DAPHNIS ELBOWS 40*250GM  40",0,40,4.99,-40,-199.6,SUPERMARKET,"FOOD CUPBOARD","PASTA AND SPAGHETTI",
179198,"MAGIC NANO TAPE 3CMX3M YW",0,27,29.9,-27,-807.3,STATIONERY,"PACKAGING AND MAILING","   TAPES AND DISPENSERS",
179207,"DIARY 80 GSM 17.1X24.3CM B5 ASST DESIGN COL YW",0,1,22.9,-1,-22.9,STATIONERY,"SCHOOL AND CHILDREN STATIONERY","NOTE BOOKS",
179212,"LAN YARD CARD W/CLIP AND CORD OPP YW",0,12,2.9,-12,-34.8,STATIONERY,"OFFICE STATIONERY","OFFICE BASIC AND STATIONERY",
179226,"SCHOOL NAME STICKER 17.5X25CM 10 OPP YW",0,8,7.9,-8,-63.2,STATIONERY,"OFFICE STATIONERY","OFFICE BASIC AND STATIONERY",
179235,"SALES ORDER BOOK 16.5X12CM",0,15,11.9,-15,-178.5,STATIONERY,"OFFICE STATIONERY","BUSINESS CARDS AND BOOKS",
179253,"ENVELOPE A3 50PCS 32.4X40.05CM BROWN YW",0,10,99,-10,-990,STATIONERY,"PACKAGING AND MAILING","   ENVELOPES",
174401,"WAX CRAYONS EXTRA LONG 2371",0,3,12.9,-3,-38.7,STATIONERY,"SCHOOL AND CHILDREN STATIONERY","ART AND HOBBY SETS",
175865,"ALTAR NON ALCOHOLIC COMMUNION  WINE 1L 12",0,11,43.49,-11,-478.39,SUPERMARKET,BEVERAGES,JUICE,
175866,"KISS VODKA MIX 18% DRINK 250ML 24",0,5,15.29,-5,-76.45,SUPERMARKET,"BEVERAGES ALCOHOLIC","VODKA BOTTLES",
174944,"MCBERRY CHOCOLATE CEREAL BISCUITS 30G  72",0,27,1.39,-27,-37.53,SUPERMARKET,"FOOD CUPBOARD",BISCUITS,
174949,"KITCHEN LILEN SET 3PCS MYQ9-262",0,14,59,-14,-826,"HOME DECOR & TEXTILES","DISH CLOTHS AND NAPKINS","APRON AND GLOVES",
176031,"BROOM WSTICK COBRA GBB23",0,13,29.9,-13,-388.7,"HOUSEWARE & KITCHENWARE","HOME HYGIENE","BROOM BRUSHES DUSTPANS",
176032,"BROOM WSTICK TURTLE GBB24",0,9,19.9,-9,-179.1,"HOUSEWARE & KITCHENWARE","HOME HYGIENE","BROOM BRUSHES DUSTPANS",
176034,"BROOM WSTICK VENUS GBB18",0,15,34.9,-15,-523.5,"HOUSEWARE & KITCHENWARE","HOME HYGIENE","BROOM BRUSHES DUSTPANS",
174979,"NERO COLA CARBONATED PET DRINK 350ML 20",0,8,3.19,-8,-25.52,SUPERMARKET,BEVERAGES,DRINKS,
174980,"NERO ORANGE CARBONATED PET DRINK 350ML 20",0,21,3.19,-21,-66.99,SUPERMARKET,BEVERAGES,DRINKS,
175030,"PRACTICE BOOK CAP/SMA LETTER WRITING EB1193/EB1194",0,3,12.99,-3,-38.97,STATIONERY,"CHILDREN BOOKS AND GEN REF","BOOKS AND LEARNINGS",
175047,"FOUR SPECIAL AMOR RED MOSCATO WINE 750ML 6",0,12,62.99,-12,-755.88,SUPERMARKET,"BEVERAGES ALCOHOLIC",WINES,
174259,"GINO JOLLOF TOMATO SEASONING MIX 60G  50",0,37,3.29,-37,-121.73,SUPERMARKET,"FOOD CUPBOARD",CONDIMENTS,
174262,"BRISKFARM TOMATO MIX 56G  50",0,11,1.99,-11,-21.89,SUPERMARKET,"FOOD CUPBOARD",CONDIMENTS,
174270,"TOP CHOCOLATE SPREAD IN A TUBE 100G  24",0,7,10.99,-7,-76.93,SUPERMARKET,"FOOD CUPBOARD","SPREADS AND TOPPING",
175348,"AKAI AIR FRYER 8L 1700W DIGITAL SS AF011A-8001D",0,1,999,-1,-999,"ELECTRICAL APPLIANCES",FRYERS,"AIR/HALOGEN FRYER",
174324,"BRAINVITA MULTICOLOUR",0,3,37.9,-3,-113.7,"TOYS AND ENTERTAINMENT","BOARD GAMES AND PUZZLES","KIDS PUZZLES",
175384,"MUNCHEE MORNING DELIGHT CHOCOLATE BISCUIT 26G  72",0,2,1.39,-2,-2.78,SUPERMARKET,"FOOD CUPBOARD",BISCUITS,
175387,"MUNCHEE MORNING DELIGHT CREAL BISCUIT 22G  72",0,52,1.49,-52,-77.48,SUPERMARKET,"FOOD CUPBOARD",BISCUITS,
175391,"MUNCHEE BANANA CRUNCH BISCUIT 26G  72",0,12,1.39,-12,-16.68,SUPERMARKET,"FOOD CUPBOARD",BISCUITS,
175392,"MUNCHEE CHOCO CRUNCH BISCUIT 26G  72",0,6,1.39,-6,-8.34,SUPERMARKET,"FOOD CUPBOARD",BISCUITS,
184381,"CLOTHES HANGER 10PCS SET 40CM METAL XZ32658141 YWU",0,20,36.9,-20,-738,"HOUSEWARE & KITCHENWARE",LAUNDARY,"CLOTH HANGERS",
184383,"CLOTHES HANGER 10PCS SET 40CM PLAST Y106140CM YWU",0,30,59,-30,-1770,"HOUSEWARE & KITCHENWARE",LAUNDARY,"CLOTH HANGERS",
184386,"CLOTHES HANGER 5PCS SET 40CM PLASTIC XZ8107 YWU",0,30,14.9,-30,-447,"HOUSEWARE & KITCHENWARE",LAUNDARY,"CLOTH HANGERS",
184389,"CLOTHES HANGER 5PCS SET 40CM PLASTIC XZ3172 YWU",0,24,24.9,-24,-597.6,"HOUSEWARE & KITCHENWARE",LAUNDARY,"CLOTH HANGERS",
184390,"CLOTHES HANGER 3PCS SET 44CM WOODEN M2302 YWU",0,20,29.9,-20,-598,"HOUSEWARE & KITCHENWARE",LAUNDARY,"CLOTH HANGERS",
18372,"PRINCESS COCOA BUTTER LOTION 400ML  4",0,6,25.99,-6,-155.94,SUPERMARKET,"HOME AND PERSONAL CARE","SKIN CARE",
184460,"CONTAINER 3PCS SET RND PTD 123L PLASTIC HL70001TCP",0,2,29.9,-2,-59.8,"HOUSEWARE & KITCHENWARE","STORAGE AND ORGANIZER","STORAGE CONTAINERS",
184461,"CONTAINER 4PCS RND PTD 1235L PLASTIC HL70002TCP-12",0,4,42.9,-4,-171.6,"HOUSEWARE & KITCHENWARE","STORAGE AND ORGANIZER","STORAGE CONTAINERS",
184462,"CONTAINER 3PCS SET RND PTD 1153L PLASTIC HL7003TCP",0,3,24.9,-3,-74.7,"HOUSEWARE & KITCHENWARE","STORAGE AND ORGANIZER","STORAGE CONTAINERS",
184471,"PEDAL BIN 11L PLASTIC HL0027C-6",0,-1,44.9,1,44.9,"HOUSEWARE & KITCHENWARE","HOME HYGIENE",DUSTBINS,
18448,"DEVA DISHWASHING LIQUID LEMON 400ML 24 10401",0,5,19.99,-5,-99.95,SUPERMARKET,"HOME AND PERSONAL CARE","HOUSEHOLD CLEANERS",
184480,"JUG AND GLASS 5PCS SET PLASTIC HL0050CC + HL0051C",0,4,16.9,-4,-67.6,"HOUSEWARE & KITCHENWARE","STORAGE AND ORGANIZER","STORAGE CONTAINERS",
184485,"CADDY BASKET PLASTIC HL0035CC",0,33,4.9,-33,-161.7,"HOUSEWARE & KITCHENWARE",BATHROOM,"BATHROOM SHELF RACKS HOLDERS",
184486,"LAUNDRY BASKET PLASTIC HL0042C  36",0,15,9.9,-15,-148.5,"HOUSEWARE & KITCHENWARE",LAUNDARY,"LAUNDARY BASKET",
184491,"PLATE 6PCS SET PLASTIC HL0067DC/6-18",0,-2,19.9,2,39.8,"HOUSEWARE & KITCHENWARE",DINNERWARE,PLATE,
184526,"3PCS BEDSPREAD SET PR 102X86"" MPBSK ASTD",0,5,279,-5,-1395,"HOME DECOR & TEXTILES","BLANKETS QUILTS COMFORTERS AND BEDCOVERS",BEDSPREAD,
18454,"DEVA CLEANING SPONGE 5X1    16",0,8,29.99,-8,-239.92,SUPERMARKET,"HOME AND PERSONAL CARE","HOUSEHOLD CLEANERS",
18381,"BABY GIRL POWDER M/S 180G   4",0,3,12.99,-3,-38.97,SUPERMARKET,"HOME AND PERSONAL CARE","INFANT AND BABY CARE",
183263,"BEER MUG 4PCS SET 610ML BREMEN PJ 10821 RJK",0,5,79,-5,-395,"HOUSEWARE & KITCHENWARE",GLASSWARE,"BEER MUGS AND BEER GLASS",
183265,"BEER MUG 6PCS SET 550ML DOMINGO PJ 511901 RJK",0,5,99,-5,-495,"HOUSEWARE & KITCHENWARE",GLASSWARE,"BEER MUGS AND BEER GLASS",
183266,"BEER GLASS 6PCS SET 380ML PORTO BW 4613 RJK",0,7,49.9,-7,-349.3,"HOUSEWARE & KITCHENWARE",GLASSWARE,"BEER MUGS AND BEER GLASS",
183267,"BEER GLASS 6PCS SET 570ML HOPS BW 8120 RJK",0,6,69,-6,-414,"HOUSEWARE & KITCHENWARE",GLASSWARE,"BEER MUGS AND BEER GLASS",
183269,"WHISKEY 6PCS SET 325ML BARLEY PJ 191101 RJK",0,15,49.9,-15,-748.5,"HOUSEWARE & KITCHENWARE",GLASSWARE,"GLASS / TUMBLER /WINE / CHAMPAGNE",
183270,"TUMBLER 6PCS SET 390ML AKARI BW 15814 RJK",0,7,59,-7,-413,"HOUSEWARE & KITCHENWARE",GLASSWARE,"GLASS / TUMBLER /WINE / CHAMPAGNE",
183271,"TUMBLER 6PCS SET 330ML PICCA PJ 19212 RJK",0,4,49.9,-4,-199.6,"HOUSEWARE & KITCHENWARE",GLASSWARE,"GLASS / TUMBLER /WINE / CHAMPAGNE",
183274,"ICECREAM CUP 6PC SET 200ML GELATO PJ 027 RJK",0,2,49.9,-2,-99.8,"HOUSEWARE & KITCHENWARE",GLASSWARE,"ICE-CREAM CUPS AND BOWL /DESSERT SET",
183275,"COCKTAIL 6PCS SET 300ML MOZ  PJ 21611 RJK",0,15,59,-15,-885,"HOUSEWARE & KITCHENWARE",GLASSWARE,"GLASS / TUMBLER /WINE / CHAMPAGNE",
183276,"WHISKEY 6PCS SET 475ML TUSCANY BW 8217 RJK",0,7,49.9,-7,-349.3,"HOUSEWARE & KITCHENWARE",GLASSWARE,"GLASS / TUMBLER /WINE / CHAMPAGNE",
183277,"TUMBLER 6PCS SET 400ML FLORIDA BW 14714 RJK",0,14,59,-14,-826,"HOUSEWARE & KITCHENWARE",GLASSWARE,"GLASS / TUMBLER /WINE / CHAMPAGNE",
183278,"TUMBLER 6PCS SET 560ML PINOT BW 18020 RJK",0,5,69,-5,-345,"HOUSEWARE & KITCHENWARE",GLASSWARE,"GLASS / TUMBLER /WINE / CHAMPAGNE",
183279,"TUMBLER 6PCS SET 330ML PINOT FT 0112 RJK",0,7,59,-7,-413,"HOUSEWARE & KITCHENWARE",GLASSWARE,"GLASS / TUMBLER /WINE / CHAMPAGNE",
183280,"BEER MUG 6PCS SET 400ML WEISH PJ 10914 RJK",0,2,79,-2,-158,"HOUSEWARE & KITCHENWARE",GLASSWARE,"BEER MUGS AND BEER GLASS",
183281,"BEER GLASS 6PCS SET 405ML OHANA BW 3914 RJK",0,6,49.9,-6,-299.4,"HOUSEWARE & KITCHENWARE",GLASSWARE,"BEER MUGS AND BEER GLASS",
183283,"ICECREAM CUP 6PC SET 250ML VANILLA PJ 929 RJK",0,6,59,-6,-354,"HOUSEWARE & KITCHENWARE",GLASSWARE,"ICE-CREAM CUPS AND BOWL /DESSERT SET",
183287,"BEER MUG 6PCS SET 410ML ROSE PJ 4914 RJK",0,6,69,-6,-414,"HOUSEWARE & KITCHENWARE",GLASSWARE,"BEER MUGS AND BEER GLASS",
18384,"BABY BOY POWDER MS 180G   4",0,4,12.99,-4,-51.96,SUPERMARKET,"HOME AND PERSONAL CARE","INFANT AND BABY CARE",
183978,"CERAMIC BOWL 6"" ZBG-11 RJK",0,31,8.9,-31,-275.9,"HOUSEWARE & KITCHENWARE",DINNERWARE,BOWLS,
18341,"LONG MOUNTAIN CHENIN BLANC WHITE WINE 75CL 12",0,11,65.99,-11,-725.89,SUPERMARKET,"BEVERAGES ALCOHOLIC",WINES,
18342,"LONG MOUNTAIN SAUVIGNON BLANC WINE 75CL 6",0,4,65.99,-4,-263.96,SUPERMARKET,"BEVERAGES ALCOHOLIC",WINES,
18343,"LONG MOUNTAIN CHARDONNAY 75CL 6",0,7,65.99,-7,-461.93,SUPERMARKET,"BEVERAGES ALCOHOLIC",WINES,
184022,"FANTA STRAWBERRY PET DRINK 1.5L 6",0,11,23.99,-11,-263.89,SUPERMARKET,BEVERAGES,DRINKS,
183435,"TUMBLER GLASS EMBOSSED 400ML 3PCS SET 3GS01 RJK",0,15,34.9,-15,-523.5,"HOUSEWARE & KITCHENWARE",GLASSWARE,"GLASS / TUMBLER /WINE / CHAMPAGNE",
183436,"TUMBLER GLASS EMBOSSED 400ML 3PCS SET 3GS02 RJK",0,9,34.9,-9,-314.1,"HOUSEWARE & KITCHENWARE",GLASSWARE,"GLASS / TUMBLER /WINE / CHAMPAGNE",
183438,"TUMBLER GLASS EMBOSSED 454ML 3PCS SET 3GS04 RJK",0,15,34.9,-15,-523.5,"HOUSEWARE & KITCHENWARE",GLASSWARE,"GLASS / TUMBLER /WINE / CHAMPAGNE",
183439,"TUMBLER GLASS 454ML 3PCS SET 3GS05 RJK",0,14,29.9,-14,-418.6,"HOUSEWARE & KITCHENWARE",GLASSWARE,"GLASS / TUMBLER /WINE / CHAMPAGNE",
18344,"LONG MOUNTAIN MERLOT  RED WINE 75CL 6",0,3,69.99,-3,-209.97,SUPERMARKET,"BEVERAGES ALCOHOLIC",WINES,
183451,"TUMBLER GLASS 450ML 3PCS SET 3GS06 RJK",0,15,42.9,-15,-643.5,"HOUSEWARE & KITCHENWARE",GLASSWARE,"GLASS / TUMBLER /WINE / CHAMPAGNE",
183452,"TUMBLER GLASS 550ML 3PCS SET 3GS07 RJK",0,12,42.9,-12,-514.8,"HOUSEWARE & KITCHENWARE",GLASSWARE,"GLASS / TUMBLER /WINE / CHAMPAGNE",
183456,"HARMONY PILLOW 50X70+3.5CM 3DF 850GM",0,1,129,-1,-129,"HOME DECOR & TEXTILES",CUSHIONS,"ASSORTED CUSHIONS",
18347,"LONG MOUNTAIN CABERNET SAUVIGNON RED WINE 75CL 6",0,8,69.99,-8,-559.92,SUPERMARKET,"BEVERAGES ALCOHOLIC",WINES,
184101,"PEELER VEGFRUIT 77502 KA074",0,59,2.9,-59,-171.1,"HOUSEWARE & KITCHENWARE","KNIFE AND CHOPPING BOARD","VEG AND FRUIT PEELERS",
184107,"CERAMIC MUG EMBOSSED 330ML EBCM1-330 RJK",0,30,9.9,-30,-297,"HOUSEWARE & KITCHENWARE",DINNERWARE,MUGS,
184111,"CERAMIC MUG EMBOSSED 330ML EBCM5330 RJK",0,11,9.9,-11,-108.9,"HOUSEWARE & KITCHENWARE",DINNERWARE,MUGS,
183505,"CUP MELAMINE ZHN 2360",0,17,9.9,-17,-168.3,"HOUSEWARE & KITCHENWARE","MELAMINE WARE","MEL MUGS AND CUPS",
184167,"CHARLIE TOTAL FLUORIDE PROT TOOTHPAST 130G 72",0,41,10.99,-41,-450.59,SUPERMARKET,"HOME AND PERSONAL CARE","ORAL CARE",
184266,"CLOTH HANGER 7.5X36CM XSJ3600",0,2,99,-2,-198,"HOUSEWARE & KITCHENWARE",LAUNDARY,"CLOTH HANGERS",
184293,"LG LED TV 43 SAT SMART 43LR60006LA",0,2,5999,-2,-11998,"ELECTRONICS & TELECOM","LED TV","SMART TV",
184294,"LG LED TV 65 SAT SMART UHD 4K 65UT73006LA",0,1,15999,-1,-15999,"ELECTRONICS & TELECOM","LED TV","SMART TV",
183593,"CERAMIC COUPE DINNER PLATE 105 25FDL001 RJK",0,23,22.9,-23,-526.7,"HOUSEWARE & KITCHENWARE",DINNERWARE,PLATE,
182984,"HANGER 42CM RP6442S10 RJK",0,1,29.9,-1,-29.9,"HOUSEWARE & KITCHENWARE",LAUNDARY,"CLOTH HANGERS",
182985,"HANGER 41CM RP1142S8 RJK",0,4,42.9,-4,-171.6,"HOUSEWARE & KITCHENWARE",LAUNDARY,"CLOTH HANGERS",
182986,"HANGER 41CM RP1142CS8 RJK",0,7,49.9,-7,-349.3,"HOUSEWARE & KITCHENWARE",LAUNDARY,"CLOTH HANGERS",
182987,"HANGER 445X12MM W02A HOBC S6 RJK",0,8,69,-8,-552,"HOUSEWARE & KITCHENWARE",LAUNDARY,"CLOTH HANGERS",
183598,"CERAMIC SIDE PLATE 8 24FDL020 RJK",0,44,19.9,-44,-875.6,"HOUSEWARE & KITCHENWARE",DINNERWARE,PLATE,
183599,"CERAMIC SOUP PLATE 85 24FDL018 RJK",0,24,19.9,-24,-477.6,"HOUSEWARE & KITCHENWARE",DINNERWARE,PLATE,
183606,"CERAMIC COUPE DINNER PLATE 95 FLW95INCH RJK",0,10,19.9,-10,-199,"HOUSEWARE & KITCHENWARE",DINNERWARE,PLATE,
183607,"CERAMIC DINNER PLATE 9 FLW9INCH RJK",0,12,19.9,-12,-238.8,"HOUSEWARE & KITCHENWARE",DINNERWARE,PLATE,
183608,"CERAMIC DINNER PLATE FLW10INCHFLW11INCH RJK",0,10,19.9,-10,-199,"HOUSEWARE & KITCHENWARE",DINNERWARE,PLATE,
183625,"TEA SPOON 6PCS 1806TS",0,6,16.9,-6,-101.4,"HOUSEWARE & KITCHENWARE","CUTLERY ITEMS","SPOONS FORKS KNIFE AND CUTLERY SET",
183627,"DINNER KNIFE 6PCS 2954KN",0,9,22.9,-9,-206.1,"HOUSEWARE & KITCHENWARE","CUTLERY ITEMS","SPOONS FORKS KNIFE AND CUTLERY SET",
183628,"DINNER KNIFE 6PCS 1806KN",0,6,22.9,-6,-137.4,"HOUSEWARE & KITCHENWARE","CUTLERY ITEMS","SPOONS FORKS KNIFE AND CUTLERY SET",
183629,"DINNER KNIFE 6PCS 2920KN",0,11,22.9,-11,-251.9,"HOUSEWARE & KITCHENWARE","CUTLERY ITEMS","SPOONS FORKS KNIFE AND CUTLERY SET",
184353,"TISSUE HOLDER D SHAPE SS 62080208",0,24,14.9,-24,-357.6,"HOUSEWARE & KITCHENWARE",BATHROOM,"BATHROOM SHELF RACKS HOLDERS",
184354,"TISSUE HOLDER RAINBOW SS 60060343",0,24,19.9,-24,-477.6,"HOUSEWARE & KITCHENWARE",BATHROOM,"BATHROOM SHELF RACKS HOLDERS",
184368,"NERO PRIME WATER 750ML  15",0,16,2.19,-16,-35.04,SUPERMARKET,BEVERAGES,"MINERAL WATER",
184369,"NERO PRIME WATER 500ML  15",0,30,1.89,-30,-56.7,SUPERMARKET,BEVERAGES,"MINERAL WATER",
184371,"NERO ICE LEMON DRINK 350ML  12",0,26,5.99,-26,-155.74,SUPERMARKET,BEVERAGES,DRINKS,
184372,"NERO WISKY COLA DRINK 350ML 12",0,10,5.99,-10,-59.9,SUPERMARKET,BEVERAGES,DRINKS,
184373,"NERO EXOTICA DRINK 350ML  12",0,33,6.19,-33,-204.27,SUPERMARKET,BEVERAGES,DRINKS,
181959,"RAINBOW CONTAINER 5PCS SET PRINCE 5137-5",0,12,29.9,-12,-358.8,"HOUSEWARE & KITCHENWARE","STORAGE AND ORGANIZER","STORAGE CONTAINERS",
180205,"PRINCESS POWDER S/S 200GR  4",0,3,14.99,-3,-44.97,SUPERMARKET,"HOME AND PERSONAL CARE","SKIN CARE",
180214,"PRINCESS PERFUME FOR HER 50ML  6",0,40,12.99,-40,-519.6,SUPERMARKET,"HOME AND PERSONAL CARE",FRAGRANCES,
182003,"FABER CASTELL TRIFLOW BALL PEN 0.7MM 50PCS GREEN",0,39,2.9,-39,-113.1,STATIONERY,"GENERAL STATIONERY","   WRITING SUPPLIES",
180219,"KLEANZ HAND SOAP ORIGINAL ANTIBACTERIAL 500ML  4",0,13,22.99,-13,-298.87,SUPERMARKET,"HOME AND PERSONAL CARE","PERSONAL WASH",
180221,"KLEANZ HAND SOAP STRAWBERRY ANTIBACTERIAL 500ML 4",0,18,22.99,-18,-413.82,SUPERMARKET,"HOME AND PERSONAL CARE","PERSONAL WASH",
180223,"KLEANZ HAND SOAP APPLE ANTIBACTERIAL 500ML 24",0,17,22.99,-17,-390.83,SUPERMARKET,"HOME AND PERSONAL CARE","PERSONAL WASH",
180227,"PRINCESS HAND SOAP ANTIBACTERIAL ROSE 500ML  4",0,18,22.99,-18,-413.82,SUPERMARKET,"HOME AND PERSONAL CARE","PERSONAL WASH",
180232,"STYLE UP SHOWER GEL FOCUS 1050ML  20",0,20,42.99,-20,-859.8,SUPERMARKET,"HOME AND PERSONAL CARE","PERSONAL WASH",
180233,"DZIRE MINI WATER DISPENSER 1.3L 4W PWD-AP222",0,7,59,-7,-413,"ELECTRICAL APPLIANCES","WATER DISPENSER","WD PORTABLE",
180235,"STYLE UP SHOWER GEL REFRESH 1050ML  20",0,14,42.99,-14,-601.86,SUPERMARKET,"HOME AND PERSONAL CARE","PERSONAL WASH",
180240,"SOLDIER (MENTHOLATED) BAR SOAP 125G  36",0,26,12.99,-26,-337.74,SUPERMARKET,"HOME AND PERSONAL CARE","PERSONAL WASH",
180248,"BO-16 STYLING GEL (TRANSPARENT) 150G  6",0,6,11.59,-6,-69.54,SUPERMARKET,"HOME AND PERSONAL CARE","HAIR CARE",
182097,"FARAGELLO GOLD ORANGE NECTAR TETRAPACK 1L 12",0,5,29.99,-5,-149.95,SUPERMARKET,BEVERAGES,JUICE,
182106,"FARAGELLO GRAPE NECTAR TETRA PACK 1L 12 (BLUE)",0,8,24.99,-8,-199.92,SUPERMARKET,BEVERAGES,JUICE,
182126,"PLATINUM SUNFLOWER OIL 4.3L 3",0,3,179.99,-3,-539.97,SUPERMARKET,"FOOD CUPBOARD","EDIBLE OILS AND GHEE",
182127,"PLATINUM SUNFLOWER OIL 1.5L 8",0,11,79.99,-11,-879.89,SUPERMARKET,"FOOD CUPBOARD","EDIBLE OILS AND GHEE",
182129,"PLATINUM SUNFLOWER OIL 820ML 15",0,11,39.99,-11,-439.89,SUPERMARKET,"FOOD CUPBOARD","EDIBLE OILS AND GHEE",
182130,"FARAGELLO MANGO NECTAR TETRA PACK 1L 12 (BLUE)",0,11,24.99,-11,-274.89,SUPERMARKET,BEVERAGES,JUICE,
182194,"DZIRE FRIDGE DD 85L SILVER REF-TMF-11D",0,1,2199,-1,-2199,"ELECTRICAL APPLIANCES",REFRIGERATOR,"DD TMF REFRIGERATOR",
180314,"STYLE UP PARFUM ORIGINAL 50ML  48",0,10,10.99,-10,-109.9,SUPERMARKET,"HOME AND PERSONAL CARE",FRAGRANCES,
179599,"CLAMP BINDER 25MM 8PCS/BOX",0,8,5.9,-8,-47.2,STATIONERY,"OFFICE STATIONERY","OFFICE BASIC AND STATIONERY",
179600,"CLAMP BINDER 19MM 12PCS/BOX YW",0,12,5.9,-12,-70.8,STATIONERY,"OFFICE STATIONERY","OFFICE BASIC AND STATIONERY",
182384,"BBQ PORTABLE & FOLDABLE CG1",0,7,159,-7,-1113,"HOUSEWARE & KITCHENWARE",KITCHENWARE,"BBQ AND ACCESSORIES",
179717,"RNS COLOURED PENCIL WATER-SOLUBLE 24C 130176",0,10,119,-10,-1190,STATIONERY,"SCHOOL AND CHILDREN STATIONERY","ART AND HOBBY SETS",
179732,"AKAI RICE COOKER 1.5L 500W CK022A-1.5LS",0,7,399,-7,-2793,"ELECTRICAL APPLIANCES","RICE/ MULTI COOKER","POT TYPE RICE COOKER",
179733,"AKAI RICE COOKER 1.8L 700W CK023A-1.8LS",0,7,439,-7,-3073,"ELECTRICAL APPLIANCES","RICE/ MULTI COOKER","POT TYPE RICE COOKER",
179734,"AKAI RICE COOKER 2.8L 900W CK024A-2.8LS",0,10,549,-10,-5490,"ELECTRICAL APPLIANCES","RICE/ MULTI COOKER","POT TYPE RICE COOKER",
179801,"TOILET BRUSH WSTAND PLASTIC 5035",0,12,49.9,-12,-598.8,"HOUSEWARE & KITCHENWARE","HOME HYGIENE","TOILET BRUSHES",
179802,"BIG KAT CHOCOLATE WAFERS 15G 30",0,3,1.99,-3,-5.97,SUPERMARKET,"FOOD CUPBOARD",BISCUITS,
18153,"POMO TOMATO PASTE 60G SACH 50",0,33,3.29,-33,-108.57,SUPERMARKET,"FOOD CUPBOARD",CONDIMENTS,
179850,"AKAI BLENDER W/MILL 1.8L 500W BD076A-87M",0,1,369,-1,-369,"ELECTRICAL APPLIANCES","FOOD PROCESSOR/BLENDER",BLENDERS,
179869,"PASTELITER 4020P/2BC",0,1,12.9,-1,-12.9,STATIONERY,"SCHOOL AND CHILDREN STATIONERY","ART AND HOBBY SETS",
179871,"FOCUS ICY BALL PEN 1MM 1760/9BC",0,7,22.9,-7,-160.3,STATIONERY,"GENERAL STATIONERY","   WRITING SUPPLIES",
181593,"NASCO FRIDGE DD 98L NASF2-13S",0,1,2799,-1,-2799,"ELECTRICAL APPLIANCES",REFRIGERATOR,"DD TMF REFRIGERATOR",
179916,"PEACOCK THAI RICE 1KG  12",0,9,45.99,-9,-413.91,SUPERMARKET,"FOOD CUPBOARD","RAW RICE",
180688,"DZIRE LIGHT RECHARGEABLE  RL30-823A",0,12,119,-12,-1428,"ELECTRICAL APPLIANCES",LIGHTING/LAMPS,"TORCH/ LANTERN",
180716,"UNITY TUNA FLAKES IN VEGETABLE OIL 185G 48",0,48,20.99,-48,-1007.52,SUPERMARKET,"FOOD CUPBOARD","CANNED FOOD",
180723,"AKAI AC SPLIT 1.5HP R410A AC064A-12KBTU",0,1,3999,-1,-3999,"ELECTRICAL APPLIANCES","AIR CONDITIONING","SPLIT AC",
181824,"CERAMIC SQ PLATE 10.5INCHES LDS001",0,24,29.9,-24,-717.6,"HOUSEWARE & KITCHENWARE",DINNERWARE,PLATE,
18794,"SURE MEN APA QUANTUM DRY SPRAY 250ML 6",0,24,44.99,-24,-1079.76,SUPERMARKET,"HOME AND PERSONAL CARE",FRAGRANCES,
190049,"BEER GLASS 650ML FOOTBALL YWU",0,21,16.9,-21,-354.9,"HOUSEWARE & KITCHENWARE",GLASSWARE,"BEER MUGS AND BEER GLASS",
187971,"JOJONAVI SOURSOP FRUIT CAN JUICE DRINK 330ML 24",0,9,13.49,-9,-121.41,SUPERMARKET,BEVERAGES,JUICE,
188581,"KIDS BUBBLE WATER STICK COLORED 10CM 6615113110245",0,47,4.9,-47,-230.3,"TOYS AND ENTERTAINMENT","BACKYARD PLAY","SWIMMING AND POOL ACCESSORIES",
190051,"BEER GLASS 500ML 2PCS SET  YWU",0,18,24.9,-18,-448.2,"HOUSEWARE & KITCHENWARE",GLASSWARE,"BEER MUGS AND BEER GLASS",
190054,"SERVING BOWL 7PCS SET 1300ML300ML GLASS YWU",0,8,79,-8,-632,"HOUSEWARE & KITCHENWARE",GLASSWARE,"GLASS BOWL",
190055,"GLASS JAR 7PCS SET GOLD 1500ML230ML YWU",0,11,99,-11,-1089,"HOUSEWARE & KITCHENWARE",GLASSWARE,"CANISTERS AND JARS",
190057,"GLASS JAR 7PCS SET GOLD 1500ML220ML YWU",0,8,99,-8,-792,"HOUSEWARE & KITCHENWARE",GLASSWARE,"CANISTERS AND JARS",
190101,"FAN LED W/LIGHT 1800",0,6,229,-6,-1374,"ELECTRICAL APPLIANCES",FAN,"BOX TOWER MISC FAN",
190115,"MANICURE KIT 12",0,1,49.9,-1,-49.9,"HOME DECOR & TEXTILES","HOME IMPROVEMENT","BATH ACCESSORIES",
190163,"TCL QLED TV 50"" SMART 2K 50S5K",0,1,5199,-1,-5199,"ELECTRONICS & TELECOM","LED TV",OLED/QLED,
189428,"MCBERRY SUGAR FREE SODA 25G  216",0,130,1.29,-130,-167.7,SUPERMARKET,"FOOD CUPBOARD",BISCUITS,
18819,"STELLA ARTOIS LAGER BEER BOTTLE  330ML  24",0,9,24.99,-9,-224.91,SUPERMARKET,"BEVERAGES ALCOHOLIC","BOTTLE BEER",
189501,"3PCS COMFORTER SET TWIN 66""X86"" MF ASST 03-CO-0475",0,3,229,-3,-687,"HOME DECOR & TEXTILES","BLANKETS QUILTS COMFORTERS AND BEDCOVERS",COMFORTERS,
189502,"3PC COMFORTER SET QUEEN 86""X86"" MF ASST 03-CO-0476",0,4,279,-4,-1116,"HOME DECOR & TEXTILES","BLANKETS QUILTS COMFORTERS AND BEDCOVERS",COMFORTERS,
189503,"3PC COMFORTER SET KING 102""X86"" MF ASST 03-CO-0477",0,3,329,-3,-987,"HOME DECOR & TEXTILES","BLANKETS QUILTS COMFORTERS AND BEDCOVERS",COMFORTERS,
189518,"SMIRNOFF ICE PINEAPPLE PUNCH CAN 330ML  6",0,1,16.99,-1,-16.99,SUPERMARKET,"BEVERAGES ALCOHOLIC",CIDER,
189519,"SMIRNOFF ICE DOUBLE BLACK CAN  330ML 24",0,1,18.49,-1,-18.49,SUPERMARKET,"BEVERAGES ALCOHOLIC",CIDER,
189563,"KIVO 100% NATURAL HOT SHITTO 225G  24",0,24,35.99,-24,-863.76,SUPERMARKET,"FOOD CUPBOARD",CONDIMENTS,
189566,"KENWOOD STANDING FAN 16"" IFP16.000BK",0,1,499,-1,-499,"ELECTRICAL APPLIANCES",FAN,"STANDING FAN",
189567,"KENWOOD STANDING FAN 18"" IFP18.000BK",0,1,699,-1,-699,"ELECTRICAL APPLIANCES",FAN,"STANDING FAN",
189568,"KIVO 4 IN 1 GARI SOAKING MIX COCONUT 120G  40",0,45,4.99,-45,-224.55,SUPERMARKET,"FOOD CUPBOARD",FLOURS,
187470,"TRASH BIN PLASTIC GREY RJK G2282",0,2,369,-2,-738,"HOUSEWARE & KITCHENWARE","HOME HYGIENE",DUSTBINS,
187474,"TRASH BIN PLASTIC GREY RJK G5270",0,4,299,-4,-1196,"HOUSEWARE & KITCHENWARE","HOME HYGIENE",DUSTBINS,
18748,"NESTLE CERELAC BL RICE 50G 10X8  80",0,111,6.99,-111,-775.89,SUPERMARKET,"FOOD CUPBOARD","BREAKFAST CEREALS",
18749,"NESTLE CERELAC BL WHEAT 50G 10X8",0,4,6.99,-4,-27.96,SUPERMARKET,"FOOD CUPBOARD","BREAKFAST CEREALS",
18751,"NESTLE CERELAC BL 3FRUITS 50G 10X8",0,42,7.59,-42,-318.78,SUPERMARKET,"FOOD CUPBOARD","BREAKFAST CEREALS",
188869,"BATHMAT 50X80CM BM-278 SILVER CP",0,10,59,-10,-590,"HOME DECOR & TEXTILES","BATH AND LAUNDRY","BATH MATS",
188870,"BATHMAT 50X80CM BM-278 BEIGE CP",0,4,59,-4,-236,"HOME DECOR & TEXTILES","BATH AND LAUNDRY","BATH MATS",
188884,"TECNO MOBILE SPARK 40 4GB/128GB KM5",0,2,1799,-2,-3598,"ELECTRONICS & TELECOM","MOBILE PHONES AND TABLETS","SMART MOBILE",
189674,"AKAI KETTLE 3.5L 2200W EK043A-3500L",0,1,359,-1,-359,"ELECTRICAL APPLIANCES",KETTLE,"PLASTIC KETTLE",
189702,"FANTA COCKTAIL PET 450ML  12",0,23,8.99,-23,-206.77,SUPERMARKET,BEVERAGES,DRINKS,
18767,"VITAMILK BANANA 300ML  24",0,3,16.99,-3,-50.97,SUPERMARKET,BEVERAGES,DRINKS,
188989,"PLATINUM BEEF PATE 400G X 20",0,17,27.99,-17,-475.83,SUPERMARKET,"FOOD CUPBOARD","CANNED FOOD",
189734,"PERLA STILL MINERAL WATER 330ML 12",0,4,16.99,-4,-67.96,SUPERMARKET,BEVERAGES,"MINERAL WATER",
187713,"BATH MAT PLASTIC 50X80CM 4COLOR MIX",0,14,65,-14,-910,"HOME DECOR & TEXTILES","HOME FURNISHING","BATH LINEN",
187167,"CHEF KNIFE 8INCHES RJK ID-A823KD0001",0,4,34.9,-4,-139.6,"HOUSEWARE & KITCHENWARE","KNIFE AND CHOPPING BOARD","CHEF KNIFE",
187168,"BREAD KNIFE 8INCHES RJK ID-A823KD0002",0,8,24.9,-8,-199.2,"HOUSEWARE & KITCHENWARE","KNIFE AND CHOPPING BOARD","SINGLE KNIFE",
187172,"KITCHEN TOOLS 5PCS SET NYLON RJK AG-C973BA1201",0,8,129,-8,-1032,"HOUSEWARE & KITCHENWARE","KITCHEN TOOLS AND CULTARY","COOKING TOOL SET",
187173,"CHEF KNIFE 8INCHES RJK ID-A838KD0001",0,4,29.9,-4,-119.6,"HOUSEWARE & KITCHENWARE","KNIFE AND CHOPPING BOARD","SINGLE KNIFE",
187174,"BREAD KNIFE RJK ID-A838KD0002",0,6,24.9,-6,-149.4,"HOUSEWARE & KITCHENWARE","KNIFE AND CHOPPING BOARD","SINGLE KNIFE",
187175,"UTILITY KNIFE RJK ID-A838KD0010",0,5,16.9,-5,-84.5,"HOUSEWARE & KITCHENWARE","KNIFE AND CHOPPING BOARD","SINGLE KNIFE",
187176,"MEASURING CUP 5PCS SET PLASTIC RJK B-D007KA1063-1",0,10,22.9,-10,-229,"HOUSEWARE & KITCHENWARE",BAKEWARE,"BAKING TOOLS AND ACCESSORIES",
185176,"DINNER PLATE 10INCHES CERAMIC WHITE BCJ105 RJK",0,30,12.9,-30,-387,"HOUSEWARE & KITCHENWARE",DINNERWARE,PLATE,
187185,"COOKING BRUSH SILICONE RJK B-D600KA0520",0,10,19.9,-10,-199,"HOUSEWARE & KITCHENWARE","KITCHEN TOOLS AND CULTARY","COOKING BRUSH",
187186,"BAKING TOOL 3PCS SET SILICONE RJK PP-D600KA1113",0,8,44.9,-8,-359.2,"HOUSEWARE & KITCHENWARE",BAKEWARE,"BAKING TOOLS AND ACCESSORIES",
185212,"PLATE 6 CLP6 RJK",0,4,4.9,-4,-19.6,"HOUSEWARE & KITCHENWARE",DINNERWARE,PLATE,
185788,"MCVITIES BUTTER SHORTBREAD BITES 25G  48",0,-1,7.59,1,7.59,SUPERMARKET,"FOOD CUPBOARD",BISCUITS,
186666,"LUNCH BOX W/YOGURT CUP PLASTIC RJK YH448",0,5,129,-5,-645,"HOUSEWARE & KITCHENWARE","STORAGE AND ORGANIZER","LUNCH BOXES TIFFINS AND FOOD FLASK",
186668,"LUNCH BOX W/YOGURT CUP PLASTIC RJK YH449",0,5,139,-5,-695,"HOUSEWARE & KITCHENWARE","STORAGE AND ORGANIZER","LUNCH BOXES TIFFINS AND FOOD FLASK",
184604,"FUFU BOWL 8"" CERAMIC STKLT SK03 RJK",0,19,24.9,-19,-473.1,"HOUSEWARE & KITCHENWARE",DINNERWARE,BOWLS,
184609,"SOUP BOWL 7"" CERAMIC STKLT SK08 RJK",0,55,9.9,-55,-544.5,"HOUSEWARE & KITCHENWARE",DINNERWARE,BOWLS,
184610,"FUFU BOWL 8"" CERAMIC STKLT SK09 RJK",0,46,12.9,-46,-593.4,"HOUSEWARE & KITCHENWARE",DINNERWARE,BOWLS,
184613,"SOUP PLATE 7INCH CERAMIC STKLT SK12 RJK",0,79,9.9,-79,-782.1,"HOUSEWARE & KITCHENWARE",DINNERWARE,PLATE,
184614,"SOUP PLATE 8INCH CERAMIC STKLT SK13 RJK",0,51,9.9,-51,-504.9,"HOUSEWARE & KITCHENWARE",DINNERWARE,PLATE,
186695,"RAINBOW CONTAINER 7PCS SET RECT PLASTIC 8018-7",0,11,49.9,-11,-548.9,"HOUSEWARE & KITCHENWARE","STORAGE AND ORGANIZER","STORAGE CONTAINERS",
186696,"RAINBOW CONTAINER 5PCS SET RECT PLASTIC RJK 2018-5",0,12,34.9,-12,-418.8,"HOUSEWARE & KITCHENWARE","STORAGE AND ORGANIZER","STORAGE CONTAINERS",
184616,"SIDE PLATE 8"" CERAMIC STKLT FP01 RJK",0,51,9.9,-51,-504.9,"HOUSEWARE & KITCHENWARE",DINNERWARE,PLATE,
184617,"SIDE PLATE 9"" CERAMIC STKLT FP02 RJK",0,39,12.9,-39,-503.1,"HOUSEWARE & KITCHENWARE",DINNERWARE,PLATE,
184618,"DINNER PLATE 10"" CERAMIC STKLT FP03 RJK",0,35,19.9,-35,-696.5,"HOUSEWARE & KITCHENWARE",DINNERWARE,PLATE,
18464,"PRAN FROOTO MANGO JUICE 1500ML 6",0,11,34.99,-11,-384.89,SUPERMARKET,BEVERAGES,JUICE,
185373,"3PCS BEDSHEET SET Q 230X250CM PRINT ASS 03-BT-1028",0,8,99,-8,-792,"HOME DECOR & TEXTILES","BED SHEET","QUEEN SIZE BEDSHEET",
185374,"3PCS BEDSHEET SET K 270X250CM PRINT ASS 03-BT-1029",0,11,119,-11,-1309,"HOME DECOR & TEXTILES","BED SHEET","KING SIZE BEDSHEET",
185377,"4PCS BEDSHEET SET Q 230X250CM PRINT ASS 03-BT-1032",0,4,139,-4,-556,"HOME DECOR & TEXTILES","BED SHEET","QUEEN SIZE BEDSHEET",
185378,"4PCS BEDSHEET SET K 270X250CM PRINT ASS 03-BT-1033",0,19,159,-19,-3021,"HOME DECOR & TEXTILES","BED SHEET","KING SIZE BEDSHEET",
185402,"CURTAIN JACQ GROM GRAY 54X90"" 02-PA-7263A",0,5,89,-5,-445,"HOME DECOR & TEXTILES",CURTAINS,"GROMMET CURTAINS",
186815,"TRACE AND COLOUR BOOK",0,1,10.9,-1,-10.9,STATIONERY,"CHILDREN BOOKS AND GEN REF","BOOKS AND LEARNINGS",
185415,"CURTAIN BKT GROM BEIG 2P 54X90"" 02-PA-7216A",0,8,199,-8,-1592,"HOME DECOR & TEXTILES",CURTAINS,"GROMMET CURTAINS",
185418,"CURTAIN BKT GROM COFF 2P 54X90"" 02-PA-7216D",0,3,199,-3,-597,"HOME DECOR & TEXTILES",CURTAINS,"GROMMET CURTAINS",
185419,"CURTAIN BKT GROM BURG 2P 54X90"" 02-PA-7216E",0,1,199,-1,-199,"HOME DECOR & TEXTILES",CURTAINS,"GROMMET CURTAINS",
185445,"CURTAIN BKT GROM BROWN 54X90"" 02-PA-7261C",0,6,109,-6,-654,"HOME DECOR & TEXTILES",CURTAINS,"GROMMET CURTAINS",
185447,"CURTAIN BKT GROM SILVER 54X90"" 02-PA-7261E",0,1,109,-1,-109,"HOME DECOR & TEXTILES",CURTAINS,"GROMMET CURTAINS",
186838,"MY FIRST 1000 WORDS",0,2,29,-2,-58,STATIONERY,"CHILDREN BOOKS AND GEN REF","BOOKS AND LEARNINGS",
184782,"DISH RACK DELICIOUS",0,7,179,-7,-1253,"HOUSEWARE & KITCHENWARE",KITCHENWARE,"DISH RACKS",
184788,"TUMBLER 6PCS SET GLASS 330ML",0,7,89,-7,-623,"HOUSEWARE & KITCHENWARE",GLASSWARE,"GLASS / TUMBLER /WINE / CHAMPAGNE",
186038,"GLASS JUG WCUP 7PCS SET 1680260ML 19117DDE RJK",0,6,149,-6,-894,"HOUSEWARE & KITCHENWARE",GLASSWARE,"JUGS/JUG WITH LIDS",
186039,"GLASS JUG WCUP 7PCS SET 1680165ML 19127DDE RJK",0,6,149,-6,-894,"HOUSEWARE & KITCHENWARE","STORAGE AND ORGANIZER","STORAGE CONTAINERS",
186040,"GLASS JUG WCUP 7PCS SET 1800210ML 19137DDE RJK",0,3,149,-3,-447,"HOUSEWARE & KITCHENWARE","STORAGE AND ORGANIZER","STORAGE CONTAINERS",
186042,"GLASS JUG WCUP 7PCS SET 1600240ML 19157DDE RJK",0,5,149,-5,-745,"HOUSEWARE & KITCHENWARE","STORAGE AND ORGANIZER","STORAGE CONTAINERS",
186058,"AKAI POWER BLENDER 2L 1200W SILENT BD079A-11C",0,4,1499,-4,-5996,"ELECTRICAL APPLIANCES","COMMERCIAL APPLIANCES","COMMERCIAL BLENDER",
186107,"2PCS OVEN MITTEN&POT HOLDER SET 18X30CM ASS OVM-01",0,21,34.9,-21,-732.9,"HOME DECOR & TEXTILES","DISH CLOTHS AND NAPKINS","APRON AND GLOVES",
186110,"LACTASOY PLAIN SOYMILK 200ML 24",0,24,9.99,-24,-239.76,SUPERMARKET,"FOOD CUPBOARD","MILK AND CREAMERS",
186191,"DZIRE POWER BLENDER W/MILL 2L 550W PCJAR BLC-HB001",0,2,689,-2,-1378,"ELECTRICAL APPLIANCES","COMMERCIAL APPLIANCES","COMMERCIAL BLENDER",
186194,"AKAI POWER BLENDER W/MILL 2L 1000W PCJ BD080A-005C",0,2,999,-2,-1998,"ELECTRICAL APPLIANCES","COMMERCIAL APPLIANCES","COMMERCIAL BLENDER",
194895,"COOKING TOOL 3PCS SET SILICONE ZHN ZC-3PC",0,67,22.9,-67,-1534.3,"HOUSEWARE & KITCHENWARE","KITCHEN TOOLS AND CULTARY","COOKING TOOL SET",
194899,"COOKING TOOL 2PCS SET SILICONE ZHN S-T02",0,43,6.9,-43,-296.7,"HOUSEWARE & KITCHENWARE","KITCHEN TOOLS AND CULTARY","COOKING TOOL SET",
194947,"LADLE TURNER LONG SILICONE ZHN HR22PC-22DS",0,60,8.9,-60,-534,"HOUSEWARE & KITCHENWARE","KITCHEN TOOLS AND CULTARY","COOKING TOOL LADLES AND SERVERS",
194961,"LADLE SLOTTED SPOON SILICONE ZHN HR22PC-18DS",0,59,7.9,-59,-466.1,"HOUSEWARE & KITCHENWARE","KITCHEN TOOLS AND CULTARY","COOKING TOOL LADLES AND SERVERS",
194962,"LADLE SLOTTED SPOON SILICONE ZHN HR22PC-20DS",0,56,8.9,-56,-498.4,"HOUSEWARE & KITCHENWARE","KITCHEN TOOLS AND CULTARY","COOKING TOOL LADLES AND SERVERS",
194966,"LADLE SLOTTED TURNER SILICONE ZHN HR22PC-16DS",0,59,8.9,-59,-525.1,"HOUSEWARE & KITCHENWARE","KITCHEN TOOLS AND CULTARY","COOKING TOOL LADLES AND SERVERS",
194970,"LADLE SLOTTED TURNER SILICONE ZHN HR22PC-14DS",0,60,7.9,-60,-474,"HOUSEWARE & KITCHENWARE","KITCHEN TOOLS AND CULTARY","COOKING TOOL LADLES AND SERVERS",
19386,"HUGGIES  BABY WIPES ALL OVER CLEAN  56-S  10",0,3,27.99,-3,-83.97,SUPERMARKET,"HOME AND PERSONAL CARE","INFANT AND BABY CARE",
193477,"DOOR MAT RUBBER PP 16MM ASTD 50X80CM",0,2,65,-2,-130,"HOME DECOR & TEXTILES","FLOOR MATS","DOOR MAT",
193503,"LAV STEMWARE 6PCS SET LVMIS560F",0,4,89,-4,-356,"HOUSEWARE & KITCHENWARE",GLASSWARE,"GLASS / TUMBLER /WINE / CHAMPAGNE",
194647,"WINE GLASS 3PCS SET RB-063",0,23,39.9,-23,-917.7,"HOUSEWARE & KITCHENWARE",GLASSWARE,"GLASS / TUMBLER /WINE / CHAMPAGNE",
194678,"CERAMIC BOWL 8.75 INCHES RB-001",0,20,19.9,-20,-398,"HOUSEWARE & KITCHENWARE",DINNERWARE,BOWLS,
194699,"SERVING BOWL WLID AND SIDE HANDLE 1000ML RB058",0,23,29.9,-23,-687.7,"HOUSEWARE & KITCHENWARE",GLASSWARE,"CASSEROLES AND BOWLS WITH LID",
194710,"PLATE CERAMIC 8INCHES QW-003",0,47,19.9,-47,-935.3,"HOUSEWARE & KITCHENWARE",DINNERWARE,PLATE,
194173,"COLGATE TB DOUBLE ACTION  HERBAL (1 PK 10X12) 120",0,81,9.49,-81,-768.69,SUPERMARKET,"HOME AND PERSONAL CARE","ORAL CARE",
19418,"LELE SUNFLOWER OIL 5L 3",0,4,209.99,-4,-839.96,SUPERMARKET,"FOOD CUPBOARD","EDIBLE OILS AND GHEE",
19424,"ZWAN CHOPPED HAM & PORK 200G   12",0,7,58.99,-7,-412.93,SUPERMARKET,"FOOD CUPBOARD","CANNED FOOD",
190929,"JAMAA DETERGENT POWDER 4.5KG 3",0,1,129.99,-1,-129.99,SUPERMARKET,"HOME AND PERSONAL CARE","LAUNDRY CARE",
191056,"KOYO NON-DIARY CREAMER 200G  26",0,10,13.49,-10,-134.9,SUPERMARKET,"FOOD CUPBOARD","MILK AND CREAMERS",
191057,"KIVO 4 IN 1 GARI SOAKING MIX  IN CUP 125G  12",0,12,10.99,-12,-131.88,SUPERMARKET,"FOOD CUPBOARD",FLOURS,
191896,"KENWOOD RICE COOKER 1.8L WHITE 700W RCM18",0,5,599,-5,-2995,"ELECTRICAL APPLIANCES","RICE/ MULTI COOKER","POT TYPE RICE COOKER",
191897,"KENWOOD RICE COOKER 1.8L 700W SS RCM19",0,3,669,-3,-2007,"ELECTRICAL APPLIANCES","RICE/ MULTI COOKER","POT TYPE RICE COOKER",
190498,"BORDER PRINT BATHMAT W/LATEX ASSORTED 40X60CM",0,40,25.9,-40,-1036,"HOME DECOR & TEXTILES","HOME FURNISHING","BATH LINEN",
191898,"KENWOOD RICE COOKER 2.8L 1000W SS RCM28",0,4,749,-4,-2996,"ELECTRICAL APPLIANCES","RICE/ MULTI COOKER","POT TYPE RICE COOKER",
191928,"DINNER SPOON 52G0355 ZHN",0,43,24.9,-43,-1070.7,"HOUSEWARE & KITCHENWARE","CUTLERY ITEMS","SPOONS FORKS KNIFE AND CUTLERY SET",
191409,"KIVO 4 IN 1 GARI SOAKING MIX STRAWBERRY 120G  40",0,29,4.99,-29,-144.71,SUPERMARKET,"FOOD CUPBOARD",FLOURS,
191975,"DINNER SPOON 42G1155 ZHN",0,20,24.9,-20,-498,"HOUSEWARE & KITCHENWARE","CUTLERY ITEMS","SPOONS FORKS KNIFE AND CUTLERY SET",
191979,"DINNER SPOON 45G0325 ZHN",0,55,24.9,-55,-1369.5,"HOUSEWARE & KITCHENWARE","CUTLERY ITEMS","SPOONS FORKS KNIFE AND CUTLERY SET",
191983,"DINNER SPOON 51G0359 ZHN",0,42,24.9,-42,-1045.8,"HOUSEWARE & KITCHENWARE","CUTLERY ITEMS","SPOONS FORKS KNIFE AND CUTLERY SET",
192002,"MELCOM KITCHEN TOWEL XL 6",0,6,32.99,-6,-197.94,SUPERMARKET,"HOME AND PERSONAL CARE",DISPOSABLE,
192914,"G&S HUNGRY CHOCOLATE CASHEWNUT BREAD 350GMS 1",0,5,39.99,-5,-199.95,SUPERMARKET,BAKERY,BREADS,
192931,"AKAI QLED TV 43"" 2K SMART LT-4309T2S2QSMT",0,2,3499,-2,-6998,"ELECTRONICS & TELECOM","LED TV",OLED/QLED,
192057,"CUTTING TOOLS SET WITH CHOPPING BOARD LDS3082025F",0,1,289,-1,-289,"HOUSEWARE & KITCHENWARE","KNIFE AND CHOPPING BOARD","CHOPPING BOARD AND KNIFE SET",
193002,"CORK OPENER 2PCS SET ZHN KB718",0,12,9.9,-12,-118.8,"HOUSEWARE & KITCHENWARE","CUTLERY ITEMS",OPENERS,
193004,"BOTTLE OPENER ZHN KB842",0,75,5.9,-75,-442.5,"HOUSEWARE & KITCHENWARE","CUTLERY ITEMS",OPENERS,
193005,"BOTTLE OPENER ZHN KB841",0,80,5.9,-80,-472,"HOUSEWARE & KITCHENWARE","CUTLERY ITEMS",OPENERS,
193007,"CORK OPENER ZHN KB252",0,1,19.9,-1,-19.9,"HOUSEWARE & KITCHENWARE","CUTLERY ITEMS",OPENERS,
193009,"CORK OPENER ZHN A21426",0,21,12.9,-21,-270.9,"HOUSEWARE & KITCHENWARE","CUTLERY ITEMS",OPENERS,
193040,"PEELER 5PCS SET ZHN HD-131",0,75,12.9,-75,-967.5,"HOUSEWARE & KITCHENWARE","KNIFE AND CHOPPING BOARD","VEG AND FRUIT PEELERS",
193041,"PEELER 6PCS SET ZHN KB618",0,53,12.9,-53,-683.7,"HOUSEWARE & KITCHENWARE","KNIFE AND CHOPPING BOARD","VEG AND FRUIT PEELERS",
193042,"PEELER 6PCS SET ZHN KB1688",0,60,12.9,-60,-774,"HOUSEWARE & KITCHENWARE","KNIFE AND CHOPPING BOARD","VEG AND FRUIT PEELERS",
190689,"LAUNDRY BASKET COVERED 40X45CM ASSORTED MYQ9 -1920",0,15,89,-15,-1335,"HOUSEWARE & KITCHENWARE",LAUNDARY,"LAUNDARY BASKET",
190690,"LAUNDRY BASKET 40X30X55CM ASSORTED MYQ9 -1921",0,12,99,-12,-1188,"HOUSEWARE & KITCHENWARE",LAUNDARY,"LAUNDARY BASKET",
190720,"BOTTLE OPENER METAL PLASTIC BOTTLE SHAPE YWU",0,12,9.9,-12,-118.8,"HOUSEWARE & KITCHENWARE","CUTLERY ITEMS",OPENERS,
190722,"SCISSORS 3PCS SET YWU",0,8,14.9,-8,-119.2,"HOUSEWARE & KITCHENWARE","KNIFE AND CHOPPING BOARD",SCISSORS,
190728,"MANICURE 5PCS SET YWU",0,2,19.9,-2,-39.8,"HOUSEWARE & KITCHENWARE",BATHROOM,"BATHROOM ACCESSORIES",
190729,"MANICURE 4PCS SET YWU",0,12,16.9,-12,-202.8,"HOUSEWARE & KITCHENWARE",BATHROOM,"BATHROOM ACCESSORIES",
190730,"MANICURE 3PCS SET YWU",0,6,9.9,-6,-59.4,"HOUSEWARE & KITCHENWARE",BATHROOM,"BATHROOM ACCESSORIES",
190731,"MANICURE 3PCS SET YWU",0,9,6.9,-9,-62.1,"HOUSEWARE & KITCHENWARE",BATHROOM,"BATHROOM ACCESSORIES",
190735,"EYE LASH CLIP YWU",0,2,12.9,-2,-25.8,"HOUSEWARE & KITCHENWARE",BATHROOM,"BATHROOM ACCESSORIES",
192222,"LEON FOOD STORAGE CONTAINER 3PCS SET HL7008DCT",0,3,24.9,-3,-74.7,"HOUSEWARE & KITCHENWARE","STORAGE AND ORGANIZER","STORAGE CONTAINERS",
192229,"MARBELLA FOOD STORAGE CONTAINER 3PCS SET HL7010DCT",0,13,22.9,-13,-297.7,"HOUSEWARE & KITCHENWARE","STORAGE AND ORGANIZER","STORAGE CONTAINERS",
192231,"BELLORA FOOD STORAGE BOWL W/LID 3PCS SET HL7012DCL",0,14,29.9,-14,-418.6,"HOUSEWARE & KITCHENWARE","STORAGE AND ORGANIZER","STORAGE CONTAINERS",
192232,"BELLORA FOOD STORAGE BOWL 3PCS SET HL7012DC",0,17,19.9,-17,-338.3,"HOUSEWARE & KITCHENWARE","STORAGE AND ORGANIZER","STORAGE CONTAINERS",
198904,"SLEMFIT MINERAL WATER 500ML 16",0,16,1.69,-16,-27.04,SUPERMARKET,BEVERAGES,"MINERAL WATER",
19894,"FROSTY BITE ICE CREAM CUP STRAWBERRY 150ML 24",0,47,6.99,-47,-328.53,SUPERMARKET,"FROZEN FOOD",ICE-CREAM,
19895,"FROSTY BITE ICE CREAM CUP CHOCOLATE 150ML 24",0,56,6.99,-56,-391.44,SUPERMARKET,"FROZEN FOOD",ICE-CREAM,
200149,"LELE BLACK TEA ( 25*2G ) 50G  24",0,18,10.99,-18,-197.82,SUPERMARKET,BEVERAGES,TEA,
200217,"TEA ZUP BLACK TEA 48*25*1.5G 48",0,26,7.49,-26,-194.74,SUPERMARKET,BEVERAGES,DRINKS,
200226,"H&H CANNED MUSHROOM PIECES 400G  12",0,11,20.49,-11,-225.39,SUPERMARKET,"FOOD CUPBOARD","CANNED FOOD",
200251,"DORITOS SWEET CHILLI PEPPER CHIPS 70G  24",0,1,20.99,-1,-20.99,SUPERMARKET,"FOOD CUPBOARD",SNACKS,
200275,"H&H CANNED SWEET CORN 340G  24",0,13,14.49,-13,-188.37,SUPERMARKET,"FOOD CUPBOARD","CANNED FOOD",
200277,"CLOTHES HANGER 6PCS SET ASSTD 6036000075865",0,16,16.9,-16,-270.4,"HOUSEWARE & KITCHENWARE",LAUNDARY,"CLOTH HANGERS",
200291,"H&H MAYONNAISE 500ML 12",0,3,38.49,-3,-115.47,SUPERMARKET,"FOOD CUPBOARD","SPREADS AND TOPPING",
200292,"H&H TOMATO KETCHUP 340G 24",0,29,19.49,-29,-565.21,SUPERMARKET,"FOOD CUPBOARD",CONDIMENTS,
200293,"H&H CANNED TUNA IN VEGETABLE OIL 160G 24",0,19,24.49,-19,-465.31,SUPERMARKET,"FOOD CUPBOARD","CANNED FOOD",
200294,"H&H MACKEREL IN TOMATO SAUCE 155G 50",0,29,11.99,-29,-347.71,SUPERMARKET,"FOOD CUPBOARD","CANNED FOOD",
200295,"H&H BLACK TEA ( 27 * 2G ) 54G  24",0,24,14.99,-24,-359.76,SUPERMARKET,BEVERAGES,TEA,
200299,"H&H SEASONING (GOAT) (12X50) 10G  50",0,50,15.99,-50,-799.5,SUPERMARKET,"FOOD CUPBOARD",CONDIMENTS,
200301,"H&H SEASONING (CHICKEN) (12X50) 10G  50",0,49,15.99,-49,-783.51,SUPERMARKET,"FOOD CUPBOARD",CONDIMENTS,
200302,"H&H SEASONING (NOODLES & SPAGHETTI) (12X50) 10G 50",0,48,15.99,-48,-767.52,SUPERMARKET,"FOOD CUPBOARD",CONDIMENTS,
200304,"H&H SEASONING (BEEF) (12X50) 10G  50",0,50,15.99,-50,-799.5,SUPERMARKET,"FOOD CUPBOARD",CONDIMENTS,
200306,"H&H HOT DOG 10 SAUSAGES 425G 24",0,23,26.99,-23,-620.77,SUPERMARKET,"FOOD CUPBOARD","CANNED FOOD",
199226,"KISS CIDER  PEACH VANILLA 500ML 24",0,11,23.99,-11,-263.89,SUPERMARKET,"BEVERAGES ALCOHOLIC",CIDER,
200331,"H&H NON DAIRY CREAMER 240G  50",0,27,20.99,-27,-566.73,SUPERMARKET,"FOOD CUPBOARD","MILK AND CREAMERS",
200343,"AMERICAN CHEF WHITE VINEGAR PET 473ML 24",0,18,14.99,-18,-269.82,SUPERMARKET,"FOOD CUPBOARD",CONDIMENTS,
198393,"ENA PA MAYONNAISE 250ML  12",0,7,25.49,-7,-178.43,SUPERMARKET,"FOOD CUPBOARD","SPREADS AND TOPPING",
198394,"ENA PA MACKEREL IN TOMATO SAUCE 100G  50",0,1,6.49,-1,-6.49,SUPERMARKET,"FOOD CUPBOARD","CANNED FOOD",
198454,"LELE MAYONNAISE 250G  12",0,9,25.99,-9,-233.91,SUPERMARKET,"FOOD CUPBOARD","SPREADS AND TOPPING",
198520,"CONDOR PEAK CHARDONNAY WINE 750ML 12",0,10,79.99,-10,-799.9,SUPERMARKET,"BEVERAGES ALCOHOLIC",WINES,
197088,"MCBERRY CHOCO VANILLA BALLS BISCUITS 19G  100",0,73,1.99,-73,-145.27,SUPERMARKET,"FOOD CUPBOARD",BISCUITS,
197090,"MCBERRY CHOCO FLAKES BISCUITS 19G  100",0,63,1.99,-63,-125.37,SUPERMARKET,"FOOD CUPBOARD",BISCUITS,
197973,"MCBERRY SIMA COOKIES BISCUITS 18G  72",0,66,1.09,-66,-71.94,SUPERMARKET,"FOOD CUPBOARD",BISCUITS,
197976,"MCBERRY BUTTER FINGERS BISCUITS 26G  72",0,75,1.09,-75,-81.75,SUPERMARKET,"FOOD CUPBOARD",BISCUITS,
197985,"MCBERRY PURE DELIGHT CHOCOLATE COOKIES 54G 144",0,136,1.99,-136,-270.64,SUPERMARKET,"FOOD CUPBOARD",BISCUITS,
197091,"MCBERRY CORN FLAKES 25G  100",0,74,2.19,-74,-162.06,SUPERMARKET,"FOOD CUPBOARD","BREAKFAST CEREALS",
197115,"MCBERRY SIMA CHOCOLATE COOKIES 18G  72",0,67,1.09,-67,-73.03,SUPERMARKET,"FOOD CUPBOARD",BISCUITS,
197116,"MCBERRY DUBAI CHOCOLATE ORIGINAL WAFER 20G 144",0,61,1.09,-61,-66.49,SUPERMARKET,"FOOD CUPBOARD",BISCUITS,
197988,"MCBERRY GRANDE TWIN CHOCO WAFER 39G  144",0,7,2.09,-7,-14.63,SUPERMARKET,"FOOD CUPBOARD",BISCUITS,
197991,"MCBERRY DUBAI STRAWBERRY CHOCOLATE WAFER 20G  144",0,-2,.89,2,1.78,SUPERMARKET,"FOOD CUPBOARD",BISCUITS,
197992,"MCBERRY CHEESE BALLS 15G  72",0,62,1.19,-62,-73.78,SUPERMARKET,"FOOD CUPBOARD",BISCUITS,
19815,"ENERGIZER BATTERY ALKALINE AA MAX-MINI 1X20 BP2",0,31,37.9,-31,-1174.9,"ELECTRICAL APPLIANCES",BATTERIES,BATTERY,
19817,"ENERGIZER BATTERY ALKALINE AA MAX-42 1X12 BP42",0,7,77.9,-7,-545.3,"ELECTRICAL APPLIANCES",BATTERIES,BATTERY,
19818,"ENERGIZER BATTERY ALKALINE AAA MAX-AAA BP2-1X20PK",0,32,37.9,-32,-1212.8,"ELECTRICAL APPLIANCES",BATTERIES,BATTERY,
19819,"ENERGIZER BATTERY ALKALINE AAA MAX-31 1X10 20PK",0,33,59.9,-33,-1976.7,"ELECTRICAL APPLIANCES",BATTERIES,BATTERY,
19820,"ENERGIZER BATTERY ALKALINE AAA MAX-42 1X12PK",0,5,77.9,-5,-389.5,"ELECTRICAL APPLIANCES",BATTERIES,BATTERY,
19821,"ENERGIZER BATTERY ALKALINE D MAX-D 1X2 6PK",0,3,99.9,-3,-299.7,"ELECTRICAL APPLIANCES",BATTERIES,BATTERY,
19822,"ENERGIZER BATTERY ALKALINE C MAX-C 1X8 6PK",0,2,77.9,-2,-155.8,"ELECTRICAL APPLIANCES",BATTERIES,BATTERY,
19823,"ENERGIZER BATTERY ALKALINE 9V MAX-9V OLT 1X12PK",0,7,71.9,-7,-503.3,"ELECTRICAL APPLIANCES",BATTERIES,BATTERY,
196274,"SAMSUNG LED TV 32"" SAT SMART UA32H5000",0,1,3989,-1,-3989,"ELECTRONICS & TELECOM","LED TV","SMART TV",
197374,"MIDEA CHEST FREEZER SD 143L INVERTER MDRC265FZG43D",0,1,2799,-1,-2799,"ELECTRICAL APPLIANCES",FREEZER,"SINGLE DOOR FREEZER",
197397,"LG LED TV 50"" SMART UHD 4K 50UA85006LA",0,1,11099,-1,-11099,"ELECTRONICS & TELECOM","LED TV","SMART TV",
195595,"FOOD COVER METAL  6050-30",0,29,14.9,-29,-432.1,"HOUSEWARE & KITCHENWARE",KITCHENWARE,"KITCHEN ACCESSORIES",
195596,"FOOD COVER METAL  6050-35",0,43,19.9,-43,-855.7,"HOUSEWARE & KITCHENWARE",KITCHENWARE,"KITCHEN ACCESSORIES",
197524,"LUX BAR SOAP ROMANTIC HIBISCUS 170G 48",0,48,22.99,-48,-1103.52,SUPERMARKET,"HOME AND PERSONAL CARE","PERSONAL WASH",
197525,"LUX BAR SOAP  MAGICAL ORCHID 170G 48",0,48,22.99,-48,-1103.52,SUPERMARKET,"HOME AND PERSONAL CARE","PERSONAL WASH",
197526,"LUX BAR SOAP GLOWING SKIN 170G 48",0,48,22.99,-48,-1103.52,SUPERMARKET,"HOME AND PERSONAL CARE","PERSONAL WASH",
19766,"ROYAL GALAXY WHITE SUGAR  2KG 10",0,6,66.99,-6,-401.94,SUPERMARKET,"FOOD CUPBOARD","SALT  SUGAR AND JAGGERY",
197723,"DINNER SET PORCELAIN WHITE 36PCS SW036-W",0,1,289,-1,-289,"HOUSEWARE & KITCHENWARE",DINNERWARE,DINNER-SETS,
197727,"DINNER SET PORCELAIN WHITE 48PCS SW048-W",0,1,399,-1,-399,"HOUSEWARE & KITCHENWARE",DINNERWARE,DINNER-SETS,
197738,"BOWL 8INCHES CERAMIC EMBOSSED WHITE SW008EB",0,26,19.9,-26,-517.4,"HOUSEWARE & KITCHENWARE",DINNERWARE,BOWLS,
197770,"MCBERRY BIG DADDY CHOCO WAFER 39G 144",0,141,2.19,-141,-308.79,SUPERMARKET,"FOOD CUPBOARD",BISCUITS,
196674,"CERES APPLE 500ML 10",0,21,23.99,-21,-503.79,SUPERMARKET,BEVERAGES,JUICE,
196675,"CERES MEDLRY 500ML 10",0,8,23.99,-8,-191.92,SUPERMARKET,BEVERAGES,JUICE,
196678,"CERES SECRETS OF VALLEY 500ML 10",0,18,23.99,-18,-431.82,SUPERMARKET,BEVERAGES,JUICE,
196679,"CERES PINEAPPLE 500ML 10",0,17,23.99,-17,-407.83,SUPERMARKET,BEVERAGES,JUICE,
197773,"MCBERRY BIG DADDY MILK WAFER 39G 144",0,13,2.19,-13,-28.47,SUPERMARKET,"FOOD CUPBOARD",BISCUITS,
197776,"MCBERRY CHOCO BALLS 19G  100",0,62,2.19,-62,-135.78,SUPERMARKET,"FOOD CUPBOARD",BISCUITS,
197830,"NESTLE CERELAC WHEAT& MILK NO REFIND SUGAR 400G 12",0,6,50.99,-6,-305.94,SUPERMARKET,"FOOD CUPBOARD","BABY FOOD",
207818,"EXERCISE BOOK NOTE 1 40SHEET 80PAGES",0,4,4.49,-4,-17.96,STATIONERY,"SCHOOL AND CHILDREN STATIONERY","NOTE BOOKS",
207968,"LUX BAR SOAP  FLAW-LESS 170G 48",0,48,22.99,-48,-1103.52,SUPERMARKET,"HOME AND PERSONAL CARE","PERSONAL WASH",
204551,"UNOLI SOYABEAN OIL 900ML  20",0,19,45.99,-19,-873.81,SUPERMARKET,"FOOD CUPBOARD","EDIBLE OILS AND GHEE",
205681,"REO COLA CARBONATED SOFT DRINK  350ML 16",0,11,2.99,-11,-32.89,SUPERMARKET,BEVERAGES,DRINKS,
205682,"888 10% ALC LEMON FLAVORED CARBO DRINK 350ML 12",0,12,4.99,-12,-59.88,SUPERMARKET,"BEVERAGES ALCOHOLIC",CIDER,
20639,"FARAGELLO APPLE NECTAR TETRA PACK 1L 12 (BLUE)",0,7,24.99,-7,-174.93,SUPERMARKET,BEVERAGES,JUICE,
20641,"FARAGELLO COCKTAIL NECTAR TETRA PACK 1L 12 (BLUE)",0,7,24.99,-7,-174.93,SUPERMARKET,BEVERAGES,JUICE,
203950,"CERES NECTAR MANGO MANIA JUICE 1L 12",0,8,28.49,-8,-227.92,SUPERMARKET,BEVERAGES,JUICE,
206551,"CAMPA GOLD BOOST ENERGY DRINK 250ML 24",0,22,9.99,-22,-219.78,SUPERMARKET,BEVERAGES,DRINKS,
206554,"KIVO 4 IN 1 STRAWBERRY GARI SOAKING CUPS 120G 12",0,10,10.99,-10,-109.9,SUPERMARKET,"FOOD CUPBOARD",FLOURS,
202146,"SWING BIN HIPPO WLID 50 LT GREY GREEN UP237W-212",0,-1,299,1,299,"HOUSEWARE & KITCHENWARE","HOME HYGIENE",DUSTBINS,
202184,"SOFTCARE PINK SANITARY PAD 16PCS   24",0,24,16.49,-24,-395.76,SUPERMARKET,"HOME AND PERSONAL CARE","FEMININE CARE",
202186,"SOFTCARE A SANITARY PAD YELLOW 16PCS  24",0,12,16.49,-12,-197.88,SUPERMARKET,"HOME AND PERSONAL CARE","FEMININE CARE",
202191,"SOFTCARE SANITARY PAD A 285MM GOLD 16PCS  24",0,12,16.49,-12,-197.88,SUPERMARKET,"HOME AND PERSONAL CARE","FEMININE CARE",
202216,"OBA GARI SOAKINGS MIX 4 IN 1 125G  40",0,22,3.99,-22,-87.78,SUPERMARKET,"FOOD CUPBOARD","BREAKFAST CEREALS",
202224,"LG LED TV 55"" SAT SMART UHD 55UA85006LA",0,1,10999,-1,-10999,"ELECTRONICS & TELECOM","LED TV","SMART TV",
202242,"FARAGELLO PINEAPPLE NECTAR TETRA PACK 1L 12 (BLUE)",0,10,24.99,-10,-249.9,SUPERMARKET,BEVERAGES,JUICE,
202509,"MONTY MOON CHIPS CLASSIC  25G  50",0,30,2.99,-30,-89.7,SUPERMARKET,"FOOD CUPBOARD",SAVOURIES,
202511,"MONTY MOON CHIPS CHEESE 25G  50",0,50,2.99,-50,-149.5,SUPERMARKET,"FOOD CUPBOARD",SAVOURIES,
202512,"MONTY MOON CHIPS CHOCO 25G  50",0,50,2.99,-50,-149.5,SUPERMARKET,"FOOD CUPBOARD",SAVOURIES,
202602,"PERK CHOCO BUTTER COOKIES 70G  36",0,36,10.99,-36,-395.64,SUPERMARKET,"FOOD CUPBOARD",BISCUITS,
202839,"WINE GLASS 6PCS SET 3011",0,6,99,-6,-594,"HOUSEWARE & KITCHENWARE",GLASSWARE,"GLASS / TUMBLER /WINE / CHAMPAGNE",
202842,"DINNER SET 16PCS CERAMIC BLACK T12091",0,2,169,-2,-338,"HOUSEWARE & KITCHENWARE",DINNERWARE,DINNER-SETS,
202848,"DINNER SET 16PCS MATT CERAMIC T164002",0,2,199,-2,-398,"HOUSEWARE & KITCHENWARE",DINNERWARE,DINNER-SETS,
201901,"PEEVA COLA CARBONATED SOFT DRINK 350ML 20",0,22,2.79,-22,-61.38,SUPERMARKET,BEVERAGES,DRINKS,
201904,"PEEVA BOTTLE MINERAL WATER  500ML 20",0,-40,1.39,40,55.6,SUPERMARKET,BEVERAGES,"MINERAL WATER",
201262,"BABY ANIMALS STORY BOARD BOOK",0,10,15.9,-10,-159,STATIONERY,"CHILDREN BOOKS AND GEN REF","BOOKS AND LEARNINGS",
201264,"CHALLENGING CROSSWORD BOOK",0,12,25.9,-12,-310.8,STATIONERY,"CHILDREN BOOKS AND GEN REF","BOOKS AND LEARNINGS",
201277,"TRACE & COLOUR BOOK",0,3,14.9,-3,-44.7,STATIONERY,"CHILDREN BOOKS AND GEN REF","BOOKS AND LEARNINGS",
201278,"BENNY ADVENTURES TALES",0,5,15.9,-5,-79.5,STATIONERY,"CHILDREN BOOKS AND GEN REF","BOOKS AND LEARNINGS",
20129,"PRINGLES SOUR CREAM & ONION 165G  19",0,4,44.99,-4,-179.96,SUPERMARKET,"FOOD CUPBOARD",SNACKS,
57745,"COKE PET 1L 6",0,58,14.99,-58,-869.42,SUPERMARKET,BEVERAGES,DRINKS,
57746,"FANTA ORANGE PET 1L  4",0,10,15.99,-10,-159.9,SUPERMARKET,BEVERAGES,DRINKS,
57869,"CUSSONS MORNING FRESH D/WASH ORIGINAL  450ML  18",0,13,26.99,-13,-350.87,SUPERMARKET,"HOME AND PERSONAL CARE","HOUSEHOLD CLEANERS",
57878,"CUSSONS MORNING FRESH D/WASH ZESTY LEMON 450ML  18",0,14,26.99,-14,-377.86,SUPERMARKET,"HOME AND PERSONAL CARE","HOUSEHOLD CLEANERS",
57960,"MCVITIES ALL BUTTER SHORT BREAD 280G  12",0,23,66.99,-23,-1540.77,SUPERMARKET,"FOOD CUPBOARD",BISCUITS,
63999,"NIVEA DEO ROLL ON FEMALE INVISIBLE  50ML  30",0,21,33.99,-21,-713.79,SUPERMARKET,"HOME AND PERSONAL CARE",FRAGRANCES,
64004,"NIVEA DEO ROLL ON FRESH NATURAL 50ML  30",0,25,37.99,-25,-949.75,SUPERMARKET,"HOME AND PERSONAL CARE",FRAGRANCES,
64032,"LEEMEX PLANTAIN FUFU FLOUR 700GMS 24",0,23,64.99,-23,-1494.77,SUPERMARKET,"FOOD CUPBOARD",FLOURS,
44832,"CERES HANEPOOT WHITE GRAPE JUICE 1L  12",0,8,39.49,-8,-315.92,SUPERMARKET,BEVERAGES,JUICE,
44862,"FLORA TISSUE 3 PLY (4 ROLLS)  15",0,7,16.99,-7,-118.93,SUPERMARKET,"HOME AND PERSONAL CARE",DISPOSABLE,
51935,"ALUMINIUM FOIL CONTAINER 12PCS 3-SECTION",0,9,9.9,-9,-89.1,"HOUSEWARE & KITCHENWARE",DISPOSABLES,"DISPOSABLE CONTAINERS",
51989,"SOFTCARE SANITARY PAD A+ 285MM GOLD  (16PCS)  24",0,16,23.99,-16,-383.84,SUPERMARKET,"HOME AND PERSONAL CARE","FEMININE CARE",
51995,"SOFTCARE SANITARY PAD PINK 16PCS   24",0,32,23.99,-32,-767.68,SUPERMARKET,"HOME AND PERSONAL CARE","FEMININE CARE",
58187,"COLGATE TOOTHPASTE HERBAL 70ML  72",0,30,11.99,-30,-359.7,SUPERMARKET,"HOME AND PERSONAL CARE","ORAL CARE",
58188,"COLGATE TOOTHBRUSH KIDS VALUE (EXTRA SOFT)    72",0,34,11.99,-34,-407.66,SUPERMARKET,"HOME AND PERSONAL CARE","ORAL CARE",
58190,"COLGATE TOOTHBRUSH ZIGZAG PLUS MEDIUM  120",0,85,12.99,-85,-1104.15,SUPERMARKET,"HOME AND PERSONAL CARE","ORAL CARE",
64089,"YAZZ MONARCH TOOTHBRUSH MEDUIM BRISTLE   72",0,11,3.39,-11,-37.29,SUPERMARKET,"HOME AND PERSONAL CARE","ORAL CARE",
64090,"YAZZ DUKE TOOTHBRUSH MEDIUM BRISTLE  72",0,-2,3.39,2,6.78,SUPERMARKET,"HOME AND PERSONAL CARE","ORAL CARE",
64101,"DOLAIT BANANA DRINKING YOGHURT 200ML 10",0,4,9.99,-4,-39.96,SUPERMARKET,"FRESH DAIRY AND EGGS",Yoghurt,
64102,"DOLAIT MANGO DRINKING YOGHURT 200ML 10",0,6,9.99,-6,-59.94,SUPERMARKET,"FRESH DAIRY AND EGGS",Yoghurt,
64103,"DOLAIT NATURAL SUGAR DRINKING YOGHURT 200ML 10",0,1,9.99,-1,-9.99,SUPERMARKET,"FRESH DAIRY AND EGGS",Yoghurt,
64104,"DOLAIT STRAWBERRY DRINKING YOGHURT 200ML 10",0,4,9.99,-4,-39.96,SUPERMARKET,"FRESH DAIRY AND EGGS",Yoghurt,
45430,"PEPSODENT HERBAL SALT&MINT 130G  72",0,22,17.99,-22,-395.78,SUPERMARKET,"HOME AND PERSONAL CARE","ORAL CARE",
52717,"CUSSONS BABY OIL SOFT & SMOOTH 100ML  48",0,72,12.49,-72,-899.28,SUPERMARKET,"HOME AND PERSONAL CARE","INFANT AND BABY CARE",
58699,"FLORA TABLE NAPKIN ASSORTED COLOURS (1X100X15)  15",0,15,6.99,-15,-104.85,SUPERMARKET,"HOME AND PERSONAL CARE",DISPOSABLE,
64531,"PURE HEAVEN MULTIFRUIT JUICE 1L 8",0,9,35.99,-9,-323.91,SUPERMARKET,BEVERAGES,JUICE,
46403,"SERVING BOWL MELAMINE 9 INCHES ZHN G320129",0,37,16.9,-37,-625.3,"HOUSEWARE & KITCHENWARE","MELAMINE WARE","MEL BOWL/BOWL+COVER",
46545,"DREAMS FACIAL TISSUE 150SHEETS  36",0,20,21.49,-20,-429.8,SUPERMARKET,"HOME AND PERSONAL CARE",DISPOSABLE,
46602,"PARIDOX FRESH ALATA SAMINA SOAP LEMON 500G  20",0,19,43.99,-19,-835.81,SUPERMARKET,"HOME AND PERSONAL CARE","PERSONAL WASH",
46742,"JUVER DISFRUTA 10 FRUITS & 10 VITAMINS JUICE 1L 12",0,10,32.99,-10,-329.9,SUPERMARKET,BEVERAGES,JUICE,
46746,"PAPILION LIQUID HAND WASH -ALMOND -VANILLA   500ML",0,7,21.99,-7,-153.93,SUPERMARKET,"HOME AND PERSONAL CARE","PERSONAL WASH",
52962,"GOODYS SPICY SHITO HOT BEEF /MILD430G  12",0,11,89.99,-11,-989.89,SUPERMARKET,"FOOD CUPBOARD","PEPPER SAUCE",
59220,"JOHNNIE WALKER BLACK LABEL 750ML  12",0,1,549.99,-1,-549.99,SUPERMARKET,"BEVERAGES ALCOHOLIC",WHISKEY,
59332,"DEVA LIQUID HAND SOAP CITRUS  5L  4",0,4,114.99,-4,-459.96,SUPERMARKET,"HOME AND PERSONAL CARE","PERSONAL WASH",
59337,"DEVA SCOURING POWDER 500G  24",0,18,24.99,-18,-449.82,SUPERMARKET,"HOME AND PERSONAL CARE","HOUSEHOLD CLEANERS",
59680,"ROYAL DIGESTIVE BISCUIT 24G 72",0,17,1.69,-17,-28.73,SUPERMARKET,"FOOD CUPBOARD",BISCUITS,
64661,"IRISH SPRING BODY WASH ORIGINAL 591ML  4",0,3,119.99,-3,-359.97,SUPERMARKET,"HOME AND PERSONAL CARE","PERSONAL WASH",
64662,"IRISH SPRING BODY WASH MOISTURE BLAST 591ML  4",0,4,119.99,-4,-479.96,SUPERMARKET,"HOME AND PERSONAL CARE","PERSONAL WASH",
64663,"IRISH SPRING BODY WASH ALOE 591ML  4",0,3,119.99,-3,-359.97,SUPERMARKET,"HOME AND PERSONAL CARE","PERSONAL WASH",
64664,"COLGATE TOOTHPASTE TRIPLE ACTION  MINT 140G  72",0,17,19.99,-17,-339.83,SUPERMARKET,"HOME AND PERSONAL CARE","ORAL CARE",
64710,"CASTILLO DE LANDA TEMPRANILLO WINE  12 VOL 750ML",0,26,79.99,-26,-2079.74,SUPERMARKET,"BEVERAGES ALCOHOLIC",WINES,
64711,"SUNRISE CREEK RED DRY WINE  11% VOL  750ML",0,25,74.99,-25,-1874.75,SUPERMARKET,"BEVERAGES ALCOHOLIC",WINES,
64713,"CASTILLO  DE LANDA  SHIRAZ WINE 12% VOL 750ML",0,7,69.99,-7,-489.93,SUPERMARKET,"BEVERAGES ALCOHOLIC",WINES,
64715,"PARLE RIK RAK CHOCOLATE FILLED WAFER 18G 72",0,72,1.09,-72,-78.48,SUPERMARKET,"FOOD CUPBOARD",BISCUITS,
64717,"PARLE RIK RAK STRAWBERRY FILLED WAFER 18G 72",0,71,1.09,-71,-77.39,SUPERMARKET,"FOOD CUPBOARD",BISCUITS,
64800,"YOGURTE 100 ORIGINAL CHEWY CANDY  100G   36",0,30,13.99,-30,-419.7,SUPERMARKET,"FOOD CUPBOARD",CONFECTIONERY,
46884,"SERVING BOWL MELAMINE 10 INCHES ZHN C03510",0,29,22.9,-29,-664.1,"HOUSEWARE & KITCHENWARE","MELAMINE WARE","MEL BOWL/BOWL+COVER",
53304,"VERNA MINERAL WATER  500ML 16",0,112,1.69,-112,-189.28,SUPERMARKET,BEVERAGES,"MINERAL WATER",
53438,"COLGATE TP LIQUID CALCIUM 230G VALUE PACK  48",0,53,27.99,-53,-1483.47,SUPERMARKET,"HOME AND PERSONAL CARE","ORAL CARE",
59769,"PARIDOX ALATA SAMINA B&S GEL PAPAYA&TUMER 450ML 20",0,18,41.99,-18,-755.82,SUPERMARKET,"HOME AND PERSONAL CARE","PERSONAL WASH",
59829,"PALMOLIVE SG AROMA SENSATON MINERAL SCRUB 500ML 12",0,9,77.99,-9,-701.91,SUPERMARKET,"HOME AND PERSONAL CARE","PERSONAL WASH",
59830,"PALMOLIVE SHOWER GEL GMT SPA STRAWBERRY 500ML 12",0,9,76.99,-9,-692.91,SUPERMARKET,"HOME AND PERSONAL CARE","PERSONAL WASH",
59831,"PALMOLIVE SG AROMA SENSATION ANTI STESS  500ML  12",0,8,77.99,-8,-623.92,SUPERMARKET,"HOME AND PERSONAL CARE","PERSONAL WASH",
59874,"WATER BOTTLE 1100ML PLASTIC PNP3340TH7",0,24,9.9,-24,-237.6,"HOUSEWARE & KITCHENWARE","FLASK AND BOTTLES",BOTTLE,
48195,"FLORA GIANT MULTI PURPOSE TOWEL 6",0,6,44.99,-6,-269.94,SUPERMARKET,"HOME AND PERSONAL CARE",DISPOSABLE,
48208,"ALUMINIUM FOIL CONTAINER 12PCS  SMALL  45",0,12,27.99,-12,-335.88,SUPERMARKET,"HOME AND PERSONAL CARE",DISPOSABLE,
53553,"8"" MATTRESS 200*150CM HD Q/S LAT",0,1,2229,-1,-2229,FURNITURE,MATTRESS,"Queen Size",
53554,"FROSTY BITE FANTASY VANILLA POUCH 70G 30",0,79,8.99,-79,-710.21,SUPERMARKET,"FROZEN FOOD",ICE-CREAM,
60121,"COOKWARE 10PCS SET PALU CROWNSTAR MC303AL RJK",0,2,1299,-2,-2598,"HOUSEWARE & KITCHENWARE",KITCHENWARE,"ALUMINIUM COOKWARE",
60380,"SERVING BOWL MELAMINE 10 INCHES ZHN G3201210",0,10,19.9,-10,-199,"HOUSEWARE & KITCHENWARE","MELAMINE WARE","MEL BOWL/BOWL+COVER",
65112,"COLGATE BABY TP STRAWBERRY (0-2YRS) 50ML  144",0,93,15.99,-93,-1487.07,SUPERMARKET,"HOME AND PERSONAL CARE","ORAL CARE",
48241,"DELTA JOY MULTIPURPOSE  TOWEL 250SHEET (21CM) 12",0,12,21.99,-12,-263.88,SUPERMARKET,"HOME AND PERSONAL CARE",DISPOSABLE,
48388,"5 STAR ENERGY DRINK 350ML  12",0,8,4.59,-8,-36.72,SUPERMARKET,BEVERAGES,DRINKS,
48424,"LILY TOILET ROLL 2PLY X 10 BIG ROLLS PCS SET 7",0,5,46.99,-5,-234.95,SUPERMARKET,"HOME AND PERSONAL CARE",DISPOSABLE,
48454,"GINO TOMATO PASTE  MIX SACHET 200G  24",0,1,10.99,-1,-10.99,SUPERMARKET,"FOOD CUPBOARD",CONDIMENTS,
53709,"PLATINUM CORNED BEEF 340G X 24",0,28,44.99,-28,-1259.72,SUPERMARKET,"FOOD CUPBOARD","CANNED FOOD",
53984,"8"" MATTRESS 180X200CM HD K/S LAT",0,1,2699,-1,-2699,FURNITURE,MATTRESS,"King Size",
60471,"TUMBLER 6PCS SET OCA 400ML 76290200771876",0,1,49.9,-1,-49.9,"HOUSEWARE & KITCHENWARE",GLASSWARE,"GLASS / TUMBLER /WINE / CHAMPAGNE",
60512,"OBA CLASSIC SPAGHETTI 400G  20",0,29,9.99,-29,-289.71,SUPERMARKET,"FOOD CUPBOARD","PASTA AND SPAGHETTI",
60514,"VASELINE DRY SKIN REPAIR LOTION  400ML  48",0,29,49.99,-29,-1449.71,SUPERMARKET,"HOME AND PERSONAL CARE","SKIN CARE",
40552,"HAPPY DELIGHT PINE MANGO & PASSION JUICE  200ML24",0,-1,3.79,1,3.79,SUPERMARKET,BEVERAGES,JUICE,
40609,"NOVA LEMON DISHWASHING LIQUID 5L  4",0,3,115.99,-3,-347.97,SUPERMARKET,"HOME AND PERSONAL CARE","HOUSEHOLD CLEANERS",
40614,"NOVA OCEAN PUREZONE BLUE 750ML  24",0,1,26.99,-1,-26.99,SUPERMARKET,"HOME AND PERSONAL CARE","HOUSEHOLD CLEANERS",
48859,"SAMSUNG FRIDGE DD 203L RT26HAR2DSA/RT20HAR/FAREDSA",0,2,8229,-2,-16458,"ELECTRICAL APPLIANCES",REFRIGERATOR,"DD TMF REFRIGERATOR",
54360,"BRUSH WASHING VICE PRESIDENT P5219",0,35,2.9,-35,-101.5,"HOUSEWARE & KITCHENWARE","HOME HYGIENE","BROOM BRUSHES DUSTPANS",
54361,"WASHING BRUSH CHAIRMAN P5220",0,37,4.9,-37,-181.3,"HOUSEWARE & KITCHENWARE","HOME HYGIENE","BROOM BRUSHES DUSTPANS",
54362,"SUPER STAR WASHING BRUSH  P-5224",0,5,1.9,-5,-9.5,"HOUSEWARE & KITCHENWARE","HOME IMPROVEMENT",BRUSH,
54412,"BEL-AQUA NATURAL MINERAL WATER  750ML  15",0,64,2.49,-64,-159.36,SUPERMARKET,BEVERAGES,"MINERAL WATER",
60853,"INKUNIM FOODS NATURAL HONEY 660G 12",0,7,84.99,-7,-594.93,SUPERMARKET,"FOOD CUPBOARD","HONEY  JAM AND MARMALADE",
40723,"EVERGREEN TISSUE PAPER 1 X15",0,16,6.99,-16,-111.84,SUPERMARKET,"HOME AND PERSONAL CARE",DISPOSABLE,
40889,"GEURTS MIXED FRUIT JAM 450GMS  12",0,11,46.99,-11,-516.89,SUPERMARKET,"FOOD CUPBOARD","SPREADS AND TOPPING",
41000,"WATER BOTTLE 1000ML PLASTIC PNP3312",0,20,9.9,-20,-198,"HOUSEWARE & KITCHENWARE","FLASK AND BOTTLES",BOTTLE,
41003,"WATER BOTTLE 1000ML PLASTIC PNP3343",0,22,9.9,-22,-217.8,"HOUSEWARE & KITCHENWARE","FLASK AND BOTTLES",BOTTLE,
48890,"MRS BECTORS MALT N MILK  BISCUIT 35G   48",0,1,1.79,-1,-1.79,SUPERMARKET,"FOOD CUPBOARD",BISCUITS,
49002,"4PCS KNIFE SET 2937K RJK",0,3,2.9,-3,-8.7,"HOUSEWARE & KITCHENWARE","KNIFE AND CHOPPING BOARD","KNIFE SETS",
49017,"CERES CRANBERRY & KIWI JUICE 1L  12",0,12,39.49,-12,-473.88,SUPERMARKET,BEVERAGES,JUICE,
54455,"SERVING BOWL MELAMINE 8 INCHES ZHN C04785",0,4,12.9,-4,-51.6,"HOUSEWARE & KITCHENWARE","MELAMINE WARE","MEL BOWL/BOWL+COVER",
54456,"SERVING BOWL MELAMINE 9 INCHES ZHN C04795",0,16,16.9,-16,-270.4,"HOUSEWARE & KITCHENWARE","MELAMINE WARE","MEL BOWL/BOWL+COVER",
54507,"FANTA COCKTAIL PET 1.5L 6",0,8,23.99,-8,-191.92,SUPERMARKET,BEVERAGES,DRINKS,
60932,"BINATONE HOT PLATE DOUBLE ELECTRIC COOKING ECP210",0,7,749,-7,-5243,"ELECTRICAL APPLIANCES","HOTPLATE  BBQ  GRILL","HOT PLATE",
60934,"BINATONE STANDING FAN 16"" VS 16551656",0,2,699,-2,-1398,"ELECTRICAL APPLIANCES",FAN,"STANDING FAN",
60940,"BINATONE DRY IRON 1200W 1255/MK2",0,6,235,-6,-1410,"ELECTRICAL APPLIANCES","LINEN CARE","DRY IRON",
42280,"OLD MANSION VSOP DELUXE BRANDY 750ML 12",0,7,99.99,-7,-699.93,SUPERMARKET,"BEVERAGES ALCOHOLIC","COGNAC / BRANDY",
42283,"PELICAN XXX RUM 750ML 12",0,10,99.99,-10,-999.9,SUPERMARKET,"BEVERAGES ALCOHOLIC",RHUM,
49250,"DEVA HAND SOAP STRAWBERRY 2.5L  6",0,10,67.99,-10,-679.9,SUPERMARKET,"HOME AND PERSONAL CARE","PERSONAL WASH",
49251,"DEVA DISHWASHING LIQUID SOAP LEMON 2.5L  6",0,3,73.99,-3,-221.97,SUPERMARKET,"HOME AND PERSONAL CARE","HOUSEHOLD CLEANERS",
49252,"DEVA DISHWASHING LIQUID SOAP APPLE 2.5L  6",0,3,73.99,-3,-221.97,SUPERMARKET,"HOME AND PERSONAL CARE","HOUSEHOLD CLEANERS",
49334,"DINNER PLATE MELAMINE 11 INCHES ZHN B00211",0,1,16.9,-1,-16.9,"HOUSEWARE & KITCHENWARE","MELAMINE WARE","MEL PLATE",
54998,"CAREX HANDWASH COMPLETE PROTECT 250ML  12",0,16,24.99,-16,-399.84,SUPERMARKET,"HOME AND PERSONAL CARE","PERSONAL WASH",
60997,"SUNNY BROWN SUGAR SACHET 400G 50",0,13,21.99,-13,-285.87,SUPERMARKET,"FOOD CUPBOARD","SALT  SUGAR AND JAGGERY",
61041,"12  MATTRESS 54X75 INCH ORTHOPEDIC PILLOWTOP(DM)",0,1,5490,-1,-5490,FURNITURE,MATTRESS,"Double Size",
61043,"12  MATTRESS 190X210CM ORTHOPEDIC PILLOWTOP(KS)",0,1,7090,-1,-7090,FURNITURE,MATTRESS,"King Size",
61059,"PAPILION SINGLE JUMBO TOWEL 500G 200/250SHEETS   6",0,7,52.99,-7,-370.93,SUPERMARKET,"HOME AND PERSONAL CARE",DISPOSABLE,
61187,"WC NET  INTENSE GEL MOUNTAIN FRESH  750ML  12",0,13,53.99,-13,-701.87,SUPERMARKET,"HOME AND PERSONAL CARE","HOUSEHOLD CLEANERS",
61188,"WC NET DESCALER GEL 750ML  12",0,2,53.99,-2,-107.98,SUPERMARKET,"HOME AND PERSONAL CARE","HOUSEHOLD CLEANERS",
42390,"OCEAN SPRAY CRANBERRY CLASSIC JUICE 1L 12",0,6,40.99,-6,-245.94,SUPERMARKET,BEVERAGES,JUICE,
42441,"SWAN CUBES WHITE SUGAR 500G 50",0,13,17.99,-13,-233.87,SUPERMARKET,"FOOD CUPBOARD","SALT  SUGAR AND JAGGERY",
49364,"UNOLI SOYABEAN OIL 1L  12",0,7,59.49,-7,-416.43,SUPERMARKET,"FOOD CUPBOARD","EDIBLE OILS AND GHEE",
49381,"DELTA XMAS FACIAL TISSUE ASSORTED COLOUR 150S  36",0,30,11.49,-30,-344.7,SUPERMARKET,"HOME AND PERSONAL CARE",DISPOSABLE,
49382,"DELTA  FACIAL TISSUE 1X150X36",0,27,11.49,-27,-310.23,SUPERMARKET,"HOME AND PERSONAL CARE",DISPOSABLE,
54999,"CAREX HANDWASH HERBAL PROTECT 250ML  12",0,20,24.99,-20,-499.8,SUPERMARKET,"HOME AND PERSONAL CARE","PERSONAL WASH",
61347,"ORIJIN BITTERS WITH HERBAL EXTRACTS 750ML  12",0,9,53.99,-9,-485.91,SUPERMARKET,"BEVERAGES ALCOHOLIC",BITTERS,
61527,"BETA MALT DRINK  PET BOTTLE 330ML 12",0,13,9.99,-13,-129.87,SUPERMARKET,BEVERAGES,DRINKS,
61533,"PARLE MILK AND MALT 27G  72",0,71,1.09,-71,-77.39,SUPERMARKET,"FOOD CUPBOARD",BISCUITS,
61535,"PARLE -G ORIGINAL GLUCO BISCUITS 21GM  72",0,1,1.09,-1,-1.09,SUPERMARKET,"FOOD CUPBOARD",BISCUITS,
49705,"FA  ROLL-ON ATTRACTION FORCE 50ML  24",0,20,23.99,-20,-479.8,SUPERMARKET,"HOME AND PERSONAL CARE",FRAGRANCES,
49718,"FA ROLL-ON AQUA FRESH 50ML  24",0,11,23.99,-11,-263.89,SUPERMARKET,"HOME AND PERSONAL CARE",FRAGRANCES,
49721,"SIBLOU LIGHT MEAT TUNA CHUNK IN RED CHILLI 160G 48",0,47,29.99,-47,-1409.53,SUPERMARKET,"FOOD CUPBOARD","CANNED FOOD",
49723,"SIBLOU LIGHT MEAT TUNA CHUNKS IN VEG OIL 160G  48",0,44,29.99,-44,-1319.56,SUPERMARKET,"FOOD CUPBOARD","CANNED FOOD",
49726,"FA ROLL-ON PINK PASSION 50ML  24",0,4,23.99,-4,-95.96,SUPERMARKET,"HOME AND PERSONAL CARE",FRAGRANCES,
55555,"MELCOM SUPERSAVER CARD SILVER",0,40,20,-40,-800,MISCELLANEOUS,MISCELLANEOUS,"GIFT VOUCHERS",
55557,"PRAN GUAVA JUICE TETRA PACK 1L  12",0,12,22.99,-12,-275.88,SUPERMARKET,BEVERAGES,JUICE,
55688,"AFRIWARA ORIGINAL SANTOS SWEET 125G  20",0,20,9.89,-20,-197.8,SUPERMARKET,"FOOD CUPBOARD",CONFECTIONERY,
55700,"MILO ACTIGEN E 800G 12",0,19,84.99,-19,-1614.81,SUPERMARKET,BEVERAGES,"DRINKING POWDERS",
61541,"RUSH ENERGY DRINK 350ML 12",0,15,4.99,-15,-74.85,SUPERMARKET,BEVERAGES,DRINKS,
61581,"FARAGELLO GUAVA NECTAR TETRA PACK 1L 12 (BLUE)",0,1,24.99,-1,-24.99,SUPERMARKET,BEVERAGES,JUICE,
61767,"YUMVITA INFANT CEREAL WHEAT 50G (10SC X 8ST) 80",0,56,6.29,-56,-352.24,SUPERMARKET,"FOOD CUPBOARD","BABY FOOD",
61769,"ONGA CHICKEN TABLET 11GMS X 64PCS X  24 PACK",0,3,42.99,-3,-128.97,SUPERMARKET,"FOOD CUPBOARD",CONDIMENTS,
42961,"KOTEX MAXI SANITARY PAD SUPER16",0,4,59.99,-4,-239.96,SUPERMARKET,"HOME AND PERSONAL CARE","FEMININE CARE",
42974,"SERVING BOWL MELAMINE 9 INCHES ZHN C0359",0,1,16.9,-1,-16.9,"HOUSEWARE & KITCHENWARE","MELAMINE WARE","MEL BOWL/BOWL+COVER",
50130,"FLORA TOILET ROLL (1 X 32)  2",0,1,124.99,-1,-124.99,SUPERMARKET,"HOME AND PERSONAL CARE",DISPOSABLE,
50144,"YUMVITA INFANT CEREAL MAIZE & WHEAT 50G 80",0,52,6.29,-52,-327.08,SUPERMARKET,BEVERAGES,"DRINKING POWDERS",
50388,"CLE FABRIC SOFTENER 1000ML  10",0,5,25.49,-5,-127.45,SUPERMARKET,"HOME AND PERSONAL CARE","LAUNDRY CARE",
55861,"PHILIPS TOASTER 2 SLICE POP UP 800W HD2595",0,1,355,-1,-355,"ELECTRICAL APPLIANCES","TOASTER/TOSTER OVEN",TOASTERS,
62260,"5 STAR KAESAR APPLE DRINK 350ML 16",0,1,2.89,-1,-2.89,SUPERMARKET,BEVERAGES,DRINKS,
62416,"SAMSUNG WASHING MACHINE TT 6KG WT60H2500HP/NQ",0,1,4549,-1,-4549,"ELECTRICAL APPLIANCES","WASHING MACHINE","TWIN TUB WM",
62429,"YAZZ PANTY LINER  48",0,48,13.29,-48,-637.92,SUPERMARKET,"HOME AND PERSONAL CARE","FEMININE CARE",
43019,"SHINE CRYSTAL SPOONS (50PCS)  40",0,44,8.99,-44,-395.56,SUPERMARKET,"HOME AND PERSONAL CARE",DISPOSABLE,
43020,"SHINE CRYSTAL FORK (50PCS)  40",0,40,8.99,-40,-359.6,SUPERMARKET,"HOME AND PERSONAL CARE",DISPOSABLE,
43168,"PLATINUM SARDINES IN VEGETABLE OIL 125G 50",0,-3,10.99,3,32.97,SUPERMARKET,"FOOD CUPBOARD","CANNED FOOD",
43198,"JUVER DISFRUTA NECTAR PEACH JUICE 1L  12",0,8,32.99,-8,-263.92,SUPERMARKET,BEVERAGES,JUICE,
43364,"COLGATE KIDS TP BUBBLE FRUIT (2-5YRS) 50ML  144",0,3,15.99,-3,-47.97,SUPERMARKET,"HOME AND PERSONAL CARE","ORAL CARE",
50455,"TOP CHOCO BREAD SPREAD 370G 12",0,16,31.99,-16,-511.84,SUPERMARKET,"FOOD CUPBOARD","SPREADS AND TOPPING",
50456,"TOP CHOCO BREAD SPREAD 650G  12",0,14,53.99,-14,-755.86,SUPERMARKET,"FOOD CUPBOARD","SPREADS AND TOPPING",
50880,"CONDOR PEAK NATURALLY SWEET RED WINE 750ML 12",0,9,79.99,-9,-719.91,SUPERMARKET,"BEVERAGES ALCOHOLIC",WINES,
50881,"KISS CIDER WILD STRAWBERRY  500ML  24",0,29,25.99,-29,-753.71,SUPERMARKET,"BEVERAGES ALCOHOLIC",CIDER,
50882,"KISS CIDER PEAR  500ML  24",0,15,23.99,-15,-359.85,SUPERMARKET,"BEVERAGES ALCOHOLIC",CIDER,
50883,"KISS CIDER CHERRY  500ML  24",0,19,23.99,-19,-455.81,SUPERMARKET,"BEVERAGES ALCOHOLIC",CIDER,
50951,"JOHNNIE WALKER GOLD LABEL WHISKY  750ML 6",0,4,899.99,-4,-3599.96,SUPERMARKET,"BEVERAGES ALCOHOLIC",WHISKEY,
62668,"ROBB LEMON MENTHOL SWEETS  (30PCS)  110G  24",0,23,11.49,-23,-264.27,SUPERMARKET,"FOOD CUPBOARD",CONFECTIONERY,
43843,"STYLE UP HAIR GEL 80ML  6",0,10,26.99,-10,-269.9,SUPERMARKET,"HOME AND PERSONAL CARE","HAIR CARE",
43873,"COLGATE EXTRA CLEAN TOOTHBRUSH   120",0,78,14.99,-78,-1169.22,SUPERMARKET,"HOME AND PERSONAL CARE","ORAL CARE",
51037,"ENERGIZER BATTERY LITHIUM 3V ECR2016-LITHIUM",0,21,25,-21,-525,"ELECTRICAL APPLIANCES",BATTERIES,BATTERY,
51038,"ENERGIZER BATTERY LITHIUM 3V ECR2025-LITHIUM",0,21,25,-21,-525,"ELECTRICAL APPLIANCES",BATTERIES,BATTERY,
51240,"COLGATE TOOTHBRUSH DOUBLE ACTION 120",0,82,8.99,-82,-737.18,SUPERMARKET,"HOME AND PERSONAL CARE","ORAL CARE",
56679,"CAMEL ANTISEPTIC LIME FRESH  1L  12",0,4,109.99,-4,-439.96,SUPERMARKET,"HOME AND PERSONAL CARE","HEALTH AND WELLNESS",
57162,"DEVA HAND SANITIZER 200ML  12",0,9,16.99,-9,-152.91,SUPERMARKET,"HOME AND PERSONAL CARE","PERSONAL WASH",
63512,"MEDISOFT DEODORANT PREMIUM SOAP PINK 175G  48",0,38,18.99,-38,-721.62,SUPERMARKET,"HOME AND PERSONAL CARE","PERSONAL WASH",
63513,"MEDISOFT DEODORANT PREMIUM SOAP WHITE 175G  48",0,19,18.99,-19,-360.81,SUPERMARKET,"HOME AND PERSONAL CARE","PERSONAL WASH",
63666,"JULIET BEAUTY SOAP ROS SCENTS 225G  36",0,35,12.99,-35,-454.65,SUPERMARKET,"HOME AND PERSONAL CARE","PERSONAL WASH",
44018,"MADAR ANTIBACTERIAL HANDWASH ASSOTED 300ML 24",0,14,14.49,-14,-202.86,SUPERMARKET,"HOME AND PERSONAL CARE","PERSONAL WASH",
44080,"VITAMILK SOYMILK 250ML  36",0,30,11.29,-30,-338.7,SUPERMARKET,BEVERAGES,DRINKS,
44387,"AKAI GAS STOVE 2B GC018A-8201",0,2,349,-2,-698,"GAS COOKER & ACCESSORIES","GAS COOKER","TABLE TOP GAS STOVE",
51352,"PHILIPS BLENDER W/MILL 1.5L 400W HR2102",0,1,719,-1,-719,"ELECTRICAL APPLIANCES","FOOD PROCESSOR/BLENDER",BLENDERS,
51422,"CLUB SHANDY BOSOE 330ML 24",0,1,12.49,-1,-12.49,SUPERMARKET,"BEVERAGES ALCOHOLIC","BOTTLE BEER",
51588,"TZEPAO SANPIEN JIU LIQUOR 500ML 24",0,27,85.99,-27,-2321.73,SUPERMARKET,"BEVERAGES ALCOHOLIC",LIQUER,
51660,"EVERPACK TROLL  FLUFFY JASMIN / ALOE VERA (10X7) 7",0,8,44.99,-8,-359.92,SUPERMARKET,"HOME AND PERSONAL CARE",DISPOSABLE,
57499,"EVERPACK SUPER JUMBO TOWEL LGE (10.5""X9"")  12",0,12,28.99,-12,-347.88,SUPERMARKET,"HOME AND PERSONAL CARE",DISPOSABLE,
63870,"CAMEL ANTI. SOAP COOLING MENTHOL 175G 36",0,36,15.49,-36,-557.64,SUPERMARKET,"HOME AND PERSONAL CARE","PERSONAL WASH",
63888,"SABA DETERGENT POWDER 150G  40",0,11,4.99,-11,-54.89,SUPERMARKET,"HOME AND PERSONAL CARE","LAUNDRY CARE",
63930,"LELE TUNA FLAKES IN SOYA BEAN OIL 80G 48",0,22,10.49,-22,-230.78,SUPERMARKET,"FOOD CUPBOARD","CANNED FOOD",
44388,"AKAI GAS STOVE 3B GC015A-8301",0,4,419,-4,-1676,"GAS COOKER & ACCESSORIES","GAS COOKER","TABLE TOP GAS STOVE",
44687,"LELE SUNFLOWER OIL 1 L 12",0,8,49.99,-8,-399.92,SUPERMARKET,"FOOD CUPBOARD","EDIBLE OILS AND GHEE",
39261,"YAZZ  SANITARY PAD MINTY (BLUE)   24",0,32,17.99,-32,-575.68,SUPERMARKET,"HOME AND PERSONAL CARE","FEMININE CARE",
26331,"TOM TOM STRONG MENTHOL FLAV. CANDY 128G  24",0,1,14.49,-1,-14.49,SUPERMARKET,"FOOD CUPBOARD",CONFECTIONERY,
26350,"SAIRO DERMO HAND WASH 500ML 12",0,9,28.99,-9,-260.91,SUPERMARKET,"HOME AND PERSONAL CARE","PERSONAL WASH",
26351,"SAIRO INTENSE HAND WASH 500ML 12",0,6,29.49,-6,-176.94,SUPERMARKET,"HOME AND PERSONAL CARE","PERSONAL WASH",
26352,"SAIRO MELON HAND WASH 500ML 12",0,7,28.99,-7,-202.93,SUPERMARKET,"HOME AND PERSONAL CARE","PERSONAL WASH",
26353,"SAIRO OATS HAND WASH 500ML 12",0,9,24.99,-9,-224.91,SUPERMARKET,"HOME AND PERSONAL CARE","PERSONAL WASH",
39376,"GEURTS APRICOT JAM 450G 12",0,2,46.99,-2,-93.98,SUPERMARKET,"FOOD CUPBOARD","SPREADS AND TOPPING",
39377,"GEURTS ORANGE MARMALADE JAM 450G 12",0,13,46.99,-13,-610.87,SUPERMARKET,"FOOD CUPBOARD","SPREADS AND TOPPING",
39465,"CAMPARI BITTERS 1L 6",0,2,249.99,-2,-499.98,SUPERMARKET,"BEVERAGES ALCOHOLIC",LIQUER,
39477,"PEPSODENT CAVITY FIGHTER TOOTHPASTE 65G  72",0,78,9.49,-78,-740.22,SUPERMARKET,"HOME AND PERSONAL CARE","ORAL CARE",
39483,"PEPSODENT CAVITY FIGHTER  TOOTHPASTE 175G 72",0,67,22.99,-67,-1540.33,SUPERMARKET,"HOME AND PERSONAL CARE","ORAL CARE",
209240,"PEPSODENT TP FIFA ANTIBACTERIA MV 95G 36",0,36,22.99,-36,-827.64,SUPERMARKET,"HOME AND PERSONAL CARE","ORAL CARE",
209241,"PEPSODENT TP FIFA FRESH BREATH MV 95G 36",0,36,22.99,-36,-827.64,SUPERMARKET,"HOME AND PERSONAL CARE","ORAL CARE",
209242,"PEPSODENT TP FIFA PLAQUE FGHTR MV 95G 36",0,36,22.99,-36,-827.64,SUPERMARKET,"HOME AND PERSONAL CARE","ORAL CARE",
33499,"GILLETTE BLUE 2 PLUS POUCH 3RAZORS TWIN BLADE  40",0,29,22.99,-29,-666.71,SUPERMARKET,"HOME AND PERSONAL CARE","MENS GROOMING",
33578,"FROSTY BITE ICE CREAM STRAWBERRY TUB 550ML 6",0,3,22.49,-3,-67.47,SUPERMARKET,"FROZEN FOOD",ICE-CREAM,
33579,"FROSTY BITE ICE CREAM VANILLA TUB 550ML 6",0,1,22.49,-1,-22.49,SUPERMARKET,"FROZEN FOOD",ICE-CREAM,
39670,"CUP MELAMINE ZHN 1052",0,3,16.9,-3,-50.7,"HOUSEWARE & KITCHENWARE","MELAMINE WARE","MEL MUGS AND CUPS",
39829,"CAMEL STANDARD LIQUID 1L  12",0,1,108.99,-1,-108.99,SUPERMARKET,"HOME AND PERSONAL CARE","HEALTH AND WELLNESS",
26940,"HEINEKEN LAGER BEER BTL 330ML 24",0,30,29.99,-30,-899.7,SUPERMARKET,"BEVERAGES ALCOHOLIC","BOTTLE BEER",
26948,"VOLTPLUS AVR 1KVA W/110V ASSIST OUTPUT AVR-6012",0,3,529,-3,-1587,"ELECTRICAL APPLIANCES",ELECTRICALS,AVR/AVS,
26950,"VOLTPLUS AVR 2KVA W/110V ASSIST OUTPUT AVR-6022",0,3,779,-3,-2337,"ELECTRICAL APPLIANCES",ELECTRICALS,AVR/AVS,
26952,"VOLTPLUS AVR 5KVA W/110V ASSIST OUTPUT AVR-6055",0,2,1679,-2,-3358,"ELECTRICAL APPLIANCES",ELECTRICALS,AVR/AVS,
26965,"ONGA TABLET  (64TABS X 11G) SHRIMP FLAVOR    24",0,6,42.99,-6,-257.94,SUPERMARKET,"FOOD CUPBOARD",CONDIMENTS,
27129,"TOILET BRUSH WSTAND PLASTIC 303 YWU",0,4,9.9,-4,-39.6,"HOUSEWARE & KITCHENWARE","HOME HYGIENE","TOILET BRUSHES",
34237,"8PM WHISKY 1L 12 (BOX PACK)",0,3,119.99,-3,-359.97,SUPERMARKET,"BEVERAGES ALCOHOLIC",WHISKEY,
39953,"PRAN PREMIUM FRUIT COCKTAIL JUICE TETRA PACK 1L 12",0,11,22.99,-11,-252.89,SUPERMARKET,BEVERAGES,JUICE,
39954,"PRAN MANGO JUICE TETRA PACK 1L  12",0,8,22.99,-8,-183.92,SUPERMARKET,BEVERAGES,JUICE,
39955,"PRAN PREMIUM ORANGE JUICE TETRA PACK 1L  12",0,1,22.99,-1,-22.99,SUPERMARKET,BEVERAGES,JUICE,
39985,"PRAN PINEAPPLE JUICE TETRA PACK 1L  12",0,11,22.99,-11,-252.89,SUPERMARKET,BEVERAGES,JUICE,
39989,"PRAN APPLE NECTAR JUICE  1L  12",0,7,22.99,-7,-160.93,SUPERMARKET,BEVERAGES,JUICE,
27615,"BANETTI PASTA PENNE RIGATE 500G 20",0,15,14.99,-15,-224.85,SUPERMARKET,"FOOD CUPBOARD","NOODLES AND SOUP",
27769,"WC NET BLEACH GEL OCEAN FRESH  750ML 12",0,15,53.99,-15,-809.85,SUPERMARKET,"HOME AND PERSONAL CARE","HOUSEHOLD CLEANERS",
27770,"WC NET INTENSE SOL RIM BLOCK OCEAN FRESH (4PCS) 12",0,2,70.99,-2,-141.98,SUPERMARKET,"HOME AND PERSONAL CARE",FRESHENERS,
27774,"WC NET BLEACH  MOUNTAIN FRESH 750ML 12",0,1,53.99,-1,-53.99,SUPERMARKET,"HOME AND PERSONAL CARE","HOUSEHOLD CLEANERS",
34900,"GILLETTE 2 POUCH 3-S 2BLADES  40",0,49,18.99,-49,-930.51,SUPERMARKET,"HOME AND PERSONAL CARE","MENS GROOMING",
40289,"SHINE TOILET ROLL (4 ROLL)  6",0,4,19.99,-4,-79.96,SUPERMARKET,"HOME AND PERSONAL CARE",DISPOSABLE,
21077,"HANGER SET 05PCS WOODEN ANTISHIP  L6611N RJK",0,19,59,-19,-1121,"HOUSEWARE & KITCHENWARE",LAUNDARY,"CLOTH HANGERS",
35550,"RAMBO BEEF PATE 400G  20",0,8,26.99,-8,-215.92,SUPERMARKET,"FOOD CUPBOARD","CANNED FOOD",
35645,"PRAN FROOTO MANGO JUICE 500 ML 24",0,10,12.99,-10,-129.9,SUPERMARKET,BEVERAGES,JUICE,
35646,"PRAN FROOTO MANGO JUICE 1000 ML 12",0,4,24.99,-4,-99.96,SUPERMARKET,BEVERAGES,JUICE,
40290,"SHINE KITCHEN TOWEL ( 2PCS) 6",0,10,28.99,-10,-289.9,SUPERMARKET,"HOME AND PERSONAL CARE",DISPOSABLE,
40319,"JUVER DISFRUTA (MANZANA) APPLE  JUICE  1L  12",0,8,32.99,-8,-263.92,SUPERMARKET,BEVERAGES,JUICE,
40322,"JUVER DISFRUTA NECTA FRUTAS TROPICAL JUICE 1L  12",0,12,31.99,-12,-383.88,SUPERMARKET,BEVERAGES,JUICE,
40547,"HAPPY DELIGHT MULTIFRUIT JUICE 200ML 24",0,14,5.29,-14,-74.06,SUPERMARKET,BEVERAGES,JUICE,
40548,"HAPPY DELIGHT TROPICAL JUICE 1L  6",0,1,27.49,-1,-27.49,SUPERMARKET,BEVERAGES,JUICE,
40549,"HAPPY DELIGHT TROPICAL JUICE 200ML 24",0,1,5.29,-1,-5.29,SUPERMARKET,BEVERAGES,JUICE,
28412,"COOKWARE SET 8PCS PALU CROWNSTAR RJK 3094MC1094",0,1,849,-1,-849,"HOUSEWARE & KITCHENWARE",COOKWARE,"COOKWARE SET",
28649,"SASSO INSECTICIDE SPRAY 300ML  24",0,18,46.99,-18,-845.82,SUPERMARKET,"HOME AND PERSONAL CARE","INSECTICIDES AND RODENT CONTROL",
35804,"ROYAL DADDY WHITE SUGAR 1KG 20",0,21,35.99,-21,-755.79,SUPERMARKET,"FOOD CUPBOARD","SALT  SUGAR AND JAGGERY",
35805,"ROYAL DADDY BROWN SUGAR 1KG  20",0,12,34.99,-12,-419.88,SUPERMARKET,"FOOD CUPBOARD","SALT  SUGAR AND JAGGERY",
207976,"LUX BAR SOAP  NOURISHING  170G 48",0,48,22.99,-48,-1103.52,SUPERMARKET,"HOME AND PERSONAL CARE","PERSONAL WASH",
21722,"SAIRO HAND SOAP SEL MARINE 500ML  12",0,14,28.99,-14,-405.86,SUPERMARKET,"HOME AND PERSONAL CARE","PERSONAL WASH",
22008,"AKAI GAS STOVE 2B GC010A-8202",0,2,369,-2,-738,"GAS COOKER & ACCESSORIES","GAS COOKER","TABLE TOP GAS STOVE",
29079,"PRIVATE MISS TEEN PAD  (10X18) 18",0,7,17.49,-7,-122.43,SUPERMARKET,"HOME AND PERSONAL CARE","FEMININE CARE",
29084,"PRIVATE EXRA-THIN NORMAL (10PAD)   18",0,13,14.49,-13,-188.37,SUPERMARKET,"HOME AND PERSONAL CARE","FEMININE CARE",
29331,"ANNAPURNA IODISED SALT 200G  100",0,53,3.19,-53,-169.07,SUPERMARKET,"FOOD CUPBOARD","SALT  SUGAR AND JAGGERY",
29334,"ANNAPURNA IODISED SALT 900G  25",0,25,12.49,-25,-312.25,SUPERMARKET,"FOOD CUPBOARD","SALT  SUGAR AND JAGGERY",
29396,"BEL-AQUA NATURAL MINERAL WATER 1.5L 12",0,1,6.19,-1,-6.19,SUPERMARKET,BEVERAGES,"MINERAL WATER",
29397,"BEL-AQUA NATURAL MINERAL WATER 500ML 15",0,11,2.39,-11,-26.29,SUPERMARKET,BEVERAGES,"MINERAL WATER",
36357,"DEVA WC GEL MOUNTAIN FRESH 750ML 18",0,6,27.99,-6,-167.94,SUPERMARKET,"HOME AND PERSONAL CARE","HOUSEHOLD CLEANERS",
36359,"DEVA LUX LIQUID HAND STAWBERRY SOAP 350ML 24",0,23,18.99,-23,-436.77,SUPERMARKET,"HOME AND PERSONAL CARE","PERSONAL WASH",
22065,"CADBURY HOT CHOCOLATE DRINK 10PCS X 12 - 30G",0,13,39.99,-13,-519.87,SUPERMARKET,BEVERAGES,"DRINKING POWDERS",
29452,"CUSSONS BABY OIL SOFT & SMOOTH 200ML 24",0,18,20.49,-18,-368.82,SUPERMARKET,"HOME AND PERSONAL CARE","INFANT AND BABY CARE",
29453,"CUSSONS BABY OIL MILD & GENTLE 200ML 24",0,32,20.49,-32,-655.68,SUPERMARKET,"HOME AND PERSONAL CARE","INFANT AND BABY CARE",
29874,"LELE BAKED BEANS IN TOMATO SAUCE 420G 12",0,5,14.49,-5,-72.45,SUPERMARKET,"FOOD CUPBOARD","CANNED FOOD",
36408,"2000 WIHTE SUGAR 1KG  10",0,1,37.99,-1,-37.99,SUPERMARKET,"FOOD CUPBOARD","SALT  SUGAR AND JAGGERY",
36427,"GRACE GINGER BEER 330ML  24",0,13,16.99,-13,-220.87,SUPERMARKET,"BEVERAGES ALCOHOLIC","CAN BEER",
22456,"SERVING BOWL MELAMINE 10 INCHES ZHN C012",0,25,19.9,-25,-497.5,"HOUSEWARE & KITCHENWARE","MELAMINE WARE","MEL BOWL/BOWL+COVER",
22623,"CRATE FOR CLUB LAGER 625ML 21697",0,12,18.99,-12,-227.88,SUPERMARKET,"BEVERAGES ALCOHOLIC","BOTTLE BEER",
22624,"CRATE FOR CLUB LAGER MINI 330ML 21699",0,11,18.99,-11,-208.89,SUPERMARKET,"BEVERAGES ALCOHOLIC","BOTTLE BEER",
22804,"BLUE BAND SPREAD FOR BREAD 900G 12",0,6,39.49,-6,-236.94,SUPERMARKET,"FOOD CUPBOARD","SPREADS AND TOPPING",
22805,"BLUE BAND MARGARINE SPREAD FOR BREAD 75G 48",0,32,5.99,-32,-191.68,SUPERMARKET,"FOOD CUPBOARD","SPREADS AND TOPPING",
30345,"RENDEZ VOUS NON ALC SPARK. WINE PINK 75CL 6",0,1,40.99,-1,-40.99,SUPERMARKET,"BEVERAGES ALCOHOLIC",WINES,
30583,"LISTERINE COOL MINT MILDER(ZERO MILD ) 500ML  6",0,12,69.99,-12,-839.88,SUPERMARKET,"HOME AND PERSONAL CARE","ORAL CARE",
36727,"SMILE POCKET TISSUE 1X10X30",0,28,15.49,-28,-433.72,SUPERMARKET,"HOME AND PERSONAL CARE",DISPOSABLE,
36728,"FLORA POCKET TISSUE  1X10X30",0,32,13.99,-32,-447.68,SUPERMARKET,"HOME AND PERSONAL CARE",DISPOSABLE,
36773,"FROSTY BITE ICE CREAM VANILLA TUB 1800ML 1",0,3,64.99,-3,-194.97,SUPERMARKET,"FROZEN FOOD",ICE-CREAM,
36774,"FROSTY BITE ICE CREAM STRAWBERRY TUB 1800ML 1",0,3,64.99,-3,-194.97,SUPERMARKET,"FROZEN FOOD",ICE-CREAM,
36776,"FLORA POCKET TISSUE 1X6X50",0,48,8.29,-48,-397.92,SUPERMARKET,"HOME AND PERSONAL CARE",DISPOSABLE,
36782,"COLGATE MAX FRESH TOOTHPASTE 130ML 72",0,4,27.99,-4,-111.96,SUPERMARKET,"HOME AND PERSONAL CARE","ORAL CARE",
23063,"CUSSONS BABY OIL (MILD&GENT.) 100ML 48",0,53,12.49,-53,-661.97,SUPERMARKET,"HOME AND PERSONAL CARE","INFANT AND BABY CARE",
23104,"MCVITIES GINGER NUTS 250G 12",0,2,54.99,-2,-109.98,SUPERMARKET,"FOOD CUPBOARD",BISCUITS,
23129,"ENA PA SARDINES IN VEGETABLE OIL 125G 50",0,80,11.99,-80,-959.2,SUPERMARKET,"FOOD CUPBOARD","CANNED FOOD",
23130,"ENA PA MACKEREL IN TOMATO SAUCE  EO  425G  24",0,41,22.99,-41,-942.59,SUPERMARKET,"FOOD CUPBOARD","CANNED FOOD",
23131,"ENA PA MACKEREL IN TOMATO SAUCE 200G 48",0,33,12.99,-33,-428.67,SUPERMARKET,"FOOD CUPBOARD","CANNED FOOD",
23132,"ENA PA MACKEREL IN TOMATO SAUCE H/O 155G 50",0,48,11.99,-48,-575.52,SUPERMARKET,"FOOD CUPBOARD","CANNED FOOD",
23289,"TICTAC ORANGE 10.2G 60",0,59,6.99,-59,-412.41,SUPERMARKET,"FOOD CUPBOARD",CONFECTIONERY,
23627,"CONDOR PEAK ROSE WINE 750ML  12",0,24,79.99,-24,-1919.76,SUPERMARKET,"BEVERAGES ALCOHOLIC",WINES,
30615,"COLGATE LIQUID CALCIUM TOOTHPASTE 140 G  72",0,23,19.99,-23,-459.77,SUPERMARKET,"HOME AND PERSONAL CARE","ORAL CARE",
30617,"COLGATE HERBAL TOOTHPASTE 140G  72",0,74,20.99,-74,-1553.26,SUPERMARKET,"HOME AND PERSONAL CARE","ORAL CARE",
30669,"HARPIC GEL ACTIVE FRESH LAVENDER 725ML   12",0,2,38.99,-2,-77.98,SUPERMARKET,"HOME AND PERSONAL CARE","HOUSEHOLD CLEANERS",
37062,"HARPIC ACTIVE FRESH MOUNTAIN PINE  725ML   12",0,1,38.99,-1,-38.99,SUPERMARKET,"HOME AND PERSONAL CARE","HOUSEHOLD CLEANERS",
37465,"CUSSONS BABY LOTION MILD & GENTLE  200ML 24",0,9,20.49,-9,-184.41,SUPERMARKET,"HOME AND PERSONAL CARE","INFANT AND BABY CARE",
24023,"VASELINE PJ (BLUE SEAL) ALOE VERA 250ML 36",0,22,51.99,-22,-1143.78,SUPERMARKET,"HOME AND PERSONAL CARE","SKIN CARE",
24024,"VASELINE PJ (BLUE SEAL) ALOE VERA 100ML 144",0,104,24.99,-104,-2598.96,SUPERMARKET,"HOME AND PERSONAL CARE","SKIN CARE",
24026,"VASELINE PJ BLUE SEAL ORIGINAL 100ML 12",0,80,24.99,-80,-1999.2,SUPERMARKET,"HOME AND PERSONAL CARE","SKIN CARE",
30789,"TOM MILK  STRAWBERRY FLAVOURED 125G (4PC X 6PK)",0,1,48.99,-1,-48.99,SUPERMARKET,"FRESH DAIRY AND EGGS",Yoghurt,
30921,"LELE SARDINE IN SOYA OIL (OMG 3) 125G  50",0,23,16.49,-23,-379.27,SUPERMARKET,"FOOD CUPBOARD","CANNED FOOD",
30938,"CINDY VIETNAM RICE 5KG 5",0,10,94.99,-10,-949.9,SUPERMARKET,"FOOD CUPBOARD","RAW RICE",
37540,"WC NET INTENSE SOL RIM BLOCK LAV. FRESH (4PCS)  12",0,20,70.99,-20,-1419.8,SUPERMARKET,"HOME AND PERSONAL CARE",FRESHENERS,
37638,"DEVA POWER BLEACH  2L   8",0,6,44.99,-6,-269.94,SUPERMARKET,"HOME AND PERSONAL CARE","HOUSEHOLD CLEANERS",
37652,"DEVA GLASS CLEANER 750ML  12",0,4,25.99,-4,-103.96,SUPERMARKET,"HOME AND PERSONAL CARE","HOUSEHOLD CLEANERS",
37657,"DEVA POWER MAX BLEACH 1L  12",0,-3,22.99,3,68.97,SUPERMARKET,"HOME AND PERSONAL CARE","HOUSEHOLD CLEANERS",
37659,"DEVA POWER BLEACH  5L 4",0,9,95.49,-9,-859.41,SUPERMARKET,"HOME AND PERSONAL CARE","HOUSEHOLD CLEANERS",
25057,"LELE CHUNKS LIGHT MEAT TUNA 160G 24",0,36,24.99,-36,-899.64,SUPERMARKET,"FOOD CUPBOARD","CANNED FOOD",
25362,"EMBORG SKIMMED UHT MILK 1L 12",0,7,46.99,-7,-328.93,SUPERMARKET,"FOOD CUPBOARD","MILK AND CREAMERS",
31691,"AKAI INSECT KILLER 1X6W IK001-1X6W/IK004",0,9,189,-9,-1701,"ELECTRICAL APPLIANCES",ELECTRICALS,"ELE ACCESSORIES",
37883,"GEURTS CHERRY JAM 450G 12",0,11,46.99,-11,-516.89,SUPERMARKET,"FOOD CUPBOARD","SPREADS AND TOPPING",
37884,"GEURTS PINEAPPLE JAM 450G 12",0,5,46.99,-5,-234.95,SUPERMARKET,"FOOD CUPBOARD","HONEY  JAM AND MARMALADE",
38042,"PARIDOX ALATA SAMINA B&SGEL COCOA 450ML 20",0,17,41.99,-17,-713.83,SUPERMARKET,"HOME AND PERSONAL CARE","PERSONAL WASH",
38044,"PARIDOX ALATA SAMINA B&S GEL LEMON 450ML 20",0,22,41.99,-22,-923.78,SUPERMARKET,"HOME AND PERSONAL CARE","PERSONAL WASH",
25976,"UMBRELLA MEN-S 60CM 8TIPS",0,6,55,-6,-330,"HOME DECOR & TEXTILES","HOME DECOR",XMAS,
26023,"SOUP PLATE MELAMINE 11 INCHES ZHN 11B016",0,37,16.9,-37,-625.3,"HOUSEWARE & KITCHENWARE","MELAMINE WARE","MEL PLATE",
32100,"EVERPACK TRASH BAG MEDIUM 25L  12",0,20,54.99,-20,-1099.8,SUPERMARKET,"HOME AND PERSONAL CARE",DISPOSABLE,
32101,"EVERPACK TRASH BAG LARGE 55L  6",0,-1,69.99,1,69.99,SUPERMARKET,"HOME AND PERSONAL CARE",DISPOSABLE,
32102,"EVERPACK ALUMINIUM FOIL 37.5FT  24",0,8,26.99,-8,-215.92,SUPERMARKET,"HOME AND PERSONAL CARE",DISPOSABLE,
32104,"EVERPACK CLING FILM 100SQ FT  24",0,6,23.99,-6,-143.94,SUPERMARKET,"HOME AND PERSONAL CARE",DISPOSABLE,
32172,"VACCUM MUG 450ML PLASTIC INNER STEEL YWU",0,1,18.9,-1,-18.9,"HOUSEWARE & KITCHENWARE",DINNERWARE,MUGS,
32410,"ZESTA STRAWBERRY TEA (25 X 1.8G)  12",0,5,23.99,-5,-119.95,SUPERMARKET,BEVERAGES,"FLAVOURED TEA",
38487,"FRYTOL VEGETABLE COOKING OIL 1.8L 6",0,33,76.99,-33,-2540.67,SUPERMARKET,"FOOD CUPBOARD","EDIBLE OILS AND GHEE",
38491,"FRYTOL VEGETABLE COOKING OIL 4.5L 4",0,5,167.99,-5,-839.95,SUPERMARKET,"FOOD CUPBOARD","EDIBLE OILS AND GHEE",
38707,"COWBELL MOCHA 35G 120",0,60,5.99,-60,-359.4,SUPERMARKET,BEVERAGES,"DRINKING POWDERS",
32593,"NIVEA BODY LOTION PERFECT & RADIANT  400ML 12",0,10,81.99,-10,-819.9,SUPERMARKET,"HOME AND PERSONAL CARE","SKIN CARE",
38828,"DINNER PLATE COUPE 10INCHES CERAMIC WHT WF10FP RJK",0,29,12.9,-29,-374.1,"HOUSEWARE & KITCHENWARE",DINNERWARE,PLATE,
38886,"HARPIC TOILET GEL CITRUS  450ML 12",0,8,30.99,-8,-247.92,SUPERMARKET,"HOME AND PERSONAL CARE","HOUSEHOLD CLEANERS",
26305,"PRINGLES SALT&VINEGAR 165G  19",0,5,44.99,-5,-224.95,SUPERMARKET,"FOOD CUPBOARD",SNACKS,
26327,"BELPAK FUN NAPKIN  15",0,-1,5.99,1,5.99,SUPERMARKET,"HOME AND PERSONAL CARE",DISPOSABLE,
32786,"EASY MOUZOO MANGO TETRAPACK 200ML 27",0,30,5.49,-30,-164.7,SUPERMARKET,BEVERAGES,JUICE,
32787,"EASY MOUZOO GUAVA TETRAPACK DRINK 200ML 27",0,25,5.49,-25,-137.25,SUPERMARKET,BEVERAGES,JUICE,
32788,"EASY MOUZOO APPLE JUICE TETRA PK 200ML  27",0,22,5.49,-22,-120.78,SUPERMARKET,BEVERAGES,JUICE,
32790,"EASY MOUZOO PINEAPPLE TETRA PACK  200ML 27",0,21,5.49,-21,-115.29,SUPERMARKET,BEVERAGES,JUICE,
32791,"EASY MOUZOO ORANGE TETRAPACK  200ML 27",0,31,5.49,-31,-170.19,SUPERMARKET,BEVERAGES,JUICE,
32825,"BANETTI SMALL ELBOWS 500G  20",0,-3,14.99,3,44.97,SUPERMARKET,"FOOD CUPBOARD","NOODLES AND SOUP",
32924,"FABER CASTELL RULERS PLATIC TRANS 15CM 6--170640",0,-1,2.9,1,2.9,STATIONERY,"OFFICE STATIONERY","OFFICE BASIC AND STATIONERY",
92329,"COWBELL BANANA MILK 35G 120",0,110,5.99,-110,-658.9,SUPERMARKET,BEVERAGES,"DRINKING POWDERS",
92386,"DARLING LEMON FLAVOR ALCOHOLIC DRINK 330ML  12",0,48,6.29,-48,-301.92,SUPERMARKET,"BEVERAGES ALCOHOLIC","BOTTLE BEER",
92398,"PLASTIC BUCKET 1700 REC-B-54 SSPD",0,2,9.9,-2,-19.8,"HOUSEWARE & KITCHENWARE",LAUNDARY,"BUCKETS AND BASINS",
92415,"WATER BOTTLE 400ML PLASTIC YWU",0,15,14.9,-15,-223.5,"HOUSEWARE & KITCHENWARE","FLASK AND BOTTLES",BOTTLE,
87909,"SERVING BOWL MELAMINE 11 INCHES ZHN B07711",0,31,24.9,-31,-771.9,"HOUSEWARE & KITCHENWARE","MELAMINE WARE","MEL BOWL/BOWL+COVER",
87939,"ENA PA LIGHT MEAT TUNA IN SOYA OIL CHUNK 160G  24",0,10,20.99,-10,-209.9,SUPERMARKET,"FOOD CUPBOARD","CANNED FOOD",
87942,"COLGATETOOTHPASTE NAT. EXT. CHARCOAL&MINT 75ML 48",0,37,38.99,-37,-1442.63,SUPERMARKET,"HOME AND PERSONAL CARE","ORAL CARE",
87945,"COLGATE TP NATURAL EXTRACTS LEMON OIL 75ML  48",0,40,38.99,-40,-1559.6,SUPERMARKET,"HOME AND PERSONAL CARE","ORAL CARE",
87956,"LIFEBUOY BAR SOAP TOTAL10  175G  72",0,71,20.99,-71,-1490.29,SUPERMARKET,"HOME AND PERSONAL CARE","PERSONAL WASH",
90468,"MATA SLICE MUSHROOMS 400G  24",0,19,21.99,-19,-417.81,SUPERMARKET,"FOOD CUPBOARD","CANNED FOOD",
90526,"JOHNNIE WALKER BLACK LABEL 200ML 24",0,8,144.99,-8,-1159.92,SUPERMARKET,"BEVERAGES ALCOHOLIC",WHISKEY,
90540,"NIVEA BODY LOTION NATURAL FAIRNESS 250ML  12",0,24,59.99,-24,-1439.76,SUPERMARKET,"HOME AND PERSONAL CARE","SKIN CARE",
92676,"CAKE BOARD ROUND 12CM THICKNESS  30CM YWU",0,20,16.9,-20,-338,"HOUSEWARE & KITCHENWARE",BAKEWARE,MOULDS,
92695,"LADLE TURNER CX18191 PLASTIC YWU",0,1,14.9,-1,-14.9,"HOUSEWARE & KITCHENWARE","KITCHEN TOOLS AND CULTARY","COOKING TOOL LADLES AND SERVERS",
92696,"LADLE TURNER SLOTTED CX18192 PLASTIC YWU",0,-1,16.9,1,16.9,"HOUSEWARE & KITCHENWARE","KITCHEN TOOLS AND CULTARY","COOKING TOOL LADLES AND SERVERS",
92697,"TONG 12CM SSTEEL LX09090 YWU",0,10,14.9,-10,-149,"HOUSEWARE & KITCHENWARE","KITCHEN TOOLS AND CULTARY",TONGS,
85346,"RIOS DE CHILE CARMENERE WINE 13.5% VOL 750ML  6",0,10,89.99,-10,-899.9,SUPERMARKET,"BEVERAGES ALCOHOLIC",WINES,
85347,"RIOS DE CHILE SAUVIGNON BLANC WINE 13.5% VOL 750ML",0,4,89.99,-4,-359.96,SUPERMARKET,"BEVERAGES ALCOHOLIC",WINES,
85348,"RIOS DE CHILE MERLOT WINE 13.5%VOL  750ML  6",0,6,89.99,-6,-539.94,SUPERMARKET,"BEVERAGES ALCOHOLIC",WINES,
85349,"RIOS DE CHILE CABERNET SAUVIGON WINE 13.5%VOL750ML",0,8,89.99,-8,-719.92,SUPERMARKET,"BEVERAGES ALCOHOLIC",WINES,
85351,"HIGHBURY CLASSIC WHISKY 750ML 6",0,8,149.99,-8,-1199.92,SUPERMARKET,"BEVERAGES ALCOHOLIC",WHISKEY,
87966,"AKAI TOASTER 2 SLICE 700W TO024A-1101",0,2,229,-2,-458,"ELECTRICAL APPLIANCES","TOASTER/TOSTER OVEN",TOASTERS,
87968,"ENA PA NON-DAIRY CREAMER 225G  50",0,39,13.99,-39,-545.61,SUPERMARKET,"FOOD CUPBOARD","MILK AND CREAMERS",
87987,"JUVER SELECCION ORANGE BOTTLE JUICE  850ML  12",0,10,42.49,-10,-424.9,SUPERMARKET,BEVERAGES,JUICE,
87990,"JUVER SELECCION PEACH BOTTLE JUICE  850ML  12",0,9,42.49,-9,-382.41,SUPERMARKET,BEVERAGES,JUICE,
88061,"PEAK  FULL CREAM UHT MILK  500ML 12",0,12,22.99,-12,-275.88,SUPERMARKET,"FOOD CUPBOARD","MILK AND CREAMERS",
90564,"LELE TUNA CHUNKS IN SOYA BEAN OIL  80G  48",0,36,15.19,-36,-546.84,SUPERMARKET,"FOOD CUPBOARD","CANNED FOOD",
90565,"LELE TUNA FLAKES IN SOYA BEAN OIL 160G  24",0,19,18.99,-19,-360.81,SUPERMARKET,"FOOD CUPBOARD","CANNED FOOD",
90601,"CURTAIN ROD SINGLE 120 TO 210 11009-210AB",0,27,119,-27,-3213,"HOME DECOR & TEXTILES","CURTAIN RODS","CURTAIN RODS",
90603,"CURTAIN ROD SINGLE 120 TO 210 11032-210AB",0,1,119,-1,-119,"HOME DECOR & TEXTILES","CURTAIN RODS","CURTAIN RODS",
90604,"CURTAIN ROD SINGLE 120-210 11032-210AC",0,5,119,-5,-595,"HOME DECOR & TEXTILES","CURTAIN RODS","CURTAIN RODS",
90607,"CURTAIN ROD SINGLE 120-210 11051-210PG",0,15,119,-15,-1785,"HOME DECOR & TEXTILES","CURTAIN RODS","CURTAIN RODS",
90610,"CURTAIN ROD SINGLE 120-210 11062-210PC",0,6,119,-6,-714,"HOME DECOR & TEXTILES","CURTAIN RODS","CURTAIN RODS",
90626,"CURTAIN ROD EXTANDABLE SIZE 110-210CM 11032-210DG",0,1,75,-1,-75,"HOME DECOR & TEXTILES","CURTAIN RODS","CURTAIN RODS",
92724,"SHOWER CADDY METAL WIRE YWU",0,7,69,-7,-483,"HOUSEWARE & KITCHENWARE",BATHROOM,"BATHROOM SHELF RACKS HOLDERS",
92763,"BAMBOO KABEB STICK  50X35CM 115 YWU",0,23,6.9,-23,-158.7,"HOUSEWARE & KITCHENWARE",KITCHENWARE,"BBQ AND ACCESSORIES",
92777,"TUMBLER 4PCS SET PLASTIC 4580M37 YWU",0,9,9.9,-9,-89.1,"HOUSEWARE & KITCHENWARE",DINNERWARE,CUP,
92867,"TOYS BUBBLE GUN SET LX0305646",0,4,85,-4,-340,"TOYS AND ENTERTAINMENT","BACKYARD PLAY","SWIMMING AND POOL ACCESSORIES",
85495,"BANETTI PASTA CHARLESTON 500G  20",0,17,14.99,-17,-254.83,SUPERMARKET,"FOOD CUPBOARD","PASTA AND SPAGHETTI",
85497,"BANETTI SHELLS  500G  20",0,14,14.99,-14,-209.86,SUPERMARKET,"FOOD CUPBOARD","PASTA AND SPAGHETTI",
85565,"WHITE BLUE PREMIUM WHISKY WITH MONOCARTON 750ML 12",0,10,99.99,-10,-999.9,SUPERMARKET,"BEVERAGES ALCOHOLIC",WHISKEY,
85566,"WHITE HILLS RESERVE WHISKY 42.8% 750ML  12",0,1,79.99,-1,-79.99,SUPERMARKET,"BEVERAGES ALCOHOLIC",WHISKEY,
85602,"DISH CLOTH 2 PCS SET DC 599",0,4,19.9,-4,-79.6,"HOME DECOR & TEXTILES","DISH CLOTHS AND NAPKINS","KITCHEN NAPKIN AND TOWELS",
85642,"DESERT SPOON LARGE  SINGLE PIECE  SC77",0,21,29.9,-21,-627.9,"HOUSEWARE & KITCHENWARE","CUTLERY ITEMS","SPOONS FORKS KNIFE AND CUTLERY SET",
88165,"FONS ULTRA SERVIETTE TISSUE IPLY 100SHEETS  30",0,12,10.29,-12,-123.48,SUPERMARKET,"HOME AND PERSONAL CARE",DISPOSABLE,
88170,"FONTISSUE NEW TROLL 2PLY 4ROLLS   10",0,4,17.99,-4,-71.96,SUPERMARKET,"HOME AND PERSONAL CARE",DISPOSABLE,
88232,"AKAI HOME THEATRE SYSTEM 2.1CH SS055A-C641",0,2,1899,-2,-3798,"ELECTRONICS & TELECOM",AUDIO,"HOME THEATRE",
88238,"BINATONE BLENDER  W/MILL 350W BLG 452",0,4,669,-4,-2676,"ELECTRICAL APPLIANCES","FOOD PROCESSOR/BLENDER",BLENDERS,
88239,"BINATONE BLENDER 1.5L 350W WHITE BLG 450 MK2",0,7,669,-7,-4683,"ELECTRICAL APPLIANCES","FOOD PROCESSOR/BLENDER",BLENDERS,
88248,"LG LED TV 43"" SATELLITE 43LK5100PVB/43LM5500",0,1,5999,-1,-5999,"ELECTRONICS & TELECOM","LED TV","SATELLITE TV",
90630,"CURTAIN ROD EXTANDABLE SIZE 110-210CM 11062-210DG",0,2,75,-2,-150,"HOME DECOR & TEXTILES","CURTAIN RODS","CURTAIN RODS",
92931,"FUFU BOWL 9INCH CERAMIC WHITE H88004 YWU",0,27,24.9,-27,-672.3,"HOUSEWARE & KITCHENWARE",DINNERWARE,BOWLS,
85651,"EASY MOUZOO APPLE JUICE GLASS BOTTLE 1L  6",0,2,32.99,-2,-65.98,SUPERMARKET,BEVERAGES,JUICE,
85653,"EASY MOUZOO APPLE JUICE GLASS BOTTLE 250ML  24",0,17,10.99,-17,-186.83,SUPERMARKET,BEVERAGES,JUICE,
85698,"AKAI LED LIGHT RECHARGEABLE LS024A-1032/LS030A",0,9,259,-9,-2331,"ELECTRICAL APPLIANCES",LIGHTING/LAMPS,"TORCH/ LANTERN",
93300,"DZIRE STANDING FAN 18"" SF18-054",0,1,519,-1,-519,"ELECTRICAL APPLIANCES",FAN,"STANDING FAN",
85700,"AKAI LED LIGHT RECHARGEABLE LS013RA-1044L/LS028A",0,11,229,-11,-2519,"ELECTRICAL APPLIANCES",LIGHTING/LAMPS,"TORCH/ LANTERN",
88468,"SERVING TRAY 35CM ROUND PLASTIC YWU",0,28,16.9,-28,-473.2,"HOUSEWARE & KITCHENWARE",SERVEWARE,"SERVING TRAYS",
86130,"HARPIC ORIGINAL POWER PLUS 450ML 12",0,3,30.99,-3,-92.97,SUPERMARKET,"HOME AND PERSONAL CARE","HOUSEHOLD CLEANERS",
91194,"VOLTIC MINERAL WATER 500ML 15",0,7,2.19,-7,-15.33,SUPERMARKET,BEVERAGES,"MINERAL WATER",
91197,"SAIRO BATH&SHOWER GEL STRAWBERRY SENSATION 750M  8",0,7,51.99,-7,-363.93,SUPERMARKET,"HOME AND PERSONAL CARE","PERSONAL WASH",
91202,"SAIRO BATH&SHOWER GEL VANILLA SENSATION 750M  8",0,2,50.99,-2,-101.98,SUPERMARKET,"HOME AND PERSONAL CARE","PERSONAL WASH",
91213,"SAIRO BATH&SHOWER GEL ARGAN NATURAL OILS 750ML  8",0,17,50.99,-17,-866.83,SUPERMARKET,"HOME AND PERSONAL CARE","PERSONAL WASH",
91230,"SAIRO BATH&SHOWER GEL CUCUMBER SENSATION 750ML 8",0,9,50.99,-9,-458.91,SUPERMARKET,"HOME AND PERSONAL CARE","PERSONAL WASH",
91233,"SAIRO BATH&SHOWER GEL MARINE SALT 750ML 8",0,9,50.99,-9,-458.91,SUPERMARKET,"HOME AND PERSONAL CARE","PERSONAL WASH",
91234,"SAIRO BATH&SHOWER GEL MARINE EXCLUSIVE 750ML 8",0,10,51.99,-10,-519.9,SUPERMARKET,"HOME AND PERSONAL CARE","PERSONAL WASH",
91235,"SAIRO BATH&SHOWER GEL COCONUT SENSATION 750ML 8",0,9,50.99,-9,-458.91,SUPERMARKET,"HOME AND PERSONAL CARE","PERSONAL WASH",
86312,"SAMSUNG BACK COVER J4 32GB",0,2,2,-2,-4,"ELECTRONICS & TELECOM","MOBILE ACCESSORIES","MOBILE COVERS/SCREEN PROTECTORS",
86330,"CUP W COVER 450ML PLASTIC YWU",0,8,14.9,-8,-119.2,"HOUSEWARE & KITCHENWARE","FLASK AND BOTTLES","CUPS AND TUMBLERS",
88923,"AKAI CEILING FAN 56"" EF083A-C5610BG",0,6,399,-6,-2394,"ELECTRICAL APPLIANCES",FAN,"CEILING FAN",
88924,"AKAI CEILING FAN 56"" EF084A-C5662WS",0,4,449,-4,-1796,"ELECTRICAL APPLIANCES",FAN,"CEILING FAN",
88944,"PRINTED APRON  24""X 34""(60 X 80 CMS)  APR 22",0,1,9.9,-1,-9.9,"HOME DECOR & TEXTILES","DISH CLOTHS AND NAPKINS","APRON AND GLOVES",
88959,"SERVING BOWL MELAMINE 12 INCHES ZHN C60112",0,23,34.9,-23,-802.7,"HOUSEWARE & KITCHENWARE","MELAMINE WARE","MEL BOWL/BOWL+COVER",
88960,"SERVING BOWL MELAMINE 9 INCHES ZHN C0969",0,26,12.9,-26,-335.4,"HOUSEWARE & KITCHENWARE","MELAMINE WARE","MEL BOWL/BOWL+COVER",
88961,"SERVING BOWL MELAMINE 10 INCHES ZHN C09610",0,24,19.9,-24,-477.6,"HOUSEWARE & KITCHENWARE","MELAMINE WARE","MEL BOWL/BOWL+COVER",
91236,"SAIRO BATH&SHOWER GEL PAPAYASENSATION 750ML 8",0,4,51.99,-4,-207.96,SUPERMARKET,"HOME AND PERSONAL CARE","PERSONAL WASH",
91237,"SAIRO BATH&SHOWER GEL MELON SENSATION 750ML 8",0,10,50.99,-10,-509.9,SUPERMARKET,"HOME AND PERSONAL CARE","PERSONAL WASH",
91254,"CLEANOL ANTISEPTIC DISINFECTANT 500ML   12",0,6,26.99,-6,-161.94,SUPERMARKET,"HOME AND PERSONAL CARE","HEALTH AND WELLNESS",
91311,"GALAXY BROWN SUGAR CUBE BOTTLE 700G 12",0,13,35.99,-13,-467.87,SUPERMARKET,"FOOD CUPBOARD","SALT  SUGAR AND JAGGERY",
91312,"GALAXY WHITE SUGAR CUBE BOTTLE 700G 12",0,4,36.99,-4,-147.96,SUPERMARKET,"FOOD CUPBOARD","SALT  SUGAR AND JAGGERY",
86370,"BASIN 21 LITRES PLASTIC SSPD YWU",0,21,29.9,-21,-627.9,"HOUSEWARE & KITCHENWARE",LAUNDARY,"BUCKETS AND BASINS",
86385,"ORIJIN HERBAL BITTERS 200ML 48",0,11,19.99,-11,-219.89,SUPERMARKET,"BEVERAGES ALCOHOLIC",BITTERS,
86437,"WATER BOTTLE 900ML PLASTIC SPORTS PURO",0,4,39.9,-4,-159.6,"HOUSEWARE & KITCHENWARE","FLASK AND BOTTLES",BOTTLE,
86438,"WATER BOTTLE 900ML PLASTIC INSULATED KIDSBTSTRENDS",0,10,46.9,-10,-469,"HOUSEWARE & KITCHENWARE","FLASK AND BOTTLES",BOTTLE,
86440,"WATER BOTTLE 900ML PLASTIC PURO GLISS",0,8,39.9,-8,-319.2,"HOUSEWARE & KITCHENWARE","FLASK AND BOTTLES",BOTTLE,
86442,"WATER BOTTLE 600ML PLASTIC PURO KIDS",0,16,29.9,-16,-478.4,"HOUSEWARE & KITCHENWARE","FLASK AND BOTTLES",BOTTLE,
86443,"WATER BOTTLE 600ML PLASTIC INSULATEDKIDSBTSJUNIOR",0,8,39.9,-8,-319.2,"HOUSEWARE & KITCHENWARE","FLASK AND BOTTLES",BOTTLE,
89172,"DISH RACK WTRAY PLASTIC S800L YWU",0,1,24.9,-1,-24.9,"HOUSEWARE & KITCHENWARE",KITCHENWARE,"DISH RACKS",
89177,"DISH RACK PLASTIC WTRAY  44X32CM PLASTIC S900L YWU",0,25,79,-25,-1975,"HOUSEWARE & KITCHENWARE",KITCHENWARE,"DISH RACKS",
89188,"DISH RACK 2LAYER 49X37X35 PLASTIC CMS60162 YWU",0,8,139,-8,-1112,"HOUSEWARE & KITCHENWARE",KITCHENWARE,"DISH RACKS",
89208,"SCOURER PAD 5PCS SET SPONGE AP055 YWU",0,8,9.9,-8,-79.2,"HOUSEWARE & KITCHENWARE","HOME HYGIENE","SPONGE SCRUBBERS AND SCOURERS",
89217,"EXPENDABLE SPONGE LS8899 YWU",0,39,4.9,-39,-191.1,"HOUSEWARE & KITCHENWARE","HOME HYGIENE","SPONGE SCRUBBERS AND SCOURERS",
91416,"QUERAY SHOWER GEL DERMO 750 ML  12",0,1,32.99,-1,-32.99,SUPERMARKET,"HOME AND PERSONAL CARE","PERSONAL WASH",
91422,"DOLAIT NATURAL YOGURT VANILLA 200G  1",0,5,15.49,-5,-77.45,SUPERMARKET,"FRESH DAIRY AND EGGS",Yoghurt,
91429,"SANTA HELENA SOFT & FRUITY SEMI SWEET WINE 750ML 6",0,5,78.99,-5,-394.95,SUPERMARKET,"BEVERAGES ALCOHOLIC",WINES,
91430,"CHOP TIME SERVIETTE 29CMX29CM 100SHEETS  15",0,17,7.49,-17,-127.33,SUPERMARKET,"HOME AND PERSONAL CARE",DISPOSABLE,
91432,"BECKY QUEEN PEANUT CRAUNCH 230G  12",0,13,30.99,-13,-402.87,SUPERMARKET,"FOOD CUPBOARD","BREAKFAST CEREALS",
91433,"BECKY QUEEN GRAFIK & TIMES 250G  12",0,9,30.99,-9,-278.91,SUPERMARKET,"FOOD CUPBOARD","BREAKFAST CEREALS",
91452,"POPULAR FILLED EVAPORATED MILK 150G 24",0,1,7.89,-1,-7.89,SUPERMARKET,"FOOD CUPBOARD","MILK AND CREAMERS",
91456,"DON SIMON MANGO JUICE DRINK 500ML 12",0,19,24.99,-19,-474.81,SUPERMARKET,BEVERAGES,JUICE,
83614,"GOLDCOAST NATURAL COCOA POWDER UNSWEETENED 400G 12",0,11,64.99,-11,-714.89,SUPERMARKET,BEVERAGES,"DRINKING POWDERS",
86515,"CORNELLY CORN SNACKS 50G  72",0,1,1.09,-1,-1.09,SUPERMARKET,"FOOD CUPBOARD",SNACKS,
89270,"TRAY 38X24CM BLACK PLASTIC JB08 YWU",0,23,16.9,-23,-388.7,"HOUSEWARE & KITCHENWARE",SERVEWARE,"SERVING TRAYS",
89272,"TRAY 42X29CM BLACK PLASTIC JB18 YWU",0,22,26.9,-22,-591.8,"HOUSEWARE & KITCHENWARE",SERVEWARE,"SERVING TRAYS",
91532,"DETTOL SOAP EVEN TONE  160G  48",0,40,21.99,-40,-879.6,SUPERMARKET,"HOME AND PERSONAL CARE","PERSONAL WASH",
91536,"DETTOL SOAP BEST EVER COOL  155G    48",0,32,21.99,-32,-703.68,SUPERMARKET,"HOME AND PERSONAL CARE","PERSONAL WASH",
91538,"DETTOL SOAP ORIGINAL 160G   48",0,2,21.99,-2,-43.98,SUPERMARKET,"HOME AND PERSONAL CARE","PERSONAL WASH",
91548,"DETTOL SOAP SKINCARE  110G  72",0,1,14.49,-1,-14.49,SUPERMARKET,"HOME AND PERSONAL CARE","PERSONAL WASH",
91549,"DETTOL SOAP BEST EVER COOL 105G 72",0,1,14.99,-1,-14.99,SUPERMARKET,"HOME AND PERSONAL CARE","PERSONAL WASH",
91552,"COLGATE MOUTH WASH PLAX PEPPERMINT 250ML  24",0,30,51.99,-30,-1559.7,SUPERMARKET,"HOME AND PERSONAL CARE","ORAL CARE",
89576,"MENTOS ICE GUM SPEARMINT  24DB*12BL *8PCS 288",0,288,9.59,-288,-2761.92,SUPERMARKET,"FOOD CUPBOARD",CONFECTIONERY,
89582,"MENTOS CHEWY DRAGEES FRUIT SACHET (50PCS) 135G  40",0,2,35.99,-2,-71.98,SUPERMARKET,"FOOD CUPBOARD",CONFECTIONERY,
89619,"CURTAIN JACQUARD 02-PA-2100",0,12,169,-12,-2028,"HOME DECOR & TEXTILES",CURTAINS,"GROMMET CURTAINS",
89621,"JACQUARD PANEL VELVET CURTAIN  PA-2101",0,5,179,-5,-895,"HOME DECOR & TEXTILES",CURTAINS,"GROMMET CURTAINS",
89690,"BINATONE DRY IRON 1000W HEAVY DI-1275",0,1,479,-1,-479,"ELECTRICAL APPLIANCES","LINEN CARE","DRY IRON",
89691,"WATER BOTTLE 1000ML PLASTIC RUGBY",0,1,24.9,-1,-24.9,"HOUSEWARE & KITCHENWARE","FLASK AND BOTTLES",BOTTLE,
86896,"COOL BREEZE MEMBRANE AIR FRESHNER OCEAN  8ML 12",0,1,22.99,-1,-22.99,SUPERMARKET,"HOME AND PERSONAL CARE",FRESHENERS,
86916,"BRAGG APPLES CIDER VINEGAR 473ML  12",0,5,144.99,-5,-724.95,SUPERMARKET,"FOOD CUPBOARD",CONDIMENTS,
86918,"NUTRISNAX OATS DIGESTIVE BISCUITS 70G  36",0,32,5.59,-32,-178.88,SUPERMARKET,"FOOD CUPBOARD",BISCUITS,
89788,"SPRITE ZERO PET 450ML  12",0,11,8.99,-11,-98.89,SUPERMARKET,BEVERAGES,DRINKS,
89841,"TISSUE HOLDER W SUCTION R5520 RJK",0,25,32.9,-25,-822.5,"HOUSEWARE & KITCHENWARE",BATHROOM,"BATHROOM SHELF RACKS HOLDERS",
83960,"AKAI AVR 2KVA DIGITAL AVR047AD-2KVA",0,1,799,-1,-799,"ELECTRICAL APPLIANCES",ELECTRICALS,AVR/AVS,
83961,"AKAI AVR 5KVA DIGITAL AVR048AD-5KVA",0,2,1799,-2,-3598,"ELECTRICAL APPLIANCES",ELECTRICALS,AVR/AVS,
89845,"CORNER RACK W SUCTION R5550 RJK",0,12,79,-12,-948,"HOUSEWARE & KITCHENWARE",BATHROOM,"BATHROOM SHELF RACKS HOLDERS",
89856,"SHINE DISPO. CUP 500CC DELUXE  (16S X 50PCS)  20",0,1,28.99,-1,-28.99,SUPERMARKET,"HOME AND PERSONAL CARE",DISPOSABLE,
91842,"AKAI PRESSURE MULTI COOKER 6L 1000W PCK001A-D60",0,1,899,-1,-899,"ELECTRICAL APPLIANCES","RICE/ MULTI COOKER","MULTI COOKER",
91879,"BINATONE MICROWAVE OVEN 20L 700W BLACK MWO-2018",0,1,1559,-1,-1559,"ELECTRICAL APPLIANCES",MICROWAVE,"SOLO MICROWAVE",
84379,"COOLER 15L  SSTEEL RED YWU",0,1,629,-1,-629,"HOUSEWARE & KITCHENWARE",KITCHENWARE,"WATER JAR / COOLERS",
87138,"CHEF KNIFE 8INCHES MASTERCHEF YWU",0,13,29.9,-13,-388.7,"HOUSEWARE & KITCHENWARE","KNIFE AND CHOPPING BOARD","SINGLE KNIFE",
87231,"BANANA MICROWAVE OVEN 20L BLACK BMW7201M",0,2,879,-2,-1758,"ELECTRICAL APPLIANCES",MICROWAVE,"SOLO MICROWAVE",
87294,"HUAWEI MOBILE Y7 2018 SCREEN PROTECTOR",0,2,29,-2,-58,"ELECTRONICS & TELECOM","MOBILE ACCESSORIES","MOBILE COVERS/SCREEN PROTECTORS",
87296,"BINATONE BLENDER 1.5L 500W BLG 620/621",0,2,909,-2,-1818,"ELECTRICAL APPLIANCES","FOOD PROCESSOR/BLENDER",BLENDERS,
87300,"BINATONE BLENDER 1.5L WSTIR STICK 350W BLK BLG 403",0,5,659,-5,-3295,"ELECTRICAL APPLIANCES","FOOD PROCESSOR/BLENDER",BLENDERS,
92081,"MAGGI DEDEEDE CUBE 600G  24",0,14,63.99,-14,-895.86,SUPERMARKET,"FOOD CUPBOARD",CONDIMENTS,
92104,"DISH RACK S SHAPE 2LAYER METAL HSWJTS2201 YWU",0,9,125,-9,-1125,"HOUSEWARE & KITCHENWARE",KITCHENWARE,"DISH RACKS",
84484,"CHRISTMAS RIBBON 32X35CM",0,1,59,-1,-59,"HOME DECOR & TEXTILES","XMAS SEASONAL","xmas season",
84506,"CHRISTMAS DECORATION DRUMS&BALLS 6PCS 5.5CM",0,6,11.9,-6,-71.4,"HOME DECOR & TEXTILES","XMAS SEASONAL","xmas season",
84509,"CHRISTMAS DECORATION 12PCS B",0,2,9.9,-2,-19.8,"HOME DECOR & TEXTILES","XMAS SEASONAL","xmas season",
84512,"CHRISTMAS DECORATION 9+1PCS",0,34,7.9,-34,-268.6,"HOME DECOR & TEXTILES","XMAS SEASONAL","xmas season",
84513,"CHRISTMAS DECORATION 9PCS",0,223,7.9,-223,-1761.7,"HOME DECOR & TEXTILES","XMAS SEASONAL","xmas season",
84515,"CHRISTMAS DECORATION 12PCS",0,76,5.9,-76,-448.4,"HOME DECOR & TEXTILES","XMAS SEASONAL","xmas season",
87467,"JAMAA CLASSIC LAUNDRY SOAP 130G    48",0,15,4.29,-15,-64.35,SUPERMARKET,"HOME AND PERSONAL CARE","LAUNDRY CARE",
87570,"COLOUR JOY W/WRITE ALONG VEGETABLE/FRUITS EB158",0,70,4.9,-70,-343,STATIONERY,"CHILDREN BOOKS AND GEN REF","BOOKS AND LEARNINGS",
87583,"JAF-K ROASTED GROUNDNUT 220G  24",0,7,24.99,-7,-174.93,SUPERMARKET,"FOOD CUPBOARD",SNACKS,
90034,"SUITCASE EVA NYLON W/4WHEELS 20"" 1865-20",0,1,389,-1,-389,LUGGAGE,"SUITCASE / TROLLEYCASE",EVA/SOFT,
90147,"FOOD COVER 28CM METAL YWU",0,18,12.9,-18,-232.2,"HOUSEWARE & KITCHENWARE",KITCHENWARE,"KITCHEN ACCESSORIES",
90168,"COOKING TOOLS 6PCS SET NYLON JH17 YWU",0,7,16.9,-7,-118.3,"HOUSEWARE & KITCHENWARE","KITCHEN TOOLS AND CULTARY","COOKING TOOL SET",
92228,"PANACHE 1% BEER 25CL  20",0,42,13.99,-42,-587.58,SUPERMARKET,"BEVERAGES ALCOHOLIC","BOTTLE BEER",
92247,"KELLOGGS COCO POPS 25G  100",0,27,4.29,-27,-115.83,SUPERMARKET,"FOOD CUPBOARD","BREAKFAST CEREALS",
84825,"HARPIC TOILET GEL MOUNTAIN PINE 450ML  12",0,1,29.99,-1,-29.99,SUPERMARKET,"HOME AND PERSONAL CARE","HOUSEHOLD CLEANERS",
87623,"SENAC SPARKLING COCKTAIL GREEN 375ML 12",0,12,29.99,-12,-359.88,SUPERMARKET,"BEVERAGES ALCOHOLIC",WINES,
87638,"LORD 11 TWIN DISPOSABLE RAZORS (5RAZORS)  40",0,27,7.99,-27,-215.73,SUPERMARKET,"HOME AND PERSONAL CARE","MENS GROOMING",
87650,"PILLOW MOULD MEMORY FOAM 900G JACQUARD MH002-1",0,3,199,-3,-597,"HOME DECOR & TEXTILES",PILLOWS,PILLOWS,
90234,"RENDEZ VOUS NON AL. SPARK WINE WHI GRAPE  75CL  6",0,10,40.99,-10,-409.9,SUPERMARKET,"BEVERAGES ALCOHOLIC",WINES,
92265,"SOFTCARE A+ SANITARY PAD YELLOW 16PCS   24",0,27,23.99,-27,-647.73,SUPERMARKET,"HOME AND PERSONAL CARE","FEMININE CARE",
92308,"ENA PA SUPERIOR DARK SOY SAUCE 500ML  12",0,7,25.99,-7,-181.93,SUPERMARKET,"FOOD CUPBOARD",CONDIMENTS,
84872,"PAINTING W/ FRAME 36X46CM FLOWER DESIGN",0,29,89,-29,-2581,"HOME DECOR & TEXTILES","HOME DECOR","WallANDTable Decor",
84922,"PLASTIC COFFEE CUP LID 8OZ  50PCS",0,5,9.9,-5,-49.5,SUPERMARKET,"HOME AND PERSONAL CARE",DISPOSABLE,
77092,"DON SIMON MULTIFRUITA CAN 330ML 24",0,2,22.49,-2,-44.98,SUPERMARKET,BEVERAGES,JUICE,
81504,"DOLAIT NATURAL YOGHURT STRAWBERRY 200G 1",0,5,15.49,-5,-77.45,SUPERMARKET,"FRESH DAIRY AND EGGS",Yoghurt,
81511,"DOLAIT NATURAL APRICOT YOGURT 200G 1",0,10,15.49,-10,-154.9,SUPERMARKET,"FRESH DAIRY AND EGGS",Yoghurt,
81545,"SABA MULTIPURPOSE SOAP 100G  60",0,25,3.99,-25,-99.75,SUPERMARKET,"HOME AND PERSONAL CARE","LAUNDRY CARE",
68563,"LELE BLACK TEA 100X24  12",0,30,34.99,-30,-1049.7,SUPERMARKET,BEVERAGES,TEA,
72507,"LELE WHITE SUGAR 1KG  10",0,15,21.99,-15,-329.85,SUPERMARKET,"FOOD CUPBOARD","SALT  SUGAR AND JAGGERY",
72609,"TOILET BRUSH  LEON P6423",0,11,4.9,-11,-53.9,"HOUSEWARE & KITCHENWARE","HOME HYGIENE","TOILET BRUSHES",
72613,"BROOM BIG PLAZA P6447",0,57,4.9,-57,-279.3,"HOUSEWARE & KITCHENWARE","HOME HYGIENE","BROOM BRUSHES DUSTPANS",
72669,"DEVA MULTI SURFACE CLEANER FLORAL 2.5LT * 6",0,3,81.99,-3,-245.97,SUPERMARKET,"HOME AND PERSONAL CARE","HOUSEHOLD CLEANERS",
72672,"DEVA SOFTENER LAVENDER  4L  4",0,3,135.99,-3,-407.97,SUPERMARKET,"HOME AND PERSONAL CARE","LAUNDRY CARE",
72673,"DEVA SOFTENER  SENSITIVE  4L  4",0,2,135.99,-2,-271.98,SUPERMARKET,"HOME AND PERSONAL CARE","LAUNDRY CARE",
72679,"NOVA PUREZONE BLUE 2LTS  8",0,4,49.99,-4,-199.96,SUPERMARKET,"HOME AND PERSONAL CARE","HOUSEHOLD CLEANERS",
72784,"HEAVEN INSECTICIDES  SPRAY 750ML 12",0,6,74.99,-6,-449.94,SUPERMARKET,"HOME AND PERSONAL CARE","INSECTICIDES AND RODENT CONTROL",
72785,"HEAVEN INSECTICIDE  SPRAY 400ML 24",0,13,50.99,-13,-662.87,SUPERMARKET,"HOME AND PERSONAL CARE","INSECTICIDES AND RODENT CONTROL",
72799,"ENA PA LIGHT MEAT TUNA IN SOYA OIL FLAKES 160G  24",0,33,15.99,-33,-527.67,SUPERMARKET,"FOOD CUPBOARD","CANNED FOOD",
77579,"DR MIGHTY WC POWER BALLS LAVENDER 5 IN 1  24",0,28,24.99,-28,-699.72,SUPERMARKET,"HOME AND PERSONAL CARE",FRESHENERS,
77584,"DR MIGHTY WC POWER BALLS GREEN LEMON 5 IN 1  24",0,23,24.99,-23,-574.77,SUPERMARKET,"HOME AND PERSONAL CARE",FRESHENERS,
77655,"PARIDOX AFRICAN  BLACK SOAP HONEY BATG GEL500G  20",0,16,43.99,-16,-703.84,SUPERMARKET,"HOME AND PERSONAL CARE","PERSONAL WASH",
82186,"NASCO STANDING FAN 18"" 3 IN 1 FS4531",0,1,329,-1,-329,"ELECTRICAL APPLIANCES",FAN,"STANDING FAN",
82385,"BINATONE INDUSTRIAL STANDING FAN 30"" HDF3020",0,6,2269,-6,-13614,"ELECTRICAL APPLIANCES",FAN,"INDUSTRIAL FAN",
82390,"BINATONE AVR 2KVA DVS-2000",0,3,1159,-3,-3477,"ELECTRICAL APPLIANCES",ELECTRICALS,AVR/AVS,
82391,"BINATONE AVR 5KVA DVS-5000",0,3,2369,-3,-7107,"ELECTRICAL APPLIANCES",ELECTRICALS,AVR/AVS,
68990,"DESSERT KNIFE 4PCS SET SS 1620",0,28,19.9,-28,-557.2,"HOUSEWARE & KITCHENWARE","CUTLERY ITEMS","SPOONS FORKS KNIFE AND CUTLERY SET",
69055,"DR. MALT DARK CAN  330ML  24",0,12,8.19,-12,-98.28,SUPERMARKET,BEVERAGES,DRINKS,
69143,"VISTA TEACHERS NOTE BOOKS N/P",0,1,22.99,-1,-22.99,STATIONERY,"SCHOOL AND CHILDREN STATIONERY","NOTE BOOKS",
69154,"AWAKE MINERAL WATER 500ML  16",0,4,1.99,-4,-7.96,SUPERMARKET,BEVERAGES,"MINERAL WATER",
78007,"MITTENS 2P SET 100 COTTON  PTH05",0,11,22.9,-11,-251.9,"HOME DECOR & TEXTILES","DISH CLOTHS AND NAPKINS","APRON AND GLOVES",
78088,"CORNER SHELF 3LAYER METAL",0,4,89,-4,-356,"HOUSEWARE & KITCHENWARE",BATHROOM,"BATHROOM SHELF RACKS HOLDERS",
69225,"HI5 CHOCO MALT  DRINK  500ML   12",0,8,8.49,-8,-67.92,SUPERMARKET,BEVERAGES,DRINKS,
69380,"TEASHOP BOURBON CREAMS BISCUIT 70GM  48",0,51,7.49,-51,-381.99,SUPERMARKET,"FOOD CUPBOARD",BISCUITS,
69478,"BEKO CHEST FREEZER SD 530L MARBLE TOP WHT HS-530",0,1,11999,-1,-11999,"ELECTRICAL APPLIANCES",FREEZER,"SINGLE DOOR FREEZER",
69543,"PARIDOX NATURAL SKIN TONER GEL 450ML  20",0,26,45.99,-26,-1195.74,SUPERMARKET,"HOME AND PERSONAL CARE","PERSONAL WASH",
69544,"ROMAR AUTOM AIRFRESH REFILL ROSES 250ML  6",0,5,48.99,-5,-244.95,SUPERMARKET,"HOME AND PERSONAL CARE",FRESHENERS,
73149,"GINO TOMATO MIX SACHET 60G  50",0,49,3.29,-49,-161.21,SUPERMARKET,"FOOD CUPBOARD",CONDIMENTS,
82781,"NUTRIBOM INFANT CEREAL BAG  RICE  200G 12",0,24,18.99,-24,-455.76,SUPERMARKET,"FOOD CUPBOARD","BABY FOOD",
82782,"NUTRIBOM INFANT CEREAL BAG - WHEAT & HONEY 200G 12",0,24,18.99,-24,-455.76,SUPERMARKET,"FOOD CUPBOARD","BABY FOOD",
82783,"NUTRIBOM INFANT CEREAL BAG  MULTIGRAIN  200G 12",0,24,18.99,-24,-455.76,SUPERMARKET,"FOOD CUPBOARD","BABY FOOD",
69587,"MR KANNY CORNFLAKES IN BOX 500G 16",0,32,59.99,-32,-1919.68,SUPERMARKET,"FOOD CUPBOARD","BREAKFAST CEREALS",
73615,"HAPPY SHOPPER KITCHEN FOIL 75MX30CM  72",0,3,15.99,-3,-47.97,SUPERMARKET,"HOME AND PERSONAL CARE",DISPOSABLE,
82784,"NUTRIBOM INFANT CEREAL BAG  OATS  200G 12",0,24,18.99,-24,-455.76,SUPERMARKET,"FOOD CUPBOARD","BABY FOOD",
82785,"NUTRIBOM INFANT CEREAL BAG  BANANA & APPLE 200G 12",0,24,18.99,-24,-455.76,SUPERMARKET,"FOOD CUPBOARD","BABY FOOD",
69757,"LELE MINT FLAVOURED TEA (25X37.5G)  12",0,14,17.99,-14,-251.86,SUPERMARKET,BEVERAGES,"FLAVOURED TEA",
69759,"LELE KETCHUP UPSIDE DOWN 370G  24",0,4,19.99,-4,-79.96,SUPERMARKET,"FOOD CUPBOARD","SPREADS AND TOPPING",
69806,"SHINE FAMILY LUNCH NAPKIN (15PKX100PCS)  15",0,17,9.99,-17,-169.83,SUPERMARKET,"HOME AND PERSONAL CARE",DISPOSABLE,
69932,"BINATONE CEILING FAN 56"" CF5603",0,6,595,-6,-3570,"ELECTRICAL APPLIANCES",FAN,"CEILING FAN",
73973,"LESIEUR MAYONNAISE WITH FRESH EGGS 475G  12",0,9,56.99,-9,-512.91,SUPERMARKET,"FOOD CUPBOARD","SPREADS AND TOPPING",
73976,"LESIEUR MAYONNAISE WITH FRESH EGGS 235G  12",0,7,33.49,-7,-234.43,SUPERMARKET,"FOOD CUPBOARD","SPREADS AND TOPPING",
74184,"DON SIMON RED GRAPE CAN DRINK 330ML 24",0,6,22.49,-6,-134.94,SUPERMARKET,BEVERAGES,DRINKS,
78640,"CHRISTMAS TREE TOP MIX COLOR 17128",0,90,4.9,-90,-441,"HOME DECOR & TEXTILES","XMAS SEASONAL","xmas season",
78641,"CHRISTMAS TREE TOP  MIX COLOR 1707",0,12,7.9,-12,-94.8,"HOME DECOR & TEXTILES","XMAS SEASONAL","xmas season",
78644,"CHRISTMAS DECORATION 6PCS 5CM MIX COLOR 2658",0,2,4.9,-2,-9.8,"HOME DECOR & TEXTILES","XMAS SEASONAL","xmas season",
78719,"PAINTING WITH FRAME 50*60CM MIX DESIGN 2",0,2,89,-2,-178,"HOME DECOR & TEXTILES","HOME DECOR","WallANDTable Decor",
65358,"MULIK CHOCOLATE MILK DRINK 500ML 18",0,4,34.99,-4,-139.96,SUPERMARKET,BEVERAGES,DRINKS,
65359,"MULIK STRAWBERRY MILK DRINK 500ML 18",0,6,36.99,-6,-221.94,SUPERMARKET,BEVERAGES,DRINKS,
65360,"MULIK BANANA MILK DRINK 500ML 18",0,1,36.99,-1,-36.99,SUPERMARKET,BEVERAGES,DRINKS,
65361,"MULIK VANILLA MILK DRINK 500ML 18",0,11,36.99,-11,-406.89,SUPERMARKET,BEVERAGES,DRINKS,
65363,"TAMPICO CITRUS PUNCH DRINK 500ML 12",0,7,7.99,-7,-55.93,SUPERMARKET,BEVERAGES,JUICE,
69993,"DOLAIT YOGHURT STRAWBERRY 500G 1",0,5,35.99,-5,-179.95,SUPERMARKET,"FRESH DAIRY AND EGGS",Yoghurt,
70033,"DOORMAT USA 44X66",0,2,49.9,-2,-99.8,"HOME DECOR & TEXTILES","FLOOR MATS","DOOR MAT",
70100,"SUNLIGHT DISH WASHING LIQUID LEMON 750ML 15",0,7,42.99,-7,-300.93,SUPERMARKET,"HOME AND PERSONAL CARE","HOUSEHOLD CLEANERS",
70101,"SUNLIGHT DISH WASHING LIQUID LEMON 400ML 24",0,15,27.99,-15,-419.85,SUPERMARKET,"HOME AND PERSONAL CARE","HOUSEHOLD CLEANERS",
70195,"YAZZ BABY WIPES 80PCS   12",0,7,21.99,-7,-153.93,SUPERMARKET,"HOME AND PERSONAL CARE","INFANT AND BABY CARE",
70249,"INDOMIE HUNGRY MAN CHICKEN FLAVOR 180G  26",0,27,11.29,-27,-304.83,SUPERMARKET,"FOOD CUPBOARD","NOODLES AND SOUP",
74247,"RASTA CHOCO MALT 500ML  12",0,3,6.79,-3,-20.37,SUPERMARKET,BEVERAGES,DRINKS,
74491,"EVA RAINCOAT C1030",0,3,27.9,-3,-83.7,"HOME DECOR & TEXTILES","HOME DECOR",XMAS,
74494,"MEN-S RAINCOAT",0,2,75,-2,-150,"HOME DECOR & TEXTILES","HOME DECOR",XMAS,
78969,"CHRISTMAS PVC TREE DECORATION 50CM",0,295,8.9,-295,-2625.5,"HOME DECOR & TEXTILES","XMAS SEASONAL","xmas season",
78971,"CHRISTMAS DECORATION STAR 60PCS",0,174,6.9,-174,-1200.6,"HOME DECOR & TEXTILES","XMAS SEASONAL","xmas season",
78975,"CHRISTMAS DECORATION BELLS MIX COLOR 195-14",0,115,6.9,-115,-793.5,"HOME DECOR & TEXTILES","XMAS SEASONAL","xmas season",
78977,"CHRISTMAS CHAIN 2.7M MIX COLOR 1403",0,162,8.9,-162,-1441.8,"HOME DECOR & TEXTILES","XMAS SEASONAL","xmas season",
78983,"CHRISTMAS STICKER 54CM MIX DESIGN",0,42,7.9,-42,-331.8,"HOME DECOR & TEXTILES","XMAS SEASONAL","xmas season",
79119,"KASAPREKO BLACK ROCK HONEY WHISKY 750ML 12",0,12,46.99,-12,-563.88,SUPERMARKET,"BEVERAGES ALCOHOLIC",WHISKEY,
79158,"COLGATE MOUTHWASH PLAX ICY SOFT MINT 250ML  24",0,13,51.99,-13,-675.87,SUPERMARKET,"HOME AND PERSONAL CARE","ORAL CARE",
65526,"TAMPICO CITRUS PUNCH 1L 6",0,7,15.49,-7,-108.43,SUPERMARKET,BEVERAGES,JUICE,
65584,"TISSUE HOLDER MIX DESIGN YWU",0,30,4.9,-30,-147,"HOUSEWARE & KITCHENWARE","HOME HYGIENE",HOLDERS,
65800,"BABY WALKER MIX COLOUR 666",0,2,699,-2,-1398,"TOYS AND ENTERTAINMENT",INFANTS,"BABY WALKER",
65902,"SUNNY BROWN SUGAR STICK 500G 24",0,25,37.99,-25,-949.75,SUPERMARKET,"FOOD CUPBOARD","SALT  SUGAR AND JAGGERY",
65905,"SUNNY GOLD WHITE SUGAR STICKS 500G 24",0,24,38.99,-24,-935.76,SUPERMARKET,"FOOD CUPBOARD","SALT  SUGAR AND JAGGERY",
70477,"BINATONE STANDING FAN 20"" TS2020/TS2020MK2",0,1,1489,-1,-1489,"ELECTRICAL APPLIANCES",FAN,"STANDING FAN",
70581,"VISTALINE SKETCH PAD 20PAGES",0,4,13.99,-4,-55.96,STATIONERY,"SCHOOL AND CHILDREN STATIONERY","ART AND HOBBY SETS",
79218,"8"" MATTRESS 54X75INCH  HD D/S LAT",0,1,1769,-1,-1769,FURNITURE,MATTRESS,"Double Size",
66315,"LELE STRAWBERRY FLAVOURED TEA  37.5G 12",0,6,17.99,-6,-107.94,SUPERMARKET,BEVERAGES,TEA,
70606,"FUFU BOWL 9INCHES WPLATE CERAMIC WHITE T16001-9",0,17,29.9,-17,-508.3,"HOUSEWARE & KITCHENWARE",DINNERWARE,BOWLS,
70623,"GINO PEPPER & ONION TOMATO SEASONING MIX 60G  50",0,14,3.29,-14,-46.06,SUPERMARKET,"FOOD CUPBOARD",CONDIMENTS,
70647,"8"" MATTRESS 42""*75"" HD LAT",0,1,1349,-1,-1349,FURNITURE,MATTRESS,"One Half Size",
70746,"OKF STANDARD ALOE ORIGINAL DRINK  500ML  20",0,11,20.99,-11,-230.89,SUPERMARKET,BEVERAGES,JUICE,
75019,"UNOLI HUILE SUNFLOWER OIL 900ML  15",0,14,50.49,-14,-706.86,SUPERMARKET,"FOOD CUPBOARD","EDIBLE OILS AND GHEE",
75021,"UNOLI HUILE SUNFLOWER OIL 5L  3",0,1,259.99,-1,-259.99,SUPERMARKET,"FOOD CUPBOARD","EDIBLE OILS AND GHEE",
75249,"TUMBLER ZOMBIE 330ML DXB L4700N7793",0,36,6.9,-36,-248.4,"HOUSEWARE & KITCHENWARE",GLASSWARE,"GLASS / TUMBLER /WINE / CHAMPAGNE",
79603,"SHINE ALUMINIUM FOIL 200SQ.FT (6.3MX30CM)  12",0,18,85.99,-18,-1547.82,SUPERMARKET,"HOME AND PERSONAL CARE",DISPOSABLE,
66508,"DINNER PLATE MELAMINE 12 INCHES ZHN G3800212",0,25,16.9,-25,-422.5,"HOUSEWARE & KITCHENWARE","MELAMINE WARE","MEL PLATE",
70753,"OKF STANDARD ALOE  ORIGINAL DRINK  1.5L  12",0,8,46.99,-8,-375.92,SUPERMARKET,BEVERAGES,JUICE,
70756,"OKF STANDARD ALOE MANGO DRINK  1.5L  12",0,7,47.99,-7,-335.93,SUPERMARKET,BEVERAGES,JUICE,
70868,"STARKIST TUNA FLAKES FISH WITH PEPPER 160G  24",0,27,36.99,-27,-998.73,SUPERMARKET,"FOOD CUPBOARD","CANNED FOOD",
75250,"TUMBLER WILLY 380ML DXB L4698N7794",0,1,6.9,-1,-6.9,"HOUSEWARE & KITCHENWARE",GLASSWARE,"GLASS / TUMBLER /WINE / CHAMPAGNE",
75278,"BINATONE KETTLE 1.7L 2200W WHITE CEJ 1780",0,7,345,-7,-2415,"ELECTRICAL APPLIANCES",KETTLE,"PLASTIC KETTLE",
71134,"MILO ALL IN ONE NUTRIMIX 800GM 12",0,20,103.99,-20,-2079.8,SUPERMARKET,BEVERAGES,"DRINKING POWDERS",
71229,"COOL BREEZE MEMBRANE AIR FRESHENER FREESIA 8ML  12",0,3,22.99,-3,-68.97,SUPERMARKET,"HOME AND PERSONAL CARE",FRESHENERS,
71232,"COOL BREEZE MEMBRANE AIR FRESHNER CRANBERRY 8ML 12",0,16,22.99,-16,-367.84,SUPERMARKET,"HOME AND PERSONAL CARE",FRESHENERS,
71234,"COOL BREEZE MEMBRANE AIR FRESHENER LAVENDER 8ML 12",0,5,22.49,-5,-112.45,SUPERMARKET,"HOME AND PERSONAL CARE",FRESHENERS,
71239,"COOL BREEZE MEMBRANE AIR FRESHNER F.BREEZE 8ML  12",0,2,22.99,-2,-45.98,SUPERMARKET,"HOME AND PERSONAL CARE",FRESHENERS,
71248,"COOL BREEZE HANGING AIR FRESHNER VANILLA 11G  24",0,97,18.99,-97,-1842.03,SUPERMARKET,"HOME AND PERSONAL CARE",FRESHENERS,
80082,"AKAI HOME THEATRE SYSTEM 5.1CH HT020A-MF93 28W+12X",0,1,1699,-1,-1699,"ELECTRONICS & TELECOM",AUDIO,"HOME THEATRE",
80153,"SOAP DISH SUCTION R5140 RJK",0,2,34.9,-2,-69.8,"HOUSEWARE & KITCHENWARE",BATHROOM,"SOAP DISH CASE DISPENSERS",
80161,"SUCTION TOWEL BAR  6 HOOKS R5070 RJK",0,22,59,-22,-1298,"HOUSEWARE & KITCHENWARE",LAUNDARY,HOOKS,
80285,"AKAI GAS STOVE 3B INFRARED GC033A-8536",0,3,699,-3,-2097,"GAS COOKER & ACCESSORIES","GAS COOKER","TABLE TOP GAS STOVE",
66921,"PINHO BRIL WILD PINE PLUS DISINFECTANT 1L  12",0,12,32.99,-12,-395.88,SUPERMARKET,"HOME AND PERSONAL CARE","HOUSEHOLD CLEANERS",
66922,"PINHO BRIL LEMON FLOWERS DISINFECTANT 1L  12",0,10,32.99,-10,-329.9,SUPERMARKET,"HOME AND PERSONAL CARE","HOUSEHOLD CLEANERS",
67037,"TOM MILK NATURAL SF DAIRY DESSERT 125G 4PCS X 6PKS",0,2,48.99,-2,-97.98,SUPERMARKET,"FRESH DAIRY AND EGGS",Yoghurt,
71327,"FLORA TISSUE PAPER 2PLY MELCOM BRAND 165SHEETS  36",0,16,11.49,-16,-183.84,SUPERMARKET,"HOME AND PERSONAL CARE",DISPOSABLE,
71448,"SERVING TRAY MELAMINE 16 INCHES ZHN B27016",0,17,39.9,-17,-678.3,"HOUSEWARE & KITCHENWARE","MELAMINE WARE","MEL TRAY",
71449,"DINNER PLATE MELAMINE 8 INCHES ZHN B27018",0,2,44.9,-2,-89.8,"HOUSEWARE & KITCHENWARE","MELAMINE WARE","MEL PLATE",
75618,"CASSEROLES  NOVEL 2 PCS SET 10001500ML",0,1,9.9,-1,-9.9,"HOUSEWARE & KITCHENWARE",SERVEWARE,CASSEROLES,
75807,"DOLAIT VANILLA YOGHURT 500G",0,4,35.99,-4,-143.96,SUPERMARKET,"FRESH DAIRY AND EGGS",Yoghurt,
80326,"CAR CHARGER USB 8 IN 1",0,1,54,-1,-54,"ELECTRONICS & TELECOM","CAR AUDIO AND VIDEO","CAR ELECTRONIC ACCESSORIES",
80377,"PILATES STUDIO",0,12,69,-12,-828,"SPORTS & FITNESS","EXERCISE AND FITNESS","Yoga  Pilates AND Soft Gym",
80497,"KNIFE 6PCS SET  2938KN RJK",0,16,9.9,-16,-158.4,"HOUSEWARE & KITCHENWARE","KNIFE AND CHOPPING BOARD","KNIFE SETS",
67430,"GINO TOMATO PASTE ( PILLOW PACK) 380G  24",0,25,16.99,-25,-424.75,SUPERMARKET,"FOOD CUPBOARD","TOMATO PASTE",
67502,"SHINE TOILET ROLL ULTRA SOFT 2PLY (10 ROLLS)  7",0,7,47.99,-7,-335.93,SUPERMARKET,"HOME AND PERSONAL CARE",DISPOSABLE,
67505,"SHINE TOILET ROLL ULTRA SOFT 2PLY (12 PACK)  1",0,10,54.99,-10,-549.9,SUPERMARKET,"HOME AND PERSONAL CARE",DISPOSABLE,
67516,"SHINE FAMILY NAPKINS 1 PLY (100PCS X 15PK)  15",0,17,6.99,-17,-118.83,SUPERMARKET,"HOME AND PERSONAL CARE",DISPOSABLE,
67522,"SHINE KING-SIZE JUMBO ROLL ULTRA SOFT 2PLY   6",0,6,42.99,-6,-257.94,SUPERMARKET,"HOME AND PERSONAL CARE",DISPOSABLE,
76020,"GEURTS STRAWBERRY JAM 450G 12",0,16,46.99,-16,-751.84,SUPERMARKET,"FOOD CUPBOARD","HONEY  JAM AND MARMALADE",
80841,"RINGS FOR CURTAIN ROD METAL Q00128",0,26,1.9,-26,-49.4,"HOME DECOR & TEXTILES","CURTAIN ACESSORIES","ASSORTED ACCESSORIES",
80959,"CUP WSTRAW AND DOME LID 500ML KIDS PLASTIC YWU",0,4,24.9,-4,-99.6,"HOUSEWARE & KITCHENWARE",DINNERWARE,CUP,
67534,"SHINE FAMILY DISPOSABLE CUP 500CC (20S X50PCS)  20",0,19,27.99,-19,-531.81,SUPERMARKET,"HOME AND PERSONAL CARE",DISPOSABLE,
71755,"PARIDOX ALATA SAMINA BSGEL HONEY 450ML 20",0,20,41.99,-20,-839.8,SUPERMARKET,"HOME AND PERSONAL CARE","PERSONAL WASH",
71756,"PARIDOX ALATA SAMINA B&SGEL MORINGA 450ML 20",0,16,41.99,-16,-671.84,SUPERMARKET,"HOME AND PERSONAL CARE","PERSONAL WASH",
71757,"PARIDOX ALATA SAMINA B&SGEL NONI 450ML  20",0,21,41.99,-21,-881.79,SUPERMARKET,"HOME AND PERSONAL CARE","PERSONAL WASH",
71821,"COOL BREEZE MEMBRANE AIR FRESHNER VANILLA 8ML  12",0,8,22.99,-8,-183.92,SUPERMARKET,"HOME AND PERSONAL CARE",FRESHENERS,
71822,"COOL BREEZE HANGING AIRFRESH. FROST FRUIT 11ML 24",0,15,19.49,-15,-292.35,SUPERMARKET,"HOME AND PERSONAL CARE",FRESHENERS,
71823,"COOL BREEZE HANGING AIR FRESHNER CRANBERRY 11ML 24",0,16,18.99,-16,-303.84,SUPERMARKET,"HOME AND PERSONAL CARE",FRESHENERS,
71877,"PEAK EVAPORATED FILLED GREEN MILK 160G 48",0,15,9.99,-15,-149.85,SUPERMARKET,"FOOD CUPBOARD","MILK AND CREAMERS",
76084,"TOP CHOCO CHOCOLATE SPREAD 500G  12",0,17,44.99,-17,-764.83,SUPERMARKET,"FOOD CUPBOARD","SPREADS AND TOPPING",
76087,"TOP CHOCO CHOCOLATE SPREAD 250G  18",0,14,23.49,-14,-328.86,SUPERMARKET,"FOOD CUPBOARD","SPREADS AND TOPPING",
76414,"VOLTPLUS AVS  FRIDGE GUARD 5A VP-FG-AVS5F/VP-AVS5",0,13,165,-13,-2145,"ELECTRICAL APPLIANCES",ELECTRICALS,AVR/AVS,
76415,"VOLTPLUS AVS TV GUARD 5A AVS5A-B/VP-TG-AVS5T",0,8,165,-8,-1320,"ELECTRICAL APPLIANCES",ELECTRICALS,AVR/AVS,
81281,"SHINE MAXI ROLL 2PLY  6",0,7,76.99,-7,-538.93,SUPERMARKET,"HOME AND PERSONAL CARE",DISPOSABLE,
81329,"TASTY TOM TOMATO MIX SACHET 1.05KG  12",0,6,39.49,-6,-236.94,SUPERMARKET,"FOOD CUPBOARD",CONDIMENTS,
67737,"MALTA GUINNESS PET 330ML  12",0,16,11.49,-16,-183.84,SUPERMARKET,BEVERAGES,DRINKS,
67741,"ALVARO PEAR PET 330ML  12",0,11,10.49,-11,-115.39,SUPERMARKET,BEVERAGES,JUICE,
67755,"GALAXY BROWN NATURAL  SUGAR  BOTTLE 850G",0,6,34.99,-6,-209.94,SUPERMARKET,"FOOD CUPBOARD","SALT  SUGAR AND JAGGERY",
67792,"IRISH SPRING ICY BLAST SOAP 106.3G (18X3PACK)  18",0,26,53.99,-26,-1403.74,SUPERMARKET,"HOME AND PERSONAL CARE","PERSONAL WASH",
67793,"IRISH SPRING ALOE SOAP 106.3G (18X3PACK)  18",0,18,53.99,-18,-971.82,SUPERMARKET,"HOME AND PERSONAL CARE","PERSONAL WASH",
72072,"FA ROLL ON BRIGHTENING & CARE 50ML   24",0,9,23.99,-9,-215.91,SUPERMARKET,"HOME AND PERSONAL CARE",FRAGRANCES,
72132,"RICHOCO SMOOTHER 800G  12",0,7,82.99,-7,-580.93,SUPERMARKET,BEVERAGES,"DRINKING POWDERS",
68217,"JULIET BEAUTY SOAP ALOE VERA 225G 36",0,35,12.99,-35,-454.65,SUPERMARKET,"HOME AND PERSONAL CARE","PERSONAL WASH",
76891,"UNOLI SUNFLOWER OIL 1L 15",0,11,54.99,-11,-604.89,SUPERMARKET,"FOOD CUPBOARD","EDIBLE OILS AND GHEE",
76901,"UNOLI MAYONNAISE 1000ML / 961G 6",0,8,87.99,-8,-703.92,SUPERMARKET,"FOOD CUPBOARD","SPREADS AND TOPPING",
76902,"UNOLI MAYONNAISE 500ML  12",0,7,44.99,-7,-314.93,SUPERMARKET,"FOOD CUPBOARD","SPREADS AND TOPPING",
76926,"FRESHDAYS NORMAL SCENTED PANTY LINER 24 LINERS  12",0,4,26.99,-4,-107.96,SUPERMARKET,"HOME AND PERSONAL CARE","FEMININE CARE",
T0001,TEST,0,-134,.01,134,1.34,MISCELLANEOUS,MISCELLANEOUS,MISCELLANEOUS,
TH032,"THERMOS COOLER WEEKEND 32LTR 2 SSPD",0,1,299,-1,-299,"HOUSEWARE & KITCHENWARE","STORAGE AND ORGANIZER","ICE CHEST AND COOLERS",
X030,"KEY SOAP BAR 1000G 16",0,23,37.99,-23,-873.77,SUPERMARKET,"HOME AND PERSONAL CARE","LAUNDRY CARE",
X038,"CAMEL ANTISEPTIC SOAP (L/F) 175G 36",0,51,15.49,-51,-789.99,SUPERMARKET,"HOME AND PERSONAL CARE","PERSONAL WASH",
X222,"BAILEYS IRISH CREAM 1L 12",0,2,456.99,-2,-913.98,SUPERMARKET,"BEVERAGES ALCOHOLIC",LIQUER,
X432,"CARNATION TEA CREAMER 150G 48",0,28,9.99,-28,-279.72,SUPERMARKET,"FOOD CUPBOARD","MILK AND CREAMERS",
X438,"NESTLE CERELAC WHEAT TIN 400G 12",0,13,48.99,-13,-636.87,SUPERMARKET,"FOOD CUPBOARD","BREAKFAST CEREALS",
X457,"CHOCOLIM 800GM  12",0,11,79.99,-11,-879.89,SUPERMARKET,BEVERAGES,"DRINKING POWDERS",
X469,"ANNAPURNA SALT 450G 50-13620002",0,56,6.49,-56,-363.44,SUPERMARKET,"FOOD CUPBOARD","SALT  SUGAR AND JAGGERY",
X470,"BLUE BAND MARGARINE ORIGINAL 450G 24",0,18,38.99,-18,-701.82,SUPERMARKET,"FOOD CUPBOARD","SPREADS AND TOPPING",
X471,"NESTLE CERELAC 3FRUITS TIN 400G 12",0,14,53.99,-14,-755.86,SUPERMARKET,"FOOD CUPBOARD","BABY FOOD",
X484,"GINO BAKED BEANS 425G 12",0,5,23.99,-5,-119.95,SUPERMARKET,"FOOD CUPBOARD","CANNED FOOD",
X539,"VEGA CONDENSED MILK 1KG  24",0,15,39.99,-15,-599.85,SUPERMARKET,"FOOD CUPBOARD","MILK AND CREAMERS",
X554,"SAVANNA DRY CIDER  330ML 24",0,26,24.99,-26,-649.74,SUPERMARKET,"BEVERAGES ALCOHOLIC",CIDER,
X584,"CAN COKE  REGULAR 330ML 24",0,10,8.79,-10,-87.9,SUPERMARKET,BEVERAGES,DRINKS,
X585,"CAN FANTA ORANGE 330ML 24",0,24,9.49,-24,-227.76,SUPERMARKET,BEVERAGES,DRINKS,
X612,"TITUS SARDINES IN VEGETABLE OIL 125G 50",0,5,16.99,-5,-84.95,SUPERMARKET,"FOOD CUPBOARD","CANNED FOOD",
X615,"PRINGLES ORIGINAL 40G 12",0,1,19.99,-1,-19.99,SUPERMARKET,"FOOD CUPBOARD",SNACKS,
X616,"PRINGLES PIZZA FLAVOUR 165G  19",0,19,44.99,-19,-854.81,SUPERMARKET,"FOOD CUPBOARD",SNACKS,
X653,"VOLTIC MINERAL WATER 1.5L 6",0,62,5.89,-62,-365.18,SUPERMARKET,BEVERAGES,"MINERAL WATER",
X679,"MAGGI AROME 250ML 24",0,13,29.49,-13,-383.37,SUPERMARKET,"FOOD CUPBOARD",CONDIMENTS,
D166,"SUNNY BROWN SUGAR BOTTLE 800G 12",0,11,38.99,-11,-428.89,SUPERMARKET,"FOOD CUPBOARD","SALT  SUGAR AND JAGGERY",
D243,"CERES SECRECT OF THE VALLEY JUICE 200ML  24",0,12,12.99,-12,-155.88,SUPERMARKET,BEVERAGES,JUICE,
D312,"COKE PET 1.5L 6",0,56,23.99,-56,-1343.44,SUPERMARKET,BEVERAGES,DRINKS,
D423,"LACTASOY CHOCOLATE SOYA MILK 1L  12",0,4,41.99,-4,-167.96,SUPERMARKET,"FOOD CUPBOARD","MILK AND CREAMERS",
H0550,"L-ARTISAN MAPLE PECAN COOKIES",0,1,29.99,-1,-29.99,SUPERMARKET,BAKERY,COOKIES,
H233,"6"" MATTRESS 36X75INCH HD S/S LAT",0,1,1049,-1,-1049,FURNITURE,MATTRESS,"Single Size",
X724,"MCVITIES SHORTBREAD 200G 24",0,17,47.99,-17,-815.83,SUPERMARKET,"FOOD CUPBOARD",BISCUITS,
X736,"HEINZ BAKED BEANS 415G 24",0,10,24.99,-10,-249.9,SUPERMARKET,"FOOD CUPBOARD","CANNED FOOD",
X769,"STARKIST SOLID TUNA STEAK IN SUNFLOW. OIL 160G  24",0,16,36.99,-16,-591.84,SUPERMARKET,"FOOD CUPBOARD","CANNED FOOD",
X775,"CHELSEA TEA RED 200G 10",0,2,41.49,-2,-82.98,SUPERMARKET,BEVERAGES,TEA,
X777,"NESTLE CERELAC MAIZE TIN 400G 12",0,2,49.99,-2,-99.98,SUPERMARKET,"FOOD CUPBOARD","BABY FOOD",
X808,"PRIMA LIQUID SOAP LEMON 4.5L 6",0,8,79.99,-8,-639.92,SUPERMARKET,"HOME AND PERSONAL CARE","HOUSEHOLD CLEANERS",
D483,"INALCA BEEF PATE 400G  24",0,22,26.99,-22,-593.78,SUPERMARKET,"FOOD CUPBOARD","CANNED FOOD",
D536,"BIC SENSITIVE 3BLADE STICK BROWN S.OF 4  20",0,20,64.99,-20,-1299.8,SUPERMARKET,"HOME AND PERSONAL CARE","MENS GROOMING",
D571,"GUINNESS STOUT ALC. BOTTLE 330ML 24",0,31,17.89,-31,-554.59,SUPERMARKET,"BEVERAGES ALCOHOLIC","BOTTLE BEER",
D586,"GOODYS SHITO BEEF HOT/ MILD 320G 12",0,12,74.99,-12,-899.88,SUPERMARKET,"FOOD CUPBOARD","PEPPER SAUCE",
I007,"LINOLEUM PVC FOAM THCK 1.2MM X 70"" X 30YDS BC",0,133,26.9,-133,-3577.7,"HOME DECOR & TEXTILES","LINOLEUM CARPETS","LINOLEUM CARPET",
L010,"LIPTON YELLOW LABEL TEA BAGS 25 X 2G  24",0,8,19.29,-8,-154.32,SUPERMARKET,BEVERAGES,TEA,
X824,"ORAL B PRO EXPERT EXTRA CLEAN 96",0,7,64.99,-7,-454.93,SUPERMARKET,"HOME AND PERSONAL CARE","ORAL CARE",
X833,"DOVE AP ROLL-ON ORIGINAL 48HRS  50ML 6",0,12,25.99,-12,-311.88,SUPERMARKET,"HOME AND PERSONAL CARE",FRAGRANCES,
X883,"BIC SENSITIVE 1BLADE  ORANGE SACHET OF 5 40",0,8,16.99,-8,-135.92,SUPERMARKET,"HOME AND PERSONAL CARE","MENS GROOMING",
X887,"BIC 2BLADE LADY SHAVING STICK SACHET5  20",0,1,50.99,-1,-50.99,SUPERMARKET,"HOME AND PERSONAL CARE","FEMININE CARE",
X888,"RED BULL REGULAR 250ML 24",0,1,27.99,-1,-27.99,SUPERMARKET,BEVERAGES,DRINKS,
D641,"PURE HEAVEN PINEAPPLE+COCONUT JUICE 1L 8",0,6,35.99,-6,-215.94,SUPERMARKET,BEVERAGES,JUICE,
D683,"LACTASOY CHOCOLATE SOYA MILK 250ML 36",0,36,13.99,-36,-503.64,SUPERMARKET,"FOOD CUPBOARD","MILK AND CREAMERS",
D711,"GEISHA MACKEREL 425G 24 (12-225)",0,8,25.99,-8,-207.92,SUPERMARKET,"FOOD CUPBOARD","CANNED FOOD",
D719,"GRAN VEGA ROSE WINE 750ML 6",0,7,79.99,-7,-559.93,SUPERMARKET,"BEVERAGES ALCOHOLIC",WINES,
D750,"CERES MEDLEY JUICE 1L 12",0,6,39.49,-6,-236.94,SUPERMARKET,BEVERAGES,JUICE,
D794,"TASTY TOM TOMATO PASTE SACHET 60G 50",0,23,3.29,-23,-75.67,SUPERMARKET,"FOOD CUPBOARD",CONDIMENTS,
D796,"TASTY TOM TOMATO PASTE E/O 210G 24",0,21,10.99,-21,-230.79,SUPERMARKET,"FOOD CUPBOARD",CONDIMENTS,
N011,"LACTASOY CHOCOLATE SOYA MILK 125ML 60",0,60,7.49,-60,-449.4,SUPERMARKET,"FOOD CUPBOARD","MILK AND CREAMERS",
N037,"BULLET ENERGY DRINK ORIGINAL 250ML  24",0,6,11.99,-6,-71.94,SUPERMARKET,BEVERAGES,DRINKS,
N040,"PURE HEAVEN TROPICAL JUICE TETRAPAK 1L  8",0,6,35.99,-6,-215.94,SUPERMARKET,BEVERAGES,JUICE,
N050,"SUNNY WHITE SUGAR 800G  30",0,27,43.99,-27,-1187.73,SUPERMARKET,"FOOD CUPBOARD","SALT  SUGAR AND JAGGERY",
N071,"SUNNY BROWN SUGAR SACHET 800G  30",0,26,40.99,-26,-1065.74,SUPERMARKET,"FOOD CUPBOARD","SALT  SUGAR AND JAGGERY",
N113,"GILLETTE 2 BLADE ( 5PC IN  POUCH ) 24",0,6,35.99,-6,-215.94,SUPERMARKET,"HOME AND PERSONAL CARE","MENS GROOMING",
N114,"GILLETTE BLUE 2 PLUS TWIN BLADE (5PC IN POUCH)  24",0,10,42.99,-10,-429.9,SUPERMARKET,"HOME AND PERSONAL CARE","MENS GROOMING",
N115,"GEISHA MACKEREL 155G 50",0,56,12.99,-56,-727.44,SUPERMARKET,"FOOD CUPBOARD","CANNED FOOD",
X937,"EVEN FULL CREAM UHT MILK 1L 12",0,15,53.99,-15,-809.85,SUPERMARKET,"FOOD CUPBOARD","MILK AND CREAMERS",
X938,"EVEN  HALF CREAM UHT MILK 1L 12",0,10,53.99,-10,-539.9,SUPERMARKET,"FOOD CUPBOARD","MILK AND CREAMERS",
X939,"EVEN NO CREAM UHT MILK 1L 12",0,12,53.99,-12,-647.88,SUPERMARKET,"FOOD CUPBOARD","MILK AND CREAMERS",
X950,"CERES ORANGE JUICE 1L 12",0,2,39.49,-2,-78.98,SUPERMARKET,BEVERAGES,JUICE,
X951,"CERES APPLE FRUIT JUICE 1L 12",0,15,39.49,-15,-592.35,SUPERMARKET,BEVERAGES,JUICE,
X953,"CERES SECRET OF THE VALLEY 1L 12",0,13,39.49,-13,-513.37,SUPERMARKET,BEVERAGES,JUICE,
X954,"CERES GUAVA JUICE 1L 12",0,13,39.49,-13,-513.37,SUPERMARKET,BEVERAGES,JUICE,
X955,"CERES MANGO FRUIT JUICE 1L 12",0,10,39.49,-10,-394.9,SUPERMARKET,BEVERAGES,JUICE,
X989,"MEDISOFT SOAP PINK 90G 72",0,35,6.99,-35,-244.65,SUPERMARKET,"HOME AND PERSONAL CARE","PERSONAL WASH",
D797,"TASTY TOM TOMATO PASTE E/O 400GMS 24",0,21,16.99,-21,-356.79,SUPERMARKET,"FOOD CUPBOARD",CONDIMENTS,
N159,"KINGSBITE CHOCOLATE 100G (10TABS/BOX  X 10) 100",0,7,31.99,-7,-223.93,SUPERMARKET,"FOOD CUPBOARD",CONFECTIONERY,
N243,"LACTASOY PLAIN SOYA MILK 250ML 36",0,36,13.99,-36,-503.64,SUPERMARKET,"FOOD CUPBOARD","MILK AND CREAMERS",
N308,"CAMEL STANDARD LIQUID 250ML 24",0,25,29.99,-25,-749.75,SUPERMARKET,"HOME AND PERSONAL CARE","HEALTH AND WELLNESS",
E233,"PHILIPS DRY IRON 1000W HD1172 1X8 E",0,15,329,-15,-4935,"ELECTRICAL APPLIANCES","LINEN CARE","DRY IRON",
N367,"PURE HEAVEN SPK WINE MANGO & WHITE GRAPE 750ML 12",0,13,51.49,-13,-669.37,SUPERMARKET,"BEVERAGES ALCOHOLIC",WINES,
N483,"MENTOS ICE GUM ARCTIC MINT 12.9G X 288",0,288,8.99,-288,-2589.12,SUPERMARKET,"FOOD CUPBOARD",CONFECTIONERY,
N484,"MENTOS ICE GUM ORANGE MINT 12.9G 288",0,46,8.99,-46,-413.54,SUPERMARKET,"FOOD CUPBOARD",CONFECTIONERY,
N488,"DETTOL ANTISEPTIC LIQUID 1L 12",0,12,185.99,-12,-2231.88,SUPERMARKET,"HOME AND PERSONAL CARE","HEALTH AND WELLNESS",
N566,"AKWAABA TISSUE  SMALL SIZE 76SHEETS 36",0,1,7.99,-1,-7.99,SUPERMARKET,"HOME AND PERSONAL CARE",DISPOSABLE,
N637,"EVERPACK FORK PLASTIC 50PCS*60",0,27,7.99,-27,-215.73,SUPERMARKET,"HOME AND PERSONAL CARE",DISPOSABLE,
N642,"EVERPACK SPOON PLASTIC 50PCS  40",0,40,9.49,-40,-379.6,SUPERMARKET,"HOME AND PERSONAL CARE",DISPOSABLE,
N659,"INDOMIE NOODLES ONION CHICKEN 70G 44",0,3,4.99,-3,-14.97,SUPERMARKET,"FOOD CUPBOARD","NOODLES AND SOUP",
N747,"COWBELL CHOCOMALT 35G 120",0,50,5.99,-50,-299.5,SUPERMARKET,BEVERAGES,"DRINKING POWDERS",
N758,"MEDISOFT REPELLENT LEMON GREEN LOTION 100ML 72",0,25,14.49,-25,-362.25,SUPERMARKET,"HOME AND PERSONAL CARE","SKIN CARE",
N766,"NESTLE CHOCOMILO ENERGY CUBE 137.5G 40",0,29,25.49,-29,-739.21,SUPERMARKET,"FOOD CUPBOARD",CONFECTIONERY,
N767,"NESCAFE 3IN1 ORIGINAL (8X10) 35G  8",0,10,44.49,-10,-444.9,SUPERMARKET,BEVERAGES,COFFEE,
N770,"FANTA ORANGE  1.5 L PET  6",0,20,23.99,-20,-479.8,SUPERMARKET,BEVERAGES,DRINKS,
N789,"JOHNNIE WALKER BLACK LABEL WHISKY 1L  12",0,5,699.99,-5,-3499.95,SUPERMARKET,"BEVERAGES ALCOHOLIC",WHISKEY,
N800,"COKE PET 450ML  12",0,3,8.99,-3,-26.97,SUPERMARKET,BEVERAGES,DRINKS,
N801,"FANTA ORANGE PET 450ML  12",0,3,8.99,-3,-26.97,SUPERMARKET,BEVERAGES,DRINKS,
N861,"CAMEL ZESTY LIME FRESH LIQUID 250ML 24",0,15,29.99,-15,-449.85,SUPERMARKET,"HOME AND PERSONAL CARE","HEALTH AND WELLNESS",
N862,"CAMEL ZESTY LIME FRESH LIQUID 500ML 24",0,24,56.99,-24,-1367.76,SUPERMARKET,"HOME AND PERSONAL CARE","HEALTH AND WELLNESS",
N921,"PURE HEAVEN SPK WINE PEACH & WHITE GRAPE 750ML  12",0,36,51.49,-36,-1853.64,SUPERMARKET,"BEVERAGES ALCOHOLIC",WINES,
S597,"PEAK FULL CREAM UHT MILK 1L 12",0,9,37.49,-9,-337.41,SUPERMARKET,"FOOD CUPBOARD","MILK AND CREAMERS",
S737,"PEAK LOW FAT UHT MILK1L 12",0,12,30.99,-12,-371.88,SUPERMARKET,"FOOD CUPBOARD","MILK AND CREAMERS",
S897,"CERES RED GRAPE JUICE 1L 12",0,9,39.49,-9,-355.41,SUPERMARKET,BEVERAGES,JUICE,
S928,"CERES APPLE BOTTLE 275ML 24",0,26,24.99,-26,-649.74,SUPERMARKET,BEVERAGES,JUICE,
S949,"KRIS HAND&BODY LOTION ELEGANT YELLOW 100ML 72",0,5,6.49,-5,-32.45,SUPERMARKET,"HOME AND PERSONAL CARE","SKIN CARE",
S951,"CONDOR PEAK SHIRAZ WINE 750ML 12",0,12,79.99,-12,-959.88,SUPERMARKET,"BEVERAGES ALCOHOLIC",WINES,
S973,"CAMEL ANTISEPTIC SOAP ALOE VERA 175G 36",0,18,15.49,-18,-278.82,SUPERMARKET,"HOME AND PERSONAL CARE","PERSONAL WASH",
98499,"AMALFI SHOWER GEL OLIVE 750ML  16",0,16,30.99,-16,-495.84,SUPERMARKET,"HOME AND PERSONAL CARE","PERSONAL WASH",
CL014,"STOOL SMALL 41CMX33CMX26CM",0,2,39.9,-2,-79.8,"HOUSEWARE & KITCHENWARE","HOUSE HOLD PRODUCTS","STOOL PLASTIC",
CL104,"BASIN 14LTR 40CMX18CM",0,9,22.9,-9,-206.1,"HOUSEWARE & KITCHENWARE",SERVEWARE,"SERVING BOWL",
CL127,"PLATE ENAMPA 21CMX3CM",0,15,2.9,-15,-43.5,"HOUSEWARE & KITCHENWARE",DINNERWARE,PLATE,
CL137,"BOWL NTROWA 15LTR 44CMX15CM",0,8,19.9,-8,-159.2,"HOUSEWARE & KITCHENWARE",SERVEWARE,"SERVING BOWL",
CL155,"BUCKET WITH LID 20LTR 35CMX36CM",0,2,44.9,-2,-89.8,"HOUSEWARE & KITCHENWARE",LAUNDARY,"BUCKETS AND BASINS",
CL235,"F/BALL BASIN 24L 12 SSPD",0,15,34.9,-15,-523.5,"HOUSEWARE & KITCHENWARE",LAUNDARY,"BUCKETS AND BASINS",
CL246,"PLATE ENAMBA PRINTED 21CMX3CM",0,50,2.9,-50,-145,"HOUSEWARE & KITCHENWARE",DINNERWARE,PLATE,
CL293,"DRUM WITH LID 70LTR 50CMX63CM",0,2,139,-2,-278,"HOUSEWARE & KITCHENWARE","HOUSE HOLD PRODUCTS","STORAGE DRUMS",
CL302,"CENTURY CL302 FLASK FIESTA PRTD 6",0,3,20,-3,-60,"HOUSEWARE & KITCHENWARE","CENTURY PRODUCTS",CENTURY,
CL337,"DRUM WITH LID AND TAP 70LTR 50CMX63CM",0,1,149,-1,-149,"HOUSEWARE & KITCHENWARE","HOUSE HOLD PRODUCTS","STORAGE DRUMS",
CL362,"BUCKET WITH LID AND TAP 25LTR 38CMX39CM",0,8,69,-8,-552,"HOUSEWARE & KITCHENWARE",LAUNDARY,"BUCKETS AND BASINS",
CL389,"CENTURY CL389 FRUIT BASKET LARGE 24",0,1,7,-1,-7,"HOUSEWARE & KITCHENWARE","CENTURY PRODUCTS","PL BASKET",
CL423,"PICNIC TOTE BOX 12 LTR -6",0,5,49.9,-5,-249.5,"HOUSEWARE & KITCHENWARE","STORAGE AND ORGANIZER","STORAGE CONTAINERS",
CL431,"BUCKET WITH LID AND TAP 20LTR 35CMX36CM",0,8,49.9,-8,-399.2,"HOUSEWARE & KITCHENWARE",LAUNDARY,"BUCKETS AND BASINS",
CL503,"CENTURY CL503 CASSEROLE 2500 ML 6",0,1,35.9,-1,-35.9,"HOUSEWARE & KITCHENWARE","CENTURY PRODUCTS",CASSEROLE,
CL530,"CEN CL530 FLORA BASKET 1X12",0,2,5.2,-2,-10.4,"HOUSEWARE & KITCHENWARE","CENTURY PRODUCTS",CENTURY,
CL539,"DUSTPAN 35CMX25CMX15CM",0,1,8.9,-1,-8.9,"HOUSEWARE & KITCHENWARE","HOME HYGIENE","BROOM BRUSHES DUSTPANS",
CL566,"ROUND STORAGE CRYSTAL CONTAINER 3PCS SET SSPD",0,12,38.9,-12,-466.8,"HOUSEWARE & KITCHENWARE","STORAGE AND ORGANIZER","STORAGE CONTAINERS",
CL567,"CONTAINER RND TRANSPARENT 3 PCS SET 11L 5.5L 2L",0,2,59,-2,-118,"HOUSEWARE & KITCHENWARE","STORAGE AND ORGANIZER","STORAGE CONTAINERS",
96821,"DOVE MEN ROLL ON COOL FRESH 50ML 6",0,8,24.99,-8,-199.92,SUPERMARKET,"HOME AND PERSONAL CARE",FRAGRANCES,
98547,"GETTOL ANTISEPTIC LEMON 125ML  48",0,38,9.99,-38,-379.62,SUPERMARKET,"HOME AND PERSONAL CARE","HEALTH AND WELLNESS",
98551,"GETTOL ANTISEPTIC LEMON 75ML  48",0,40,6.99,-40,-279.6,SUPERMARKET,"HOME AND PERSONAL CARE","HEALTH AND WELLNESS",
98557,"MADAR WASHING POWDER 150G  40",0,15,5.99,-15,-89.85,SUPERMARKET,"HOME AND PERSONAL CARE","LAUNDRY CARE",
98560,"MADAR WASHING POWDER 3KG 1",0,3,142.99,-3,-428.97,SUPERMARKET,"HOME AND PERSONAL CARE","LAUNDRY CARE",
CL574,"CONTAINER FANCY 2PCS SET 1500ML2500 ML",0,5,22.9,-5,-114.5,"HOUSEWARE & KITCHENWARE","STORAGE AND ORGANIZER","STORAGE CONTAINERS",
CL575,"STACK FOOD CONTAINER 1500ML 16.5CMX14.5CMX10.5CM",0,6,9.9,-6,-59.4,"HOUSEWARE & KITCHENWARE","STORAGE AND ORGANIZER","STORAGE CONTAINERS",
CL576,"STACK FOOD CONTAINER 500ML 16.2CMX13CMX8CM",0,1,8.9,-1,-8.9,"HOUSEWARE & KITCHENWARE","STORAGE AND ORGANIZER","STORAGE CONTAINERS",
CL580,"STORAGE BOX TRANSPARENT 12L 38CMX28CMX18CM",0,7,42.9,-7,-300.3,"HOUSEWARE & KITCHENWARE","STORAGE AND ORGANIZER","STORAGE CONTAINERS",
CL582,"STORAGE BOX TRANSPARENT 20L 38CMX28CMX31CM",0,7,49.9,-7,-349.3,"HOUSEWARE & KITCHENWARE","STORAGE AND ORGANIZER","STORAGE CONTAINERS",
CL587,"QUEEN OF CASSROLE 850ML 21CMX17CMX11CM",0,5,16.9,-5,-84.5,"HOUSEWARE & KITCHENWARE",SERVEWARE,CASSEROLES,
CL588,"QUEEN OF CASSROLE 1350ML 24CMX19CMX12CM",0,9,24.9,-9,-224.1,"HOUSEWARE & KITCHENWARE",SERVEWARE,CASSEROLES,
CL591,"QUEEN OF CASSEROLE 2PCS SET 850 1350 MLSSI SSPD",0,11,62.9,-11,-691.9,"HOUSEWARE & KITCHENWARE",SERVEWARE,CASSEROLES,
CL601,"BASIN 6LTR 31CMX12CM",0,15,9.9,-15,-148.5,"HOUSEWARE & KITCHENWARE",LAUNDARY,"BUCKETS AND BASINS",
CL602,"BASIN 9LTR 36CMX13CM",0,13,13.9,-13,-180.7,"HOUSEWARE & KITCHENWARE",LAUNDARY,"BUCKETS AND BASINS",
CL603,"BASIN 15LTR 43CMX16CM",0,12,24.9,-12,-298.8,"HOUSEWARE & KITCHENWARE",LAUNDARY,"BUCKETS AND BASINS",
CL604,"FOOD COVER 25CMX14CM",0,12,11.9,-12,-142.8,"HOUSEWARE & KITCHENWARE",KITCHENWARE,"KITCHEN ACCESSORIES",
CL605,"MIXING BOWL SMALL 27CMX24CMX12CM",0,9,16.9,-9,-152.1,"HOUSEWARE & KITCHENWARE",SERVEWARE,"SERVING BOWL",
CL607,"BUCKET WITH LID 10LTR 28CMX28CM",0,16,22.9,-16,-366.4,"HOUSEWARE & KITCHENWARE",LAUNDARY,"BUCKETS AND BASINS",
CL611,"ROYALE CASSEROLE 2PCS SET 1000ML 1500ML PL",0,7,59,-7,-413,"HOUSEWARE & KITCHENWARE",SERVEWARE,CASSEROLES,
95107,"FRUTAIL ORANGE JUICE 1L  12",0,5,36.99,-5,-184.95,SUPERMARKET,BEVERAGES,JUICE,
95108,"FRUTAIL APPLE JUICE 1L  12",0,5,34.99,-5,-174.95,SUPERMARKET,BEVERAGES,JUICE,
95109,"FRUTAIL PINEAPPLE JUICE 1L  12",0,11,36.99,-11,-406.89,SUPERMARKET,BEVERAGES,JUICE,
95110,"FRUTAIL COCKTAIL JUICE 1L  12",0,8,34.99,-8,-279.92,SUPERMARKET,BEVERAGES,JUICE,
95111,"FRUTAIL RED GRAPE NECTAR 1L  12",0,20,34.99,-20,-699.8,SUPERMARKET,BEVERAGES,JUICE,
98607,"PARLE CHOCO RINGS  BISCUITS 52G  48",0,16,2.29,-16,-36.64,SUPERMARKET,"FOOD CUPBOARD",BISCUITS,
98609,"PARLE CHOCO RINGS BISCUITS 24G  72",0,47,1.09,-47,-51.23,SUPERMARKET,"FOOD CUPBOARD",BISCUITS,
98705,"FA  ROLL ON SPORT CITRUS GREEN SCENT 50ML  24",0,66,23.99,-66,-1583.34,SUPERMARKET,"HOME AND PERSONAL CARE",FRAGRANCES,
CL612,"ROYALE CASSEROLE 2PCS SET 1000ML 1500ML  SSI",0,7,79,-7,-553,"HOUSEWARE & KITCHENWARE",SERVEWARE,CASSEROLES,
CL613,"BASIN WITH LID 6LTR 32CMX15CM",0,4,18.9,-4,-75.6,"HOUSEWARE & KITCHENWARE",LAUNDARY,"BUCKETS AND BASINS",
CL616,"BASKET WITH LID FLORA 31CMX17CM",0,2,14.9,-2,-29.8,"HOUSEWARE & KITCHENWARE","STORAGE AND ORGANIZER",BASKET,
CL618,"CONTAINERS FANCY 4PCS SET 300ML600ML1500ML2500ML",0,1,32.9,-1,-32.9,"HOUSEWARE & KITCHENWARE","STORAGE AND ORGANIZER","STORAGE CONTAINERS",
CL619,"FRIDGE BOTTLE 900ML SQUARE 7CMX24CM",0,19,9.9,-19,-188.1,"HOUSEWARE & KITCHENWARE","FLASK AND BOTTLES",BOTTLE,
CL620,"FRIDGE BOTTLE 900ML ROUND 7CMX24CM",0,20,9.9,-20,-198,"HOUSEWARE & KITCHENWARE","FLASK AND BOTTLES",BOTTLE,
CL625,"PET JAR SQUARE 1500ML 11CMX11CMX16CM",0,2,4.9,-2,-9.8,"HOUSEWARE & KITCHENWARE","STORAGE AND ORGANIZER","STORAGE CONTAINERS",
CL627,"QUEEN OF CASSEROLE 2PCS SET PLASTIC 1800ML2500ML",0,4,59,-4,-236,"HOUSEWARE & KITCHENWARE",SERVEWARE,CASSEROLES,
CL628,"QUEEN OF CASSEROLE 2PCS SET STEEL 1800ML 2500ML",0,8,99,-8,-792,"HOUSEWARE & KITCHENWARE",SERVEWARE,CASSEROLES,
CL630,"PRIME CUP 500ML 11CMX8CMX10CM",0,9,2.9,-9,-26.1,"HOUSEWARE & KITCHENWARE","FLASK AND BOTTLES","CUPS AND TUMBLERS",
CL671,"COFFEE FLASK PU INSULATED 900ML 12.2CMX10CMX25CM",0,10,16.9,-10,-169,"HOUSEWARE & KITCHENWARE","FLASK AND BOTTLES",FLASK,
CL672,"BASKET WITH HANDLES FIESTA 50CMX38CMX22CM",0,14,38.9,-14,-544.6,"HOUSEWARE & KITCHENWARE","STORAGE AND ORGANIZER",BASKET,
CL673,"JUMBO BOX WFLIP LID TRANSPARENT 18LTR 43X29X21CM",0,4,59,-4,-236,"HOUSEWARE & KITCHENWARE","STORAGE AND ORGANIZER","STORAGE CONTAINERS",
CL674,"JUMBO BOX WFLIP LIDS TRANSPARENT 26LTR 43X29X30CM",0,1,66.9,-1,-66.9,"HOUSEWARE & KITCHENWARE","STORAGE AND ORGANIZER","STORAGE CONTAINERS",
CL676,"PET JAR ROUND 1000ML 12.5CMX20.5CM",0,9,3.9,-9,-35.1,"HOUSEWARE & KITCHENWARE","STORAGE AND ORGANIZER","STORAGE CONTAINERS",
97041,"KEY CHAIN W GHANA FLAG COLOR",0,155,3.9,-155,-604.5,SUNDRY,"HOME ESSENTIALS","DECORATIVE ITEMS/SCULPTURES",
97042,"KEY CHAIN W/  I LOVE GHANA",0,87,5.9,-87,-513.3,SUNDRY,"HOME ESSENTIALS","DECORATIVE ITEMS/SCULPTURES",
97064,"BEER GLASS 6PCS SET YWU",0,1,49.9,-1,-49.9,"HOUSEWARE & KITCHENWARE",GLASSWARE,"BEER MUGS AND BEER GLASS",
97129,"KLEANZ HAND SANITIZER 300ML  4",0,18,28.99,-18,-521.82,SUPERMARKET,"HOME AND PERSONAL CARE","PERSONAL WASH",
98710,"GALAXY SPARKLING WINE FRUIT COCKTAI DRINK 750ML 12",0,71,57.99,-71,-4117.29,SUPERMARKET,"BEVERAGES ALCOHOLIC",WINES,
98735,"SIBLOU WHITE TUNA IN OIL 170G  48",0,46,41.99,-46,-1931.54,SUPERMARKET,"FOOD CUPBOARD","CANNED FOOD",
98736,"SIBLOU WHITE TUNA IN WATER 170G 48",0,43,41.99,-43,-1805.57,SUPERMARKET,"FOOD CUPBOARD","CANNED FOOD",
CL683,"QUEEN OF CASSEROLE 1800ML PI 27CMX22CMX14CM",0,8,36.9,-8,-295.2,"HOUSEWARE & KITCHENWARE",SERVEWARE,CASSEROLES,
CL684,"QUEEN OF CASSEROLE 2500ML PI 29CMX24CMX14CM",0,15,29.9,-15,-448.5,"HOUSEWARE & KITCHENWARE",SERVEWARE,CASSEROLES,
CL685,"ROYAL CASSEROLE PLASTIC 1000ML 22CMX19CMX12CM",0,3,19.9,-3,-59.7,"HOUSEWARE & KITCHENWARE",SERVEWARE,CASSEROLES,
CL686,"ROYAL CASSEROLE PLASTIC 1500ML 25CMX22CMX13CM",0,7,24.9,-7,-174.3,"HOUSEWARE & KITCHENWARE",SERVEWARE,CASSEROLES,
CL693,"TIARA BOWL WLID 2800ML 25CMX22CMX10CM",0,18,18.9,-18,-340.2,"HOUSEWARE & KITCHENWARE",SERVEWARE,"SERVING BOWL",
CL695,"TIARA BOWL WLID 1000ML 18CMX16CMX7CM",0,9,12.9,-9,-116.1,"HOUSEWARE & KITCHENWARE",SERVEWARE,"SERVING BOWL",
CL696,"TIARA BOWL WLID 1700ML 21CMX19CMX9CM",0,7,12.9,-7,-90.3,"HOUSEWARE & KITCHENWARE",SERVEWARE,"SERVING BOWL",
CL698,"KIDS BOWL WITH LID 15CMX5CM",0,108,5.9,-108,-637.2,"HOUSEWARE & KITCHENWARE",SERVEWARE,"SERVING BOWL",
CL699,"BOWL FUFU 2000ML 23CMX22CMX9CM",0,16,5.9,-16,-94.4,"HOUSEWARE & KITCHENWARE",SERVEWARE,"SERVING BOWL",
CL700,"PLATE SQUARE LARGE 27CMX27CMX3CM",0,18,6.9,-18,-124.2,"HOUSEWARE & KITCHENWARE",DINNERWARE,PLATE,
CL701,"PLATE SQUARE SMALL 20CMX20CMX3CM",0,10,4.9,-10,-49,"HOUSEWARE & KITCHENWARE",DINNERWARE,PLATE,
CL703,"TIARA BOWL WITH LID 3PCS SET 1000ML 1700ML 2800ML",0,7,49.9,-7,-349.3,"HOUSEWARE & KITCHENWARE",SERVEWARE,"SERVING BOWL",
CL709,"TAKE AWAY CONTAINER 750ML 19.2CMX13CMX5.5CM",0,12,2.9,-12,-34.8,"HOUSEWARE & KITCHENWARE",DISPOSABLES,"DISPOSABLE CONTAINERS",
CL710,"TAKE AWAY CONTAINER 1000ML 19.5CMX13.2CMX7.5CM",0,10,3.5,-10,-35,"HOUSEWARE & KITCHENWARE",DISPOSABLES,"DISPOSABLE CONTAINERS",
CL711,"TAKE AWAY CONTAINER 1250ML 19.5CMX13.2CMX9.5CM",0,4,3.9,-4,-15.6,"HOUSEWARE & KITCHENWARE",DISPOSABLES,"DISPOSABLE CONTAINERS",
CL713,"SPICE CONTAINER 400ML 12.6CMX12.6CMX5.5CM",0,1,4.5,-1,-4.5,"HOUSEWARE & KITCHENWARE","STORAGE AND ORGANIZER","STORAGE CONTAINERS",
CL714,"SPICE CONTAINER 600ML 12.6CMX12.6CMX8CM",0,3,4.9,-3,-14.7,"HOUSEWARE & KITCHENWARE","STORAGE AND ORGANIZER","STORAGE CONTAINERS",
CL715,"SPICE CONTAINER 750ML 12.6CMX12.6CMX10.2CM",0,13,5.5,-13,-71.5,"HOUSEWARE & KITCHENWARE","STORAGE AND ORGANIZER","STORAGE CONTAINERS",
CL716,"SPICE CONTAINER 3PCS SET 400ML 600ML 750ML",0,-1,16.9,1,16.9,"HOUSEWARE & KITCHENWARE","STORAGE AND ORGANIZER","STORAGE CONTAINERS",
CL717,"CONTAINER 4900ML OPAQUE 30CMX21CMX12CM",0,2,29.9,-2,-59.8,"HOUSEWARE & KITCHENWARE","STORAGE AND ORGANIZER","STORAGE CONTAINERS",
CL720,"BOWL WITH LID 24CMX10CM",0,3,9.9,-3,-29.7,"HOUSEWARE & KITCHENWARE",SERVEWARE,"SERVING BOWL",
CL721,"BOWL FANCY TINTED 20CMX9CM",0,12,5.9,-12,-70.8,"HOUSEWARE & KITCHENWARE",SERVEWARE,"SERVING BOWL",
CL724,"SWING BIN 40LTR 38CMX38CMX68CM",0,-1,99,1,99,"HOUSEWARE & KITCHENWARE","HOME HYGIENE",DUSTBINS,
CL726,"LAUNDRY BASKET 27LTR 42CMX51CM",0,2,49.9,-2,-99.8,"HOUSEWARE & KITCHENWARE",LAUNDARY,"LAUNDARY BASKET",
CL727,"CONTAINER KEEP FRESH ROUND 2100 ML 20CMX8.5CM",0,-1,9.9,1,9.9,"HOUSEWARE & KITCHENWARE","STORAGE AND ORGANIZER","STORAGE CONTAINERS",
CL728,"CONTAINER KEEP FRESH ROUND 3200 ML 20CMX12.5CM",0,6,12.9,-6,-77.4,"HOUSEWARE & KITCHENWARE","STORAGE AND ORGANIZER","STORAGE CONTAINERS",
CL735,"BUCKET 3LTR TRANSPARENT 18CMX19CM",0,25,9.9,-25,-247.5,"HOUSEWARE & KITCHENWARE",LAUNDARY,"BUCKETS AND BASINS",
95402,"COKE PET 300ML 12",0,24,6.49,-24,-155.76,SUPERMARKET,BEVERAGES,DRINKS,
95403,"COKE ZERO PET 300ML 12",0,11,6.49,-11,-71.39,SUPERMARKET,BEVERAGES,DRINKS,
95404,"FANTA ORANGE PET 300ML 12",0,12,6.49,-12,-77.88,SUPERMARKET,BEVERAGES,DRINKS,
95405,"FANTA COCKTAIL PET 300ML 12",0,15,6.49,-15,-97.35,SUPERMARKET,BEVERAGES,DRINKS,
95409,"SPRITE ZERO PET 300ML 12",0,11,6.49,-11,-71.39,SUPERMARKET,BEVERAGES,DRINKS,
95416,"CHRISTMAS LED LIGHT IN MULTICOLOR 9.5M 100PCS",0,2,49.9,-2,-99.8,"HOME DECOR & TEXTILES","XMAS SEASONAL","xmas season",
95417,"CHRISTMAS LED LIGHT IN MULTICOLOR 9.5M 100PCS",0,1,49.9,-1,-49.9,"HOME DECOR & TEXTILES","XMAS SEASONAL","xmas season",
95464,"CHRISTMAS HAT",0,90,25.9,-90,-2331,"HOME DECOR & TEXTILES","XMAS SEASONAL","xmas season",
97241,"ROMAR SOFTENER CONC. DELICATE 2L  6",0,4,82.99,-4,-331.96,SUPERMARKET,"HOME AND PERSONAL CARE","LAUNDRY CARE",
97248,"SAIRO SHOWER GEL INTENSE 600ML  12",0,3,26.99,-3,-80.97,SUPERMARKET,"HOME AND PERSONAL CARE","PERSONAL WASH",
97249,"SAIRO ROLL- ON  MEN STRESS CARE 50ML   12",0,8,23.99,-8,-191.92,SUPERMARKET,"HOME AND PERSONAL CARE",FRAGRANCES,
97250,"SAIRO  ROLL- ON  UNISEX DERMO 50ML   12",0,4,17.99,-4,-71.96,SUPERMARKET,"HOME AND PERSONAL CARE",FRAGRANCES,
98943,"MY BLOCKS LEGO GAMES 32PCS TY-304",0,34,22.99,-34,-781.66,"TOYS AND ENTERTAINMENT","BLOCKS AND CONSTRUCTION SETS","STACKING AND PLUGGING TOYS",
98944,"SLATE WHITE BOARD&PRINTED ALPHABET TY-305A",0,1,24.99,-1,-24.99,"TOYS AND ENTERTAINMENT","LEARNING AND EDUCATIONAL TOYS","WRITING TOOLS",
CL737,"BUCKET 3LTR OPAQUE 18CMX19 CM",0,2,9.9,-2,-19.8,"HOUSEWARE & KITCHENWARE",LAUNDARY,"BUCKETS AND BASINS",
CL738,"BUCKET 5LTR TRANSPARENT 21CMX23CM",0,10,14.9,-10,-149,"HOUSEWARE & KITCHENWARE",LAUNDARY,"BUCKETS AND BASINS",
CL740,"BUCKET 5LTR OPAQUE 21CMX23CM",0,15,12.9,-15,-193.5,"HOUSEWARE & KITCHENWARE",LAUNDARY,"BUCKETS AND BASINS",
CL741,"OHEMA CASSEROLE 500ML 19CMX15CMX13CM",0,5,12.9,-5,-64.5,"HOUSEWARE & KITCHENWARE",SERVEWARE,CASSEROLES,
CL742,"OHEMA CASSEROLE 1000ML 23CMX18CMX14CM",0,13,18.9,-13,-245.7,"HOUSEWARE & KITCHENWARE",SERVEWARE,CASSEROLES,
CL743,"OHEMA CASSEROLE 2000ML 27CMX21CMX16CM",0,5,26.9,-5,-134.5,"HOUSEWARE & KITCHENWARE",SERVEWARE,CASSEROLES,
CL744,"OHEMA CASSEROLE 3000ML 32CMX25CMX18CM",0,3,36.9,-3,-110.7,"HOUSEWARE & KITCHENWARE",SERVEWARE,CASSEROLES,
CL745,"OHEMA CASSEROLE 2PCS SET 500 & 1000 ML",0,6,29.9,-6,-179.4,"HOUSEWARE & KITCHENWARE",SERVEWARE,CASSEROLES,
CL746,"OHEMA CASSEROLE 2PCS SET 2000 & 3000 ML",0,6,59,-6,-354,"HOUSEWARE & KITCHENWARE",SERVEWARE,CASSEROLES,
CL757,"MMFORA CHAIR 40CMX36CMX57CM",0,4,69,-4,-276,"HOUSEWARE & KITCHENWARE","HOUSE HOLD PRODUCTS","HOUSE HOLD",
CL759,"CRISPER CONTAINER RND 2000ML 16CMX14CM",0,5,7.9,-5,-39.5,"HOUSEWARE & KITCHENWARE","STORAGE AND ORGANIZER","STORAGE CONTAINERS",
CL760,"CRISPER CONTAINER RND 3750ML 20CMX17CM",0,7,14.9,-7,-104.3,"HOUSEWARE & KITCHENWARE","STORAGE AND ORGANIZER","STORAGE CONTAINERS",
CL761,"CRISPER CONTAINER RND 6000ML 23CMX20CM",0,18,20.9,-18,-376.2,"HOUSEWARE & KITCHENWARE","STORAGE AND ORGANIZER","STORAGE CONTAINERS",
CL762,"CRISPER CONTAINER RND 9000ML 26CMX22CM",0,1,29.9,-1,-29.9,"HOUSEWARE & KITCHENWARE","STORAGE AND ORGANIZER","STORAGE CONTAINERS",
CL763,"CRISPER CONTAINER 4PCS SET 2000 3750 6000 9000ML",0,3,69,-3,-207,"HOUSEWARE & KITCHENWARE","STORAGE AND ORGANIZER","STORAGE CONTAINERS",
CL764,"CONTAINER 6PCS 700ML 1250ML 2000ML 3750 ML 6L 9L",0,2,89,-2,-178,"HOUSEWARE & KITCHENWARE","STORAGE AND ORGANIZER","STORAGE CONTAINERS",
CL766,"CONTAINER SQUARE 2900ML 16CMX16CMX14CM",0,-1,14.9,1,14.9,"HOUSEWARE & KITCHENWARE","STORAGE AND ORGANIZER","STORAGE CONTAINERS",
95522,"CHRISTMAS DECORATION 4CM 20PCS 19H8-51",0,19,24.9,-19,-473.1,"HOME DECOR & TEXTILES","XMAS SEASONAL","xmas season",
97315,"PAINTING BOOK 4 TITLES EB693",0,28,4.9,-28,-137.2,STATIONERY,"CHILDREN BOOKS AND GEN REF","BOOKS AND LEARNINGS",
97340,"CHALLENGE INSECTICIDE SPRAY  400ML  24",0,18,41.49,-18,-746.82,SUPERMARKET,"HOME AND PERSONAL CARE","INSECTICIDES AND RODENT CONTROL",
97341,"CHALLENGE MOSQUITO COIL  60",0,8,9.99,-8,-79.92,SUPERMARKET,"HOME AND PERSONAL CARE","INSECTICIDES AND RODENT CONTROL",
97350,"SAIKIRPA NAPHTHALENE BALLS JUMBO COLOURED 300G  60",0,44,23.99,-44,-1055.56,SUPERMARKET,"HOME AND PERSONAL CARE","INSECTICIDES AND RODENT CONTROL",
CL767,"CONTAINER 2PCS SET SQUARE 1300 2900 L",0,9,19.9,-9,-179.1,"HOUSEWARE & KITCHENWARE","STORAGE AND ORGANIZER","STORAGE CONTAINERS",
CL768,"CRISPER CONTAINER RND 700ML 12CMX10CM",0,8,3.9,-8,-31.2,"HOUSEWARE & KITCHENWARE","STORAGE AND ORGANIZER","STORAGE CONTAINERS",
CL772,"CONTAINER 1800ML OPAQUE 22CMX15CMX9CM",0,14,12.9,-14,-180.6,"HOUSEWARE & KITCHENWARE","STORAGE AND ORGANIZER","STORAGE CONTAINERS",
CL773,"CONTAINER 300ML TRANSPARENT 26CMX18CMX10CM",0,6,19.9,-6,-119.4,"HOUSEWARE & KITCHENWARE","STORAGE AND ORGANIZER","STORAGE CONTAINERS",
CL774,"CONTAINER 3000ML OPAQUE 26CMX18CMX10CM",0,3,19.6,-3,-58.8,"HOUSEWARE & KITCHENWARE","STORAGE AND ORGANIZER","STORAGE CONTAINERS",
CL776,"FOOD FLASK 1500ML",0,1,29.9,-1,-29.9,"HOUSEWARE & KITCHENWARE",SERVEWARE,CASSEROLES,
CN238,"PICTURE 3D",0,4,79,-4,-316,"HOME DECOR & TEXTILES","HOME DECOR",DECORATIVE,
D120,"GREEN GIANT NATURALLY SWEET CORN 340G 12",0,5,39.99,-5,-199.95,SUPERMARKET,"FOOD CUPBOARD",SNACKS,
D123,"CONDOR PEAK MALBEC 750ML 12",0,9,79.99,-9,-719.91,SUPERMARKET,"BEVERAGES ALCOHOLIC",WINES,
D136,"LUNCH NAPKINS PLAIN 100SHTS 15",0,23,11.99,-23,-275.77,SUPERMARKET,"HOME AND PERSONAL CARE",DISPOSABLE,
95644,"JOVEN CAPEL SPARKLING WHITE WINE 750ML 6",0,3,128.99,-3,-386.97,SUPERMARKET,"BEVERAGES ALCOHOLIC","SPARKLING WINES",
95645,"JOVEN CAPEL SPARKLING ROSE WINE 750ML 6",0,2,128.99,-2,-257.98,SUPERMARKET,"BEVERAGES ALCOHOLIC","SPARKLING WINES",
95658,"AMALFI HAND SOAP  ALOE VERA 500ML   12",0,13,25.99,-13,-337.87,SUPERMARKET,"HOME AND PERSONAL CARE","HOUSEHOLD CLEANERS",
95659,"AMALFI  HAND SOAP BERRIES  500ML  12",0,3,25.99,-3,-77.97,SUPERMARKET,"HOME AND PERSONAL CARE","PERSONAL WASH",
95661,"AMALFI  HAND SOAP  LOVE 500ML  12",0,4,25.99,-4,-103.96,SUPERMARKET,"HOME AND PERSONAL CARE","PERSONAL WASH",
97352,"SAIKIRPA NAPHTHALENE BALLS WHITE 300G  60",0,3,23.99,-3,-71.97,SUPERMARKET,"HOME AND PERSONAL CARE","INSECTICIDES AND RODENT CONTROL",
93655,"MINIMIE ATSOMO SNACK  50G   60",0,1,3.99,-1,-3.99,SUPERMARKET,"FOOD CUPBOARD",SAVOURIES,
95691,"ODEX BLEACH REGULAR 4L  4",0,2,93.99,-2,-187.98,SUPERMARKET,"HOME AND PERSONAL CARE","HOUSEHOLD CLEANERS",
95692,"ODEX BLEACH  LEMON 4L  4",0,1,93.99,-1,-93.99,SUPERMARKET,"HOME AND PERSONAL CARE","HOUSEHOLD CLEANERS",
95693,"ODEX BLEACH FLOWER 4L  4",0,2,93.99,-2,-187.98,SUPERMARKET,"HOME AND PERSONAL CARE","HOUSEHOLD CLEANERS",
97546,"ECOSTYLE SPORT BLUE GEL 473ML  6",0,5,79.99,-5,-399.95,SUPERMARKET,"HOME AND PERSONAL CARE","HAIR CARE",
93759,"DZIRE STEAM IRON 1600W SI-250A",0,7,189,-7,-1323,"ELECTRICAL APPLIANCES","LINEN CARE","STEAM IRONS",
93778,"KENWOOD KETTLE 1.7L 2200W SS SIL ZJM01.A0BK",0,8,599,-8,-4792,"ELECTRICAL APPLIANCES",KETTLE,"STAINLESS STEEL KETTLE",
95709,"AMALFI  SHAMPOO  STRAWBERRY  400ML  10",0,1,23.99,-1,-23.99,SUPERMARKET,"HOME AND PERSONAL CARE","HAIR CARE",
97636,"FARAGELLO GOLD GUAVA NECTAR JUICE TETRA PACK 1L 12",0,11,29.99,-11,-329.89,SUPERMARKET,BEVERAGES,JUICE,
97638,"FARAGELLO GOLD COCKTAIL NECTAR TETRA PACK 1L 12",0,4,29.99,-4,-119.96,SUPERMARKET,BEVERAGES,JUICE,
97649,"SUNLIGHT BAR YELLOW 120G  48",0,72,7.29,-72,-524.88,SUPERMARKET,"HOME AND PERSONAL CARE","LAUNDRY CARE",
97651,"SUNLIGHT GREEN DISH WASH BTL 400ML  24",0,25,27.99,-25,-699.75,SUPERMARKET,"HOME AND PERSONAL CARE","HOUSEHOLD CLEANERS",
97653,"SUNLIGHT GREEN DISH WASH BTL 750ML  15",0,13,45.99,-13,-597.87,SUPERMARKET,"HOME AND PERSONAL CARE","HOUSEHOLD CLEANERS",
97663,"MJ-S MAYONNAISE ORIGINAL  473ML  12",0,13,38.99,-13,-506.87,SUPERMARKET,"FOOD CUPBOARD","SPREADS AND TOPPING",
97664,"MJ-S  MAYONNAISE 510ML   12",0,11,46.99,-11,-516.89,SUPERMARKET,"FOOD CUPBOARD","SPREADS AND TOPPING",
97665,"MJ-S MAYONNAISE ORIGINAL 946ML (32OZ)  12",0,12,61.99,-12,-743.88,SUPERMARKET,"FOOD CUPBOARD","SPREADS AND TOPPING",
97692,"LA SALUD NEUTRAL HOUSEHOLD CLEANER 1.5L 8",0,-1,40.99,1,40.99,SUPERMARKET,"HOME AND PERSONAL CARE","HOUSEHOLD CLEANERS",
97697,"LA SALUD MARBEL & CERAMIC CLEANSER 1.5L 8",0,6,47.49,-6,-284.94,SUPERMARKET,"HOME AND PERSONAL CARE","HOUSEHOLD CLEANERS",
99282,"JAMESON IRISH WHISKY 750ML 12",0,1,439.99,-1,-439.99,SUPERMARKET,"BEVERAGES ALCOHOLIC",WHISKEY,
99290,"WHISKY CHIVAS REGAL 12 YEARS 750ML 12",0,12,849.99,-12,-10199.88,SUPERMARKET,"BEVERAGES ALCOHOLIC",WHISKEY,
99393,"DOOR HANGER 5720182339 YWU",0,54,4.9,-54,-264.6,"HOUSEWARE & KITCHENWARE",LAUNDARY,"CLOTH HANGERS",
95760,"CHRISTMAS DECORATION 4CM 12PCS 19BC467",0,8,16.9,-8,-135.2,"HOME DECOR & TEXTILES","XMAS SEASONAL","xmas season",
95783,"CHRISTMAS TREE TOP 28X27CM 19Q30",0,21,15.9,-21,-333.9,"HOME DECOR & TEXTILES","XMAS SEASONAL","xmas season",
95804,"GIFT BAG 26X32X10CM",0,16,9.9,-16,-158.4,"HOME DECOR & TEXTILES","XMAS SEASONAL","xmas season",
97745,"BINATONE RICE COOKER 2.8L RCSG 2805",0,2,979,-2,-1958,"ELECTRICAL APPLIANCES","RICE/ MULTI COOKER","POT TYPE RICE COOKER",
97763,"KELLOGGS COCO POPS 360G  10",0,9,59.99,-9,-539.91,SUPERMARKET,"FOOD CUPBOARD","BREAKFAST CEREALS",
99400,"TOILET BRUSH 2PCS SET 5720182357 YWU",0,26,4.9,-26,-127.4,"HOUSEWARE & KITCHENWARE","HOME HYGIENE","TOILET BRUSHES",
99499,"KITCHEN SPONGE AND SCRUBBER 10PCS FW826 YWU",0,12,22.9,-12,-274.8,"HOUSEWARE & KITCHENWARE","HOME HYGIENE","SPONGE SCRUBBERS AND SCOURERS",
99558,"FANTA STRAWBERRY PET 300ML 12",0,3,6.49,-3,-19.47,SUPERMARKET,BEVERAGES,DRINKS,
99559,"FANTA PINEAPPLE 300ML 12",0,7,6.49,-7,-45.43,SUPERMARKET,BEVERAGES,DRINKS,
99566,"COMFORTER QUEEN JACQUARD 6PCS SET HG1155Q",0,2,549,-2,-1098,"HOME DECOR & TEXTILES","BLANKETS QUILTS COMFORTERS AND BEDCOVERS",COMFORTERS,
99567,"COMFORTER KING JACQUARD 6PCS SET HG1177K",0,2,599,-2,-1198,"HOME DECOR & TEXTILES","BLANKETS QUILTS COMFORTERS AND BEDCOVERS",COMFORTERS,
99574,"KREMELA CREAMER 200G  25",0,14,16.49,-14,-230.86,SUPERMARKET,"FOOD CUPBOARD","MILK AND CREAMERS",
94080,"DZIRE GAS STOVE 2B GLASS TGGP2B-G26",0,1,465,-1,-465,"GAS COOKER & ACCESSORIES","GAS COOKER","TABLE TOP GAS STOVE",
94082,"DZIRE GAS STOVE 3B GLASS TGGP3B-G32",0,3,519,-3,-1557,"GAS COOKER & ACCESSORIES","GAS COOKER","TABLE TOP GAS STOVE",
97926,"JAMAA CLASSIC LAUNDRY BAR SOAP 200G   24",0,10,6.99,-10,-69.9,SUPERMARKET,"HOME AND PERSONAL CARE","LAUNDRY CARE",
97968,"SATNAM INSECT REPELLENT LAVENDER 141.7GM  48",0,41,18.99,-41,-778.59,SUPERMARKET,"HOME AND PERSONAL CARE","INSECTICIDES AND RODENT CONTROL",
98013,"RAINBOW CONTAINER RECT 7PCS SET PLASTIC 7065-7",0,1,49.9,-1,-49.9,"HOUSEWARE & KITCHENWARE","STORAGE AND ORGANIZER","STORAGE CONTAINERS",
99602,"ENA PA NON-DAIRY CREAMER 20G 200",0,242,1.89,-242,-457.38,SUPERMARKET,"FOOD CUPBOARD","MILK AND CREAMERS",
99605,"PRINCESS BODY MIST JASMINE 50ML  48",0,17,8.49,-17,-144.33,SUPERMARKET,"HOME AND PERSONAL CARE",FRAGRANCES,
99609,"PRINCESS BODY MIST LILAC 50ML  48",0,32,8.49,-32,-271.68,SUPERMARKET,"HOME AND PERSONAL CARE",FRAGRANCES,
99614,"STYLE UP ROLL ON ORIGINAL 50ML  48",0,25,9.99,-25,-249.75,SUPERMARKET,"HOME AND PERSONAL CARE",FRAGRANCES,
99644,"PRINCESS ROLL ON ROSE 50ML  6",0,47,9.99,-47,-469.53,SUPERMARKET,"HOME AND PERSONAL CARE",FRAGRANCES,
99646,"PRINCESS ROLL ON JASMINE 50ML  48",0,31,9.99,-31,-309.69,SUPERMARKET,"HOME AND PERSONAL CARE",FRAGRANCES,
99647,"PRINCESS ROLL ON LILAC 50ML  6",0,32,9.99,-32,-319.68,SUPERMARKET,"HOME AND PERSONAL CARE",FRAGRANCES,
99662,"STYLE UP ROLL ON SENSITIVE 50ML  6",0,16,9.99,-16,-159.84,SUPERMARKET,"HOME AND PERSONAL CARE",FRAGRANCES,
99663,"STYLE UP ROLL ON SPICE 50ML  6",0,19,9.99,-19,-189.81,SUPERMARKET,"HOME AND PERSONAL CARE",FRAGRANCES,
99664,"STYLE UP ROLL ON FRESH 50ML  6",0,48,9.99,-48,-479.52,SUPERMARKET,"HOME AND PERSONAL CARE",FRAGRANCES,
99665,"STYLE UP ROLL ON ACTIVE 50ML  6",0,51,9.99,-51,-509.49,SUPERMARKET,"HOME AND PERSONAL CARE",FRAGRANCES,
99666,"STYLE UP ROLL ON SPORT 50ML  6",0,102,9.99,-102,-1018.98,SUPERMARKET,"HOME AND PERSONAL CARE",FRAGRANCES,
99677,"CURTAIN SHOWER 3 RODS 808080",0,-1,22.9,1,22.9,"HOME DECOR & TEXTILES","CURTAIN RODS","CURTAIN RODS",
99678,"CURTAIN SHOWER ROD SINGLE EXT.  1.1-2",0,14,59,-14,-826,"HOME DECOR & TEXTILES","CURTAIN RODS","CURTAIN RODS",
99694,"DUSTBIN SMALL  WHIRLPOOL PLASTIC YWU",0,5,29.9,-5,-149.5,"HOUSEWARE & KITCHENWARE","HOME HYGIENE",DUSTBINS,
94164,"SATNAM PERFUMED INSECT REPELLANT STRAWBERY 140GM",0,15,18.99,-15,-284.85,SUPERMARKET,"HOME AND PERSONAL CARE","INSECTICIDES AND RODENT CONTROL",
94165,"SATNAM PERFUMED INSECT REPELLANT BALLS 100GMS 120",0,97,11.99,-97,-1163.03,SUPERMARKET,"HOME AND PERSONAL CARE","INSECTICIDES AND RODENT CONTROL",
94193,"CUP WSWIRL LID AND STRAW KIDS PLASTIC 42215801 YWU",0,3,9.9,-3,-29.7,"HOUSEWARE & KITCHENWARE","FLASK AND BOTTLES","CUPS AND TUMBLERS",
96074,"NASCO CHEST FREEZER SD 200L NAS-250FL",0,1,3149,-1,-3149,"ELECTRICAL APPLIANCES",FREEZER,"SINGLE DOOR FREEZER",
96097,"BINATONE JUICER 1000W JE880/JE1000",0,1,1705,-1,-1705,"ELECTRICAL APPLIANCES",JUICER,"CENTRIFUGAL JUICER",
96107,"NIVEA SHOWER GEL DEEP 500ML  12 (200585)",0,10,139.99,-10,-1399.9,SUPERMARKET,"HOME AND PERSONAL CARE","PERSONAL WASH",
96111,"NIVEA LIP BALM HUDRO CARE  4.8G  12",0,15,37.99,-15,-569.85,SUPERMARKET,"HOME AND PERSONAL CARE","SKIN CARE",
96114,"NIVEA LIP BALM ORIGINAL CARE 4.8G  12",0,14,37.99,-14,-531.86,SUPERMARKET,"HOME AND PERSONAL CARE","SKIN CARE",
99720,"SOLDIER MENTHOLATED POWDER 80G   6",0,7,9.99,-7,-69.93,SUPERMARKET,"HOME AND PERSONAL CARE","SKIN CARE",
99771,"BO-16 HAIR FOOD BLUE 225ML  4",0,12,27.99,-12,-335.88,SUPERMARKET,"HOME AND PERSONAL CARE","HAIR CARE",
94236,"MADAR DETERGENT BAR BLUE 195G  36",0,33,8.29,-33,-273.57,SUPERMARKET,"HOME AND PERSONAL CARE","LAUNDRY CARE",
94240,"MADAR ZONE BLEACH 1L  12",0,8,19.99,-8,-159.92,SUPERMARKET,"HOME AND PERSONAL CARE","HOUSEHOLD CLEANERS",
94241,"MADAR RENZO M/PURPOSE LEMON LIQUID SOAP 750ML  12",0,9,24.99,-9,-224.91,SUPERMARKET,"HOME AND PERSONAL CARE","HOUSEHOLD CLEANERS",
94242,"MADAR DETERGENT POWDER 800G   10",0,7,31.49,-7,-220.43,SUPERMARKET,"HOME AND PERSONAL CARE","LAUNDRY CARE",
94243,"MADAR DETERGENT POWDER 400G  12",0,13,16.99,-13,-220.87,SUPERMARKET,"HOME AND PERSONAL CARE","LAUNDRY CARE",
94271,"DRESSING MIRROR WOOD 150X40 003",0,1,329,-1,-329,"HOME DECOR & TEXTILES","HOME DECOR","WallANDTable Decor",
96181,"PAPILION BABY COTTON BUDS 60PCS   144",0,24,15.99,-24,-383.76,SUPERMARKET,"HOME AND PERSONAL CARE","INFANT AND BABY CARE",
96188,"PARIDOX ALATA SAMINA GEL SKIN TONER 500ML 20",0,11,44.99,-11,-494.89,SUPERMARKET,"HOME AND PERSONAL CARE","PERSONAL WASH",
96249,"GOLFERS SHOT BARREL AGED WHISKY GLASS MC 750ML 6",0,7,169.99,-7,-1189.93,SUPERMARKET,"BEVERAGES ALCOHOLIC",WHISKEY,
99915,"WINDOW SHADE YE3 180X200 SILVER",0,2,549,-2,-1098,"HOME DECOR & TEXTILES",BLINDS,"1.8 mtrs",
99923,"WINDOW SHADE YE3 200X200 BROWN",0,3,599,-3,-1797,"HOME DECOR & TEXTILES",BLINDS,"2.0 mtrs",
94346,"LELE GINGER FLAVOR TEA 37.5G  25X12",0,7,17.99,-7,-125.93,SUPERMARKET,BEVERAGES,TEA,
94363,"AKAI STEAM IRON 2200W EI042A-260SI",0,2,259,-2,-518,"ELECTRICAL APPLIANCES","LINEN CARE","STEAM IRONS",
94430,"LELE KETCHUP 340G   24",0,13,13.99,-13,-181.87,SUPERMARKET,"FOOD CUPBOARD","SPREADS AND TOPPING",
96327,"SPRITE ZERO 1. 5 L PET  6",0,5,23.99,-5,-119.95,SUPERMARKET,BEVERAGES,DRINKS,
96430,"NIDO ESSENTIA 23G 10PCS X 12",0,15,46.49,-15,-697.35,SUPERMARKET,"FOOD CUPBOARD","DRINKING POWDER",
96431,"NIDO ESSENTIA NUTRIPAK 14G 10PCS X 26",0,23,24.99,-23,-574.77,SUPERMARKET,"FOOD CUPBOARD","DRINKING POWDER",
98155,"VERNA MINERAL WATER  750ML 16",0,66,1.89,-66,-124.74,SUPERMARKET,BEVERAGES,"MINERAL WATER",
94667,"FEKKO SPRAY STRACH 550ML  12",0,17,54.99,-17,-934.83,SUPERMARKET,"HOME AND PERSONAL CARE","LAUNDRY CARE",
94700,"FA MEN ROLL ON DRY PROTECT 50ML  24",0,30,23.99,-30,-719.7,SUPERMARKET,"HOME AND PERSONAL CARE",FRAGRANCES,
96432,"MILO ACTIV-GO 20G  10PCS X 30",0,31,24.99,-31,-774.69,SUPERMARKET,BEVERAGES,"DRINKING POWDERS",
96434,"MILO ALL IN ONE NUTRI-MIX 37G 10PCS X 20",0,17,44.99,-17,-764.83,SUPERMARKET,BEVERAGES,"DRINKING POWDERS",
A794,"VOLTIC MINERAL WATER 750ML 12",0,50,2.89,-50,-144.5,SUPERMARKET,BEVERAGES,"MINERAL WATER",
A803,"MANDINGO BITTERS 700ML 12",0,5,59.49,-5,-297.45,SUPERMARKET,"BEVERAGES ALCOHOLIC",BITTERS,
A901,"CONDOR PEAK BLANC WINE 750ML 12",0,25,79.99,-25,-1999.75,SUPERMARKET,"BEVERAGES ALCOHOLIC",WINES,
A902,"CONDOR PEAK CARBERNET RED WINE 750ML 12",0,11,79.99,-11,-879.89,SUPERMARKET,"BEVERAGES ALCOHOLIC",WINES,
96496,"SWAN WHITE SUGAR STICKS 250G 12",0,7,24.99,-7,-174.93,SUPERMARKET,"FOOD CUPBOARD","SALT  SUGAR AND JAGGERY",
96497,"SWAN BROWN SUGAR STICKS 200G 12",0,12,25.99,-12,-311.88,SUPERMARKET,"FOOD CUPBOARD","SALT  SUGAR AND JAGGERY",
96519,"MADAR RENZO MULTIPURPOSE LIQUID DETERGENT 200ML 24",0,47,8.49,-47,-399.03,SUPERMARKET,"HOME AND PERSONAL CARE","HOUSEHOLD CLEANERS",
96520,"MADAR RENZO MULTIPURPOSE LIQUID DETERGENT 400ML 12",0,11,14.99,-11,-164.89,SUPERMARKET,"HOME AND PERSONAL CARE","HOUSEHOLD CLEANERS",
98372,"ENA PA BAKED BEANS IN TOMATO SAUCE 420G  12",0,21,14.99,-21,-314.79,SUPERMARKET,"FOOD CUPBOARD","CANNED FOOD",
98373,"MCBERRY BOURBON CREAM BISCUIT 32G  72",0,70,1.79,-70,-125.3,SUPERMARKET,"FOOD CUPBOARD",BISCUITS,
A913,"JOHNNIE WALKER RED LABEL WHISKY  1L 12",0,5,399.99,-5,-1999.95,SUPERMARKET,"BEVERAGES ALCOHOLIC",WHISKEY,
A973,"KASAPREKO CARNIVAL STRAWBERRY 750ML 12",0,7,44.99,-7,-314.93,SUPERMARKET,"BEVERAGES ALCOHOLIC",LIQUER,
A974,"KASAPREKO DRY GIN 750ML 12",0,12,45.99,-12,-551.88,SUPERMARKET,"BEVERAGES ALCOHOLIC","GIN .",
A975,"KASAPREKO ALOMO BITTERS  750ML 12",0,5,46.99,-5,-234.95,SUPERMARKET,"BEVERAGES ALCOHOLIC",BITTERS,
A992,"CERES PINEAPPLE FRUIT JUICE 1L 12",0,12,39.49,-12,-473.88,SUPERMARKET,BEVERAGES,JUICE,
A993,"CERES RED GRAPE BOTTLE 275ML 24",0,24,24.99,-24,-599.76,SUPERMARKET,BEVERAGES,JUICE,
94851,"NIVEA Q10+VITAMIN C FIRMING LOTION 400ML  12",0,13,99.99,-13,-1299.87,SUPERMARKET,"HOME AND PERSONAL CARE","SKIN CARE",
94946,"PEPSODENT TOOTHBRUSH JUNIOR 7-13YRS 1X60PC",0,59,8.99,-59,-530.41,SUPERMARKET,"HOME AND PERSONAL CARE","ORAL CARE",
94947,"PEPSODENT TOOTHBRUSH KIDS 2-6YRS 1X60",0,55,8.99,-55,-494.45,SUPERMARKET,"HOME AND PERSONAL CARE","ORAL CARE",
94959,"DR MIGHTY WC POWER BALLS BELLFLOWER  5 IN 1 24",0,25,24.99,-25,-624.75,SUPERMARKET,"HOME AND PERSONAL CARE",FRESHENERS,
98449,"MCBERRY LONDON OAT CHOCOCHIPS 70G  36",0,2,5.99,-2,-11.98,SUPERMARKET,"FOOD CUPBOARD",BISCUITS,
98453,"WC NET GEL CRYSTAL TOILET CLEANER CITRUS 750ML  12",0,4,57.99,-4,-231.96,SUPERMARKET,"HOME AND PERSONAL CARE","HOUSEHOLD CLEANERS",
98474,"AMALFI  HAND SOAP  ICE CREAM  500ML  12",0,12,25.99,-12,-311.88,SUPERMARKET,"HOME AND PERSONAL CARE","PERSONAL WASH",
98478,"AMALFI HAND SOAP PEACH  500ML 12",0,6,25.99,-6,-155.94,SUPERMARKET,"HOME AND PERSONAL CARE","PERSONAL WASH",
98479,"AMALFI HAND SOAP PINA COLADA  500ML  12",0,11,25.99,-11,-285.89,SUPERMARKET,"HOME AND PERSONAL CARE","PERSONAL WASH",
