ITEM_CODE,ITEM_NAME,PRICE,DEPT,GROUPS,SUBGROUPS,ERP_QTY,AUDIT_QTY,DIFF,"DIFF VALUE",ZONES,PHYSICAL_QTY
01853,"BINE MULITI PURPOSE LIQUID SOAP 250ML  24",4.99,SUPERMARKET,"HOME AND PERSONAL CARE","HOUSEHOLD CLEANERS",5,34,29,144.71,Upload_U,
00453,"GOANAS WINE 75CL 12",94.99,SUPERMARKET,"BEVERAGES ALCOHOLIC",WINES,6,56,50,4749.5,Upload_U,
03616,"BOUNTY PAPER TOWEL 2PLY SHEETS   12",70.99,SUPERMARKET,"HOME AND PERSONAL CARE",DISPOSABLE,10,11,1,70.99,"2, Upload_U",
04949,"EVERPACK SPOON PLASTIC 100PCS X 30PKTS  30",20.99,SUPERMARKET,"HOME AND PERSONAL CARE",DISPOSABLE,18,14,-4,-83.96,Upload_U,
04641,"SERVING BOWL MELAMINE 8 INCHES ZHN C09885",12.9,"HOUSEWARE & KITCHENWARE","MELAMINE WARE","MEL BOWL/BOWL+COVER",35,23,-12,-154.8,Upload_U,
06744,"NIDO 1 + PREDIO 400G 12",129.99,SUPERMARKET,"FOOD CUPBOARD","DRINKING POWDER",11,11,0,0,Upload_U,
08353,"VITAMILK DOUBLE  CHOCO SHAKE SOYMILK 300ML 24",16.99,SUPERMARKET,BEVERAGES,DRINKS,17,345,328,5572.72,Upload_U,
08833,"FAULTLESS SPRAY STARCH MT.LAVENDER 567G 12",59.99,SUPERMARKET,"HOME AND PERSONAL CARE","LAUNDRY CARE",6,324,318,19076.82,Upload_U,
09134,"TASTY TOM TOMATO PASTE 2200G 6",82.99,SUPERMARKET,"FOOD CUPBOARD",CONDIMENTS,3,6,3,248.97,Upload_U,
08736,"GOODYS SPICY SHITO HOT BEEF 845G 12",144.99,SUPERMARKET,"FOOD CUPBOARD","PEPPER SAUCE",17,17,0,0,Upload_U,
08759,"EMBORG LOW FAT  UHT MILK 1L 12",46.99,SUPERMARKET,"FOOD CUPBOARD","MILK AND CREAMERS",5,5,0,0,Upload_U,
100658,"MASTERCHEF PIZZA CUTTER BLACK MC32009 RJK",19.9,"HOUSEWARE & KITCHENWARE","KNIFE AND CHOPPING BOARD",CUTTERS,9,345,336,6686.4,Upload_U,
09345,"NEDERBURG WINEMASTERS CHARDONNAY WINE 750ML 6",129.99,SUPERMARKET,"BEVERAGES ALCOHOLIC",WINES,2,2,0,0,Upload_U,
100798,"ZOMBA RED COCKTAIL 0% ALC 750ML 6",42.49,SUPERMARKET,"BEVERAGES ALCOHOLIC",WINES,4,3457,3453,146717.97,Upload_U,
101088,"AKAI KETTLE 1.8L 1800W SS GREY EK029A-18GE",279,"ELECTRICAL APPLIANCES",KETTLE,"STAINLESS STEEL KETTLE",4,853,849,236871,Upload_U,
101902,"MATA MIXED VEGETABLES IN BRINE E/O 400G  24",17.49,SUPERMARKET,"FOOD CUPBOARD","CANNED FOOD",9,9,0,0,Upload_U,
101996,"RAINBOW CONTAINER 7PCS SET PP21737",69,"HOUSEWARE & KITCHENWARE","STORAGE AND ORGANIZER","STORAGE CONTAINERS",2,8565,8563,590847,Upload_U,
102192,"PLATINUM SUNFLOWER OIL 900ML  15",44.99,SUPERMARKET,"FOOD CUPBOARD","EDIBLE OILS AND GHEE",53,53,0,0,Upload_U,
102512,"MOMEASY WIDENECK SILICON NIPPLES 2PCS FLOW-S 45403",29,"TOYS AND ENTERTAINMENT",INFANTS,FEEDING,5,5,0,0,Upload_U,
102516,"MOMEASY MEDICINE DISPENSER W/PLASTIC CASE 46072",36.9,"TOYS AND ENTERTAINMENT",INFANTS,"BABY GENERAL CARE",6,34,28,1033.2,Upload_U,
102969,"BELAIR AIR FRESHENER BAKHOUR 150ML  36",11.99,SUPERMARKET,"HOME AND PERSONAL CARE",FRESHENERS,2,2,0,0,Upload_U,
102979,"BABYMED LOTION 200ML  60",16.49,SUPERMARKET,"HOME AND PERSONAL CARE","INFANT AND BABY CARE",27,27,0,0,Upload_U,
102996,"LEA COMPLEXION CARE SOAP MIMOSA 150G  48",10.89,SUPERMARKET,"HOME AND PERSONAL CARE","PERSONAL WASH",4,345,341,3713.49,Upload_U,
103052,"DAY BY DAY SHOWER GEL ROSE 750ML  12",31.99,SUPERMARKET,"HOME AND PERSONAL CARE","PERSONAL WASH",4,4,0,0,Upload_U,
103113,"KLEANZ BODY WASH VANILLA 750ML  20",31.49,SUPERMARKET,"HOME AND PERSONAL CARE","PERSONAL WASH",11,11,0,0,Upload_U,
103199,"AVSAR FRUIT FLAV WATER GREEN APPLE 200ML  24",10.99,SUPERMARKET,BEVERAGES,"MINERAL WATER",8,8,0,0,Upload_U,
103775,"SAIRO SAVON LIQUID  HAND WASH MARINE 500ML 12",29.99,SUPERMARKET,"HOME AND PERSONAL CARE","PERSONAL WASH",7,7,0,0,Upload_U,
104205,"DUSTBIN 25LT SLIM PEDAL M-1054",129,"HOUSEWARE & KITCHENWARE","HOME HYGIENE",DUSTBINS,3,3,0,0,Upload_U,
103966,"SPOON 2PCS W1FORK SET BABY SS SC138",6.9,"HOUSEWARE & KITCHENWARE","CUTLERY ITEMS","SPOONS FORKS KNIFE AND CUTLERY SET",1,1,0,0,Upload_U,
103969,"8PM HONEY WHISKY 750ML 12",104.99,SUPERMARKET,"BEVERAGES ALCOHOLIC",WHISKEY,10,10,0,0,Upload_U,
104836,"MCVITIES ALL BUTTER SHORTBREAD 40GM  48",11.99,SUPERMARKET,"FOOD CUPBOARD",BISCUITS,42,42,0,0,Upload_U,
104978,"ROMAR SOFTENER CONC. RELAX 2L  6",81.99,SUPERMARKET,"HOME AND PERSONAL CARE","LAUNDRY CARE",1,1,0,0,Upload_U,
105233,"HOMEFOODS TROPISOUP PALM CREAM SUOP 800G 12",71.99,SUPERMARKET,"FOOD CUPBOARD","CANNED FOOD",2,2,0,0,Upload_U,
104520,"FRUTAIL CRANBERRY DRINK 1L  12",37.99,SUPERMARKET,BEVERAGES,JUICE,14,14,0,0,Upload_U,
104543,"FONTISSUE TOILET TISSUE 48 ROLLS  1",174.99,SUPERMARKET,"HOME AND PERSONAL CARE",DISPOSABLE,1,1,0,0,Upload_U,
105645,"DEEP PLATE 8INCHES PLASTIC AB3 SSPD YWU",4.9,"HOUSEWARE & KITCHENWARE",SERVEWARE,"SERVING TRAYS",11,11,0,0,Upload_U,
106789,"KELLOGGS CORNFLAKES 450G  10 NGR",71.99,SUPERMARKET,"FOOD CUPBOARD","BREAKFAST CEREALS",9,9,0,0,Upload_U,
106990,"AQUALIS LUXURY BATH SOAP APRICOT 460G   16",27.99,SUPERMARKET,"HOME AND PERSONAL CARE","PERSONAL WASH",1,1,0,0,Upload_U,
107987,"AKAI CEILING FAN 36"" EF105A-3658BG",349,"ELECTRICAL APPLIANCES",FAN,"CEILING FAN",5,5,0,0,Upload_U,
108134,"CURTAIN 52X84  W/8GROMMET J2020825",139,"HOME DECOR & TEXTILES",CURTAINS,"GROMMET CURTAINS",24,24,0,0,Upload_U,
117242,"DOMS REFILO PERMANENT MARKER PEN 12PCS BLACK 7414",79,STATIONERY,"GENERAL STATIONERY","   WRITING SUPPLIES",2,2,0,0,Upload_U,
117468,"XMAS DECOR BALL 4CM JHY-2106530",22.9,"HOME DECOR & TEXTILES","XMAS SEASONAL","xmas season",17,17,0,0,Upload_U,
118595,"PALMOLIVE SHOWER GEL COCONUT MILK 500ML  12",41.99,SUPERMARKET,"HOME AND PERSONAL CARE","PERSONAL WASH",2,2,0,0,Upload_U,
115949,"BINE ANTIBACTERIAL SOAP 500ML 20",15.99,SUPERMARKET,"HOME AND PERSONAL CARE","PERSONAL WASH",10,10,0,0,Upload_U,
115429,"MRS BECTORS WHEELEZZ MILK SHORT CAKE 40G  72",2.49,SUPERMARKET,"FOOD CUPBOARD",BISCUITS,7,7,0,0,Upload_U,
118150,"RACK 3LAYER KITCHEN PLASTIC 01040000",99,"HOUSEWARE & KITCHENWARE",KITCHENWARE,"RACKS AND HOLDERS",2,2,0,0,Upload_U,
116480,"NANA MILK PLAIN YOGHURT 500G  1",23.99,SUPERMARKET,"FRESH DAIRY AND EGGS",Yoghurt,2,2,0,0,Upload_U,
118282,"FARAGELLO GOLD APPLE NECTAR  BOTTLE 250ML  24",11.99,SUPERMARKET,BEVERAGES,JUICE,10,10,0,0,Upload_U,
114542,"PAPER TOWEL HOLDER PLASTIC BG-327",9.9,"HOUSEWARE & KITCHENWARE",BATHROOM,"BATHROOM SHELF RACKS HOLDERS",10,10,0,0,Upload_U,
109732,"SIEVE RIM 200X200X70MM SS SSV010 RJK",14.9,"HOUSEWARE & KITCHENWARE",KITCHENWARE,"KITCHEN ACCESSORIES",9,15,6,89.4,2,
109766,"AMERICAN GOURMET BICARBONATE SODA 100G 48",13.99,SUPERMARKET,"FOOD CUPBOARD","BAKING INGREDIENTS",48,25,-23,-321.77,5,
113210,"BROOM WHANDLE BLUE PLASTIC BT168215",19.9,"HOUSEWARE & KITCHENWARE","HOME HYGIENE","BROOM BRUSHES DUSTPANS",9,25,16,318.4,Upload_U,
113215,"BROOM W/HANDLE BLUE PINK PLASTIC 1692E",19.9,"HOUSEWARE & KITCHENWARE","HOME HYGIENE","BROOM BRUSHES DUSTPANS",2,32,30,597,Upload_U,
110144,"BLUE BAND SPREAD FOR  BREAD 12G 10 X 25",9.49,SUPERMARKET,"FOOD CUPBOARD","SPREADS AND TOPPING",32,54,22,208.78,Upload_U,
110145,"BOWL 3000ML PLASTIC ELITE-4 P 556",14.9,"HOUSEWARE & KITCHENWARE",DINNERWARE,BOWLS,45,64,19,283.1,Upload_U,
113786,"MC BERRY LONDON SHORTBREAD BISCUIT 80G 36",6.29,SUPERMARKET,"FOOD CUPBOARD",BISCUITS,4,12,8,50.32,Upload_U,
113811,"MCBERRY DEXTERS 3+2 BUTTER CREAM CRACKERS 30G  48",1.39,SUPERMARKET,"FOOD CUPBOARD",BISCUITS,34,54,20,27.8,Upload_U,
108989,"PLATINUM JASMINE VIETNAMESE RICE 4.5KG  5",84.99,SUPERMARKET,"FOOD CUPBOARD","RAW RICE",9,667,658,55923.42,Upload_U,
112343,"OCEAN FRIDGE DD 216L SILVER OC 272 TZS A+",5979,"ELECTRICAL APPLIANCES",REFRIGERATOR,"DD TMF REFRIGERATOR",1,776,775,4633725,Upload_U,
114160,"GETTOL ANTISEPTIC CLASSIC 500ML  24",33.99,SUPERMARKET,"HOME AND PERSONAL CARE","HEALTH AND WELLNESS",44,98,54,1835.46,Upload_U,
112543,"SLOTTED LADLE S SSNYLON LX165599B YWU",9.9,"HOUSEWARE & KITCHENWARE","KITCHEN TOOLS AND CULTARY","COOKING TOOL LADLES AND SERVERS",36,97,61,603.9,Upload_U,
114229,"BLING ANTISEPTIC PLUS 500ML  24",25.49,SUPERMARKET,"HOME AND PERSONAL CARE","HEALTH AND WELLNESS",6,987,981,25005.69,Upload_U,
124060,"FOOTBALL KIDS SIZE-2 MIX DESIGN",32.9,"TOYS AND ENTERTAINMENT","SPORTS AND GAMES","FOOT BALL",1,0,-1,-32.9,,
124079,"WIPER WINDOW PAREX PLASTIC 1909966",12.9,"HOUSEWARE & KITCHENWARE","HOME HYGIENE","MOPPING AND WIPING",3,0,-3,-38.7,,
125264,"ROMAR FABRIC SOFTENER CONC. SPA  2L  6",84.99,SUPERMARKET,"HOME AND PERSONAL CARE","LAUNDRY CARE",2,0,-2,-169.98,,
125273,"AIRPRO HANGING BOTTLE AFRESHNER C.AVENTUS 10ML 12",35.99,SUPERMARKET,"HOME AND PERSONAL CARE",FRESHENERS,11,0,-11,-395.89,,
125281,"DZIRE TV BRACKET 26""-55""  TB2655F-9212S",65,"ELECTRONICS & TELECOM","VIDEO ACCESSORIES","TV BRACKET AND ACCESSORIES",7,0,-7,-455,,
125292,"AIRPRO AEROSOL VANILLA  300ML  24",28.99,SUPERMARKET,"HOME AND PERSONAL CARE",FRESHENERS,29,0,-29,-840.71,,
124125,"SPONGE NAIL SAVER 2PCS SET 2107971",9.9,"HOUSEWARE & KITCHENWARE","HOME HYGIENE","SPONGE SCRUBBERS AND SCOURERS",2,0,-2,-19.8,,
124141,"SCOURER METALLIC PAREX 3PCS SET 2107568",29.9,"HOUSEWARE & KITCHENWARE","HOME HYGIENE","SPONGE SCRUBBERS AND SCOURERS",20,0,-20,-598,,
124145,"BAKING PAPER 8MT 30CM 2107553",19.9,"HOUSEWARE & KITCHENWARE",BAKEWARE,"BAKING TOOLS AND ACCESSORIES",14,0,-14,-278.6,,
12419,"LACTASOY CHOCOLATE SOYA MILK 500ML 12",24.99,SUPERMARKET,"FOOD CUPBOARD","MILK AND CREAMERS",8,0,-8,-199.92,,
123176,"OCEAN BEER MUG SET 2PCS 355ML MUNICH 0003",59,"HOUSEWARE & KITCHENWARE",GLASSWARE,"BEER MUGS AND BEER GLASS",6,0,-6,-354,,
122732,"UNIMAX TRIO BALLPEN BLACK 1.0MM FBTIOBK29",3.99,STATIONERY,"GENERAL STATIONERY","   WRITING SUPPLIES",42,0,-42,-167.58,,
122735,"UNIMAX TRIO DC BALLPEN BLUE 1.0MM FBTDCBL53",3.99,STATIONERY,"GENERAL STATIONERY","   WRITING SUPPLIES",28,0,-28,-111.72,,
119479,"WESTINGHOUSE DISH RACK WCKM0084",319,"HOUSEWARE & KITCHENWARE",KITCHENWARE,"DISH RACKS",4,0,-4,-1276,,
119595,"FARAGELLO GOLD COCKTAIL GLASS BOTTLE 250ML  24",11.99,SUPERMARKET,BEVERAGES,JUICE,10,0,-10,-119.9,,
120209,"FRIDGE BOTTLE 550ML PLASTIC 2675",9.9,"HOUSEWARE & KITCHENWARE","FLASK AND BOTTLES",BOTTLE,2,0,-2,-19.8,,
119332,"COLGATE TOOTHBRUSH DOUBLE ACTION CHARCOAL 120",10.99,SUPERMARKET,"HOME AND PERSONAL CARE","ORAL CARE",-2,0,2,21.98,,
131082,"ROMAR REFILL AUTOM AIR FRESH LOVE DCL 250ML  6",48.99,SUPERMARKET,"HOME AND PERSONAL CARE",FRESHENERS,1,0,-1,-48.99,,
132350,"PRAN ALOE VERA DRINK ORIGINAL 500ML 24",14.99,SUPERMARKET,BEVERAGES,JUICE,23,0,-23,-344.77,,
131467,"OBA EVAPORATED MILK 160G 48",8.29,SUPERMARKET,"FOOD CUPBOARD","MILK AND CREAMERS",3,0,-3,-24.87,,
130501,"TOREN WAFERS CARRE HAZELNUT CREAM WAFER 125G 24",22.99,SUPERMARKET,"FOOD CUPBOARD",BISCUITS,8,0,-8,-183.92,,
133029,"CHOPPING BOARD 30X40X18CM BAMBOO YWU",79,"HOUSEWARE & KITCHENWARE","KNIFE AND CHOPPING BOARD","CHOPPING BOARDS AND CHOPPERS",6,0,-6,-474,,
130793,"TOREN LEMON DEEP FLAV CRISPY WAF 55G 144",6.29,SUPERMARKET,"FOOD CUPBOARD",BISCUITS,32,0,-32,-201.28,,
130918,"COLGATE TOOTHBRUSH DOUBLE ACTION CHARCOAL VP  72",15.99,SUPERMARKET,"HOME AND PERSONAL CARE","ORAL CARE",64,0,-64,-1023.36,,
128588,"BULLET DART GUN TOY MT530152",109,"TOYS AND ENTERTAINMENT","ROLE PLAY AND PRETEND TOYS","SPY GEAR AND GADGETS",2,0,-2,-218,,
129601,"OPENER WFRIDGE MAGNET 6X155X12 YWU",4.9,"HOUSEWARE & KITCHENWARE","CUTLERY ITEMS",OPENERS,16,0,-16,-78.4,,
126193,"ZOFLORA COUNTRY GARDEN 120ML  12",45.99,SUPERMARKET,"HOME AND PERSONAL CARE","HOUSEHOLD CLEANERS",11,0,-11,-505.89,,
126204,"AIRPRO HANGING BOTTLE A/FRESHNER ARMANI SI 10ML 12",35.99,SUPERMARKET,"HOME AND PERSONAL CARE",FRESHENERS,12,0,-12,-431.88,,
126205,"AIRPRO HANGING BOTTLE AFRESHNER D OFF COOL 10ML 12",35.99,SUPERMARKET,"HOME AND PERSONAL CARE",FRESHENERS,10,0,-10,-359.9,,
126208,"AIRPRO  AIRFRESHENER GEL PINA COLADA 128G 24",24.99,SUPERMARKET,"HOME AND PERSONAL CARE",FRESHENERS,27,0,-27,-674.73,,
126214,"AIRPRO MINI CLIP AIRREFRSHENER  NEW CAR  2.5ML 6",20.49,SUPERMARKET,"HOME AND PERSONAL CARE",FRESHENERS,3,0,-3,-61.47,,
126216,"AIRPRO MINI CLIP A/FRSHENER CRISP LINEN 2.5ML  6",20.49,SUPERMARKET,"HOME AND PERSONAL CARE",FRESHENERS,6,0,-6,-122.94,,
125306,"AIRPRO A/FRESHNER ORGANIC CAN  COFFEE  42G  24",39.99,SUPERMARKET,"HOME AND PERSONAL CARE",FRESHENERS,20,0,-20,-799.8,,
126229,"AIRPRO AIRREFRSHENER UFO MEMBRANE S/BERRY 6.5ML 24",29.99,SUPERMARKET,"HOME AND PERSONAL CARE",FRESHENERS,1,0,-1,-29.99,,
127555,"DZIRE WASHING MACHINE TT 7.2 KG WMTT72-8006S",2639,"ELECTRICAL APPLIANCES","WASHING MACHINE","TWIN TUB WM",1,0,-1,-2639,,
127740,"PAPER CUP DOLLIES MIX COLOUR 1000PCS 8CM YWU",9.9,"HOUSEWARE & KITCHENWARE",BAKEWARE,MOULDS,12,0,-12,-118.8,,
125630,"PLATE EMBOSSED PORCELAIN 8 38832 RJK",12.9,"HOUSEWARE & KITCHENWARE",DINNERWARE,PLATE,57,0,-57,-735.3,,
128939,"TAPE DOUBLE SIDED FOAM (24X5) 172541",39,STATIONERY,"PACKAGING AND MAILING","   TAPES AND DISPENSERS",5,0,-5,-195,,
129298,"STRAINER COLLAPSIBLE STALKED L00572",9.9,"HOUSEWARE & KITCHENWARE","KITCHEN TOOLS AND CULTARY","STRAINER AND FILTERS",21,0,-21,-207.9,,
138924,"GEISHA COCONUT MILK  HONEY V1 180G   36",15.49,SUPERMARKET,"HOME AND PERSONAL CARE","PERSONAL WASH",37,0,-37,-573.13,,
141389,"SHAKER COCKTAIL RECIPE 600ML 13001-R",49.9,"HOUSEWARE & KITCHENWARE",KITCHENWARE,"BAR TOOLS AND ACCESSORIES",11,0,-11,-548.9,,
141431,"PAN SPOON PIPE HANDLE 9  59051",9.9,"HOUSEWARE & KITCHENWARE","KITCHEN TOOLS AND CULTARY","COOKING TOOL LADLES AND SERVERS",15,0,-15,-148.5,,
139250,"PARIN NECTAR NATURAL HONNEY 50G 24",16.99,SUPERMARKET,"FOOD CUPBOARD","HONEY  JAM AND MARMALADE",2,0,-2,-33.98,,
139265,"FLAMINGO EXTRA KLEEN VIRGIN TROLL 1X10 7",46.99,SUPERMARKET,"HOME AND PERSONAL CARE",DISPOSABLE,8,0,-8,-375.92,,
138235,"ROSSWOOD PREM ROASTED CASHEW NUTS SPICED 168G  24",60.99,SUPERMARKET,"FOOD CUPBOARD",SNACKS,7,0,-7,-426.93,,
138364,"DALGETY GOOD NIGHT SLEEP 40G  36",59.99,SUPERMARKET,BEVERAGES,TEA,35,0,-35,-2099.65,,
138571,"PILLOW DONA BALL FIBRE",72.9,"HOME DECOR & TEXTILES",PILLOWS,PILLOWS,-1,0,1,72.9,,
139701,"MCBERRY PURE DELIGHT VANILLA CAKE SLICES 27G 144",2.99,SUPERMARKET,"FOOD CUPBOARD",SNACKS,12,0,-12,-35.88,,
138806,"BUMBLE BABY WET WIPES 100 PCS LA BELLA  12",26.99,SUPERMARKET,"HOME AND PERSONAL CARE","INFANT AND BABY CARE",6,0,-6,-161.94,,
137492,"BUMBLE BABY WET WIPES 100 PCS ROSE DREAM  12",26.99,SUPERMARKET,"HOME AND PERSONAL CARE","INFANT AND BABY CARE",12,0,-12,-323.88,,
133981,"BACKPACK PVC 29CM KL11462",49,STATIONERY,"SCHOOL AND CHILDREN STATIONERY",BACKPACKS,45,0,-45,-2205,,
134328,"FRESHDAYS LONG SCENTED 24 X 12",34.99,SUPERMARKET,"HOME AND PERSONAL CARE","FEMININE CARE",4,0,-4,-139.96,,
135328,"MADAR POWDER BUCKET 1KG 6",52.99,SUPERMARKET,"HOME AND PERSONAL CARE","LAUNDRY CARE",6,0,-6,-317.94,,
136951,"DISH RACK 47.5X28X6CM SK-47",19.9,"HOUSEWARE & KITCHENWARE",KITCHENWARE,"DISH RACKS",2,0,-2,-39.8,,
135389,"AKAI MICROWAVE OVEN 20L MW075A-020MS",999,"ELECTRICAL APPLIANCES",MICROWAVE,"SOLO MICROWAVE",1,0,-1,-999,,
137272,"TOREN-TOREN WAFERS HAZELNUT D FLAVOUR C W 55G 144",6.29,SUPERMARKET,"FOOD CUPBOARD",CONFECTIONERY,52,0,-52,-327.08,,
149365,"MONT NATURAL MINERAL WATER 330ML 20",1.65,SUPERMARKET,BEVERAGES,"MINERAL WATER",158,0,-158,-260.7,,
148383,"LAUNDRY BASKET WSHELF SET IRON 3TIER F10014 RJK",469,"HOUSEWARE & KITCHENWARE",LAUNDARY,"LAUNDARY BASKET",1,0,-1,-469,,
148419,"CUP AND SAUCER WSPOON CERAMIC MR RIGHT YWU HK1176",32.9,"HOUSEWARE & KITCHENWARE",DINNERWARE,"TEA AND COFFEE SETS",18,0,-18,-592.2,,
148439,"DESSERT PLATE 8INCHES CERAMIC GGK YWU",29.9,"HOUSEWARE & KITCHENWARE",DINNERWARE,PLATE,20,0,-20,-598,,
148623,"HOOKS 5UNITS OVER THE DOOR SSTEEL YWU",26.9,"HOUSEWARE & KITCHENWARE",LAUNDARY,HOOKS,13,0,-13,-349.7,,
149726,"SKIMMER BLACK ILC ICC777KA0128 RJK",24.9,"HOUSEWARE & KITCHENWARE","KITCHEN TOOLS AND CULTARY","COOKING TOOL LADLES AND SERVERS",3,0,-3,-74.7,,
149768,"BAKING SPOON SILICONE ILB BD600KA0423 RJK",29.9,"HOUSEWARE & KITCHENWARE","KITCHEN TOOLS AND CULTARY",SPATULA,8,0,-8,-239.2,,
148797,"CAKE TOPPER HAPPY BIRTHDAY GOLD MIX DESIGN",4.9,"TOYS AND ENTERTAINMENT","PARTY SUPPLIES","CELEBRATION DECOR AND ACCESSORIES",21,0,-21,-102.9,,
148827,"LUNCH SET 2PCS PLASTIC KIDS BTS YWU",59,"HOUSEWARE & KITCHENWARE","STORAGE AND ORGANIZER","LUNCH BOXES TIFFINS AND FOOD FLASK",2,0,-2,-118,,
14721,"EASY MOUZOO COCKTAIL JUICE GLASS BOTTLE  1L  6",32.99,SUPERMARKET,BEVERAGES,JUICE,4,0,-4,-131.96,,
146119,"WATER BOTTLE 720ML PLASTIC SPORTS STAMINA161513001",19.9,"HOUSEWARE & KITCHENWARE","FLASK AND BOTTLES",BOTTLE,3,0,-3,-59.7,,
144983,"MUG EMBOSSED AVIOS 1213OZ EMBC1213 RJK",4.9,"HOUSEWARE & KITCHENWARE",DINNERWARE,MUGS,118,0,-118,-578.2,,
156626,"TOOTH PICK 300PCS BAMBOO YWU",5.9,"HOUSEWARE & KITCHENWARE","HOUSE HOLD PRODUCTS","HOUSE HOLD",19,0,-19,-112.1,,
156711,"TRIVET 20CM IRON YWU",12.9,"HOUSEWARE & KITCHENWARE",KITCHENWARE,"KITCHEN ACCESSORIES",11,0,-11,-141.9,,
156042,"COOKWARE SET 5PCS PALU BLACK CHN B472S544",899,"HOUSEWARE & KITCHENWARE",COOKWARE,"COOKWARE SET",1,0,-1,-899,,
154900,"WATER BOTTLE 600ML PLASTIC INSULATED PURO ICETRON",9.9,"HOUSEWARE & KITCHENWARE","FLASK AND BOTTLES",BOTTLE,2,0,-2,-19.8,,
156275,"MOLINERA  SUGARFREE APPLE JUICE 1L  12",31.49,SUPERMARKET,BEVERAGES,JUICE,9,0,-9,-283.41,,
150394,"AKAI FRIDGE SD 89L SILVER RF125AC-89L",1899,"ELECTRICAL APPLIANCES",REFRIGERATOR,"SD REFRIGERATOR",1,0,-1,-1899,,
153045,"ENERGIZER BATTERY MAX AAABP8",115,"ELECTRICAL APPLIANCES",BATTERIES,BATTERY,10,0,-10,-1150,,
153207,"SERVING BOWL MELAMINE 10 INCHES FEILU 5010",19.9,"HOUSEWARE & KITCHENWARE","MELAMINE WARE","MEL BOWL/BOWL+COVER",14,0,-14,-278.6,,
150593,"LINC PENTONIC BALL PEN AST 50 PC IN DISPENSR 0.7MM",3.9,STATIONERY,"GENERAL STATIONERY","   WRITING SUPPLIES",84,0,-84,-327.6,,
153261,"LAV TUMBLER 6PCS LV-ARA209F",9.9,"HOUSEWARE & KITCHENWARE",GLASSWARE,"GLASS / TUMBLER /WINE / CHAMPAGNE",2,0,-2,-19.8,,
164028,"JOLLY BASKET -MEDIUM  PLASTIC 50361",16.9,"HOUSEWARE & KITCHENWARE","STORAGE AND ORGANIZER",BASKET,19,0,-19,-321.1,,
164127,"BATHROOM 5PCS SET BLACKSTORY PLASTIC 162240-010",199,"HOUSEWARE & KITCHENWARE",BATHROOM,"BATH SETS /BATHROOM SETS",1,0,-1,-199,,
164221,"MOLINERA RED GRAPE BOTTLE JUICE 1L   6",47.99,SUPERMARKET,BEVERAGES,JUICE,5,0,-5,-239.95,,
163165,"MCVITIES DIGESTIVE 52G  24",4.99,SUPERMARKET,"FOOD CUPBOARD",BISCUITS,24,0,-24,-119.76,,
164615,"KITCHEN ORGAZINER RACK METAL 128",39.9,"HOUSEWARE & KITCHENWARE","STORAGE AND ORGANIZER","RACK SHELF DRAWERS ORGANIZERS",12,0,-12,-478.8,,
162705,"DINNER PLATE MELAMINE 10 INCHES FEILU 226102",9.9,"HOUSEWARE & KITCHENWARE","MELAMINE WARE","MEL PLATE",116,0,-116,-1148.4,,
163446,"TERRY HAND TOWEL SET 2PCS BEDNBATH TRY 2095",55,"HOME DECOR & TEXTILES","HOME FURNISHING","BATH LINEN",1,0,-1,-55,,
159061,"TOILET BRUSH PP M1590 RJK",39.9,"HOUSEWARE & KITCHENWARE","HOME HYGIENE","TOILET BRUSHES",1,0,-1,-39.9,,
159062,"TOILET BRUSH PP M1600 RJK",39.9,"HOUSEWARE & KITCHENWARE","HOME HYGIENE","TOILET BRUSHES",13,0,-13,-518.7,,
158496,"X NATURAL MINERAL WATER 350ML 12",2.29,SUPERMARKET,BEVERAGES,"MINERAL WATER",61,0,-61,-139.69,,
161582,"DZIRE CEILING FAN 56"" DARK BROWN CF 56 B-HOB",379,"ELECTRICAL APPLIANCES",FAN,"CEILING FAN",4,0,-4,-1516,,
159711,"MUNCHEE MILK SHORT CAKE BISCUITS 35G  72",1.99,SUPERMARKET,"FOOD CUPBOARD",BISCUITS,7,0,-7,-13.93,,
15886,"BINE MULTI PURPOSE LIQUID SOAP 1L  12",18.99,SUPERMARKET,"HOME AND PERSONAL CARE","HOUSEHOLD CLEANERS",3,0,-3,-56.97,,
159743,"MUNCHEE MSC STRAWBERRY MILK BISCUITS 45G 48",3.29,SUPERMARKET,"FOOD CUPBOARD",BISCUITS,46,0,-46,-151.34,,
159758,"MUNCHEE GINGER BISCUITS 35G  72",2.69,SUPERMARKET,"FOOD CUPBOARD",BISCUITS,32,0,-32,-86.08,,
161836,"MCBERRY LAYERS CHOCOLATE COATED CAKE 30G  144",2.29,SUPERMARKET,"FOOD CUPBOARD",SNACKS,46,0,-46,-105.34,,
161919,"JAR W/RING LID LARGE 1000ML GLASS C-00116",22.9,"HOUSEWARE & KITCHENWARE",SERVEWARE,"SERVING JUGS",1,0,-1,-22.9,,
161073,"AKAI CHEST FREEZER SD 145L CF046AC-145W",2849,"ELECTRICAL APPLIANCES",FREEZER,"SINGLE DOOR FREEZER",1,0,-1,-2849,,
173746,"KIVO GINGER GARLIC & ONION POWDER 25G 120",5.99,SUPERMARKET,"FOOD CUPBOARD","SPICES AND HERBS",51,0,-51,-305.49,,
170275,"KIDS WATER GUN TOY 30CM",36.99,"TOYS AND ENTERTAINMENT","BACKYARD PLAY","SWIMMING AND POOL ACCESSORIES",6,0,-6,-221.94,,
168972,"TIME WAFER MASTER GOFRETTE VANILLA 20G  288",2.99,SUPERMARKET,"FOOD CUPBOARD",BISCUITS,-2,0,2,5.98,,
172892,"TAMPICO GRAPE PUNCH  JUICE 500ML 12",7.99,SUPERMARKET,BEVERAGES,JUICE,5,0,-5,-39.95,,
172893,"TAMPICO APPLE PUNCH  JUICE 500ML 12",7.99,SUPERMARKET,BEVERAGES,JUICE,2,0,-2,-15.98,,
169950,"KEL 360 TOOTHPASTE 150G  48",22.49,SUPERMARKET,"HOME AND PERSONAL CARE","ORAL CARE",44,0,-44,-989.56,,
169952,"TRUESMILE TOOTHPASTE & BRUSH CHARCOAL 100ML  12",25.99,SUPERMARKET,"HOME AND PERSONAL CARE","ORAL CARE",11,0,-11,-285.89,,
169248,"BROOM WSTICK IDEAL GBB175",24.9,"HOUSEWARE & KITCHENWARE","HOME HYGIENE","BROOM BRUSHES DUSTPANS",8,0,-8,-199.2,,
173708,"KIVO ZERO NUTS GARI SOAKINGMIX 125G 40",4.99,SUPERMARKET,"FOOD CUPBOARD",SNACKS,7,0,-7,-34.93,,
167239,"COWBELL MILK PWDER VITARICH SACHET 23G  120",3.99,SUPERMARKET,"FOOD CUPBOARD","MILK AND CREAMERS",138,0,-138,-550.62,,
16829,"NIVEA LOTION SMOOTH SENSATION  400ML 12(88144)",124.99,SUPERMARKET,"HOME AND PERSONAL CARE","SKIN CARE",8,0,-8,-999.92,,
166545,"WATER BOTTLE 1380ML PLASTIC PNP3315",9.9,"HOUSEWARE & KITCHENWARE","FLASK AND BOTTLES",BOTTLE,21,0,-21,-207.9,,
166546,"WATER BOTTLE 1370ML PLASTIC PNP3316TH7",9.9,"HOUSEWARE & KITCHENWARE","FLASK AND BOTTLES",BOTTLE,20,0,-20,-198,,
166547,"WATER BOTTLE SET 2PCS PLASTIC PNP35022X2P2",9.9,"HOUSEWARE & KITCHENWARE","FLASK AND BOTTLES",BOTTLE,6,0,-6,-59.4,,
167358,"GOMETS YOGHURT ASSORT. JELLY ROLLS 12X30 32G",3.49,SUPERMARKET,"FOOD CUPBOARD",CONFECTIONERY,20,0,-20,-69.8,,
168361,"MUG SET 4PCS SEE5S019ZH2305220 RJK",24.9,"HOUSEWARE & KITCHENWARE",DINNERWARE,MUGS,5,0,-5,-124.5,,
165732,"CELLO TAPE PLAIN 48MIC 4.5CMX160M",17.9,STATIONERY,"PACKAGING AND MAILING","   TAPES AND DISPENSERS",19,0,-19,-340.1,,
166741,"PLAY WITH DOTS",9.99,STATIONERY,"CHILDREN BOOKS AND GEN REF","BOOKS AND LEARNINGS",12,0,-12,-119.88,,
167657,"MUG 350 ML CERAMIC DESINGER YWU",4.9,"HOUSEWARE & KITCHENWARE",DINNERWARE,MUGS,10,0,-10,-49,,
168606,"BOWL SET 3PCS W/LID UR-3415",16.9,"HOUSEWARE & KITCHENWARE",DINNERWARE,BOWLS,21,0,-21,-354.9,,
167851,"BROOM PLASTIC WWOODEN HANDLE H013 RJK",19.9,"HOUSEWARE & KITCHENWARE","HOME HYGIENE","BROOM BRUSHES DUSTPANS",2,0,-2,-39.8,,
179574,"DIY HAIRBALL PICTURE CRAFT 30X30CM W/STAND ASST DE",49,STATIONERY,"SCHOOL AND CHILDREN STATIONERY","ART AND HOBBY SETS",10,0,-10,-490,,
177954,"COPY COLOURING BOOK SERIES TRANS/TOYS 16PG 22X28CM",8.9,STATIONERY,"CHILDREN BOOKS AND GEN REF","BOOKS AND LEARNINGS",27,0,-27,-240.3,,
179037,"MOTOCYCLE DIE CAST TOYS ASST DESIGN OPP YW",59,"TOYS AND ENTERTAINMENT","TOYS CARS TRAINS AND VEHICLES","FRICTION TOYS",11,0,-11,-649,,
179131,"ANIMAL HOPPERS TOYS ASSORTED DESIGN 1300G YW",119,"TOYS AND ENTERTAINMENT","ROLE PLAY AND PRETEND TOYS","ANIMAL TOYS",3,0,-3,-357,,
177630,"DAPHNIS ELBOWS 40*250GM  40",4.99,SUPERMARKET,"FOOD CUPBOARD","PASTA AND SPAGHETTI",36,0,-36,-179.64,,
178552,"FLORA ALUMINIUM FOIL 25FT  24",15.99,SUPERMARKET,"HOME AND PERSONAL CARE",DISPOSABLE,24,0,-24,-383.76,,
174979,"NERO COLA CARBONATED PET DRINK 350ML 20",3.19,SUPERMARKET,BEVERAGES,DRINKS,8,0,-8,-25.52,,
175387,"MUNCHEE MORNING DELIGHT CREAL BISCUIT 22G  72",1.49,SUPERMARKET,"FOOD CUPBOARD",BISCUITS,52,0,-52,-77.48,,
175391,"MUNCHEE BANANA CRUNCH BISCUIT 26G  72",1.39,SUPERMARKET,"FOOD CUPBOARD",BISCUITS,12,0,-12,-16.68,,
184604,"FUFU BOWL 8"" CERAMIC STKLT SK03 RJK",24.9,"HOUSEWARE & KITCHENWARE",DINNERWARE,BOWLS,19,0,-19,-473.1,,
184610,"FUFU BOWL 8"" CERAMIC STKLT SK09 RJK",12.9,"HOUSEWARE & KITCHENWARE",DINNERWARE,BOWLS,46,0,-46,-593.4,,
183265,"BEER MUG 6PCS SET 550ML DOMINGO PJ 511901 RJK",99,"HOUSEWARE & KITCHENWARE",GLASSWARE,"BEER MUGS AND BEER GLASS",5,0,-5,-495,,
183268,"BEER GLASS 6PCS SET 390ML WILLY BW 4514 RJK",49.9,"HOUSEWARE & KITCHENWARE",GLASSWARE,"BEER MUGS AND BEER GLASS",8,0,-8,-399.2,,
183271,"TUMBLER 6PCS SET 330ML PICCA PJ 19212 RJK",49.9,"HOUSEWARE & KITCHENWARE",GLASSWARE,"GLASS / TUMBLER /WINE / CHAMPAGNE",4,0,-4,-199.6,,
183274,"ICECREAM CUP 6PC SET 200ML GELATO PJ 027 RJK",49.9,"HOUSEWARE & KITCHENWARE",GLASSWARE,"ICE-CREAM CUPS AND BOWL /DESSERT SET",2,0,-2,-99.8,,
18342,"LONG MOUNTAIN SAUVIGNON BLANC WINE 75CL 6",65.99,SUPERMARKET,"BEVERAGES ALCOHOLIC",WINES,4,0,-4,-263.96,,
184111,"CERAMIC MUG EMBOSSED 330ML EBCM5330 RJK",9.9,"HOUSEWARE & KITCHENWARE",DINNERWARE,MUGS,11,0,-11,-108.9,,
18347,"LONG MOUNTAIN CABERNET SAUVIGNON RED WINE 75CL 6",69.99,SUPERMARKET,"BEVERAGES ALCOHOLIC",WINES,7,0,-7,-489.93,,
183505,"CUP MELAMINE ZHN 2360",9.9,"HOUSEWARE & KITCHENWARE","MELAMINE WARE","MEL MUGS AND CUPS",17,0,-17,-168.3,,
184369,"NERO PRIME WATER 500ML  15",1.89,SUPERMARKET,BEVERAGES,"MINERAL WATER",30,0,-30,-56.7,,
183593,"CERAMIC COUPE DINNER PLATE 105 25FDL001 RJK",22.9,"HOUSEWARE & KITCHENWARE",DINNERWARE,PLATE,23,0,-23,-526.7,,
183607,"CERAMIC DINNER PLATE 9 FLW9INCH RJK",19.9,"HOUSEWARE & KITCHENWARE",DINNERWARE,PLATE,12,0,-12,-238.8,,
184486,"LAUNDRY BASKET PLASTIC HL0042C  36",9.9,"HOUSEWARE & KITCHENWARE",LAUNDARY,"LAUNDARY BASKET",15,0,-15,-148.5,,
18373,"PRINCESS COCOA BUTTER CREAM 260ML  4",25.49,SUPERMARKET,"HOME AND PERSONAL CARE","SKIN CARE",6,0,-6,-152.94,,
180688,"DZIRE LIGHT RECHARGEABLE  RL30-823A",119,"ELECTRICAL APPLIANCES",LIGHTING/LAMPS,"TORCH/ LANTERN",12,0,-12,-1428,,
181844,"BANKU PAN WLID 20CM ALUMINUM LDS016",169,"HOUSEWARE & KITCHENWARE",COOKWARE,"POTS AND PAN",4,0,-4,-676,,
180223,"KLEANZ HAND SOAP APPLE ANTIBACTERIAL 500ML 24",22.99,SUPERMARKET,"HOME AND PERSONAL CARE","PERSONAL WASH",17,0,-17,-390.83,,
182106,"FARAGELLO GRAPE NECTAR TETRA PACK 1L 12 (BLUE)",24.99,SUPERMARKET,BEVERAGES,JUICE,7,0,-7,-174.93,,
18819,"STELLA ARTOIS LAGER BEER BOTTLE  330ML  24",24.99,SUPERMARKET,"BEVERAGES ALCOHOLIC","BOTTLE BEER",9,0,-9,-224.91,,
189502,"3PC COMFORTER SET QUEEN 86""X86"" MF ASST 03-CO-0476",279,"HOME DECOR & TEXTILES","BLANKETS QUILTS COMFORTERS AND BEDCOVERS",COMFORTERS,4,0,-4,-1116,,
189503,"3PC COMFORTER SET KING 102""X86"" MF ASST 03-CO-0477",329,"HOME DECOR & TEXTILES","BLANKETS QUILTS COMFORTERS AND BEDCOVERS",COMFORTERS,3,0,-3,-987,,
189566,"KENWOOD STANDING FAN 16"" IFP16.000BK",499,"ELECTRICAL APPLIANCES",FAN,"STANDING FAN",1,0,-1,-499,,
18748,"NESTLE CERELAC BL RICE 50G 10X8  80",6.99,SUPERMARKET,"FOOD CUPBOARD","BREAKFAST CEREALS",111,0,-111,-775.89,,
189702,"FANTA COCKTAIL PET 450ML  12",8.99,SUPERMARKET,BEVERAGES,DRINKS,23,0,-23,-206.77,,
190057,"GLASS JAR 7PCS SET GOLD 1500ML220ML YWU",99,"HOUSEWARE & KITCHENWARE",GLASSWARE,"CANISTERS AND JARS",8,0,-8,-792,,
190077,"DESKTOP FAN RECHARGABLE 3 IN 1",29,"ELECTRICAL APPLIANCES",FAN,"TABLE FAN",19,0,-19,-551,,
188628,"COFFEE TABLE 50X60CM ASRTD",429,FURNITURE,"COFFEE / END / NESTING TABLES","COFFEE TABLES",1,0,-1,-429,,
185378,"4PCS BEDSHEET SET K 270X250CM PRINT ASS 03-BT-1033",159,"HOME DECOR & TEXTILES","BED SHEET","KING SIZE BEDSHEET",18,0,-18,-2862,,
186815,"TRACE AND COLOUR BOOK",10.9,STATIONERY,"CHILDREN BOOKS AND GEN REF","BOOKS AND LEARNINGS",1,0,-1,-10.9,,
186039,"GLASS JUG WCUP 7PCS SET 1680165ML 19127DDE RJK",149,"HOUSEWARE & KITCHENWARE","STORAGE AND ORGANIZER","STORAGE CONTAINERS",6,0,-6,-894,,
187172,"KITCHEN TOOLS 5PCS SET NYLON RJK AG-C973BA1201",129,"HOUSEWARE & KITCHENWARE","KITCHEN TOOLS AND CULTARY","COOKING TOOL SET",8,0,-8,-1032,,
19385,"RAID MULTI PURPOSE INSECT KILLER 500ML 12",59.99,SUPERMARKET,"HOME AND PERSONAL CARE","INSECTICIDES AND RODENT CONTROL",10,0,-10,-599.9,,
195595,"FOOD COVER METAL  6050-30",14.9,"HOUSEWARE & KITCHENWARE",KITCHENWARE,"KITCHEN ACCESSORIES",29,0,-29,-432.1,,
193005,"BOTTLE OPENER ZHN KB841",5.9,"HOUSEWARE & KITCHENWARE","CUTLERY ITEMS",OPENERS,80,0,-80,-472,,
193007,"CORK OPENER ZHN KB252",19.9,"HOUSEWARE & KITCHENWARE","CUTLERY ITEMS",OPENERS,1,0,-1,-19.9,,
191057,"KIVO 4 IN 1 GARI SOAKING MIX  IN CUP 125G  12",10.99,SUPERMARKET,"FOOD CUPBOARD",FLOURS,12,0,-12,-131.88,,
200343,"AMERICAN CHEF WHITE VINEGAR PET 473ML 24",14.99,SUPERMARKET,"FOOD CUPBOARD",CONDIMENTS,18,0,-18,-269.82,,
200301,"H&H SEASONING (CHICKEN) (12X50) 10G  50",15.99,SUPERMARKET,"FOOD CUPBOARD",CONDIMENTS,49,0,-49,-783.51,,
198520,"CONDOR PEAK CHARDONNAY WINE 750ML 12",79.99,SUPERMARKET,"BEVERAGES ALCOHOLIC",WINES,10,0,-10,-799.9,,
198904,"SLEMFIT MINERAL WATER 500ML 16",1.69,SUPERMARKET,BEVERAGES,"MINERAL WATER",16,0,-16,-27.04,,
198393,"ENA PA MAYONNAISE 250ML  12",25.49,SUPERMARKET,"FOOD CUPBOARD","SPREADS AND TOPPING",6,0,-6,-152.94,,
19816,"ENERGIZER BATTERY ALKALINE AA MAX-AA 1X12 BP3-1",59.9,"ELECTRICAL APPLIANCES",BATTERIES,BATTERY,20,0,-20,-1198,,
206551,"CAMPA GOLD BOOST ENERGY DRINK 250ML 24",9.99,SUPERMARKET,BEVERAGES,DRINKS,22,0,-22,-219.78,,
207818,"EXERCISE BOOK NOTE 1 40SHEET 80PAGES",4.49,STATIONERY,"SCHOOL AND CHILDREN STATIONERY","NOTE BOOKS",3,0,-3,-13.47,,
201262,"BABY ANIMALS STORY BOARD BOOK",15.9,STATIONERY,"CHILDREN BOOKS AND GEN REF","BOOKS AND LEARNINGS",10,0,-10,-159,,
202216,"OBA GARI SOAKINGS MIX 4 IN 1 125G  40",3.99,SUPERMARKET,"FOOD CUPBOARD","BREAKFAST CEREALS",22,0,-22,-87.78,,
202509,"MONTY MOON CHIPS CLASSIC  25G  50",2.99,SUPERMARKET,"FOOD CUPBOARD",SAVOURIES,29,0,-29,-86.71,,
59830,"PALMOLIVE SHOWER GEL GMT SPA STRAWBERRY 500ML 12",76.99,SUPERMARKET,"HOME AND PERSONAL CARE","PERSONAL WASH",9,0,-9,-692.91,,
60853,"INKUNIM FOODS NATURAL HONEY 660G 12",84.99,SUPERMARKET,"FOOD CUPBOARD","HONEY  JAM AND MARMALADE",6,0,-6,-509.94,,
65904,"SUNNY GOLD TOM BROWN BOTTLE 1KG 6",70.99,SUPERMARKET,"FOOD CUPBOARD","BREAKFAST CEREALS",5,0,-5,-354.95,,
65905,"SUNNY GOLD WHITE SUGAR STICKS 500G 24",38.99,SUPERMARKET,"FOOD CUPBOARD","SALT  SUGAR AND JAGGERY",24,0,-24,-935.76,,
60932,"BINATONE HOT PLATE DOUBLE ELECTRIC COOKING ECP210",749,"ELECTRICAL APPLIANCES","HOTPLATE  BBQ  GRILL","HOT PLATE",7,0,-7,-5243,,
61187,"WC NET  INTENSE GEL MOUNTAIN FRESH  750ML  12",53.99,SUPERMARKET,"HOME AND PERSONAL CARE","HOUSEHOLD CLEANERS",13,0,-13,-701.87,,
49192,"POMO TOMATO PASTE (PILLOW PACK)  200G 24",10.99,SUPERMARKET,"FOOD CUPBOARD","TOMATO PASTE",33,0,-33,-362.67,,
49334,"DINNER PLATE MELAMINE 11 INCHES ZHN B00211",16.9,"HOUSEWARE & KITCHENWARE","MELAMINE WARE","MEL PLATE",1,0,-1,-16.9,,
49364,"UNOLI SOYABEAN OIL 1L  12",59.49,SUPERMARKET,"FOOD CUPBOARD","EDIBLE OILS AND GHEE",7,0,-7,-416.43,,
49718,"FA ROLL-ON AQUA FRESH 50ML  24",23.99,SUPERMARKET,"HOME AND PERSONAL CARE",FRAGRANCES,10,0,-10,-239.9,,
50880,"CONDOR PEAK NATURALLY SWEET RED WINE 750ML 12",79.99,SUPERMARKET,"BEVERAGES ALCOHOLIC",WINES,9,0,-9,-719.91,,
50882,"KISS CIDER PEAR  500ML  24",23.99,SUPERMARKET,"BEVERAGES ALCOHOLIC",CIDER,12,0,-12,-287.88,,
64004,"NIVEA DEO ROLL ON FRESH NATURAL 50ML  30",37.99,SUPERMARKET,"HOME AND PERSONAL CARE",FRAGRANCES,24,0,-24,-911.76,,
64032,"LEEMEX PLANTAIN FUFU FLOUR 700GMS 24",64.99,SUPERMARKET,"FOOD CUPBOARD",FLOURS,21,0,-21,-1364.79,,
45430,"PEPSODENT HERBAL SALT&MINT 130G  72",18.99,SUPERMARKET,"HOME AND PERSONAL CARE","ORAL CARE",21,0,-21,-398.79,,
51935,"ALUMINIUM FOIL CONTAINER 12PCS 3-SECTION",9.9,"HOUSEWARE & KITCHENWARE",DISPOSABLES,"DISPOSABLE CONTAINERS",9,0,-9,-89.1,,
46746,"PAPILION LIQUID HAND WASH -ALMOND -VANILLA   500ML",21.99,SUPERMARKET,"HOME AND PERSONAL CARE","PERSONAL WASH",5,0,-5,-109.95,,
51989,"SOFTCARE SANITARY PAD A+ 285MM GOLD  (16PCS)  24",23.99,SUPERMARKET,"HOME AND PERSONAL CARE","FEMININE CARE",16,0,-16,-383.84,,
48195,"FLORA GIANT MULTI PURPOSE TOWEL 6",44.99,SUPERMARKET,"HOME AND PERSONAL CARE",DISPOSABLE,5,0,-5,-224.95,,
65359,"MULIK STRAWBERRY MILK DRINK 500ML 18",36.99,SUPERMARKET,BEVERAGES,DRINKS,5,0,-5,-184.95,,
65361,"MULIK VANILLA MILK DRINK 500ML 18",36.99,SUPERMARKET,BEVERAGES,DRINKS,11,0,-11,-406.89,,
22624,"CRATE FOR CLUB LAGER MINI 330ML 21699",18.99,SUPERMARKET,"BEVERAGES ALCOHOLIC","BOTTLE BEER",11,0,-11,-208.89,,
23065,"CUSSONS BABY SOAP (SOFT & SMOOTH) 70G 96",5.99,SUPERMARKET,"HOME AND PERSONAL CARE","INFANT AND BABY CARE",54,0,-54,-323.46,,
30617,"COLGATE HERBAL TOOTHPASTE 140G  72",20.99,SUPERMARKET,"HOME AND PERSONAL CARE","ORAL CARE",74,0,-74,-1553.26,,
24026,"VASELINE PJ BLUE SEAL ORIGINAL 100ML 12",24.99,SUPERMARKET,"HOME AND PERSONAL CARE","SKIN CARE",80,0,-80,-1999.2,,
37659,"DEVA POWER BLEACH  5L 4",95.49,SUPERMARKET,"HOME AND PERSONAL CARE","HOUSEHOLD CLEANERS",9,0,-9,-859.41,,
31691,"AKAI INSECT KILLER 1X6W IK001-1X6W/IK004",189,"ELECTRICAL APPLIANCES",ELECTRICALS,"ELE ACCESSORIES",9,0,-9,-1701,,
32100,"EVERPACK TRASH BAG MEDIUM 25L  12",54.99,SUPERMARKET,"HOME AND PERSONAL CARE",DISPOSABLE,20,0,-20,-1099.8,,
32101,"EVERPACK TRASH BAG LARGE 55L  6",69.99,SUPERMARKET,"HOME AND PERSONAL CARE",DISPOSABLE,-1,0,1,69.99,,
32824,"BANETTI PASTA FUSILLI 500G  20",14.99,SUPERMARKET,"FOOD CUPBOARD","NOODLES AND SOUP",3,0,-3,-44.97,,
39261,"YAZZ  SANITARY PAD MINTY (BLUE)   24",17.99,SUPERMARKET,"HOME AND PERSONAL CARE","FEMININE CARE",32,0,-32,-575.68,,
39477,"PEPSODENT CAVITY FIGHTER TOOTHPASTE 65G  72",9.49,SUPERMARKET,"HOME AND PERSONAL CARE","ORAL CARE",76,0,-76,-721.24,,
26940,"HEINEKEN LAGER BEER BTL 330ML 24",29.99,SUPERMARKET,"BEVERAGES ALCOHOLIC","BOTTLE BEER",27,0,-27,-809.73,,
39953,"PRAN PREMIUM FRUIT COCKTAIL JUICE TETRA PACK 1L 12",22.99,SUPERMARKET,BEVERAGES,JUICE,6,0,-6,-137.94,,
39954,"PRAN MANGO JUICE TETRA PACK 1L  12",22.99,SUPERMARKET,BEVERAGES,JUICE,8,0,-8,-183.92,,
39989,"PRAN APPLE NECTAR JUICE  1L  12",22.99,SUPERMARKET,BEVERAGES,JUICE,7,0,-7,-160.93,,
26948,"VOLTPLUS AVR 1KVA W/110V ASSIST OUTPUT AVR-6012",529,"ELECTRICAL APPLIANCES",ELECTRICALS,AVR/AVS,3,0,-3,-1587,,
26952,"VOLTPLUS AVR 5KVA W/110V ASSIST OUTPUT AVR-6055",1679,"ELECTRICAL APPLIANCES",ELECTRICALS,AVR/AVS,2,0,-2,-3358,,
27129,"TOILET BRUSH WSTAND PLASTIC 303 YWU",9.9,"HOUSEWARE & KITCHENWARE","HOME HYGIENE","TOILET BRUSHES",4,0,-4,-39.6,,
27774,"WC NET BLEACH  MOUNTAIN FRESH 750ML 12",53.99,SUPERMARKET,"HOME AND PERSONAL CARE","HOUSEHOLD CLEANERS",-1,0,1,53.99,,
36024,"VASELINE BODY LOTION COCOGLOW 400ML",49.99,SUPERMARKET,"HOME AND PERSONAL CARE","SKIN CARE",6,0,-6,-299.94,,
91312,"GALAXY WHITE SUGAR CUBE BOTTLE 700G 12",36.99,SUPERMARKET,"FOOD CUPBOARD","SALT  SUGAR AND JAGGERY",3,0,-3,-110.97,,
93778,"KENWOOD KETTLE 1.7L 2200W SS SIL ZJM01.A0BK",599,"ELECTRICAL APPLIANCES",KETTLE,"STAINLESS STEEL KETTLE",8,0,-8,-4792,,
88922,"AKAI CEILING FAN 56"" EF082A-C5610WS",399,"ELECTRICAL APPLIANCES",FAN,"CEILING FAN",4,0,-4,-1596,,
88923,"AKAI CEILING FAN 56"" EF083A-C5610BG",399,"ELECTRICAL APPLIANCES",FAN,"CEILING FAN",4,0,-4,-1596,,
91194,"VOLTIC MINERAL WATER 500ML 15",2.19,SUPERMARKET,BEVERAGES,"MINERAL WATER",3,0,-3,-6.57,,
91202,"SAIRO BATH&SHOWER GEL VANILLA SENSATION 750M  8",50.99,SUPERMARKET,"HOME AND PERSONAL CARE","PERSONAL WASH",2,0,-2,-101.98,,
91230,"SAIRO BATH&SHOWER GEL CUCUMBER SENSATION 750ML 8",50.99,SUPERMARKET,"HOME AND PERSONAL CARE","PERSONAL WASH",9,0,-9,-458.91,,
91241,"SAIRO BATH&SHOWER GELGOLD EXCL. FRAGRANCE  750ML 8",50.99,SUPERMARKET,"HOME AND PERSONAL CARE","PERSONAL WASH",13,0,-13,-662.87,,
94164,"SATNAM PERFUMED INSECT REPELLANT STRAWBERY 140GM",18.99,SUPERMARKET,"HOME AND PERSONAL CARE","INSECTICIDES AND RODENT CONTROL",14,0,-14,-265.86,,
89217,"EXPENDABLE SPONGE LS8899 YWU",4.9,"HOUSEWARE & KITCHENWARE","HOME HYGIENE","SPONGE SCRUBBERS AND SCOURERS",39,0,-39,-191.1,,
86442,"WATER BOTTLE 600ML PLASTIC PURO KIDS",9.9,"HOUSEWARE & KITCHENWARE","FLASK AND BOTTLES",BOTTLE,15,0,-15,-148.5,,
86443,"WATER BOTTLE 600ML PLASTIC INSULATEDKIDSBTSJUNIOR",39.9,"HOUSEWARE & KITCHENWARE","FLASK AND BOTTLES",BOTTLE,8,0,-8,-319.2,,
89788,"SPRITE ZERO PET 450ML  12",8.99,SUPERMARKET,BEVERAGES,DRINKS,11,0,-11,-98.89,,
89841,"TISSUE HOLDER W SUCTION R5520 RJK",32.9,"HOUSEWARE & KITCHENWARE",BATHROOM,"BATHROOM SHELF RACKS HOLDERS",24,0,-24,-789.6,,
89845,"CORNER RACK W SUCTION R5550 RJK",79,"HOUSEWARE & KITCHENWARE",BATHROOM,"BATHROOM SHELF RACKS HOLDERS",12,0,-12,-948,,
84506,"CHRISTMAS DECORATION DRUMS&BALLS 6PCS 5.5CM",11.9,"HOME DECOR & TEXTILES","XMAS SEASONAL","xmas season",6,0,-6,-71.4,,
84512,"CHRISTMAS DECORATION 9+1PCS",7.9,"HOME DECOR & TEXTILES","XMAS SEASONAL","xmas season",34,0,-34,-268.6,,
84872,"PAINTING W/ FRAME 36X46CM FLOWER DESIGN",89,"HOME DECOR & TEXTILES","HOME DECOR","WallANDTable Decor",29,0,-29,-2581,,
92228,"PANACHE 1% BEER 25CL  20",13.99,SUPERMARKET,"BEVERAGES ALCOHOLIC","BOTTLE BEER",32,0,-32,-447.68,,
87467,"JAMAA CLASSIC LAUNDRY SOAP 130G    48",4.29,SUPERMARKET,"HOME AND PERSONAL CARE","LAUNDRY CARE",15,0,-15,-64.35,,
90117,"HAND MIRROR WHANDLE YWU",29.9,"HOUSEWARE & KITCHENWARE",BATHROOM,"BATHROOM ACCESSORIES",22,0,-22,-657.8,,
85347,"RIOS DE CHILE SAUVIGNON BLANC WINE 13.5% VOL 750ML",89.99,SUPERMARKET,"BEVERAGES ALCOHOLIC",WINES,4,0,-4,-359.96,,
87583,"JAF-K ROASTED GROUNDNUT 220G  24",24.99,SUPERMARKET,"FOOD CUPBOARD",SNACKS,7,0,-7,-174.93,,
92696,"LADLE TURNER SLOTTED CX18192 PLASTIC YWU",16.9,"HOUSEWARE & KITCHENWARE","KITCHEN TOOLS AND CULTARY","COOKING TOOL LADLES AND SERVERS",-1,0,1,16.9,,
92777,"TUMBLER 4PCS SET PLASTIC 4580M37 YWU",9.9,"HOUSEWARE & KITCHENWARE",DINNERWARE,CUP,7,0,-7,-69.3,,
92811,"ROLLING PIN 45CM WOODEN 001 YWU",39.9,"HOUSEWARE & KITCHENWARE",KITCHENWARE,"KITCHEN ACCESSORIES",36,0,-36,-1436.4,,
87942,"COLGATETOOTHPASTE NAT. EXT. CHARCOAL&MINT 75ML 48",38.99,SUPERMARKET,"HOME AND PERSONAL CARE","ORAL CARE",35,0,-35,-1364.65,,
93300,"DZIRE STANDING FAN 18"" SF18-054",519,"ELECTRICAL APPLIANCES",FAN,"STANDING FAN",1,0,-1,-519,,
75021,"UNOLI HUILE SUNFLOWER OIL 5L  3",259.99,SUPERMARKET,"FOOD CUPBOARD","EDIBLE OILS AND GHEE",1,0,-1,-259.99,,
70868,"STARKIST TUNA FLAKES FISH WITH PEPPER 160G  24",36.99,SUPERMARKET,"FOOD CUPBOARD","CANNED FOOD",27,0,-27,-998.73,,
80161,"SUCTION TOWEL BAR  6 HOOKS R5070 RJK",59,"HOUSEWARE & KITCHENWARE",LAUNDARY,HOOKS,22,0,-22,-1298,,
66940,"PINHO BRIL LAVENDER DISINFECTANT  1L  12",32.99,SUPERMARKET,"HOME AND PERSONAL CARE","HEALTH AND WELLNESS",12,0,-12,-395.88,,
67522,"SHINE KING-SIZE JUMBO ROLL ULTRA SOFT 2PLY   6",42.99,SUPERMARKET,"HOME AND PERSONAL CARE",DISPOSABLE,6,0,-6,-257.94,,
71756,"PARIDOX ALATA SAMINA B&SGEL MORINGA 450ML 20",41.99,SUPERMARKET,"HOME AND PERSONAL CARE","PERSONAL WASH",16,0,-16,-671.84,,
67728,"PEPSODENT TRIPLE ACTION TOOTH PASTE 140G 72",22.99,SUPERMARKET,"HOME AND PERSONAL CARE","ORAL CARE",47,0,-47,-1080.53,,
72093,"4"" MATTRESS  27X72INCH HD STUDENT2 LAT",399,FURNITURE,MATTRESS,"Student Size",1,0,-1,-399,,
76926,"FRESHDAYS NORMAL SCENTED PANTY LINER 24 LINERS  12",26.99,SUPERMARKET,"HOME AND PERSONAL CARE","FEMININE CARE",4,0,-4,-107.96,,
72787,"HEAVEN NAPHTHALENE BALL (CANFA) 150G  120",10.99,SUPERMARKET,"HOME AND PERSONAL CARE","INSECTICIDES AND RODENT CONTROL",1,0,-1,-10.99,,
72789,"MEANNAN GARI 1K 12",25.99,SUPERMARKET,"FOOD CUPBOARD",FLOURS,12,0,-12,-311.88,,
77584,"DR MIGHTY WC POWER BALLS GREEN LEMON 5 IN 1  24",24.99,SUPERMARKET,"HOME AND PERSONAL CARE",FRESHENERS,22,0,-22,-549.78,,
69992,"DOLAIT YOGHURT NATURE 500G 1",35.99,SUPERMARKET,"FRESH DAIRY AND EGGS",Yoghurt,15,0,-15,-539.85,,
78641,"CHRISTMAS TREE TOP  MIX COLOR 1707",7.9,"HOME DECOR & TEXTILES","XMAS SEASONAL","xmas season",12,0,-12,-94.8,,
74491,"EVA RAINCOAT C1030",27.9,"HOME DECOR & TEXTILES","HOME DECOR",XMAS,3,0,-3,-83.7,,
78983,"CHRISTMAS STICKER 54CM MIX DESIGN",7.9,"HOME DECOR & TEXTILES","XMAS SEASONAL","xmas season",42,0,-42,-331.8,,
K402,"SS KNIFE DESERT4P1761261 48A",9.9,"HOUSEWARE & KITCHENWARE","CUTLERY ITEMS","SPOONS FORKS KNIFE AND CUTLERY SET",5,0,-5,-49.5,,
X950,"CERES ORANGE JUICE 1L 12",39.49,SUPERMARKET,BEVERAGES,JUICE,2,0,-2,-78.98,,
N113,"GILLETTE 2 BLADE ( 5PC IN  POUCH ) 24",35.99,SUPERMARKET,"HOME AND PERSONAL CARE","MENS GROOMING",6,0,-6,-215.94,,
N114,"GILLETTE BLUE 2 PLUS TWIN BLADE (5PC IN POUCH)  24",42.99,SUPERMARKET,"HOME AND PERSONAL CARE","MENS GROOMING",7,0,-7,-300.93,,
N243,"LACTASOY PLAIN SOYA MILK 250ML 36",13.99,SUPERMARKET,"FOOD CUPBOARD","MILK AND CREAMERS",36,0,-36,-503.64,,
N367,"PURE HEAVEN SPK WINE MANGO & WHITE GRAPE 750ML 12",51.49,SUPERMARKET,"BEVERAGES ALCOHOLIC",WINES,13,0,-13,-669.37,,
N483,"MENTOS ICE GUM ARCTIC MINT 12.9G X 288",8.99,SUPERMARKET,"FOOD CUPBOARD",CONFECTIONERY,287,0,-287,-2580.13,,
N484,"MENTOS ICE GUM ORANGE MINT 12.9G 288",8.99,SUPERMARKET,"FOOD CUPBOARD",CONFECTIONERY,37,0,-37,-332.63,,
N488,"DETTOL ANTISEPTIC LIQUID 1L 12",185.99,SUPERMARKET,"HOME AND PERSONAL CARE","HEALTH AND WELLNESS",12,0,-12,-2231.88,,
N642,"EVERPACK SPOON PLASTIC 50PCS  40",9.49,SUPERMARKET,"HOME AND PERSONAL CARE",DISPOSABLE,40,0,-40,-379.6,,
N770,"FANTA ORANGE  1.5 L PET  6",23.99,SUPERMARKET,BEVERAGES,DRINKS,17,0,-17,-407.83,,
N921,"PURE HEAVEN SPK WINE PEACH & WHITE GRAPE 750ML  12",51.49,SUPERMARKET,"BEVERAGES ALCOHOLIC",WINES,36,0,-36,-1853.64,,
S597,"PEAK FULL CREAM UHT MILK 1L 12",37.49,SUPERMARKET,"FOOD CUPBOARD","MILK AND CREAMERS",3,0,-3,-112.47,,
X222,"BAILEYS IRISH CREAM 1L 12",456.99,SUPERMARKET,"BEVERAGES ALCOHOLIC",LIQUER,2,0,-2,-913.98,,
X435,"NAN 1 OPTIPRO 400G 12",139.99,SUPERMARKET,"FOOD CUPBOARD","BABY FOOD",9,0,-9,-1259.91,,
X472,"IDEAL ORIGINAL EVAPORATED MILK 370G 24",26.99,SUPERMARKET,"FOOD CUPBOARD","MILK AND CREAMERS",60,0,-60,-1619.4,,
X554,"SAVANNA DRY CIDER  330ML 24",24.99,SUPERMARKET,"BEVERAGES ALCOHOLIC",CIDER,22,0,-22,-549.78,,
D636,"HEINZ SALAD CREAM 285G 12",44.99,SUPERMARKET,"FOOD CUPBOARD","SPREADS AND TOPPING",14,0,-14,-629.86,,
D794,"TASTY TOM TOMATO PASTE SACHET 60G 50",3.29,SUPERMARKET,"FOOD CUPBOARD",CONDIMENTS,23,0,-23,-75.67,,
99558,"FANTA STRAWBERRY PET 300ML 12",6.49,SUPERMARKET,BEVERAGES,DRINKS,2,0,-2,-12.98,,
99614,"STYLE UP ROLL ON ORIGINAL 50ML  48",9.99,SUPERMARKET,"HOME AND PERSONAL CARE",FRAGRANCES,25,0,-25,-249.75,,
99665,"STYLE UP ROLL ON ACTIVE 50ML  6",9.99,SUPERMARKET,"HOME AND PERSONAL CARE",FRAGRANCES,50,0,-50,-499.5,,
96114,"NIVEA LIP BALM ORIGINAL CARE 4.8G  12",37.99,SUPERMARKET,"HOME AND PERSONAL CARE","SKIN CARE",14,0,-14,-531.86,,
99923,"WINDOW SHADE YE3 200X200 BROWN",599,"HOME DECOR & TEXTILES",BLINDS,"2.0 mtrs",3,0,-3,-1797,,
96431,"NIDO ESSENTIA NUTRIPAK 14G 10PCS X 26",24.99,SUPERMARKET,"FOOD CUPBOARD","DRINKING POWDER",21,0,-21,-524.79,,
A902,"CONDOR PEAK CARBERNET RED WINE 750ML 12",79.99,SUPERMARKET,"BEVERAGES ALCOHOLIC",WINES,10,0,-10,-799.9,,
98372,"ENA PA BAKED BEANS IN TOMATO SAUCE 420G  12",14.99,SUPERMARKET,"FOOD CUPBOARD","CANNED FOOD",21,0,-21,-314.79,,
CL246,"PLATE ENAMBA PRINTED 21CMX3CM",2.9,"HOUSEWARE & KITCHENWARE",DINNERWARE,PLATE,50,0,-50,-145,,
CL567,"CONTAINER RND TRANSPARENT 3 PCS SET 11L 5.5L 2L",59,"HOUSEWARE & KITCHENWARE","STORAGE AND ORGANIZER","STORAGE CONTAINERS",2,0,-2,-118,,
CL571,"CONTAINERS FANCY WITH LID 2500ML 26CMX18CMX8CM",13.3,"HOUSEWARE & KITCHENWARE","STORAGE AND ORGANIZER","STORAGE CONTAINERS",17,0,-17,-226.1,,
CL574,"CONTAINER FANCY 2PCS SET 1500ML2500 ML",22.9,"HOUSEWARE & KITCHENWARE","STORAGE AND ORGANIZER","STORAGE CONTAINERS",3,0,-3,-68.7,,
CL591,"QUEEN OF CASSEROLE 2PCS SET 850 1350 MLSSI SSPD",62.9,"HOUSEWARE & KITCHENWARE",SERVEWARE,CASSEROLES,11,0,-11,-691.9,,
95109,"FRUTAIL PINEAPPLE JUICE 1L  12",36.99,SUPERMARKET,BEVERAGES,JUICE,11,0,-11,-406.89,,
95111,"FRUTAIL RED GRAPE NECTAR 1L  12",34.99,SUPERMARKET,BEVERAGES,JUICE,20,0,-20,-699.8,,
98551,"GETTOL ANTISEPTIC LEMON 75ML  48",6.99,SUPERMARKET,"HOME AND PERSONAL CARE","HEALTH AND WELLNESS",40,0,-40,-279.6,,
CL608,"BUCKET WITH LID 15LTR 32CMX32CM",34.9,"HOUSEWARE & KITCHENWARE",LAUNDARY,"BUCKETS AND BASINS",12,0,-12,-418.8,,
CL616,"BASKET WITH LID FLORA 31CMX17CM",14.9,"HOUSEWARE & KITCHENWARE","STORAGE AND ORGANIZER",BASKET,2,0,-2,-29.8,,
CL628,"QUEEN OF CASSEROLE 2PCS SET STEEL 1800ML 2500ML",99,"HOUSEWARE & KITCHENWARE",SERVEWARE,CASSEROLES,8,0,-8,-792,,
98609,"PARLE CHOCO RINGS BISCUITS 24G  72",1.09,SUPERMARKET,"FOOD CUPBOARD",BISCUITS,45,0,-45,-49.05,,
CL671,"COFFEE FLASK PU INSULATED 900ML 12.2CMX10CMX25CM",16.9,"HOUSEWARE & KITCHENWARE","FLASK AND BOTTLES",FLASK,10,0,-10,-169,,
CL676,"PET JAR ROUND 1000ML 12.5CMX20.5CM",3.9,"HOUSEWARE & KITCHENWARE","STORAGE AND ORGANIZER","STORAGE CONTAINERS",9,0,-9,-35.1,,
CL685,"ROYAL CASSEROLE PLASTIC 1000ML 22CMX19CMX12CM",19.9,"HOUSEWARE & KITCHENWARE",SERVEWARE,CASSEROLES,3,0,-3,-59.7,,
CL698,"KIDS BOWL WITH LID 15CMX5CM",5.9,"HOUSEWARE & KITCHENWARE",SERVEWARE,"SERVING BOWL",108,0,-108,-637.2,,
CL700,"PLATE SQUARE LARGE 27CMX27CMX3CM",6.9,"HOUSEWARE & KITCHENWARE",DINNERWARE,PLATE,18,0,-18,-124.2,,
CL704,"QUEEN OF CASSEROLE 2PCS SET PLASTIC 850ML 1350ML",38.9,"HOUSEWARE & KITCHENWARE",SERVEWARE,CASSEROLES,5,0,-5,-194.5,,
CL709,"TAKE AWAY CONTAINER 750ML 19.2CMX13CMX5.5CM",2.9,"HOUSEWARE & KITCHENWARE",DISPOSABLES,"DISPOSABLE CONTAINERS",12,0,-12,-34.8,,
95416,"CHRISTMAS LED LIGHT IN MULTICOLOR 9.5M 100PCS",49.9,"HOME DECOR & TEXTILES","XMAS SEASONAL","xmas season",2,0,-2,-99.8,,
97241,"ROMAR SOFTENER CONC. DELICATE 2L  6",82.99,SUPERMARKET,"HOME AND PERSONAL CARE","LAUNDRY CARE",4,0,-4,-331.96,,
CL737,"BUCKET 3LTR OPAQUE 18CMX19 CM",9.9,"HOUSEWARE & KITCHENWARE",LAUNDARY,"BUCKETS AND BASINS",2,0,-2,-19.8,,
CL738,"BUCKET 5LTR TRANSPARENT 21CMX23CM",14.9,"HOUSEWARE & KITCHENWARE",LAUNDARY,"BUCKETS AND BASINS",9,0,-9,-134.1,,
CL768,"CRISPER CONTAINER RND 700ML 12CMX10CM",3.9,"HOUSEWARE & KITCHENWARE","STORAGE AND ORGANIZER","STORAGE CONTAINERS",8,0,-8,-31.2,,
CL773,"CONTAINER 300ML TRANSPARENT 26CMX18CMX10CM",19.9,"HOUSEWARE & KITCHENWARE","STORAGE AND ORGANIZER","STORAGE CONTAINERS",6,0,-6,-119.4,,
CN238,"PICTURE 3D",79,"HOME DECOR & TEXTILES","HOME DECOR",DECORATIVE,4,0,-4,-316,,
95645,"JOVEN CAPEL SPARKLING ROSE WINE 750ML 6",128.99,SUPERMARKET,"BEVERAGES ALCOHOLIC","SPARKLING WINES",2,0,-2,-257.98,,
97340,"CHALLENGE INSECTICIDE SPRAY  400ML  24",41.49,SUPERMARKET,"HOME AND PERSONAL CARE","INSECTICIDES AND RODENT CONTROL",18,0,-18,-746.82,,
D123,"CONDOR PEAK MALBEC 750ML 12",79.99,SUPERMARKET,"BEVERAGES ALCOHOLIC",WINES,9,0,-9,-719.91,,
D243,"CERES SECRECT OF THE VALLEY JUICE 200ML  24",12.99,SUPERMARKET,BEVERAGES,JUICE,12,0,-12,-155.88,,
D571,"GUINNESS STOUT ALC. BOTTLE 330ML 24",17.89,SUPERMARKET,"BEVERAGES ALCOHOLIC","BOTTLE BEER",14,0,-14,-250.46,,
00522,"AKAI AVR 3KVA AVR006A - 3000VA",1499,"ELECTRICAL APPLIANCES",ELECTRICALS,AVR/AVS,2,0,-2,-2998,,
00940,"OLD ADMIRAL BRANDY 750ML 12",63.99,SUPERMARKET,"BEVERAGES ALCOHOLIC",LIQUER,2,0,-2,-127.98,,
07013,"YAZZ WASHING POWDER 500G 12",18.99,SUPERMARKET,"HOME AND PERSONAL CARE","LAUNDRY CARE",6,0,-6,-113.94,,
07015,"YAZZ WASHING POWDER 2KG 6",70.99,SUPERMARKET,"HOME AND PERSONAL CARE","LAUNDRY CARE",10,0,-10,-709.9,,
07498,"EMBOSSED BOWL 6 INCHES SW006E RJK",9.9,"HOUSEWARE & KITCHENWARE",DINNERWARE,BOWLS,15,0,-15,-148.5,,
06432,"PINK COCKTAIL SPARKLING WINE 750 ML 12",49.99,SUPERMARKET,"BEVERAGES ALCOHOLIC",WINES,12,0,-12,-599.88,,
06556,"DISH CLOTH PRINTED 2 PCS DC 514",22.9,"HOME DECOR & TEXTILES","DISH CLOTHS AND NAPKINS","KITCHEN NAPKIN AND TOWELS",14,0,-14,-320.6,,
100245,"BEDSHEET SET KINGSIZE 125GSM 3P KBS-77",179,"HOME DECOR & TEXTILES","BED SHEET","KING SIZE BEDSHEET",19,0,-19,-3401,,
100687,"APPLE LAUNDRY BASKET WITH LID BIG REC-78",9.9,"HOUSEWARE & KITCHENWARE",LAUNDARY,"LAUNDRY BASKET/ITEMS",1,0,-1,-9.9,,
101422,"CHEF KNIFE 8INCHES WWOODEN HANDLE ER588B YWU",34.9,"HOUSEWARE & KITCHENWARE","KNIFE AND CHOPPING BOARD","VEG AND FRUIT SLICERS",13,0,-13,-453.7,,
101444,"WHITE BLUE PREMIUM WHISKY WITH CANISTER 750ML 12",96.99,SUPERMARKET,"BEVERAGES ALCOHOLIC",WHISKEY,5,0,-5,-484.95,,
101063,"N0 8 CHOCOLATE FINGERS CHIPS 20G  60",1.69,SUPERMARKET,"FOOD CUPBOARD",SNACKS,16,0,-16,-27.04,,
100846,"NOTE BOOK W/BALL PEN 4DESIGN MIX",19.99,STATIONERY,"SCHOOL AND CHILDREN STATIONERY","NOTE BOOKS",3,0,-3,-59.97,,
102269,"TASTY TOM JELLOF MIX SACHT 210G  24",11.99,SUPERMARKET,"FOOD CUPBOARD",CONDIMENTS,16,0,-16,-191.84,,
102507,"MOMEASY WEANING BOWL W/HEAT SENSING SPOON 45302",40.9,"TOYS AND ENTERTAINMENT",INFANTS,FEEDING,5,0,-5,-204.5,,
102968,"BELAIR AIR FRESHENER VANILLA 150ML  36",11.99,SUPERMARKET,"HOME AND PERSONAL CARE",FRESHENERS,21,0,-21,-251.79,,
103764,"GIVERS LIQUID DETERGENT 5L  4",81.99,SUPERMARKET,"HOME AND PERSONAL CARE","LAUNDRY CARE",1,0,-1,-81.99,,
103892,"BLING BLEACH 5L  4",79.99,SUPERMARKET,"HOME AND PERSONAL CARE","HOUSEHOLD CLEANERS",3,0,-3,-239.97,,
104192,"SALAD SPINNER 5LT M-123",19.9,"HOUSEWARE & KITCHENWARE","KITCHEN TOOLS AND CULTARY",COLANDERS,2,0,-2,-39.8,,
104877,"COLGATE HERBAL TOOTHPASTE VALUE PACK  230G  48",25.99,SUPERMARKET,"HOME AND PERSONAL CARE","ORAL CARE",27,0,-27,-701.73,,
104894,"NOSE COVER FASHIONABLE ASSORTED",2.2,"GARMENTS AND FOOTWEAR","FASHION ACCESSORIES","NOSE COVER",88,0,-88,-193.6,,
104672,"ORAL B TOOTHBRUSH MICKEY SOFT)   96",27.49,SUPERMARKET,"HOME AND PERSONAL CARE","ORAL CARE",40,0,-40,-1099.6,,
106354,"AMEN COMMUNION WIINE 1L 6",48.99,SUPERMARKET,"BEVERAGES ALCOHOLIC",WINES,6,0,-6,-293.94,,
107815,"PUMA COLA DRINK 350ML 16",3.29,SUPERMARKET,BEVERAGES,DRINKS,15,0,-15,-49.35,,
117372,"XMAS DECOR W/2CANES DESIGN GOLD JHWFW21-221",14.9,"HOME DECOR & TEXTILES","XMAS SEASONAL","xmas season",41,0,-41,-610.9,,
117263,"DOMS SPORTS COLLECTABLE CAR ERASER DISPLAY 7285",3.9,STATIONERY,"GENERAL STATIONERY","   WRITING SUPPLIES",15,0,-15,-58.5,,
117310,"CHRISTMAS TREE 2.1M 1500TIPS ELEGANT",729,"HOME DECOR & TEXTILES","XMAS SEASONAL","xmas season",1,0,-1,-729,,
115951,"SANITA CLUB TOILET TISSUE 6PCS  6",79.99,SUPERMARKET,"HOME AND PERSONAL CARE",DISPOSABLE,5,0,-5,-399.95,,
115199,"STRETTON""S GIN 750ML PINK 12",104.99,SUPERMARKET,"BEVERAGES ALCOHOLIC","GIN .",1,0,-1,-104.99,,
115211,"TABLE LAMP 37CM APPROX 2COLOR MIX CT1501-51S",279,"HOME DECOR & TEXTILES","HOME DECOR","DECORATIVE LIGHTS AND LAMPS",1,0,-1,-279,,
115426,"MRS BECTORS GOLDEN BYTES CASHEW COOKIES 76G 48",7.99,SUPERMARKET,"FOOD CUPBOARD",BISCUITS,15,0,-15,-119.85,,
116901,"WATER BOTTLE 800ML GRAPE SHAPE PLASTIC L00821",9.9,"HOUSEWARE & KITCHENWARE","FLASK AND BOTTLES",BOTTLE,1,0,-1,-9.9,,
116471,"CLOSEUP REDHOT EVERFRESH TOOTHPASTE 60G  72",9.49,SUPERMARKET,"HOME AND PERSONAL CARE","ORAL CARE",59,0,-59,-559.91,,
118289,"FARAGELLO GOLD APPLE NECTAR GLASS BOTTLE 1L  6",33.99,SUPERMARKET,BEVERAGES,JUICE,2,0,-2,-67.98,,
109733,"SIEVE RIM 270X270X70MM SS SSV040 RJK",19.9,"HOUSEWARE & KITCHENWARE",KITCHENWARE,"KITCHEN ACCESSORIES",10,0,-10,-199,,
109771,"DUSTBIN WLID WHIRLPOOL DESIGN 11L PLASTIC M-133",69,"HOUSEWARE & KITCHENWARE","HOME HYGIENE",DUSTBINS,6,0,-6,-414,,
113211,"BROOM WHANDLE SOFT BRISTLE PLASTIC 1002/E",19.9,"HOUSEWARE & KITCHENWARE","HOME HYGIENE","BROOM BRUSHES DUSTPANS",2,0,-2,-39.8,,
113244,"MOP COTTON WHITE 1322",19.9,"HOUSEWARE & KITCHENWARE","HOME HYGIENE","MOPPING AND WIPING",7,0,-7,-139.3,,
108399,"KIVO CLASSIC BAKED BEANS IN TOMATO SAUCE 400G  12",19.49,SUPERMARKET,"FOOD CUPBOARD","CANNED FOOD",4,0,-4,-77.96,,
113461,"BLING MAGIC LEMON MULTIPURPOSE LIQUID 750ML   12",15.99,SUPERMARKET,"HOME AND PERSONAL CARE","HOUSEHOLD CLEANERS",10,0,-10,-159.9,,
111821,"PERK MILKRICH COOKIES 81G  36",7.49,SUPERMARKET,"FOOD CUPBOARD",BISCUITS,32,0,-32,-239.68,,
112086,"KIVO TOMATO MIX SUP 200G   24",8.99,SUPERMARKET,"FOOD CUPBOARD",CONDIMENTS,30,0,-30,-269.7,,
110507,"EPLUS LED BULB 9W 85-265V",22,"ELECTRICAL APPLIANCES","LIGHT BULBS","LED BULB",6,0,-6,-132,,
110730,"LA VONCE TOMATO MIX SACHET 70G  100",2.19,SUPERMARKET,"FOOD CUPBOARD",CONDIMENTS,93,0,-93,-203.67,,
110743,"SANITA CLUB TRASH BAGS  55GALLONS X15    10",73.99,SUPERMARKET,"HOME AND PERSONAL CARE",DISPOSABLE,12,0,-12,-887.88,,
110777,"SUNNY BROWN SUGAR BOTTLE 1.8KG 6",81.99,SUPERMARKET,"FOOD CUPBOARD","SALT  SUGAR AND JAGGERY",4,0,-4,-327.96,,
114371,"SHINE CRYSTAL TEASPOONS (50PCS)  50",7.99,SUPERMARKET,"HOME AND PERSONAL CARE",DISPOSABLE,11,0,-11,-87.89,,
124118,"CLEANING CLOTH MICROFIBER 3PCS SET 1909453",59,"HOUSEWARE & KITCHENWARE","HOME HYGIENE","CLEANING CLOTHES",14,0,-14,-826,,
125259,"SAIRO FAMILY SHOWER  GEL OLIVE 750ML  12",29.99,SUPERMARKET,"HOME AND PERSONAL CARE","PERSONAL WASH",7,0,-7,-209.93,,
125287,"AIRPRO AEROSOL LAVENDER  300ML  24",28.99,SUPERMARKET,"HOME AND PERSONAL CARE",FRESHENERS,24,0,-24,-695.76,,
124710,"AYIKOO THE FAT ONE PAPER TOWEL 1X6",41.99,SUPERMARKET,"HOME AND PERSONAL CARE",DISPOSABLE,6,0,-6,-251.94,,
122265,"LAV WINE GLASS MIS535A",59,"HOUSEWARE & KITCHENWARE",GLASSWARE,"GLASS / TUMBLER /WINE / CHAMPAGNE",8,0,-8,-472,,
123674,"BATHMAT COTTON PRINTED 40X60CM MYQ91757",24.9,"HOME DECOR & TEXTILES","HOME FURNISHING","BATH LINEN",43,0,-43,-1070.7,,
122722,"KELLOGGS CORNFLAKES 300G  10 NGR",47.99,SUPERMARKET,"FOOD CUPBOARD","BREAKFAST CEREALS",12,0,-12,-575.88,,
119593,"FARAGELLO GOLD  GUAVA NECTAR BOTTLE 250ML 24",11.99,SUPERMARKET,BEVERAGES,JUICE,8,0,-8,-95.92,,
120807,"JAMAA DETERGENT 420G  12",12.99,SUPERMARKET,"HOME AND PERSONAL CARE","LAUNDRY CARE",1,0,-1,-12.99,,
120921,"AWAKE MINERAL WATER 330ML 15",1.79,SUPERMARKET,BEVERAGES,"MINERAL WATER",14,0,-14,-25.06,,
121826,"CLOTHES PEG SET 12PCS MEGA",12.9,"HOUSEWARE & KITCHENWARE",LAUNDARY,"CLOTH PEGS / CLIP",30,0,-30,-387,,
133054,"NUTZY PEANUT CRISPY SNACK 280G 12",31.99,SUPERMARKET,"FOOD CUPBOARD","SPREADS AND TOPPING",3,0,-3,-95.97,,
133055,"NUTZY PEANUT BUTTER EXTRA CRUNCHY 510G  12",45.49,SUPERMARKET,"FOOD CUPBOARD","SPREADS AND TOPPING",8,0,-8,-363.92,,
13207,"ROSA MAYONAISE 1L 6 (12-522)",97.99,SUPERMARKET,"FOOD CUPBOARD","SPREADS AND TOPPING",4,0,-4,-391.96,,
128552,"LAUNDRY BASKET COLLAPSIBLE A202203 RK",29.9,"HOUSEWARE & KITCHENWARE",LAUNDARY,"LAUNDARY BASKET",5,0,-5,-149.5,,
129586,"FARAGELLO GOLD COCKTAIL NECTAR TETRAPACK 250ML  27",7.99,SUPERMARKET,BEVERAGES,JUICE,23,0,-23,-183.77,,
129587,"FARAGELLO GOLD APPLE NECTAR TETRAPACK 250ML  27",7.99,SUPERMARKET,BEVERAGES,JUICE,13,0,-13,-103.87,,
129598,"WINE BOTTLE OPENER YWU",4.9,"HOUSEWARE & KITCHENWARE","CUTLERY ITEMS",OPENERS,11,0,-11,-53.9,,
125302,"AIRPRO A/FRESHNER ORGANIC CAN BUBBLE GUM 42G 24",39.99,SUPERMARKET,"HOME AND PERSONAL CARE",FRESHENERS,16,0,-16,-639.84,,
126223,"AIRPRO AIRFRESHNER ORGANIC CAN BLACKCRYSTAL 42G 24",39.99,SUPERMARKET,"HOME AND PERSONAL CARE",FRESHENERS,15,0,-15,-599.85,,
126225,"AIRPRO AIRFRSHNER DUAL SCENT LEMON/STRAW. 30ML  6",34.99,SUPERMARKET,"HOME AND PERSONAL CARE",FRESHENERS,3,0,-3,-104.97,,
128827,"TASTY TOM JOLLOF MIX 1.1KG  12",47.49,SUPERMARKET,"FOOD CUPBOARD","SPREADS AND TOPPING",23,0,-23,-1092.27,,
126470,"JUVER DISFRUTA  MANGO DRINK 330ML 18",13.99,SUPERMARKET,BEVERAGES,JUICE,1,0,-1,-13.99,,
125785,"PIYA SWEETENED CONDENSED MILK 1KG 24",43.99,SUPERMARKET,"FOOD CUPBOARD","MILK AND CREAMERS",15,0,-15,-659.85,,
125870,"POPIZZ SPARKLING DRINK PINK 750ML  6",49.99,SUPERMARKET,"BEVERAGES ALCOHOLIC",WINES,11,0,-11,-549.89,,
138928,"GEISHA ROSE & HONEY V1 180G  36",15.49,SUPERMARKET,"HOME AND PERSONAL CARE","PERSONAL WASH",13,0,-13,-201.37,,
141371,"WINE BUCKET W/SHAKER SET 5PCS 500ML 52058",49.9,"HOUSEWARE & KITCHENWARE",KITCHENWARE,"BAR TOOLS AND ACCESSORIES",6,0,-6,-299.4,,
141411,"SALT&PEPPER SET 5.2X9CM 56053",9.9,"HOUSEWARE & KITCHENWARE",KITCHENWARE,"SALT AND PEPPER/CRUETS",24,0,-24,-237.6,,
141414,"NAPKIN HOLDER TRIANGLE 16.5CM 56009-B",9.9,"HOUSEWARE & KITCHENWARE",BATHROOM,"BATHROOM SHELF RACKS HOLDERS",22,0,-22,-217.8,,
139331,"BINATONE STANDING FAN 18"" A1810",1009,"ELECTRICAL APPLIANCES",FAN,"STANDING FAN",3,0,-3,-3027,,
141775,"JAGERMEISTER 500ML 6",239.99,SUPERMARKET,"BEVERAGES ALCOHOLIC",BITTERS,6,0,-6,-1439.94,,
142207,"FOUR SPECIAL CHOCOLATE FLAV. RED WINE 750ML 6",56.99,SUPERMARKET,"BEVERAGES ALCOHOLIC",WINES,13,0,-13,-740.87,,
140593,"STRAINER FINE MESH 650ML PLASTIC L-00840",34.9,"HOUSEWARE & KITCHENWARE","KITCHEN TOOLS AND CULTARY","STRAINER AND FILTERS",8,0,-8,-279.2,,
139769,"MUG 330ML STRIPES CERAMIC YWU",4.9,"HOUSEWARE & KITCHENWARE",DINNERWARE,MUGS,1,0,-1,-4.9,,
139770,"MUG 340ML CERAMIC FRUITS YWU",4.9,"HOUSEWARE & KITCHENWARE",DINNERWARE,MUGS,1,0,-1,-4.9,,
134754,"MIXING BOWL 4200ML 28X28X13CM PP181003",12.9,"HOUSEWARE & KITCHENWARE",DINNERWARE,BOWLS,22,0,-22,-283.8,,
134756,"BASKET TRAY PERFORATED PP50352",4.9,"HOUSEWARE & KITCHENWARE","STORAGE AND ORGANIZER",BASKET,1,0,-1,-4.9,,
134251,"LISTERINE MOUTHWASH SPEARMINT 500ML 6",67.99,SUPERMARKET,"HOME AND PERSONAL CARE","ORAL CARE",7,0,-7,-475.93,,
133384,"PARLE MALTY BISCUITS 45GG 48",2.29,SUPERMARKET,"FOOD CUPBOARD",BISCUITS,13,0,-13,-29.77,,
134325,"FRESHDAYS NORMAL SCENTED 72 X 6",59.99,SUPERMARKET,"HOME AND PERSONAL CARE","FEMININE CARE",4,0,-4,-239.96,,
135344,"LIDO MULTIPURPOSE SOAP BIG 220G 36",7.99,SUPERMARKET,"HOME AND PERSONAL CARE","LAUNDRY CARE",30,0,-30,-239.7,,
137273,"TOREN-TOREN WAFERS COCOA CREAM D FLAVOUR CW 55G144",6.29,SUPERMARKET,"FOOD CUPBOARD",CONFECTIONERY,-9,0,9,56.61,,
149073,"NIDO ESSENTIA 350G 12",67.99,SUPERMARKET,"FOOD CUPBOARD","MILK AND CREAMERS",12,0,-12,-815.88,,
14812,"DEVA DISWASHING LIQUID LIME 700ML 24 10405",25.99,SUPERMARKET,"HOME AND PERSONAL CARE","HOUSEHOLD CLEANERS",20,0,-20,-519.8,,
149286,"CERES NECTAR TROP BLAST JUICE  DRINK  1L 12",34.99,SUPERMARKET,BEVERAGES,JUICE,2,0,-2,-69.98,,
14822,"DEVA SOFTENER LAVENDER 1000ML 12 10502",43.99,SUPERMARKET,"HOME AND PERSONAL CARE","LAUNDRY CARE",1,0,-1,-43.99,,
14825,"DEVA SOFTENER SENSITIVE 1L  12",43.49,SUPERMARKET,"HOME AND PERSONAL CARE","LAUNDRY CARE",2,0,-2,-86.98,,
148278,"BELPAK  PERFUMED T-ROLL (ROSE)",41.99,SUPERMARKET,"HOME AND PERSONAL CARE",DISPOSABLE,6,0,-6,-251.94,,
149447,"LAV STEMWARE 3PCS SET LVELL563A",59,"HOUSEWARE & KITCHENWARE",GLASSWARE,"GLASS / TUMBLER /WINE / CHAMPAGNE",1,0,-1,-59,,
148388,"PLACE MAT W/TAG ROUND MIX COLOR 6PCS",99,"HOME DECOR & TEXTILES","DISH CLOTHS AND NAPKINS","ASSORTED ITEMS",16,0,-16,-1584,,
148569,"WATER BOTTLE 1000ML PLASTIC CHARACTER KIDS BTS YWU",89,"HOUSEWARE & KITCHENWARE","FLASK AND BOTTLES",BOTTLE,16,0,-16,-1424,,
14805,"DEVA ALOE VERA LIQUID HAND SOAP 350ML 24",18.99,SUPERMARKET,"HOME AND PERSONAL CARE","PERSONAL WASH",16,0,-16,-303.84,,
14723,"EASY MOUZOO GUAVA JUICE GLASS BOTTLE 250ML  24",10.99,SUPERMARKET,BEVERAGES,JUICE,8,0,-8,-87.92,,
145808,"BELPAK ECO T-ROLL 10 ROLLS     6",33.49,SUPERMARKET,"HOME AND PERSONAL CARE",DISPOSABLE,4,0,-4,-133.96,,
145809,"BELPAK CLASSIC T- ROLL 10 ROLLS    6",36.99,SUPERMARKET,"HOME AND PERSONAL CARE",DISPOSABLE,2,0,-2,-73.98,,
145813,"BELPAK DISPENSER KITCHEN TOWEL (NON PERFORATED)  6",41.99,SUPERMARKET,"HOME AND PERSONAL CARE",DISPOSABLE,6,0,-6,-251.94,,
145159,"SINK STATION PICNIC 3854",9.9,"HOUSEWARE & KITCHENWARE",KITCHENWARE,"KITCHEN ACCESSORIES",3,0,-3,-29.7,,
146722,"AKAI BLENDER W/MILL 1.5L 400W BD038A-1031",449,"ELECTRICAL APPLIANCES","FOOD PROCESSOR/BLENDER",BLENDERS,5,0,-5,-2245,,
145256,"PEELER PLASTIC S.S BLADE 0050-820",2.9,"HOUSEWARE & KITCHENWARE","KNIFE AND CHOPPING BOARD","VEG AND FRUIT PEELERS",1,0,-1,-2.9,,
146900,"VOLTIC NATURAL MINERAL WATER PREMIUM PET 750ML 12",7.19,SUPERMARKET,BEVERAGES,"MINERAL WATER",9,0,-9,-64.71,,
145376,"FUNNEL SILICONE COLLAPSIBLE 04GD205",2.9,"HOUSEWARE & KITCHENWARE","KITCHEN TOOLS AND CULTARY","STRAINER AND FILTERS",3,0,-3,-8.7,,
14713,"EASY MOUZOO GUAVA TETRAPACK JUICE 1L 12",23.99,SUPERMARKET,BEVERAGES,JUICE,11,0,-11,-263.89,,
155983,"PEPSODENT KIDS T/PASTE ORANGE 45GMS 120",9.99,SUPERMARKET,"HOME AND PERSONAL CARE","ORAL CARE",54,0,-54,-539.46,,
156746,"WHISK SSTEEL YWU",16.9,"HOUSEWARE & KITCHENWARE","KITCHEN TOOLS AND CULTARY","WHISKER BEATER AND MIXERS",1,0,-1,-16.9,,
154901,"WATER BOTTLE 900ML PLASTIC INSULATED PURO ICETRON",9.9,"HOUSEWARE & KITCHENWARE","FLASK AND BOTTLES",BOTTLE,4,0,-4,-39.6,,
156224,"CASTILLO DE LANDA ROSE SWEET WINE 11%VOL 750ML 12",79.99,SUPERMARKET,"BEVERAGES ALCOHOLIC",WINES,9,0,-9,-719.91,,
157421,"FILLED CUSHION PRINTED 40X40CM ASSORTED MYQ9-1811",69,"HOME DECOR & TEXTILES","COVERS CUSHION/PILLOW/CHAIR",CUSHION,28,0,-28,-1932,,
152682,"DINING SET 1+6 BLACK AVATAR DTGJ-C170/DCGJ-A197",2490,FURNITURE,"DINING SETS","6 SEATER SET",1,0,-1,-2490,,
150314,"CURTAIN W/8 GROMENTS BURGUNDY 54X90"" BP033",159,"HOME DECOR & TEXTILES",CURTAINS,"GROMMET CURTAINS",4,0,-4,-636,,
153001,"AKAI SANDWICH MAKER 2SLICE 750W SM020A-8021",309,"ELECTRICAL APPLIANCES","SANDWICH MAKER","2 SLICE SANDWICH MAKER",1,0,-1,-309,,
150651,"FROSTY BITE FANTASY CHOCOLATE 70G",8.99,SUPERMARKET,"FROZEN FOOD",ICE-CREAM,73,0,-73,-656.27,,
150687,"AKAI STANDING FAN 18"" EF112A-1808S",649,"ELECTRICAL APPLIANCES",FAN,"STANDING FAN",1,0,-1,-649,,
151029,"BIGOO COLA DRINK 350ML 20",2.99,SUPERMARKET,BEVERAGES,DRINKS,35,0,-35,-104.65,,
151030,"BIGOO ORANGE DRINK 350ML 20",2.99,SUPERMARKET,BEVERAGES,DRINKS,17,0,-17,-50.83,,
151038,"BIGOO GRAPES DRINK 350ML 20",2.99,SUPERMARKET,BEVERAGES,DRINKS,42,0,-42,-125.58,,
163839,"CONTAINER SET 3PCS SQUARE PRIME BG-755",19.9,"HOUSEWARE & KITCHENWARE","STORAGE AND ORGANIZER","STORAGE CONTAINERS",5,0,-5,-99.5,,
162389,"X NATURAL MINERAL WATER 750ML 15",2.39,SUPERMARKET,BEVERAGES,"MINERAL WATER",45,0,-45,-107.55,,
162518,"MINIMIE INSTANT NOODLES SLURPY CHICKEN 120G 40",5.29,SUPERMARKET,"FOOD CUPBOARD","PASTA AND SPAGHETTI",-2,0,2,10.58,,
162640,"OCEAN CHEST FREEZER SD 150L CFOH 150 TG KS",3879,"ELECTRICAL APPLIANCES",FREEZER,"SINGLE DOOR FREEZER",1,0,-1,-3879,,
162672,"SERVING BOWL MELAMINE 10 INCHES FEILU 787106",16.9,"HOUSEWARE & KITCHENWARE","MELAMINE WARE","MEL BOWL/BOWL+COVER",1,0,-1,-16.9,,
162676,"SERVING BOWL MELAMINE 9 INCHES FEILU 34309",14.9,"HOUSEWARE & KITCHENWARE","MELAMINE WARE","MEL BOWL/BOWL+COVER",10,0,-10,-149,,
160124,"PARLE MULTI VITA MARIE BISCUITS 49.5G  48",2.29,SUPERMARKET,"FOOD CUPBOARD",BISCUITS,48,0,-48,-109.92,,
159065,"STOOL PP X1830 RJK",69,"HOUSEWARE & KITCHENWARE","HOUSE HOLD PRODUCTS","STOOL PLASTIC",6,0,-6,-414,,
159295,"BOOK MONEY SAFE BOX SMALL",129,"TOYS AND ENTERTAINMENT","ROLE PLAY AND PRETEND TOYS","CASHIER AND SHOP SETS",2,0,-2,-258,,
160253,"PERLA MINERAL WATER JAR 6L 1",12.19,SUPERMARKET,BEVERAGES,"MINERAL WATER",7,0,-7,-85.33,,
159386,"AKAI CHEST FREEZER SD 99L WHITE CF073AC-99L",3039,"ELECTRICAL APPLIANCES",FREEZER,"SINGLE DOOR FREEZER",1,0,-1,-3039,,
161587,"DZIRE CEILING FAN 36"" DARK BROWN CF 36 B-HOB",349,"ELECTRICAL APPLIANCES",FAN,"CEILING FAN",6,0,-6,-2094,,
159684,"AMERICAN CHEF WHITE VINEGAR 946ML 12",28.99,SUPERMARKET,"FOOD CUPBOARD",CONDIMENTS,11,0,-11,-318.89,,
159741,"MUNCHEE MSC CHOCO MILK BISCUITS 35G  72",1.99,SUPERMARKET,"FOOD CUPBOARD",BISCUITS,26,0,-26,-51.74,,
160513,"STRAINER COLLAPSIBLE PLASTIC 18X24 SQ PLASTIC YWU",12.9,"HOUSEWARE & KITCHENWARE","KITCHEN TOOLS AND CULTARY","STRAINER AND FILTERS",4,0,-4,-51.6,,
159764,"MUNCHEE DIGESTIVE BISCUITS 52G  48",3.99,SUPERMARKET,"FOOD CUPBOARD",BISCUITS,43,0,-43,-171.57,,
159990,"DUSTBIN 44 LITRE METAL BLACK WIRE 29X34CM YWU",36.9,"HOUSEWARE & KITCHENWARE","HOME HYGIENE",DUSTBINS,7,0,-7,-258.3,,
161075,"AKAI FRIDGE DD 205L SILVER RF060AC-28D",3499,"ELECTRICAL APPLIANCES",REFRIGERATOR,"DD TMF REFRIGERATOR",1,0,-1,-3499,,
172100,"SKYVEST LED TV 43"" SATELLITE 43S ORV",3049,"ELECTRONICS & TELECOM","LED TV","SATELLITE TV",1,0,-1,-3049,,
169705,"MOULINEX BLENDER W/MILL 1.5L 450W BLACK LM2B2828",679,"ELECTRICAL APPLIANCES","FOOD PROCESSOR/BLENDER",BLENDERS,1,0,-1,-679,,
169811,"AKAI AIR COOLER 12L AC063A-19R",1399,"ELECTRICAL APPLIANCES","AIR CONDITIONING","AIR COOLERS",1,0,-1,-1399,,
171349,"BELPAK TOILET ROLL DELUXE 3PLY  6",40.99,SUPERMARKET,"HOME AND PERSONAL CARE",DISPOSABLE,6,0,-6,-245.94,,
170040,"ORGANIZER RIBBED BOX WITHOUT LID 11L 13008",24.9,"HOUSEWARE & KITCHENWARE","STORAGE AND ORGANIZER","RACK SHELF DRAWERS ORGANIZERS",12,0,-12,-298.8,,
171535,"VACCUM FLASK-STONE 1550ML  161707-158",29.9,"HOUSEWARE & KITCHENWARE","FLASK AND BOTTLES",FLASK,3,0,-3,-89.7,,
169370,"BOTTLE KIDS ALU PAW PATROL 500ML",49.9,STATIONERY,"SCHOOL AND CHILDREN STATIONERY","SCHOOL WATER BOTTLES",17,0,-17,-848.3,,
168858,"CHEF KNIFE 75 S2510 RJK",16.9,"HOUSEWARE & KITCHENWARE","KNIFE AND CHOPPING BOARD","SINGLE KNIFE",36,0,-36,-608.4,,
168862,"KNIFE FRUIT 6PCS 325 SILHMJ6FK RJK",19.9,"HOUSEWARE & KITCHENWARE","KNIFE AND CHOPPING BOARD","KNIFE SETS",11,0,-11,-218.9,,
166368,"COLANDER WSIDE HANDLES 22.5CM SSTEEL XY-2306",28.9,"HOUSEWARE & KITCHENWARE","KITCHEN TOOLS AND CULTARY",COLANDERS,9,0,-9,-260.1,,
167241,"COWBELL MILK POWDER VITARICH  SACHET 14G  240",2.19,SUPERMARKET,"FOOD CUPBOARD","MILK AND CREAMERS",299,0,-299,-654.81,,
166548,"WATER BOTTLE SET 2PCS PLASTIC PNP35032X2P2",9.9,"HOUSEWARE & KITCHENWARE","FLASK AND BOTTLES",BOTTLE,16,0,-16,-158.4,,
167395,"DINNER PLATE 105 WBC105 RJK",14.9,"HOUSEWARE & KITCHENWARE",DINNERWARE,PLATE,26,0,-26,-387.4,,
167398,"MUG 11OZ GDM11 RJK",4.9,"HOUSEWARE & KITCHENWARE",DINNERWARE,MUGS,35,0,-35,-171.5,,
167402,"BOWL 8INCHES CERAMIC EMBOSSED WHITE  EBC85 RJK",29.9,"HOUSEWARE & KITCHENWARE",DINNERWARE,BOWLS,17,0,-17,-508.3,,
165636,"NESTLE CARNATION TEA CREAMER 370G  24",23.99,SUPERMARKET,"FOOD CUPBOARD","MILK AND CREAMERS",82,0,-82,-1967.18,,
168419,"SOUP PLATE 85 FDL018 RJK",16.9,"HOUSEWARE & KITCHENWARE",DINNERWARE,PLATE,32,0,-32,-540.8,,
16842,"NIVEA FEMALE ROLL-ON DRY 50MLX30 (81611)",37.99,SUPERMARKET,"HOME AND PERSONAL CARE",FRAGRANCES,27,0,-27,-1025.73,,
168552,"MCBERRY TIGER NUT BISCUITS 30G  72",1.39,SUPERMARKET,"FOOD CUPBOARD",BISCUITS,59,0,-59,-82.01,,
168561,"H&H RICH TEA CREAMS STRAWBERRY 32G  72",1.39,SUPERMARKET,"FOOD CUPBOARD",BISCUITS,41,0,-41,-56.99,,
168698,"CAMRY MONITOR SCALE EF976S483 RJK",125,"HOUSEWARE & KITCHENWARE","WEIGHING SCALE","BATHROOM SCALE",2,0,-2,-250,,
166004,"SO FRESH MANGO FRUIT JUICE 1L 6",26.49,SUPERMARKET,BEVERAGES,JUICE,4,0,-4,-105.96,,
167757,"COOKWARE 6PCS SET 2MM STEEL HROLAND HR1311 RJK",399,"HOUSEWARE & KITCHENWARE",COOKWARE,"COOKWARE SET",-1,0,1,399,,
167767,"COOKWARE 6PCS SET 2MM STEEL HROLAND HR1314 RJK",649,"HOUSEWARE & KITCHENWARE",COOKWARE,"COOKWARE SET",1,0,-1,-649,,
179073,"JIGSAW PUZZLE CARTOONS 4 IN 1 SET 3+ YRS OPP YW",46.99,"TOYS AND ENTERTAINMENT","BOARD GAMES AND PUZZLES","KIDS PUZZLES",1,0,-1,-46.99,,
179144,"KIDS SAXOPHONE TOY",89,"TOYS AND ENTERTAINMENT","MUSICAL KIDS INSTRUMENTS","FLUTE AND WHISTLES",6,0,-6,-534,,
179198,"MAGIC NANO TAPE 3CMX3M YW",29.9,STATIONERY,"PACKAGING AND MAILING","   TAPES AND DISPENSERS",26,0,-26,-777.4,,
177628,"DAPHNIS PENNE 40*250G  40",4.99,SUPERMARKET,"FOOD CUPBOARD","PASTA AND SPAGHETTI",34,0,-34,-169.66,,
179337,"SCHOOL STICKER 17.5X25CM OPP YW",7.9,STATIONERY,"SCHOOL AND CHILDREN STATIONERY","STICKERS AND LABELS",10,0,-10,-79,,
178584,"MASON JAR WSTRAW 450ML GLASS FOOTBALL YWU",9.9,"HOUSEWARE & KITCHENWARE","FLASK AND BOTTLES","GLASS BOTTLE",26,0,-26,-257.4,,
177947,"FAIRY TALE UNCLE MOON BOOK SERIES 16PGS 22X28CM",8.9,STATIONERY,"CHILDREN BOOKS AND GEN REF","BOOKS AND LEARNINGS",27,0,-27,-240.3,,
175392,"MUNCHEE CHOCO CRUNCH BISCUIT 26G  72",1.39,SUPERMARKET,"FOOD CUPBOARD",BISCUITS,6,0,-6,-8.34,,
175866,"KISS VODKA MIX 18% DRINK 250ML 24",15.29,SUPERMARKET,"BEVERAGES ALCOHOLIC","VODKA BOTTLES",4,0,-4,-61.16,,
184609,"SOUP BOWL 7"" CERAMIC STKLT SK08 RJK",9.9,"HOUSEWARE & KITCHENWARE",DINNERWARE,BOWLS,53,0,-53,-524.7,,
18464,"PRAN FROOTO MANGO JUICE 1500ML 6",34.99,SUPERMARKET,BEVERAGES,JUICE,10,0,-10,-349.9,,
183264,"BEER MUG 4PCS SET 575ML HANNOVER PJ 14220 RJK",79,"HOUSEWARE & KITCHENWARE",GLASSWARE,"BEER MUGS AND BEER GLASS",5,0,-5,-395,,
183267,"BEER GLASS 6PCS SET 570ML HOPS BW 8120 RJK",69,"HOUSEWARE & KITCHENWARE",GLASSWARE,"BEER MUGS AND BEER GLASS",6,0,-6,-414,,
183276,"WHISKEY 6PCS SET 475ML TUSCANY BW 8217 RJK",49.9,"HOUSEWARE & KITCHENWARE",GLASSWARE,"GLASS / TUMBLER /WINE / CHAMPAGNE",7,0,-7,-349.3,,
183281,"BEER GLASS 6PCS SET 405ML OHANA BW 3914 RJK",49.9,"HOUSEWARE & KITCHENWARE",GLASSWARE,"BEER MUGS AND BEER GLASS",6,0,-6,-299.4,,
18343,"LONG MOUNTAIN CHARDONNAY 75CL 6",65.99,SUPERMARKET,"BEVERAGES ALCOHOLIC",WINES,6,0,-6,-395.94,,
184368,"NERO PRIME WATER 750ML  15",2.19,SUPERMARKET,BEVERAGES,"MINERAL WATER",15,0,-15,-32.85,,
184371,"NERO ICE LEMON DRINK 350ML  12",5.99,SUPERMARKET,BEVERAGES,DRINKS,26,0,-26,-155.74,,
184373,"NERO EXOTICA DRINK 350ML  12",6.19,SUPERMARKET,BEVERAGES,DRINKS,32,0,-32,-198.08,,
184485,"CADDY BASKET PLASTIC HL0035CC",4.9,"HOUSEWARE & KITCHENWARE",BATHROOM,"BATHROOM SHELF RACKS HOLDERS",32,0,-32,-156.8,,
18372,"PRINCESS COCOA BUTTER LOTION 400ML  4",25.99,SUPERMARKET,"HOME AND PERSONAL CARE","SKIN CARE",6,0,-6,-155.94,,
182385,"BBQ PORTABLE WCOOLER BAG",49.9,"HOUSEWARE & KITCHENWARE",KITCHENWARE,"BAR TOOLS AND ACCESSORIES",8,0,-8,-399.2,,
181593,"NASCO FRIDGE DD 98L NASF2-13S",2799,"ELECTRICAL APPLIANCES",REFRIGERATOR,"DD TMF REFRIGERATOR",1,0,-1,-2799,,
179871,"FOCUS ICY BALL PEN 1MM 1760/9BC",22.9,STATIONERY,"GENERAL STATIONERY","   WRITING SUPPLIES",7,0,-7,-160.3,,
181824,"CERAMIC SQ PLATE 10.5INCHES LDS001",29.9,"HOUSEWARE & KITCHENWARE",DINNERWARE,PLATE,24,0,-24,-717.6,,
181838,"DEEP PLATE STAINLESS STEEL 22CM LDS011",8.9,"HOUSEWARE & KITCHENWARE",DINNERWARE,PLATE,11,0,-11,-97.9,,
180205,"PRINCESS POWDER S/S 200GR  4",14.99,SUPERMARKET,"HOME AND PERSONAL CARE","SKIN CARE",3,0,-3,-44.97,,
180232,"STYLE UP SHOWER GEL FOCUS 1050ML  20",42.99,SUPERMARKET,"HOME AND PERSONAL CARE","PERSONAL WASH",19,0,-19,-816.81,,
182003,"FABER CASTELL TRIFLOW BALL PEN 0.7MM 50PCS GREEN",2.9,STATIONERY,"GENERAL STATIONERY","   WRITING SUPPLIES",28,0,-28,-81.2,,
180248,"BO-16 STYLING GEL (TRANSPARENT) 150G  6",11.59,SUPERMARKET,"HOME AND PERSONAL CARE","HAIR CARE",6,0,-6,-69.54,,
182127,"PLATINUM SUNFLOWER OIL 1.5L 8",79.99,SUPERMARKET,"FOOD CUPBOARD","EDIBLE OILS AND GHEE",11,0,-11,-879.89,,
189501,"3PCS COMFORTER SET TWIN 66""X86"" MF ASST 03-CO-0475",229,"HOME DECOR & TEXTILES","BLANKETS QUILTS COMFORTERS AND BEDCOVERS",COMFORTERS,3,0,-3,-687,,
18750,"NESTLE CERELAC BL MAIZE 50G 10X8",6.99,SUPERMARKET,"FOOD CUPBOARD","BREAKFAST CEREALS",64,0,-64,-447.36,,
189086,"RIBBON 5CM X 3YARDS",9.9,"HOME DECOR & TEXTILES","XMAS SEASONAL","xmas season",20,0,-20,-198,,
185373,"3PCS BEDSHEET SET Q 230X250CM PRINT ASS 03-BT-1028",99,"HOME DECOR & TEXTILES","BED SHEET","QUEEN SIZE BEDSHEET",7,0,-7,-693,,
185377,"4PCS BEDSHEET SET Q 230X250CM PRINT ASS 03-BT-1032",139,"HOME DECOR & TEXTILES","BED SHEET","QUEEN SIZE BEDSHEET",3,0,-3,-417,,
185402,"CURTAIN JACQ GROM GRAY 54X90"" 02-PA-7263A",89,"HOME DECOR & TEXTILES",CURTAINS,"GROMMET CURTAINS",5,0,-5,-445,,
185419,"CURTAIN BKT GROM BURG 2P 54X90"" 02-PA-7216E",199,"HOME DECOR & TEXTILES",CURTAINS,"GROMMET CURTAINS",1,0,-1,-199,,
187470,"TRASH BIN PLASTIC GREY RJK G2282",369,"HOUSEWARE & KITCHENWARE","HOME HYGIENE",DUSTBINS,2,0,-2,-738,,
184782,"DISH RACK DELICIOUS",179,"HOUSEWARE & KITCHENWARE",KITCHENWARE,"DISH RACKS",7,0,-7,-1253,,
186107,"2PCS OVEN MITTEN&POT HOLDER SET 18X30CM ASS OVM-01",34.9,"HOME DECOR & TEXTILES","DISH CLOTHS AND NAPKINS","APRON AND GLOVES",21,0,-21,-732.9,,
185176,"DINNER PLATE 10INCHES CERAMIC WHITE BCJ105 RJK",12.9,"HOUSEWARE & KITCHENWARE",DINNERWARE,PLATE,30,0,-30,-387,,
185212,"PLATE 6 CLP6 RJK",4.9,"HOUSEWARE & KITCHENWARE",DINNERWARE,PLATE,4,0,-4,-19.6,,
185281,"COWBELL EVAPORATED FILLED MILK 100ML  24",8.69,SUPERMARKET,"FOOD CUPBOARD","MILK AND CREAMERS",61,0,-61,-530.09,,
194647,"WINE GLASS 3PCS SET RB-063",39.9,"HOUSEWARE & KITCHENWARE",GLASSWARE,"GLASS / TUMBLER /WINE / CHAMPAGNE",23,0,-23,-917.7,,
194966,"LADLE SLOTTED TURNER SILICONE ZHN HR22PC-16DS",8.9,"HOUSEWARE & KITCHENWARE","KITCHEN TOOLS AND CULTARY","COOKING TOOL LADLES AND SERVERS",59,0,-59,-525.1,,
19386,"HUGGIES  BABY WIPES ALL OVER CLEAN  56-S  10",27.99,SUPERMARKET,"HOME AND PERSONAL CARE","INFANT AND BABY CARE",3,0,-3,-83.97,,
195594,"FOOD COVER METAL  6050-28",12.9,"HOUSEWARE & KITCHENWARE",KITCHENWARE,"KITCHEN ACCESSORIES",54,0,-54,-696.6,,
193004,"BOTTLE OPENER ZHN KB842",5.9,"HOUSEWARE & KITCHENWARE","CUTLERY ITEMS",OPENERS,75,0,-75,-442.5,,
193009,"CORK OPENER ZHN A21426",12.9,"HOUSEWARE & KITCHENWARE","CUTLERY ITEMS",OPENERS,21,0,-21,-270.9,,
193040,"PEELER 5PCS SET ZHN HD-131",12.9,"HOUSEWARE & KITCHENWARE","KNIFE AND CHOPPING BOARD","VEG AND FRUIT PEELERS",75,0,-75,-967.5,,
190689,"LAUNDRY BASKET COVERED 40X45CM ASSORTED MYQ9 -1920",89,"HOUSEWARE & KITCHENWARE",LAUNDARY,"LAUNDARY BASKET",15,0,-15,-1335,,
190690,"LAUNDRY BASKET 40X30X55CM ASSORTED MYQ9 -1921",99,"HOUSEWARE & KITCHENWARE",LAUNDARY,"LAUNDARY BASKET",12,0,-12,-1188,,
190729,"MANICURE 4PCS SET YWU",16.9,"HOUSEWARE & KITCHENWARE",BATHROOM,"BATHROOM ACCESSORIES",12,0,-12,-202.8,,
190731,"MANICURE 3PCS SET YWU",6.9,"HOUSEWARE & KITCHENWARE",BATHROOM,"BATHROOM ACCESSORIES",8,0,-8,-55.2,,
200315,"H&H BEEF LUNCHEON MEAT 198G 24",21.99,SUPERMARKET,"FOOD CUPBOARD","CANNED FOOD",22,0,-22,-483.78,,
200226,"H&H CANNED MUSHROOM PIECES 400G  12",20.49,SUPERMARKET,"FOOD CUPBOARD","CANNED FOOD",10,0,-10,-204.9,,
200251,"DORITOS SWEET CHILLI PEPPER CHIPS 70G  24",20.99,SUPERMARKET,"FOOD CUPBOARD",SNACKS,1,0,-1,-20.99,,
200295,"H&H BLACK TEA ( 27 * 2G ) 54G  24",14.99,SUPERMARKET,BEVERAGES,TEA,24,0,-24,-359.76,,
200299,"H&H SEASONING (GOAT) (12X50) 10G  50",15.99,SUPERMARKET,"FOOD CUPBOARD",CONDIMENTS,50,0,-50,-799.5,,
19766,"ROYAL GALAXY WHITE SUGAR  2KG 10",66.99,SUPERMARKET,"FOOD CUPBOARD","SALT  SUGAR AND JAGGERY",6,0,-6,-401.94,,
197773,"MCBERRY BIG DADDY MILK WAFER 39G 144",2.19,SUPERMARKET,"FOOD CUPBOARD",BISCUITS,13,0,-13,-28.47,,
197988,"MCBERRY GRANDE TWIN CHOCO WAFER 39G  144",2.09,SUPERMARKET,"FOOD CUPBOARD",BISCUITS,5,0,-5,-10.45,,
19821,"ENERGIZER BATTERY ALKALINE D MAX-D 1X2 6PK",99.9,"ELECTRICAL APPLIANCES",BATTERIES,BATTERY,1,0,-1,-99.9,,
19823,"ENERGIZER BATTERY ALKALINE 9V MAX-9V OLT 1X12PK",71.9,"ELECTRICAL APPLIANCES",BATTERIES,BATTERY,7,0,-7,-503.3,,
197397,"LG LED TV 50"" SMART UHD 4K 50UA85006LA",10999,"ELECTRONICS & TELECOM","LED TV","SMART TV",1,0,-1,-10999,,
203950,"CERES NECTAR MANGO MANIA JUICE 1L 12",28.49,SUPERMARKET,BEVERAGES,JUICE,7,0,-7,-199.43,,
201278,"BENNY ADVENTURES TALES",15.9,STATIONERY,"CHILDREN BOOKS AND GEN REF","BOOKS AND LEARNINGS",5,0,-5,-79.5,,
20129,"PRINGLES SOUR CREAM & ONION 165G  19",44.99,SUPERMARKET,"FOOD CUPBOARD",SNACKS,3,0,-3,-134.97,,
202184,"SOFTCARE PINK SANITARY PAD 16PCS   24",16.49,SUPERMARKET,"HOME AND PERSONAL CARE","FEMININE CARE",24,0,-24,-395.76,,
65584,"TISSUE HOLDER MIX DESIGN YWU",4.9,"HOUSEWARE & KITCHENWARE","HOME HYGIENE",HOLDERS,30,0,-30,-147,,
53709,"PLATINUM CORNED BEEF 340G X 24",44.99,SUPERMARKET,"FOOD CUPBOARD","CANNED FOOD",28,0,-28,-1259.72,,
65800,"BABY WALKER MIX COLOUR 666",699,"TOYS AND ENTERTAINMENT",INFANTS,"BABY WALKER",2,0,-2,-1398,,
66315,"LELE STRAWBERRY FLAVOURED TEA  37.5G 12",17.99,SUPERMARKET,BEVERAGES,TEA,6,0,-6,-107.94,,
54362,"SUPER STAR WASHING BRUSH  P-5224",1.9,"HOUSEWARE & KITCHENWARE","HOME IMPROVEMENT",BRUSH,5,0,-5,-9.5,,
54412,"BEL-AQUA NATURAL MINERAL WATER  750ML  15",2.49,SUPERMARKET,BEVERAGES,"MINERAL WATER",48,0,-48,-119.52,,
54455,"SERVING BOWL MELAMINE 8 INCHES ZHN C04785",12.9,"HOUSEWARE & KITCHENWARE","MELAMINE WARE","MEL BOWL/BOWL+COVER",4,0,-4,-51.6,,
66508,"DINNER PLATE MELAMINE 12 INCHES ZHN G3800212",16.9,"HOUSEWARE & KITCHENWARE","MELAMINE WARE","MEL PLATE",25,0,-25,-422.5,,
54998,"CAREX HANDWASH ORIGINAL 250ML  12",24.99,SUPERMARKET,"HOME AND PERSONAL CARE","PERSONAL WASH",14,0,-14,-349.86,,
61862,"MASTERCHEF VACUUM FLAS 1.0L MC-F9001",119,"HOUSEWARE & KITCHENWARE",KITCHENWARE,"SALT AND PEPPER/CRUETS",10,0,-10,-1190,,
55555,"MELCOM SUPERSAVER CARD SILVER",20,MISCELLANEOUS,MISCELLANEOUS,"GIFT VOUCHERS",39,0,-39,-780,,
55557,"PRAN GUAVA JUICE TETRA PACK 1L  12",22.99,SUPERMARKET,BEVERAGES,JUICE,12,0,-12,-275.88,,
63888,"SABA DETERGENT POWDER 150G  40",4.99,SUPERMARKET,"HOME AND PERSONAL CARE","LAUNDRY CARE",11,0,-11,-54.89,,
50456,"TOP CHOCO BREAD SPREAD 650G  12",53.99,SUPERMARKET,"FOOD CUPBOARD","SPREADS AND TOPPING",14,0,-14,-755.86,,
44832,"CERES HANEPOOT WHITE GRAPE JUICE 1L  12",39.49,SUPERMARKET,BEVERAGES,JUICE,8,0,-8,-315.92,,
63990,"NIVEA MEN BODY LOTION MAXIMUM HYDRATION 400ML  12",124.99,SUPERMARKET,"HOME AND PERSONAL CARE","SKIN CARE",11,0,-11,-1374.89,,
64103,"DOLAIT NATURAL SUGAR DRINKING YOGHURT 200ML 10",9.99,SUPERMARKET,"FRESH DAIRY AND EGGS",Yoghurt,31,0,-31,-309.69,,
57618,"ROYAL AROMA VIETNAM RICE - 25KG",499.99,SUPERMARKET,"FOOD CUPBOARD","RAW RICE",1,0,-1,-499.99,,
46742,"JUVER DISFRUTA 10 FRUITS & 10 VITAMINS JUICE 1L 12",32.99,SUPERMARKET,BEVERAGES,JUICE,10,0,-10,-329.9,,
64664,"COLGATE TOOTHPASTE TRIPLE ACTION  MINT 140G  72",19.99,SUPERMARKET,"HOME AND PERSONAL CARE","ORAL CARE",14,0,-14,-279.86,,
58190,"COLGATE TOOTHBRUSH ZIGZAG PLUS MEDIUM  120",12.99,SUPERMARKET,"HOME AND PERSONAL CARE","ORAL CARE",84,0,-84,-1091.16,,
48241,"DELTA JOY MULTIPURPOSE  TOWEL 250SHEET (21CM) 12",21.99,SUPERMARKET,"HOME AND PERSONAL CARE",DISPOSABLE,8,0,-8,-175.92,,
48384,"5 STAR VANDA COOL DRINK 350ML  16",2.89,SUPERMARKET,BEVERAGES,DRINKS,17,0,-17,-49.13,,
36408,"2000 WIHTE SUGAR 1KG  10",37.99,SUPERMARKET,"FOOD CUPBOARD","SALT  SUGAR AND JAGGERY",1,0,-1,-37.99,,
36727,"SMILE POCKET TISSUE 1X10X30",15.49,SUPERMARKET,"HOME AND PERSONAL CARE",DISPOSABLE,28,0,-28,-433.72,,
36773,"FROSTY BITE ICE CREAM VANILLA TUB 1800ML 1",64.99,SUPERMARKET,"FROZEN FOOD",ICE-CREAM,1,0,-1,-64.99,,
23130,"ENA PA MACKEREL IN TOMATO SAUCE  EO  425G  24",22.99,SUPERMARKET,"FOOD CUPBOARD","CANNED FOOD",39,0,-39,-896.61,,
23132,"ENA PA MACKEREL IN TOMATO SAUCE H/O 155G 50",11.99,SUPERMARKET,"FOOD CUPBOARD","CANNED FOOD",45,0,-45,-539.55,,
37540,"WC NET INTENSE SOL RIM BLOCK LAV. FRESH (4PCS)  12",70.99,SUPERMARKET,"HOME AND PERSONAL CARE",FRESHENERS,18,0,-18,-1277.82,,
25057,"LELE CHUNKS LIGHT MEAT TUNA 160G 24",24.99,SUPERMARKET,"FOOD CUPBOARD","CANNED FOOD",36,0,-36,-899.64,,
37638,"DEVA POWER BLEACH  2L   8",44.99,SUPERMARKET,"HOME AND PERSONAL CARE","HOUSEHOLD CLEANERS",6,0,-6,-269.94,,
208749,"IDEAL ORIGINAL EVAPORATED MILK 410G 24",29.99,SUPERMARKET,"FOOD CUPBOARD","MILK AND CREAMERS",95,0,-95,-2849.05,,
32172,"VACCUM MUG 450ML PLASTIC INNER STEEL YWU",18.9,"HOUSEWARE & KITCHENWARE",DINNERWARE,MUGS,1,0,-1,-18.9,,
209240,"PEPSODENT TP FIFA ANTIBACTERIA MV 95G 36",22.99,SUPERMARKET,"HOME AND PERSONAL CARE","ORAL CARE",35,0,-35,-804.65,,
26331,"TOM TOM STRONG MENTHOL FLAV. CANDY 128G  24",14.49,SUPERMARKET,"FOOD CUPBOARD",CONFECTIONERY,1,0,-1,-14.49,,
39465,"CAMPARI BITTERS 1L 6",298.99,SUPERMARKET,"BEVERAGES ALCOHOLIC",LIQUER,2,0,-2,-597.98,,
34237,"8PM WHISKY 1L 12 (BOX PACK)",119.99,SUPERMARKET,"BEVERAGES ALCOHOLIC",WHISKEY,3,0,-3,-359.97,,
40547,"HAPPY DELIGHT MULTIFRUIT JUICE 200ML 24",5.29,SUPERMARKET,BEVERAGES,JUICE,14,0,-14,-74.06,,
35646,"PRAN FROOTO MANGO JUICE 1000 ML 12",24.99,SUPERMARKET,BEVERAGES,JUICE,4,0,-4,-99.96,,
91432,"BECKY QUEEN PEANUT CRAUNCH 230G  12",30.99,SUPERMARKET,"FOOD CUPBOARD","BREAKFAST CEREALS",13,0,-13,-402.87,,
91456,"DON SIMON MANGO JUICE DRINK 500ML 12",24.99,SUPERMARKET,BEVERAGES,JUICE,19,0,-19,-474.81,,
91536,"DETTOL SOAP BEST EVER COOL  155G    48",21.99,SUPERMARKET,"HOME AND PERSONAL CARE","PERSONAL WASH",30,0,-30,-659.7,,
91234,"SAIRO BATH&SHOWER GEL MARINE EXCLUSIVE 750ML 8",51.99,SUPERMARKET,"HOME AND PERSONAL CARE","PERSONAL WASH",10,0,-10,-519.9,,
91236,"SAIRO BATH&SHOWER GEL PAPAYASENSATION 750ML 8",51.99,SUPERMARKET,"HOME AND PERSONAL CARE","PERSONAL WASH",4,0,-4,-207.96,,
94080,"DZIRE GAS STOVE 2B GLASS TGGP2B-G26",465,"GAS COOKER & ACCESSORIES","GAS COOKER","TABLE TOP GAS STOVE",1,0,-1,-465,,
94163,"SATNAM PERFUMED INSECT REPELLANT LEMON 141.7GMS",18.99,SUPERMARKET,"HOME AND PERSONAL CARE","INSECTICIDES AND RODENT CONTROL",39,0,-39,-740.61,,
91842,"AKAI PRESSURE MULTI COOKER 6L 1000W PCK001A-D60",899,"ELECTRICAL APPLIANCES","RICE/ MULTI COOKER","MULTI COOKER",1,0,-1,-899,,
89802,"JIK BLEACH ORIGINAL 950ML   12",31.99,SUPERMARKET,"HOME AND PERSONAL CARE","HOUSEHOLD CLEANERS",10,0,-10,-319.9,,
89856,"SHINE DISPO. CUP 500CC DELUXE  (16S X 50PCS)  20",28.99,SUPERMARKET,"HOME AND PERSONAL CARE",DISPOSABLE,1,0,-1,-28.99,,
84938,"PLASTIC KNIFE  50PCS",8.99,SUPERMARKET,"HOME AND PERSONAL CARE",DISPOSABLE,39,0,-39,-350.61,,
87294,"HUAWEI MOBILE Y7 2018 SCREEN PROTECTOR",29,"ELECTRONICS & TELECOM","MOBILE ACCESSORIES","MOBILE COVERS/SCREEN PROTECTORS",2,0,-2,-58,,
85351,"HIGHBURY CLASSIC WHISKY 750ML 6",149.99,SUPERMARKET,"BEVERAGES ALCOHOLIC",WHISKEY,8,0,-8,-1199.92,,
92724,"SHOWER CADDY METAL WIRE YWU",69,"HOUSEWARE & KITCHENWARE",BATHROOM,"BATHROOM SHELF RACKS HOLDERS",7,0,-7,-483,,
92763,"BAMBOO KABEB STICK  50X35CM 115 YWU",6.9,"HOUSEWARE & KITCHENWARE",KITCHENWARE,"BBQ AND ACCESSORIES",23,0,-23,-158.7,,
90468,"MATA SLICE MUSHROOMS 400G  24",21.99,SUPERMARKET,"FOOD CUPBOARD","CANNED FOOD",19,0,-19,-417.81,,
92867,"TOYS BUBBLE GUN SET LX0305646",85,"TOYS AND ENTERTAINMENT","BACKYARD PLAY","SWIMMING AND POOL ACCESSORIES",4,0,-4,-340,,
90604,"CURTAIN ROD SINGLE 120-210 11032-210AC",119,"HOME DECOR & TEXTILES","CURTAIN RODS","CURTAIN RODS",4,0,-4,-476,,
85700,"AKAI LED LIGHT RECHARGEABLE LS013RA-1044L/LS028A",229,"ELECTRICAL APPLIANCES",LIGHTING/LAMPS,"TORCH/ LANTERN",11,0,-11,-2519,,
93193,"HAND FAN MIX DESIGNCOLOR",10.9,"TOYS AND ENTERTAINMENT","PARTY SUPPLIES","CELEBRATION DECOR AND ACCESSORIES",12,0,-12,-130.8,,
88232,"AKAI HOME THEATRE SYSTEM 2.1CH SS055A-C641",1899,"ELECTRONICS & TELECOM",AUDIO,"HOME THEATRE",2,0,-2,-3798,,
88239,"BINATONE BLENDER 1.5L 350W WHITE BLG 450 MK2",669,"ELECTRICAL APPLIANCES","FOOD PROCESSOR/BLENDER",BLENDERS,7,0,-7,-4683,,
88248,"LG LED TV 43"" SATELLITE 43LK5100PVB/43LM5500",5999,"ELECTRONICS & TELECOM","LED TV","SATELLITE TV",1,0,-1,-5999,,
79218,"8"" MATTRESS 54X75INCH  HD D/S LAT",1769,FURNITURE,MATTRESS,"Double Size",1,0,-1,-1769,,
70606,"FUFU BOWL 9INCHES WPLATE CERAMIC WHITE T16001-9",29.9,"HOUSEWARE & KITCHENWARE",DINNERWARE,BOWLS,17,0,-17,-508.3,,
83660,"TOP CHOCO PURE COCOA POWDER  200G 12",49.99,SUPERMARKET,BEVERAGES,"DRINKING POWDERS",9,0,-9,-449.91,,
66921,"PINHO BRIL WILD PINE PLUS DISINFECTANT 1L  12",32.99,SUPERMARKET,"HOME AND PERSONAL CARE","HOUSEHOLD CLEANERS",12,0,-12,-395.88,,
80285,"AKAI GAS STOVE 3B INFRARED GC033A-8536",699,"GAS COOKER & ACCESSORIES","GAS COOKER","TABLE TOP GAS STOVE",3,0,-3,-2097,,
76084,"TOP CHOCO CHOCOLATE SPREAD 500G  12",44.99,SUPERMARKET,"FOOD CUPBOARD","SPREADS AND TOPPING",17,0,-17,-764.83,,
67741,"ALVARO PEAR PET 330ML  12",10.49,SUPERMARKET,BEVERAGES,JUICE,8,0,-8,-83.92,,
71863,"BIC FLEX 3 COMFORT STICK 3BLADE ( 3 BLISTER )   10",95.99,SUPERMARKET,"HOME AND PERSONAL CARE","FEMININE CARE",4,0,-4,-383.96,,
71877,"PEAK EVAPORATED FILLED GREEN MILK 160G 48",9.99,SUPERMARKET,"FOOD CUPBOARD","MILK AND CREAMERS",12,0,-12,-119.88,,
76891,"UNOLI SUNFLOWER OIL 1L 15",54.99,SUPERMARKET,"FOOD CUPBOARD","EDIBLE OILS AND GHEE",11,0,-11,-604.89,,
81504,"DOLAIT NATURAL YOGHURT STRAWBERRY 200G 1",15.49,SUPERMARKET,"FRESH DAIRY AND EGGS",Yoghurt,20,0,-20,-309.8,,
69380,"TEASHOP BOURBON CREAMS BISCUIT 70GM  48",7.49,SUPERMARKET,"FOOD CUPBOARD",BISCUITS,48,0,-48,-359.52,,
69478,"BEKO CHEST FREEZER SD 530L MARBLE TOP WHT HS-530",11999,"ELECTRICAL APPLIANCES",FREEZER,"SINGLE DOOR FREEZER",1,0,-1,-11999,,
69543,"PARIDOX NATURAL SKIN TONER GEL 450ML  20",45.99,SUPERMARKET,"HOME AND PERSONAL CARE","PERSONAL WASH",26,0,-26,-1195.74,,
69932,"BINATONE CEILING FAN 56"" CF5603",595,"ELECTRICAL APPLIANCES",FAN,"CEILING FAN",6,0,-6,-3570,,
78719,"PAINTING WITH FRAME 50*60CM MIX DESIGN 2",89,"HOME DECOR & TEXTILES","HOME DECOR","WallANDTable Decor",2,0,-2,-178,,
78971,"CHRISTMAS DECORATION STAR 60PCS",6.9,"HOME DECOR & TEXTILES","XMAS SEASONAL","xmas season",174,0,-174,-1200.6,,
78975,"CHRISTMAS DECORATION BELLS MIX COLOR 195-14",6.9,"HOME DECOR & TEXTILES","XMAS SEASONAL","xmas season",115,0,-115,-793.5,,
H801,"BANQUET CHAIR CY02/SF1013-1 MAR",579,FURNITURE,"BAR AND HOTEL","Banquet Chairs",5,0,-5,-2895,,
X722,"PRINGLES PAPRIKA 40G   12",19.99,SUPERMARKET,"FOOD CUPBOARD",SNACKS,4,0,-4,-79.96,,
X951,"CERES APPLE FRUIT JUICE 1L 12",39.49,SUPERMARKET,BEVERAGES,JUICE,12,0,-12,-473.88,,
X953,"CERES SECRET OF THE VALLEY 1L 12",39.49,SUPERMARKET,BEVERAGES,JUICE,11,0,-11,-434.39,,
X954,"CERES GUAVA JUICE 1L 12",39.49,SUPERMARKET,BEVERAGES,JUICE,13,0,-13,-513.37,,
N767,"NESCAFE 3IN1 ORIGINAL (8X10) 35G  8",44.49,SUPERMARKET,BEVERAGES,COFFEE,8,0,-8,-355.92,,
N789,"JOHNNIE WALKER BLACK LABEL WHISKY 1L  12",699.99,SUPERMARKET,"BEVERAGES ALCOHOLIC",WHISKEY,5,0,-5,-3499.95,,
N857,"CUSSONS BABY SOAP MILD &GENTLE 70G 96",5.99,SUPERMARKET,"HOME AND PERSONAL CARE","INFANT AND BABY CARE",106,0,-106,-634.94,,
X469,"ANNAPURNA SALT 450G 50-13620002",6.49,SUPERMARKET,"FOOD CUPBOARD","SALT  SUGAR AND JAGGERY",56,0,-56,-363.44,,
X582,"PEAK FULL CREAM EVAPORATED MILK 160G  48",15.99,SUPERMARKET,"FOOD CUPBOARD","MILK AND CREAMERS",20,0,-20,-319.8,,
99567,"COMFORTER KING JACQUARD 6PCS SET HG1177K",599,"HOME DECOR & TEXTILES","BLANKETS QUILTS COMFORTERS AND BEDCOVERS",COMFORTERS,2,0,-2,-1198,,
94363,"AKAI STEAM IRON 2200W EI042A-260SI",259,"ELECTRICAL APPLIANCES","LINEN CARE","STEAM IRONS",2,0,-2,-518,,
96481,"DR MIGHTY WC POWER BLOCKS JASMINE 4 IN 1  48",29.49,SUPERMARKET,"HOME AND PERSONAL CARE",FRESHENERS,46,0,-46,-1356.54,,
A913,"JOHNNIE WALKER RED LABEL WHISKY  1L 12",399.99,SUPERMARKET,"BEVERAGES ALCOHOLIC",WHISKEY,5,0,-5,-1999.95,,
A973,"KASAPREKO CARNIVAL STRAWBERRY 750ML 12",44.99,SUPERMARKET,"BEVERAGES ALCOHOLIC",LIQUER,7,0,-7,-314.93,,
CL127,"PLATE ENAMPA 21CMX3CM",2.9,"HOUSEWARE & KITCHENWARE",DINNERWARE,PLATE,13,0,-13,-37.7,,
CL214,"BOWL ODO 400ML 14CMX4CM",1.5,"HOUSEWARE & KITCHENWARE",SERVEWARE,"SERVING BOWL",78,0,-78,-117,,
CL293,"DRUM WITH LID 70LTR 50CMX63CM",139,"HOUSEWARE & KITCHENWARE","HOUSE HOLD PRODUCTS","STORAGE DRUMS",2,0,-2,-278,,
CL431,"BUCKET WITH LID AND TAP 20LTR 35CMX36CM",49.9,"HOUSEWARE & KITCHENWARE",LAUNDARY,"BUCKETS AND BASINS",8,0,-8,-399.2,,
CL503,"CENTURY CL503 CASSEROLE 2500 ML 6",35.9,"HOUSEWARE & KITCHENWARE","CENTURY PRODUCTS",CASSEROLE,1,0,-1,-35.9,,
CL576,"STACK FOOD CONTAINER 500ML 16.2CMX13CMX8CM",8.9,"HOUSEWARE & KITCHENWARE","STORAGE AND ORGANIZER","STORAGE CONTAINERS",1,0,-1,-8.9,,
98539,"GETTOL ANTISEPTIC LEMON 250ML  24",18.99,SUPERMARKET,"HOME AND PERSONAL CARE","HEALTH AND WELLNESS",3,0,-3,-56.97,,
CL602,"BASIN 9LTR 36CMX13CM",13.9,"HOUSEWARE & KITCHENWARE",LAUNDARY,"BUCKETS AND BASINS",13,0,-13,-180.7,,
CL619,"FRIDGE BOTTLE 900ML SQUARE 7CMX24CM",9.9,"HOUSEWARE & KITCHENWARE","FLASK AND BOTTLES",BOTTLE,19,0,-19,-188.1,,
98607,"PARLE CHOCO RINGS  BISCUITS 52G  48",2.29,SUPERMARKET,"FOOD CUPBOARD",BISCUITS,13,0,-13,-29.77,,
CL686,"ROYAL CASSEROLE PLASTIC 1500ML 25CMX22CMX13CM",24.9,"HOUSEWARE & KITCHENWARE",SERVEWARE,CASSEROLES,7,0,-7,-174.3,,
CL713,"SPICE CONTAINER 400ML 12.6CMX12.6CMX5.5CM",4.5,"HOUSEWARE & KITCHENWARE","STORAGE AND ORGANIZER","STORAGE CONTAINERS",1,0,-1,-4.5,,
95405,"FANTA COCKTAIL PET 300ML 12",6.49,SUPERMARKET,BEVERAGES,DRINKS,15,0,-15,-97.35,,
97129,"KLEANZ HAND SANITIZER 300ML  4",28.99,SUPERMARKET,"HOME AND PERSONAL CARE","PERSONAL WASH",17,0,-17,-492.83,,
98710,"GALAXY SPARKLING WINE FRUIT COCKTAI DRINK 750ML 12",57.99,SUPERMARKET,"BEVERAGES ALCOHOLIC",WINES,71,0,-71,-4117.29,,
CL727,"CONTAINER KEEP FRESH ROUND 2100 ML 20CMX8.5CM",9.9,"HOUSEWARE & KITCHENWARE","STORAGE AND ORGANIZER","STORAGE CONTAINERS",-1,0,1,9.9,,
CL745,"OHEMA CASSEROLE 2PCS SET 500 & 1000 ML",29.9,"HOUSEWARE & KITCHENWARE",SERVEWARE,CASSEROLES,6,0,-6,-179.4,,
CL774,"CONTAINER 3000ML OPAQUE 26CMX18CMX10CM",19.6,"HOUSEWARE & KITCHENWARE","STORAGE AND ORGANIZER","STORAGE CONTAINERS",3,0,-3,-58.8,,
CL776,"FOOD FLASK 1500ML",29.9,"HOUSEWARE & KITCHENWARE",SERVEWARE,CASSEROLES,1,0,-1,-29.9,,
CL781,"FOOD FLASK 2500ML",39.9,"HOUSEWARE & KITCHENWARE",SERVEWARE,CASSEROLES,9,0,-9,-359.1,,
98943,"MY BLOCKS LEGO GAMES 32PCS TY-304",22.99,"TOYS AND ENTERTAINMENT","BLOCKS AND CONSTRUCTION SETS","STACKING AND PLUGGING TOYS",34,0,-34,-781.66,,
95661,"AMALFI  HAND SOAP  LOVE 500ML  12",25.99,SUPERMARKET,"HOME AND PERSONAL CARE","PERSONAL WASH",4,0,-4,-103.96,,
97651,"SUNLIGHT GREEN DISH WASH BTL 400ML  24",27.99,SUPERMARKET,"HOME AND PERSONAL CARE","HOUSEHOLD CLEANERS",24,0,-24,-671.76,,
97664,"MJ-S  MAYONNAISE 510ML   12",46.99,SUPERMARKET,"FOOD CUPBOARD","SPREADS AND TOPPING",11,0,-11,-516.89,,
97665,"MJ-S MAYONNAISE ORIGINAL 946ML (32OZ)  12",61.99,SUPERMARKET,"FOOD CUPBOARD","SPREADS AND TOPPING",12,0,-12,-743.88,,
02387,"PICCADILLY GEM BISCUITS 250G  15",15.99,SUPERMARKET,"FOOD CUPBOARD",BISCUITS,7,0,-7,-111.93,,
00362,"ZWAN BEEF LUNCHEON MEAT 200G 12",36.99,SUPERMARKET,"FOOD CUPBOARD","CANNED FOOD",4,0,-4,-147.96,,
04142,"SHINE FACIAL TISSUE  200PK  10",17.49,SUPERMARKET,"HOME AND PERSONAL CARE",DISPOSABLE,3,0,-3,-52.47,,
07023,"YAZZ SANITARY PAD  EXTRA LONG MINTY 24",17.99,SUPERMARKET,"HOME AND PERSONAL CARE","FEMININE CARE",9,0,-9,-161.91,,
08813,"WC NET INTENSE GEL LAVENDER FRESH 750ML  12",53.99,SUPERMARKET,"HOME AND PERSONAL CARE","HOUSEHOLD CLEANERS",12,0,-12,-647.88,,
08763,"COUNTRE MILK BANANA 500ML 18",35.99,SUPERMARKET,BEVERAGES,DRINKS,6,0,-6,-215.94,,
08770,"COUNTRE MILK CHOCOLATE 500ML 18",35.99,SUPERMARKET,BEVERAGES,DRINKS,1,0,-1,-35.99,,
100030,"NANA-S RICE LONG GRAIN RICE 5% BROKENNESS 1KG 20",32.99,SUPERMARKET,"FOOD CUPBOARD","RAW RICE",3,0,-3,-98.97,,
100140,"SOUP BOWL 2PCS SET  CERAMIC T103022",29.9,"HOUSEWARE & KITCHENWARE",DINNERWARE,BOWLS,3,0,-3,-89.7,,
100246,"BEDSHEET SET QUEENSIZE 125GSM 3PCS QBS-76",159,"HOME DECOR & TEXTILES","BED SHEET","QUEEN SIZE BEDSHEET",4,0,-4,-636,,
100505,"LONG MOUNTAIN NATURAL SWEET WHITE WINE 750ML 6",65.99,SUPERMARKET,"BEVERAGES ALCOHOLIC",WINES,4,0,-4,-263.96,,
101060,"N0 8 SPICY RINGS CHIPS 20G 60",1.69,SUPERMARKET,"FOOD CUPBOARD",SNACKS,6,0,-6,-10.14,,
101077,"PERLA LUXURY MOISTURIZING SOAP ROSE 175G  18",9.99,SUPERMARKET,"HOME AND PERSONAL CARE","PERSONAL WASH",16,0,-16,-159.84,,
100813,"DINNER KNIFE 6 PCS T-01KN",9.9,"HOUSEWARE & KITCHENWARE","CUTLERY ITEMS","SPOONS FORKS KNIFE AND CUTLERY SET",49,0,-49,-485.1,,
101865,"FRIDGE BOTTLE 1000ML PLASTIC SQUARE H20",9.9,"HOUSEWARE & KITCHENWARE","FLASK AND BOTTLES",BOTTLE,3,0,-3,-29.7,,
102994,"LEA COMPLEXION CARE SOAP LYS 150G  48",10.89,SUPERMARKET,"HOME AND PERSONAL CARE","PERSONAL WASH",21,0,-21,-228.69,,
103064,"DAY BY DAY MEN LOTION 200ML  36",11.99,SUPERMARKET,"HOME AND PERSONAL CARE","SKIN CARE",23,0,-23,-275.77,,
103201,"AVSAR FRUIT FLAV WATER DUCHESS PEAR&NECTARIN 200ML",10.99,SUPERMARKET,BEVERAGES,"MINERAL WATER",1,0,-1,-10.99,,
103766,"GIVERS LIQUID DETERGENT 2.5L  6",53.99,SUPERMARKET,"HOME AND PERSONAL CARE","LAUNDRY CARE",6,0,-6,-323.94,,
103781,"SAIRO SAVON LIQUID  HAND WASH STRAWBERRY 500ML 12",24.99,SUPERMARKET,"HOME AND PERSONAL CARE","PERSONAL WASH",1,0,-1,-24.99,,
103783,"GIVERS W/C CLEANER 750ML  20",31.99,SUPERMARKET,"HOME AND PERSONAL CARE","HOUSEHOLD CLEANERS",23,0,-23,-735.77,,
103854,"BINATONE BLENDER W/MILL 1.5L 350W BLG 460",669,"ELECTRICAL APPLIANCES","FOOD PROCESSOR/BLENDER",BLENDERS,1,0,-1,-669,,
104562,"ADEPA MULTIPURPOSE TOWEL 8ROLLS   2",75.99,SUPERMARKET,"HOME AND PERSONAL CARE",DISPOSABLE,2,0,-2,-151.98,,
104670,"ORAL B JUNIOR TB STAR WARS (6-12) YEARS   96",55.99,SUPERMARKET,"HOME AND PERSONAL CARE","ORAL CARE",76,0,-76,-4255.24,,
105476,"KENWOOD BLENDER W/MILL 1.5L 500W BLP15.150BK/WH",855,"ELECTRICAL APPLIANCES","FOOD PROCESSOR/BLENDER",BLENDERS,5,0,-5,-4275,,
105801,"DILMAH JASMIN GREEN TEA 20TB 30G 12",23.99,SUPERMARKET,BEVERAGES,TEA,3,0,-3,-71.97,,
106551,"MIDEA LED BULB A 9W E27 COOL MDL-BUA6009W-6500K",8.25,"ELECTRICAL APPLIANCES","LIGHT BULBS","LED BULB",23,0,-23,-189.75,,
106820,"SHINE PAPER PLATES SQAURE 14CM  (25PCS)  40",15.99,SUPERMARKET,"HOME AND PERSONAL CARE",DISPOSABLE,11,0,-11,-175.89,,
106821,"SHINE PAPER PLATE RECTANGULAR 18 X14CM (25PCS)  20",19.99,SUPERMARKET,"HOME AND PERSONAL CARE",DISPOSABLE,15,0,-15,-299.85,,
106822,"SHINE TOILET PAPER PREMIUM (10PCS)  1",48.99,SUPERMARKET,"HOME AND PERSONAL CARE",DISPOSABLE,9,0,-9,-440.91,,
107210,"DZIRE BLUETOOTH SPEAKER W/USB/FM/TF CARD PS-396",119,"ELECTRONICS & TELECOM",AUDIO,"PORTABLE/BT SPEAKER",18,0,-18,-2142,,
107808,"JUG W/CUP / LID 3000ML PLASTIC HW1024C",29.9,"HOUSEWARE & KITCHENWARE",SERVEWARE,"SERVING JUGS",5,0,-5,-149.5,,
10759,"KELLOGGS FROSTIES 414G  10",69.99,SUPERMARKET,"FOOD CUPBOARD","BREAKFAST CEREALS",16,0,-16,-1119.84,,
117370,"XMAS DECOR W/3BELLS DESIGN GOLD JHWFW21-190",8.9,"HOME DECOR & TEXTILES","XMAS SEASONAL","xmas season",105,0,-105,-934.5,,
115950,"SANITA MULTIPURPOSE ALUMINIUM FOIL 10MX40CM  32",28.99,SUPERMARKET,"HOME AND PERSONAL CARE",DISPOSABLE,6,0,-6,-173.94,,
115952,"SANITA CLUB 2KITCHEN TOWELS  10",24.99,SUPERMARKET,"HOME AND PERSONAL CARE",DISPOSABLE,1,0,-1,-24.99,,
115168,"VOLTPLUS EXTENSION SOCKET 4W2M I.SWIT VP-EC4W2MMS",149,"ELECTRICAL APPLIANCES",ELECTRICALS,"EXTENSION CORD",2,0,-2,-298,,
117610,"PLUNGER PLASTIC UR-3016",16.9,"HOUSEWARE & KITCHENWARE","HOME HYGIENE","TOILET BRUSHES",18,0,-18,-304.2,,
116095,"BATHROOM SCALE CHN PP1600V0",249,"HOUSEWARE & KITCHENWARE","WEIGHING SCALE","BATHROOM SCALE",3,0,-3,-747,,
115371,"TROLLEY WWHEEL 3LAYER RECT 49X32X68CM PP506005",149,"HOUSEWARE & KITCHENWARE",KITCHENWARE,"RACKS AND HOLDERS",5,0,-5,-745,,
118148,"QUEEN MATTRESS BED BATH 72""*75"" ASHFOAM",2090,FURNITURE,MATTRESS,"Queen Size",1,0,-1,-2090,,
116479,"NANA MILK PLAIN YOGHURT 1KG  1",39.99,SUPERMARKET,"FRESH DAIRY AND EGGS",Yoghurt,3,0,-3,-119.97,,
113100,"TROPICAL SUN COCONUT MILK 400ML  12",39.99,SUPERMARKET,"FOOD CUPBOARD","MILK AND CREAMERS",5,0,-5,-199.95,,
109770,"DUSTBIN WLID WHIRLPOOL DESIGN 7L PLASTIC M-132",59,"HOUSEWARE & KITCHENWARE","HOME HYGIENE",DUSTBINS,6,0,-6,-354,,
111380,"BIBLE STORY OLD TESTAMENT BOOK W12TITLE ED774",12.9,STATIONERY,"CHILDREN BOOKS AND GEN REF","BOOKS AND LEARNINGS",8,0,-8,-103.2,,
114716,"ENGLISH DICTIONARY MINI 619PAGES EB-847",32.99,STATIONERY,"CHILDREN BOOKS AND GEN REF","BOOKS AND LEARNINGS",14,0,-14,-461.86,,
109786,"CONTAINER SET 4PCS LOCK&FIT PLASTIC  M-1069",109,"HOUSEWARE & KITCHENWARE","STORAGE AND ORGANIZER","STORAGE CONTAINERS",9,0,-9,-981,,
113236,"LAUNDRY SCRUBBING BRUSH BLUE PLASTIC 115E",9.9,"HOUSEWARE & KITCHENWARE",LAUNDARY,"LAUNDARY BRUSH",4,0,-4,-39.6,,
108229,"GREEN WORLD  EXTRA KILLER INSECTICIDE 400ML  24",40.99,SUPERMARKET,"HOME AND PERSONAL CARE",FRESHENERS,5,0,-5,-204.95,,
108397,"PARLE SIMPLY GOOD DIGESTIVE HONEY & OATS 72G  36",5.49,SUPERMARKET,"FOOD CUPBOARD",BISCUITS,36,0,-36,-197.64,,
113454,"WATER BOTTLE 800ML PINEAPPLE SHAPE PLASTIC L00758",9.9,"HOUSEWARE & KITCHENWARE","FLASK AND BOTTLES",BOTTLE,8,0,-8,-79.2,,
110131,"SPAGHETTI TONG 20CM SS S2093",9.9,"HOUSEWARE & KITCHENWARE","KITCHEN TOOLS AND CULTARY",TONGS,42,0,-42,-415.8,,
113789,"MCBERRY BREAKFAST CEREAL BISCUITS 30G  72",1.39,SUPERMARKET,"FOOD CUPBOARD",BISCUITS,11,0,-11,-15.29,,
112026,"COLGATE TOOTHPASTE CHARCOAL GENTLE CLEAN  120G  48",22.99,SUPERMARKET,"HOME AND PERSONAL CARE","ORAL CARE",52,0,-52,-1195.48,,
113955,"BEL-COLA CAN DRINK 330ML 24",8.49,SUPERMARKET,BEVERAGES,DRINKS,24,0,-24,-203.76,,
108983,"FESTIVA  EVAPORATED MILK 170G 48",7.49,SUPERMARKET,"FOOD CUPBOARD","MILK AND CREAMERS",36,0,-36,-269.64,,
112467,"LUNCH BOX PLASTIC RECT SLIM SMALL 437X3ML L3705X3M",29.9,"HOUSEWARE & KITCHENWARE","STORAGE AND ORGANIZER","LUNCH BOXES TIFFINS AND FOOD FLASK",8,0,-8,-239.2,,
109289,"MORNING FRESH DISHWASH ORIGINAL 1000ML  12",49.99,SUPERMARKET,"HOME AND PERSONAL CARE","HOUSEHOLD CLEANERS",13,0,-13,-649.87,,
110747,"SANITA CLUB TRASH BAGS 10GALLONSX30   16",50.99,SUPERMARKET,"HOME AND PERSONAL CARE",DISPOSABLE,15,0,-15,-764.85,,
110882,"NATURAL FIELDS PURE HONEY 650G  12",55.99,SUPERMARKET,"FOOD CUPBOARD","SPREADS AND TOPPING",10,0,-10,-559.9,,
125262,"ROMAR FABRIC SOFTENER CONC. FLORA 2L  6",81.99,SUPERMARKET,"HOME AND PERSONAL CARE","LAUNDRY CARE",1,0,-1,-81.99,,
124122,"SPONGE GREEN 2PCS SET 2107970",4.9,"HOUSEWARE & KITCHENWARE","HOME HYGIENE","SPONGE SCRUBBERS AND SCOURERS",9,0,-9,-44.1,,
124127,"SPONGE NAIL SAVER 5PCS SET 1909109",22.9,"HOUSEWARE & KITCHENWARE","HOME HYGIENE","SPONGE SCRUBBERS AND SCOURERS",9,0,-9,-206.1,,
122216,"AIRPRO AIRFRSHNER ORG.CAN SWEET PINEAPPLE 42G  24",39.99,SUPERMARKET,"HOME AND PERSONAL CARE",FRESHENERS,15,0,-15,-599.85,,
122286,"TOOTHPICK W/PLASTIC CASE",2.9,"HOUSEWARE & KITCHENWARE","HOUSE HOLD PRODUCTS","HOUSE HOLD",496,0,-496,-1438.4,,
123487,"DISH RACK 48X27X8CM PP505001",24.9,"HOUSEWARE & KITCHENWARE",KITCHENWARE,"DISH RACKS",34,0,-34,-846.6,,
122736,"UNIMAX TRIO DC BALLPEN BLACK 1.0MM FBTDCBK35",3.99,STATIONERY,"GENERAL STATIONERY","   WRITING SUPPLIES",30,0,-30,-119.7,,
119591,"FARAGELLO GOLD GUAVA NECTAR GLASS BOTTLE 1L  6",33.99,SUPERMARKET,BEVERAGES,JUICE,2,0,-2,-67.98,,
119283,"DOMS PENCIL SET 12PCS A1 HEXAGONAL 3414",21.9,STATIONERY,"GENERAL STATIONERY","   WRITING SUPPLIES",-2,0,2,43.8,,
119286,"DOMS PENCIL SET 6PCS BI-COLOR 12SHADES 7172",17.9,STATIONERY,"GENERAL STATIONERY","   WRITING SUPPLIES",9,0,-9,-161.1,,
121825,"CLOTHES PEG SET 12PCS RAPID",9.9,"HOUSEWARE & KITCHENWARE",LAUNDARY,"CLOTH PEGS / CLIP",8,0,-8,-79.2,,
120683,"DAEWOO TV BRACKET 32-55"" W/TILT DE-TVB1069",88,"ELECTRONICS & TELECOM","VIDEO ACCESSORIES","TV BRACKET AND ACCESSORIES",8,0,-8,-704,,
130991,"PHILIPS LED BULB 14W E27 6500K 8"" 929002299968",31,"ELECTRICAL APPLIANCES","LIGHT BULBS","LED BULB",1,0,-1,-31,,
131521,"GOODYS SPICY HOT SHITO 165G 12",39.99,SUPERMARKET,"FOOD CUPBOARD",CONDIMENTS,22,0,-22,-879.78,,
133028,"CHOPPING BOARD 28X38X18CM BAMBOO YWU",69,"HOUSEWARE & KITCHENWARE","KNIFE AND CHOPPING BOARD","CHOPPING BOARDS AND CHOPPERS",8,0,-8,-552,,
129576,"DINNER PLATE EMBOSSED AVIOS 105 DP105 RJK",16.9,"HOUSEWARE & KITCHENWARE",DINNERWARE,PLATE,34,0,-34,-574.6,,
129600,"OPENER WFRIDGE MAGNET 85X13X12 YWU",4.9,"HOUSEWARE & KITCHENWARE","CUTLERY ITEMS",OPENERS,30,0,-30,-147,,
129605,"OPENER SURFBOARD DESIGN YWU",4.9,"HOUSEWARE & KITCHENWARE","CUTLERY ITEMS",OPENERS,30,0,-30,-147,,
129608,"OPENER BOURBON DESIGN YWU",4.9,"HOUSEWARE & KITCHENWARE","CUTLERY ITEMS",OPENERS,24,0,-24,-117.6,,
126206,"AIRPRO HANGING BOTTLE A/FRESHNER DIOR FHEIT 10ML12",35.99,SUPERMARKET,"HOME AND PERSONAL CARE",FRESHENERS,12,0,-12,-431.88,,
126209,"AIRPRO  AIRFRESHENER GEL  LAVENDER 128G  24",24.49,SUPERMARKET,"HOME AND PERSONAL CARE",FRESHENERS,33,0,-33,-808.17,,
126217,"AIRPRO A/FRESHNER ORGANIC CAN WILD S/BERRY 42G  24",39.99,SUPERMARKET,"HOME AND PERSONAL CARE",FRESHENERS,23,0,-23,-919.77,,
126219,"AIRPRO AIRFRESHNER ORGANIC CAN WARM VANILLA 42G 24",39.99,SUPERMARKET,"HOME AND PERSONAL CARE",FRESHENERS,20,0,-20,-799.8,,
128776,"TEXTLIGHTER 12YRS+ LUXOR 2PCS 4011/2BC",13.9,STATIONERY,"GENERAL STATIONERY","   WRITING SUPPLIES",8,0,-8,-111.2,,
125359,"ROMAR FABRIC SOFTENER TALC 750ML  15",36.99,SUPERMARKET,"HOME AND PERSONAL CARE","LAUNDRY CARE",2,0,-2,-73.98,,
128810,"STATIONARY SET STUDENTS 12YR+ LUXOR 6PCS 1301/6BC",19.9,STATIONERY,"GENERAL STATIONERY","   WRITING SUPPLIES",4,0,-4,-79.6,,
127749,"PAPER BOX CAKE HEIGHTEN 10 30X30X34CM YWU",44.9,"HOUSEWARE & KITCHENWARE",BAKEWARE,MOULDS,15,0,-15,-673.5,,
127757,"PAPER BOX CAKE DOUBLE TIER 14 385X385X28CM YWU",59,"HOUSEWARE & KITCHENWARE",BAKEWARE,MOULDS,20,0,-20,-1180,,
127905,"MCBERRY BELLA CHOCOLATE CREAM CAKE 30G 144",2.49,SUPERMARKET,"FOOD CUPBOARD",SNACKS,144,0,-144,-358.56,,
128946,"SCISSORS OFP0155 129149",14.9,STATIONERY,"OFFICE STATIONERY","OFFICE BASIC AND STATIONERY",1,0,-1,-14.9,,
128951,"SCISSORS 147341/147334/147358/147365",9,STATIONERY,"OFFICE STATIONERY","OFFICE BASIC AND STATIONERY",11,0,-11,-99,,
125869,"POPIZZ SPARKLING DRINK APPLE 750ML  6",49.99,SUPERMARKET,"BEVERAGES ALCOHOLIC",WINES,6,0,-6,-299.94,,
141370,"WINE BUCKET W/SHAKER 750ML SET 4PCS PLAIN 52035",49.9,"HOUSEWARE & KITCHENWARE",KITCHENWARE,"BAR TOOLS AND ACCESSORIES",7,0,-7,-349.3,,
141391,"TONG UTILITY VINYL COATED 30CM 59024-A",24.9,"HOUSEWARE & KITCHENWARE","KITCHEN TOOLS AND CULTARY",TONGS,1,0,-1,-24.9,,
141401,"TONG SPAGHETTI ROUND END 8  19003-K",12.9,"HOUSEWARE & KITCHENWARE","KITCHEN TOOLS AND CULTARY",TONGS,1,0,-1,-12.9,,
141421,"PAN SPOON SLOTTED PEARL 13  59046",9.9,"HOUSEWARE & KITCHENWARE","KITCHEN TOOLS AND CULTARY","COOKING TOOL LADLES AND SERVERS",14,0,-14,-138.6,,
141429,"TONG SPAGHETTI PEARL 13  59050",9.9,"HOUSEWARE & KITCHENWARE","KITCHEN TOOLS AND CULTARY",TONGS,9,0,-9,-89.1,,
141435,"SKIMMER PIPE HANDLE 9  59054",9.9,"HOUSEWARE & KITCHENWARE","KITCHEN TOOLS AND CULTARY","COOKING TOOL LADLES AND SERVERS",12,0,-12,-118.8,,
139702,"MCBERRY PURE DELIGHT MARBLE CAKE SLICES 27G 144",2.89,SUPERMARKET,"FOOD CUPBOARD",SNACKS,145,0,-145,-419.05,,
137491,"BUMBLE BABY WET WIPES 100 PCS BABY SCENTED  12",26.99,SUPERMARKET,"HOME AND PERSONAL CARE","INFANT AND BABY CARE",3,0,-3,-80.97,,
133927,"PROFA TOM BROWN 400G  30",25.99,SUPERMARKET,"FOOD CUPBOARD","BREAKFAST CEREALS",5,0,-5,-129.95,,
134757,"BASKET TRAY PERFORATED PP50353",4.9,"HOUSEWARE & KITCHENWARE","STORAGE AND ORGANIZER",BASKET,4,0,-4,-19.6,,
135981,"DUSTBIN GREY WSWING LID 50 LT PLASTIC UP237-212",49.9,"HOUSEWARE & KITCHENWARE","HOME HYGIENE",DUSTBINS,1,0,-1,-49.9,,
137493,"BUMBLE BABY WET WIPES 120 PCS LA BELLA  12",31.99,SUPERMARKET,"HOME AND PERSONAL CARE","INFANT AND BABY CARE",5,0,-5,-159.95,,
133381,"PARLE SIMPLY GOOD CRACKER ORIGINAL 44.9G  48",2.29,SUPERMARKET,"FOOD CUPBOARD",BISCUITS,45,0,-45,-103.05,,
133382,"PARLE SIMPLY GOOD CRACKER ORIGINAL 24G  72",1.09,SUPERMARKET,"FOOD CUPBOARD",BISCUITS,66,0,-66,-71.94,,
136952,"DISH RACK 44.5X30.5X5CM SK-48",19.9,"HOUSEWARE & KITCHENWARE",KITCHENWARE,"DISH RACKS",6,0,-6,-119.4,,
134437,"KRACKS CHIPS PAPRIKA 160G  14",42.99,SUPERMARKET,"FOOD CUPBOARD",SNACKS,3,0,-3,-128.97,,
148325,"DINNER PLATE COUPE SHAPE 1025 2023C RJK",14.9,"HOUSEWARE & KITCHENWARE",DINNERWARE,PLATE,19,0,-19,-283.1,,
148385,"SHOPPING BASKET HANDY IRONWOOD ROUND F10626 RJK",69,"HOUSEWARE & KITCHENWARE","STORAGE AND ORGANIZER",BASKET,9,0,-9,-621,,
149456,"LAV TUMBLER SET OF 3PCS LV-VLR374AX",49.9,"HOUSEWARE & KITCHENWARE",GLASSWARE,"GLASS / TUMBLER /WINE / CHAMPAGNE",12,0,-12,-598.8,,
149457,"LAV TUMBLER 3PCS SET LVTOK350A",29.9,"HOUSEWARE & KITCHENWARE",GLASSWARE,"GLASS / TUMBLER /WINE / CHAMPAGNE",3,0,-3,-89.7,,
148448,"MUG 350ML CERAMIC DESIGNER YWU",12.9,"HOUSEWARE & KITCHENWARE",DINNERWARE,MUGS,36,0,-36,-464.4,,
148543,"PERLA MINERAL WATER 330ML 24",1.29,SUPERMARKET,BEVERAGES,"MINERAL WATER",121,0,-121,-156.09,,
149625,"WALL CLOCK 38X38X4.4CM ZX-9467",129,"HOME DECOR & TEXTILES","HOME DECOR","WallANDTable Decor",4,0,-4,-516,,
149763,"BAKING LADDLE SOUP SILICONE ILB BD600KA0408 RK",29.9,"HOUSEWARE & KITCHENWARE","KITCHEN TOOLS AND CULTARY","COOKING TOOL LADLES AND SERVERS",2,0,-2,-59.8,,
148809,"CLOTHES HANGER 2LAYER MULTIPURPOSE METAL YWU",199,"HOUSEWARE & KITCHENWARE",LAUNDARY,"CLOTH HANGERS",5,0,-5,-995,,
14724,"EASY MOUZOO COCKTAIL JUICE GLASS BOTTLE 250ML 24",10.99,SUPERMARKET,BEVERAGES,JUICE,25,0,-25,-274.75,,
145773,"DUSTBIN PEDAL W/BUCKET 17L PLASTIC M-825",159,"HOUSEWARE & KITCHENWARE","HOME HYGIENE",DUSTBINS,1,0,-1,-159,,
145816,"BELPAK ECO GREEN NAPKIN   15",5.99,SUPERMARKET,"HOME AND PERSONAL CARE",DISPOSABLE,16,0,-16,-95.84,,
14282,"CAMEL STANDARD LIQUID 125ML 48",16.99,SUPERMARKET,"HOME AND PERSONAL CARE","HEALTH AND WELLNESS",23,0,-23,-390.77,,
144786,"KNIFE DINNER 6PCS SET SIGMA",9.9,"HOUSEWARE & KITCHENWARE","CUTLERY ITEMS","SPOONS FORKS KNIFE AND CUTLERY SET",9,0,-9,-89.1,,
14503,"FLORA WRAPPED TROLL 2PLY 1 X 10 X 7",40.99,SUPERMARKET,"HOME AND PERSONAL CARE",DISPOSABLE,6,0,-6,-245.94,,
143232,"POUCH SEALER CLIP LEEZA 18PCS SET 3.5  FB-1",2.9,"HOUSEWARE & KITCHENWARE",KITCHENWARE,"KITCHEN ACCESSORIES",35,0,-35,-101.5,,
147136,"OBA SUNFLOWER OIL 850ML X 12",39.99,SUPERMARKET,"FOOD CUPBOARD","EDIBLE OILS AND GHEE",1,0,-1,-39.99,,
14714,"EASY MOUZOO APPLE  TETRAPACK JUICE 1L 12",23.99,SUPERMARKET,BEVERAGES,JUICE,11,0,-11,-263.89,,
147161,"PLATINUM SUNFLOWER OIL 1.8L X 6",99.99,SUPERMARKET,"FOOD CUPBOARD","EDIBLE OILS AND GHEE",5,0,-5,-499.95,,
156291,"ASEDA LOCAL WHITE RICE 5KG 5",139.99,SUPERMARKET,"FOOD CUPBOARD","RAW RICE",7,0,-7,-979.93,,
155864,"SOAP DISPENSER GLASS C-00519",26.9,"HOUSEWARE & KITCHENWARE",BATHROOM,"SOAP DISH CASE DISPENSERS",5,0,-5,-134.5,,
156577,"ARTIFICIAL FLOWER",95,"HOME DECOR & TEXTILES","HOME DECOR",DECORATIVE,4,0,-4,-380,,
156650,"KIDS TUMBLER WLID AND STRAW 450ML PLASTIC T002 YWU",59,"HOUSEWARE & KITCHENWARE","FLASK AND BOTTLES","CUPS AND TUMBLERS",2,0,-2,-118,,
155145,"FLORA JOY UNWRAPPED  TOILET ROLL VIRGIN (10X7)  7",37.99,SUPERMARKET,"HOME AND PERSONAL CARE",DISPOSABLE,6,0,-6,-227.94,,
155422,"GAS LIGHTER MYQ9-1821",19,"GAS COOKER & ACCESSORIES","GAS COOKER","GAS REGULATOR AND ACCESSORIES",25,0,-25,-475,,
151350,"CLOCK FOOTBALL BASKETBALL",49.9,"HOME DECOR & TEXTILES","HOME DECOR","WallANDTable Decor",6,0,-6,-299.4,,
152684,"DINING SET 1+4 MAMAROX DTGJ-C223/DCGJ-A216",2790,FURNITURE,"DINING SETS","4 SEATER SET",1,0,-1,-2790,,
153419,"VACUUM FLASK MIRACLE MASTERCHEF MC-F3217",69,"HOUSEWARE & KITCHENWARE","FLASK AND BOTTLES",FLASK,1,0,-1,-69,,
153442,"BELPAK PERFUMED  T-ROLL (LEMON) 10 ROLLS     6",43.99,SUPERMARKET,"HOME AND PERSONAL CARE",DISPOSABLE,9,0,-9,-395.91,,
153491,"BEL ALKAPLUS MELCOM MINERAL WATER 500ML 15",2.29,SUPERMARKET,BEVERAGES,"MINERAL WATER",60,0,-60,-137.4,,
152998,"AKAI SANDWICH MAKER 4SLICE 1500W SM021A-8002",449,"ELECTRICAL APPLIANCES","SANDWICH MAKER","4 SLICE SANDWICH MAKER",1,0,-1,-449,,
153266,"LAV STEMWARE 3PCS LV-EMP568A",59,"HOUSEWARE & KITCHENWARE",GLASSWARE,"GLASS / TUMBLER /WINE / CHAMPAGNE",4,0,-4,-236,,
151039,"BIGOO COCKTAIL DRINK 350ML 20",2.99,SUPERMARKET,BEVERAGES,DRINKS,40,0,-40,-119.6,,
165067,"GLASS JUG WLID 1860ML GJ18 RJK",39.9,"HOUSEWARE & KITCHENWARE",GLASSWARE,"JUGS/JUG WITH LIDS",5,0,-5,-199.5,,
165068,"GLASS JUG WLID 1860ML GJW18 RJK",39.9,"HOUSEWARE & KITCHENWARE",GLASSWARE,"JUGS/JUG WITH LIDS",5,0,-5,-199.5,,
165128,"MELCOM TROLL SUPREME (10ROLLS)  6",39.99,SUPERMARKET,"HOME AND PERSONAL CARE",DISPOSABLE,27,0,-27,-1079.73,,
163893,"FRIDGE BOTTLE 1500 ML PLASTIC SEA BLUE DELUXE 2621",9.9,"HOUSEWARE & KITCHENWARE","FLASK AND BOTTLES",BOTTLE,-6,0,6,59.4,,
164131,"TOILET BRUSH WHOLDER BLACKSTORY PLASTIC 161241-010",69,"HOUSEWARE & KITCHENWARE","HOME HYGIENE","TOILET BRUSHES",9,0,-9,-621,,
162392,"CAN FANTA COCKTAIL  330ML 24",9.49,SUPERMARKET,BEVERAGES,DRINKS,24,0,-24,-227.76,,
162416,"CHAIR PAD 40X40CMS POLYESTER MYQ9-1871",25.9,"HOME DECOR & TEXTILES","COVERS CUSHION/PILLOW/CHAIR","ASSORTED PILLOWS AND CUSHIONS",11,0,-11,-284.9,,
164611,"SHOWER RACK HANGING METAL 2 TIER ORSA 173",99,"HOUSEWARE & KITCHENWARE",BATHROOM,"BATHROOM SHELF RACKS HOLDERS",3,0,-3,-297,,
164619,"CORNER SHELF 2TIER METAL ORSA 910",79,"HOUSEWARE & KITCHENWARE",BATHROOM,"BATHROOM SHELF RACKS HOLDERS",2,0,-2,-158,,
164392,"DINNER PLATE EMBOSSED 1025 WK24001 RJK",29.9,"HOUSEWARE & KITCHENWARE",DINNERWARE,PLATE,25,0,-25,-747.5,,
164394,"SIDE PLATE EMBOSSED 75 WK24002 RJK",14.9,"HOUSEWARE & KITCHENWARE",DINNERWARE,PLATE,20,0,-20,-298,,
164408,"WATER BOTTLE 690ML PLASTIC INSULATED BTSKOOL RIDER",9.9,"HOUSEWARE & KITCHENWARE","FLASK AND BOTTLES",BOTTLE,6,0,-6,-59.4,,
162702,"DINNER PLATE MELAMINE 14 INCHES FEILU 22514",9.9,"HOUSEWARE & KITCHENWARE","MELAMINE WARE","MEL PLATE",1,0,-1,-9.9,,
163638,"KISS APPLE SPARKLING DRINK 750ML  6",42.99,SUPERMARKET,"BEVERAGES ALCOHOLIC",WINES,5,0,-5,-214.95,,
161248,"DZIRE HOME THEATRE SYSTEM 3.1CH 60W HT313S-6030",739,"ELECTRONICS & TELECOM",AUDIO,"HOME THEATRE",1,0,-1,-739,,
159063,"TOOTH BRUSH HOLDER PP F1350 RJK",29.9,"HOUSEWARE & KITCHENWARE",BATHROOM,"BATHROOM SHELF RACKS HOLDERS",23,0,-23,-687.7,,
158427,"DZIRE INDUSTRIAL STANDING FAN 24"" 80W IFS24-DCFG60",1839,"ELECTRICAL APPLIANCES",FAN,"INDUSTRIAL FAN",1,0,-1,-1839,,
161577,"DZIRE CEILING FAN 56"" WHITE CF 56 W-VIS",349,"ELECTRICAL APPLIANCES",FAN,"CEILING FAN",4,0,-4,-1396,,
160466,"TUMBLER GLASS 6PCS SET 270ML G25005 LTREND",29.9,"HOUSEWARE & KITCHENWARE",GLASSWARE,"GLASS / TUMBLER /WINE / CHAMPAGNE",4,0,-4,-119.6,,
159709,"MUNCHEE MILK SHORT CAKE BISCUITS 65G  48",4.19,SUPERMARKET,"FOOD CUPBOARD",BISCUITS,33,0,-33,-138.27,,
159753,"PENCIL CASE WITH ZIPPER",9.9,STATIONERY,"GENERAL STATIONERY","   WRITING SUPPLIES",2,0,-2,-19.8,,
159761,"MUNCHEE ANYTIME CRACKER BISCUITS 46G  48",2.49,SUPERMARKET,"FOOD CUPBOARD",BISCUITS,1,0,-1,-2.49,,
159854,"STICKY NOTE (100X5) 500SHEET ASSORTED COL 76X76MM",22.9,STATIONERY,"OFFICE STATIONERY","OFFICE BASIC AND STATIONERY",14,0,-14,-320.6,,
161901,"BOWL W/RING LID MEDIUM 250ML PLASTIC L-00881",9.9,"HOUSEWARE & KITCHENWARE","STORAGE AND ORGANIZER","STORAGE CONTAINERS",11,0,-11,-108.9,,
172946,"ARIEL HIGH STUD LAVENDER 500G  24",39.99,SUPERMARKET,"HOME AND PERSONAL CARE","LAUNDRY CARE",10,0,-10,-399.9,,
169249,"DUSTPAN WBRUSH TWINS GBB22",34.9,"HOUSEWARE & KITCHENWARE","HOME HYGIENE","BROOM BRUSHES DUSTPANS",6,0,-6,-209.4,,
169320,"AKAI HIFI SPEAKER 40W RECHAR W/LMIC HT028A-2614",1399,"ELECTRONICS & TELECOM",AUDIO,"HI-FI SPEAKER SYSTEM",3,0,-3,-4197,,
173725,"KIVO 100% NATURAL CURRY PLUS POWDER 50G 80",5.49,SUPERMARKET,"FOOD CUPBOARD","SPICES AND HERBS",33,0,-33,-181.17,,
168857,"CARVING KNIFE 725 CPQT018CR RJK",16.9,"HOUSEWARE & KITCHENWARE","KNIFE AND CHOPPING BOARD","SINGLE KNIFE",16,0,-16,-270.4,,
168866,"KNIFE SET 3PCS 5535 CPCA2018033PCS RJK",59,"HOUSEWARE & KITCHENWARE","KNIFE AND CHOPPING BOARD","KNIFE SETS",6,0,-6,-354,,
168868,"KNIFE SET 4PCS 45 CPNEW01BSLERE4PB RJK",14.9,"HOUSEWARE & KITCHENWARE","KNIFE AND CHOPPING BOARD","KNIFE SETS",21,0,-21,-312.9,,
166542,"WATER BOTTLE 1300ML PLASTIC PNP3309",9.9,"HOUSEWARE & KITCHENWARE","FLASK AND BOTTLES",BOTTLE,23,0,-23,-227.7,,
166544,"WATER BOTTLE 1790ML PLASTIC PNP3443",9.9,"HOUSEWARE & KITCHENWARE","FLASK AND BOTTLES",BOTTLE,24,0,-24,-237.6,,
167503,"BEVERAGE DISPENSER WRACK 49L 57801 RJK",169,"HOUSEWARE & KITCHENWARE",GLASSWARE,"DISPENSERS / DECANTER SETS",2,0,-2,-338,,
16844,"NIVEA EXPRESS HYDRATION BODY LOTION 400ML 12",127.99,SUPERMARKET,"HOME AND PERSONAL CARE","SKIN CARE",6,0,-6,-767.94,,
168565,"MCBERRY MAXI CHOCO COOKIE BAR 17G  72",1.29,SUPERMARKET,"FOOD CUPBOARD",BISCUITS,64,0,-64,-82.56,,
166955,"BRUHM LED TV 32"" SAT BTF-32S",2499,"ELECTRONICS & TELECOM","LED TV","SATELLITE TV",2,0,-2,-4998,,
167746,"COOKWARE 10PCS SET 2MM DIECAST HROLAND HR1171 RK",1199,"HOUSEWARE & KITCHENWARE",COOKWARE,"COOKWARE SET",2,0,-2,-2398,,
167853,"BROOM PLASTIC WWOODEN HANDLE B501B RJK",19.9,"HOUSEWARE & KITCHENWARE","HOME HYGIENE","BROOM BRUSHES DUSTPANS",12,0,-12,-238.8,,
179599,"CLAMP BINDER 25MM 8PCS/BOX",5.9,STATIONERY,"OFFICE STATIONERY","OFFICE BASIC AND STATIONERY",8,0,-8,-47.2,,
179717,"RNS COLOURED PENCIL WATER-SOLUBLE 24C 130176",119,STATIONERY,"SCHOOL AND CHILDREN STATIONERY","ART AND HOBBY SETS",10,0,-10,-1190,,
179732,"AKAI RICE COOKER 1.5L 500W CK022A-1.5LS",399,"ELECTRICAL APPLIANCES","RICE/ MULTI COOKER","POT TYPE RICE COOKER",7,0,-7,-2793,,
179736,"AKAI RICE COOKER DELUXE 2.8L 900W CK026A-2.8LD",699,"ELECTRICAL APPLIANCES","RICE/ MULTI COOKER","DELUXE RICE COOKER",10,0,-10,-6990,,
178130,"PAPER DOILIES 20PCS 105 YWU",8.9,"HOUSEWARE & KITCHENWARE",BAKEWARE,"BAKING TOOLS AND ACCESSORIES",18,0,-18,-160.2,,
179141,"MOUTH ORGAN MELODICA MIX COLOR 16",23.9,"TOYS AND ENTERTAINMENT","MUSICAL KIDS INSTRUMENTS","FLUTE AND WHISTLES",1,0,-1,-23.9,,
178219,"BATH SPONGE SET NYLON YWU",19.9,"HOUSEWARE & KITCHENWARE",BATHROOM,"BATH BRUSH SPONGES SCOURERS",13,0,-13,-258.7,,
179207,"DIARY 80 GSM 17.1X24.3CM B5 ASST DESIGN COL YW",22.9,STATIONERY,"SCHOOL AND CHILDREN STATIONERY","NOTE BOOKS",1,0,-1,-22.9,,
179511,"DZIRE HOME THEATRE 2.1CH 53W HT212S-IM2023",1049,"ELECTRONICS & TELECOM",AUDIO,"HOME THEATRE",1,0,-1,-1049,,
175384,"MUNCHEE MORNING DELIGHT CHOCOLATE BISCUIT 26G  72",1.39,SUPERMARKET,"FOOD CUPBOARD",BISCUITS,2,0,-2,-2.78,,
184617,"SIDE PLATE 9"" CERAMIC STKLT FP02 RJK",12.9,"HOUSEWARE & KITCHENWARE",DINNERWARE,PLATE,39,0,-39,-503.1,,
184618,"DINNER PLATE 10"" CERAMIC STKLT FP03 RJK",19.9,"HOUSEWARE & KITCHENWARE",DINNERWARE,PLATE,35,0,-35,-696.5,,
183269,"WHISKEY 6PCS SET 325ML BARLEY PJ 191101 RJK",49.9,"HOUSEWARE & KITCHENWARE",GLASSWARE,"GLASS / TUMBLER /WINE / CHAMPAGNE",15,0,-15,-748.5,,
183277,"TUMBLER 6PCS SET 400ML FLORIDA BW 14714 RJK",59,"HOUSEWARE & KITCHENWARE",GLASSWARE,"GLASS / TUMBLER /WINE / CHAMPAGNE",14,0,-14,-826,,
18381,"BABY GIRL POWDER M/S 180G   4",12.99,SUPERMARKET,"HOME AND PERSONAL CARE","INFANT AND BABY CARE",3,0,-3,-38.97,,
184022,"FANTA STRAWBERRY PET DRINK 1.5L 6",23.99,SUPERMARKET,BEVERAGES,DRINKS,7,0,-7,-167.93,,
184101,"PEELER VEGFRUIT 77502 KA074",2.9,"HOUSEWARE & KITCHENWARE","KNIFE AND CHOPPING BOARD","VEG AND FRUIT PEELERS",59,0,-59,-171.1,,
183435,"TUMBLER GLASS EMBOSSED 400ML 3PCS SET 3GS01 RJK",34.9,"HOUSEWARE & KITCHENWARE",GLASSWARE,"GLASS / TUMBLER /WINE / CHAMPAGNE",15,0,-15,-523.5,,
184266,"CLOTH HANGER 7.5X36CM XSJ3600",99,"HOUSEWARE & KITCHENWARE",LAUNDARY,"CLOTH HANGERS",2,0,-2,-198,,
184293,"LG LED TV 43 SAT SMART 43LR60006LA",5999,"ELECTRONICS & TELECOM","LED TV","SMART TV",2,0,-2,-11998,,
184383,"CLOTHES HANGER 10PCS SET 40CM PLAST Y106140CM YWU",59,"HOUSEWARE & KITCHENWARE",LAUNDARY,"CLOTH HANGERS",30,0,-30,-1770,,
183628,"DINNER KNIFE 6PCS 1806KN",22.9,"HOUSEWARE & KITCHENWARE","CUTLERY ITEMS","SPOONS FORKS KNIFE AND CUTLERY SET",6,0,-6,-137.4,,
182987,"HANGER 445X12MM W02A HOBC S6 RJK",69,"HOUSEWARE & KITCHENWARE",LAUNDARY,"CLOTH HANGERS",8,0,-8,-552,,
182129,"PLATINUM SUNFLOWER OIL 820ML 15",39.99,SUPERMARKET,"FOOD CUPBOARD","EDIBLE OILS AND GHEE",11,0,-11,-439.89,,
190498,"BORDER PRINT BATHMAT W/LATEX ASSORTED 40X60CM",25.9,"HOME DECOR & TEXTILES","HOME FURNISHING","BATH LINEN",40,0,-40,-1036,,
189519,"SMIRNOFF ICE DOUBLE BLACK CAN  330ML 24",18.49,SUPERMARKET,"BEVERAGES ALCOHOLIC",CIDER,1,0,-1,-18.49,,
189567,"KENWOOD STANDING FAN 18"" IFP18.000BK",699,"ELECTRICAL APPLIANCES",FAN,"STANDING FAN",1,0,-1,-699,,
189568,"KIVO 4 IN 1 GARI SOAKING MIX COCONUT 120G  40",4.99,SUPERMARKET,"FOOD CUPBOARD",FLOURS,45,0,-45,-224.55,,
18751,"NESTLE CERELAC BL 3FRUITS 50G 10X8",7.59,SUPERMARKET,"FOOD CUPBOARD","BREAKFAST CEREALS",42,0,-42,-318.78,,
190049,"BEER GLASS 650ML FOOTBALL YWU",16.9,"HOUSEWARE & KITCHENWARE",GLASSWARE,"BEER MUGS AND BEER GLASS",21,0,-21,-354.9,,
186695,"RAINBOW CONTAINER 7PCS SET RECT PLASTIC 8018-7",49.9,"HOUSEWARE & KITCHENWARE","STORAGE AND ORGANIZER","STORAGE CONTAINERS",11,0,-11,-548.9,,
185364,"HAPPY FLAKES CUBE SUGAR 500G 24",18.99,SUPERMARKET,"FOOD CUPBOARD","SALT  SUGAR AND JAGGERY",10,0,-10,-189.9,,
185418,"CURTAIN BKT GROM COFF 2P 54X90"" 02-PA-7216D",199,"HOME DECOR & TEXTILES",CURTAINS,"GROMMET CURTAINS",3,0,-3,-597,,
184788,"TUMBLER 6PCS SET GLASS 330ML",89,"HOUSEWARE & KITCHENWARE",GLASSWARE,"GLASS / TUMBLER /WINE / CHAMPAGNE",7,0,-7,-623,,
186184,"DECORATIVE PAINTING 30.8X23.6X20.4CM WN250810",39.9,"HOME DECOR & TEXTILES","HOME DECOR","WallANDTable Decor",3,0,-3,-119.7,,
187171,"KNIFE SET 5PCS RJK ID-A823SA1002",99,"HOUSEWARE & KITCHENWARE","KNIFE AND CHOPPING BOARD","KNIFE SETS",23,0,-23,-2277,,
187185,"COOKING BRUSH SILICONE RJK B-D600KA0520",19.9,"HOUSEWARE & KITCHENWARE","KITCHEN TOOLS AND CULTARY","COOKING BRUSH",10,0,-10,-199,,
186666,"LUNCH BOX W/YOGURT CUP PLASTIC RJK YH448",129,"HOUSEWARE & KITCHENWARE","STORAGE AND ORGANIZER","LUNCH BOXES TIFFINS AND FOOD FLASK",5,0,-5,-645,,
193503,"LAV STEMWARE 6PCS SET LVMIS560F",89,"HOUSEWARE & KITCHENWARE",GLASSWARE,"GLASS / TUMBLER /WINE / CHAMPAGNE",4,0,-4,-356,,
194899,"COOKING TOOL 2PCS SET SILICONE ZHN S-T02",6.9,"HOUSEWARE & KITCHENWARE","KITCHEN TOOLS AND CULTARY","COOKING TOOL SET",43,0,-43,-296.7,,
191979,"DINNER SPOON 45G0325 ZHN",24.9,"HOUSEWARE & KITCHENWARE","CUTLERY ITEMS","SPOONS FORKS KNIFE AND CUTLERY SET",54,0,-54,-1344.6,,
190725,"MANICURE 6PCS SET YWU",22.9,"HOUSEWARE & KITCHENWARE",BATHROOM,"BATHROOM ACCESSORIES",11,0,-11,-251.9,,
190728,"MANICURE 5PCS SET YWU",19.9,"HOUSEWARE & KITCHENWARE",BATHROOM,"BATHROOM ACCESSORIES",2,0,-2,-39.8,,
190730,"MANICURE 3PCS SET YWU",9.9,"HOUSEWARE & KITCHENWARE",BATHROOM,"BATHROOM ACCESSORIES",5,0,-5,-49.5,,
192232,"BELLORA FOOD STORAGE BOWL 3PCS SET HL7012DC",19.9,"HOUSEWARE & KITCHENWARE","STORAGE AND ORGANIZER","STORAGE CONTAINERS",17,0,-17,-338.3,,
191897,"KENWOOD RICE COOKER 1.8L 700W SS RCM19",669,"ELECTRICAL APPLIANCES","RICE/ MULTI COOKER","POT TYPE RICE COOKER",3,0,-3,-2007,,
200331,"H&H NON DAIRY CREAMER 240G  50",20.99,SUPERMARKET,"FOOD CUPBOARD","MILK AND CREAMERS",26,0,-26,-545.74,,
200289,"H&H MAYONNAISE 250ML 12",27.49,SUPERMARKET,"FOOD CUPBOARD","SPREADS AND TOPPING",13,0,-13,-357.37,,
200292,"H&H TOMATO KETCHUP 340G 24",19.49,SUPERMARKET,"FOOD CUPBOARD",CONDIMENTS,29,0,-29,-565.21,,
200302,"H&H SEASONING (NOODLES & SPAGHETTI) (12X50) 10G 50",15.99,SUPERMARKET,"FOOD CUPBOARD",CONDIMENTS,48,0,-48,-767.52,,
200613,"HUNGRY BREAD VANILLA FRUIT CAKE 300G 1",39.99,SUPERMARKET,BAKERY,BREADS,5,0,-5,-199.95,,
197591,"PLATINUM CRYSTAL SUGAR 1KG 10",24.99,SUPERMARKET,"FOOD CUPBOARD","SALT  SUGAR AND JAGGERY",10,0,-10,-249.9,,
197985,"MCBERRY PURE DELIGHT CHOCOLATE COOKIES 54G 144",1.99,SUPERMARKET,"FOOD CUPBOARD",BISCUITS,121,0,-121,-240.79,,
197088,"MCBERRY CHOCO VANILLA BALLS BISCUITS 19G  100",1.99,SUPERMARKET,"FOOD CUPBOARD",BISCUITS,71,0,-71,-141.29,,
19822,"ENERGIZER BATTERY ALKALINE C MAX-C 1X8 6PK",77.9,"ELECTRICAL APPLIANCES",BATTERIES,BATTERY,2,0,-2,-155.8,,
205681,"REO COLA CARBONATED SOFT DRINK  350ML 16",2.99,SUPERMARKET,BEVERAGES,DRINKS,3,0,-3,-8.97,,
207968,"LUX BAR SOAP  FLAW-LESS 170G 48",22.99,SUPERMARKET,"HOME AND PERSONAL CARE","PERSONAL WASH",48,0,-48,-1103.52,,
207976,"LUX BAR SOAP  NOURISHING  170G 48",22.99,SUPERMARKET,"HOME AND PERSONAL CARE","PERSONAL WASH",48,0,-48,-1103.52,,
202840,"WINE GLASS WITH DECANTER 7PCS SET G26012",119,"HOUSEWARE & KITCHENWARE",GLASSWARE,"GLASS / TUMBLER /WINE / CHAMPAGNE",8,0,-8,-952,,
201277,"TRACE & COLOUR BOOK",14.9,STATIONERY,"CHILDREN BOOKS AND GEN REF","BOOKS AND LEARNINGS",3,0,-3,-44.7,,
202224,"LG LED TV 55"" SAT SMART UHD 55UA85006LA",10499,"ELECTRONICS & TELECOM","LED TV","SMART TV",1,0,-1,-10499,,
202517,"MONTY MOON CHIPS BANANA 25G  50",2.99,SUPERMARKET,"FOOD CUPBOARD",SAVOURIES,43,0,-43,-128.57,,
65526,"TAMPICO CITRUS PUNCH 1L 6",15.49,SUPERMARKET,BEVERAGES,JUICE,6,0,-6,-92.94,,
60512,"OBA CLASSIC SPAGHETTI 400G  20",9.99,SUPERMARKET,"FOOD CUPBOARD","PASTA AND SPAGHETTI",22,0,-22,-219.78,,
60514,"VASELINE DRY SKIN REPAIR LOTION  400ML  48",49.99,SUPERMARKET,"HOME AND PERSONAL CARE","SKIN CARE",28,0,-28,-1399.72,,
60956,"BINATONE BLENDER  W/MILL 1.5L 350W BLG402/402 MK2",669,"ELECTRICAL APPLIANCES","FOOD PROCESSOR/BLENDER",BLENDERS,6,0,-6,-4014,,
61535,"PARLE -G ORIGINAL GLUCO BISCUITS 21GM  72",1.09,SUPERMARKET,"FOOD CUPBOARD",BISCUITS,1,0,-1,-1.09,,
42961,"KOTEX MAXI SANITARY PAD SUPER16",59.99,SUPERMARKET,"HOME AND PERSONAL CARE","FEMININE CARE",4,0,-4,-239.96,,
49250,"DEVA HAND SOAP STRAWBERRY 2.5L  6",67.99,SUPERMARKET,"HOME AND PERSONAL CARE","PERSONAL WASH",10,0,-10,-679.9,,
62429,"YAZZ PANTY LINER  48",13.29,SUPERMARKET,"HOME AND PERSONAL CARE","FEMININE CARE",48,0,-48,-637.92,,
49723,"SIBLOU LIGHT MEAT TUNA CHUNKS IN VEG OIL 160G  48",29.99,SUPERMARKET,"FOOD CUPBOARD","CANNED FOOD",44,0,-44,-1319.56,,
55861,"PHILIPS TOASTER 2 SLICE POP UP 800W HD2595",355,"ELECTRICAL APPLIANCES","TOASTER/TOSTER OVEN",TOASTERS,1,0,-1,-355,,
63512,"MEDISOFT DEODORANT PREMIUM SOAP PINK 175G  48",18.99,SUPERMARKET,"HOME AND PERSONAL CARE","PERSONAL WASH",38,0,-38,-721.62,,
56622,"TRADITION FACIAL TISSUE  2PLY  150TISSUES   36",11.49,SUPERMARKET,"HOME AND PERSONAL CARE",DISPOSABLE,52,0,-52,-597.48,,
56629,"PAPILION SHOWER GEL FRUIT THERAPY  400ML  12",27.99,SUPERMARKET,"HOME AND PERSONAL CARE","PERSONAL WASH",10,0,-10,-279.9,,
50883,"KISS CIDER CHERRY  500ML  24",23.99,SUPERMARKET,"BEVERAGES ALCOHOLIC",CIDER,18,0,-18,-431.82,,
50951,"JOHNNIE WALKER GOLD LABEL WHISKY  750ML 6",899.99,SUPERMARKET,"BEVERAGES ALCOHOLIC",WHISKEY,4,0,-4,-3599.96,,
64104,"DOLAIT STRAWBERRY DRINKING YOGHURT 200ML 10",9.99,SUPERMARKET,"FRESH DAIRY AND EGGS",Yoghurt,54,0,-54,-539.46,,
46403,"SERVING BOWL MELAMINE 9 INCHES ZHN G320129",16.9,"HOUSEWARE & KITCHENWARE","MELAMINE WARE","MEL BOWL/BOWL+COVER",37,0,-37,-625.3,,
57869,"CUSSONS MORNING FRESH D/WASH ORIGINAL  450ML  18",26.99,SUPERMARKET,"HOME AND PERSONAL CARE","HOUSEHOLD CLEANERS",13,0,-13,-350.87,,
57878,"CUSSONS MORNING FRESH D/WASH ZESTY LEMON 450ML  18",26.99,SUPERMARKET,"HOME AND PERSONAL CARE","HOUSEHOLD CLEANERS",14,0,-14,-377.86,,
64662,"IRISH SPRING BODY WASH MOISTURE BLAST 591ML  4",119.99,SUPERMARKET,"HOME AND PERSONAL CARE","PERSONAL WASH",4,0,-4,-479.96,,
46884,"SERVING BOWL MELAMINE 10 INCHES ZHN C03510",22.9,"HOUSEWARE & KITCHENWARE","MELAMINE WARE","MEL BOWL/BOWL+COVER",29,0,-29,-664.1,,
52717,"CUSSONS BABY OIL SOFT & SMOOTH 100ML  48",12.49,SUPERMARKET,"HOME AND PERSONAL CARE","INFANT AND BABY CARE",70,0,-70,-874.3,,
53438,"COLGATE TP LIQUID CALCIUM 230G VALUE PACK  48",27.99,SUPERMARKET,"HOME AND PERSONAL CARE","ORAL CARE",52,0,-52,-1455.48,,
30033,"VEGA THAI HOM MALI JASMINE RICE 5KG  5",249.99,SUPERMARKET,"FOOD CUPBOARD","RAW RICE",8,0,-8,-1999.92,,
36774,"FROSTY BITE ICE CREAM STRAWBERRY TUB 1800ML 1",64.99,SUPERMARKET,"FROZEN FOOD",ICE-CREAM,1,0,-1,-64.99,,
42280,"OLD MANSION VSOP DELUXE BRANDY 750ML 12",99.99,SUPERMARKET,"BEVERAGES ALCOHOLIC","COGNAC / BRANDY",7,0,-7,-699.93,,
23129,"ENA PA SARDINES IN VEGETABLE OIL 125G 50",11.99,SUPERMARKET,"FOOD CUPBOARD","CANNED FOOD",71,0,-71,-851.29,,
37062,"HARPIC ACTIVE FRESH MOUNTAIN PINE  725ML   12",38.99,SUPERMARKET,"HOME AND PERSONAL CARE","HOUSEHOLD CLEANERS",1,0,-1,-38.99,,
37657,"DEVA POWER MAX BLEACH 1L  12",22.99,SUPERMARKET,"HOME AND PERSONAL CARE","HOUSEHOLD CLEANERS",-8,0,8,183.92,,
25741,"LUNCH BOX POTLUCK MASTERCHEF SS+PLASTIC 3.6L",299,"HOUSEWARE & KITCHENWARE","STORAGE AND ORGANIZER","LUNCH BOXES TIFFINS AND FOOD FLASK",25,0,-25,-7475,,
38043,"PARIDOX ALATA SAMINA B&S GEL ALOE VERA 450ML 20",41.99,SUPERMARKET,"HOME AND PERSONAL CARE","PERSONAL WASH",20,0,-20,-839.8,,
38491,"FRYTOL VEGETABLE COOKING OIL 4.5L 4",169.99,SUPERMARKET,"FOOD CUPBOARD","EDIBLE OILS AND GHEE",5,0,-5,-849.95,,
38828,"DINNER PLATE COUPE 10INCHES CERAMIC WHT WF10FP RJK",12.9,"HOUSEWARE & KITCHENWARE",DINNERWARE,PLATE,29,0,-29,-374.1,,
32786,"EASY MOUZOO MANGO TETRAPACK 200ML 27",5.49,SUPERMARKET,BEVERAGES,JUICE,30,0,-30,-164.7,,
26352,"SAIRO MELON HAND WASH 500ML 12",28.99,SUPERMARKET,"HOME AND PERSONAL CARE","PERSONAL WASH",6,0,-6,-173.94,,
32924,"FABER CASTELL RULERS PLATIC TRANS 15CM 6--170640",2.9,STATIONERY,"OFFICE STATIONERY","OFFICE BASIC AND STATIONERY",-1,0,1,2.9,,
39376,"GEURTS APRICOT JAM 450G 12",46.99,SUPERMARKET,"FOOD CUPBOARD","SPREADS AND TOPPING",2,0,-2,-93.98,,
209242,"PEPSODENT TP FIFA PLAQUE FGHTR MV 95G 36",22.99,SUPERMARKET,"HOME AND PERSONAL CARE","ORAL CARE",35,0,-35,-804.65,,
39955,"PRAN PREMIUM ORANGE JUICE TETRA PACK 1L  12",22.99,SUPERMARKET,BEVERAGES,JUICE,1,0,-1,-22.99,,
26950,"VOLTPLUS AVR 2KVA W/110V ASSIST OUTPUT AVR-6022",779,"ELECTRICAL APPLIANCES",ELECTRICALS,AVR/AVS,3,0,-3,-2337,,
27770,"WC NET INTENSE SOL RIM BLOCK OCEAN FRESH (4PCS) 12",70.99,SUPERMARKET,"HOME AND PERSONAL CARE",FRESHENERS,2,0,-2,-141.98,,
40289,"SHINE TOILET ROLL (4 ROLL)  6",19.99,SUPERMARKET,"HOME AND PERSONAL CARE",DISPOSABLE,4,0,-4,-79.96,,
40552,"HAPPY DELIGHT PINE MANGO & PASSION JUICE  200ML24",3.79,SUPERMARKET,BEVERAGES,JUICE,-1,0,1,3.79,,
29084,"PRIVATE EXRA-THIN NORMAL (10PAD)   18",14.49,SUPERMARKET,"HOME AND PERSONAL CARE","FEMININE CARE",13,0,-13,-188.37,,
91429,"SANTA HELENA SOFT & FRUITY SEMI SWEET WINE 750ML 6",78.99,SUPERMARKET,"BEVERAGES ALCOHOLIC",WINES,5,0,-5,-394.95,,
91452,"POPULAR FILLED EVAPORATED MILK 150G 24",7.89,SUPERMARKET,"FOOD CUPBOARD","MILK AND CREAMERS",1,0,-1,-7.89,,
91233,"SAIRO BATH&SHOWER GEL MARINE SALT 750ML 8",50.99,SUPERMARKET,"HOME AND PERSONAL CARE","PERSONAL WASH",9,0,-9,-458.91,,
91254,"CLEANOL ANTISEPTIC DISINFECTANT 500ML   12",26.99,SUPERMARKET,"HOME AND PERSONAL CARE","HEALTH AND WELLNESS",6,0,-6,-161.94,,
91552,"COLGATE MOUTH WASH PLAX PEPPERMINT 250ML  24",51.99,SUPERMARKET,"HOME AND PERSONAL CARE","ORAL CARE",30,0,-30,-1559.7,,
89177,"DISH RACK PLASTIC WTRAY  44X32CM PLASTIC S900L YWU",79,"HOUSEWARE & KITCHENWARE",KITCHENWARE,"DISH RACKS",25,0,-25,-1975,,
83960,"AKAI AVR 2KVA DIGITAL AVR047AD-2KVA",799,"ELECTRICAL APPLIANCES",ELECTRICALS,AVR/AVS,1,0,-1,-799,,
89619,"CURTAIN JACQUARD 02-PA-2100",169,"HOME DECOR & TEXTILES",CURTAINS,"GROMMET CURTAINS",12,0,-12,-2028,,
89621,"JACQUARD PANEL VELVET CURTAIN  PA-2101",179,"HOME DECOR & TEXTILES",CURTAINS,"GROMMET CURTAINS",5,0,-5,-895,,
89691,"WATER BOTTLE 1000ML PLASTIC RUGBY",9.9,"HOUSEWARE & KITCHENWARE","FLASK AND BOTTLES",BOTTLE,1,0,-1,-9.9,,
84922,"PLASTIC COFFEE CUP LID 8OZ  50PCS",9.9,SUPERMARKET,"HOME AND PERSONAL CARE",DISPOSABLE,5,0,-5,-49.5,,
92265,"SOFTCARE A+ SANITARY PAD YELLOW 16PCS   24",23.99,SUPERMARKET,"HOME AND PERSONAL CARE","FEMININE CARE",27,0,-27,-647.73,,
87297,"BINATONE SANDWICH MAKER 2 SLICE ST-801",445,"ELECTRICAL APPLIANCES","SANDWICH MAKER","2 SLICE SANDWICH MAKER",1,0,-1,-445,,
85348,"RIOS DE CHILE MERLOT WINE 13.5%VOL  750ML  6",89.99,SUPERMARKET,"BEVERAGES ALCOHOLIC",WINES,6,0,-6,-539.94,,
87570,"COLOUR JOY W/WRITE ALONG VEGETABLE/FRUITS EB158",4.9,STATIONERY,"CHILDREN BOOKS AND GEN REF","BOOKS AND LEARNINGS",69,0,-69,-338.1,,
92695,"LADLE TURNER CX18191 PLASTIC YWU",14.9,"HOUSEWARE & KITCHENWARE","KITCHEN TOOLS AND CULTARY","COOKING TOOL LADLES AND SERVERS",1,0,-1,-14.9,,
87623,"SENAC SPARKLING COCKTAIL GREEN 375ML 12",29.99,SUPERMARKET,"BEVERAGES ALCOHOLIC",WINES,12,0,-12,-359.88,,
85565,"WHITE BLUE PREMIUM WHISKY WITH MONOCARTON 750ML 12",99.99,SUPERMARKET,"BEVERAGES ALCOHOLIC",WHISKEY,9,0,-9,-899.91,,
87956,"LIFEBUOY BAR SOAP TOTAL10  175G  72",20.99,SUPERMARKET,"HOME AND PERSONAL CARE","PERSONAL WASH",71,0,-71,-1490.29,,
87987,"JUVER SELECCION ORANGE BOTTLE JUICE  850ML  12",42.49,SUPERMARKET,BEVERAGES,JUICE,10,0,-10,-424.9,,
87990,"JUVER SELECCION PEACH BOTTLE JUICE  850ML  12",42.49,SUPERMARKET,BEVERAGES,JUICE,9,0,-9,-382.41,,
90609,"CURTAIN ROD SINGLE 120-210 11062-210PG",119,"HOME DECOR & TEXTILES","CURTAIN RODS","CURTAIN RODS",19,0,-19,-2261,,
85679,"PLASTIC CONTAINERS WITH LID 20PCS HW650 RJK",46.9,"HOUSEWARE & KITCHENWARE","STORAGE AND ORGANIZER","STORAGE CONTAINERS",3,0,-3,-140.7,,
75278,"BINATONE KETTLE 1.7L 2200W WHITE CEJ 1780",345,"ELECTRICAL APPLIANCES",KETTLE,"PLASTIC KETTLE",7,0,-7,-2415,,
71134,"MILO ALL IN ONE NUTRIMIX 800GM 12",103.99,SUPERMARKET,BEVERAGES,"DRINKING POWDERS",20,0,-20,-2079.8,,
80082,"AKAI HOME THEATRE SYSTEM 5.1CH HT020A-MF93 28W+12X",1699,"ELECTRONICS & TELECOM",AUDIO,"HOME THEATRE",1,0,-1,-1699,,
66922,"PINHO BRIL LEMON FLOWERS DISINFECTANT 1L  12",32.99,SUPERMARKET,"HOME AND PERSONAL CARE","HOUSEHOLD CLEANERS",10,0,-10,-329.9,,
75618,"CASSEROLES  NOVEL 2 PCS SET 10001500ML",9.9,"HOUSEWARE & KITCHENWARE",SERVEWARE,CASSEROLES,1,0,-1,-9.9,,
75807,"DOLAIT VANILLA YOGHURT 500G",35.99,SUPERMARKET,"FRESH DAIRY AND EGGS",Yoghurt,10,0,-10,-359.9,,
80162,"TISSUE HOLDER SUCTION R5080 RJK",79,"HOUSEWARE & KITCHENWARE",BATHROOM,"BATHROOM SHELF RACKS HOLDERS",17,0,-17,-1343,,
67408,"HOMEFOODS FRIED RICE SEASONING 160G  15",16.49,SUPERMARKET,"FOOD CUPBOARD",CONDIMENTS,-1,0,1,16.49,,
80841,"RINGS FOR CURTAIN ROD METAL Q00128",1.9,"HOME DECOR & TEXTILES","CURTAIN ACESSORIES","ASSORTED ACCESSORIES",26,0,-26,-49.4,,
67505,"SHINE TOILET ROLL ULTRA SOFT 2PLY (12 PACK)  1",54.99,SUPERMARKET,"HOME AND PERSONAL CARE",DISPOSABLE,10,0,-10,-549.9,,
71755,"PARIDOX ALATA SAMINA BSGEL HONEY 450ML 20",41.99,SUPERMARKET,"HOME AND PERSONAL CARE","PERSONAL WASH",20,0,-20,-839.8,,
76020,"GEURTS STRAWBERRY JAM 450G 12",46.99,SUPERMARKET,"FOOD CUPBOARD","HONEY  JAM AND MARMALADE",16,0,-16,-751.84,,
76088,"TOP CHOCO CHOCOLATE SPREAD 150G  24",14.49,SUPERMARKET,"FOOD CUPBOARD","SPREADS AND TOPPING",7,0,-7,-101.43,,
72072,"FA ROLL ON BRIGHTENING & CARE 50ML   24",23.99,SUPERMARKET,"HOME AND PERSONAL CARE",FRAGRANCES,9,0,-9,-215.91,,
76414,"VOLTPLUS AVS  FRIDGE GUARD 5A VP-FG-AVS5F/VP-AVS5",165,"ELECTRICAL APPLIANCES",ELECTRICALS,AVR/AVS,13,0,-13,-2145,,
76902,"UNOLI MAYONNAISE 500ML  12",44.99,SUPERMARKET,"FOOD CUPBOARD","SPREADS AND TOPPING",7,0,-7,-314.93,,
77092,"DON SIMON MULTIFRUITA CAN 330ML 24",22.49,SUPERMARKET,BEVERAGES,JUICE,2,0,-2,-44.98,,
68563,"LELE BLACK TEA 100X24  12",34.99,SUPERMARKET,BEVERAGES,TEA,30,0,-30,-1049.7,,
78007,"MITTENS 2P SET 100 COTTON  PTH05",22.9,"HOME DECOR & TEXTILES","DISH CLOTHS AND NAPKINS","APRON AND GLOVES",10,0,-10,-229,,
82781,"NUTRIBOM INFANT CEREAL BAG  RICE  200G 12",18.99,SUPERMARKET,"FOOD CUPBOARD","BABY FOOD",24,0,-24,-455.76,,
82782,"NUTRIBOM INFANT CEREAL BAG - WHEAT & HONEY 200G 12",18.99,SUPERMARKET,"FOOD CUPBOARD","BABY FOOD",21,0,-21,-398.79,,
82785,"NUTRIBOM INFANT CEREAL BAG  BANANA & APPLE 200G 12",18.99,SUPERMARKET,"FOOD CUPBOARD","BABY FOOD",21,0,-21,-398.79,,
69757,"LELE MINT FLAVOURED TEA (25X37.5G)  12",17.99,SUPERMARKET,BEVERAGES,"FLAVOURED TEA",14,0,-14,-251.86,,
73973,"LESIEUR MAYONNAISE WITH FRESH EGGS 475G  12",56.99,SUPERMARKET,"FOOD CUPBOARD","SPREADS AND TOPPING",9,0,-9,-512.91,,
74494,"MEN-S RAINCOAT",75,"HOME DECOR & TEXTILES","HOME DECOR",XMAS,2,0,-2,-150,,
L010,"LIPTON YELLOW LABEL TEA BAGS 25 X 2G  24",19.29,SUPERMARKET,BEVERAGES,TEA,6,0,-6,-115.74,,
X616,"PRINGLES PIZZA FLAVOUR 165G  19",44.99,SUPERMARKET,"FOOD CUPBOARD",SNACKS,19,0,-19,-854.81,,
X712,"DON SIMON SANGRIA TETRA PACK 1L 12",43.99,SUPERMARKET,BEVERAGES,JUICE,3,0,-3,-131.97,,
X808,"PRIMA LIQUID SOAP LEMON 4.5L 6",79.99,SUPERMARKET,"HOME AND PERSONAL CARE","HOUSEHOLD CLEANERS",8,0,-8,-639.92,,
X883,"BIC SENSITIVE 1BLADE  ORANGE SACHET OF 5 40",16.99,SUPERMARKET,"HOME AND PERSONAL CARE","MENS GROOMING",6,0,-6,-101.94,,
X890,"DETTOL ANTISEPTIC LIQUID 500ML   24",65.99,SUPERMARKET,"HOME AND PERSONAL CARE","HEALTH AND WELLNESS",17,0,-17,-1121.83,,
X955,"CERES MANGO FRUIT JUICE 1L 12",39.49,SUPERMARKET,BEVERAGES,JUICE,10,0,-10,-394.9,,
N037,"BULLET ENERGY DRINK ORIGINAL 250ML  24",11.99,SUPERMARKET,BEVERAGES,DRINKS,5,0,-5,-59.95,,
N040,"PURE HEAVEN TROPICAL JUICE TETRAPAK 1L  8",35.99,SUPERMARKET,BEVERAGES,JUICE,6,0,-6,-215.94,,
N159,"KINGSBITE CHOCOLATE 100G (10TABS/BOX  X 10) 100",31.99,SUPERMARKET,"FOOD CUPBOARD",CONFECTIONERY,7,0,-7,-223.93,,
N758,"MEDISOFT REPELLENT LEMON GREEN LOTION 100ML 72",14.49,SUPERMARKET,"HOME AND PERSONAL CARE","SKIN CARE",25,0,-25,-362.25,,
N800,"COKE PET 450ML  12",8.99,SUPERMARKET,BEVERAGES,DRINKS,2,0,-2,-17.98,,
S928,"CERES APPLE BOTTLE 275ML 24",24.99,SUPERMARKET,BEVERAGES,JUICE,24,0,-24,-599.76,,
S951,"CONDOR PEAK SHIRAZ WINE 750ML 12",79.99,SUPERMARKET,"BEVERAGES ALCOHOLIC",WINES,12,0,-12,-959.88,,
T0001,TEST,.01,MISCELLANEOUS,MISCELLANEOUS,MISCELLANEOUS,-141,0,141,1.41,,
D683,"LACTASOY CHOCOLATE SOYA MILK 250ML 36",13.99,SUPERMARKET,"FOOD CUPBOARD","MILK AND CREAMERS",36,0,-36,-503.64,,
95760,"CHRISTMAS DECORATION 4CM 12PCS 19BC467",16.9,"HOME DECOR & TEXTILES","XMAS SEASONAL","xmas season",8,0,-8,-135.2,,
97745,"BINATONE RICE COOKER 2.8L RCSG 2805",979,"ELECTRICAL APPLIANCES","RICE/ MULTI COOKER","POT TYPE RICE COOKER",2,0,-2,-1958,,
99400,"TOILET BRUSH 2PCS SET 5720182357 YWU",4.9,"HOUSEWARE & KITCHENWARE","HOME HYGIENE","TOILET BRUSHES",26,0,-26,-127.4,,
99566,"COMFORTER QUEEN JACQUARD 6PCS SET HG1155Q",549,"HOME DECOR & TEXTILES","BLANKETS QUILTS COMFORTERS AND BEDCOVERS",COMFORTERS,2,0,-2,-1098,,
D997,"MALTA GUINNESS CAN 330ML 24",12.99,SUPERMARKET,BEVERAGES,DRINKS,36,0,-36,-467.64,,
E233,"PHILIPS DRY IRON 1000W HD1172 1X8 E",329,"ELECTRICAL APPLIANCES","LINEN CARE","DRY IRON",15,0,-15,-4935,,
96097,"BINATONE JUICER 1000W JE880/JE1000",1705,"ELECTRICAL APPLIANCES",JUICER,"CENTRIFUGAL JUICER",1,0,-1,-1705,,
96107,"NIVEA SHOWER GEL DEEP 500ML  12 (200585)",139.99,SUPERMARKET,"HOME AND PERSONAL CARE","PERSONAL WASH",10,0,-10,-1399.9,,
99678,"CURTAIN SHOWER ROD SINGLE EXT.  1.1-2",59,"HOME DECOR & TEXTILES","CURTAIN RODS","CURTAIN RODS",14,0,-14,-826,,
99716,"STYLE UP BODY LOTION 265ML  6",16.99,SUPERMARKET,"HOME AND PERSONAL CARE","SKIN CARE",8,0,-8,-135.92,,
99720,"SOLDIER MENTHOLATED POWDER 80G   6",9.99,SUPERMARKET,"HOME AND PERSONAL CARE","SKIN CARE",7,0,-7,-69.93,,
99770,"BO-16 HAIR FOOD YELLOW 225ML  4",27.99,SUPERMARKET,"HOME AND PERSONAL CARE","HAIR CARE",4,0,-4,-111.96,,
94242,"MADAR DETERGENT POWDER 800G   10",31.49,SUPERMARKET,"HOME AND PERSONAL CARE","LAUNDRY CARE",7,0,-7,-220.43,,
94430,"LELE KETCHUP 340G   24",13.99,SUPERMARKET,"FOOD CUPBOARD","SPREADS AND TOPPING",8,0,-8,-111.92,,
99915,"WINDOW SHADE YE3 180X200 SILVER",549,"HOME DECOR & TEXTILES",BLINDS,"1.8 mtrs",2,0,-2,-1098,,
96434,"MILO ALL IN ONE NUTRI-MIX 37G 10PCS X 20",44.99,SUPERMARKET,BEVERAGES,"DRINKING POWDERS",16,0,-16,-719.84,,
CL104,"BASIN 14LTR 40CMX18CM",22.9,"HOUSEWARE & KITCHENWARE",SERVEWARE,"SERVING BOWL",9,0,-9,-206.1,,
94947,"PEPSODENT TOOTHBRUSH KIDS 2-6YRS 1X60",8.99,SUPERMARKET,"HOME AND PERSONAL CARE","ORAL CARE",53,0,-53,-476.47,,
98499,"AMALFI SHOWER GEL OLIVE 750ML  16",30.99,SUPERMARKET,"HOME AND PERSONAL CARE","PERSONAL WASH",16,0,-16,-495.84,,
CL566,"ROUND STORAGE CRYSTAL CONTAINER 3PCS SET SSPD",38.9,"HOUSEWARE & KITCHENWARE","STORAGE AND ORGANIZER","STORAGE CONTAINERS",12,0,-12,-466.8,,
CL587,"QUEEN OF CASSROLE 850ML 21CMX17CMX11CM",16.9,"HOUSEWARE & KITCHENWARE",SERVEWARE,CASSEROLES,5,0,-5,-84.5,,
98560,"MADAR WASHING POWDER 3KG 1",142.99,SUPERMARKET,"HOME AND PERSONAL CARE","LAUNDRY CARE",2,0,-2,-285.98,,
CL605,"MIXING BOWL SMALL 27CMX24CMX12CM",16.9,"HOUSEWARE & KITCHENWARE",SERVEWARE,"SERVING BOWL",9,0,-9,-152.1,,
CL618,"CONTAINERS FANCY 4PCS SET 300ML600ML1500ML2500ML",32.9,"HOUSEWARE & KITCHENWARE","STORAGE AND ORGANIZER","STORAGE CONTAINERS",1,0,-1,-32.9,,
CL674,"JUMBO BOX WFLIP LIDS TRANSPARENT 26LTR 43X29X30CM",66.9,"HOUSEWARE & KITCHENWARE","STORAGE AND ORGANIZER","STORAGE CONTAINERS",1,0,-1,-66.9,,
CL684,"QUEEN OF CASSEROLE 2500ML PI 29CMX24CMX14CM",29.9,"HOUSEWARE & KITCHENWARE",SERVEWARE,CASSEROLES,15,0,-15,-448.5,,
CL711,"TAKE AWAY CONTAINER 1250ML 19.5CMX13.2CMX9.5CM",3.9,"HOUSEWARE & KITCHENWARE",DISPOSABLES,"DISPOSABLE CONTAINERS",2,0,-2,-7.8,,
97249,"SAIRO ROLL- ON  MEN STRESS CARE 50ML   12",23.99,SUPERMARKET,"HOME AND PERSONAL CARE",FRAGRANCES,8,0,-8,-191.92,,
97315,"PAINTING BOOK 4 TITLES EB693",4.9,STATIONERY,"CHILDREN BOOKS AND GEN REF","BOOKS AND LEARNINGS",27,0,-27,-132.3,,
CL764,"CONTAINER 6PCS 700ML 1250ML 2000ML 3750 ML 6L 9L",89,"HOUSEWARE & KITCHENWARE","STORAGE AND ORGANIZER","STORAGE CONTAINERS",2,0,-2,-178,,
95522,"CHRISTMAS DECORATION 4CM 20PCS 19H8-51",24.9,"HOME DECOR & TEXTILES","XMAS SEASONAL","xmas season",19,0,-19,-473.1,,
D120,"GREEN GIANT NATURALLY SWEET CORN 340G 12",39.99,SUPERMARKET,"FOOD CUPBOARD",SNACKS,5,0,-5,-199.95,,
D423,"LACTASOY CHOCOLATE SOYA MILK 1L  12",41.99,SUPERMARKET,"FOOD CUPBOARD","MILK AND CREAMERS",2,0,-2,-83.98,,
95691,"ODEX BLEACH REGULAR 4L  4",93.99,SUPERMARKET,"HOME AND PERSONAL CARE","HOUSEHOLD CLEANERS",2,0,-2,-187.98,,
95706,"AMALFI  SHAMPOO  APPLE 400ML  10",24.99,SUPERMARKET,"HOME AND PERSONAL CARE","HAIR CARE",3,0,-3,-74.97,,
95730,"AMALFI  SHAMPOO FAMILIAR ALOE  750ML  16",32.99,SUPERMARKET,"HOME AND PERSONAL CARE","HAIR CARE",10,0,-10,-329.9,,
02391,"PRINGLES POTATO CHIPS ORIGINAL 165G X 19",44.99,SUPERMARKET,"FOOD CUPBOARD",SNACKS,5,0,-5,-224.95,,
06968,"KASAPREKO LIME CORDIAL 750ML 12",29.99,SUPERMARKET,"BEVERAGES ALCOHOLIC",LIQUER,14,0,-14,-419.86,,
06571,"MEANNAN GROUNDED GINGER 200G 12",41.49,SUPERMARKET,"FOOD CUPBOARD","SPICES AND HERBS",33,0,-33,-1369.17,,
08576,"HARPIC  CITRUS GEL 725ML   12",38.99,SUPERMARKET,"HOME AND PERSONAL CARE","HOUSEHOLD CLEANERS",10,0,-10,-389.9,,
100657,"MASTERCHEF SKIMMER BLACK NYLON MC14309F RJK",14.9,"HOUSEWARE & KITCHENWARE","KITCHEN TOOLS AND CULTARY","COOKING TOOL LADLES AND SERVERS",13,0,-13,-193.7,,
100983,"CURTAIN POLYESTER 52X84  WHANGER SI001",149,"HOME DECOR & TEXTILES",CURTAINS,"GROMMET CURTAINS",12,0,-12,-1788,,
101010,"CURTAIN POLYESTER 52X84"" W/HANGER BLK33",129,"HOME DECOR & TEXTILES",CURTAINS,"GROMMET CURTAINS",18,0,-18,-2322,,
101013,"CURTAIN POLYESTER 52X84  WHANGER BLK95",129,"HOME DECOR & TEXTILES",CURTAINS,"GROMMET CURTAINS",19,0,-19,-2451,,
101058,"N0 8 SEAFOODS RINGS CHIPS 20G  60",1.69,SUPERMARKET,"FOOD CUPBOARD",SNACKS,12,0,-12,-20.28,,
102177,"EVERPACK PAPA JUMBO MULTI-PURPOSE TOWEL   6",49.99,SUPERMARKET,"HOME AND PERSONAL CARE",DISPOSABLE,6,0,-6,-299.94,,
102313,"BRAGG APPLES CIDER VINEGAR 946ML  12",245.99,SUPERMARKET,"FOOD CUPBOARD",CONDIMENTS,15,0,-15,-3689.85,,
103005,"STARS BODY MIST WHITE 90ML  48",13.49,SUPERMARKET,"HOME AND PERSONAL CARE",FRAGRANCES,1,0,-1,-13.49,,
103051,"DAY BY DAY SHOWER GEL HONEY 750ML  12",31.99,SUPERMARKET,"HOME AND PERSONAL CARE","PERSONAL WASH",1,0,-1,-31.99,,
103055,"DAY BY DAY LOTION GRENADINE 500ML  24",24.29,SUPERMARKET,"HOME AND PERSONAL CARE","SKIN CARE",12,0,-12,-291.48,,
103112,"KLEANZ BODY WASH STRAWBERRY 750ML  20",31.49,SUPERMARKET,"HOME AND PERSONAL CARE","PERSONAL WASH",25,0,-25,-787.25,,
103768,"GIVERS LIQUID DETERGENT 200ML 25",5.99,SUPERMARKET,"HOME AND PERSONAL CARE","LAUNDRY CARE",2,0,-2,-11.98,,
104329,"COOKWARE SET 7PCS PALU CROWNSTAR RJK MC6428",749,"HOUSEWARE & KITCHENWARE",COOKWARE,"COOKWARE SET",2,0,-2,-1498,,
104363,"NESTLE CERELAC WHEAT WITH MILK 300G  12",31.99,SUPERMARKET,"FOOD CUPBOARD","BREAKFAST CEREALS",8,0,-8,-255.92,,
104785,"MCVITIES HOBNOBS OATY BISCUITS 78G  24",11.99,SUPERMARKET,"FOOD CUPBOARD",BISCUITS,4,0,-4,-47.96,,
104648,"PAPILION ORIENT WET TOWELS 120 SHEETS WITH CAP 18",28.99,SUPERMARKET,"HOME AND PERSONAL CARE","INFANT AND BABY CARE",1,0,-1,-28.99,,
106655,"BLING GLASS CLEANER 750ML  15",16.99,SUPERMARKET,"HOME AND PERSONAL CARE","HOUSEHOLD CLEANERS",11,0,-11,-186.89,,
106812,"SHINE GARBAGE BAGS 60L  ( 30)   12",49.99,SUPERMARKET,"HOME AND PERSONAL CARE",DISPOSABLE,12,0,-12,-599.88,,
106819,"SHINE PAPER PLATES ROUND 14CM  (25PCS)  40",15.99,SUPERMARKET,"HOME AND PERSONAL CARE",DISPOSABLE,12,0,-12,-191.88,,
106993,"AQUALIS LUXURY BATH SOAP CARROT OIL 300G  24",17.99,SUPERMARKET,"HOME AND PERSONAL CARE","PERSONAL WASH",1,0,-1,-17.99,,
107321,"DZIRE ELECTRIC AIRPOT 4.2L EA-50HMS",689,"ELECTRICAL APPLIANCES",KETTLE,THERMOPOT,3,0,-3,-2067,,
106892,"PARLE GINGER SNAP COOKIES 52G  48",2.29,SUPERMARKET,"FOOD CUPBOARD",BISCUITS,43,0,-43,-98.47,,
107819,"DANO COOL COW FILLED MILK POWDER 12G (10X 26)",18.49,SUPERMARKET,"FOOD CUPBOARD","MILK AND CREAMERS",12,0,-12,-221.88,,
108103,"CURTAIN 52X84"" BLACKOUT W/8GROMMET 36",129,"HOME DECOR & TEXTILES",CURTAINS,"GROMMET CURTAINS",17,0,-17,-2193,,
108131,"CURTAIN 52X84  W/8GROMMET J2020828",139,"HOME DECOR & TEXTILES",CURTAINS,"GROMMET CURTAINS",12,0,-12,-1668,,
118617,"COFFEE TEA CUP 6PCS SET GLASS 290ML G25006 LTREND",19.9,"HOUSEWARE & KITCHENWARE",DINNERWARE,"TEA AND COFFEE SETS",9,0,-9,-179.1,,
118147,"DOUBLE MATTRESS BED BATH 54""*75"" ASHFOAM",1729,FURNITURE,MATTRESS,"Double Size",1,0,-1,-1729,,
118152,"BASKET LOW TRY TYPE PLASTIC 02010200",29.9,"HOUSEWARE & KITCHENWARE","STORAGE AND ORGANIZER",BASKET,4,0,-4,-119.6,,
118155,"BASIN QUADRALOGIC PLASTIC 24LTR 02020220",49.9,"HOUSEWARE & KITCHENWARE",LAUNDARY,"BUCKETS AND BASINS",12,0,-12,-598.8,,
116468,"CLOSEUP REDHOT EVERFRESH TOOTHPASTE 140G  72",19.99,SUPERMARKET,"HOME AND PERSONAL CARE","ORAL CARE",46,0,-46,-919.54,,
117082,"BLING DISHWASH GEL MAGIC LEMON 750ML  12",14.99,SUPERMARKET,"HOME AND PERSONAL CARE","HOUSEHOLD CLEANERS",13,0,-13,-194.87,,
115707,"MAGGI SEASONING POWDER SHRIMP FLAV 100G  80",10.89,SUPERMARKET,"FOOD CUPBOARD",CONDIMENTS,62,0,-62,-675.18,,
116610,"BLING HANDWASH SHEA COCOA 500ML  12",15.49,SUPERMARKET,"HOME AND PERSONAL CARE","PERSONAL WASH",8,0,-8,-123.92,,
117192,"DOMS CRAYONS SET 6PCS PLASTIC GRIPPIE 8354",35,STATIONERY,"SCHOOL AND CHILDREN STATIONERY","ART AND HOBBY SETS",4,0,-4,-140,,
117194,"DOMS COLOUR PENCIL SET 12PCS FULL SIZE 3445",19.9,STATIONERY,"SCHOOL AND CHILDREN STATIONERY","ART AND HOBBY SETS",14,0,-14,-278.6,,
114753,"FRICTION JEEP TOY 120 BLACK MT489936",95,"TOYS AND ENTERTAINMENT","TOYS CARS TRAINS AND VEHICLES","FRICTION TOYS",5,0,-5,-475,,
111614,"LION DADDY CAFE RHUM WITH MONO CARTON 750ML 12",71.99,SUPERMARKET,"BEVERAGES ALCOHOLIC",RHUM,9,0,-9,-647.91,,
113418,"FRIDGE ORGANIZER VERTICAL PLASTIC BSF-00800",9.9,"HOUSEWARE & KITCHENWARE","STORAGE AND ORGANIZER","RACK SHELF DRAWERS ORGANIZERS",9,0,-9,-89.1,,
111657,"BALLOON SET 8PCS W/STAND MIX COLOR",49,"TOYS AND ENTERTAINMENT","PARTY SUPPLIES","CELEBRATION DECOR AND ACCESSORIES",11,0,-11,-539,,
108602,"CURTAIN 52X84"" W/8GROMMET BLACKOUT DESIGN 5",129,"HOME DECOR & TEXTILES",CURTAINS,"GROMMET CURTAINS",3,0,-3,-387,,
110732,"LA VONCE TOMATO MIX SACHET 400G  24",13.99,SUPERMARKET,"FOOD CUPBOARD",CONDIMENTS,68,0,-68,-951.32,,
109286,"CUSSONS BABY JELLY  210G  24",27.99,SUPERMARKET,"HOME AND PERSONAL CARE","INFANT AND BABY CARE",1,0,-1,-27.99,,
124108,"WINDOW CLEANING CLOTH MICROFIBER 1909450",9.9,"HOUSEWARE & KITCHENWARE","HOME HYGIENE","CLEANING CLOTHES",10,0,-10,-99,,
125263,"ROMAR FABRIC SOFTENER CONC. ARGAN 2L  6",81.99,SUPERMARKET,"HOME AND PERSONAL CARE","LAUNDRY CARE",-4,0,4,327.96,,
124135,"SPONGE 3PCS SET 1909830/1909779",26.9,"HOUSEWARE & KITCHENWARE","HOME HYGIENE","SPONGE SCRUBBERS AND SCOURERS",16,0,-16,-430.4,,
122876,"SERVING BOWL MELAMINE 9 INCHES FEILU 74295",9.9,"HOUSEWARE & KITCHENWARE","MELAMINE WARE","MEL BOWL/BOWL+COVER",4,0,-4,-39.6,,
124247,"MOP COTTON HEAD  METAL HANDLE RED HIELX01 RJK",48.9,"HOUSEWARE & KITCHENWARE","HOME HYGIENE","MOPPING AND WIPING",1,0,-1,-48.9,,
124808,"BASKET TRAY MULTIPURPOSE PLASTIC TP-593",4.9,"HOUSEWARE & KITCHENWARE","STORAGE AND ORGANIZER",BASKET,3,0,-3,-14.7,,
122731,"UNIMAX TRIO BALLPEN BLUE 1.0MM FBTIOBL55",3.99,STATIONERY,"GENERAL STATIONERY","   WRITING SUPPLIES",17,0,-17,-67.83,,
120718,"EVIAN WATER SPORTS CAP 750ML  12",24.99,SUPERMARKET,BEVERAGES,"MINERAL WATER",-1,0,1,24.99,,
122003,"DOLAIT PINA COLADA  DRINKING YOGURT 200ML 10",9.99,SUPERMARKET,"FRESH DAIRY AND EGGS",Yoghurt,12,0,-12,-119.88,,
119478,"WESTINGHOUSE DISH RACK WCKM0086",129,"HOUSEWARE & KITCHENWARE",KITCHENWARE,"DISH RACKS",12,0,-12,-1548,,
119793,"SABA MULTIPURPOSE LIQUID 400ML  12",14.49,SUPERMARKET,"HOME AND PERSONAL CARE","HOUSEHOLD CLEANERS",12,0,-12,-173.88,,
121151,"PICCADILLY POPCORN LIGHTLY SALTED 15G 20",1.19,SUPERMARKET,"FOOD CUPBOARD",BISCUITS,-1,0,1,1.19,,
120115,"LAUNDRY BASKET W/LID 43L DROP DESIGN SLIM M-174",159,"HOUSEWARE & KITCHENWARE",LAUNDARY,"LAUNDRY BASKET/ITEMS",2,0,-2,-318,,
120385,"BELPAK TABLE NAPKIN 1X15 PKTS)  15",7.29,SUPERMARKET,"HOME AND PERSONAL CARE",DISPOSABLE,17,0,-17,-123.93,,
120457,"WATER BOTTLE 1000ML PLASTIC VENICE",9.9,"HOUSEWARE & KITCHENWARE","FLASK AND BOTTLES",BOTTLE,-1,0,1,9.9,,
120648,"JK A4 PAPER 80 GSM",79.99,STATIONERY,"OFFICE STATIONERY",PAPER,11,0,-11,-879.89,,
131045,"BREF WC BLOCK POWERACTIVE OCEAN DUO 10",65.99,SUPERMARKET,"HOME AND PERSONAL CARE",FRESHENERS,7,0,-7,-461.93,,
131112,"BEST MOTHER EVAPORATED MILK 160G 24",6.99,SUPERMARKET,"FOOD CUPBOARD","MILK AND CREAMERS",2,0,-2,-13.98,,
129816,"ROPE NYLON 3MMX30M REDBLUEWHITE YWU",4.9,"HOUSEWARE & KITCHENWARE",LAUNDARY,"CLOTH LINE/ STRING",29,0,-29,-142.1,,
131392,"LISTERINE TOTAL CARE MOUTHWASH 250ML  6",49.99,SUPERMARKET,"HOME AND PERSONAL CARE","ORAL CARE",4,0,-4,-199.96,,
131544,"YOGA VANILLA  YOGHURT 330ML 1",19.99,SUPERMARKET,"FRESH DAIRY AND EGGS",Yoghurt,2,0,-2,-39.98,,
131641,"CAKE FONDANT CUTTER 3PCS SET A8111",1.9,"HOUSEWARE & KITCHENWARE",BAKEWARE,MOULDS,8,0,-8,-15.2,,
133056,"NUTZY PEANUT BUTTER CREAM SMOOTH 510G  12",45.49,SUPERMARKET,"FOOD CUPBOARD","SPREADS AND TOPPING",18,0,-18,-818.82,,
132079,"KEY BAR MULTIPURPOSE 800G  16",30.99,SUPERMARKET,"HOME AND PERSONAL CARE","LAUNDRY CARE",17,0,-17,-526.83,,
126174,"ORGANIZER PLASTIC BSF-00903",19.9,"HOUSEWARE & KITCHENWARE","STORAGE AND ORGANIZER","RACK SHELF DRAWERS ORGANIZERS",20,0,-20,-398,,
128935,"TAPE DISPENSER CRYSTAL CLEAR (18X33) 157654",21.9,STATIONERY,"PACKAGING AND MAILING","   TAPES AND DISPENSERS",10,0,-10,-219,,
125867,"POPIZZ SPARKLING DRINK BLUE 750ML  6",49.99,SUPERMARKET,"BEVERAGES ALCOHOLIC",WINES,2,0,-2,-99.98,,
13990,"LELE CORNED BEEF 198G 12",36.99,SUPERMARKET,"FOOD CUPBOARD","CANNED FOOD",10,0,-10,-369.9,,
141423,"LADDLE PEARL 13  59047",16.9,"HOUSEWARE & KITCHENWARE","KITCHEN TOOLS AND CULTARY","COOKING TOOL LADLES AND SERVERS",5,0,-5,-84.5,,
140590,"SAVERBOX AVACADO PLASTIC L-00866",18.9,"HOUSEWARE & KITCHENWARE","STORAGE AND ORGANIZER","STORAGE CONTAINERS",1,0,-1,-18.9,,
134780,"DISH RACK WTRAY 55X41X19CM PP50509",109,"HOUSEWARE & KITCHENWARE",KITCHENWARE,"DISH RACKS",5,0,-5,-545,,
133985,"WATER BOTTLE 500ML KL11451",45,STATIONERY,"SCHOOL AND CHILDREN STATIONERY","SCHOOL WATER BOTTLES",11,0,-11,-495,,
134089,"SANITA EASY LOCK  STORAGE BAG SMALL 50X20",21.99,SUPERMARKET,"HOME AND PERSONAL CARE",DISPOSABLE,7,0,-7,-153.93,,
134093,"PRIVATE SUPER  POCKET ECO 18X6",29.99,SUPERMARKET,"HOME AND PERSONAL CARE","FEMININE CARE",7,0,-7,-209.93,,
134557,"BUTTER DISH 6.9X3.7"" SUG229/G",9.9,"HOUSEWARE & KITCHENWARE",GLASSWARE,CONTAINERS,15,0,-15,-148.5,,
137271,"TORENTOREN WAFERS STRAWBERRY D FLAVOUR CW 55G 144",6.29,SUPERMARKET,"FOOD CUPBOARD",CONFECTIONERY,3,0,-3,-18.87,,
14809,"DEVA COCONUT LIQUID HAND SOAP 350ML 24 10205",19.49,SUPERMARKET,"HOME AND PERSONAL CARE","PERSONAL WASH",22,0,-22,-428.78,,
14810,"DEVA TROPICAL LIQUID HAND SOAP 350ML 24 10206",18.99,SUPERMARKET,"HOME AND PERSONAL CARE","PERSONAL WASH",25,0,-25,-474.75,,
149075,"MINIMIE INSTANT NOODLES SLURRY CHICKEN 70G  40",3.59,SUPERMARKET,"FOOD CUPBOARD","NOODLES AND SOUP",-2,0,2,7.18,,
14820,"DEVA WINDOW CLEANER 500ML 15 10801",21.99,SUPERMARKET,"HOME AND PERSONAL CARE","HOUSEHOLD CLEANERS",9,0,-9,-197.91,,
148441,"BOWL 5INCHES CERAMIC GGK YWU",26.9,"HOUSEWARE & KITCHENWARE",DINNERWARE,BOWLS,19,0,-19,-511.1,,
147574,"MOMEASY TODDLER TOILET TRAINING SEAT 46807",99,"TOYS AND ENTERTAINMENT",INFANTS,"BABY GENERAL CARE",3,0,-3,-297,,
147617,"PERK MILK SHORTCAKE 38G 48",2.39,SUPERMARKET,"FOOD CUPBOARD",BISCUITS,40,0,-40,-95.6,,
149663,"DZIRE FRIDGE SD 89L SILVER REF-SD-1113A",1799,"ELECTRICAL APPLIANCES",REFRIGERATOR,"SD REFRIGERATOR",2,0,-2,-3598,,
148791,"CAKE TOPPER HAPPY BIRTHDAY MIX COLOR",6.9,"TOYS AND ENTERTAINMENT","PARTY SUPPLIES","CELEBRATION DECOR AND ACCESSORIES",43,0,-43,-296.7,,
148804,"SHOE AND HAT RACK 4LAYER METAL YWU",179,"HOUSEWARE & KITCHENWARE",LAUNDARY,"SHOE RACKS",4,0,-4,-716,,
14806,"DEVA OCEAN LIQUID HAND SOAP 350ML 24",19.49,SUPERMARKET,"HOME AND PERSONAL CARE","PERSONAL WASH",24,0,-24,-467.76,,
14719,"EASY MOUZOO MANGO JUICE GLASS BOTTLE 1L 6",32.99,SUPERMARKET,BEVERAGES,JUICE,6,0,-6,-197.94,,
144771,"BRUSH DUST CLEAN SOFT FRESH CARPET P8322",9.9,"HOUSEWARE & KITCHENWARE","HOME HYGIENE","BROOM BRUSHES DUSTPANS",8,0,-8,-79.2,,
14480,"INDOMIE NOODLES SUPER PACK CHICKEN 120G 44",7.49,SUPERMARKET,"FOOD CUPBOARD","NOODLES AND SOUP",36,0,-36,-269.64,,
14655,"SABA DETERGENT POWDER 800G 10",27.99,SUPERMARKET,"HOME AND PERSONAL CARE","LAUNDRY CARE",25,0,-25,-699.75,,
146646,"BEL-AQUA MINERAL WATER 4L JAR 1",11.49,SUPERMARKET,BEVERAGES,"MINERAL WATER",5,0,-5,-57.45,,
14712,"EASY MOUZOO MANGO  TETRAPACK JUICE 1L 12",23.99,SUPERMARKET,BEVERAGES,JUICE,7,0,-7,-167.93,,
156579,"ARTIFICIAL FLOWER",79,"HOME DECOR & TEXTILES","HOME DECOR",DECORATIVE,3,0,-3,-237,,
156706,"LADLE SPOON SSTEEL YWU",29.9,"HOUSEWARE & KITCHENWARE","CUTLERY ITEMS","SPOONS FORKS KNIFE AND CUTLERY SET",6,0,-6,-179.4,,
154895,"WATER BOTTLE 1000ML PLASTIC AQUA SPARKLE",9.9,"HOUSEWARE & KITCHENWARE","FLASK AND BOTTLES",BOTTLE,26,0,-26,-257.4,,
155544,"HOOK APPLE 3 X SET OF 2 PLASTIC BG-257",9.9,"HOUSEWARE & KITCHENWARE",LAUNDARY,HOOKS,50,0,-50,-495,,
156279,"MOLINERA SUGARFREE PINEAPPLE JUICE 1L  12",29.99,SUPERMARKET,BEVERAGES,JUICE,3,0,-3,-89.97,,
150598,"LINC PENTONIC MULTIPURPOSE GUMSTICK 12PC DISPENSER",7.9,STATIONERY,"GENERAL STATIONERY","   WRITING SUPPLIES",1,0,-1,-7.9,,
15210,"MEANNAN MIXED SPICES 80G 24",21.99,SUPERMARKET,"FOOD CUPBOARD","SPICES AND HERBS",24,0,-24,-527.76,,
153246,"DINING SET 1+4 D01150L",1849,FURNITURE,"DINING SETS","4 SEATER SET",1,0,-1,-1849,,
152187,"TCL WASHING MACHINE FL 8KG P608FL",7189,"ELECTRICAL APPLIANCES","WASHING MACHINE","FRONT LOAD WM",1,0,-1,-7189,,
151037,"BIGOO LEMON LIME DRINK 350ML 20",2.99,SUPERMARKET,BEVERAGES,DRINKS,28,0,-28,-83.72,,
151040,"BIGOO COCONUT DRINK 350ML 20",2.99,SUPERMARKET,BEVERAGES,DRINKS,23,0,-23,-68.77,,
152261,"MCBERRY PURE DELIGHT BITE MILK CREAM WAFER 13G 72",1.29,SUPERMARKET,"FOOD CUPBOARD",BISCUITS,66,0,-66,-85.14,,
164029,"JOLLY BASKET -LARGE PLASTIC 50362",29.9,"HOUSEWARE & KITCHENWARE","STORAGE AND ORGANIZER",BASKET,15,0,-15,-448.5,,
164044,"VACCUM FLASK 1200ML PLASTIC 161705-005",29.9,"HOUSEWARE & KITCHENWARE","FLASK AND BOTTLES",FLASK,4,0,-4,-119.6,,
164170,"AKAI DRY IRON 1000W EI051A-171S",159,"ELECTRICAL APPLIANCES","LINEN CARE","DRY IRON",2,0,-2,-318,,
164193,"ENAPA MACKREL IN TOMATO SAUCE EASY OPEN 200G  48",12.99,SUPERMARKET,"FOOD CUPBOARD","CANNED FOOD",104,0,-104,-1350.96,,
164277,"FROSTY BITE CHOCOLATE TUB 250ML 12",13.49,SUPERMARKET,"FROZEN FOOD",ICE-CREAM,14,0,-14,-188.86,,
162530,"INDOMIE BELLE FULL CHICKEN INSTANT NOODLES 280G 18",16.49,SUPERMARKET,"FOOD CUPBOARD","PASTA AND SPAGHETTI",192,0,-192,-3166.08,,
164399,"MUG EMBOSSED 280ML WK24004 RJK",4.9,"HOUSEWARE & KITCHENWARE",DINNERWARE,MUGS,30,0,-30,-147,,
158495,"X NATURAL MINERAL WATER 500ML 16",2.09,SUPERMARKET,BEVERAGES,"MINERAL WATER",27,0,-27,-56.43,,
161583,"DZIRE CEILING FAN 56"" SMOKE BROWN CF 56 B-DEC POLO",419,"ELECTRICAL APPLIANCES",FAN,"CEILING FAN",3,0,-3,-1257,,
159739,"MUNCHEE MILK SHORT CAKE CHOCO BISCUITS 65G  48",4.19,SUPERMARKET,"FOOD CUPBOARD",BISCUITS,37,0,-37,-155.03,,
159745,"MUNCHEE GINGER BISCUITS 65G  48",4.79,SUPERMARKET,"FOOD CUPBOARD",BISCUITS,42,0,-42,-201.18,,
159752,"PENCIL CASE A5 WITH ZIPPER",32.9,STATIONERY,"GENERAL STATIONERY","   WRITING SUPPLIES",5,0,-5,-164.5,,
161900,"BOWL W/RING LID LARGE 500ML PLASTIC L-00882",14.9,"HOUSEWARE & KITCHENWARE","STORAGE AND ORGANIZER","STORAGE CONTAINERS",6,0,-6,-89.4,,
161965,"OIL&VINEGAR CRUET 245ML GLASS C-00517",9.9,"HOUSEWARE & KITCHENWARE",KITCHENWARE,"SAUCE/ VINEGAR/ BOTTLES AND SETS",3,0,-3,-29.7,,
172953,"ARIEL HIGH STUD FLORAL 500G 24",39.99,SUPERMARKET,"HOME AND PERSONAL CARE","LAUNDRY CARE",23,0,-23,-919.77,,
169948,"KEL CHARCOAL TOOTHPASTE 150G  48",26.49,SUPERMARKET,"HOME AND PERSONAL CARE","ORAL CARE",77,0,-77,-2039.73,,
169243,"BROOM WSTICK NAPOLI GBB24",34.9,"HOUSEWARE & KITCHENWARE","HOME HYGIENE","BROOM BRUSHES DUSTPANS",15,0,-15,-523.5,,
169319,"DZIRE HIFI SPEAKER 40W RECHA W/L MIC HIFI8DR-M2801",1299,"ELECTRONICS & TELECOM",AUDIO,"HI-FI SPEAKER SYSTEM",2,0,-2,-2598,,
173723,"KIVO PEPPER POWDER  50G 80",5.99,SUPERMARKET,"FOOD CUPBOARD","SPICES AND HERBS",47,0,-47,-281.53,,
168856,"BREAD KNIFE 75 CPQT018BR RJK",16.9,"HOUSEWARE & KITCHENWARE","KNIFE AND CHOPPING BOARD","SINGLE KNIFE",7,0,-7,-118.3,,
166341,"LAV STEMWARE 3PCS SET LVMIS560A",49.9,"HOUSEWARE & KITCHENWARE",GLASSWARE,"GLASS / TUMBLER /WINE / CHAMPAGNE",8,0,-8,-399.2,,
168192,"OMO HANDWASH POWDER 600G  36",40.99,SUPERMARKET,"HOME AND PERSONAL CARE","LAUNDRY CARE",14,0,-14,-573.86,,
166371,"COLANDER WSIDE HANDLES 37.5CM SSTEEL XY-2309",69,"HOUSEWARE & KITCHENWARE","KITCHEN TOOLS AND CULTARY",COLANDERS,5,0,-5,-345,,
167245,"TWISCO ENERGY FOOD DRINK SACHET 20G  250",2.19,SUPERMARKET,BEVERAGES,"DRINKING POWDERS",171,0,-171,-374.49,,
167246,"TWISCO ENERGY FOOD DRINK SACHET 400G  12",38.99,SUPERMARKET,BEVERAGES,"DRINKING POWDERS",1,0,-1,-38.99,,
168208,"AKAI CHEST FREEZER SD 100L CF045AC-100W",3089,"ELECTRICAL APPLIANCES",FREEZER,"SINGLE DOOR FREEZER",2,0,-2,-6178,,
166543,"WATER BOTTLE 1700ML PLASTIC PNP3311",9.9,"HOUSEWARE & KITCHENWARE","FLASK AND BOTTLES",BOTTLE,19,0,-19,-188.1,,
167336,"NASCO GAS COOKER 5B 2SHELVESTAND WHT NASGS-K5BW-S",799,"GAS COOKER & ACCESSORIES","GAS COOKER","FREE STANDING GAS COOKER",1,0,-1,-799,,
167514,"XMAS TREE 1.5M 510T",629,"HOME DECOR & TEXTILES","XMAS SEASONAL","xmas season",4,0,-4,-2516,,
168549,"H&H RICH TEA CREAMS CHOCOLATE 32G  72",1.39,SUPERMARKET,"FOOD CUPBOARD",BISCUITS,22,0,-22,-30.58,,
166003,"SO FRESH ORANGE FRUIT JUICE 1L 6",26.49,SUPERMARKET,BEVERAGES,JUICE,3,0,-3,-79.47,,
168660,"HEAVEN DARK SOY SAUCE 150ML  48",10.99,SUPERMARKET,"FOOD CUPBOARD",CONDIMENTS,11,0,-11,-120.89,,
177952,"COPY COLOURING BOOK SERIES ALPHA/NUMB 16PG 22X28CM",7.9,STATIONERY,"CHILDREN BOOKS AND GEN REF","BOOKS AND LEARNINGS",29,0,-29,-229.1,,
179733,"AKAI RICE COOKER 1.8L 700W CK023A-1.8LS",439,"ELECTRICAL APPLIANCES","RICE/ MULTI COOKER","POT TYPE RICE COOKER",7,0,-7,-3073,,
179162,"CHESS  BOARD GAME 31X16CM",65,"TOYS AND ENTERTAINMENT","BOARD GAMES AND PUZZLES","FAMILY GAMES",5,0,-5,-325,,
179510,"AKAI SOUND BAR W/SUBWOOFER 180W SB005A-013",1399,"ELECTRONICS & TELECOM",AUDIO,"SOUND BAR",1,0,-1,-1399,,
177948,"MY ACTIVITY SERIES ALPHAB/DICTIONARY 32PGS 22X28CM",16.9,STATIONERY,"CHILDREN BOOKS AND GEN REF","BOOKS AND LEARNINGS",4,0,-4,-67.6,,
176034,"BROOM WSTICK VENUS GBB18",34.9,"HOUSEWARE & KITCHENWARE","HOME HYGIENE","BROOM BRUSHES DUSTPANS",15,0,-15,-523.5,,
184616,"SIDE PLATE 8"" CERAMIC STKLT FP01 RJK",9.9,"HOUSEWARE & KITCHENWARE",DINNERWARE,PLATE,51,0,-51,-504.9,,
183279,"TUMBLER 6PCS SET 330ML PINOT FT 0112 RJK",59,"HOUSEWARE & KITCHENWARE",GLASSWARE,"GLASS / TUMBLER /WINE / CHAMPAGNE",7,0,-7,-413,,
183283,"ICECREAM CUP 6PC SET 250ML VANILLA PJ 929 RJK",59,"HOUSEWARE & KITCHENWARE",GLASSWARE,"ICE-CREAM CUPS AND BOWL /DESSERT SET",6,0,-6,-354,,
184167,"CHARLIE TOTAL FLUORIDE PROT TOOTHPAST 130G 72",10.99,SUPERMARKET,"HOME AND PERSONAL CARE","ORAL CARE",41,0,-41,-450.59,,
18344,"LONG MOUNTAIN MERLOT  RED WINE 75CL 6",69.99,SUPERMARKET,"BEVERAGES ALCOHOLIC",WINES,3,0,-3,-209.97,,
184294,"LG LED TV 65 SAT SMART UHD 4K 65UT73006LA",12499,"ELECTRONICS & TELECOM","LED TV","SMART TV",1,0,-1,-12499,,
183598,"CERAMIC SIDE PLATE 8 24FDL020 RJK",19.9,"HOUSEWARE & KITCHENWARE",DINNERWARE,PLATE,44,0,-44,-875.6,,
183599,"CERAMIC SOUP PLATE 85 24FDL018 RJK",19.9,"HOUSEWARE & KITCHENWARE",DINNERWARE,PLATE,24,0,-24,-477.6,,
183608,"CERAMIC DINNER PLATE FLW10INCHFLW11INCH RJK",19.9,"HOUSEWARE & KITCHENWARE",DINNERWARE,PLATE,10,0,-10,-199,,
184461,"CONTAINER 4PCS RND PTD 1235L PLASTIC HL70002TCP-12",42.9,"HOUSEWARE & KITCHENWARE","STORAGE AND ORGANIZER","STORAGE CONTAINERS",4,0,-4,-171.6,,
184480,"JUG AND GLASS 5PCS SET PLASTIC HL0050CC + HL0051C",16.9,"HOUSEWARE & KITCHENWARE","STORAGE AND ORGANIZER","STORAGE CONTAINERS",4,0,-4,-67.6,,
184526,"3PCS BEDSPREAD SET PR 102X86"" MPBSK ASTD",279,"HOME DECOR & TEXTILES","BLANKETS QUILTS COMFORTERS AND BEDCOVERS",BEDSPREAD,5,0,-5,-1395,,
179869,"PASTELITER 4020P/2BC",12.9,STATIONERY,"SCHOOL AND CHILDREN STATIONERY","ART AND HOBBY SETS",1,0,-1,-12.9,,
180219,"KLEANZ HAND SOAP ORIGINAL ANTIBACTERIAL 500ML  4",22.99,SUPERMARKET,"HOME AND PERSONAL CARE","PERSONAL WASH",13,0,-13,-298.87,,
180221,"KLEANZ HAND SOAP STRAWBERRY ANTIBACTERIAL 500ML 4",22.99,SUPERMARKET,"HOME AND PERSONAL CARE","PERSONAL WASH",18,0,-18,-413.82,,
180233,"DZIRE MINI WATER DISPENSER 1.3L 4W PWD-AP222",59,"ELECTRICAL APPLIANCES","WATER DISPENSER","WD PORTABLE",7,0,-7,-413,,
189563,"KIVO 100% NATURAL HOT SHITTO 225G  24",35.99,SUPERMARKET,"FOOD CUPBOARD",CONDIMENTS,24,0,-24,-863.76,,
187713,"BATH MAT PLASTIC 50X80CM 4COLOR MIX",65,"HOME DECOR & TEXTILES","HOME FURNISHING","BATH LINEN",14,0,-14,-910,,
185374,"3PCS BEDSHEET SET K 270X250CM PRINT ASS 03-BT-1029",119,"HOME DECOR & TEXTILES","BED SHEET","KING SIZE BEDSHEET",11,0,-11,-1309,,
186040,"GLASS JUG WCUP 7PCS SET 1800210ML 19137DDE RJK",149,"HOUSEWARE & KITCHENWARE","STORAGE AND ORGANIZER","STORAGE CONTAINERS",3,0,-3,-447,,
186043,"GLASS JUG WCUP 7PCS SET 1800165ML 19167DDE RJK",149,"HOUSEWARE & KITCHENWARE","STORAGE AND ORGANIZER","STORAGE CONTAINERS",6,0,-6,-894,,
186194,"AKAI POWER BLENDER W/MILL 2L 1000W PCJ BD080A-005C",999,"ELECTRICAL APPLIANCES","COMMERCIAL APPLIANCES","COMMERCIAL BLENDER",2,0,-2,-1998,,
187175,"UTILITY KNIFE RJK ID-A838KD0010",16.9,"HOUSEWARE & KITCHENWARE","KNIFE AND CHOPPING BOARD","SINGLE KNIFE",5,0,-5,-84.5,,
187186,"BAKING TOOL 3PCS SET SILICONE RJK PP-D600KA1113",44.9,"HOUSEWARE & KITCHENWARE",BAKEWARE,"BAKING TOOLS AND ACCESSORIES",8,0,-8,-359.2,,
194895,"COOKING TOOL 3PCS SET SILICONE ZHN ZC-3PC",22.9,"HOUSEWARE & KITCHENWARE","KITCHEN TOOLS AND CULTARY","COOKING TOOL SET",67,0,-67,-1534.3,,
194970,"LADLE SLOTTED TURNER SILICONE ZHN HR22PC-14DS",7.9,"HOUSEWARE & KITCHENWARE","KITCHEN TOOLS AND CULTARY","COOKING TOOL LADLES AND SERVERS",60,0,-60,-474,,
193039,"PEELER 6PCS SET ZHN HD-127",22.9,"HOUSEWARE & KITCHENWARE","KNIFE AND CHOPPING BOARD","VEG AND FRUIT PEELERS",48,0,-48,-1099.2,,
192231,"BELLORA FOOD STORAGE BOWL W/LID 3PCS SET HL7012DCL",29.9,"HOUSEWARE & KITCHENWARE","STORAGE AND ORGANIZER","STORAGE CONTAINERS",12,0,-12,-358.8,,
191058,"KIVO NON-DIARY CREAMER 200G  26",11.99,SUPERMARKET,"FOOD CUPBOARD","MILK AND CREAMERS",24,0,-24,-287.76,,
200275,"H&H CANNED SWEET CORN 340G  24",14.49,SUPERMARKET,"FOOD CUPBOARD","CANNED FOOD",13,0,-13,-188.37,,
198989,"PLATINUM JASMINE VIETNAMESE RICE 22.5KG",499.99,SUPERMARKET,"FOOD CUPBOARD","RAW RICE",2,0,-2,-999.98,,
197738,"BOWL 8INCHES CERAMIC EMBOSSED WHITE SW008EB",19.9,"HOUSEWARE & KITCHENWARE",DINNERWARE,BOWLS,20,0,-20,-398,,
196679,"CERES PINEAPPLE 500ML 10",23.99,SUPERMARKET,BEVERAGES,JUICE,16,0,-16,-383.84,,
197830,"NESTLE CERELAC WHEAT& MILK NO REFIND SUGAR 400G 12",50.99,SUPERMARKET,"FOOD CUPBOARD","BABY FOOD",6,0,-6,-305.94,,
197116,"MCBERRY DUBAI CHOCOLATE ORIGINAL WAFER 20G 144",1.09,SUPERMARKET,"FOOD CUPBOARD",BISCUITS,61,0,-61,-66.49,,
196274,"SAMSUNG LED TV 32"" SAT SMART UA32H5000",3989,"ELECTRONICS & TELECOM","LED TV","SMART TV",1,0,-1,-3989,,
20639,"FARAGELLO APPLE NECTAR TETRA PACK 1L 12 (BLUE)",24.99,SUPERMARKET,BEVERAGES,JUICE,7,0,-7,-174.93,,
206554,"KIVO 4 IN 1 STRAWBERRY GARI SOAKING CUPS 120G 12",10.99,SUPERMARKET,"FOOD CUPBOARD",FLOURS,10,0,-10,-109.9,,
202839,"WINE GLASS 6PCS SET 3011",99,"HOUSEWARE & KITCHENWARE",GLASSWARE,"GLASS / TUMBLER /WINE / CHAMPAGNE",6,0,-6,-594,,
201901,"PEEVA COLA CARBONATED SOFT DRINK 350ML 20",2.79,SUPERMARKET,BEVERAGES,DRINKS,20,0,-20,-55.8,,
53553,"8"" MATTRESS 200*150CM HD Q/S LAT",2229,FURNITURE,MATTRESS,"Queen Size",1,0,-1,-2229,,
53554,"FROSTY BITE FANTASY VANILLA POUCH 70G 30",8.99,SUPERMARKET,"FROZEN FOOD",ICE-CREAM,64,0,-64,-575.36,,
60121,"COOKWARE 10PCS SET PALU CROWNSTAR MC303AL RJK",1299,"HOUSEWARE & KITCHENWARE",KITCHENWARE,"ALUMINIUM COOKWARE",2,0,-2,-2598,,
60783,"NIVEA COCOA BUTTER LOTION  400ML   12",79.99,SUPERMARKET,"HOME AND PERSONAL CARE","SKIN CARE",12,0,-12,-959.88,,
60471,"TUMBLER 6PCS SET OCA 400ML 76290200771876",29.9,"HOUSEWARE & KITCHENWARE",GLASSWARE,"GLASS / TUMBLER /WINE / CHAMPAGNE",1,0,-1,-29.9,,
60934,"BINATONE STANDING FAN 16"" VS 16551656",699,"ELECTRICAL APPLIANCES",FAN,"STANDING FAN",2,0,-2,-1398,,
42974,"SERVING BOWL MELAMINE 9 INCHES ZHN C0359",16.9,"HOUSEWARE & KITCHENWARE","MELAMINE WARE","MEL BOWL/BOWL+COVER",1,0,-1,-16.9,,
49252,"DEVA DISHWASHING LIQUID SOAP APPLE 2.5L  6",73.99,SUPERMARKET,"HOME AND PERSONAL CARE","HOUSEHOLD CLEANERS",3,0,-3,-221.97,,
43168,"PLATINUM SARDINES IN VEGETABLE OIL 125G 50",10.99,SUPERMARKET,"FOOD CUPBOARD","CANNED FOOD",-4,0,4,43.96,,
43198,"JUVER DISFRUTA NECTAR PEACH JUICE 1L  12",32.99,SUPERMARKET,BEVERAGES,JUICE,8,0,-8,-263.92,,
44387,"AKAI GAS STOVE 2B GC018A-8201",349,"GAS COOKER & ACCESSORIES","GAS COOKER","TABLE TOP GAS STOVE",2,0,-2,-698,,
51037,"ENERGIZER BATTERY LITHIUM 3V ECR2016-LITHIUM",25,"ELECTRICAL APPLIANCES",BATTERIES,BATTERY,21,0,-21,-525,,
64089,"YAZZ MONARCH TOOTHBRUSH MEDUIM BRISTLE   72",3.39,SUPERMARKET,"HOME AND PERSONAL CARE","ORAL CARE",7,0,-7,-23.73,,
64090,"YAZZ DUKE TOOTHBRUSH MEDIUM BRISTLE  72",3.39,SUPERMARKET,"HOME AND PERSONAL CARE","ORAL CARE",-2,0,2,6.78,,
51039,"ENERGIZER BATTERY LITHIUM 3V ECR2032-LITHIUM",25,"ELECTRICAL APPLIANCES",BATTERIES,BATTERY,5,0,-5,-125,,
51352,"PHILIPS BLENDER W/MILL 1.5L 400W HR2102",719,"ELECTRICAL APPLIANCES","FOOD PROCESSOR/BLENDER",BLENDERS,1,0,-1,-719,,
51588,"TZEPAO SANPIEN JIU LIQUOR 500ML 24",85.99,SUPERMARKET,"BEVERAGES ALCOHOLIC",LIQUER,27,0,-27,-2321.73,,
57746,"FANTA ORANGE PET 1L  4",15.99,SUPERMARKET,BEVERAGES,DRINKS,8,0,-8,-127.92,,
46602,"PARIDOX FRESH ALATA SAMINA SOAP LEMON 500G  20",43.99,SUPERMARKET,"HOME AND PERSONAL CARE","PERSONAL WASH",19,0,-19,-835.81,,
64712,"CASTILLO DE LANDA CAB. SAUVIGNON WINE 12%V 750ML",69.99,SUPERMARKET,"BEVERAGES ALCOHOLIC",WINES,5,0,-5,-349.95,,
64715,"PARLE RIK RAK CHOCOLATE FILLED WAFER 18G 72",1.09,SUPERMARKET,"FOOD CUPBOARD",BISCUITS,66,0,-66,-71.94,,
64717,"PARLE RIK RAK STRAWBERRY FILLED WAFER 18G 72",1.09,SUPERMARKET,"FOOD CUPBOARD",BISCUITS,64,0,-64,-69.76,,
59220,"JOHNNIE WALKER BLACK LABEL 750ML  12",549.99,SUPERMARKET,"BEVERAGES ALCOHOLIC",WHISKEY,1,0,-1,-549.99,,
48208,"ALUMINIUM FOIL CONTAINER 12PCS  SMALL  45",27.99,SUPERMARKET,"HOME AND PERSONAL CARE",DISPOSABLE,12,0,-12,-335.88,,
65358,"MULIK CHOCOLATE MILK DRINK 500ML 18",34.99,SUPERMARKET,BEVERAGES,DRINKS,4,0,-4,-139.96,,
36728,"FLORA POCKET TISSUE  1X10X30",13.99,SUPERMARKET,"HOME AND PERSONAL CARE",DISPOSABLE,32,0,-32,-447.68,,
42390,"OCEAN SPRAY CRANBERRY CLASSIC JUICE 1L 12",40.99,SUPERMARKET,BEVERAGES,JUICE,4,0,-4,-163.96,,
24023,"VASELINE PJ (BLUE SEAL) ALOE VERA 250ML 36",51.99,SUPERMARKET,"HOME AND PERSONAL CARE","SKIN CARE",22,0,-22,-1143.78,,
30938,"CINDY VIETNAM RICE 5KG 5",94.99,SUPERMARKET,"FOOD CUPBOARD","RAW RICE",10,0,-10,-949.9,,
25362,"EMBORG SKIMMED UHT MILK 1L 12",46.99,SUPERMARKET,"FOOD CUPBOARD","MILK AND CREAMERS",6,0,-6,-281.94,,
37884,"GEURTS PINEAPPLE JAM 450G 12",46.99,SUPERMARKET,"FOOD CUPBOARD","HONEY  JAM AND MARMALADE",5,0,-5,-234.95,,
26305,"PRINGLES SALT&VINEGAR 165G  19",44.99,SUPERMARKET,"FOOD CUPBOARD",SNACKS,4,0,-4,-179.96,,
26353,"SAIRO OATS HAND WASH 500ML 12",24.99,SUPERMARKET,"HOME AND PERSONAL CARE","PERSONAL WASH",9,0,-9,-224.91,,
39483,"PEPSODENT CAVITY FIGHTER  TOOTHPASTE 175G 72",22.99,SUPERMARKET,"HOME AND PERSONAL CARE","ORAL CARE",63,0,-63,-1448.37,,
33499,"GILLETTE BLUE 2 PLUS POUCH 3RAZORS TWIN BLADE  40",22.99,SUPERMARKET,"HOME AND PERSONAL CARE","MENS GROOMING",28,0,-28,-643.72,,
27615,"BANETTI PASTA PENNE RIGATE 500G 20",14.99,SUPERMARKET,"FOOD CUPBOARD","NOODLES AND SOUP",15,0,-15,-224.85,,
40290,"SHINE KITCHEN TOWEL ( 2PCS) 6",28.99,SUPERMARKET,"HOME AND PERSONAL CARE",DISPOSABLE,10,0,-10,-289.9,,
34901,"HABIBA COCOA BUTTER POMADE BS  250ML 6",27.99,SUPERMARKET,"HOME AND PERSONAL CARE","SKIN CARE",11,0,-11,-307.89,,
41000,"WATER BOTTLE 1000ML PLASTIC PNP3312",9.9,"HOUSEWARE & KITCHENWARE","FLASK AND BOTTLES",BOTTLE,20,0,-20,-198,,
29453,"CUSSONS BABY OIL MILD & GENTLE 200ML 24",20.49,SUPERMARKET,"HOME AND PERSONAL CARE","INFANT AND BABY CARE",32,0,-32,-655.68,,
86440,"WATER BOTTLE 900ML PLASTIC PURO GLISS",9.9,"HOUSEWARE & KITCHENWARE","FLASK AND BOTTLES",BOTTLE,8,0,-8,-79.2,,
91430,"CHOP TIME SERVIETTE 29CMX29CM 100SHEETS  15",7.49,SUPERMARKET,"HOME AND PERSONAL CARE",DISPOSABLE,17,0,-17,-127.33,,
88961,"SERVING BOWL MELAMINE 10 INCHES ZHN C09610",19.9,"HOUSEWARE & KITCHENWARE","MELAMINE WARE","MEL BOWL/BOWL+COVER",22,0,-22,-437.8,,
91237,"SAIRO BATH&SHOWER GEL MELON SENSATION 750ML 8",50.99,SUPERMARKET,"HOME AND PERSONAL CARE","PERSONAL WASH",10,0,-10,-509.9,,
91243,"SAIRO BABY SHAMPOO 750ML  16",25.99,SUPERMARKET,"HOME AND PERSONAL CARE","INFANT AND BABY CARE",17,0,-17,-441.83,,
94165,"SATNAM PERFUMED INSECT REPELLANT BALLS 100GMS 120",11.99,SUPERMARKET,"HOME AND PERSONAL CARE","INSECTICIDES AND RODENT CONTROL",97,0,-97,-1163.03,,
83925,"TOP CHOCO ON -THE -GO 80G 24",9.99,SUPERMARKET,"FOOD CUPBOARD",CONFECTIONERY,21,0,-21,-209.79,,
86785,"SCOURER 5PCS SET YWU",6.9,"HOUSEWARE & KITCHENWARE","HOME HYGIENE","BROOM BRUSHES DUSTPANS",10,0,-10,-69,,
92081,"MAGGI DEDEEDE CUBE 600G  24",63.99,SUPERMARKET,"FOOD CUPBOARD",CONDIMENTS,14,0,-14,-895.86,,
89868,"SHINE FACIAL TISSUE BOUTIQUE (100PCS)  36",10.99,SUPERMARKET,"HOME AND PERSONAL CARE",DISPOSABLE,15,0,-15,-164.85,,
84515,"CHRISTMAS DECORATION 12PCS",5.9,"HOME DECOR & TEXTILES","XMAS SEASONAL","xmas season",76,0,-76,-448.4,,
86916,"BRAGG APPLES CIDER VINEGAR 473ML  12",144.99,SUPERMARKET,"FOOD CUPBOARD",CONDIMENTS,5,0,-5,-724.95,,
86918,"NUTRISNAX OATS DIGESTIVE BISCUITS 70G  36",5.59,SUPERMARKET,"FOOD CUPBOARD",BISCUITS,17,0,-17,-95.03,,
92247,"KELLOGGS COCO POPS 25G  100",4.29,SUPERMARKET,"FOOD CUPBOARD","BREAKFAST CEREALS",27,0,-27,-115.83,,
87138,"CHEF KNIFE 8INCHES MASTERCHEF YWU",29.9,"HOUSEWARE & KITCHENWARE","KNIFE AND CHOPPING BOARD","SINGLE KNIFE",13,0,-13,-388.7,,
92386,"DARLING LEMON FLAVOR ALCOHOLIC DRINK 330ML  12",6.29,SUPERMARKET,"BEVERAGES ALCOHOLIC","BOTTLE BEER",46,0,-46,-289.34,,
85349,"RIOS DE CHILE CABERNET SAUVIGON WINE 13.5%VOL750ML",89.99,SUPERMARKET,"BEVERAGES ALCOHOLIC",WINES,8,0,-8,-719.92,,
90607,"CURTAIN ROD SINGLE 120-210 11051-210PG",119,"HOME DECOR & TEXTILES","CURTAIN RODS","CURTAIN RODS",15,0,-15,-1785,,
88170,"FONTISSUE NEW TROLL 2PLY 4ROLLS   10",17.99,SUPERMARKET,"HOME AND PERSONAL CARE",DISPOSABLE,3,0,-3,-53.97,,
79119,"KASAPREKO BLACK ROCK HONEY WHISKY 750ML 12",46.99,SUPERMARKET,"BEVERAGES ALCOHOLIC",WHISKEY,10,0,-10,-469.9,,
75019,"UNOLI HUILE SUNFLOWER OIL 900ML  15",50.49,SUPERMARKET,"FOOD CUPBOARD","EDIBLE OILS AND GHEE",14,0,-14,-706.86,,
75249,"TUMBLER ZOMBIE 330ML DXB L4700N7793",6.9,"HOUSEWARE & KITCHENWARE",GLASSWARE,"GLASS / TUMBLER /WINE / CHAMPAGNE",36,0,-36,-248.4,,
75250,"TUMBLER WILLY 380ML DXB L4698N7794",6.9,"HOUSEWARE & KITCHENWARE",GLASSWARE,"GLASS / TUMBLER /WINE / CHAMPAGNE",1,0,-1,-6.9,,
71229,"COOL BREEZE MEMBRANE AIR FRESHENER FREESIA 8ML  12",22.49,SUPERMARKET,"HOME AND PERSONAL CARE",FRESHENERS,3,0,-3,-67.47,,
71234,"COOL BREEZE MEMBRANE AIR FRESHENER LAVENDER 8ML 12",22.49,SUPERMARKET,"HOME AND PERSONAL CARE",FRESHENERS,5,0,-5,-112.45,,
71248,"COOL BREEZE HANGING AIR FRESHNER VANILLA 11G  24",18.99,SUPERMARKET,"HOME AND PERSONAL CARE",FRESHENERS,97,0,-97,-1842.03,,
80497,"KNIFE 6PCS SET  2938KN RJK",9.9,"HOUSEWARE & KITCHENWARE","KNIFE AND CHOPPING BOARD","KNIFE SETS",16,0,-16,-158.4,,
67534,"SHINE FAMILY DISPOSABLE CUP 500CC (20S X50PCS)  20",27.99,SUPERMARKET,"HOME AND PERSONAL CARE",DISPOSABLE,19,0,-19,-531.81,,
81281,"SHINE MAXI ROLL 2PLY  6",76.99,SUPERMARKET,"HOME AND PERSONAL CARE",DISPOSABLE,7,0,-7,-538.93,,
67793,"IRISH SPRING ALOE SOAP 106.3G (18X3PACK)  18",53.99,SUPERMARKET,"HOME AND PERSONAL CARE","PERSONAL WASH",18,0,-18,-971.82,,
71821,"COOL BREEZE MEMBRANE AIR FRESHNER VANILLA 8ML  12",22.49,SUPERMARKET,"HOME AND PERSONAL CARE",FRESHENERS,8,0,-8,-179.92,,
81329,"TASTY TOM TOMATO MIX SACHET 1.05KG  12",39.49,SUPERMARKET,"FOOD CUPBOARD",CONDIMENTS,6,0,-6,-236.94,,
67999,"EVP COFFEE CUP CLEAR 80CC SINGLE LAYER (20X100) 20",13.49,SUPERMARKET,"HOME AND PERSONAL CARE",DISPOSABLE,19,0,-19,-256.31,,
81505,"DOLAIT NATURAL PLAIN YOGHURT 200G 1",15.49,SUPERMARKET,"FRESH DAIRY AND EGGS",Yoghurt,15,0,-15,-232.35,,
68990,"DESSERT KNIFE 4PCS SET SS 1620",19.9,"HOUSEWARE & KITCHENWARE","CUTLERY ITEMS","SPOONS FORKS KNIFE AND CUTLERY SET",28,0,-28,-557.2,,
77579,"DR MIGHTY WC POWER BALLS LAVENDER 5 IN 1  24",24.99,SUPERMARKET,"HOME AND PERSONAL CARE",FRESHENERS,25,0,-25,-624.75,,
73615,"HAPPY SHOPPER KITCHEN FOIL 75MX30CM  72",15.99,SUPERMARKET,"HOME AND PERSONAL CARE",DISPOSABLE,3,0,-3,-47.97,,
78088,"CORNER SHELF 3LAYER METAL",89,"HOUSEWARE & KITCHENWARE",BATHROOM,"BATHROOM SHELF RACKS HOLDERS",4,0,-4,-356,,
78281,"BINATONE BLENDER W/MILL 1.5L 500W BLG595/BLG595MK2",839,"ELECTRICAL APPLIANCES","FOOD PROCESSOR/BLENDER",BLENDERS,2,0,-2,-1678,,
82784,"NUTRIBOM INFANT CEREAL BAG  OATS  200G 12",18.99,SUPERMARKET,"FOOD CUPBOARD","BABY FOOD",24,0,-24,-455.76,,
69806,"SHINE FAMILY LUNCH NAPKIN (15PKX100PCS)  15",9.99,SUPERMARKET,"HOME AND PERSONAL CARE",DISPOSABLE,16,0,-16,-159.84,,
70033,"DOORMAT USA 44X66",49.9,"HOME DECOR & TEXTILES","FLOOR MATS","DOOR MAT",2,0,-2,-99.8,,
70100,"SUNLIGHT DISH WASHING LIQUID LEMON 750ML 15",42.99,SUPERMARKET,"HOME AND PERSONAL CARE","HOUSEHOLD CLEANERS",5,0,-5,-214.95,,
H233,"6"" MATTRESS 36X75INCH HD S/S LAT",1049,FURNITURE,MATTRESS,"Single Size",1,0,-1,-1049,,
X653,"VOLTIC MINERAL WATER 1.5L 6",5.89,SUPERMARKET,BEVERAGES,"MINERAL WATER",46,0,-46,-270.94,,
X938,"EVEN  HALF CREAM UHT MILK 1L 12",53.99,SUPERMARKET,"FOOD CUPBOARD","MILK AND CREAMERS",4,0,-4,-215.96,,
X939,"EVEN NO CREAM UHT MILK 1L 12",53.99,SUPERMARKET,"FOOD CUPBOARD","MILK AND CREAMERS",12,0,-12,-647.88,,
N485,"MENTOS ICE GUM PEPPERMINT 11.4G  288",8.49,SUPERMARKET,"FOOD CUPBOARD",CONFECTIONERY,281,0,-281,-2385.69,,
N636,"PAPER NAPKIN / KITCHEN TOWEL EVERPACK M/S  6",21.99,SUPERMARKET,"HOME AND PERSONAL CARE",DISPOSABLE,6,0,-6,-131.94,,
N801,"FANTA ORANGE PET 450ML  12",8.99,SUPERMARKET,BEVERAGES,DRINKS,3,0,-3,-26.97,,
N862,"CAMEL ZESTY LIME FRESH LIQUID 500ML 24",56.99,SUPERMARKET,"HOME AND PERSONAL CARE","HEALTH AND WELLNESS",24,0,-24,-1367.76,,
S737,"PEAK LOW FAT UHT MILK1L 12",30.99,SUPERMARKET,"FOOD CUPBOARD","MILK AND CREAMERS",6,0,-6,-185.94,,
X459,"BLUE BAND MARGARINE ORIGINAL 250G 24",21.49,SUPERMARKET,"FOOD CUPBOARD","SPREADS AND TOPPING",14,0,-14,-300.86,,
X539,"VEGA CONDENSED MILK 1KG  24",39.99,SUPERMARKET,"FOOD CUPBOARD","MILK AND CREAMERS",14,0,-14,-559.86,,
D635,"BINE DISINFECTANT 0.5L  25",15.99,SUPERMARKET,"HOME AND PERSONAL CARE","HOUSEHOLD CLEANERS",6,0,-6,-95.94,,
D641,"PURE HEAVEN PINEAPPLE+COCONUT JUICE 1L 8",35.99,SUPERMARKET,BEVERAGES,JUICE,6,0,-6,-215.94,,
95783,"CHRISTMAS TREE TOP 28X27CM 19Q30",15.9,"HOME DECOR & TEXTILES","XMAS SEASONAL","xmas season",21,0,-21,-333.9,,
99393,"DOOR HANGER 5720182339 YWU",4.9,"HOUSEWARE & KITCHENWARE",LAUNDARY,"CLOTH HANGERS",54,0,-54,-264.6,,
D797,"TASTY TOM TOMATO PASTE E/O 400GMS 24",16.99,SUPERMARKET,"FOOD CUPBOARD",CONDIMENTS,21,0,-21,-356.79,,
99605,"PRINCESS BODY MIST JASMINE 50ML  48",8.49,SUPERMARKET,"HOME AND PERSONAL CARE",FRAGRANCES,17,0,-17,-144.33,,
99662,"STYLE UP ROLL ON SENSITIVE 50ML  6",9.99,SUPERMARKET,"HOME AND PERSONAL CARE",FRAGRANCES,16,0,-16,-159.84,,
99677,"CURTAIN SHOWER 3 RODS 808080",22.9,"HOME DECOR & TEXTILES","CURTAIN RODS","CURTAIN RODS",-1,0,1,22.9,,
94194,"GRATER WCONTAINER ROUND 24CM Y1588928 YWU",19.9,"HOUSEWARE & KITCHENWARE","KNIFE AND CHOPPING BOARD",GRATER,9,0,-9,-179.1,,
94237,"MADAR DETERGENT BAR BLUE 115G  48",4.49,SUPERMARKET,"HOME AND PERSONAL CARE","LAUNDRY CARE",42,0,-42,-188.58,,
94241,"MADAR RENZO M/PURPOSE LEMON LIQUID SOAP 750ML  12",24.99,SUPERMARKET,"HOME AND PERSONAL CARE","HOUSEHOLD CLEANERS",7,0,-7,-174.93,,
96188,"PARIDOX ALATA SAMINA GEL SKIN TONER 500ML 20",44.99,SUPERMARKET,"HOME AND PERSONAL CARE","PERSONAL WASH",10,0,-10,-449.9,,
94700,"FA MEN ROLL ON DRY PROTECT 50ML  24",23.99,SUPERMARKET,"HOME AND PERSONAL CARE",FRAGRANCES,30,0,-30,-719.7,,
96430,"NIDO ESSENTIA 23G 10PCS X 12",46.49,SUPERMARKET,"FOOD CUPBOARD","DRINKING POWDER",15,0,-15,-697.35,,
A992,"CERES PINEAPPLE FRUIT JUICE 1L 12",39.49,SUPERMARKET,BEVERAGES,JUICE,11,0,-11,-434.39,,
98474,"AMALFI  HAND SOAP  ICE CREAM  500ML  12",25.99,SUPERMARKET,"HOME AND PERSONAL CARE","PERSONAL WASH",12,0,-12,-311.88,,
CL530,"CEN CL530 FLORA BASKET 1X12",5.2,"HOUSEWARE & KITCHENWARE","CENTURY PRODUCTS",CENTURY,2,0,-2,-10.4,,
CL580,"STORAGE BOX TRANSPARENT 12L 38CMX28CMX18CM",42.9,"HOUSEWARE & KITCHENWARE","STORAGE AND ORGANIZER","STORAGE CONTAINERS",7,0,-7,-300.3,,
95107,"FRUTAIL ORANGE JUICE 1L  12",36.99,SUPERMARKET,BEVERAGES,JUICE,5,0,-5,-184.95,,
CL606,"MIXING BOWL LARGE 30CMX27CMX14CM",19.9,"HOUSEWARE & KITCHENWARE",SERVEWARE,"SERVING BOWL",10,0,-10,-199,,
CL611,"ROYALE CASSEROLE 2PCS SET 1000ML 1500ML PL",59,"HOUSEWARE & KITCHENWARE",SERVEWARE,CASSEROLES,7,0,-7,-413,,
CL620,"FRIDGE BOTTLE 900ML ROUND 7CMX24CM",9.9,"HOUSEWARE & KITCHENWARE","FLASK AND BOTTLES",BOTTLE,19,0,-19,-188.1,,
CL683,"QUEEN OF CASSEROLE 1800ML PI 27CMX22CMX14CM",36.9,"HOUSEWARE & KITCHENWARE",SERVEWARE,CASSEROLES,8,0,-8,-295.2,,
CL716,"SPICE CONTAINER 3PCS SET 400ML 600ML 750ML",16.9,"HOUSEWARE & KITCHENWARE","STORAGE AND ORGANIZER","STORAGE CONTAINERS",-1,0,1,16.9,,
95402,"COKE PET 300ML 12",6.49,SUPERMARKET,BEVERAGES,DRINKS,24,0,-24,-155.76,,
95404,"FANTA ORANGE PET 300ML 12",6.49,SUPERMARKET,BEVERAGES,DRINKS,7,0,-7,-45.43,,
98736,"SIBLOU WHITE TUNA IN WATER 170G 48",41.99,SUPERMARKET,"FOOD CUPBOARD","CANNED FOOD",43,0,-43,-1805.57,,
CL721,"BOWL FANCY TINTED 20CMX9CM",5.9,"HOUSEWARE & KITCHENWARE",SERVEWARE,"SERVING BOWL",11,0,-11,-64.9,,
CL735,"BUCKET 3LTR TRANSPARENT 18CMX19CM",9.9,"HOUSEWARE & KITCHENWARE",LAUNDARY,"BUCKETS AND BASINS",25,0,-25,-247.5,,
CL746,"OHEMA CASSEROLE 2PCS SET 2000 & 3000 ML",59,"HOUSEWARE & KITCHENWARE",SERVEWARE,CASSEROLES,6,0,-6,-354,,
CL759,"CRISPER CONTAINER RND 2000ML 16CMX14CM",7.9,"HOUSEWARE & KITCHENWARE","STORAGE AND ORGANIZER","STORAGE CONTAINERS",5,0,-5,-39.5,,
CL762,"CRISPER CONTAINER RND 9000ML 26CMX22CM",29.9,"HOUSEWARE & KITCHENWARE","STORAGE AND ORGANIZER","STORAGE CONTAINERS",1,0,-1,-29.9,,
CL772,"CONTAINER 1800ML OPAQUE 22CMX15CMX9CM",12.9,"HOUSEWARE & KITCHENWARE","STORAGE AND ORGANIZER","STORAGE CONTAINERS",14,0,-14,-180.6,,
98944,"SLATE WHITE BOARD&PRINTED ALPHABET TY-305A",24.99,"TOYS AND ENTERTAINMENT","LEARNING AND EDUCATIONAL TOYS","WRITING TOOLS",1,0,-1,-24.99,,
D136,"LUNCH NAPKINS PLAIN 100SHTS 15",11.99,SUPERMARKET,"HOME AND PERSONAL CARE",DISPOSABLE,23,0,-23,-275.77,,
D166,"SUNNY BROWN SUGAR BOTTLE 800G 12",38.99,SUPERMARKET,"FOOD CUPBOARD","SALT  SUGAR AND JAGGERY",11,0,-11,-428.89,,
97546,"ECOSTYLE SPORT BLUE GEL 473ML  6",79.99,SUPERMARKET,"HOME AND PERSONAL CARE","HAIR CARE",5,0,-5,-399.95,,
D570,"HUNTERS GOLD CIDER BOTTLE 330ML 24",24.99,SUPERMARKET,"BEVERAGES ALCOHOLIC",CIDER,17,0,-17,-424.83,,
00869,"COWBELL MILK STRAWBRY 35G (10 X12)  120",5.99,SUPERMARKET,BEVERAGES,"DRINKING POWDERS",10,0,-10,-59.9,,
01551,"RAID MIK INSECTICIDE SPRAY 300ML  24 (26-339)",38.99,SUPERMARKET,"HOME AND PERSONAL CARE","INSECTICIDES AND RODENT CONTROL",24,0,-24,-935.76,,
02572,"PURE HEAVEN APPLE JUICE 1L 8",35.99,SUPERMARKET,BEVERAGES,JUICE,4,0,-4,-143.96,,
06966,"KASAPREKO BRANDY 750ML 12",36.49,SUPERMARKET,"BEVERAGES ALCOHOLIC","COGNAC / BRANDY",8,0,-8,-291.92,,
09224,"ALWAYS ULTRA THIN LONG WITH WINGS 8PADS X 16",22.99,SUPERMARKET,"HOME AND PERSONAL CARE","FEMININE CARE",17,0,-17,-390.83,,
100506,"LONG MOUNTAIN NATURAL SWEET RED WINE 750ML 6",65.99,SUPERMARKET,"BEVERAGES ALCOHOLIC",WINES,6,0,-6,-395.94,,
09915,"POMO TOMATO PASTE 2.2KG 6",69.99,SUPERMARKET,"FOOD CUPBOARD",CONDIMENTS,4,0,-4,-279.96,,
100796,"ZOMBA GREEN COCKTAIL 0% ALC 750ML 6",42.49,SUPERMARKET,"BEVERAGES ALCOHOLIC",WINES,28,0,-28,-1189.72,,
100985,"CURTAIN POLYESTER 52X84"" W/HANGER DR-TH158",159,"HOME DECOR & TEXTILES",CURTAINS,"GROMMET CURTAINS",11,0,-11,-1749,,
100986,"CURTAIN POLYESTER 52X84"" W/HANGER DR-TH159",159,"HOME DECOR & TEXTILES",CURTAINS,"GROMMET CURTAINS",9,0,-9,-1431,,
101019,"CURTAIN POLYESTER 52X84"" W/HANGER ZGB101",159,"HOME DECOR & TEXTILES",CURTAINS,"GROMMET CURTAINS",12,0,-12,-1908,,
102276,"PEPSODENT TOOTHPASTE CHARCOAL WHITE  130G  72",24.49,SUPERMARKET,"HOME AND PERSONAL CARE","ORAL CARE",60,0,-60,-1469.4,,
102312,"PEAK MILK POWDER GREEN SACHET (10 *12) 20G  12",26.99,SUPERMARKET,"FOOD CUPBOARD","MILK AND CREAMERS",4,0,-4,-107.96,,
102315,"TOILET BRUSH P-8038",14.9,"HOUSEWARE & KITCHENWARE","HOME HYGIENE","TOILET BRUSHES",6,0,-6,-89.4,,
102866,"KIDS LUNCH BOX MONKEY FACE PLASTIC L-00615",9.9,"HOUSEWARE & KITCHENWARE","STORAGE AND ORGANIZER","LUNCH BOXES TIFFINS AND FOOD FLASK",8,0,-8,-79.2,,
102951,"FRES LIQUID SOAP COCOA  350ML  24",17.99,SUPERMARKET,"HOME AND PERSONAL CARE","PERSONAL WASH",7,0,-7,-125.93,,
102952,"FRES LIQUID SOAP FRUITS  350ML  24",17.99,SUPERMARKET,"HOME AND PERSONAL CARE","PERSONAL WASH",16,0,-16,-287.84,,
103128,"PRINCESS CARO PAA CREAM 260G  4",22.49,SUPERMARKET,"HOME AND PERSONAL CARE","SKIN CARE",4,0,-4,-89.96,,
103784,"GIVERS GLASS  CLEANER 750ML  20",17.99,SUPERMARKET,"HOME AND PERSONAL CARE","HOUSEHOLD CLEANERS",11,0,-11,-197.89,,
104343,"NON WOVEN STORAGE RACK W/DRAWER  84X30X60CM",279,FURNITURE,"CHEST OF DRAWERS",COD,1,0,-1,-279,,
104955,"DESTELLO  MULTIPURPOSE CLEANER SPRAY 1L  12",36.99,SUPERMARKET,"HOME AND PERSONAL CARE","HOUSEHOLD CLEANERS",17,0,-17,-628.83,,
104541,"FONTISSUE TOILET TISSUE 12 ROLLS   4",49.99,SUPERMARKET,"HOME AND PERSONAL CARE",DISPOSABLE,3,0,-3,-149.97,,
105455,"AKAI AIR COOLER 38L W/REMOTE AC045A-5500B2",2789,"ELECTRICAL APPLIANCES","AIR CONDITIONING","AIR COOLERS",2,0,-2,-5578,,
106024,"SAMSUNG LED TV 32"" SAT SMART UA32T5300",3689,"ELECTRONICS & TELECOM","LED TV","SMART TV",1,0,-1,-3689,,
106810,"SHINE GARBAGE BAGS 20L  ( 30)   12",25.49,SUPERMARKET,"HOME AND PERSONAL CARE",DISPOSABLE,9,0,-9,-229.41,,
106894,"PARLE GINGER SNAP COOKIES 24G  72",1.09,SUPERMARKET,"FOOD CUPBOARD",BISCUITS,56,0,-56,-61.04,,
107021,"CT+ SHOWER GEL 800ML 12",47.99,SUPERMARKET,"HOME AND PERSONAL CARE","PERSONAL WASH",8,0,-8,-383.92,,
117206,"DOMS WAX CRAYONS SET 16PCS EXTRA LONG 3449",13.9,STATIONERY,"SCHOOL AND CHILDREN STATIONERY","ART AND HOBBY SETS",11,0,-11,-152.9,,
117260,"DOMS DUST FREE ERASER BOX 20PCS 3420",15.9,STATIONERY,"GENERAL STATIONERY","   WRITING SUPPLIES",5,0,-5,-79.5,,
117270,"DOMS X1 PREMIUM MATH INSTRUMENT BOX 7125",45.9,STATIONERY,"SCHOOL AND CHILDREN STATIONERY","  MATHS AND GEOMETRY SETS",14,0,-14,-642.6,,
117652,"STORAGE BOX 3PCS SET PLASTIC UR-3209",14.9,"HOUSEWARE & KITCHENWARE","STORAGE AND ORGANIZER","STORAGE CONTAINERS",-1,0,1,14.9,,
115645,"AKAI JUICER 1.2L 350W SS/BLACK JC006A-619",649,"ELECTRICAL APPLIANCES",JUICER,"CENTRIFUGAL JUICER",1,0,-1,-649,,
118278,"EASY MOUZOO GRAPE NECTAR GLASS BOTTLE 1L  6",32.99,SUPERMARKET,BEVERAGES,JUICE,3,0,-3,-98.97,,
117182,"DOMS PENCILS SET 12PCS TRIANGLE DARK ZOOM 3412",21.9,STATIONERY,"GENERAL STATIONERY","   WRITING SUPPLIES",37,0,-37,-810.3,,
109780,"JUICE SQUEEZER 600ML PLASTIC M-220",24.9,"HOUSEWARE & KITCHENWARE","KNIFE AND CHOPPING BOARD","PRESS AND SQUEEZERS",8,0,-8,-199.2,,
113182,"YUMVITA RICE SACHET 50G 80",6.29,SUPERMARKET,"FOOD CUPBOARD","BREAKFAST CEREALS",64,0,-64,-402.56,,
114751,"FRICTION MOTOR TOY 120 WHITE MT489942",75,"TOYS AND ENTERTAINMENT","TOYS CARS TRAINS AND VEHICLES","FRICTION TOYS",5,0,-5,-375,,
113238,"CORNER BRUSH 36CM PLASTIC 112/E",9.9,"HOUSEWARE & KITCHENWARE","HOME HYGIENE","BROOM BRUSHES DUSTPANS",8,0,-8,-79.2,,
109866,"COPY COLOUR BOOKS",12.99,STATIONERY,"CHILDREN BOOKS AND GEN REF","BOOKS AND LEARNINGS",16,0,-16,-207.84,,
113460,"BLING MAGIC LEMON MULTIPURPOSE LIQUID 200ML  24",6.99,SUPERMARKET,"HOME AND PERSONAL CARE","HOUSEHOLD CLEANERS",24,0,-24,-167.76,,
113787,"MCBERRY LONDON OATS DIGESTIVE 80G 36",6.29,SUPERMARKET,"FOOD CUPBOARD",BISCUITS,18,0,-18,-113.22,,
112083,"KIVO TOMATO MIX SUP 1KG  12",32.99,SUPERMARKET,"FOOD CUPBOARD",CONDIMENTS,11,0,-11,-362.89,,
113958,"BEL-MALT ORIGINAL CAN DRINK 330ML 24",9.99,SUPERMARKET,BEVERAGES,DRINKS,12,0,-12,-119.88,,
113982,"BIG BOSS ENERGY DRINK CAN 330ML 24",8.49,SUPERMARKET,BEVERAGES,DRINKS,23,0,-23,-195.27,,
113983,"BEL-SODA CAN DRINK 330ML 24",8.49,SUPERMARKET,BEVERAGES,DRINKS,15,0,-15,-127.35,,
112507,"HANGER SET 10PCS 42CM METAL LMSS1172 RJK",44.9,"HOUSEWARE & KITCHENWARE",LAUNDARY,"CLOTH HANGERS",6,0,-6,-269.4,,
109277,"MOMEASY BABY SPOON 2PC SET SS 45340",18.9,"TOYS AND ENTERTAINMENT",INFANTS,FEEDING,8,0,-8,-151.2,,
109290,"MORNING FRESH DISHWASH ZESTY LEMON 1000ML  12",49.99,SUPERMARKET,"HOME AND PERSONAL CARE","HOUSEHOLD CLEANERS",11,0,-11,-549.89,,
110746,"SANITA CLUB TRASH BAGS  8GALONSX30PCS   20",21.99,SUPERMARKET,"HOME AND PERSONAL CARE",DISPOSABLE,2,0,-2,-43.98,,
110753,"HALA TRASH BAGS BIODEGRADABLE 10GALLONSX80   12",55.19,SUPERMARKET,"HOME AND PERSONAL CARE",DISPOSABLE,5,0,-5,-275.95,,
112559,"GOODYS SHITO BEEF HOT/MILD 930G 12",149.99,SUPERMARKET,"FOOD CUPBOARD",CONDIMENTS,7,0,-7,-1049.93,,
110884,"NATURAL FIELDS PURE HONEY 350G 12",31.99,SUPERMARKET,"FOOD CUPBOARD","SPREADS AND TOPPING",7,0,-7,-223.93,,
125196,"PLATINUM SUNFLOWER OIL  4.5L  4",199.99,SUPERMARKET,"FOOD CUPBOARD","EDIBLE OILS AND GHEE",10,0,-10,-1999.9,,
124096,"TOILET BRUSH 1909992",44.9,"HOUSEWARE & KITCHENWARE","HOME HYGIENE","TOILET BRUSHES",8,0,-8,-359.2,,
125258,"SAIRO FAMILY SHOWER GEL SPA 750ML  12",29.99,SUPERMARKET,"HOME AND PERSONAL CARE","PERSONAL WASH",9,0,-9,-269.91,,
125274,"AIRPRO MINI CLIP A/REFRSHNER FRESH VANILLA 2.5ML 6",20.49,SUPERMARKET,"HOME AND PERSONAL CARE",FRESHENERS,6,0,-6,-122.94,,
125293,"AIRPRO HANGIN BOTTLE A/F INVISI/ INVICTUS 10ML 12",35.99,SUPERMARKET,"HOME AND PERSONAL CARE",FRESHENERS,8,0,-8,-287.92,,
124120,"CLEANING CLOTH 9PCS SET 2107968",26.9,"HOUSEWARE & KITCHENWARE","HOME HYGIENE","CLEANING CLOTHES",8,0,-8,-215.2,,
124123,"SPONGE GREEN 5PCS SET 1909108",22.9,"HOUSEWARE & KITCHENWARE","HOME HYGIENE","SPONGE SCRUBBERS AND SCOURERS",6,0,-6,-137.4,,
12418,"LACTASOY PLAIN SOYA MILK 500ML 12",24.99,SUPERMARKET,"FOOD CUPBOARD","MILK AND CREAMERS",6,0,-6,-149.94,,
122217,"AIRPRO TOUCH &SPRAY AIRFRSHNER FR.VANILLA 36ML 6",35.99,SUPERMARKET,"HOME AND PERSONAL CARE",FRESHENERS,3,0,-3,-107.97,,
122218,"AIRPRO  AIRREFRSHENER GEL RIO TROPICA 128G  24",24.99,SUPERMARKET,"HOME AND PERSONAL CARE",FRESHENERS,24,0,-24,-599.76,,
122226,"AIRPRO AIRREFRSHENER GEL  PEACH PUNCH 128G  24",24.49,SUPERMARKET,"HOME AND PERSONAL CARE",FRESHENERS,12,0,-12,-293.88,,
122227,"AIRPRO AIRFRSHNER GEL  TUTTI FRUTTI MANIA 128G  24",24.99,SUPERMARKET,"HOME AND PERSONAL CARE",FRESHENERS,11,0,-11,-274.89,,
124731,"FOOD CONTAINER 550ML PLASTIC BSF-00856",12.9,"HOUSEWARE & KITCHENWARE","STORAGE AND ORGANIZER","STORAGE CONTAINERS",22,0,-22,-283.8,,
124755,"EASY TO READ MORAL STORIES 12TITLES 16PAGES 47YRS",7.9,STATIONERY,"CHILDREN BOOKS AND GEN REF","BOOKS AND LEARNINGS",8,0,-8,-63.2,,
122728,"UNIMAX JOYMATE BALLPEN BLACK 1.0MM FBJYMBK10",1.49,STATIONERY,"GENERAL STATIONERY","   WRITING SUPPLIES",4,0,-4,-5.96,,
123913,"SCOURING PAD 10PCS SET  CHSP1510 YWU",4.9,"HOUSEWARE & KITCHENWARE","HOME HYGIENE","SPONGE SCRUBBERS AND SCOURERS",4,0,-4,-19.6,,
119590,"FARAGELLO GOLD MANGO NECTAR  BOTTLE 1L  6",33.99,SUPERMARKET,BEVERAGES,JUICE,7,0,-7,-237.93,,
119594,"FARAGELLO GOLD MANGO NECTAR GLASS BOTTLE 250ML  24",11.99,SUPERMARKET,BEVERAGES,JUICE,63,0,-63,-755.37,,
119648,"MUTLU BIG ELBOW 400G  20",12.99,SUPERMARKET,"FOOD CUPBOARD","NOODLES AND SOUP",18,0,-18,-233.82,,
119654,"KIVO PEPPER POWDER 400G  12",43.99,SUPERMARKET,"FOOD CUPBOARD","SPICES AND HERBS",14,0,-14,-615.86,,
120846,"CUSSONS BABY WIPES MILD & GENTLE 80 SHEETS  24",23.99,SUPERMARKET,"HOME AND PERSONAL CARE","INFANT AND BABY CARE",7,0,-7,-167.93,,
120847,"CUSSONS BABY WIPES SOFT & SMOOTH 80 SHEETS  24",23.99,SUPERMARKET,"HOME AND PERSONAL CARE","INFANT AND BABY CARE",24,0,-24,-575.76,,
119658,"KIVO GOOD TIME NON DAIRY CREAMER 250G  25+1",19.99,SUPERMARKET,"FOOD CUPBOARD","DRINKING POWDER",7,0,-7,-139.93,,
120167,"EVEREADY LED PLASTIC TORCH LIGHT 2AA",26,"ELECTRICAL APPLIANCES",LIGHTING/LAMPS,"TORCH/ LANTERN",2,0,-2,-52,,
120378,"FREEDOM BOTTLE BEER 330ML 24",10.99,SUPERMARKET,"BEVERAGES ALCOHOLIC","BOTTLE BEER",1,0,-1,-10.99,,
121778,"KOTEX PANTY LINERS NORMAL 35 SHEETS  12",55.99,SUPERMARKET,"HOME AND PERSONAL CARE","FEMININE CARE",8,0,-8,-447.92,,
119307,"REXONA ROLL ON  BIORYTHM 50ML  6",25.99,SUPERMARKET,"HOME AND PERSONAL CARE",FRAGRANCES,1,0,-1,-25.99,,
120619,"COMFORTER DOUBLE MICROPEACH 4PC 03C00360D",399,"HOME DECOR & TEXTILES","BLANKETS QUILTS COMFORTERS AND BEDCOVERS",COMFORTERS,1,0,-1,-399,,
131068,"SAIRO ROLL ON ANTI-WHITE MARKS 50ML  12",22.99,SUPERMARKET,"HOME AND PERSONAL CARE",FRAGRANCES,38,0,-38,-873.62,,
131321,"STORM ENERGY DRINK 350ML 12",6.79,SUPERMARKET,BEVERAGES,DRINKS,1,0,-1,-6.79,,
131547,"YOGA STRAWBERRY WITH WHEAT YOGHURT 330ML 1",19.99,SUPERMARKET,"FRESH DAIRY AND EGGS",Yoghurt,11,0,-11,-219.89,,
131548,"YOGA VANILA WITH WHEAT YOGHURT 330ML 1",19.99,SUPERMARKET,"FRESH DAIRY AND EGGS",Yoghurt,13,0,-13,-259.87,,
132027,"DINNER SPOON 6PCS 21CM 45G DYC1 YWU",34.9,"HOUSEWARE & KITCHENWARE","CUTLERY ITEMS","SPOONS FORKS KNIFE AND CUTLERY SET",17,0,-17,-593.3,,
132029,"DINNER FORK 6PCS 21CM 40G DYC2 YWU",39.9,"HOUSEWARE & KITCHENWARE","CUTLERY ITEMS","SPOONS FORKS KNIFE AND CUTLERY SET",2,0,-2,-79.8,,
132031,"TEA SPOON 6PCS 15CM 22G DYC3 YWU",29.9,"HOUSEWARE & KITCHENWARE","CUTLERY ITEMS","SPOONS FORKS KNIFE AND CUTLERY SET",12,0,-12,-358.8,,
13204,"KONKORD IODIZED SALT 1000G 25",8.89,SUPERMARKET,"FOOD CUPBOARD","SALT  SUGAR AND JAGGERY",14,0,-14,-124.46,,
128553,"LAUNDRY BASKET COLLAPSIBLE A202205 RK",29.9,"HOUSEWARE & KITCHENWARE",LAUNDARY,"LAUNDARY BASKET",2,0,-2,-59.8,,
129588,"FARAGELLO GOLD ORANGE NECTAR TETRAPACK 250ML  27",7.99,SUPERMARKET,BEVERAGES,JUICE,24,0,-24,-191.76,,
129610,"OPENER 125X4 YWU",4.9,"HOUSEWARE & KITCHENWARE","CUTLERY ITEMS",OPENERS,39,0,-39,-191.1,,
126195,"ZOFLORA LINEN FRESH   120ML  12",45.99,SUPERMARKET,"HOME AND PERSONAL CARE","HOUSEHOLD CLEANERS",11,0,-11,-505.89,,
128757,"BUBBLE UP TONIC WATER 330ML 24",8.49,SUPERMARKET,BEVERAGES,DRINKS,3,0,-3,-25.47,,
128779,"HIGHLIGHTER MINI 12YRS+ LUXOR 4PCS 4000/4BC",11.9,STATIONERY,"GENERAL STATIONERY","   WRITING SUPPLIES",3,0,-3,-35.7,,
125360,"ROMAR FABRIC SOFTENER SPA 750ML  15",36.99,SUPERMARKET,"HOME AND PERSONAL CARE","LAUNDRY CARE",7,0,-7,-258.93,,
126471,"JUVER DISFRUTA  APPLE DRINK 330ML 18",14.49,SUPERMARKET,BEVERAGES,JUICE,5,0,-5,-72.45,,
127895,"MCBERRY TWIST VANNILLA  CUPCAKE 15G  72",1.19,SUPERMARKET,"FOOD CUPBOARD",SNACKS,1,0,-1,-1.19,,
125896,"LAV TUMBLER 6PCS SET LVBRO29F",89,"HOUSEWARE & KITCHENWARE",GLASSWARE,"GLASS / TUMBLER /WINE / CHAMPAGNE",3,0,-3,-267,,
125897,"LAV TUMBLER 6PCS SET LVTOK354F",99,"HOUSEWARE & KITCHENWARE",GLASSWARE,"GLASS / TUMBLER /WINE / CHAMPAGNE",8,0,-8,-792,,
138921,"GEISHA ROSE  HONEY SOAP 250G  36",18.99,SUPERMARKET,"HOME AND PERSONAL CARE","PERSONAL WASH",16,0,-16,-303.84,,
13991,"LELE CORNED BEEF 340G 12",51.99,SUPERMARKET,"FOOD CUPBOARD","CANNED FOOD",20,0,-20,-1039.8,,
140977,"KIKI SUPASTAR MULTIFRUIT DRINK 250ML 24",4.19,SUPERMARKET,BEVERAGES,JUICE,10,0,-10,-41.9,,
140569,"MEANNAN PLANTAIN CHIPS & PEANUTS 100G  12",12.49,SUPERMARKET,"FOOD CUPBOARD",SNACKS,8,0,-8,-99.92,,
138808,"BUMBLE BABY WET WIPES 100 PCS MEDITERRANEAN  12",26.99,SUPERMARKET,"HOME AND PERSONAL CARE","INFANT AND BABY CARE",12,0,-12,-323.88,,
137496,"BUMBLE BABY WET WIPES ROSE DREAM 120PCS   12",31.99,SUPERMARKET,"HOME AND PERSONAL CARE","INFANT AND BABY CARE",9,0,-9,-287.91,,
137497,"BUMBLE BABY WET WIPES BABY SCENTED 72PCS   12",22.99,SUPERMARKET,"HOME AND PERSONAL CARE","INFANT AND BABY CARE",1,0,-1,-22.99,,
135096,"SIDE TABLE BLACK MARBLE",449,FURNITURE,"COFFEE / END / NESTING TABLES","END TABLES",2,0,-2,-898,,
134246,"LISTERINE MOUTHWASH MILD & MINTY 500ML 6",76.99,SUPERMARKET,"HOME AND PERSONAL CARE","ORAL CARE",7,0,-7,-538.93,,
135892,"FABER CASTELL PENCIL HB 7420 BLACK 12PC SET 510992",15.9,STATIONERY,"GENERAL STATIONERY","   WRITING SUPPLIES",2,0,-2,-31.8,,
14819,"DEVA ALL PURPOSE CLEANER LIQUID FLORAL 1L  12",31.99,SUPERMARKET,"HOME AND PERSONAL CARE","HOUSEHOLD CLEANERS",5,0,-5,-159.95,,
14828,"DEVA SOFTENER  SENSITIVE 2L  6",82.99,SUPERMARKET,"HOME AND PERSONAL CARE","LAUNDRY CARE",7,0,-7,-580.93,,
148382,"LAUNDRY BASKET WSHELF SET IRON 2TIER F10013 RJK",399,"HOUSEWARE & KITCHENWARE",LAUNDARY,"LAUNDARY BASKET",1,0,-1,-399,,
149441,"LAV TUMBLER 3PCS SET LVGAI369A",39.9,"HOUSEWARE & KITCHENWARE",GLASSWARE,"GLASS / TUMBLER /WINE / CHAMPAGNE",12,0,-12,-478.8,,
149717,"CERAMIC MUG WGOLD RIM 12OZ GGK BC12 LPRO RJK",9.9,"HOUSEWARE & KITCHENWARE",DINNERWARE,MUGS,44,0,-44,-435.6,,
149767,"BAKING SPOON SPATULA SILICONE ILB BD600KA0422 RK",24.9,"HOUSEWARE & KITCHENWARE","KITCHEN TOOLS AND CULTARY",SPATULA,6,0,-6,-149.4,,
149011,"MCBERRY MILK CREAM POUND CAKE 30G  144",2.29,SUPERMARKET,"FOOD CUPBOARD",SNACKS,144,0,-144,-329.76,,
145814,"BELPAK POCKET TISSUE (10 PCS)     30",12.49,SUPERMARKET,"HOME AND PERSONAL CARE",DISPOSABLE,10,0,-10,-124.9,,
14283,"CAMEL ZESTY LIME FRESH LIQUID 125ML 48",16.99,SUPERMARKET,"HOME AND PERSONAL CARE","HEALTH AND WELLNESS",48,0,-48,-815.52,,
143274,"CHOPPING BOARD WOODEN LARGE 14X19  CHB-4",179,"HOUSEWARE & KITCHENWARE","KNIFE AND CHOPPING BOARD","CHOPPING BOARDS AND CHOPPERS",6,0,-6,-1074,,
14504,"TENDO / TANGO WRAPPED T/ROLL 1 X 10 X 7",34.99,SUPERMARKET,"HOME AND PERSONAL CARE",FRESHENERS,-2,0,2,69.98,,
147137,"PLATINUM SUNFLOWER OIL 3L X 6",139.99,SUPERMARKET,"FOOD CUPBOARD","EDIBLE OILS AND GHEE",9,0,-9,-1259.91,,
157464,"CROWNSTAR COOKWARE 10P SET WLID MC2234 RK",649,"HOUSEWARE & KITCHENWARE",COOKWARE,"COOKWARE SET",2,0,-2,-1298,,
156293,"ASEDA POP CORN KERNEL 500G  12",21.99,SUPERMARKET,"FOOD CUPBOARD",SNACKS,9,0,-9,-197.91,,
156578,"ARTIFICIAL FLOWER",69,"HOME DECOR & TEXTILES","HOME DECOR",DECORATIVE,2,0,-2,-138,,
157733,"FOUR SPECIAL NATURALLY SWEET WHITE WINE 750ML 6",62.99,SUPERMARKET,"BEVERAGES ALCOHOLIC",WINES,4,0,-4,-251.96,,
156697,"WHISK SSTEEL YWU",22.9,"HOUSEWARE & KITCHENWARE","KITCHEN TOOLS AND CULTARY","WHISKER BEATER AND MIXERS",21,0,-21,-480.9,,
156723,"WATER BOTTLE 800ML PLASTIC SPORTS YWU",59,"HOUSEWARE & KITCHENWARE","FLASK AND BOTTLES",BOTTLE,4,0,-4,-236,,
154896,"FRIDGE BOTTLE 1000ML PLASTIC FLORENCE",9.9,"HOUSEWARE & KITCHENWARE","FLASK AND BOTTLES",BOTTLE,18,0,-18,-178.2,,
153593,"AKAI LED TV 55"" SAT SMART UHD WEBOS LT-5506T2S2SMT",6579,"ELECTRONICS & TELECOM","LED TV","SMART TV",1,0,-1,-6579,,
150592,"LINC PENTONIC BALL PEN BLUE 50 PCS DISPENSER 0.7MM",3.9,STATIONERY,"GENERAL STATIONERY","   WRITING SUPPLIES",-13,0,13,50.7,,
153268,"LAV STEMWARE 3PCS SET LV-MIS552A",59,"HOUSEWARE & KITCHENWARE",GLASSWARE,"GLASS / TUMBLER /WINE / CHAMPAGNE",4,0,-4,-236,,
152273,"NUTRISNAX MORNING BREAK  CEREAL & OATS 24G  72",1.19,SUPERMARKET,"FOOD CUPBOARD",BISCUITS,71,0,-71,-84.49,,
164027,"JOLLY BASKET -SMALL  PLASTIC 50360",9.9,"HOUSEWARE & KITCHENWARE","STORAGE AND ORGANIZER",BASKET,16,0,-16,-158.4,,
164084,"DIVIDED CONTAINER AIRTIGHT PLASTIC 161575-012",19.9,"HOUSEWARE & KITCHENWARE","STORAGE AND ORGANIZER","STORAGE CONTAINERS",9,0,-9,-179.1,,
164617,"KITCHEN ORGAZINER RACK METAL 134",39.9,"HOUSEWARE & KITCHENWARE","STORAGE AND ORGANIZER","RACK SHELF DRAWERS ORGANIZERS",13,0,-13,-518.7,,
162656,"SERVING BOWL MELAMINE 10 INCHES FEILU 30102",19.9,"HOUSEWARE & KITCHENWARE","MELAMINE WARE","MEL BOWL/BOWL+COVER",7,0,-7,-139.3,,
162677,"DINNER PLATE MELAMINE 10 INCHES FEILU 102101",12.9,"HOUSEWARE & KITCHENWARE","MELAMINE WARE","MEL PLATE",118,0,-118,-1522.2,,
164672,"DINNER SET 12PCS SET CERAMIC ET-0220-1",99,"HOUSEWARE & KITCHENWARE",DINNERWARE,DINNER-SETS,3,0,-3,-297,,
164673,"DINNER SET 18PCS SET CERAMIC ET-0220-2",99,"HOUSEWARE & KITCHENWARE",DINNERWARE,DINNER-SETS,2,0,-2,-198,,
162885,"CUSHION PRINTED 40X40CM MYQ9-1872",39.9,"HOME DECOR & TEXTILES",CUSHIONS,"ASSORTED CUSHIONS",2,0,-2,-79.8,,
161312,"BELPAK ECO TROLL  WRAPPED (10ROLLS )  6",35.99,SUPERMARKET,"HOME AND PERSONAL CARE",DISPOSABLE,2,0,-2,-71.98,,
157829,"AMMERLANDER FULL CREAM UHT MILK 3.8%  1L  10",34.99,SUPERMARKET,"FOOD CUPBOARD","MILK AND CREAMERS",20,0,-20,-699.8,,
160269,"SAUCE BOTTLE 2PCS SET 600ML PLASTIC 8800A YWU",12.9,"HOUSEWARE & KITCHENWARE",KITCHENWARE,"SAUCE/ VINEGAR/ BOTTLES AND SETS",3,0,-3,-38.7,,
158430,"DZIRE INDUSTRIAL STANDING FAN 30""120W IFS30-DCFG75",1889,"ELECTRICAL APPLIANCES",FAN,"INDUSTRIAL FAN",2,0,-2,-3778,,
158512,"FESTIVAL FROM CUVEE 0% CHOCOLATE WINE DRINK 750ML",49.99,SUPERMARKET,"BEVERAGES ALCOHOLIC",WINES,6,0,-6,-299.94,,
162010,"DOOR MAT COIR PANAMA 8MM ASSORTED 40X60CM",49.9,"HOME DECOR & TEXTILES","FLOOR MATS","DOOR MAT",7,0,-7,-349.3,,
162012,"DOOR MAT SISAL LATEX 8MM ASSORTED 40X60CM",49.9,"HOME DECOR & TEXTILES","FLOOR MATS","DOOR MAT",15,0,-15,-748.5,,
162014,"DOOR MAT COIR TUFF 16MM ASSORTED 40X70CM",99,"HOME DECOR & TEXTILES","FLOOR MATS","DOOR MAT",6,0,-6,-594,,
169469,"FORTUNE SPREAD FOR BREAD ( 10* 12G )   25",7.49,SUPERMARKET,"FOOD CUPBOARD","SPREADS AND TOPPING",16,0,-16,-119.84,,
168882,"KITCHEN TOOL SET 6PCS CPQL006 RJK",79,"HOUSEWARE & KITCHENWARE","KITCHEN TOOLS AND CULTARY","COOKING TOOL SET",6,0,-6,-474,,
171347,"BELPAK TOILET ROLL (24ROLLS)  1",77.99,SUPERMARKET,"HOME AND PERSONAL CARE",DISPOSABLE,1,0,-1,-77.99,,
170089,"CLASSIC JAR 1000ML 80817",12.9,"HOUSEWARE & KITCHENWARE","STORAGE AND ORGANIZER","STORAGE CONTAINERS",16,0,-16,-206.4,,
168859,"UTILITY KNIFE 45 HCH147 RJK",14.9,"HOUSEWARE & KITCHENWARE","KNIFE AND CHOPPING BOARD","SINGLE KNIFE",1,0,-1,-14.9,,
166379,"COLANDER WSIDE HANDLES 25.5CM SSTEEL XY-2313",32.9,"HOUSEWARE & KITCHENWARE","KITCHEN TOOLS AND CULTARY",COLANDERS,6,0,-6,-197.4,,
168366,"MUG 445ML FAM2446ERS221119020 RJK",4.9,"HOUSEWARE & KITCHENWARE",DINNERWARE,MUGS,4,0,-4,-19.6,,
167505,"XMAS TREE 1.5M 550T",329,"HOME DECOR & TEXTILES","XMAS SEASONAL","xmas season",6,0,-6,-1974,,
166005,"SO FRESH TROPICAL PUNCH FRUIT JUICE 1L 6",26.99,SUPERMARKET,BEVERAGES,JUICE,2,0,-2,-53.98,,
167759,"COOKWARE 20PCS SET 2MM STEEL HROLAND HR1461 RJK",2499,"HOUSEWARE & KITCHENWARE",COOKWARE,"COOKWARE SET",1,0,-1,-2499,,
167775,"COOKWARE 7PCS SET 2MM DIE CAST HROLAND HR1053 RJK",1249,"HOUSEWARE & KITCHENWARE",COOKWARE,"COOKWARE SET",2,0,-2,-2498,,
178129,"PAPER DOILIES 20PCS 85 YWU",4.9,"HOUSEWARE & KITCHENWARE",BAKEWARE,"BAKING TOOLS AND ACCESSORIES",17,0,-17,-83.3,,
179140,"MAGNETIC DRAWING BOARD GAME 26X24X2",79,"TOYS AND ENTERTAINMENT","LEARNING AND EDUCATIONAL TOYS","LAPTOPS  TABLETS AND LEARNING PADS",12,0,-12,-948,,
179155,"FOOTBALL PLAYER MINIATURE DOLL 15 ASSTD DESIGN YW",85,"TOYS AND ENTERTAINMENT","DOLLS AND DOLLHOUSES","FASHION DOLLS ",7,0,-7,-595,,
179159,"STEPPING BALL WITH LIGHT 3",26.9,"TOYS AND ENTERTAINMENT","SPORTS AND GAMES",BALLS,3,0,-3,-80.7,,
179160,"FINGER SPINNER  ASSORTED 12",20.9,"TOYS AND ENTERTAINMENT","PUSH AND PULL ALONG TOYS","PRESS AND SPIN TOYS",5,0,-5,-104.5,,
179161,"POPIT ASSORTED DESIGN TOYS",24.9,"TOYS AND ENTERTAINMENT","SOFT TOYS","STUFFED ANIMALS",5,0,-5,-124.5,,
179226,"SCHOOL NAME STICKER 17.5X25CM 10 OPP YW",7.9,STATIONERY,"OFFICE STATIONERY","OFFICE BASIC AND STATIONERY",8,0,-8,-63.2,,
178592,"VACCUM MUG 1200ML SSTEEL STEN TYPE YWU",99,"HOUSEWARE & KITCHENWARE",DINNERWARE,"METAL MUGS",23,0,-23,-2277,,
177946,"FAIRY TALES WONDERFUL 10BOOK PACK",109,STATIONERY,"CHILDREN BOOKS AND GEN REF","BOOKS AND LEARNINGS",1,0,-1,-109,,
176032,"BROOM WSTICK TURTLE GBB24",19.9,"HOUSEWARE & KITCHENWARE","HOME HYGIENE","BROOM BRUSHES DUSTPANS",9,0,-9,-179.1,,
174262,"BRISKFARM TOMATO MIX 56G  50",1.99,SUPERMARKET,"FOOD CUPBOARD",CONDIMENTS,11,0,-11,-21.89,,
174270,"TOP CHOCOLATE SPREAD IN A TUBE 100G  24",10.99,SUPERMARKET,"FOOD CUPBOARD","SPREADS AND TOPPING",6,0,-6,-65.94,,
174401,"WAX CRAYONS EXTRA LONG 2371",12.9,STATIONERY,"SCHOOL AND CHILDREN STATIONERY","ART AND HOBBY SETS",3,0,-3,-38.7,,
175865,"ALTAR NON ALCOHOLIC COMMUNION  WINE 1L 12",43.49,SUPERMARKET,BEVERAGES,JUICE,9,0,-9,-391.41,,
184614,"SOUP PLATE 8INCH CERAMIC STKLT SK13 RJK",9.9,"HOUSEWARE & KITCHENWARE",DINNERWARE,PLATE,51,0,-51,-504.9,,
183275,"COCKTAIL 6PCS SET 300ML MOZ  PJ 21611 RJK",59,"HOUSEWARE & KITCHENWARE",GLASSWARE,"GLASS / TUMBLER /WINE / CHAMPAGNE",15,0,-15,-885,,
184107,"CERAMIC MUG EMBOSSED 330ML EBCM1-330 RJK",9.9,"HOUSEWARE & KITCHENWARE",DINNERWARE,MUGS,28,0,-28,-277.2,,
183438,"TUMBLER GLASS EMBOSSED 454ML 3PCS SET 3GS04 RJK",34.9,"HOUSEWARE & KITCHENWARE",GLASSWARE,"GLASS / TUMBLER /WINE / CHAMPAGNE",15,0,-15,-523.5,,
183452,"TUMBLER GLASS 550ML 3PCS SET 3GS07 RJK",42.9,"HOUSEWARE & KITCHENWARE",GLASSWARE,"GLASS / TUMBLER /WINE / CHAMPAGNE",12,0,-12,-514.8,,
184389,"CLOTHES HANGER 5PCS SET 40CM PLASTIC XZ3172 YWU",24.9,"HOUSEWARE & KITCHENWARE",LAUNDARY,"CLOTH HANGERS",23,0,-23,-572.7,,
184390,"CLOTHES HANGER 3PCS SET 44CM WOODEN M2302 YWU",29.9,"HOUSEWARE & KITCHENWARE",LAUNDARY,"CLOTH HANGERS",20,0,-20,-598,,
183627,"DINNER KNIFE 6PCS 2954KN",22.9,"HOUSEWARE & KITCHENWARE","CUTLERY ITEMS","SPOONS FORKS KNIFE AND CUTLERY SET",9,0,-9,-206.1,,
179850,"AKAI BLENDER W/MILL 1.8L 500W BD076A-87M",369,"ELECTRICAL APPLIANCES","FOOD PROCESSOR/BLENDER",BLENDERS,1,0,-1,-369,,
179916,"PEACOCK THAI RICE 1KG  12",45.99,SUPERMARKET,"FOOD CUPBOARD","RAW RICE",9,0,-9,-413.91,,
181959,"RAINBOW CONTAINER 5PCS SET PRINCE 5137-5",24.9,"HOUSEWARE & KITCHENWARE","STORAGE AND ORGANIZER","STORAGE CONTAINERS",12,0,-12,-298.8,,
180250,"BO-16 HAIR MIST ASSORTED 125ML   6",42.99,SUPERMARKET,"HOME AND PERSONAL CARE","HAIR CARE",8,0,-8,-343.92,,
180324,"COCOA-CARE BODY LOTION S/S 265ML  6",17.99,SUPERMARKET,"HOME AND PERSONAL CARE","SKIN CARE",5,0,-5,-89.95,,
189518,"SMIRNOFF ICE PINEAPPLE PUNCH CAN 330ML  6",16.99,SUPERMARKET,"BEVERAGES ALCOHOLIC",CIDER,1,0,-1,-16.99,,
190101,"FAN LED W/LIGHT 1800",229,"ELECTRICAL APPLIANCES",FAN,"BOX TOWER MISC FAN",6,0,-6,-1374,,
186699,"RAINBOW CONTAINER 5PC SET ROUND PLASTIC RJK 2020-5",34.9,"HOUSEWARE & KITCHENWARE","STORAGE AND ORGANIZER","STORAGE CONTAINERS",10,0,-10,-349,,
185445,"CURTAIN BKT GROM BROWN 54X90"" 02-PA-7261C",109,"HOME DECOR & TEXTILES",CURTAINS,"GROMMET CURTAINS",6,0,-6,-654,,
185447,"CURTAIN BKT GROM SILVER 54X90"" 02-PA-7261E",109,"HOME DECOR & TEXTILES",CURTAINS,"GROMMET CURTAINS",-1,0,1,109,,
187167,"CHEF KNIFE 8INCHES RJK ID-A823KD0001",34.9,"HOUSEWARE & KITCHENWARE","KNIFE AND CHOPPING BOARD","CHEF KNIFE",4,0,-4,-139.6,,
187174,"BREAD KNIFE RJK ID-A838KD0002",24.9,"HOUSEWARE & KITCHENWARE","KNIFE AND CHOPPING BOARD","SINGLE KNIFE",6,0,-6,-149.4,,
187176,"MEASURING CUP 5PCS SET PLASTIC RJK B-D007KA1063-1",22.9,"HOUSEWARE & KITCHENWARE",BAKEWARE,"BAKING TOOLS AND ACCESSORIES",10,0,-10,-229,,
194678,"CERAMIC BOWL 8.75 INCHES RB-001",19.9,"HOUSEWARE & KITCHENWARE",DINNERWARE,BOWLS,19,0,-19,-378.1,,
194968,"LADLE SOUP SPOON SILICONE ZHN HR22PC-13DS",9.9,"HOUSEWARE & KITCHENWARE","KITCHEN TOOLS AND CULTARY","COOKING TOOL LADLES AND SERVERS",56,0,-56,-554.4,,
195596,"FOOD COVER METAL  6050-35",19.9,"HOUSEWARE & KITCHENWARE",KITCHENWARE,"KITCHEN ACCESSORIES",43,0,-43,-855.7,,
191983,"DINNER SPOON 51G0359 ZHN",24.9,"HOUSEWARE & KITCHENWARE","CUTLERY ITEMS","SPOONS FORKS KNIFE AND CUTLERY SET",41,0,-41,-1020.9,,
192931,"AKAI QLED TV 43"" 2K SMART LT-4309T2S2QSMT",3499,"ELECTRONICS & TELECOM","LED TV",OLED/QLED,1,0,-1,-3499,,
191846,"MUNCHEE OAT BREEZE DIGESTIVE BISCUITS 84G  36",8.99,SUPERMARKET,"FOOD CUPBOARD",BISCUITS,15,0,-15,-134.85,,
191898,"KENWOOD RICE COOKER 2.8L 1000W SS RCM28",749,"ELECTRICAL APPLIANCES","RICE/ MULTI COOKER","POT TYPE RICE COOKER",4,0,-4,-2996,,
200294,"H&H MACKEREL IN TOMATO SAUCE 155G 50",11.99,SUPERMARKET,"FOOD CUPBOARD","CANNED FOOD",29,0,-29,-347.71,,
200308,"H&H CHICKEN LUNCHEON MEAT 198G 24",21.99,SUPERMARKET,"FOOD CUPBOARD","CANNED FOOD",16,0,-16,-351.84,,
200644,"TCL AC SPLIT 1.5HP INVERTER R32 TAC-12CSD/XA73I",4399,"ELECTRICAL APPLIANCES","AIR CONDITIONING","SPLIT AC",1,0,-1,-4399,,
197526,"LUX BAR SOAP GLOWING SKIN 170G 48",22.99,SUPERMARKET,"HOME AND PERSONAL CARE","PERSONAL WASH",48,0,-48,-1103.52,,
198394,"ENA PA MACKEREL IN TOMATO SAUCE 100G  50",6.49,SUPERMARKET,"FOOD CUPBOARD","CANNED FOOD",1,0,-1,-6.49,,
197723,"DINNER SET PORCELAIN WHITE 36PCS SW036-W",289,"HOUSEWARE & KITCHENWARE",DINNERWARE,DINNER-SETS,1,0,-1,-289,,
197770,"MCBERRY BIG DADDY CHOCO WAFER 39G 144",2.19,SUPERMARKET,"FOOD CUPBOARD",BISCUITS,131,0,-131,-286.89,,
197776,"MCBERRY CHOCO BALLS 19G  100",2.19,SUPERMARKET,"FOOD CUPBOARD",BISCUITS,57,0,-57,-124.83,,
196675,"CERES MEDLRY 500ML 10",23.99,SUPERMARKET,BEVERAGES,JUICE,8,0,-8,-191.92,,
197992,"MCBERRY CHEESE BALLS 15G  72",1.19,SUPERMARKET,"FOOD CUPBOARD",BISCUITS,57,0,-57,-67.83,,
19820,"ENERGIZER BATTERY ALKALINE AAA MAX-42 1X12PK",77.9,"ELECTRICAL APPLIANCES",BATTERIES,BATTERY,5,0,-5,-389.5,,
204551,"UNOLI SOYABEAN OIL 900ML  20",45.99,SUPERMARKET,"FOOD CUPBOARD","EDIBLE OILS AND GHEE",19,0,-19,-873.81,,
201264,"CHALLENGING CROSSWORD BOOK",25.9,STATIONERY,"CHILDREN BOOKS AND GEN REF","BOOKS AND LEARNINGS",12,0,-12,-310.8,,
202186,"SOFTCARE A SANITARY PAD YELLOW 16PCS  24",16.49,SUPERMARKET,"HOME AND PERSONAL CARE","FEMININE CARE",12,0,-12,-197.88,,
202242,"FARAGELLO PINEAPPLE NECTAR TETRA PACK 1L 12 (BLUE)",24.99,SUPERMARKET,BEVERAGES,JUICE,10,0,-10,-249.9,,
202602,"PERK CHOCO BUTTER COOKIES 70G  36",10.99,SUPERMARKET,"FOOD CUPBOARD",BISCUITS,30,0,-30,-329.7,,
59831,"PALMOLIVE SG AROMA SENSATION ANTI STESS  500ML  12",77.99,SUPERMARKET,"HOME AND PERSONAL CARE","PERSONAL WASH",8,0,-8,-623.92,,
54456,"SERVING BOWL MELAMINE 9 INCHES ZHN C04795",16.9,"HOUSEWARE & KITCHENWARE","MELAMINE WARE","MEL BOWL/BOWL+COVER",16,0,-16,-270.4,,
61347,"ORIJIN BITTERS WITH HERBAL EXTRACTS 750ML  12",53.99,SUPERMARKET,"BEVERAGES ALCOHOLIC",BITTERS,9,0,-9,-485.91,,
61581,"FARAGELLO GUAVA NECTAR TETRA PACK 1L 12 (BLUE)",24.99,SUPERMARKET,BEVERAGES,JUICE,1,0,-1,-24.99,,
49382,"DELTA  FACIAL TISSUE 1X150X36",11.49,SUPERMARKET,"HOME AND PERSONAL CARE",DISPOSABLE,27,0,-27,-310.23,,
43873,"COLGATE EXTRA CLEAN TOOTHBRUSH   120",14.99,SUPERMARKET,"HOME AND PERSONAL CARE","ORAL CARE",78,0,-78,-1169.22,,
44080,"VITAMILK SOYMILK 250ML  36",11.29,SUPERMARKET,BEVERAGES,DRINKS,30,0,-30,-338.7,,
44687,"LELE SUNFLOWER OIL 1 L 12",49.99,SUPERMARKET,"FOOD CUPBOARD","EDIBLE OILS AND GHEE",8,0,-8,-399.92,,
63930,"LELE TUNA FLAKES IN SOYA BEAN OIL 80G 48",10.49,SUPERMARKET,"FOOD CUPBOARD","CANNED FOOD",19,0,-19,-199.31,,
44862,"FLORA TISSUE 3 PLY (4 ROLLS)  15",16.99,SUPERMARKET,"HOME AND PERSONAL CARE",DISPOSABLE,7,0,-7,-118.93,,
64101,"DOLAIT BANANA DRINKING YOGHURT 200ML 10",9.99,SUPERMARKET,"FRESH DAIRY AND EGGS",Yoghurt,3,0,-3,-29.97,,
64102,"DOLAIT MANGO DRINKING YOGHURT 200ML 10",9.99,SUPERMARKET,"FRESH DAIRY AND EGGS",Yoghurt,56,0,-56,-559.44,,
57960,"MCVITIES ALL BUTTER SHORT BREAD 280G  12",66.99,SUPERMARKET,"FOOD CUPBOARD",BISCUITS,22,0,-22,-1473.78,,
64661,"IRISH SPRING BODY WASH ORIGINAL 591ML  4",119.99,SUPERMARKET,"HOME AND PERSONAL CARE","PERSONAL WASH",3,0,-3,-359.97,,
51995,"SOFTCARE SANITARY PAD PINK 16PCS   24",23.99,SUPERMARKET,"HOME AND PERSONAL CARE","FEMININE CARE",32,0,-32,-767.68,,
53304,"VERNA MINERAL WATER  500ML 16",1.69,SUPERMARKET,BEVERAGES,"MINERAL WATER",48,0,-48,-81.12,,
59337,"DEVA SCOURING POWDER 500G  24",24.99,SUPERMARKET,"HOME AND PERSONAL CARE","HOUSEHOLD CLEANERS",18,0,-18,-449.82,,
59769,"PARIDOX ALATA SAMINA B&S GEL PAPAYA&TUMER 450ML 20",41.99,SUPERMARKET,"HOME AND PERSONAL CARE","PERSONAL WASH",18,0,-18,-755.82,,
59829,"PALMOLIVE SG AROMA SENSATON MINERAL SCRUB 500ML 12",77.99,SUPERMARKET,"HOME AND PERSONAL CARE","PERSONAL WASH",9,0,-9,-701.91,,
65188,"AKAI LED BULB 5W CDL E27 LB001A-5WE27C",19,"ELECTRICAL APPLIANCES","LIGHT BULBS","LED BULB",20,0,-20,-380,,
36359,"DEVA LUX LIQUID HAND STAWBERRY SOAP 350ML 24",18.99,SUPERMARKET,"HOME AND PERSONAL CARE","PERSONAL WASH",23,0,-23,-436.77,,
22623,"CRATE FOR CLUB LAGER 625ML 21697",18.99,SUPERMARKET,"BEVERAGES ALCOHOLIC","BOTTLE BEER",12,0,-12,-227.88,,
29874,"LELE BAKED BEANS IN TOMATO SAUCE 420G 12",14.49,SUPERMARKET,"FOOD CUPBOARD","CANNED FOOD",5,0,-5,-72.45,,
36427,"GRACE GINGER BEER 330ML  24",16.99,SUPERMARKET,"BEVERAGES ALCOHOLIC","CAN BEER",13,0,-13,-220.87,,
22805,"BLUE BAND MARGARINE SPREAD FOR BREAD 75G 48",5.99,SUPERMARKET,"FOOD CUPBOARD","SPREADS AND TOPPING",32,0,-32,-191.68,,
23063,"CUSSONS BABY OIL (MILD&GENT.) 100ML 48",12.49,SUPERMARKET,"HOME AND PERSONAL CARE","INFANT AND BABY CARE",52,0,-52,-649.48,,
23131,"ENA PA MACKEREL IN TOMATO SAUCE 200G 48",12.99,SUPERMARKET,"FOOD CUPBOARD","CANNED FOOD",33,0,-33,-428.67,,
30345,"RENDEZ VOUS NON ALC SPARK. WINE PINK 75CL 6",40.99,SUPERMARKET,"BEVERAGES ALCOHOLIC",WINES,1,0,-1,-40.99,,
30583,"LISTERINE COOL MINT MILDER(ZERO MILD ) 500ML  6",69.99,SUPERMARKET,"HOME AND PERSONAL CARE","ORAL CARE",12,0,-12,-839.88,,
24021,"VASELINE PJ (BLUE SEAL) ORIGINAL 250ML  36",51.99,SUPERMARKET,"HOME AND PERSONAL CARE","SKIN CARE",34,0,-34,-1767.66,,
38042,"PARIDOX ALATA SAMINA B&SGEL COCOA 450ML 20",41.99,SUPERMARKET,"HOME AND PERSONAL CARE","PERSONAL WASH",17,0,-17,-713.83,,
38487,"FRYTOL VEGETABLE COOKING OIL 1.8L 6",76.99,SUPERMARKET,"FOOD CUPBOARD","EDIBLE OILS AND GHEE",32,0,-32,-2463.68,,
26023,"SOUP PLATE MELAMINE 11 INCHES ZHN 11B016",16.9,"HOUSEWARE & KITCHENWARE","MELAMINE WARE","MEL PLATE",37,0,-37,-625.3,,
32788,"EASY MOUZOO APPLE JUICE TETRA PK 200ML  27",5.49,SUPERMARKET,BEVERAGES,JUICE,22,0,-22,-120.78,,
32790,"EASY MOUZOO PINEAPPLE TETRA PACK  200ML 27",5.49,SUPERMARKET,BEVERAGES,JUICE,19,0,-19,-104.31,,
35805,"ROYAL DADDY BROWN SUGAR 1KG  20",34.99,SUPERMARKET,"FOOD CUPBOARD","SALT  SUGAR AND JAGGERY",11,0,-11,-384.89,,
40723,"EVERGREEN TISSUE PAPER 1 X15",6.99,SUPERMARKET,"HOME AND PERSONAL CARE",DISPOSABLE,13,0,-13,-90.87,,
41003,"WATER BOTTLE 1000ML PLASTIC PNP3343",9.9,"HOUSEWARE & KITCHENWARE","FLASK AND BOTTLES",BOTTLE,22,0,-22,-217.8,,
29397,"BEL-AQUA NATURAL MINERAL WATER 500ML 15",2.39,SUPERMARKET,BEVERAGES,"MINERAL WATER",10,0,-10,-23.9,,
86312,"SAMSUNG BACK COVER J4 32GB",2,"ELECTRONICS & TELECOM","MOBILE ACCESSORIES","MOBILE COVERS/SCREEN PROTECTORS",2,0,-2,-4,,
86438,"WATER BOTTLE 900ML PLASTIC INSULATED KIDSBTSTRENDS",9.9,"HOUSEWARE & KITCHENWARE","FLASK AND BOTTLES",BOTTLE,10,0,-10,-99,,
93759,"DZIRE STEAM IRON 1600W SI-250A",189,"ELECTRICAL APPLIANCES","LINEN CARE","STEAM IRONS",7,0,-7,-1323,,
91422,"DOLAIT NATURAL YOGURT VANILLA 200G  1",15.49,SUPERMARKET,"FRESH DAIRY AND EGGS",Yoghurt,13,0,-13,-201.37,,
88944,"PRINTED APRON  24""X 34""(60 X 80 CMS)  APR 22",9.9,"HOME DECOR & TEXTILES","DISH CLOTHS AND NAPKINS","APRON AND GLOVES",1,0,-1,-9.9,,
89172,"DISH RACK WTRAY PLASTIC S800L YWU",19.9,"HOUSEWARE & KITCHENWARE",KITCHENWARE,"DISH RACKS",1,0,-1,-19.9,,
91197,"SAIRO BATH&SHOWER GEL STRAWBERRY SENSATION 750M  8",51.99,SUPERMARKET,"HOME AND PERSONAL CARE","PERSONAL WASH",7,0,-7,-363.93,,
91235,"SAIRO BATH&SHOWER GEL COCONUT SENSATION 750ML 8",50.99,SUPERMARKET,"HOME AND PERSONAL CARE","PERSONAL WASH",9,0,-9,-458.91,,
91548,"DETTOL SOAP SKINCARE  110G  72",14.49,SUPERMARKET,"HOME AND PERSONAL CARE","PERSONAL WASH",1,0,-1,-14.49,,
89188,"DISH RACK 2LAYER 49X37X35 PLASTIC CMS60162 YWU",139,"HOUSEWARE & KITCHENWARE",KITCHENWARE,"DISH RACKS",8,0,-8,-1112,,
83961,"AKAI AVR 5KVA DIGITAL AVR048AD-5KVA",1799,"ELECTRICAL APPLIANCES",ELECTRICALS,AVR/AVS,2,0,-2,-3598,,
89576,"MENTOS ICE GUM SPEARMINT  24DB*12BL *8PCS 288",9.59,SUPERMARKET,"FOOD CUPBOARD",CONFECTIONERY,286,0,-286,-2742.74,,
91774,"INDOMIE ONION CHICKEN BELLE FU NOODLES 280G 18",18.59,SUPERMARKET,"FOOD CUPBOARD","NOODLES AND SOUP",2,0,-2,-37.18,,
89690,"BINATONE DRY IRON 1000W HEAVY DI-1275",479,"ELECTRICAL APPLIANCES","LINEN CARE","DRY IRON",1,0,-1,-479,,
84484,"CHRISTMAS RIBBON 32X35CM",59,"HOME DECOR & TEXTILES","XMAS SEASONAL","xmas season",1,0,-1,-59,,
90034,"SUITCASE EVA NYLON W/4WHEELS 20"" 1865-20",389,LUGGAGE,"SUITCASE / TROLLEYCASE",EVA/SOFT,1,0,-1,-389,,
92329,"COWBELL BANANA MILK 35G 120",5.99,SUPERMARKET,BEVERAGES,"DRINKING POWDERS",110,0,-110,-658.9,,
85346,"RIOS DE CHILE CARMENERE WINE 13.5% VOL 750ML  6",89.99,SUPERMARKET,"BEVERAGES ALCOHOLIC",WINES,10,0,-10,-899.9,,
92676,"CAKE BOARD ROUND 12CM THICKNESS  30CM YWU",16.9,"HOUSEWARE & KITCHENWARE",BAKEWARE,MOULDS,20,0,-20,-338,,
85497,"BANETTI SHELLS  500G  20",14.99,SUPERMARKET,"FOOD CUPBOARD","PASTA AND SPAGHETTI",14,0,-14,-209.86,,
92697,"TONG 12CM SSTEEL LX09090 YWU",14.9,"HOUSEWARE & KITCHENWARE","KITCHEN TOOLS AND CULTARY",TONGS,8,0,-8,-119.2,,
85590,"PLAY & LEARN BLOCKS SETS P-1287",12.99,"TOYS AND ENTERTAINMENT","BLOCKS AND CONSTRUCTION SETS","STACKING AND PLUGGING TOYS",27,0,-27,-350.73,,
85602,"DISH CLOTH 2 PCS SET DC 599",19.9,"HOME DECOR & TEXTILES","DISH CLOTHS AND NAPKINS","KITCHEN NAPKIN AND TOWELS",2,0,-2,-39.8,,
85653,"EASY MOUZOO APPLE JUICE GLASS BOTTLE 250ML  24",10.99,SUPERMARKET,BEVERAGES,JUICE,6,0,-6,-65.94,,
87966,"AKAI TOASTER 2 SLICE 700W TO024A-1101",229,"ELECTRICAL APPLIANCES","TOASTER/TOSTER OVEN",TOASTERS,2,0,-2,-458,,
88165,"FONS ULTRA SERVIETTE TISSUE IPLY 100SHEETS  30",10.29,SUPERMARKET,"HOME AND PERSONAL CARE",DISPOSABLE,12,0,-12,-123.48,,
88468,"SERVING TRAY 35CM ROUND PLASTIC YWU",16.9,"HOUSEWARE & KITCHENWARE",SERVEWARE,"SERVING TRAYS",24,0,-24,-405.6,,
70746,"OKF STANDARD ALOE ORIGINAL DRINK  500ML  20",20.99,SUPERMARKET,BEVERAGES,JUICE,11,0,-11,-230.89,,
70756,"OKF STANDARD ALOE MANGO DRINK  1.5L  12",47.99,SUPERMARKET,BEVERAGES,JUICE,7,0,-7,-335.93,,
80153,"SOAP DISH SUCTION R5140 RJK",34.9,"HOUSEWARE & KITCHENWARE",BATHROOM,"SOAP DISH CASE DISPENSERS",1,0,-1,-34.9,,
71239,"COOL BREEZE MEMBRANE AIR FRESHNER F.BREEZE 8ML  12",22.49,SUPERMARKET,"HOME AND PERSONAL CARE",FRESHENERS,12,0,-12,-269.88,,
80326,"CAR CHARGER USB 8 IN 1",54,"ELECTRONICS & TELECOM","CAR AUDIO AND VIDEO","CAR ELECTRONIC ACCESSORIES",1,0,-1,-54,,
80959,"CUP WSTRAW AND DOME LID 500ML KIDS PLASTIC YWU",24.9,"HOUSEWARE & KITCHENWARE",DINNERWARE,CUP,3,0,-3,-74.7,,
67502,"SHINE TOILET ROLL ULTRA SOFT 2PLY (10 ROLLS)  7",47.99,SUPERMARKET,"HOME AND PERSONAL CARE",DISPOSABLE,4,0,-4,-191.96,,
81511,"DOLAIT NATURAL APRICOT YOGURT 200G 1",15.49,SUPERMARKET,"FRESH DAIRY AND EGGS",Yoghurt,10,0,-10,-154.9,,
72507,"LELE WHITE SUGAR 1KG  10",21.99,SUPERMARKET,"FOOD CUPBOARD","SALT  SUGAR AND JAGGERY",14,0,-14,-307.86,,
72609,"TOILET BRUSH  LEON P6423",4.9,"HOUSEWARE & KITCHENWARE","HOME HYGIENE","TOILET BRUSHES",11,0,-11,-53.9,,
72676,"DEVA SCOURING POWDER LIME 500GMS * 24",24.99,SUPERMARKET,"HOME AND PERSONAL CARE","HOUSEHOLD CLEANERS",7,0,-7,-174.93,,
72784,"HEAVEN INSECTICIDES  SPRAY 750ML 12",74.99,SUPERMARKET,"HOME AND PERSONAL CARE","INSECTICIDES AND RODENT CONTROL",5,0,-5,-374.95,,
82390,"BINATONE AVR 2KVA DVS-2000",1159,"ELECTRICAL APPLIANCES",ELECTRICALS,AVR/AVS,2,0,-2,-2318,,
69055,"DR. MALT DARK CAN  330ML  24",8.19,SUPERMARKET,BEVERAGES,DRINKS,12,0,-12,-98.28,,
69143,"VISTA TEACHERS NOTE BOOKS N/P",22.99,STATIONERY,"SCHOOL AND CHILDREN STATIONERY","NOTE BOOKS",1,0,-1,-22.99,,
73149,"GINO TOMATO MIX SACHET 60G  50",3.29,SUPERMARKET,"FOOD CUPBOARD",CONDIMENTS,49,0,-49,-161.21,,
77655,"PARIDOX AFRICAN  BLACK SOAP HONEY BATG GEL500G  20",43.99,SUPERMARKET,"HOME AND PERSONAL CARE","PERSONAL WASH",16,0,-16,-703.84,,
73976,"LESIEUR MAYONNAISE WITH FRESH EGGS 235G  12",33.49,SUPERMARKET,"FOOD CUPBOARD","SPREADS AND TOPPING",6,0,-6,-200.94,,
78483,"BABY POTTY VOLK DESIGN BLUE/PINK  N305",49.9,"HOUSEWARE & KITCHENWARE",BATHROOM,"BATHROOM TOILET SEAT / BABY POTTY BATH TUB",5,0,-5,-249.5,,
69993,"DOLAIT YOGHURT STRAWBERRY 500G 1",35.99,SUPERMARKET,"FRESH DAIRY AND EGGS",Yoghurt,13,0,-13,-467.87,,
78640,"CHRISTMAS TREE TOP MIX COLOR 17128",4.9,"HOME DECOR & TEXTILES","XMAS SEASONAL","xmas season",90,0,-90,-441,,
78644,"CHRISTMAS DECORATION 6PCS 5CM MIX COLOR 2658",4.9,"HOME DECOR & TEXTILES","XMAS SEASONAL","xmas season",2,0,-2,-9.8,,
78969,"CHRISTMAS PVC TREE DECORATION 50CM",8.9,"HOME DECOR & TEXTILES","XMAS SEASONAL","xmas season",295,0,-295,-2625.5,,
X679,"MAGGI AROME 250ML 24",29.49,SUPERMARKET,"FOOD CUPBOARD",CONDIMENTS,12,0,-12,-353.88,,
X736,"HEINZ BAKED BEANS 415G 24",24.99,SUPERMARKET,"FOOD CUPBOARD","CANNED FOOD",10,0,-10,-249.9,,
X769,"STARKIST SOLID TUNA STEAK IN SUNFLOW. OIL 160G  24",36.99,SUPERMARKET,"FOOD CUPBOARD","CANNED FOOD",16,0,-16,-591.84,,
X775,"CHELSEA TEA RED 200G 10",41.49,SUPERMARKET,BEVERAGES,TEA,2,0,-2,-82.98,,
X777,"NESTLE CERELAC MAIZE TIN 400G 12",49.99,SUPERMARKET,"FOOD CUPBOARD","BABY FOOD",2,0,-2,-99.98,,
X888,"RED BULL REGULAR 250ML 24",27.99,SUPERMARKET,BEVERAGES,DRINKS,1,0,-1,-27.99,,
N050,"SUNNY WHITE SUGAR 800G  30",43.99,SUPERMARKET,"FOOD CUPBOARD","SALT  SUGAR AND JAGGERY",27,0,-27,-1187.73,,
N071,"SUNNY BROWN SUGAR SACHET 800G  30",40.99,SUPERMARKET,"FOOD CUPBOARD","SALT  SUGAR AND JAGGERY",26,0,-26,-1065.74,,
N115,"GEISHA MACKEREL 155G 50",12.99,SUPERMARKET,"FOOD CUPBOARD","CANNED FOOD",56,0,-56,-727.44,,
N479,"NUTELLA CHOCOLATE SPREAD 350G 15",104.99,SUPERMARKET,"FOOD CUPBOARD","SPREADS AND TOPPING",3,0,-3,-314.97,,
N566,"AKWAABA TISSUE  SMALL SIZE 76SHEETS 36",7.99,SUPERMARKET,"HOME AND PERSONAL CARE",DISPOSABLE,1,0,-1,-7.99,,
N766,"NESTLE CHOCOMILO ENERGY CUBE 137.5G 40",25.49,SUPERMARKET,"FOOD CUPBOARD",CONFECTIONERY,26,0,-26,-662.74,,
TH032,"THERMOS COOLER WEEKEND 32LTR 2 SSPD",299,"HOUSEWARE & KITCHENWARE","STORAGE AND ORGANIZER","ICE CHEST AND COOLERS",1,0,-1,-299,,
X030,"KEY SOAP BAR 1000G 16",37.99,SUPERMARKET,"HOME AND PERSONAL CARE","LAUNDRY CARE",23,0,-23,-873.77,,
X038,"CAMEL ANTISEPTIC SOAP (L/F) 175G 36",15.49,SUPERMARKET,"HOME AND PERSONAL CARE","PERSONAL WASH",51,0,-51,-789.99,,
X498,"MCVITIES SHORTBREAD 100G 24",25.99,SUPERMARKET,"FOOD CUPBOARD",BISCUITS,3,0,-3,-77.97,,
X585,"CAN FANTA ORANGE 330ML 24",9.49,SUPERMARKET,BEVERAGES,DRINKS,21,0,-21,-199.29,,
97763,"KELLOGGS COCO POPS 360G  10",59.99,SUPERMARKET,"FOOD CUPBOARD","BREAKFAST CEREALS",8,0,-8,-479.92,,
99664,"STYLE UP ROLL ON FRESH 50ML  6",9.99,SUPERMARKET,"HOME AND PERSONAL CARE",FRAGRANCES,46,0,-46,-459.54,,
99666,"STYLE UP ROLL ON SPORT 50ML  6",9.99,SUPERMARKET,"HOME AND PERSONAL CARE",FRAGRANCES,101,0,-101,-1008.99,,
94271,"DRESSING MIRROR WOOD 150X40 003",329,"HOME DECOR & TEXTILES","HOME DECOR","WallANDTable Decor",1,0,-1,-329,,
96432,"MILO ACTIV-GO 20G  10PCS X 30",24.99,SUPERMARKET,BEVERAGES,"DRINKING POWDERS",22,0,-22,-549.78,,
98155,"VERNA MINERAL WATER  750ML 16",1.89,SUPERMARKET,BEVERAGES,"MINERAL WATER",66,0,-66,-124.74,,
96496,"SWAN WHITE SUGAR STICKS 250G 12",24.99,SUPERMARKET,"FOOD CUPBOARD","SALT  SUGAR AND JAGGERY",7,0,-7,-174.93,,
96497,"SWAN BROWN SUGAR STICKS 200G 12",25.99,SUPERMARKET,"FOOD CUPBOARD","SALT  SUGAR AND JAGGERY",12,0,-12,-311.88,,
96520,"MADAR RENZO MULTIPURPOSE LIQUID DETERGENT 400ML 12",14.99,SUPERMARKET,"HOME AND PERSONAL CARE","HOUSEHOLD CLEANERS",10,0,-10,-149.9,,
A975,"KASAPREKO ALOMO BITTERS  750ML 12",46.99,SUPERMARKET,"BEVERAGES ALCOHOLIC",BITTERS,5,0,-5,-234.95,,
A993,"CERES RED GRAPE BOTTLE 275ML 24",24.99,SUPERMARKET,BEVERAGES,JUICE,23,0,-23,-574.77,,
98373,"MCBERRY BOURBON CREAM BISCUIT 32G  72",1.79,SUPERMARKET,"FOOD CUPBOARD",BISCUITS,67,0,-67,-119.93,,
CL155,"BUCKET WITH LID 20LTR 35CMX36CM",44.9,"HOUSEWARE & KITCHENWARE",LAUNDARY,"BUCKETS AND BASINS",2,0,-2,-89.8,,
CL337,"DRUM WITH LID AND TAP 70LTR 50CMX63CM",149,"HOUSEWARE & KITCHENWARE","HOUSE HOLD PRODUCTS","STORAGE DRUMS",1,0,-1,-149,,
CL542,"BOWL ETO 3000ML 28CMX9CM",7.9,"HOUSEWARE & KITCHENWARE",SERVEWARE,"SERVING BOWL",26,0,-26,-205.4,,
CL575,"STACK FOOD CONTAINER 1500ML 16.5CMX14.5CMX10.5CM",9.9,"HOUSEWARE & KITCHENWARE","STORAGE AND ORGANIZER","STORAGE CONTAINERS",6,0,-6,-59.4,,
CL582,"STORAGE BOX TRANSPARENT 20L 38CMX28CMX31CM",49.9,"HOUSEWARE & KITCHENWARE","STORAGE AND ORGANIZER","STORAGE CONTAINERS",7,0,-7,-349.3,,
95110,"FRUTAIL COCKTAIL JUICE 1L  12",34.99,SUPERMARKET,BEVERAGES,JUICE,8,0,-8,-279.92,,
98557,"MADAR WASHING POWDER 150G  40",5.99,SUPERMARKET,"HOME AND PERSONAL CARE","LAUNDRY CARE",15,0,-15,-89.85,,
CL603,"BASIN 15LTR 43CMX16CM",24.9,"HOUSEWARE & KITCHENWARE",LAUNDARY,"BUCKETS AND BASINS",12,0,-12,-298.8,,
CL612,"ROYALE CASSEROLE 2PCS SET 1000ML 1500ML  SSI",79,"HOUSEWARE & KITCHENWARE",SERVEWARE,CASSEROLES,7,0,-7,-553,,
CL613,"BASIN WITH LID 6LTR 32CMX15CM",18.9,"HOUSEWARE & KITCHENWARE",LAUNDARY,"BUCKETS AND BASINS",4,0,-4,-75.6,,
CL625,"PET JAR SQUARE 1500ML 11CMX11CMX16CM",4.9,"HOUSEWARE & KITCHENWARE","STORAGE AND ORGANIZER","STORAGE CONTAINERS",2,0,-2,-9.8,,
CL630,"PRIME CUP 500ML 11CMX8CMX10CM",2.9,"HOUSEWARE & KITCHENWARE","FLASK AND BOTTLES","CUPS AND TUMBLERS",9,0,-9,-26.1,,
CL696,"TIARA BOWL WLID 1700ML 21CMX19CMX9CM",12.9,"HOUSEWARE & KITCHENWARE",SERVEWARE,"SERVING BOWL",6,0,-6,-77.4,,
CL701,"PLATE SQUARE SMALL 20CMX20CMX3CM",4.9,"HOUSEWARE & KITCHENWARE",DINNERWARE,PLATE,10,0,-10,-49,,
CL710,"TAKE AWAY CONTAINER 1000ML 19.5CMX13.2CMX7.5CM",3.5,"HOUSEWARE & KITCHENWARE",DISPOSABLES,"DISPOSABLE CONTAINERS",8,0,-8,-28,,
CL717,"CONTAINER 4900ML OPAQUE 30CMX21CMX12CM",29.9,"HOUSEWARE & KITCHENWARE","STORAGE AND ORGANIZER","STORAGE CONTAINERS",1,0,-1,-29.9,,
95403,"COKE ZERO PET 300ML 12",6.49,SUPERMARKET,BEVERAGES,DRINKS,4,0,-4,-25.96,,
98705,"FA  ROLL ON SPORT CITRUS GREEN SCENT 50ML  24",23.99,SUPERMARKET,"HOME AND PERSONAL CARE",FRAGRANCES,65,0,-65,-1559.35,,
CL726,"LAUNDRY BASKET 27LTR 42CMX51CM",49.9,"HOUSEWARE & KITCHENWARE",LAUNDARY,"LAUNDARY BASKET",2,0,-2,-99.8,,
CL757,"MMFORA CHAIR 40CMX36CMX57CM",69,"HOUSEWARE & KITCHENWARE","HOUSE HOLD PRODUCTS","HOUSE HOLD",4,0,-4,-276,,
97250,"SAIRO  ROLL- ON  UNISEX DERMO 50ML   12",17.99,SUPERMARKET,"HOME AND PERSONAL CARE",FRAGRANCES,4,0,-4,-71.96,,
97341,"CHALLENGE MOSQUITO COIL  60",9.99,SUPERMARKET,"HOME AND PERSONAL CARE","INSECTICIDES AND RODENT CONTROL",8,0,-8,-79.92,,
97350,"SAIKIRPA NAPHTHALENE BALLS JUMBO COLOURED 300G  60",23.99,SUPERMARKET,"HOME AND PERSONAL CARE","INSECTICIDES AND RODENT CONTROL",43,0,-43,-1031.57,,
95658,"AMALFI HAND SOAP  ALOE VERA 500ML   12",25.99,SUPERMARKET,"HOME AND PERSONAL CARE","HOUSEHOLD CLEANERS",13,0,-13,-337.87,,
95659,"AMALFI  HAND SOAP BERRIES  500ML  12",25.99,SUPERMARKET,"HOME AND PERSONAL CARE","PERSONAL WASH",3,0,-3,-77.97,,
D483,"INALCA BEEF PATE 400G  24",26.99,SUPERMARKET,"FOOD CUPBOARD","CANNED FOOD",20,0,-20,-539.8,,
D536,"BIC SENSITIVE 3BLADE STICK BROWN S.OF 4  20",64.99,SUPERMARKET,"HOME AND PERSONAL CARE","MENS GROOMING",19,0,-19,-1234.81,,
95693,"ODEX BLEACH FLOWER 4L  4",93.99,SUPERMARKET,"HOME AND PERSONAL CARE","HOUSEHOLD CLEANERS",2,0,-2,-187.98,,
97649,"SUNLIGHT BAR YELLOW 120G  48",7.29,SUPERMARKET,"HOME AND PERSONAL CARE","LAUNDRY CARE",59,0,-59,-430.11,,
00359,"EXETER CORNED BEEF 340G 24",59.99,SUPERMARKET,"FOOD CUPBOARD","CANNED FOOD",24,0,-24,-1439.76,,
00529,"AKAI AVR 5KVA  AVR004A - 5000VA",1699,"ELECTRICAL APPLIANCES",ELECTRICALS,AVR/AVS,1,0,-1,-1699,,
03471,"COKE ZERO PET 1L  4",15.99,SUPERMARKET,BEVERAGES,DRINKS,1,0,-1,-15.99,,
03473,"ROMAR SOFTENER CONC. MARSEILLE SOAP 2L  6",79.99,SUPERMARKET,"HOME AND PERSONAL CARE","LAUNDRY CARE",3,0,-3,-239.97,,
05124,"AKAI LED LIGHT RECHARGEABLE LS006RA-9100/LS026A",299,"ELECTRICAL APPLIANCES",LIGHTING/LAMPS,"TORCH/ LANTERN",15,0,-15,-4485,,
06969,"KASAPREKO TONIC WINE 750ML 12",29.99,SUPERMARKET,"BEVERAGES ALCOHOLIC",WINES,18,0,-18,-539.82,,
08007,"BB COCKTAIL DE FRUITS  330ML 24",13.49,SUPERMARKET,BEVERAGES,DRINKS,28,0,-28,-377.72,,
08026,"OMO AUTO WASH  2KG  9",172.99,SUPERMARKET,"HOME AND PERSONAL CARE","LAUNDRY CARE",8,0,-8,-1383.92,,
100046,"DOVE BABY WIPES SENSITIVE MOISTURE 50S  12",29.99,SUPERMARKET,"HOME AND PERSONAL CARE","INFANT AND BABY CARE",8,0,-8,-239.92,,
100504,"LONG MOUNTAIN NATURAL SWEET ROSE WINE 750ML 6",65.99,SUPERMARKET,"BEVERAGES ALCOHOLIC",WINES,7,0,-7,-461.93,,
100666,"MASTERCHEF SKIMMER NYLON MC32209 RJK",19.9,"HOUSEWARE & KITCHENWARE","KITCHEN TOOLS AND CULTARY","COOKING TOOL LADLES AND SERVERS",17,0,-17,-338.3,,
100799,"ZOMBA YELLOW COCKTAIL 0% ALC 750ML 6",42.49,SUPERMARKET,"BEVERAGES ALCOHOLIC",WINES,6,0,-6,-254.94,,
101110,"ZOMBA BLUE COCKTAIL 0% ALC 750ML 6",42.49,SUPERMARKET,"BEVERAGES ALCOHOLIC",WINES,6,0,-6,-254.94,,
101079,"TOPCO MULTIPURPOSE SOAP 300G   36",7.49,SUPERMARKET,"HOME AND PERSONAL CARE","LAUNDRY CARE",19,0,-19,-142.31,,
100818,"DINNER KNIFE 6PCS 2944KN",9.9,"HOUSEWARE & KITCHENWARE","CUTLERY ITEMS","SPOONS FORKS KNIFE AND CUTLERY SET",52,0,-52,-514.8,,
101954,"BASKET LAUNDRY W/MAT DESIGN PLAST JULIET 1421WL-PB",149,"HOUSEWARE & KITCHENWARE",LAUNDARY,"LAUNDRY BASKET/ITEMS",1,0,-1,-149,,
10286,"S/S CHAMPAGNE BUCKET SS091",19.9,"HOUSEWARE & KITCHENWARE","STORAGE AND ORGANIZER","ICE BUCKETS",13,0,-13,-258.7,,
102613,"CERES SEASON-S TREASURES JUICE 1L 12",39.49,SUPERMARKET,BEVERAGES,JUICE,7,0,-7,-276.43,,
102955,"FRES LIQUID SOAP MARINE 350ML  24",17.99,SUPERMARKET,"HOME AND PERSONAL CARE","PERSONAL WASH",3,0,-3,-53.97,,
102967,"BELAIR AIR FRESHENER TEXTILE 150ML  36",11.99,SUPERMARKET,"HOME AND PERSONAL CARE",FRESHENERS,22,0,-22,-263.78,,
103049,"DISH CLOTH SET 3PCS COTTON DESIGNER DC-661",22.9,"HOME DECOR & TEXTILES","DISH CLOTHS AND NAPKINS","KITCHEN NAPKIN AND TOWELS",2,0,-2,-45.8,,
103889,"BLING DISINFECTANT GARDENIA 5L  4",57.99,SUPERMARKET,"HOME AND PERSONAL CARE","HOUSEHOLD CLEANERS",11,0,-11,-637.89,,
104207,"DUSTBIN WPEDAL 40L PLASTIC M-1056",209,"HOUSEWARE & KITCHENWARE","HOME HYGIENE",DUSTBINS,3,0,-3,-627,,
104331,"COOKWARE SET 5PCS PALU CROWNSTAR RJK MC6426",549,"HOUSEWARE & KITCHENWARE",COOKWARE,"COOKWARE SET",1,0,-1,-549,,
104370,"DESTELLO FLOOR CLEANER EXOTIC 1500ML  12",29.99,SUPERMARKET,"HOME AND PERSONAL CARE","HOUSEHOLD CLEANERS",6,0,-6,-179.94,,
103987,"EVERPACK ICE CREAM SPOON (30PKTX100PCS)  30",16.99,SUPERMARKET,"HOME AND PERSONAL CARE",DISPOSABLE,11,0,-11,-186.89,,
103811,"TWINKLE BABY WIPES ALOEVERA 100SHEETS  12",41.49,SUPERMARKET,"HOME AND PERSONAL CARE","INFANT AND BABY CARE",6,0,-6,-248.94,,
104804,"NERO NATURAL MINERAL WATER 500ML 16",1.69,SUPERMARKET,BEVERAGES,"MINERAL WATER",25,0,-25,-42.25,,
104962,"ROMAR WASHING GEL COLOR CLOTHE 3L  4",136.99,SUPERMARKET,"HOME AND PERSONAL CARE","LAUNDRY CARE",1,0,-1,-136.99,,
104963,"ROMAR FAB SOFTENER CONC HIP ROSE 2000ML  6",84.99,SUPERMARKET,"HOME AND PERSONAL CARE","LAUNDRY CARE",2,0,-2,-169.98,,
105077,"VITAMILK STRAWBERRY 300ML 24",16.99,SUPERMARKET,BEVERAGES,DRINKS,3,0,-3,-50.97,,
104540,"FONTISSUE TOILET TISSUE 8 ROLLS  5",33.99,SUPERMARKET,"HOME AND PERSONAL CARE",DISPOSABLE,2,0,-2,-67.98,,
104673,"DZIRE RICE COOKER DELUXE 1.5L 500W RCD15-FJ30B",389,"ELECTRICAL APPLIANCES","RICE/ MULTI COOKER","DELUXE RICE COOKER",1,0,-1,-389,,
104691,"BLING BLEACH IL  12",16.99,SUPERMARKET,"HOME AND PERSONAL CARE","HOUSEHOLD CLEANERS",3,0,-3,-50.97,,
105812,"DOVE SHOWER GEL PISTACHIO 500ML 20",70.99,SUPERMARKET,"HOME AND PERSONAL CARE","PERSONAL WASH",4,0,-4,-283.96,,
106700,"NASCO POPCORN MAKER 1200W PC1005A-CB",169,"ELECTRICAL APPLIANCES","COMMERCIAL APPLIANCES","POPCORN MAKER",1,0,-1,-169,,
105969,"MUTLU SPAGHETTI 400G 20",9.49,SUPERMARKET,"FOOD CUPBOARD","PASTA AND SPAGHETTI",30,0,-30,-284.7,,
106811,"SHINE GARBAGE BAGS 40L  ( 30)   12",35.99,SUPERMARKET,"HOME AND PERSONAL CARE",DISPOSABLE,3,0,-3,-107.97,,
106818,"SHINE PAPER PLATES SQUARE 18CM  (25PCS)  20",20.49,SUPERMARKET,"HOME AND PERSONAL CARE",DISPOSABLE,3,0,-3,-61.47,,
106995,"AQUALIS BLACK SOAP 120G   60",8.49,SUPERMARKET,"HOME AND PERSONAL CARE","PERSONAL WASH",1,0,-1,-8.49,,
117246,"DOMS CD-DVD/OHP MARKER PENS BOX 10PCS BLUE 7660",24.9,STATIONERY,"GENERAL STATIONERY","   WRITING SUPPLIES",21,0,-21,-522.9,,
117247,"DOMS CD-DVD/OHP MARKER PENS BOX 10PCS BLACK 7662",24.9,STATIONERY,"GENERAL STATIONERY","   WRITING SUPPLIES",4,0,-4,-99.6,,
116098,"BATHROOM SCALE WBATTERIES CHN PP1400V0",129,"HOUSEWARE & KITCHENWARE","WEIGHING SCALE","BATHROOM SCALE",3,0,-3,-387,,
118157,"TUB BASIN 95LTR PLASTIC 02020400",29.9,"HOUSEWARE & KITCHENWARE",LAUNDARY,"BUCKETS AND BASINS",13,0,-13,-388.7,,
118277,"EASY MOUZOO GRAPE NECTAR GLASS BOTTLE 250ML  24",10.99,SUPERMARKET,BEVERAGES,JUICE,4,0,-4,-43.96,,
115802,"DZIRE GAS STOVE 2B GLASS TGGP2B-BW2201",449,"GAS COOKER & ACCESSORIES","GAS COOKER","TABLE TOP GAS STOVE",1,0,-1,-449,,
115826,"PAPILION LIQUID SOAP ORANGE 400ML  12",21.99,SUPERMARKET,"HOME AND PERSONAL CARE","PERSONAL WASH",12,0,-12,-263.88,,
114529,"SERVING BOWL MELAMINE 8 INCHES ZHN C6138",14.9,"HOUSEWARE & KITCHENWARE","MELAMINE WARE","MEL BOWL/BOWL+COVER",19,0,-19,-283.1,,
108227,"PARIDOX ALCOHOL WIPES 100SHEETS",46.99,SUPERMARKET,"HOME AND PERSONAL CARE",DISPOSABLE,16,0,-16,-751.84,,
113417,"FUN CUP WITH PIPETTE 2PCS PLASTIC BSF-00533",9.9,"HOUSEWARE & KITCHENWARE","FLASK AND BOTTLES","CUPS AND TUMBLERS",3,0,-3,-29.7,,
110142,"CAN OPENER PLASTIC 26320182204 YWU",2.9,"HOUSEWARE & KITCHENWARE","CUTLERY ITEMS",OPENERS,1,0,-1,-2.9,,
113956,"BEL-GINGERALE CAN DRINK 330ML 24",8.49,SUPERMARKET,BEVERAGES,DRINKS,8,0,-8,-67.92,,
113984,"BEL-TONIC CAN DRINK 330ML 24",8.49,SUPERMARKET,BEVERAGES,DRINKS,10,0,-10,-84.9,,
112454,"CEREAL CONTAINER NO.1 1425ML PLASTIC L5111-DM",4.9,"HOUSEWARE & KITCHENWARE","STORAGE AND ORGANIZER","STORAGE CONTAINERS",1,0,-1,-4.9,,
112506,"HANGER SET 10PCS 405CM PLASTIC LMS207 RJK",39.9,"HOUSEWARE & KITCHENWARE",LAUNDARY,"CLOTH HANGERS",14,0,-14,-558.6,,
112508,"HANGER SET 5PCS 4OCM PLASTIC LP6300 RJK",32.9,"HOUSEWARE & KITCHENWARE",LAUNDARY,"CLOTH HANGERS",18,0,-18,-592.2,,
110744,"SANITA CLUB TRASH BAGS 70GALLONSX10   10",59.99,SUPERMARKET,"HOME AND PERSONAL CARE",DISPOSABLE,7,0,-7,-419.93,,
110745,"SANITA CLUB TRASH BAGS 5GALLONSX30    24",30.49,SUPERMARKET,"HOME AND PERSONAL CARE",DISPOSABLE,8,0,-8,-243.92,,
110752,"HALA TRASH GARBAGE BIODEGRADABLE 8GALLONS X88   12",56.99,SUPERMARKET,"HOME AND PERSONAL CARE",DISPOSABLE,7,0,-7,-398.93,,
112542,"SLOTTED LADLE B SSNYLON LX165595B YWU",9.9,"HOUSEWARE & KITCHENWARE","KITCHEN TOOLS AND CULTARY","COOKING TOOL LADLES AND SERVERS",19,0,-19,-188.1,,
112554,"SLOTTED LADLE WOODENNYLON LX165619B YWU",9.9,"HOUSEWARE & KITCHENWARE","KITCHEN TOOLS AND CULTARY","COOKING TOOL LADLES AND SERVERS",35,0,-35,-346.5,,
114487,"SOUP BOWL 2PCS SET  CERAMIC T103021",29.9,"HOUSEWARE & KITCHENWARE",DINNERWARE,BOWLS,3,0,-3,-89.7,,
114493,"ZOFLORA CONCENTRATED DISINFECTANT 120ML  12",44.99,SUPERMARKET,"HOME AND PERSONAL CARE","HOUSEHOLD CLEANERS",1,0,-1,-44.99,,
109574,"FRYTOL VEGETABLE COOKING OIL 900ML 12",38.99,SUPERMARKET,"FOOD CUPBOARD","EDIBLE OILS AND GHEE",29,0,-29,-1130.71,,
124052,"HOOK DAISY 6X1 PLASTIC BG-256",9.9,"HOUSEWARE & KITCHENWARE",LAUNDARY,HOOKS,2,0,-2,-19.8,,
124072,"MOP&BUCKET SET PAREX TWISTER PLASTIC 2107358-2",299,"HOUSEWARE & KITCHENWARE","HOME HYGIENE","MOPPING AND WIPING",1,0,-1,-299,,
124119,"CLEANING CLOTH MICROFIBRE 4PCS SET 1909447",59,"HOUSEWARE & KITCHENWARE","HOME HYGIENE","CLEANING CLOTHES",1,0,-1,-59,,
125267,"SAIRO GOLD HAND WASH 500ML  12",28.99,SUPERMARKET,"HOME AND PERSONAL CARE","PERSONAL WASH",4,0,-4,-115.96,,
125282,"DZIRE TV BRACKET W/TILT 26""-50"" TB2650T-P1102",89,"ELECTRONICS & TELECOM","VIDEO ACCESSORIES","TV BRACKET AND ACCESSORIES",15,0,-15,-1335,,
124133,"SPONGE NAIL SAVER 4PCS SET 1909831",16.9,"HOUSEWARE & KITCHENWARE","HOME HYGIENE","SPONGE SCRUBBERS AND SCOURERS",11,0,-11,-185.9,,
122268,"LAV STEMWARE 6PCS SET LVVEN541F",99,"HOUSEWARE & KITCHENWARE",GLASSWARE,"GLASS / TUMBLER /WINE / CHAMPAGNE",4,0,-4,-396,,
122312,"SENAC SPARKLING ORANGE DRINK  375ML 12",29.99,SUPERMARKET,"BEVERAGES ALCOHOLIC",WINES,12,0,-12,-359.88,,
124861,"MEASURING JUG  500ML PLASTIC AP-9059",4.9,"HOUSEWARE & KITCHENWARE",BAKEWARE,"BAKING TOOLS AND ACCESSORIES",14,0,-14,-68.6,,
119592,"FARAGELLO GOLD COCKTAIL NECTAR GLASS BOTTLE 1L  6",33.99,SUPERMARKET,BEVERAGES,JUICE,6,0,-6,-203.94,,
119647,"MUTLU SPIRALLI 400G  20",11.99,SUPERMARKET,"FOOD CUPBOARD","NOODLES AND SOUP",16,0,-16,-191.84,,
120917,"PEACOCK THAI RICE 5KG  5",209.99,SUPERMARKET,"FOOD CUPBOARD","RAW RICE",8,0,-8,-1679.92,,
121456,"OBA SUNFLOWER OIL 900 ML  12",47.99,SUPERMARKET,"FOOD CUPBOARD","EDIBLE OILS AND GHEE",4,0,-4,-191.96,,
121457,"OBA SUNFLOWER OIL 5L X 4",244.99,SUPERMARKET,"FOOD CUPBOARD","EDIBLE OILS AND GHEE",4,0,-4,-979.96,,
121458,"PLATINUM SUNFLOWER OIL 900ML  12",47.99,SUPERMARKET,"FOOD CUPBOARD","EDIBLE OILS AND GHEE",11,0,-11,-527.89,,
120165,"EVEREADY BATTERY AAA RED BP4",11,"ELECTRICAL APPLIANCES",BATTERIES,BATTERY,15,0,-15,-165,,
120166,"EVEREADY LED PLASTIC TORCH LIGHT C2D",35,"ELECTRICAL APPLIANCES",LIGHTING/LAMPS,"TORCH/ LANTERN",2,0,-2,-70,,
119267,"DOMS PENCIL SET 12PCS FUSION X-TRA SUPER DARK 7675",28.9,STATIONERY,"GENERAL STATIONERY","   WRITING SUPPLIES",9,0,-9,-260.1,,
120620,"COMFORTER QUEEN SOLID MICROPEACH 4PC 03C0361Q",449,"HOME DECOR & TEXTILES","BLANKETS QUILTS COMFORTERS AND BEDCOVERS",COMFORTERS,1,0,-1,-449,,
131134,"DUSTPAN SANTA MARIA 26X6X32CM 001.0965",4.9,"HOUSEWARE & KITCHENWARE","HOME HYGIENE","BROOM BRUSHES DUSTPANS",2,0,-2,-9.8,,
129817,"ROPE NYLON 5MMX10M REDBLUEWHITE YWU",2.9,"HOUSEWARE & KITCHENWARE",LAUNDARY,"CLOTH LINE/ STRING",10,0,-10,-29,,
132415,"CUSHION 45X45CM SK210125",34.9,"HOME DECOR & TEXTILES","COVERS CUSHION/PILLOW/CHAIR",CUSHION,7,0,-7,-244.3,,
131311,"CROWNSTAR COOKWARE 6PCS SET MC22028 RK",449,"HOUSEWARE & KITCHENWARE",COOKWARE,"COOKWARE SET",1,0,-1,-449,,
131318,"STARKIST TUNA FLAKE IN SUNFLOW OIL (PK 3) 240G 16",55.99,SUPERMARKET,"FOOD CUPBOARD","CANNED FOOD",12,0,-12,-671.88,,
131522,"GOODYS SPICY HOT SHITO  800G 12",149.99,SUPERMARKET,"FOOD CUPBOARD",CONDIMENTS,12,0,-12,-1799.88,,
131565,"HAPPYFLAKES WHITE OATS BAG 500G  20",19.99,SUPERMARKET,"FOOD CUPBOARD","BREAKFAST CEREALS",34,0,-34,-679.66,,
133053,"NUTZY PEANUT CRISPY SNACK 40G  144",2.59,SUPERMARKET,"FOOD CUPBOARD","SPREADS AND TOPPING",101,0,-101,-261.59,,
130133,"AWAKE MELCOM WATER 330ML  15",1.79,SUPERMARKET,BEVERAGES,"MINERAL WATER",120,0,-120,-214.8,,
126211,"AIRPRO TOUCH&SPRAY A/FRSHENER PINA COLADA 36ML  6",35.99,SUPERMARKET,"HOME AND PERSONAL CARE",FRESHENERS,6,0,-6,-215.94,,
126212,"AIRPRO  MINI CLIP AIRREFRSHENER CITRUS 2.5ML 6",20.49,SUPERMARKET,"HOME AND PERSONAL CARE",FRESHENERS,7,0,-7,-143.43,,
127680,"GEISHA BLACK SOAP 180G  36",17.99,SUPERMARKET,"HOME AND PERSONAL CARE","PERSONAL WASH",29,0,-29,-521.71,,
127755,"PAPER BOX CAKE DOUBLE TIER 12 335X335X28CM YWU",39.9,"HOUSEWARE & KITCHENWARE",BAKEWARE,MOULDS,20,0,-20,-798,,
125631,"PLATE SOUP EMBOSSED PORCELAIN 875 38833 RJK",12.9,"HOUSEWARE & KITCHENWARE",DINNERWARE,PLATE,47,0,-47,-606.3,,
125866,"POPIZZ SPARKLING RED GRAPE 750ML  6",49.99,SUPERMARKET,"BEVERAGES ALCOHOLIC",WINES,3,0,-3,-149.97,,
125871,"POPIZZ SPARKLING WHITE GRAPE 750ML  6",49.99,SUPERMARKET,"BEVERAGES ALCOHOLIC",WINES,6,0,-6,-299.94,,
128146,"AKAI MICROWAVE OVEN 30L GRILL MW074A-030MS",1999,"ELECTRICAL APPLIANCES",MICROWAVE,"GRILL MICROWAVE",1,0,-1,-1999,,
129119,"SCISSOR KITCHEN LX19035 YWU",14.9,"HOUSEWARE & KITCHENWARE","KNIFE AND CHOPPING BOARD",SCISSORS,8,0,-8,-119.2,,
129120,"SCISSOR KITCHEN LX19016 YWU",9.9,"HOUSEWARE & KITCHENWARE","KNIFE AND CHOPPING BOARD",SCISSORS,17,0,-17,-168.3,,
129304,"BOWL DOUBLE COLOUR PLASTIC L-00489",12.9,"HOUSEWARE & KITCHENWARE",SERVEWARE,"SERVING BOWL",29,0,-29,-374.1,,
138922,"GEISHA ALOE VERA  HONEY V1 180G  36",15.49,SUPERMARKET,"HOME AND PERSONAL CARE","PERSONAL WASH",15,0,-15,-232.35,,
138925,"GEISHA LEMON  HONEY V1 180G  36",15.49,SUPERMARKET,"HOME AND PERSONAL CARE","PERSONAL WASH",33,0,-33,-511.17,,
138926,"GEISHA SHEA BUTTER  HONEY V1 180G  36",15.49,SUPERMARKET,"HOME AND PERSONAL CARE","PERSONAL WASH",13,0,-13,-201.37,,
138932,"GEISHA GERMIG NEEM & BASIL V1 180G 36",15.49,SUPERMARKET,"HOME AND PERSONAL CARE","PERSONAL WASH",9,0,-9,-139.41,,
141409,"SALT&PEPPER SHAKER SET 5.2X7CM 56052",9.9,"HOUSEWARE & KITCHENWARE",KITCHENWARE,"SALT AND PEPPER/CRUETS",23,0,-23,-227.7,,
141413,"SALT&PEPPER SET ROUND 6X5.5CM 56042-J",9.9,"HOUSEWARE & KITCHENWARE",KITCHENWARE,"SALT AND PEPPER/CRUETS",24,0,-24,-237.6,,
141427,"TURNER SLOTTED PEARL 13 59049",9.9,"HOUSEWARE & KITCHENWARE","KITCHEN TOOLS AND CULTARY","COOKING TOOL LADLES AND SERVERS",7,0,-7,-69.3,,
141433,"PAN SPOON SLOTTED PIPE HANDLE 9  59052",9.9,"HOUSEWARE & KITCHENWARE","KITCHEN TOOLS AND CULTARY","COOKING TOOL LADLES AND SERVERS",22,0,-22,-217.8,,
141440,"TONG SPAGHETTI PIPE HANDLE 9  59056",9.9,"HOUSEWARE & KITCHENWARE","KITCHEN TOOLS AND CULTARY",TONGS,13,0,-13,-128.7,,
138349,"PRESIDENT  WHOLE CREAM UHT MILK 3.5% 1L  6",40.99,SUPERMARKET,"FOOD CUPBOARD","MILK AND CREAMERS",6,0,-6,-245.94,,
141779,"JAGERMEISTER 40ML 96",35.49,SUPERMARKET,"BEVERAGES ALCOHOLIC",BITTERS,14,0,-14,-496.86,,
139682,"MCBERRY ALPHA CRACKER BISCUIT 47G  48",2.49,SUPERMARKET,"FOOD CUPBOARD",BISCUITS,23,0,-23,-57.27,,
140586,"DISPENSER BEVERAGE WSTAND 4500ML PLASTIC BSF-00928",49.9,"HOUSEWARE & KITCHENWARE",GLASSWARE,"DISPENSERS / DECANTER SETS",9,0,-9,-449.1,,
137498,"BUMBLE BABY WET WIPES HONEYSUCKLE 72PCS   12",22.99,SUPERMARKET,"HOME AND PERSONAL CARE","INFANT AND BABY CARE",4,0,-4,-91.96,,
136056,"JOHNNIE WALKER BLACK ICONS WHISKY 700ML 12",469.99,SUPERMARKET,"BEVERAGES ALCOHOLIC",WHISKEY,7,0,-7,-3289.93,,
134144,"MY FIRST 3- LETTER WORDS (3+)",22.9,STATIONERY,"CHILDREN BOOKS AND GEN REF","BOOKS AND LEARNINGS",19,0,-19,-435.1,,
135070,"DECAKILA KETTLE 1.7L 2200W PLASTIC KEKT027W",149,"ELECTRICAL APPLIANCES",KETTLE,"PLASTIC KETTLE",3,0,-3,-447,,
137007,"PEPSODENT TOOTHPASTE (CAVITY FIGHTER) 110G 72",12.99,SUPERMARKET,"HOME AND PERSONAL CARE","ORAL CARE",67,0,-67,-870.33,,
135811,"SERVING BOWL MELAMINE 9 INCHES FEILU 72209",12.9,"HOUSEWARE & KITCHENWARE","MELAMINE WARE","MEL BOWL/BOWL+COVER",13,0,-13,-167.7,,
137269,"TOREN -TOREN WAFERS BOURBONVANILLA DEEP FCW 55G144",6.29,SUPERMARKET,"FOOD CUPBOARD",CONFECTIONERY,23,0,-23,-144.67,,
149050,"SANKOFA PLANTAIN CHIP SWEET CHILI  JOLLOF 140G  10",41.99,SUPERMARKET,"FOOD CUPBOARD",SNACKS,2,0,-2,-83.98,,
14818,"DEVA ALL PURPOSE CLEANER LIQUID LAVENDER 1000ML 12",30.99,SUPERMARKET,"HOME AND PERSONAL CARE","HOUSEHOLD CLEANERS",16,0,-16,-495.84,,
149449,"LAV TUMBLER SET OF 3PCS LV-LAL376A",39.9,"HOUSEWARE & KITCHENWARE",GLASSWARE,"GLASS / TUMBLER /WINE / CHAMPAGNE",1,0,-1,-39.9,,
149451,"LAV TUMBLER 3PCS SET LVVLR354A",39.9,"HOUSEWARE & KITCHENWARE",GLASSWARE,"GLASS / TUMBLER /WINE / CHAMPAGNE",9,0,-9,-359.1,,
149453,"LAV TUMBLER 3PCS SET LVVLR374A",39.9,"HOUSEWARE & KITCHENWARE",GLASSWARE,"GLASS / TUMBLER /WINE / CHAMPAGNE",6,0,-6,-239.4,,
148446,"MUG 350ML CERAMIC DESIGNER YWU",4.9,"HOUSEWARE & KITCHENWARE",DINNERWARE,MUGS,18,0,-18,-88.2,,
147618,"ROYAL KING CRACKER DELUXE 43G  48",2.99,SUPERMARKET,"FOOD CUPBOARD",BISCUITS,14,0,-14,-41.86,,
147619,"KING CRACKER DELUXE 21G 72",1.19,SUPERMARKET,"FOOD CUPBOARD",BISCUITS,80,0,-80,-95.2,,
148518,"ARTIFICIAL FLOWER 65CM 363/147-1/0667/0661",15.9,"HOME DECOR & TEXTILES","HOME DECOR",DECORATIVE,15,0,-15,-238.5,,
149720,"GRATER BLACK ILC ICC777KA0001 RJK",19.9,"HOUSEWARE & KITCHENWARE","KNIFE AND CHOPPING BOARD",GRATER,13,0,-13,-258.7,,
149746,"SCISSORS ALL PURPOSE AMB301KA0017 RJK",22.9,"HOUSEWARE & KITCHENWARE","KNIFE AND CHOPPING BOARD",SCISSORS,22,0,-22,-503.8,,
149765,"BAKING SPATULA SILICONE ILB BD600KA0420 RJK",24.9,"HOUSEWARE & KITCHENWARE","KITCHEN TOOLS AND CULTARY",SPATULA,2,0,-2,-49.8,,
148802,"WASHING MACHINE RACK SAILBOAT METAL YWU",189,"HOUSEWARE & KITCHENWARE",BATHROOM,"BATHROOM SHELF RACKS HOLDERS",2,0,-2,-378,,
148849,"CUP CAKE STAND 5TIER GOLDSILVER YWU",14.9,"HOUSEWARE & KITCHENWARE",BAKEWARE,"BAKING TOOLS AND ACCESSORIES",3,0,-3,-44.7,,
148915,"SEWING KIT",16.9,"HARDWARE & BUILDING MATERIAL","HARDWARE ITEMS","HOME UTILITY",26,0,-26,-439.4,,
14720,"EASY MOUZOO GUAVA JUICE  GLASS BOTTLE  1L   6",32.99,SUPERMARKET,BEVERAGES,JUICE,7,0,-7,-230.93,,
145696,"BIN WFLAT LID MATT FINISH RND 30L PEDAL AAA30 RK",359,"HOUSEWARE & KITCHENWARE","HOME HYGIENE",DUSTBINS,2,0,-2,-718,,
145811,"BELPAK MEGA KITCHEN TOWEL    6",41.99,SUPERMARKET,"HOME AND PERSONAL CARE",DISPOSABLE,4,0,-4,-167.96,,
145875,"SIDE PLATE EMBOSSED CERAMIC ESPSP01 RJK",9.9,"HOUSEWARE & KITCHENWARE",DINNERWARE,PLATE,21,0,-21,-207.9,,
143194,"BOWL SOUP W/SPOON+FORK LEEZA 600ML MB-1",19.9,"HOUSEWARE & KITCHENWARE",DINNERWARE,BOWLS,8,0,-8,-159.2,,
14505,"MARINA LUNCH NAPKIN 100X15",7.59,SUPERMARKET,"HOME AND PERSONAL CARE",DISPOSABLE,16,0,-16,-121.44,,
145170,"SINK ORGANIZER STATION PICNIC 3859",9.9,"HOUSEWARE & KITCHENWARE","STORAGE AND ORGANIZER","RACK SHELF DRAWERS ORGANIZERS",2,0,-2,-19.8,,
156290,"ASEDA LOCAL WHITE RICE 2KG 10",65.99,SUPERMARKET,"FOOD CUPBOARD","RAW RICE",7,0,-7,-461.93,,
156619,"ARTIFICIAL FLOWER 6 COLOUR MIX",89,"HOME DECOR & TEXTILES",DECORATIVE,"Artificial FlowersANDPlants",12,0,-12,-1068,,
154897,"WATER BOTTLE 1000ML PLASTIC CHECKERS",9.9,"HOUSEWARE & KITCHENWARE","FLASK AND BOTTLES",BOTTLE,13,0,-13,-128.7,,
155211,"MSTA SHARPENER NO.7 (X07-3)(1X48) 134099",5.9,STATIONERY,"OFFICE STATIONERY","OFFICE BASIC AND STATIONERY",6,0,-6,-35.4,,
157177,"TOILET BRUSH WHOLDER ROUND PLASTIC YWU",16.9,"HOUSEWARE & KITCHENWARE","HOME HYGIENE","TOILET BRUSHES",2,0,-2,-33.8,,
157218,"KONKORD IODIZED SALT 300G 12",5.99,SUPERMARKET,"FOOD CUPBOARD","SALT  SUGAR AND JAGGERY",8,0,-8,-47.92,,
155545,"HOOK DAISY 3 X SET OF 2 PLASTIC BG-258",9.9,"HOUSEWARE & KITCHENWARE",LAUNDARY,HOOKS,24,0,-24,-237.6,,
155622,"DINNER PLATE MELAMINE 10 INCHES FEILU 6710",9.9,"HOUSEWARE & KITCHENWARE","MELAMINE WARE","MEL PLATE",26,0,-26,-257.4,,
156276,"MOLINERA  SUGARFREE MANGO JUICE 1L  12",31.49,SUPERMARKET,BEVERAGES,JUICE,5,0,-5,-157.45,,
150544,"KANGARO PAPER PUNCH MOD-10PP",21.9,STATIONERY,"OFFICE STATIONERY","OFFICE BASIC AND STATIONERY",18,0,-18,-394.2,,
15324,"NUTRIBOM INFANT CEREAL PAPER BOX RICE 300G  16",27.99,SUPERMARKET,"FOOD CUPBOARD","BABY FOOD",5,0,-5,-139.95,,
150689,"AKAI WATER PUMP 1.5HP  WP001A-090",799,"ELECTRICAL APPLIANCES","WATER PUMPS","CENTRIFUGAL WP",1,0,-1,-799,,
15211,"MILO SOFT PACK 400G 12",49.99,SUPERMARKET,BEVERAGES,"COCOA POWDER",15,0,-15,-749.85,,
150777,"SPRITE ZERO PET 1L 4",15.99,SUPERMARKET,BEVERAGES,DRINKS,17,0,-17,-271.83,,
153296,"PHILIPS BLENDER W/MILL 2L 550W HR2141/90",879,"ELECTRICAL APPLIANCES","FOOD PROCESSOR/BLENDER",BLENDERS,3,0,-3,-2637,,
151036,"BIGOO APPLE DRINK 350ML 20",3.09,SUPERMARKET,BEVERAGES,DRINKS,13,0,-13,-40.17,,
152259,"MCBERRY LOVAN VANILLA CAKE 22G  72",1.29,SUPERMARKET,"FOOD CUPBOARD",CONFECTIONERY,70,0,-70,-90.3,,
16297,"BINE DISINFECTANT 2.5L 6",54.99,SUPERMARKET,"HOME AND PERSONAL CARE","HOUSEHOLD CLEANERS",9,0,-9,-494.91,,
165129,"BELPAK SUPER KITCHEN TOWEL  6",34.99,SUPERMARKET,"HOME AND PERSONAL CARE",DISPOSABLE,5,0,-5,-174.95,,
164043,"VACCUM FLASK 1200ML PLASTIC 161713-590",29.9,"HOUSEWARE & KITCHENWARE","FLASK AND BOTTLES",FLASK,6,0,-6,-179.4,,
164132,"SOAP DISPENSER PUMP BLACKSTORY PLASTIC 161240-010",24.9,"HOUSEWARE & KITCHENWARE",BATHROOM,"SOAP DISH CASE DISPENSERS",24,0,-24,-597.6,,
164219,"COFRUTOS ORANGE BOTTLE JUICE 1L  6",47.99,SUPERMARKET,BEVERAGES,JUICE,5,0,-5,-239.95,,
164276,"FROSTY BITE STRAWBERRY TUB 250ML 12",13.49,SUPERMARKET,"FROZEN FOOD",ICE-CREAM,-2,0,2,26.98,,
164548,"NERO BOVINO CARBONATED PET DRINK 350ML 20",3.19,SUPERMARKET,BEVERAGES,DRINKS,16,0,-16,-51.04,,
164314,"COFFEE AND TEA PRESS 500ML PLASTIC AP-9481",9.9,"HOUSEWARE & KITCHENWARE",DINNERWARE,"TEA AND COFFEE SETS",7,0,-7,-69.3,,
163637,"KISS WHITE GRAPE SPARKLING DRINK 750ML 6",42.99,SUPERMARKET,"BEVERAGES ALCOHOLIC",WINES,8,0,-8,-343.92,,
162155,"TEA STRAINER PLASTIC SS 21CMS",6.9,"HOUSEWARE & KITCHENWARE",BATHROOM,"SOAP DISH CASE DISPENSERS",24,0,-24,-165.6,,
161282,"CANVAS PAINTING AFRICAN 40X40CM PC233004",55,"HOME DECOR & TEXTILES","HOME DECOR","WallANDTable Decor",16,0,-16,-880,,
161344,"DOLAIT NATURE YOGHURT UNSWEETENED 200G 1",15.49,SUPERMARKET,"FRESH DAIRY AND EGGS",Yoghurt,13,0,-13,-201.37,,
161584,"DZIRE CEILING FAN 36"" WHITE CF 36 W-HOB",349,"ELECTRICAL APPLIANCES",FAN,"CEILING FAN",1,0,-1,-349,,
159763,"MUNCHEE DIGESTIVE BISCUITS 65G  48",3.59,SUPERMARKET,"FOOD CUPBOARD",BISCUITS,26,0,-26,-93.34,,
159765,"MUNCHEE DIGESTIVE BISCUITS 35G  72",2.19,SUPERMARKET,"FOOD CUPBOARD",BISCUITS,23,0,-23,-50.37,,
159772,"MUNCHEE CHOCOLATE CHIP COOKIES BISCUITS 100G  48",8.99,SUPERMARKET,"FOOD CUPBOARD",BISCUITS,1,0,-1,-8.99,,
160884,"DINNER PLATE MELAMINE 10 INCHES FEILU 215105",14.9,"HOUSEWARE & KITCHENWARE","MELAMINE WARE","MEL PLATE",38,0,-38,-566.2,,
159986,"MUG 330ML CERAMIC STATEMENT YWU",4.9,"HOUSEWARE & KITCHENWARE",DINNERWARE,MUGS,1,0,-1,-4.9,,
159989,"DUSTBIN 29 LITRE METAL BLACK WIRE  26X28CM YWU",29.9,"HOUSEWARE & KITCHENWARE","HOME HYGIENE",DUSTBINS,19,0,-19,-568.1,,
171739,"SIDE PLATE EMBOSSED CERAMIC 9 INCHES LDSSTK8",2.9,"HOUSEWARE & KITCHENWARE",DINNERWARE,PLATE,32,0,-32,-92.8,,
172105,"LG AC SPLIT 2.5HP INVERTER S4Q24K2QAL",16999,"ELECTRICAL APPLIANCES","AIR CONDITIONING","SPLIT AC",1,0,-1,-16999,,
168976,"NUTRISNAX NUTRIBAR 20% OATS 24G 72",1.19,SUPERMARKET,"FOOD CUPBOARD",BISCUITS,58,0,-58,-69.02,,
16899,"PLATINUM MACKEREL IN TOMATO SAUCE 425G 24",22.99,SUPERMARKET,"FOOD CUPBOARD","CANNED FOOD",13,0,-13,-298.87,,
169160,"ROMAR AIR REFRESHNER VANILLA 750ML   6",68.99,SUPERMARKET,"HOME AND PERSONAL CARE",FRESHENERS,3,0,-3,-206.97,,
172967,"ARIEL HIGH STUD LAVENDER 1KG  12",79.99,SUPERMARKET,"HOME AND PERSONAL CARE","LAUNDRY CARE",18,0,-18,-1439.82,,
170027,"AKAI POWER BLENDER W/MILL 3L 800W BD075A-3LS",1039,"ELECTRICAL APPLIANCES","COMMERCIAL APPLIANCES","COMMERCIAL BLENDER",3,0,-3,-3117,,
173699,"KIVO 4 IN 1 GARI SOAKING MIX 125G 40",4.99,SUPERMARKET,"FOOD CUPBOARD","BREAKFAST CEREALS",30,0,-30,-149.7,,
173724,"KIVO 100% NATURAL CURRY PLUS POWDER 3.5G 240",.49,SUPERMARKET,"FOOD CUPBOARD","SPICES AND HERBS",70,0,-70,-34.3,,
166263,"LAV TUMBLER 3PCS SET LV-ART256 AY104PFI3M0121A",49.9,"HOUSEWARE & KITCHENWARE",GLASSWARE,"GLASS / TUMBLER /WINE / CHAMPAGNE",8,0,-8,-399.2,,
168861,"KNIFEPEELER SET 2PCS 353 CP038PR2AP RJK",12.9,"HOUSEWARE & KITCHENWARE","KNIFE AND CHOPPING BOARD","VEG AND FRUIT PEELERS",21,0,-21,-270.9,,
168874,"KNIFE FRUIT SET 6PCS 4 CP003STM6DB RJK",19.9,"HOUSEWARE & KITCHENWARE","KNIFE AND CHOPPING BOARD","KNIFE SETS",24,0,-24,-477.6,,
167244,"MIKSI STRAWBERRY SACHET 35G  120",3.29,SUPERMARKET,BEVERAGES,"DRINKING POWDERS",80,0,-80,-263.2,,
167396,"DINNER PLATE 10INCHES CERAMIC EMBOSSED WBCE105 RJK",16.9,"HOUSEWARE & KITCHENWARE",DINNERWARE,PLATE,17,0,-17,-287.3,,
167500,"BEVERAGE DISPENSER WRACK 57L 97026 RJK",179,"HOUSEWARE & KITCHENWARE",GLASSWARE,"DISPENSERS / DECANTER SETS",2,0,-2,-358,,
167509,"XMAS TREE 1.2M 350T",499,"HOME DECOR & TEXTILES","XMAS SEASONAL","xmas season",4,0,-4,-1996,,
167011,"BIN SET WFLAT LID BLK FINISH RND 5L STEP 5YPG RJK",95,"HOUSEWARE & KITCHENWARE","HOME HYGIENE",DUSTBINS,2,0,-2,-190,,
167857,"DUSTPAN WBRUSH PLASTIC RZS01 RJK",19.9,"HOUSEWARE & KITCHENWARE","HOME HYGIENE","BROOM BRUSHES DUSTPANS",41,0,-41,-815.9,,
178836,"AKAI HAIR STRAIGHTNER 45W HD010A-21323S",219,"ELECTRICAL APPLIANCES","HAIR DRESSINGMASSAGER","HAIR STRAIGHTNER",8,0,-8,-1752,,
179734,"AKAI RICE COOKER 2.8L 900W CK024A-2.8LS",549,"ELECTRICAL APPLIANCES","RICE/ MULTI COOKER","POT TYPE RICE COOKER",10,0,-10,-5490,,
178132,"CAKE CUPS 9CM 100PCS SET YWU",4.9,"HOUSEWARE & KITCHENWARE",BAKEWARE,"BAKING UTENSILS",1,0,-1,-4.9,,
179178,"DIY PAINTED PLASTER  4PCS",32.9,"TOYS AND ENTERTAINMENT","ART CRAFTS AND HOBBY KITS","STAMPS  STICKERS AND MAGNETS",10,0,-10,-329,,
178378,"WISDOMS REFINED TABLE SALT 400G  50",5.49,SUPERMARKET,"FOOD CUPBOARD","SALT  SUGAR AND JAGGERY",43,0,-43,-236.07,,
178456,"BATH SCRUBBER COTTON AND LINEN YWU",19.9,"HOUSEWARE & KITCHENWARE","HOME HYGIENE","SPONGE SCRUBBERS AND SCOURERS",20,0,-20,-398,,
18459,"FOUR SPECIAL SWEET RED WINE 750ML 6",58.99,SUPERMARKET,"BEVERAGES ALCOHOLIC",WINES,15,0,-15,-884.85,,
183263,"BEER MUG 4PCS SET 610ML BREMEN PJ 10821 RJK",79,"HOUSEWARE & KITCHENWARE",GLASSWARE,"BEER MUGS AND BEER GLASS",5,0,-5,-395,,
183266,"BEER GLASS 6PCS SET 380ML PORTO BW 4613 RJK",49.9,"HOUSEWARE & KITCHENWARE",GLASSWARE,"BEER MUGS AND BEER GLASS",6,0,-6,-299.4,,
183978,"CERAMIC BOWL 6"" ZBG-11 RJK",8.9,"HOUSEWARE & KITCHENWARE",DINNERWARE,BOWLS,31,0,-31,-275.9,,
18341,"LONG MOUNTAIN CHENIN BLANC WHITE WINE 75CL 12",65.99,SUPERMARKET,"BEVERAGES ALCOHOLIC",WINES,11,0,-11,-725.89,,
183437,"TUMBLER GLASS EMBOSSED 454ML 3PCS SET 3GS03 RJK",42.9,"HOUSEWARE & KITCHENWARE",GLASSWARE,"GLASS / TUMBLER /WINE / CHAMPAGNE",13,0,-13,-557.7,,
183451,"TUMBLER GLASS 450ML 3PCS SET 3GS06 RJK",42.9,"HOUSEWARE & KITCHENWARE",GLASSWARE,"GLASS / TUMBLER /WINE / CHAMPAGNE",15,0,-15,-643.5,,
184353,"TISSUE HOLDER D SHAPE SS 62080208",14.9,"HOUSEWARE & KITCHENWARE",BATHROOM,"BATHROOM SHELF RACKS HOLDERS",24,0,-24,-357.6,,
184372,"NERO WISKY COLA DRINK 350ML 12",5.99,SUPERMARKET,BEVERAGES,DRINKS,7,0,-7,-41.93,,
184381,"CLOTHES HANGER 10PCS SET 40CM METAL XZ32658141 YWU",36.9,"HOUSEWARE & KITCHENWARE",LAUNDARY,"CLOTH HANGERS",20,0,-20,-738,,
183625,"TEA SPOON 6PCS 1806TS",16.9,"HOUSEWARE & KITCHENWARE","CUTLERY ITEMS","SPOONS FORKS KNIFE AND CUTLERY SET",6,0,-6,-101.4,,
183629,"DINNER KNIFE 6PCS 2920KN",22.9,"HOUSEWARE & KITCHENWARE","CUTLERY ITEMS","SPOONS FORKS KNIFE AND CUTLERY SET",11,0,-11,-251.9,,
182986,"HANGER 41CM RP1142CS8 RJK",49.9,"HOUSEWARE & KITCHENWARE",LAUNDARY,"CLOTH HANGERS",7,0,-7,-349.3,,
184471,"PEDAL BIN 11L PLASTIC HL0027C-6",44.9,"HOUSEWARE & KITCHENWARE","HOME HYGIENE",DUSTBINS,-1,0,1,44.9,,
179802,"BIG KAT CHOCOLATE WAFERS 15G 30",1.99,SUPERMARKET,"FOOD CUPBOARD",BISCUITS,3,0,-3,-5.97,,
18153,"POMO TOMATO PASTE 60G SACH 50",3.29,SUPERMARKET,"FOOD CUPBOARD",CONDIMENTS,33,0,-33,-108.57,,
180716,"UNITY TUNA FLAKES IN VEGETABLE OIL 185G 48",20.99,SUPERMARKET,"FOOD CUPBOARD","CANNED FOOD",48,0,-48,-1007.52,,
182225,"NASCO WASHING MACHINE TT 6KG NASTT-B60FL",1899,"ELECTRICAL APPLIANCES","WASHING MACHINE","TWIN TUB WM",1,0,-1,-1899,,
187474,"TRASH BIN PLASTIC GREY RJK G5270",299,"HOUSEWARE & KITCHENWARE","HOME HYGIENE",DUSTBINS,4,0,-4,-1196,,
188869,"BATHMAT 50X80CM BM-278 SILVER CP",59,"HOME DECOR & TEXTILES","BATH AND LAUNDRY","BATH MATS",10,0,-10,-590,,
188870,"BATHMAT 50X80CM BM-278 BEIGE CP",59,"HOME DECOR & TEXTILES","BATH AND LAUNDRY","BATH MATS",2,0,-2,-118,,
18794,"SURE MEN APA QUANTUM DRY SPRAY 250ML 6",44.99,SUPERMARKET,"HOME AND PERSONAL CARE",FRAGRANCES,24,0,-24,-1079.76,,
190050,"BEER GLASS 450ML FOOTBALL YWU",14.9,"HOUSEWARE & KITCHENWARE",GLASSWARE,"BEER MUGS AND BEER GLASS",34,0,-34,-506.6,,
188581,"KIDS BUBBLE WATER STICK COLORED 10CM 6615113110245",4.9,"TOYS AND ENTERTAINMENT","BACKYARD PLAY","SWIMMING AND POOL ACCESSORIES",47,0,-47,-230.3,,
186703,"LUNCH SET 2PCS PLASTIC KIDS BTS RJK 1810A",42.9,"HOUSEWARE & KITCHENWARE","STORAGE AND ORGANIZER","LUNCH BOXES TIFFINS AND FOOD FLASK",8,0,-8,-343.2,,
186838,"MY FIRST 1000 WORDS",29,STATIONERY,"CHILDREN BOOKS AND GEN REF","BOOKS AND LEARNINGS",2,0,-2,-58,,
186038,"GLASS JUG WCUP 7PCS SET 1680260ML 19117DDE RJK",149,"HOUSEWARE & KITCHENWARE",GLASSWARE,"JUGS/JUG WITH LIDS",6,0,-6,-894,,
194947,"LADLE TURNER LONG SILICONE ZHN HR22PC-22DS",8.9,"HOUSEWARE & KITCHENWARE","KITCHEN TOOLS AND CULTARY","COOKING TOOL LADLES AND SERVERS",60,0,-60,-534,,
192002,"MELCOM KITCHEN TOWEL XL 6",32.99,SUPERMARKET,"HOME AND PERSONAL CARE",DISPOSABLE,6,0,-6,-197.94,,
192057,"CUTTING TOOLS SET WITH CHOPPING BOARD LDS3082025F",289,"HOUSEWARE & KITCHENWARE","KNIFE AND CHOPPING BOARD","CHOPPING BOARD AND KNIFE SET",1,0,-1,-289,,
193002,"CORK OPENER 2PCS SET ZHN KB718",9.9,"HOUSEWARE & KITCHENWARE","CUTLERY ITEMS",OPENERS,12,0,-12,-118.8,,
193003,"BOTTLE OPENER ZHN KB887",3.9,"HOUSEWARE & KITCHENWARE","CUTLERY ITEMS",OPENERS,48,0,-48,-187.2,,
192222,"LEON FOOD STORAGE CONTAINER 3PCS SET HL7008DCT",24.9,"HOUSEWARE & KITCHENWARE","STORAGE AND ORGANIZER","STORAGE CONTAINERS",3,0,-3,-74.7,,
200317,"H&H BEEF LUNCHEON MEAT 340G  24",43.99,SUPERMARKET,"FOOD CUPBOARD","CANNED FOOD",21,0,-21,-923.79,,
200291,"H&H MAYONNAISE 500ML 12",38.49,SUPERMARKET,"FOOD CUPBOARD","SPREADS AND TOPPING",3,0,-3,-115.47,,
200293,"H&H CANNED TUNA IN VEGETABLE OIL 160G 24",24.49,SUPERMARKET,"FOOD CUPBOARD","CANNED FOOD",19,0,-19,-465.31,,
19894,"FROSTY BITE ICE CREAM CUP STRAWBERRY 150ML 24",6.99,SUPERMARKET,"FROZEN FOOD",ICE-CREAM,27,0,-27,-188.73,,
200149,"LELE BLACK TEA ( 25*2G ) 50G  24",10.99,SUPERMARKET,BEVERAGES,TEA,17,0,-17,-186.83,,
19842,"FROSTY BITE ICE CREAM CUP VANILLA 150ML 24",6.99,SUPERMARKET,"FROZEN FOOD",ICE-CREAM,35,0,-35,-244.65,,
196678,"CERES SECRETS OF VALLEY 500ML 10",23.99,SUPERMARKET,BEVERAGES,JUICE,17,0,-17,-407.83,,
197991,"MCBERRY DUBAI STRAWBERRY CHOCOLATE WAFER 20G  144",.89,SUPERMARKET,"FOOD CUPBOARD",BISCUITS,-2,0,2,1.78,,
197091,"MCBERRY CORN FLAKES 25G  100",2.19,SUPERMARKET,"FOOD CUPBOARD","BREAKFAST CEREALS",71,0,-71,-155.49,,
197115,"MCBERRY SIMA CHOCOLATE COOKIES 18G  72",1.09,SUPERMARKET,"FOOD CUPBOARD",BISCUITS,60,0,-60,-65.4,,
19818,"ENERGIZER BATTERY ALKALINE AAA MAX-AAA BP2-1X20PK",37.9,"ELECTRICAL APPLIANCES",BATTERIES,BATTERY,31,0,-31,-1174.9,,
19819,"ENERGIZER BATTERY ALKALINE AAA MAX-31 1X10 20PK",59.9,"ELECTRICAL APPLIANCES",BATTERIES,BATTERY,33,0,-33,-1976.7,,
197374,"MIDEA CHEST FREEZER SD 143L INVERTER MDRC265FZG43D",2799,"ELECTRICAL APPLIANCES",FREEZER,"SINGLE DOOR FREEZER",1,0,-1,-2799,,
202146,"SWING BIN HIPPO WLID 50 LT GREY GREEN UP237W-212",219,"HOUSEWARE & KITCHENWARE","HOME HYGIENE",DUSTBINS,-1,0,1,219,,
53555,"FROSTY BITE FANTASY STRAWBERRY 70G 30",8.99,SUPERMARKET,"FROZEN FOOD",ICE-CREAM,23,0,-23,-206.77,,
59874,"WATER BOTTLE 1100ML PLASTIC PNP3340TH7",9.9,"HOUSEWARE & KITCHENWARE","FLASK AND BOTTLES",BOTTLE,24,0,-24,-237.6,,
53984,"8"" MATTRESS 180X200CM HD K/S LAT",2699,FURNITURE,MATTRESS,"King Size",1,0,-1,-2699,,
60380,"SERVING BOWL MELAMINE 10 INCHES ZHN G3201210",19.9,"HOUSEWARE & KITCHENWARE","MELAMINE WARE","MEL BOWL/BOWL+COVER",10,0,-10,-199,,
54361,"WASHING BRUSH CHAIRMAN P5220",4.9,"HOUSEWARE & KITCHENWARE","HOME HYGIENE","BROOM BRUSHES DUSTPANS",37,0,-37,-181.3,,
54507,"FANTA COCKTAIL PET 1.5L 6",23.99,SUPERMARKET,BEVERAGES,DRINKS,2,0,-2,-47.98,,
61527,"BETA MALT DRINK  PET BOTTLE 330ML 12",9.99,SUPERMARKET,BEVERAGES,DRINKS,6,0,-6,-59.94,,
61541,"RUSH ENERGY DRINK 350ML 12",4.99,SUPERMARKET,BEVERAGES,DRINKS,15,0,-15,-74.85,,
43020,"SHINE CRYSTAL FORK (50PCS)  40",8.99,SUPERMARKET,"HOME AND PERSONAL CARE",DISPOSABLE,40,0,-40,-359.6,,
61769,"ONGA CHICKEN TABLET 11GMS X 64PCS X  24 PACK",42.99,SUPERMARKET,"FOOD CUPBOARD",CONDIMENTS,3,0,-3,-128.97,,
43364,"COLGATE KIDS TP BUBBLE FRUIT (2-5YRS) 50ML  144",15.99,SUPERMARKET,"HOME AND PERSONAL CARE","ORAL CARE",3,0,-3,-47.97,,
55700,"MILO ACTIGEN E 800G 12",84.99,SUPERMARKET,BEVERAGES,"DRINKING POWDERS",18,0,-18,-1529.82,,
44018,"MADAR ANTIBACTERIAL HANDWASH ASSOTED 300ML 24",14.49,SUPERMARKET,"HOME AND PERSONAL CARE","PERSONAL WASH",14,0,-14,-202.86,,
49721,"SIBLOU LIGHT MEAT TUNA CHUNK IN RED CHILLI 160G 48",29.99,SUPERMARKET,"FOOD CUPBOARD","CANNED FOOD",47,0,-47,-1409.53,,
49728,"FA  ROLL-ON CARRIBEAN LEMON 50ML  24",23.49,SUPERMARKET,"HOME AND PERSONAL CARE",FRAGRANCES,16,0,-16,-375.84,,
44388,"AKAI GAS STOVE 3B GC015A-8301",419,"GAS COOKER & ACCESSORIES","GAS COOKER","TABLE TOP GAS STOVE",4,0,-4,-1676,,
63870,"CAMEL ANTI. SOAP COOLING MENTHOL 175G 36",15.49,SUPERMARKET,"HOME AND PERSONAL CARE","PERSONAL WASH",35,0,-35,-542.15,,
50387,"CLE FABRIC SOFTENER 500ML  12",13.49,SUPERMARKET,"HOME AND PERSONAL CARE","LAUNDRY CARE",5,0,-5,-67.45,,
50455,"TOP CHOCO BREAD SPREAD 370G 12",31.99,SUPERMARKET,"FOOD CUPBOARD","SPREADS AND TOPPING",16,0,-16,-511.84,,
56679,"CAMEL ANTISEPTIC LIME FRESH  1L  12",109.99,SUPERMARKET,"HOME AND PERSONAL CARE","HEALTH AND WELLNESS",4,0,-4,-439.96,,
63999,"NIVEA DEO ROLL ON FEMALE INVISIBLE  50ML  30",33.99,SUPERMARKET,"HOME AND PERSONAL CARE",FRAGRANCES,21,0,-21,-713.79,,
57039,"GREENWORLD MOSQUITO COIL NON-SMOKE   60",11.99,SUPERMARKET,"HOME AND PERSONAL CARE","INSECTICIDES AND RODENT CONTROL",49,0,-49,-587.51,,
64096,"YAZZ DUCHESS TOOTHBRUSH HARD BRISTLES  72",3.39,SUPERMARKET,"HOME AND PERSONAL CARE","ORAL CARE",3,0,-3,-10.17,,
51240,"COLGATE TOOTHBRUSH DOUBLE ACTION 120",8.99,SUPERMARKET,"HOME AND PERSONAL CARE","ORAL CARE",77,0,-77,-692.23,,
58151,"TOP CHOCO PURE COCOA POWDER 400G  6",99.99,SUPERMARKET,BEVERAGES,COFFEE,3,0,-3,-299.97,,
64531,"PURE HEAVEN MULTIFRUIT JUICE 1L 8",35.99,SUPERMARKET,BEVERAGES,JUICE,8,0,-8,-287.92,,
58699,"FLORA TABLE NAPKIN ASSORTED COLOURS (1X100X15)  15",6.99,SUPERMARKET,"HOME AND PERSONAL CARE",DISPOSABLE,15,0,-15,-104.85,,
64710,"CASTILLO DE LANDA TEMPRANILLO WINE  12 VOL 750ML",79.99,SUPERMARKET,"BEVERAGES ALCOHOLIC",WINES,26,0,-26,-2079.74,,
64713,"CASTILLO  DE LANDA  SHIRAZ WINE 12% VOL 750ML",69.99,SUPERMARKET,"BEVERAGES ALCOHOLIC",WINES,7,0,-7,-489.93,,
65112,"COLGATE BABY TP STRAWBERRY (0-2YRS) 50ML  144",15.99,SUPERMARKET,"HOME AND PERSONAL CARE","ORAL CARE",93,0,-93,-1487.07,,
22456,"SERVING BOWL MELAMINE 10 INCHES ZHN C012",19.9,"HOUSEWARE & KITCHENWARE","MELAMINE WARE","MEL BOWL/BOWL+COVER",25,0,-25,-497.5,,
36775,"FROSTY BITE ICE CREAM CHOCOLATE TUB 1800ML 1",64.99,SUPERMARKET,"FROZEN FOOD",ICE-CREAM,4,0,-4,-259.96,,
42283,"PELICAN XXX RUM 750ML 12",99.99,SUPERMARKET,"BEVERAGES ALCOHOLIC",RHUM,10,0,-10,-999.9,,
36782,"COLGATE MAX FRESH TOOTHPASTE 130ML 72",27.99,SUPERMARKET,"HOME AND PERSONAL CARE","ORAL CARE",3,0,-3,-83.97,,
36985,"IRISH SPRING ORIGINAL SOAP 106.3G (18X3PACK) 18",53.99,SUPERMARKET,"HOME AND PERSONAL CARE","PERSONAL WASH",-1,0,1,53.99,,
42441,"SWAN CUBES WHITE SUGAR 500G 50",17.99,SUPERMARKET,"FOOD CUPBOARD","SALT  SUGAR AND JAGGERY",13,0,-13,-233.87,,
23289,"TICTAC ORANGE 10.2G 60",6.99,SUPERMARKET,"FOOD CUPBOARD",CONFECTIONERY,58,0,-58,-405.42,,
31074,"ROYAL GALAXY WHITE SUGAR - 1KG  20",33.99,SUPERMARKET,"FOOD CUPBOARD","SALT  SUGAR AND JAGGERY",4,0,-4,-135.96,,
37652,"DEVA GLASS CLEANER 750ML  12",25.99,SUPERMARKET,"HOME AND PERSONAL CARE","HOUSEHOLD CLEANERS",4,0,-4,-103.96,,
32102,"EVERPACK ALUMINIUM FOIL 37.5FT  24",26.99,SUPERMARKET,"HOME AND PERSONAL CARE",DISPOSABLE,8,0,-8,-215.92,,
32410,"ZESTA STRAWBERRY TEA (25 X 1.8G)  12",23.99,SUPERMARKET,BEVERAGES,"FLAVOURED TEA",4,0,-4,-95.96,,
32593,"NIVEA BODY LOTION PERFECT & RADIANT  400ML 12",81.99,SUPERMARKET,"HOME AND PERSONAL CARE","SKIN CARE",10,0,-10,-819.9,,
32787,"EASY MOUZOO GUAVA TETRAPACK DRINK 200ML 27",5.49,SUPERMARKET,BEVERAGES,JUICE,24,0,-24,-131.76,,
26327,"BELPAK FUN NAPKIN  15",5.99,SUPERMARKET,"HOME AND PERSONAL CARE",DISPOSABLE,-3,0,3,17.97,,
32825,"BANETTI SMALL ELBOWS 500G  20",14.99,SUPERMARKET,"FOOD CUPBOARD","NOODLES AND SOUP",-3,0,3,44.97,,
33579,"FROSTY BITE ICE CREAM VANILLA TUB 550ML 6",22.49,SUPERMARKET,"FROZEN FOOD",ICE-CREAM,1,0,-1,-22.49,,
33580,"FROSTY BITE ICE CREAM CHOCOLATE TUB 550ML 6",22.49,SUPERMARKET,"FROZEN FOOD",ICE-CREAM,39,0,-39,-877.11,,
39985,"PRAN PINEAPPLE JUICE TETRA PACK 1L  12",22.99,SUPERMARKET,BEVERAGES,JUICE,10,0,-10,-229.9,,
26965,"ONGA TABLET  (64TABS X 11G) SHRIMP FLAVOR    24",42.99,SUPERMARKET,"FOOD CUPBOARD",CONDIMENTS,6,0,-6,-257.94,,
33893,"EVERPACK DISPOSABLE  CUPS 250CC (50PCS X 20PK)  20",21.99,SUPERMARKET,"HOME AND PERSONAL CARE",DISPOSABLE,11,0,-11,-241.89,,
21077,"HANGER SET 05PCS WOODEN ANTISHIP  L6611N RJK",59,"HOUSEWARE & KITCHENWARE",LAUNDARY,"CLOTH HANGERS",19,0,-19,-1121,,
28649,"SASSO INSECTICIDE SPRAY 300ML  24",46.99,SUPERMARKET,"HOME AND PERSONAL CARE","INSECTICIDES AND RODENT CONTROL",15,0,-15,-704.85,,
29079,"PRIVATE MISS TEEN PAD  (10X18) 18",17.49,SUPERMARKET,"HOME AND PERSONAL CARE","FEMININE CARE",7,0,-7,-122.43,,
35804,"ROYAL DADDY WHITE SUGAR 1KG 20",35.99,SUPERMARKET,"FOOD CUPBOARD","SALT  SUGAR AND JAGGERY",21,0,-21,-755.79,,
40614,"NOVA OCEAN PUREZONE BLUE 750ML  24",26.99,SUPERMARKET,"HOME AND PERSONAL CARE","HOUSEHOLD CLEANERS",1,0,-1,-26.99,,
29396,"BEL-AQUA NATURAL MINERAL WATER 1.5L 12",6.19,SUPERMARKET,BEVERAGES,"MINERAL WATER",1,0,-1,-6.19,,
29452,"CUSSONS BABY OIL SOFT & SMOOTH 200ML 24",20.49,SUPERMARKET,"HOME AND PERSONAL CARE","INFANT AND BABY CARE",18,0,-18,-368.82,,
86437,"WATER BOTTLE 900ML PLASTIC SPORTS PURO",9.9,"HOUSEWARE & KITCHENWARE","FLASK AND BOTTLES",BOTTLE,4,0,-4,-39.6,,
91433,"BECKY QUEEN GRAFIK & TIMES 250G  12",30.99,SUPERMARKET,"FOOD CUPBOARD","BREAKFAST CEREALS",9,0,-9,-278.91,,
88959,"SERVING BOWL MELAMINE 12 INCHES ZHN C60112",34.9,"HOUSEWARE & KITCHENWARE","MELAMINE WARE","MEL BOWL/BOWL+COVER",23,0,-23,-802.7,,
91532,"DETTOL SOAP EVEN TONE  160G  48",21.99,SUPERMARKET,"HOME AND PERSONAL CARE","PERSONAL WASH",40,0,-40,-879.6,,
91538,"DETTOL SOAP ORIGINAL 160G   48",21.99,SUPERMARKET,"HOME AND PERSONAL CARE","PERSONAL WASH",2,0,-2,-43.98,,
89208,"SCOURER PAD 5PCS SET SPONGE AP055 YWU",9.9,"HOUSEWARE & KITCHENWARE","HOME HYGIENE","SPONGE SCRUBBERS AND SCOURERS",7,0,-7,-69.3,,
89272,"TRAY 42X29CM BLACK PLASTIC JB18 YWU",26.9,"HOUSEWARE & KITCHENWARE",SERVEWARE,"SERVING TRAYS",22,0,-22,-591.8,,
86514,"NO 8 EXOTIC SNACKS 40G  72",1.09,SUPERMARKET,"FOOD CUPBOARD",SNACKS,73,0,-73,-79.57,,
89582,"MENTOS CHEWY DRAGEES FRUIT SACHET (50PCS) 135G  40",35.99,SUPERMARKET,"FOOD CUPBOARD",CONFECTIONERY,2,0,-2,-71.98,,
92104,"DISH RACK S SHAPE 2LAYER METAL HSWJTS2201 YWU",125,"HOUSEWARE & KITCHENWARE",KITCHENWARE,"DISH RACKS",9,0,-9,-1125,,
92371,"TWO IN ONE FUN SLATE TY 210",55,"TOYS AND ENTERTAINMENT","LEARNING AND EDUCATIONAL TOYS","WRITING TOOLS",4,0,-4,-220,,
90147,"FOOD COVER 28CM METAL YWU",12.9,"HOUSEWARE & KITCHENWARE",KITCHENWARE,"KITCHEN ACCESSORIES",18,0,-18,-232.2,,
85495,"BANETTI PASTA CHARLESTON 500G  20",14.99,SUPERMARKET,"FOOD CUPBOARD","PASTA AND SPAGHETTI",16,0,-16,-239.84,,
92726,"FRUIT BASKET 25X13CM METAL WIRE Y2018 YWU",65,"HOUSEWARE & KITCHENWARE","STORAGE AND ORGANIZER",BASKET,23,0,-23,-1495,,
85642,"DESERT SPOON LARGE  SINGLE PIECE  SC77",9.9,"HOUSEWARE & KITCHENWARE","CUTLERY ITEMS","SPOONS FORKS KNIFE AND CUTLERY SET",21,0,-21,-207.9,,
87909,"SERVING BOWL MELAMINE 11 INCHES ZHN B07711",24.9,"HOUSEWARE & KITCHENWARE","MELAMINE WARE","MEL BOWL/BOWL+COVER",31,0,-31,-771.9,,
87945,"COLGATE TP NATURAL EXTRACTS LEMON OIL 75ML  48",38.99,SUPERMARKET,"HOME AND PERSONAL CARE","ORAL CARE",40,0,-40,-1559.6,,
90565,"LELE TUNA FLAKES IN SOYA BEAN OIL 160G  24",18.99,SUPERMARKET,"FOOD CUPBOARD","CANNED FOOD",18,0,-18,-341.82,,
90601,"CURTAIN ROD SINGLE 120 TO 210 11009-210AB",119,"HOME DECOR & TEXTILES","CURTAIN RODS","CURTAIN RODS",27,0,-27,-3213,,
90608,"CURTAIN ROD SINGLE 120-210 11051-210PC",119,"HOME DECOR & TEXTILES","CURTAIN RODS","CURTAIN RODS",12,0,-12,-1428,,
90610,"CURTAIN ROD SINGLE 120-210 11062-210PC",119,"HOME DECOR & TEXTILES","CURTAIN RODS","CURTAIN RODS",6,0,-6,-714,,
85698,"AKAI LED LIGHT RECHARGEABLE LS024A-1032/LS030A",259,"ELECTRICAL APPLIANCES",LIGHTING/LAMPS,"TORCH/ LANTERN",9,0,-9,-2331,,
88061,"PEAK  FULL CREAM UHT MILK  500ML 12",22.99,SUPERMARKET,"FOOD CUPBOARD","MILK AND CREAMERS",12,0,-12,-275.88,,
90784,"DR MIGHTY  WC TOILET POWER BLOCKS BLUEB 4 IN 1  48",29.49,SUPERMARKET,"HOME AND PERSONAL CARE",FRESHENERS,43,0,-43,-1268.07,,
88403,"SAUCE BOTTLE 2PCS SET D8878813A YWU",9.9,"HOUSEWARE & KITCHENWARE",KITCHENWARE,"SAUCE/ VINEGAR/ BOTTLES AND SETS",10,0,-10,-99,,
71327,"MELCOM FACIAL TISSUES 2PLY 165S  36",11.49,SUPERMARKET,"HOME AND PERSONAL CARE",DISPOSABLE,16,0,-16,-183.84,,
75626,"WHYTEHALL HONEY WHISKY  1L  12",117.99,SUPERMARKET,"BEVERAGES ALCOHOLIC",WHISKEY,4,0,-4,-471.96,,
71448,"SERVING TRAY MELAMINE 16 INCHES ZHN B27016",39.9,"HOUSEWARE & KITCHENWARE","MELAMINE WARE","MEL TRAY",17,0,-17,-678.3,,
67430,"GINO TOMATO PASTE ( PILLOW PACK) 380G  24",16.99,SUPERMARKET,"FOOD CUPBOARD","TOMATO PASTE",25,0,-25,-424.75,,
67516,"SHINE FAMILY NAPKINS 1 PLY (100PCS X 15PK)  15",6.99,SUPERMARKET,"HOME AND PERSONAL CARE",DISPOSABLE,17,0,-17,-118.83,,
76087,"TOP CHOCO CHOCOLATE SPREAD 250G  18",23.49,SUPERMARKET,"FOOD CUPBOARD","SPREADS AND TOPPING",11,0,-11,-258.39,,
67755,"GALAXY BROWN NATURAL  SUGAR  BOTTLE 850G",34.99,SUPERMARKET,"FOOD CUPBOARD","SALT  SUGAR AND JAGGERY",6,0,-6,-209.94,,
71757,"PARIDOX ALATA SAMINA B&SGEL NONI 450ML  20",41.99,SUPERMARKET,"HOME AND PERSONAL CARE","PERSONAL WASH",21,0,-21,-881.79,,
68488,"BARON DE FRANC MEDIUM SWEET RED WINE 750ML  6",72.99,SUPERMARKET,"BEVERAGES ALCOHOLIC",WINES,4,0,-4,-291.96,,
82055,"CASTILLO REAL TINTO WINE 1L  12",47.99,SUPERMARKET,"BEVERAGES ALCOHOLIC",WINES,1,0,-1,-47.99,,
82186,"NASCO STANDING FAN 18"" 3 IN 1 FS4531",329,"ELECTRICAL APPLIANCES",FAN,"STANDING FAN",1,0,-1,-329,,
82385,"BINATONE INDUSTRIAL STANDING FAN 30"" HDF3020",2269,"ELECTRICAL APPLIANCES",FAN,"INDUSTRIAL FAN",6,0,-6,-13614,,
82391,"BINATONE AVR 5KVA DVS-5000",2369,"ELECTRICAL APPLIANCES",ELECTRICALS,AVR/AVS,2,0,-2,-4738,,
77928,"24PCS BIRTHDAY CANDLE",4.9,"TOYS AND ENTERTAINMENT","PARTY SUPPLIES","CANDLES AND CANDLE STAND",42,0,-42,-205.8,,
69544,"ROMAR AUTOM AIRFRESH REFILL ROSES 250ML  6",48.99,SUPERMARKET,"HOME AND PERSONAL CARE",FRESHENERS,5,0,-5,-244.95,,
69587,"MR KANNY CORNFLAKES IN BOX 500G 16",59.99,SUPERMARKET,"FOOD CUPBOARD","BREAKFAST CEREALS",30,0,-30,-1799.7,,
82783,"NUTRIBOM INFANT CEREAL BAG  MULTIGRAIN  200G 12",18.99,SUPERMARKET,"FOOD CUPBOARD","BABY FOOD",23,0,-23,-436.77,,
69759,"LELE KETCHUP UPSIDE DOWN 370G  24",19.99,SUPERMARKET,"FOOD CUPBOARD","SPREADS AND TOPPING",4,0,-4,-79.96,,
70101,"SUNLIGHT DISH WASHING LIQUID LEMON 400ML 24",27.99,SUPERMARKET,"HOME AND PERSONAL CARE","HOUSEHOLD CLEANERS",14,0,-14,-391.86,,
H0550,"L-ARTISAN MAPLE PECAN COOKIES",29.99,SUPERMARKET,BAKERY,COOKIES,1,0,-1,-29.99,,
I007,"LINOLEUM PVC FOAM THCK 1.2MM X 70"" X 30YDS BC",26.9,"HOME DECOR & TEXTILES","LINOLEUM CARPETS","LINOLEUM CARPET",126,0,-126,-3389.4,,
X887,"BIC 2BLADE LADY SHAVING STICK SACHET5  20",50.99,SUPERMARKET,"HOME AND PERSONAL CARE","FEMININE CARE",1,0,-1,-50.99,,
X989,"MEDISOFT SOAP PINK 90G 72",6.99,SUPERMARKET,"HOME AND PERSONAL CARE","PERSONAL WASH",33,0,-33,-230.67,,
N011,"LACTASOY CHOCOLATE SOYA MILK 125ML 60",7.49,SUPERMARKET,"FOOD CUPBOARD","MILK AND CREAMERS",54,0,-54,-404.46,,
N308,"CAMEL STANDARD LIQUID 250ML 24",29.99,SUPERMARKET,"HOME AND PERSONAL CARE","HEALTH AND WELLNESS",24,0,-24,-719.76,,
N637,"EVERPACK FORK PLASTIC 50PCS*60",7.99,SUPERMARKET,"HOME AND PERSONAL CARE",DISPOSABLE,27,0,-27,-215.73,,
N861,"CAMEL ZESTY LIME FRESH LIQUID 250ML 24",29.99,SUPERMARKET,"HOME AND PERSONAL CARE","HEALTH AND WELLNESS",15,0,-15,-449.85,,
X429,"IDEAL ORIGINAL EVAPORATED MILK 150G 24",10.89,SUPERMARKET,"FOOD CUPBOARD","MILK AND CREAMERS",10,0,-10,-108.9,,
X432,"CARNATION TEA CREAMER 150G 48",9.99,SUPERMARKET,"FOOD CUPBOARD","MILK AND CREAMERS",20,0,-20,-199.8,,
X438,"NESTLE CERELAC WHEAT TIN 400G 12",48.99,SUPERMARKET,"FOOD CUPBOARD","BREAKFAST CEREALS",13,0,-13,-636.87,,
X446,"NESCAFE CLASSIC 50G 48",58.99,SUPERMARKET,BEVERAGES,COFFEE,18,0,-18,-1061.82,,
X457,"CHOCOLIM 800GM  12",79.99,SUPERMARKET,BEVERAGES,"DRINKING POWDERS",10,0,-10,-799.9,,
X470,"BLUE BAND MARGARINE ORIGINAL 450G 24",38.99,SUPERMARKET,"FOOD CUPBOARD","SPREADS AND TOPPING",18,0,-18,-701.82,,
X612,"TITUS SARDINES IN VEGETABLE OIL 125G 50",16.99,SUPERMARKET,"FOOD CUPBOARD","CANNED FOOD",3,0,-3,-50.97,,
D711,"GEISHA MACKEREL 425G 24 (12-225)",25.99,SUPERMARKET,"FOOD CUPBOARD","CANNED FOOD",8,0,-8,-207.92,,
95761,"AMALFI SHAMPOO KERATIN ANTI DANDRUFF SPA 750ML  16",32.99,SUPERMARKET,"HOME AND PERSONAL CARE","HAIR CARE",5,0,-5,-164.95,,
97692,"LA SALUD NEUTRAL HOUSEHOLD CLEANER 1.5L 8",40.99,SUPERMARKET,"HOME AND PERSONAL CARE","HOUSEHOLD CLEANERS",-1,0,1,40.99,,
97697,"LA SALUD MARBEL & CERAMIC CLEANSER 1.5L 8",47.49,SUPERMARKET,"HOME AND PERSONAL CARE","HOUSEHOLD CLEANERS",6,0,-6,-284.94,,
97968,"SATNAM INSECT REPELLENT LAVENDER 141.7GM  48",18.99,SUPERMARKET,"HOME AND PERSONAL CARE","INSECTICIDES AND RODENT CONTROL",38,0,-38,-721.62,,
99499,"KITCHEN SPONGE AND SCRUBBER 10PCS FW826 YWU",22.9,"HOUSEWARE & KITCHENWARE","HOME HYGIENE","SPONGE SCRUBBERS AND SCOURERS",12,0,-12,-274.8,,
96074,"NASCO CHEST FREEZER SD 200L NAS-250FL",3149,"ELECTRICAL APPLIANCES",FREEZER,"SINGLE DOOR FREEZER",1,0,-1,-3149,,
98013,"RAINBOW CONTAINER RECT 7PCS SET PLASTIC 7065-7",29.9,"HOUSEWARE & KITCHENWARE","STORAGE AND ORGANIZER","STORAGE CONTAINERS",1,0,-1,-29.9,,
99721,"SOLDIER MENTHOLATED BALM 60ML  6",15.49,SUPERMARKET,"HOME AND PERSONAL CARE","HEALTH AND WELLNESS",1,0,-1,-15.49,,
94193,"CUP WSWIRL LID AND STRAW KIDS PLASTIC 42215801 YWU",9.9,"HOUSEWARE & KITCHENWARE","FLASK AND BOTTLES","CUPS AND TUMBLERS",3,0,-3,-29.7,,
94240,"MADAR ZONE BLEACH 1L  12",19.99,SUPERMARKET,"HOME AND PERSONAL CARE","HOUSEHOLD CLEANERS",7,0,-7,-139.93,,
96111,"NIVEA LIP BALM HUDRO CARE  4.8G  12",37.99,SUPERMARKET,"HOME AND PERSONAL CARE","SKIN CARE",15,0,-15,-569.85,,
96181,"PAPILION BABY COTTON BUDS 60PCS   144",15.99,SUPERMARKET,"HOME AND PERSONAL CARE","INFANT AND BABY CARE",23,0,-23,-367.77,,
A901,"CONDOR PEAK BLANC WINE 750ML 12",79.99,SUPERMARKET,"BEVERAGES ALCOHOLIC",WINES,25,0,-25,-1999.75,,
A974,"KASAPREKO DRY GIN 750ML 12",45.99,SUPERMARKET,"BEVERAGES ALCOHOLIC","GIN .",12,0,-12,-551.88,,
94851,"NIVEA Q10+VITAMIN C FIRMING LOTION 400ML  12",99.99,SUPERMARKET,"HOME AND PERSONAL CARE","SKIN CARE",11,0,-11,-1099.89,,
98453,"WC NET GEL CRYSTAL TOILET CLEANER CITRUS 750ML  12",57.99,SUPERMARKET,"HOME AND PERSONAL CARE","HOUSEHOLD CLEANERS",4,0,-4,-231.96,,
CL014,"STOOL SMALL 41CMX33CMX26CM",39.9,"HOUSEWARE & KITCHENWARE","HOUSE HOLD PRODUCTS","STOOL PLASTIC",2,0,-2,-79.8,,
CL152,"BUCKET WITH LID 25LTR 38CMX39CM",59,"HOUSEWARE & KITCHENWARE",LAUNDARY,"BUCKETS AND BASINS",6,0,-6,-354,,
96821,"DOVE MEN ROLL ON COOL FRESH 50ML 6",24.99,SUPERMARKET,"HOME AND PERSONAL CARE",FRAGRANCES,8,0,-8,-199.92,,
98479,"AMALFI HAND SOAP PINA COLADA  500ML  12",25.99,SUPERMARKET,"HOME AND PERSONAL CARE","PERSONAL WASH",11,0,-11,-285.89,,
CL588,"QUEEN OF CASSROLE 1350ML 24CMX19CMX12CM",24.9,"HOUSEWARE & KITCHENWARE",SERVEWARE,CASSEROLES,9,0,-9,-224.1,,
98541,"GETTOL ANTISEPTIC LEMON 500ML  24",33.99,SUPERMARKET,"HOME AND PERSONAL CARE","HEALTH AND WELLNESS",25,0,-25,-849.75,,
98547,"GETTOL ANTISEPTIC LEMON 125ML  48",9.99,SUPERMARKET,"HOME AND PERSONAL CARE","HEALTH AND WELLNESS",37,0,-37,-369.63,,
CL693,"TIARA BOWL WLID 2800ML 25CMX22CMX10CM",18.9,"HOUSEWARE & KITCHENWARE",SERVEWARE,"SERVING BOWL",18,0,-18,-340.2,,
CL699,"BOWL FUFU 2000ML 23CMX22CMX9CM",5.9,"HOUSEWARE & KITCHENWARE",SERVEWARE,"SERVING BOWL",16,0,-16,-94.4,,
CL703,"TIARA BOWL WITH LID 3PCS SET 1000ML 1700ML 2800ML",49.9,"HOUSEWARE & KITCHENWARE",SERVEWARE,"SERVING BOWL",7,0,-7,-349.3,,
CL724,"SWING BIN 40LTR 38CMX38CMX68CM",99,"HOUSEWARE & KITCHENWARE","HOME HYGIENE",DUSTBINS,-1,0,1,99,,
CL728,"CONTAINER KEEP FRESH ROUND 3200 ML 20CMX12.5CM",12.9,"HOUSEWARE & KITCHENWARE","STORAGE AND ORGANIZER","STORAGE CONTAINERS",6,0,-6,-77.4,,
CL740,"BUCKET 5LTR OPAQUE 21CMX23CM",12.9,"HOUSEWARE & KITCHENWARE",LAUNDARY,"BUCKETS AND BASINS",15,0,-15,-193.5,,
CL742,"OHEMA CASSEROLE 1000ML 23CMX18CMX14CM",18.9,"HOUSEWARE & KITCHENWARE",SERVEWARE,CASSEROLES,13,0,-13,-245.7,,
CL744,"OHEMA CASSEROLE 3000ML 32CMX25CMX18CM",36.9,"HOUSEWARE & KITCHENWARE",SERVEWARE,CASSEROLES,3,0,-3,-110.7,,
CL760,"CRISPER CONTAINER RND 3750ML 20CMX17CM",14.9,"HOUSEWARE & KITCHENWARE","STORAGE AND ORGANIZER","STORAGE CONTAINERS",7,0,-7,-104.3,,
95464,"CHRISTMAS HAT",25.9,"HOME DECOR & TEXTILES","XMAS SEASONAL","xmas season",90,0,-90,-2331,,
97248,"SAIRO SHOWER GEL INTENSE 600ML  12",26.99,SUPERMARKET,"HOME AND PERSONAL CARE","PERSONAL WASH",1,0,-1,-26.99,,
CL763,"CRISPER CONTAINER 4PCS SET 2000 3750 6000 9000ML",69,"HOUSEWARE & KITCHENWARE","STORAGE AND ORGANIZER","STORAGE CONTAINERS",3,0,-3,-207,,
95692,"ODEX BLEACH  LEMON 4L  4",93.99,SUPERMARKET,"HOME AND PERSONAL CARE","HOUSEHOLD CLEANERS",1,0,-1,-93.99,,
95700,"AMALFI BABY SHAM.BABY ARGAN INTENSE SHINE 750ML 16",32.99,SUPERMARKET,"HOME AND PERSONAL CARE","HAIR CARE",17,0,-17,-560.83,,
00363,"ZWAN CHICKEN LUNCHEON MEAT 200G 12",37.99,SUPERMARKET,"FOOD CUPBOARD","CANNED FOOD",12,0,-12,-455.88,,
00380,"CERES MANGO JUICE 200ML 24",12.99,SUPERMARKET,BEVERAGES,JUICE,31,0,-31,-402.69,,
03645,"LACTASOY PLAIN SOYA MILK 1L 12",41.99,SUPERMARKET,"FOOD CUPBOARD","MILK AND CREAMERS",8,0,-8,-335.92,,
03826,"BLUE BAND MARGARINE SPREAD 450G 24",25.99,SUPERMARKET,"FOOD CUPBOARD","SPREADS AND TOPPING",11,0,-11,-285.89,,
03076,"WEETABIX CEREAL ORIGINAL 450G 14",89.99,SUPERMARKET,"FOOD CUPBOARD","BREAKFAST CEREALS",11,0,-11,-989.89,,
04421,"ELECTROLUX KETTLE 1.7L 2200W EEWA3330",599,"ELECTRICAL APPLIANCES",KETTLE,"PLASTIC KETTLE",1,0,-1,-599,,
06975,"MAGGI SHRIMP TAB  (60*10G) 24",41.99,SUPERMARKET,"FOOD CUPBOARD",CONDIMENTS,11,0,-11,-461.89,,
07014,"YAZZ WASHING POWDER 1KG 10",39.99,SUPERMARKET,"HOME AND PERSONAL CARE","LAUNDRY CARE",4,0,-4,-159.96,,
05200,"DOVE ROLL-ON INVISIBLE DRY 50ML 6",24.99,SUPERMARKET,"HOME AND PERSONAL CARE",FRAGRANCES,15,0,-15,-374.85,,
08473,"CAPEL APPLE NON ALCOHOLIC SPARKLING WINE 750ML  6",56.99,SUPERMARKET,"BEVERAGES ALCOHOLIC",WINES,7,0,-7,-398.93,,
100031,"NANA-S RICE LONG GRAIN RICE 5% BROKENNESS 4.5KG 5",140.99,SUPERMARKET,"FOOD CUPBOARD","RAW RICE",6,0,-6,-845.94,,
100969,"CURTAIN POLYESTER 52X84  WHANGER DRTH194",129,"HOME DECOR & TEXTILES",CURTAINS,"GROMMET CURTAINS",9,0,-9,-1161,,
101017,"CURTAIN POLYESTER 52X84"" W/HANGER ZGB097",199,"HOME DECOR & TEXTILES",CURTAINS,"GROMMET CURTAINS",18,0,-18,-3582,,
100815,"DINNER KNIFE 6PCS 102KN",9.9,"HOUSEWARE & KITCHENWARE","CUTLERY ITEMS","SPOONS FORKS KNIFE AND CUTLERY SET",49,0,-49,-485.1,,
101951,"CONTAINER RECTANGULAR SET OF 7PCS PLASTIC 5667-7",29.9,"HOUSEWARE & KITCHENWARE","STORAGE AND ORGANIZER","STORAGE CONTAINERS",4,0,-4,-119.6,,
102518,"MOMEASY WIDE NECK FEEDING BOTTLE 8OZ W/HANDLE",39,"TOYS AND ENTERTAINMENT",INFANTS,FEEDING,4,0,-4,-156,,
102928,"AQUALIS BEAUTY SOAP MILK 460G  16",27.99,SUPERMARKET,"HOME AND PERSONAL CARE","PERSONAL WASH",1,0,-1,-27.99,,
103492,"AMALFI SHOWER GEL MINERAL CREAM 750ML  16",30.99,SUPERMARKET,"HOME AND PERSONAL CARE","PERSONAL WASH",16,0,-16,-495.84,,
102966,"BELAIR AIR FRESHENER ROSE 150ML  36",11.99,SUPERMARKET,"HOME AND PERSONAL CARE",FRESHENERS,32,0,-32,-383.68,,
103063,"DAY BY DAY SHOWER GEL MEN FRESH CLEAN 500ML  24",22.99,SUPERMARKET,"HOME AND PERSONAL CARE","PERSONAL WASH",13,0,-13,-298.87,,
103066,"DAY BY DAY LOTION MEN SPORT 500ML  24",25.99,SUPERMARKET,"HOME AND PERSONAL CARE","SKIN CARE",3,0,-3,-77.97,,
103067,"FOREVER YOUNG SHOWER GEL 800ML  12",47.99,SUPERMARKET,"HOME AND PERSONAL CARE","PERSONAL WASH",6,0,-6,-287.94,,
103816,"HYSON DETOX TEA 15S 225G 24",43.99,SUPERMARKET,BEVERAGES,TEA,10,0,-10,-439.9,,
104907,"PLATINUM VEGETABLE PALM OIL 900ML  12",44.99,SUPERMARKET,"FOOD CUPBOARD","EDIBLE OILS AND GHEE",12,0,-12,-539.88,,
104623,"SERVING TRAY 17INCHES MELAMINE TY0063 YWU",26.9,"HOUSEWARE & KITCHENWARE","MELAMINE WARE","MEL TRAY",19,0,-19,-511.1,,
104671,"ORAL B KID TB PRINCESS (3-5 YEARS)   96",44.99,SUPERMARKET,"HOME AND PERSONAL CARE","ORAL CARE",66,0,-66,-2969.34,,
106182,"VOLTPLUS MULTI ADAPTOR VP-DFA5",29,"ELECTRICAL APPLIANCES",ELECTRICALS,"ELE ACCESSORIES",31,0,-31,-899,,
106991,"AQUALIS LUXURY BATH SOAP APRICOT 300G   24",17.99,SUPERMARKET,"HOME AND PERSONAL CARE","PERSONAL WASH",2,0,-2,-35.98,,
106997,"AQUALIS BLACK SOAP 200G   36",11.99,SUPERMARKET,"HOME AND PERSONAL CARE","PERSONAL WASH",7,0,-7,-83.93,,
107115,"TELON GREEN TEA&MINT  60G  12",29.99,SUPERMARKET,BEVERAGES,TEA,5,0,-5,-149.95,,
107857,"MATA NATURAL HONEY 400G  12",44.99,SUPERMARKET,"FOOD CUPBOARD","HONEY  JAM AND MARMALADE",11,0,-11,-494.89,,
107785,"GREEN WORLD  EXTRA KILLER INSECTICIDE 750ML  12",64.99,SUPERMARKET,"HOME AND PERSONAL CARE","INSECTICIDES AND RODENT CONTROL",8,0,-8,-519.92,,
117262,"DOMS COLOURED ERASERS 20PCS 7246",6.9,STATIONERY,"GENERAL STATIONERY","   WRITING SUPPLIES",10,0,-10,-69,,
115165,"VOLTPLUS EXTENSION SOCKET 3WAY 2M VP-EC3W2M1S",119,"ELECTRICAL APPLIANCES",ELECTRICALS,"EXTENSION CORD",16,0,-16,-1904,,
117587,"BEATER PLASTIC URVE UR-3004",4.9,"HOUSEWARE & KITCHENWARE","KITCHEN TOOLS AND CULTARY","WHISKER BEATER AND MIXERS",2,0,-2,-9.8,,
115169,"VOLTPLUS EXTENSION SOCKET 4W2M SW+USB VP-EC4W2MMSU",189,"ELECTRICAL APPLIANCES",ELECTRICALS,"EXTENSION CORD",35,0,-35,-6615,,
115428,"MRS BECTORS TRUFILLS CHOCO FILLED 40G  144",4.49,SUPERMARKET,"FOOD CUPBOARD",BISCUITS,90,0,-90,-404.1,,
118287,"FARAGELLO GOLD GRAPE NECTAR BOTTLE 250ML  24",11.99,SUPERMARKET,BEVERAGES,JUICE,5,0,-5,-59.95,,
109790,"INDOMIE TASTY CHICKEN NOODLES 70G 44",5.49,SUPERMARKET,"FOOD CUPBOARD","NOODLES AND SOUP",23,0,-23,-126.27,,
109868,"101 FAIRY TALES BOOK",35.99,STATIONERY,"CHILDREN BOOKS AND GEN REF","BOOKS AND LEARNINGS",7,0,-7,-251.93,,
111751,"NUTRIBOM INFANT CEREAL PAPER BOXMULTIGRAIN 300G 16",27.99,SUPERMARKET,"FOOD CUPBOARD","BABY FOOD",6,0,-6,-167.94,,
113725,"SERVING BOWL MELAMINE 11 INCHES FEILU 5011",19.9,"HOUSEWARE & KITCHENWARE","MELAMINE WARE","MEL BOWL/BOWL+COVER",9,0,-9,-179.1,,
114166,"MADAR RENZO DISHWASH LEMON 2L  6",57.99,SUPERMARKET,"HOME AND PERSONAL CARE","HOUSEHOLD CLEANERS",12,0,-12,-695.88,,
110733,"LA VONCE TOMATO PASTE TIN 2.2KG  6",59.99,SUPERMARKET,"FOOD CUPBOARD",CONDIMENTS,7,0,-7,-419.93,,
112461,"CONTAINER TALL PLASTIC 5677",19.9,"HOUSEWARE & KITCHENWARE","STORAGE AND ORGANIZER","STORAGE CONTAINERS",2,0,-2,-39.8,,
122795,"BATHROOM CORNER SHELF 3 LAYER PLASTIC UR-3077",59,"HOUSEWARE & KITCHENWARE",BATHROOM,"BATHROOM SHELF RACKS HOLDERS",8,0,-8,-472,,
122803,"LUNCH BOX KIDS PLASTIC UR-3323",19.9,"HOUSEWARE & KITCHENWARE","STORAGE AND ORGANIZER","LUNCH BOXES TIFFINS AND FOOD FLASK",1,0,-1,-19.9,,
125177,"NASCO AC SPLIT 2HP R410 NAS-M18N1-MIRROR",8799,"ELECTRICAL APPLIANCES","AIR CONDITIONING","SPLIT AC",1,0,-1,-8799,,
124075,"MOP&BUCKET SET PLASTIC 1909197",199,"HOUSEWARE & KITCHENWARE","HOME HYGIENE","MOPPING AND WIPING",1,0,-1,-199,,
125275,"AIRPRO MINI CLIP A/REFRSHNER BLOSSOM 2.5ML 6",20.49,SUPERMARKET,"HOME AND PERSONAL CARE",FRESHENERS,8,0,-8,-163.92,,
122993,"BINATONE STEAM IRON 2200W SI 2225",439,"ELECTRICAL APPLIANCES","LINEN CARE","STEAM IRONS",1,0,-1,-439,,
122219,"AIRPRO AIRFRSHNER ORG. CAN CHERRY LUCIOUS 42G 24",39.99,SUPERMARKET,"HOME AND PERSONAL CARE",FRESHENERS,10,0,-10,-399.9,,
124706,"AYIKOO NAPKIN 100PCS   15",5.99,SUPERMARKET,"HOME AND PERSONAL CARE",DISPOSABLE,15,0,-15,-89.85,,
124707,"AYIKOO TOILET ROLL MEGA 10S PACK   7",36.99,SUPERMARKET,"HOME AND PERSONAL CARE",DISPOSABLE,7,0,-7,-258.93,,
122284,"TOOTHPICK W/SOLID CASE",4.9,"HOUSEWARE & KITCHENWARE","HOUSE HOLD PRODUCTS","HOUSE HOLD",31,0,-31,-151.9,,
123466,"CONTAINER TALL SQ. 5400ML 20X20X21CM PP13811",12.9,"HOUSEWARE & KITCHENWARE","STORAGE AND ORGANIZER","STORAGE CONTAINERS",1,0,-1,-12.9,,
124886,"SOAP DISH WSUCTION CUP TITIZ PVC SSPD TP237",4.9,"HOUSEWARE & KITCHENWARE",BATHROOM,"SOAP DISH CASE DISPENSERS",1,0,-1,-4.9,,
119651,"MUTLU CAVATAPPI  MACARONI 400G  20",11.99,SUPERMARKET,"FOOD CUPBOARD","NOODLES AND SOUP",8,0,-8,-95.92,,
119666,"KELLOGGS CORNFLAKES 45G  100",6.49,SUPERMARKET,"FOOD CUPBOARD","BREAKFAST CEREALS",105,0,-105,-681.45,,
119794,"SABA MULTIPURPOSE LIQUID 750ML  12",23.99,SUPERMARKET,"HOME AND PERSONAL CARE","HOUSEHOLD CLEANERS",12,0,-12,-287.88,,
120383,"BELPAK MAX PAPER KITCHEN TOWEL (1 X6 ROLLS)  6",42.49,SUPERMARKET,"HOME AND PERSONAL CARE",DISPOSABLE,5,0,-5,-212.45,,
119311,"REXONA ROLL ON  SHOWER FRESH  50ML  6",22.99,SUPERMARKET,"HOME AND PERSONAL CARE",FRAGRANCES,5,0,-5,-114.95,,
132156,"MAT ANTI-SLIP 30X150CM GS220721D",5.9,"HOME DECOR & TEXTILES","HOME FURNISHING","BATH LINEN",9,0,-9,-53.1,,
131047,"BREF WC BLOCK POWERACTIVE PINE DUO 10",65.99,SUPERMARKET,"HOME AND PERSONAL CARE",FRESHENERS,1,0,-1,-65.99,,
131128,"SPONGE MULTI-PURPOSE ESFRELUX 4PCS 001.0765",2.9,"HOUSEWARE & KITCHENWARE","HOME HYGIENE","SPONGE SCRUBBERS AND SCOURERS",10,0,-10,-29,,
129822,"ROPE POLYPROPYLENE 8MMX10M YWU",9.9,"HOUSEWARE & KITCHENWARE",LAUNDARY,"CLOTH LINE/ STRING",3,0,-3,-29.7,,
132705,"DZIRE HOT PLATE SINGLE 1000W HPSS1000-6122A",129,"ELECTRICAL APPLIANCES","HOTPLATE  BBQ  GRILL","HOT PLATE",3,0,-3,-387,,
132712,"DZIRE HOT PLATE SINGLE 1000W HAND HPSSH1000-8100AS",185,"ELECTRICAL APPLIANCES","HOTPLATE  BBQ  GRILL","HOT PLATE",8,0,-8,-1480,,
131639,"CAKE FONDANT CUTTER 3PCS SET A8109",1.9,"HOUSEWARE & KITCHENWARE",BAKEWARE,MOULDS,-10,0,10,19,,
13203,"KONKORD IODIZED SALT 500G 50",4.49,SUPERMARKET,"FOOD CUPBOARD","SALT  SUGAR AND JAGGERY",61,0,-61,-273.89,,
130798,"TOREN MILK CHOCO  COATED WAFER COCOA CREAM 38G 144",6.29,SUPERMARKET,"FOOD CUPBOARD",BISCUITS,109,0,-109,-685.61,,
129589,"FARAGELLO GOLD PINEAPPLE NECTAR TETRAPACK 250ML 27",7.99,SUPERMARKET,BEVERAGES,JUICE,13,0,-13,-103.87,,
129612,"OPENER CHEF DESIGN YWU",4.9,"HOUSEWARE & KITCHENWARE","CUTLERY ITEMS",OPENERS,19,0,-19,-93.1,,
126213,"AIRPRO MINI CLIP AIRREFRSHENER PARADISE  2.5ML 6",20.49,SUPERMARKET,"HOME AND PERSONAL CARE",FRESHENERS,6,0,-6,-122.94,,
125303,"SHINE 10 PACK SINGLE WRAPPED TOILET PAPER   1",46.99,SUPERMARKET,"HOME AND PERSONAL CARE",DISPOSABLE,1,0,-1,-46.99,,
126220,"AIRPRO  AIRREFRSHNER ORGANIC CAN  NEW CAR 42G 24",39.99,SUPERMARKET,"HOME AND PERSONAL CARE",FRESHENERS,19,0,-19,-759.81,,
129135,"TOY FLASHING TOP KIDZ 66000",19.9,"TOYS AND ENTERTAINMENT","BACKYARD PLAY","CATCHER AND SLING SHOTS",14,0,-14,-278.6,,
12699,"EVERPACK PICNIC TABLE NAPKIN   15",8.49,SUPERMARKET,"HOME AND PERSONAL CARE",DISPOSABLE,7,0,-7,-59.43,,
127067,"AKAI STEAM IRON 2200W CERAMIC EI049A-281",299,"ELECTRICAL APPLIANCES","LINEN CARE","STEAM IRONS",4,0,-4,-1196,,
138815,"BALL PEN PROXIMA 25PC JAR BLACK DOMS 8658",28.9,STATIONERY,"GENERAL STATIONERY","   WRITING SUPPLIES",3,0,-3,-86.7,,
141434,"LADDLE PIPE HANDLE 9  59053",9.9,"HOUSEWARE & KITCHENWARE","KITCHEN TOOLS AND CULTARY","COOKING TOOL LADLES AND SERVERS",5,0,-5,-49.5,,
139760,"MUG 330ML CERAMIC WSILVER LINE YWU",14.9,"HOUSEWARE & KITCHENWARE",DINNERWARE,MUGS,35,0,-35,-521.5,,
138785,"LG LED TV 32"" SMART 32LQ630B6LB/32LQ600BPTA",4079,"ELECTRONICS & TELECOM","LED TV","SMART TV",1,0,-1,-4079,,
13476,"LELE THAI RICE 5KG 5",210.99,SUPERMARKET,"FOOD CUPBOARD","RAW RICE",12,0,-12,-2531.88,,
133972,"BEL ICE ALC. LEMON FLAVOURED DRINK 5.5% 330ML 24",8.49,SUPERMARKET,"BEVERAGES ALCOHOLIC",CIDER,16,0,-16,-135.84,,
136091,"KIRKLAND PREMIUM TOWEL 12 ROLLS  12",61.99,SUPERMARKET,"HOME AND PERSONAL CARE",DISPOSABLE,3,0,-3,-185.97,,
133980,"BACKPACK PVC 29CM KL11492",49,STATIONERY,"SCHOOL AND CHILDREN STATIONERY",BACKPACKS,2,0,-2,-98,,
134095,"PRIVATE X-THIN NIGHT ECO 14X9",23.99,SUPERMARKET,"HOME AND PERSONAL CARE","FEMININE CARE",9,0,-9,-215.91,,
134319,"PRIVATE MAXI POCKET SUPER 9 X 12",15.49,SUPERMARKET,"HOME AND PERSONAL CARE","FEMININE CARE",1,0,-1,-15.49,,
134321,"PRIVATE MAXI POCKET NIGHT ECO 16 X 6",30.49,SUPERMARKET,"HOME AND PERSONAL CARE","FEMININE CARE",2,0,-2,-60.98,,
134388,"MCBERRY FRENCH DONUTS 35G  144",2.49,SUPERMARKET,"FOOD CUPBOARD",SNACKS,49,0,-49,-122.01,,
135407,"SALAD BOWL 7  WHITE 7SBGGK LPRO RJK",19.9,"HOUSEWARE & KITCHENWARE",DINNERWARE,BOWLS,36,0,-36,-716.4,,
149290,"CERES NECTAR MULTIFRUT FUS JUICE DRINK 1L 12",34.99,SUPERMARKET,BEVERAGES,JUICE,7,0,-7,-244.93,,
14821,"DEVA SOFTENER FLORAL 1000ML 12 10501",43.49,SUPERMARKET,"HOME AND PERSONAL CARE","HOUSEHOLD CLEANERS",9,0,-9,-391.41,,
14826,"DEVA SOFTENER FLORAL 2L   6",83.99,SUPERMARKET,"HOME AND PERSONAL CARE","LAUNDRY CARE",1,0,-1,-83.99,,
14827,"DEVA SOFTENER  LAVENDER 2L  6",82.99,SUPERMARKET,"HOME AND PERSONAL CARE","LAUNDRY CARE",2,0,-2,-165.98,,
149364,"MONT NATURAL MINERAL WATER 500ML 15",1.99,SUPERMARKET,BEVERAGES,"MINERAL WATER",56,0,-56,-111.44,,
149371,"NASCO FRIDGE DD COMBI 106L NASD2-10FL",2399,"ELECTRICAL APPLIANCES",REFRIGERATOR,"DD BMF REFRIGERATOR",1,0,-1,-2399,,
148279,"BELPAK  PERFUMED T-ROLL (LAVENDER)   6",43.99,SUPERMARKET,"HOME AND PERSONAL CARE",DISPOSABLE,5,0,-5,-219.95,,
148384,"SHOPPING BASKET HANDY IRONWOOD F10293 RJK",129,"HOUSEWARE & KITCHENWARE","STORAGE AND ORGANIZER",BASKET,3,0,-3,-387,,
149500,"CAN OPENER SOFTGRIP SSTEEL BLACK BRKG001 YWU",59,"HOUSEWARE & KITCHENWARE","CUTLERY ITEMS",OPENERS,5,0,-5,-295,,
147687,"ENERGIZER BATTERY MAX AABP8",115,"ELECTRICAL APPLIANCES",BATTERIES,BATTERY,5,0,-5,-575,,
149626,"WALL CLOCK 23X23X4CM ZX-9465",59,"HOME DECOR & TEXTILES","HOME DECOR","WallANDTable Decor",3,0,-3,-177,,
148003,"OCEAN GAS COOKER 4B 60X60 GRIL BLK MGCO 6640 NMXCZ",3979,"GAS COOKER & ACCESSORIES","GAS COOKER","FREE STANDING GAS COOKER",1,0,-1,-3979,,
145810,"BELPAK COMFORT T- ROLL 10 ROLLS     6",38.99,SUPERMARKET,"HOME AND PERSONAL CARE",DISPOSABLE,2,0,-2,-77.98,,
143032,"AKAI INSECT KILLER 2X20W IK005A-2X20W",599,"ELECTRICAL APPLIANCES",ELECTRICALS,"ELE ACCESSORIES",8,0,-8,-4792,,
144851,"CONTAINER CROMA BIG W LID P  8459",9.9,"HOUSEWARE & KITCHENWARE","STORAGE AND ORGANIZER","STORAGE CONTAINERS",1,0,-1,-9.9,,
14506,"PAPYRUS NAPKIN 100X15",6.79,SUPERMARKET,"HOME AND PERSONAL CARE",DISPOSABLE,4,0,-4,-27.16,,
145179,"SINK DRAINER ADJUSTABLE EXTENDABLE PICNIC 3146",9.9,"HOUSEWARE & KITCHENWARE",KITCHENWARE,"KITCHEN ACCESSORIES",3,0,-3,-29.7,,
147134,"PLATINUM SUNFLOWER OIL 850ML X 12",34.99,SUPERMARKET,"FOOD CUPBOARD","EDIBLE OILS AND GHEE",28,0,-28,-979.72,,
14716,"EASY MOUZOO PINEAPPLE TETRAPACK JUICE 1L 12",23.99,SUPERMARKET,BEVERAGES,JUICE,7,0,-7,-167.93,,
154771,"ASEDA BROWN RICE 2KG 10",92.99,SUPERMARKET,"FOOD CUPBOARD","RAW RICE",1,0,-1,-92.99,,
155865,"SPRAY BOTTLE OIL 245CC C-00518",19.9,"HOUSEWARE & KITCHENWARE","FLASK AND BOTTLES",BOTTLE,12,0,-12,-238.8,,
156676,"BATH SCRUBBER COTTON AND LINEN YWU",16.9,"HOUSEWARE & KITCHENWARE",BATHROOM,"BATH BRUSH SPONGES SCOURERS",4,0,-4,-67.6,,
154563,"VOLTPLUS AVS FRIDGE GUARD 13A VPFG13A-2125",149,"ELECTRICAL APPLIANCES",ELECTRICALS,AVR/AVS,20,0,-20,-2980,,
156226,"CASTILLO DE LANDA SWEET RED WINE 11% VOL 750ML 12",79.99,SUPERMARKET,"BEVERAGES ALCOHOLIC",WINES,5,0,-5,-399.95,,
156280,"MOLINERA SUGARFREE REDGRAPE JUICE 1L 12",33.49,SUPERMARKET,BEVERAGES,JUICE,25,0,-25,-837.25,,
157462,"CROWNSTAR COOKWARE 6PC SET MC2228 RK",349,"HOUSEWARE & KITCHENWARE",COOKWARE,"COOKWARE SET",2,0,-2,-698,,
153019,"FLAMINGO SOFT NAPKIN  15",7.99,SUPERMARKET,"HOME AND PERSONAL CARE",DISPOSABLE,8,0,-8,-63.92,,
153196,"SERVING BOWL MELAMINE 8 INCHES FEILU 143116",19.9,"HOUSEWARE & KITCHENWARE","MELAMINE WARE","MEL BOWL/BOWL+COVER",6,0,-6,-119.4,,
150603,"KISS PANACHE RASPERRY CITRUS 0.5% BEER 330ML 24",11.59,SUPERMARKET,"BEVERAGES ALCOHOLIC","CAN BEER",16,0,-16,-185.44,,
150650,"FROSTY BITE FANTASY SALTED CARAMEL 90G",19.49,SUPERMARKET,"FROZEN FOOD",ICE-CREAM,93,0,-93,-1812.57,,
152252,"H&H RICH TEA SANDWICH VANILA CREAMS 32G  72",1.39,SUPERMARKET,"FOOD CUPBOARD",BISCUITS,2,0,-2,-2.78,,
163132,"AKAI STEAM IRON 1600W EI050A-278D",209,"ELECTRICAL APPLIANCES","LINEN CARE","STEAM IRONS",10,0,-10,-2090,,
164274,"FROSTY BITE VANILLA TUB 250ML 12",13.49,SUPERMARKET,"FROZEN FOOD",ICE-CREAM,7,0,-7,-94.43,,
164568,"AVSAR FLAVOURED WATER COOL LIME 200ML 24",10.99,SUPERMARKET,BEVERAGES,"MINERAL WATER",10,0,-10,-109.9,,
164715,"IRONING BOARD 241",479,"HOUSEWARE & KITCHENWARE",LAUNDARY,"IRONING BOARD WITH STORAGE",2,0,-2,-958,,
162807,"NASCO LED TV 32"" SAT NAS-J32FBFL/B32FBFL",1619,"ELECTRONICS & TELECOM","LED TV","SATELLITE TV",5,0,-5,-8095,,
164806,"WATER BOTTLE 1500ML PLASTIC HW2372",9.9,"HOUSEWARE & KITCHENWARE","FLASK AND BOTTLES",BOTTLE,7,0,-7,-69.3,,
162267,"DZIRE MOSQUITO SWATTER W/UV LAMP MRL-I388",129,"ELECTRICAL APPLIANCES",ELECTRICALS,"ELE ACCESSORIES",18,0,-18,-2322,,
161278,"BELPAK LOVE NAPKIN   15",5.99,SUPERMARKET,"HOME AND PERSONAL CARE",DISPOSABLE,4,0,-4,-23.96,,
158101,"BASKET PERFORATED 5800ML 29X19X10CM PP63900",14.9,"HOUSEWARE & KITCHENWARE","STORAGE AND ORGANIZER",BASKET,13,0,-13,-193.7,,
158513,"FESTIVAL FROM CUVEE 0% VANILLA WINE DRINK 750ML 6",50.99,SUPERMARKET,"BEVERAGES ALCOHOLIC",WINES,5,0,-5,-254.95,,
161579,"DZIRE CEILING FAN 56"" WHITE CF 56 W-HOB",379,"ELECTRICAL APPLIANCES",FAN,"CEILING FAN",-1,0,1,379,,
159740,"MUNCHEE MSC CHOCO MILK BISCUITS 45G  48",3.29,SUPERMARKET,"FOOD CUPBOARD",BISCUITS,18,0,-18,-59.22,,
159855,"PAPER NOTE WITH CONTAINER (100X5)500SHEETS 76X76MM",16.9,STATIONERY,"OFFICE STATIONERY","OFFICE BASIC AND STATIONERY",8,0,-8,-135.2,,
161905,"COFFEE CUP W/LID 450ML PLASTIC L-00751",12.9,"HOUSEWARE & KITCHENWARE",DINNERWARE,CUP,4,0,-4,-51.6,,
161113,"AKAI TOASTER OVEN 25L TO026A-25L",849,"ELECTRICAL APPLIANCES","TOASTER/TOSTER OVEN","TOASTER OVEN",1,0,-1,-849,,
171738,"SOUP PLATE ROUND CERAMIC 8INCHES LDSSTK7",2.9,"HOUSEWARE & KITCHENWARE",DINNERWARE,PLATE,-1,0,1,2.9,,
172208,"MCBEERY LOVAN 2X CHOCOLATE WAFER 15G 144",1.19,SUPERMARKET,"FOOD CUPBOARD",BISCUITS,-12,0,12,14.28,,
169712,"AKAI BLENDER W/MILL 1.5L 400W BD074A-639M",349,"ELECTRICAL APPLIANCES","FOOD PROCESSOR/BLENDER",BLENDERS,4,0,-4,-1396,,
169159,"ROMAR AIR REFRESHNER ROSES 750ML   6",68.99,SUPERMARKET,"HOME AND PERSONAL CARE",FRESHENERS,5,0,-5,-344.95,,
172950,"ARIEL HIGH STUD SPRING 500G  24",39.99,SUPERMARKET,"HOME AND PERSONAL CARE","LAUNDRY CARE",14,0,-14,-559.86,,
169949,"KEL KIDS TOOTHPASTE 75G  48",14.49,SUPERMARKET,"HOME AND PERSONAL CARE","ORAL CARE",16,0,-16,-231.84,,
169246,"BROOM WSTICK ROMA GBB24",34.9,"HOUSEWARE & KITCHENWARE","HOME HYGIENE","BROOM BRUSHES DUSTPANS",5,0,-5,-174.5,,
169358,"PLATE KIDS SWEET DREAM",16.9,"TOYS AND ENTERTAINMENT",INFANTS,FEEDING,10,0,-10,-169,,
168044,"KASA VINO RED WINE 250ML 24",9.99,SUPERMARKET,"BEVERAGES ALCOHOLIC",WINES,2,0,-2,-19.98,,
168869,"KNIFE FRUIT 6PCS 45 CPQT01B45UT6DB RJK",29.9,"HOUSEWARE & KITCHENWARE","KNIFE AND CHOPPING BOARD","KNIFE SETS",11,0,-11,-328.9,,
168872,"KNIFE FRUIT 6PCS 4 HTCD015 RJK",19.9,"HOUSEWARE & KITCHENWARE","KNIFE AND CHOPPING BOARD","KNIFE SETS",27,0,-27,-537.3,,
16828,"NIVEA NOURISHING MILK LOTION 400ML 12(80203)",79.99,SUPERMARKET,"HOME AND PERSONAL CARE","SKIN CARE",9,0,-9,-719.91,,
167397,"DINNER SET PORCELAIN WHITE 12PCS ST3235 RJK",129,"HOUSEWARE & KITCHENWARE",DINNERWARE,DINNER-SETS,2,0,-2,-258,,
168360,"MUG 350ML FAM2445 RJK",4.9,"HOUSEWARE & KITCHENWARE",DINNERWARE,MUGS,13,0,-13,-63.7,,
168369,"DINNER PLATE W2MM GOLD RIM 105 FBD55C2013F RJK",19.9,"HOUSEWARE & KITCHENWARE",DINNERWARE,PLATE,2,0,-2,-39.8,,
167502,"BEVERAGE DISPENSER  WLIDBASE 6L 97004W RJK",239,"HOUSEWARE & KITCHENWARE",GLASSWARE,"DISPENSERS / DECANTER SETS",2,0,-2,-478,,
167849,"BROOM PLASTIC WWOODEN HANDLE H012 RJK",19.9,"HOUSEWARE & KITCHENWARE","HOME HYGIENE","BROOM BRUSHES DUSTPANS",27,0,-27,-537.3,,
179577,"DIY HAIRBALL PICTURE CRAFT 22X22CM W/STAND ASST DE",29.9,STATIONERY,"SCHOOL AND CHILDREN STATIONERY","ART AND HOBBY SETS",10,0,-10,-299,,
179014,"TOY DUMPER TRUCK TOY  OPP YW",21.9,"TOYS AND ENTERTAINMENT","TOYS CARS TRAINS AND VEHICLES","FRICTION TOYS",13,0,-13,-284.7,,
179133,"SUNFLOWER WINDMILL TOYS 31CM",13.9,"TOYS AND ENTERTAINMENT","PUSH AND PULL ALONG TOYS","PRESS AND SPIN TOYS",4,0,-4,-55.6,,
178193,"BATH GLOVES COTTON AND LINEN YWU",24.9,"HOUSEWARE & KITCHENWARE",BATHROOM,"BATHROOM ACCESSORIES",16,0,-16,-398.4,,
179235,"SALES ORDER BOOK 16.5X12CM",11.9,STATIONERY,"OFFICE STATIONERY","BUSINESS CARDS AND BOOKS",15,0,-15,-178.5,,
179401,"AKAI GAS STOVE 3B GLASS TOP GC068A-0003B",669,"GAS COOKER & ACCESSORIES","GAS COOKER","TABLE TOP GAS STOVE",3,0,-3,-2007,,
177951,"COLOURING BOOK CREATIVE ABC/F&V/TOYS 22X28CM",14.9,STATIONERY,"CHILDREN BOOKS AND GEN REF","BOOKS AND LEARNINGS",7,0,-7,-104.3,,
174980,"NERO ORANGE CARBONATED PET DRINK 350ML 20",3.19,SUPERMARKET,BEVERAGES,DRINKS,21,0,-21,-66.99,,
174259,"GINO JOLLOF TOMATO SEASONING MIX 60G  50",3.29,SUPERMARKET,"FOOD CUPBOARD",CONDIMENTS,37,0,-37,-121.73,,
174324,"BRAINVITA MULTICOLOUR",37.9,"TOYS AND ENTERTAINMENT","BOARD GAMES AND PUZZLES","KIDS PUZZLES",3,0,-3,-113.7,,
183270,"TUMBLER 6PCS SET 390ML AKARI BW 15814 RJK",59,"HOUSEWARE & KITCHENWARE",GLASSWARE,"GLASS / TUMBLER /WINE / CHAMPAGNE",7,0,-7,-413,,
183280,"BEER MUG 6PCS SET 400ML WEISH PJ 10914 RJK",79,"HOUSEWARE & KITCHENWARE",GLASSWARE,"BEER MUGS AND BEER GLASS",2,0,-2,-158,,
183287,"BEER MUG 6PCS SET 410ML ROSE PJ 4914 RJK",69,"HOUSEWARE & KITCHENWARE",GLASSWARE,"BEER MUGS AND BEER GLASS",6,0,-6,-414,,
184068,"COMFORT ROYAL MAGIC FABRIC CONDITIONER 20ML 30",21.49,SUPERMARKET,"HOME AND PERSONAL CARE","LAUNDRY CARE",28,0,-28,-601.72,,
184108,"CERAMIC MUG EMBOSSED 330ML EBCM2-330 RJK",9.9,"HOUSEWARE & KITCHENWARE",DINNERWARE,MUGS,37,0,-37,-366.3,,
184354,"TISSUE HOLDER RAINBOW SS 60060343",19.9,"HOUSEWARE & KITCHENWARE",BATHROOM,"BATHROOM SHELF RACKS HOLDERS",24,0,-24,-477.6,,
183602,"CERAMIC BELL BOWL 425 24FDL132 RJK",14.9,"HOUSEWARE & KITCHENWARE",DINNERWARE,BOWLS,83,0,-83,-1236.7,,
184386,"CLOTHES HANGER 5PCS SET 40CM PLASTIC XZ8107 YWU",14.9,"HOUSEWARE & KITCHENWARE",LAUNDARY,"CLOTH HANGERS",30,0,-30,-447,,
182985,"HANGER 41CM RP1142S8 RJK",42.9,"HOUSEWARE & KITCHENWARE",LAUNDARY,"CLOTH HANGERS",4,0,-4,-171.6,,
184460,"CONTAINER 3PCS SET RND PTD 123L PLASTIC HL70001TCP",29.9,"HOUSEWARE & KITCHENWARE","STORAGE AND ORGANIZER","STORAGE CONTAINERS",2,0,-2,-59.8,,
18448,"DEVA DISHWASHING LIQUID LEMON 400ML 24 10401",19.99,SUPERMARKET,"HOME AND PERSONAL CARE","HOUSEHOLD CLEANERS",5,0,-5,-99.95,,
184491,"PLATE 6PCS SET PLASTIC HL0067DC/6-18",19.9,"HOUSEWARE & KITCHENWARE",DINNERWARE,PLATE,-2,0,2,39.8,,
18454,"DEVA CLEANING SPONGE 5X1    16",29.99,SUPERMARKET,"HOME AND PERSONAL CARE","HOUSEHOLD CLEANERS",8,0,-8,-239.92,,
179801,"TOILET BRUSH WSTAND PLASTIC 5035",19.9,"HOUSEWARE & KITCHENWARE","HOME HYGIENE","TOILET BRUSHES",12,0,-12,-238.8,,
180214,"PRINCESS PERFUME FOR HER 50ML  6",12.99,SUPERMARKET,"HOME AND PERSONAL CARE",FRAGRANCES,38,0,-38,-493.62,,
180218,"KLEANZ HAND SANITIZER 50ML (SPRAY)  46",7.29,SUPERMARKET,"HOME AND PERSONAL CARE","PERSONAL WASH",43,0,-43,-313.47,,
180247,"BO-16 STYLING GEL (BLACK) 150G  6",11.59,SUPERMARKET,"HOME AND PERSONAL CARE","HAIR CARE",5,0,-5,-57.95,,
182097,"FARAGELLO GOLD ORANGE NECTAR TETRAPACK 1L 12",31.99,SUPERMARKET,BEVERAGES,JUICE,5,0,-5,-159.95,,
182130,"FARAGELLO MANGO NECTAR TETRA PACK 1L 12 (BLUE)",24.99,SUPERMARKET,BEVERAGES,JUICE,11,0,-11,-274.89,,
182194,"DZIRE FRIDGE DD 85L SILVER REF-TMF-11D",2199,"ELECTRICAL APPLIANCES",REFRIGERATOR,"DD TMF REFRIGERATOR",1,0,-1,-2199,,
180314,"STYLE UP PARFUM ORIGINAL 50ML  48",10.99,SUPERMARKET,"HOME AND PERSONAL CARE",FRAGRANCES,9,0,-9,-98.91,,
189428,"MCBERRY SUGAR FREE SODA 25G  216",1.29,SUPERMARKET,"FOOD CUPBOARD",BISCUITS,109,0,-109,-140.61,,
18749,"NESTLE CERELAC BL WHEAT 50G 10X8",6.99,SUPERMARKET,"FOOD CUPBOARD","BREAKFAST CEREALS",1,0,-1,-6.99,,
188859,"BATHMAT 50X80CM BM-244 IVORY CP",59,"HOME DECOR & TEXTILES","BATH AND LAUNDRY","BATH MATS",10,0,-10,-590,,
189734,"PERLA STILL MINERAL WATER 330ML 12",16.99,SUPERMARKET,BEVERAGES,"MINERAL WATER",4,0,-4,-67.96,,
188884,"TECNO MOBILE SPARK 40 4GB/128GB KM5",1799,"ELECTRONICS & TELECOM","MOBILE PHONES AND TABLETS","SMART MOBILE",2,0,-2,-3598,,
190054,"SERVING BOWL 7PCS SET 1300ML300ML GLASS YWU",79,"HOUSEWARE & KITCHENWARE",GLASSWARE,"GLASS BOWL",8,0,-8,-632,,
190115,"MANICURE KIT 12",49.9,"HOME DECOR & TEXTILES","HOME IMPROVEMENT","BATH ACCESSORIES",1,0,-1,-49.9,,
185415,"CURTAIN BKT GROM BEIG 2P 54X90"" 02-PA-7216A",199,"HOME DECOR & TEXTILES",CURTAINS,"GROMMET CURTAINS",7,0,-7,-1393,,
186042,"GLASS JUG WCUP 7PCS SET 1600240ML 19157DDE RJK",149,"HOUSEWARE & KITCHENWARE","STORAGE AND ORGANIZER","STORAGE CONTAINERS",5,0,-5,-745,,
186058,"AKAI POWER BLENDER 2L 1200W SILENT BD079A-11C",1499,"ELECTRICAL APPLIANCES","COMMERCIAL APPLIANCES","COMMERCIAL BLENDER",4,0,-4,-5996,,
187168,"BREAD KNIFE 8INCHES RJK ID-A823KD0002",24.9,"HOUSEWARE & KITCHENWARE","KNIFE AND CHOPPING BOARD","SINGLE KNIFE",8,0,-8,-199.2,,
187173,"CHEF KNIFE 8INCHES RJK ID-A838KD0001",29.9,"HOUSEWARE & KITCHENWARE","KNIFE AND CHOPPING BOARD","SINGLE KNIFE",4,0,-4,-119.6,,
194710,"PLATE CERAMIC 8INCHES QW-003",9.9,"HOUSEWARE & KITCHENWARE",DINNERWARE,PLATE,47,0,-47,-465.3,,
19418,"LELE SUNFLOWER OIL 5L 3",209.99,SUPERMARKET,"FOOD CUPBOARD","EDIBLE OILS AND GHEE",4,0,-4,-839.96,,
19424,"ZWAN CHOPPED HAM & PORK 200G   12",58.99,SUPERMARKET,"FOOD CUPBOARD","CANNED FOOD",7,0,-7,-412.93,,
194961,"LADLE SLOTTED SPOON SILICONE ZHN HR22PC-18DS",7.9,"HOUSEWARE & KITCHENWARE","KITCHEN TOOLS AND CULTARY","COOKING TOOL LADLES AND SERVERS",59,0,-59,-466.1,,
194962,"LADLE SLOTTED SPOON SILICONE ZHN HR22PC-20DS",8.9,"HOUSEWARE & KITCHENWARE","KITCHEN TOOLS AND CULTARY","COOKING TOOL LADLES AND SERVERS",56,0,-56,-498.4,,
192914,"G&S HUNGRY CHOCOLATE CASHEWNUT BREAD 350GMS 1",39.99,SUPERMARKET,BAKERY,BREADS,10,0,-10,-399.9,,
192915,"G&S HUNGRY CLASSIC VANILLA BREAD 350GMS 1",39.99,SUPERMARKET,BAKERY,BREADS,8,0,-8,-319.92,,
193041,"PEELER 6PCS SET ZHN KB618",12.9,"HOUSEWARE & KITCHENWARE","KNIFE AND CHOPPING BOARD","VEG AND FRUIT PEELERS",53,0,-53,-683.7,,
190735,"EYE LASH CLIP YWU",12.9,"HOUSEWARE & KITCHENWARE",BATHROOM,"BATHROOM ACCESSORIES",1,0,-1,-12.9,,
192229,"MARBELLA FOOD STORAGE CONTAINER 3PCS SET HL7010DCT",22.9,"HOUSEWARE & KITCHENWARE","STORAGE AND ORGANIZER","STORAGE CONTAINERS",12,0,-12,-274.8,,
200217,"TEA ZUP BLACK TEA 48*25*1.5G 48",7.49,SUPERMARKET,BEVERAGES,DRINKS,24,0,-24,-179.76,,
200277,"CLOTHES HANGER 6PCS SET ASSTD 6036000075865",16.9,"HOUSEWARE & KITCHENWARE",LAUNDARY,"CLOTH HANGERS",16,0,-16,-270.4,,
200304,"H&H SEASONING (BEEF) (12X50) 10G  50",15.99,SUPERMARKET,"FOOD CUPBOARD",CONDIMENTS,50,0,-50,-799.5,,
200306,"H&H HOT DOG 10 SAUSAGES 425G 24",26.99,SUPERMARKET,"FOOD CUPBOARD","CANNED FOOD",23,0,-23,-620.77,,
199226,"KISS CIDER  PEACH VANILLA 500ML 24",23.99,SUPERMARKET,"BEVERAGES ALCOHOLIC",CIDER,11,0,-11,-263.89,,
19895,"FROSTY BITE ICE CREAM CUP CHOCOLATE 150ML 24",6.99,SUPERMARKET,"FROZEN FOOD",ICE-CREAM,37,0,-37,-258.63,,
197727,"DINNER SET PORCELAIN WHITE 48PCS SW048-W",399,"HOUSEWARE & KITCHENWARE",DINNERWARE,DINNER-SETS,1,0,-1,-399,,
19817,"ENERGIZER BATTERY ALKALINE AA MAX-42 1X12 BP42",77.9,"ELECTRICAL APPLIANCES",BATTERIES,BATTERY,7,0,-7,-545.3,,
205682,"888 10% ALC LEMON FLAVORED CARBO DRINK 350ML 12",4.99,SUPERMARKET,"BEVERAGES ALCOHOLIC",CIDER,12,0,-12,-59.88,,
20641,"FARAGELLO COCKTAIL NECTAR TETRA PACK 1L 12 (BLUE)",24.99,SUPERMARKET,BEVERAGES,JUICE,6,0,-6,-149.94,,
202848,"DINNER SET 16PCS MATT CERAMIC T164002",199,"HOUSEWARE & KITCHENWARE",DINNERWARE,DINNER-SETS,2,0,-2,-398,,
201904,"PEEVA BOTTLE MINERAL WATER  500ML 20",1.39,SUPERMARKET,BEVERAGES,"MINERAL WATER",-40,0,40,55.6,,
202191,"SOFTCARE SANITARY PAD A 285MM GOLD 16PCS  24",16.49,SUPERMARKET,"HOME AND PERSONAL CARE","FEMININE CARE",12,0,-12,-197.88,,
202511,"MONTY MOON CHIPS CHEESE 25G  50",2.99,SUPERMARKET,"FOOD CUPBOARD",SAVOURIES,49,0,-49,-146.51,,
65902,"SUNNY BROWN SUGAR STICK 500G 24",37.99,SUPERMARKET,"FOOD CUPBOARD","SALT  SUGAR AND JAGGERY",25,0,-25,-949.75,,
60515,"VASELINE ALOE SOOTHE LOTION  400ML  48",49.99,SUPERMARKET,"HOME AND PERSONAL CARE","SKIN CARE",39,0,-39,-1949.61,,
60940,"BINATONE DRY IRON 1200W 1255/MK2",235,"ELECTRICAL APPLIANCES","LINEN CARE","DRY IRON",6,0,-6,-1410,,
60997,"SUNNY BROWN SUGAR SACHET 400G 50",21.99,SUPERMARKET,"FOOD CUPBOARD","SALT  SUGAR AND JAGGERY",13,0,-13,-285.87,,
54360,"BRUSH WASHING VICE PRESIDENT P5219",2.9,"HOUSEWARE & KITCHENWARE","HOME HYGIENE","BROOM BRUSHES DUSTPANS",35,0,-35,-101.5,,
61059,"PAPILION SINGLE JUMBO TOWEL 500G 200/250SHEETS   6",52.99,SUPERMARKET,"HOME AND PERSONAL CARE",DISPOSABLE,7,0,-7,-370.93,,
61533,"PARLE MILK AND MALT 27G  72",1.09,SUPERMARKET,"FOOD CUPBOARD",BISCUITS,55,0,-55,-59.95,,
49017,"CERES CRANBERRY & KIWI JUICE 1L  12",39.49,SUPERMARKET,BEVERAGES,JUICE,11,0,-11,-434.39,,
61767,"YUMVITA INFANT CEREAL WHEAT 50G (10SC X 8ST) 80",6.29,SUPERMARKET,"FOOD CUPBOARD","BABY FOOD",56,0,-56,-352.24,,
49381,"DELTA XMAS FACIAL TISSUE ASSORTED COLOUR 150S  36",11.49,SUPERMARKET,"HOME AND PERSONAL CARE",DISPOSABLE,28,0,-28,-321.72,,
62668,"ROBB LEMON MENTHOL SWEETS  (30PCS)  110G  24",11.49,SUPERMARKET,"FOOD CUPBOARD",CONFECTIONERY,22,0,-22,-252.78,,
49705,"FA  ROLL-ON ATTRACTION FORCE 50ML  24",23.99,SUPERMARKET,"HOME AND PERSONAL CARE",FRAGRANCES,20,0,-20,-479.8,,
55688,"AFRIWARA ORIGINAL SANTOS SWEET 125G  20",9.89,SUPERMARKET,"FOOD CUPBOARD",CONFECTIONERY,20,0,-20,-197.8,,
62785,"STONE DECORATION 350G MIX COLOUR",5.9,"HOME DECOR & TEXTILES","HOME DECOR","OutdoorANDIndoor Decor",30,0,-30,-177,,
50130,"FLORA TOILET ROLL (1 X 32)  2",124.99,SUPERMARKET,"HOME AND PERSONAL CARE",DISPOSABLE,1,0,-1,-124.99,,
50881,"KISS CIDER WILD STRAWBERRY  500ML  24",23.99,SUPERMARKET,"BEVERAGES ALCOHOLIC",CIDER,28,0,-28,-671.72,,
57162,"DEVA HAND SANITIZER 200ML  12",16.99,SUPERMARKET,"HOME AND PERSONAL CARE","PERSONAL WASH",9,0,-9,-152.91,,
51038,"ENERGIZER BATTERY LITHIUM 3V ECR2025-LITHIUM",25,"ELECTRICAL APPLIANCES",BATTERIES,BATTERY,21,0,-21,-525,,
57499,"EVERPACK SUPER JUMBO TOWEL LGE (10.5""X9"")  12",28.99,SUPERMARKET,"HOME AND PERSONAL CARE",DISPOSABLE,12,0,-12,-347.88,,
46545,"DREAMS FACIAL TISSUE 150SHEETS  36",21.49,SUPERMARKET,"HOME AND PERSONAL CARE",DISPOSABLE,20,0,-20,-429.8,,
51660,"EVERPACK TROLL  FLUFFY JASMIN / ALOE VERA (10X7) 7",44.99,SUPERMARKET,"HOME AND PERSONAL CARE",DISPOSABLE,8,0,-8,-359.92,,
64800,"YOGURTE 100 ORIGINAL CHEWY CANDY  100G   36",13.99,SUPERMARKET,"FOOD CUPBOARD",CONFECTIONERY,28,0,-28,-391.72,,
52962,"GOODYS SPICY SHITO HOT BEEF /MILD430G  12",89.99,SUPERMARKET,"FOOD CUPBOARD","PEPPER SAUCE",11,0,-11,-989.89,,
59332,"DEVA LIQUID HAND SOAP CITRUS  5L  4",114.99,SUPERMARKET,"HOME AND PERSONAL CARE","PERSONAL WASH",4,0,-4,-459.96,,
48388,"5 STAR ENERGY DRINK 350ML  12",4.59,SUPERMARKET,BEVERAGES,DRINKS,8,0,-8,-36.72,,
48424,"LILY TOILET ROLL 2PLY X 10 BIG ROLLS PCS SET 7",46.99,SUPERMARKET,"HOME AND PERSONAL CARE",DISPOSABLE,4,0,-4,-187.96,,
65106,"FROSTY BITE FANTASY PEANUTS CRUNCH POUCH 80G 30",11.49,SUPERMARKET,"FROZEN FOOD",ICE-CREAM,101,0,-101,-1160.49,,
65360,"MULIK BANANA MILK DRINK 500ML 18",36.99,SUPERMARKET,BEVERAGES,DRINKS,1,0,-1,-36.99,,
41042,"SEWING MACHINE BUTTERFLY PLASTIC BASE &COVER",1129,"HARDWARE & BUILDING MATERIAL","HARDWARE ITEMS","HOME UTILITY",2,0,-2,-2258,,
36776,"FLORA POCKET TISSUE 1X6X50",8.29,SUPERMARKET,"HOME AND PERSONAL CARE",DISPOSABLE,48,0,-48,-397.92,,
41517,"SPOON MELAMINE ZHN E002",8.9,"HOUSEWARE & KITCHENWARE","MELAMINE WARE","MEL MUGS AND CUPS",83,0,-83,-738.7,,
22804,"BLUE BAND SPREAD FOR BREAD 900G 12",39.49,SUPERMARKET,"FOOD CUPBOARD","SPREADS AND TOPPING",6,0,-6,-236.94,,
23061,"CUSSONS BABY POWDER (MILD & GENTLE) 200G 48",15.99,SUPERMARKET,"HOME AND PERSONAL CARE","INFANT AND BABY CARE",43,0,-43,-687.57,,
42442,"SWAN CUBES PURE BROWN SUGAR 500G  50",19.99,SUPERMARKET,"FOOD CUPBOARD","SALT  SUGAR AND JAGGERY",37,0,-37,-739.63,,
24024,"VASELINE PJ (BLUE SEAL) ALOE VERA 100ML 144",24.99,SUPERMARKET,"HOME AND PERSONAL CARE","SKIN CARE",103,0,-103,-2573.97,,
25976,"UMBRELLA MEN-S 60CM 8TIPS",55,"HOME DECOR & TEXTILES","HOME DECOR",XMAS,4,0,-4,-220,,
38707,"COWBELL MOCHA 35G 120",5.99,SUPERMARKET,BEVERAGES,"DRINKING POWDERS",60,0,-60,-359.4,,
38886,"HARPIC TOILET GEL CITRUS  450ML 12",30.99,SUPERMARKET,"HOME AND PERSONAL CARE","HOUSEHOLD CLEANERS",8,0,-8,-247.92,,
32791,"EASY MOUZOO ORANGE TETRAPACK  200ML 27",5.49,SUPERMARKET,BEVERAGES,JUICE,31,0,-31,-170.19,,
209241,"PEPSODENT TP FIFA FRESH BREATH MV 95G 36",22.99,SUPERMARKET,"HOME AND PERSONAL CARE","ORAL CARE",36,0,-36,-827.64,,
26350,"SAIRO DERMO HAND WASH 500ML 12",28.99,SUPERMARKET,"HOME AND PERSONAL CARE","PERSONAL WASH",9,0,-9,-260.91,,
26351,"SAIRO INTENSE HAND WASH 500ML 12",29.49,SUPERMARKET,"HOME AND PERSONAL CARE","PERSONAL WASH",6,0,-6,-176.94,,
32827,"BANETTI VERMICELLI 500G  20",14.99,SUPERMARKET,"FOOD CUPBOARD","NOODLES AND SOUP",4,0,-4,-59.96,,
39670,"CUP MELAMINE ZHN 1052",16.9,"HOUSEWARE & KITCHENWARE","MELAMINE WARE","MEL MUGS AND CUPS",2,0,-2,-33.8,,
40319,"JUVER DISFRUTA (MANZANA) APPLE  JUICE  1L  12",32.99,SUPERMARKET,BEVERAGES,JUICE,8,0,-8,-263.92,,
28412,"COOKWARE SET 8PCS PALU CROWNSTAR RJK 3094MC1094",849,"HOUSEWARE & KITCHENWARE",COOKWARE,"COOKWARE SET",1,0,-1,-849,,
35645,"PRAN FROOTO MANGO JUICE 500 ML 24",12.99,SUPERMARKET,BEVERAGES,JUICE,9,0,-9,-116.91,,
40889,"GEURTS MIXED FRUIT JAM 450GMS  12",46.99,SUPERMARKET,"FOOD CUPBOARD","SPREADS AND TOPPING",11,0,-11,-516.89,,
22065,"CADBURY HOT CHOCOLATE DRINK 10PCS X 12 - 30G",39.99,SUPERMARKET,BEVERAGES,"DRINKING POWDERS",12,0,-12,-479.88,,
29331,"ANNAPURNA IODISED SALT 200G  100",3.19,SUPERMARKET,"FOOD CUPBOARD","SALT  SUGAR AND JAGGERY",50,0,-50,-159.5,,
29334,"ANNAPURNA IODISED SALT 900G  25",12.49,SUPERMARKET,"FOOD CUPBOARD","SALT  SUGAR AND JAGGERY",24,0,-24,-299.76,,
86385,"ORIJIN HERBAL BITTERS 200ML 48",19.99,SUPERMARKET,"BEVERAGES ALCOHOLIC",BITTERS,11,0,-11,-219.89,,
93895,"AVIOS BAKING TRAY RECTANGLE 10L AVSBT1 RJK",39.9,"HOUSEWARE & KITCHENWARE",BAKEWARE,"BAKING TRAY",9,0,-9,-359.1,,
91213,"SAIRO BATH&SHOWER GEL ARGAN NATURAL OILS 750ML  8",50.99,SUPERMARKET,"HOME AND PERSONAL CARE","PERSONAL WASH",17,0,-17,-866.83,,
91549,"DETTOL SOAP BEST EVER COOL 105G 72",14.99,SUPERMARKET,"HOME AND PERSONAL CARE","PERSONAL WASH",1,0,-1,-14.99,,
94082,"DZIRE GAS STOVE 3B GLASS TGGP3B-G32",519,"GAS COOKER & ACCESSORIES","GAS COOKER","TABLE TOP GAS STOVE",3,0,-3,-1557,,
89866,"SHINE FACIAL TISSUE LARGE (150PCS)  36",12.99,SUPERMARKET,"HOME AND PERSONAL CARE",DISPOSABLE,2,0,-2,-25.98,,
84509,"CHRISTMAS DECORATION 12PCS B",9.9,"HOME DECOR & TEXTILES","XMAS SEASONAL","xmas season",2,0,-2,-19.8,,
84513,"CHRISTMAS DECORATION 9PCS",7.9,"HOME DECOR & TEXTILES","XMAS SEASONAL","xmas season",223,0,-223,-1761.7,,
92308,"ENA PA SUPERIOR DARK SOY SAUCE 500ML  12",25.99,SUPERMARKET,"FOOD CUPBOARD",CONDIMENTS,6,0,-6,-155.94,,
90234,"RENDEZ VOUS NON AL. SPARK WINE WHI GRAPE  75CL  6",40.99,SUPERMARKET,"BEVERAGES ALCOHOLIC",WINES,10,0,-10,-409.9,,
87650,"PILLOW MOULD MEMORY FOAM 900G JACQUARD MH002-1",199,"HOME DECOR & TEXTILES",PILLOWS,PILLOWS,3,0,-3,-597,,
85566,"WHITE HILLS RESERVE WHISKY 42.8% 750ML  12",79.99,SUPERMARKET,"BEVERAGES ALCOHOLIC",WHISKEY,1,0,-1,-79.99,,
90540,"NIVEA BODY LOTION NATURAL FAIRNESS 250ML  12",59.99,SUPERMARKET,"HOME AND PERSONAL CARE","SKIN CARE",24,0,-24,-1439.76,,
90564,"LELE TUNA CHUNKS IN SOYA BEAN OIL  80G  48",15.19,SUPERMARKET,"FOOD CUPBOARD","CANNED FOOD",35,0,-35,-531.65,,
88238,"BINATONE BLENDER  W/MILL 350W BLG 452",669,"ELECTRICAL APPLIANCES","FOOD PROCESSOR/BLENDER",BLENDERS,4,0,-4,-2676,,
86130,"HARPIC ORIGINAL POWER PLUS 450ML 12",30.99,SUPERMARKET,"HOME AND PERSONAL CARE","HOUSEHOLD CLEANERS",3,0,-3,-92.97,,
83504,"JOHNSONS TOP TO TOE BABY WASH 500ML  12",58.99,SUPERMARKET,"HOME AND PERSONAL CARE","INFANT AND BABY CARE",7,0,-7,-412.93,,
74900,"VOLTPLUS UNIVERSAL ADAPTOR W/BS PLUG VP-UA134",109,"ELECTRICAL APPLIANCES",ELECTRICALS,"ELE ACCESSORIES",60,0,-60,-6540,,
79603,"SHINE ALUMINIUM FOIL 200SQ.FT (6.3MX30CM)  12",85.99,SUPERMARKET,"HOME AND PERSONAL CARE",DISPOSABLE,18,0,-18,-1547.82,,
80377,"PILATES STUDIO",69,"SPORTS & FITNESS","EXERCISE AND FITNESS","Yoga  Pilates AND Soft Gym",12,0,-12,-828,,
67737,"MALTA GUINNESS PET 330ML  12",11.49,SUPERMARKET,BEVERAGES,DRINKS,13,0,-13,-149.37,,
67792,"IRISH SPRING ICY BLAST SOAP 106.3G (18X3PACK)  18",53.99,SUPERMARKET,"HOME AND PERSONAL CARE","PERSONAL WASH",26,0,-26,-1403.74,,
76415,"VOLTPLUS AVS TV GUARD 5A AVS5A-B/VP-TG-AVS5T",165,"ELECTRICAL APPLIANCES",ELECTRICALS,AVR/AVS,8,0,-8,-1320,,
81328,"TASTY TOM TOMATO MIX SACHET 200G  24",10.99,SUPERMARKET,"FOOD CUPBOARD",CONDIMENTS,22,0,-22,-241.78,,
72132,"RICHOCO SMOOTHER 800G  12",79.99,SUPERMARKET,BEVERAGES,"DRINKING POWDERS",6,0,-6,-479.94,,
76901,"UNOLI MAYONNAISE 1000ML / 961G 6",87.99,SUPERMARKET,"FOOD CUPBOARD","SPREADS AND TOPPING",6,0,-6,-527.94,,
72613,"BROOM BIG PLAZA P6447",4.9,"HOUSEWARE & KITCHENWARE","HOME HYGIENE","BROOM BRUSHES DUSTPANS",57,0,-57,-279.3,,
72669,"DEVA MULTI SURFACE CLEANER FLORAL 2.5LT * 6",81.99,SUPERMARKET,"HOME AND PERSONAL CARE","HOUSEHOLD CLEANERS",3,0,-3,-245.97,,
72788,"HEAVEN MOSQUITO COILS 60 PACKETS",19.99,SUPERMARKET,"HOME AND PERSONAL CARE","INSECTICIDES AND RODENT CONTROL",61,0,-61,-1219.39,,
72799,"ENA PA LIGHT MEAT TUNA IN SOYA OIL FLAKES 160G  24",15.99,SUPERMARKET,"FOOD CUPBOARD","CANNED FOOD",32,0,-32,-511.68,,
69154,"AWAKE MINERAL WATER 500ML  16",1.99,SUPERMARKET,BEVERAGES,"MINERAL WATER",1,0,-1,-1.99,,
69225,"HI5 CHOCO MALT  DRINK  500ML   12",8.49,SUPERMARKET,BEVERAGES,DRINKS,4,0,-4,-33.96,,
69470,"CADBURY HOT CHOCO DRINK 3IN1 360G  8",49.99,SUPERMARKET,BEVERAGES,"DRINKING POWDERS",3,0,-3,-149.97,,
69807,"SHINE FAMILY DELUXE NAPKINS (30PKX50PCS)  30",11.49,SUPERMARKET,"HOME AND PERSONAL CARE",DISPOSABLE,14,0,-14,-160.86,,
78798,"CHOPPING BOARD 22X32X13CM BAMBOO YWU",24.9,"HOUSEWARE & KITCHENWARE","KNIFE AND CHOPPING BOARD","CHOPPING BOARDS AND CHOPPERS",25,0,-25,-622.5,,
70195,"YAZZ BABY WIPES 80PCS   12",21.99,SUPERMARKET,"HOME AND PERSONAL CARE","INFANT AND BABY CARE",7,0,-7,-153.93,,
70249,"INDOMIE HUNGRY MAN CHICKEN FLAVOR 180G  26",11.29,SUPERMARKET,"FOOD CUPBOARD","NOODLES AND SOUP",27,0,-27,-304.83,,
78977,"CHRISTMAS CHAIN 2.7M MIX COLOR 1403",8.9,"HOME DECOR & TEXTILES","XMAS SEASONAL","xmas season",162,0,-162,-1441.8,,
X824,"ORAL B PRO EXPERT EXTRA CLEAN 96",64.99,SUPERMARKET,"HOME AND PERSONAL CARE","ORAL CARE",7,0,-7,-454.93,,
X936,"LAUGHING COW LAVACHE QUIRIT CHEESE  8PCS 112G 36",28.99,SUPERMARKET,"FRESH DAIRY AND EGGS",cheeses,28,0,-28,-811.72,,
X937,"EVEN FULL CREAM UHT MILK 1L 12",53.99,SUPERMARKET,"FOOD CUPBOARD","MILK AND CREAMERS",13,0,-13,-701.87,,
N659,"INDOMIE NOODLES ONION CHICKEN 70G 44",4.99,SUPERMARKET,"FOOD CUPBOARD","NOODLES AND SOUP",3,0,-3,-14.97,,
N747,"COWBELL CHOCOMALT 35G 120",5.99,SUPERMARKET,BEVERAGES,"DRINKING POWDERS",30,0,-30,-179.7,,
N925,"PRINGLES HOT & SPICY  165G  19",44.99,SUPERMARKET,"FOOD CUPBOARD",SNACKS,17,0,-17,-764.83,,
S897,"CERES RED GRAPE JUICE 1L 12",39.49,SUPERMARKET,BEVERAGES,JUICE,5,0,-5,-197.45,,
S949,"KRIS HAND&BODY LOTION ELEGANT YELLOW 100ML 72",6.49,SUPERMARKET,"HOME AND PERSONAL CARE","SKIN CARE",4,0,-4,-25.96,,
X141,"IMPERIAL LEATHER CLASSIC BAR  SOAP  200G 36",16.99,SUPERMARKET,"HOME AND PERSONAL CARE","PERSONAL WASH",35,0,-35,-594.65,,
X443,"NESTLE CERELAC RICE TIN 400G 12",50.99,SUPERMARKET,"FOOD CUPBOARD","BABY FOOD",10,0,-10,-509.9,,
X452,"MILO ACTIGEN TIN 400G 12",57.99,SUPERMARKET,BEVERAGES,"DRINKING POWDERS",48,0,-48,-2783.52,,
X471,"NESTLE CERELAC 3FRUITS TIN 400G 12",53.99,SUPERMARKET,"FOOD CUPBOARD","BABY FOOD",12,0,-12,-647.88,,
X484,"GINO BAKED BEANS 425G 12",23.99,SUPERMARKET,"FOOD CUPBOARD","CANNED FOOD",5,0,-5,-119.95,,
99290,"WHISKY CHIVAS REGAL 12 YEARS 750ML 12",849.99,SUPERMARKET,"BEVERAGES ALCOHOLIC",WHISKEY,12,0,-12,-10199.88,,
D719,"GRAN VEGA ROSE WINE 750ML 6",79.99,SUPERMARKET,"BEVERAGES ALCOHOLIC",WINES,7,0,-7,-559.93,,
D750,"CERES MEDLEY JUICE 1L 12",39.49,SUPERMARKET,BEVERAGES,JUICE,6,0,-6,-236.94,,
D796,"TASTY TOM TOMATO PASTE E/O 210G 24",10.99,SUPERMARKET,"FOOD CUPBOARD",CONDIMENTS,21,0,-21,-230.79,,
95804,"GIFT BAG 26X32X10CM",9.9,"HOME DECOR & TEXTILES","XMAS SEASONAL","xmas season",13,0,-13,-128.7,,
97926,"JAMAA CLASSIC LAUNDRY BAR SOAP 200G   24",6.99,SUPERMARKET,"HOME AND PERSONAL CARE","LAUNDRY CARE",3,0,-3,-20.97,,
99574,"KREMELA CREAMER 200G  25",16.49,SUPERMARKET,"FOOD CUPBOARD","MILK AND CREAMERS",14,0,-14,-230.86,,
99602,"ENA PA NON-DAIRY CREAMER 20G 200",1.89,SUPERMARKET,"FOOD CUPBOARD","MILK AND CREAMERS",240,0,-240,-453.6,,
99609,"PRINCESS BODY MIST LILAC 50ML  48",8.49,SUPERMARKET,"HOME AND PERSONAL CARE",FRAGRANCES,30,0,-30,-254.7,,
99644,"PRINCESS ROLL ON ROSE 50ML  6",9.99,SUPERMARKET,"HOME AND PERSONAL CARE",FRAGRANCES,47,0,-47,-469.53,,
99663,"STYLE UP ROLL ON SPICE 50ML  6",9.99,SUPERMARKET,"HOME AND PERSONAL CARE",FRAGRANCES,19,0,-19,-189.81,,
99771,"BO-16 HAIR FOOD BLUE 225ML  4",27.99,SUPERMARKET,"HOME AND PERSONAL CARE","HAIR CARE",12,0,-12,-335.88,,
94346,"LELE GINGER FLAVOR TEA 37.5G  25X12",17.99,SUPERMARKET,BEVERAGES,TEA,6,0,-6,-107.94,,
A794,"VOLTIC MINERAL WATER 750ML 12",2.89,SUPERMARKET,BEVERAGES,"MINERAL WATER",44,0,-44,-127.16,,
96519,"MADAR RENZO MULTIPURPOSE LIQUID DETERGENT 200ML 24",8.49,SUPERMARKET,"HOME AND PERSONAL CARE","HOUSEHOLD CLEANERS",45,0,-45,-382.05,,
CL302,"CENTURY CL302 FLASK FIESTA PRTD 6",20,"HOUSEWARE & KITCHENWARE","CENTURY PRODUCTS",CENTURY,3,0,-3,-60,,
94959,"DR MIGHTY WC POWER BALLS BELLFLOWER  5 IN 1 24",24.99,SUPERMARKET,"HOME AND PERSONAL CARE",FRESHENERS,24,0,-24,-599.76,,
98478,"AMALFI HAND SOAP PEACH  500ML 12",25.99,SUPERMARKET,"HOME AND PERSONAL CARE","PERSONAL WASH",6,0,-6,-155.94,,
CL389,"CENTURY CL389 FRUIT BASKET LARGE 24",7,"HOUSEWARE & KITCHENWARE","CENTURY PRODUCTS","PL BASKET",1,0,-1,-7,,
CL607,"BUCKET WITH LID 10LTR 28CMX28CM",22.9,"HOUSEWARE & KITCHENWARE",LAUNDARY,"BUCKETS AND BASINS",16,0,-16,-366.4,,
97041,"KEY CHAIN W GHANA FLAG COLOR",3.9,SUNDRY,"HOME ESSENTIALS","DECORATIVE ITEMS/SCULPTURES",154,0,-154,-600.6,,
97042,"KEY CHAIN W/  I LOVE GHANA",5.9,SUNDRY,"HOME ESSENTIALS","DECORATIVE ITEMS/SCULPTURES",87,0,-87,-513.3,,
CL695,"TIARA BOWL WLID 1000ML 18CMX16CMX7CM",12.9,"HOUSEWARE & KITCHENWARE",SERVEWARE,"SERVING BOWL",9,0,-9,-116.1,,
95417,"CHRISTMAS LED LIGHT IN MULTICOLOR 9.5M 100PCS",49.9,"HOME DECOR & TEXTILES","XMAS SEASONAL","xmas season",1,0,-1,-49.9,,
98735,"SIBLOU WHITE TUNA IN OIL 170G  48",41.99,SUPERMARKET,"FOOD CUPBOARD","CANNED FOOD",46,0,-46,-1931.54,,
CL725,"DRUM WITH LID 40LTR 38CMX55CM",95,"HOUSEWARE & KITCHENWARE","HOUSE HOLD PRODUCTS","STORAGE DRUMS",3,0,-3,-285,,
CL743,"OHEMA CASSEROLE 2000ML 27CMX21CMX16CM",26.9,"HOUSEWARE & KITCHENWARE",SERVEWARE,CASSEROLES,5,0,-5,-134.5,,
CL766,"CONTAINER SQUARE 2900ML 16CMX16CMX14CM",14.9,"HOUSEWARE & KITCHENWARE","STORAGE AND ORGANIZER","STORAGE CONTAINERS",-1,0,1,14.9,,
95644,"JOVEN CAPEL SPARKLING WHITE WINE 750ML 6",128.99,SUPERMARKET,"BEVERAGES ALCOHOLIC","SPARKLING WINES",3,0,-3,-386.97,,
99072,"BARBEQUE UNIT ROUND WDOME TOP 56CM 2020B180 YWU",1199,"HOUSEWARE & KITCHENWARE",KITCHENWARE,"BBQ AND ACCESSORIES",2,0,-2,-2398,,
D586,"GOODYS SHITO BEEF HOT/ MILD 320G 12",74.99,SUPERMARKET,"FOOD CUPBOARD","PEPPER SAUCE",12,0,-12,-899.88,,
95709,"AMALFI  SHAMPOO  STRAWBERRY  400ML  10",23.99,SUPERMARKET,"HOME AND PERSONAL CARE","HAIR CARE",1,0,-1,-23.99,,
97638,"FARAGELLO GOLD COCKTAIL NECTAR TETRA PACK 1L 12",29.99,SUPERMARKET,BEVERAGES,JUICE,4,0,-4,-119.96,,
97663,"MJ-S MAYONNAISE ORIGINAL  473ML  12",38.99,SUPERMARKET,"FOOD CUPBOARD","SPREADS AND TOPPING",12,0,-12,-467.88,,
02247,"SAIRO ARGAN HAND WASH 500ML 12",29.99,SUPERMARKET,"HOME AND PERSONAL CARE","PERSONAL WASH",4,0,-4,-119.96,,
00361,"ZWAN CHICKEN LUNCHEON MEAT 340G 12",52.99,SUPERMARKET,"FOOD CUPBOARD","CANNED FOOD",8,0,-8,-423.92,,
00521,"AKAI AVR 2KVA AVR003A - 2000VA",779,"ELECTRICAL APPLIANCES",ELECTRICALS,AVR/AVS,6,0,-6,-4674,,
03561,"UMBRELLA 68CM",45.9,"HOME DECOR & TEXTILES","HOME DECOR",XMAS,3,0,-3,-137.7,,
02865,"VOLTPLUS UNIVERSAL ADAPTOR W/ BS PLUG VP-UAG134",79,"ELECTRICAL APPLIANCES",ELECTRICALS,"ELE ACCESSORIES",11,0,-11,-869,,
03077,"WEETABIX CEREAL ORIGINAL 225G 18",47.99,SUPERMARKET,"FOOD CUPBOARD","BREAKFAST CEREALS",13,0,-13,-623.87,,
04199,"VASELINE MEN COOLING BODY LOTION 400ML 48",49.99,SUPERMARKET,"HOME AND PERSONAL CARE","SKIN CARE",22,0,-22,-1099.78,,
05112,"INDOMIE SUPER PACK ONION CHICKEN 120G 44",8.29,SUPERMARKET,"FOOD CUPBOARD","NOODLES AND SOUP",15,0,-15,-124.35,,
07979,"PEAK MILK POWDER TIN  400G 24",109.99,SUPERMARKET,"FOOD CUPBOARD","MILK AND CREAMERS",17,0,-17,-1869.83,,
08571,"STUTE SUPERIOR TROPICAL JUICE  1.5L  6",53.99,SUPERMARKET,BEVERAGES,JUICE,6,0,-6,-323.94,,
09226,"ALWAYS EXTRA LONG ULTRA THIN 7PADS X 16",22.99,SUPERMARKET,"HOME AND PERSONAL CARE","FEMININE CARE",22,0,-22,-505.78,,
08772,"COUNTRE MILK VANILLA 500ML 18",35.99,SUPERMARKET,BEVERAGES,DRINKS,1,0,-1,-35.99,,
100048,"DOVE BABY WIPES RICH MOISTURE 50S  12",29.99,SUPERMARKET,"HOME AND PERSONAL CARE","INFANT AND BABY CARE",8,0,-8,-239.92,,
100802,"ZOMBA PINK COCKTAIL 0% ALC 750ML 6",42.49,SUPERMARKET,"BEVERAGES ALCOHOLIC",WINES,4,0,-4,-169.96,,
100898,"FRUTAIL MANGO NECTAR JUICE 1L  12",34.99,SUPERMARKET,BEVERAGES,JUICE,6,0,-6,-209.94,,
101386,"TASTY TOM JELLOF MIX 60G  50",3.79,SUPERMARKET,"FOOD CUPBOARD",CONDIMENTS,44,0,-44,-166.76,,
100968,"CURTAIN POLYESTER 52X84  WHANGER DRTH1493",129,"HOME DECOR & TEXTILES",CURTAINS,"GROMMET CURTAINS",10,0,-10,-1290,,
100981,"CURTAIN POLYESTER 54X84  W/HANGER DR-TH336",169,"HOME DECOR & TEXTILES",CURTAINS,"GROMMET CURTAINS",12,0,-12,-2028,,
100984,"CURTAIN POLYESTER 52X84"" W/HANGER DR-TH157-2",159,"HOME DECOR & TEXTILES",CURTAINS,"GROMMET CURTAINS",11,0,-11,-1749,,
101016,"CURTAIN POLYESTER 52X84  WHANGER ZGB501",199,"HOME DECOR & TEXTILES",CURTAINS,"GROMMET CURTAINS",12,0,-12,-2388,,
101064,"N0 8 CORN CONES CHIPS 20G 60",1.69,SUPERMARKET,"FOOD CUPBOARD",SNACKS,10,0,-10,-16.9,,
101901,"MATA GREEN PEAS IN BRINE E/O 400G  24",15.99,SUPERMARKET,"FOOD CUPBOARD","CANNED FOOD",22,0,-22,-351.78,,
102246,"DOVE FM ROLL ON  CLEAN COMFORT 50ML  6",24.99,SUPERMARKET,"HOME AND PERSONAL CARE",FRAGRANCES,16,0,-16,-399.84,,
102311,"PEAK MILK POWDER  GREEN SACHET 350G 6",47.99,SUPERMARKET,"FOOD CUPBOARD","MILK AND CREAMERS",4,0,-4,-191.96,,
102864,"BATHROOM CORNER SHELF W/HOLDER PLASTIC L-00289",29.9,"HOUSEWARE & KITCHENWARE",BATHROOM,"BATHROOM SHELF RACKS HOLDERS",2,0,-2,-59.8,,
102931,"DAY BY DAY GRENADINE SOAP 200G  60",18.99,SUPERMARKET,"HOME AND PERSONAL CARE","PERSONAL WASH",42,0,-42,-797.58,,
102950,"FRES LIQUID SOAP ALOEVERA 350ML  24",17.99,SUPERMARKET,"HOME AND PERSONAL CARE","PERSONAL WASH",16,0,-16,-287.84,,
102981,"BABYMED POMADE 250ML  48",25.99,SUPERMARKET,"HOME AND PERSONAL CARE","INFANT AND BABY CARE",3,0,-3,-77.97,,
102995,"LEA COMPLEXION CARE SOAP ROSE  150G  48",10.89,SUPERMARKET,"HOME AND PERSONAL CARE","PERSONAL WASH",17,0,-17,-185.13,,
103200,"AVSAR FRUIT FLAV WATER MANGO&PINEAPPLE 200ML  24",10.99,SUPERMARKET,BEVERAGES,"MINERAL WATER",15,0,-15,-164.85,,
103773,"GIVERS ROZONE 1L  20",17.49,SUPERMARKET,"HOME AND PERSONAL CARE","HOUSEHOLD CLEANERS",6,0,-6,-104.94,,
103822,"HYSON DIETATHIN TEA 15S 22.5G 24",43.99,SUPERMARKET,BEVERAGES,TEA,18,0,-18,-791.82,,
103877,"AKAI LED LIGHT RECHARGEABLE LS012RA-1018L/LS027A",199,"ELECTRICAL APPLIANCES",LIGHTING/LAMPS,"TORCH/ LANTERN",5,0,-5,-995,,
103897,"IRONING BOARD 33X110 214",349,"HOUSEWARE & KITCHENWARE",LAUNDARY,"IRONING BOARDS",1,0,-1,-349,,
104374,"DESTELLO FLOOR CLEANER LEMON 1500ML  12",29.99,SUPERMARKET,"HOME AND PERSONAL CARE","HOUSEHOLD CLEANERS",3,0,-3,-89.97,,
104377,"DESTELLO FLOOR CLEANER LAVENDAR 1500ML  12",33.49,SUPERMARKET,"HOME AND PERSONAL CARE","HOUSEHOLD CLEANERS",5,0,-5,-167.45,,
104825,"KERRYGOLD FULL CREAM MILK POWDER TIN 400G 12",89.99,SUPERMARKET,"FOOD CUPBOARD","MILK AND CREAMERS",1,0,-1,-89.99,,
104961,"ROMAR WASHING LIQUID MARSEILLE SOAP 3L  4",132.99,SUPERMARKET,"HOME AND PERSONAL CARE","HOUSEHOLD CLEANERS",4,0,-4,-531.96,,
105232,"HOMEFOODS PURE PALM OIL 500ML 24",42.49,SUPERMARKET,"FOOD CUPBOARD","EDIBLE OILS AND GHEE",22,0,-22,-934.78,,
104692,"BLING PERFUMED DISINFECTANT 1L  12",19.99,SUPERMARKET,"HOME AND PERSONAL CARE","HOUSEHOLD CLEANERS",12,0,-12,-239.88,,
105486,"DZIRE BLENDER W/MILL 1.5L 350W BLP-202W350",299,"ELECTRICAL APPLIANCES","FOOD PROCESSOR/BLENDER",BLENDERS,5,0,-5,-1495,,
106770,"PROXON ICE CHEST SET 4PCS W/ESKIMO/PLATIN TPX-2061",1099,"HOUSEWARE & KITCHENWARE","STORAGE AND ORGANIZER","ICE BUCKETS",1,0,-1,-1099,,
106887,"TAMPICO COCKTAIL FRUIT JUICE 500ML 12",7.99,SUPERMARKET,BEVERAGES,JUICE,4,0,-4,-31.96,,
107821,"DANO COOL COW FILLED MILK POWDER 22G (10X16)",33.49,SUPERMARKET,"FOOD CUPBOARD","MILK AND CREAMERS",10,0,-10,-334.9,,
107986,"AKAI CEILING FAN 36"" EF104A-3658WS",349,"ELECTRICAL APPLIANCES",FAN,"CEILING FAN",3,0,-3,-1047,,
118578,"DOMESTOS POWER 5 TOILET BLOCKS PINK MAGNOLIA 55G 9",29.99,SUPERMARKET,"HOME AND PERSONAL CARE",FRESHENERS,2,0,-2,-59.98,,
115945,"PRIVATE EXTRA THIN NIGHT PAD  7PCS  18",13.49,SUPERMARKET,"HOME AND PERSONAL CARE","FEMININE CARE",13,0,-13,-175.37,,
115154,"CHATEAUX SANGRIA FORTE 500ML 24",19.99,SUPERMARKET,"BEVERAGES ALCOHOLIC",WINES,23,0,-23,-459.77,,
117620,"STRAINER PLASTIC 12CM UR-3073",19.9,"HOUSEWARE & KITCHENWARE","KITCHEN TOOLS AND CULTARY","STRAINER AND FILTERS",3,0,-3,-59.7,,
117621,"STRAINER PLASTIC UR-3074",19.9,"HOUSEWARE & KITCHENWARE","KITCHEN TOOLS AND CULTARY","STRAINER AND FILTERS",4,0,-4,-79.6,,
117646,"SOAP CASE PLASTIC UR-3144",6.9,"HOUSEWARE & KITCHENWARE",BATHROOM,"SOAP DISH CASE DISPENSERS",14,0,-14,-96.6,,
117670,"TOILET BRUSH WSTAND PLASTIC UR-3266",22.9,"HOUSEWARE & KITCHENWARE","HOME HYGIENE","TOILET BRUSHES",2,0,-2,-45.8,,
117078,"VOLTPLUS MULTI ADAPTOR 13A W/USB SLOT VP-AD13AU",79,"ELECTRICAL APPLIANCES",ELECTRICALS,"ELE ACCESSORIES",10,0,-10,-790,,
118279,"FARAGELLO GOLD GRAPE NECTAR GLASS BOTTLE 1L  6",33.99,SUPERMARKET,BEVERAGES,JUICE,1,0,-1,-33.99,,
118304,"MYST NATURAL MINERAL WATER 750ML 15",2.99,SUPERMARKET,BEVERAGES,"MINERAL WATER",30,0,-30,-89.7,,
114561,"SPOON SET 10PCS PLASTIC BG-470",9.9,"HOUSEWARE & KITCHENWARE","CUTLERY ITEMS","SPOONS FORKS KNIFE AND CUTLERY SET",1,0,-1,-9.9,,
114593,"CONTAINER SET WLOCK 3X1200ML PLASTIC BG-617",19.9,"HOUSEWARE & KITCHENWARE","STORAGE AND ORGANIZER","STORAGE CONTAINERS",6,0,-6,-119.4,,
113150,"COLGATE TOOTHBRUSH ZIGZAG CHARCOAL( 6X12)  72",20.99,SUPERMARKET,"HOME AND PERSONAL CARE","ORAL CARE",1,0,-1,-20.99,,
113183,"MIKSI CHOCO  3 IN 1 SACHET 35G  120",4.19,SUPERMARKET,BEVERAGES,"DRINKING POWDERS",17,0,-17,-71.23,,
113209,"BROOM WHANDLE BLUE PINK PLASTIC BT167215/867",19.9,"HOUSEWARE & KITCHENWARE","HOME HYGIENE","BROOM BRUSHES DUSTPANS",2,0,-2,-39.8,,
113213,"BROOM WHANDLE GREEN FLAT PLASTIC 1652E",19.9,"HOUSEWARE & KITCHENWARE","HOME HYGIENE","BROOM BRUSHES DUSTPANS",2,0,-2,-39.8,,
108214,"LITORAL WHITE WINE 750ML 12",82.99,SUPERMARKET,"BEVERAGES ALCOHOLIC",WINES,3,0,-3,-248.97,,
108468,"FIZZY COLA DRINK 350ML 20",3.19,SUPERMARKET,BEVERAGES,DRINKS,32,0,-32,-102.08,,
113788,"PURE DELIGHT MILK CREAM WAFER 39G 72",3.19,SUPERMARKET,"FOOD CUPBOARD",BISCUITS,13,0,-13,-41.47,,
112265,"TEA SPOON 6PCS SET SSTEEL 2673 YWU",26.9,"HOUSEWARE & KITCHENWARE","CUTLERY ITEMS","SPOONS FORKS KNIFE AND CUTLERY SET",2,0,-2,-53.8,,
113959,"COLGATE TB OPTIC WHITE 360   72",28.99,SUPERMARKET,"HOME AND PERSONAL CARE","ORAL CARE",32,0,-32,-927.68,,
113976,"JAMAA SOAP CLASSIC SOAP LAMINATED 300G  24",9.99,SUPERMARKET,"HOME AND PERSONAL CARE","LAUNDRY CARE",4,0,-4,-39.96,,
110742,"SANITA  CLUB TRASH BAGS 50GALLONSX20   10",60.99,SUPERMARKET,"HOME AND PERSONAL CARE",DISPOSABLE,5,0,-5,-304.95,,
109569,"GIFT SET W/PLATE+BOWL+SPOON+FORK+TRAY P-510",12.9,"HOUSEWARE & KITCHENWARE",SERVEWARE,"SERVING SET",15,0,-15,-193.5,,
125253,"SHINE JUMBO TOILET ROLL (1PC WRAPPED) 12",28.99,SUPERMARKET,"HOME AND PERSONAL CARE",DISPOSABLE,2,0,-2,-57.98,,
125276,"AIRPRO MINI CLIP A/REFRSHNER VIOLET BLAST 2.5ML 6",20.49,SUPERMARKET,"HOME AND PERSONAL CARE",FRESHENERS,8,0,-8,-163.92,,
125283,"DZIRE TV BRACKET W/TILT 32""- 65"" TB3265T-P1103",149,"ELECTRONICS & TELECOM","VIDEO ACCESSORIES","TV BRACKET AND ACCESSORIES",10,0,-10,-1490,,
125284,"DZIRE TV BRACKET FULL MOTION 26""-50"" TB2650FU-43P",189,"ELECTRONICS & TELECOM","VIDEO ACCESSORIES","TV BRACKET AND ACCESSORIES",4,0,-4,-756,,
125285,"DZIRE DVD BRACKET 350X250MM TBDVDS-Q10",199,"ELECTRONICS & TELECOM","VIDEO ACCESSORIES","TV BRACKET AND ACCESSORIES",4,0,-4,-796,,
120808,"JAMAA DETERGENT 850G  10",24.99,SUPERMARKET,"HOME AND PERSONAL CARE","LAUNDRY CARE",-1,0,1,24.99,,
120178,"BASKET 619X510X188MM PLASTIC NO.5 1665",49.9,"HOUSEWARE & KITCHENWARE","STORAGE AND ORGANIZER",BASKET,6,0,-6,-299.4,,
121769,"ROSALINDA MACKEREL 425G  24",21.99,SUPERMARKET,"FOOD CUPBOARD","CANNED FOOD",2,0,-2,-43.98,,
129815,"ROPE NYLON 3MMX20M REDBLUEWHITE YWU",2.9,"HOUSEWARE & KITCHENWARE",LAUNDARY,"CLOTH LINE/ STRING",49,0,-49,-142.1,,
131340,"MEASURING SPOON WICE SCOOP 10PCS SET PLASTIC YWU",14.9,"HOUSEWARE & KITCHENWARE",BAKEWARE,"BAKING TOOLS AND ACCESSORIES",5,0,-5,-74.5,,
131397,"LISTERINE  COOL MINT MOUTHWASH 500ML  6",69.99,SUPERMARKET,"HOME AND PERSONAL CARE","ORAL CARE",5,0,-5,-349.95,,
133057,"NUTZY PEANUT BUTTETR HONEY 510G  12",49.99,SUPERMARKET,"FOOD CUPBOARD","SPREADS AND TOPPING",5,0,-5,-249.95,,
130131,"AWAKE MELCOM WATER 750ML 16",2.29,SUPERMARKET,BEVERAGES,"MINERAL WATER",6,0,-6,-13.74,,
129391,"PLATE FOOTBALL DESIGN DISPOSABLE 10PCS SET 18CM",6,"TOYS AND ENTERTAINMENT","PARTY SUPPLIES",DISPOSABLES,15,0,-15,-90,,
128564,"RC CAR 4CH MT535024",129,"TOYS AND ENTERTAINMENT","TOYS CARS TRAINS AND VEHICLES","BATTERY OPERATED REMOTE CONTROL",3,0,-3,-387,,
129578,"BOWL EMBOSSED AVIOS 7 DB107 RJK",12.9,"HOUSEWARE & KITCHENWARE",DINNERWARE,BOWLS,42,0,-42,-541.8,,
129603,"OPENER WOOD 8 SHAPE DESIGN YWU",4.9,"HOUSEWARE & KITCHENWARE","CUTLERY ITEMS",OPENERS,26,0,-26,-127.4,,
129611,"OPENER ANIMAL DESIGN YWU",4.9,"HOUSEWARE & KITCHENWARE","CUTLERY ITEMS",OPENERS,3,0,-3,-14.7,,
126230,"AIRPRO A/FRSHNER UFO MEMBRANE P.COLADA 6.5ML 24",29.99,SUPERMARKET,"HOME AND PERSONAL CARE",FRESHENERS,6,0,-6,-179.94,,
127739,"PAPER CUP DOLLIES MIX COLOUR 1000PCS 95CM YWU",9.9,"HOUSEWARE & KITCHENWARE",BAKEWARE,MOULDS,11,0,-11,-108.9,,
127070,"DZIRE DRY IRON 1000-1200W HEAVY DI-338",249,"ELECTRICAL APPLIANCES","LINEN CARE","DRY IRON",8,0,-8,-1992,,
138920,"GEISHA ALOE VERA  HONEY SOAP 250G 36",18.99,SUPERMARKET,"HOME AND PERSONAL CARE","PERSONAL WASH",39,0,-39,-740.61,,
141425,"SKIMMER PEARL 13  59048",9.9,"HOUSEWARE & KITCHENWARE","KITCHEN TOOLS AND CULTARY","COOKING TOOL LADLES AND SERVERS",36,0,-36,-356.4,,
141778,"JAGERMEISTER 100ML 48",83.99,SUPERMARKET,"BEVERAGES ALCOHOLIC",BITTERS,27,0,-27,-2267.73,,
138371,"DALGETY INSTANT GINSENG & GINGER (9G*10) 45",30.99,SUPERMARKET,BEVERAGES,TEA,35,0,-35,-1084.65,,
140567,"MEANNAN WHITE SUGAR 1KG  12",35.99,SUPERMARKET,"FOOD CUPBOARD","SALT  SUGAR AND JAGGERY",2,0,-2,-71.98,,
138594,"HAYHAY  BOXES CARAMEL ( 24 X 8 ) 30G 192",5.19,SUPERMARKET,"FOOD CUPBOARD",BISCUITS,7,0,-7,-36.33,,
138596,"HAYHAY 30G  X 24 X 8 BOXES COCONUT 192",5.19,SUPERMARKET,"FOOD CUPBOARD",BISCUITS,59,0,-59,-306.21,,
140591,"SAVERBOX STRAWBERRY PLASTIC L-00867",18.9,"HOUSEWARE & KITCHENWARE","STORAGE AND ORGANIZER","STORAGE CONTAINERS",-1,0,1,18.9,,
13865,"ALWAYS NORMALVALUE PACK ULTRA THIN LONG 16PADS  8",44.99,SUPERMARKET,"HOME AND PERSONAL CARE","FEMININE CARE",1,0,-1,-44.99,,
139776,"MUG 330ML CERAMIC SQUARE YWU",4.9,"HOUSEWARE & KITCHENWARE",DINNERWARE,MUGS,7,0,-7,-34.3,,
13594,"DOVE  ROLL-ON GO FRESH GRAPE FRUIT&L.GRASS 50ML  6",25.99,SUPERMARKET,"HOME AND PERSONAL CARE",FRAGRANCES,2,0,-2,-51.98,,
134774,"BASKET 3L 29X20X12CM PP500341",9.9,"HOUSEWARE & KITCHENWARE","STORAGE AND ORGANIZER",BASKET,1,0,-1,-9.9,,
134090,"SANITA EASY LOCK  STORAGE BAG MEDIUM 50X20",35.99,SUPERMARKET,"HOME AND PERSONAL CARE",DISPOSABLE,7,0,-7,-251.93,,
134091,"SANITA EASY LOCK  STORAGE BAG LARGE 20X25",22.99,SUPERMARKET,"HOME AND PERSONAL CARE",DISPOSABLE,19,0,-19,-436.81,,
134326,"FRESHDAYS LONG 18 X 12",20.99,SUPERMARKET,"HOME AND PERSONAL CARE","FEMININE CARE",13,0,-13,-272.87,,
135338,"MADAR ANTISEPTIC SOAP 150G 24",7.99,SUPERMARKET,"HOME AND PERSONAL CARE","HEALTH AND WELLNESS",24,0,-24,-191.76,,
135342,"MADAR GLASS CLEANER 750ML 12",21.99,SUPERMARKET,"HOME AND PERSONAL CARE","HOUSEHOLD CLEANERS",5,0,-5,-109.95,,
135409,"DINNER PLATE 105 WHITE 105DPGGK RJK",16.9,"HOUSEWARE & KITCHENWARE",DINNERWARE,PLATE,36,0,-36,-608.4,,
135887,"FABER CASTELL TEXTLINER GREEN HIGHLIGHTER 154863",6.99,STATIONERY,"GENERAL STATIONERY","   WRITING SUPPLIES",19,0,-19,-132.81,,
14811,"DEVA DISWASHING LIQUID LEMON 700ML 24 10404",25.99,SUPERMARKET,"HOME AND PERSONAL CARE","HOUSEHOLD CLEANERS",24,0,-24,-623.76,,
148386,"SHOPPING BASKET IRONWOOD HANDY F10015 RJK",79,"HOUSEWARE & KITCHENWARE","STORAGE AND ORGANIZER",BASKET,4,0,-4,-316,,
148442,"MUG 350ML CERAMIC GGK YWU",19.9,"HOUSEWARE & KITCHENWARE",DINNERWARE,MUGS,34,0,-34,-676.6,,
149454,"LAV TUMBLER 3PCS SET LVGAI365A",34.9,"HOUSEWARE & KITCHENWARE",GLASSWARE,"GLASS / TUMBLER /WINE / CHAMPAGNE",9,0,-9,-314.1,,
148547,"PERLA MINERAL WATER 750ML 16",1.79,SUPERMARKET,BEVERAGES,"MINERAL WATER",16,0,-16,-28.64,,
148557,"VASE MIX COLOR 20X13CM",35.9,"HOME DECOR & TEXTILES","HOME DECOR",DECORATIVE,6,0,-6,-215.4,,
149620,"DISH RACK XY-A1503-1",149,"HOUSEWARE & KITCHENWARE",KITCHENWARE,"DISH RACKS",1,0,-1,-149,,
148626,"HOOKS 4UNITS OVER THE DOOR SSTEEL YWU",24.9,"HOUSEWARE & KITCHENWARE",LAUNDARY,HOOKS,8,0,-8,-199.2,,
149836,"VOLTPLUS EXTENSION SOCKET 3W2M USB VP-EC3W2M1SUC",169,"ELECTRICAL APPLIANCES",ELECTRICALS,"EXTENSION CORD",8,0,-8,-1352,,
14722,"EASY MOUZOO MANGO JUICE GLASS BOTTLE 250ML 24",10.99,SUPERMARKET,BEVERAGES,JUICE,33,0,-33,-362.67,,
147406,"MCBERRY ALPHA 3 + 3 CRACKER 24G  72",1.29,SUPERMARKET,"FOOD CUPBOARD",BISCUITS,61,0,-61,-78.69,,
146176,"TRAY ICE CUBE COMBINE COLOUR 161019-560",16.9,"HOUSEWARE & KITCHENWARE","STORAGE AND ORGANIZER","ICE TRAYS",3,0,-3,-50.7,,
144404,"SAUCEPAN W/LID DEEP KADAI H.A 14 S/L 3MM 10088",49.9,"HOUSEWARE & KITCHENWARE",COOKWARE,WOKS,1,0,-1,-49.9,,
14654,"SABA DETERGENT POWDER 400 G   12",14.49,SUPERMARKET,"HOME AND PERSONAL CARE","LAUNDRY CARE",30,0,-30,-434.7,,
145413,"TABLE CLOTH CLIPS 4PCS SET SS 0003-4",2.9,"HOUSEWARE & KITCHENWARE",KITCHENWARE,"KITCHEN ACCESSORIES",9,0,-9,-26.1,,
154755,"WATER FUN ANIMAL SILICONE MKR186713",59,"TOYS AND ENTERTAINMENT","ROLE PLAY AND PRETEND TOYS","ANIMAL TOYS",16,0,-16,-944,,
156289,"ASEDA BROWN RICE 5KG  5",229.99,SUPERMARKET,"FOOD CUPBOARD","RAW RICE",3,0,-3,-689.97,,
156703,"LADLE SLOTTED SSTEEL YWU",29.9,"HOUSEWARE & KITCHENWARE","KITCHEN TOOLS AND CULTARY","COOKING TOOL LADLES AND SERVERS",1,0,-1,-29.9,,
156705,"LALDE SOUP SSTEEL YWU",29.9,"HOUSEWARE & KITCHENWARE","KITCHEN TOOLS AND CULTARY","COOKING TOOL LADLES AND SERVERS",6,0,-6,-179.4,,
156719,"WATER BOTTLE 1000ML PLASTIC SPORTS YWU",69,"HOUSEWARE & KITCHENWARE","FLASK AND BOTTLES",BOTTLE,2,0,-2,-138,,
157091,"AKAI HOME THEATRE SYSTEM 2.1CH HT026A-646",1699,"ELECTRONICS & TELECOM",AUDIO,"HOME THEATRE",1,0,-1,-1699,,
156277,"MOLINERA SUGARFREE MULTIFRUIT JUICE 1L  12",29.99,SUPERMARKET,BEVERAGES,JUICE,3,0,-3,-89.97,,
152683,"DINING SET 1+4 DARK GREY EMMA DTGJ-C240/DCGJ-834",2090,FURNITURE,"DINING SETS","4 SEATER SET",1,0,-1,-2090,,
150454,"CURTAIN W/8 GROMENT BEIGE 54X90"" BLK12",109,"HOME DECOR & TEXTILES",CURTAINS,"GROMMET CURTAINS",3,0,-3,-327,,
15322,"NUTRIBOM INFANT CEREAL PAPER BOX MAIZE 300G 16",27.99,SUPERMARKET,"FOOD CUPBOARD","BABY FOOD",12,0,-12,-335.88,,
150688,"AKAI STANDING FAN 18"" W/REMOTE EF111A-1803S",749,"ELECTRICAL APPLIANCES",FAN,"STANDING FAN",1,0,-1,-749,,
153256,"LAV STEMWARE 3PC LV-EMP541A",59,"HOUSEWARE & KITCHENWARE",GLASSWARE,"GLASS / TUMBLER /WINE / CHAMPAGNE",7,0,-7,-413,,
153259,"LAV TUMBLER 6PC LV-LBR308F",9.9,"HOUSEWARE & KITCHENWARE",GLASSWARE,"GLASS / TUMBLER /WINE / CHAMPAGNE",1,0,-1,-9.9,,
153260,"LAV TUMBLER 6PC LV-DIA15F",69,"HOUSEWARE & KITCHENWARE",GLASSWARE,"GLASS / TUMBLER /WINE / CHAMPAGNE",6,0,-6,-414,,
153263,"LAV STEMWARE 3PCS SET LVELL583A",49.9,"HOUSEWARE & KITCHENWARE",GLASSWARE,"GLASS / TUMBLER /WINE / CHAMPAGNE",4,0,-4,-199.6,,
151142,"LIGHT 240 50M 10PCS MULTI COLOUR",189,"HOME DECOR & TEXTILES","XMAS SEASONAL","xmas season",1,0,-1,-189,,
152269,"PERK CHOCO SHORTCAKE 38G 48",2.39,SUPERMARKET,"FOOD CUPBOARD",BISCUITS,43,0,-43,-102.77,,
164220,"COFRUTOS PINEAPPLE BOTTLE JUICE 1L  6",47.99,SUPERMARKET,BEVERAGES,JUICE,7,0,-7,-335.93,,
163163,"MCVITIES RICH TEA BISCUIT 25G  48",3.69,SUPERMARKET,"FOOD CUPBOARD",BISCUITS,45,0,-45,-166.05,,
164599,"TOWEL HOLDER METAL ORSA 902",29.9,"HOUSEWARE & KITCHENWARE",BATHROOM,"BATHROOM SHELF RACKS HOLDERS",9,0,-9,-269.1,,
164616,"BATHROOM RACK 2 TIER HANGING METAL ORSA 929",79,"HOUSEWARE & KITCHENWARE",BATHROOM,"BATHROOM SHELF RACKS HOLDERS",4,0,-4,-316,,
163452,"TERRY FACE TOWEL SET 4PC BEDNBATH TRY 3001",42.9,"HOME DECOR & TEXTILES","HOME FURNISHING","BATH LINEN",7,0,-7,-300.3,,
162721,"FUFU BOWL 8INCHES CERAMIC  EMBOSSED B60012-8",18.9,"HOUSEWARE & KITCHENWARE",DINNERWARE,BOWLS,27,0,-27,-510.3,,
163641,"KISS BLUE SPARKLING DRINK 750ML  6",42.99,SUPERMARKET,"BEVERAGES ALCOHOLIC",WINES,3,0,-3,-128.97,,
164847,"COOKWARE 5PCS SET DSP",999,"HOUSEWARE & KITCHENWARE",COOKWARE,"COOKWARE SET",2,0,-2,-1998,,
160055,"CANISTER SQUARE 15LT GLASS SSPD 143015500/000",34.9,"HOUSEWARE & KITCHENWARE",GLASSWARE,"CANISTERS AND JARS",1,0,-1,-34.9,,
159060,"TOILET BRUSH PP M1580 RJK",65,"HOUSEWARE & KITCHENWARE","HOME HYGIENE","TOILET BRUSHES",9,0,-9,-585,,
160122,"PARLE SIMPLY GOOD CEREAL BISCUITS 25G  72",1.09,SUPERMARKET,"FOOD CUPBOARD",BISCUITS,38,0,-38,-41.42,,
158432,"DZIRE INDUSTRIAL WALL FAN 26"" IFW26-DCFW65",1689,"ELECTRICAL APPLIANCES",FAN,"INDUSTRIAL FAN",3,0,-3,-5067,,
158514,"FESTIVAL FROM CUVEE 0% STRAWBERRY WINE DRINK 750ML",51.99,SUPERMARKET,"BEVERAGES ALCOHOLIC",WINES,6,0,-6,-311.94,,
161588,"DZIRE CEILING FAN 24"" WHITE CF 24 W-HOB",349,"ELECTRICAL APPLIANCES",FAN,"CEILING FAN",3,0,-3,-1047,,
159710,"MUNCHEE MILK SHORT CAKE BISCUITS 45G  48",3.29,SUPERMARKET,"FOOD CUPBOARD",BISCUITS,4,0,-4,-13.16,,
159742,"MUNCHEE MSC STRAWBERRY MILK BISCUIT 65G  48",4.19,SUPERMARKET,"FOOD CUPBOARD",BISCUITS,37,0,-37,-155.03,,
159744,"MUNCHEE MSC STRAWBERRY MILK BISCUITS 35G  72",1.99,SUPERMARKET,"FOOD CUPBOARD",BISCUITS,13,0,-13,-25.87,,
159767,"MUNCHEE MILK CRUNCH BISCUITS 47G  48",2.59,SUPERMARKET,"FOOD CUPBOARD",BISCUITS,25,0,-25,-64.75,,
159769,"MUNCHEE MILK CRUNCH BISCUITS 26G  72",1.49,SUPERMARKET,"FOOD CUPBOARD",BISCUITS,44,0,-44,-65.56,,
160889,"SERVING BOWL MELAMINE 9 INCHES FEILU 15869",9.9,"HOUSEWARE & KITCHENWARE","MELAMINE WARE","MEL BOWL/BOWL+COVER",-1,0,1,9.9,,
161978,"SALT&PEPPER SHAKER SET 245ML GLASS C-00153",14.9,"HOUSEWARE & KITCHENWARE",KITCHENWARE,"SALT AND PEPPER/CRUETS",2,0,-2,-29.8,,
162015,"DOOR MAT COIR PVC 15MM ASSORTED 45X75CM",85,"HOME DECOR & TEXTILES","FLOOR MATS","DOOR MAT",7,0,-7,-595,,
168878,"KITCHEN TOOL SET 3PCS CPCB06 RJK",44.9,"HOUSEWARE & KITCHENWARE","KITCHEN TOOLS AND CULTARY","COOKING TOOL SET",22,0,-22,-987.8,,
168968,"TCL AC SPLIT 1.5HP INVERTER TAC-12CSA/XA73I",6199,"ELECTRICAL APPLIANCES","AIR CONDITIONING","SPLIT AC",1,0,-1,-6199,,
168989,"PLATINUM THAI JASMINE RICE 5KG 5",149.99,SUPERMARKET,"FOOD CUPBOARD","RAW RICE",22,0,-22,-3299.78,,
169162,"DERRBY SHAVING STICK BANYO PK5  14",18.99,SUPERMARKET,"HOME AND PERSONAL CARE","MENS GROOMING",12,0,-12,-227.88,,
172968,"ARIEL HIGH STUD SPRING 1KG  12",74.99,SUPERMARKET,"HOME AND PERSONAL CARE","LAUNDRY CARE",4,0,-4,-299.96,,
172969,"ARIEL HIGH STUD DOWNY 1KG  12",79.99,SUPERMARKET,"HOME AND PERSONAL CARE","LAUNDRY CARE",4,0,-4,-319.96,,
169976,"LIDO ZONE BLEACH 1L  12",14.99,SUPERMARKET,"HOME AND PERSONAL CARE","HOUSEHOLD CLEANERS",11,0,-11,-164.89,,
171351,"BELPAK FACIAL TISSUE BOX  36",10.99,SUPERMARKET,"HOME AND PERSONAL CARE",DISPOSABLE,31,0,-31,-340.69,,
170028,"AKAI FUFU MAKER 6L SS MG004A-6LS",759,"ELECTRICAL APPLIANCES","HAND BLENDER/MIXER/CHOPPER",CHOPPER,6,0,-6,-4554,,
170088,"CLASSIC JAR 500ML 80816",9.9,"HOUSEWARE & KITCHENWARE","STORAGE AND ORGANIZER","STORAGE CONTAINERS",17,0,-17,-168.3,,
166262,"LAV STEMWARE 6PCS SET LVNEV576F",89,"HOUSEWARE & KITCHENWARE",GLASSWARE,"GLASS / TUMBLER /WINE / CHAMPAGNE",4,0,-4,-356,,
166265,"LAV TUMBLER 3PCS SET LV-EMP368A",39.9,"HOUSEWARE & KITCHENWARE",GLASSWARE,"GLASS / TUMBLER /WINE / CHAMPAGNE",11,0,-11,-438.9,,
167238,"COWBELL MILK POWDER PREMIUM SACHET  23G 210",4.99,SUPERMARKET,"FOOD CUPBOARD","MILK AND CREAMERS",68,0,-68,-339.32,,
167240,"AKAI BLENDER W/MILL 1.5L 350W BD072A-M374",329,"ELECTRICAL APPLIANCES","FOOD PROCESSOR/BLENDER",BLENDERS,3,0,-3,-987,,
168194,"PEPSODENT TP CHARCOAL LEMON 90G  72",14.99,SUPERMARKET,"HOME AND PERSONAL CARE","ORAL CARE",116,0,-116,-1738.84,,
167399,"MUG 320ML CERAMIC SOLID WHITE WBC11 RJK",9.9,"HOUSEWARE & KITCHENWARE",DINNERWARE,MUGS,33,0,-33,-326.7,,
167400,"BOWL 6INCHES CERAMIC EMBOSSED WHITE EBCM6 RJK",19.9,"HOUSEWARE & KITCHENWARE",DINNERWARE,BOWLS,45,0,-45,-895.5,,
167404,"DINNER PLATE PORCELAIN 1025 PDP1025 RJK",9.9,"HOUSEWARE & KITCHENWARE",DINNERWARE,PLATE,10,0,-10,-99,,
167458,"XMAS TREE 1.2M 350T",219,"HOME DECOR & TEXTILES","XMAS SEASONAL","xmas season",3,0,-3,-657,,
167506,"XMAS TREE 1.8M 900T",529,"HOME DECOR & TEXTILES","XMAS SEASONAL","xmas season",3,0,-3,-1587,,
167515,"XMAS TREE 1.8M 810T",999,"HOME DECOR & TEXTILES","XMAS SEASONAL","xmas season",3,0,-3,-2997,,
167658,"MUG 350 ML CERAMIC DESINGER YWU",4.9,"HOUSEWARE & KITCHENWARE",DINNERWARE,MUGS,17,0,-17,-83.3,,
167727,"PEGS 20PCS SET PLASTIC YWU",16.89948,"HOUSEWARE & KITCHENWARE",LAUNDARY,"CLOTH PEGS / CLIP",14,0,-14,-236.59272,,
168697,"CAMRY PERSONAL SCALE LED DISPLAY ABS EB701013 RJK",199,"HOUSEWARE & KITCHENWARE","WEIGHING SCALE","BATHROOM SCALE",2,0,-2,-398,,
167762,"COOKWARE 6PCS SET 2MM STEEL HROLAND HR1316 RJK",499,"HOUSEWARE & KITCHENWARE",COOKWARE,"COOKWARE SET",6,0,-6,-2994,,
167852,"BROOM PLASTIC WWOODEN HANDLE B104 RJK",12.9,"HOUSEWARE & KITCHENWARE","HOME HYGIENE","BROOM BRUSHES DUSTPANS",35,0,-35,-451.5,,
179579,"DIY HAIRBALL PICTURE CRAFT 30X30CM W/STAND ASST DE",33.9,STATIONERY,"SCHOOL AND CHILDREN STATIONERY","ART AND HOBBY SETS",10,0,-10,-339,,
179600,"CLAMP BINDER 19MM 12PCS/BOX YW",5.9,STATIONERY,"OFFICE STATIONERY","OFFICE BASIC AND STATIONERY",12,0,-12,-70.8,,
178039,"BOWL EMBOSSED 7 SW007EB RJK",14.9,"HOUSEWARE & KITCHENWARE",DINNERWARE,BOWLS,20,0,-20,-298,,
179024,"TOYS KITCHENWARE SET  3+YEARS 108D-3 OPP YW",34.9,"TOYS AND ENTERTAINMENT","ROLE PLAY AND PRETEND TOYS","KITCHEN / HOME APPLIANCE AND FOOD SETS ",8,0,-8,-279.2,,
179036,"KIDS TOY TOOL SET PLAYSET 3+YRS OPP YW",29.9,"TOYS AND ENTERTAINMENT","ROLE PLAY AND PRETEND TOYS","KIDS- TOOL SETS",1,0,-1,-29.9,,
178094,"CUP AND SAUCER SET 12PCS CERAMIC EMBOSSED YWU",135,"HOUSEWARE & KITCHENWARE",DINNERWARE,CUP,8,0,-8,-1080,,
178131,"PAPER DOILIES 20PCS 125 YWU",9.9,"HOUSEWARE & KITCHENWARE",BAKEWARE,"BAKING TOOLS AND ACCESSORIES",11,0,-11,-108.9,,
179129,"BALL INFLATION 22CM 10PC",22.9,"TOYS AND ENTERTAINMENT","SPORTS AND GAMES",BALLS,9,0,-9,-206.1,,
179212,"LAN YARD CARD W/CLIP AND CORD OPP YW",2.9,STATIONERY,"OFFICE STATIONERY","OFFICE BASIC AND STATIONERY",7,0,-7,-20.3,,
17838,"SURE MEN APA ACTIVE DRY SPRAY 250ML 6",44.99,SUPERMARKET,"HOME AND PERSONAL CARE",FRAGRANCES,12,0,-12,-539.88,,
179253,"ENVELOPE A3 50PCS 32.4X40.05CM BROWN YW",99,STATIONERY,"PACKAGING AND MAILING","   ENVELOPES",10,0,-10,-990,,
177900,"TOREN WAFERS BUBBLE GUM CREAM  55G  144",6.29,SUPERMARKET,"FOOD CUPBOARD",BISCUITS,12,0,-12,-75.48,,
179513,"CUTLERY SET 39PCS WG241108 RJK",199,"HOUSEWARE & KITCHENWARE","CUTLERY ITEMS","CUTLERY SET",5,0,-5,-995,,
177949,"CHARACTER BUILDING SERIES 24PAGES 22X28CM",19.99,STATIONERY,"CHILDREN BOOKS AND GEN REF","BOOKS AND LEARNINGS",18,0,-18,-359.82,,
174944,"MCBERRY CHOCOLATE CEREAL BISCUITS 30G  72",1.39,SUPERMARKET,"FOOD CUPBOARD",BISCUITS,22,0,-22,-30.58,,
174949,"KITCHEN LILEN SET 3PCS MYQ9-262",59,"HOME DECOR & TEXTILES","DISH CLOTHS AND NAPKINS","APRON AND GLOVES",14,0,-14,-826,,
176031,"BROOM WSTICK COBRA GBB23",29.9,"HOUSEWARE & KITCHENWARE","HOME HYGIENE","BROOM BRUSHES DUSTPANS",13,0,-13,-388.7,,
175030,"PRACTICE BOOK CAP/SMA LETTER WRITING EB1193/EB1194",12.99,STATIONERY,"CHILDREN BOOKS AND GEN REF","BOOKS AND LEARNINGS",3,0,-3,-38.97,,
175047,"FOUR SPECIAL AMOR RED MOSCATO WINE 750ML 6",62.99,SUPERMARKET,"BEVERAGES ALCOHOLIC",WINES,12,0,-12,-755.88,,
175348,"AKAI AIR FRYER 8L 1700W DIGITAL SS AF011A-8001D",999,"ELECTRICAL APPLIANCES",FRYERS,"AIR/HALOGEN FRYER",1,0,-1,-999,,
184613,"SOUP PLATE 7INCH CERAMIC STKLT SK12 RJK",9.9,"HOUSEWARE & KITCHENWARE",DINNERWARE,PLATE,79,0,-79,-782.1,,
183278,"TUMBLER 6PCS SET 560ML PINOT BW 18020 RJK",69,"HOUSEWARE & KITCHENWARE",GLASSWARE,"GLASS / TUMBLER /WINE / CHAMPAGNE",5,0,-5,-345,,
183303,"MEASURING JUG 250ML PLASTIC BG-670",9.9,"HOUSEWARE & KITCHENWARE",BAKEWARE,"BAKING TOOLS AND ACCESSORIES",15,0,-15,-148.5,,
18384,"BABY BOY POWDER MS 180G   4",12.99,SUPERMARKET,"HOME AND PERSONAL CARE","INFANT AND BABY CARE",3,0,-3,-38.97,,
183350,"CLOTHES DRYING RACK SDK119035321",429,"HOUSEWARE & KITCHENWARE",LAUNDARY,"CLOTH DRYER",6,0,-6,-2574,,
184069,"COMFORT BLUE ULTRA  FABRIC CONDITIONER 20ML 30",21.49,SUPERMARKET,"HOME AND PERSONAL CARE","LAUNDRY CARE",25,0,-25,-537.25,,
183436,"TUMBLER GLASS EMBOSSED 400ML 3PCS SET 3GS02 RJK",34.9,"HOUSEWARE & KITCHENWARE",GLASSWARE,"GLASS / TUMBLER /WINE / CHAMPAGNE",9,0,-9,-314.1,,
183439,"TUMBLER GLASS 454ML 3PCS SET 3GS05 RJK",29.9,"HOUSEWARE & KITCHENWARE",GLASSWARE,"GLASS / TUMBLER /WINE / CHAMPAGNE",14,0,-14,-418.6,,
183456,"HARMONY PILLOW 50X70+3.5CM 3DF 850GM",129,"HOME DECOR & TEXTILES",CUSHIONS,"ASSORTED CUSHIONS",1,0,-1,-129,,
183606,"CERAMIC COUPE DINNER PLATE 95 FLW95INCH RJK",19.9,"HOUSEWARE & KITCHENWARE",DINNERWARE,PLATE,10,0,-10,-199,,
184388,"CLOTHES HANGER 5PCS SET 41CM PLASTIC XZ3166 YWU",29.9,"HOUSEWARE & KITCHENWARE",LAUNDARY,"CLOTH HANGERS",26,0,-26,-777.4,,
182984,"HANGER 42CM RP6442S10 RJK",29.9,"HOUSEWARE & KITCHENWARE",LAUNDARY,"CLOTH HANGERS",1,0,-1,-29.9,,
184462,"CONTAINER 3PCS SET RND PTD 1153L PLASTIC HL7003TCP",24.9,"HOUSEWARE & KITCHENWARE","STORAGE AND ORGANIZER","STORAGE CONTAINERS",3,0,-3,-74.7,,
182384,"BBQ PORTABLE & FOLDABLE CG1",159,"HOUSEWARE & KITCHENWARE",KITCHENWARE,"BBQ AND ACCESSORIES",7,0,-7,-1113,,
180723,"AKAI AC SPLIT 1.5HP R410A AC064A-12KBTU",3999,"ELECTRICAL APPLIANCES","AIR CONDITIONING","SPLIT AC",1,0,-1,-3999,,
181988,"OBA SUNFLOWER OIL 3L X 6",149.99,SUPERMARKET,"FOOD CUPBOARD","EDIBLE OILS AND GHEE",6,0,-6,-899.94,,
180215,"PRINCE PERFUME FOR HIM 50ML  6",12.99,SUPERMARKET,"HOME AND PERSONAL CARE",FRAGRANCES,35,0,-35,-454.65,,
180227,"PRINCESS HAND SOAP ANTIBACTERIAL ROSE 500ML  4",22.99,SUPERMARKET,"HOME AND PERSONAL CARE","PERSONAL WASH",18,0,-18,-413.82,,
180235,"STYLE UP SHOWER GEL REFRESH 1050ML  20",42.99,SUPERMARKET,"HOME AND PERSONAL CARE","PERSONAL WASH",14,0,-14,-601.86,,
180240,"SOLDIER (MENTHOLATED) BAR SOAP 125G  36",12.99,SUPERMARKET,"HOME AND PERSONAL CARE","PERSONAL WASH",25,0,-25,-324.75,,
182126,"PLATINUM SUNFLOWER OIL 4.3L 3",179.99,SUPERMARKET,"FOOD CUPBOARD","EDIBLE OILS AND GHEE",3,0,-3,-539.97,,
18767,"VITAMILK BANANA 300ML  24",16.99,SUPERMARKET,BEVERAGES,DRINKS,1,0,-1,-16.99,,
188989,"PLATINUM BEEF PATE 400G X 20",27.99,SUPERMARKET,"FOOD CUPBOARD","CANNED FOOD",14,0,-14,-391.86,,
190051,"BEER GLASS 500ML 2PCS SET  YWU",24.9,"HOUSEWARE & KITCHENWARE",GLASSWARE,"BEER MUGS AND BEER GLASS",17,0,-17,-423.3,,
190055,"GLASS JAR 7PCS SET GOLD 1500ML230ML YWU",99,"HOUSEWARE & KITCHENWARE",GLASSWARE,"CANISTERS AND JARS",11,0,-11,-1089,,
190163,"TCL QLED TV 50"" SMART 2K 50S5K",5199,"ELECTRONICS & TELECOM","LED TV",OLED/QLED,1,0,-1,-5199,,
186696,"RAINBOW CONTAINER 5PCS SET RECT PLASTIC RJK 2018-5",34.9,"HOUSEWARE & KITCHENWARE","STORAGE AND ORGANIZER","STORAGE CONTAINERS",12,0,-12,-418.8,,
184785,"WHISKEY GLASS 6PCS SET 340ML DSKB103-2A/2B",75,"HOUSEWARE & KITCHENWARE",GLASSWARE,"GLASS / TUMBLER /WINE / CHAMPAGNE",8,0,-8,-600,,
186110,"LACTASOY PLAIN SOYMILK 200ML 24",9.99,SUPERMARKET,"FOOD CUPBOARD","MILK AND CREAMERS",20,0,-20,-199.8,,
186191,"DZIRE POWER BLENDER W/MILL 2L 550W PCJAR BLC-HB001",689,"ELECTRICAL APPLIANCES","COMMERCIAL APPLIANCES","COMMERCIAL BLENDER",2,0,-2,-1378,,
185788,"MCVITIES BUTTER SHORTBREAD BITES 25G  48",7.59,SUPERMARKET,"FOOD CUPBOARD",BISCUITS,-1,0,1,7.59,,
186668,"LUNCH BOX W/YOGURT CUP PLASTIC RJK YH449",139,"HOUSEWARE & KITCHENWARE","STORAGE AND ORGANIZER","LUNCH BOXES TIFFINS AND FOOD FLASK",5,0,-5,-695,,
194699,"SERVIND BOWL W/LID 1000ML GLASS RB-058",29.9,"HOUSEWARE & KITCHENWARE",GLASSWARE,"CASSEROLES AND BOWLS WITH LID",21,0,-21,-627.9,,
194173,"COLGATE TB DOUBLE ACTION  HERBAL (1 PK 10X12) 120",9.49,SUPERMARKET,"HOME AND PERSONAL CARE","ORAL CARE",79,0,-79,-749.71,,
191409,"KIVO 4 IN 1 GARI SOAKING MIX STRAWBERRY 120G  40",4.99,SUPERMARKET,"FOOD CUPBOARD",FLOURS,29,0,-29,-144.71,,
191975,"DINNER SPOON 42G1155 ZHN",24.9,"HOUSEWARE & KITCHENWARE","CUTLERY ITEMS","SPOONS FORKS KNIFE AND CUTLERY SET",20,0,-20,-498,,
193477,"DOOR MAT RUBBER PP 16MM ASTD 50X80CM",65,"HOME DECOR & TEXTILES","FLOOR MATS","DOOR MAT",1,0,-1,-65,,
193038,"PEELER 6PCS SET ZHN HD-126",22.9,"HOUSEWARE & KITCHENWARE","KNIFE AND CHOPPING BOARD","VEG AND FRUIT PEELERS",36,0,-36,-824.4,,
193042,"PEELER 6PCS SET ZHN KB1688",12.9,"HOUSEWARE & KITCHENWARE","KNIFE AND CHOPPING BOARD","VEG AND FRUIT PEELERS",60,0,-60,-774,,
190720,"BOTTLE OPENER METAL PLASTIC BOTTLE SHAPE YWU",9.9,"HOUSEWARE & KITCHENWARE","CUTLERY ITEMS",OPENERS,12,0,-12,-118.8,,
190722,"SCISSORS 3PCS SET YWU",14.9,"HOUSEWARE & KITCHENWARE","KNIFE AND CHOPPING BOARD",SCISSORS,8,0,-8,-119.2,,
190929,"JAMAA DETERGENT POWDER 4.5KG 3",129.99,SUPERMARKET,"HOME AND PERSONAL CARE","LAUNDRY CARE",1,0,-1,-129.99,,
191056,"KOYO NON-DIARY CREAMER 200G  26",13.49,SUPERMARKET,"FOOD CUPBOARD","MILK AND CREAMERS",10,0,-10,-134.9,,
191896,"KENWOOD RICE COOKER 1.8L WHITE 700W RCM18",599,"ELECTRICAL APPLIANCES","RICE/ MULTI COOKER","POT TYPE RICE COOKER",5,0,-5,-2995,,
191928,"DINNER SPOON 52G0355 ZHN",24.9,"HOUSEWARE & KITCHENWARE","CUTLERY ITEMS","SPOONS FORKS KNIFE AND CUTLERY SET",43,0,-43,-1070.7,,
198454,"LELE MAYONNAISE 250G  12",25.99,SUPERMARKET,"FOOD CUPBOARD","SPREADS AND TOPPING",8,0,-8,-207.92,,
197524,"LUX BAR SOAP ROMANTIC HIBISCUS 170G 48",22.99,SUPERMARKET,"HOME AND PERSONAL CARE","PERSONAL WASH",48,0,-48,-1103.52,,
197525,"LUX BAR SOAP  MAGICAL ORCHID 170G 48",22.99,SUPERMARKET,"HOME AND PERSONAL CARE","PERSONAL WASH",48,0,-48,-1103.52,,
196674,"CERES APPLE 500ML 10",23.99,SUPERMARKET,BEVERAGES,JUICE,21,0,-21,-503.79,,
197973,"MCBERRY SIMA COOKIES BISCUITS 18G  72",1.09,SUPERMARKET,"FOOD CUPBOARD",BISCUITS,63,0,-63,-68.67,,
197976,"MCBERRY BUTTER FINGERS BISCUITS 26G  72",1.09,SUPERMARKET,"FOOD CUPBOARD",BISCUITS,69,0,-69,-75.21,,
197089,"MCBERRY WHEAT PUFFS CEREAL WITH HONEY 19G 100",2.19,SUPERMARKET,"FOOD CUPBOARD",BISCUITS,67,0,-67,-146.73,,
197090,"MCBERRY CHOCO FLAKES BISCUITS 19G  100",1.99,SUPERMARKET,"FOOD CUPBOARD",BISCUITS,58,0,-58,-115.42,,
19815,"ENERGIZER BATTERY ALKALINE AA MAX-MINI 1X20 BP2",37.9,"ELECTRICAL APPLIANCES",BATTERIES,BATTERY,30,0,-30,-1137,,
204902,"IDEAL ORIGINAL EVAPORATED MILK 165G 24",11.79,SUPERMARKET,"FOOD CUPBOARD","MILK AND CREAMERS",110,0,-110,-1296.9,,
202842,"DINNER SET 16PCS CERAMIC BLACK T12091",149,"HOUSEWARE & KITCHENWARE",DINNERWARE,DINNER-SETS,1,0,-1,-149,,
202512,"MONTY MOON CHIPS CHOCO 25G  50",2.99,SUPERMARKET,"FOOD CUPBOARD",SAVOURIES,47,0,-47,-140.53,,
48859,"SAMSUNG FRIDGE DD 203L RT26HAR2DSA/RT20HAR/FAREDSA",8229,"ELECTRICAL APPLIANCES",REFRIGERATOR,"DD TMF REFRIGERATOR",2,0,-2,-16458,,
65363,"TAMPICO CITRUS PUNCH DRINK 500ML 12",7.99,SUPERMARKET,BEVERAGES,JUICE,1,0,-1,-7.99,,
61041,"12  MATTRESS 54X75 INCH ORTHOPEDIC PILLOWTOP(DM)",5490,FURNITURE,MATTRESS,"Double Size",1,0,-1,-5490,,
61043,"12  MATTRESS 190X210CM ORTHOPEDIC PILLOWTOP(KS)",7090,FURNITURE,MATTRESS,"King Size",1,0,-1,-7090,,
61058,"PAPILION  2 ROLLS TOWEL  100SHEETS   12",28.99,SUPERMARKET,"HOME AND PERSONAL CARE",DISPOSABLE,4,0,-4,-115.96,,
61188,"WC NET DESCALER GEL 750ML  12",53.99,SUPERMARKET,"HOME AND PERSONAL CARE","HOUSEHOLD CLEANERS",2,0,-2,-107.98,,
66683,"EVP COLORED DISPO. 2LAYER CUPS 500CC(50PX20)  20",46.99,SUPERMARKET,"HOME AND PERSONAL CARE",DISPOSABLE,22,0,-22,-1033.78,,
49002,"4PCS KNIFE SET 2937K RJK",2.9,"HOUSEWARE & KITCHENWARE","KNIFE AND CHOPPING BOARD","KNIFE SETS",3,0,-3,-8.7,,
54999,"CAREX HANDWASH ALOE VERA 250ML  12",24.99,SUPERMARKET,"HOME AND PERSONAL CARE","PERSONAL WASH",18,0,-18,-449.82,,
43019,"SHINE CRYSTAL SPOONS (50PCS)  40",8.99,SUPERMARKET,"HOME AND PERSONAL CARE",DISPOSABLE,42,0,-42,-377.58,,
49251,"DEVA DISHWASHING LIQUID SOAP LEMON 2.5L  6",73.99,SUPERMARKET,"HOME AND PERSONAL CARE","HOUSEHOLD CLEANERS",3,0,-3,-221.97,,
62416,"SAMSUNG WASHING MACHINE TT 6KG WT60H2500HP/NQ",4549,"ELECTRICAL APPLIANCES","WASHING MACHINE","TWIN TUB WM",1,0,-1,-4549,,
43843,"STYLE UP HAIR GEL 80ML  6",26.99,SUPERMARKET,"HOME AND PERSONAL CARE","HAIR CARE",10,0,-10,-269.9,,
49726,"FA ROLL-ON PINK PASSION 50ML  24",23.99,SUPERMARKET,"HOME AND PERSONAL CARE",FRAGRANCES,4,0,-4,-95.96,,
63513,"MEDISOFT DEODORANT PREMIUM SOAP WHITE 175G  48",18.99,SUPERMARKET,"HOME AND PERSONAL CARE","PERSONAL WASH",19,0,-19,-360.81,,
63666,"JULIET BEAUTY SOAP ROS SCENTS 225G  36",12.99,SUPERMARKET,"HOME AND PERSONAL CARE","PERSONAL WASH",34,0,-34,-441.66,,
50144,"YUMVITA INFANT CEREAL MAIZE & WHEAT 50G 80",6.29,SUPERMARKET,BEVERAGES,"DRINKING POWDERS",52,0,-52,-327.08,,
50388,"CLE FABRIC SOFTENER 1000ML  10",25.49,SUPERMARKET,"HOME AND PERSONAL CARE","LAUNDRY CARE",5,0,-5,-127.45,,
51422,"CLUB SHANDY BOSOE 330ML 24",12.49,SUPERMARKET,"BEVERAGES ALCOHOLIC","BOTTLE BEER",1,0,-1,-12.49,,
57745,"COKE PET 1L 6",14.99,SUPERMARKET,BEVERAGES,DRINKS,52,0,-52,-779.48,,
58187,"COLGATE TOOTHPASTE HERBAL 70ML  72",11.99,SUPERMARKET,"HOME AND PERSONAL CARE","ORAL CARE",30,0,-30,-359.7,,
58188,"COLGATE TOOTHBRUSH KIDS VALUE (EXTRA SOFT)    72",11.99,SUPERMARKET,"HOME AND PERSONAL CARE","ORAL CARE",34,0,-34,-407.66,,
64711,"SUNRISE CREEK RED DRY WINE  11% VOL  750ML",74.99,SUPERMARKET,"BEVERAGES ALCOHOLIC",WINES,25,0,-25,-1874.75,,
59680,"ROYAL DIGESTIVE BISCUIT 24G 72",1.69,SUPERMARKET,"FOOD CUPBOARD",BISCUITS,9,0,-9,-15.21,,
30615,"COLGATE LIQUID CALCIUM TOOTHPASTE 140 G  72",19.99,SUPERMARKET,"HOME AND PERSONAL CARE","ORAL CARE",22,0,-22,-439.78,,
23627,"CONDOR PEAK ROSE WINE 750ML  12",79.99,SUPERMARKET,"BEVERAGES ALCOHOLIC",WINES,24,0,-24,-1919.76,,
30669,"HARPIC GEL ACTIVE FRESH LAVENDER 725ML   12",38.99,SUPERMARKET,"HOME AND PERSONAL CARE","HOUSEHOLD CLEANERS",2,0,-2,-77.98,,
30921,"LELE SARDINE IN SOYA OIL (OMG 3) 125G  50",16.49,SUPERMARKET,"FOOD CUPBOARD","CANNED FOOD",22,0,-22,-362.78,,
37465,"CUSSONS BABY LOTION MILD & GENTLE  200ML 24",20.49,SUPERMARKET,"HOME AND PERSONAL CARE","INFANT AND BABY CARE",9,0,-9,-184.41,,
37640,"DEVA SURFACE CLEANER LEMON 1L   12",30.99,SUPERMARKET,"HOME AND PERSONAL CARE","HOUSEHOLD CLEANERS",5,0,-5,-154.95,,
37883,"GEURTS CHERRY JAM 450G 12",46.99,SUPERMARKET,"FOOD CUPBOARD","SPREADS AND TOPPING",11,0,-11,-516.89,,
38044,"PARIDOX ALATA SAMINA B&S GEL LEMON 450ML 20",41.99,SUPERMARKET,"HOME AND PERSONAL CARE","PERSONAL WASH",22,0,-22,-923.78,,
32104,"EVERPACK CLING FILM 100SQ FT  24",23.99,SUPERMARKET,"HOME AND PERSONAL CARE",DISPOSABLE,5,0,-5,-119.95,,
39377,"GEURTS ORANGE MARMALADE JAM 450G 12",46.99,SUPERMARKET,"FOOD CUPBOARD","SPREADS AND TOPPING",13,0,-13,-610.87,,
39829,"CAMEL STANDARD LIQUID 1L  12",108.99,SUPERMARKET,"HOME AND PERSONAL CARE","HEALTH AND WELLNESS",1,0,-1,-108.99,,
27769,"WC NET BLEACH GEL OCEAN FRESH  750ML 12",53.99,SUPERMARKET,"HOME AND PERSONAL CARE","HOUSEHOLD CLEANERS",15,0,-15,-809.85,,
40322,"JUVER DISFRUTA NECTA FRUTAS TROPICAL JUICE 1L  12",31.99,SUPERMARKET,BEVERAGES,JUICE,12,0,-12,-383.88,,
34900,"GILLETTE 2 POUCH 3-S 2BLADES  40",18.99,SUPERMARKET,"HOME AND PERSONAL CARE","MENS GROOMING",48,0,-48,-911.52,,
21722,"SAIRO HAND SOAP SEL MARINE 500ML  12",28.99,SUPERMARKET,"HOME AND PERSONAL CARE","PERSONAL WASH",14,0,-14,-405.86,,
35550,"RAMBO BEEF PATE 400G  20",26.99,SUPERMARKET,"FOOD CUPBOARD","CANNED FOOD",7,0,-7,-188.93,,
40609,"NOVA LEMON DISHWASHING LIQUID 5L  4",115.99,SUPERMARKET,"HOME AND PERSONAL CARE","HOUSEHOLD CLEANERS",3,0,-3,-347.97,,
22008,"AKAI GAS STOVE 2B GC010A-8202",369,"GAS COOKER & ACCESSORIES","GAS COOKER","TABLE TOP GAS STOVE",2,0,-2,-738,,
86330,"CUP W COVER 450ML PLASTIC YWU",14.9,"HOUSEWARE & KITCHENWARE","FLASK AND BOTTLES","CUPS AND TUMBLERS",8,0,-8,-119.2,,
86370,"BASIN 21 LITRES PLASTIC SSPD YWU",29.9,"HOUSEWARE & KITCHENWARE",LAUNDARY,"BUCKETS AND BASINS",21,0,-21,-627.9,,
91311,"GALAXY BROWN SUGAR CUBE BOTTLE 700G 12",35.99,SUPERMARKET,"FOOD CUPBOARD","SALT  SUGAR AND JAGGERY",13,0,-13,-467.87,,
91317,"FORTUNE DELICIOUS ALL PURPOSE MARGARINE 250G   60",10.49,SUPERMARKET,"FOOD CUPBOARD","SPREADS AND TOPPING",43,0,-43,-451.07,,
88960,"SERVING BOWL MELAMINE 9 INCHES ZHN C0969",12.9,"HOUSEWARE & KITCHENWARE","MELAMINE WARE","MEL BOWL/BOWL+COVER",22,0,-22,-283.8,,
91551,"COLGATE MOUTH WASH PLAX PEPPERMINT 500ML 12",82.99,SUPERMARKET,"HOME AND PERSONAL CARE","ORAL CARE",17,0,-17,-1410.83,,
89270,"TRAY 38X24CM BLACK PLASTIC JB08 YWU",16.9,"HOUSEWARE & KITCHENWARE",SERVEWARE,"SERVING TRAYS",22,0,-22,-371.8,,
83786,"BEKO WASHING MACHINE FL 7KG SILVER BAW 385",8749,"ELECTRICAL APPLIANCES","WASHING MACHINE","FRONT LOAD WM",1,0,-1,-8749,,
86515,"CORNELLY CORN SNACKS 50G  72",1.09,SUPERMARKET,"FOOD CUPBOARD",SNACKS,1,0,-1,-1.09,,
89587,"AKAI LED LIGHT RECHARGEABLESMD  LS005RA-600/LS025A",269,"ELECTRICAL APPLIANCES",LIGHTING/LAMPS,"TORCH/ LANTERN",6,0,-6,-1614,,
84633,"COAT STAND METAL YWU",119,"HOUSEWARE & KITCHENWARE",LAUNDARY,"CLOTH DRYER",3,0,-3,-357,,
92276,"AIRPORT CHAIR 3SEATER 180X66X79CM B503",1490,FURNITURE,"OFFICE  STUDY AND COMPUTER TABLES AND BOOKCASE","CHAIRS OFFICE AND STUDY",1,0,-1,-1490,,
87231,"BANANA MICROWAVE OVEN 20L BLACK BMW7201M",879,"ELECTRICAL APPLIANCES",MICROWAVE,"SOLO MICROWAVE",2,0,-2,-1758,,
89988,"PICCADILLY GEM WORKERS PACK ( 1X4 ) 1KG  4",70.99,SUPERMARKET,"FOOD CUPBOARD",BISCUITS,1,0,-1,-70.99,,
92398,"PLASTIC BUCKET 1700 REC-B-54 SSPD",9.9,"HOUSEWARE & KITCHENWARE",LAUNDARY,"BUCKETS AND BASINS",2,0,-2,-19.8,,
87296,"BINATONE BLENDER 1.5L 500W BLG 620/621",909,"ELECTRICAL APPLIANCES","FOOD PROCESSOR/BLENDER",BLENDERS,2,0,-2,-1818,,
87300,"BINATONE BLENDER 1.5L WSTIR STICK 350W BLK BLG 403",659,"ELECTRICAL APPLIANCES","FOOD PROCESSOR/BLENDER",BLENDERS,5,0,-5,-3295,,
90168,"COOKING TOOLS 6PCS SET NYLON JH17 YWU",16.9,"HOUSEWARE & KITCHENWARE","KITCHEN TOOLS AND CULTARY","COOKING TOOL SET",7,0,-7,-118.3,,
92415,"WATER BOTTLE 400ML PLASTIC YWU",14.9,"HOUSEWARE & KITCHENWARE","FLASK AND BOTTLES",BOTTLE,11,0,-11,-163.9,,
87638,"LORD 11 TWIN DISPOSABLE RAZORS (5RAZORS)  40",7.99,SUPERMARKET,"HOME AND PERSONAL CARE","MENS GROOMING",17,0,-17,-135.83,,
85651,"EASY MOUZOO APPLE JUICE GLASS BOTTLE 1L  6",32.99,SUPERMARKET,BEVERAGES,JUICE,2,0,-2,-65.98,,
92931,"FUFU BOWL 9INCH CERAMIC WHITE H88004 YWU",24.9,"HOUSEWARE & KITCHENWARE",DINNERWARE,BOWLS,27,0,-27,-672.3,,
87939,"ENA PA LIGHT MEAT TUNA IN SOYA OIL CHUNK 160G  24",20.99,SUPERMARKET,"FOOD CUPBOARD","CANNED FOOD",9,0,-9,-188.91,,
87968,"ENA PA NON-DAIRY CREAMER 225G  50",13.99,SUPERMARKET,"FOOD CUPBOARD","MILK AND CREAMERS",39,0,-39,-545.61,,
90526,"JOHNNIE WALKER BLACK LABEL 200ML 24",144.99,SUPERMARKET,"BEVERAGES ALCOHOLIC",WHISKEY,8,0,-8,-1159.92,,
90603,"CURTAIN ROD SINGLE 120 TO 210 11032-210AB",119,"HOME DECOR & TEXTILES","CURTAIN RODS","CURTAIN RODS",1,0,-1,-119,,
85917,"YAZZ SANITARY PAD EXTRA LONG (9PADS)   24",17.99,SUPERMARKET,"HOME AND PERSONAL CARE","FEMININE CARE",19,0,-19,-341.81,,
93655,"MINIMIE ATSOMO SNACK  50G   60",3.99,SUPERMARKET,"FOOD CUPBOARD",SAVOURIES,1,0,-1,-3.99,,
79158,"COLGATE MOUTHWASH PLAX ICY SOFT MINT 250ML  24",51.99,SUPERMARKET,"HOME AND PERSONAL CARE","ORAL CARE",13,0,-13,-675.87,,
70477,"BINATONE STANDING FAN 20"" TS2020/TS2020MK2",1489,"ELECTRICAL APPLIANCES",FAN,"STANDING FAN",1,0,-1,-1489,,
70581,"VISTALINE SKETCH PAD 20PAGES",13.99,STATIONERY,"SCHOOL AND CHILDREN STATIONERY","ART AND HOBBY SETS",4,0,-4,-55.96,,
70623,"GINO PEPPER & ONION TOMATO SEASONING MIX 60G  50",3.29,SUPERMARKET,"FOOD CUPBOARD",CONDIMENTS,14,0,-14,-46.06,,
83614,"GOLDCOAST NATURAL COCOA POWDER UNSWEETENED 400G 12",64.99,SUPERMARKET,BEVERAGES,"DRINKING POWDERS",11,0,-11,-714.89,,
70753,"OKF STANDARD ALOE  ORIGINAL DRINK  1.5L  12",46.99,SUPERMARKET,BEVERAGES,JUICE,8,0,-8,-375.92,,
71232,"COOL BREEZE MEMBRANE AIR FRESHNER CRANBERRY 8ML 12",22.49,SUPERMARKET,"HOME AND PERSONAL CARE",FRESHENERS,15,0,-15,-337.35,,
67037,"TOM MILK NATURAL SF DAIRY DESSERT 125G 4PCS X 6PKS",48.99,SUPERMARKET,"FRESH DAIRY AND EGGS",Yoghurt,2,0,-2,-97.98,,
71449,"DINNER PLATE MELAMINE 8 INCHES ZHN B27018",44.9,"HOUSEWARE & KITCHENWARE","MELAMINE WARE","MEL PLATE",2,0,-2,-89.8,,
71822,"COOL BREEZE HANGING AIRFRESH. FROST FRUIT 11ML 24",19.49,SUPERMARKET,"HOME AND PERSONAL CARE",FRESHENERS,15,0,-15,-292.35,,
71823,"COOL BREEZE HANGING AIR FRESHNER CRANBERRY 11ML 24",18.99,SUPERMARKET,"HOME AND PERSONAL CARE",FRESHENERS,16,0,-16,-303.84,,
68217,"JULIET BEAUTY SOAP ALOE VERA 225G 36",12.99,SUPERMARKET,"HOME AND PERSONAL CARE","PERSONAL WASH",32,0,-32,-415.68,,
81545,"SABA MULTIPURPOSE SOAP 100G  60",3.99,SUPERMARKET,"HOME AND PERSONAL CARE","LAUNDRY CARE",25,0,-25,-99.75,,
72672,"DEVA SOFTENER LAVENDER  4L  4",135.99,SUPERMARKET,"HOME AND PERSONAL CARE","LAUNDRY CARE",2,0,-2,-271.98,,
72673,"DEVA SOFTENER  SENSITIVE  4L  4",135.99,SUPERMARKET,"HOME AND PERSONAL CARE","LAUNDRY CARE",2,0,-2,-271.98,,
72679,"NOVA PUREZONE BLUE 2LTS  8",49.99,SUPERMARKET,"HOME AND PERSONAL CARE","HOUSEHOLD CLEANERS",4,0,-4,-199.96,,
72785,"HEAVEN INSECTICIDE  SPRAY 400ML 24",50.99,SUPERMARKET,"HOME AND PERSONAL CARE","INSECTICIDES AND RODENT CONTROL",10,0,-10,-509.9,,
74184,"DON SIMON RED GRAPE CAN DRINK 330ML 24",22.49,SUPERMARKET,BEVERAGES,DRINKS,6,0,-6,-134.94,,
X615,"PRINGLES ORIGINAL 40G 12",19.99,SUPERMARKET,"FOOD CUPBOARD",SNACKS,1,0,-1,-19.99,,
X724,"MCVITIES SHORTBREAD 200G 24",47.99,SUPERMARKET,"FOOD CUPBOARD",BISCUITS,11,0,-11,-527.89,,
X833,"DOVE AP ROLL-ON ORIGINAL 48HRS  50ML 6",25.99,SUPERMARKET,"HOME AND PERSONAL CARE",FRAGRANCES,12,0,-12,-311.88,,
S973,"CAMEL ANTISEPTIC SOAP ALOE VERA 175G 36",15.49,SUPERMARKET,"HOME AND PERSONAL CARE","PERSONAL WASH",18,0,-18,-278.82,,
H0073,"L-ARTISAN BANANA COOKIES 80GM",11.99,SUPERMARKET,BAKERY,"BANANA COOKIES",9,0,-9,-107.91,,
X584,"CAN COKE  REGULAR 330ML 24",8.79,SUPERMARKET,BEVERAGES,DRINKS,6,0,-6,-52.74,,
99282,"JAMESON IRISH WHISKY 750ML 12",439.99,SUPERMARKET,"BEVERAGES ALCOHOLIC",WHISKEY,1,0,-1,-439.99,,
99646,"PRINCESS ROLL ON JASMINE 50ML  48",9.99,SUPERMARKET,"HOME AND PERSONAL CARE",FRAGRANCES,31,0,-31,-309.69,,
99647,"PRINCESS ROLL ON LILAC 50ML  6",9.99,SUPERMARKET,"HOME AND PERSONAL CARE",FRAGRANCES,32,0,-32,-319.68,,
99694,"DUSTBIN SMALL  WHIRLPOOL PLASTIC YWU",29.9,"HOUSEWARE & KITCHENWARE","HOME HYGIENE",DUSTBINS,5,0,-5,-149.5,,
94236,"MADAR DETERGENT BAR BLUE 195G  36",8.29,SUPERMARKET,"HOME AND PERSONAL CARE","LAUNDRY CARE",33,0,-33,-273.57,,
94243,"MADAR DETERGENT POWDER 400G  12",16.99,SUPERMARKET,"HOME AND PERSONAL CARE","LAUNDRY CARE",13,0,-13,-220.87,,
96249,"GOLFERS SHOT BARREL AGED WHISKY GLASS MC 750ML 6",169.99,SUPERMARKET,"BEVERAGES ALCOHOLIC",WHISKEY,7,0,-7,-1189.93,,
94667,"FEKKO SPRAY STRACH 550ML  12",54.99,SUPERMARKET,"HOME AND PERSONAL CARE","LAUNDRY CARE",17,0,-17,-934.83,,
A803,"MANDINGO BITTERS 700ML 12",59.49,SUPERMARKET,"BEVERAGES ALCOHOLIC",BITTERS,5,0,-5,-297.45,,
96521,"MADAR ZONE BLEACH 500ML  12",12.99,SUPERMARKET,"HOME AND PERSONAL CARE","HOUSEHOLD CLEANERS",6,0,-6,-77.94,,
CL137,"BOWL NTROWA 15LTR 44CMX15CM",19.9,"HOUSEWARE & KITCHENWARE",SERVEWARE,"SERVING BOWL",8,0,-8,-159.2,,
CL235,"F/BALL BASIN 24L 12 SSPD",34.9,"HOUSEWARE & KITCHENWARE",LAUNDARY,"BUCKETS AND BASINS",15,0,-15,-523.5,,
CL362,"BUCKET WITH LID AND TAP 25LTR 38CMX39CM",69,"HOUSEWARE & KITCHENWARE",LAUNDARY,"BUCKETS AND BASINS",8,0,-8,-552,,
94946,"PEPSODENT TOOTHBRUSH JUNIOR 7-13YRS 1X60PC",8.99,SUPERMARKET,"HOME AND PERSONAL CARE","ORAL CARE",59,0,-59,-530.41,,
96815,"NO 8 CHOCOLATE SNACK 30G  72",.69,SUPERMARKET,"FOOD CUPBOARD",SNACKS,30,0,-30,-20.7,,
CL423,"PICNIC TOTE BOX 12 LTR -6",49.9,"HOUSEWARE & KITCHENWARE","STORAGE AND ORGANIZER","STORAGE CONTAINERS",5,0,-5,-249.5,,
95108,"FRUTAIL APPLE JUICE 1L  12",34.99,SUPERMARKET,BEVERAGES,JUICE,5,0,-5,-174.95,,
98528,"PLATINUM SUNFLOWER OIL (TU.) 5L  4",239.99,SUPERMARKET,"FOOD CUPBOARD","EDIBLE OILS AND GHEE",4,0,-4,-959.96,,
CL601,"BASIN 6LTR 31CMX12CM",9.9,"HOUSEWARE & KITCHENWARE",LAUNDARY,"BUCKETS AND BASINS",15,0,-15,-148.5,,
CL604,"FOOD COVER 25CMX14CM",11.9,"HOUSEWARE & KITCHENWARE",KITCHENWARE,"KITCHEN ACCESSORIES",12,0,-12,-142.8,,
CL622,"FRIDGE BOTTLE 650ML ROUND 7CMX18CM",8.9,"HOUSEWARE & KITCHENWARE","FLASK AND BOTTLES",BOTTLE,11,0,-11,-97.9,,
CL627,"QUEEN OF CASSEROLE 2PCS SET PLASTIC 1800ML2500ML",59,"HOUSEWARE & KITCHENWARE",SERVEWARE,CASSEROLES,4,0,-4,-236,,
97064,"BEER GLASS 6PCS SET YWU",49.9,"HOUSEWARE & KITCHENWARE",GLASSWARE,"BEER MUGS AND BEER GLASS",1,0,-1,-49.9,,
CL672,"BASKET WITH HANDLES FIESTA 50CMX38CMX22CM",38.9,"HOUSEWARE & KITCHENWARE","STORAGE AND ORGANIZER",BASKET,14,0,-14,-544.6,,
CL673,"JUMBO BOX WFLIP LID TRANSPARENT 18LTR 43X29X21CM",59,"HOUSEWARE & KITCHENWARE","STORAGE AND ORGANIZER","STORAGE CONTAINERS",4,0,-4,-236,,
CL714,"SPICE CONTAINER 600ML 12.6CMX12.6CMX8CM",4.9,"HOUSEWARE & KITCHENWARE","STORAGE AND ORGANIZER","STORAGE CONTAINERS",3,0,-3,-14.7,,
CL715,"SPICE CONTAINER 750ML 12.6CMX12.6CMX10.2CM",5.5,"HOUSEWARE & KITCHENWARE","STORAGE AND ORGANIZER","STORAGE CONTAINERS",13,0,-13,-71.5,,
95409,"SPRITE ZERO PET 300ML 12",6.49,SUPERMARKET,BEVERAGES,DRINKS,9,0,-9,-58.41,,
CL720,"BOWL WITH LID 24CMX10CM",9.9,"HOUSEWARE & KITCHENWARE",SERVEWARE,"SERVING BOWL",3,0,-3,-29.7,,
CL741,"OHEMA CASSEROLE 500ML 19CMX15CMX13CM",12.9,"HOUSEWARE & KITCHENWARE",SERVEWARE,CASSEROLES,5,0,-5,-64.5,,
98800,"IDEAL ORIGINAL EVAPORATED MILK 29G  10 X 18",32.99,SUPERMARKET,"FOOD CUPBOARD","DRINKING POWDER",5,0,-5,-164.95,,
CL761,"CRISPER CONTAINER RND 6000ML 23CMX20CM",20.9,"HOUSEWARE & KITCHENWARE","STORAGE AND ORGANIZER","STORAGE CONTAINERS",17,0,-17,-355.3,,
CL767,"CONTAINER 2PCS SET SQUARE 1300 2900 L",19.9,"HOUSEWARE & KITCHENWARE","STORAGE AND ORGANIZER","STORAGE CONTAINERS",9,0,-9,-179.1,,
97352,"SAIKIRPA NAPHTHALENE BALLS WHITE 300G  60",23.99,SUPERMARKET,"HOME AND PERSONAL CARE","INSECTICIDES AND RODENT CONTROL",1,0,-1,-23.99,,
D312,"COKE PET 1.5L 6",23.99,SUPERMARKET,BEVERAGES,DRINKS,32,0,-32,-767.68,,
97636,"FARAGELLO GOLD GUAVA NECTAR JUICE TETRA PACK 1L 12",29.99,SUPERMARKET,BEVERAGES,JUICE,11,0,-11,-329.89,,
97653,"SUNLIGHT GREEN DISH WASH BTL 750ML  15",45.99,SUPERMARKET,"HOME AND PERSONAL CARE","HOUSEHOLD CLEANERS",13,0,-13,-597.87,,
